instance_file=/mnt/c/Users/porin/OneDrive/Documentos/Python-Mestrado/Modelagem Matemática/Programação Inteira - Uchoa/Problema VRPRDL/instancias_turco/VRPRDL-triangle/vrp_convertidos/instance_35-triangle.vrp
instance_name=instance_35-triangle
start_time=2026-04-20 01:09:35

  Activating project at `~/VRPSolver/VRPSolverDemos`
Application parameters:
  batch  =>  nothing
  instance  =>  "/mnt/c/Users/porin/OneDrive/Documentos/Python-Mestrado/Modelagem Matemática/Programação Inteira - Uchoa/Problema VRPRDL/instancias_turco/VRPRDL-triangle/vrp_convertidos/instance_35-triangle.vrp"
  noround  =>  false
  cfg  =>  "/home/poringman/VRPSolver/VRPSolverDemos/src/../config/CVRP.cfg"
  edge_cuts  =>  false
  out  =>  nothing
  ub  =>  1.0e7
  cluster_branching  =>  1.0
  sol  =>  nothing
  single_resource  =>  false
  strong_kpath_cuts  =>  false
  tikz  =>  nothing
  maxr  =>  999
  update  =>  false
  show_complete_form  =>  false
  nosolve  =>  false
  minr  =>  1
  low_edge_priority  =>  false
~~~~~~~~~~~~~~~~~~~~~~~~~~~~~~~~~~~~~~~~~~~~~~~~~~~~~~~~~~~~~~~~~~~~~~~~~~~~~~~~~~~~~
GIT VERSION RCSP: 
GIT BRANCH: 
~~~~~~~~~~~~~~~~~~~~~~~~~~~~~~~~~~~~~~~~~~~~~~~~~~~~~~~~~~~~~~~~~~~~~~~~~~~~~~~~~~~~~
VRPSolver v0.6.16, 10/11/2025, © Inria Bordeaux, France, vrpsolver.math.u-bordeaux.fr
      Corresponds to the solver by Pessoa, Sadykov, Uchoa and Vanderbeck (2020)
                 Paper: dx.doi.org/10.1007/s10107-020-01523-z
~~~~~~~~~~~~~~~~~~~~~~~~~~~~~~~~~~~~~~~~~~~~~~~~~~~~~~~~~~~~~~~~~~~~~~~~~~~~~~~~~~~~~
GIT VERSION BAPCOD: a7cb21f19424236c9d0da5dcf94961797a519470
GIT BRANCH: main
~~~~~~~~~~~~~~~~~~~~~~~~~~~~~~~~~~~~~~~~~~~~~~~~~~~~~~~~~~~~~~~~~~~~~~~~~~~~~~~~~~~~~
   BaPCod v0.84, 10/11/2025, © Inria Bordeaux, France, bapcod.math.u-bordeaux.fr 
           THIS CODE IS PROVIDED AS IS, USE IT AT YOUR OWN RISK
~~~~~~~~~~~~~~~~~~~~~~~~~~~~~~~~~~~~~~~~~~~~~~~~~~~~~~~~~~~~~~~~~~~~~~~~~~~~~~~~~~~~~
--- MAIN PARAMETERS ---
GlobalTimeLimitInTick = 2147483645
GlobalTimeLimit = 21474836
ClockType = 0
MaxNbOfBBtreeNodeTreated = 100000
optimalityGapTolerance = 1e-06
relOptimalityGapTolerance = 1e-09
ApplyPreprocessing = false
PreprocessVariablesLocalBounds = false
treeSearchStrategy = 1
OpenNodesLimit = 1000
DEFAULTPRINTLEVEL = 0
--- MIP SOLVER PARAMETERS ---
solverName = CPLEX_SOLVER
MipSolverMaxBBNodes = 2000000
MipSolverMaxTime = 360000
MipSolverMultiThread = 1
--- COLUMN GENERATION PARAMETERS ---
SolverSelectForMast = a
  colGenSubProbSolMode = customSolver
mastInitMode = localArtCol
ArtVarPenaltyUpdateFactor = 2
ArtVarMaxNbOfPenaltyUpdates = 5
MaxNbOfStagesInColGenProcedure = 3
GenerateProperColumns = false
InsertAllGeneratedColumnsInFormRatherThanInPool = true
InsertNewNonNegColumnsDirectlyInFormRatherThanInPool = true
ColumnCleanupThreshold = 10000
ColumnCleanupRatio = 0.66
ReducedCostFixingThreshold = 0.9
--- CUT GENERATION PARAMETERS ---
MasterCuttingPlanesDepthLimit = 1000
MaxNbOfCutGeneratedAtEachIter = 1000
CutTailingOffThreshold = 0.015
CutTailingOffCounterThreshold = 3
CutCleanupThreshold = 1
CutCleanupRatio = 0.66
ColGenSpRelaxationImprovementPriority = 0
--- STABILIZATION PARAMETERS ---
colGenDualPriceSmoothingAlphaFactor = 1
colGenDualPriceSmoothingBetaFactor = 0
colGenStabilizationFunctionType = none
colGenProximalStabilizationRule = undefined
StabilFuncKappa = 1
colGenStabilizationMaxTreeDepth = 10000
StabilizationMinPhaseOfStage = 0
--- PRIMAL HEURISTIC PARAMETERS ---
UseInitialPrimalHeur = false
MaxTimeForRestrictedMasterIpHeur = -1
CallFrequencyOfRestrictedMasterIpHeur = 5
MIPemphasisInRestrictedMasterIpHeur = 1
PolishingAfterTimeInRestrictedMasterIpHeur = -1
DivingHeurUseDepthLimit = -1
CallFrequencyOfDivingHeur = 1
LeastFractional
Closest2RoundUp
LeastGreedyCost
LeastCost
FixIntValBeforeRoundingHeur = true
MaxNbOfCgIteDuringRh = 5000
MaxLDSbreadth = 0
MaxLDSdepth = 0
DivingHeurStopsWithFirstFeasSol = false
DivingHeurPreprocessBeforeChoosingVar = false
StrongDivingCandidatesNumber = 1
EvalAlgParamsInDiving = max#cand. = 1 max#cg.iters = 10000 min.lvl.sp.restr. = 1 min#cut.rounds = 0 max#cut.rounds = 0 red.cost.fix&enum. = false tree.size.ratio = 1
LocalSearchHeurUseDepthLimit = -1
LeastFractional
Closest2RoundUp
LeastGreedyCost
LeastCost
MaxFactorOfColFixedByLocalSearchHeur = 0.8
MaxLocalSearchIterationCounter = 3
--- STRONG BRANCHING PARAMETERS ---
SimplifiedStrongBranchingParameterisation = true
StrongBranchingPhaseOneCandidatesNumber = 100
StrongBranchingPhaseOneTreeSizeEstimRatio = 0.2
StrongBranchingPhaseTwoCandidatesNumber = 3
StrongBranchingPhaseTwoTreeSizeEstimRatio = 0.02
SafeDualBoundScaleFactor = -1
StrongBranchingPhaseOne = max#cand. = 100 max#cg.iters = 0 min.lvl.sp.restr. = 0 min#cut.rounds = 0 max#cut.rounds = 0 red.cost.fix&enum. = false tree.size.ratio = 0.2
StrongBranchingPhaseTwo = max#cand. = 3 max#cg.iters = 10000 min.lvl.sp.restr. = 1 min#cut.rounds = 0 max#cut.rounds = 0 red.cost.fix&enum. = false tree.size.ratio = 0.02
StrongBranchingPhaseThree = max#cand. = 1 max#cg.iters = 10000 min.lvl.sp.restr. = 0 min#cut.rounds = 0 max#cut.rounds = 10000 red.cost.fix&enum. = true tree.size.ratio = 1
StrongBranchingPhaseFour =not active
--- DEBUG OUTPUT PARAMETERS ---
printMasterPrimalSols = 0
--- VRPSOLVER PARAMETERS ---
RCSPstopCutGenTimeThresholdInPricing = 10
RCSPhardTimeThresholdInPricing = 25
RCSPredCostFixingTimeThreshold = 100
RCSPnumberOfBucketsPerVertex = 25
RCSPdynamicBucketSteps = 1
RCSPuseBidirectionalSearch = 2
RCSPapplyReducedCostFixing = 1
RCSPmaxNumOfColsPerIteration = 30
RCSPmaxNumOfColsPerExactIteration = 150
RCSPmaxNumOfLabelsInEnumeration = 500000
RCSPmaxNumOfLabelsInHeurEnumeration = 0
RCSPmaxNumOfEnumeratedSolutions = 5000000
RCSPmaxNumOfEnumSolutionsForMIP = 10000
RCSPmaxNumOfEnumSolsForEndOfNodeMIP = 10000
RCSPinitNGneighbourhoodSize = 8
RCSPmaxNGneighbourhoodSize = 8
RCSPrankOneCutsMaxNumRows = 5
RCSPrankOneCutsMaxNumPerRound = 100
RCSPrankOneCutsMemoryType = 0
RCSPrankOneCutsLSnumIterations = 1000
RCSPallowRoutesWithSameVerticesSet = true
RCSPredCostFixingFalseGap = 0
SafeDualBoundScaleFactor = -1
RCSPmaxNumOfLabelsInHeurEnumeration = 0
MaxNumEnumSolsInRestrictedMasterIpHeur = 5000

prName & bcTimeMain \\ 
New model incumbent solution 1e+07, TIME = 0h0m0s42t = 42
RCSP solver info : size of non-robust cut bitmask in a label is 640 bits
Bucket steps were recalculated for graph G_0 : [30]
RCSP solver info : symmetric case is detected for graph G_0! 
Bidirectional border value is initialised to 375
RCSP solver info : number of forw. reachable buckets / buck. strongly connected components is 3112( 98.1084% ) / 1337( 42.9627% )
RCSP solver info: std. label size is 56, ext. label size is 136
Generating neighbourhoods for rank-1 cuts separation
Building structures for 4- and 5-row rank-1 packing cut separation...done!
Model is built TIME = 0h0m0s48t = 48
************************************************************************************************
**** BaB tree root node
**** Local DB = -1e+12, global bounds : [ -1e+12 , 1e+07 ], TIME = 0h0m0s48t = 48
**** 1 open nodes, 0 columns (0 active), 0 dyn. constrs. (0 active), 242 art. vars. (242 active)
************************************************************************************************
--------------------------------------------------------------------------
BaPCod info : first we run the root node with rank-1 cuts with node memory
--------------------------------------------------------------------------
#<DWph=2> <it=  1> <et=0.49> <Mt= 0.00> <Spt= 0.01> <nCl= 30> <al=0.00> <DB=-138239160480.0000> <Mlp=2976000000.0000> <PB=10000000> 
#<DWph=2> <it=  2> <et=0.50> <Mt= 0.00> <Spt= 0.01> <nCl= 30> <al=0.55> <DB=-109183414278.9681> <Mlp=2876727880.2727> <PB=10000000> 
#<DWph=2> <it=  3> <et=0.52> <Mt= 0.00> <Spt= 0.01> <nCl= 30> <al=0.45> <DB=-70272860872.5654> <Mlp=2876727880.2727> <PB=10000000> 
#<DWph=2> <it=  4> <et=0.53> <Mt= 0.00> <Spt= 0.01> <nCl= 30> <al=0.51> <DB=-76078503978.0336> <Mlp=2755849596.7323> <PB=10000000> 
#<DWph=2> <it=  5> <et=0.54> <Mt= 0.00> <Spt= 0.02> <nCl= 30> <al=0.55> <DB=-73201295689.5256> <Mlp=2740685355.8555> <PB=10000000> 
#<DWph=2> <it=  6> <et=0.55> <Mt= 0.00> <Spt= 0.01> <nCl= 30> <al=0.60> <DB=-70953499116.3718> <Mlp=2612728752.4242> <PB=10000000> 
#<DWph=2> <it=  7> <et=0.56> <Mt= 0.00> <Spt= 0.01> <nCl= 30> <al=0.64> <DB=-67240564305.5901> <Mlp=2555983862.8524> <PB=10000000> 
#<DWph=2> <it=  8> <et=0.57> <Mt= 0.00> <Spt= 0.00> <nCl= 30> <al=0.54> <DB=-66565076996.8278> <Mlp=2503118216.5943> <PB=10000000> 
#<DWph=2> <it=  9> <et=0.58> <Mt= 0.00> <Spt= 0.01> <nCl= 30> <al=0.59> <DB=-66576267027.1087> <Mlp=2432832871.7371> <PB=10000000> 
#<DWph=2> <it= 10> <et=0.58> <Mt= 0.00> <Spt= 0.01> <nCl= 30> <al=0.63> <DB=-58581243174.3637> <Mlp=2405416719.1566> <PB=10000000> 
#<DWph=2> <it= 11> <et=0.59> <Mt= 0.00> <Spt= 0.01> <nCl= 30> <al=0.66> <DB=-53152372131.7314> <Mlp=2366726466.1401> <PB=10000000> 
#<DWph=2> <it= 12> <et=0.60> <Mt= 0.00> <Spt= 0.00> <nCl= 30> <al=0.56> <DB=-57843678479.0126> <Mlp=2348231450.6796> <PB=10000000> 
#<DWph=2> <it= 13> <et=0.61> <Mt= 0.00> <Spt= 0.02> <nCl= 30> <al=0.61> <DB=-50718500917.0620> <Mlp=2299837136.7330> <PB=10000000> 
#<DWph=2> <it= 14> <et=0.62> <Mt= 0.00> <Spt= 0.01> <nCl= 30> <al=0.65> <DB=-50674095281.3061> <Mlp=2254574767.1349> <PB=10000000> 
#<DWph=2> <it= 15> <et=0.63> <Mt= 0.00> <Spt= 0.01> <nCl= 30> <al=0.68> <DB=-49634369608.2887> <Mlp=2175264846.6171> <PB=10000000> 
#<DWph=2> <it= 16> <et=0.65> <Mt= 0.00> <Spt= 0.01> <nCl= 30> <al=0.71> <DB=-47477320913.4327> <Mlp=2109085895.9025> <PB=10000000> 
#<DWph=2> <it= 17> <et=0.66> <Mt= 0.00> <Spt= 0.01> <nCl= 30> <al=0.74> <DB=-43543536619.8302> <Mlp=2030969960.1234> <PB=10000000> 
#<DWph=2> <it= 18> <et=0.67> <Mt= 0.00> <Spt= 0.01> <nCl= 30> <al=0.77> <DB=-46294439898.8300> <Mlp=2017906004.8467> <PB=10000000> 
#<DWph=2> <it= 19> <et=0.68> <Mt= 0.00> <Spt= 0.01> <nCl= 30> <al=0.67> <DB=-39432585060.7022> <Mlp=1966185049.2143> <PB=10000000> 
#<DWph=2> <it= 20> <et=0.69> <Mt= 0.00> <Spt= 0.01> <nCl= 30> <al=0.70> <DB=-44669115617.5053> <Mlp=1961572947.5035> <PB=10000000> 
#<DWph=2> <it= 21> <et=0.70> <Mt= 0.00> <Spt= 0.01> <nCl= 30> <al=0.73> <DB=-44161143052.0541> <Mlp=1770031608.7500> <PB=10000000> 
#<DWph=2> <it= 22> <et=0.71> <Mt= 0.01> <Spt= 0.01> <nCl= 30> <al=0.76> <DB=-44187014338.2577> <Mlp=1588836151.8342> <PB=10000000> 
#<DWph=2> <it= 23> <et=0.72> <Mt= 0.00> <Spt= 0.01> <nCl= 30> <al=0.78> <DB=-43436084505.0585> <Mlp=1557527489.4703> <PB=10000000> 
#<DWph=2> <it= 24> <et=0.73> <Mt= 0.00> <Spt= 0.01> <nCl= 30> <al=0.80> <DB=-44184388858.3585> <Mlp=1478697121.1961> <PB=10000000> 
#<DWph=2> <it= 25> <et=0.75> <Mt= 0.00> <Spt= 0.01> <nCl= 30> <al=0.82> <DB=-44418013713.2896> <Mlp=1458225013.3139> <PB=10000000> 
#<DWph=2> <it= 26> <et=0.76> <Mt= 0.00> <Spt= 0.01> <nCl= 30> <al=0.72> <DB=-41887166819.4657> <Mlp=1428591309.0448> <PB=10000000> 
#<DWph=2> <it= 27> <et=0.77> <Mt= 0.00> <Spt= 0.01> <nCl= 30> <al=0.75> <DB=-40611474245.4362> <Mlp=1372289698.2522> <PB=10000000> 
#<DWph=2> <it= 28> <et=0.78> <Mt= 0.00> <Spt= 0.01> <nCl= 30> <al=0.78> <DB=-40919138876.8194> <Mlp=1268774121.7215> <PB=10000000> 
#<DWph=2> <it= 29> <et=0.79> <Mt= 0.01> <Spt= 0.01> <nCl= 30> <al=0.80> <DB=-41444984714.2421> <Mlp=1259791471.1841> <PB=10000000> 
#<DWph=2> <it= 30> <et=0.81> <Mt= 0.00> <Spt= 0.01> <nCl= 30> <al=0.70> <DB=-38235086506.3472> <Mlp=1225268905.3962> <PB=10000000> 
#<DWph=2> <it= 31> <et=0.82> <Mt= 0.00> <Spt= 0.01> <nCl= 30> <al=0.60> <DB=-35921986761.7652> <Mlp=1222480027.3052> <PB=10000000> 
#<DWph=2> <it= 32> <et=0.83> <Mt= 0.00> <Spt= 0.01> <nCl= 30> <al=0.64> <DB=-37446631120.1046> <Mlp=1204764083.4084> <PB=10000000> 
#<DWph=2> <it= 33> <et=0.84> <Mt= 0.00> <Spt= 0.01> <nCl= 30> <al=0.67> <DB=-35704459323.7636> <Mlp=1164778774.8682> <PB=10000000> 
#<DWph=2> <it= 34> <et=0.85> <Mt= 0.00> <Spt= 0.01> <nCl= 30> <al=0.71> <DB=-34276771923.3916> <Mlp=1035824869.3069> <PB=10000000> 
#<DWph=2> <it= 35> <et=0.87> <Mt= 0.01> <Spt= 0.01> <nCl= 30> <al=0.74> <DB=-34882087999.2937> <Mlp=847896760.0990> <PB=10000000> 
#<DWph=2> <it= 36> <et=0.88> <Mt= 0.00> <Spt= 0.01> <nCl= 30> <al=0.76> <DB=-34710582585.9835> <Mlp=756005058.4340> <PB=10000000> 
#<DWph=2> <it= 37> <et=0.89> <Mt= 0.00> <Spt= 0.01> <nCl= 30> <al=0.79> <DB=-34131626590.5589> <Mlp=615329142.1714> <PB=10000000> 
#<DWph=2> <it= 38> <et=0.91> <Mt= 0.01> <Spt= 0.01> <nCl= 30> <al=0.81> <DB=-34307742370.2042> <Mlp=556692945.9373> <PB=10000000> 
#<DWph=2> <it= 39> <et=0.92> <Mt= 0.00> <Spt= 0.01> <nCl= 30> <al=0.83> <DB=-31948715561.4855> <Mlp=515090862.8268> <PB=10000000> 
#<DWph=2> <it= 40> <et=0.93> <Mt= 0.00> <Spt= 0.01> <nCl= 30> <al=0.73> <DB=-30645927273.5195> <Mlp=479960584.3728> <PB=10000000> 
#<DWph=2> <it= 41> <et=0.95> <Mt= 0.01> <Spt= 0.01> <nCl= 30> <al=0.75> <DB=-29550634884.6530> <Mlp=431231573.8631> <PB=10000000> 
#<DWph=2> <it= 42> <et=0.96> <Mt= 0.00> <Spt= 0.01> <nCl= 30> <al=0.65> <DB=-28179954668.4375> <Mlp=391024283.4711> <PB=10000000> 
#<DWph=2> <it= 43> <et=0.98> <Mt= 0.01> <Spt= 0.01> <nCl= 30> <al=0.55> <DB=-29368855314.4789> <Mlp=286018668.2806> <PB=10000000> 
#<DWph=2> <it= 44> <et=0.99> <Mt= 0.00> <Spt= 0.01> <nCl= 30> <al=0.60> <DB=-29402228185.9332> <Mlp=202137637.1960> <PB=10000000> 
#<DWph=2> <it= 45> <et=1.01> <Mt= 0.00> <Spt= 0.01> <nCl= 30> <al=0.64> <DB=-29186612112.3419> <Mlp=135796728.8693> <PB=10000000> 
#<DWph=2> <it= 46> <et=1.02> <Mt= 0.01> <Spt= 0.01> <nCl= 30> <al=0.68> <DB=-26009832400.1698> <Mlp=62577867.5773> <PB=10000000> 
#<DWph=2> <it= 47> <et=1.04> <Mt= 0.01> <Spt= 0.01> <nCl= 30> <al=0.58> <DB=-23404241760.5961> <Mlp=26095659.9944> <PB=10000000> 
#<DWph=2> <it= 48> <et=1.05> <Mt= 0.00> <Spt= 0.01> <nCl= 30> <al=0.48> <DB=-17729153335.5833> <Mlp=4413746.0143> <PB=10000000> 
#<DWph=2> <it= 49> <et=1.07> <Mt= 0.00> <Spt= 0.01> <nCl= 30> <al=0.53> <DB=-13373244740.4242> <Mlp=2616898.5768> <PB=10000000> 
#<DWph=2> <it= 50> <et=1.08> <Mt= 0.01> <Spt= 0.01> <nCl= 30> <al=0.43> <DB=-5219139657.3336> <Mlp=315110.0417> <PB=10000000> 
#<DWph=2> <it= 51> <et=1.09> <Mt= 0.00> <Spt= 0.01> <nCl= 30> <al=0.33> <DB=-890538707.1679> <Mlp=167336.3703> <PB=10000000> 
<DWph=2> <it= 52> <et=1.11> <Mt= 0.01> <Spt= 0.01> <nCl= 30> <al=0.00> <DB=-126192.2385> <Mlp= 9467.7201> <PB=10000000> 
<DWph=2> <it= 53> <et=1.13> <Mt= 0.01> <Spt= 0.01> <nCl= 30> <al=0.13> <DB=-231334.9251> <Mlp= 9094.3785> <PB=10000000> 
<DWph=2> <it= 54> <et=1.14> <Mt= 0.00> <Spt= 0.01> <nCl= 17> <al=0.21> <DB=-19802.6481> <Mlp= 8923.5786> <PB=10000000> 
<DWph=2> <it= 55> <et=1.16> <Mt= 0.01> <Spt= 0.01> <nCl= 30> <al=0.11> <DB=-293183.3374> <Mlp= 8677.1312> <PB=10000000> 
<DWph=2> <it= 56> <et=1.18> <Mt= 0.00> <Spt= 0.01> <nCl= 30> <al=0.20> <DB=-201529.2793> <Mlp= 8456.2393> <PB=10000000> 
<DWph=2> <it= 57> <et=1.19> <Mt= 0.00> <Spt= 0.01> <nCl= 30> <al=0.28> <DB=-144406.7221> <Mlp= 8362.8339> <PB=10000000> 
<DWph=2> <it= 58> <et=1.20> <Mt= 0.01> <Spt= 0.01> <nCl= 30> <al=0.35> <DB=-129009.8008> <Mlp= 8255.8279> <PB=10000000> 
<DWph=2> <it= 59> <et=1.22> <Mt= 0.00> <Spt= 0.02> <nCl= 30> <al=0.42> <DB=-51050.7388> <Mlp= 8150.5132> <PB=10000000> 
<DWph=2> <it= 60> <et=1.23> <Mt= 0.00> <Spt= 0.01> <nCl= 30> <al=0.48> <DB=-28641.4560> <Mlp= 8121.5947> <PB=10000000> 
<DWph=2> <it= 61> <et=1.25> <Mt= 0.01> <Spt= 0.01> <nCl= 30> <al=0.53> <DB=-8106.3410> <Mlp= 7953.7926> <PB=10000000> 
<DWph=2> <it= 62> <et=1.26> <Mt= 0.00> <Spt= 0.01> <nCl= 30> <al=0.58> <DB=-85377.6592> <Mlp= 7929.8825> <PB=10000000> 
<DWph=2> <it= 63> <et=1.28> <Mt= 0.00> <Spt= 0.01> <nCl= 30> <al=0.62> <DB=-47190.5304> <Mlp= 7719.1513> <PB=10000000> 
<DWph=2> <it= 64> <et=1.29> <Mt= 0.01> <Spt= 0.01> <nCl= 30> <al=0.66> <DB=-30212.6905> <Mlp= 7416.6892> <PB=10000000> 
<DWph=2> <it= 65> <et=1.31> <Mt= 0.00> <Spt= 0.01> <nCl= 30> <al=0.69> <DB=-23431.8786> <Mlp= 7141.2338> <PB=10000000> 
<DWph=2> <it= 66> <et=1.32> <Mt= 0.01> <Spt= 0.01> <nCl= 30> <al=0.72> <DB=-3310.7174> <Mlp= 7021.7413> <PB=10000000> 
<DWph=2> <it= 67> <et=1.33> <Mt= 0.00> <Spt= 0.01> <nCl= 30> <al=0.75> <DB=-31946.3990> <Mlp= 6982.3100> <PB=10000000> 
<DWph=2> <it= 68> <et=1.35> <Mt= 0.01> <Spt= 0.01> <nCl= 30> <al=0.78> <DB=-20970.8743> <Mlp= 6578.5865> <PB=10000000> 
<DWph=2> <it= 69> <et=1.36> <Mt= 0.00> <Spt= 0.01> <nCl= 30> <al=0.80> <DB=-13668.4062> <Mlp= 6455.0619> <PB=10000000> 
<DWph=2> <it= 70> <et=1.38> <Mt= 0.01> <Spt= 0.01> <nCl= 30> <al=0.82> <DB=-10715.1113> <Mlp= 6237.6542> <PB=10000000> 
<DWph=2> <it= 71> <et=1.40> <Mt= 0.00> <Spt= 0.01> <nCl= 30> <al=0.84> <DB=-5243.2577> <Mlp= 6166.5468> <PB=10000000> 
<DWph=2> <it= 72> <et=1.41> <Mt= 0.00> <Spt= 0.01> <nCl= 28> <al=0.85> <DB=-1726.6305> <Mlp= 6082.6662> <PB=10000000> 
<DWph=2> <it= 73> <et=1.43> <Mt= 0.01> <Spt= 0.01> <nCl= 30> <al=0.87> <DB=-5323.1567> <Mlp= 6072.7763> <PB=10000000> 
<DWph=2> <it= 74> <et=1.44> <Mt= 0.00> <Spt= 0.02> <nCl= 30> <al=0.88> <DB=-1098.5610> <Mlp= 5840.4402> <PB=10000000> 
<DWph=2> <it= 75> <et=1.46> <Mt= 0.01> <Spt= 0.01> <nCl= 30> <al=0.89> <DB=-3265.0309> <Mlp= 5758.1274> <PB=10000000> 
<DWph=2> <it= 76> <et=1.48> <Mt= 0.00> <Spt= 0.01> <nCl= 30> <al=0.90> <DB= -304.3956> <Mlp= 5636.8241> <PB=10000000> 
<DWph=2> <it= 77> <et=1.49> <Mt= 0.00> <Spt= 0.01> <nCl= 30> <al=0.91> <DB=-2493.5578> <Mlp= 5519.8680> <PB=10000000> 
<DWph=2> <it= 78> <et=1.50> <Mt= 0.01> <Spt= 0.01> <nCl= 24> <al=0.92> <DB=  176.0590> <Mlp= 5421.4542> <PB=10000000> 
<DWph=2> <it= 79> <et=1.52> <Mt= 0.00> <Spt= 0.01> <nCl= 27> <al=0.93> <DB=  525.3048> <Mlp= 5380.1956> <PB=10000000> 
<DWph=2> <it= 80> <et=1.54> <Mt= 0.01> <Spt= 0.01> <nCl= 30> <al=0.94> <DB=-1995.1588> <Mlp= 5272.6978> <PB=10000000> 
<DWph=2> <it= 81> <et=1.55> <Mt= 0.00> <Spt= 0.01> <nCl= 29> <al=0.94> <DB= -290.1818> <Mlp= 5217.3179> <PB=10000000> 
<DWph=2> <it= 82> <et=1.57> <Mt= 0.00> <Spt= 0.02> <nCl= 29> <al=0.95> <DB= -241.1092> <Mlp= 5129.9665> <PB=10000000> 
<DWph=2> <it= 83> <et=1.58> <Mt= 0.01> <Spt= 0.01> <nCl= 28> <al=0.95> <DB=  414.9567> <Mlp= 5092.1236> <PB=10000000> 
<DWph=2> <it= 84> <et=1.59> <Mt= 0.00> <Spt= 0.01> <nCl= 30> <al=0.85> <DB=-1153.6672> <Mlp= 5087.0507> <PB=10000000> 
<DWph=2> <it= 85> <et=1.61> <Mt= 0.00> <Spt= 0.01> <nCl= 30> <al=0.87> <DB=  605.6953> <Mlp= 5008.3440> <PB=10000000> 
<DWph=2> <it= 86> <et=1.62> <Mt= 0.01> <Spt= 0.01> <nCl= 30> <al=0.88> <DB=-3684.8713> <Mlp= 4930.7119> <PB=10000000> 
<DWph=2> <it= 87> <et=1.63> <Mt= 0.00> <Spt= 0.01> <nCl= 29> <al=0.89> <DB= -173.8023> <Mlp= 4861.0727> <PB=10000000> 
<DWph=2> <it= 88> <et=1.65> <Mt= 0.00> <Spt= 0.01> <nCl= 30> <al=0.90> <DB= -727.9273> <Mlp= 4809.1370> <PB=10000000> 
<DWph=2> <it= 89> <et=1.66> <Mt= 0.01> <Spt= 0.00> <nCl= 27> <al=0.91> <DB= 1155.7176> <Mlp= 4747.3066> <PB=10000000> 
<DWph=2> <it= 90> <et=1.68> <Mt= 0.00> <Spt= 0.01> <nCl= 30> <al=0.92> <DB=  536.6928> <Mlp= 4730.3257> <PB=10000000> 
<DWph=2> <it= 91> <et=1.69> <Mt= 0.01> <Spt= 0.01> <nCl= 25> <al=0.93> <DB=  959.2266> <Mlp= 4693.5706> <PB=10000000> 
<DWph=2> <it= 92> <et=1.70> <Mt= 0.00> <Spt= 0.01> <nCl= 23> <al=0.94> <DB= 1574.0850> <Mlp= 4676.6188> <PB=10000000> 
<DWph=2> <it= 93> <et=1.71> <Mt= 0.00> <Spt= 0.01> <nCl= 30> <al=0.84> <DB=-4417.5380> <Mlp= 4657.6793> <PB=10000000> 
<DWph=2> <it= 94> <et=1.73> <Mt= 0.01> <Spt= 0.01> <nCl= 30> <al=0.85> <DB=  652.6644> <Mlp= 4542.9043> <PB=10000000> 
<DWph=2> <it= 95> <et=1.74> <Mt= 0.00> <Spt= 0.01> <nCl= 30> <al=0.87> <DB=   30.9065> <Mlp= 4473.3745> <PB=10000000> 
<DWph=2> <it= 96> <et=1.76> <Mt= 0.01> <Spt= 0.01> <nCl= 29> <al=0.88> <DB= 1728.3475> <Mlp= 4440.0944> <PB=10000000> 
<DWph=2> <it= 97> <et=1.77> <Mt= 0.00> <Spt= 0.01> <nCl= 29> <al=0.89> <DB= 1669.6348> <Mlp= 4419.1552> <PB=10000000> 
<DWph=2> <it= 98> <et=1.79> <Mt= 0.01> <Spt= 0.01> <nCl= 24> <al=0.90> <DB= 2177.5597> <Mlp= 4365.0140> <PB=10000000> 
<DWph=2> <it= 99> <et=1.81> <Mt= 0.00> <Spt= 0.01> <nCl= 29> <al=0.91> <DB= 1476.0985> <Mlp= 4292.8635> <PB=10000000> 
<DWph=2> <it=100> <et=1.82> <Mt= 0.01> <Spt= 0.01> <nCl= 30> <al=0.92> <DB= 1257.3822> <Mlp= 4249.0242> <PB=10000000> 
<DWph=2> <it=101> <et=1.84> <Mt= 0.00> <Spt= 0.02> <nCl= 27> <al=0.93> <DB= 1536.8875> <Mlp= 4215.0190> <PB=10000000> 
<DWph=2> <it=102> <et=1.86> <Mt= 0.01> <Spt= 0.01> <nCl= 25> <al=0.94> <DB= 2303.6081> <Mlp= 4207.7821> <PB=10000000> 
<DWph=2> <it=103> <et=1.87> <Mt= 0.00> <Spt= 0.01> <nCl= 27> <al=0.94> <DB= 1492.9728> <Mlp= 4192.7602> <PB=10000000> 
<DWph=2> <it=104> <et=1.89> <Mt= 0.01> <Spt= 0.01> <nCl= 24> <al=0.95> <DB= 2402.2379> <Mlp= 4124.6470> <PB=10000000> 
<DWph=2> <it=105> <et=1.91> <Mt= 0.00> <Spt= 0.01> <nCl= 29> <al=0.95> <DB= 1192.1919> <Mlp= 4100.2111> <PB=10000000> 
<DWph=2> <it=106> <et=1.93> <Mt= 0.01> <Spt= 0.02> <nCl= 25> <al=0.96> <DB= 2463.0093> <Mlp= 4046.5389> <PB=10000000> 
<DWph=2> <it=107> <et=1.94> <Mt= 0.00> <Spt= 0.01> <nCl= 30> <al=0.86> <DB= -136.9936> <Mlp= 4029.5634> <PB=10000000> 
<DWph=2> <it=108> <et=1.96> <Mt= 0.01> <Spt= 0.01> <nCl= 30> <al=0.87> <DB=  918.3894> <Mlp= 3966.4299> <PB=10000000> 
<DWph=2> <it=109> <et=1.98> <Mt= 0.00> <Spt= 0.01> <nCl= 29> <al=0.89> <DB= 2018.6407> <Mlp= 3932.8866> <PB=10000000> 
<DWph=2> <it=110> <et=2.00> <Mt= 0.01> <Spt= 0.02> <nCl= 28> <al=0.90> <DB= 1528.5107> <Mlp= 3899.2242> <PB=10000000> 
<DWph=2> <it=111> <et=2.02> <Mt= 0.01> <Spt= 0.01> <nCl= 26> <al=0.91> <DB= 1700.1609> <Mlp= 3874.0359> <PB=10000000> 
<DWph=2> <it=112> <et=2.03> <Mt= 0.00> <Spt= 0.01> <nCl= 25> <al=0.92> <DB= 2581.2601> <Mlp= 3848.3464> <PB=10000000> 
<DWph=2> <it=113> <et=2.05> <Mt= 0.01> <Spt= 0.01> <nCl= 30> <al=0.82> <DB=-4447.2727> <Mlp= 3828.8489> <PB=10000000> 
<DWph=2> <it=114> <et=2.06> <Mt= 0.00> <Spt= 0.01> <nCl= 29> <al=0.83> <DB=  958.3698> <Mlp= 3813.5393> <PB=10000000> 
<DWph=2> <it=115> <et=2.07> <Mt= 0.00> <Spt= 0.01> <nCl= 28> <al=0.85> <DB= 1777.4330> <Mlp= 3777.5269> <PB=10000000> 
<DWph=2> <it=116> <et=2.09> <Mt= 0.01> <Spt= 0.01> <nCl= 30> <al=0.87> <DB= -244.3591> <Mlp= 3760.6372> <PB=10000000> 
<DWph=2> <it=117> <et=2.10> <Mt= 0.00> <Spt= 0.01> <nCl= 27> <al=0.88> <DB= 1967.2476> <Mlp= 3755.1607> <PB=10000000> 
<DWph=2> <it=118> <et=2.12> <Mt= 0.01> <Spt= 0.01> <nCl= 19> <al=0.89> <DB= 2706.1006> <Mlp= 3733.3271> <PB=10000000> 
<DWph=2> <it=119> <et=2.14> <Mt= 0.01> <Spt= 0.01> <nCl= 30> <al=0.79> <DB=-5136.4909> <Mlp= 3695.1131> <PB=10000000> 
<DWph=2> <it=120> <et=2.15> <Mt= 0.00> <Spt= 0.01> <nCl= 30> <al=0.81> <DB=-6662.8142> <Mlp= 3693.1730> <PB=10000000> 
<DWph=2> <it=121> <et=2.16> <Mt= 0.00> <Spt= 0.01> <nCl= 30> <al=0.83> <DB= 1449.5114> <Mlp= 3693.1730> <PB=10000000> 
<DWph=2> <it=122> <et=2.19> <Mt= 0.01> <Spt= 0.01> <nCl= 29> <al=0.85> <DB= 1947.5731> <Mlp= 3640.2813> <PB=10000000> 
<DWph=2> <it=123> <et=2.21> <Mt= 0.01> <Spt= 0.01> <nCl= 24> <al=0.86> <DB= 2839.6495> <Mlp= 3583.8306> <PB=10000000> 
<DWph=2> <it=124> <et=2.22> <Mt= 0.01> <Spt= 0.01> <nCl= 26> <al=0.88> <DB= 1808.3303> <Mlp= 3571.8572> <PB=10000000> 
<DWph=2> <it=125> <et=2.24> <Mt= 0.01> <Spt= 0.01> <nCl= 20> <al=0.89> <DB= 2908.5428> <Mlp= 3547.4632> <PB=10000000> 
<DWph=2> <it=126> <et=2.26> <Mt= 0.01> <Spt= 0.01> <nCl= 26> <al=0.90> <DB= 2925.7824> <Mlp= 3527.6379> <PB=10000000> 
<DWph=2> <it=127> <et=2.29> <Mt= 0.01> <Spt= 0.01> <nCl= 30> <al=0.80> <DB=-2840.1770> <Mlp= 3495.5984> <PB=10000000> 
<DWph=2> <it=128> <et=2.31> <Mt= 0.01> <Spt= 0.01> <nCl= 30> <al=0.82> <DB=  290.3748> <Mlp= 3483.8775> <PB=10000000> 
<DWph=2> <it=129> <et=2.33> <Mt= 0.01> <Spt= 0.01> <nCl= 30> <al=0.84> <DB= 1707.9829> <Mlp= 3419.1915> <PB=10000000> 
<DWph=2> <it=130> <et=2.35> <Mt= 0.01> <Spt= 0.02> <nCl= 29> <al=0.85> <DB= 2541.8195> <Mlp= 3381.6937> <PB=10000000> 
<DWph=2> <it=131> <et=2.37> <Mt= 0.01> <Spt= 0.01> <nCl= 30> <al=0.87> <DB=  -60.5530> <Mlp= 3361.9733> <PB=10000000> 
<DWph=2> <it=132> <et=2.39> <Mt= 0.00> <Spt= 0.01> <nCl= 25> <al=0.88> <DB= 2619.6946> <Mlp= 3360.2604> <PB=10000000> 
<DWph=2> <it=133> <et=2.41> <Mt= 0.01> <Spt= 0.01> <nCl= 17> <al=0.89> <DB= 2911.7255> <Mlp= 3340.7290> <PB=10000000> 
<DWph=2> <it=134> <et=2.42> <Mt= 0.00> <Spt= 0.01> <nCl= 28> <al=0.79> <DB= 2772.8912> <Mlp= 3337.0197> <PB=10000000> 
<DWph=2> <it=135> <et=2.44> <Mt= 0.01> <Spt= 0.02> <nCl= 23> <al=0.81> <DB= 2755.3425> <Mlp= 3330.4728> <PB=10000000> 
<DWph=2> <it=136> <et=2.46> <Mt= 0.00> <Spt= 0.01> <nCl= 17> <al=0.83> <DB= 3028.7406> <Mlp= 3327.6861> <PB=10000000> 
<DWph=2> <it=137> <et=2.47> <Mt= 0.01> <Spt= 0.01> <nCl= 30> <al=0.73> <DB=  864.3637> <Mlp= 3322.3013> <PB=10000000> 
<DWph=2> <it=138> <et=2.51> <Mt= 0.02> <Spt= 0.01> <nCl= 30> <al=0.76> <DB=  731.3972> <Mlp= 3295.8817> <PB=10000000> 
<DWph=2> <it=139> <et=2.55> <Mt= 0.03> <Spt= 0.01> <nCl= 29> <al=0.78> <DB= 1583.2013> <Mlp= 3267.5515> <PB=10000000> 
<DWph=2> <it=140> <et=2.57> <Mt= 0.01> <Spt= 0.01> <nCl= 17> <al=0.81> <DB= 2998.9845> <Mlp= 3248.2874> <PB=10000000> 
<DWph=2> <it=141> <et=2.58> <Mt= 0.01> <Spt= 0.01> <nCl= 27> <al=0.71> <DB= 1756.2152> <Mlp= 3239.2167> <PB=10000000> 
<DWph=2> <it=142> <et=2.60> <Mt= 0.00> <Spt= 0.01> <nCl= 21> <al=0.73> <DB= 3083.6245> <Mlp= 3238.9897> <PB=10000000> 
<DWph=2> <it=143> <et=2.62> <Mt= 0.01> <Spt= 0.01> <nCl= 28> <al=0.76> <DB= 2200.5968> <Mlp= 3234.6414> <PB=10000000> 
<DWph=2> <it=144> <et=2.65> <Mt= 0.01> <Spt= 0.01> <nCl= 27> <al=0.79> <DB= 2381.7363> <Mlp= 3216.6269> <PB=10000000> 
<DWph=2> <it=145> <et=2.68> <Mt= 0.03> <Spt= 0.02> <nCl= 22> <al=0.81> <DB= 2335.6912> <Mlp= 3200.6205> <PB=10000000> 
<DWph=2> <it=146> <et=2.71> <Mt= 0.01> <Spt= 0.01> <nCl= 19> <al=0.83> <DB= 2430.4107> <Mlp= 3198.1277> <PB=10000000> 
<DWph=2> <it=147> <et=2.74> <Mt= 0.02> <Spt= 0.01> <nCl= 16> <al=0.84> <DB= 3096.8655> <Mlp= 3195.7501> <PB=10000000> 
<DWph=2> <it=148> <et=2.76> <Mt= 0.01> <Spt= 0.01> <nCl= 19> <al=0.86> <DB= 3111.8970> <Mlp= 3193.6844> <PB=10000000> 
<DWph=2> <it=149> <et=2.80> <Mt= 0.02> <Spt= 0.02> <nCl= 30> <al=0.76> <DB=  951.5182> <Mlp= 3184.0061> <PB=10000000> 
<DWph=2> <it=150> <et=2.83> <Mt= 0.02> <Spt= 0.01> <nCl= 22> <al=0.78> <DB= 2810.3174> <Mlp= 3177.7956> <PB=10000000> 
<DWph=2> <it=151> <et=2.86> <Mt= 0.02> <Spt= 0.01> <nCl= 17> <al=0.68> <DB= 2845.7799> <Mlp= 3172.0305> <PB=10000000> 
<DWph=2> <it=152> <et=2.88> <Mt= 0.01> <Spt= 0.01> <nCl= 17> <al=0.71> <DB= 2840.2178> <Mlp= 3170.2366> <PB=10000000> 
<DWph=2> <it=153> <et=2.91> <Mt= 0.01> <Spt= 0.01> <nCl= 23> <al=0.61> <DB= 2659.2563> <Mlp= 3168.4169> <PB=10000000> 
<DWph=2> <it=154> <et=2.92> <Mt= 0.01> <Spt= 0.02> <nCl= 17> <al=0.65> <DB= 2867.5865> <Mlp= 3167.3035> <PB=10000000> 
<DWph=2> <it=155> <et=2.94> <Mt= 0.00> <Spt= 0.01> <nCl= 16> <al=0.55> <DB= 2910.0539> <Mlp= 3167.0368> <PB=10000000> 
<DWph=2> <it=156> <et=2.95> <Mt= 0.00> <Spt= 0.01> <nCl=  6> <al=0.60> <DB= 2892.1002> <Mlp= 3165.1370> <PB=10000000> 
<DWph=2> <it=157> <et=2.97> <Mt= 0.01> <Spt= 0.01> <nCl= 14> <al=0.50> <DB= 2937.4700> <Mlp= 3164.5684> <PB=10000000> 
<DWph=2> <it=158> <et=2.98> <Mt= 0.00> <Spt= 0.01> <nCl= 30> <al=0.40> <DB=  552.7421> <Mlp= 3163.7347> <PB=10000000> 
<DWph=2> <it=159> <et=2.99> <Mt= 0.00> <Spt= 0.01> <nCl= 28> <al=0.46> <DB= 1624.3629> <Mlp= 3163.7347> <PB=10000000> 
<DWph=2> <it=160> <et=3.02> <Mt= 0.02> <Spt= 0.01> <nCl= 16> <al=0.51> <DB= 2929.1568> <Mlp= 3160.9596> <PB=10000000> 
<DWph=2> <it=161> <et=3.03> <Mt= 0.00> <Spt= 0.01> <nCl= 22> <al=0.41> <DB= 2974.3575> <Mlp= 3160.8969> <PB=10000000> 
<DWph=2> <it=162> <et=3.04> <Mt= 0.00> <Spt= 0.01> <nCl= 22> <al=0.31> <DB= 2530.9507> <Mlp= 3160.6083> <PB=10000000> 
<DWph=2> <it=163> <et=3.06> <Mt= 0.00> <Spt= 0.01> <nCl= 24> <al=0.38> <DB= 2775.2515> <Mlp= 3160.4037> <PB=10000000> 
<DWph=2> <it=164> <et=3.08> <Mt= 0.02> <Spt= 0.01> <nCl= 22> <al=0.44> <DB= 3137.7989> <Mlp= 3158.4040> <PB=10000000> 
<DWph=2> <it=165> <et=3.09> <Mt= 0.00> <Spt= 0.01> <nCl= 28> <al=0.34> <DB= 2480.1381> <Mlp= 3158.1373> <PB=10000000> 
<DWph=2> <it=166> <et=3.11> <Mt= 0.00> <Spt= 0.01> <nCl= 16> <al=0.41> <DB= 2740.9554> <Mlp= 3158.0650> <PB=10000000> 
<DWph=2> <it=167> <et=3.12> <Mt= 0.01> <Spt= 0.01> <nCl= 12> <al=0.47> <DB= 2834.3750> <Mlp= 3158.0417> <PB=10000000> 
<DWph=2> <it=168> <et=3.13> <Mt= 0.00> <Spt= 0.01> <nCl=  4> <al=0.52> <DB= 3147.4934> <Mlp= 3158.0417> <PB=10000000> 
<DWph=2> <it=169> <et=3.14> <Mt= 0.00> <Spt= 0.01> <nCl= 23> <al=0.42> <DB= 2143.2038> <Mlp= 3158.0354> <PB=10000000> 
<DWph=2> <it=170> <et=3.16> <Mt= 0.01> <Spt= 0.01> <nCl= 22> <al=0.48> <DB= 3100.1822> <Mlp= 3156.6012> <PB=10000000> 
<DWph=2> <it=171> <et=3.20> <Mt= 0.03> <Spt= 0.01> <nCl= 12> <al=0.53> <DB= 3154.8034> <Mlp= 3156.3834> <PB=10000000> 
<DWph=2> <it=172> <et=3.21> <Mt= 0.00> <Spt= 0.01> <nCl= 15> <al=0.58> <DB= 2464.9704> <Mlp= 3156.3834> <PB=10000000> 
<DWph=2> <it=173> <et=3.23> <Mt= 0.00> <Spt= 0.01> <nCl=  7> <al=0.62> <DB= 3155.3641> <Mlp= 3155.9946> <PB=10000000> 
<DWph=2> <it=174> <et=3.25> <Mt= 0.00> <Spt= 0.02> <nCl= 21> <al=0.32> <DB= 2954.9116> <Mlp= 3155.9775> <PB=10000000> 
<DWph=2> <it=175> <et=3.26> <Mt= 0.00> <Spt= 0.02> <nCl=  1> <al=0.56> <DB= 3155.5746> <Mlp= 3155.9772> <PB=10000000> 
<DWph=2> <it=176> <et=3.28> <Mt= 0.01> <Spt= 0.01> <nCl=  7> <al=0.60> <DB= 2847.4290> <Mlp= 3155.9772> <PB=10000000> 
<DWph=2> <it=177> <et=3.29> <Mt= 0.00> <Spt= 0.01> <nCl=  5> <al=0.64> <DB= 3155.7187> <Mlp= 3155.9772> <PB=10000000> 
<DWph=2> <it=178> <et=3.30> <Mt= 0.00> <Spt= 0.01> <nCl=  4> <al=0.68> <DB= 3136.3117> <Mlp= 3155.9772> <PB=10000000> 
<DWph=2> <it=179> <et=3.32> <Mt= 0.00> <Spt= 0.01> <nCl=  5> <al=0.58> <DB= 2839.8640> <Mlp= 3155.9772> <PB=10000000> 
<DWph=2> <it=180> <et=3.34> <Mt= 0.00> <Spt= 0.02> <nCl= 13> <al=0.24> <DB= 2635.5771> <Mlp= 3155.9772> <PB=10000000> 
<DWph=2> <it=181> <et=3.36> <Mt= 0.00> <Spt= 0.02> <nCl= 11> <al=0.04> <DB= 3008.2937> <Mlp= 3155.9772> <PB=10000000> 
<DWph=2> <it=182> <et=3.38> <Mt= 0.01> <Spt= 0.02> <nCl= 13> <al=0.00> <DB= 2674.9467> <Mlp= 3155.9772> <PB=10000000> 
<DWph=2> <it=183> <et=3.39> <Mt= 0.00> <Spt= 0.01> <nCl=  8> <al=0.32> <DB= 2787.9167> <Mlp= 3155.9772> <PB=10000000> 
<DWph=2> <it=184> <et=3.42> <Mt= 0.00> <Spt= 0.03> <nCl= 14> <al=0.00> <DB= 2609.0319> <Mlp= 3155.9772> <PB=10000000> 
<DWph=2> <it=185> <et=3.44> <Mt= 0.00> <Spt= 0.02> <nCl=  2> <al=0.00> <DB= 3155.9772> <Mlp= 3155.9772> <PB=10000000> 
<DWph=1> <it=186> <et=3.48> <Mt= 0.00> <Spt= 0.04> <nCl= 30> <al=0.19> <DB= 2391.5909> <Mlp= 3155.9772> <PB=10000000> 
<DWph=1> <it=187> <et=3.53> <Mt= 0.01> <Spt= 0.03> <nCl= 30> <al=0.09> <DB=  851.3744> <Mlp= 3155.4464> <PB=10000000> 
<DWph=1> <it=188> <et=3.57> <Mt= 0.00> <Spt= 0.04> <nCl= 30> <al=0.18> <DB= 2467.4432> <Mlp= 3155.4464> <PB=10000000> 
<DWph=1> <it=189> <et=3.61> <Mt= 0.01> <Spt= 0.04> <nCl= 30> <al=0.26> <DB= 1579.8972> <Mlp= 3154.1076> <PB=10000000> 
<DWph=1> <it=190> <et=3.65> <Mt= 0.00> <Spt= 0.04> <nCl= 27> <al=0.34> <DB= 2067.5739> <Mlp= 3153.9855> <PB=10000000> 
<DWph=1> <it=191> <et=3.69> <Mt= 0.00> <Spt= 0.03> <nCl= 23> <al=0.40> <DB= 2364.2505> <Mlp= 3149.6708> <PB=10000000> 
<DWph=1> <it=192> <et=3.73> <Mt= 0.01> <Spt= 0.04> <nCl= 17> <al=0.46> <DB= 2752.7712> <Mlp= 3149.3206> <PB=10000000> 
<DWph=1> <it=193> <et=3.77> <Mt= 0.00> <Spt= 0.04> <nCl= 20> <al=0.36> <DB= 2222.9782> <Mlp= 3149.0629> <PB=10000000> 
<DWph=1> <it=194> <et=3.82> <Mt= 0.01> <Spt= 0.04> <nCl= 23> <al=0.43> <DB= 2393.1084> <Mlp= 3147.7372> <PB=10000000> 
<DWph=1> <it=195> <et=3.86> <Mt= 0.00> <Spt= 0.03> <nCl=  8> <al=0.48> <DB= 2593.4313> <Mlp= 3147.2994> <PB=10000000> 
<DWph=1> <it=196> <et=3.90> <Mt= 0.00> <Spt= 0.04> <nCl= 13> <al=0.53> <DB= 2767.2151> <Mlp= 3147.0632> <PB=10000000> 
<DWph=1> <it=197> <et=3.94> <Mt= 0.01> <Spt= 0.04> <nCl= 12> <al=0.58> <DB= 2747.7864> <Mlp= 3146.9730> <PB=10000000> 
<DWph=1> <it=198> <et=3.98> <Mt= 0.00> <Spt= 0.03> <nCl=  9> <al=0.62> <DB= 2812.8697> <Mlp= 3146.9301> <PB=10000000> 
<DWph=1> <it=199> <et=4.02> <Mt= 0.00> <Spt= 0.04> <nCl=  9> <al=0.66> <DB= 3029.6090> <Mlp= 3146.9301> <PB=10000000> 
<DWph=1> <it=200> <et=4.05> <Mt= 0.00> <Spt= 0.04> <nCl=  7> <al=0.69> <DB= 3024.8596> <Mlp= 3146.9205> <PB=10000000> 
<DWph=1> <it=201> <et=4.09> <Mt= 0.00> <Spt= 0.03> <nCl=  6> <al=0.73> <DB= 3012.0837> <Mlp= 3146.9205> <PB=10000000> 
<DWph=1> <it=202> <et=4.13> <Mt= 0.01> <Spt= 0.04> <nCl=  4> <al=0.75> <DB= 3050.1542> <Mlp= 3146.9205> <PB=10000000> 
<DWph=1> <it=203> <et=4.17> <Mt= 0.00> <Spt= 0.04> <nCl= 10> <al=0.65> <DB= 2863.4185> <Mlp= 3146.9205> <PB=10000000> 
<DWph=1> <it=204> <et=4.21> <Mt= 0.00> <Spt= 0.03> <nCl=  3> <al=0.69> <DB= 2971.0044> <Mlp= 3146.9205> <PB=10000000> 
<DWph=1> <it=205> <et=4.28> <Mt= 0.00> <Spt= 0.08> <nCl=  5> <al=0.17> <DB= 3130.0098> <Mlp= 3146.9205> <PB=10000000> 
<DWph=1> <it=206> <et=4.36> <Mt= 0.00> <Spt= 0.07> <nCl=  7> <al=0.00> <DB= 2935.6280> <Mlp= 3146.9205> <PB=10000000> 
<DWph=1> <it=207> <et=4.44> <Mt= 0.00> <Spt= 0.08> <nCl=  0> <al=0.00> <DB= 3146.9205> <Mlp= 3146.9205> <PB=10000000> 
    RCSP exact solver info for graph G_0 : TT = 0.20663, pt = 3.6e-05, dt = 0.198666, ct = 0.007227, ndl = 23681', bdl = 2005068', odl = 12247', odf = 101554', bsi = 1565', cnt = 106103', bdch = 36349691', odch = 618111', lcp = 560108', #sols = 150
<DWph=0> <it=208> <et=4.65> <Mt= 0.00> <Spt= 0.21> <nCl=150> <al=0.29> <DB= 2349.7071> <Mlp= 3146.9205> <PB=10000000> 
    RCSP exact solver info for graph G_0 : TT = 0.176073, pt = 5.5e-05, dt = 0.168513, ct = 0.006681, ndl = 23521', bdl = 2007557', odl = 12396', odf = 101270', bsi = 1561', cnt = 85652', bdch = 36346103', odch = 605363', lcp = 543617', #sols = 150
<DWph=0> <it=209> <et=4.84> <Mt= 0.01> <Spt= 0.18> <nCl=136> <al=0.19> <DB= 2792.2835> <Mlp= 3145.4787> <PB=10000000> 
    RCSP exact solver info for graph G_0 : TT = 0.17465, pt = 6.9e-05, dt = 0.166971, ct = 0.006669, ndl = 23586', bdl = 2002895', odl = 12424', odf = 102421', bsi = 1528', cnt = 94464', bdch = 36282234', odch = 611576', lcp = 541018', #sols = 150
<DWph=0> <it=210> <et=5.02> <Mt= 0.00> <Spt= 0.18> <nCl= 68> <al=0.27> <DB= 2934.0981> <Mlp= 3144.8023> <PB=10000000> 
    RCSP exact solver info for graph G_0 : TT = 0.173242, pt = 4.4e-05, dt = 0.165904, ct = 0.006563, ndl = 23515', bdl = 1996659', odl = 12461', odf = 101613', bsi = 1540', cnt = 134694', bdch = 36431109', odch = 623964', lcp = 518736', #sols = 150
<DWph=0> <it=211> <et=5.20> <Mt= 0.00> <Spt= 0.18> <nCl= 54> <al=0.34> <DB= 2585.3050> <Mlp= 3144.5289> <PB=10000000> 
    RCSP exact solver info for graph G_0 : TT = 0.176665, pt = 4.4e-05, dt = 0.16931, ct = 0.006494, ndl = 23544', bdl = 2004112', odl = 12468', odf = 101648', bsi = 1507', cnt = 94350', bdch = 36430598', odch = 607912', lcp = 522564', #sols = 150
<DWph=0> <it=212> <et=5.39> <Mt= 0.01> <Spt= 0.18> <nCl= 21> <al=0.41> <DB= 2997.1238> <Mlp= 3144.5163> <PB=10000000> 
    RCSP exact solver info for graph G_0 : TT = 0.175746, pt = 4.5e-05, dt = 0.168295, ct = 0.006645, ndl = 23668', bdl = 2017439', odl = 12508', odf = 102103', bsi = 1522', cnt = 114985', bdch = 37057868', odch = 613010', lcp = 524148', #sols = 150
<DWph=0> <it=213> <et=5.57> <Mt= 0.00> <Spt= 0.18> <nCl= 17> <al=0.31> <DB= 3099.1784> <Mlp= 3144.5163> <PB=10000000> 
    RCSP exact solver info for graph G_0 : TT = 0.176364, pt = 5.4e-05, dt = 0.169283, ct = 0.006202, ndl = 23624', bdl = 2015292', odl = 12447', odf = 101744', bsi = 1507', cnt = 125247', bdch = 36939834', odch = 612725', lcp = 520137', #sols = 150
    RCSP exact solver info for graph G_0 : TT = 0.179815, pt = 6.3e-05, dt = 0.172386, ct = 0.006568, ndl = 23455', bdl = 2002865', odl = 12550', odf = 101228', bsi = 1502', cnt = 123801', bdch = 36478843', odch = 600656', lcp = 517213', #sols = 150
<DWph=0> <it=214> <et=5.93> <Mt= 0.00> <Spt= 0.37> <nCl= 27> <al=0.00> <DB= 3144.5163> <Mlp= 3144.5163> <PB=10000000> 
RCSP solver dynamic params and stats :  bidir.bord. = 375 aver.obdmd = 24.5164 aver.buck.num. = 26
@@ 1 0 3144.52 0.179047 0.205893 91.8114 5.93
RCSP      solver labels distribution in 1448 buckets (bucket size) : largest - 127, top 0.1% - 116, top 0.5% - 108, top 2% - 73, top 10% - 39, top 50% - 10
Reduced cost fixing for graph G_0...  TT = 0.507537, pt = 0.043202, dt = 0.463839, ct = 0, ndl = 67332', bdl = 5079092', odl = 14797', odf = 215357', lpcb = 359114', cnt = 17280423', bdch = 110025991', odch = 2801864', lcp = 1350867'
335831 buck. arcs remain (98.8% from prev., 90.7% from max.) + 0 jump buck. arcs (0% from max.)
 TT = 0.699808, pt = 0.043202, dt = 0.463839, ct = 0.192182, ndl = 67332', bdl = 5079092', odl = 14797', odf = 215357', lpcb = 359114', cnt = 17961957', bdch = 110025991', odch = 2801864', lcp = 1350867'
RCSP      solver labels distribution in 2820 buckets (bucket size) : largest - 195, top 0.1% - 161, top 0.5% - 139, top 2% - 109, top 10% - 55, top 50% - 15
Run forward enumeration with border = 375... not succeeded (ratio 0.991598) lpt = 0.008099, ndl = 10117', dl = 0', lpcb = 0', dch = 3860'
 TT = 0.011982, pt = 0.001417, dt = 0.008099, ct = 0, ndl = 10117', bdl = 0', cnt = 52765', bdch = 3860', odch = 0', lcp = 0'
Bucket graph for G_0 is regenerated as bucket steps were adjusted for 122 vertices
RCSP solver info : number of forw. reachable buckets / buck. strongly connected components is 5996( 96.3677% ) / 5746( 95.8306% )
657699 forw. buck. arcs remain (92.1922% from max.) + 0 jump buck. arcs
ColGenEvalAlg final dual bound: 3144.52 (rounded: 3145)
In total 1 RCC cut(s) are found by the connected components heuristic 
Shrinking heuristic shrunk 41 edges
In total 14 RCC cut(s) are found by the Fractional capacity min-cut heuristic 
In total 44 RCC cut(s) are found by the greedy construction heuristic 
----- Add fac. cuts : CAP(59), max.viol = 0.302487, aver.viol = 0.11248, sep/add took 0.0273144/0.164561 sec. -----
5559 columns (5559 active), 59 dyn. constrs. (59 active), 301 art. vars. (301 active)
<DWph=2> <it=  1> <et=7.01> <Mt= 0.01> <Spt= 0.01> <nCl= 25> <al=0.50> <DB=  433.7827> <Mlp= 3151.1904> <PB=10000000> 
<DWph=2> <it=  2> <et=7.05> <Mt= 0.02> <Spt= 0.03> <nCl= 21> <al=0.55> <DB= 3024.7180> <Mlp= 3148.9591> <PB=10000000> 
<DWph=2> <it=  3> <et=7.11> <Mt= 0.02> <Spt= 0.04> <nCl= 29> <al=0.19> <DB= 2436.9438> <Mlp= 3147.6098> <PB=10000000> 
<DWph=2> <it=  4> <et=7.14> <Mt= 0.01> <Spt= 0.01> <nCl= 12> <al=0.50> <DB= 2759.2110> <Mlp= 3147.3678> <PB=10000000> 
<DWph=2> <it=  5> <et=7.16> <Mt= 0.00> <Spt= 0.02> <nCl=  9> <al=0.55> <DB= 3123.0992> <Mlp= 3147.2609> <PB=10000000> 
<DWph=2> <it=  6> <et=7.21> <Mt= 0.01> <Spt= 0.04> <nCl= 24> <al=0.18> <DB= 3025.9568> <Mlp= 3146.9374> <PB=10000000> 
<DWph=2> <it=  7> <et=7.23> <Mt= 0.00> <Spt= 0.02> <nCl= 10> <al=0.49> <DB= 3087.5156> <Mlp= 3146.8959> <PB=10000000> 
<DWph=2> <it=  8> <et=7.28> <Mt= 0.01> <Spt= 0.05> <nCl= 21> <al=0.08> <DB= 2908.4944> <Mlp= 3146.8959> <PB=10000000> 
<DWph=2> <it=  9> <et=7.32> <Mt= 0.00> <Spt= 0.03> <nCl= 18> <al=0.00> <DB= 2637.9355> <Mlp= 3146.8959> <PB=10000000> 
<DWph=2> <it= 10> <et=7.35> <Mt= 0.00> <Spt= 0.03> <nCl=  6> <al=0.00> <DB= 2934.7740> <Mlp= 3146.8959> <PB=10000000> 
<DWph=2> <it= 11> <et=7.39> <Mt= 0.01> <Spt= 0.03> <nCl=  3> <al=0.00> <DB= 3146.8959> <Mlp= 3146.8959> <PB=10000000> 
<DWph=1> <it= 12> <et=7.44> <Mt= 0.00> <Spt= 0.06> <nCl= 18> <al=0.14> <DB= 2834.6977> <Mlp= 3146.8959> <PB=10000000> 
<DWph=1> <it= 13> <et=7.50> <Mt= 0.00> <Spt= 0.05> <nCl= 10> <al=0.23> <DB= 2890.1004> <Mlp= 3146.8482> <PB=10000000> 
<DWph=1> <it= 14> <et=7.55> <Mt= 0.01> <Spt= 0.05> <nCl= 11> <al=0.30> <DB= 2839.8948> <Mlp= 3146.8446> <PB=10000000> 
<DWph=1> <it= 15> <et=7.61> <Mt= 0.00> <Spt= 0.05> <nCl=  4> <al=0.20> <DB= 3074.1955> <Mlp= 3146.8437> <PB=10000000> 
<DWph=1> <it= 16> <et=7.66> <Mt= 0.00> <Spt= 0.05> <nCl=  4> <al=0.10> <DB= 3135.7483> <Mlp= 3146.8437> <PB=10000000> 
<DWph=1> <it= 17> <et=7.77> <Mt= 0.00> <Spt= 0.10> <nCl=  3> <al=0.00> <DB= 3146.8433> <Mlp= 3146.8433> <PB=10000000> 
    RCSP exact solver info for graph G_0 : TT = 0.149327, pt = 7.4e-05, dt = 0.140641, ct = 0.00766, ndl = 23098', bdl = 1944997', odl = 20265', odf = 189628', bsi = 1496', cnt = 68323', bdch = 23531523', odch = 789481', lcp = 449437', #sols = 150
<DWph=0> <it= 18> <et=7.93> <Mt= 0.01> <Spt= 0.16> <nCl=111> <al=0.09> <DB= 2885.9375> <Mlp= 3146.8433> <PB=10000000> 
    RCSP exact solver info for graph G_0 : TT = 0.13953, pt = 9.6e-05, dt = 0.132418, ct = 0.00602, ndl = 21713', bdl = 1836142', odl = 19829', odf = 183782', bsi = 1450', cnt = 61570', bdch = 20968027', odch = 696845', lcp = 409406', #sols = 150
<DWph=0> <it= 19> <et=8.08> <Mt= 0.00> <Spt= 0.15> <nCl= 40> <al=0.00> <DB= 2947.5596> <Mlp= 3146.8182> <PB=10000000> 
    RCSP exact solver info for graph G_0 : TT = 0.146336, pt = 9e-05, dt = 0.138764, ct = 0.006386, ndl = 22608', bdl = 1904122', odl = 20104', odf = 188503', bsi = 1450', cnt = 64224', bdch = 22531994', odch = 753153', lcp = 433114', #sols = 150
<DWph=0> <it= 20> <et=8.23> <Mt= 0.00> <Spt= 0.15> <nCl= 27> <al=0.09> <DB= 3119.0836> <Mlp= 3146.8153> <PB=10000000> 
    RCSP exact solver info for graph G_0 : TT = 0.148305, pt = 0.0001, dt = 0.140615, ct = 0.00651, ndl = 22632', bdl = 1910403', odl = 20193', odf = 188788', bsi = 1450', cnt = 63158', bdch = 22702741', odch = 751278', lcp = 434158', #sols = 150
<DWph=0> <it= 21> <et=8.39> <Mt= 0.01> <Spt= 0.15> <nCl=  7> <al=0.19> <DB= 3139.0750> <Mlp= 3146.8153> <PB=10000000> 
    RCSP exact solver info for graph G_0 : TT = 0.146596, pt = 9e-05, dt = 0.139355, ct = 0.006122, ndl = 22647', bdl = 1911637', odl = 20139', odf = 188711', bsi = 1447', cnt = 64141', bdch = 22669084', odch = 752214', lcp = 434175', #sols = 150
    RCSP exact solver info for graph G_0 : TT = 0.151397, pt = 7.9e-05, dt = 0.14392, ct = 0.006464, ndl = 22687', bdl = 1916913', odl = 20196', odf = 189093', bsi = 1457', cnt = 63899', bdch = 22801230', odch = 758792', lcp = 436436', #sols = 150
<DWph=0> <it= 22> <et=8.70> <Mt= 0.00> <Spt= 0.31> <nCl=  2> <al=0.00> <DB= 3146.8153> <Mlp= 3146.8153> <PB=10000000> 
RCSP solver dynamic params and stats :  bidir.bord. = 375 aver.obdmd = 49.0328 aver.buck.num. = 51
@@ 1 1 3146.82 0.145813 0.150384 92.1922 8.7
    Full reduced cost fixing is not called (gap ratio is 1)
Bucket graph for G_0 is regenerated as bucket steps were adjusted for 122 vertices
RCSP solver info : number of forw. reachable buckets / buck. strongly connected components is 11850( 96.1695% ) / 11850( 100% )
1303570 forw. buck. arcs remain (92.4596% from max.) + 0 jump buck. arcs
ColGenEvalAlg final dual bound: 3146.82 (rounded: 3147)
False gap improvement since the last cut separation : 0.00731117 (3144.52)
Cut generation tailing off counter increased to 1
Current active cuts : CAP(9,224.825)
Shrinking heuristic shrunk 43 edges
In total 3 RCC cut(s) are found by the Fractional capacity min-cut heuristic 
In total 2 RCC cut(s) are found by the global pool greedy search heuristic 
----- Add fac. cuts : CAP(5), max.viol = 0.257898, aver.viol = 0.159474, sep/add took 0.0217044/0.0143563 sec. -----
5974 columns (5974 active), 64 dyn. constrs. (14 active), 306 art. vars. (256 active)
<DWph=2> <it=  1> <et=9.02> <Mt= 0.01> <Spt= 0.03> <nCl=  8> <al=0.50> <DB= 3147.3100> <Mlp= 3148.1687> <PB=10000000> 
<DWph=2> <it=  2> <et=9.09> <Mt= 0.00> <Spt= 0.06> <nCl= 17> <al=0.10> <DB= 2979.5205> <Mlp= 3148.1687> <PB=10000000> 
<DWph=2> <it=  3> <et=9.16> <Mt= 0.01> <Spt= 0.07> <nCl= 16> <al=0.00> <DB= 2947.1240> <Mlp= 3148.1169> <PB=10000000> 
<DWph=2> <it=  4> <et=9.20> <Mt= 0.00> <Spt= 0.04> <nCl=  6> <al=0.35> <DB= 3050.6528> <Mlp= 3148.0895> <PB=10000000> 
<DWph=2> <it=  5> <et=9.24> <Mt= 0.00> <Spt= 0.04> <nCl=  2> <al=0.42> <DB= 3125.0431> <Mlp= 3148.0895> <PB=10000000> 
<DWph=2> <it=  6> <et=9.30> <Mt= 0.00> <Spt= 0.06> <nCl=  5> <al=0.00> <DB= 3148.0895> <Mlp= 3148.0895> <PB=10000000> 
<DWph=1> <it=  7> <et=9.38> <Mt= 0.00> <Spt= 0.07> <nCl= 13> <al=0.22> <DB= 3013.2092> <Mlp= 3148.0895> <PB=10000000> 
<DWph=1> <it=  8> <et=9.45> <Mt= 0.01> <Spt= 0.07> <nCl=  3> <al=0.12> <DB= 3125.0301> <Mlp= 3147.9930> <PB=10000000> 
<DWph=1> <it=  9> <et=9.60> <Mt= 0.00> <Spt= 0.15> <nCl=  4> <al=0.00> <DB= 3138.5725> <Mlp= 3147.9918> <PB=10000000> 
<DWph=1> <it= 10> <et=9.75> <Mt= 0.00> <Spt= 0.14> <nCl=  1> <al=0.00> <DB= 3147.9918> <Mlp= 3147.9918> <PB=10000000> 
    RCSP exact solver info for graph G_0 : TT = 0.131679, pt = 0.00013, dt = 0.124851, ct = 0.005589, ndl = 21586', bdl = 1827016', odl = 32435', odf = 376240', bsi = 1448', cnt = 58762', bdch = 14260815', odch = 799276', lcp = 318763', #sols = 150
<DWph=0> <it= 11> <et=9.89> <Mt= 0.00> <Spt= 0.14> <nCl= 45> <al=0.00> <DB= 2833.4302> <Mlp= 3147.9918> <PB=10000000> 
    RCSP exact solver info for graph G_0 : TT = 0.133572, pt = 0.000187, dt = 0.126207, ct = 0.005986, ndl = 21627', bdl = 1831041', odl = 32406', odf = 375437', bsi = 1451', cnt = 57239', bdch = 14317675', odch = 801523', lcp = 322389', #sols = 150
<DWph=0> <it= 12> <et=10.03> <Mt= 0.01> <Spt= 0.14> <nCl= 23> <al=0.00> <DB= 3099.3044> <Mlp= 3147.9635> <PB=10000000> 
    RCSP exact solver info for graph G_0 : TT = 0.132126, pt = 0.000157, dt = 0.125049, ct = 0.005821, ndl = 21577', bdl = 1822653', odl = 32178', odf = 371790', bsi = 1427', cnt = 59940', bdch = 14157963', odch = 790957', lcp = 318509', #sols = 150
    RCSP exact solver info for graph G_0 : TT = 0.134622, pt = 0.000137, dt = 0.127441, ct = 0.005905, ndl = 21314', bdl = 1805698', odl = 32112', odf = 369581', bsi = 1429', cnt = 58076', bdch = 13884350', odch = 782528', lcp = 314306', #sols = 150
<DWph=0> <it= 13> <et=10.31> <Mt= 0.00> <Spt= 0.28> <nCl=  8> <al=0.00> <DB= 3147.9565> <Mlp= 3147.9565> <PB=10000000> 
RCSP solver dynamic params and stats :  bidir.bord. = 375 aver.obdmd = 98.0656 aver.buck.num. = 101
@@ 1 2 3147.96 0.131712 0.133346 92.4596 10.31
    Full reduced cost fixing is not called (gap ratio is 1)
ColGenEvalAlg final dual bound: 3147.96 (rounded: 3148)
False gap improvement since the last cut separation : 0.00362661 (3146.82)
Cut generation tailing off counter increased to 2
Current active cuts : CAP(10,393.587)
In total 1 RCC cut(s) are found by the connected components heuristic 
Shrinking heuristic shrunk 44 edges
In total 1 RCC cut(s) are found by the Fractional capacity min-cut heuristic 
In total 1 RCC cut(s) are found by the greedy construction heuristic 
In total 2 RCC cut(s) are found by the global pool greedy search heuristic 
----- Add fac. cuts : CAP(5), max.viol = 0.0353286, aver.viol = 0.0249798, sep/add took 0.0226096/0.0158752 sec. -----
6125 columns (6125 active), 19 dyn. constrs. (15 active), 311 art. vars. (257 active)
<DWph=2> <it=  1> <et=10.46> <Mt= 0.00> <Spt= 0.05> <nCl= 10> <al=0.00> <DB= 3028.4043> <Mlp= 3148.0043> <PB=10000000> 
<DWph=2> <it=  2> <et=10.53> <Mt= 0.00> <Spt= 0.06> <nCl=  6> <al=0.00> <DB= 3108.4043> <Mlp= 3148.0043> <PB=10000000> 
<DWph=2> <it=  3> <et=10.59> <Mt= 0.01> <Spt= 0.06> <nCl=  1> <al=0.00> <DB= 3148.0043> <Mlp= 3148.0043> <PB=10000000> 
<DWph=1> <it=  4> <et=10.73> <Mt= 0.00> <Spt= 0.14> <nCl=  0> <al=0.00> <DB= 3148.0043> <Mlp= 3148.0043> <PB=10000000> 
    RCSP exact solver info for graph G_0 : TT = 0.128113, pt = 0.000134, dt = 0.121352, ct = 0.005546, ndl = 20930', bdl = 1773864', odl = 31714', odf = 368860', bsi = 1353', cnt = 58542', bdch = 13402055', odch = 775848', lcp = 310243', #sols = 150
<DWph=0> <it=  5> <et=10.86> <Mt= 0.00> <Spt= 0.14> <nCl=  9> <al=0.10> <DB= 3120.2941> <Mlp= 3148.0043> <PB=10000000> 
    RCSP exact solver info for graph G_0 : TT = 0.134308, pt = 0.000137, dt = 0.127033, ct = 0.005995, ndl = 20878', bdl = 1771334', odl = 31781', odf = 371523', bsi = 1344', cnt = 60481', bdch = 13421500', odch = 772567', lcp = 310102', #sols = 150
<DWph=0> <it=  6> <et=11.01> <Mt= 0.00> <Spt= 0.14> <nCl= 10> <al=0.00> <DB= 3135.5106> <Mlp= 3148.0034> <PB=10000000> 
    RCSP exact solver info for graph G_0 : TT = 0.12982, pt = 0.000156, dt = 0.122939, ct = 0.005601, ndl = 20856', bdl = 1769228', odl = 31788', odf = 371330', bsi = 1341', cnt = 59966', bdch = 13397791', odch = 771422', lcp = 309693', #sols = 150
    RCSP exact solver info for graph G_0 : TT = 0.129588, pt = 0.000134, dt = 0.122896, ct = 0.005402, ndl = 20856', bdl = 1769227', odl = 31789', odf = 371334', bsi = 1344', cnt = 59973', bdch = 13397923', odch = 771435', lcp = 309703', #sols = 150
<DWph=0> <it=  7> <et=11.27> <Mt= 0.00> <Spt= 0.26> <nCl=  0> <al=0.00> <DB= 3148.0034> <Mlp= 3148.0034> <PB=10000000> 
RCSP solver dynamic params and stats :  bidir.bord. = 375 aver.obdmd = 98.0656 aver.buck.num. = 101
@@ 1 3 3148 0.129191 0.133028 92.4596 11.28
    Full reduced cost fixing is not called (gap ratio is 1)
ColGenEvalAlg final dual bound: 3148 (rounded: 3149)
False gap improvement since the last cut separation : 0.000148722 (3147.96)
----- Cut separators priority level decreased to 1-----
Current active cuts : CAP(14,379.65)
Shrinking heuristic shrunk 45 edges
In total 2 RCC cut(s) are found by the global pool greedy search heuristic 
24 Rank-1 1-rows pack. cuts added ,  max viol. = 0.482752, aver. viol. = 0.161725
150 Rank-1 3-rows pack. cuts added ,  max viol. = 0.468285, aver. viol. = 0.406997
----- Add fac. cuts : CAP(2) R1C(174), max.viol = 0.5, aver.viol = 0.380171, sep/add took 0.022896/0.245635 sec. -----
6161 columns (6161 active), 191 dyn. constrs. (190 active), 487 art. vars. (432 active)
<DWph=2> <it=  1> <et=11.70> <Mt= 0.09> <Spt= 0.04> <nCl= 30> <al=0.50> <DB=-18886.4839> <Mlp= 3224.2781> <PB=10000000> 
<DWph=2> <it=  2> <et=11.84> <Mt= 0.10> <Spt= 0.04> <nCl= 30> <al=0.55> <DB=-3977.1053> <Mlp= 3201.6498> <PB=10000000> 
<DWph=2> <it=  3> <et=11.94> <Mt= 0.06> <Spt= 0.04> <nCl= 30> <al=0.60> <DB= 1831.1219> <Mlp= 3198.4851> <PB=10000000> 
<DWph=2> <it=  4> <et=12.23> <Mt= 0.25> <Spt= 0.05> <nCl= 22> <al=0.64> <DB= 2295.1313> <Mlp= 3185.0271> <PB=10000000> 
<DWph=2> <it=  5> <et=12.36> <Mt= 0.08> <Spt= 0.04> <nCl= 14> <al=0.67> <DB= 2980.2091> <Mlp= 3180.9299> <PB=10000000> 
<DWph=2> <it=  6> <et=12.46> <Mt= 0.06> <Spt= 0.05> <nCl= 12> <al=0.70> <DB= 3127.3324> <Mlp= 3178.3726> <PB=10000000> 
<DWph=2> <it=  7> <et=12.52> <Mt= 0.01> <Spt= 0.04> <nCl=  7> <al=0.73> <DB= 2842.6101> <Mlp= 3178.0544> <PB=10000000> 
<DWph=2> <it=  8> <et=12.60> <Mt= 0.00> <Spt= 0.08> <nCl= 22> <al=0.52> <DB= 2953.4018> <Mlp= 3178.0544> <PB=10000000> 
<DWph=2> <it=  9> <et=12.65> <Mt= 0.01> <Spt= 0.04> <nCl= 19> <al=0.66> <DB= 2801.3679> <Mlp= 3176.9742> <PB=10000000> 
<DWph=2> <it= 10> <et=12.75> <Mt= 0.07> <Spt= 0.04> <nCl=  7> <al=0.69> <DB= 3022.4577> <Mlp= 3174.6892> <PB=10000000> 
<DWph=2> <it= 11> <et=12.80> <Mt= 0.00> <Spt= 0.03> <nCl=  3> <al=0.73> <DB= 3040.1034> <Mlp= 3174.6231> <PB=10000000> 
<DWph=2> <it= 12> <et=12.84> <Mt= 0.01> <Spt= 0.04> <nCl=  3> <al=0.75> <DB= 3129.6447> <Mlp= 3173.9670> <PB=10000000> 
<DWph=2> <it= 13> <et=12.93> <Mt= 0.00> <Spt= 0.09> <nCl= 26> <al=0.55> <DB= 3048.0717> <Mlp= 3173.9037> <PB=10000000> 
<DWph=2> <it= 14> <et=13.04> <Mt= 0.06> <Spt= 0.05> <nCl= 16> <al=0.68> <DB= 2977.4579> <Mlp= 3173.1858> <PB=10000000> 
<DWph=2> <it= 15> <et=13.09> <Mt= 0.01> <Spt= 0.04> <nCl= 14> <al=0.71> <DB= 2399.7606> <Mlp= 3172.0541> <PB=10000000> 
<DWph=2> <it= 16> <et=13.13> <Mt= 0.00> <Spt= 0.03> <nCl=  6> <al=0.74> <DB= 3039.8000> <Mlp= 3171.8955> <PB=10000000> 
<DWph=2> <it= 17> <et=13.17> <Mt= 0.01> <Spt= 0.04> <nCl=  4> <al=0.76> <DB= 3121.2310> <Mlp= 3171.7980> <PB=10000000> 
<DWph=2> <it= 18> <et=13.21> <Mt= 0.01> <Spt= 0.03> <nCl=  5> <al=0.66> <DB= 3147.4502> <Mlp= 3171.7203> <PB=10000000> 
<DWph=2> <it= 19> <et=13.25> <Mt= 0.00> <Spt= 0.04> <nCl= 10> <al=0.56> <DB= 2860.0840> <Mlp= 3171.6928> <PB=10000000> 
<DWph=2> <it= 20> <et=13.34> <Mt= 0.00> <Spt= 0.08> <nCl= 26> <al=0.22> <DB= 2656.7766> <Mlp= 3171.6928> <PB=10000000> 
<DWph=2> <it= 21> <et=13.40> <Mt= 0.02> <Spt= 0.05> <nCl= 11> <al=0.51> <DB= 2497.8300> <Mlp= 3170.2493> <PB=10000000> 
<DWph=2> <it= 22> <et=13.45> <Mt= 0.00> <Spt= 0.05> <nCl=  2> <al=0.56> <DB= 3117.8736> <Mlp= 3170.2328> <PB=10000000> 
<DWph=2> <it= 23> <et=13.50> <Mt= 0.00> <Spt= 0.04> <nCl=  2> <al=0.60> <DB= 2874.0870> <Mlp= 3170.2214> <PB=10000000> 
<DWph=2> <it= 24> <et=13.60> <Mt= 0.01> <Spt= 0.10> <nCl= 15> <al=0.28> <DB= 2863.3952> <Mlp= 3170.2214> <PB=10000000> 
<DWph=2> <it= 25> <et=13.65> <Mt= 0.00> <Spt= 0.04> <nCl=  7> <al=0.54> <DB= 3165.6816> <Mlp= 3170.0942> <PB=10000000> 
<DWph=2> <it= 26> <et=13.69> <Mt= 0.01> <Spt= 0.03> <nCl=  4> <al=0.59> <DB= 3073.6535> <Mlp= 3170.0942> <PB=10000000> 
<DWph=2> <it= 27> <et=13.73> <Mt= 0.00> <Spt= 0.04> <nCl=  7> <al=0.63> <DB= 3128.7512> <Mlp= 3170.0228> <PB=10000000> 
<DWph=2> <it= 28> <et=13.78> <Mt= 0.01> <Spt= 0.05> <nCl=  2> <al=0.67> <DB= 3167.5931> <Mlp= 3169.9973> <PB=10000000> 
<DWph=2> <it= 29> <et=13.82> <Mt= 0.00> <Spt= 0.04> <nCl=  6> <al=0.57> <DB= 3129.2253> <Mlp= 3169.9973> <PB=10000000> 
<DWph=2> <it= 30> <et=13.90> <Mt= 0.00> <Spt= 0.07> <nCl= 23> <al=0.22> <DB= 2590.2247> <Mlp= 3169.9973> <PB=10000000> 
<DWph=2> <it= 31> <et=13.94> <Mt= 0.01> <Spt= 0.04> <nCl=  9> <al=0.51> <DB= 2959.3521> <Mlp= 3169.9936> <PB=10000000> 
<DWph=2> <it= 32> <et=13.98> <Mt= 0.00> <Spt= 0.03> <nCl=  1> <al=0.56> <DB= 2929.5023> <Mlp= 3169.9730> <PB=10000000> 
<DWph=2> <it= 33> <et=14.02> <Mt= 0.00> <Spt= 0.04> <nCl=  4> <al=0.46> <DB= 2792.0011> <Mlp= 3169.9730> <PB=10000000> 
<DWph=2> <it= 34> <et=14.07> <Mt= 0.01> <Spt= 0.04> <nCl= 11> <al=0.51> <DB= 2387.7490> <Mlp= 3169.7590> <PB=10000000> 
<DWph=2> <it= 35> <et=14.17> <Mt= 0.01> <Spt= 0.09> <nCl= 24> <al=0.12> <DB= 2123.6225> <Mlp= 3169.7590> <PB=10000000> 
<DWph=2> <it= 36> <et=14.21> <Mt= 0.00> <Spt= 0.04> <nCl= 17> <al=0.46> <DB= 2805.7982> <Mlp= 3169.7501> <PB=10000000> 
<DWph=2> <it= 37> <et=14.25> <Mt= 0.00> <Spt= 0.04> <nCl=  4> <al=0.52> <DB= 2975.2521> <Mlp= 3169.7501> <PB=10000000> 
<DWph=2> <it= 38> <et=14.33> <Mt= 0.01> <Spt= 0.07> <nCl= 13> <al=0.13> <DB= 2692.0751> <Mlp= 3169.7501> <PB=10000000> 
<DWph=2> <it= 39> <et=14.34> <Mt= 0.01> <Spt= 0.00> <nCl=  0> <al=0.46> <DB= 2692.0751> <Mlp= 3168.1197> <PB=10000000> 
<DWph=1> <it= 40> <et=14.44> <Mt= 0.00> <Spt= 0.10> <nCl= 21> <al=0.46> <DB= 2815.9775> <Mlp= 3168.1197> <PB=10000000> 
<DWph=1> <it= 41> <et=14.55> <Mt= 0.01> <Spt= 0.10> <nCl= 22> <al=0.52> <DB= 2457.8638> <Mlp= 3167.4447> <PB=10000000> 
<DWph=1> <it= 42> <et=14.65> <Mt= 0.01> <Spt= 0.09> <nCl=  9> <al=0.57> <DB= 2812.3363> <Mlp= 3167.3704> <PB=10000000> 
<DWph=1> <it= 43> <et=14.75> <Mt= 0.00> <Spt= 0.10> <nCl=  1> <al=0.61> <DB= 2953.3816> <Mlp= 3167.3704> <PB=10000000> 
<DWph=1> <it= 44> <et=14.85> <Mt= 0.01> <Spt= 0.10> <nCl= 13> <al=0.51> <DB= 2916.1964> <Mlp= 3167.3704> <PB=10000000> 
<DWph=1> <it= 45> <et=14.96> <Mt= 0.00> <Spt= 0.10> <nCl= 13> <al=0.41> <DB= 2879.5290> <Mlp= 3167.3502> <PB=10000000> 
<DWph=1> <it= 46> <et=15.06> <Mt= 0.01> <Spt= 0.10> <nCl=  4> <al=0.47> <DB= 3041.5352> <Mlp= 3167.0880> <PB=10000000> 
<DWph=1> <it= 47> <et=15.16> <Mt= 0.00> <Spt= 0.09> <nCl=  7> <al=0.37> <DB= 2991.7540> <Mlp= 3167.0880> <PB=10000000> 
<DWph=1> <it= 48> <et=15.27> <Mt= 0.01> <Spt= 0.10> <nCl=  7> <al=0.43> <DB= 3053.5644> <Mlp= 3166.9365> <PB=10000000> 
<DWph=1> <it= 49> <et=15.38> <Mt= 0.00> <Spt= 0.10> <nCl=  7> <al=0.49> <DB= 2906.9707> <Mlp= 3166.9113> <PB=10000000> 
<DWph=1> <it= 50> <et=15.48> <Mt= 0.00> <Spt= 0.10> <nCl=  7> <al=0.39> <DB= 2771.5679> <Mlp= 3166.9113> <PB=10000000> 
<DWph=1> <it= 51> <et=15.59> <Mt= 0.01> <Spt= 0.10> <nCl=  8> <al=0.45> <DB= 2787.4012> <Mlp= 3166.8418> <PB=10000000> 
<DWph=1> <it= 52> <et=15.71> <Mt= 0.02> <Spt= 0.11> <nCl=  8> <al=0.50> <DB= 3040.5598> <Mlp= 3166.4340> <PB=10000000> 
<DWph=1> <it= 53> <et=15.82> <Mt= 0.01> <Spt= 0.10> <nCl=  5> <al=0.40> <DB= 3064.6085> <Mlp= 3166.2377> <PB=10000000> 
<DWph=1> <it= 54> <et=15.92> <Mt= 0.00> <Spt= 0.09> <nCl= 10> <al=0.46> <DB= 2960.1050> <Mlp= 3166.2377> <PB=10000000> 
<DWph=1> <it= 55> <et=16.02> <Mt= 0.01> <Spt= 0.10> <nCl=  1> <al=0.52> <DB= 3065.3456> <Mlp= 3166.2197> <PB=10000000> 
<DWph=1> <it= 56> <et=16.13> <Mt= 0.00> <Spt= 0.10> <nCl=  8> <al=0.42> <DB= 3015.4889> <Mlp= 3166.2197> <PB=10000000> 
<DWph=1> <it= 57> <et=16.23> <Mt= 0.00> <Spt= 0.11> <nCl=  3> <al=0.48> <DB= 3142.9858> <Mlp= 3166.2197> <PB=10000000> 
<DWph=1> <it= 58> <et=16.33> <Mt= 0.01> <Spt= 0.09> <nCl=  3> <al=0.38> <DB= 3053.6634> <Mlp= 3166.2197> <PB=10000000> 
<DWph=1> <it= 59> <et=16.44> <Mt= 0.00> <Spt= 0.11> <nCl=  3> <al=0.44> <DB= 3126.8397> <Mlp= 3166.2197> <PB=10000000> 
<DWph=1> <it= 60> <et=16.55> <Mt= 0.00> <Spt= 0.10> <nCl=  1> <al=0.34> <DB= 3105.8331> <Mlp= 3166.2197> <PB=10000000> 
<DWph=1> <it= 61> <et=16.74> <Mt= 0.01> <Spt= 0.19> <nCl=  7> <al=0.00> <DB= 3145.7201> <Mlp= 3166.2197> <PB=10000000> 
<DWph=1> <it= 62> <et=16.93> <Mt= 0.00> <Spt= 0.18> <nCl=  0> <al=0.00> <DB= 3166.2197> <Mlp= 3166.2197> <PB=10000000> 
    RCSP exact solver info for graph G_0 : TT = 0.238617, pt = 0.000491, dt = 0.226561, ct = 0.010543, ndl = 26409', bdl = 2205225', odl = 34476', odf = 424169', bsi = 1401', cnt = 239147', bdch = 19149852', odch = 1215734', lcp = 409525', #sols = 150
<DWph=0> <it= 63> <et=17.18> <Mt= 0.00> <Spt= 0.25> <nCl=123> <al=0.20> <DB= 2767.3386> <Mlp= 3166.2197> <PB=10000000> 
    RCSP exact solver info for graph G_0 : TT = 0.17967, pt = 0.000648, dt = 0.166438, ct = 0.011409, ndl = 27262', bdl = 2264425', odl = 34716', odf = 442060', bsi = 1402', cnt = 329518', bdch = 20183148', odch = 1293796', lcp = 416650', #sols = 150
<DWph=0> <it= 64> <et=17.38> <Mt= 0.01> <Spt= 0.19> <nCl= 63> <al=0.28> <DB= 3051.6987> <Mlp= 3165.8881> <PB=10000000> 
    RCSP exact solver info for graph G_0 : TT = 0.179841, pt = 0.000747, dt = 0.166313, ct = 0.011591, ndl = 27310', bdl = 2264932', odl = 34886', odf = 444792', bsi = 1420', cnt = 353869', bdch = 20200408', odch = 1305772', lcp = 416140', #sols = 150
<DWph=0> <it= 65> <et=17.58> <Mt= 0.01> <Spt= 0.19> <nCl= 76> <al=0.36> <DB= 2916.3676> <Mlp= 3165.8751> <PB=10000000> 
    RCSP exact solver info for graph G_0 : TT = 0.165399, pt = 0.000634, dt = 0.152517, ct = 0.011082, ndl = 27410', bdl = 2279707', odl = 34765', odf = 445254', bsi = 1397', cnt = 333375', bdch = 20324895', odch = 1326918', lcp = 419074', #sols = 150
<DWph=0> <it= 66> <et=17.76> <Mt= 0.00> <Spt= 0.18> <nCl= 15> <al=0.42> <DB= 3117.9195> <Mlp= 3165.8741> <PB=10000000> 
    RCSP exact solver info for graph G_0 : TT = 0.169022, pt = 0.000541, dt = 0.156659, ct = 0.010637, ndl = 27020', bdl = 2248174', odl = 34938', odf = 444241', bsi = 1406', cnt = 310173', bdch = 19903070', odch = 1281969', lcp = 412556', #sols = 150
<DWph=0> <it= 67> <et=17.93> <Mt= 0.00> <Spt= 0.17> <nCl= 11> <al=0.32> <DB= 3150.5282> <Mlp= 3165.8741> <PB=10000000> 
    RCSP exact solver info for graph G_0 : TT = 0.16908, pt = 0.000599, dt = 0.156746, ct = 0.010549, ndl = 27164', bdl = 2256237', odl = 34957', odf = 446866', bsi = 1406', cnt = 316539', bdch = 20013693', odch = 1295057', lcp = 415444', #sols = 150
<DWph=0> <it= 68> <et=18.11> <Mt= 0.01> <Spt= 0.18> <nCl= 16> <al=0.22> <DB= 3162.4979> <Mlp= 3165.8741> <PB=10000000> 
    RCSP exact solver info for graph G_0 : TT = 0.173126, pt = 0.000591, dt = 0.15946, ct = 0.011933, ndl = 27164', bdl = 2256032', odl = 35020', odf = 447348', bsi = 1394', cnt = 308704', bdch = 20060699', odch = 1291457', lcp = 415822', #sols = 150
    RCSP exact solver info for graph G_0 : TT = 0.177335, pt = 0.000527, dt = 0.163981, ct = 0.011642, ndl = 27196', bdl = 2257271', odl = 34976', odf = 445373', bsi = 1392', cnt = 314108', bdch = 20043489', odch = 1295526', lcp = 415084', #sols = 150
<DWph=0> <it= 69> <et=18.47> <Mt= 0.00> <Spt= 0.36> <nCl= 27> <al=0.00> <DB= 3165.8741> <Mlp= 3165.8741> <PB=10000000> 
RCSP solver dynamic params and stats :  bidir.bord. = 375 aver.obdmd = 98.0656 aver.buck.num. = 101 nbR1C = 14 with avMem = 9.07143
@@ 1 4 3165.87 0.179758 0.237104 92.4596 18.47
    Full reduced cost fixing is not called (gap ratio is 0.999998)
ColGenEvalAlg final dual bound: 3165.87 (rounded: 3166)
False gap improvement since the last cut separation : 0.0567685 (3148)
Current active cuts : CAP(6,122.447) R1C(5+9,64.0797) 1rowPackR1C(5) 3rowPackR1C(9)
Shrinking heuristic shrunk 54 edges
In total 12 RCC cut(s) are found by the Fractional capacity min-cut heuristic 
In total 25 RCC cut(s) are found by the greedy construction heuristic 
In total 9 RCC cut(s) are found by the global pool greedy search heuristic 
8 Rank-1 1-rows pack. cuts added ,  max viol. = 0.193991, aver. viol. = 0.0835676
150 Rank-1 3-rows pack. cuts added ,  max viol. = 0.457072, aver. viol. = 0.347513
----- Add fac. cuts : CAP(46) R1C(158), max.viol = 0.460213, aver.viol = 0.302911, sep/add took 0.023071/0.444811 sec. -----
7128 columns (7128 active), 394 dyn. constrs. (226 active), 691 art. vars. (468 active)
<DWph=2> <it=  1> <et=19.06> <Mt= 0.05> <Spt= 0.04> <nCl= 16> <al=0.50> <DB= 2815.2613> <Mlp= 3174.0231> <PB=10000000> 
<DWph=2> <it=  2> <et=19.13> <Mt= 0.02> <Spt= 0.05> <nCl=  9> <al=0.55> <DB= 3110.5517> <Mlp= 3173.1695> <PB=10000000> 
<DWph=2> <it=  3> <et=19.18> <Mt= 0.00> <Spt= 0.04> <nCl=  3> <al=0.60> <DB= 3121.0313> <Mlp= 3173.1044> <PB=10000000> 
<DWph=2> <it=  4> <et=19.22> <Mt= 0.01> <Spt= 0.04> <nCl=  2> <al=0.64> <DB= 3149.0968> <Mlp= 3173.0231> <PB=10000000> 
<DWph=2> <it=  5> <et=19.33> <Mt= 0.01> <Spt= 0.10> <nCl= 13> <al=0.34> <DB= 3071.1209> <Mlp= 3173.0154> <PB=10000000> 
<DWph=2> <it=  6> <et=19.45> <Mt= 0.01> <Spt= 0.11> <nCl= 10> <al=0.14> <DB= 3077.2139> <Mlp= 3172.7320> <PB=10000000> 
<DWph=2> <it=  7> <et=19.51> <Mt= 0.00> <Spt= 0.06> <nCl=  2> <al=0.47> <DB= 3171.5131> <Mlp= 3172.7319> <PB=10000000> 
<DWph=2> <it=  8> <et=19.63> <Mt= 0.00> <Spt= 0.11> <nCl= 13> <al=0.00> <DB= 2988.8945> <Mlp= 3172.7316> <PB=10000000> 
<DWph=2> <it=  9> <et=19.69> <Mt= 0.01> <Spt= 0.06> <nCl=  2> <al=0.27> <DB= 3161.6157> <Mlp= 3172.7294> <PB=10000000> 
<DWph=2> <it= 10> <et=19.81> <Mt= 0.01> <Spt= 0.11> <nCl=  4> <al=0.00> <DB= 3152.4028> <Mlp= 3172.7285> <PB=10000000> 
<DWph=2> <it= 11> <et=19.87> <Mt= 0.00> <Spt= 0.06> <nCl=  3> <al=0.24> <DB= 3158.5900> <Mlp= 3172.7285> <PB=10000000> 
<DWph=2> <it= 12> <et=19.98> <Mt= 0.01> <Spt= 0.10> <nCl=  1> <al=0.00> <DB= 3172.7278> <Mlp= 3172.7278> <PB=10000000> 
<DWph=1> <it= 13> <et=20.09> <Mt= 0.00> <Spt= 0.11> <nCl= 14> <al=0.04> <DB= 2845.6617> <Mlp= 3172.7278> <PB=10000000> 
<DWph=1> <it= 14> <et=20.23> <Mt= 0.01> <Spt= 0.12> <nCl= 12> <al=0.14> <DB= 3052.6029> <Mlp= 3172.5825> <PB=10000000> 
<DWph=1> <it= 15> <et=20.34> <Mt= 0.00> <Spt= 0.11> <nCl=  6> <al=0.23> <DB= 3048.6550> <Mlp= 3172.5359> <PB=10000000> 
<DWph=1> <it= 16> <et=20.46> <Mt= 0.01> <Spt= 0.11> <nCl=  5> <al=0.13> <DB= 2932.5179> <Mlp= 3172.5056> <PB=10000000> 
<DWph=1> <it= 17> <et=20.68> <Mt= 0.00> <Spt= 0.22> <nCl=  0> <al=0.00> <DB= 3172.5056> <Mlp= 3172.5056> <PB=10000000> 
    RCSP exact solver info for graph G_0 : TT = 0.244827, pt = 0.00223, dt = 0.228427, ct = 0.013005, ndl = 31079', bdl = 2572047', odl = 37016', odf = 499314', bsi = 1422', cnt = 314671', bdch = 25299992', odch = 1785231', lcp = 499109', #sols = 150
<DWph=0> <it= 18> <et=20.95> <Mt= 0.01> <Spt= 0.26> <nCl=117> <al=0.11> <DB= 2461.7041> <Mlp= 3172.5056> <PB=10000000> 
    RCSP exact solver info for graph G_0 : TT = 0.244401, pt = 0.00124, dt = 0.228311, ct = 0.01357, ndl = 32312', bdl = 2658066', odl = 37025', odf = 513568', bsi = 1397', cnt = 172277', bdch = 26670431', odch = 2004101', lcp = 561280', #sols = 150
<DWph=0> <it= 19> <et=21.21> <Mt= 0.01> <Spt= 0.26> <nCl= 43> <al=0.20> <DB= 3028.1759> <Mlp= 3171.8032> <PB=10000000> 
    RCSP exact solver info for graph G_0 : TT = 0.249056, pt = 0.001331, dt = 0.231856, ct = 0.014562, ndl = 32579', bdl = 2657562', odl = 37027', odf = 515407', bsi = 1411', cnt = 209276', bdch = 26893514', odch = 2006492', lcp = 581059', #sols = 150
<DWph=0> <it= 20> <et=21.48> <Mt= 0.01> <Spt= 0.26> <nCl= 39> <al=0.10> <DB= 3068.4107> <Mlp= 3171.7914> <PB=10000000> 
    RCSP exact solver info for graph G_0 : TT = 0.233317, pt = 0.001321, dt = 0.217752, ct = 0.012948, ndl = 32704', bdl = 2669507', odl = 37095', odf = 517499', bsi = 1389', cnt = 208469', bdch = 27194767', odch = 2005257', lcp = 587268', #sols = 150
    RCSP exact solver info for graph G_0 : TT = 0.210639, pt = 0.000968, dt = 0.19536, ct = 0.013116, ndl = 32059', bdl = 2620134', odl = 36738', odf = 512120', bsi = 1414', cnt = 205593', bdch = 26241328', odch = 1984256', lcp = 586111', #sols = 150
<DWph=0> <it= 21> <et=21.95> <Mt= 0.01> <Spt= 0.46> <nCl= 24> <al=0.00> <DB= 3171.7870> <Mlp= 3171.7870> <PB=10000000> 
RCSP solver dynamic params and stats :  bidir.bord. = 375 aver.obdmd = 98.0656 aver.buck.num. = 101 nbR1C = 35 with avMem = 12.1143
@@ 1 5 3171.79 0.233781 0.246418 92.4596 21.95
    Full reduced cost fixing is not called (gap ratio is 0.999997)
ColGenEvalAlg final dual bound: 3171.79 (rounded: 3172)
False gap improvement since the last cut separation : 0.018677 (3165.87)
Current active cuts : CAP(8,109.489) R1C(6+29,87.086) 1rowPackR1C(6) 3rowPackR1C(29)
In total 1 RCC cut(s) are found by the connected components heuristic 
Shrinking heuristic shrunk 38 edges
In total 5 RCC cut(s) are found by the Fractional capacity min-cut heuristic 
In total 8 RCC cut(s) are found by the greedy construction heuristic 
In total 2 RCC cut(s) are found by the global pool greedy search heuristic 
7 Rank-1 1-rows pack. cuts added ,  max viol. = 0.0968238, aver. viol. = 0.0526068
150 Rank-1 3-rows pack. cuts added ,  max viol. = 0.326735, aver. viol. = 0.247598
----- Add fac. cuts : CAP(16) R1C(157), max.viol = 0.336233, aver.viol = 0.227423, sep/add took 0.0354169/0.345712 sec. -----
7466 columns (7466 active), 406 dyn. constrs. (218 active), 864 art. vars. (460 active)
<DWph=2> <it=  1> <et=22.49> <Mt= 0.06> <Spt= 0.05> <nCl=  5> <al=0.50> <DB= 3132.6936> <Mlp= 3176.3241> <PB=10000000> 
<DWph=2> <it=  2> <et=22.57> <Mt= 0.01> <Spt= 0.07> <nCl=  4> <al=0.55> <DB= 3111.8660> <Mlp= 3176.0740> <PB=10000000> 
<DWph=2> <it=  3> <et=22.63> <Mt= 0.01> <Spt= 0.05> <nCl=  2> <al=0.60> <DB= 3133.0812> <Mlp= 3176.0595> <PB=10000000> 
<DWph=2> <it=  4> <et=22.75> <Mt= 0.00> <Spt= 0.12> <nCl= 13> <al=0.27> <DB= 2963.5650> <Mlp= 3176.0535> <PB=10000000> 
<DWph=2> <it=  5> <et=22.81> <Mt= 0.01> <Spt= 0.06> <nCl=  4> <al=0.54> <DB= 3024.2791> <Mlp= 3176.0146> <PB=10000000> 
<DWph=2> <it=  6> <et=22.88> <Mt= 0.01> <Spt= 0.05> <nCl=  3> <al=0.58> <DB= 3156.3677> <Mlp= 3175.7852> <PB=10000000> 
<DWph=2> <it=  7> <et=22.99> <Mt= 0.01> <Spt= 0.11> <nCl= 12> <al=0.25> <DB= 2969.6368> <Mlp= 3175.7852> <PB=10000000> 
<DWph=2> <it=  8> <et=23.06> <Mt= 0.00> <Spt= 0.06> <nCl=  3> <al=0.52> <DB= 3034.5780> <Mlp= 3175.7852> <PB=10000000> 
<DWph=2> <it=  9> <et=23.13> <Mt= 0.01> <Spt= 0.07> <nCl=  1> <al=0.57> <DB= 3155.4351> <Mlp= 3175.7621> <PB=10000000> 
<DWph=2> <it= 10> <et=23.31> <Mt= 0.00> <Spt= 0.17> <nCl= 19> <al=0.00> <DB= 3148.6747> <Mlp= 3175.7423> <PB=10000000> 
<DWph=2> <it= 11> <et=23.47> <Mt= 0.01> <Spt= 0.15> <nCl=  9> <al=0.00> <DB= 3175.7390> <Mlp= 3175.7390> <PB=10000000> 
<DWph=1> <it= 12> <et=23.58> <Mt= 0.00> <Spt= 0.12> <nCl= 13> <al=0.41> <DB= 2955.3795> <Mlp= 3175.7390> <PB=10000000> 
<DWph=1> <it= 13> <et=23.71> <Mt= 0.01> <Spt= 0.11> <nCl=  8> <al=0.31> <DB= 2984.6672> <Mlp= 3175.5625> <PB=10000000> 
<DWph=1> <it= 14> <et=23.94> <Mt= 0.00> <Spt= 0.23> <nCl=  9> <al=0.00> <DB= 3161.4972> <Mlp= 3175.5625> <PB=10000000> 
<DWph=1> <it= 15> <et=24.17> <Mt= 0.01> <Spt= 0.22> <nCl=  2> <al=0.00> <DB= 2995.2540> <Mlp= 3175.5590> <PB=10000000> 
<DWph=1> <it= 16> <et=24.28> <Mt= 0.00> <Spt= 0.11> <nCl=  6> <al=0.18> <DB= 3134.9705> <Mlp= 3175.5590> <PB=10000000> 
<DWph=1> <it= 17> <et=24.51> <Mt= 0.01> <Spt= 0.22> <nCl=  4> <al=0.00> <DB= 3175.5529> <Mlp= 3175.5529> <PB=10000000> 
    RCSP exact solver info for graph G_0 : TT = 0.283114, pt = 0.001299, dt = 0.263086, ct = 0.017556, ndl = 36969', bdl = 2976687', odl = 38995', odf = 577911', bsi = 1444', cnt = 537587', bdch = 33011453', odch = 2981078', lcp = 863164', #sols = 150
<DWph=0> <it= 18> <et=24.82> <Mt= 0.00> <Spt= 0.31> <nCl=133> <al=0.00> <DB= 2777.9835> <Mlp= 3175.5529> <PB=10000000> 
    RCSP exact solver info for graph G_0 : TT = 0.278562, pt = 0.001348, dt = 0.258261, ct = 0.017745, ndl = 38750', bdl = 3105277', odl = 39503', odf = 601327', bsi = 1389', cnt = 829173', bdch = 35760333', odch = 3417412', lcp = 933321', #sols = 150
<DWph=0> <it= 19> <et=25.12> <Mt= 0.01> <Spt= 0.29> <nCl= 71> <al=0.00> <DB= 2927.5317> <Mlp= 3175.2597> <PB=10000000> 
    RCSP exact solver info for graph G_0 : TT = 0.275935, pt = 0.001506, dt = 0.256606, ct = 0.016586, ndl = 38083', bdl = 3060987', odl = 39450', odf = 593899', bsi = 1365', cnt = 582030', bdch = 34809410', odch = 3169478', lcp = 888500', #sols = 150
<DWph=0> <it= 20> <et=25.42> <Mt= 0.01> <Spt= 0.28> <nCl= 34> <al=0.00> <DB= 3118.0632> <Mlp= 3175.2407> <PB=10000000> 
    RCSP exact solver info for graph G_0 : TT = 0.272318, pt = 0.001329, dt = 0.25154, ct = 0.017366, ndl = 37822', bdl = 3049302', odl = 39357', odf = 593620', bsi = 1396', cnt = 577158', bdch = 34445025', odch = 3140176', lcp = 876404', #sols = 150
<DWph=0> <it= 21> <et=25.70> <Mt= 0.01> <Spt= 0.28> <nCl= 16> <al=0.00> <DB= 3175.2377> <Mlp= 3175.2377> <PB=10000000> 
RCSP solver dynamic params and stats :  bidir.bord. = 375 aver.obdmd = 98.0656 aver.buck.num. = 101 nbR1C = 52 with avMem = 12.4038
@@ 1 6 3175.24 0.274686 0.280642 92.4596 25.7
    Full reduced cost fixing is not called (gap ratio is 0.999997)
ColGenEvalAlg final dual bound: 3175.24 (rounded: 3176)
False gap improvement since the last cut separation : 0.0108795 (3171.79)
Separator R1C not in maximum phase
Cut generation tailing off counter increased to 0
Current active cuts : CAP(11,170.936) R1C(8+44,119.543) 1rowPackR1C(8) 3rowPackR1C(44)
In total 1 RCC cut(s) are found by the connected components heuristic 
Shrinking heuristic shrunk 40 edges
In total 1 RCC cut(s) are found by the Fractional capacity min-cut heuristic 
In total 4 RCC cut(s) are found by the greedy construction heuristic 
In total 3 RCC cut(s) are found by the global pool greedy search heuristic 
12 Rank-1 1-rows pack. cuts added ,  max viol. = 0.151899, aver. viol. = 0.0759959
150 Rank-1 3-rows pack. cuts added ,  max viol. = 0.30702, aver. viol. = 0.22564
Building structures for heuristic rank-1 packing cut separation...done!
100 Rank-1 4-rows pack. cuts added ,  max viol. = 0.379701, aver. viol. = 0.262358
----- Add fac. cuts : CAP(9) R1C(262), max.viol = 0.419709, aver.viol = 0.238245, sep/add took 0.0777484/0.563932 sec. -----
7837 columns (7837 active), 496 dyn. constrs. (335 active), 1135 art. vars. (577 active)
<DWph=2> <it=  1> <et=26.62> <Mt= 0.12> <Spt= 0.09> <nCl= 30> <al=0.50> <DB= 2524.0785> <Mlp= 3184.8442> <PB=10000000> 
<DWph=2> <it=  2> <et=26.95> <Mt= 0.26> <Spt= 0.08> <nCl= 30> <al=0.55> <DB= -170.2239> <Mlp= 3182.4555> <PB=10000000> 
<DWph=2> <it=  3> <et=27.04> <Mt= 0.02> <Spt= 0.07> <nCl=  7> <al=0.60> <DB= 3147.9394> <Mlp= 3182.4555> <PB=10000000> 
<DWph=2> <it=  4> <et=27.19> <Mt= 0.06> <Spt= 0.08> <nCl=  4> <al=0.64> <DB= 3177.7546> <Mlp= 3182.1427> <PB=10000000> 
<DWph=2> <it=  5> <et=27.29> <Mt= 0.02> <Spt= 0.08> <nCl= 22> <al=0.54> <DB= 2401.3632> <Mlp= 3182.1209> <PB=10000000> 
<DWph=2> <it=  6> <et=27.41> <Mt= 0.04> <Spt= 0.09> <nCl= 12> <al=0.58> <DB= 2653.5323> <Mlp= 3182.0173> <PB=10000000> 
<DWph=2> <it=  7> <et=27.54> <Mt= 0.05> <Spt= 0.08> <nCl=  6> <al=0.62> <DB= 3158.5669> <Mlp= 3181.6968> <PB=10000000> 
<DWph=2> <it=  8> <et=27.65> <Mt= 0.02> <Spt= 0.08> <nCl=  8> <al=0.52> <DB= 3016.2161> <Mlp= 3181.6773> <PB=10000000> 
<DWph=2> <it=  9> <et=27.81> <Mt= 0.01> <Spt= 0.16> <nCl= 18> <al=0.14> <DB= 2746.5608> <Mlp= 3181.6773> <PB=10000000> 
<DWph=2> <it= 10> <et=27.93> <Mt= 0.03> <Spt= 0.08> <nCl=  1> <al=0.47> <DB= 3179.8067> <Mlp= 3181.6367> <PB=10000000> 
<DWph=2> <it= 11> <et=28.01> <Mt= 0.01> <Spt= 0.08> <nCl=  9> <al=0.37> <DB= 2999.0518> <Mlp= 3181.6367> <PB=10000000> 
<DWph=2> <it= 12> <et=28.13> <Mt= 0.03> <Spt= 0.08> <nCl=  6> <al=0.43> <DB= 3156.4247> <Mlp= 3181.5558> <PB=10000000> 
<DWph=2> <it= 13> <et=28.23> <Mt= 0.02> <Spt= 0.08> <nCl=  5> <al=0.33> <DB= 3154.7939> <Mlp= 3181.5527> <PB=10000000> 
<DWph=2> <it= 14> <et=28.32> <Mt= 0.02> <Spt= 0.07> <nCl=  1> <al=0.40> <DB= 3140.1868> <Mlp= 3181.5425> <PB=10000000> 
<DWph=2> <it= 15> <et=28.40> <Mt= 0.01> <Spt= 0.07> <nCl=  1> <al=0.46> <DB= 3175.7411> <Mlp= 3181.5366> <PB=10000000> 
<DWph=2> <it= 16> <et=28.50> <Mt= 0.02> <Spt= 0.08> <nCl=  4> <al=0.51> <DB= 3117.2831> <Mlp= 3181.5311> <PB=10000000> 
<DWph=2> <it= 17> <et=28.66> <Mt= 0.02> <Spt= 0.14> <nCl= 10> <al=0.13> <DB= 2900.7860> <Mlp= 3181.5217> <PB=10000000> 
<DWph=2> <it= 18> <et=28.81> <Mt= 0.02> <Spt= 0.13> <nCl= 11> <al=0.00> <DB= 3032.6178> <Mlp= 3181.5138> <PB=10000000> 
<DWph=2> <it= 19> <et=28.95> <Mt= 0.01> <Spt= 0.13> <nCl=  8> <al=0.00> <DB= 3105.2105> <Mlp= 3181.5126> <PB=10000000> 
<DWph=2> <it= 20> <et=29.09> <Mt= 0.02> <Spt= 0.13> <nCl=  6> <al=0.00> <DB= 3030.1175> <Mlp= 3181.5111> <PB=10000000> 
<DWph=2> <it= 21> <et=29.24> <Mt= 0.00> <Spt= 0.13> <nCl=  1> <al=0.00> <DB= 3181.5111> <Mlp= 3181.5111> <PB=10000000> 
<DWph=1> <it= 22> <et=29.39> <Mt= 0.00> <Spt= 0.15> <nCl= 10> <al=0.06> <DB= 2862.2598> <Mlp= 3181.5111> <PB=10000000> 
<DWph=1> <it= 23> <et=29.67> <Mt= 0.13> <Spt= 0.15> <nCl= 26> <al=0.00> <DB= 2570.3737> <Mlp= 3181.3702> <PB=10000000> 
<DWph=1> <it= 24> <et=29.84> <Mt= 0.03> <Spt= 0.14> <nCl=  8> <al=0.07> <DB= 2927.5206> <Mlp= 3181.3433> <PB=10000000> 
<DWph=1> <it= 25> <et=30.01> <Mt= 0.03> <Spt= 0.14> <nCl=  8> <al=0.16> <DB= 2932.1585> <Mlp= 3181.3072> <PB=10000000> 
<DWph=1> <it= 26> <et=30.17> <Mt= 0.02> <Spt= 0.14> <nCl=  7> <al=0.24> <DB= 3047.5050> <Mlp= 3181.2994> <PB=10000000> 
<DWph=1> <it= 27> <et=30.34> <Mt= 0.02> <Spt= 0.15> <nCl= 11> <al=0.14> <DB= 2801.5743> <Mlp= 3181.2923> <PB=10000000> 
<DWph=1> <it= 28> <et=30.51> <Mt= 0.03> <Spt= 0.14> <nCl= 10> <al=0.23> <DB= 2967.0720> <Mlp= 3181.2734> <PB=10000000> 
<DWph=1> <it= 29> <et=30.68> <Mt= 0.03> <Spt= 0.14> <nCl=  5> <al=0.31> <DB= 3081.8603> <Mlp= 3181.2264> <PB=10000000> 
<DWph=1> <it= 30> <et=30.97> <Mt= 0.01> <Spt= 0.29> <nCl=  7> <al=0.00> <DB= 2688.1545> <Mlp= 3181.2264> <PB=10000000> 
<DWph=1> <it= 31> <et=31.17> <Mt= 0.04> <Spt= 0.15> <nCl=  6> <al=0.28> <DB= 3141.8037> <Mlp= 3181.1422> <PB=10000000> 
<DWph=1> <it= 32> <et=31.48> <Mt= 0.01> <Spt= 0.29> <nCl=  9> <al=0.00> <DB= 3121.8162> <Mlp= 3181.1414> <PB=10000000> 
<DWph=1> <it= 33> <et=31.76> <Mt= 0.01> <Spt= 0.29> <nCl=  0> <al=0.00> <DB= 3181.1414> <Mlp= 3181.1414> <PB=10000000> 
    RCSP exact solver info for graph G_0 : TT = 0.528347, pt = 0.002027, dt = 0.49528, ct = 0.0297, ndl = 56906', bdl = 4486310', odl = 46645', odf = 861468', bsi = 1530', cnt = 1425591', bdch = 67331419', odch = 8244894', lcp = 1993529', #sols = 150
<DWph=0> <it= 34> <et=32.34> <Mt= 0.00> <Spt= 0.57> <nCl=150> <al=0.15> <DB= 2802.7522> <Mlp= 3181.1414> <PB=10000000> 
    RCSP exact solver info for graph G_0 : TT = 0.529142, pt = 0.002853, dt = 0.495546, ct = 0.029343, ndl = 57823', bdl = 4554792', odl = 46178', odf = 859540', bsi = 1509', cnt = 1576997', bdch = 70093709', odch = 8248582', lcp = 2032115', #sols = 150
<DWph=0> <it= 35> <et=33.13> <Mt= 0.25> <Spt= 0.54> <nCl= 72> <al=0.23> <DB= 2898.9375> <Mlp= 3180.5625> <PB=10000000> 
    RCSP exact solver info for graph G_0 : TT = 0.497621, pt = 0.00285, dt = 0.464335, ct = 0.029009, ndl = 56571', bdl = 4471290', odl = 45580', odf = 849492', bsi = 1512', cnt = 1523633', bdch = 67180291', odch = 8082697', lcp = 1964016', #sols = 150
<DWph=0> <it= 36> <et=33.68> <Mt= 0.03> <Spt= 0.51> <nCl= 36> <al=0.31> <DB= 3077.5793> <Mlp= 3180.5319> <PB=10000000> 
    RCSP exact solver info for graph G_0 : TT = 0.49454, pt = 0.002867, dt = 0.46269, ct = 0.027602, ndl = 55870', bdl = 4420646', odl = 45623', odf = 841721', bsi = 1513', cnt = 1401232', bdch = 65960333', odch = 7778082', lcp = 1910802', #sols = 150
<DWph=0> <it= 37> <et=34.19> <Mt= 0.01> <Spt= 0.51> <nCl= 12> <al=0.38> <DB= 3127.1051> <Mlp= 3180.5319> <PB=10000000> 
    RCSP exact solver info for graph G_0 : TT = 0.494675, pt = 0.003441, dt = 0.460321, ct = 0.029518, ndl = 56030', bdl = 4433451', odl = 45649', odf = 845050', bsi = 1514', cnt = 1400209', bdch = 66209328', odch = 7721985', lcp = 1906762', #sols = 150
    RCSP exact solver info for graph G_0 : TT = 0.452234, pt = 0.002307, dt = 0.421056, ct = 0.027472, ndl = 55400', bdl = 4395253', odl = 45526', odf = 836340', bsi = 1493', cnt = 1396330', bdch = 65003117', odch = 7651622', lcp = 1899685', #sols = 150
<DWph=0> <it= 38> <et=35.16> <Mt= 0.01> <Spt= 0.96> <nCl= 27> <al=0.00> <DB= 3154.8009> <Mlp= 3180.5319> <PB=10000000> 
    RCSP exact solver info for graph G_0 : TT = 0.487071, pt = 0.002665, dt = 0.455432, ct = 0.02765, ndl = 55969', bdl = 4426237', odl = 46114', odf = 846227', bsi = 1471', cnt = 1413270', bdch = 66587367', odch = 7703955', lcp = 1919491', #sols = 150
    RCSP exact solver info for graph G_0 : TT = 0.457048, pt = 0.002163, dt = 0.426515, ct = 0.027061, ndl = 55523', bdl = 4392516', odl = 45351', odf = 839260', bsi = 1499', cnt = 1394470', bdch = 65050876', odch = 7615518', lcp = 1875469', #sols = 150
<DWph=0> <it= 39> <et=36.13> <Mt= 0.00> <Spt= 0.96> <nCl= 33> <al=0.00> <DB= 3180.5319> <Mlp= 3180.5319> <PB=10000000> 
RCSP solver dynamic params and stats :  bidir.bord. = 375 aver.obdmd = 98.0656 aver.buck.num. = 101 nbR1C = 89 with avMem = 12.5955
@@ 1 7 3180.53 0.488566 0.52498 92.4596 36.13
    Full reduced cost fixing is not called (gap ratio is 0.999996)
ColGenEvalAlg final dual bound: 3180.53 (rounded: 3181)
False gap improvement since the last cut separation : 0.0166732 (3175.24)
Current active cuts : CAP(11,140.017) R1C(8+81,203.003) 1rowPackR1C(8) 3rowPackR1C(60) 4rowPackR1C(21)
Shrinking heuristic shrunk 29 edges
In total 4 RCC cut(s) are found by the Fractional capacity min-cut heuristic 
In total 2 RCC cut(s) are found by the greedy construction heuristic 
In total 9 RCC cut(s) are found by the global pool greedy search heuristic 
24 Rank-1 1-rows pack. cuts added ,  max viol. = 0.124847, aver. viol. = 0.0466313
150 Rank-1 3-rows pack. cuts added ,  max viol. = 0.239523, aver. viol. = 0.193302
Building structures for heuristic rank-1 packing cut separation...done!
100 Rank-1 4-rows pack. cuts added ,  max viol. = 0.284157, aver. viol. = 0.206389
----- Add fac. cuts : CAP(15) R1C(274), max.viol = 0.34928, aver.viol = 0.187936, sep/add took 0.0957946/0.712862 sec. -----
8474 columns (8474 active), 633 dyn. constrs. (393 active), 1424 art. vars. (635 active)
<DWph=2> <it=  1> <et=37.20> <Mt= 0.13> <Spt= 0.08> <nCl=  4> <al=0.50> <DB= 3141.6588> <Mlp= 3183.9703> <PB=10000000> 
<DWph=2> <it=  2> <et=37.31> <Mt= 0.04> <Spt= 0.09> <nCl=  6> <al=0.55> <DB= 3181.8348> <Mlp= 3183.8795> <PB=10000000> 
<DWph=2> <it=  3> <et=37.42> <Mt= 0.02> <Spt= 0.07> <nCl= 10> <al=0.60> <DB= 3148.7389> <Mlp= 3183.8372> <PB=10000000> 
<DWph=2> <it=  4> <et=37.62> <Mt= 0.04> <Spt= 0.17> <nCl=  5> <al=0.27> <DB= 2991.6183> <Mlp= 3183.7523> <PB=10000000> 
<DWph=2> <it=  5> <et=37.79> <Mt= 0.02> <Spt= 0.15> <nCl=  7> <al=0.07> <DB= 3096.2331> <Mlp= 3183.7002> <PB=10000000> 
<DWph=2> <it=  6> <et=37.96> <Mt= 0.01> <Spt= 0.16> <nCl=  5> <al=0.00> <DB= 3167.7540> <Mlp= 3183.6898> <PB=10000000> 
<DWph=2> <it=  7> <et=38.13> <Mt= 0.01> <Spt= 0.16> <nCl=  4> <al=0.00> <DB= 3183.6894> <Mlp= 3183.6894> <PB=10000000> 
<DWph=1> <it=  8> <et=38.30> <Mt= 0.00> <Spt= 0.16> <nCl= 14> <al=0.24> <DB= 2918.7100> <Mlp= 3183.6894> <PB=10000000> 
<DWph=1> <it=  9> <et=38.49> <Mt= 0.03> <Spt= 0.16> <nCl= 13> <al=0.14> <DB= 2808.4717> <Mlp= 3183.6014> <PB=10000000> 
<DWph=1> <it= 10> <et=38.70> <Mt= 0.04> <Spt= 0.17> <nCl=  9> <al=0.22> <DB= 3049.1508> <Mlp= 3183.5308> <PB=10000000> 
<DWph=1> <it= 11> <et=38.89> <Mt= 0.03> <Spt= 0.16> <nCl= 23> <al=0.12> <DB= 2366.4471> <Mlp= 3183.5201> <PB=10000000> 
<DWph=1> <it= 12> <et=39.06> <Mt= 0.02> <Spt= 0.16> <nCl=  3> <al=0.21> <DB= 3155.3309> <Mlp= 3183.5143> <PB=10000000> 
<DWph=1> <it= 13> <et=39.23> <Mt= 0.01> <Spt= 0.16> <nCl=  1> <al=0.11> <DB= 3180.4210> <Mlp= 3183.5143> <PB=10000000> 
<DWph=1> <it= 14> <et=39.56> <Mt= 0.00> <Spt= 0.32> <nCl=  2> <al=0.00> <DB= 3183.5143> <Mlp= 3183.5143> <PB=10000000> 
    RCSP exact solver info for graph G_0 : TT = 0.642012, pt = 0.002801, dt = 0.59768, ct = 0.040079, ndl = 67752', bdl = 5225359', odl = 50271', odf = 999585', bsi = 1517', cnt = 3281291', bdch = 91470077', odch = 13229152', lcp = 3104865', #sols = 150
<DWph=0> <it= 15> <et=40.25> <Mt= 0.01> <Spt= 0.68> <nCl=150> <al=0.00> <DB= 2818.3296> <Mlp= 3183.5143> <PB=10000000> 
    RCSP exact solver info for graph G_0 : TT = 0.588432, pt = 0.003117, dt = 0.550751, ct = 0.033129, ndl = 63911', bdl = 5008721', odl = 49608', odf = 947346', bsi = 1476', cnt = 1885817', bdch = 83529203', odch = 9886084', lcp = 2406965', #sols = 150
<DWph=0> <it= 16> <et=40.93> <Mt= 0.06> <Spt= 0.62> <nCl= 93> <al=0.02> <DB= 3008.2508> <Mlp= 3183.1507> <PB=10000000> 
    RCSP exact solver info for graph G_0 : TT = 0.598868, pt = 0.003316, dt = 0.560005, ct = 0.034093, ndl = 63283', bdl = 4946845', odl = 48726', odf = 937880', bsi = 1476', cnt = 2099646', bdch = 81304980', odch = 10055572', lcp = 2431892', #sols = 150
<DWph=0> <it= 17> <et=41.58> <Mt= 0.04> <Spt= 0.61> <nCl= 30> <al=0.12> <DB= 3099.8698> <Mlp= 3183.0830> <PB=10000000> 
    RCSP exact solver info for graph G_0 : TT = 0.592709, pt = 0.003121, dt = 0.5504, ct = 0.037675, ndl = 62488', bdl = 4888701', odl = 48706', odf = 928551', bsi = 1494', cnt = 2008507', bdch = 79653985', odch = 9883477', lcp = 2416740', #sols = 150
<DWph=0> <it= 18> <et=42.20> <Mt= 0.01> <Spt= 0.60> <nCl= 15> <al=0.21> <DB= 3166.0062> <Mlp= 3183.0824> <PB=10000000> 
    RCSP exact solver info for graph G_0 : TT = 0.587542, pt = 0.003194, dt = 0.548876, ct = 0.033941, ndl = 62911', bdl = 4933408', odl = 48894', odf = 936937', bsi = 1457', cnt = 2108335', bdch = 80953413', odch = 10284011', lcp = 2466782', #sols = 150
<DWph=0> <it= 19> <et=42.80> <Mt= 0.01> <Spt= 0.60> <nCl= 17> <al=0.11> <DB= 3174.9849> <Mlp= 3183.0824> <PB=10000000> 
    RCSP exact solver info for graph G_0 : TT = 0.560742, pt = 0.00302, dt = 0.524829, ct = 0.031416, ndl = 62337', bdl = 4897677', odl = 48645', odf = 926496', bsi = 1495', cnt = 1894690', bdch = 79550019', odch = 9811847', lcp = 2386032', #sols = 150
    RCSP exact solver info for graph G_0 : TT = 0.554874, pt = 0.002753, dt = 0.518948, ct = 0.031752, ndl = 62152', bdl = 4882073', odl = 48294', odf = 924928', bsi = 1456', cnt = 2029576', bdch = 78899879', odch = 10026489', lcp = 2419825', #sols = 150
<DWph=0> <it= 20> <et=43.94> <Mt= 0.00> <Spt= 1.14> <nCl= 31> <al=0.00> <DB= 3183.0824> <Mlp= 3183.0824> <PB=10000000> 
RCSP solver dynamic params and stats :  bidir.bord. = 375 aver.obdmd = 98.0656 aver.buck.num. = 101 nbR1C = 112 with avMem = 13.75
@@ 1 8 3183.08 0.584796 0.637759 92.4596 43.95
    Full reduced cost fixing is not called (gap ratio is 0.999996)
ColGenEvalAlg final dual bound: 3183.08 (rounded: 3184)
False gap improvement since the last cut separation : 0.00801912 (3180.53)
Separator R1C not in maximum phase
Cut generation tailing off counter increased to 0
Current active cuts : CAP(14,179.333) R1C(16+96,207.862) 1rowPackR1C(16) 3rowPackR1C(66) 4rowPackR1C(30)
Shrinking heuristic shrunk 29 edges
In total 2 RCC cut(s) are found by the Fractional capacity min-cut heuristic 
In total 10 RCC cut(s) are found by the global pool greedy search heuristic 
10 Rank-1 1-rows pack. cuts added ,  max viol. = 0.0886739, aver. viol. = 0.0505315
150 Rank-1 3-rows pack. cuts added ,  max viol. = 0.248248, aver. viol. = 0.138989
Building structures for heuristic rank-1 packing cut separation...done!
100 Rank-1 4-rows pack. cuts added ,  max viol. = 0.23579, aver. viol. = 0.131226
100 Rank-1 5-rows pack. cuts added ,  max viol. = 0.240286, aver. viol. = 0.226476
----- Add fac. cuts : CAP(12) R1C(360), max.viol = 0.34341, aver.viol = 0.175228, sep/add took 0.653135/0.967442 sec. -----
8916 columns (8916 active), 775 dyn. constrs. (500 active), 1796 art. vars. (742 active)
<DWph=2> <it=  1> <et=45.99> <Mt= 0.25> <Spt= 0.11> <nCl= 12> <al=0.50> <DB= 2946.3841> <Mlp= 3187.6460> <PB=10000000> 
<DWph=2> <it=  2> <et=46.46> <Mt= 0.37> <Spt= 0.10> <nCl= 16> <al=0.55> <DB= 2465.4304> <Mlp= 3187.4245> <PB=10000000> 
<DWph=2> <it=  3> <et=47.08> <Mt= 0.51> <Spt= 0.12> <nCl=  6> <al=0.60> <DB= 3184.7196> <Mlp= 3187.1248> <PB=10000000> 
<DWph=2> <it=  4> <et=47.22> <Mt= 0.02> <Spt= 0.11> <nCl= 18> <al=0.50> <DB= 2839.2111> <Mlp= 3187.1248> <PB=10000000> 
<DWph=2> <it=  5> <et=47.39> <Mt= 0.05> <Spt= 0.12> <nCl=  8> <al=0.55> <DB= 2896.4497> <Mlp= 3187.0936> <PB=10000000> 
<DWph=2> <it=  6> <et=47.56> <Mt= 0.06> <Spt= 0.11> <nCl=  3> <al=0.59> <DB= 3085.0544> <Mlp= 3187.0815> <PB=10000000> 
<DWph=2> <it=  7> <et=47.79> <Mt= 0.01> <Spt= 0.22> <nCl= 15> <al=0.26> <DB= 3034.3584> <Mlp= 3187.0815> <PB=10000000> 
<DWph=2> <it=  8> <et=47.93> <Mt= 0.03> <Spt= 0.11> <nCl=  3> <al=0.53> <DB= 3186.2773> <Mlp= 3187.0592> <PB=10000000> 
<DWph=2> <it=  9> <et=48.06> <Mt= 0.02> <Spt= 0.12> <nCl=  9> <al=0.43> <DB= 3049.0714> <Mlp= 3187.0592> <PB=10000000> 
<DWph=2> <it= 10> <et=48.19> <Mt= 0.01> <Spt= 0.11> <nCl=  5> <al=0.49> <DB= 3070.0122> <Mlp= 3187.0592> <PB=10000000> 
<DWph=2> <it= 11> <et=48.43> <Mt= 0.01> <Spt= 0.23> <nCl= 10> <al=0.08> <DB= 3083.3428> <Mlp= 3187.0592> <PB=10000000> 
<DWph=2> <it= 12> <et=48.57> <Mt= 0.02> <Spt= 0.11> <nCl=  7> <al=0.44> <DB= 2976.6108> <Mlp= 3187.0588> <PB=10000000> 
<DWph=2> <it= 13> <et=48.71> <Mt= 0.03> <Spt= 0.12> <nCl=  9> <al=0.50> <DB= 3040.3943> <Mlp= 3186.9765> <PB=10000000> 
<DWph=2> <it= 14> <et=48.85> <Mt= 0.03> <Spt= 0.11> <nCl=  3> <al=0.55> <DB= 3186.7906> <Mlp= 3186.9753> <PB=10000000> 
<DWph=2> <it= 15> <et=48.98> <Mt= 0.01> <Spt= 0.11> <nCl= 12> <al=0.45> <DB= 3052.1705> <Mlp= 3186.9753> <PB=10000000> 
<DWph=2> <it= 16> <et=49.12> <Mt= 0.03> <Spt= 0.12> <nCl=  3> <al=0.50> <DB= 3146.5963> <Mlp= 3186.9728> <PB=10000000> 
<DWph=2> <it= 17> <et=49.25> <Mt= 0.02> <Spt= 0.11> <nCl=  4> <al=0.55> <DB= 3089.5980> <Mlp= 3186.9725> <PB=10000000> 
<DWph=2> <it= 18> <et=49.37> <Mt= 0.01> <Spt= 0.10> <nCl=  9> <al=0.45> <DB= 2809.4567> <Mlp= 3186.9725> <PB=10000000> 
<DWph=2> <it= 19> <et=49.85> <Mt= 0.38> <Spt= 0.11> <nCl=  9> <al=0.51> <DB= 3028.3337> <Mlp= 3186.9430> <PB=10000000> 
<DWph=2> <it= 20> <et=49.99> <Mt= 0.01> <Spt= 0.12> <nCl=  9> <al=0.56> <DB= 2928.2014> <Mlp= 3186.9430> <PB=10000000> 
<DWph=2> <it= 21> <et=50.14> <Mt= 0.04> <Spt= 0.12> <nCl= 11> <al=0.46> <DB= 2956.5031> <Mlp= 3186.9346> <PB=10000000> 
<DWph=2> <it= 22> <et=50.30> <Mt= 0.04> <Spt= 0.11> <nCl=  4> <al=0.51> <DB= 3160.6362> <Mlp= 3186.9226> <PB=10000000> 
<DWph=2> <it= 23> <et=50.53> <Mt= 0.01> <Spt= 0.21> <nCl= 27> <al=0.00> <DB= 2372.8275> <Mlp= 3186.9226> <PB=10000000> 
<DWph=2> <it= 24> <et=50.67> <Mt= 0.03> <Spt= 0.11> <nCl=  8> <al=0.31> <DB= 2829.1510> <Mlp= 3186.9113> <PB=10000000> 
<DWph=2> <it= 25> <et=50.82> <Mt= 0.05> <Spt= 0.11> <nCl=  5> <al=0.21> <DB= 3117.5814> <Mlp= 3186.9072> <PB=10000000> 
<DWph=2> <it= 26> <et=51.03> <Mt= 0.02> <Spt= 0.19> <nCl=  8> <al=0.00> <DB= 3063.7762> <Mlp= 3186.9051> <PB=10000000> 
<DWph=2> <it= 27> <et=51.24> <Mt= 0.09> <Spt= 0.11> <nCl= 10> <al=0.19> <DB= 2764.4329> <Mlp= 3186.8823> <PB=10000000> 
<DWph=2> <it= 28> <et=51.35> <Mt= 0.11> <Spt= 0.00> <nCl=  0> <al=0.09> <DB= 2764.4329> <Mlp= 3186.8356> <PB=10000000> 
<DWph=1> <it= 29> <et=51.59> <Mt= 0.01> <Spt= 0.24> <nCl= 19> <al=0.09> <DB= 3039.4988> <Mlp= 3186.8356> <PB=10000000> 
<DWph=1> <it= 30> <et=51.88> <Mt= 0.04> <Spt= 0.24> <nCl= 14> <al=0.18> <DB= 2892.3970> <Mlp= 3186.8134> <PB=10000000> 
<DWph=1> <it= 31> <et=52.14> <Mt= 0.03> <Spt= 0.23> <nCl=  5> <al=0.26> <DB= 2786.2121> <Mlp= 3186.8087> <PB=10000000> 
<DWph=1> <it= 32> <et=52.42> <Mt= 0.04> <Spt= 0.24> <nCl= 11> <al=0.34> <DB= 3117.2161> <Mlp= 3186.7973> <PB=10000000> 
<DWph=1> <it= 33> <et=52.67> <Mt= 0.03> <Spt= 0.22> <nCl=  5> <al=0.24> <DB= 2990.1940> <Mlp= 3186.7912> <PB=10000000> 
<DWph=1> <it= 34> <et=52.93> <Mt= 0.03> <Spt= 0.23> <nCl=  5> <al=0.31> <DB= 2939.3834> <Mlp= 3186.7872> <PB=10000000> 
<DWph=1> <it= 35> <et=53.16> <Mt= 0.01> <Spt= 0.22> <nCl=  2> <al=0.21> <DB= 3021.3042> <Mlp= 3186.7872> <PB=10000000> 
<DWph=1> <it= 36> <et=53.43> <Mt= 0.02> <Spt= 0.25> <nCl=  4> <al=0.29> <DB= 2696.0455> <Mlp= 3186.7872> <PB=10000000> 
<DWph=1> <it= 37> <et=53.68> <Mt= 0.02> <Spt= 0.23> <nCl=  1> <al=0.36> <DB= 3091.3241> <Mlp= 3186.7872> <PB=10000000> 
<DWph=1> <it= 38> <et=54.11> <Mt= 0.01> <Spt= 0.43> <nCl=  6> <al=0.00> <DB= 3102.1484> <Mlp= 3186.7872> <PB=10000000> 
<DWph=1> <it= 39> <et=54.35> <Mt= 0.00> <Spt= 0.22> <nCl=  2> <al=0.16> <DB= 3110.9259> <Mlp= 3186.7872> <PB=10000000> 
<DWph=1> <it= 40> <et=54.58> <Mt= 0.01> <Spt= 0.22> <nCl=  1> <al=0.06> <DB= 3181.7818> <Mlp= 3186.7872> <PB=10000000> 
<DWph=1> <it= 41> <et=54.77> <Mt= 0.01> <Spt= 0.19> <nCl=  1> <al=0.00> <DB= 3186.7872> <Mlp= 3186.7872> <PB=10000000> 
    RCSP exact solver info for graph G_0 : TT = 1.32477, pt = 0.003899, dt = 1.23509, ct = 0.084109, ndl = 105286', bdl = 7732226', odl = 64611', odf = 1569992', bsi = 1685', cnt = 4792638', bdch = 192079538', odch = 27278703', lcp = 5889612', #sols = 150
<DWph=0> <it= 42> <et=56.16> <Mt= 0.01> <Spt= 1.38> <nCl=150> <al=0.00> <DB= 2762.4037> <Mlp= 3186.7872> <PB=10000000> 
    RCSP exact solver info for graph G_0 : TT = 0.983529, pt = 0.004609, dt = 0.915186, ct = 0.062225, ndl = 89601', bdl = 6684714', odl = 59135', odf = 1309526', bsi = 1655', cnt = 3471349', bdch = 144876424', odch = 20219408', lcp = 4450946', #sols = 150
<DWph=0> <it= 43> <et=58.16> <Mt= 0.96> <Spt= 1.04> <nCl=150> <al=0.00> <DB= 2716.7700> <Mlp= 3186.3721> <PB=10000000> 
    RCSP exact solver info for graph G_0 : TT = 1.07082, pt = 0.004936, dt = 0.99531, ct = 0.069157, ndl = 93760', bdl = 7001211', odl = 61740', odf = 1387299', bsi = 1599', cnt = 4439683', bdch = 159106982', odch = 21304622', lcp = 4758570', #sols = 150
<DWph=0> <it= 44> <et=59.70> <Mt= 0.41> <Spt= 1.13> <nCl=150> <al=0.00> <DB= 2889.8351> <Mlp= 3186.3056> <PB=10000000> 
    RCSP exact solver info for graph G_0 : TT = 0.970873, pt = 0.004649, dt = 0.904653, ct = 0.060061, ndl = 84945', bdl = 6414218', odl = 59463', odf = 1277390', bsi = 1497', cnt = 2963584', bdch = 134872818', odch = 17506872', lcp = 3920377', #sols = 150
<DWph=0> <it= 45> <et=60.79> <Mt= 0.09> <Spt= 1.00> <nCl= 70> <al=0.08> <DB= 3055.5905> <Mlp= 3186.2761> <PB=10000000> 
    RCSP exact solver info for graph G_0 : TT = 0.99414, pt = 0.00494, dt = 0.929304, ct = 0.058209, ndl = 86324', bdl = 6529326', odl = 59519', odf = 1293286', bsi = 1483', cnt = 2839619', bdch = 138778480', odch = 18003010', lcp = 3990303', #sols = 150
<DWph=0> <it= 46> <et=61.84> <Mt= 0.03> <Spt= 1.02> <nCl= 41> <al=0.17> <DB= 3095.7730> <Mlp= 3186.2689> <PB=10000000> 
    RCSP exact solver info for graph G_0 : TT = 1.03012, pt = 0.004819, dt = 0.96641, ct = 0.057379, ndl = 86570', bdl = 6531235', odl = 59335', odf = 1295003', bsi = 1487', cnt = 3014331', bdch = 139653776', odch = 18244210', lcp = 4049730', #sols = 150
<DWph=0> <it= 47> <et=62.92> <Mt= 0.04> <Spt= 1.04> <nCl= 18> <al=0.25> <DB= 3077.8752> <Mlp= 3186.2661> <PB=10000000> 
    RCSP exact solver info for graph G_0 : TT = 0.994183, pt = 0.004868, dt = 0.93132, ct = 0.056467, ndl = 87093', bdl = 6575118', odl = 60104', odf = 1303943', bsi = 1455', cnt = 2920173', bdch = 141913838', odch = 18017109', lcp = 4024180', #sols = 150
    RCSP exact solver info for graph G_0 : TT = 0.874693, pt = 0.003672, dt = 0.816922, ct = 0.052548, ndl = 86123', bdl = 6517004', odl = 59435', odf = 1287939', bsi = 1456', cnt = 2868642', bdch = 138260532', odch = 17899882', lcp = 4001940', #sols = 150
<DWph=0> <it= 48> <et=64.83> <Mt= 0.01> <Spt= 1.89> <nCl= 36> <al=0.00> <DB= 3181.9197> <Mlp= 3186.2660> <PB=10000000> 
    RCSP exact solver info for graph G_0 : TT = 0.874293, pt = 0.003728, dt = 0.816824, ct = 0.052308, ndl = 86216', bdl = 6522904', odl = 59390', odf = 1289029', bsi = 1438', cnt = 2870762', bdch = 138499593', odch = 17912434', lcp = 4000384', #sols = 150
    RCSP exact solver info for graph G_0 : TT = 0.909631, pt = 0.00379, dt = 0.848118, ct = 0.056142, ndl = 86288', bdl = 6528666', odl = 59328', odf = 1289654', bsi = 1442', cnt = 2874562', bdch = 138599176', odch = 17910391', lcp = 3994985', #sols = 150
<DWph=0> <it= 49> <et=66.64> <Mt= 0.01> <Spt= 1.80> <nCl=  4> <al=0.00> <DB= 3186.2660> <Mlp= 3186.2660> <PB=10000000> 
RCSP solver dynamic params and stats :  bidir.bord. = 375 aver.obdmd = 98.0656 aver.buck.num. = 101 nbR1C = 141 with avMem = 14.9291
@@ 1 9 3186.27 0.996774 1.3192 92.4596 66.64
    Full reduced cost fixing is not called (gap ratio is 0.999996)
ColGenEvalAlg final dual bound: 3186.27 (rounded: 3187)
False gap improvement since the last cut separation : 0.0100018 (3183.08)
Cut generation tailing off counter increased to 1
Current active cuts : CAP(13,139.452) R1C(15+126,272.753) 1rowPackR1C(15) 3rowPackR1C(74) 4rowPackR1C(45) 5rowPackR1C(7)
Shrinking heuristic shrunk 31 edges
In total 1 RCC cut(s) are found by the Fractional capacity min-cut heuristic 
In total 3 RCC cut(s) are found by the global pool greedy search heuristic 
3 Rank-1 1-rows pack. cuts added ,  max viol. = 0.0349068, aver. viol. = 0.029783
150 Rank-1 3-rows pack. cuts added ,  max viol. = 0.145415, aver. viol. = 0.0756201
Building structures for heuristic rank-1 packing cut separation...done!
100 Rank-1 4-rows pack. cuts added ,  max viol. = 0.191454, aver. viol. = 0.0973798
100 Rank-1 5-rows pack. cuts added ,  max viol. = 0.238304, aver. viol. = 0.166848
----- Add fac. cuts : CAP(4) R1C(353), max.viol = 0.238304, aver.viol = 0.113263, sep/add took 0.645097/1.01826 sec. -----
9854 columns (9854 active), 867 dyn. constrs. (513 active), 2153 art. vars. (755 active)
<DWph=2> <it=  1> <et=68.85> <Mt= 0.34> <Spt= 0.12> <nCl= 24> <al=0.50> <DB= 2716.2196> <Mlp= 3190.0176> <PB=10000000> 
<DWph=2> <it=  2> <et=69.10> <Mt= 0.14> <Spt= 0.11> <nCl=  8> <al=0.55> <DB= 3078.1854> <Mlp= 3189.6631> <PB=10000000> 
<DWph=2> <it=  3> <et=69.29> <Mt= 0.07> <Spt= 0.11> <nCl=  5> <al=0.60> <DB= 3114.6218> <Mlp= 3189.6251> <PB=10000000> 
<DWph=2> <it=  4> <et=69.45> <Mt= 0.06> <Spt= 0.10> <nCl=  4> <al=0.64> <DB= 3149.1897> <Mlp= 3189.5565> <PB=10000000> 
<DWph=2> <it=  5> <et=69.65> <Mt= 0.09> <Spt= 0.11> <nCl=  4> <al=0.67> <DB= 3164.5759> <Mlp= 3189.5138> <PB=10000000> 
<DWph=2> <it=  6> <et=69.80> <Mt= 0.05> <Spt= 0.10> <nCl=  1> <al=0.70> <DB= 3187.2183> <Mlp= 3189.4914> <PB=10000000> 
<DWph=2> <it=  7> <et=69.96> <Mt= 0.04> <Spt= 0.12> <nCl=  6> <al=0.60> <DB= 2652.7540> <Mlp= 3189.4823> <PB=10000000> 
<DWph=2> <it=  8> <et=70.15> <Mt= 0.07> <Spt= 0.12> <nCl=  2> <al=0.64> <DB= 3188.0110> <Mlp= 3189.4469> <PB=10000000> 
<DWph=2> <it=  9> <et=70.31> <Mt= 0.02> <Spt= 0.13> <nCl= 11> <al=0.54> <DB= 3010.2209> <Mlp= 3189.4444> <PB=10000000> 
<DWph=2> <it= 10> <et=70.51> <Mt= 0.07> <Spt= 0.13> <nCl=  9> <al=0.59> <DB= 3092.6057> <Mlp= 3189.3767> <PB=10000000> 
<DWph=2> <it= 11> <et=70.68> <Mt= 0.06> <Spt= 0.11> <nCl=  7> <al=0.63> <DB= 3161.7950> <Mlp= 3189.3430> <PB=10000000> 
<DWph=2> <it= 12> <et=70.94> <Mt= 0.02> <Spt= 0.24> <nCl= 12> <al=0.34> <DB= 2838.5510> <Mlp= 3189.3421> <PB=10000000> 
<DWph=2> <it= 13> <et=71.15> <Mt= 0.07> <Spt= 0.14> <nCl=  8> <al=0.57> <DB= 3130.2766> <Mlp= 3189.3105> <PB=10000000> 
<DWph=2> <it= 14> <et=71.30> <Mt= 0.03> <Spt= 0.12> <nCl=  2> <al=0.61> <DB= 3032.0037> <Mlp= 3189.3050> <PB=10000000> 
<DWph=2> <it= 15> <et=71.61> <Mt= 0.07> <Spt= 0.24> <nCl= 13> <al=0.30> <DB= 2341.6163> <Mlp= 3189.2197> <PB=10000000> 
<DWph=2> <it= 16> <et=71.81> <Mt= 0.07> <Spt= 0.12> <nCl=  2> <al=0.55> <DB= 3149.8519> <Mlp= 3189.1912> <PB=10000000> 
<DWph=2> <it= 17> <et=71.96> <Mt= 0.04> <Spt= 0.12> <nCl=  1> <al=0.59> <DB= 3099.4746> <Mlp= 3189.1852> <PB=10000000> 
<DWph=2> <it= 18> <et=72.23> <Mt= 0.01> <Spt= 0.26> <nCl= 23> <al=0.27> <DB= 1779.1037> <Mlp= 3189.1848> <PB=10000000> 
<DWph=2> <it= 19> <et=72.51> <Mt= 0.02> <Spt= 0.25> <nCl= 17> <al=0.07> <DB= 2987.7096> <Mlp= 3189.1842> <PB=10000000> 
<DWph=2> <it= 20> <et=72.71> <Mt= 0.05> <Spt= 0.13> <nCl=  5> <al=0.44> <DB= 3023.0972> <Mlp= 3189.1653> <PB=10000000> 
<DWph=2> <it= 21> <et=72.85> <Mt= 0.02> <Spt= 0.12> <nCl=  2> <al=0.49> <DB= 3094.4807> <Mlp= 3189.1637> <PB=10000000> 
<DWph=2> <it= 22> <et=73.01> <Mt= 0.04> <Spt= 0.13> <nCl=  6> <al=0.54> <DB= 2653.8305> <Mlp= 3189.1509> <PB=10000000> 
<DWph=2> <it= 23> <et=73.19> <Mt= 0.04> <Spt= 0.13> <nCl=  4> <al=0.59> <DB= 2887.7402> <Mlp= 3189.1288> <PB=10000000> 
<DWph=2> <it= 24> <et=73.33> <Mt= 0.02> <Spt= 0.13> <nCl=  2> <al=0.49> <DB= 2824.8550> <Mlp= 3189.1279> <PB=10000000> 
<DWph=2> <it= 25> <et=73.51> <Mt= 0.04> <Spt= 0.13> <nCl=  2> <al=0.39> <DB= 2990.1711> <Mlp= 3189.1144> <PB=10000000> 
<DWph=2> <it= 26> <et=73.67> <Mt= 0.03> <Spt= 0.13> <nCl=  4> <al=0.29> <DB= 2775.4962> <Mlp= 3189.1126> <PB=10000000> 
<DWph=2> <it= 27> <et=73.84> <Mt= 0.03> <Spt= 0.14> <nCl=  3> <al=0.36> <DB= 3027.5169> <Mlp= 3189.0968> <PB=10000000> 
<DWph=2> <it= 28> <et=73.98> <Mt= 0.02> <Spt= 0.12> <nCl=  5> <al=0.26> <DB= 3065.0892> <Mlp= 3189.0966> <PB=10000000> 
<DWph=2> <it= 29> <et=74.12> <Mt= 0.01> <Spt= 0.13> <nCl=  5> <al=0.16> <DB= 2915.3693> <Mlp= 3189.0965> <PB=10000000> 
<DWph=2> <it= 30> <et=74.31> <Mt= 0.05> <Spt= 0.13> <nCl=  1> <al=0.24> <DB= 3022.0006> <Mlp= 3189.0728> <PB=10000000> 
<DWph=2> <it= 31> <et=74.46> <Mt= 0.03> <Spt= 0.12> <nCl=  4> <al=0.32> <DB= 2924.4420> <Mlp= 3189.0698> <PB=10000000> 
<DWph=2> <it= 32> <et=74.61> <Mt= 0.02> <Spt= 0.14> <nCl=  4> <al=0.22> <DB= 3015.8708> <Mlp= 3189.0595> <PB=10000000> 
<DWph=2> <it= 33> <et=74.75> <Mt= 0.02> <Spt= 0.12> <nCl=  1> <al=0.30> <DB= 3036.7853> <Mlp= 3189.0578> <PB=10000000> 
<DWph=2> <it= 34> <et=74.99> <Mt= 0.02> <Spt= 0.22> <nCl=  8> <al=0.00> <DB= 2617.5443> <Mlp= 3189.0577> <PB=10000000> 
<DWph=2> <it= 35> <et=75.14> <Mt= 0.01> <Spt= 0.13> <nCl=  1> <al=0.10> <DB= 3162.5171> <Mlp= 3189.0576> <PB=10000000> 
<DWph=2> <it= 36> <et=75.40> <Mt= 0.02> <Spt= 0.24> <nCl=  7> <al=0.00> <DB= 3153.4921> <Mlp= 3189.0554> <PB=10000000> 
<DWph=2> <it= 37> <et=75.64> <Mt= 0.01> <Spt= 0.23> <nCl=  1> <al=0.00> <DB= 3189.0554> <Mlp= 3189.0554> <PB=10000000> 
<DWph=1> <it= 38> <et=75.88> <Mt= 0.01> <Spt= 0.23> <nCl= 19> <al=0.00> <DB= 2605.4097> <Mlp= 3189.0554> <PB=10000000> 
<DWph=1> <it= 39> <et=76.39> <Mt= 0.27> <Spt= 0.24> <nCl= 13> <al=0.09> <DB= 2965.2372> <Mlp= 3188.5532> <PB=10000000> 
<DWph=1> <it= 40> <et=76.67> <Mt= 0.04> <Spt= 0.24> <nCl= 11> <al=0.18> <DB= 2940.0161> <Mlp= 3188.5417> <PB=10000000> 
<DWph=1> <it= 41> <et=76.95> <Mt= 0.05> <Spt= 0.24> <nCl= 10> <al=0.08> <DB= 2973.0347> <Mlp= 3188.5289> <PB=10000000> 
<DWph=1> <it= 42> <et=77.24> <Mt= 0.04> <Spt= 0.23> <nCl=  6> <al=0.17> <DB= 3117.5096> <Mlp= 3188.5081> <PB=10000000> 
<DWph=1> <it= 43> <et=77.49> <Mt= 0.03> <Spt= 0.23> <nCl=  7> <al=0.07> <DB= 3017.5034> <Mlp= 3188.5067> <PB=10000000> 
<DWph=1> <it= 44> <et=77.76> <Mt= 0.04> <Spt= 0.23> <nCl=  2> <al=0.16> <DB= 3153.6264> <Mlp= 3188.5033> <PB=10000000> 
<DWph=1> <it= 45> <et=78.21> <Mt= 0.01> <Spt= 0.44> <nCl=  3> <al=0.00> <DB= 3034.2786> <Mlp= 3188.5030> <PB=10000000> 
<DWph=1> <it= 46> <et=78.66> <Mt= 0.01> <Spt= 0.44> <nCl=  0> <al=0.00> <DB= 3188.5030> <Mlp= 3188.5030> <PB=10000000> 
    RCSP exact solver info for graph G_0 : TT = 1.42969, pt = 0.005005, dt = 1.31085, ct = 0.112262, ndl = 116844', bdl = 8503819', odl = 72307', odf = 1811258', bsi = 1562', cnt = 6280034', bdch = 225294194', odch = 33856111', lcp = 6556968', #sols = 150
<DWph=0> <it= 47> <et=80.16> <Mt= 0.01> <Spt= 1.49> <nCl=150> <al=0.05> <DB= 2591.9827> <Mlp= 3188.5030> <PB=10000000> 
    RCSP exact solver info for graph G_0 : TT = 3.189, pt = 0.005024, dt = 3.07552, ct = 0.106843, ndl = 109611', bdl = 8032144', odl = 69249', odf = 1675970', bsi = 1512', cnt = 6981282', bdch = 203642886', odch = 27970984', lcp = 5702925', #sols = 150
<DWph=0> <it= 48> <et=81.74> <Mt= 0.20> <Spt= 1.37> <nCl=127> <al=0.00> <DB= 2988.5607> <Mlp= 3188.4072> <PB=10000000> 
    RCSP exact solver info for graph G_0 : TT = 1.37103, pt = 0.0055, dt = 1.25536, ct = 0.108634, ndl = 110824', bdl = 8129536', odl = 69864', odf = 1689954', bsi = 1486', cnt = 6726761', bdch = 208718200', odch = 28392145', lcp = 5787376', #sols = 150
<DWph=0> <it= 49> <et=83.22> <Mt= 0.08> <Spt= 1.40> <nCl= 44> <al=0.05> <DB= 3115.3960> <Mlp= 3188.3663> <PB=10000000> 
    RCSP exact solver info for graph G_0 : TT = 1.43797, pt = 0.005131, dt = 1.31589, ct = 0.115187, ndl = 112740', bdl = 8248317', odl = 70102', odf = 1716508', bsi = 1518', cnt = 7281600', bdch = 215153477', odch = 29812561', lcp = 5968131', #sols = 150
<DWph=0> <it= 50> <et=84.70> <Mt= 0.04> <Spt= 1.45> <nCl= 15> <al=0.15> <DB= 3177.5556> <Mlp= 3188.3630> <PB=10000000> 
    RCSP exact solver info for graph G_0 : TT = 1.43712, pt = 0.005499, dt = 1.31773, ct = 0.112249, ndl = 113188', bdl = 8288703', odl = 70347', odf = 1726234', bsi = 1485', cnt = 7318865', bdch = 217127110', odch = 29932028', lcp = 5984758', #sols = 150
<DWph=0> <it= 51> <et=86.17> <Mt= 0.01> <Spt= 1.45> <nCl= 24> <al=0.05> <DB= 3171.2581> <Mlp= 3188.3630> <PB=10000000> 
    RCSP exact solver info for graph G_0 : TT = 1.43564, pt = 0.005096, dt = 1.30908, ct = 0.119894, ndl = 113464', bdl = 8301909', odl = 70226', odf = 1726144', bsi = 1472', cnt = 7343983', bdch = 218095713', odch = 30138006', lcp = 6030001', #sols = 150
    RCSP exact solver info for graph G_0 : TT = 1.38525, pt = 0.00497, dt = 1.27036, ct = 0.108345, ndl = 112558', bdl = 8244366', odl = 70007', odf = 1714292', bsi = 1491', cnt = 7223474', bdch = 215022216', odch = 29676609', lcp = 5948160', #sols = 150
<DWph=0> <it= 52> <et=89.03> <Mt= 0.01> <Spt= 2.85> <nCl= 28> <al=0.00> <DB= 3188.3630> <Mlp= 3188.3630> <PB=10000000> 
RCSP solver dynamic params and stats :  bidir.bord. = 375 aver.obdmd = 98.0656 aver.buck.num. = 101 nbR1C = 170 with avMem = 15.7706
@@ 1 10 3188.36 1.6626 3.18236 92.4596 89.03
    Full reduced cost fixing is not called (gap ratio is 0.999996)
ColGenEvalAlg final dual bound: 3188.36 (rounded: 3189)
False gap improvement since the last cut separation : 0.0065812 (3186.27)
Cut generation tailing off counter increased to 2
Current active cuts : CAP(12,163.93) R1C(13+157,307.34) 1rowPackR1C(13) 3rowPackR1C(75) 4rowPackR1C(63) 5rowPackR1C(19)
Shrinking heuristic shrunk 25 edges
In total 9 RCC cut(s) are found by the global pool greedy search heuristic 
4 Rank-1 1-rows pack. cuts added ,  max viol. = 0.046539, aver. viol. = 0.0354574
150 Rank-1 3-rows pack. cuts added ,  max viol. = 0.15434, aver. viol. = 0.0844509
Building structures for heuristic rank-1 packing cut separation...done!
100 Rank-1 4-rows pack. cuts added ,  max viol. = 0.124354, aver. viol. = 0.0417878
100 Rank-1 5-rows pack. cuts added ,  max viol. = 0.137928, aver. viol. = 0.100878
----- Add fac. cuts : CAP(9) R1C(354), max.viol = 0.234651, aver.viol = 0.0941854, sep/add took 0.930513/0.896084 sec. -----
10537 columns (7132 active), 887 dyn. constrs. (547 active), 2516 art. vars. (789 active)
<DWph=2> <it=  1> <et=91.37> <Mt= 0.28> <Spt= 0.12> <nCl= 10> <al=0.50> <DB= 3119.8146> <Mlp= 3190.4543> <PB=10000000> 
<DWph=2> <it=  2> <et=91.56> <Mt= 0.08> <Spt= 0.13> <nCl=  8> <al=0.55> <DB= 2933.7278> <Mlp= 3190.3757> <PB=10000000> 
<DWph=2> <it=  3> <et=91.88> <Mt= 0.06> <Spt= 0.25> <nCl= 19> <al=0.19> <DB= 2608.8272> <Mlp= 3190.3461> <PB=10000000> 
<DWph=2> <it=  4> <et=92.08> <Mt= 0.06> <Spt= 0.14> <nCl=  8> <al=0.50> <DB= 3152.2567> <Mlp= 3190.3323> <PB=10000000> 
<DWph=2> <it=  5> <et=92.24> <Mt= 0.03> <Spt= 0.13> <nCl=  1> <al=0.55> <DB= 3189.6951> <Mlp= 3190.3299> <PB=10000000> 
<DWph=2> <it=  6> <et=92.40> <Mt= 0.02> <Spt= 0.14> <nCl= 15> <al=0.45> <DB= 3007.9808> <Mlp= 3190.3289> <PB=10000000> 
<DWph=2> <it=  7> <et=92.60> <Mt= 0.06> <Spt= 0.14> <nCl=  4> <al=0.50> <DB= 3063.9529> <Mlp= 3190.3048> <PB=10000000> 
<DWph=2> <it=  8> <et=92.85> <Mt= 0.11> <Spt= 0.14> <nCl=  6> <al=0.55> <DB= 2721.1399> <Mlp= 3190.2812> <PB=10000000> 
<DWph=2> <it=  9> <et=93.04> <Mt= 0.04> <Spt= 0.14> <nCl=  1> <al=0.60> <DB= 3142.0217> <Mlp= 3190.2666> <PB=10000000> 
<DWph=2> <it= 10> <et=93.22> <Mt= 0.03> <Spt= 0.15> <nCl=  1> <al=0.64> <DB= 3111.7116> <Mlp= 3190.2650> <PB=10000000> 
<DWph=2> <it= 11> <et=93.53> <Mt= 0.03> <Spt= 0.28> <nCl=  8> <al=0.35> <DB= 3164.2470> <Mlp= 3190.2622> <PB=10000000> 
<DWph=2> <it= 12> <et=93.69> <Mt= 0.03> <Spt= 0.13> <nCl=  2> <al=0.57> <DB= 3153.6884> <Mlp= 3190.2575> <PB=10000000> 
<DWph=2> <it= 13> <et=94.01> <Mt= 0.03> <Spt= 0.29> <nCl=  2> <al=0.23> <DB= 3124.9765> <Mlp= 3190.2572> <PB=10000000> 
<DWph=2> <it= 14> <et=94.33> <Mt= 0.03> <Spt= 0.29> <nCl=  5> <al=0.03> <DB= 3099.9856> <Mlp= 3190.2566> <PB=10000000> 
<DWph=2> <it= 15> <et=94.51> <Mt= 0.03> <Spt= 0.15> <nCl=  1> <al=0.42> <DB= 3053.8525> <Mlp= 3190.2553> <PB=10000000> 
<DWph=2> <it= 16> <et=94.68> <Mt= 0.03> <Spt= 0.14> <nCl=  7> <al=0.32> <DB= 3171.5778> <Mlp= 3190.2546> <PB=10000000> 
<DWph=2> <it= 17> <et=94.98> <Mt= 0.02> <Spt= 0.28> <nCl=  4> <al=0.00> <DB= 3168.9179> <Mlp= 3190.2546> <PB=10000000> 
<DWph=2> <it= 18> <et=95.25> <Mt= 0.02> <Spt= 0.25> <nCl=  2> <al=0.00> <DB= 3190.2545> <Mlp= 3190.2545> <PB=10000000> 
<DWph=1> <it= 19> <et=95.50> <Mt= 0.00> <Spt= 0.24> <nCl= 15> <al=0.18> <DB= 2931.8114> <Mlp= 3190.2545> <PB=10000000> 
<DWph=1> <it= 20> <et=95.86> <Mt= 0.09> <Spt= 0.27> <nCl= 10> <al=0.08> <DB= 3158.4390> <Mlp= 3190.2390> <PB=10000000> 
<DWph=1> <it= 21> <et=96.14> <Mt= 0.03> <Spt= 0.25> <nCl=  5> <al=0.18> <DB= 3079.6917> <Mlp= 3190.2382> <PB=10000000> 
<DWph=1> <it= 22> <et=96.49> <Mt= 0.09> <Spt= 0.27> <nCl=  9> <al=0.08> <DB= 3076.0117> <Mlp= 3190.2257> <PB=10000000> 
<DWph=1> <it= 23> <et=96.80> <Mt= 0.04> <Spt= 0.26> <nCl=  3> <al=0.17> <DB= 3146.4331> <Mlp= 3190.2239> <PB=10000000> 
<DWph=1> <it= 24> <et=97.34> <Mt= 0.02> <Spt= 0.52> <nCl=  5> <al=0.00> <DB= 3186.9789> <Mlp= 3190.2237> <PB=10000000> 
<DWph=1> <it= 25> <et=97.86> <Mt= 0.01> <Spt= 0.50> <nCl=  3> <al=0.00> <DB= 3190.2236> <Mlp= 3190.2236> <PB=10000000> 
    RCSP exact solver info for graph G_0 : TT = 2.53143, pt = 0.005769, dt = 2.3208, ct = 0.202913, ndl = 167583', bdl = 12002923', odl = 90447', odf = 2629694', bsi = 1653', cnt = 10640287', bdch = 437734910', odch = 77537754', lcp = 14418395', #sols = 150
<DWph=0> <it= 26> <et=100.47> <Mt= 0.01> <Spt= 2.61> <nCl=150> <al=0.05> <DB= 2831.1975> <Mlp= 3190.2236> <PB=10000000> 
Shrinking heuristic shrunk 112 edges
<DWph=0> <it= 27> <et=102.80> <Mt= 2.33> <Spt= 0.00> <nCl=  0> <al=0.15> <DB= 3188.3630> <Mlp= 3189.0000> <PB=3189> 
RCSP solver dynamic params and stats :  bidir.bord. = 375 aver.obdmd = 98.0656 aver.buck.num. = 101 nbR1C = 180 with avMem = 16.4889
@@ 1 11 3188.36 2.52372 2.52372 92.4596 102.8
ColGenEvalAlg final dual bound: 3188.36 (rounded: 3189)
Gap improvement since the last cut separation : 1 (3188.36)
Current active cuts : CAP(15,222.415) R1C(12+192,313.258) 1rowPackR1C(12) 3rowPackR1C(78) 4rowPackR1C(77) 5rowPackR1C(37)
New model incumbent solution 3189, TIME = 0h1m42s89t = 10289
************************************************************************************************
Search is finished, global bounds : [ 3189 , 3189 ], TIME = 0h1m42s89t = 10289
************************************************************************************************
[32mBaPCod : solution defined.[00m
statistics_cols: instance & :Optimal & cutoff & :bcRecRootDb & :bcTimeRootEval & :bcCountNodeProc & :bcRecBestDb & :bcRecBestInc & :bcTimeMain \\
statistics: instance_35-triangle & 1 & 1.0e7 & 3189.00 & 102.89 & 1 & 3189.00 & 3189 & 102.89 \\
########################################################
Route #1: 8 5 85 80 91 96 27 1 114 18 6 21 117 14 64 56 
Route #2: 19 10 59 65 101 28 30 36 82 92 11 43 111 39 84 
Route #3: 34 3 73 54 7 76 108 86 70 25 38 77 49 50 
Route #4: 44 93 55 106 89 33 15 32 102 75 98 26 119 40 116 17 74 
Route #5: 46 62 31 113 90 57 79 35 2 81 105 66 118 
Route #6: 48 42 83 20 109 53 13 52 51 88 71 29 67 103 95 41 104 
Route #7: 60 115 9 47 16 24 45 120 58 100 72 22 63 68 78 107 
Route #8: 87 94 4 69 99 97 112 12 23 61 37 110 
Cost 3189
########################################################

end_time=2026-04-20 01:11:32
exit_code=0
