instance_file=/mnt/c/Users/porin/OneDrive/Documentos/Python-Mestrado/Modelagem Matemática/Programação Inteira - Uchoa/Problema VRPRDL/instancias_turco/VRPRDL-triangle/vrp_convertidos/instance_33-triangle.vrp
instance_name=instance_33-triangle
start_time=2026-04-20 01:06:37

  Activating project at `~/VRPSolver/VRPSolverDemos`
Application parameters:
  batch  =>  nothing
  instance  =>  "/mnt/c/Users/porin/OneDrive/Documentos/Python-Mestrado/Modelagem Matemática/Programação Inteira - Uchoa/Problema VRPRDL/instancias_turco/VRPRDL-triangle/vrp_convertidos/instance_33-triangle.vrp"
  noround  =>  false
  cfg  =>  "/home/poringman/VRPSolver/VRPSolverDemos/src/../config/CVRP.cfg"
  edge_cuts  =>  false
  out  =>  nothing
  ub  =>  1.0e7
  cluster_branching  =>  1.0
  sol  =>  nothing
  single_resource  =>  false
  strong_kpath_cuts  =>  false
  tikz  =>  nothing
  maxr  =>  999
  update  =>  false
  show_complete_form  =>  false
  nosolve  =>  false
  minr  =>  1
  low_edge_priority  =>  false
~~~~~~~~~~~~~~~~~~~~~~~~~~~~~~~~~~~~~~~~~~~~~~~~~~~~~~~~~~~~~~~~~~~~~~~~~~~~~~~~~~~~~
GIT VERSION RCSP: 
GIT BRANCH: 
~~~~~~~~~~~~~~~~~~~~~~~~~~~~~~~~~~~~~~~~~~~~~~~~~~~~~~~~~~~~~~~~~~~~~~~~~~~~~~~~~~~~~
VRPSolver v0.6.16, 10/11/2025, © Inria Bordeaux, France, vrpsolver.math.u-bordeaux.fr
      Corresponds to the solver by Pessoa, Sadykov, Uchoa and Vanderbeck (2020)
                 Paper: dx.doi.org/10.1007/s10107-020-01523-z
~~~~~~~~~~~~~~~~~~~~~~~~~~~~~~~~~~~~~~~~~~~~~~~~~~~~~~~~~~~~~~~~~~~~~~~~~~~~~~~~~~~~~
GIT VERSION BAPCOD: a7cb21f19424236c9d0da5dcf94961797a519470
GIT BRANCH: main
~~~~~~~~~~~~~~~~~~~~~~~~~~~~~~~~~~~~~~~~~~~~~~~~~~~~~~~~~~~~~~~~~~~~~~~~~~~~~~~~~~~~~
   BaPCod v0.84, 10/11/2025, © Inria Bordeaux, France, bapcod.math.u-bordeaux.fr 
           THIS CODE IS PROVIDED AS IS, USE IT AT YOUR OWN RISK
~~~~~~~~~~~~~~~~~~~~~~~~~~~~~~~~~~~~~~~~~~~~~~~~~~~~~~~~~~~~~~~~~~~~~~~~~~~~~~~~~~~~~
--- MAIN PARAMETERS ---
GlobalTimeLimitInTick = 2147483645
GlobalTimeLimit = 21474836
ClockType = 0
MaxNbOfBBtreeNodeTreated = 100000
optimalityGapTolerance = 1e-06
relOptimalityGapTolerance = 1e-09
ApplyPreprocessing = false
PreprocessVariablesLocalBounds = false
treeSearchStrategy = 1
OpenNodesLimit = 1000
DEFAULTPRINTLEVEL = 0
--- MIP SOLVER PARAMETERS ---
solverName = CPLEX_SOLVER
MipSolverMaxBBNodes = 2000000
MipSolverMaxTime = 360000
MipSolverMultiThread = 1
--- COLUMN GENERATION PARAMETERS ---
SolverSelectForMast = a
  colGenSubProbSolMode = customSolver
mastInitMode = localArtCol
ArtVarPenaltyUpdateFactor = 2
ArtVarMaxNbOfPenaltyUpdates = 5
MaxNbOfStagesInColGenProcedure = 3
GenerateProperColumns = false
InsertAllGeneratedColumnsInFormRatherThanInPool = true
InsertNewNonNegColumnsDirectlyInFormRatherThanInPool = true
ColumnCleanupThreshold = 10000
ColumnCleanupRatio = 0.66
ReducedCostFixingThreshold = 0.9
--- CUT GENERATION PARAMETERS ---
MasterCuttingPlanesDepthLimit = 1000
MaxNbOfCutGeneratedAtEachIter = 1000
CutTailingOffThreshold = 0.015
CutTailingOffCounterThreshold = 3
CutCleanupThreshold = 1
CutCleanupRatio = 0.66
ColGenSpRelaxationImprovementPriority = 0
--- STABILIZATION PARAMETERS ---
colGenDualPriceSmoothingAlphaFactor = 1
colGenDualPriceSmoothingBetaFactor = 0
colGenStabilizationFunctionType = none
colGenProximalStabilizationRule = undefined
StabilFuncKappa = 1
colGenStabilizationMaxTreeDepth = 10000
StabilizationMinPhaseOfStage = 0
--- PRIMAL HEURISTIC PARAMETERS ---
UseInitialPrimalHeur = false
MaxTimeForRestrictedMasterIpHeur = -1
CallFrequencyOfRestrictedMasterIpHeur = 5
MIPemphasisInRestrictedMasterIpHeur = 1
PolishingAfterTimeInRestrictedMasterIpHeur = -1
DivingHeurUseDepthLimit = -1
CallFrequencyOfDivingHeur = 1
LeastFractional
Closest2RoundUp
LeastGreedyCost
LeastCost
FixIntValBeforeRoundingHeur = true
MaxNbOfCgIteDuringRh = 5000
MaxLDSbreadth = 0
MaxLDSdepth = 0
DivingHeurStopsWithFirstFeasSol = false
DivingHeurPreprocessBeforeChoosingVar = false
StrongDivingCandidatesNumber = 1
EvalAlgParamsInDiving = max#cand. = 1 max#cg.iters = 10000 min.lvl.sp.restr. = 1 min#cut.rounds = 0 max#cut.rounds = 0 red.cost.fix&enum. = false tree.size.ratio = 1
LocalSearchHeurUseDepthLimit = -1
LeastFractional
Closest2RoundUp
LeastGreedyCost
LeastCost
MaxFactorOfColFixedByLocalSearchHeur = 0.8
MaxLocalSearchIterationCounter = 3
--- STRONG BRANCHING PARAMETERS ---
SimplifiedStrongBranchingParameterisation = true
StrongBranchingPhaseOneCandidatesNumber = 100
StrongBranchingPhaseOneTreeSizeEstimRatio = 0.2
StrongBranchingPhaseTwoCandidatesNumber = 3
StrongBranchingPhaseTwoTreeSizeEstimRatio = 0.02
SafeDualBoundScaleFactor = -1
StrongBranchingPhaseOne = max#cand. = 100 max#cg.iters = 0 min.lvl.sp.restr. = 0 min#cut.rounds = 0 max#cut.rounds = 0 red.cost.fix&enum. = false tree.size.ratio = 0.2
StrongBranchingPhaseTwo = max#cand. = 3 max#cg.iters = 10000 min.lvl.sp.restr. = 1 min#cut.rounds = 0 max#cut.rounds = 0 red.cost.fix&enum. = false tree.size.ratio = 0.02
StrongBranchingPhaseThree = max#cand. = 1 max#cg.iters = 10000 min.lvl.sp.restr. = 0 min#cut.rounds = 0 max#cut.rounds = 10000 red.cost.fix&enum. = true tree.size.ratio = 1
StrongBranchingPhaseFour =not active
--- DEBUG OUTPUT PARAMETERS ---
printMasterPrimalSols = 0
--- VRPSOLVER PARAMETERS ---
RCSPstopCutGenTimeThresholdInPricing = 10
RCSPhardTimeThresholdInPricing = 25
RCSPredCostFixingTimeThreshold = 100
RCSPnumberOfBucketsPerVertex = 25
RCSPdynamicBucketSteps = 1
RCSPuseBidirectionalSearch = 2
RCSPapplyReducedCostFixing = 1
RCSPmaxNumOfColsPerIteration = 30
RCSPmaxNumOfColsPerExactIteration = 150
RCSPmaxNumOfLabelsInEnumeration = 500000
RCSPmaxNumOfLabelsInHeurEnumeration = 0
RCSPmaxNumOfEnumeratedSolutions = 5000000
RCSPmaxNumOfEnumSolutionsForMIP = 10000
RCSPmaxNumOfEnumSolsForEndOfNodeMIP = 10000
RCSPinitNGneighbourhoodSize = 8
RCSPmaxNGneighbourhoodSize = 8
RCSPrankOneCutsMaxNumRows = 5
RCSPrankOneCutsMaxNumPerRound = 100
RCSPrankOneCutsMemoryType = 0
RCSPrankOneCutsLSnumIterations = 1000
RCSPallowRoutesWithSameVerticesSet = true
RCSPredCostFixingFalseGap = 0
SafeDualBoundScaleFactor = -1
RCSPmaxNumOfLabelsInHeurEnumeration = 0
MaxNumEnumSolsInRestrictedMasterIpHeur = 5000

prName & bcTimeMain \\ 
New model incumbent solution 1e+07, TIME = 0h0m0s42t = 42
RCSP solver info : size of non-robust cut bitmask in a label is 640 bits
Bucket steps were recalculated for graph G_0 : [30]
RCSP solver info : symmetric case is detected for graph G_0! 
Bidirectional border value is initialised to 375
RCSP solver info : number of forw. reachable buckets / buck. strongly connected components is 3122( 98.4237% ) / 1597( 51.1531% )
RCSP solver info: std. label size is 56, ext. label size is 136
Generating neighbourhoods for rank-1 cuts separation
Building structures for 4- and 5-row rank-1 packing cut separation...done!
Model is built TIME = 0h0m0s47t = 47
************************************************************************************************
**** BaB tree root node
**** Local DB = -1e+12, global bounds : [ -1e+12 , 1e+07 ], TIME = 0h0m0s47t = 47
**** 1 open nodes, 0 columns (0 active), 0 dyn. constrs. (0 active), 242 art. vars. (242 active)
************************************************************************************************
--------------------------------------------------------------------------
BaPCod info : first we run the root node with rank-1 cuts with node memory
--------------------------------------------------------------------------
#<DWph=2> <it=  1> <et=0.48> <Mt= 0.00> <Spt= 0.00> <nCl= 30> <al=0.00> <DB=-109439477160.0000> <Mlp=2976000000.0000> <PB=10000000> 
#<DWph=2> <it=  2> <et=0.49> <Mt= 0.00> <Spt= 0.01> <nCl= 30> <al=0.55> <DB=-70595293822.1500> <Mlp=2897333817.4444> <PB=10000000> 
#<DWph=2> <it=  3> <et=0.50> <Mt= 0.00> <Spt= 0.01> <nCl= 30> <al=0.45> <DB=-69226644374.0925> <Mlp=2811000232.5000> <PB=10000000> 
#<DWph=2> <it=  4> <et=0.51> <Mt= 0.00> <Spt= 0.01> <nCl= 30> <al=0.51> <DB=-69286332383.7698> <Mlp=2748659600.2967> <PB=10000000> 
#<DWph=2> <it=  5> <et=0.52> <Mt= 0.00> <Spt= 0.01> <nCl= 30> <al=0.55> <DB=-66417710231.1136> <Mlp=2709663801.6178> <PB=10000000> 
#<DWph=2> <it=  6> <et=0.53> <Mt= 0.00> <Spt= 0.01> <nCl= 30> <al=0.60> <DB=-66497000445.7292> <Mlp=2600312319.6494> <PB=10000000> 
#<DWph=2> <it=  7> <et=0.54> <Mt= 0.00> <Spt= 0.00> <nCl= 30> <al=0.64> <DB=-66548919743.6121> <Mlp=2434300998.3583> <PB=10000000> 
#<DWph=2> <it=  8> <et=0.54> <Mt= 0.00> <Spt= 0.01> <nCl= 30> <al=0.68> <DB=-66562760661.8575> <Mlp=2351172892.1315> <PB=10000000> 
#<DWph=2> <it=  9> <et=0.55> <Mt= 0.00> <Spt= 0.01> <nCl= 30> <al=0.71> <DB=-66560504044.9194> <Mlp=2308717338.1451> <PB=10000000> 
#<DWph=2> <it= 10> <et=0.56> <Mt= 0.00> <Spt= 0.01> <nCl= 30> <al=0.74> <DB=-66562696262.4620> <Mlp=2245357244.8143> <PB=10000000> 
#<DWph=2> <it= 11> <et=0.57> <Mt= 0.00> <Spt= 0.01> <nCl= 30> <al=0.76> <DB=-64346255356.7037> <Mlp=2221930256.8626> <PB=10000000> 
#<DWph=2> <it= 12> <et=0.58> <Mt= 0.00> <Spt= 0.01> <nCl= 30> <al=0.79> <DB=-61359341276.8352> <Mlp=2183854637.1656> <PB=10000000> 
#<DWph=2> <it= 13> <et=0.59> <Mt= 0.00> <Spt= 0.01> <nCl= 30> <al=0.69> <DB=-49542622655.2454> <Mlp=2162503883.7883> <PB=10000000> 
#<DWph=2> <it= 14> <et=0.60> <Mt= 0.00> <Spt= 0.00> <nCl= 30> <al=0.59> <DB=-48988442006.0351> <Mlp=2029452590.4443> <PB=10000000> 
#<DWph=2> <it= 15> <et=0.61> <Mt= 0.00> <Spt= 0.01> <nCl= 30> <al=0.63> <DB=-48285731170.3151> <Mlp=1989349543.5302> <PB=10000000> 
#<DWph=2> <it= 16> <et=0.62> <Mt= 0.00> <Spt= 0.01> <nCl= 30> <al=0.67> <DB=-48889742383.0173> <Mlp=1910919607.7834> <PB=10000000> 
#<DWph=2> <it= 17> <et=0.63> <Mt= 0.00> <Spt= 0.01> <nCl= 30> <al=0.70> <DB=-46576555298.5321> <Mlp=1810630352.8578> <PB=10000000> 
#<DWph=2> <it= 18> <et=0.64> <Mt= 0.00> <Spt= 0.01> <nCl= 30> <al=0.60> <DB=-45335899171.1314> <Mlp=1724154855.3565> <PB=10000000> 
#<DWph=2> <it= 19> <et=0.64> <Mt= 0.00> <Spt= 0.01> <nCl= 30> <al=0.64> <DB=-45885951643.7109> <Mlp=1702299106.2766> <PB=10000000> 
#<DWph=2> <it= 20> <et=0.65> <Mt= 0.00> <Spt= 0.00> <nCl= 30> <al=0.68> <DB=-44734218470.5798> <Mlp=1668028153.1260> <PB=10000000> 
#<DWph=2> <it= 21> <et=0.66> <Mt= 0.01> <Spt= 0.01> <nCl= 30> <al=0.71> <DB=-43419749553.2433> <Mlp=1581353645.2243> <PB=10000000> 
#<DWph=2> <it= 22> <et=0.67> <Mt= 0.00> <Spt= 0.01> <nCl= 30> <al=0.74> <DB=-40987293292.8608> <Mlp=1571991993.4946> <PB=10000000> 
#<DWph=2> <it= 23> <et=0.68> <Mt= 0.00> <Spt= 0.01> <nCl= 30> <al=0.76> <DB=-42233330626.2860> <Mlp=1543518145.8322> <PB=10000000> 
#<DWph=2> <it= 24> <et=0.69> <Mt= 0.00> <Spt= 0.01> <nCl= 30> <al=0.79> <DB=-41563000758.0921> <Mlp=1469430685.8255> <PB=10000000> 
#<DWph=2> <it= 25> <et=0.70> <Mt= 0.00> <Spt= 0.00> <nCl= 30> <al=0.81> <DB=-42443071561.8805> <Mlp=1378399487.9419> <PB=10000000> 
#<DWph=2> <it= 26> <et=0.71> <Mt= 0.00> <Spt= 0.01> <nCl= 30> <al=0.71> <DB=-39682144852.3100> <Mlp=1315328553.6978> <PB=10000000> 
#<DWph=2> <it= 27> <et=0.72> <Mt= 0.00> <Spt= 0.01> <nCl= 30> <al=0.74> <DB=-39532941572.1854> <Mlp=1221933972.1729> <PB=10000000> 
#<DWph=2> <it= 28> <et=0.73> <Mt= 0.00> <Spt= 0.01> <nCl= 30> <al=0.76> <DB=-35097244303.2295> <Mlp=1137210160.0677> <PB=10000000> 
#<DWph=2> <it= 29> <et=0.74> <Mt= 0.01> <Spt= 0.01> <nCl= 30> <al=0.79> <DB=-35756865232.6292> <Mlp=1127354278.3261> <PB=10000000> 
#<DWph=2> <it= 30> <et=0.75> <Mt= 0.00> <Spt= 0.01> <nCl= 30> <al=0.81> <DB=-37083271760.1858> <Mlp=1084051069.2385> <PB=10000000> 
#<DWph=2> <it= 31> <et=0.77> <Mt= 0.00> <Spt= 0.01> <nCl= 30> <al=0.83> <DB=-39074115071.8836> <Mlp=970455340.3506> <PB=10000000> 
#<DWph=2> <it= 32> <et=0.78> <Mt= 0.00> <Spt= 0.01> <nCl= 30> <al=0.84> <DB=-37201926149.0783> <Mlp=940883525.7236> <PB=10000000> 
#<DWph=2> <it= 33> <et=0.79> <Mt= 0.00> <Spt= 0.01> <nCl= 30> <al=0.86> <DB=-36438729420.4319> <Mlp=888959118.1347> <PB=10000000> 
#<DWph=2> <it= 34> <et=0.80> <Mt= 0.00> <Spt= 0.01> <nCl= 30> <al=0.76> <DB=-36036451788.3084> <Mlp=803887329.5130> <PB=10000000> 
#<DWph=2> <it= 35> <et=0.81> <Mt= 0.01> <Spt= 0.01> <nCl= 30> <al=0.66> <DB=-34824968730.5261> <Mlp=680681495.9213> <PB=10000000> 
#<DWph=2> <it= 36> <et=0.82> <Mt= 0.00> <Spt= 0.01> <nCl= 30> <al=0.69> <DB=-36621198739.0859> <Mlp=592299031.5234> <PB=10000000> 
#<DWph=2> <it= 37> <et=0.83> <Mt= 0.00> <Spt= 0.00> <nCl= 30> <al=0.72> <DB=-34610326529.1492> <Mlp=567070911.6419> <PB=10000000> 
#<DWph=2> <it= 38> <et=0.84> <Mt= 0.00> <Spt= 0.01> <nCl= 30> <al=0.75> <DB=-34980471458.6409> <Mlp=537944304.7408> <PB=10000000> 
#<DWph=2> <it= 39> <et=0.85> <Mt= 0.01> <Spt= 0.01> <nCl= 30> <al=0.78> <DB=-34215620807.0810> <Mlp=473452651.3794> <PB=10000000> 
#<DWph=2> <it= 40> <et=0.87> <Mt= 0.00> <Spt= 0.01> <nCl= 30> <al=0.80> <DB=-32560798396.2114> <Mlp=426441501.2252> <PB=10000000> 
#<DWph=2> <it= 41> <et=0.88> <Mt= 0.01> <Spt= 0.01> <nCl= 30> <al=0.70> <DB=-33993558179.9098> <Mlp=361883183.7772> <PB=10000000> 
#<DWph=2> <it= 42> <et=0.89> <Mt= 0.00> <Spt= 0.01> <nCl= 30> <al=0.73> <DB=-32792453711.8643> <Mlp=353594935.3846> <PB=10000000> 
#<DWph=2> <it= 43> <et=0.91> <Mt= 0.00> <Spt= 0.01> <nCl= 30> <al=0.76> <DB=-30360589923.3892> <Mlp=329599291.2484> <PB=10000000> 
#<DWph=2> <it= 44> <et=0.92> <Mt= 0.00> <Spt= 0.01> <nCl= 30> <al=0.78> <DB=-30147548020.2723> <Mlp=306637196.3056> <PB=10000000> 
#<DWph=2> <it= 45> <et=0.94> <Mt= 0.01> <Spt= 0.01> <nCl= 30> <al=0.80> <DB=-28277473417.8693> <Mlp=270802440.2526> <PB=10000000> 
#<DWph=2> <it= 46> <et=0.95> <Mt= 0.00> <Spt= 0.01> <nCl= 30> <al=0.70> <DB=-27841872191.5087> <Mlp=229846784.4409> <PB=10000000> 
#<DWph=2> <it= 47> <et=0.96> <Mt= 0.01> <Spt= 0.01> <nCl= 30> <al=0.73> <DB=-26032497670.5166> <Mlp=133666011.2719> <PB=10000000> 
#<DWph=2> <it= 48> <et=0.97> <Mt= 0.00> <Spt= 0.00> <nCl= 30> <al=0.76> <DB=-28345758656.0139> <Mlp=113447846.9333> <PB=10000000> 
#<DWph=2> <it= 49> <et=0.98> <Mt= 0.01> <Spt= 0.01> <nCl= 30> <al=0.78> <DB=-25394295814.0458> <Mlp=78443057.3960> <PB=10000000> 
#<DWph=2> <it= 50> <et=1.00> <Mt= 0.00> <Spt= 0.01> <nCl= 30> <al=0.68> <DB=-23702918137.8543> <Mlp=46920589.5360> <PB=10000000> 
#<DWph=2> <it= 51> <et=1.01> <Mt= 0.00> <Spt= 0.01> <nCl= 30> <al=0.58> <DB=-15470813218.1243> <Mlp=18992326.1556> <PB=10000000> 
#<DWph=2> <it= 52> <et=1.02> <Mt= 0.01> <Spt= 0.01> <nCl= 30> <al=0.48> <DB=-12442223296.0898> <Mlp=15454056.7509> <PB=10000000> 
#<DWph=2> <it= 53> <et=1.04> <Mt= 0.00> <Spt= 0.01> <nCl= 30> <al=0.38> <DB=-10403571056.6512> <Mlp=8763065.8911> <PB=10000000> 
#<DWph=2> <it= 54> <et=1.05> <Mt= 0.01> <Spt= 0.01> <nCl= 30> <al=0.45> <DB=-8281863847.1189> <Mlp=7065178.7318> <PB=10000000> 
#<DWph=2> <it= 55> <et=1.07> <Mt= 0.00> <Spt= 0.01> <nCl= 30> <al=0.35> <DB=-2417897000.2586> <Mlp=4401581.2886> <PB=10000000> 
#<DWph=2> <it= 56> <et=1.08> <Mt= 0.01> <Spt= 0.00> <nCl= 30> <al=0.25> <DB=-90482471.1205> <Mlp=4010504.8185> <PB=10000000> 
<DWph=2> <it= 57> <et=1.10> <Mt= 0.01> <Spt= 0.02> <nCl= 30> <al=0.00> <DB=-420137.9549> <Mlp= 9798.1603> <PB=10000000> 
<DWph=2> <it= 58> <et=1.12> <Mt= 0.00> <Spt= 0.01> <nCl= 30> <al=0.05> <DB=-712980.3324> <Mlp= 9583.0323> <PB=10000000> 
<DWph=2> <it= 59> <et=1.13> <Mt= 0.00> <Spt= 0.01> <nCl= 30> <al=0.14> <DB=-415806.7971> <Mlp= 9535.3722> <PB=10000000> 
<DWph=2> <it= 60> <et=1.14> <Mt= 0.01> <Spt= 0.00> <nCl= 30> <al=0.23> <DB=-511928.0502> <Mlp= 9284.8119> <PB=10000000> 
<DWph=2> <it= 61> <et=1.15> <Mt= 0.00> <Spt= 0.01> <nCl= 30> <al=0.30> <DB=-642890.6786> <Mlp= 9094.7670> <PB=10000000> 
<DWph=2> <it= 62> <et=1.16> <Mt= 0.00> <Spt= 0.01> <nCl= 30> <al=0.37> <DB=-414682.0991> <Mlp= 8967.0320> <PB=10000000> 
<DWph=2> <it= 63> <et=1.18> <Mt= 0.01> <Spt= 0.01> <nCl= 30> <al=0.44> <DB=-483152.5904> <Mlp= 8833.3565> <PB=10000000> 
<DWph=2> <it= 64> <et=1.19> <Mt= 0.00> <Spt= 0.01> <nCl= 30> <al=0.49> <DB=-301864.4290> <Mlp= 8629.7720> <PB=10000000> 
<DWph=2> <it= 65> <et=1.20> <Mt= 0.00> <Spt= 0.01> <nCl= 30> <al=0.54> <DB=-273438.0686> <Mlp= 8518.9294> <PB=10000000> 
<DWph=2> <it= 66> <et=1.21> <Mt= 0.01> <Spt= 0.00> <nCl= 30> <al=0.44> <DB=-263521.6514> <Mlp= 8353.6087> <PB=10000000> 
<DWph=2> <it= 67> <et=1.23> <Mt= 0.00> <Spt= 0.01> <nCl= 30> <al=0.50> <DB=-236748.4837> <Mlp= 8158.8651> <PB=10000000> 
<DWph=2> <it= 68> <et=1.24> <Mt= 0.01> <Spt= 0.01> <nCl= 30> <al=0.55> <DB=-216056.9066> <Mlp= 8078.3098> <PB=10000000> 
<DWph=2> <it= 69> <et=1.25> <Mt= 0.00> <Spt= 0.01> <nCl= 30> <al=0.45> <DB=-197252.1006> <Mlp= 7809.3984> <PB=10000000> 
<DWph=2> <it= 70> <et=1.27> <Mt= 0.01> <Spt= 0.01> <nCl= 30> <al=0.50> <DB=-205643.7186> <Mlp= 7659.8604> <PB=10000000> 
<DWph=2> <it= 71> <et=1.28> <Mt= 0.00> <Spt= 0.01> <nCl= 30> <al=0.55> <DB=-181456.9087> <Mlp= 7461.3875> <PB=10000000> 
<DWph=2> <it= 72> <et=1.30> <Mt= 0.01> <Spt= 0.01> <nCl= 30> <al=0.60> <DB=-198459.7317> <Mlp= 7238.6092> <PB=10000000> 
<DWph=2> <it= 73> <et=1.31> <Mt= 0.00> <Spt= 0.01> <nCl= 30> <al=0.64> <DB=-154432.5472> <Mlp= 7087.0326> <PB=10000000> 
<DWph=2> <it= 74> <et=1.33> <Mt= 0.01> <Spt= 0.01> <nCl= 30> <al=0.54> <DB=-192919.5202> <Mlp= 6787.8308> <PB=10000000> 
<DWph=2> <it= 75> <et=1.34> <Mt= 0.01> <Spt= 0.01> <nCl= 30> <al=0.58> <DB=-139758.1612> <Mlp= 6592.4010> <PB=10000000> 
<DWph=2> <it= 76> <et=1.35> <Mt= 0.00> <Spt= 0.00> <nCl= 30> <al=0.63> <DB=-122075.2510> <Mlp= 6509.5275> <PB=10000000> 
<DWph=2> <it= 77> <et=1.37> <Mt= 0.00> <Spt= 0.01> <nCl= 30> <al=0.66> <DB=-119831.7556> <Mlp= 6413.3351> <PB=10000000> 
<DWph=2> <it= 78> <et=1.38> <Mt= 0.01> <Spt= 0.01> <nCl= 30> <al=0.70> <DB=-132973.6896> <Mlp= 6163.2804> <PB=10000000> 
<DWph=2> <it= 79> <et=1.39> <Mt= 0.00> <Spt= 0.01> <nCl= 30> <al=0.73> <DB=-119870.5866> <Mlp= 6130.4474> <PB=10000000> 
<DWph=2> <it= 80> <et=1.41> <Mt= 0.01> <Spt= 0.01> <nCl= 30> <al=0.75> <DB=-110609.5632> <Mlp= 5999.1957> <PB=10000000> 
<DWph=2> <it= 81> <et=1.42> <Mt= 0.00> <Spt= 0.01> <nCl= 30> <al=0.65> <DB=-116649.8647> <Mlp= 5970.0746> <PB=10000000> 
<DWph=2> <it= 82> <et=1.43> <Mt= 0.00> <Spt= 0.01> <nCl= 30> <al=0.69> <DB=-105468.6598> <Mlp= 5873.8665> <PB=10000000> 
<DWph=2> <it= 83> <et=1.45> <Mt= 0.01> <Spt= 0.01> <nCl= 30> <al=0.72> <DB=-104237.6566> <Mlp= 5833.1279> <PB=10000000> 
<DWph=2> <it= 84> <et=1.46> <Mt= 0.00> <Spt= 0.01> <nCl= 30> <al=0.75> <DB=-90393.2670> <Mlp= 5730.7065> <PB=10000000> 
<DWph=2> <it= 85> <et=1.48> <Mt= 0.01> <Spt= 0.01> <nCl= 30> <al=0.77> <DB=-87040.0617> <Mlp= 5636.1294> <PB=10000000> 
<DWph=2> <it= 86> <et=1.49> <Mt= 0.00> <Spt= 0.01> <nCl= 30> <al=0.80> <DB=-83392.3795> <Mlp= 5610.5794> <PB=10000000> 
<DWph=2> <it= 87> <et=1.51> <Mt= 0.00> <Spt= 0.01> <nCl= 30> <al=0.82> <DB=-85138.7810> <Mlp= 5526.1084> <PB=10000000> 
<DWph=2> <it= 88> <et=1.53> <Mt= 0.01> <Spt= 0.01> <nCl= 30> <al=0.83> <DB=-74606.4368> <Mlp= 5436.7205> <PB=10000000> 
<DWph=2> <it= 89> <et=1.54> <Mt= 0.01> <Spt= 0.01> <nCl= 30> <al=0.73> <DB=-73019.2904> <Mlp= 5271.0826> <PB=10000000> 
<DWph=2> <it= 90> <et=1.56> <Mt= 0.00> <Spt= 0.01> <nCl= 30> <al=0.76> <DB=-75886.2906> <Mlp= 5098.6731> <PB=10000000> 
<DWph=2> <it= 91> <et=1.57> <Mt= 0.01> <Spt= 0.01> <nCl= 30> <al=0.79> <DB=-67211.2462> <Mlp= 5009.4811> <PB=10000000> 
<DWph=2> <it= 92> <et=1.59> <Mt= 0.00> <Spt= 0.01> <nCl= 30> <al=0.81> <DB=-64829.5204> <Mlp= 4923.2218> <PB=10000000> 
<DWph=2> <it= 93> <et=1.60> <Mt= 0.01> <Spt= 0.01> <nCl= 30> <al=0.83> <DB=-64610.1254> <Mlp= 4786.6189> <PB=10000000> 
<DWph=2> <it= 94> <et=1.62> <Mt= 0.01> <Spt= 0.01> <nCl= 30> <al=0.84> <DB=-60904.7284> <Mlp= 4648.9605> <PB=10000000> 
<DWph=2> <it= 95> <et=1.64> <Mt= 0.00> <Spt= 0.01> <nCl= 30> <al=0.86> <DB=-53402.1920> <Mlp= 4544.5920> <PB=10000000> 
<DWph=2> <it= 96> <et=1.65> <Mt= 0.01> <Spt= 0.01> <nCl= 30> <al=0.76> <DB=-45371.4369> <Mlp= 4425.5275> <PB=10000000> 
<DWph=2> <it= 97> <et=1.67> <Mt= 0.00> <Spt= 0.01> <nCl= 30> <al=0.78> <DB=-46395.1465> <Mlp= 4362.0140> <PB=10000000> 
<DWph=2> <it= 98> <et=1.68> <Mt= 0.01> <Spt= 0.01> <nCl= 30> <al=0.80> <DB=-42200.1625> <Mlp= 4328.4805> <PB=10000000> 
<DWph=2> <it= 99> <et=1.70> <Mt= 0.00> <Spt= 0.02> <nCl= 30> <al=0.82> <DB=-50401.9836> <Mlp= 4238.8759> <PB=10000000> 
<DWph=2> <it=100> <et=1.72> <Mt= 0.01> <Spt= 0.01> <nCl= 30> <al=0.84> <DB=-41688.7385> <Mlp= 4197.9914> <PB=10000000> 
<DWph=2> <it=101> <et=1.74> <Mt= 0.00> <Spt= 0.01> <nCl= 30> <al=0.86> <DB=-39289.7192> <Mlp= 4084.9562> <PB=10000000> 
<DWph=2> <it=102> <et=1.76> <Mt= 0.01> <Spt= 0.01> <nCl= 30> <al=0.76> <DB=-39064.0088> <Mlp= 4003.8845> <PB=10000000> 
<DWph=2> <it=103> <et=1.77> <Mt= 0.01> <Spt= 0.01> <nCl= 30> <al=0.78> <DB=-36302.7397> <Mlp= 3949.0694> <PB=10000000> 
<DWph=2> <it=104> <et=1.79> <Mt= 0.00> <Spt= 0.01> <nCl= 30> <al=0.80> <DB=-34162.4121> <Mlp= 3889.8011> <PB=10000000> 
<DWph=2> <it=105> <et=1.81> <Mt= 0.01> <Spt= 0.02> <nCl= 30> <al=0.82> <DB=-30607.9601> <Mlp= 3848.9149> <PB=10000000> 
<DWph=2> <it=106> <et=1.83> <Mt= 0.01> <Spt= 0.01> <nCl= 30> <al=0.72> <DB=-27469.4392> <Mlp= 3790.0781> <PB=10000000> 
<DWph=2> <it=107> <et=1.84> <Mt= 0.00> <Spt= 0.00> <nCl= 30> <al=0.62> <DB=-39208.3279> <Mlp= 3734.9137> <PB=10000000> 
<DWph=2> <it=108> <et=1.86> <Mt= 0.01> <Spt= 0.01> <nCl= 30> <al=0.66> <DB=-29742.9889> <Mlp= 3714.8784> <PB=10000000> 
<DWph=2> <it=109> <et=1.88> <Mt= 0.01> <Spt= 0.02> <nCl= 30> <al=0.69> <DB=-24409.9893> <Mlp= 3652.3303> <PB=10000000> 
<DWph=2> <it=110> <et=1.90> <Mt= 0.00> <Spt= 0.01> <nCl= 30> <al=0.73> <DB=-23941.0290> <Mlp= 3612.4655> <PB=10000000> 
<DWph=2> <it=111> <et=1.92> <Mt= 0.01> <Spt= 0.01> <nCl= 30> <al=0.75> <DB=-21875.2750> <Mlp= 3569.8363> <PB=10000000> 
<DWph=2> <it=112> <et=1.93> <Mt= 0.00> <Spt= 0.01> <nCl= 30> <al=0.78> <DB=-22110.1805> <Mlp= 3546.6749> <PB=10000000> 
<DWph=2> <it=113> <et=1.95> <Mt= 0.01> <Spt= 0.01> <nCl= 30> <al=0.80> <DB=-17914.0645> <Mlp= 3522.8284> <PB=10000000> 
<DWph=2> <it=114> <et=1.97> <Mt= 0.01> <Spt= 0.01> <nCl= 30> <al=0.70> <DB=-17605.7393> <Mlp= 3483.9422> <PB=10000000> 
<DWph=2> <it=115> <et=1.99> <Mt= 0.01> <Spt= 0.02> <nCl= 30> <al=0.73> <DB=-16127.2376> <Mlp= 3430.4737> <PB=10000000> 
<DWph=2> <it=116> <et=2.01> <Mt= 0.00> <Spt= 0.01> <nCl= 30> <al=0.63> <DB=-13378.8114> <Mlp= 3374.2282> <PB=10000000> 
<DWph=2> <it=117> <et=2.03> <Mt= 0.01> <Spt= 0.01> <nCl= 30> <al=0.67> <DB=-12677.2739> <Mlp= 3336.2310> <PB=10000000> 
<DWph=2> <it=118> <et=2.05> <Mt= 0.01> <Spt= 0.01> <nCl= 30> <al=0.70> <DB=-11168.4248> <Mlp= 3304.8717> <PB=10000000> 
<DWph=2> <it=119> <et=2.06> <Mt= 0.01> <Spt= 0.01> <nCl= 30> <al=0.73> <DB=-11179.7375> <Mlp= 3290.9664> <PB=10000000> 
<DWph=2> <it=120> <et=2.08> <Mt= 0.00> <Spt= 0.01> <nCl= 30> <al=0.76> <DB=-9103.0235> <Mlp= 3282.6694> <PB=10000000> 
<DWph=2> <it=121> <et=2.09> <Mt= 0.00> <Spt= 0.01> <nCl= 30> <al=0.66> <DB=-10061.1508> <Mlp= 3277.8643> <PB=10000000> 
<DWph=2> <it=122> <et=2.11> <Mt= 0.01> <Spt= 0.01> <nCl= 30> <al=0.69> <DB=-6147.7216> <Mlp= 3252.0867> <PB=10000000> 
<DWph=2> <it=123> <et=2.13> <Mt= 0.01> <Spt= 0.01> <nCl= 30> <al=0.59> <DB=-12866.1881> <Mlp= 3231.2328> <PB=10000000> 
<DWph=2> <it=124> <et=2.14> <Mt= 0.00> <Spt= 0.01> <nCl= 30> <al=0.63> <DB=-6496.7445> <Mlp= 3231.0917> <PB=10000000> 
<DWph=2> <it=125> <et=2.16> <Mt= 0.01> <Spt= 0.01> <nCl= 30> <al=0.67> <DB=-5236.2013> <Mlp= 3208.0080> <PB=10000000> 
<DWph=2> <it=126> <et=2.18> <Mt= 0.01> <Spt= 0.01> <nCl= 30> <al=0.70> <DB=-5283.2084> <Mlp= 3191.1192> <PB=10000000> 
<DWph=2> <it=127> <et=2.20> <Mt= 0.01> <Spt= 0.01> <nCl= 30> <al=0.73> <DB=-4147.5861> <Mlp= 3167.5579> <PB=10000000> 
<DWph=2> <it=128> <et=2.21> <Mt= 0.00> <Spt= 0.01> <nCl= 30> <al=0.76> <DB=-3588.0044> <Mlp= 3159.6182> <PB=10000000> 
<DWph=2> <it=129> <et=2.23> <Mt= 0.01> <Spt= 0.01> <nCl= 29> <al=0.78> <DB=-2614.5561> <Mlp= 3139.9475> <PB=10000000> 
<DWph=2> <it=130> <et=2.25> <Mt= 0.01> <Spt= 0.01> <nCl= 30> <al=0.80> <DB=-1669.5569> <Mlp= 3123.9367> <PB=10000000> 
<DWph=2> <it=131> <et=2.26> <Mt= 0.01> <Spt= 0.01> <nCl= 30> <al=0.70> <DB=-3105.4580> <Mlp= 3113.2290> <PB=10000000> 
<DWph=2> <it=132> <et=2.28> <Mt= 0.00> <Spt= 0.01> <nCl= 29> <al=0.73> <DB= -588.6819> <Mlp= 3112.1743> <PB=10000000> 
<DWph=2> <it=133> <et=2.30> <Mt= 0.01> <Spt= 0.01> <nCl= 30> <al=0.63> <DB= -940.0385> <Mlp= 3085.3015> <PB=10000000> 
<DWph=2> <it=134> <et=2.32> <Mt= 0.01> <Spt= 0.01> <nCl= 30> <al=0.67> <DB= -440.0340> <Mlp= 3074.6125> <PB=10000000> 
<DWph=2> <it=135> <et=2.34> <Mt= 0.01> <Spt= 0.01> <nCl= 30> <al=0.70> <DB=    6.4322> <Mlp= 3058.6344> <PB=10000000> 
<DWph=2> <it=136> <et=2.36> <Mt= 0.01> <Spt= 0.01> <nCl= 29> <al=0.73> <DB=  590.3947> <Mlp= 3048.8841> <PB=10000000> 
<DWph=2> <it=137> <et=2.39> <Mt= 0.01> <Spt= 0.01> <nCl= 30> <al=0.76> <DB=  159.2830> <Mlp= 3033.6588> <PB=10000000> 
<DWph=2> <it=138> <et=2.41> <Mt= 0.01> <Spt= 0.01> <nCl= 30> <al=0.78> <DB=  976.4106> <Mlp= 3029.3949> <PB=10000000> 
<DWph=2> <it=139> <et=2.42> <Mt= 0.01> <Spt= 0.01> <nCl= 30> <al=0.81> <DB= 1074.5495> <Mlp= 3024.5156> <PB=10000000> 
<DWph=2> <it=140> <et=2.44> <Mt= 0.00> <Spt= 0.01> <nCl= 30> <al=0.71> <DB=  492.2865> <Mlp= 3019.6012> <PB=10000000> 
<DWph=2> <it=141> <et=2.46> <Mt= 0.01> <Spt= 0.02> <nCl= 30> <al=0.74> <DB= 1603.1618> <Mlp= 3016.1330> <PB=10000000> 
<DWph=2> <it=142> <et=2.48> <Mt= 0.01> <Spt= 0.01> <nCl= 30> <al=0.64> <DB= -587.3207> <Mlp= 3007.9318> <PB=10000000> 
<DWph=2> <it=143> <et=2.49> <Mt= 0.00> <Spt= 0.01> <nCl= 30> <al=0.67> <DB= 1521.7789> <Mlp= 3007.9318> <PB=10000000> 
<DWph=2> <it=144> <et=2.52> <Mt= 0.02> <Spt= 0.01> <nCl= 29> <al=0.70> <DB= 1759.6181> <Mlp= 3001.1715> <PB=10000000> 
<DWph=2> <it=145> <et=2.56> <Mt= 0.02> <Spt= 0.02> <nCl= 30> <al=0.60> <DB= 2340.6921> <Mlp= 2996.9561> <PB=10000000> 
<DWph=2> <it=146> <et=2.61> <Mt= 0.04> <Spt= 0.01> <nCl= 30> <al=0.64> <DB= 1479.8575> <Mlp= 2990.8456> <PB=10000000> 
<DWph=2> <it=147> <et=2.63> <Mt= 0.00> <Spt= 0.01> <nCl= 30> <al=0.68> <DB=  873.1176> <Mlp= 2988.7068> <PB=10000000> 
<DWph=2> <it=148> <et=2.66> <Mt= 0.02> <Spt= 0.01> <nCl= 30> <al=0.71> <DB= 1914.9877> <Mlp= 2985.2789> <PB=10000000> 
<DWph=2> <it=149> <et=2.69> <Mt= 0.02> <Spt= 0.02> <nCl= 23> <al=0.74> <DB= 2415.2566> <Mlp= 2981.8729> <PB=10000000> 
<DWph=2> <it=150> <et=2.71> <Mt= 0.01> <Spt= 0.01> <nCl= 30> <al=0.64> <DB= 1888.3168> <Mlp= 2979.5082> <PB=10000000> 
<DWph=2> <it=151> <et=2.75> <Mt= 0.03> <Spt= 0.01> <nCl= 30> <al=0.68> <DB= 2631.5648> <Mlp= 2973.2355> <PB=10000000> 
<DWph=2> <it=152> <et=2.77> <Mt= 0.00> <Spt= 0.01> <nCl= 30> <al=0.71> <DB= 2400.6147> <Mlp= 2971.5251> <PB=10000000> 
<DWph=2> <it=153> <et=2.82> <Mt= 0.04> <Spt= 0.02> <nCl= 28> <al=0.61> <DB= 2770.8562> <Mlp= 2967.5654> <PB=10000000> 
<DWph=2> <it=154> <et=2.83> <Mt= 0.00> <Spt= 0.01> <nCl= 27> <al=0.65> <DB= 2766.5636> <Mlp= 2966.5577> <PB=10000000> 
<DWph=2> <it=155> <et=2.86> <Mt= 0.01> <Spt= 0.01> <nCl= 25> <al=0.68> <DB= 2383.7809> <Mlp= 2966.1406> <PB=10000000> 
<DWph=2> <it=156> <et=2.87> <Mt= 0.01> <Spt= 0.01> <nCl= 18> <al=0.71> <DB= 2932.5965> <Mlp= 2964.1568> <PB=10000000> 
<DWph=2> <it=157> <et=2.89> <Mt= 0.00> <Spt= 0.01> <nCl= 21> <al=0.61> <DB= 2898.0638> <Mlp= 2963.2005> <PB=10000000> 
<DWph=2> <it=158> <et=2.91> <Mt= 0.00> <Spt= 0.02> <nCl= 25> <al=0.65> <DB= 2550.6505> <Mlp= 2962.3351> <PB=10000000> 
<DWph=2> <it=159> <et=2.92> <Mt= 0.01> <Spt= 0.01> <nCl= 19> <al=0.69> <DB= 2933.8666> <Mlp= 2961.3474> <PB=10000000> 
<DWph=2> <it=160> <et=2.95> <Mt= 0.01> <Spt= 0.01> <nCl= 27> <al=0.72> <DB= 1763.5074> <Mlp= 2960.9606> <PB=10000000> 
<DWph=2> <it=161> <et=2.96> <Mt= 0.00> <Spt= 0.01> <nCl=  9> <al=0.75> <DB= 2880.3873> <Mlp= 2960.3985> <PB=10000000> 
<DWph=2> <it=162> <et=2.97> <Mt= 0.00> <Spt= 0.01> <nCl=  9> <al=0.77> <DB= 2927.1031> <Mlp= 2960.1387> <PB=10000000> 
<DWph=2> <it=163> <et=2.99> <Mt= 0.01> <Spt= 0.02> <nCl= 12> <al=0.67> <DB= 2894.4770> <Mlp= 2959.7022> <PB=10000000> 
<DWph=2> <it=164> <et=3.00> <Mt= 0.00> <Spt= 0.01> <nCl= 13> <al=0.57> <DB= 2912.5341> <Mlp= 2959.1442> <PB=10000000> 
<DWph=2> <it=165> <et=3.02> <Mt= 0.00> <Spt= 0.01> <nCl= 18> <al=0.47> <DB= 2825.8620> <Mlp= 2958.6954> <PB=10000000> 
<DWph=2> <it=166> <et=3.03> <Mt= 0.01> <Spt= 0.01> <nCl= 18> <al=0.53> <DB= 2940.5380> <Mlp= 2957.3943> <PB=10000000> 
<DWph=2> <it=167> <et=3.05> <Mt= 0.00> <Spt= 0.01> <nCl= 29> <al=0.57> <DB= 2113.3818> <Mlp= 2956.7339> <PB=10000000> 
<DWph=2> <it=168> <et=3.07> <Mt= 0.01> <Spt= 0.01> <nCl= 21> <al=0.62> <DB= 2551.6069> <Mlp= 2955.7645> <PB=10000000> 
<DWph=2> <it=169> <et=3.09> <Mt= 0.01> <Spt= 0.02> <nCl= 16> <al=0.65> <DB= 2937.3125> <Mlp= 2955.7645> <PB=10000000> 
<DWph=2> <it=170> <et=3.10> <Mt= 0.00> <Spt= 0.01> <nCl= 18> <al=0.55> <DB= 2928.6667> <Mlp= 2955.7345> <PB=10000000> 
<DWph=2> <it=171> <et=3.12> <Mt= 0.00> <Spt= 0.01> <nCl= 16> <al=0.60> <DB= 2517.7073> <Mlp= 2954.6519> <PB=10000000> 
<DWph=2> <it=172> <et=3.13> <Mt= 0.00> <Spt= 0.01> <nCl=  9> <al=0.64> <DB= 2937.3407> <Mlp= 2954.6519> <PB=10000000> 
<DWph=2> <it=173> <et=3.14> <Mt= 0.00> <Spt= 0.01> <nCl= 11> <al=0.54> <DB= 2939.8969> <Mlp= 2954.3174> <PB=10000000> 
<DWph=2> <it=174> <et=3.16> <Mt= 0.01> <Spt= 0.01> <nCl= 18> <al=0.44> <DB= 2765.7032> <Mlp= 2954.2674> <PB=10000000> 
<DWph=2> <it=175> <et=3.17> <Mt= 0.00> <Spt= 0.01> <nCl= 12> <al=0.49> <DB= 2696.8680> <Mlp= 2953.8691> <PB=10000000> 
<DWph=2> <it=176> <et=3.18> <Mt= 0.00> <Spt= 0.01> <nCl= 12> <al=0.55> <DB= 2934.8041> <Mlp= 2953.8554> <PB=10000000> 
<DWph=2> <it=177> <et=3.20> <Mt= 0.00> <Spt= 0.02> <nCl=  6> <al=0.45> <DB= 2929.9059> <Mlp= 2953.7695> <PB=10000000> 
<DWph=2> <it=178> <et=3.21> <Mt= 0.00> <Spt= 0.01> <nCl=  6> <al=0.50> <DB= 2939.2899> <Mlp= 2953.5712> <PB=10000000> 
<DWph=2> <it=179> <et=3.22> <Mt= 0.01> <Spt= 0.01> <nCl=  6> <al=0.40> <DB= 2927.4588> <Mlp= 2953.5712> <PB=10000000> 
<DWph=2> <it=180> <et=3.23> <Mt= 0.00> <Spt= 0.01> <nCl=  6> <al=0.46> <DB= 2941.5594> <Mlp= 2953.5303> <PB=10000000> 
<DWph=2> <it=181> <et=3.25> <Mt= 0.00> <Spt= 0.01> <nCl= 30> <al=0.36> <DB=  273.6546> <Mlp= 2953.5214> <PB=10000000> 
<DWph=2> <it=182> <et=3.26> <Mt= 0.00> <Spt= 0.01> <nCl= 26> <al=0.42> <DB= 2534.5353> <Mlp= 2953.5214> <PB=10000000> 
<DWph=2> <it=183> <et=3.27> <Mt= 0.01> <Spt= 0.01> <nCl= 12> <al=0.48> <DB= 2854.5249> <Mlp= 2953.0997> <PB=10000000> 
<DWph=2> <it=184> <et=3.28> <Mt= 0.00> <Spt= 0.00> <nCl=  6> <al=0.53> <DB= 2933.7914> <Mlp= 2952.9710> <PB=10000000> 
<DWph=2> <it=185> <et=3.29> <Mt= 0.00> <Spt= 0.01> <nCl=  1> <al=0.58> <DB= 2946.2535> <Mlp= 2952.7508> <PB=10000000> 
<DWph=2> <it=186> <et=3.30> <Mt= 0.00> <Spt= 0.01> <nCl= 20> <al=0.48> <DB= 2935.1774> <Mlp= 2952.7507> <PB=10000000> 
<DWph=2> <it=187> <et=3.32> <Mt= 0.00> <Spt= 0.01> <nCl= 12> <al=0.53> <DB= 2942.9128> <Mlp= 2952.7091> <PB=10000000> 
<DWph=2> <it=188> <et=3.33> <Mt= 0.01> <Spt= 0.01> <nCl=  2> <al=0.58> <DB= 2943.2262> <Mlp= 2952.7091> <PB=10000000> 
<DWph=2> <it=189> <et=3.34> <Mt= 0.00> <Spt= 0.01> <nCl= 18> <al=0.62> <DB= 2763.7113> <Mlp= 2952.5610> <PB=10000000> 
<DWph=2> <it=190> <et=3.35> <Mt= 0.00> <Spt= 0.01> <nCl= 10> <al=0.66> <DB= 2788.3731> <Mlp= 2952.5091> <PB=10000000> 
<DWph=2> <it=191> <et=3.36> <Mt= 0.00> <Spt= 0.01> <nCl= 14> <al=0.56> <DB= 2922.2954> <Mlp= 2952.2500> <PB=10000000> 
<DWph=2> <it=192> <et=3.37> <Mt= 0.00> <Spt= 0.01> <nCl=  4> <al=0.60> <DB= 2834.4421> <Mlp= 2951.5354> <PB=10000000> 
<DWph=2> <it=193> <et=3.39> <Mt= 0.01> <Spt= 0.01> <nCl= 10> <al=0.50> <DB= 2949.1037> <Mlp= 2951.0579> <PB=10000000> 
<DWph=2> <it=194> <et=3.40> <Mt= 0.00> <Spt= 0.01> <nCl= 12> <al=0.55> <DB= 2932.5241> <Mlp= 2950.8825> <PB=10000000> 
<DWph=2> <it=195> <et=3.42> <Mt= 0.00> <Spt= 0.02> <nCl= 21> <al=0.20> <DB= 2927.7306> <Mlp= 2950.8825> <PB=10000000> 
<DWph=2> <it=196> <et=3.43> <Mt= 0.00> <Spt= 0.01> <nCl=  5> <al=0.50> <DB= 2945.3931> <Mlp= 2950.8706> <PB=10000000> 
<DWph=2> <it=197> <et=3.44> <Mt= 0.00> <Spt= 0.00> <nCl=  4> <al=0.40> <DB= 2936.2453> <Mlp= 2950.8706> <PB=10000000> 
<DWph=2> <it=198> <et=3.46> <Mt= 0.01> <Spt= 0.02> <nCl= 17> <al=0.00> <DB= 2645.7321> <Mlp= 2950.8706> <PB=10000000> 
<DWph=2> <it=199> <et=3.48> <Mt= 0.00> <Spt= 0.02> <nCl= 11> <al=0.00> <DB= 2926.6697> <Mlp= 2950.8706> <PB=10000000> 
<DWph=2> <it=200> <et=3.49> <Mt= 0.00> <Spt= 0.01> <nCl= 16> <al=0.26> <DB= 2924.0916> <Mlp= 2950.6672> <PB=10000000> 
<DWph=2> <it=201> <et=3.51> <Mt= 0.00> <Spt= 0.01> <nCl= 15> <al=0.33> <DB= 2715.1041> <Mlp= 2950.6668> <PB=10000000> 
<DWph=2> <it=202> <et=3.52> <Mt= 0.00> <Spt= 0.01> <nCl= 15> <al=0.40> <DB= 2657.7324> <Mlp= 2950.5052> <PB=10000000> 
<DWph=2> <it=203> <et=3.53> <Mt= 0.01> <Spt= 0.02> <nCl= 10> <al=0.30> <DB= 2948.5845> <Mlp= 2950.0564> <PB=10000000> 
<DWph=2> <it=204> <et=3.55> <Mt= 0.00> <Spt= 0.00> <nCl= 14> <al=0.20> <DB= 2927.1296> <Mlp= 2950.0564> <PB=10000000> 
<DWph=2> <it=205> <et=3.56> <Mt= 0.00> <Spt= 0.01> <nCl= 12> <al=0.28> <DB= 2950.1173> <Mlp= 2949.9848> <PB=10000000> 
<DWph=1> <it=206> <et=3.60> <Mt= 0.00> <Spt= 0.04> <nCl= 30> <al=0.18> <DB= 2435.5089> <Mlp= 2949.9848> <PB=10000000> 
<DWph=1> <it=207> <et=3.65> <Mt= 0.01> <Spt= 0.04> <nCl= 30> <al=0.08> <DB= -763.8147> <Mlp= 2948.7003> <PB=10000000> 
<DWph=1> <it=208> <et=3.69> <Mt= 0.01> <Spt= 0.04> <nCl= 30> <al=0.17> <DB=  934.4427> <Mlp= 2948.7003> <PB=10000000> 
<DWph=1> <it=209> <et=3.72> <Mt= 0.00> <Spt= 0.03> <nCl= 30> <al=0.25> <DB= 2292.3642> <Mlp= 2948.7003> <PB=10000000> 
<DWph=1> <it=210> <et=3.76> <Mt= 0.00> <Spt= 0.04> <nCl= 22> <al=0.33> <DB= 2694.1259> <Mlp= 2948.5283> <PB=10000000> 
<DWph=1> <it=211> <et=3.81> <Mt= 0.00> <Spt= 0.04> <nCl= 27> <al=0.40> <DB= 2295.6977> <Mlp= 2948.0851> <PB=10000000> 
<DWph=1> <it=212> <et=3.85> <Mt= 0.01> <Spt= 0.04> <nCl= 22> <al=0.46> <DB= 2917.4133> <Mlp= 2947.9587> <PB=10000000> 
<DWph=1> <it=213> <et=3.89> <Mt= 0.00> <Spt= 0.04> <nCl= 24> <al=0.36> <DB= 2927.0029> <Mlp= 2947.6994> <PB=10000000> 
<DWph=1> <it=214> <et=3.93> <Mt= 0.00> <Spt= 0.04> <nCl= 16> <al=0.42> <DB= 2934.3160> <Mlp= 2947.4874> <PB=10000000> 
<DWph=1> <it=215> <et=3.98> <Mt= 0.01> <Spt= 0.03> <nCl= 14> <al=0.48> <DB= 2917.2932> <Mlp= 2947.3416> <PB=10000000> 
<DWph=1> <it=216> <et=4.02> <Mt= 0.00> <Spt= 0.04> <nCl= 11> <al=0.53> <DB= 2928.2176> <Mlp= 2947.2943> <PB=10000000> 
<DWph=1> <it=217> <et=4.09> <Mt= 0.00> <Spt= 0.08> <nCl= 14> <al=0.16> <DB= 2920.3510> <Mlp= 2947.2937> <PB=10000000> 
<DWph=1> <it=218> <et=4.14> <Mt= 0.00> <Spt= 0.04> <nCl=  4> <al=0.48> <DB= 2943.3455> <Mlp= 2947.2937> <PB=10000000> 
<DWph=1> <it=219> <et=4.18> <Mt= 0.01> <Spt= 0.04> <nCl=  8> <al=0.38> <DB= 2923.2651> <Mlp= 2947.2908> <PB=10000000> 
<DWph=1> <it=220> <et=4.22> <Mt= 0.00> <Spt= 0.04> <nCl=  5> <al=0.44> <DB= 2938.9900> <Mlp= 2947.2908> <PB=10000000> 
<DWph=1> <it=221> <et=4.30> <Mt= 0.00> <Spt= 0.07> <nCl=  4> <al=0.00> <DB= 2947.1333> <Mlp= 2947.2908> <PB=10000000> 
<DWph=1> <it=222> <et=4.38> <Mt= 0.00> <Spt= 0.08> <nCl=  0> <al=0.00> <DB= 2947.2908> <Mlp= 2947.2908> <PB=10000000> 
    RCSP exact solver info for graph G_0 : TT = 0.194138, pt = 3e-05, dt = 0.187923, ct = 0.005528, ndl = 22077', bdl = 1980684', odl = 12163', odf = 94907', bsi = 1769', cnt = 155471', bdch = 33242883', odch = 581591', lcp = 529157', #sols = 150
<DWph=0> <it=223> <et=4.58> <Mt= 0.00> <Spt= 0.20> <nCl=150> <al=0.30> <DB= 2553.5189> <Mlp= 2947.2908> <PB=10000000> 
    RCSP exact solver info for graph G_0 : TT = 0.164727, pt = 5.4e-05, dt = 0.158449, ct = 0.005403, ndl = 22691', bdl = 2050351', odl = 12002', odf = 96688', bsi = 1592', cnt = 115227', bdch = 34657315', odch = 666256', lcp = 591698', #sols = 150
<DWph=0> <it=224> <et=4.76> <Mt= 0.01> <Spt= 0.17> <nCl=124> <al=0.37> <DB= 2916.3233> <Mlp= 2946.5282> <PB=10000000> 
    RCSP exact solver info for graph G_0 : TT = 0.186979, pt = 4.6e-05, dt = 0.180039, ct = 0.005971, ndl = 24618', bdl = 2222027', odl = 12505', odf = 104355', bsi = 1528', cnt = 128374', bdch = 39763045', odch = 745128', lcp = 648020', #sols = 150
<DWph=0> <it=225> <et=4.96> <Mt= 0.01> <Spt= 0.19> <nCl=108> <al=0.43> <DB= 2850.2794> <Mlp= 2944.4862> <PB=10000000> 
    RCSP exact solver info for graph G_0 : TT = 0.18937, pt = 6.2e-05, dt = 0.183283, ct = 0.005236, ndl = 24856', bdl = 2251198', odl = 12648', odf = 106594', bsi = 1471', cnt = 108662', bdch = 41211582', odch = 767691', lcp = 655070', #sols = 150
<DWph=0> <it=226> <et=5.16> <Mt= 0.01> <Spt= 0.20> <nCl= 58> <al=0.49> <DB= 2931.2902> <Mlp= 2943.7690> <PB=10000000> 
    RCSP exact solver info for graph G_0 : TT = 0.188416, pt = 4.2e-05, dt = 0.181684, ct = 0.005989, ndl = 24269', bdl = 2179193', odl = 12484', odf = 103693', bsi = 1545', cnt = 149808', bdch = 39037602', odch = 677159', lcp = 603678', #sols = 150
<DWph=0> <it=227> <et=5.36> <Mt= 0.00> <Spt= 0.19> <nCl=150> <al=0.39> <DB= 2509.5834> <Mlp= 2943.7452> <PB=10000000> 
    RCSP exact solver info for graph G_0 : TT = 0.183235, pt = 4.5e-05, dt = 0.1757, ct = 0.006723, ndl = 24216', bdl = 2188197', odl = 12495', odf = 103890', bsi = 1475', cnt = 125954', bdch = 39143545', odch = 690665', lcp = 615106', #sols = 150
<DWph=0> <it=228> <et=5.55> <Mt= 0.00> <Spt= 0.19> <nCl= 48> <al=0.45> <DB= 2926.2377> <Mlp= 2943.7452> <PB=10000000> 
    RCSP exact solver info for graph G_0 : TT = 0.18688, pt = 5.2e-05, dt = 0.180445, ct = 0.005593, ndl = 25083', bdl = 2260683', odl = 12571', odf = 106928', bsi = 1495', cnt = 131935', bdch = 41815659', odch = 767661', lcp = 676926', #sols = 150
<DWph=0> <it=229> <et=5.75> <Mt= 0.01> <Spt= 0.19> <nCl= 22> <al=0.50> <DB= 2937.4512> <Mlp= 2943.6916> <PB=10000000> 
    RCSP exact solver info for graph G_0 : TT = 0.188266, pt = 3.7e-05, dt = 0.181322, ct = 0.006128, ndl = 25127', bdl = 2253689', odl = 12364', odf = 106211', bsi = 1526', cnt = 150651', bdch = 41662816', odch = 753940', lcp = 658703', #sols = 150
<DWph=0> <it=230> <et=5.94> <Mt= 0.00> <Spt= 0.20> <nCl= 61> <al=0.40> <DB= 2926.8408> <Mlp= 2943.6916> <PB=10000000> 
    RCSP exact solver info for graph G_0 : TT = 0.186587, pt = 5.1e-05, dt = 0.179998, ct = 0.005722, ndl = 24830', bdl = 2228561', odl = 12504', odf = 105992', bsi = 1502', cnt = 132719', bdch = 40929845', odch = 737083', lcp = 656959', #sols = 150
    RCSP exact solver info for graph G_0 : TT = 0.18266, pt = 4.6e-05, dt = 0.175896, ct = 0.005906, ndl = 24772', bdl = 2215650', odl = 12411', odf = 104915', bsi = 1539', cnt = 146478', bdch = 40332279', odch = 735039', lcp = 654786', #sols = 150
<DWph=0> <it=231> <et=6.32> <Mt= 0.00> <Spt= 0.37> <nCl= 68> <al=0.00> <DB= 2937.3873> <Mlp= 2943.6577> <PB=10000000> 
    RCSP exact solver info for graph G_0 : TT = 0.186668, pt = 4.2e-05, dt = 0.179597, ct = 0.006268, ndl = 24874', bdl = 2223274', odl = 12510', odf = 105940', bsi = 1509', cnt = 138489', bdch = 40888096', odch = 731141', lcp = 640052', #sols = 150
    RCSP exact solver info for graph G_0 : TT = 0.185449, pt = 4.9e-05, dt = 0.177634, ct = 0.006961, ndl = 24588', bdl = 2196066', odl = 12307', odf = 104066', bsi = 1530', cnt = 141104', bdch = 39619116', odch = 713629', lcp = 630147', #sols = 150
<DWph=0> <it=232> <et=6.70> <Mt= 0.00> <Spt= 0.38> <nCl= 26> <al=0.00> <DB= 2943.2528> <Mlp= 2943.6525> <PB=10000000> 
    RCSP exact solver info for graph G_0 : TT = 0.190686, pt = 5.3e-05, dt = 0.18357, ct = 0.006242, ndl = 24561', bdl = 2195143', odl = 12288', odf = 103861', bsi = 1535', cnt = 141192', bdch = 39539110', odch = 713821', lcp = 630969', #sols = 150
    RCSP exact solver info for graph G_0 : TT = 0.18603, pt = 4.7e-05, dt = 0.178745, ct = 0.006445, ndl = 24437', bdl = 2182551', odl = 12268', odf = 103486', bsi = 1541', cnt = 143765', bdch = 39134196', odch = 714994', lcp = 632015', #sols = 150
<DWph=0> <it=233> <et=7.09> <Mt= 0.00> <Spt= 0.39> <nCl= 17> <al=0.00> <DB= 2943.5265> <Mlp= 2943.6488> <PB=10000000> 
    RCSP exact solver info for graph G_0 : TT = 0.200597, pt = 5e-05, dt = 0.193643, ct = 0.006103, ndl = 24694', bdl = 2205948', odl = 12262', odf = 104191', bsi = 1527', cnt = 141670', bdch = 39910635', odch = 719739', lcp = 634951', #sols = 150
    RCSP exact solver info for graph G_0 : TT = 0.184545, pt = 5e-05, dt = 0.177621, ct = 0.006085, ndl = 24437', bdl = 2182550', odl = 12268', odf = 103490', bsi = 1539', cnt = 143764', bdch = 39134968', odch = 715071', lcp = 631953', #sols = 150
<DWph=0> <it=234> <et=7.49> <Mt= 0.01> <Spt= 0.39> <nCl=  2> <al=0.00> <DB= 2943.6488> <Mlp= 2943.6488> <PB=10000000> 
RCSP solver dynamic params and stats :  bidir.bord. = 375 aver.obdmd = 24.5984 aver.buck.num. = 26
@@ 1 0 2943.65 0.185741 0.199746 92.0419 7.49
RCSP      solver labels distribution in 1443 buckets (bucket size) : largest - 167, top 0.1% - 158, top 0.5% - 136, top 2% - 74, top 10% - 40, top 50% - 10
Reduced cost fixing for graph G_0...  TT = 0.537288, pt = 0.038749, dt = 0.49799, ct = 0, ndl = 71904', bdl = 5387665', odl = 12246', odf = 205452', lpcb = 384666', cnt = 20006573', bdch = 116180865', odch = 3369129', lcp = 2286193'
338979 buck. arcs remain (99.1% from prev., 91.2% from max.) + 0 jump buck. arcs (0% from max.)
 TT = 0.754105, pt = 0.038749, dt = 0.49799, ct = 0.216711, ndl = 71904', bdl = 5387665', odl = 12246', odf = 205452', lpcb = 384666', cnt = 20786882', bdch = 116180865', odch = 3369129', lcp = 2286193'
RCSP      solver labels distribution in 2800 buckets (bucket size) : largest - 275, top 0.1% - 265, top 0.5% - 244, top 2% - 152, top 10% - 54, top 50% - 15
Run forward enumeration with border = 375... not succeeded (ratio 0.991598) lpt = 0.011191, ndl = 10117', dl = 0', lpcb = 0', dch = 3860'
 TT = 0.015316, pt = 0.001595, dt = 0.011191, ct = 0, ndl = 10117', bdl = 0', cnt = 64488', bdch = 3860', odch = 0', lcp = 0'
Bucket graph for G_0 is regenerated as bucket steps were adjusted for 122 vertices
RCSP solver info : number of forw. reachable buckets / buck. strongly connected components is 6017( 96.7052% ) / 6017( 100% )
662647 forw. buck. arcs remain (92.5588% from max.) + 0 jump buck. arcs
ColGenEvalAlg final dual bound: 2943.65 (rounded: 2944)
In total 2 RCC cut(s) are found by the connected components heuristic 
Shrinking heuristic shrunk 41 edges
In total 29 RCC cut(s) are found by the Fractional capacity min-cut heuristic 
In total 99 RCC cut(s) are found by the greedy construction heuristic 
----- Add fac. cuts : CAP(100), max.viol = 0.510979, aver.viol = 0.181663, sep/add took 0.028779/0.356038 sec. -----
6446 columns (6446 active), 100 dyn. constrs. (100 active), 342 art. vars. (342 active)
<DWph=2> <it=  1> <et=8.82> <Mt= 0.03> <Spt= 0.02> <nCl= 22> <al=0.50> <DB= 2350.6115> <Mlp= 2953.3429> <PB=10000000> 
<DWph=2> <it=  2> <et=8.87> <Mt= 0.03> <Spt= 0.02> <nCl=  9> <al=0.55> <DB= 2934.0085> <Mlp= 2949.6645> <PB=10000000> 
<DWph=2> <it=  3> <et=8.92> <Mt= 0.00> <Spt= 0.05> <nCl= 33> <al=0.19> <DB=  226.5771> <Mlp= 2949.6645> <PB=10000000> 
<DWph=2> <it=  4> <et=8.94> <Mt= 0.01> <Spt= 0.02> <nCl= 17> <al=0.50> <DB= 2808.2550> <Mlp= 2949.6645> <PB=10000000> 
<DWph=2> <it=  5> <et=8.97> <Mt= 0.01> <Spt= 0.01> <nCl= 10> <al=0.55> <DB= 2944.1434> <Mlp= 2949.2566> <PB=10000000> 
<DWph=2> <it=  6> <et=8.99> <Mt= 0.00> <Spt= 0.02> <nCl=  7> <al=0.59> <DB= 2940.2332> <Mlp= 2949.2427> <PB=10000000> 
<DWph=2> <it=  7> <et=9.03> <Mt= 0.01> <Spt= 0.03> <nCl= 19> <al=0.26> <DB= 2678.4603> <Mlp= 2949.1400> <PB=10000000> 
<DWph=2> <it=  8> <et=9.06> <Mt= 0.01> <Spt= 0.02> <nCl=  6> <al=0.53> <DB= 2948.0543> <Mlp= 2949.0137> <PB=10000000> 
<DWph=2> <it=  9> <et=9.08> <Mt= 0.00> <Spt= 0.01> <nCl= 12> <al=0.58> <DB= 2594.7690> <Mlp= 2948.9358> <PB=10000000> 
<DWph=2> <it= 10> <et=9.11> <Mt= 0.01> <Spt= 0.02> <nCl=  9> <al=0.62> <DB= 2943.8356> <Mlp= 2948.6591> <PB=10000000> 
<DWph=2> <it= 11> <et=9.13> <Mt= 0.01> <Spt= 0.02> <nCl=  3> <al=0.66> <DB= 2945.3509> <Mlp= 2948.6591> <PB=10000000> 
<DWph=2> <it= 12> <et=9.16> <Mt= 0.00> <Spt= 0.03> <nCl=  9> <al=0.12> <DB= 2627.4927> <Mlp= 2948.6591> <PB=10000000> 
<DWph=2> <it= 13> <et=9.19> <Mt= 0.00> <Spt= 0.02> <nCl=  4> <al=0.46> <DB= 2947.0862> <Mlp= 2948.6591> <PB=10000000> 
<DWph=2> <it= 14> <et=9.22> <Mt= 0.01> <Spt= 0.03> <nCl= 11> <al=0.00> <DB= 2834.0223> <Mlp= 2948.6591> <PB=10000000> 
<DWph=2> <it= 15> <et=9.26> <Mt= 0.00> <Spt= 0.03> <nCl= 10> <al=0.00> <DB= 2917.0618> <Mlp= 2948.6550> <PB=10000000> 
<DWph=2> <it= 16> <et=9.30> <Mt= 0.01> <Spt= 0.03> <nCl= 11> <al=0.00> <DB= 2944.9192> <Mlp= 2948.6545> <PB=10000000> 
<DWph=2> <it= 17> <et=9.33> <Mt= 0.00> <Spt= 0.04> <nCl=  5> <al=0.00> <DB= 2948.6545> <Mlp= 2948.6545> <PB=10000000> 
<DWph=1> <it= 18> <et=9.39> <Mt= 0.00> <Spt= 0.05> <nCl= 12> <al=0.00> <DB= 2943.1708> <Mlp= 2948.6545> <PB=10000000> 
<DWph=1> <it= 19> <et=9.45> <Mt= 0.01> <Spt= 0.06> <nCl=  4> <al=0.06> <DB= 2946.9406> <Mlp= 2948.6543> <PB=10000000> 
<DWph=1> <it= 20> <et=9.51> <Mt= 0.01> <Spt= 0.05> <nCl=  9> <al=0.00> <DB= 2641.8510> <Mlp= 2948.6489> <PB=10000000> 
<DWph=1> <it= 21> <et=9.62> <Mt= 0.00> <Spt= 0.11> <nCl=  3> <al=0.00> <DB= 2948.6483> <Mlp= 2948.6483> <PB=10000000> 
    RCSP exact solver info for graph G_0 : TT = 0.166788, pt = 8.7e-05, dt = 0.159125, ct = 0.006607, ndl = 25553', bdl = 2263935', odl = 20827', odf = 192957', bsi = 1710', cnt = 192172', bdch = 27812292', odch = 913112', lcp = 529404', #sols = 150
<DWph=0> <it= 22> <et=9.81> <Mt= 0.00> <Spt= 0.18> <nCl=150> <al=0.00> <DB= 2763.6599> <Mlp= 2948.6483> <PB=10000000> 
    RCSP exact solver info for graph G_0 : TT = 0.172726, pt = 0.000108, dt = 0.165585, ct = 0.005984, ndl = 25786', bdl = 2299607', odl = 21207', odf = 199473', bsi = 1652', cnt = 157469', bdch = 28708931', odch = 929593', lcp = 525789', #sols = 150
<DWph=0> <it= 23> <et=10.00> <Mt= 0.01> <Spt= 0.18> <nCl= 62> <al=0.00> <DB= 2941.7068> <Mlp= 2948.3837> <PB=10000000> 
    RCSP exact solver info for graph G_0 : TT = 0.179874, pt = 9.7e-05, dt = 0.172669, ct = 0.006028, ndl = 25850', bdl = 2304484', odl = 21248', odf = 200068', bsi = 1650', cnt = 157500', bdch = 28773471', odch = 939931', lcp = 526304', #sols = 150
    RCSP exact solver info for graph G_0 : TT = 0.173508, pt = 7.4e-05, dt = 0.166039, ct = 0.006342, ndl = 26156', bdl = 2328966', odl = 21213', odf = 201244', bsi = 1651', cnt = 168293', bdch = 29338049', odch = 966804', lcp = 544431', #sols = 150
<DWph=0> <it= 24> <et=10.37> <Mt= 0.01> <Spt= 0.37> <nCl= 69> <al=0.00> <DB= 2948.3773> <Mlp= 2948.3773> <PB=10000000> 
RCSP solver dynamic params and stats :  bidir.bord. = 375 aver.obdmd = 49.1967 aver.buck.num. = 51
@@ 1 1 2948.38 0.172095 0.178697 92.5588 10.37
    Full reduced cost fixing is not called (gap ratio is 1)
Bucket graph for G_0 is regenerated as bucket steps were adjusted for 122 vertices
RCSP solver info : number of forw. reachable buckets / buck. strongly connected components is 11874( 96.3642% ) / 11874( 100% )
1311898 forw. buck. arcs remain (92.8606% from max.) + 0 jump buck. arcs
ColGenEvalAlg final dual bound: 2948.38 (rounded: 2949)
False gap improvement since the last cut separation : 0.0160635 (2943.65)
Current active cuts : CAP(1+9,241.566)
In total 2 RCC cut(s) are found by the connected components heuristic 
Shrinking heuristic shrunk 37 edges
In total 14 RCC cut(s) are found by the Fractional capacity min-cut heuristic 
In total 85 RCC cut(s) are found by the greedy construction heuristic 
In total 10 RCC cut(s) are found by the global pool greedy search heuristic 
----- Add fac. cuts : CAP(100), max.viol = 0.394548, aver.viol = 0.175281, sep/add took 0.0306276/0.447432 sec. -----
6952 columns (6952 active), 200 dyn. constrs. (149 active), 442 art. vars. (391 active)
<DWph=2> <it=  1> <et=11.16> <Mt= 0.04> <Spt= 0.03> <nCl= 16> <al=0.50> <DB= 2917.7018> <Mlp= 2950.8116> <PB=10000000> 
<DWph=2> <it=  2> <et=11.20> <Mt= 0.01> <Spt= 0.03> <nCl= 11> <al=0.55> <DB= 2947.3758> <Mlp= 2950.7479> <PB=10000000> 
<DWph=2> <it=  3> <et=11.24> <Mt= 0.01> <Spt= 0.03> <nCl=  5> <al=0.60> <DB= 2948.9354> <Mlp= 2950.7078> <PB=10000000> 
<DWph=2> <it=  4> <et=11.28> <Mt= 0.01> <Spt= 0.03> <nCl=  7> <al=0.64> <DB= 2949.1764> <Mlp= 2950.7055> <PB=10000000> 
<DWph=2> <it=  5> <et=11.32> <Mt= 0.01> <Spt= 0.03> <nCl= 11> <al=0.67> <DB= 2948.8104> <Mlp= 2950.6992> <PB=10000000> 
<DWph=2> <it=  6> <et=11.36> <Mt= 0.01> <Spt= 0.03> <nCl=  2> <al=0.70> <DB= 2949.1990> <Mlp= 2950.4841> <PB=10000000> 
<DWph=2> <it=  7> <et=11.40> <Mt= 0.01> <Spt= 0.04> <nCl=  8> <al=0.60> <DB= 2949.0551> <Mlp= 2950.4831> <PB=10000000> 
<DWph=2> <it=  8> <et=11.47> <Mt= 0.00> <Spt= 0.06> <nCl=  4> <al=0.29> <DB= 2949.3669> <Mlp= 2950.4831> <PB=10000000> 
<DWph=2> <it=  9> <et=11.58> <Mt= 0.01> <Spt= 0.09> <nCl= 14> <al=0.00> <DB= 2948.7863> <Mlp= 2950.4819> <PB=10000000> 
<DWph=2> <it= 10> <et=11.65> <Mt= 0.01> <Spt= 0.06> <nCl=  2> <al=0.00> <DB= 2950.4819> <Mlp= 2950.4819> <PB=10000000> 
<DWph=1> <it= 11> <et=11.72> <Mt= 0.00> <Spt= 0.07> <nCl=  1> <al=0.34> <DB= 2786.5448> <Mlp= 2950.4819> <PB=10000000> 
<DWph=1> <it= 12> <et=11.86> <Mt= 0.01> <Spt= 0.14> <nCl=  1> <al=0.00> <DB= 2939.9664> <Mlp= 2950.4819> <PB=10000000> 
<DWph=1> <it= 13> <et=11.93> <Mt= 0.01> <Spt= 0.07> <nCl=  1> <al=0.14> <DB= 2949.7317> <Mlp= 2950.4819> <PB=10000000> 
<DWph=1> <it= 14> <et=12.02> <Mt= 0.00> <Spt= 0.07> <nCl= 11> <al=0.14> <DB= 2934.2750> <Mlp= 2950.4811> <PB=10000000> 
<DWph=1> <it= 15> <et=12.17> <Mt= 0.01> <Spt= 0.14> <nCl= 14> <al=0.00> <DB= 2950.4811> <Mlp= 2950.4811> <PB=10000000> 
    RCSP exact solver info for graph G_0 : TT = 0.134826, pt = 0.000171, dt = 0.127786, ct = 0.005493, ndl = 21833', bdl = 1935912', odl = 32099', odf = 384265', bsi = 1349', cnt = 127316', bdch = 14209480', odch = 940851', lcp = 362142', #sols = 150
<DWph=0> <it= 16> <et=12.32> <Mt= 0.00> <Spt= 0.15> <nCl= 58> <al=0.13> <DB= 2814.2699> <Mlp= 2950.4811> <PB=10000000> 
    RCSP exact solver info for graph G_0 : TT = 0.13623, pt = 0.000202, dt = 0.129331, ct = 0.005417, ndl = 22079', bdl = 1964661', odl = 32729', odf = 386128', bsi = 1318', cnt = 117777', bdch = 14735552', odch = 906953', lcp = 361432', #sols = 150
<DWph=0> <it= 17> <et=12.48> <Mt= 0.02> <Spt= 0.15> <nCl= 27> <al=0.22> <DB= 2947.3602> <Mlp= 2950.3290> <PB=10000000> 
    RCSP exact solver info for graph G_0 : TT = 0.140943, pt = 0.000223, dt = 0.133876, ct = 0.005528, ndl = 22375', bdl = 1985946', odl = 32584', odf = 387672', bsi = 1243', cnt = 124192', bdch = 15006121', odch = 929995', lcp = 371022', #sols = 150
<DWph=0> <it= 18> <et=12.64> <Mt= 0.01> <Spt= 0.15> <nCl= 35> <al=0.12> <DB= 2874.2867> <Mlp= 2950.3237> <PB=10000000> 
    RCSP exact solver info for graph G_0 : TT = 0.139799, pt = 0.000222, dt = 0.132813, ct = 0.005443, ndl = 22499', bdl = 2004770', odl = 32729', odf = 389214', bsi = 1301', cnt = 124918', bdch = 15149716', odch = 941839', lcp = 372086', #sols = 150
    RCSP exact solver info for graph G_0 : TT = 0.136538, pt = 0.00017, dt = 0.129881, ct = 0.005245, ndl = 22091', bdl = 1964976', odl = 32504', odf = 383746', bsi = 1356', cnt = 120594', bdch = 14680436', odch = 911063', lcp = 364924', #sols = 150
<DWph=0> <it= 19> <et=12.94> <Mt= 0.00> <Spt= 0.29> <nCl= 30> <al=0.00> <DB= 2950.0625> <Mlp= 2950.3237> <PB=10000000> 
    RCSP exact solver info for graph G_0 : TT = 0.132927, pt = 0.00018, dt = 0.126171, ct = 0.005248, ndl = 22100', bdl = 1966023', odl = 32521', odf = 383945', bsi = 1353', cnt = 123727', bdch = 14690635', odch = 914157', lcp = 365336', #sols = 150
    RCSP exact solver info for graph G_0 : TT = 0.132195, pt = 0.000137, dt = 0.125543, ct = 0.005306, ndl = 22147', bdl = 1969590', odl = 32498', odf = 384468', bsi = 1318', cnt = 118695', bdch = 14750294', odch = 908487', lcp = 365107', #sols = 150
<DWph=0> <it= 20> <et=13.22> <Mt= 0.01> <Spt= 0.28> <nCl= 15> <al=0.00> <DB= 2950.3236> <Mlp= 2950.3236> <PB=10000000> 
RCSP solver dynamic params and stats :  bidir.bord. = 375 aver.obdmd = 98.3934 aver.buck.num. = 101
@@ 1 2 2950.32 0.134726 0.139404 92.8606 13.22
    Full reduced cost fixing is not called (gap ratio is 0.999999)
ColGenEvalAlg final dual bound: 2950.32 (rounded: 2951)
False gap improvement since the last cut separation : 0.00660128 (2948.38)
Cut generation tailing off counter increased to 1
Current active cuts : CAP(2+13,433.837)
Shrinking heuristic shrunk 37 edges
In total 4 RCC cut(s) are found by the Fractional capacity min-cut heuristic 
In total 1 RCC cut(s) are found by the greedy construction heuristic 
In total 4 RCC cut(s) are found by the global pool greedy search heuristic 
----- Add fac. cuts : CAP(9), max.viol = 0.177375, aver.viol = 0.0608557, sep/add took 0.0300387/0.0318809 sec. -----
7225 columns (7225 active), 158 dyn. constrs. (103 active), 451 art. vars. (345 active)
<DWph=2> <it=  1> <et=13.41> <Mt= 0.01> <Spt= 0.03> <nCl= 11> <al=0.50> <DB= 2949.4955> <Mlp= 2950.4104> <PB=10000000> 
<DWph=2> <it=  2> <et=13.51> <Mt= 0.00> <Spt= 0.10> <nCl= 11> <al=0.00> <DB= 2950.4046> <Mlp= 2950.4046> <PB=10000000> 
<DWph=1> <it=  3> <et=13.66> <Mt= 0.01> <Spt= 0.14> <nCl=  0> <al=0.00> <DB= 2950.4046> <Mlp= 2950.4046> <PB=10000000> 
    RCSP exact solver info for graph G_0 : TT = 0.143825, pt = 0.000164, dt = 0.136582, ct = 0.005793, ndl = 21884', bdl = 1952971', odl = 32833', odf = 389392', bsi = 1275', cnt = 123536', bdch = 14579699', odch = 910910', lcp = 366073', #sols = 150
<DWph=0> <it=  4> <et=13.82> <Mt= 0.00> <Spt= 0.15> <nCl= 14> <al=0.35> <DB= 2941.2532> <Mlp= 2950.4046> <PB=10000000> 
    RCSP exact solver info for graph G_0 : TT = 0.135628, pt = 0.000207, dt = 0.128831, ct = 0.005316, ndl = 21863', bdl = 1951761', odl = 32822', odf = 389068', bsi = 1269', cnt = 123442', bdch = 14565189', odch = 909662', lcp = 366565', #sols = 150
    RCSP exact solver info for graph G_0 : TT = 0.134237, pt = 0.000138, dt = 0.12767, ct = 0.005101, ndl = 22085', bdl = 1973604', odl = 32801', odf = 391125', bsi = 1270', cnt = 126402', bdch = 14807166', odch = 934371', lcp = 371625', #sols = 150
<DWph=0> <it=  5> <et=14.10> <Mt= 0.01> <Spt= 0.28> <nCl=  9> <al=0.00> <DB= 2950.4046> <Mlp= 2950.4046> <PB=10000000> 
RCSP solver dynamic params and stats :  bidir.bord. = 375 aver.obdmd = 98.3934 aver.buck.num. = 101
@@ 1 3 2950.4 0.136431 0.142375 92.8606 14.1
    Full reduced cost fixing is not called (gap ratio is 0.999999)
ColGenEvalAlg final dual bound: 2950.4 (rounded: 2951)
False gap improvement since the last cut separation : 0.000274495 (2950.32)
Cut generation tailing off counter increased to 2
Current active cuts : CAP(3+14,418.397)
Shrinking heuristic shrunk 40 edges
In total 1 RCC cut(s) are found by the Fractional capacity min-cut heuristic 
In total 1 RCC cut(s) are found by the greedy construction heuristic 
----- Add fac. cuts : CAP(2), max.viol = 0.193914, aver.viol = 0.130906, sep/add took 0.0289275/0.00998833 sec. -----
7270 columns (7270 active), 105 dyn. constrs. (98 active), 453 art. vars. (340 active)
<DWph=2> <it=  1> <et=14.27> <Mt= 0.01> <Spt= 0.04> <nCl= 11> <al=0.50> <DB= 2947.8331> <Mlp= 2950.6049> <PB=10000000> 
<DWph=2> <it=  2> <et=14.32> <Mt= 0.01> <Spt= 0.04> <nCl=  3> <al=0.55> <DB= 2950.1647> <Mlp= 2950.6037> <PB=10000000> 
<DWph=2> <it=  3> <et=14.36> <Mt= 0.01> <Spt= 0.03> <nCl=  6> <al=0.45> <DB= 2950.2265> <Mlp= 2950.6037> <PB=10000000> 
<DWph=2> <it=  4> <et=14.43> <Mt= 0.01> <Spt= 0.06> <nCl= 19> <al=0.00> <DB= 2944.3443> <Mlp= 2950.5735> <PB=10000000> 
<DWph=2> <it=  5> <et=14.51> <Mt= 0.00> <Spt= 0.08> <nCl=  8> <al=0.00> <DB= 2950.5707> <Mlp= 2950.5707> <PB=10000000> 
<DWph=1> <it=  6> <et=14.59> <Mt= 0.01> <Spt= 0.07> <nCl=  2> <al=0.15> <DB= 2944.2321> <Mlp= 2950.5707> <PB=10000000> 
<DWph=1> <it=  7> <et=14.74> <Mt= 0.00> <Spt= 0.15> <nCl=  0> <al=0.00> <DB= 2950.5707> <Mlp= 2950.5707> <PB=10000000> 
    RCSP exact solver info for graph G_0 : TT = 0.126009, pt = 0.000154, dt = 0.11962, ct = 0.004936, ndl = 20272', bdl = 1814683', odl = 32520', odf = 386848', bsi = 1354', cnt = 109208', bdch = 12957272', odch = 842521', lcp = 342914', #sols = 150
<DWph=0> <it=  8> <et=14.87> <Mt= 0.01> <Spt= 0.13> <nCl= 14> <al=0.00> <DB= 2947.0673> <Mlp= 2950.5707> <PB=10000000> 
    RCSP exact solver info for graph G_0 : TT = 0.128261, pt = 0.000217, dt = 0.121918, ct = 0.004733, ndl = 20255', bdl = 1810946', odl = 32463', odf = 386437', bsi = 1353', cnt = 109181', bdch = 12906390', odch = 841246', lcp = 342005', #sols = 150
<DWph=0> <it=  9> <et=15.01> <Mt= 0.00> <Spt= 0.13> <nCl=  0> <al=0.00> <DB= 2950.5707> <Mlp= 2950.5707> <PB=10000000> 
RCSP solver dynamic params and stats :  bidir.bord. = 375 aver.obdmd = 98.3934 aver.buck.num. = 101
@@ 1 4 2950.57 0.125604 0.126651 92.8606 15.01
    Full reduced cost fixing is not called (gap ratio is 0.999999)
ColGenEvalAlg final dual bound: 2950.57 (rounded: 2951)
False gap improvement since the last cut separation : 0.00056292 (2950.4)
----- Cut separators priority level decreased to 1-----
Current active cuts : CAP(4+12,422.938)
Shrinking heuristic shrunk 41 edges
In total 1 RCC cut(s) are found by the Fractional capacity min-cut heuristic 
In total 1 RCC cut(s) are found by the greedy construction heuristic 
In total 11 RCC cut(s) are found by the global pool greedy search heuristic 
39 Rank-1 1-rows pack. cuts added ,  max viol. = 0.221172, aver. viol. = 0.103638
150 Rank-1 3-rows pack. cuts added ,  max viol. = 0.461923, aver. viol. = 0.327257
----- Add fac. cuts : CAP(13) R1C(189), max.viol = 0.461923, aver.viol = 0.265349, sep/add took 0.0289478/0.357065 sec. -----
7333 columns (7333 active), 300 dyn. constrs. (293 active), 655 art. vars. (535 active)
<DWph=2> <it=  1> <et=15.61> <Mt= 0.11> <Spt= 0.05> <nCl= 30> <al=0.50> <DB=-2752.1185> <Mlp= 2995.4624> <PB=10000000> 
<DWph=2> <it=  2> <et=15.97> <Mt= 0.32> <Spt= 0.04> <nCl= 30> <al=0.55> <DB= -214.0863> <Mlp= 2984.5407> <PB=10000000> 
<DWph=2> <it=  3> <et=16.05> <Mt= 0.03> <Spt= 0.05> <nCl= 30> <al=0.60> <DB= 2412.4114> <Mlp= 2984.5407> <PB=10000000> 
<DWph=2> <it=  4> <et=16.31> <Mt= 0.22> <Spt= 0.04> <nCl=  9> <al=0.64> <DB= 2872.0974> <Mlp= 2980.8053> <PB=10000000> 
<DWph=2> <it=  5> <et=16.39> <Mt= 0.03> <Spt= 0.05> <nCl= 15> <al=0.67> <DB= 2939.1984> <Mlp= 2980.3222> <PB=10000000> 
<DWph=2> <it=  6> <et=16.58> <Mt= 0.15> <Spt= 0.05> <nCl= 15> <al=0.70> <DB= 2959.1111> <Mlp= 2979.4974> <PB=10000000> 
<DWph=2> <it=  7> <et=16.76> <Mt= 0.12> <Spt= 0.04> <nCl= 25> <al=0.73> <DB= 2785.3638> <Mlp= 2978.6405> <PB=10000000> 
<DWph=2> <it=  8> <et=16.95> <Mt= 0.15> <Spt= 0.05> <nCl= 11> <al=0.76> <DB= 2963.4953> <Mlp= 2977.4434> <PB=10000000> 
<DWph=2> <it=  9> <et=17.16> <Mt= 0.16> <Spt= 0.06> <nCl= 25> <al=0.66> <DB= 2229.6765> <Mlp= 2976.2729> <PB=10000000> 
<DWph=2> <it= 10> <et=17.40> <Mt= 0.19> <Spt= 0.04> <nCl= 16> <al=0.69> <DB= 2834.3302> <Mlp= 2974.7860> <PB=10000000> 
<DWph=2> <it= 11> <et=17.59> <Mt= 0.15> <Spt= 0.04> <nCl= 12> <al=0.73> <DB= 2759.1806> <Mlp= 2973.0531> <PB=10000000> 
<DWph=2> <it= 12> <et=17.66> <Mt= 0.02> <Spt= 0.05> <nCl=  5> <al=0.75> <DB= 2953.1651> <Mlp= 2973.0531> <PB=10000000> 
<DWph=2> <it= 13> <et=17.71> <Mt= 0.00> <Spt= 0.05> <nCl=  3> <al=0.78> <DB= 2962.0858> <Mlp= 2973.0531> <PB=10000000> 
<DWph=2> <it= 14> <et=17.80> <Mt= 0.01> <Spt= 0.08> <nCl= 16> <al=0.60> <DB= 2945.9119> <Mlp= 2973.0531> <PB=10000000> 
<DWph=2> <it= 15> <et=18.02> <Mt= 0.17> <Spt= 0.05> <nCl=  6> <al=0.70> <DB= 2961.4767> <Mlp= 2972.1872> <PB=10000000> 
<DWph=2> <it= 16> <et=18.14> <Mt= 0.01> <Spt= 0.11> <nCl= 25> <al=0.46> <DB= 2555.9839> <Mlp= 2972.1872> <PB=10000000> 
<DWph=2> <it= 17> <et=18.23> <Mt= 0.04> <Spt= 0.04> <nCl=  9> <al=0.63> <DB= 2832.6944> <Mlp= 2971.9415> <PB=10000000> 
<DWph=2> <it= 18> <et=18.29> <Mt= 0.01> <Spt= 0.05> <nCl=  8> <al=0.67> <DB= 2966.8319> <Mlp= 2971.8749> <PB=10000000> 
<DWph=2> <it= 19> <et=18.35> <Mt= 0.02> <Spt= 0.04> <nCl=  9> <al=0.70> <DB= 2627.0918> <Mlp= 2971.8692> <PB=10000000> 
<DWph=2> <it= 20> <et=18.42> <Mt= 0.02> <Spt= 0.05> <nCl=  3> <al=0.73> <DB= 2967.9512> <Mlp= 2971.7305> <PB=10000000> 
<DWph=2> <it= 21> <et=18.47> <Mt= 0.01> <Spt= 0.04> <nCl=  6> <al=0.76> <DB= 2968.8692> <Mlp= 2971.7305> <PB=10000000> 
<DWph=2> <it= 22> <et=18.52> <Mt= 0.01> <Spt= 0.04> <nCl=  4> <al=0.78> <DB= 2963.4739> <Mlp= 2971.7024> <PB=10000000> 
<DWph=2> <it= 23> <et=18.58> <Mt= 0.01> <Spt= 0.05> <nCl=  8> <al=0.68> <DB= 2845.6809> <Mlp= 2971.6956> <PB=10000000> 
<DWph=2> <it= 24> <et=18.68> <Mt= 0.02> <Spt= 0.08> <nCl=  6> <al=0.43> <DB= 2964.0268> <Mlp= 2971.6691> <PB=10000000> 
<DWph=2> <it= 25> <et=18.73> <Mt= 0.01> <Spt= 0.05> <nCl=  4> <al=0.61> <DB= 2963.8192> <Mlp= 2971.6379> <PB=10000000> 
<DWph=2> <it= 26> <et=18.79> <Mt= 0.01> <Spt= 0.05> <nCl=  4> <al=0.51> <DB= 2965.0942> <Mlp= 2971.6379> <PB=10000000> 
<DWph=2> <it= 27> <et=18.89> <Mt= 0.01> <Spt= 0.08> <nCl=  6> <al=0.00> <DB= 2965.1347> <Mlp= 2971.6379> <PB=10000000> 
<DWph=2> <it= 28> <et=18.98> <Mt= 0.01> <Spt= 0.09> <nCl= 21> <al=0.00> <DB= 2958.5219> <Mlp= 2971.6326> <PB=10000000> 
<DWph=2> <it= 29> <et=19.04> <Mt= 0.02> <Spt= 0.04> <nCl=  4> <al=0.21> <DB= 2783.0338> <Mlp= 2971.5871> <PB=10000000> 
<DWph=2> <it= 30> <et=19.13> <Mt= 0.02> <Spt= 0.06> <nCl=  8> <al=0.29> <DB= 2801.8736> <Mlp= 2971.4476> <PB=10000000> 
<DWph=2> <it= 31> <et=19.21> <Mt= 0.04> <Spt= 0.05> <nCl=  1> <al=0.36> <DB= 2962.6604> <Mlp= 2971.1219> <PB=10000000> 
<DWph=2> <it= 32> <et=19.27> <Mt= 0.01> <Spt= 0.04> <nCl=  6> <al=0.43> <DB= 2626.9804> <Mlp= 2971.1219> <PB=10000000> 
<DWph=2> <it= 33> <et=19.33> <Mt= 0.02> <Spt= 0.04> <nCl=  9> <al=0.33> <DB= 2959.0545> <Mlp= 2970.9681> <PB=10000000> 
<DWph=2> <it= 34> <et=19.38> <Mt= 0.01> <Spt= 0.04> <nCl=  9> <al=0.23> <DB= 2958.1586> <Mlp= 2970.9681> <PB=10000000> 
<DWph=2> <it= 35> <et=19.44> <Mt= 0.01> <Spt= 0.05> <nCl=  3> <al=0.30> <DB= 2959.8661> <Mlp= 2970.9467> <PB=10000000> 
<DWph=2> <it= 36> <et=19.49> <Mt= 0.01> <Spt= 0.04> <nCl=  5> <al=0.20> <DB= 2961.6454> <Mlp= 2970.9428> <PB=10000000> 
<DWph=2> <it= 37> <et=19.60> <Mt= 0.02> <Spt= 0.08> <nCl= 24> <al=0.00> <DB= 2704.5084> <Mlp= 2970.9038> <PB=10000000> 
<DWph=2> <it= 38> <et=19.65> <Mt= 0.01> <Spt= 0.04> <nCl=  2> <al=0.18> <DB= 2968.2400> <Mlp= 2970.9038> <PB=10000000> 
<DWph=2> <it= 39> <et=19.70> <Mt= 0.01> <Spt= 0.05> <nCl=  5> <al=0.27> <DB= 2964.4534> <Mlp= 2970.8647> <PB=10000000> 
<DWph=2> <it= 40> <et=19.80> <Mt= 0.01> <Spt= 0.09> <nCl= 21> <al=0.00> <DB= 2962.8647> <Mlp= 2970.8647> <PB=10000000> 
<DWph=2> <it= 41> <et=19.86> <Mt= 0.01> <Spt= 0.04> <nCl=  7> <al=0.24> <DB= 2962.1577> <Mlp= 2970.8317> <PB=10000000> 
<DWph=2> <it= 42> <et=19.92> <Mt= 0.01> <Spt= 0.05> <nCl=  1> <al=0.14> <DB= 2965.7934> <Mlp= 2970.8317> <PB=10000000> 
<DWph=2> <it= 43> <et=19.97> <Mt= 0.01> <Spt= 0.05> <nCl=  9> <al=0.04> <DB= 2969.6261> <Mlp= 2970.8317> <PB=10000000> 
<DWph=2> <it= 44> <et=20.02> <Mt= 0.01> <Spt= 0.04> <nCl=  2> <al=0.13> <DB= 2963.2750> <Mlp= 2970.8269> <PB=10000000> 
<DWph=2> <it= 45> <et=20.08> <Mt= 0.01> <Spt= 0.04> <nCl=  6> <al=0.22> <DB= 2969.5515> <Mlp= 2970.7260> <PB=10000000> 
<DWph=2> <it= 46> <et=20.14> <Mt= 0.01> <Spt= 0.06> <nCl=  3> <al=0.30> <DB= 2916.9829> <Mlp= 2970.7037> <PB=10000000> 
<DWph=2> <it= 47> <et=20.19> <Mt= 0.00> <Spt= 0.04> <nCl=  2> <al=0.20> <DB= 2963.4896> <Mlp= 2970.7037> <PB=10000000> 
<DWph=2> <it= 48> <et=20.25> <Mt= 0.01> <Spt= 0.06> <nCl=  4> <al=0.10> <DB= 2791.6490> <Mlp= 2970.7037> <PB=10000000> 
<DWph=2> <it= 49> <et=20.36> <Mt= 0.01> <Spt= 0.09> <nCl= 11> <al=0.00> <DB= 2970.7036> <Mlp= 2970.7036> <PB=10000000> 
<DWph=1> <it= 50> <et=20.46> <Mt= 0.00> <Spt= 0.09> <nCl= 12> <al=0.09> <DB= 2794.3188> <Mlp= 2970.7036> <PB=10000000> 
<DWph=1> <it= 51> <et=20.56> <Mt= 0.02> <Spt= 0.10> <nCl= 20> <al=0.18> <DB= 2775.6108> <Mlp= 2970.5432> <PB=10000000> 
<DWph=1> <it= 52> <et=20.69> <Mt= 0.01> <Spt= 0.11> <nCl= 15> <al=0.26> <DB= 2654.1147> <Mlp= 2970.3730> <PB=10000000> 
<DWph=1> <it= 53> <et=20.81> <Mt= 0.03> <Spt= 0.10> <nCl= 20> <al=0.16> <DB= 2292.2461> <Mlp= 2969.9358> <PB=10000000> 
<DWph=1> <it= 54> <et=20.92> <Mt= 0.01> <Spt= 0.09> <nCl=  8> <al=0.25> <DB= 2958.1056> <Mlp= 2969.7998> <PB=10000000> 
<DWph=1> <it= 55> <et=21.03> <Mt= 0.01> <Spt= 0.10> <nCl= 12> <al=0.15> <DB= 2768.6800> <Mlp= 2969.7990> <PB=10000000> 
<DWph=1> <it= 56> <et=21.14> <Mt= 0.01> <Spt= 0.10> <nCl=  7> <al=0.05> <DB= 2960.7165> <Mlp= 2969.7873> <PB=10000000> 
<DWph=1> <it= 57> <et=21.25> <Mt= 0.01> <Spt= 0.10> <nCl= 10> <al=0.14> <DB= 2967.7973> <Mlp= 2969.7873> <PB=10000000> 
<DWph=1> <it= 58> <et=21.44> <Mt= 0.01> <Spt= 0.18> <nCl= 14> <al=0.00> <DB= 2969.7427> <Mlp= 2969.7873> <PB=10000000> 
<DWph=1> <it= 59> <et=21.63> <Mt= 0.00> <Spt= 0.19> <nCl= 10> <al=0.00> <DB= 2969.7873> <Mlp= 2969.7873> <PB=10000000> 
    RCSP exact solver info for graph G_0 : TT = 0.222071, pt = 0.000772, dt = 0.210497, ct = 0.009514, ndl = 27199', bdl = 2344025', odl = 35686', odf = 461163', bsi = 1468', cnt = 267934', bdch = 20533633', odch = 1509048', lcp = 535456', #sols = 150
<DWph=0> <it= 60> <et=21.89> <Mt= 0.01> <Spt= 0.25> <nCl=150> <al=0.03> <DB= 2264.9308> <Mlp= 2969.7873> <PB=10000000> 
    RCSP exact solver info for graph G_0 : TT = 0.183843, pt = 0.000851, dt = 0.170466, ct = 0.011324, ndl = 27484', bdl = 2362447', odl = 35758', odf = 473087', bsi = 1272', cnt = 261849', bdch = 20286133', odch = 1457064', lcp = 508267', #sols = 150
<DWph=0> <it= 61> <et=22.17> <Mt= 0.04> <Spt= 0.24> <nCl=132> <al=0.12> <DB= 2860.0452> <Mlp= 2968.8931> <PB=10000000> 
    RCSP exact solver info for graph G_0 : TT = 0.189968, pt = 0.000878, dt = 0.176751, ct = 0.011123, ndl = 28453', bdl = 2455157', odl = 36007', odf = 486255', bsi = 1290', cnt = 279973', bdch = 21732012', odch = 1536425', lcp = 537901', #sols = 150
<DWph=0> <it= 62> <et=22.39> <Mt= 0.01> <Spt= 0.20> <nCl= 73> <al=0.21> <DB= 2932.8234> <Mlp= 2968.8559> <PB=10000000> 
    RCSP exact solver info for graph G_0 : TT = 0.195373, pt = 0.000915, dt = 0.182163, ct = 0.010913, ndl = 28105', bdl = 2414355', odl = 35857', odf = 486269', bsi = 1349', cnt = 307171', bdch = 21266346', odch = 1522720', lcp = 533289', #sols = 150
<DWph=0> <it= 63> <et=22.61> <Mt= 0.02> <Spt= 0.21> <nCl= 23> <al=0.29> <DB= 2965.6848> <Mlp= 2968.8011> <PB=10000000> 
    RCSP exact solver info for graph G_0 : TT = 0.19034, pt = 0.000864, dt = 0.176807, ct = 0.011401, ndl = 28367', bdl = 2439495', odl = 35966', odf = 493316', bsi = 1340', cnt = 306754', bdch = 21590033', odch = 1546242', lcp = 543478', #sols = 150
<DWph=0> <it= 64> <et=22.82> <Mt= 0.01> <Spt= 0.20> <nCl= 17> <al=0.19> <DB= 2965.1767> <Mlp= 2968.7985> <PB=10000000> 
    RCSP exact solver info for graph G_0 : TT = 0.188115, pt = 0.0009, dt = 0.175921, ct = 0.01004, ndl = 27748', bdl = 2392408', odl = 35949', odf = 475056', bsi = 1266', cnt = 255209', bdch = 20919912', odch = 1435840', lcp = 522515', #sols = 150
    RCSP exact solver info for graph G_0 : TT = 2.02357, pt = 0.000733, dt = 2.01049, ct = 0.011075, ndl = 27015', bdl = 2331502', odl = 35827', odf = 476493', bsi = 1410', cnt = 252716', bdch = 19997304', odch = 1392297', lcp = 514622', #sols = 150
<DWph=0> <it= 65> <et=23.21> <Mt= 0.01> <Spt= 0.38> <nCl= 51> <al=0.00> <DB= 2968.7985> <Mlp= 2968.7985> <PB=10000000> 
RCSP solver dynamic params and stats :  bidir.bord. = 375 aver.obdmd = 98.3934 aver.buck.num. = 101 nbR1C = 31 with avMem = 8.32258
@@ 1 5 2968.8 0.454069 2.02156 92.8606 23.21
    Full reduced cost fixing is not called (gap ratio is 0.999997)
ColGenEvalAlg final dual bound: 2968.8 (rounded: 2969)
False gap improvement since the last cut separation : 0.0617774 (2950.57)
Current active cuts : CAP(4+9,235.005) R1C(13+18,62.3767) 1rowPackR1C(13) 3rowPackR1C(18)
Shrinking heuristic shrunk 39 edges
In total 1 RCC cut(s) are found by the Fractional capacity min-cut heuristic 
In total 13 RCC cut(s) are found by the global pool greedy search heuristic 
19 Rank-1 1-rows pack. cuts added ,  max viol. = 0.403386, aver. viol. = 0.0859633
150 Rank-1 3-rows pack. cuts added ,  max viol. = 0.400942, aver. viol. = 0.305336
----- Add fac. cuts : CAP(14) R1C(169), max.viol = 0.40417, aver.viol = 0.265489, sep/add took 0.0362944/0.410124 sec. -----
8410 columns (8410 active), 476 dyn. constrs. (289 active), 838 art. vars. (531 active)
<DWph=2> <it=  1> <et=23.86> <Mt= 0.11> <Spt= 0.05> <nCl= 30> <al=0.50> <DB=  295.6673> <Mlp= 2983.5877> <PB=10000000> 
<DWph=2> <it=  2> <et=24.20> <Mt= 0.29> <Spt= 0.05> <nCl= 30> <al=0.55> <DB= 2028.6069> <Mlp= 2979.9296> <PB=10000000> 
<DWph=2> <it=  3> <et=24.34> <Mt= 0.09> <Spt= 0.05> <nCl= 21> <al=0.60> <DB= 2584.4898> <Mlp= 2978.3029> <PB=10000000> 
<DWph=2> <it=  4> <et=24.43> <Mt= 0.04> <Spt= 0.05> <nCl= 11> <al=0.64> <DB= 2963.5699> <Mlp= 2977.8474> <PB=10000000> 
<DWph=2> <it=  5> <et=24.50> <Mt= 0.03> <Spt= 0.04> <nCl=  7> <al=0.67> <DB= 2968.6442> <Mlp= 2977.6644> <PB=10000000> 
<DWph=2> <it=  6> <et=24.59> <Mt= 0.00> <Spt= 0.09> <nCl= 22> <al=0.41> <DB= 2665.8541> <Mlp= 2977.6644> <PB=10000000> 
<DWph=2> <it=  7> <et=24.74> <Mt= 0.11> <Spt= 0.04> <nCl=  4> <al=0.60> <DB= 2973.6297> <Mlp= 2977.0402> <PB=10000000> 
<DWph=2> <it=  8> <et=24.80> <Mt= 0.01> <Spt= 0.05> <nCl= 17> <al=0.64> <DB= 2921.0291> <Mlp= 2976.9979> <PB=10000000> 
<DWph=2> <it=  9> <et=24.87> <Mt= 0.02> <Spt= 0.04> <nCl= 12> <al=0.68> <DB= 2808.6983> <Mlp= 2976.5389> <PB=10000000> 
<DWph=2> <it= 10> <et=24.94> <Mt= 0.02> <Spt= 0.05> <nCl= 12> <al=0.71> <DB= 2698.8814> <Mlp= 2976.2869> <PB=10000000> 
<DWph=2> <it= 11> <et=24.99> <Mt= 0.01> <Spt= 0.05> <nCl=  5> <al=0.74> <DB= 2973.7565> <Mlp= 2976.0811> <PB=10000000> 
<DWph=2> <it= 12> <et=25.05> <Mt= 0.01> <Spt= 0.04> <nCl=  4> <al=0.77> <DB= 2974.2990> <Mlp= 2976.0808> <PB=10000000> 
<DWph=2> <it= 13> <et=25.10> <Mt= 0.00> <Spt= 0.05> <nCl=  8> <al=0.79> <DB= 2968.6516> <Mlp= 2976.0808> <PB=10000000> 
<DWph=2> <it= 14> <et=25.16> <Mt= 0.01> <Spt= 0.05> <nCl=  1> <al=0.81> <DB= 2971.6959> <Mlp= 2976.0796> <PB=10000000> 
<DWph=2> <it= 15> <et=25.25> <Mt= 0.01> <Spt= 0.08> <nCl= 10> <al=0.42> <DB= 2972.9014> <Mlp= 2976.0796> <PB=10000000> 
<DWph=2> <it= 16> <et=25.31> <Mt= 0.00> <Spt= 0.06> <nCl=  5> <al=0.61> <DB= 2972.7770> <Mlp= 2976.0796> <PB=10000000> 
<DWph=2> <it= 17> <et=25.43> <Mt= 0.01> <Spt= 0.11> <nCl= 16> <al=0.02> <DB= 2609.9111> <Mlp= 2976.0796> <PB=10000000> 
<DWph=2> <it= 18> <et=25.54> <Mt= 0.01> <Spt= 0.10> <nCl= 13> <al=0.00> <DB= 2969.1273> <Mlp= 2976.0796> <PB=10000000> 
<DWph=2> <it= 19> <et=25.64> <Mt= 0.01> <Spt= 0.10> <nCl=  2> <al=0.00> <DB= 2976.0796> <Mlp= 2976.0796> <PB=10000000> 
<DWph=1> <it= 20> <et=25.75> <Mt= 0.00> <Spt= 0.10> <nCl= 16> <al=0.21> <DB= 2406.9314> <Mlp= 2976.0796> <PB=10000000> 
<DWph=1> <it= 21> <et=25.87> <Mt= 0.01> <Spt= 0.11> <nCl= 18> <al=0.11> <DB= 2733.9792> <Mlp= 2976.0721> <PB=10000000> 
<DWph=1> <it= 22> <et=25.98> <Mt= 0.01> <Spt= 0.09> <nCl= 12> <al=0.20> <DB= 2807.9206> <Mlp= 2976.0721> <PB=10000000> 
<DWph=1> <it= 23> <et=26.10> <Mt= 0.01> <Spt= 0.12> <nCl= 13> <al=0.10> <DB= 2939.7031> <Mlp= 2976.0721> <PB=10000000> 
<DWph=1> <it= 24> <et=26.21> <Mt= 0.01> <Spt= 0.10> <nCl=  5> <al=0.00> <DB= 2967.7086> <Mlp= 2976.0721> <PB=10000000> 
<DWph=1> <it= 25> <et=26.32> <Mt= 0.00> <Spt= 0.11> <nCl=  1> <al=0.00> <DB= 2976.0721> <Mlp= 2976.0721> <PB=10000000> 
    RCSP exact solver info for graph G_0 : TT = 0.25229, pt = 0.000953, dt = 0.236589, ct = 0.013591, ndl = 34215', bdl = 2922691', odl = 39151', odf = 564149', bsi = 1515', cnt = 483253', bdch = 29663794', odch = 2382877', lcp = 713590', #sols = 150
<DWph=0> <it= 26> <et=26.61> <Mt= 0.01> <Spt= 0.28> <nCl=150> <al=0.00> <DB= 2131.2676> <Mlp= 2976.0721> <PB=10000000> 
    RCSP exact solver info for graph G_0 : TT = 0.175237, pt = 0.001053, dt = 0.166856, ct = 0.006256, ndl = 23797', bdl = 2215648', odl = 35976', odf = 419357', bsi = 2836', cnt = 18441', bdch = 16977411', odch = 1031552', lcp = 403567', #sols = 150
<DWph=0> <it= 27> <et=26.85> <Mt= 0.04> <Spt= 0.20> <nCl=150> <al=0.00> <DB=-7560.1335> <Mlp= 2975.3337> <PB=10000000> 
    RCSP exact solver info for graph G_0 : TT = 0.230906, pt = 0.001027, dt = 0.215291, ct = 0.013367, ndl = 33693', bdl = 2936171', odl = 38923', odf = 549481', bsi = 2149', cnt = 226216', bdch = 29874060', odch = 2212214', lcp = 694320', #sols = 150
<DWph=0> <it= 28> <et=27.11> <Mt= 0.00> <Spt= 0.26> <nCl=150> <al=0.00> <DB=  916.0140> <Mlp= 2975.3337> <PB=10000000> 
    RCSP exact solver info for graph G_0 : TT = 0.230562, pt = 0.001049, dt = 0.214434, ct = 0.013875, ndl = 34328', bdl = 2955482', odl = 39466', odf = 564874', bsi = 1691', cnt = 500854', bdch = 30537069', odch = 2394820', lcp = 713421', #sols = 150
<DWph=0> <it= 29> <et=27.39> <Mt= 0.02> <Spt= 0.26> <nCl=150> <al=0.00> <DB= 2558.3161> <Mlp= 2975.3337> <PB=10000000> 
    RCSP exact solver info for graph G_0 : TT = 0.228013, pt = 0.001136, dt = 0.212264, ct = 0.0133, ndl = 33534', bdl = 2890850', odl = 38663', odf = 556085', bsi = 1573', cnt = 392483', bdch = 29191459', odch = 2180601', lcp = 627745', #sols = 150
<DWph=0> <it= 30> <et=27.67> <Mt= 0.02> <Spt= 0.25> <nCl=150> <al=0.05> <DB= 2140.1535> <Mlp= 2975.2405> <PB=10000000> 
    RCSP exact solver info for graph G_0 : TT = 0.234022, pt = 0.001199, dt = 0.21835, ct = 0.013167, ndl = 33808', bdl = 2925406', odl = 38963', odf = 551643', bsi = 1394', cnt = 368325', bdch = 29893064', odch = 2196317', lcp = 655905', #sols = 150
<DWph=0> <it= 31> <et=27.95> <Mt= 0.02> <Spt= 0.27> <nCl=142> <al=0.15> <DB= 2936.5396> <Mlp= 2975.0692> <PB=10000000> 
    RCSP exact solver info for graph G_0 : TT = 0.284641, pt = 0.001532, dt = 0.265853, ct = 0.015958, ndl = 37645', bdl = 3167355', odl = 40147', odf = 612966', bsi = 1376', cnt = 608753', bdch = 33992812', odch = 3010666', lcp = 849828', #sols = 150
<DWph=0> <it= 32> <et=28.40> <Mt= 0.14> <Spt= 0.31> <nCl=118> <al=0.23> <DB= 2812.2470> <Mlp= 2974.9655> <PB=10000000> 
    RCSP exact solver info for graph G_0 : TT = 0.261371, pt = 0.001408, dt = 0.242516, ct = 0.016073, ndl = 35959', bdl = 3048175', odl = 39544', odf = 595687', bsi = 1378', cnt = 482010', bdch = 31628498', odch = 2688401', lcp = 769499', #sols = 150
<DWph=0> <it= 33> <et=28.69> <Mt= 0.02> <Spt= 0.27> <nCl= 38> <al=0.31> <DB= 2970.1221> <Mlp= 2974.9604> <PB=10000000> 
    RCSP exact solver info for graph G_0 : TT = 0.275204, pt = 0.001293, dt = 0.25631, ct = 0.016388, ndl = 36520', bdl = 3074691', odl = 39437', odf = 602325', bsi = 1406', cnt = 570478', bdch = 32154038', odch = 2751488', lcp = 821806', #sols = 150
<DWph=0> <it= 34> <et=29.01> <Mt= 0.01> <Spt= 0.30> <nCl=130> <al=0.21> <DB= 2794.4426> <Mlp= 2974.9492> <PB=10000000> 
    RCSP exact solver info for graph G_0 : TT = 0.257045, pt = 0.001412, dt = 0.23959, ct = 0.014573, ndl = 36459', bdl = 3085167', odl = 39480', odf = 602911', bsi = 1131', cnt = 516326', bdch = 32165388', odch = 2690879', lcp = 795609', #sols = 150
<DWph=0> <it= 35> <et=29.29> <Mt= 0.02> <Spt= 0.27> <nCl= 29> <al=0.29> <DB= 2966.8798> <Mlp= 2974.9459> <PB=10000000> 
    RCSP exact solver info for graph G_0 : TT = 0.258055, pt = 0.001343, dt = 0.239283, ct = 0.015975, ndl = 35914', bdl = 3035459', odl = 39332', odf = 595240', bsi = 1232', cnt = 519490', bdch = 31307575', odch = 2648797', lcp = 785654', #sols = 150
    RCSP exact solver info for graph G_0 : TT = 0.23829, pt = 0.001023, dt = 0.220606, ct = 0.015341, ndl = 35419', bdl = 2985868', odl = 39150', odf = 588175', bsi = 1360', cnt = 551299', bdch = 30325455', odch = 2549030', lcp = 776783', #sols = 150
<DWph=0> <it= 36> <et=29.82> <Mt= 0.01> <Spt= 0.51> <nCl= 50> <al=0.00> <DB= 2966.9459> <Mlp= 2974.9459> <PB=10000000> 
    RCSP exact solver info for graph G_0 : TT = 0.262182, pt = 0.001329, dt = 0.242794, ct = 0.016573, ndl = 36684', bdl = 3088166', odl = 39434', odf = 599879', bsi = 1265', cnt = 579972', bdch = 32388546', odch = 2726139', lcp = 810108', #sols = 150
    RCSP exact solver info for graph G_0 : TT = 0.235683, pt = 0.001231, dt = 0.218113, ct = 0.014834, ndl = 35447', bdl = 2991574', odl = 39091', odf = 587079', bsi = 1349', cnt = 547757', bdch = 30400356', odch = 2550056', lcp = 776925', #sols = 150
<DWph=0> <it= 37> <et=30.34> <Mt= 0.01> <Spt= 0.52> <nCl= 16> <al=0.00> <DB= 2974.9459> <Mlp= 2974.9459> <PB=10000000> 
RCSP solver dynamic params and stats :  bidir.bord. = 375 aver.obdmd = 98.3934 aver.buck.num. = 101 nbR1C = 48 with avMem = 9.0625
@@ 1 6 2974.95 0.242009 0.281811 92.8606 30.34
    Full reduced cost fixing is not called (gap ratio is 0.999997)
ColGenEvalAlg final dual bound: 2974.95 (rounded: 2975)
False gap improvement since the last cut separation : 0.0207067 (2968.8)
Current active cuts : CAP(5+8,201.644) R1C(15+33,109.539) 1rowPackR1C(15) 3rowPackR1C(33)
Shrinking heuristic shrunk 37 edges
In total 4 RCC cut(s) are found by the Fractional capacity min-cut heuristic 
In total 14 RCC cut(s) are found by the greedy construction heuristic 
In total 16 RCC cut(s) are found by the global pool greedy search heuristic 
8 Rank-1 1-rows pack. cuts added ,  max viol. = 0.137386, aver. viol. = 0.0869257
150 Rank-1 3-rows pack. cuts added ,  max viol. = 0.329096, aver. viol. = 0.252354
----- Add fac. cuts : CAP(34) R1C(158), max.viol = 0.3866, aver.viol = 0.221852, sep/add took 0.0369248/0.615345 sec. -----
9978 columns (9978 active), 500 dyn. constrs. (314 active), 1030 art. vars. (556 active)
<DWph=2> <it=  1> <et=31.28> <Mt= 0.15> <Spt= 0.06> <nCl= 23> <al=0.50> <DB= 2965.4301> <Mlp= 2980.9789> <PB=10000000> 
<DWph=2> <it=  2> <et=31.44> <Mt= 0.08> <Spt= 0.07> <nCl= 14> <al=0.55> <DB= 2972.2385> <Mlp= 2980.0360> <PB=10000000> 
<DWph=2> <it=  3> <et=31.53> <Mt= 0.03> <Spt= 0.06> <nCl=  7> <al=0.60> <DB= 2968.6400> <Mlp= 2979.9645> <PB=10000000> 
<DWph=2> <it=  4> <et=31.67> <Mt= 0.01> <Spt= 0.13> <nCl= 22> <al=0.27> <DB= 2970.5289> <Mlp= 2979.9645> <PB=10000000> 
<DWph=2> <it=  5> <et=31.76> <Mt= 0.03> <Spt= 0.06> <nCl=  9> <al=0.54> <DB= 2977.6027> <Mlp= 2979.9393> <PB=10000000> 
<DWph=2> <it=  6> <et=31.84> <Mt= 0.02> <Spt= 0.06> <nCl= 20> <al=0.58> <DB= 2973.9036> <Mlp= 2979.9319> <PB=10000000> 
<DWph=2> <it=  7> <et=31.99> <Mt= 0.04> <Spt= 0.11> <nCl= 15> <al=0.25> <DB= 2966.4785> <Mlp= 2979.8069> <PB=10000000> 
<DWph=2> <it=  8> <et=32.08> <Mt= 0.03> <Spt= 0.06> <nCl=  9> <al=0.52> <DB= 2969.0021> <Mlp= 2979.7237> <PB=10000000> 
<DWph=2> <it=  9> <et=32.15> <Mt= 0.01> <Spt= 0.06> <nCl=  5> <al=0.42> <DB= 2979.1763> <Mlp= 2979.7237> <PB=10000000> 
<DWph=2> <it= 10> <et=32.21> <Mt= 0.00> <Spt= 0.06> <nCl=  9> <al=0.32> <DB= 2965.7478> <Mlp= 2979.7237> <PB=10000000> 
<DWph=2> <it= 11> <et=32.33> <Mt= 0.01> <Spt= 0.10> <nCl= 19> <al=0.00> <DB= 2882.4270> <Mlp= 2979.7237> <PB=10000000> 
<DWph=2> <it= 12> <et=32.41> <Mt= 0.03> <Spt= 0.06> <nCl=  7> <al=0.29> <DB= 2975.3372> <Mlp= 2979.7087> <PB=10000000> 
<DWph=2> <it= 13> <et=32.50> <Mt= 0.02> <Spt= 0.07> <nCl=  4> <al=0.36> <DB= 2963.8525> <Mlp= 2979.6952> <PB=10000000> 
<DWph=2> <it= 14> <et=32.63> <Mt= 0.01> <Spt= 0.12> <nCl= 12> <al=0.00> <DB= 2978.1858> <Mlp= 2979.6952> <PB=10000000> 
<DWph=2> <it= 15> <et=32.75> <Mt= 0.00> <Spt= 0.12> <nCl=  2> <al=0.00> <DB= 2976.5632> <Mlp= 2979.6952> <PB=10000000> 
<DWph=2> <it= 16> <et=32.89> <Mt= 0.01> <Spt= 0.12> <nCl=  4> <al=0.00> <DB= 2979.2781> <Mlp= 2979.6952> <PB=10000000> 
<DWph=2> <it= 17> <et=33.00> <Mt= 0.01> <Spt= 0.10> <nCl=  0> <al=0.00> <DB= 2979.6952> <Mlp= 2979.6952> <PB=10000000> 
<DWph=1> <it= 18> <et=33.13> <Mt= 0.00> <Spt= 0.13> <nCl=  9> <al=0.03> <DB= 2966.7703> <Mlp= 2979.6952> <PB=10000000> 
<DWph=1> <it= 19> <et=33.29> <Mt= 0.04> <Spt= 0.12> <nCl= 12> <al=0.12> <DB= 2965.8442> <Mlp= 2979.6279> <PB=10000000> 
<DWph=1> <it= 20> <et=33.43> <Mt= 0.02> <Spt= 0.12> <nCl=  8> <al=0.21> <DB= 2972.9426> <Mlp= 2979.5987> <PB=10000000> 
<DWph=1> <it= 21> <et=33.56> <Mt= 0.02> <Spt= 0.11> <nCl=  6> <al=0.29> <DB= 2975.1668> <Mlp= 2979.5965> <PB=10000000> 
<DWph=1> <it= 22> <et=33.79> <Mt= 0.01> <Spt= 0.23> <nCl=  6> <al=0.00> <DB= 2979.5965> <Mlp= 2979.5965> <PB=10000000> 
    RCSP exact solver info for graph G_0 : TT = 0.328593, pt = 0.001491, dt = 0.30554, ct = 0.019976, ndl = 44403', bdl = 3727823', odl = 42973', odf = 680384', bsi = 1546', cnt = 869668', bdch = 45277483', odch = 3885060', lcp = 1103544', #sols = 150
<DWph=0> <it= 23> <et=34.16> <Mt= 0.00> <Spt= 0.36> <nCl=150> <al=0.26> <DB= 2930.6064> <Mlp= 2979.5965> <PB=10000000> 
    RCSP exact solver info for graph G_0 : TT = 0.349851, pt = 0.001651, dt = 0.324628, ct = 0.022188, ndl = 45179', bdl = 3768103', odl = 43766', odf = 725415', bsi = 1350', cnt = 752065', bdch = 46745137', odch = 4119725', lcp = 1115817', #sols = 150
<DWph=0> <it= 24> <et=34.63> <Mt= 0.10> <Spt= 0.38> <nCl=106> <al=0.33> <DB= 2962.8331> <Mlp= 2979.0584> <PB=10000000> 
    RCSP exact solver info for graph G_0 : TT = 0.339654, pt = 0.001716, dt = 0.314041, ct = 0.022349, ndl = 44434', bdl = 3689787', odl = 43376', odf = 720408', bsi = 1243', cnt = 812027', bdch = 45416750', odch = 3925650', lcp = 1066475', #sols = 150
<DWph=0> <it= 25> <et=35.01> <Mt= 0.01> <Spt= 0.35> <nCl= 72> <al=0.23> <DB= 2925.6392> <Mlp= 2979.0254> <PB=10000000> 
    RCSP exact solver info for graph G_0 : TT = 0.336393, pt = 0.001852, dt = 0.312363, ct = 0.020667, ndl = 44782', bdl = 3723333', odl = 43227', odf = 719429', bsi = 1231', cnt = 784463', bdch = 46038626', odch = 3949758', lcp = 1072536', #sols = 150
<DWph=0> <it= 26> <et=35.37> <Mt= 0.02> <Spt= 0.35> <nCl= 34> <al=0.31> <DB= 2976.4142> <Mlp= 2979.0235> <PB=10000000> 
    RCSP exact solver info for graph G_0 : TT = 0.327587, pt = 0.001679, dt = 0.303318, ct = 0.021193, ndl = 43336', bdl = 3590091', odl = 43209', odf = 704564', bsi = 1271', cnt = 749478', bdch = 43525543', odch = 3714398', lcp = 1034418', #sols = 150
<DWph=0> <it= 27> <et=35.72> <Mt= 0.01> <Spt= 0.34> <nCl= 40> <al=0.21> <DB= 2941.0590> <Mlp= 2979.0231> <PB=10000000> 
    RCSP exact solver info for graph G_0 : TT = 0.321924, pt = 0.001711, dt = 0.298695, ct = 0.020131, ndl = 43350', bdl = 3594333', odl = 43191', odf = 706597', bsi = 1298', cnt = 743450', bdch = 43419903', odch = 3726092', lcp = 1026104', #sols = 150
<DWph=0> <it= 28> <et=36.06> <Mt= 0.00> <Spt= 0.34> <nCl= 37> <al=0.29> <DB= 2978.2659> <Mlp= 2979.0231> <PB=10000000> 
    RCSP exact solver info for graph G_0 : TT = 0.334422, pt = 0.00166, dt = 0.309846, ct = 0.021435, ndl = 43204', bdl = 3579364', odl = 43211', odf = 704007', bsi = 1269', cnt = 748359', bdch = 43194292', odch = 3728318', lcp = 1029555', #sols = 150
<DWph=0> <it= 29> <et=36.41> <Mt= 0.01> <Spt= 0.34> <nCl= 17> <al=0.19> <DB= 2978.2421> <Mlp= 2979.0231> <PB=10000000> 
    RCSP exact solver info for graph G_0 : TT = 0.326379, pt = 0.001778, dt = 0.302405, ct = 0.020786, ndl = 43411', bdl = 3600994', odl = 43390', odf = 707635', bsi = 1262', cnt = 763976', bdch = 43654206', odch = 3769650', lcp = 1039411', #sols = 150
<DWph=0> <it= 30> <et=36.76> <Mt= 0.01> <Spt= 0.34> <nCl=  7> <al=0.27> <DB= 2978.8177> <Mlp= 2979.0230> <PB=10000000> 
    RCSP exact solver info for graph G_0 : TT = 0.327815, pt = 0.001672, dt = 0.303761, ct = 0.020943, ndl = 43434', bdl = 3601549', odl = 43511', odf = 708932', bsi = 1260', cnt = 764446', bdch = 43744305', odch = 3778313', lcp = 1043795', #sols = 150
    RCSP exact solver info for graph G_0 : TT = 0.319455, pt = 0.001608, dt = 0.295249, ct = 0.021113, ndl = 42937', bdl = 3558738', odl = 43224', odf = 699889', bsi = 1308', cnt = 747783', bdch = 42734857', odch = 3697224', lcp = 1022354', #sols = 150
<DWph=0> <it= 31> <et=37.43> <Mt= 0.01> <Spt= 0.66> <nCl= 36> <al=0.00> <DB= 2979.0230> <Mlp= 2979.0230> <PB=10000000> 
RCSP solver dynamic params and stats :  bidir.bord. = 375 aver.obdmd = 98.3934 aver.buck.num. = 101 nbR1C = 63 with avMem = 10.6667
@@ 1 7 2979.02 0.328063 0.346816 92.8606 37.43
    Full reduced cost fixing is not called (gap ratio is 0.999996)
ColGenEvalAlg final dual bound: 2979.02 (rounded: 2980)
False gap improvement since the last cut separation : 0.0137048 (2974.95)
Separator R1C not in maximum phase
Cut generation tailing off counter increased to 0
Current active cuts : CAP(5+8,165.081) R1C(15+48,146.18) 1rowPackR1C(15) 3rowPackR1C(48)
Shrinking heuristic shrunk 38 edges
In total 1 RCC cut(s) are found by the global pool greedy search heuristic 
14 Rank-1 1-rows pack. cuts added ,  max viol. = 0.171498, aver. viol. = 0.0849017
150 Rank-1 3-rows pack. cuts added ,  max viol. = 0.223563, aver. viol. = 0.160518
Building structures for heuristic rank-1 packing cut separation...done!
100 Rank-1 4-rows pack. cuts added ,  max viol. = 0.248162, aver. viol. = 0.170095
----- Add fac. cuts : CAP(1) R1C(264), max.viol = 0.321194, aver.viol = 0.178258, sep/add took 0.0800574/0.565696 sec. -----
10699 columns (7298 active), 602 dyn. constrs. (400 active), 1295 art. vars. (642 active)
<DWph=2> <it=  1> <et=38.42> <Mt= 0.18> <Spt= 0.08> <nCl= 22> <al=0.50> <DB= 2595.2758> <Mlp= 2985.5271> <PB=10000000> 
<DWph=2> <it=  2> <et=38.59> <Mt= 0.09> <Spt= 0.07> <nCl= 22> <al=0.55> <DB= 2631.4334> <Mlp= 2985.1905> <PB=10000000> 
<DWph=2> <it=  3> <et=38.73> <Mt= 0.08> <Spt= 0.08> <nCl= 15> <al=0.60> <DB= 2980.0838> <Mlp= 2984.9838> <PB=10000000> 
<DWph=2> <it=  4> <et=38.86> <Mt= 0.04> <Spt= 0.08> <nCl= 26> <al=0.50> <DB= 2332.9052> <Mlp= 2984.9613> <PB=10000000> 
<DWph=2> <it=  5> <et=39.07> <Mt= 0.13> <Spt= 0.08> <nCl= 16> <al=0.55> <DB= 2945.4819> <Mlp= 2984.6795> <PB=10000000> 
<DWph=2> <it=  6> <et=39.24> <Mt= 0.08> <Spt= 0.09> <nCl= 14> <al=0.59> <DB= 2730.5856> <Mlp= 2984.5429> <PB=10000000> 
<DWph=2> <it=  7> <et=39.35> <Mt= 0.03> <Spt= 0.07> <nCl= 12> <al=0.63> <DB= 2907.5360> <Mlp= 2984.4987> <PB=10000000> 
<DWph=2> <it=  8> <et=39.47> <Mt= 0.06> <Spt= 0.07> <nCl=  7> <al=0.67> <DB= 2949.2336> <Mlp= 2984.3530> <PB=10000000> 
<DWph=2> <it=  9> <et=39.56> <Mt= 0.01> <Spt= 0.07> <nCl=  8> <al=0.57> <DB= 2976.7873> <Mlp= 2984.3530> <PB=10000000> 
<DWph=2> <it= 10> <et=39.72> <Mt= 0.01> <Spt= 0.15> <nCl= 32> <al=0.00> <DB= 2523.4008> <Mlp= 2984.3530> <PB=10000000> 
<DWph=2> <it= 11> <et=39.81> <Mt= 0.02> <Spt= 0.07> <nCl=  3> <al=0.37> <DB= 2981.6975> <Mlp= 2984.3503> <PB=10000000> 
<DWph=2> <it= 12> <et=39.93> <Mt= 0.04> <Spt= 0.08> <nCl=  8> <al=0.43> <DB= 2979.4647> <Mlp= 2984.3115> <PB=10000000> 
<DWph=2> <it= 13> <et=40.04> <Mt= 0.03> <Spt= 0.08> <nCl= 11> <al=0.49> <DB= 2982.0691> <Mlp= 2984.3018> <PB=10000000> 
<DWph=2> <it= 14> <et=40.12> <Mt= 0.01> <Spt= 0.08> <nCl= 10> <al=0.54> <DB= 2973.9106> <Mlp= 2984.3018> <PB=10000000> 
<DWph=2> <it= 15> <et=40.21> <Mt= 0.01> <Spt= 0.07> <nCl=  3> <al=0.59> <DB= 2982.9934> <Mlp= 2984.3006> <PB=10000000> 
<DWph=2> <it= 16> <et=40.29> <Mt= 0.01> <Spt= 0.08> <nCl=  5> <al=0.49> <DB= 2977.3014> <Mlp= 2984.3006> <PB=10000000> 
<DWph=2> <it= 17> <et=40.46> <Mt= 0.02> <Spt= 0.14> <nCl=  8> <al=0.07> <DB= 2982.8279> <Mlp= 2984.2948> <PB=10000000> 
<DWph=2> <it= 18> <et=40.53> <Mt= 0.00> <Spt= 0.07> <nCl=  1> <al=0.44> <DB= 2983.6334> <Mlp= 2984.2948> <PB=10000000> 
<DWph=2> <it= 19> <et=40.68> <Mt= 0.01> <Spt= 0.14> <nCl= 11> <al=0.00> <DB= 2951.9070> <Mlp= 2984.2948> <PB=10000000> 
<DWph=2> <it= 20> <et=40.83> <Mt= 0.01> <Spt= 0.14> <nCl=  4> <al=0.00> <DB= 2978.7965> <Mlp= 2984.2948> <PB=10000000> 
<DWph=2> <it= 21> <et=40.97> <Mt= 0.01> <Spt= 0.13> <nCl=  5> <al=0.00> <DB= 2975.6598> <Mlp= 2984.2942> <PB=10000000> 
<DWph=2> <it= 22> <et=41.11> <Mt= 0.01> <Spt= 0.13> <nCl=  2> <al=0.00> <DB= 2984.2942> <Mlp= 2984.2942> <PB=10000000> 
<DWph=1> <it= 23> <et=41.25> <Mt= 0.00> <Spt= 0.14> <nCl= 13> <al=0.09> <DB= 2883.6322> <Mlp= 2984.2942> <PB=10000000> 
<DWph=1> <it= 24> <et=41.42> <Mt= 0.04> <Spt= 0.13> <nCl= 20> <al=0.18> <DB= 2846.9849> <Mlp= 2984.2348> <PB=10000000> 
<DWph=1> <it= 25> <et=41.60> <Mt= 0.04> <Spt= 0.14> <nCl= 17> <al=0.27> <DB= 2880.0560> <Mlp= 2984.1995> <PB=10000000> 
<DWph=1> <it= 26> <et=41.78> <Mt= 0.04> <Spt= 0.14> <nCl= 12> <al=0.17> <DB= 2960.0027> <Mlp= 2984.1855> <PB=10000000> 
<DWph=1> <it= 27> <et=41.95> <Mt= 0.03> <Spt= 0.13> <nCl=  7> <al=0.25> <DB= 2975.1379> <Mlp= 2984.1670> <PB=10000000> 
<DWph=1> <it= 28> <et=42.11> <Mt= 0.02> <Spt= 0.15> <nCl= 11> <al=0.32> <DB= 2980.6716> <Mlp= 2984.1636> <PB=10000000> 
<DWph=1> <it= 29> <et=42.26> <Mt= 0.01> <Spt= 0.14> <nCl=  9> <al=0.22> <DB= 2974.3430> <Mlp= 2984.1636> <PB=10000000> 
<DWph=1> <it= 30> <et=42.53> <Mt= 0.01> <Spt= 0.26> <nCl= 17> <al=0.00> <DB= 2983.8775> <Mlp= 2984.1631> <PB=10000000> 
<DWph=1> <it= 31> <et=42.67> <Mt= 0.01> <Spt= 0.13> <nCl=  1> <al=0.20> <DB= 2983.9915> <Mlp= 2984.1631> <PB=10000000> 
<DWph=1> <it= 32> <et=42.95> <Mt= 0.01> <Spt= 0.27> <nCl=  0> <al=0.00> <DB= 2984.1631> <Mlp= 2984.1631> <PB=10000000> 
    RCSP exact solver info for graph G_0 : TT = 0.493434, pt = 0.002052, dt = 0.460611, ct = 0.029455, ndl = 55319', bdl = 4571498', odl = 48272', odf = 866489', bsi = 1405', cnt = 1499594', bdch = 65605648', odch = 7415358', lcp = 1916868', #sols = 150
<DWph=0> <it= 33> <et=43.50> <Mt= 0.00> <Spt= 0.54> <nCl=150> <al=0.00> <DB= 2698.4182> <Mlp= 2984.1631> <PB=10000000> 
    RCSP exact solver info for graph G_0 : TT = 0.460373, pt = 0.00262, dt = 0.425798, ct = 0.030568, ndl = 53782', bdl = 4443459', odl = 46844', odf = 824319', bsi = 1364', cnt = 1465331', bdch = 62915244', odch = 6150318', lcp = 1607471', #sols = 150
<DWph=0> <it= 34> <et=44.15> <Mt= 0.15> <Spt= 0.50> <nCl=130> <al=0.10> <DB= 2847.9971> <Mlp= 2983.8023> <PB=10000000> 
    RCSP exact solver info for graph G_0 : TT = 0.451221, pt = 0.002602, dt = 0.419465, ct = 0.027845, ndl = 51928', bdl = 4295981', odl = 46905', odf = 804485', bsi = 1299', cnt = 1259853', bdch = 60038335', odch = 5527144', lcp = 1469339', #sols = 150
<DWph=0> <it= 35> <et=44.71> <Mt= 0.08> <Spt= 0.48> <nCl= 83> <al=0.19> <DB= 2831.8319> <Mlp= 2983.5889> <PB=10000000> 
    RCSP exact solver info for graph G_0 : TT = 0.448038, pt = 0.002621, dt = 0.415983, ct = 0.028037, ndl = 51799', bdl = 4272546', odl = 46093', odf = 801161', bsi = 1282', cnt = 1337562', bdch = 59422444', odch = 5805169', lcp = 1528062', #sols = 150
<DWph=0> <it= 36> <et=45.20> <Mt= 0.02> <Spt= 0.47> <nCl= 38> <al=0.27> <DB= 2974.1095> <Mlp= 2983.5706> <PB=10000000> 
    RCSP exact solver info for graph G_0 : TT = 0.455823, pt = 0.002696, dt = 0.423823, ct = 0.027864, ndl = 51823', bdl = 4283463', odl = 46397', odf = 801763', bsi = 1295', cnt = 1277929', bdch = 59960703', odch = 5714734', lcp = 1490191', #sols = 150
<DWph=0> <it= 37> <et=45.69> <Mt= 0.02> <Spt= 0.47> <nCl= 22> <al=0.35> <DB= 2980.3048> <Mlp= 2983.5692> <PB=10000000> 
    RCSP exact solver info for graph G_0 : TT = 0.465206, pt = 0.002854, dt = 0.430594, ct = 0.030231, ndl = 51755', bdl = 4279569', odl = 46094', odf = 801379', bsi = 1234', cnt = 1290379', bdch = 59566436', odch = 5704023', lcp = 1473324', #sols = 150
<DWph=0> <it= 38> <et=46.19> <Mt= 0.03> <Spt= 0.48> <nCl= 13> <al=0.25> <DB= 2980.7087> <Mlp= 2983.5674> <PB=10000000> 
    RCSP exact solver info for graph G_0 : TT = 0.486498, pt = 0.002656, dt = 0.452769, ct = 0.029672, ndl = 51928', bdl = 4291651', odl = 46113', odf = 802123', bsi = 1250', cnt = 1333334', bdch = 59808403', odch = 5776713', lcp = 1501908', #sols = 150
<DWph=0> <it= 39> <et=46.71> <Mt= 0.01> <Spt= 0.49> <nCl= 16> <al=0.32> <DB= 2982.6503> <Mlp= 2983.5664> <PB=10000000> 
    RCSP exact solver info for graph G_0 : TT = 0.452236, pt = 0.002743, dt = 0.418213, ct = 0.029795, ndl = 51769', bdl = 4278033', odl = 46066', odf = 799106', bsi = 1291', cnt = 1343787', bdch = 59569625', odch = 5783763', lcp = 1491850', #sols = 150
    RCSP exact solver info for graph G_0 : TT = 0.424136, pt = 0.002232, dt = 0.392926, ct = 0.027524, ndl = 51415', bdl = 4244182', odl = 46207', odf = 801065', bsi = 1305', cnt = 1356644', bdch = 58933527', odch = 5746047', lcp = 1489731', #sols = 150
<DWph=0> <it= 40> <et=47.61> <Mt= 0.01> <Spt= 0.90> <nCl= 20> <al=0.00> <DB= 2983.5664> <Mlp= 2983.5664> <PB=10000000> 
RCSP solver dynamic params and stats :  bidir.bord. = 375 aver.obdmd = 98.3934 aver.buck.num. = 101 nbR1C = 95 with avMem = 11.9474
@@ 1 8 2983.57 0.455686 0.490066 92.8606 47.61
    Full reduced cost fixing is not called (gap ratio is 0.999996)
ColGenEvalAlg final dual bound: 2983.57 (rounded: 2984)
False gap improvement since the last cut separation : 0.0152511 (2979.02)
Current active cuts : CAP(5+6,155.647) R1C(16+79,173.251) 1rowPackR1C(16) 3rowPackR1C(63) 4rowPackR1C(16)
Shrinking heuristic shrunk 32 edges
In total 2 RCC cut(s) are found by the Fractional capacity min-cut heuristic 
In total 11 RCC cut(s) are found by the greedy construction heuristic 
In total 14 RCC cut(s) are found by the global pool greedy search heuristic 
9 Rank-1 1-rows pack. cuts added ,  max viol. = 0.110948, aver. viol. = 0.0644782
150 Rank-1 3-rows pack. cuts added ,  max viol. = 0.228423, aver. viol. = 0.139826
Building structures for heuristic rank-1 packing cut separation...done!
100 Rank-1 4-rows pack. cuts added ,  max viol. = 0.258823, aver. viol. = 0.16009
----- Add fac. cuts : CAP(27) R1C(259), max.viol = 0.275094, aver.viol = 0.142108, sep/add took 0.111036/0.754289 sec. -----
11523 columns (8122 active), 711 dyn. constrs. (450 active), 1581 art. vars. (692 active)
<DWph=2> <it=  1> <et=48.88> <Mt= 0.21> <Spt= 0.08> <nCl= 17> <al=0.50> <DB= 2967.6653> <Mlp= 2987.3524> <PB=10000000> 
<DWph=2> <it=  2> <et=49.09> <Mt= 0.14> <Spt= 0.08> <nCl= 16> <al=0.55> <DB= 2978.3689> <Mlp= 2986.9583> <PB=10000000> 
<DWph=2> <it=  3> <et=49.26> <Mt= 0.09> <Spt= 0.08> <nCl=  8> <al=0.60> <DB= 2981.2638> <Mlp= 2986.6557> <PB=10000000> 
<DWph=2> <it=  4> <et=49.39> <Mt= 0.04> <Spt= 0.08> <nCl=  5> <al=0.64> <DB= 2983.1847> <Mlp= 2986.5850> <PB=10000000> 
<DWph=2> <it=  5> <et=49.50> <Mt= 0.03> <Spt= 0.09> <nCl=  3> <al=0.67> <DB= 2984.5509> <Mlp= 2986.5674> <PB=10000000> 
<DWph=2> <it=  6> <et=49.63> <Mt= 0.04> <Spt= 0.08> <nCl=  6> <al=0.57> <DB= 2985.1369> <Mlp= 2986.5433> <PB=10000000> 
<DWph=2> <it=  7> <et=49.72> <Mt= 0.02> <Spt= 0.07> <nCl=  9> <al=0.61> <DB= 2980.1467> <Mlp= 2986.5429> <PB=10000000> 
<DWph=2> <it=  8> <et=49.84> <Mt= 0.04> <Spt= 0.09> <nCl=  9> <al=0.65> <DB= 2978.8694> <Mlp= 2986.5126> <PB=10000000> 
<DWph=2> <it=  9> <et=50.06> <Mt= 0.06> <Spt= 0.15> <nCl= 14> <al=0.38> <DB= 2887.9171> <Mlp= 2986.4807> <PB=10000000> 
<DWph=2> <it= 10> <et=50.21> <Mt= 0.07> <Spt= 0.08> <nCl= 12> <al=0.59> <DB= 2976.2298> <Mlp= 2986.3864> <PB=10000000> 
<DWph=2> <it= 11> <et=50.31> <Mt= 0.02> <Spt= 0.07> <nCl=  5> <al=0.63> <DB= 2984.1740> <Mlp= 2986.3796> <PB=10000000> 
<DWph=2> <it= 12> <et=50.41> <Mt= 0.03> <Spt= 0.08> <nCl=  1> <al=0.67> <DB= 2985.9511> <Mlp= 2986.3728> <PB=10000000> 
<DWph=2> <it= 13> <et=50.51> <Mt= 0.01> <Spt= 0.09> <nCl=  4> <al=0.70> <DB= 2984.7351> <Mlp= 2986.3728> <PB=10000000> 
<DWph=2> <it= 14> <et=50.59> <Mt= 0.01> <Spt= 0.07> <nCl=  4> <al=0.60> <DB= 2979.4994> <Mlp= 2986.3728> <PB=10000000> 
<DWph=2> <it= 15> <et=50.71> <Mt= 0.03> <Spt= 0.09> <nCl=  4> <al=0.64> <DB= 2979.4647> <Mlp= 2986.3599> <PB=10000000> 
<DWph=2> <it= 16> <et=50.85> <Mt= 0.05> <Spt= 0.08> <nCl=  6> <al=0.68> <DB= 2820.5304> <Mlp= 2986.3244> <PB=10000000> 
<DWph=2> <it= 17> <et=50.97> <Mt= 0.03> <Spt= 0.10> <nCl=  3> <al=0.58> <DB= 2982.1785> <Mlp= 2986.3179> <PB=10000000> 
<DWph=2> <it= 18> <et=51.06> <Mt= 0.01> <Spt= 0.07> <nCl=  3> <al=0.48> <DB= 2982.8976> <Mlp= 2986.3179> <PB=10000000> 
<DWph=2> <it= 19> <et=51.18> <Mt= 0.03> <Spt= 0.10> <nCl= 13> <al=0.38> <DB= 2974.0480> <Mlp= 2986.3102> <PB=10000000> 
<DWph=2> <it= 20> <et=51.31> <Mt= 0.04> <Spt= 0.09> <nCl=  3> <al=0.44> <DB= 2986.1464> <Mlp= 2986.2987> <PB=10000000> 
<DWph=2> <it= 21> <et=51.42> <Mt= 0.01> <Spt= 0.09> <nCl=  9> <al=0.49> <DB= 2978.1479> <Mlp= 2986.2987> <PB=10000000> 
<DWph=2> <it= 22> <et=51.53> <Mt= 0.02> <Spt= 0.09> <nCl=  9> <al=0.54> <DB= 2859.1869> <Mlp= 2986.2967> <PB=10000000> 
<DWph=2> <it= 23> <et=51.67> <Mt= 0.04> <Spt= 0.09> <nCl=  5> <al=0.59> <DB= 2972.0181> <Mlp= 2986.2603> <PB=10000000> 
<DWph=2> <it= 24> <et=51.82> <Mt= 0.06> <Spt= 0.10> <nCl=  3> <al=0.49> <DB= 2978.1322> <Mlp= 2986.2401> <PB=10000000> 
<DWph=2> <it= 25> <et=51.96> <Mt= 0.03> <Spt= 0.10> <nCl=  6> <al=0.39> <DB= 2983.8572> <Mlp= 2986.2342> <PB=10000000> 
<DWph=2> <it= 26> <et=52.17> <Mt= 0.04> <Spt= 0.18> <nCl= 15> <al=0.00> <DB= 2984.1848> <Mlp= 2986.2319> <PB=10000000> 
<DWph=2> <it= 27> <et=52.29> <Mt= 0.03> <Spt= 0.09> <nCl=  2> <al=0.35> <DB= 2979.8936> <Mlp= 2986.2298> <PB=10000000> 
<DWph=2> <it= 28> <et=52.40> <Mt= 0.01> <Spt= 0.09> <nCl=  4> <al=0.25> <DB= 2986.1265> <Mlp= 2986.2298> <PB=10000000> 
<DWph=2> <it= 29> <et=52.59> <Mt= 0.01> <Spt= 0.18> <nCl=  9> <al=0.00> <DB= 2976.4716> <Mlp= 2986.2298> <PB=10000000> 
<DWph=2> <it= 30> <et=52.69> <Mt= 0.02> <Spt= 0.09> <nCl=  5> <al=0.05> <DB= 2978.4349> <Mlp= 2986.2298> <PB=10000000> 
<DWph=2> <it= 31> <et=52.81> <Mt= 0.03> <Spt= 0.09> <nCl= 14> <al=0.00> <DB= 2928.0956> <Mlp= 2986.2092> <PB=10000000> 
<DWph=2> <it= 32> <et=52.93> <Mt= 0.03> <Spt= 0.09> <nCl= 10> <al=0.06> <DB= 2943.2440> <Mlp= 2986.1863> <PB=10000000> 
<DWph=2> <it= 33> <et=53.06> <Mt= 0.02> <Spt= 0.10> <nCl=  2> <al=0.15> <DB= 2981.1219> <Mlp= 2986.1847> <PB=10000000> 
<DWph=2> <it= 34> <et=53.16> <Mt= 0.02> <Spt= 0.09> <nCl=  1> <al=0.05> <DB= 2979.0787> <Mlp= 2986.1847> <PB=10000000> 
<DWph=2> <it= 35> <et=53.35> <Mt= 0.01> <Spt= 0.18> <nCl=  8> <al=0.00> <DB= 2985.3981> <Mlp= 2986.1847> <PB=10000000> 
<DWph=2> <it= 36> <et=53.54> <Mt= 0.01> <Spt= 0.17> <nCl=  1> <al=0.00> <DB= 2986.1847> <Mlp= 2986.1847> <PB=10000000> 
<DWph=1> <it= 37> <et=53.71> <Mt= 0.01> <Spt= 0.17> <nCl= 19> <al=0.00> <DB= 2914.0015> <Mlp= 2986.1847> <PB=10000000> 
<DWph=1> <it= 38> <et=53.94> <Mt= 0.07> <Spt= 0.16> <nCl= 13> <al=0.00> <DB= 2983.5101> <Mlp= 2986.1605> <PB=10000000> 
<DWph=1> <it= 39> <et=54.13> <Mt= 0.03> <Spt= 0.15> <nCl= 10> <al=0.05> <DB= 2977.7275> <Mlp= 2986.1576> <PB=10000000> 
<DWph=1> <it= 40> <et=54.30> <Mt= 0.02> <Spt= 0.16> <nCl=  6> <al=0.15> <DB= 2983.0763> <Mlp= 2986.1576> <PB=10000000> 
<DWph=1> <it= 41> <et=54.50> <Mt= 0.02> <Spt= 0.17> <nCl=  5> <al=0.05> <DB= 2985.6291> <Mlp= 2986.1572> <PB=10000000> 
<DWph=1> <it= 42> <et=54.68> <Mt= 0.02> <Spt= 0.16> <nCl=  8> <al=0.14> <DB= 2980.1565> <Mlp= 2986.1572> <PB=10000000> 
<DWph=1> <it= 43> <et=55.01> <Mt= 0.01> <Spt= 0.32> <nCl=  3> <al=0.00> <DB= 2986.1572> <Mlp= 2986.1572> <PB=10000000> 
    RCSP exact solver info for graph G_0 : TT = 2.57445, pt = 0.00272, dt = 2.52971, ct = 0.040252, ndl = 74527', bdl = 6097155', odl = 54981', odf = 1154304', bsi = 1277', cnt = 2265259', bdch = 111383010', odch = 13661116', lcp = 2950014', #sols = 150
<DWph=0> <it= 44> <et=55.81> <Mt= 0.01> <Spt= 0.79> <nCl=150> <al=0.00> <DB= 2672.4594> <Mlp= 2986.1572> <PB=10000000> 
    RCSP exact solver info for graph G_0 : TT = 0.610466, pt = 0.002898, dt = 0.571206, ct = 0.034713, ndl = 68329', bdl = 5625165', odl = 52248', odf = 1045840', bsi = 1308', cnt = 2094612', bdch = 96398343', odch = 11465923', lcp = 2513480', #sols = 150
<DWph=0> <it= 45> <et=56.74> <Mt= 0.26> <Spt= 0.67> <nCl=150> <al=0.05> <DB= 2816.2972> <Mlp= 2985.8567> <PB=10000000> 
    RCSP exact solver info for graph G_0 : TT = 0.629778, pt = 0.002959, dt = 0.587059, ct = 0.038051, ndl = 68669', bdl = 5633026', odl = 52465', odf = 1045774', bsi = 1172', cnt = 2398585', bdch = 95596053', odch = 10814904', lcp = 2449033', #sols = 150
<DWph=0> <it= 46> <et=57.51> <Mt= 0.11> <Spt= 0.66> <nCl= 59> <al=0.14> <DB= 2974.1493> <Mlp= 2985.7613> <PB=10000000> 
    RCSP exact solver info for graph G_0 : TT = 0.652253, pt = 0.003269, dt = 0.605569, ct = 0.041587, ndl = 68553', bdl = 5599421', odl = 51945', odf = 1047415', bsi = 1172', cnt = 2496203', bdch = 95006340', odch = 10703534', lcp = 2467001', #sols = 150
<DWph=0> <it= 47> <et=58.23> <Mt= 0.05> <Spt= 0.67> <nCl= 21> <al=0.23> <DB= 2976.2807> <Mlp= 2985.7545> <PB=10000000> 
    RCSP exact solver info for graph G_0 : TT = 0.636804, pt = 0.003246, dt = 0.593405, ct = 0.038339, ndl = 67764', bdl = 5544785', odl = 51276', odf = 1030117', bsi = 1143', cnt = 2467101', bdch = 92711740', odch = 10447433', lcp = 2388448', #sols = 150
<DWph=0> <it= 48> <et=58.90> <Mt= 0.03> <Spt= 0.64> <nCl=  8> <al=0.31> <DB= 2982.8611> <Mlp= 2985.7541> <PB=10000000> 
    RCSP exact solver info for graph G_0 : TT = 0.622107, pt = 0.003826, dt = 0.58029, ct = 0.036099, ndl = 67378', bdl = 5501289', odl = 51116', odf = 1020713', bsi = 1157', cnt = 2462272', bdch = 91595028', odch = 10317940', lcp = 2395891', #sols = 150
<DWph=0> <it= 49> <et=59.55> <Mt= 0.01> <Spt= 0.64> <nCl= 20> <al=0.21> <DB= 2984.5634> <Mlp= 2985.7541> <PB=10000000> 
    RCSP exact solver info for graph G_0 : TT = 0.634597, pt = 0.00302, dt = 0.591155, ct = 0.038676, ndl = 67291', bdl = 5502714', odl = 51275', odf = 1023657', bsi = 1173', cnt = 2467319', bdch = 91575183', odch = 10308753', lcp = 2367519', #sols = 150
    RCSP exact solver info for graph G_0 : TT = 0.563837, pt = 0.00251, dt = 0.524916, ct = 0.034843, ndl = 64905', bdl = 5314773', odl = 50646', odf = 989037', bsi = 1302', cnt = 2342430', bdch = 85971519', odch = 9723907', lcp = 2283233', #sols = 150
<DWph=0> <it= 50> <et=60.80> <Mt= 0.01> <Spt= 1.23> <nCl= 66> <al=0.00> <DB= 2985.7541> <Mlp= 2985.7541> <PB=10000000> 
RCSP solver dynamic params and stats :  bidir.bord. = 375 aver.obdmd = 98.3934 aver.buck.num. = 101 nbR1C = 102 with avMem = 12.2843
@@ 1 9 2985.75 0.860733 2.56996 92.8606 60.8
    Full reduced cost fixing is not called (gap ratio is 0.999996)
ColGenEvalAlg final dual bound: 2985.75 (rounded: 2986)
False gap improvement since the last cut separation : 0.00733277 (2983.57)
Separator R1C not in maximum phase
Cut generation tailing off counter increased to 0
Current active cuts : CAP(6+6,174.409) R1C(19+83,199.635) 1rowPackR1C(19) 3rowPackR1C(59) 4rowPackR1C(24)
Shrinking heuristic shrunk 32 edges
In total 3 RCC cut(s) are found by the Fractional capacity min-cut heuristic 
In total 3 RCC cut(s) are found by the greedy construction heuristic 
In total 17 RCC cut(s) are found by the global pool greedy search heuristic 
5 Rank-1 1-rows pack. cuts added ,  max viol. = 0.0319924, aver. viol. = 0.0302149
150 Rank-1 3-rows pack. cuts added ,  max viol. = 0.256838, aver. viol. = 0.0903437
Building structures for heuristic rank-1 packing cut separation...done!
100 Rank-1 4-rows pack. cuts added ,  max viol. = 0.250012, aver. viol. = 0.110582
100 Rank-1 5-rows pack. cuts added ,  max viol. = 0.252981, aver. viol. = 0.212428
----- Add fac. cuts : CAP(23) R1C(355), max.viol = 0.266153, aver.viol = 0.127263, sep/add took 0.563033/1.14613 sec. -----
12309 columns (8908 active), 853 dyn. constrs. (556 active), 1959 art. vars. (798 active)
Shrinking heuristic shrunk 112 edges
<DWph=2> <it=  1> <et=62.87> <Mt= 0.19> <Spt= 0.08> <nCl=  5> <al=0.50> <DB= 2985.4926> <Mlp= 2987.0000> <PB=2987> 
<DWph=2> <it=  2> <et=65.94> <Mt= 2.97> <Spt= 0.11> <nCl=  2> <al=0.55> <DB= 2986.3148> <Mlp= 2987.0000> <PB=2987> 
<DWph=2> <it=  3> <et=66.06> <Mt= 0.02> <Spt= 0.10> <nCl=  8> <al=0.60> <DB= 2838.3585> <Mlp= 2987.0000> <PB=2987> 
<DWph=2> <it=  4> <et=68.91> <Mt= 2.75> <Spt= 0.10> <nCl=  5> <al=0.64> <DB= 2985.0254> <Mlp= 2987.0000> <PB=2987> 
<DWph=2> <it=  5> <et=71.49> <Mt= 2.39> <Spt= 0.19> <nCl= 11> <al=0.34> <DB= 2985.1373> <Mlp= 2987.0000> <PB=2987> 
<DWph=2> <it=  6> <et=74.35> <Mt= 2.66> <Spt= 0.19> <nCl= 13> <al=0.14> <DB= 2983.2988> <Mlp= 2987.0000> <PB=2987> 
<DWph=2> <it=  7> <et=76.95> <Mt= 2.51> <Spt= 0.10> <nCl=  2> <al=0.47> <DB= 2986.8150> <Mlp= 2987.0000> <PB=2987> 
<DWph=2> <it=  8> <et=77.09> <Mt= 0.03> <Spt= 0.10> <nCl=  4> <al=0.52> <DB= 2986.3176> <Mlp= 2987.0000> <PB=2987> 
<DWph=2> <it=  9> <et=79.80> <Mt= 2.61> <Spt= 0.11> <nCl=  1> <al=0.57> <DB= 2986.7621> <Mlp= 2987.0000> <PB=2987> 
<DWph=2> <it= 10> <et=79.92> <Mt= 0.02> <Spt= 0.10> <nCl=  5> <al=0.62> <DB= 2986.8836> <Mlp= 2987.0000> <PB=2987> 
<DWph=2> <it= 11> <et=80.05> <Mt= 0.03> <Spt= 0.09> <nCl=  4> <al=0.65> <DB= 2965.2408> <Mlp= 2987.0000> <PB=2987> 
<DWph=2> <it= 12> <et=80.22> <Mt= 0.07> <Spt= 0.10> <nCl=  7> <al=0.69> <DB= 2985.7970> <Mlp= 2987.0000> <PB=2987> 
<DWph=2> <it= 13> <et=80.45> <Mt= 0.04> <Spt= 0.19> <nCl=  9> <al=0.44> <DB= 2985.1363> <Mlp= 2987.0000> <PB=2987> 
<DWph=2> <it= 14> <et=83.09> <Mt= 2.54> <Spt= 0.10> <nCl=  5> <al=0.62> <DB= 2985.9173> <Mlp= 2987.0000> <PB=2987> 
<DWph=2> <it= 15> <et=83.37> <Mt= 0.06> <Spt= 0.22> <nCl= 12> <al=0.04> <DB= 2982.3312> <Mlp= 2987.0000> <PB=2987> 
<DWph=2> <it= 16> <et=83.63> <Mt= 0.07> <Spt= 0.19> <nCl=  6> <al=0.00> <DB= 2983.7133> <Mlp= 2987.0000> <PB=2987> 
<DWph=2> <it= 17> <et=83.87> <Mt= 0.06> <Spt= 0.18> <nCl=  3> <al=0.00> <DB= 2986.8716> <Mlp= 2987.0000> <PB=2987> 
<DWph=2> <it= 18> <et=84.07> <Mt= 0.01> <Spt= 0.18> <nCl=  3> <al=0.00> <DB= 2987.0000> <Mlp= 2987.0000> <PB=2987> 
<DWph=1> <it= 19> <et=84.26> <Mt= 0.01> <Spt= 0.18> <nCl= 21> <al=0.12> <DB= 2696.5901> <Mlp= 2987.0000> <PB=2987> 
<DWph=1> <it= 20> <et=86.92> <Mt= 2.47> <Spt= 0.19> <nCl= 13> <al=0.21> <DB= 2694.9251> <Mlp= 2987.0000> <PB=2987> 
<DWph=1> <it= 21> <et=89.79> <Mt= 2.68> <Spt= 0.19> <nCl=  6> <al=0.29> <DB= 2746.1569> <Mlp= 2987.0000> <PB=2987> 
<DWph=1> <it= 22> <et=92.69> <Mt= 2.70> <Spt= 0.20> <nCl=  8> <al=0.19> <DB= 2970.7191> <Mlp= 2987.0000> <PB=2987> 
<DWph=1> <it= 23> <et=95.55> <Mt= 2.67> <Spt= 0.20> <nCl=  8> <al=0.27> <DB= 2928.7611> <Mlp= 2987.0000> <PB=2987> 
<DWph=1> <it= 24> <et=98.60> <Mt= 2.83> <Spt= 0.21> <nCl=  4> <al=0.17> <DB= 2986.6213> <Mlp= 2987.0000> <PB=2987> 
<DWph=1> <it= 25> <et=101.69> <Mt= 2.70> <Spt= 0.39> <nCl=  8> <al=0.00> <DB= 2987.0000> <Mlp= 2987.0000> <PB=2987> 
    RCSP exact solver info for graph G_0 : TT = 1.01869, pt = 0.003593, dt = 0.950674, ct = 0.062523, ndl = 94711', bdl = 7614213', odl = 60022', odf = 1409431', bsi = 1323', cnt = 4736553', bdch = 161589487', odch = 22811649', lcp = 5308098', #sols = 150
<DWph=0> <it= 26> <et=102.79> <Mt= 0.01> <Spt= 1.09> <nCl=150> <al=0.00> <DB= 2781.0480> <Mlp= 2987.0000> <PB=2987> 
    RCSP exact solver info for graph G_0 : TT = 0.943902, pt = 0.003596, dt = 0.88359, ct = 0.054937, ndl = 92176', bdl = 7519096', odl = 60277', odf = 1365730', bsi = 1274', cnt = 3828664', bdch = 157372174', odch = 21235858', lcp = 5008354', #sols = 150
<DWph=0> <it= 27> <et=106.75> <Mt= 2.97> <Spt= 1.00> <nCl=110> <al=0.00> <DB= 2938.2635> <Mlp= 2986.9378> <PB=2987> 
    RCSP exact solver info for graph G_0 : TT = 0.885373, pt = 0.003641, dt = 0.828289, ct = 0.051857, ndl = 87545', bdl = 7170477', odl = 58329', odf = 1282041', bsi = 1211', cnt = 3594313', bdch = 145213847', odch = 18859945', lcp = 4554381', #sols = 150
<DWph=0> <it= 28> <et=107.75> <Mt= 0.08> <Spt= 0.91> <nCl= 68> <al=0.00> <DB= 2828.0905> <Mlp= 2986.9227> <PB=2987> 
    RCSP exact solver info for graph G_0 : TT = 0.953674, pt = 0.003886, dt = 0.893462, ct = 0.054552, ndl = 88476', bdl = 7243805', odl = 58436', odf = 1300378', bsi = 1227', cnt = 3621388', bdch = 147668883', odch = 19673048', lcp = 4588048', #sols = 150
<DWph=0> <it= 29> <et=108.78> <Mt= 0.05> <Spt= 0.98> <nCl= 38> <al=0.08> <DB= 2985.1465> <Mlp= 2986.9212> <PB=2987> 
    RCSP exact solver info for graph G_0 : TT = 0.951347, pt = 0.004094, dt = 0.892073, ct = 0.053445, ndl = 87038', bdl = 7129553', odl = 57919', odf = 1282155', bsi = 1242', cnt = 3535422', bdch = 143075572', odch = 19245500', lcp = 4460724', #sols = 150
    RCSP exact solver info for graph G_0 : TT = 0.896377, pt = 0.003503, dt = 0.838222, ct = 0.052915, ndl = 86515', bdl = 7083025', odl = 57856', odf = 1268725', bsi = 1263', cnt = 3618510', bdch = 141374903', odch = 19008828', lcp = 4454831', #sols = 150
<DWph=0> <it= 30> <et=110.69> <Mt= 0.03> <Spt= 1.88> <nCl= 31> <al=0.00> <DB= 2986.9210> <Mlp= 2986.9210> <PB=2987> 
RCSP solver dynamic params and stats :  bidir.bord. = 375 aver.obdmd = 98.3934 aver.buck.num. = 101 nbR1C = 132 with avMem = 14.1894
@@ 1 10 2986.92 0.93609 1.0132 92.8606 110.69
ColGenEvalAlg final dual bound: 2986.92 (rounded: 2987)
Gap improvement since the last cut separation : 0.936627 (2985.75)
Current active cuts : CAP(7+10,162.584) R1C(18+114,219.681) 1rowPackR1C(18) 3rowPackR1C(76) 4rowPackR1C(33) 5rowPackR1C(5)
New model incumbent solution 2987, TIME = 0h1m50s79t = 11079
************************************************************************************************
Search is finished, global bounds : [ 2987 , 2987 ], TIME = 0h1m50s79t = 11079
************************************************************************************************
[32mBaPCod : solution defined.[00m
statistics_cols: instance & :Optimal & cutoff & :bcRecRootDb & :bcTimeRootEval & :bcCountNodeProc & :bcRecBestDb & :bcRecBestInc & :bcTimeMain \\
statistics: instance_33-triangle & 1 & 1.0e7 & 2987.00 & 110.79 & 1 & 2987.00 & 2987 & 110.79 \\
########################################################
Route #1: 18 111 38 15 114 17 84 6 14 22 77 101 
Route #2: 40 82 37 45 11 52 8 32 23 1 110 
Route #3: 48 105 71 109 65 3 103 69 44 35 74 106 68 7 58 92 75 
Route #4: 49 104 27 34 12 19 115 87 93 99 39 80 66 41 83 100 
Route #5: 50 47 46 2 36 10 60 63 24 119 88 30 26 116 
Route #6: 55 108 54 33 76 59 9 67 94 96 85 89 16 73 
Route #7: 62 97 79 13 56 81 29 25 72 20 78 91 112 51 57 107 113 
Route #8: 95 120 21 4 64 61 70 42 43 118 86 5 28 53 117 98 31 90 102 
Cost 2987
########################################################

end_time=2026-04-20 01:08:43
exit_code=0
