instance_file=/mnt/c/Users/porin/OneDrive/Documentos/Python-Mestrado/Modelagem Matemática/Programação Inteira - Uchoa/Problema VRPRDL/instancias_turco/VRPRDL-triangle/vrp_convertidos/instance_31-triangle.vrp
instance_name=instance_31-triangle
start_time=2026-04-19 23:59:58

  Activating project at `~/VRPSolver/VRPSolverDemos`
Application parameters:
  batch  =>  nothing
  instance  =>  "/mnt/c/Users/porin/OneDrive/Documentos/Python-Mestrado/Modelagem Matemática/Programação Inteira - Uchoa/Problema VRPRDL/instancias_turco/VRPRDL-triangle/vrp_convertidos/instance_31-triangle.vrp"
  noround  =>  false
  cfg  =>  "/home/poringman/VRPSolver/VRPSolverDemos/src/../config/CVRP.cfg"
  edge_cuts  =>  false
  out  =>  nothing
  ub  =>  1.0e7
  cluster_branching  =>  1.0
  sol  =>  nothing
  single_resource  =>  false
  strong_kpath_cuts  =>  false
  tikz  =>  nothing
  maxr  =>  999
  update  =>  false
  show_complete_form  =>  false
  nosolve  =>  false
  minr  =>  1
  low_edge_priority  =>  false
~~~~~~~~~~~~~~~~~~~~~~~~~~~~~~~~~~~~~~~~~~~~~~~~~~~~~~~~~~~~~~~~~~~~~~~~~~~~~~~~~~~~~
GIT VERSION RCSP: 
GIT BRANCH: 
~~~~~~~~~~~~~~~~~~~~~~~~~~~~~~~~~~~~~~~~~~~~~~~~~~~~~~~~~~~~~~~~~~~~~~~~~~~~~~~~~~~~~
VRPSolver v0.6.16, 10/11/2025, © Inria Bordeaux, France, vrpsolver.math.u-bordeaux.fr
      Corresponds to the solver by Pessoa, Sadykov, Uchoa and Vanderbeck (2020)
                 Paper: dx.doi.org/10.1007/s10107-020-01523-z
~~~~~~~~~~~~~~~~~~~~~~~~~~~~~~~~~~~~~~~~~~~~~~~~~~~~~~~~~~~~~~~~~~~~~~~~~~~~~~~~~~~~~
GIT VERSION BAPCOD: a7cb21f19424236c9d0da5dcf94961797a519470
GIT BRANCH: main
~~~~~~~~~~~~~~~~~~~~~~~~~~~~~~~~~~~~~~~~~~~~~~~~~~~~~~~~~~~~~~~~~~~~~~~~~~~~~~~~~~~~~
   BaPCod v0.84, 10/11/2025, © Inria Bordeaux, France, bapcod.math.u-bordeaux.fr 
           THIS CODE IS PROVIDED AS IS, USE IT AT YOUR OWN RISK
~~~~~~~~~~~~~~~~~~~~~~~~~~~~~~~~~~~~~~~~~~~~~~~~~~~~~~~~~~~~~~~~~~~~~~~~~~~~~~~~~~~~~
--- MAIN PARAMETERS ---
GlobalTimeLimitInTick = 2147483645
GlobalTimeLimit = 21474836
ClockType = 0
MaxNbOfBBtreeNodeTreated = 100000
optimalityGapTolerance = 1e-06
relOptimalityGapTolerance = 1e-09
ApplyPreprocessing = false
PreprocessVariablesLocalBounds = false
treeSearchStrategy = 1
OpenNodesLimit = 1000
DEFAULTPRINTLEVEL = 0
--- MIP SOLVER PARAMETERS ---
solverName = CPLEX_SOLVER
MipSolverMaxBBNodes = 2000000
MipSolverMaxTime = 360000
MipSolverMultiThread = 1
--- COLUMN GENERATION PARAMETERS ---
SolverSelectForMast = a
  colGenSubProbSolMode = customSolver
mastInitMode = localArtCol
ArtVarPenaltyUpdateFactor = 2
ArtVarMaxNbOfPenaltyUpdates = 5
MaxNbOfStagesInColGenProcedure = 3
GenerateProperColumns = false
InsertAllGeneratedColumnsInFormRatherThanInPool = true
InsertNewNonNegColumnsDirectlyInFormRatherThanInPool = true
ColumnCleanupThreshold = 10000
ColumnCleanupRatio = 0.66
ReducedCostFixingThreshold = 0.9
--- CUT GENERATION PARAMETERS ---
MasterCuttingPlanesDepthLimit = 1000
MaxNbOfCutGeneratedAtEachIter = 1000
CutTailingOffThreshold = 0.015
CutTailingOffCounterThreshold = 3
CutCleanupThreshold = 1
CutCleanupRatio = 0.66
ColGenSpRelaxationImprovementPriority = 0
--- STABILIZATION PARAMETERS ---
colGenDualPriceSmoothingAlphaFactor = 1
colGenDualPriceSmoothingBetaFactor = 0
colGenStabilizationFunctionType = none
colGenProximalStabilizationRule = undefined
StabilFuncKappa = 1
colGenStabilizationMaxTreeDepth = 10000
StabilizationMinPhaseOfStage = 0
--- PRIMAL HEURISTIC PARAMETERS ---
UseInitialPrimalHeur = false
MaxTimeForRestrictedMasterIpHeur = -1
CallFrequencyOfRestrictedMasterIpHeur = 5
MIPemphasisInRestrictedMasterIpHeur = 1
PolishingAfterTimeInRestrictedMasterIpHeur = -1
DivingHeurUseDepthLimit = -1
CallFrequencyOfDivingHeur = 1
LeastFractional
Closest2RoundUp
LeastGreedyCost
LeastCost
FixIntValBeforeRoundingHeur = true
MaxNbOfCgIteDuringRh = 5000
MaxLDSbreadth = 0
MaxLDSdepth = 0
DivingHeurStopsWithFirstFeasSol = false
DivingHeurPreprocessBeforeChoosingVar = false
StrongDivingCandidatesNumber = 1
EvalAlgParamsInDiving = max#cand. = 1 max#cg.iters = 10000 min.lvl.sp.restr. = 1 min#cut.rounds = 0 max#cut.rounds = 0 red.cost.fix&enum. = false tree.size.ratio = 1
LocalSearchHeurUseDepthLimit = -1
LeastFractional
Closest2RoundUp
LeastGreedyCost
LeastCost
MaxFactorOfColFixedByLocalSearchHeur = 0.8
MaxLocalSearchIterationCounter = 3
--- STRONG BRANCHING PARAMETERS ---
SimplifiedStrongBranchingParameterisation = true
StrongBranchingPhaseOneCandidatesNumber = 100
StrongBranchingPhaseOneTreeSizeEstimRatio = 0.2
StrongBranchingPhaseTwoCandidatesNumber = 3
StrongBranchingPhaseTwoTreeSizeEstimRatio = 0.02
SafeDualBoundScaleFactor = -1
StrongBranchingPhaseOne = max#cand. = 100 max#cg.iters = 0 min.lvl.sp.restr. = 0 min#cut.rounds = 0 max#cut.rounds = 0 red.cost.fix&enum. = false tree.size.ratio = 0.2
StrongBranchingPhaseTwo = max#cand. = 3 max#cg.iters = 10000 min.lvl.sp.restr. = 1 min#cut.rounds = 0 max#cut.rounds = 0 red.cost.fix&enum. = false tree.size.ratio = 0.02
StrongBranchingPhaseThree = max#cand. = 1 max#cg.iters = 10000 min.lvl.sp.restr. = 0 min#cut.rounds = 0 max#cut.rounds = 10000 red.cost.fix&enum. = true tree.size.ratio = 1
StrongBranchingPhaseFour =not active
--- DEBUG OUTPUT PARAMETERS ---
printMasterPrimalSols = 0
--- VRPSOLVER PARAMETERS ---
RCSPstopCutGenTimeThresholdInPricing = 10
RCSPhardTimeThresholdInPricing = 25
RCSPredCostFixingTimeThreshold = 100
RCSPnumberOfBucketsPerVertex = 25
RCSPdynamicBucketSteps = 1
RCSPuseBidirectionalSearch = 2
RCSPapplyReducedCostFixing = 1
RCSPmaxNumOfColsPerIteration = 30
RCSPmaxNumOfColsPerExactIteration = 150
RCSPmaxNumOfLabelsInEnumeration = 500000
RCSPmaxNumOfLabelsInHeurEnumeration = 0
RCSPmaxNumOfEnumeratedSolutions = 5000000
RCSPmaxNumOfEnumSolutionsForMIP = 10000
RCSPmaxNumOfEnumSolsForEndOfNodeMIP = 10000
RCSPinitNGneighbourhoodSize = 8
RCSPmaxNGneighbourhoodSize = 8
RCSPrankOneCutsMaxNumRows = 5
RCSPrankOneCutsMaxNumPerRound = 100
RCSPrankOneCutsMemoryType = 0
RCSPrankOneCutsLSnumIterations = 1000
RCSPallowRoutesWithSameVerticesSet = true
RCSPredCostFixingFalseGap = 0
SafeDualBoundScaleFactor = -1
RCSPmaxNumOfLabelsInHeurEnumeration = 0
MaxNumEnumSolsInRestrictedMasterIpHeur = 5000

prName & bcTimeMain \\ 
New model incumbent solution 1e+07, TIME = 0h0m0s43t = 43
RCSP solver info : size of non-robust cut bitmask in a label is 640 bits
Bucket steps were recalculated for graph G_0 : [30]
RCSP solver info : symmetric case is detected for graph G_0! 
Bidirectional border value is initialised to 375
RCSP solver info : number of forw. reachable buckets / buck. strongly connected components is 3121( 98.3922% ) / 2021( 64.7549% )
RCSP solver info: std. label size is 56, ext. label size is 136
Generating neighbourhoods for rank-1 cuts separation
Building structures for 4- and 5-row rank-1 packing cut separation...done!
Model is built TIME = 0h0m0s49t = 49
************************************************************************************************
**** BaB tree root node
**** Local DB = -1e+12, global bounds : [ -1e+12 , 1e+07 ], TIME = 0h0m0s49t = 49
**** 1 open nodes, 0 columns (0 active), 0 dyn. constrs. (0 active), 242 art. vars. (242 active)
************************************************************************************************
--------------------------------------------------------------------------
BaPCod info : first we run the root node with rank-1 cuts with node memory
--------------------------------------------------------------------------
#<DWph=2> <it=  1> <et=0.50> <Mt= 0.00> <Spt= 0.00> <nCl= 30> <al=0.00> <DB=-115199263200.0000> <Mlp=2988000000.0000> <PB=10000000> 
#<DWph=2> <it=  2> <et=0.51> <Mt= 0.00> <Spt= 0.01> <nCl= 30> <al=0.55> <DB=-66850284155.5500> <Mlp=2911500721.0000> <PB=10000000> 
#<DWph=2> <it=  3> <et=0.52> <Mt= 0.00> <Spt= 0.01> <nCl= 30> <al=0.45> <DB=-66366329022.3237> <Mlp=2786286693.9524> <PB=10000000> 
#<DWph=2> <it=  4> <et=0.53> <Mt= 0.00> <Spt= 0.01> <nCl= 30> <al=0.51> <DB=-66445118817.7652> <Mlp=2702058304.0571> <PB=10000000> 
#<DWph=2> <it=  5> <et=0.54> <Mt= 0.00> <Spt= 0.01> <nCl= 30> <al=0.55> <DB=-64163880752.0002> <Mlp=2633258587.4667> <PB=10000000> 
#<DWph=2> <it=  6> <et=0.54> <Mt= 0.00> <Spt= 0.01> <nCl= 30> <al=0.60> <DB=-61542692005.8953> <Mlp=2577101584.8417> <PB=10000000> 
#<DWph=2> <it=  7> <et=0.55> <Mt= 0.00> <Spt= 0.01> <nCl= 30> <al=0.64> <DB=-62606377724.9431> <Mlp=2505526832.4812> <PB=10000000> 
#<DWph=2> <it=  8> <et=0.56> <Mt= 0.00> <Spt= 0.01> <nCl= 30> <al=0.68> <DB=-54466939784.3248> <Mlp=2469874065.1222> <PB=10000000> 
#<DWph=2> <it=  9> <et=0.57> <Mt= 0.00> <Spt= 0.00> <nCl= 30> <al=0.58> <DB=-55672013186.3595> <Mlp=2455518776.7898> <PB=10000000> 
#<DWph=2> <it= 10> <et=0.58> <Mt= 0.00> <Spt= 0.01> <nCl= 30> <al=0.62> <DB=-50951958057.6733> <Mlp=2401623370.4298> <PB=10000000> 
#<DWph=2> <it= 11> <et=0.59> <Mt= 0.00> <Spt= 0.01> <nCl= 30> <al=0.52> <DB=-49825093192.4237> <Mlp=2328634949.0771> <PB=10000000> 
#<DWph=2> <it= 12> <et=0.60> <Mt= 0.00> <Spt= 0.01> <nCl= 30> <al=0.57> <DB=-52173637559.8733> <Mlp=2302714582.5659> <PB=10000000> 
#<DWph=2> <it= 13> <et=0.61> <Mt= 0.00> <Spt= 0.01> <nCl= 30> <al=0.61> <DB=-50007538034.2289> <Mlp=2292680827.1268> <PB=10000000> 
#<DWph=2> <it= 14> <et=0.62> <Mt= 0.00> <Spt= 0.01> <nCl= 30> <al=0.65> <DB=-50445451177.1167> <Mlp=2229978086.6970> <PB=10000000> 
#<DWph=2> <it= 15> <et=0.63> <Mt= 0.00> <Spt= 0.01> <nCl= 30> <al=0.68> <DB=-49106372866.9311> <Mlp=2202320691.3312> <PB=10000000> 
#<DWph=2> <it= 16> <et=0.64> <Mt= 0.00> <Spt= 0.00> <nCl= 30> <al=0.72> <DB=-47499168316.8432> <Mlp=2186456088.3523> <PB=10000000> 
#<DWph=2> <it= 17> <et=0.65> <Mt= 0.00> <Spt= 0.01> <nCl= 30> <al=0.74> <DB=-44740635148.3518> <Mlp=2164918117.0757> <PB=10000000> 
#<DWph=2> <it= 18> <et=0.66> <Mt= 0.00> <Spt= 0.01> <nCl= 30> <al=0.77> <DB=-43065377015.8805> <Mlp=2082984763.2907> <PB=10000000> 
#<DWph=2> <it= 19> <et=0.67> <Mt= 0.00> <Spt= 0.01> <nCl= 30> <al=0.79> <DB=-43581860823.0825> <Mlp=1993025248.2515> <PB=10000000> 
#<DWph=2> <it= 20> <et=0.68> <Mt= 0.00> <Spt= 0.01> <nCl= 30> <al=0.81> <DB=-41796139436.1233> <Mlp=1845134114.3702> <PB=10000000> 
#<DWph=2> <it= 21> <et=0.69> <Mt= 0.01> <Spt= 0.01> <nCl= 30> <al=0.83> <DB=-38118384107.1157> <Mlp=1723883775.3236> <PB=10000000> 
#<DWph=2> <it= 22> <et=0.70> <Mt= 0.00> <Spt= 0.01> <nCl= 30> <al=0.85> <DB=-39354603343.7693> <Mlp=1626363005.7636> <PB=10000000> 
#<DWph=2> <it= 23> <et=0.71> <Mt= 0.00> <Spt= 0.01> <nCl= 30> <al=0.75> <DB=-38916981846.7379> <Mlp=1530106689.4585> <PB=10000000> 
#<DWph=2> <it= 24> <et=0.72> <Mt= 0.00> <Spt= 0.00> <nCl= 30> <al=0.77> <DB=-37798923861.6728> <Mlp=1384558637.1840> <PB=10000000> 
#<DWph=2> <it= 25> <et=0.73> <Mt= 0.00> <Spt= 0.01> <nCl= 30> <al=0.80> <DB=-38659036313.1335> <Mlp=1205038427.7908> <PB=10000000> 
#<DWph=2> <it= 26> <et=0.74> <Mt= 0.00> <Spt= 0.01> <nCl= 30> <al=0.82> <DB=-36829514107.2362> <Mlp=1127670197.6967> <PB=10000000> 
#<DWph=2> <it= 27> <et=0.75> <Mt= 0.01> <Spt= 0.01> <nCl= 30> <al=0.84> <DB=-36041819867.8241> <Mlp=1012473681.3429> <PB=10000000> 
#<DWph=2> <it= 28> <et=0.76> <Mt= 0.00> <Spt= 0.01> <nCl= 30> <al=0.85> <DB=-35271663862.5985> <Mlp=905344379.4257> <PB=10000000> 
#<DWph=2> <it= 29> <et=0.77> <Mt= 0.00> <Spt= 0.01> <nCl= 30> <al=0.87> <DB=-35368140532.8587> <Mlp=864464244.5120> <PB=10000000> 
#<DWph=2> <it= 30> <et=0.79> <Mt= 0.00> <Spt= 0.01> <nCl= 30> <al=0.88> <DB=-34378811570.9001> <Mlp=762805007.5834> <PB=10000000> 
#<DWph=2> <it= 31> <et=0.80> <Mt= 0.01> <Spt= 0.01> <nCl= 30> <al=0.89> <DB=-34443584579.9652> <Mlp=650428177.4553> <PB=10000000> 
#<DWph=2> <it= 32> <et=0.81> <Mt= 0.00> <Spt= 0.01> <nCl= 30> <al=0.90> <DB=-34216689455.6071> <Mlp=584300715.9149> <PB=10000000> 
#<DWph=2> <it= 33> <et=0.82> <Mt= 0.00> <Spt= 0.01> <nCl= 30> <al=0.91> <DB=-33102623917.3198> <Mlp=549201673.6289> <PB=10000000> 
#<DWph=2> <it= 34> <et=0.83> <Mt= 0.00> <Spt= 0.01> <nCl= 30> <al=0.81> <DB=-33603171294.8533> <Mlp=518789760.1922> <PB=10000000> 
#<DWph=2> <it= 35> <et=0.84> <Mt= 0.01> <Spt= 0.01> <nCl= 30> <al=0.83> <DB=-31293769756.6801> <Mlp=450379417.3715> <PB=10000000> 
#<DWph=2> <it= 36> <et=0.86> <Mt= 0.00> <Spt= 0.00> <nCl= 30> <al=0.73> <DB=-32275095316.6609> <Mlp=411132802.4544> <PB=10000000> 
#<DWph=2> <it= 37> <et=0.87> <Mt= 0.00> <Spt= 0.01> <nCl= 30> <al=0.76> <DB=-29840361231.8298> <Mlp=377939216.2752> <PB=10000000> 
#<DWph=2> <it= 38> <et=0.88> <Mt= 0.01> <Spt= 0.01> <nCl= 30> <al=0.66> <DB=-30535605510.2873> <Mlp=319726762.6954> <PB=10000000> 
#<DWph=2> <it= 39> <et=0.89> <Mt= 0.00> <Spt= 0.01> <nCl= 30> <al=0.69> <DB=-27432458083.7886> <Mlp=280220568.0394> <PB=10000000> 
#<DWph=2> <it= 40> <et=0.91> <Mt= 0.01> <Spt= 0.01> <nCl= 30> <al=0.59> <DB=-26792219589.9280> <Mlp=245699334.2637> <PB=10000000> 
#<DWph=2> <it= 41> <et=0.92> <Mt= 0.00> <Spt= 0.00> <nCl= 30> <al=0.63> <DB=-28140341584.3812> <Mlp=201093446.6394> <PB=10000000> 
#<DWph=2> <it= 42> <et=0.93> <Mt= 0.01> <Spt= 0.01> <nCl= 30> <al=0.67> <DB=-27618064600.9690> <Mlp=158997284.9637> <PB=10000000> 
#<DWph=2> <it= 43> <et=0.94> <Mt= 0.00> <Spt= 0.01> <nCl= 30> <al=0.70> <DB=-23209016342.3182> <Mlp=140475036.6641> <PB=10000000> 
#<DWph=2> <it= 44> <et=0.96> <Mt= 0.01> <Spt= 0.01> <nCl= 30> <al=0.73> <DB=-23076712773.5535> <Mlp=55656164.5216> <PB=10000000> 
#<DWph=2> <it= 45> <et=0.97> <Mt= 0.00> <Spt= 0.01> <nCl= 30> <al=0.76> <DB=-20018059396.3334> <Mlp=42772407.8643> <PB=10000000> 
#<DWph=2> <it= 46> <et=0.98> <Mt= 0.00> <Spt= 0.01> <nCl= 30> <al=0.78> <DB=-16714542079.1096> <Mlp=29833030.8680> <PB=10000000> 
#<DWph=2> <it= 47> <et=0.99> <Mt= 0.01> <Spt= 0.00> <nCl= 30> <al=0.68> <DB=-13708586136.5706> <Mlp=26823561.4947> <PB=10000000> 
#<DWph=2> <it= 48> <et=1.00> <Mt= 0.00> <Spt= 0.01> <nCl= 30> <al=0.71> <DB=-12703296672.5634> <Mlp=18980176.9068> <PB=10000000> 
#<DWph=2> <it= 49> <et=1.02> <Mt= 0.00> <Spt= 0.01> <nCl= 30> <al=0.74> <DB=-11128856964.8179> <Mlp=17206921.2921> <PB=10000000> 
#<DWph=2> <it= 50> <et=1.03> <Mt= 0.01> <Spt= 0.01> <nCl= 30> <al=0.64> <DB=-9383166949.6915> <Mlp=12896471.6530> <PB=10000000> 
#<DWph=2> <it= 51> <et=1.04> <Mt= 0.00> <Spt= 0.01> <nCl= 30> <al=0.54> <DB=-4767046212.8921> <Mlp=10452253.2627> <PB=10000000> 
#<DWph=2> <it= 52> <et=1.05> <Mt= 0.00> <Spt= 0.00> <nCl= 30> <al=0.44> <DB=-1501003181.6321> <Mlp=10133832.6333> <PB=10000000> 
#<DWph=2> <it= 53> <et=1.06> <Mt= 0.01> <Spt= 0.01> <nCl= 30> <al=0.34> <DB=-92213688.5303> <Mlp=9949808.4584> <PB=10000000> 
<DWph=2> <it= 54> <et=1.09> <Mt= 0.01> <Spt= 0.02> <nCl= 30> <al=0.00> <DB=-341936.6895> <Mlp=10101.1760> <PB=10000000> 
<DWph=2> <it= 55> <et=1.11> <Mt= 0.00> <Spt= 0.01> <nCl= 30> <al=0.14> <DB=-336264.5503> <Mlp= 9893.3383> <PB=10000000> 
<DWph=2> <it= 56> <et=1.15> <Mt= 0.03> <Spt= 0.01> <nCl= 30> <al=0.23> <DB=-448794.7149> <Mlp= 9814.5561> <PB=10000000> 
<DWph=2> <it= 57> <et=1.17> <Mt= 0.02> <Spt= 0.01> <nCl= 30> <al=0.31> <DB=-393259.3866> <Mlp= 9776.0383> <PB=10000000> 
<DWph=2> <it= 58> <et=1.18> <Mt= 0.00> <Spt= 0.01> <nCl= 30> <al=0.38> <DB=-423086.5940> <Mlp= 9734.8107> <PB=10000000> 
<DWph=2> <it= 59> <et=1.20> <Mt= 0.00> <Spt= 0.01> <nCl= 30> <al=0.44> <DB=-276528.1485> <Mlp= 9657.0359> <PB=10000000> 
<DWph=2> <it= 60> <et=1.21> <Mt= 0.01> <Spt= 0.01> <nCl= 30> <al=0.34> <DB=-265820.5909> <Mlp= 9421.3509> <PB=10000000> 
<DWph=2> <it= 61> <et=1.22> <Mt= 0.00> <Spt= 0.00> <nCl= 30> <al=0.40> <DB=-231630.5413> <Mlp= 9270.3144> <PB=10000000> 
<DWph=2> <it= 62> <et=1.24> <Mt= 0.01> <Spt= 0.01> <nCl= 30> <al=0.46> <DB=-195302.7154> <Mlp= 8874.6126> <PB=10000000> 
<DWph=2> <it= 63> <et=1.25> <Mt= 0.01> <Spt= 0.01> <nCl= 30> <al=0.52> <DB=-216557.9013> <Mlp= 8579.3837> <PB=10000000> 
<DWph=2> <it= 64> <et=1.27> <Mt= 0.00> <Spt= 0.01> <nCl= 30> <al=0.57> <DB=-193894.1561> <Mlp= 8488.2091> <PB=10000000> 
<DWph=2> <it= 65> <et=1.28> <Mt= 0.00> <Spt= 0.01> <nCl= 30> <al=0.61> <DB=-177186.3212> <Mlp= 8207.9744> <PB=10000000> 
<DWph=2> <it= 66> <et=1.30> <Mt= 0.01> <Spt= 0.01> <nCl= 30> <al=0.65> <DB=-163764.9373> <Mlp= 8019.0788> <PB=10000000> 
<DWph=2> <it= 67> <et=1.31> <Mt= 0.01> <Spt= 0.01> <nCl= 30> <al=0.68> <DB=-198084.0932> <Mlp= 7896.5740> <PB=10000000> 
<DWph=2> <it= 68> <et=1.32> <Mt= 0.00> <Spt= 0.01> <nCl= 30> <al=0.72> <DB=-155539.2891> <Mlp= 7852.2138> <PB=10000000> 
<DWph=2> <it= 69> <et=1.34> <Mt= 0.01> <Spt= 0.01> <nCl= 30> <al=0.74> <DB=-142308.4729> <Mlp= 7531.5018> <PB=10000000> 
<DWph=2> <it= 70> <et=1.36> <Mt= 0.00> <Spt= 0.01> <nCl= 30> <al=0.77> <DB=-138362.7999> <Mlp= 7342.5664> <PB=10000000> 
<DWph=2> <it= 71> <et=1.37> <Mt= 0.01> <Spt= 0.00> <nCl= 30> <al=0.79> <DB=-139146.9201> <Mlp= 7195.6718> <PB=10000000> 
<DWph=2> <it= 72> <et=1.38> <Mt= 0.00> <Spt= 0.01> <nCl= 30> <al=0.81> <DB=-132578.1680> <Mlp= 7094.1099> <PB=10000000> 
<DWph=2> <it= 73> <et=1.40> <Mt= 0.01> <Spt= 0.01> <nCl= 30> <al=0.83> <DB=-118385.4099> <Mlp= 6912.2844> <PB=10000000> 
<DWph=2> <it= 74> <et=1.41> <Mt= 0.00> <Spt= 0.01> <nCl= 30> <al=0.85> <DB=-114703.6076> <Mlp= 6727.4652> <PB=10000000> 
<DWph=2> <it= 75> <et=1.43> <Mt= 0.01> <Spt= 0.01> <nCl= 30> <al=0.86> <DB=-107202.1167> <Mlp= 6473.2558> <PB=10000000> 
<DWph=2> <it= 76> <et=1.44> <Mt= 0.01> <Spt= 0.01> <nCl= 30> <al=0.88> <DB=-101378.2155> <Mlp= 6236.8626> <PB=10000000> 
<DWph=2> <it= 77> <et=1.46> <Mt= 0.00> <Spt= 0.01> <nCl= 30> <al=0.89> <DB=-94787.0177> <Mlp= 6063.4035> <PB=10000000> 
<DWph=2> <it= 78> <et=1.47> <Mt= 0.01> <Spt= 0.01> <nCl= 30> <al=0.90> <DB=-96213.8597> <Mlp= 5857.6077> <PB=10000000> 
<DWph=2> <it= 79> <et=1.49> <Mt= 0.00> <Spt= 0.01> <nCl= 30> <al=0.91> <DB=-89123.1401> <Mlp= 5715.6558> <PB=10000000> 
<DWph=2> <it= 80> <et=1.51> <Mt= 0.01> <Spt= 0.01> <nCl= 30> <al=0.81> <DB=-82175.7106> <Mlp= 5473.5518> <PB=10000000> 
<DWph=2> <it= 81> <et=1.52> <Mt= 0.00> <Spt= 0.01> <nCl= 30> <al=0.83> <DB=-76400.1732> <Mlp= 5263.6921> <PB=10000000> 
<DWph=2> <it= 82> <et=1.53> <Mt= 0.01> <Spt= 0.01> <nCl= 30> <al=0.85> <DB=-75493.6682> <Mlp= 5186.0457> <PB=10000000> 
<DWph=2> <it= 83> <et=1.55> <Mt= 0.00> <Spt= 0.00> <nCl= 30> <al=0.86> <DB=-67963.2721> <Mlp= 5078.5720> <PB=10000000> 
<DWph=2> <it= 84> <et=1.56> <Mt= 0.01> <Spt= 0.01> <nCl= 30> <al=0.76> <DB=-66620.6850> <Mlp= 4940.1934> <PB=10000000> 
<DWph=2> <it= 85> <et=1.57> <Mt= 0.00> <Spt= 0.01> <nCl= 30> <al=0.79> <DB=-73465.3109> <Mlp= 4879.9680> <PB=10000000> 
<DWph=2> <it= 86> <et=1.59> <Mt= 0.00> <Spt= 0.01> <nCl= 30> <al=0.81> <DB=-64411.7325> <Mlp= 4819.3360> <PB=10000000> 
<DWph=2> <it= 87> <et=1.60> <Mt= 0.01> <Spt= 0.01> <nCl= 30> <al=0.83> <DB=-60075.8323> <Mlp= 4657.7772> <PB=10000000> 
<DWph=2> <it= 88> <et=1.61> <Mt= 0.01> <Spt= 0.01> <nCl= 30> <al=0.84> <DB=-53315.6610> <Mlp= 4569.5948> <PB=10000000> 
<DWph=2> <it= 89> <et=1.63> <Mt= 0.00> <Spt= 0.01> <nCl= 30> <al=0.86> <DB=-49237.8015> <Mlp= 4525.7694> <PB=10000000> 
<DWph=2> <it= 90> <et=1.64> <Mt= 0.01> <Spt= 0.01> <nCl= 30> <al=0.76> <DB=-49698.5772> <Mlp= 4429.0214> <PB=10000000> 
<DWph=2> <it= 91> <et=1.66> <Mt= 0.00> <Spt= 0.01> <nCl= 30> <al=0.78> <DB=-42856.6272> <Mlp= 4401.0614> <PB=10000000> 
<DWph=2> <it= 92> <et=1.68> <Mt= 0.01> <Spt= 0.01> <nCl= 30> <al=0.68> <DB=-36641.9391> <Mlp= 4270.6193> <PB=10000000> 
<DWph=2> <it= 93> <et=1.69> <Mt= 0.00> <Spt= 0.01> <nCl= 30> <al=0.72> <DB=-37790.6365> <Mlp= 4221.9158> <PB=10000000> 
<DWph=2> <it= 94> <et=1.71> <Mt= 0.01> <Spt= 0.01> <nCl= 30> <al=0.74> <DB=-37022.4531> <Mlp= 4181.8934> <PB=10000000> 
<DWph=2> <it= 95> <et=1.72> <Mt= 0.00> <Spt= 0.01> <nCl= 30> <al=0.77> <DB=-31457.7132> <Mlp= 4153.7103> <PB=10000000> 
<DWph=2> <it= 96> <et=1.74> <Mt= 0.01> <Spt= 0.01> <nCl= 30> <al=0.67> <DB=-37167.6571> <Mlp= 4083.6779> <PB=10000000> 
<DWph=2> <it= 97> <et=1.75> <Mt= 0.00> <Spt= 0.01> <nCl= 30> <al=0.70> <DB=-29400.4776> <Mlp= 4038.5027> <PB=10000000> 
<DWph=2> <it= 98> <et=1.76> <Mt= 0.01> <Spt= 0.00> <nCl= 30> <al=0.73> <DB=-28103.5350> <Mlp= 3988.4239> <PB=10000000> 
<DWph=2> <it= 99> <et=1.78> <Mt= 0.00> <Spt= 0.01> <nCl= 30> <al=0.76> <DB=-25229.2191> <Mlp= 3935.3571> <PB=10000000> 
<DWph=2> <it=100> <et=1.80> <Mt= 0.01> <Spt= 0.01> <nCl= 30> <al=0.78> <DB=-22382.2596> <Mlp= 3820.5475> <PB=10000000> 
<DWph=2> <it=101> <et=1.81> <Mt= 0.01> <Spt= 0.01> <nCl= 30> <al=0.80> <DB=-24088.9316> <Mlp= 3746.6115> <PB=10000000> 
<DWph=2> <it=102> <et=1.83> <Mt= 0.01> <Spt= 0.01> <nCl= 30> <al=0.82> <DB=-19385.2982> <Mlp= 3684.4275> <PB=10000000> 
<DWph=2> <it=103> <et=1.85> <Mt= 0.00> <Spt= 0.01> <nCl= 30> <al=0.84> <DB=-17793.7973> <Mlp= 3646.2761> <PB=10000000> 
<DWph=2> <it=104> <et=1.86> <Mt= 0.01> <Spt= 0.01> <nCl= 30> <al=0.86> <DB=-14599.4608> <Mlp= 3601.1677> <PB=10000000> 
<DWph=2> <it=105> <et=1.88> <Mt= 0.01> <Spt= 0.01> <nCl= 30> <al=0.76> <DB=-12504.0237> <Mlp= 3556.1550> <PB=10000000> 
<DWph=2> <it=106> <et=1.90> <Mt= 0.00> <Spt= 0.02> <nCl= 30> <al=0.78> <DB=-11829.6080> <Mlp= 3499.1219> <PB=10000000> 
<DWph=2> <it=107> <et=1.92> <Mt= 0.01> <Spt= 0.01> <nCl= 30> <al=0.80> <DB=-9697.1747> <Mlp= 3470.6421> <PB=10000000> 
<DWph=2> <it=108> <et=1.94> <Mt= 0.01> <Spt= 0.01> <nCl= 30> <al=0.82> <DB=-8438.6670> <Mlp= 3410.6552> <PB=10000000> 
<DWph=2> <it=109> <et=1.96> <Mt= 0.01> <Spt= 0.01> <nCl= 30> <al=0.72> <DB=-7911.1832> <Mlp= 3355.6481> <PB=10000000> 
<DWph=2> <it=110> <et=1.98> <Mt= 0.00> <Spt= 0.01> <nCl= 30> <al=0.75> <DB=-7599.7365> <Mlp= 3339.1021> <PB=10000000> 
<DWph=2> <it=111> <et=2.00> <Mt= 0.01> <Spt= 0.02> <nCl= 30> <al=0.78> <DB=-5207.2246> <Mlp= 3323.6165> <PB=10000000> 
<DWph=2> <it=112> <et=2.02> <Mt= 0.00> <Spt= 0.01> <nCl= 30> <al=0.80> <DB=-5008.9975> <Mlp= 3301.4033> <PB=10000000> 
<DWph=2> <it=113> <et=2.04> <Mt= 0.01> <Spt= 0.01> <nCl= 30> <al=0.82> <DB=-5485.5255> <Mlp= 3273.6678> <PB=10000000> 
<DWph=2> <it=114> <et=2.05> <Mt= 0.01> <Spt= 0.01> <nCl= 29> <al=0.84> <DB=-4313.5869> <Mlp= 3247.6027> <PB=10000000> 
<DWph=2> <it=115> <et=2.07> <Mt= 0.01> <Spt= 0.01> <nCl= 29> <al=0.85> <DB=-2729.5060> <Mlp= 3217.4533> <PB=10000000> 
<DWph=2> <it=116> <et=2.09> <Mt= 0.00> <Spt= 0.01> <nCl= 30> <al=0.75> <DB=-2517.6374> <Mlp= 3208.2883> <PB=10000000> 
<DWph=2> <it=117> <et=2.11> <Mt= 0.01> <Spt= 0.01> <nCl= 30> <al=0.65> <DB=-3323.7871> <Mlp= 3194.7894> <PB=10000000> 
<DWph=2> <it=118> <et=2.12> <Mt= 0.01> <Spt= 0.01> <nCl= 30> <al=0.69> <DB=-1399.5837> <Mlp= 3188.7499> <PB=10000000> 
<DWph=2> <it=119> <et=2.13> <Mt= 0.00> <Spt= 0.01> <nCl= 30> <al=0.59> <DB=-1681.5059> <Mlp= 3180.2557> <PB=10000000> 
<DWph=2> <it=120> <et=2.15> <Mt= 0.01> <Spt= 0.01> <nCl= 30> <al=0.63> <DB=-1680.0772> <Mlp= 3170.4308> <PB=10000000> 
<DWph=2> <it=121> <et=2.16> <Mt= 0.00> <Spt= 0.01> <nCl= 30> <al=0.53> <DB=-2024.1217> <Mlp= 3157.1542> <PB=10000000> 
<DWph=2> <it=122> <et=2.18> <Mt= 0.01> <Spt= 0.00> <nCl= 30> <al=0.58> <DB=-2998.9341> <Mlp= 3148.2365> <PB=10000000> 
<DWph=2> <it=123> <et=2.19> <Mt= 0.00> <Spt= 0.01> <nCl= 30> <al=0.62> <DB=-1053.1022> <Mlp= 3148.2365> <PB=10000000> 
<DWph=2> <it=124> <et=2.21> <Mt= 0.01> <Spt= 0.02> <nCl= 30> <al=0.52> <DB=-1173.0886> <Mlp= 3137.0620> <PB=10000000> 
<DWph=2> <it=125> <et=2.23> <Mt= 0.01> <Spt= 0.01> <nCl= 30> <al=0.57> <DB= -397.5829> <Mlp= 3132.1148> <PB=10000000> 
<DWph=2> <it=126> <et=2.25> <Mt= 0.00> <Spt= 0.01> <nCl= 30> <al=0.61> <DB=-1468.7324> <Mlp= 3121.9756> <PB=10000000> 
<DWph=2> <it=127> <et=2.27> <Mt= 0.01> <Spt= 0.01> <nCl= 30> <al=0.65> <DB=   64.3090> <Mlp= 3115.7434> <PB=10000000> 
<DWph=2> <it=128> <et=2.30> <Mt= 0.01> <Spt= 0.02> <nCl= 30> <al=0.55> <DB= -241.3293> <Mlp= 3107.7385> <PB=10000000> 
<DWph=2> <it=129> <et=2.31> <Mt= 0.01> <Spt= 0.01> <nCl= 29> <al=0.59> <DB=  -59.1720> <Mlp= 3099.4689> <PB=10000000> 
<DWph=2> <it=130> <et=2.33> <Mt= 0.01> <Spt= 0.01> <nCl= 29> <al=0.63> <DB=  896.0003> <Mlp= 3092.1768> <PB=10000000> 
<DWph=2> <it=131> <et=2.35> <Mt= 0.01> <Spt= 0.01> <nCl= 26> <al=0.67> <DB=  522.0556> <Mlp= 3086.7201> <PB=10000000> 
<DWph=2> <it=132> <et=2.37> <Mt= 0.01> <Spt= 0.01> <nCl= 29> <al=0.70> <DB= 1774.7023> <Mlp= 3082.4636> <PB=10000000> 
<DWph=2> <it=133> <et=2.40> <Mt= 0.01> <Spt= 0.01> <nCl= 30> <al=0.60> <DB= 1330.7671> <Mlp= 3076.0914> <PB=10000000> 
<DWph=2> <it=134> <et=2.42> <Mt= 0.01> <Spt= 0.01> <nCl= 26> <al=0.64> <DB= 1726.0727> <Mlp= 3072.4750> <PB=10000000> 
<DWph=2> <it=135> <et=2.46> <Mt= 0.03> <Spt= 0.02> <nCl= 30> <al=0.54> <DB= 1574.9540> <Mlp= 3065.2791> <PB=10000000> 
<DWph=2> <it=136> <et=2.50> <Mt= 0.02> <Spt= 0.01> <nCl= 29> <al=0.59> <DB= 1622.0000> <Mlp= 3062.4681> <PB=10000000> 
<DWph=2> <it=137> <et=2.52> <Mt= 0.02> <Spt= 0.00> <nCl= 23> <al=0.63> <DB= 1846.4246> <Mlp= 3060.0382> <PB=10000000> 
<DWph=2> <it=138> <et=2.55> <Mt= 0.01> <Spt= 0.02> <nCl= 24> <al=0.67> <DB= 2296.8825> <Mlp= 3059.1790> <PB=10000000> 
<DWph=2> <it=139> <et=2.58> <Mt= 0.02> <Spt= 0.01> <nCl= 24> <al=0.70> <DB= 1313.2765> <Mlp= 3058.0337> <PB=10000000> 
<DWph=2> <it=140> <et=2.61> <Mt= 0.02> <Spt= 0.01> <nCl= 16> <al=0.73> <DB= 2456.0250> <Mlp= 3057.4803> <PB=10000000> 
<DWph=2> <it=141> <et=2.64> <Mt= 0.01> <Spt= 0.01> <nCl= 25> <al=0.76> <DB= 2362.8839> <Mlp= 3056.9380> <PB=10000000> 
<DWph=2> <it=142> <et=2.66> <Mt= 0.01> <Spt= 0.02> <nCl= 17> <al=0.78> <DB= 2386.2258> <Mlp= 3056.4214> <PB=10000000> 
<DWph=2> <it=143> <et=2.67> <Mt= 0.01> <Spt= 0.01> <nCl=  8> <al=0.80> <DB= 2460.9208> <Mlp= 3056.4206> <PB=10000000> 
<DWph=2> <it=144> <et=2.69> <Mt= 0.00> <Spt= 0.01> <nCl= 22> <al=0.70> <DB= 1605.4611> <Mlp= 3056.3219> <PB=10000000> 
<DWph=2> <it=145> <et=2.70> <Mt= 0.00> <Spt= 0.01> <nCl= 17> <al=0.73> <DB= 2158.2598> <Mlp= 3055.8727> <PB=10000000> 
<DWph=2> <it=146> <et=2.71> <Mt= 0.00> <Spt= 0.01> <nCl= 13> <al=0.63> <DB= 2429.2438> <Mlp= 3055.7649> <PB=10000000> 
<DWph=2> <it=147> <et=2.73> <Mt= 0.01> <Spt= 0.01> <nCl= 22> <al=0.53> <DB= 2366.6623> <Mlp= 3055.0763> <PB=10000000> 
<DWph=2> <it=148> <et=2.74> <Mt= 0.00> <Spt= 0.01> <nCl= 13> <al=0.58> <DB= 2349.4699> <Mlp= 3054.8752> <PB=10000000> 
<DWph=2> <it=149> <et=2.76> <Mt= 0.00> <Spt= 0.01> <nCl= 10> <al=0.48> <DB= 2803.2477> <Mlp= 3054.3595> <PB=10000000> 
<DWph=2> <it=150> <et=2.77> <Mt= 0.01> <Spt= 0.02> <nCl= 28> <al=0.53> <DB= 1397.7493> <Mlp= 3054.1443> <PB=10000000> 
<DWph=2> <it=151> <et=2.79> <Mt= 0.00> <Spt= 0.01> <nCl= 30> <al=0.58> <DB=  500.4616> <Mlp= 3053.8427> <PB=10000000> 
<DWph=2> <it=152> <et=2.80> <Mt= 0.00> <Spt= 0.01> <nCl= 17> <al=0.62> <DB= 1974.9640> <Mlp= 3053.6649> <PB=10000000> 
<DWph=2> <it=153> <et=2.82> <Mt= 0.00> <Spt= 0.01> <nCl= 10> <al=0.66> <DB= 2596.5616> <Mlp= 3053.4149> <PB=10000000> 
<DWph=2> <it=154> <et=2.83> <Mt= 0.01> <Spt= 0.01> <nCl=  3> <al=0.69> <DB= 2882.7156> <Mlp= 3053.4149> <PB=10000000> 
<DWph=2> <it=155> <et=2.84> <Mt= 0.00> <Spt= 0.01> <nCl= 19> <al=0.59> <DB= 2523.7393> <Mlp= 3053.4149> <PB=10000000> 
<DWph=2> <it=156> <et=2.85> <Mt= 0.00> <Spt= 0.01> <nCl= 11> <al=0.63> <DB= 2565.6653> <Mlp= 3053.3112> <PB=10000000> 
<DWph=2> <it=157> <et=2.86> <Mt= 0.00> <Spt= 0.01> <nCl=  6> <al=0.67> <DB= 2946.8478> <Mlp= 3053.3050> <PB=10000000> 
<DWph=2> <it=158> <et=2.87> <Mt= 0.00> <Spt= 0.01> <nCl= 18> <al=0.57> <DB= 1964.9349> <Mlp= 3053.2855> <PB=10000000> 
<DWph=2> <it=159> <et=2.88> <Mt= 0.01> <Spt= 0.01> <nCl=  7> <al=0.61> <DB= 3004.9812> <Mlp= 3053.2854> <PB=10000000> 
<DWph=2> <it=160> <et=2.90> <Mt= 0.00> <Spt= 0.01> <nCl= 25> <al=0.51> <DB= 2052.9212> <Mlp= 3053.2779> <PB=10000000> 
<DWph=2> <it=161> <et=2.91> <Mt= 0.00> <Spt= 0.01> <nCl= 16> <al=0.56> <DB= 2622.7264> <Mlp= 3052.9076> <PB=10000000> 
<DWph=2> <it=162> <et=2.93> <Mt= 0.00> <Spt= 0.01> <nCl= 10> <al=0.61> <DB= 2998.5504> <Mlp= 3052.8877> <PB=10000000> 
<DWph=2> <it=163> <et=2.94> <Mt= 0.01> <Spt= 0.01> <nCl=  2> <al=0.65> <DB= 2888.2158> <Mlp= 3052.8355> <PB=10000000> 
<DWph=2> <it=164> <et=2.96> <Mt= 0.00> <Spt= 0.02> <nCl=  6> <al=0.36> <DB= 2212.0698> <Mlp= 3052.8334> <PB=10000000> 
<DWph=2> <it=165> <et=2.98> <Mt= 0.00> <Spt= 0.02> <nCl=  2> <al=0.58> <DB= 2969.7826> <Mlp= 3052.8089> <PB=10000000> 
<DWph=2> <it=166> <et=3.00> <Mt= 0.00> <Spt= 0.02> <nCl= 11> <al=0.25> <DB= 2697.7358> <Mlp= 3052.8089> <PB=10000000> 
<DWph=2> <it=167> <et=3.02> <Mt= 0.00> <Spt= 0.01> <nCl=  6> <al=0.52> <DB= 2888.3166> <Mlp= 3052.8089> <PB=10000000> 
<DWph=2> <it=168> <et=3.03> <Mt= 0.00> <Spt= 0.02> <nCl=  8> <al=0.42> <DB= 2298.7275> <Mlp= 3052.8089> <PB=10000000> 
<DWph=2> <it=169> <et=3.05> <Mt= 0.01> <Spt= 0.01> <nCl=  5> <al=0.48> <DB= 2903.0004> <Mlp= 3052.8089> <PB=10000000> 
<DWph=2> <it=170> <et=3.06> <Mt= 0.00> <Spt= 0.01> <nCl=  2> <al=0.38> <DB= 2937.7506> <Mlp= 3052.8089> <PB=10000000> 
<DWph=2> <it=171> <et=3.08> <Mt= 0.00> <Spt= 0.02> <nCl= 14> <al=0.00> <DB= 2898.2802> <Mlp= 3052.8089> <PB=10000000> 
<DWph=2> <it=172> <et=3.10> <Mt= 0.00> <Spt= 0.01> <nCl=  7> <al=0.18> <DB= 2388.9358> <Mlp= 3052.5658> <PB=10000000> 
<DWph=2> <it=173> <et=3.11> <Mt= 0.00> <Spt= 0.01> <nCl=  3> <al=0.26> <DB= 3027.1689> <Mlp= 3052.5658> <PB=10000000> 
<DWph=2> <it=174> <et=3.12> <Mt= 0.00> <Spt= 0.01> <nCl=  6> <al=0.34> <DB= 2057.6092> <Mlp= 3052.5604> <PB=10000000> 
<DWph=2> <it=175> <et=3.14> <Mt= 0.01> <Spt= 0.02> <nCl=  6> <al=0.00> <DB= 2875.7689> <Mlp= 3052.5604> <PB=10000000> 
<DWph=2> <it=176> <et=3.16> <Mt= 0.00> <Spt= 0.02> <nCl=  0> <al=0.00> <DB= 3052.5604> <Mlp= 3052.5604> <PB=10000000> 
<DWph=1> <it=177> <et=3.22> <Mt= 0.00> <Spt= 0.06> <nCl= 30> <al=0.04> <DB= 2136.8728> <Mlp= 3052.5604> <PB=10000000> 
<DWph=1> <it=178> <et=3.28> <Mt= 0.01> <Spt= 0.04> <nCl= 30> <al=0.13> <DB=  100.2712> <Mlp= 3050.6555> <PB=10000000> 
<DWph=1> <it=179> <et=3.32> <Mt= 0.01> <Spt= 0.04> <nCl= 30> <al=0.22> <DB= 1218.8650> <Mlp= 3050.6555> <PB=10000000> 
<DWph=1> <it=180> <et=3.36> <Mt= 0.00> <Spt= 0.04> <nCl= 25> <al=0.30> <DB= 2316.4845> <Mlp= 3050.5905> <PB=10000000> 
<DWph=1> <it=181> <et=3.42> <Mt= 0.01> <Spt= 0.04> <nCl= 24> <al=0.37> <DB= 1928.9074> <Mlp= 3049.1830> <PB=10000000> 
<DWph=1> <it=182> <et=3.46> <Mt= 0.01> <Spt= 0.04> <nCl= 20> <al=0.43> <DB= 2456.4974> <Mlp= 3049.0864> <PB=10000000> 
<DWph=1> <it=183> <et=3.50> <Mt= 0.00> <Spt= 0.04> <nCl= 26> <al=0.49> <DB= 2497.9924> <Mlp= 3048.8978> <PB=10000000> 
<DWph=1> <it=184> <et=3.56> <Mt= 0.02> <Spt= 0.03> <nCl= 25> <al=0.54> <DB= 2666.3441> <Mlp= 3048.7930> <PB=10000000> 
<DWph=1> <it=185> <et=3.60> <Mt= 0.00> <Spt= 0.04> <nCl= 24> <al=0.59> <DB= 2323.2830> <Mlp= 3048.2220> <PB=10000000> 
<DWph=1> <it=186> <et=3.64> <Mt= 0.01> <Spt= 0.04> <nCl= 12> <al=0.63> <DB= 2767.2389> <Mlp= 3048.1928> <PB=10000000> 
<DWph=1> <it=187> <et=3.69> <Mt= 0.00> <Spt= 0.04> <nCl= 15> <al=0.66> <DB= 2473.7133> <Mlp= 3048.1928> <PB=10000000> 
<DWph=1> <it=188> <et=3.73> <Mt= 0.00> <Spt= 0.05> <nCl=  7> <al=0.70> <DB= 2818.3457> <Mlp= 3048.1928> <PB=10000000> 
<DWph=1> <it=189> <et=3.78> <Mt= 0.00> <Spt= 0.04> <nCl=  8> <al=0.73> <DB= 2806.3450> <Mlp= 3048.1496> <PB=10000000> 
<DWph=1> <it=190> <et=3.82> <Mt= 0.00> <Spt= 0.04> <nCl=  2> <al=0.75> <DB= 2865.7461> <Mlp= 3048.1496> <PB=10000000> 
<DWph=1> <it=191> <et=3.86> <Mt= 0.00> <Spt= 0.04> <nCl=  2> <al=0.65> <DB= 2163.0205> <Mlp= 3048.1496> <PB=10000000> 
<DWph=1> <it=192> <et=3.90> <Mt= 0.01> <Spt= 0.04> <nCl=  1> <al=0.69> <DB= 2922.3726> <Mlp= 3048.1044> <PB=10000000> 
<DWph=1> <it=193> <et=3.94> <Mt= 0.00> <Spt= 0.04> <nCl=  7> <al=0.59> <DB= 2587.3660> <Mlp= 3048.1044> <PB=10000000> 
<DWph=1> <it=194> <et=3.98> <Mt= 0.00> <Spt= 0.04> <nCl=  2> <al=0.63> <DB= 2947.4293> <Mlp= 3048.1044> <PB=10000000> 
<DWph=1> <it=195> <et=4.06> <Mt= 0.00> <Spt= 0.07> <nCl=  5> <al=0.33> <DB= 2882.9373> <Mlp= 3048.0835> <PB=10000000> 
<DWph=1> <it=196> <et=4.14> <Mt= 0.00> <Spt= 0.08> <nCl=  9> <al=0.13> <DB= 2820.1984> <Mlp= 3048.0835> <PB=10000000> 
<DWph=1> <it=197> <et=4.22> <Mt= 0.00> <Spt= 0.07> <nCl=  6> <al=0.00> <DB= 3048.0835> <Mlp= 3048.0835> <PB=10000000> 
    RCSP exact solver info for graph G_0 : TT = 0.186719, pt = 5.8e-05, dt = 0.179686, ct = 0.006236, ndl = 21304', bdl = 1830920', odl = 12634', odf = 97685', bsi = 1760', cnt = 57979', bdch = 29399898', odch = 484358', lcp = 431429', #sols = 150
<DWph=0> <it=198> <et=4.41> <Mt= 0.01> <Spt= 0.20> <nCl=150> <al=0.37> <DB= 2311.1317> <Mlp= 3048.0835> <PB=10000000> 
    RCSP exact solver info for graph G_0 : TT = 0.154731, pt = 6.5e-05, dt = 0.147937, ct = 0.005808, ndl = 21015', bdl = 1833499', odl = 12702', odf = 95590', bsi = 1875', cnt = 53598', bdch = 29206397', odch = 468627', lcp = 422444', #sols = 150
<DWph=0> <it=199> <et=4.58> <Mt= 0.00> <Spt= 0.16> <nCl=106> <al=0.43> <DB= 2591.2201> <Mlp= 3047.2280> <PB=10000000> 
    RCSP exact solver info for graph G_0 : TT = 0.153505, pt = 7.2e-05, dt = 0.14693, ct = 0.0057, ndl = 20388', bdl = 1782380', odl = 12678', odf = 91882', bsi = 1843', cnt = 44519', bdch = 27563389', odch = 442064', lcp = 409498', #sols = 150
<DWph=0> <it=200> <et=4.74> <Mt= 0.01> <Spt= 0.16> <nCl= 81> <al=0.49> <DB= 2603.1043> <Mlp= 3046.0696> <PB=10000000> 
    RCSP exact solver info for graph G_0 : TT = 0.154957, pt = 0.000112, dt = 0.148296, ct = 0.005737, ndl = 20914', bdl = 1831095', odl = 12684', odf = 93310', bsi = 1872', cnt = 47549', bdch = 28884233', odch = 463579', lcp = 431458', #sols = 150
<DWph=0> <it=201> <et=4.91> <Mt= 0.00> <Spt= 0.16> <nCl= 43> <al=0.54> <DB= 2807.3326> <Mlp= 3046.0102> <PB=10000000> 
    RCSP exact solver info for graph G_0 : TT = 0.156096, pt = 6.1e-05, dt = 0.149764, ct = 0.005472, ndl = 20906', bdl = 1822771', odl = 12636', odf = 93420', bsi = 1889', cnt = 49112', bdch = 28749256', odch = 469564', lcp = 431502', #sols = 150
<DWph=0> <it=202> <et=5.07> <Mt= 0.00> <Spt= 0.16> <nCl= 24> <al=0.44> <DB= 2941.2126> <Mlp= 3045.9312> <PB=10000000> 
    RCSP exact solver info for graph G_0 : TT = 0.148886, pt = 4.6e-05, dt = 0.142479, ct = 0.005622, ndl = 20715', bdl = 1806394', odl = 12664', odf = 92964', bsi = 1871', cnt = 48175', bdch = 28272005', odch = 465195', lcp = 428515', #sols = 150
<DWph=0> <it=203> <et=5.22> <Mt= 0.00> <Spt= 0.15> <nCl= 29> <al=0.34> <DB= 2665.0501> <Mlp= 3045.9312> <PB=10000000> 
    RCSP exact solver info for graph G_0 : TT = 0.151759, pt = 5.3e-05, dt = 0.14536, ct = 0.005534, ndl = 20836', bdl = 1815708', odl = 12669', odf = 93374', bsi = 1900', cnt = 47793', bdch = 28489099', odch = 468753', lcp = 431544', #sols = 150
    RCSP exact solver info for graph G_0 : TT = 0.15029, pt = 5e-05, dt = 0.144057, ct = 0.005442, ndl = 20535', bdl = 1790763', odl = 12620', odf = 92236', bsi = 1892', cnt = 46795', bdch = 27744278', odch = 458998', lcp = 424974', #sols = 150
<DWph=0> <it=204> <et=5.54> <Mt= 0.00> <Spt= 0.31> <nCl= 68> <al=0.00> <DB= 2733.0634> <Mlp= 3045.9312> <PB=10000000> 
    RCSP exact solver info for graph G_0 : TT = 0.152115, pt = 6.1e-05, dt = 0.145544, ct = 0.005737, ndl = 20819', bdl = 1816278', odl = 12642', odf = 93229', bsi = 1859', cnt = 47472', bdch = 28474115', odch = 468338', lcp = 431240', #sols = 150
    RCSP exact solver info for graph G_0 : TT = 0.146806, pt = 5.2e-05, dt = 0.140711, ct = 0.005198, ndl = 20460', bdl = 1789453', odl = 12707', odf = 92189', bsi = 1830', cnt = 44762', bdch = 27693984', odch = 456619', lcp = 423657', #sols = 150
<DWph=0> <it=205> <et=5.84> <Mt= 0.00> <Spt= 0.31> <nCl=  9> <al=0.00> <DB= 3045.9312> <Mlp= 3045.9312> <PB=10000000> 
RCSP solver dynamic params and stats :  bidir.bord. = 375 aver.obdmd = 24.5902 aver.buck.num. = 26
@@ 1 0 3045.93 0.154725 0.185922 91.7326 5.84
RCSP      solver labels distribution in 1448 buckets (bucket size) : largest - 92, top 0.1% - 78, top 0.5% - 69, top 2% - 54, top 10% - 34, top 50% - 10
Reduced cost fixing for graph G_0...  TT = 0.407831, pt = 0.033478, dt = 0.373731, ct = 0, ndl = 57053', bdl = 4223023', odl = 14802', odf = 188913', lpcb = 294293', cnt = 13933853', bdch = 76748108', odch = 1772468', lcp = 1067327'
337601 buck. arcs remain (99.1% from prev., 90.9% from max.) + 0 jump buck. arcs (0% from max.)
 TT = 0.598561, pt = 0.033478, dt = 0.373731, ct = 0.190622, ndl = 57053', bdl = 4223023', odl = 14802', odf = 188913', lpcb = 294293', cnt = 14571596', bdch = 76748108', odch = 1772468', lcp = 1067327'
RCSP      solver labels distribution in 2805 buckets (bucket size) : largest - 160, top 0.1% - 135, top 0.5% - 112, top 2% - 76, top 10% - 47, top 50% - 13
Run forward enumeration with border = 375... not succeeded (ratio 0.991598) lpt = 0.012456, ndl = 10117', dl = 0', lpcb = 0', dch = 3860'
 TT = 0.016061, pt = 0.000955, dt = 0.012456, ct = 0, ndl = 10117', bdl = 0', cnt = 50017', bdch = 3860', odch = 0', lcp = 0'
Bucket graph for G_0 is regenerated as bucket steps were adjusted for 122 vertices
RCSP solver info : number of forw. reachable buckets / buck. strongly connected components is 6008( 96.5606% ) / 6008( 100% )
658365 forw. buck. arcs remain (92.0996% from max.) + 0 jump buck. arcs
ColGenEvalAlg final dual bound: 3045.93 (rounded: 3046)
Shrinking heuristic shrunk 45 edges
In total 13 RCC cut(s) are found by the Fractional capacity min-cut heuristic 
In total 23 RCC cut(s) are found by the greedy construction heuristic 
----- Add fac. cuts : CAP(36), max.viol = 0.40366, aver.viol = 0.147415, sep/add took 0.027288/0.0915672 sec. -----
5398 columns (5398 active), 36 dyn. constrs. (36 active), 278 art. vars. (278 active)
<DWph=2> <it=  1> <et=6.74> <Mt= 0.02> <Spt= 0.02> <nCl= 14> <al=0.50> <DB= 2351.7639> <Mlp= 3053.5867> <PB=10000000> 
<DWph=2> <it=  2> <et=6.77> <Mt= 0.01> <Spt= 0.01> <nCl= 22> <al=0.55> <DB= 1632.7810> <Mlp= 3051.2521> <PB=10000000> 
<DWph=2> <it=  3> <et=6.79> <Mt= 0.00> <Spt= 0.02> <nCl= 12> <al=0.60> <DB= 3032.7508> <Mlp= 3051.0714> <PB=10000000> 
<DWph=2> <it=  4> <et=6.81> <Mt= 0.00> <Spt= 0.02> <nCl=  4> <al=0.64> <DB= 3047.7957> <Mlp= 3051.0465> <PB=10000000> 
<DWph=2> <it=  5> <et=6.83> <Mt= 0.00> <Spt= 0.02> <nCl= 10> <al=0.54> <DB= 2511.0047> <Mlp= 3051.0465> <PB=10000000> 
<DWph=2> <it=  6> <et=6.85> <Mt= 0.01> <Spt= 0.01> <nCl=  9> <al=0.58> <DB= 2794.3376> <Mlp= 3051.0465> <PB=10000000> 
<DWph=2> <it=  7> <et=6.87> <Mt= 0.00> <Spt= 0.02> <nCl=  8> <al=0.62> <DB= 3049.0188> <Mlp= 3051.0465> <PB=10000000> 
<DWph=2> <it=  8> <et=6.89> <Mt= 0.00> <Spt= 0.02> <nCl= 12> <al=0.52> <DB= 3010.1867> <Mlp= 3051.0384> <PB=10000000> 
<DWph=2> <it=  9> <et=6.91> <Mt= 0.00> <Spt= 0.01> <nCl=  1> <al=0.57> <DB= 3049.8845> <Mlp= 3051.0384> <PB=10000000> 
<DWph=2> <it= 10> <et=6.92> <Mt= 0.01> <Spt= 0.02> <nCl=  4> <al=0.47> <DB= 2909.8218> <Mlp= 3051.0384> <PB=10000000> 
<DWph=2> <it= 11> <et=6.94> <Mt= 0.00> <Spt= 0.01> <nCl=  4> <al=0.52> <DB= 3029.4909> <Mlp= 3051.0384> <PB=10000000> 
<DWph=2> <it= 12> <et=6.98> <Mt= 0.00> <Spt= 0.04> <nCl= 10> <al=0.14> <DB= 2954.9870> <Mlp= 3050.9518> <PB=10000000> 
<DWph=2> <it= 13> <et=7.01> <Mt= 0.00> <Spt= 0.02> <nCl=  7> <al=0.47> <DB= 2840.5135> <Mlp= 3050.9518> <PB=10000000> 
<DWph=2> <it= 14> <et=7.05> <Mt= 0.01> <Spt= 0.03> <nCl= 12> <al=0.05> <DB= 2776.0000> <Mlp= 3050.7325> <PB=10000000> 
<DWph=2> <it= 15> <et=7.08> <Mt= 0.00> <Spt= 0.04> <nCl=  9> <al=0.00> <DB= 2787.4756> <Mlp= 3050.7325> <PB=10000000> 
<DWph=2> <it= 16> <et=7.12> <Mt= 0.00> <Spt= 0.03> <nCl=  4> <al=0.00> <DB= 3050.7322> <Mlp= 3050.7322> <PB=10000000> 
<DWph=1> <it= 17> <et=7.17> <Mt= 0.00> <Spt= 0.05> <nCl= 17> <al=0.22> <DB= 2603.5740> <Mlp= 3050.7322> <PB=10000000> 
<DWph=1> <it= 18> <et=7.24> <Mt= 0.01> <Spt= 0.07> <nCl= 13> <al=0.12> <DB= 2935.3692> <Mlp= 3050.6893> <PB=10000000> 
<DWph=1> <it= 19> <et=7.29> <Mt= 0.00> <Spt= 0.05> <nCl=  5> <al=0.02> <DB= 3041.2360> <Mlp= 3050.6665> <PB=10000000> 
<DWph=1> <it= 20> <et=7.41> <Mt= 0.00> <Spt= 0.11> <nCl=  6> <al=0.00> <DB= 2994.7674> <Mlp= 3050.6654> <PB=10000000> 
<DWph=1> <it= 21> <et=7.51> <Mt= 0.00> <Spt= 0.10> <nCl=  0> <al=0.00> <DB= 3050.6654> <Mlp= 3050.6654> <PB=10000000> 
    RCSP exact solver info for graph G_0 : TT = 0.130107, pt = 6.8e-05, dt = 0.123931, ct = 0.005373, ndl = 20430', bdl = 1762506', odl = 20386', odf = 165496', bsi = 1859', cnt = 38044', bdch = 18494196', odch = 530390', lcp = 346060', #sols = 150
<DWph=0> <it= 22> <et=7.65> <Mt= 0.01> <Spt= 0.14> <nCl= 91> <al=0.00> <DB= 2672.2734> <Mlp= 3050.6654> <PB=10000000> 
    RCSP exact solver info for graph G_0 : TT = 0.134827, pt = 0.000112, dt = 0.128841, ct = 0.005066, ndl = 21213', bdl = 1826798', odl = 20158', odf = 169213', bsi = 1492', cnt = 29401', bdch = 19737797', odch = 576387', lcp = 361753', #sols = 150
<DWph=0> <it= 23> <et=7.81> <Mt= 0.02> <Spt= 0.14> <nCl=150> <al=0.00> <DB= 1531.3119> <Mlp= 3050.0723> <PB=10000000> 
    RCSP exact solver info for graph G_0 : TT = 0.1377, pt = 8.7e-05, dt = 0.131069, ct = 0.005703, ndl = 22215', bdl = 1907285', odl = 20259', odf = 174850', bsi = 1841', cnt = 38732', bdch = 21237354', odch = 622118', lcp = 383566', #sols = 150
<DWph=0> <it= 24> <et=7.96> <Mt= 0.00> <Spt= 0.15> <nCl= 76> <al=0.03> <DB= 2585.7962> <Mlp= 3050.0723> <PB=10000000> 
    RCSP exact solver info for graph G_0 : TT = 0.134311, pt = 9.2e-05, dt = 0.12774, ct = 0.005603, ndl = 21678', bdl = 1861921', odl = 20359', odf = 173766', bsi = 1869', cnt = 37070', bdch = 20240432', odch = 591463', lcp = 371460', #sols = 150
<DWph=0> <it= 25> <et=8.10> <Mt= 0.00> <Spt= 0.13> <nCl= 21> <al=0.13> <DB= 2947.4138> <Mlp= 3050.0677> <PB=10000000> 
    RCSP exact solver info for graph G_0 : TT = 0.136272, pt = 9.4e-05, dt = 0.129454, ct = 0.005721, ndl = 21584', bdl = 1851312', odl = 20354', odf = 173406', bsi = 1852', cnt = 38505', bdch = 20128526', odch = 584965', lcp = 367914', #sols = 150
<DWph=0> <it= 26> <et=8.25> <Mt= 0.00> <Spt= 0.15> <nCl= 28> <al=0.21> <DB= 2788.7077> <Mlp= 3050.0677> <PB=10000000> 
    RCSP exact solver info for graph G_0 : TT = 0.142382, pt = 9.1e-05, dt = 0.135082, ct = 0.006262, ndl = 21807', bdl = 1868257', odl = 20291', odf = 174126', bsi = 1853', cnt = 39578', bdch = 20382711', odch = 597481', lcp = 372385', #sols = 150
    RCSP exact solver info for graph G_0 : TT = 0.13084, pt = 8e-05, dt = 0.124404, ct = 0.005441, ndl = 21441', bdl = 1835376', odl = 20350', odf = 172796', bsi = 1834', cnt = 38591', bdch = 19898416', odch = 592388', lcp = 365189', #sols = 150
<DWph=0> <it= 27> <et=8.53> <Mt= 0.01> <Spt= 0.28> <nCl= 22> <al=0.00> <DB= 3039.6510> <Mlp= 3050.0677> <PB=10000000> 
    RCSP exact solver info for graph G_0 : TT = 0.130981, pt = 8.5e-05, dt = 0.124123, ct = 0.005916, ndl = 21262', bdl = 1818784', odl = 20264', odf = 171787', bsi = 1828', cnt = 37887', bdch = 19558350', odch = 578118', lcp = 360339', #sols = 150
    RCSP exact solver info for graph G_0 : TT = 0.134114, pt = 8e-05, dt = 0.127587, ct = 0.005513, ndl = 21286', bdl = 1820378', odl = 20276', odf = 171969', bsi = 1826', cnt = 37824', bdch = 19609904', odch = 578190', lcp = 361648', #sols = 150
<DWph=0> <it= 28> <et=8.81> <Mt= 0.00> <Spt= 0.27> <nCl= 20> <al=0.00> <DB= 3050.0677> <Mlp= 3050.0677> <PB=10000000> 
RCSP solver dynamic params and stats :  bidir.bord. = 375 aver.obdmd = 49.1803 aver.buck.num. = 51
@@ 1 1 3050.07 0.133648 0.141344 92.0996 8.81
    Full reduced cost fixing is not called (gap ratio is 1)
Bucket graph for G_0 is regenerated as bucket steps were adjusted for 122 vertices
RCSP solver info : number of forw. reachable buckets / buck. strongly connected components is 11850( 96.1695% ) / 11850( 100% )
1302574 forw. buck. arcs remain (92.389% from max.) + 0 jump buck. arcs
ColGenEvalAlg final dual bound: 3050.07 (rounded: 3051)
False gap improvement since the last cut separation : 0.0135803 (3045.93)
Cut generation tailing off counter increased to 1
Current active cuts : CAP(6,418.409)
Shrinking heuristic shrunk 51 edges
In total 2 RCC cut(s) are found by the Fractional capacity min-cut heuristic 
In total 1 RCC cut(s) are found by the global pool greedy search heuristic 
----- Add fac. cuts : CAP(3), max.viol = 0.202784, aver.viol = 0.138318, sep/add took 0.0170557/0.00456914 sec. -----
5989 columns (5989 active), 39 dyn. constrs. (9 active), 281 art. vars. (251 active)
<DWph=2> <it=  1> <et=9.14> <Mt= 0.01> <Spt= 0.06> <nCl= 13> <al=0.00> <DB= 2907.9584> <Mlp= 3050.3607> <PB=10000000> 
<DWph=2> <it=  2> <et=9.17> <Mt= 0.00> <Spt= 0.03> <nCl=  4> <al=0.40> <DB= 2960.2657> <Mlp= 3050.3456> <PB=10000000> 
<DWph=2> <it=  3> <et=9.23> <Mt= 0.00> <Spt= 0.06> <nCl=  4> <al=0.00> <DB= 3050.3456> <Mlp= 3050.3456> <PB=10000000> 
<DWph=1> <it=  4> <et=9.31> <Mt= 0.00> <Spt= 0.07> <nCl=  4> <al=0.36> <DB= 2998.3571> <Mlp= 3050.3456> <PB=10000000> 
<DWph=1> <it=  5> <et=9.45> <Mt= 0.00> <Spt= 0.14> <nCl=  2> <al=0.00> <DB= 3050.3456> <Mlp= 3050.3456> <PB=10000000> 
    RCSP exact solver info for graph G_0 : TT = 0.130949, pt = 0.000164, dt = 0.123657, ct = 0.006078, ndl = 21474', bdl = 1837779', odl = 32234', odf = 345194', bsi = 1858', cnt = 36988', bdch = 13496710', odch = 686119', lcp = 305821', #sols = 150
<DWph=0> <it=  6> <et=9.59> <Mt= 0.00> <Spt= 0.14> <nCl= 24> <al=0.16> <DB= 3004.2684> <Mlp= 3050.3456> <PB=10000000> 
    RCSP exact solver info for graph G_0 : TT = 0.130152, pt = 0.00018, dt = 0.123001, ct = 0.005809, ndl = 21398', bdl = 1831605', odl = 32209', odf = 344255', bsi = 1863', cnt = 37239', bdch = 13407150', odch = 682108', lcp = 304223', #sols = 150
    RCSP exact solver info for graph G_0 : TT = 0.130554, pt = 0.000193, dt = 0.123163, ct = 0.006002, ndl = 21395', bdl = 1830623', odl = 32193', odf = 344142', bsi = 1867', cnt = 37218', bdch = 13396155', odch = 681055', lcp = 304057', #sols = 150
<DWph=0> <it=  7> <et=9.86> <Mt= 0.01> <Spt= 0.27> <nCl=  4> <al=0.00> <DB= 3050.3456> <Mlp= 3050.3456> <PB=10000000> 
RCSP solver dynamic params and stats :  bidir.bord. = 375 aver.obdmd = 98.3607 aver.buck.num. = 101
@@ 1 2 3050.35 0.129237 0.129735 92.389 9.86
    Full reduced cost fixing is not called (gap ratio is 1)
ColGenEvalAlg final dual bound: 3050.35 (rounded: 3051)
False gap improvement since the last cut separation : 0.000911022 (3050.07)
Cut generation tailing off counter increased to 2
Current active cuts : CAP(7,398.893)
Shrinking heuristic shrunk 44 edges
In total 2 RCC cut(s) are found by the Fractional capacity min-cut heuristic 
In total 1 RCC cut(s) are found by the greedy construction heuristic 
In total 1 RCC cut(s) are found by the global pool greedy search heuristic 
----- Add fac. cuts : CAP(4), max.viol = 0.160477, aver.viol = 0.0677269, sep/add took 0.0230358/0.00315158 sec. -----
6044 columns (6044 active), 13 dyn. constrs. (11 active), 285 art. vars. (253 active)
<DWph=2> <it=  1> <et=9.96> <Mt= 0.00> <Spt= 0.03> <nCl=  2> <al=0.50> <DB= 3050.4974> <Mlp= 3050.6491> <PB=10000000> 
<DWph=2> <it=  2> <et=10.02> <Mt= 0.00> <Spt= 0.06> <nCl=  1> <al=0.00> <DB= 3050.6491> <Mlp= 3050.6491> <PB=10000000> 
<DWph=1> <it=  3> <et=10.10> <Mt= 0.00> <Spt= 0.08> <nCl=  8> <al=0.30> <DB= 3008.1831> <Mlp= 3050.6491> <PB=10000000> 
<DWph=1> <it=  4> <et=10.25> <Mt= 0.00> <Spt= 0.14> <nCl=  1> <al=0.00> <DB= 3050.6491> <Mlp= 3050.6491> <PB=10000000> 
    RCSP exact solver info for graph G_0 : TT = 0.133692, pt = 0.000175, dt = 0.126546, ct = 0.005964, ndl = 21715', bdl = 1848590', odl = 32422', odf = 349745', bsi = 1908', cnt = 38679', bdch = 13767965', odch = 697642', lcp = 312707', #sols = 150
<DWph=0> <it=  5> <et=10.39> <Mt= 0.00> <Spt= 0.14> <nCl= 21> <al=0.27> <DB= 2956.6925> <Mlp= 3050.6491> <PB=10000000> 
    RCSP exact solver info for graph G_0 : TT = 0.132284, pt = 0.000173, dt = 0.124652, ct = 0.006093, ndl = 21675', bdl = 1848842', odl = 32495', odf = 349778', bsi = 1889', cnt = 37965', bdch = 13734265', odch = 698758', lcp = 311745', #sols = 150
    RCSP exact solver info for graph G_0 : TT = 0.135041, pt = 0.00016, dt = 0.127972, ct = 0.00584, ndl = 21476', bdl = 1833466', odl = 32470', odf = 348266', bsi = 1893', cnt = 37454', bdch = 13544048', odch = 684477', lcp = 308211', #sols = 150
<DWph=0> <it=  6> <et=10.67> <Mt= 0.01> <Spt= 0.28> <nCl= 14> <al=0.00> <DB= 3050.3386> <Mlp= 3050.6488> <PB=10000000> 
    RCSP exact solver info for graph G_0 : TT = 0.130188, pt = 0.000157, dt = 0.123209, ct = 0.005776, ndl = 21476', bdl = 1833466', odl = 32470', odf = 348266', bsi = 1890', cnt = 37451', bdch = 13544047', odch = 684478', lcp = 308209', #sols = 150
    RCSP exact solver info for graph G_0 : TT = 0.123813, pt = 0.000141, dt = 0.117182, ct = 0.005518, ndl = 21475', bdl = 1833466', odl = 32471', odf = 348248', bsi = 1892', cnt = 37454', bdch = 13544140', odch = 684376', lcp = 308206', #sols = 150
<DWph=0> <it=  7> <et=10.93> <Mt= 0.00> <Spt= 0.26> <nCl=  0> <al=0.00> <DB= 3050.6488> <Mlp= 3050.6488> <PB=10000000> 
RCSP solver dynamic params and stats :  bidir.bord. = 375 aver.obdmd = 98.3607 aver.buck.num. = 101
@@ 1 3 3050.65 0.12975 0.133812 92.389 10.93
    Full reduced cost fixing is not called (gap ratio is 1)
ColGenEvalAlg final dual bound: 3050.65 (rounded: 3051)
False gap improvement since the last cut separation : 0.000994217 (3050.35)
----- Cut separators priority level decreased to 1-----
Current active cuts : CAP(7,395.652)
Shrinking heuristic shrunk 44 edges
In total 2 RCC cut(s) are found by the Fractional capacity min-cut heuristic 
In total 1 RCC cut(s) are found by the greedy construction heuristic 
15 Rank-1 1-rows pack. cuts added ,  max viol. = 0.25, aver. viol. = 0.115836
150 Rank-1 3-rows pack. cuts added ,  max viol. = 0.5, aver. viol. = 0.426122
----- Add fac. cuts : CAP(3) R1C(165), max.viol = 0.5, aver.viol = 0.392282, sep/add took 0.0249791/0.240941 sec. -----
6091 columns (6091 active), 179 dyn. constrs. (175 active), 453 art. vars. (417 active)
<DWph=2> <it=  1> <et=11.33> <Mt= 0.07> <Spt= 0.03> <nCl= 30> <al=0.50> <DB=-46849.2876> <Mlp= 3139.7050> <PB=10000000> 
<DWph=2> <it=  2> <et=11.42> <Mt= 0.05> <Spt= 0.05> <nCl= 30> <al=0.55> <DB=-2417.5689> <Mlp= 3123.0177> <PB=10000000> 
<DWph=2> <it=  3> <et=11.51> <Mt= 0.05> <Spt= 0.04> <nCl= 21> <al=0.60> <DB= 2406.0791> <Mlp= 3091.7925> <PB=10000000> 
<DWph=2> <it=  4> <et=11.65> <Mt= 0.09> <Spt= 0.04> <nCl= 30> <al=0.64> <DB= 1774.5957> <Mlp= 3084.9985> <PB=10000000> 
<DWph=2> <it=  5> <et=11.69> <Mt= 0.01> <Spt= 0.04> <nCl= 19> <al=0.67> <DB= 1198.3542> <Mlp= 3084.3148> <PB=10000000> 
<DWph=2> <it=  6> <et=11.78> <Mt= 0.05> <Spt= 0.04> <nCl= 10> <al=0.70> <DB= 2762.9926> <Mlp= 3084.3148> <PB=10000000> 
<DWph=2> <it=  7> <et=11.82> <Mt= 0.01> <Spt= 0.04> <nCl=  6> <al=0.73> <DB= 3059.5524> <Mlp= 3084.2482> <PB=10000000> 
<DWph=2> <it=  8> <et=11.94> <Mt= 0.08> <Spt= 0.03> <nCl= 15> <al=0.76> <DB= 2812.8086> <Mlp= 3083.3377> <PB=10000000> 
<DWph=2> <it=  9> <et=11.98> <Mt= 0.01> <Spt= 0.04> <nCl=  8> <al=0.78> <DB= 3063.9536> <Mlp= 3083.3254> <PB=10000000> 
<DWph=2> <it= 10> <et=12.02> <Mt= 0.00> <Spt= 0.03> <nCl= 30> <al=0.68> <DB=-1655.4879> <Mlp= 3083.2498> <PB=10000000> 
<DWph=2> <it= 11> <et=12.06> <Mt= 0.01> <Spt= 0.04> <nCl= 25> <al=0.72> <DB= 2607.4535> <Mlp= 3083.2498> <PB=10000000> 
<DWph=2> <it= 12> <et=12.15> <Mt= 0.04> <Spt= 0.04> <nCl= 14> <al=0.74> <DB= 2638.2081> <Mlp= 3081.5063> <PB=10000000> 
<DWph=2> <it= 13> <et=12.25> <Mt= 0.05> <Spt= 0.04> <nCl= 19> <al=0.77> <DB= 2601.0710> <Mlp= 3079.7957> <PB=10000000> 
<DWph=2> <it= 14> <et=12.30> <Mt= 0.01> <Spt= 0.04> <nCl=  4> <al=0.79> <DB= 3003.6643> <Mlp= 3079.4347> <PB=10000000> 
<DWph=2> <it= 15> <et=12.34> <Mt= 0.00> <Spt= 0.04> <nCl=  5> <al=0.81> <DB= 3055.9643> <Mlp= 3079.4347> <PB=10000000> 
<DWph=2> <it= 16> <et=12.38> <Mt= 0.01> <Spt= 0.04> <nCl=  8> <al=0.71> <DB= 3068.8546> <Mlp= 3079.2483> <PB=10000000> 
<DWph=2> <it= 17> <et=12.43> <Mt= 0.00> <Spt= 0.04> <nCl= 18> <al=0.74> <DB= 2540.2716> <Mlp= 3078.7425> <PB=10000000> 
<DWph=2> <it= 18> <et=12.48> <Mt= 0.01> <Spt= 0.05> <nCl=  5> <al=0.77> <DB= 2932.8918> <Mlp= 3078.2068> <PB=10000000> 
<DWph=2> <it= 19> <et=12.53> <Mt= 0.00> <Spt= 0.04> <nCl= 23> <al=0.67> <DB= 1386.6374> <Mlp= 3078.2068> <PB=10000000> 
<DWph=2> <it= 20> <et=12.57> <Mt= 0.01> <Spt= 0.04> <nCl=  9> <al=0.70> <DB= 2603.1202> <Mlp= 3078.0533> <PB=10000000> 
<DWph=2> <it= 21> <et=12.62> <Mt= 0.01> <Spt= 0.03> <nCl=  7> <al=0.73> <DB= 2939.4979> <Mlp= 3076.7718> <PB=10000000> 
<DWph=2> <it= 22> <et=12.66> <Mt= 0.00> <Spt= 0.04> <nCl= 27> <al=0.63> <DB= 1132.4685> <Mlp= 3076.7503> <PB=10000000> 
<DWph=2> <it= 23> <et=12.70> <Mt= 0.00> <Spt= 0.04> <nCl=  6> <al=0.67> <DB= 2929.7407> <Mlp= 3076.7503> <PB=10000000> 
<DWph=2> <it= 24> <et=12.74> <Mt= 0.01> <Spt= 0.03> <nCl=  4> <al=0.70> <DB= 2865.1166> <Mlp= 3076.2346> <PB=10000000> 
<DWph=2> <it= 25> <et=12.78> <Mt= 0.01> <Spt= 0.04> <nCl=  3> <al=0.73> <DB= 2939.2242> <Mlp= 3075.7034> <PB=10000000> 
<DWph=2> <it= 26> <et=12.82> <Mt= 0.00> <Spt= 0.04> <nCl=  1> <al=0.63> <DB= 2957.8891> <Mlp= 3075.7023> <PB=10000000> 
<DWph=2> <it= 27> <et=12.87> <Mt= 0.00> <Spt= 0.04> <nCl=  8> <al=0.53> <DB= 2976.5467> <Mlp= 3075.6858> <PB=10000000> 
<DWph=2> <it= 28> <et=12.92> <Mt= 0.01> <Spt= 0.04> <nCl=  8> <al=0.43> <DB= 2883.8705> <Mlp= 3075.5626> <PB=10000000> 
<DWph=2> <it= 29> <et=12.96> <Mt= 0.00> <Spt= 0.04> <nCl=  4> <al=0.49> <DB= 2984.4505> <Mlp= 3075.4051> <PB=10000000> 
<DWph=2> <it= 30> <et=13.01> <Mt= 0.01> <Spt= 0.04> <nCl= 13> <al=0.39> <DB= 2564.0495> <Mlp= 3075.3037> <PB=10000000> 
<DWph=2> <it= 31> <et=13.05> <Mt= 0.00> <Spt= 0.04> <nCl=  3> <al=0.45> <DB= 3072.1284> <Mlp= 3075.1125> <PB=10000000> 
<DWph=2> <it= 32> <et=13.09> <Mt= 0.01> <Spt= 0.04> <nCl= 25> <al=0.35> <DB= 2158.9346> <Mlp= 3075.0852> <PB=10000000> 
<DWph=2> <it= 33> <et=13.13> <Mt= 0.00> <Spt= 0.03> <nCl=  4> <al=0.41> <DB= 3043.8037> <Mlp= 3074.7464> <PB=10000000> 
<DWph=2> <it= 34> <et=13.17> <Mt= 0.01> <Spt= 0.04> <nCl=  3> <al=0.47> <DB= 3073.5769> <Mlp= 3074.7216> <PB=10000000> 
<DWph=2> <it= 35> <et=13.21> <Mt= 0.00> <Spt= 0.03> <nCl=  6> <al=0.53> <DB= 2920.9783> <Mlp= 3074.7160> <PB=10000000> 
<DWph=2> <it= 36> <et=13.25> <Mt= 0.00> <Spt= 0.04> <nCl=  4> <al=0.57> <DB= 2787.7778> <Mlp= 3074.5549> <PB=10000000> 
<DWph=2> <it= 37> <et=13.32> <Mt= 0.00> <Spt= 0.07> <nCl=  8> <al=0.23> <DB= 2871.3719> <Mlp= 3074.5549> <PB=10000000> 
<DWph=2> <it= 38> <et=13.40> <Mt= 0.01> <Spt= 0.07> <nCl=  4> <al=0.03> <DB= 2982.7469> <Mlp= 3074.5365> <PB=10000000> 
<DWph=2> <it= 39> <et=13.44> <Mt= 0.00> <Spt= 0.04> <nCl=  3> <al=0.42> <DB= 2851.5890> <Mlp= 3074.5365> <PB=10000000> 
<DWph=2> <it= 40> <et=13.48> <Mt= 0.00> <Spt= 0.03> <nCl=  3> <al=0.47> <DB= 2876.4466> <Mlp= 3074.5259> <PB=10000000> 
<DWph=2> <it= 41> <et=13.55> <Mt= 0.01> <Spt= 0.08> <nCl=  4> <al=0.05> <DB= 2975.6945> <Mlp= 3074.4905> <PB=10000000> 
<DWph=2> <it= 42> <et=13.62> <Mt= 0.00> <Spt= 0.06> <nCl=  9> <al=0.00> <DB= 2943.8617> <Mlp= 3074.4826> <PB=10000000> 
<DWph=2> <it= 43> <et=13.69> <Mt= 0.00> <Spt= 0.07> <nCl=  5> <al=0.00> <DB= 3074.4677> <Mlp= 3074.4677> <PB=10000000> 
<DWph=1> <it= 44> <et=13.78> <Mt= 0.00> <Spt= 0.09> <nCl= 16> <al=0.23> <DB= 2628.6890> <Mlp= 3074.4677> <PB=10000000> 
<DWph=1> <it= 45> <et=13.88> <Mt= 0.01> <Spt= 0.08> <nCl= 11> <al=0.30> <DB= 2710.8793> <Mlp= 3074.3637> <PB=10000000> 
<DWph=1> <it= 46> <et=13.97> <Mt= 0.01> <Spt= 0.09> <nCl= 21> <al=0.37> <DB= 2238.7044> <Mlp= 3074.2684> <PB=10000000> 
<DWph=1> <it= 47> <et=14.07> <Mt= 0.00> <Spt= 0.10> <nCl=  3> <al=0.44> <DB= 2915.7201> <Mlp= 3074.2684> <PB=10000000> 
<DWph=1> <it= 48> <et=14.16> <Mt= 0.00> <Spt= 0.09> <nCl= 10> <al=0.34> <DB= 2771.3054> <Mlp= 3074.2681> <PB=10000000> 
<DWph=1> <it= 49> <et=14.35> <Mt= 0.01> <Spt= 0.18> <nCl= 11> <al=0.00> <DB= 2613.2786> <Mlp= 3074.2561> <PB=10000000> 
<DWph=1> <it= 50> <et=14.44> <Mt= 0.00> <Spt= 0.09> <nCl=  5> <al=0.30> <DB= 2850.5098> <Mlp= 3074.2561> <PB=10000000> 
<DWph=1> <it= 51> <et=14.63> <Mt= 0.00> <Spt= 0.18> <nCl=  4> <al=0.00> <DB= 3012.2578> <Mlp= 3074.2561> <PB=10000000> 
<DWph=1> <it= 52> <et=14.72> <Mt= 0.01> <Spt= 0.09> <nCl=  4> <al=0.27> <DB= 2912.7497> <Mlp= 3074.2503> <PB=10000000> 
<DWph=1> <it= 53> <et=14.82> <Mt= 0.00> <Spt= 0.10> <nCl=  3> <al=0.35> <DB= 3049.2676> <Mlp= 3074.2503> <PB=10000000> 
<DWph=1> <it= 54> <et=15.02> <Mt= 0.00> <Spt= 0.20> <nCl=  5> <al=0.00> <DB= 3053.0196> <Mlp= 3074.2495> <PB=10000000> 
<DWph=1> <it= 55> <et=15.21> <Mt= 0.01> <Spt= 0.18> <nCl=  1> <al=0.00> <DB= 3074.2495> <Mlp= 3074.2495> <PB=10000000> 
    RCSP exact solver info for graph G_0 : TT = 0.291131, pt = 0.000572, dt = 0.275654, ct = 0.013859, ndl = 32882', bdl = 2730739', odl = 38026', odf = 532303', bsi = 2015', cnt = 339955', bdch = 26477765', odch = 2026783', lcp = 627018', #sols = 150
<DWph=0> <it= 56> <et=15.52> <Mt= 0.00> <Spt= 0.31> <nCl=145> <al=0.21> <DB= 2247.5460> <Mlp= 3074.2495> <PB=10000000> 
    RCSP exact solver info for graph G_0 : TT = 0.194796, pt = 0.000765, dt = 0.178512, ct = 0.014397, ndl = 32257', bdl = 2677201', odl = 37189', odf = 513793', bsi = 2052', cnt = 304006', bdch = 25690892', odch = 1786703', lcp = 587366', #sols = 150
<DWph=0> <it= 57> <et=15.74> <Mt= 0.00> <Spt= 0.21> <nCl=150> <al=0.11> <DB= 2309.6843> <Mlp= 3074.0090> <PB=10000000> 
    RCSP exact solver info for graph G_0 : TT = 0.194357, pt = 0.0007, dt = 0.178523, ct = 0.014027, ndl = 32306', bdl = 2678720', odl = 36864', odf = 518263', bsi = 2006', cnt = 315858', bdch = 25505612', odch = 1845360', lcp = 594356', #sols = 150
<DWph=0> <it= 58> <et=15.95> <Mt= 0.01> <Spt= 0.20> <nCl= 39> <al=0.20> <DB= 2883.7800> <Mlp= 3073.9529> <PB=10000000> 
    RCSP exact solver info for graph G_0 : TT = 0.202513, pt = 0.00066, dt = 0.185275, ct = 0.015364, ndl = 32861', bdl = 2715428', odl = 37105', odf = 527351', bsi = 1986', cnt = 330148', bdch = 26189202', odch = 1935034', lcp = 615933', #sols = 150
<DWph=0> <it= 59> <et=16.16> <Mt= 0.00> <Spt= 0.21> <nCl= 24> <al=0.28> <DB= 3020.7711> <Mlp= 3073.9466> <PB=10000000> 
    RCSP exact solver info for graph G_0 : TT = 0.199308, pt = 0.000702, dt = 0.182975, ct = 0.014441, ndl = 32542', bdl = 2689120', odl = 36965', odf = 523901', bsi = 1990', cnt = 330696', bdch = 25730450', odch = 1906274', lcp = 606316', #sols = 150
    RCSP exact solver info for graph G_0 : TT = 0.193237, pt = 0.000564, dt = 0.17691, ct = 0.014533, ndl = 32384', bdl = 2682920', odl = 36986', odf = 521184', bsi = 1961', cnt = 323669', bdch = 25576959', odch = 1900978', lcp = 604793', #sols = 150
<DWph=0> <it= 60> <et=16.57> <Mt= 0.01> <Spt= 0.41> <nCl= 20> <al=0.00> <DB= 3073.9466> <Mlp= 3073.9466> <PB=10000000> 
RCSP solver dynamic params and stats :  bidir.bord. = 375 aver.obdmd = 98.3607 aver.buck.num. = 101 nbR1C = 18 with avMem = 10.1667
@@ 1 4 3073.95 0.210745 0.289513 92.389 16.57
    Full reduced cost fixing is not called (gap ratio is 0.999997)
ColGenEvalAlg final dual bound: 3073.95 (rounded: 3074)
False gap improvement since the last cut separation : 0.0763698 (3050.65)
Current active cuts : CAP(6,147.738) R1C(7+11,105.949) 1rowPackR1C(7) 3rowPackR1C(11)
In total 1 RCC cut(s) are found by the connected components heuristic 
Shrinking heuristic shrunk 42 edges
In total 7 RCC cut(s) are found by the Fractional capacity min-cut heuristic 
In total 21 RCC cut(s) are found by the greedy construction heuristic 
In total 2 RCC cut(s) are found by the global pool greedy search heuristic 
12 Rank-1 1-rows pack. cuts added ,  max viol. = 0.244923, aver. viol. = 0.0697751
150 Rank-1 3-rows pack. cuts added ,  max viol. = 0.464268, aver. viol. = 0.34641
----- Add fac. cuts : CAP(31) R1C(162), max.viol = 0.464268, aver.viol = 0.286884, sep/add took 0.0256351/0.352384 sec. -----
7054 columns (7054 active), 368 dyn. constrs. (217 active), 646 art. vars. (459 active)
<DWph=2> <it=  1> <et=17.06> <Mt= 0.04> <Spt= 0.04> <nCl=  6> <al=0.50> <DB= 3034.1788> <Mlp= 3083.8392> <PB=10000000> 
<DWph=2> <it=  2> <et=17.10> <Mt= 0.00> <Spt= 0.04> <nCl=  5> <al=0.55> <DB= 3025.1460> <Mlp= 3083.7967> <PB=10000000> 
<DWph=2> <it=  3> <et=17.15> <Mt= 0.01> <Spt= 0.04> <nCl=  4> <al=0.60> <DB= 2951.7371> <Mlp= 3083.6989> <PB=10000000> 
<DWph=2> <it=  4> <et=17.20> <Mt= 0.01> <Spt= 0.05> <nCl=  3> <al=0.64> <DB= 2871.4100> <Mlp= 3083.1107> <PB=10000000> 
<DWph=2> <it=  5> <et=17.29> <Mt= 0.00> <Spt= 0.08> <nCl= 14> <al=0.34> <DB= 2703.9468> <Mlp= 3083.1107> <PB=10000000> 
<DWph=2> <it=  6> <et=17.35> <Mt= 0.02> <Spt= 0.04> <nCl=  5> <al=0.57> <DB= 3069.2204> <Mlp= 3082.6737> <PB=10000000> 
<DWph=2> <it=  7> <et=17.40> <Mt= 0.00> <Spt= 0.04> <nCl=  3> <al=0.61> <DB= 2956.4401> <Mlp= 3082.4631> <PB=10000000> 
<DWph=2> <it=  8> <et=17.48> <Mt= 0.01> <Spt= 0.08> <nCl= 15> <al=0.31> <DB= 2762.6411> <Mlp= 3082.4605> <PB=10000000> 
<DWph=2> <it=  9> <et=17.55> <Mt= 0.01> <Spt= 0.06> <nCl=  9> <al=0.55> <DB= 2841.3057> <Mlp= 3082.2551> <PB=10000000> 
<DWph=2> <it= 10> <et=17.61> <Mt= 0.00> <Spt= 0.06> <nCl=  3> <al=0.60> <DB= 3080.2085> <Mlp= 3082.2104> <PB=10000000> 
<DWph=2> <it= 11> <et=17.67> <Mt= 0.01> <Spt= 0.05> <nCl= 10> <al=0.50> <DB= 2873.2256> <Mlp= 3082.1930> <PB=10000000> 
<DWph=2> <it= 12> <et=17.71> <Mt= 0.00> <Spt= 0.04> <nCl=  5> <al=0.55> <DB= 2984.7861> <Mlp= 3082.1692> <PB=10000000> 
<DWph=2> <it= 13> <et=17.77> <Mt= 0.01> <Spt= 0.05> <nCl=  3> <al=0.45> <DB= 3045.8859> <Mlp= 3082.1487> <PB=10000000> 
<DWph=2> <it= 14> <et=17.88> <Mt= 0.00> <Spt= 0.11> <nCl= 19> <al=0.01> <DB= 2485.3251> <Mlp= 3082.1487> <PB=10000000> 
<DWph=2> <it= 15> <et=17.94> <Mt= 0.00> <Spt= 0.05> <nCl=  9> <al=0.40> <DB= 2829.7576> <Mlp= 3082.1487> <PB=10000000> 
<DWph=2> <it= 16> <et=17.99> <Mt= 0.01> <Spt= 0.05> <nCl=  2> <al=0.46> <DB= 2869.1551> <Mlp= 3082.1487> <PB=10000000> 
<DWph=2> <it= 17> <et=18.10> <Mt= 0.00> <Spt= 0.11> <nCl=  4> <al=0.03> <DB= 3069.9016> <Mlp= 3082.1487> <PB=10000000> 
<DWph=2> <it= 18> <et=18.19> <Mt= 0.01> <Spt= 0.08> <nCl=  6> <al=0.00> <DB= 3021.6471> <Mlp= 3082.1462> <PB=10000000> 
<DWph=2> <it= 19> <et=18.24> <Mt= 0.00> <Spt= 0.04> <nCl=  3> <al=0.32> <DB= 3042.4905> <Mlp= 3082.1433> <PB=10000000> 
<DWph=2> <it= 20> <et=18.32> <Mt= 0.00> <Spt= 0.09> <nCl=  1> <al=0.00> <DB= 3082.1433> <Mlp= 3082.1433> <PB=10000000> 
<DWph=1> <it= 21> <et=18.43> <Mt= 0.00> <Spt= 0.10> <nCl= 18> <al=0.12> <DB= 2722.2445> <Mlp= 3082.1433> <PB=10000000> 
<DWph=1> <it= 22> <et=18.54> <Mt= 0.01> <Spt= 0.10> <nCl= 18> <al=0.02> <DB= 2694.0287> <Mlp= 3082.0136> <PB=10000000> 
<DWph=1> <it= 23> <et=18.64> <Mt= 0.01> <Spt= 0.10> <nCl=  6> <al=0.12> <DB= 2726.4822> <Mlp= 3082.0104> <PB=10000000> 
<DWph=1> <it= 24> <et=18.74> <Mt= 0.00> <Spt= 0.09> <nCl=  1> <al=0.20> <DB= 2995.2305> <Mlp= 3081.9326> <PB=10000000> 
<DWph=1> <it= 25> <et=18.85> <Mt= 0.00> <Spt= 0.11> <nCl=  2> <al=0.28> <DB= 2969.1225> <Mlp= 3081.9326> <PB=10000000> 
<DWph=1> <it= 26> <et=19.05> <Mt= 0.01> <Spt= 0.20> <nCl=  6> <al=0.00> <DB= 2841.9322> <Mlp= 3081.9322> <PB=10000000> 
<DWph=1> <it= 27> <et=19.15> <Mt= 0.00> <Spt= 0.10> <nCl=  9> <al=0.25> <DB= 2879.1097> <Mlp= 3081.8613> <PB=10000000> 
<DWph=1> <it= 28> <et=19.25> <Mt= 0.01> <Spt= 0.09> <nCl=  6> <al=0.33> <DB= 2846.0006> <Mlp= 3081.8433> <PB=10000000> 
<DWph=1> <it= 29> <et=19.36> <Mt= 0.00> <Spt= 0.10> <nCl=  9> <al=0.40> <DB= 2991.2880> <Mlp= 3081.7097> <PB=10000000> 
<DWph=1> <it= 30> <et=19.57> <Mt= 0.01> <Spt= 0.20> <nCl=  5> <al=0.00> <DB= 2985.0041> <Mlp= 3081.6837> <PB=10000000> 
<DWph=1> <it= 31> <et=19.77> <Mt= 0.00> <Spt= 0.20> <nCl=  1> <al=0.00> <DB= 3081.6591> <Mlp= 3081.6591> <PB=10000000> 
    RCSP exact solver info for graph G_0 : TT = 0.247176, pt = 0.000745, dt = 0.228105, ct = 0.01722, ndl = 36167', bdl = 2996825', odl = 40104', odf = 573241', bsi = 2161', cnt = 453526', bdch = 31322311', odch = 2292419', lcp = 684483', #sols = 150
<DWph=0> <it= 32> <et=20.04> <Mt= 0.01> <Spt= 0.26> <nCl=150> <al=0.26> <DB= 2507.7074> <Mlp= 3081.6591> <PB=10000000> 
    RCSP exact solver info for graph G_0 : TT = 0.246795, pt = 0.001179, dt = 0.228127, ct = 0.016322, ndl = 35655', bdl = 2971331', odl = 40816', odf = 578190', bsi = 2056', cnt = 396308', bdch = 30772102', odch = 2165938', lcp = 671639', #sols = 150
<DWph=0> <it= 33> <et=20.32> <Mt= 0.01> <Spt= 0.26> <nCl= 96> <al=0.16> <DB= 2388.6240> <Mlp= 3080.9649> <PB=10000000> 
    RCSP exact solver info for graph G_0 : TT = 0.228412, pt = 0.000991, dt = 0.210809, ct = 0.0155, ndl = 34848', bdl = 2891763', odl = 40241', odf = 565553', bsi = 2088', cnt = 367615', bdch = 29456783', odch = 2099438', lcp = 648967', #sols = 150
<DWph=0> <it= 34> <et=20.56> <Mt= 0.01> <Spt= 0.24> <nCl= 30> <al=0.24> <DB= 2942.7109> <Mlp= 3080.9207> <PB=10000000> 
    RCSP exact solver info for graph G_0 : TT = 0.23072, pt = 0.001002, dt = 0.213912, ct = 0.014607, ndl = 35343', bdl = 2928925', odl = 40125', odf = 574887', bsi = 1976', cnt = 367171', bdch = 30130546', odch = 2141365', lcp = 653568', #sols = 150
<DWph=0> <it= 35> <et=20.80> <Mt= 0.00> <Spt= 0.24> <nCl= 35> <al=0.14> <DB= 2837.6848> <Mlp= 3080.9207> <PB=10000000> 
    RCSP exact solver info for graph G_0 : TT = 0.228919, pt = 0.001056, dt = 0.211777, ct = 0.014918, ndl = 35270', bdl = 2923289', odl = 40255', odf = 572188', bsi = 2054', cnt = 355974', bdch = 30043364', odch = 2124346', lcp = 651661', #sols = 150
    RCSP exact solver info for graph G_0 : TT = 0.227022, pt = 0.00086, dt = 0.208701, ct = 0.016306, ndl = 35152', bdl = 2916341', odl = 40197', odf = 571789', bsi = 2027', cnt = 351545', bdch = 29902438', odch = 2131402', lcp = 652199', #sols = 150
<DWph=0> <it= 36> <et=21.28> <Mt= 0.01> <Spt= 0.47> <nCl= 33> <al=0.00> <DB= 3076.5263> <Mlp= 3080.9207> <PB=10000000> 
    RCSP exact solver info for graph G_0 : TT = 0.21921, pt = 0.000864, dt = 0.202372, ct = 0.014773, ndl = 35156', bdl = 2917098', odl = 40206', odf = 571832', bsi = 2022', cnt = 355026', bdch = 29910284', odch = 2133503', lcp = 651241', #sols = 150
    RCSP exact solver info for graph G_0 : TT = 0.215498, pt = 0.000764, dt = 0.198608, ct = 0.014817, ndl = 35095', bdl = 2912591', odl = 40180', odf = 571200', bsi = 2034', cnt = 351824', bdch = 29830192', odch = 2125579', lcp = 650549', #sols = 150
<DWph=0> <it= 37> <et=21.73> <Mt= 0.00> <Spt= 0.45> <nCl= 10> <al=0.00> <DB= 3080.9207> <Mlp= 3080.9207> <PB=10000000> 
RCSP solver dynamic params and stats :  bidir.bord. = 375 aver.obdmd = 98.3607 aver.buck.num. = 101 nbR1C = 30 with avMem = 11.0667
@@ 1 5 3080.92 0.228359 0.245325 92.389 21.73
    Full reduced cost fixing is not called (gap ratio is 0.999996)
ColGenEvalAlg final dual bound: 3080.92 (rounded: 3081)
False gap improvement since the last cut separation : 0.0226878 (3073.95)
Current active cuts : CAP(6,160.023) R1C(9+21,126.066) 1rowPackR1C(9) 3rowPackR1C(21)
Shrinking heuristic shrunk 38 edges
In total 2 RCC cut(s) are found by the Fractional capacity min-cut heuristic 
In total 2 RCC cut(s) are found by the greedy construction heuristic 
In total 2 RCC cut(s) are found by the global pool greedy search heuristic 
8 Rank-1 1-rows pack. cuts added ,  max viol. = 0.089236, aver. viol. = 0.0759469
150 Rank-1 3-rows pack. cuts added ,  max viol. = 0.377011, aver. viol. = 0.226983
----- Add fac. cuts : CAP(6) R1C(158), max.viol = 0.377011, aver.viol = 0.215897, sep/add took 0.0317336/0.296002 sec. -----
7618 columns (7618 active), 384 dyn. constrs. (203 active), 810 art. vars. (445 active)
<DWph=2> <it=  1> <et=22.21> <Mt= 0.06> <Spt= 0.05> <nCl= 25> <al=0.50> <DB= 2790.4253> <Mlp= 3092.0601> <PB=10000000> 
<DWph=2> <it=  2> <et=22.27> <Mt= 0.02> <Spt= 0.05> <nCl=  5> <al=0.55> <DB= 2957.5060> <Mlp= 3090.5114> <PB=10000000> 
<DWph=2> <it=  3> <et=22.33> <Mt= 0.01> <Spt= 0.04> <nCl=  4> <al=0.60> <DB= 2897.8502> <Mlp= 3090.0184> <PB=10000000> 
<DWph=2> <it=  4> <et=22.45> <Mt= 0.01> <Spt= 0.11> <nCl= 16> <al=0.27> <DB= 2579.9774> <Mlp= 3089.5799> <PB=10000000> 
<DWph=2> <it=  5> <et=22.53> <Mt= 0.02> <Spt= 0.06> <nCl=  7> <al=0.54> <DB= 3004.1832> <Mlp= 3088.8455> <PB=10000000> 
<DWph=2> <it=  6> <et=22.65> <Mt= 0.00> <Spt= 0.12> <nCl= 22> <al=0.16> <DB= 2328.5517> <Mlp= 3088.8378> <PB=10000000> 
<DWph=2> <it=  7> <et=22.72> <Mt= 0.02> <Spt= 0.05> <nCl= 14> <al=0.48> <DB= 2849.4013> <Mlp= 3088.3775> <PB=10000000> 
<DWph=2> <it=  8> <et=22.78> <Mt= 0.01> <Spt= 0.05> <nCl=  1> <al=0.53> <DB= 3087.0103> <Mlp= 3088.0900> <PB=10000000> 
<DWph=2> <it=  9> <et=22.84> <Mt= 0.00> <Spt= 0.06> <nCl= 11> <al=0.43> <DB= 2720.7443> <Mlp= 3088.0900> <PB=10000000> 
<DWph=2> <it= 10> <et=22.90> <Mt= 0.01> <Spt= 0.06> <nCl=  4> <al=0.49> <DB= 2968.2741> <Mlp= 3088.0730> <PB=10000000> 
<DWph=2> <it= 11> <et=22.96> <Mt= 0.00> <Spt= 0.05> <nCl=  5> <al=0.39> <DB= 2992.6975> <Mlp= 3088.0624> <PB=10000000> 
<DWph=2> <it= 12> <et=23.02> <Mt= 0.01> <Spt= 0.06> <nCl=  4> <al=0.29> <DB= 2898.5875> <Mlp= 3088.0296> <PB=10000000> 
<DWph=2> <it= 13> <et=23.14> <Mt= 0.00> <Spt= 0.10> <nCl= 13> <al=0.00> <DB= 2792.3466> <Mlp= 3088.0072> <PB=10000000> 
<DWph=2> <it= 14> <et=23.20> <Mt= 0.01> <Spt= 0.06> <nCl=  6> <al=0.26> <DB= 2579.3915> <Mlp= 3087.8583> <PB=10000000> 
<DWph=2> <it= 15> <et=23.26> <Mt= 0.01> <Spt= 0.05> <nCl=  8> <al=0.34> <DB= 2881.2180> <Mlp= 3087.7635> <PB=10000000> 
<DWph=2> <it= 16> <et=23.32> <Mt= 0.01> <Spt= 0.06> <nCl=  5> <al=0.40> <DB= 2969.5459> <Mlp= 3087.7104> <PB=10000000> 
<DWph=2> <it= 17> <et=23.38> <Mt= 0.00> <Spt= 0.05> <nCl=  6> <al=0.46> <DB= 2975.1254> <Mlp= 3087.7024> <PB=10000000> 
<DWph=2> <it= 18> <et=23.44> <Mt= 0.00> <Spt= 0.05> <nCl=  1> <al=0.36> <DB= 2975.5967> <Mlp= 3087.7017> <PB=10000000> 
<DWph=2> <it= 19> <et=23.55> <Mt= 0.01> <Spt= 0.11> <nCl=  9> <al=0.00> <DB= 2833.0524> <Mlp= 3087.7017> <PB=10000000> 
<DWph=2> <it= 20> <et=23.66> <Mt= 0.00> <Spt= 0.11> <nCl=  2> <al=0.00> <DB= 3087.7017> <Mlp= 3087.7017> <PB=10000000> 
<DWph=1> <it= 21> <et=23.77> <Mt= 0.00> <Spt= 0.11> <nCl= 15> <al=0.23> <DB= 2671.0437> <Mlp= 3087.7017> <PB=10000000> 
<DWph=1> <it= 22> <et=23.90> <Mt= 0.02> <Spt= 0.11> <nCl= 12> <al=0.30> <DB= 2856.6717> <Mlp= 3087.4086> <PB=10000000> 
<DWph=1> <it= 23> <et=24.02> <Mt= 0.00> <Spt= 0.12> <nCl=  6> <al=0.37> <DB= 2860.1180> <Mlp= 3087.3777> <PB=10000000> 
<DWph=1> <it= 24> <et=24.15> <Mt= 0.01> <Spt= 0.12> <nCl=  4> <al=0.44> <DB= 2988.4530> <Mlp= 3087.3770> <PB=10000000> 
<DWph=1> <it= 25> <et=24.27> <Mt= 0.00> <Spt= 0.11> <nCl=  1> <al=0.34> <DB= 2935.8461> <Mlp= 3087.3734> <PB=10000000> 
<DWph=1> <it= 26> <et=24.39> <Mt= 0.01> <Spt= 0.11> <nCl=  1> <al=0.24> <DB= 3064.0956> <Mlp= 3087.3699> <PB=10000000> 
<DWph=1> <it= 27> <et=24.50> <Mt= 0.00> <Spt= 0.11> <nCl=  3> <al=0.14> <DB= 2700.7368> <Mlp= 3087.3699> <PB=10000000> 
<DWph=1> <it= 28> <et=24.73> <Mt= 0.01> <Spt= 0.23> <nCl=  3> <al=0.00> <DB= 3084.8258> <Mlp= 3087.3699> <PB=10000000> 
<DWph=1> <it= 29> <et=24.96> <Mt= 0.00> <Spt= 0.22> <nCl=  2> <al=0.00> <DB= 3087.3699> <Mlp= 3087.3699> <PB=10000000> 
    RCSP exact solver info for graph G_0 : TT = 0.350611, pt = 0.00111, dt = 0.327205, ct = 0.021147, ndl = 47999', bdl = 3965197', odl = 46038', odf = 714712', bsi = 2070', cnt = 552024', bdch = 49928047', odch = 4484279', lcp = 1285007', #sols = 150
<DWph=0> <it= 30> <et=25.33> <Mt= 0.00> <Spt= 0.38> <nCl=138> <al=0.02> <DB= 2505.6198> <Mlp= 3087.3699> <PB=10000000> 
    RCSP exact solver info for graph G_0 : TT = 0.346993, pt = 0.001756, dt = 0.319327, ct = 0.024756, ndl = 46673', bdl = 3840705', odl = 44091', odf = 698052', bsi = 2067', cnt = 557671', bdch = 47303242', odch = 3989083', lcp = 1149542', #sols = 150
<DWph=0> <it= 31> <et=25.71> <Mt= 0.02> <Spt= 0.36> <nCl= 73> <al=0.12> <DB= 2847.8611> <Mlp= 3086.7352> <PB=10000000> 
    RCSP exact solver info for graph G_0 : TT = 0.348259, pt = 0.001505, dt = 0.323807, ct = 0.021446, ndl = 45786', bdl = 3780378', odl = 44144', odf = 683209', bsi = 2015', cnt = 472998', bdch = 45981556', odch = 3714531', lcp = 1083548', #sols = 150
<DWph=0> <it= 32> <et=26.07> <Mt= 0.00> <Spt= 0.36> <nCl= 24> <al=0.21> <DB= 3031.2065> <Mlp= 3086.6667> <PB=10000000> 
    RCSP exact solver info for graph G_0 : TT = 0.346841, pt = 0.001636, dt = 0.321385, ct = 0.022473, ndl = 45660', bdl = 3759750', odl = 44030', odf = 683272', bsi = 2008', cnt = 461871', bdch = 45762857', odch = 3679511', lcp = 1072852', #sols = 150
<DWph=0> <it= 33> <et=26.43> <Mt= 0.01> <Spt= 0.35> <nCl= 19> <al=0.29> <DB= 3070.7539> <Mlp= 3086.6622> <PB=10000000> 
    RCSP exact solver info for graph G_0 : TT = 0.339666, pt = 0.001618, dt = 0.315007, ct = 0.021569, ndl = 45582', bdl = 3752422', odl = 43873', odf = 680521', bsi = 2016', cnt = 454569', bdch = 45559427', odch = 3644121', lcp = 1065600', #sols = 150
    RCSP exact solver info for graph G_0 : TT = 0.32083, pt = 0.001285, dt = 0.298298, ct = 0.020053, ndl = 45002', bdl = 3716439', odl = 43714', odf = 670614', bsi = 2041', cnt = 444233', bdch = 44498450', odch = 3587946', lcp = 1052150', #sols = 150
<DWph=0> <it= 34> <et=27.11> <Mt= 0.00> <Spt= 0.68> <nCl= 34> <al=0.00> <DB= 3086.6613> <Mlp= 3086.6613> <PB=10000000> 
RCSP solver dynamic params and stats :  bidir.bord. = 375 aver.obdmd = 98.3607 aver.buck.num. = 101 nbR1C = 51 with avMem = 11.5686
@@ 1 6 3086.66 0.339412 0.348352 92.389 27.11
    Full reduced cost fixing is not called (gap ratio is 0.999996)
ColGenEvalAlg final dual bound: 3086.66 (rounded: 3087)
False gap improvement since the last cut separation : 0.0186328 (3080.92)
Current active cuts : CAP(6,117.456) R1C(12+39,161.878) 1rowPackR1C(12) 3rowPackR1C(39)
Shrinking heuristic shrunk 28 edges
In total 1 RCC cut(s) are found by the Fractional capacity min-cut heuristic 
5 Rank-1 1-rows pack. cuts added ,  max viol. = 0.160552, aver. viol. = 0.0602338
150 Rank-1 3-rows pack. cuts added ,  max viol. = 0.271717, aver. viol. = 0.157689
----- Add fac. cuts : CAP(1) R1C(155), max.viol = 0.326787, aver.viol = 0.156961, sep/add took 0.0487427/0.314811 sec. -----
8121 columns (8121 active), 362 dyn. constrs. (213 active), 966 art. vars. (455 active)
<DWph=2> <it=  1> <et=27.64> <Mt= 0.05> <Spt= 0.06> <nCl= 12> <al=0.50> <DB= 3030.6950> <Mlp= 3090.0097> <PB=10000000> 
<DWph=2> <it=  2> <et=27.76> <Mt= 0.00> <Spt= 0.11> <nCl= 12> <al=0.10> <DB= 2950.0935> <Mlp= 3089.9241> <PB=10000000> 
<DWph=2> <it=  3> <et=27.82> <Mt= 0.01> <Spt= 0.05> <nCl=  2> <al=0.45> <DB= 3052.0403> <Mlp= 3089.8756> <PB=10000000> 
<DWph=2> <it=  4> <et=27.89> <Mt= 0.01> <Spt= 0.06> <nCl=  3> <al=0.51> <DB= 2980.6512> <Mlp= 3089.7983> <PB=10000000> 
<DWph=2> <it=  5> <et=27.95> <Mt= 0.01> <Spt= 0.06> <nCl=  7> <al=0.55> <DB= 3088.8575> <Mlp= 3089.7634> <PB=10000000> 
<DWph=2> <it=  6> <et=28.01> <Mt= 0.00> <Spt= 0.06> <nCl=  5> <al=0.45> <DB= 3089.3477> <Mlp= 3089.7562> <PB=10000000> 
<DWph=2> <it=  7> <et=28.08> <Mt= 0.00> <Spt= 0.06> <nCl=  5> <al=0.35> <DB= 3061.8629> <Mlp= 3089.7559> <PB=10000000> 
<DWph=2> <it=  8> <et=28.14> <Mt= 0.01> <Spt= 0.05> <nCl=  3> <al=0.42> <DB= 2856.3252> <Mlp= 3089.7518> <PB=10000000> 
<DWph=2> <it=  9> <et=28.27> <Mt= 0.01> <Spt= 0.12> <nCl=  7> <al=0.00> <DB= 3071.5827> <Mlp= 3089.6995> <PB=10000000> 
<DWph=2> <it= 10> <et=28.41> <Mt= 0.00> <Spt= 0.14> <nCl=  4> <al=0.00> <DB= 3089.6960> <Mlp= 3089.6960> <PB=10000000> 
<DWph=1> <it= 11> <et=28.55> <Mt= 0.00> <Spt= 0.13> <nCl=  9> <al=0.28> <DB= 2969.6960> <Mlp= 3089.6960> <PB=10000000> 
<DWph=1> <it= 12> <et=28.69> <Mt= 0.01> <Spt= 0.14> <nCl=  2> <al=0.35> <DB= 3047.7335> <Mlp= 3089.6487> <PB=10000000> 
<DWph=1> <it= 13> <et=28.82> <Mt= 0.00> <Spt= 0.13> <nCl=  1> <al=0.25> <DB= 3077.7766> <Mlp= 3089.6484> <PB=10000000> 
<DWph=1> <it= 14> <et=29.09> <Mt= 0.01> <Spt= 0.26> <nCl=  3> <al=0.00> <DB= 3077.0167> <Mlp= 3089.6481> <PB=10000000> 
<DWph=1> <it= 15> <et=29.35> <Mt= 0.00> <Spt= 0.26> <nCl=  2> <al=0.00> <DB= 3089.6481> <Mlp= 3089.6481> <PB=10000000> 
    RCSP exact solver info for graph G_0 : TT = 0.4215, pt = 0.001696, dt = 0.392565, ct = 0.025918, ndl = 52245', bdl = 4260319', odl = 48422', odf = 775985', bsi = 2179', cnt = 642447', bdch = 58014203', odch = 5094296', lcp = 1433457', #sols = 150
<DWph=0> <it= 16> <et=29.79> <Mt= 0.00> <Spt= 0.44> <nCl= 74> <al=0.12> <DB= 2898.6358> <Mlp= 3089.6481> <PB=10000000> 
    RCSP exact solver info for graph G_0 : TT = 0.415447, pt = 0.00197, dt = 0.381512, ct = 0.030305, ndl = 52133', bdl = 4254352', odl = 47750', odf = 774767', bsi = 2132', cnt = 651679', bdch = 57833274', odch = 5047260', lcp = 1386984', #sols = 150
<DWph=0> <it= 17> <et=30.22> <Mt= 0.01> <Spt= 0.42> <nCl= 30> <al=0.02> <DB= 2986.0944> <Mlp= 3089.5817> <PB=10000000> 
    RCSP exact solver info for graph G_0 : TT = 0.40732, pt = 0.001984, dt = 0.378605, ct = 0.025311, ndl = 52306', bdl = 4270068', odl = 47913', odf = 777791', bsi = 2162', cnt = 643265', bdch = 58233667', odch = 5038320', lcp = 1400602', #sols = 150
    RCSP exact solver info for graph G_0 : TT = 0.405221, pt = 0.001773, dt = 0.375561, ct = 0.026522, ndl = 52154', bdl = 4261129', odl = 47905', odf = 773716', bsi = 2129', cnt = 638860', bdch = 58068320', odch = 5014522', lcp = 1402472', #sols = 150
<DWph=0> <it= 18> <et=31.06> <Mt= 0.00> <Spt= 0.83> <nCl= 29> <al=0.00> <DB= 3089.5786> <Mlp= 3089.5786> <PB=10000000> 
RCSP solver dynamic params and stats :  bidir.bord. = 375 aver.obdmd = 98.3607 aver.buck.num. = 101 nbR1C = 71 with avMem = 12.0141
@@ 1 7 3089.58 0.409075 0.418483 92.389 31.06
    Full reduced cost fixing is not called (gap ratio is 0.999996)
ColGenEvalAlg final dual bound: 3089.58 (rounded: 3090)
False gap improvement since the last cut separation : 0.00945123 (3086.66)
Separator R1C not in maximum phase
Cut generation tailing off counter increased to 0
Current active cuts : CAP(5,84.0238) R1C(14+57,190.063) 1rowPackR1C(14) 3rowPackR1C(57)
Shrinking heuristic shrunk 27 edges
13 Rank-1 1-rows pack. cuts added ,  max viol. = 0.0554169, aver. viol. = 0.0323038
150 Rank-1 3-rows pack. cuts added ,  max viol. = 0.197393, aver. viol. = 0.143463
Building structures for heuristic rank-1 packing cut separation...done!
100 Rank-1 4-rows pack. cuts added ,  max viol. = 0.224113, aver. viol. = 0.173411
----- Add fac. cuts : R1C(263), max.viol = 0.281667, aver.viol = 0.161453, sep/add took 0.0999/0.571852 sec. -----
8331 columns (8331 active), 481 dyn. constrs. (339 active), 1229 art. vars. (581 active)
<DWph=2> <it=  1> <et=31.92> <Mt= 0.08> <Spt= 0.07> <nCl= 10> <al=0.50> <DB= 2921.3803> <Mlp= 3092.9941> <PB=10000000> 
<DWph=2> <it=  2> <et=32.18> <Mt= 0.17> <Spt= 0.08> <nCl= 30> <al=0.55> <DB=-28946.9944> <Mlp= 3092.7590> <PB=10000000> 
<DWph=2> <it=  3> <et=32.27> <Mt= 0.01> <Spt= 0.09> <nCl= 30> <al=0.60> <DB= 1830.1331> <Mlp= 3092.7590> <PB=10000000> 
<DWph=2> <it=  4> <et=32.36> <Mt= 0.02> <Spt= 0.08> <nCl=  7> <al=0.64> <DB= 3090.7379> <Mlp= 3092.7590> <PB=10000000> 
<DWph=2> <it=  5> <et=32.45> <Mt= 0.00> <Spt= 0.08> <nCl= 18> <al=0.54> <DB= 2720.4289> <Mlp= 3092.7590> <PB=10000000> 
<DWph=2> <it=  6> <et=32.55> <Mt= 0.03> <Spt= 0.07> <nCl= 12> <al=0.58> <DB= 2881.0490> <Mlp= 3092.6974> <PB=10000000> 
<DWph=2> <it=  7> <et=32.65> <Mt= 0.04> <Spt= 0.06> <nCl=  6> <al=0.62> <DB= 3091.3863> <Mlp= 3092.4614> <PB=10000000> 
<DWph=2> <it=  8> <et=32.74> <Mt= 0.01> <Spt= 0.07> <nCl=  5> <al=0.52> <DB= 3091.8909> <Mlp= 3092.4457> <PB=10000000> 
<DWph=2> <it=  9> <et=32.81> <Mt= 0.01> <Spt= 0.07> <nCl= 11> <al=0.42> <DB= 2469.8453> <Mlp= 3092.4457> <PB=10000000> 
<DWph=2> <it= 10> <et=32.96> <Mt= 0.02> <Spt= 0.13> <nCl= 14> <al=0.00> <DB= 2779.1529> <Mlp= 3092.4431> <PB=10000000> 
<DWph=2> <it= 11> <et=33.05> <Mt= 0.02> <Spt= 0.07> <nCl=  7> <al=0.38> <DB= 2691.7843> <Mlp= 3092.3719> <PB=10000000> 
<DWph=2> <it= 12> <et=33.14> <Mt= 0.01> <Spt= 0.08> <nCl=  9> <al=0.28> <DB= 2780.7696> <Mlp= 3092.3719> <PB=10000000> 
<DWph=2> <it= 13> <et=33.22> <Mt= 0.01> <Spt= 0.07> <nCl=  1> <al=0.35> <DB= 3044.6458> <Mlp= 3092.3697> <PB=10000000> 
<DWph=2> <it= 14> <et=33.30> <Mt= 0.01> <Spt= 0.07> <nCl=  2> <al=0.25> <DB= 3080.2935> <Mlp= 3092.3671> <PB=10000000> 
<DWph=2> <it= 15> <et=33.39> <Mt= 0.01> <Spt= 0.07> <nCl=  3> <al=0.15> <DB= 3072.3248> <Mlp= 3092.3658> <PB=10000000> 
<DWph=2> <it= 16> <et=33.47> <Mt= 0.01> <Spt= 0.08> <nCl=  1> <al=0.24> <DB= 3034.4569> <Mlp= 3092.3658> <PB=10000000> 
<DWph=2> <it= 17> <et=33.64> <Mt= 0.01> <Spt= 0.16> <nCl=  5> <al=0.00> <DB= 2972.3636> <Mlp= 3092.3636> <PB=10000000> 
<DWph=2> <it= 18> <et=33.73> <Mt= 0.01> <Spt= 0.08> <nCl=  4> <al=0.21> <DB= 3047.1333> <Mlp= 3092.3314> <PB=10000000> 
<DWph=2> <it= 19> <et=33.88> <Mt= 0.01> <Spt= 0.13> <nCl= 10> <al=0.00> <DB= 2930.7635> <Mlp= 3092.3289> <PB=10000000> 
<DWph=2> <it= 20> <et=34.03> <Mt= 0.01> <Spt= 0.14> <nCl=  2> <al=0.00> <DB= 3092.3289> <Mlp= 3092.3289> <PB=10000000> 
<DWph=1> <it= 21> <et=34.18> <Mt= 0.00> <Spt= 0.16> <nCl= 17> <al=0.00> <DB= 2744.4645> <Mlp= 3092.3289> <PB=10000000> 
<DWph=1> <it= 22> <et=34.35> <Mt= 0.02> <Spt= 0.15> <nCl= 12> <al=0.00> <DB= 2892.8602> <Mlp= 3092.2915> <PB=10000000> 
<DWph=1> <it= 23> <et=34.51> <Mt= 0.01> <Spt= 0.15> <nCl=  4> <al=0.02> <DB= 2994.5161> <Mlp= 3092.2915> <PB=10000000> 
<DWph=1> <it= 24> <et=34.69> <Mt= 0.02> <Spt= 0.15> <nCl=  7> <al=0.12> <DB= 3025.5156> <Mlp= 3092.2799> <PB=10000000> 
<DWph=1> <it= 25> <et=34.86> <Mt= 0.01> <Spt= 0.16> <nCl=  2> <al=0.21> <DB= 3007.4380> <Mlp= 3092.2772> <PB=10000000> 
<DWph=1> <it= 26> <et=35.18> <Mt= 0.01> <Spt= 0.31> <nCl=  3> <al=0.00> <DB= 3090.8514> <Mlp= 3092.2772> <PB=10000000> 
<DWph=1> <it= 27> <et=35.49> <Mt= 0.00> <Spt= 0.31> <nCl=  0> <al=0.00> <DB= 3092.2772> <Mlp= 3092.2772> <PB=10000000> 
    RCSP exact solver info for graph G_0 : TT = 0.709421, pt = 0.002313, dt = 0.660157, ct = 0.04569, ndl = 68442', bdl = 5426943', odl = 55567', odf = 1042833', bsi = 2074', cnt = 1820127', bdch = 91509495', odch = 8531619', lcp = 2143233', #sols = 150
<DWph=0> <it= 28> <et=36.24> <Mt= 0.01> <Spt= 0.74> <nCl=150> <al=0.09> <DB= 2347.5560> <Mlp= 3092.2772> <PB=10000000> 
    RCSP exact solver info for graph G_0 : TT = 0.62968, pt = 0.002503, dt = 0.579824, ct = 0.045757, ndl = 69251', bdl = 5461358', odl = 55619', odf = 1055917', bsi = 2117', cnt = 1893703', bdch = 93152123', odch = 9105346', lcp = 2263854', #sols = 150
<DWph=0> <it= 29> <et=36.91> <Mt= 0.01> <Spt= 0.66> <nCl=113> <al=0.00> <DB= 2887.9432> <Mlp= 3092.2285> <PB=10000000> 
    RCSP exact solver info for graph G_0 : TT = 0.612574, pt = 0.002737, dt = 0.567267, ct = 0.041079, ndl = 66066', bdl = 5273748', odl = 55328', odf = 1009850', bsi = 2136', cnt = 1428266', bdch = 87125217', odch = 7332406', lcp = 1931937', #sols = 150
<DWph=0> <it= 30> <et=37.57> <Mt= 0.02> <Spt= 0.64> <nCl= 62> <al=0.09> <DB= 2943.4854> <Mlp= 3092.1230> <PB=10000000> 
    RCSP exact solver info for graph G_0 : TT = 0.607703, pt = 0.002676, dt = 0.561903, ct = 0.041256, ndl = 65618', bdl = 5244186', odl = 55091', odf = 1003076', bsi = 2138', cnt = 1443844', bdch = 85618076', odch = 7365055', lcp = 1942454', #sols = 150
<DWph=0> <it= 31> <et=38.20> <Mt= 0.01> <Spt= 0.61> <nCl= 19> <al=0.18> <DB= 2971.5329> <Mlp= 3092.1213> <PB=10000000> 
    RCSP exact solver info for graph G_0 : TT = 0.601344, pt = 0.002607, dt = 0.55975, ct = 0.037528, ndl = 66207', bdl = 5299664', odl = 55527', odf = 1011641', bsi = 2139', cnt = 1491201', bdch = 87106335', odch = 7563763', lcp = 1989739', #sols = 150
<DWph=0> <it= 32> <et=38.82> <Mt= 0.01> <Spt= 0.62> <nCl= 31> <al=0.26> <DB= 3060.5356> <Mlp= 3092.1213> <PB=10000000> 
    RCSP exact solver info for graph G_0 : TT = 0.560599, pt = 0.002327, dt = 0.519647, ct = 0.037295, ndl = 65643', bdl = 5247543', odl = 55451', odf = 1007601', bsi = 2093', cnt = 1430332', bdch = 85857752', odch = 7415543', lcp = 1956620', #sols = 150
    RCSP exact solver info for graph G_0 : TT = 0.56178, pt = 0.002284, dt = 0.520772, ct = 0.037328, ndl = 66243', bdl = 5292245', odl = 55842', odf = 1018575', bsi = 2102', cnt = 1476908', bdch = 87444764', odch = 7586542', lcp = 1987716', #sols = 150
<DWph=0> <it= 33> <et=39.96> <Mt= 0.00> <Spt= 1.14> <nCl= 52> <al=0.00> <DB= 3092.1213> <Mlp= 3092.1213> <PB=10000000> 
RCSP solver dynamic params and stats :  bidir.bord. = 375 aver.obdmd = 98.3607 aver.buck.num. = 101 nbR1C = 88 with avMem = 13.1818
@@ 1 8 3092.12 0.607893 0.705847 92.389 39.96
    Full reduced cost fixing is not called (gap ratio is 0.999995)
ColGenEvalAlg final dual bound: 3092.12 (rounded: 3093)
False gap improvement since the last cut separation : 0.00823001 (3089.58)
Separator R1C not in maximum phase
Cut generation tailing off counter increased to 0
Current active cuts : CAP(3,143.28) R1C(12+76,257.082) 1rowPackR1C(12) 3rowPackR1C(63) 4rowPackR1C(13)
Shrinking heuristic shrunk 35 edges
In total 1 RCC cut(s) are found by the Fractional capacity min-cut heuristic 
In total 10 RCC cut(s) are found by the global pool greedy search heuristic 
3 Rank-1 1-rows pack. cuts added ,  max viol. = 0.0382117, aver. viol. = 0.0287816
150 Rank-1 3-rows pack. cuts added ,  max viol. = 0.276208, aver. viol. = 0.143843
Building structures for heuristic rank-1 packing cut separation...done!
100 Rank-1 4-rows pack. cuts added ,  max viol. = 0.276208, aver. viol. = 0.220935
100 Rank-1 5-rows pack. cuts added ,  max viol. = 0.331567, aver. viol. = 0.280131
----- Add fac. cuts : CAP(11) R1C(353), max.viol = 0.336334, aver.viol = 0.198768, sep/add took 0.467713/0.901813 sec. -----
8990 columns (8990 active), 708 dyn. constrs. (455 active), 1593 art. vars. (697 active)
<DWph=2> <it=  1> <et=41.61> <Mt= 0.14> <Spt= 0.09> <nCl= 30> <al=0.50> <DB= 1985.8102> <Mlp= 3096.0820> <PB=10000000> 
<DWph=2> <it=  2> <et=41.97> <Mt= 0.26> <Spt= 0.10> <nCl= 18> <al=0.55> <DB= 2239.7616> <Mlp= 3095.3926> <PB=10000000> 
<DWph=2> <it=  3> <et=42.10> <Mt= 0.05> <Spt= 0.08> <nCl=  6> <al=0.60> <DB= 3063.6883> <Mlp= 3095.2857> <PB=10000000> 
<DWph=2> <it=  4> <et=42.20> <Mt= 0.02> <Spt= 0.09> <nCl=  3> <al=0.64> <DB= 3086.9349> <Mlp= 3095.2570> <PB=10000000> 
<DWph=2> <it=  5> <et=42.41> <Mt= 0.03> <Spt= 0.18> <nCl=  8> <al=0.34> <DB= 2946.1731> <Mlp= 3095.2189> <PB=10000000> 
<DWph=2> <it=  6> <et=42.54> <Mt= 0.03> <Spt= 0.09> <nCl=  1> <al=0.57> <DB= 3094.0042> <Mlp= 3095.1623> <PB=10000000> 
<DWph=2> <it=  7> <et=42.66> <Mt= 0.04> <Spt= 0.09> <nCl= 10> <al=0.47> <DB= 2773.5570> <Mlp= 3095.1291> <PB=10000000> 
<DWph=2> <it=  8> <et=42.77> <Mt= 0.02> <Spt= 0.08> <nCl=  3> <al=0.52> <DB= 3000.8217> <Mlp= 3095.1203> <PB=10000000> 
<DWph=2> <it=  9> <et=42.95> <Mt= 0.00> <Spt= 0.18> <nCl= 10> <al=0.14> <DB= 2940.9655> <Mlp= 3095.1203> <PB=10000000> 
<DWph=2> <it= 10> <et=43.06> <Mt= 0.03> <Spt= 0.08> <nCl=  4> <al=0.47> <DB= 2889.5677> <Mlp= 3095.0992> <PB=10000000> 
<DWph=2> <it= 11> <et=43.18> <Mt= 0.03> <Spt= 0.09> <nCl=  5> <al=0.53> <DB= 3003.9987> <Mlp= 3095.0290> <PB=10000000> 
<DWph=2> <it= 12> <et=43.28> <Mt= 0.01> <Spt= 0.09> <nCl=  6> <al=0.43> <DB= 3021.3361> <Mlp= 3095.0289> <PB=10000000> 
<DWph=2> <it= 13> <et=43.47> <Mt= 0.02> <Spt= 0.16> <nCl= 10> <al=0.00> <DB= 2764.6222> <Mlp= 3095.0254> <PB=10000000> 
<DWph=2> <it= 14> <et=43.59> <Mt= 0.03> <Spt= 0.09> <nCl=  6> <al=0.23> <DB= 2897.9113> <Mlp= 3094.9552> <PB=10000000> 
<DWph=2> <it= 15> <et=43.77> <Mt= 0.02> <Spt= 0.16> <nCl=  8> <al=0.00> <DB= 2990.3016> <Mlp= 3094.9549> <PB=10000000> 
<DWph=2> <it= 16> <et=43.86> <Mt= 0.01> <Spt= 0.09> <nCl=  3> <al=0.20> <DB= 3054.1732> <Mlp= 3094.9547> <PB=10000000> 
<DWph=2> <it= 17> <et=43.96> <Mt= 0.01> <Spt= 0.09> <nCl=  2> <al=0.10> <DB= 3008.4641> <Mlp= 3094.9536> <PB=10000000> 
<DWph=2> <it= 18> <et=44.14> <Mt= 0.00> <Spt= 0.17> <nCl=  3> <al=0.00> <DB= 2968.7814> <Mlp= 3094.9536> <PB=10000000> 
<DWph=2> <it= 19> <et=44.29> <Mt= 0.01> <Spt= 0.15> <nCl=  2> <al=0.00> <DB= 3094.9536> <Mlp= 3094.9536> <PB=10000000> 
<DWph=1> <it= 20> <et=44.45> <Mt= 0.00> <Spt= 0.15> <nCl= 13> <al=0.00> <DB= 2912.1648> <Mlp= 3094.9536> <PB=10000000> 
<DWph=1> <it= 21> <et=44.64> <Mt= 0.03> <Spt= 0.16> <nCl=  8> <al=0.00> <DB= 2994.8105> <Mlp= 3094.8686> <PB=10000000> 
<DWph=1> <it= 22> <et=44.83> <Mt= 0.02> <Spt= 0.17> <nCl=  5> <al=0.09> <DB= 3021.6323> <Mlp= 3094.8599> <PB=10000000> 
<DWph=1> <it= 23> <et=45.01> <Mt= 0.02> <Spt= 0.16> <nCl=  4> <al=0.00> <DB= 3085.9779> <Mlp= 3094.8571> <PB=10000000> 
<DWph=1> <it= 24> <et=45.17> <Mt= 0.00> <Spt= 0.16> <nCl=  1> <al=0.00> <DB= 3094.8571> <Mlp= 3094.8571> <PB=10000000> 
    RCSP exact solver info for graph G_0 : TT = 0.720206, pt = 0.002336, dt = 0.674179, ct = 0.042489, ndl = 82680', bdl = 6522652', odl = 61261', odf = 1214010', bsi = 2190', cnt = 1477982', bdch = 125908172', odch = 10878798', lcp = 2761209', #sols = 150
<DWph=0> <it= 25> <et=45.94> <Mt= 0.01> <Spt= 0.76> <nCl=150> <al=0.00> <DB= 2638.6085> <Mlp= 3094.8571> <PB=10000000> 
    RCSP exact solver info for graph G_0 : TT = 0.706856, pt = 0.002984, dt = 0.657115, ct = 0.045271, ndl = 81000', bdl = 6440301', odl = 61009', odf = 1183368', bsi = 2248', cnt = 1549980', bdch = 122545436', odch = 10039784', lcp = 2650961', #sols = 150
<DWph=0> <it= 26> <et=46.98> <Mt= 0.28> <Spt= 0.76> <nCl=150> <al=0.00> <DB= 2482.7639> <Mlp= 3094.5297> <PB=10000000> 
    RCSP exact solver info for graph G_0 : TT = 0.648522, pt = 0.002639, dt = 0.605709, ct = 0.038754, ndl = 78686', bdl = 6248815', odl = 60138', odf = 1156216', bsi = 2263', cnt = 1553307', bdch = 116457676', odch = 9588201', lcp = 2526582', #sols = 150
<DWph=0> <it= 27> <et=47.70> <Mt= 0.04> <Spt= 0.68> <nCl=101> <al=0.00> <DB= 2829.0067> <Mlp= 3094.5036> <PB=10000000> 
    RCSP exact solver info for graph G_0 : TT = 0.660058, pt = 0.002727, dt = 0.616432, ct = 0.03957, ndl = 78679', bdl = 6251543', odl = 60339', odf = 1164359', bsi = 2261', cnt = 1479703', bdch = 116116580', odch = 9744329', lcp = 2536033', #sols = 150
<DWph=0> <it= 28> <et=48.40> <Mt= 0.03> <Spt= 0.68> <nCl= 56> <al=0.00> <DB= 3040.6177> <Mlp= 3094.4953> <PB=10000000> 
    RCSP exact solver info for graph G_0 : TT = 0.669603, pt = 0.002928, dt = 0.625647, ct = 0.039684, ndl = 78883', bdl = 6271774', odl = 59660', odf = 1157669', bsi = 2283', cnt = 1522646', bdch = 115814524', odch = 9794876', lcp = 2535316', #sols = 150
<DWph=0> <it= 29> <et=49.10> <Mt= 0.01> <Spt= 0.68> <nCl= 23> <al=0.05> <DB= 3091.9484> <Mlp= 3094.4936> <PB=10000000> 
    RCSP exact solver info for graph G_0 : TT = 0.675291, pt = 0.002699, dt = 0.629773, ct = 0.041388, ndl = 79734', bdl = 6324277', odl = 60240', odf = 1174417', bsi = 2204', cnt = 1545895', bdch = 118433555', odch = 9991901', lcp = 2575124', #sols = 150
<DWph=0> <it= 30> <et=49.79> <Mt= 0.01> <Spt= 0.68> <nCl=  8> <al=0.00> <DB= 3094.4936> <Mlp= 3094.4936> <PB=10000000> 
RCSP solver dynamic params and stats :  bidir.bord. = 375 aver.obdmd = 98.3607 aver.buck.num. = 101 nbR1C = 101 with avMem = 14.2673
@@ 1 9 3094.49 0.676002 0.716668 92.389 49.79
    Full reduced cost fixing is not called (gap ratio is 0.999995)
ColGenEvalAlg final dual bound: 3094.49 (rounded: 3095)
False gap improvement since the last cut separation : 0.00767204 (3092.12)
Cut generation tailing off counter increased to 1
Current active cuts : CAP(4,110.038) R1C(10+91,280.517) 1rowPackR1C(10) 3rowPackR1C(62) 4rowPackR1C(25) 5rowPackR1C(4)
Shrinking heuristic shrunk 28 edges
In total 3 RCC cut(s) are found by the global pool greedy search heuristic 
13 Rank-1 1-rows pack. cuts added ,  max viol. = 0.162093, aver. viol. = 0.0841167
150 Rank-1 3-rows pack. cuts added ,  max viol. = 0.232999, aver. viol. = 0.119918
Building structures for heuristic rank-1 packing cut separation...done!
100 Rank-1 4-rows pack. cuts added ,  max viol. = 0.212397, aver. viol. = 0.127665
100 Rank-1 5-rows pack. cuts added ,  max viol. = 0.238876, aver. viol. = 0.193362
----- Add fac. cuts : CAP(3) R1C(363), max.viol = 0.326658, aver.viol = 0.148287, sep/add took 0.527749/0.955183 sec. -----
9647 columns (9647 active), 827 dyn. constrs. (471 active), 1959 art. vars. (713 active)
<DWph=2> <it=  1> <et=51.57> <Mt= 0.14> <Spt= 0.11> <nCl=  6> <al=0.50> <DB= 3035.2996> <Mlp= 3097.2805> <PB=10000000> 
<DWph=2> <it=  2> <et=51.71> <Mt= 0.04> <Spt= 0.09> <nCl=  3> <al=0.55> <DB= 3095.7230> <Mlp= 3097.2255> <PB=10000000> 
<DWph=2> <it=  3> <et=51.84> <Mt= 0.03> <Spt= 0.10> <nCl=  5> <al=0.45> <DB= 3096.5286> <Mlp= 3097.1878> <PB=10000000> 
<DWph=2> <it=  4> <et=51.97> <Mt= 0.03> <Spt= 0.10> <nCl=  5> <al=0.35> <DB= 3077.8256> <Mlp= 3097.1817> <PB=10000000> 
<DWph=2> <it=  5> <et=52.16> <Mt= 0.00> <Spt= 0.18> <nCl=  9> <al=0.00> <DB= 2916.4902> <Mlp= 3097.1817> <PB=10000000> 
<DWph=2> <it=  6> <et=52.27> <Mt= 0.01> <Spt= 0.10> <nCl=  4> <al=0.32> <DB= 3038.1483> <Mlp= 3097.1816> <PB=10000000> 
<DWph=2> <it=  7> <et=52.47> <Mt= 0.02> <Spt= 0.19> <nCl=  3> <al=0.00> <DB= 3018.8609> <Mlp= 3097.1795> <PB=10000000> 
<DWph=2> <it=  8> <et=52.68> <Mt= 0.02> <Spt= 0.18> <nCl=  1> <al=0.00> <DB= 3049.2005> <Mlp= 3097.1659> <PB=10000000> 
<DWph=2> <it=  9> <et=52.79> <Mt= 0.03> <Spt= 0.09> <nCl=  1> <al=0.18> <DB= 3005.4572> <Mlp= 3097.1455> <PB=10000000> 
<DWph=2> <it= 10> <et=52.81> <Mt= 0.02> <Spt= 0.00> <nCl=  0> <al=0.27> <DB= 3005.4572> <Mlp= 3097.1342> <PB=10000000> 
<DWph=1> <it= 11> <et=53.01> <Mt= 0.00> <Spt= 0.19> <nCl= 12> <al=0.27> <DB= 2935.6469> <Mlp= 3097.1342> <PB=10000000> 
<DWph=1> <it= 12> <et=53.23> <Mt= 0.04> <Spt= 0.19> <nCl=  4> <al=0.34> <DB= 3042.4152> <Mlp= 3097.0831> <PB=10000000> 
<DWph=1> <it= 13> <et=53.42> <Mt= 0.00> <Spt= 0.19> <nCl=  2> <al=0.24> <DB= 3084.0374> <Mlp= 3097.0831> <PB=10000000> 
<DWph=1> <it= 14> <et=53.61> <Mt= 0.01> <Spt= 0.18> <nCl=  2> <al=0.14> <DB= 2998.9604> <Mlp= 3097.0831> <PB=10000000> 
<DWph=1> <it= 15> <et=53.82> <Mt= 0.02> <Spt= 0.18> <nCl=  3> <al=0.04> <DB= 3025.8498> <Mlp= 3097.0725> <PB=10000000> 
<DWph=1> <it= 16> <et=54.04> <Mt= 0.03> <Spt= 0.19> <nCl=  1> <al=0.13> <DB= 3069.9850> <Mlp= 3097.0623> <PB=10000000> 
<DWph=1> <it= 17> <et=54.24> <Mt= 0.01> <Spt= 0.19> <nCl=  3> <al=0.03> <DB= 2934.7437> <Mlp= 3097.0616> <PB=10000000> 
<DWph=1> <it= 18> <et=54.44> <Mt= 0.04> <Spt= 0.17> <nCl=  1> <al=0.00> <DB= 3041.3943> <Mlp= 3097.0375> <PB=10000000> 
<DWph=1> <it= 19> <et=54.63> <Mt= 0.01> <Spt= 0.17> <nCl=  1> <al=0.00> <DB= 3097.0370> <Mlp= 3097.0370> <PB=10000000> 
    RCSP exact solver info for graph G_0 : TT = 0.922845, pt = 0.003306, dt = 0.862181, ct = 0.055717, ndl = 93732', bdl = 7312492', odl = 66246', odf = 1380701', bsi = 2270', cnt = 2154771', bdch = 159750457', odch = 15202551', lcp = 3733075', #sols = 150
<DWph=0> <it= 20> <et=55.60> <Mt= 0.00> <Spt= 0.97> <nCl=116> <al=0.00> <DB= 2897.3630> <Mlp= 3097.0370> <PB=10000000> 
    RCSP exact solver info for graph G_0 : TT = 0.91768, pt = 0.004109, dt = 0.850784, ct = 0.061004, ndl = 92846', bdl = 7201364', odl = 65002', odf = 1354841', bsi = 2275', cnt = 2166664', bdch = 155163078', odch = 15335906', lcp = 3717095', #sols = 150
<DWph=0> <it= 21> <et=56.61> <Mt= 0.07> <Spt= 0.94> <nCl= 53> <al=0.00> <DB= 2981.5193> <Mlp= 3096.9119> <PB=10000000> 
    RCSP exact solver info for graph G_0 : TT = 0.901348, pt = 0.003665, dt = 0.836166, ct = 0.059877, ndl = 92445', bdl = 7180079', odl = 64403', odf = 1344198', bsi = 2257', cnt = 2116802', bdch = 153875423', odch = 15280438', lcp = 3681989', #sols = 150
<DWph=0> <it= 22> <et=57.55> <Mt= 0.03> <Spt= 0.92> <nCl= 27> <al=0.00> <DB= 3087.7334> <Mlp= 3096.8961> <PB=10000000> 
    RCSP exact solver info for graph G_0 : TT = 0.913021, pt = 0.003628, dt = 0.848759, ct = 0.058933, ndl = 92459', bdl = 7178422', odl = 64461', odf = 1344936', bsi = 2262', cnt = 2120049', bdch = 153329084', odch = 15451319', lcp = 3709033', #sols = 150
<DWph=0> <it= 23> <et=58.49> <Mt= 0.01> <Spt= 0.92> <nCl= 24> <al=0.00> <DB= 3096.8955> <Mlp= 3096.8955> <PB=10000000> 
RCSP solver dynamic params and stats :  bidir.bord. = 375 aver.obdmd = 98.3607 aver.buck.num. = 101 nbR1C = 136 with avMem = 15.4559
@@ 1 10 3096.9 0.908355 0.917898 92.389 58.49
    Full reduced cost fixing is not called (gap ratio is 0.999995)
ColGenEvalAlg final dual bound: 3096.9 (rounded: 3097)
False gap improvement since the last cut separation : 0.00776167 (3094.49)
Cut generation tailing off counter increased to 2
Current active cuts : CAP(5,108.348) R1C(13+123,285.131) 1rowPackR1C(13) 3rowPackR1C(79) 4rowPackR1C(35) 5rowPackR1C(9)
Shrinking heuristic shrunk 22 edges
In total 1 RCC cut(s) are found by the Fractional capacity min-cut heuristic 
In total 1 RCC cut(s) are found by the global pool greedy search heuristic 
8 Rank-1 1-rows pack. cuts added ,  max viol. = 0.0383307, aver. viol. = 0.0251357
150 Rank-1 3-rows pack. cuts added ,  max viol. = 0.196066, aver. viol. = 0.0991559
Building structures for heuristic rank-1 packing cut separation...done!
100 Rank-1 4-rows pack. cuts added ,  max viol. = 0.241221, aver. viol. = 0.108427
100 Rank-1 5-rows pack. cuts added ,  max viol. = 0.272266, aver. viol. = 0.189223
----- Add fac. cuts : CAP(2) R1C(358), max.viol = 0.296559, aver.viol = 0.133333, sep/add took 0.716024/1.02043 sec. -----
9933 columns (9933 active), 837 dyn. constrs. (503 active), 2319 art. vars. (745 active)
<DWph=2> <it=  1> <et=60.65> <Mt= 0.21> <Spt= 0.13> <nCl= 18> <al=0.50> <DB= 2465.9917> <Mlp= 3100.6260> <PB=10000000> 
<DWph=2> <it=  2> <et=60.86> <Mt= 0.09> <Spt= 0.12> <nCl= 25> <al=0.55> <DB= 2005.1164> <Mlp= 3100.4048> <PB=10000000> 
<DWph=2> <it=  3> <et=60.99> <Mt= 0.01> <Spt= 0.12> <nCl=  1> <al=0.60> <DB= 3098.3168> <Mlp= 3100.4048> <PB=10000000> 
<DWph=2> <it=  4> <et=61.10> <Mt= 0.01> <Spt= 0.11> <nCl= 12> <al=0.50> <DB= 3018.7071> <Mlp= 3100.4048> <PB=10000000> 
<DWph=2> <it=  5> <et=61.40> <Mt= 0.06> <Spt= 0.23> <nCl= 14> <al=0.09> <DB= 2921.0370> <Mlp= 3100.3072> <PB=10000000> 
<DWph=2> <it=  6> <et=61.56> <Mt= 0.03> <Spt= 0.11> <nCl=  1> <al=0.45> <DB= 2819.6757> <Mlp= 3100.3028> <PB=10000000> 
<DWph=2> <it=  7> <et=61.70> <Mt= 0.02> <Spt= 0.12> <nCl=  4> <al=0.50> <DB= 2654.7828> <Mlp= 3100.2938> <PB=10000000> 
<DWph=2> <it=  8> <et=61.92> <Mt= 0.09> <Spt= 0.12> <nCl=  6> <al=0.55> <DB= 2963.6754> <Mlp= 3100.0957> <PB=10000000> 
<DWph=2> <it=  9> <et=62.07> <Mt= 0.03> <Spt= 0.13> <nCl=  2> <al=0.45> <DB= 2988.4386> <Mlp= 3100.0922> <PB=10000000> 
<DWph=2> <it= 10> <et=62.19> <Mt= 0.00> <Spt= 0.11> <nCl=  1> <al=0.35> <DB= 3013.2035> <Mlp= 3100.0922> <PB=10000000> 
<DWph=2> <it= 11> <et=62.42> <Mt= 0.01> <Spt= 0.22> <nCl=  8> <al=0.00> <DB= 3018.4323> <Mlp= 3100.0918> <PB=10000000> 
<DWph=2> <it= 12> <et=62.66> <Mt= 0.04> <Spt= 0.21> <nCl=  4> <al=0.00> <DB= 3065.3422> <Mlp= 3100.0722> <PB=10000000> 
<DWph=2> <it= 13> <et=62.80> <Mt= 0.02> <Spt= 0.11> <nCl=  5> <al=0.05> <DB= 3044.4577> <Mlp= 3100.0684> <PB=10000000> 
<DWph=2> <it= 14> <et=63.02> <Mt= 0.00> <Spt= 0.22> <nCl=  1> <al=0.00> <DB= 3100.0684> <Mlp= 3100.0684> <PB=10000000> 
<DWph=1> <it= 15> <et=63.24> <Mt= 0.01> <Spt= 0.21> <nCl= 11> <al=0.05> <DB= 2968.8988> <Mlp= 3100.0684> <PB=10000000> 
<DWph=1> <it= 16> <et=63.51> <Mt= 0.05> <Spt= 0.22> <nCl=  4> <al=0.14> <DB= 2924.6490> <Mlp= 3100.0027> <PB=10000000> 
<DWph=1> <it= 17> <et=63.77> <Mt= 0.04> <Spt= 0.22> <nCl=  6> <al=0.23> <DB= 2634.9943> <Mlp= 3099.9598> <PB=10000000> 
<DWph=1> <it= 18> <et=64.21> <Mt= 0.01> <Spt= 0.43> <nCl=  8> <al=0.00> <DB= 2969.4945> <Mlp= 3099.9594> <PB=10000000> 
<DWph=1> <it= 19> <et=64.44> <Mt= 0.01> <Spt= 0.21> <nCl=  2> <al=0.03> <DB= 3018.6508> <Mlp= 3099.9582> <PB=10000000> 
<DWph=1> <it= 20> <et=64.87> <Mt= 0.01> <Spt= 0.43> <nCl=  2> <al=0.00> <DB= 3099.9582> <Mlp= 3099.9582> <PB=10000000> 
    RCSP exact solver info for graph G_0 : TT = 1.77931, pt = 0.004693, dt = 1.61801, ct = 0.154742, ndl = 135019', bdl = 10067973', odl = 81172', odf = 2052895', bsi = 2326', cnt = 5356605', bdch = 282608909', odch = 41568741', lcp = 8834411', #sols = 150
<DWph=0> <it= 21> <et=66.72> <Mt= 0.00> <Spt= 1.84> <nCl=150> <al=0.02> <DB= 2557.0472> <Mlp= 3099.9582> <PB=10000000> 
    RCSP exact solver info for graph G_0 : TT = 3.55473, pt = 0.005313, dt = 3.41002, ct = 0.137562, ndl = 127563', bdl = 9644866', odl = 77095', odf = 1922925', bsi = 2261', cnt = 5076525', bdch = 258176971', odch = 35629271', lcp = 7816643', #sols = 150
<DWph=0> <it= 22> <et=68.55> <Mt= 0.19> <Spt= 1.64> <nCl=150> <al=0.00> <DB= 2671.7556> <Mlp= 3099.4480> <PB=10000000> 
    RCSP exact solver info for graph G_0 : TT = 1.46524, pt = 0.005446, dt = 1.35453, ct = 0.103575, ndl = 120543', bdl = 9198350', odl = 75973', odf = 1816424', bsi = 2297', cnt = 3488352', bdch = 236098246', odch = 28559864', lcp = 6503242', #sols = 150
<DWph=0> <it= 23> <et=70.15> <Mt= 0.08> <Spt= 1.53> <nCl=150> <al=0.03> <DB= 2139.6058> <Mlp= 3099.3708> <PB=10000000> 
    RCSP exact solver info for graph G_0 : TT = 1.50563, pt = 0.005208, dt = 1.38418, ct = 0.114326, ndl = 124393', bdl = 9422198', odl = 76650', odf = 1883951', bsi = 2304', cnt = 4346367', bdch = 247502763', odch = 32957190', lcp = 7254410', #sols = 150
<DWph=0> <it= 24> <et=71.68> <Mt= 0.01> <Spt= 1.52> <nCl= 27> <al=0.13> <DB= 3011.1022> <Mlp= 3099.3708> <PB=10000000> 
    RCSP exact solver info for graph G_0 : TT = 1.48408, pt = 0.005398, dt = 1.35971, ct = 0.117016, ndl = 124565', bdl = 9413723', odl = 76683', odf = 1888446', bsi = 2278', cnt = 4529608', bdch = 248386244', odch = 33280463', lcp = 7258718', #sols = 150
<DWph=0> <it= 25> <et=73.20> <Mt= 0.01> <Spt= 1.50> <nCl= 26> <al=0.22> <DB= 3080.3169> <Mlp= 3099.3708> <PB=10000000> 
    RCSP exact solver info for graph G_0 : TT = 1.47021, pt = 0.005497, dt = 1.34732, ct = 0.115478, ndl = 124274', bdl = 9388918', odl = 76549', odf = 1887913', bsi = 2274', cnt = 4600719', bdch = 247081425', odch = 33230704', lcp = 7241108', #sols = 150
    RCSP exact solver info for graph G_0 : TT = 1.35464, pt = 0.004758, dt = 1.24279, ct = 0.105301, ndl = 123920', bdl = 9366385', odl = 76486', odf = 1882430', bsi = 2311', cnt = 4577856', bdch = 245589211', odch = 33093748', lcp = 7226521', #sols = 150
<DWph=0> <it= 26> <et=76.05> <Mt= 0.01> <Spt= 2.85> <nCl= 26> <al=0.00> <DB= 3098.9267> <Mlp= 3099.3705> <PB=10000000> 
    RCSP exact solver info for graph G_0 : TT = 1.3519, pt = 0.004417, dt = 1.24066, ct = 0.104999, ndl = 124020', bdl = 9368941', odl = 76511', odf = 1884185', bsi = 2298', cnt = 4586018', bdch = 245688392', odch = 33219494', lcp = 7239898', #sols = 150
    RCSP exact solver info for graph G_0 : TT = 1.34368, pt = 0.004375, dt = 1.23281, ct = 0.104778, ndl = 123919', bdl = 9363572', odl = 76477', odf = 1882689', bsi = 2313', cnt = 4578237', bdch = 245431341', odch = 33108232', lcp = 7204863', #sols = 150
<DWph=0> <it= 27> <et=78.76> <Mt= 0.00> <Spt= 2.70> <nCl=  0> <al=0.00> <DB= 3099.3705> <Mlp= 3099.3705> <PB=10000000> 
RCSP solver dynamic params and stats :  bidir.bord. = 375 aver.obdmd = 98.3607 aver.buck.num. = 101 nbR1C = 151 with avMem = 16.0728
@@ 1 11 3099.37 1.6942 3.54759 92.389 78.76
    Full reduced cost fixing is not called (gap ratio is 0.999995)
ColGenEvalAlg final dual bound: 3099.37 (rounded: 3100)
False gap improvement since the last cut separation : 0.0079919 (3096.9)
----- Cut generation is stopped due to tailing off -----
Current active cuts : CAP(3,98.8209) R1C(15+136,336.989) 1rowPackR1C(15) 3rowPackR1C(83) 4rowPackR1C(39) 5rowPackR1C(14)
**** Strong branching phase 1 is started *****
SB phase 1 cand.  1 branch on omega[2] (lhs=23.5948)                      : [ 3099.3705,  3099.6540], score = 0.00      <et=78.99>
SB phase 1 cand.  2 branch on omega[3] (lhs=3.0080)                       : [ 3099.3707,  3103.5012], score = 0.00      <et=79.13>
SB phase 1 cand.  3 branch on Psi[1,2] (lhs=0.5338)                       : [ 3101.4255,  3102.7564], score = 6.96      <et=79.35>
SB phase 1 cand.  4 branch on Psi[2,3] (lhs=1.3374)                       : [ 3099.9238,  3100.9586], score = 0.88      <et=79.51>
SB phase 1 cand.  5 branch on Psi[1,5] (lhs=0.6910)                       : [ 3100.4057,  3109.5767], score = 10.57      <et=79.75>
SB phase 1 cand.  6 branch on Psi[2,5] (lhs=1.3090)                       : [ 3100.4057,  3109.5767], score = 10.57      <et=80>
SB phase 1 cand.  7 branch on Psi[2,6] (lhs=0.7596)                       : [ 3099.5082,  3100.9905], score = 0.22      <et=80.14>
SB phase 1 cand.  8 branch on Psi[1,3] (lhs=0.7752)                       : [ 3100.3188,  3108.8133], score = 8.95      <et=80.37>
SB phase 1 cand.  9 branch on Psi[3,6] (lhs=0.8953)                       : [ 3099.5330,  3110.8810], score = 1.87      <et=80.56>
SB phase 1 cand. 10 branch on var x[(18, 66)]_0_1952_0_OspV (lhs=0.5015)  : [ 3100.5107,  3100.8944], score = 1.74      <et=80.72>
SB phase 1 cand. 11 branch on var x[(13, 72)]_0_1433_0_OspV (lhs=0.4975)  : [ 3100.5702,  3100.8426], score = 1.77      <et=80.9>
SB phase 1 cand. 12 branch on var x[(109, 120)]_0_7193_0_OspV (lhs=0.5040): [ 3101.4235,  3102.5192], score = 6.46      <et=81.11>
SB phase 1 cand. 13 branch on var x[(11, 109)]_0_1253_0_OspV (lhs=0.4960) : [ 3100.7292,  3102.5192], score = 4.28      <et=81.31>
SB phase 1 cand. 14 branch on var x[(111, 120)]_0_7214_0_OspV (lhs=0.4960): [ 3102.1417,  3102.4489], score = 8.53      <et=81.55>
SB phase 1 cand. 15 branch on var x[(12, 30)]_0_1283_0_OspV (lhs=0.4960)  : [ 3101.6888,  3103.2786], score = 9.06      <et=81.75>
SB phase 1 cand. 16 branch on var x[(12, 63)]_0_1316_0_OspV (lhs=0.5040)  : [ 3101.6888,  3103.1353], score = 8.73      <et=81.99>
SB phase 1 cand. 17 branch on var x[(16, 111)]_0_1790_0_OspV (lhs=0.5040) : [ 3102.1417,  3102.2675], score = 8.03      <et=82.22>
SB phase 1 cand. 18 branch on var x[(16, 73)]_0_1752_0_OspV (lhs=0.4960)  : [ 3102.1417,  3102.2675], score = 8.03      <et=82.45>
SB phase 1 cand. 19 branch on var x[(29, 41)]_0_2994_0_OspV (lhs=0.4960)  : [ 3100.3842,  3103.6220], score = 4.31      <et=82.67>
SB phase 1 cand. 20 branch on var x[(30, 73)]_0_3117_0_OspV (lhs=0.5040)  : [ 3101.5460,  3103.3651], score = 8.69      <et=82.88>
SB phase 1 cand. 21 branch on var x[(6, 48)]_0_632_0_OspV (lhs=0.5040)    : [ 3101.5508,  3103.4080], score = 8.80      <et=83.09>
SB phase 1 cand. 22 branch on var x[(6, 86)]_0_670_0_OspV (lhs=0.4960)    : [ 3101.8944,  3103.7518], score = 11.06      <et=83.32>
SB phase 1 cand. 23 branch on var x[(86, 108)]_0_6652_0_OspV (lhs=0.5040) : [ 3101.7095,  3103.7518], score = 10.25      <et=83.56>
SB phase 1 cand. 24 branch on var x[(0, 79)]_0_6357_0_OspV (lhs=0.4931)   : [ 3100.4072,  3100.4519], score = 1.12      <et=83.72>
SB phase 1 cand. 25 branch on var x[(0, 57)]_0_5180_0_OspV (lhs=0.5077)   : [ 3100.2964,  3101.2174], score = 1.71      <et=83.88>
SB phase 1 cand. 26 branch on var x[(0, 102)]_0_7070_0_OspV (lhs=0.4915)  : [ 3099.8167,  3100.0196], score = 0.29      <et=84.01>
SB phase 1 cand. 27 branch on var x[(0, 88)]_0_6699_0_OspV (lhs=0.4877)   : [ 3101.0378,  3103.3014], score = 6.55      <et=84.23>
SB phase 1 cand. 28 branch on var x[(0, 10)]_0_1044_0_OspV (lhs=0.4831)   : [ 3100.2008,  3101.6890], score = 1.93      <et=84.4>
SB phase 1 cand. 29 branch on var x[(10, 88)]_0_1122_0_OspV (lhs=0.5169)  : [ 3100.2272,  3100.8673], score = 1.28      <et=84.56>
SB phase 1 cand. 30 branch on var x[(0, 42)]_0_4100_0_OspV (lhs=0.4758)   : [ 3099.7832,  3100.4455], score = 0.44      <et=84.7>
SB phase 1 cand. 31 branch on var x[(7, 42)]_0_740_0_OspV (lhs=0.5242)    : [ 3099.7832,  3100.4455], score = 0.44      <et=84.84>
SB phase 1 cand. 32 branch on var x[(0, 74)]_0_6132_0_OspV (lhs=0.5247)   : [ 3100.2066,  3100.6992], score = 1.11      <et=85>
SB phase 1 cand. 33 branch on var x[(49, 74)]_0_4657_0_OspV (lhs=0.4753)  : [ 3100.2037,  3100.8857], score = 1.26      <et=85.17>
SB phase 1 cand. 34 branch on var x[(1, 85)]_0_84_0_OspV (lhs=0.5321)     : [ 3101.8380,  3101.9090], score = 6.26      <et=85.37>
SB phase 1 cand. 35 branch on var x[(26, 31)]_0_2705_0_OspV (lhs=0.5321)  : [ 3101.5693,  3101.9362], score = 5.64      <et=85.57>
SB phase 1 cand. 36 branch on var x[(2, 52)]_0_170_0_OspV (lhs=0.5327)    : [ 3099.9603,  3100.1225], score = 0.44      <et=85.71>
SB phase 1 cand. 37 branch on var x[(9, 19)]_0_942_0_OspV (lhs=0.5368)    : [ 3100.5132,  3100.7424], score = 1.57      <et=85.89>
SB phase 1 cand. 38 branch on var x[(13, 71)]_0_1432_0_OspV (lhs=0.4599)  : [ 3100.6614,  3101.7680], score = 3.10      <et=86.08>
SB phase 1 cand. 39 branch on var x[(43, 113)]_0_4249_0_OspV (lhs=0.5420) : [ 3101.2948,  3102.5614], score = 6.14      <et=86.3>
SB phase 1 cand. 40 branch on var x[(35, 87)]_0_3571_0_OspV (lhs=0.4571)  : [ 3100.0513,  3104.0432], score = 3.18      <et=86.5>
SB phase 1 cand. 41 branch on var x[(38, 77)]_0_3813_0_OspV (lhs=0.5449)  : [ 3101.6655,  3103.9017], score = 10.40      <et=86.73>
SB phase 1 cand. 42 branch on var x[(0, 53)]_0_4914_0_OspV (lhs=0.5456)   : [ 3100.3045,  3100.5108], score = 1.07      <et=86.88>
SB phase 1 cand. 43 branch on var x[(0, 65)]_0_5664_0_OspV (lhs=0.4544)   : [ 3100.8069,  3101.3183], score = 2.80      <et=87.05>
SB phase 1 cand. 44 branch on var x[(53, 70)]_0_4931_0_OspV (lhs=0.4544)  : [ 3100.4962,  3100.5108], score = 1.28      <et=87.2>
SB phase 1 cand. 45 branch on var x[(0, 23)]_0_2409_0_OspV (lhs=0.4507)   : [ 3100.8011,  3101.2274], score = 2.66      <et=87.41>
SB phase 1 cand. 46 branch on var x[(5, 65)]_0_534_0_OspV (lhs=0.5525)    : [ 3099.8705,  3100.1813], score = 0.41      <et=87.56>
SB phase 1 cand. 47 branch on var x[(72, 74)]_0_6037_0_OspV (lhs=0.4469)  : [ 3100.3838,  3100.6145], score = 1.26      <et=87.73>
SB phase 1 cand. 48 branch on var x[(42, 93)]_0_4151_0_OspV (lhs=0.4464)  : [ 3099.9224,  3100.7545], score = 0.76      <et=87.89>
SB phase 1 cand. 49 branch on var x[(5, 64)]_0_533_0_OspV (lhs=0.5537)    : [ 3100.4746,  3101.2745], score = 2.10      <et=88.09>
SB phase 1 cand. 50 branch on var x[(0, 96)]_0_6935_0_OspV (lhs=0.4456)   : [ 3100.0209,  3101.0057], score = 1.06      <et=88.26>
SB phase 1 cand. 51 branch on var x[(53, 96)]_0_4957_0_OspV (lhs=0.5544)  : [ 3100.2244,  3100.8429], score = 1.26      <et=88.44>
SB phase 1 cand. 52 branch on var x[(0, 98)]_0_6984_0_OspV (lhs=0.4404)   : [ 3100.2877,  3100.5893], score = 1.12      <et=88.61>
SB phase 1 cand. 53 branch on var x[(87, 115)]_0_6693_0_OspV (lhs=0.4365) : [ 3100.8368,  3101.2981], score = 2.83      <et=88.81>
SB phase 1 cand. 54 branch on var x[(13, 68)]_0_1429_0_OspV (lhs=0.4292)  : [ 3100.4502,  3103.0501], score = 3.97      <et=89.01>
SB phase 1 cand. 55 branch on var x[(98, 118)]_0_7004_0_OspV (lhs=0.5895) : [ 3099.9473,  3101.4765], score = 1.21      <et=89.2>
SB phase 1 cand. 56 branch on var x[(74, 90)]_0_6148_0_OspV (lhs=0.4102)  : [ 3100.1314,  3100.7538], score = 1.05      <et=89.35>
SB phase 1 cand. 57 branch on var x[(50, 117)]_0_4771_0_OspV (lhs=0.5922) : [ 3102.0992,  3102.8598], score = 9.52      <et=89.59>
SB phase 1 cand. 58 branch on var x[(8, 50)]_0_861_0_OspV (lhs=0.4078)    : [ 3101.4036,  3102.8359], score = 7.05      <et=89.82>
SB phase 1 cand. 59 branch on var x[(0, 105)]_0_7124_0_OspV (lhs=0.3974)  : [ 3099.4035,  3102.9614], score = 0.12      <et=89.97>
SB phase 1 cand. 60 branch on var x[(0, 94)]_0_6882_0_OspV (lhs=0.3934)   : [ 3100.2922,  3100.6869], score = 1.21      <et=90.14>
SB phase 1 cand. 61 branch on var x[(17, 37)]_0_1820_0_OspV (lhs=0.6087)  : [ 3100.9586,  3103.3636], score = 6.34      <et=90.37>
SB phase 1 cand. 62 branch on var x[(17, 83)]_0_1866_0_OspV (lhs=0.3913)  : [ 3100.9586,  3103.7486], score = 6.95      <et=90.62>
SB phase 1 cand. 63 branch on var x[(37, 69)]_0_3722_0_OspV (lhs=0.3913)  : [ 3100.9586,  3103.9705], score = 7.31      <et=90.89>
SB phase 1 cand. 64 branch on var x[(37, 76)]_0_3729_0_OspV (lhs=0.6087)  : [ 3100.9586,  3103.9705], score = 7.31      <et=91.12>
SB phase 1 cand. 65 branch on var x[(4, 37)]_0_390_0_OspV (lhs=0.3913)    : [ 3100.9586,  3103.7249], score = 6.92      <et=91.35>
SB phase 1 cand. 66 branch on var x[(4, 69)]_0_422_0_OspV (lhs=0.6087)    : [ 3100.9586,  3103.7257], score = 6.92      <et=91.57>
SB phase 1 cand. 67 branch on var x[(76, 108)]_0_6257_0_OspV (lhs=0.3913) : [ 3100.8819,  3103.9705], score = 6.95      <et=91.8>
SB phase 1 cand. 68 branch on var x[(65, 70)]_0_5669_0_OspV (lhs=0.3900)  : [ 3100.0340,  3102.1436], score = 1.84      <et=91.97>
SB phase 1 cand. 69 branch on var x[(28, 88)]_0_2949_0_OspV (lhs=0.6107)  : [ 3099.9554,  3101.0501], score = 0.98      <et=92.14>
SB phase 1 cand. 70 branch on var x[(0, 90)]_0_6764_0_OspV (lhs=0.3881)   : [ 3099.9894,  3103.1072], score = 2.31      <et=92.35>
SB phase 1 cand. 71 branch on var x[(0, 72)]_0_6035_0_OspV (lhs=0.3874)   : [ 3099.8254,  3100.8335], score = 0.67      <et=92.5>
SB phase 1 cand. 72 branch on var x[(3, 107)]_0_343_0_OspV (lhs=0.6148)   : [ 3100.6709,  3102.1071], score = 3.56      <et=92.7>
SB phase 1 cand. 73 branch on var x[(47, 64)]_0_4502_0_OspV (lhs=0.6210)  : [ 3100.0634,  3100.4342], score = 0.74      <et=92.86>
SB phase 1 cand. 74 branch on var x[(34, 98)]_0_3496_0_OspV (lhs=0.3733)  : [ 3099.9427,  3102.3788], score = 1.72      <et=93.05>
SB phase 1 cand. 75 branch on var x[(8, 85)]_0_896_0_OspV (lhs=0.3691)    : [ 3101.1776,  3103.2545], score = 7.02      <et=93.26>
SB phase 1 cand. 76 branch on var x[(10, 98)]_0_1132_0_OspV (lhs=0.3629)  : [ 3100.0285,  3101.7485], score = 1.56      <et=93.44>
SB phase 1 cand. 77 branch on var x[(77, 78)]_0_6271_0_OspV (lhs=0.6376)  : [ 3100.3631,  3107.4615], score = 8.03      <et=93.69>
SB phase 1 cand. 78 branch on var x[(71, 72)]_0_5986_0_OspV (lhs=0.3603)  : [ 3100.2627,  3103.5201], score = 3.70      <et=93.9>
SB phase 1 cand. 79 branch on var x[(58, 79)]_0_5265_0_OspV (lhs=0.3552)  : [ 3099.8544,  3100.9259], score = 0.75      <et=94.06>
SB phase 1 cand. 80 branch on var x[(28, 114)]_0_2975_0_OspV (lhs=0.3543) : [ 3100.1315,  3103.1911], score = 2.91      <et=94.24>
SB phase 1 cand. 81 branch on var x[(23, 115)]_0_2501_0_OspV (lhs=0.3533) : [ 3099.9485,  3103.2739], score = 2.26      <et=94.41>
SB phase 1 cand. 82 branch on var x[(0, 83)]_0_6519_0_OspV (lhs=0.3450)   : [ 3100.6375,  3100.9905], score = 2.05      <et=94.6>
SB phase 1 cand. 83 branch on var x[(0, 99)]_0_7007_0_OspV (lhs=0.6568)   : [ 3100.8192,  3102.3084], score = 4.26      <et=94.82>
SB phase 1 cand. 84 branch on var x[(10, 90)]_0_1124_0_OspV (lhs=0.3407)  : [ 3100.2750,  3104.7094], score = 4.83      <et=95.04>
SB phase 1 cand. 85 branch on var x[(66, 83)]_0_5737_0_OspV (lhs=0.3405)  : [ 3100.0802,  3101.9218], score = 1.81      <et=95.23>
SB phase 1 cand. 86 branch on var x[(0, 5)]_0_474_0_OspV (lhs=0.3401)     : [ 3099.7684,  3100.9353], score = 0.62      <et=95.38>
SB phase 1 cand. 87 branch on var x[(94, 102)]_0_6890_0_OspV (lhs=0.3307) : [ 3099.8379,  3103.6231], score = 1.99      <et=95.57>
SB phase 1 cand. 88 branch on var x[(2, 102)]_0_220_0_OspV (lhs=0.3296)   : [ 3099.6653,  3100.7334], score = 0.40      <et=95.74>
SB phase 1 cand. 89 branch on var x[(66, 96)]_0_5750_0_OspV (lhs=0.6731)  : [ 3099.9031,  3100.9373], score = 0.83      <et=95.92>
SB phase 1 cand. 90 branch on var x[(48, 63)]_0_4574_0_OspV (lhs=0.3227)  : [ 3099.3716,  3102.8046], score = 0.00      <et=96.08>
SB phase 1 cand. 91 branch on var x[(41, 83)]_0_4062_0_OspV (lhs=0.3210)  : [ 3100.3755,  3107.1327], score = 7.80      <et=96.34>
SB phase 1 cand. 92 branch on var x[(23, 42)]_0_2428_0_OspV (lhs=0.3198)  : [ 3099.8035,  3104.7342], score = 2.32      <et=96.55>
SB phase 1 cand. 93 branch on var x[(22, 61)]_0_2349_0_OspV (lhs=0.6817)  : [ 3101.7457,  3104.8636], score = 13.05      <et=96.8>
SB phase 1 cand. 94 branch on var x[(89, 101)]_0_6744_0_OspV (lhs=0.6856) : [ 3099.4206,  3099.4388], score = 0.00      <et=96.87>
SB phase 1 cand. 95 branch on var x[(0, 28)]_0_2889_0_OspV (lhs=0.3119)   : [ 3099.8214,  3101.2954], score = 0.87      <et=97.05>
SB phase 1 cand. 96 branch on var x[(11, 59)]_0_1203_0_OspV (lhs=0.3097)  : [ 3100.5435,  3101.8601], score = 2.92      <et=97.25>
SB phase 1 cand. 97 branch on var x[(32, 59)]_0_3282_0_OspV (lhs=0.6903)  : [ 3100.5435,  3102.2114], score = 3.33      <et=97.45>
SB phase 1 cand. 98 branch on var x[(5, 79)]_0_548_0_OspV (lhs=0.3091)    : [ 3099.7279,  3102.3567], score = 1.07      <et=97.63>
SB phase 1 cand. 99 branch on var x[(26, 77)]_0_2751_0_OspV (lhs=0.6910)  : [ 3100.4057,  3109.5767], score = 10.57      <et=97.9>
SB phase 1 cand. 100 branch on var x[(52, 102)]_0_4895_0_OspV (lhs=0.3077) : [ 3099.6065,  3100.6395], score = 0.30      <et=98.07>
**** Strong branching phase 2 is started *****
<DWph=1> <it= 15> <et=101.21> <Mt= 0.29> <Spt= 2.84> <nCl= 67> <al=0.00> <DB= 3103.1853> <Mlp= 3103.1853> <PB=10000000> 
<DWph=1> <it= 24> <et=106.47> <Mt= 0.24> <Spt= 4.74> <nCl=114> <al=0.00> <DB= 3101.0904> <Mlp= 3101.0904> <PB=10000000> 
SB phase 2 cand.  1 branch on var x[(22, 61)]_0_2349_0_OspV (lhs=0.6817): [ 3101.0904,  3103.1853], score = 6.56      <et=106.5>
<DWph=2> <it= 11> <et=107.95> <Mt= 0.17> <Spt= 1.11> <nCl= 59> <al=0.55> <DB= 2627.5222> <Mlp= 3101.7901> <PB=10000000> 
<DWph=1> <it= 15> <et=109.19> <Mt= 0.05> <Spt= 1.19> <nCl= 26> <al=0.00> <DB= 3101.4846> <Mlp= 3101.4846> <PB=10000000> 
<DWph=1> <it= 12> <et=111.63> <Mt= 0.15> <Spt= 2.10> <nCl= 75> <al=0.00> <DB= 3101.6884> <Mlp= 3101.6884> <PB=10000000> 
SB phase 2 cand.  2 branch on var x[(6, 86)]_0_670_0_OspV (lhs=0.4960)  : [ 3101.4846,  3101.6884], score = 4.90      <et=111.65>
<DWph=1> <it= 38> <et=117.31> <Mt= 0.38> <Spt= 5.09> <nCl=363> <al=0.00> <DB= 3105.4245> <Mlp= 3105.4245> <PB=10000000> 
<DWph=1> <it=  9> <et=119.46> <Mt= 0.07> <Spt= 1.88> <nCl= 19> <al=0.00> <DB= 3100.3405> <Mlp= 3100.3405> <PB=10000000> 
SB phase 2 cand.  3 branch on Psi[2,5] (lhs=1.3090)                     : [ 3100.3405,  3105.4245], score = 5.87      <et=119.48>
**** Strong branching phase 3 is started *****
**** SB phase 3 evaluation of candidate 1, branch 1 ( x[(22, 61)]_0_2349_0_OspV <= 0 ), value = 3103.19
<DWph=2> <it=  1> <et=119.78> <Mt= 0.00> <Spt= 0.11> <nCl=  8> <al=0.50> <DB= 2959.5490> <Mlp= 3103.1853> <PB=10000000> 
<DWph=2> <it=  2> <et=119.99> <Mt= 0.03> <Spt= 0.19> <nCl=  1> <al=0.00> <DB= 3103.1440> <Mlp= 3103.1440> <PB=10000000> 
<DWph=1> <it=  3> <et=120.38> <Mt= 0.00> <Spt= 0.38> <nCl=  0> <al=0.00> <DB= 3103.1440> <Mlp= 3103.1440> <PB=10000000> 
    RCSP exact solver info for graph G_0 : TT = 1.11503, pt = 0.00337, dt = 1.02907, ct = 0.080858, ndl = 112046', bdl = 8596956', odl = 73746', odf = 1641475', bsi = 2256', cnt = 3097988', bdch = 211879441', odch = 24806312', lcp = 5880779', #sols = 150
<DWph=0> <it=  4> <et=121.52> <Mt= 0.00> <Spt= 1.14> <nCl=150> <al=0.20> <DB= 2678.3339> <Mlp= 3103.1440> <PB=10000000> 
    RCSP exact solver info for graph G_0 : TT = 1.23058, pt = 0.003704, dt = 1.13645, ct = 0.088231, ndl = 116573', bdl = 8882093', odl = 74226', odf = 1727348', bsi = 2220', cnt = 3423276', bdch = 224671068', odch = 29991371', lcp = 6678664', #sols = 150
<DWph=0> <it=  5> <et=122.80> <Mt= 0.05> <Spt= 1.24> <nCl= 21> <al=0.28> <DB= 2983.9294> <Mlp= 3102.7721> <PB=10000000> 
    RCSP exact solver info for graph G_0 : TT = 1.28822, pt = 0.004345, dt = 1.18758, ct = 0.094363, ndl = 116008', bdl = 8861234', odl = 73483', odf = 1719033', bsi = 2213', cnt = 3436966', bdch = 222172392', odch = 29756297', lcp = 6598381', #sols = 150
<DWph=0> <it=  6> <et=124.11> <Mt= 0.00> <Spt= 1.30> <nCl= 28> <al=0.18> <DB= 3041.2929> <Mlp= 3102.7559> <PB=10000000> 
    RCSP exact solver info for graph G_0 : TT = 1.2551, pt = 0.003949, dt = 1.16013, ct = 0.089273, ndl = 115928', bdl = 8853242', odl = 73357', odf = 1718009', bsi = 2218', cnt = 3433737', bdch = 221814994', odch = 29765063', lcp = 6608978', #sols = 150
    RCSP exact solver info for graph G_0 : TT = 1.22824, pt = 0.003749, dt = 1.13747, ct = 0.085076, ndl = 115314', bdl = 8814715', odl = 73216', odf = 1712077', bsi = 2222', cnt = 3379391', bdch = 220102130', odch = 29511231', lcp = 6534719', #sols = 150
<DWph=0> <it=  7> <et=126.61> <Mt= 0.01> <Spt= 2.49> <nCl= 14> <al=0.00> <DB= 3102.7544> <Mlp= 3102.7544> <PB=10000000> 
RCSP solver dynamic params and stats :  bidir.bord. = 375 aver.obdmd = 98.3607 aver.buck.num. = 101 nbR1C = 126 with avMem = 15.5476
@@ 208 0 3102.75 1.2177 1.28195 92.389 126.61
    Full reduced cost fixing is not called (gap ratio is 0.999994)
ColGenEvalAlg final dual bound: 3102.75 (rounded: 3103)
Current active cuts : CAP(3,53.6128) R1C(13+113,316.771) 1rowPackR1C(13) 3rowPackR1C(71) 4rowPackR1C(32) 5rowPackR1C(10)
17 Rank-1 1-rows pack. cuts added ,  max viol. = 0.0789442, aver. viol. = 0.0435744
150 Rank-1 3-rows pack. cuts added ,  max viol. = 0.221153, aver. viol. = 0.118285
Shrinking heuristic shrunk 21 edges
In total 3 RCC cut(s) are found by the global pool greedy search heuristic 
----- Add fac. cuts : CAP(3) R1C(167), max.viol = 0.244064, aver.viol = 0.116842, sep/add took 0.0616064/0.387123 sec. -----
8140 columns (7484 active), 326 dyn. constrs. (300 active), 572 art. vars. (542 active)
<DWph=2> <it=  1> <et=127.33> <Mt= 0.12> <Spt= 0.11> <nCl=  2> <al=0.50> <DB= 3053.6859> <Mlp= 3104.5914> <PB=10000000> 
<DWph=2> <it=  2> <et=127.48> <Mt= 0.04> <Spt= 0.11> <nCl=  1> <al=0.55> <DB= 3103.5620> <Mlp= 3104.5490> <PB=10000000> 
<DWph=2> <it=  3> <et=127.61> <Mt= 0.01> <Spt= 0.13> <nCl=  3> <al=0.45> <DB= 2937.4418> <Mlp= 3104.5488> <PB=10000000> 
<DWph=2> <it=  4> <et=127.76> <Mt= 0.03> <Spt= 0.12> <nCl=  2> <al=0.51> <DB= 2877.3529> <Mlp= 3104.5293> <PB=10000000> 
<DWph=2> <it=  5> <et=127.99> <Mt= 0.02> <Spt= 0.21> <nCl=  2> <al=0.11> <DB= 2956.7150> <Mlp= 3104.5274> <PB=10000000> 
<DWph=2> <it=  6> <et=128.11> <Mt= 0.00> <Spt= 0.11> <nCl=  1> <al=0.45> <DB= 2956.3949> <Mlp= 3104.5274> <PB=10000000> 
<DWph=2> <it=  7> <et=128.24> <Mt= 0.03> <Spt= 0.11> <nCl=  2> <al=0.51> <DB= 3075.8306> <Mlp= 3104.5079> <PB=10000000> 
<DWph=2> <it=  8> <et=128.48> <Mt= 0.00> <Spt= 0.23> <nCl=  4> <al=0.12> <DB= 2859.7419> <Mlp= 3104.5079> <PB=10000000> 
<DWph=2> <it=  9> <et=128.62> <Mt= 0.03> <Spt= 0.11> <nCl=  2> <al=0.46> <DB= 2927.0563> <Mlp= 3104.4978> <PB=10000000> 
<DWph=2> <it= 10> <et=128.87> <Mt= 0.02> <Spt= 0.23> <nCl=  9> <al=0.02> <DB= 2630.3610> <Mlp= 3104.4789> <PB=10000000> 
<DWph=2> <it= 11> <et=129.11> <Mt= 0.01> <Spt= 0.22> <nCl=  4> <al=0.00> <DB= 3104.4788> <Mlp= 3104.4788> <PB=10000000> 
<DWph=1> <it= 12> <et=129.33> <Mt= 0.01> <Spt= 0.22> <nCl= 17> <al=0.31> <DB= 2516.6358> <Mlp= 3104.4788> <PB=10000000> 
<DWph=1> <it= 13> <et=129.58> <Mt= 0.03> <Spt= 0.22> <nCl=  3> <al=0.21> <DB= 3006.5448> <Mlp= 3104.4526> <PB=10000000> 
<DWph=1> <it= 14> <et=129.82> <Mt= 0.01> <Spt= 0.23> <nCl=  3> <al=0.11> <DB= 3093.4540> <Mlp= 3104.4520> <PB=10000000> 
<DWph=1> <it= 15> <et=130.25> <Mt= 0.00> <Spt= 0.43> <nCl=  0> <al=0.00> <DB= 3104.4520> <Mlp= 3104.4520> <PB=10000000> 
    RCSP exact solver info for graph G_0 : TT = 1.7469, pt = 0.00406, dt = 1.61093, ct = 0.130031, ndl = 147105', bdl = 11047992', odl = 86512', odf = 2220830', bsi = 2252', cnt = 4936505', bdch = 341597914', odch = 40540687', lcp = 9033696', #sols = 150
<DWph=0> <it= 16> <et=132.04> <Mt= 0.01> <Spt= 1.78> <nCl=150> <al=0.00> <DB= 2359.0004> <Mlp= 3104.4520> <PB=10000000> 
    RCSP exact solver info for graph G_0 : TT = 3.62086, pt = 0.004861, dt = 3.50027, ct = 0.11358, ndl = 138471', bdl = 10457313', odl = 83211', odf = 2055802', bsi = 2199', cnt = 4212805', bdch = 306147279', odch = 36466266', lcp = 8232696', #sols = 150
<DWph=0> <it= 17> <et=133.74> <Mt= 0.03> <Spt= 1.67> <nCl= 45> <al=0.00> <DB= 2943.2196> <Mlp= 3104.4030> <PB=10000000> 
    RCSP exact solver info for graph G_0 : TT = 1.64669, pt = 0.00478, dt = 1.52933, ct = 0.110839, ndl = 140142', bdl = 10614084', odl = 83312', odf = 2086711', bsi = 2185', cnt = 4236047', bdch = 313865000', odch = 37444982', lcp = 8433630', #sols = 150
<DWph=0> <it= 18> <et=135.42> <Mt= 0.03> <Spt= 1.65> <nCl= 25> <al=0.02> <DB= 2962.5552> <Mlp= 3104.3969> <PB=10000000> 
    RCSP exact solver info for graph G_0 : TT = 1.59128, pt = 0.004873, dt = 1.46982, ct = 0.114846, ndl = 139793', bdl = 10569835', odl = 83169', odf = 2082489', bsi = 2216', cnt = 4235662', bdch = 312076152', odch = 37209437', lcp = 8373383', #sols = 150
    RCSP exact solver info for graph G_0 : TT = 1.57093, pt = 0.004312, dt = 1.45567, ct = 0.109034, ndl = 139219', bdl = 10543601', odl = 82896', odf = 2071859', bsi = 2190', cnt = 4206264', bdch = 309634948', odch = 37151291', lcp = 8343113', #sols = 150
<DWph=0> <it= 19> <et=138.62> <Mt= 0.00> <Spt= 3.19> <nCl= 56> <al=0.00> <DB= 3104.3968> <Mlp= 3104.3968> <PB=10000000> 
RCSP solver dynamic params and stats :  bidir.bord. = 375 aver.obdmd = 98.3607 aver.buck.num. = 101 nbR1C = 148 with avMem = 15.2568
@@ 208 1 3104.4 2.02887 3.61385 92.389 138.62
    Full reduced cost fixing is not called (gap ratio is 0.999994)
ColGenEvalAlg final dual bound: 3104.4 (rounded: 3105)
False gap improvement since the last cut separation : 0.0052934 (3102.75)
Separator R1C not in maximum phase
Cut generation tailing off counter increased to 0
Current active cuts : CAP(4,62.1201) R1C(21+127,360.949) 1rowPackR1C(21) 3rowPackR1C(86) 4rowPackR1C(32) 5rowPackR1C(9)
2 Rank-1 1-rows pack. cuts added ,  max viol. = 0.0656269, aver. viol. = 0.0589991
150 Rank-1 3-rows pack. cuts added ,  max viol. = 0.157915, aver. viol. = 0.0776107
Building structures for heuristic rank-1 packing cut separation...done!
100 Rank-1 4-rows pack. cuts added ,  max viol. = 0.181335, aver. viol. = 0.117217
Shrinking heuristic shrunk 22 edges
----- Add fac. cuts : R1C(252), max.viol = 0.181335, aver.viol = 0.0974978, sep/add took 0.124802/0.588842 sec. -----
8471 columns (7815 active), 578 dyn. constrs. (405 active), 824 art. vars. (647 active)
<DWph=2> <it=  1> <et=139.70> <Mt= 0.21> <Spt= 0.13> <nCl=  6> <al=0.50> <DB= 2938.1191> <Mlp= 3106.9740> <PB=10000000> 
<DWph=2> <it=  2> <et=140.03> <Mt= 0.08> <Spt= 0.24> <nCl= 23> <al=0.10> <DB= 2670.4872> <Mlp= 3106.8572> <PB=10000000> 
<DWph=2> <it=  3> <et=140.19> <Mt= 0.03> <Spt= 0.13> <nCl= 11> <al=0.45> <DB= 2556.3028> <Mlp= 3106.8080> <PB=10000000> 
<DWph=2> <it=  4> <et=140.38> <Mt= 0.06> <Spt= 0.13> <nCl=  6> <al=0.51> <DB= 2808.9532> <Mlp= 3106.7231> <PB=10000000> 
<DWph=2> <it=  5> <et=140.56> <Mt= 0.06> <Spt= 0.11> <nCl=  3> <al=0.55> <DB= 3060.2343> <Mlp= 3106.6299> <PB=10000000> 
<DWph=2> <it=  6> <et=140.83> <Mt= 0.05> <Spt= 0.23> <nCl=  9> <al=0.20> <DB= 3078.2412> <Mlp= 3106.6057> <PB=10000000> 
<DWph=2> <it=  7> <et=141.08> <Mt= 0.02> <Spt= 0.23> <nCl=  5> <al=0.00> <DB= 2937.7185> <Mlp= 3106.6044> <PB=10000000> 
<DWph=2> <it=  8> <et=141.34> <Mt= 0.01> <Spt= 0.24> <nCl=  3> <al=0.00> <DB= 2735.6688> <Mlp= 3106.6041> <PB=10000000> 
<DWph=2> <it=  9> <et=141.50> <Mt= 0.04> <Spt= 0.13> <nCl=  3> <al=0.30> <DB= 2883.7402> <Mlp= 3106.5847> <PB=10000000> 
<DWph=2> <it= 10> <et=141.77> <Mt= 0.03> <Spt= 0.23> <nCl=  8> <al=0.00> <DB= 2728.5707> <Mlp= 3106.5794> <PB=10000000> 
<DWph=2> <it= 11> <et=142.03> <Mt= 0.02> <Spt= 0.24> <nCl=  4> <al=0.00> <DB= 3067.3683> <Mlp= 3106.5773> <PB=10000000> 
<DWph=2> <it= 12> <et=142.17> <Mt= 0.01> <Spt= 0.13> <nCl=  3> <al=0.17> <DB= 3065.5518> <Mlp= 3106.5768> <PB=10000000> 
<DWph=2> <it= 13> <et=142.44> <Mt= 0.02> <Spt= 0.25> <nCl=  1> <al=0.00> <DB= 3092.6447> <Mlp= 3106.5761> <PB=10000000> 
<DWph=2> <it= 14> <et=142.70> <Mt= 0.01> <Spt= 0.25> <nCl=  1> <al=0.00> <DB= 3106.5761> <Mlp= 3106.5761> <PB=10000000> 
<DWph=1> <it= 15> <et=142.93> <Mt= 0.00> <Spt= 0.23> <nCl= 20> <al=0.05> <DB= 2708.3414> <Mlp= 3106.5761> <PB=10000000> 
<DWph=1> <it= 16> <et=143.21> <Mt= 0.05> <Spt= 0.23> <nCl=  8> <al=0.00> <DB= 2817.5524> <Mlp= 3106.5300> <PB=10000000> 
<DWph=1> <it= 17> <et=143.45> <Mt= 0.02> <Spt= 0.22> <nCl=  2> <al=0.00> <DB= 2955.5568> <Mlp= 3106.5296> <PB=10000000> 
<DWph=1> <it= 18> <et=143.70> <Mt= 0.01> <Spt= 0.24> <nCl=  1> <al=0.00> <DB= 3048.2499> <Mlp= 3106.5296> <PB=10000000> 
<DWph=1> <it= 19> <et=143.92> <Mt= 0.00> <Spt= 0.22> <nCl=  0> <al=0.00> <DB= 3106.5296> <Mlp= 3106.5296> <PB=10000000> 
    RCSP exact solver info for graph G_0 : TT = 1.70147, pt = 0.004359, dt = 1.57703, ct = 0.118464, ndl = 148319', bdl = 11219081', odl = 89099', odf = 2296933', bsi = 2291', cnt = 4861551', bdch = 346720389', odch = 38525824', lcp = 8715094', #sols = 150
<DWph=0> <it= 20> <et=145.66> <Mt= 0.01> <Spt= 1.74> <nCl=150> <al=0.00> <DB= 2611.1727> <Mlp= 3106.5296> <PB=10000000> 
    RCSP exact solver info for graph G_0 : TT = 1.81008, pt = 0.004931, dt = 1.67606, ct = 0.127237, ndl = 152553', bdl = 11511833', odl = 88496', odf = 2349796', bsi = 2273', cnt = 5184207', bdch = 369354277', odch = 42613273', lcp = 9347933', #sols = 150
<DWph=0> <it= 21> <et=147.61> <Mt= 0.10> <Spt= 1.83> <nCl= 77> <al=0.00> <DB= 2975.5692> <Mlp= 3106.3325> <PB=10000000> 
    RCSP exact solver info for graph G_0 : TT = 1.83039, pt = 0.005339, dt = 1.69269, ct = 0.130416, ndl = 154228', bdl = 11610700', odl = 88912', odf = 2377539', bsi = 2275', cnt = 5562376', bdch = 378961597', odch = 43653379', lcp = 9647996', #sols = 150
<DWph=0> <it= 22> <et=149.50> <Mt= 0.05> <Spt= 1.85> <nCl= 48> <al=0.00> <DB= 3032.5441> <Mlp= 3106.3040> <PB=10000000> 
    RCSP exact solver info for graph G_0 : TT = 1.82035, pt = 0.005171, dt = 1.68596, ct = 0.12737, ndl = 150842', bdl = 11451613', odl = 88339', odf = 2304245', bsi = 2266', cnt = 4981293', bdch = 363897624', odch = 40585455', lcp = 9103037', #sols = 150
<DWph=0> <it= 23> <et=151.36> <Mt= 0.03> <Spt= 1.83> <nCl= 17> <al=0.01> <DB= 3023.4455> <Mlp= 3106.3035> <PB=10000000> 
    RCSP exact solver info for graph G_0 : TT = 1.87458, pt = 0.005148, dt = 1.73494, ct = 0.132621, ndl = 151627', bdl = 11481681', odl = 89087', odf = 2330297', bsi = 2297', cnt = 5136680', bdch = 367628065', odch = 41396516', lcp = 9220891', #sols = 150
    RCSP exact solver info for graph G_0 : TT = 1.83506, pt = 0.005383, dt = 1.69899, ct = 0.128785, ndl = 150913', bdl = 11437738', odl = 88874', odf = 2314513', bsi = 2286', cnt = 5066761', bdch = 364765196', odch = 40791426', lcp = 9146280', #sols = 150
<DWph=0> <it= 24> <et=155.10> <Mt= 0.01> <Spt= 3.73> <nCl= 22> <al=0.00> <DB= 3106.3033> <Mlp= 3106.3033> <PB=10000000> 
RCSP solver dynamic params and stats :  bidir.bord. = 375 aver.obdmd = 98.3607 aver.buck.num. = 101 nbR1C = 177 with avMem = 16.1243
@@ 208 2 3106.3 1.80509 1.86756 92.389 155.1
    Full reduced cost fixing is not called (gap ratio is 0.999994)
ColGenEvalAlg final dual bound: 3106.3 (rounded: 3107)
False gap improvement since the last cut separation : 0.0061413 (3104.4)
Separator R1C not in maximum phase
Cut generation tailing off counter increased to 0
Current active cuts : CAP(4,81.7792) R1C(21+156,380.774) 1rowPackR1C(21) 3rowPackR1C(96) 4rowPackR1C(51) 5rowPackR1C(9)
1 Rank-1 1-rows pack. cuts added ,  max viol. = 0.0342908, aver. viol. = 0.0342908
150 Rank-1 3-rows pack. cuts added ,  max viol. = 0.187325, aver. viol. = 0.0691086
Building structures for heuristic rank-1 packing cut separation...done!
100 Rank-1 4-rows pack. cuts added ,  max viol. = 0.176272, aver. viol. = 0.0815898
100 Rank-1 5-rows pack. cuts added ,  max viol. = 0.206169, aver. viol. = 0.109569
Shrinking heuristic shrunk 20 edges
In total 1 RCC cut(s) are found by the greedy construction heuristic 
In total 2 RCC cut(s) are found by the global pool greedy search heuristic 
----- Add fac. cuts : CAP(3) R1C(351), max.viol = 0.290016, aver.viol = 0.091277, sep/add took 0.793555/0.921475 sec. -----
8902 columns (8246 active), 794 dyn. constrs. (536 active), 1178 art. vars. (778 active)
<DWph=2> <it=  1> <et=157.24> <Mt= 0.21> <Spt= 0.15> <nCl=  2> <al=0.50> <DB= 3105.0895> <Mlp= 3107.6479> <PB=10000000> 
<DWph=2> <it=  2> <et=157.55> <Mt= 0.01> <Spt= 0.30> <nCl=  3> <al=0.10> <DB= 3046.9123> <Mlp= 3107.6410> <PB=10000000> 
<DWph=2> <it=  3> <et=157.73> <Mt= 0.03> <Spt= 0.15> <nCl=  3> <al=0.45> <DB= 3077.0399> <Mlp= 3107.6390> <PB=10000000> 
<DWph=2> <it=  4> <et=157.89> <Mt= 0.02> <Spt= 0.14> <nCl=  2> <al=0.51> <DB= 3107.2675> <Mlp= 3107.6371> <PB=10000000> 
<DWph=2> <it=  5> <et=158.04> <Mt= 0.01> <Spt= 0.14> <nCl=  1> <al=0.41> <DB= 3081.5298> <Mlp= 3107.6367> <PB=10000000> 
<DWph=2> <it=  6> <et=158.32> <Mt= 0.01> <Spt= 0.27> <nCl=  2> <al=0.00> <DB= 3026.9273> <Mlp= 3107.6354> <PB=10000000> 
<DWph=2> <it=  7> <et=158.48> <Mt= 0.02> <Spt= 0.14> <nCl=  1> <al=0.36> <DB= 3072.1504> <Mlp= 3107.6351> <PB=10000000> 
<DWph=2> <it=  8> <et=158.77> <Mt= 0.02> <Spt= 0.26> <nCl=  3> <al=0.00> <DB= 2938.4803> <Mlp= 3107.6295> <PB=10000000> 
<DWph=2> <it=  9> <et=158.93> <Mt= 0.02> <Spt= 0.14> <nCl=  4> <al=0.33> <DB= 2920.8757> <Mlp= 3107.6295> <PB=10000000> 
<DWph=2> <it= 10> <et=159.14> <Mt= 0.04> <Spt= 0.17> <nCl=  2> <al=0.40> <DB= 3020.0306> <Mlp= 3107.6190> <PB=10000000> 
<DWph=2> <it= 11> <et=159.44> <Mt= 0.03> <Spt= 0.27> <nCl=  3> <al=0.00> <DB= 3011.5503> <Mlp= 3107.6151> <PB=10000000> 
<DWph=2> <it= 12> <et=159.78> <Mt= 0.06> <Spt= 0.28> <nCl=  0> <al=0.00> <DB= 3107.5980> <Mlp= 3107.5980> <PB=10000000> 
<DWph=1> <it= 13> <et=160.06> <Mt= 0.01> <Spt= 0.27> <nCl=  4> <al=0.10> <DB= 2910.4780> <Mlp= 3107.5980> <PB=10000000> 
<DWph=1> <it= 14> <et=160.40> <Mt= 0.07> <Spt= 0.26> <nCl=  2> <al=0.00> <DB= 2970.4730> <Mlp= 3107.5335> <PB=10000000> 
<DWph=1> <it= 15> <et=160.68> <Mt= 0.02> <Spt= 0.28> <nCl=  3> <al=0.10> <DB= 2952.9670> <Mlp= 3107.5331> <PB=10000000> 
<DWph=1> <it= 16> <et=161.01> <Mt= 0.05> <Spt= 0.26> <nCl=  5> <al=0.19> <DB= 2999.0996> <Mlp= 3107.5025> <PB=10000000> 
<DWph=1> <it= 17> <et=161.57> <Mt= 0.03> <Spt= 0.53> <nCl=  2> <al=0.00> <DB= 3107.5012> <Mlp= 3107.5012> <PB=10000000> 
    RCSP exact solver info for graph G_0 : TT = 2.67971, pt = 0.006078, dt = 2.46716, ct = 0.204406, ndl = 182259', bdl = 13534042', odl = 98876', odf = 2803018', bsi = 2400', cnt = 8058592', bdch = 497769486', odch = 62741375', lcp = 13702990', #sols = 150
<DWph=0> <it= 18> <et=164.30> <Mt= 0.01> <Spt= 2.73> <nCl=107> <al=0.17> <DB= 2627.5012> <Mlp= 3107.5012> <PB=10000000> 
    RCSP exact solver info for graph G_0 : TT = 2.63954, pt = 0.006846, dt = 2.41949, ct = 0.211068, ndl = 177509', bdl = 13251155', odl = 98407', odf = 2725956', bsi = 2429', cnt = 8024960', bdch = 477478650', odch = 58968349', lcp = 13129715', #sols = 150
<DWph=0> <it= 19> <et=167.06> <Mt= 0.09> <Spt= 2.67> <nCl= 73> <al=0.07> <DB= 2452.6193> <Mlp= 3107.4189> <PB=10000000> 
    RCSP exact solver info for graph G_0 : TT = 2.50904, pt = 0.006321, dt = 2.30429, ct = 0.196433, ndl = 179246', bdl = 13351568', odl = 98242', odf = 2742140', bsi = 2435', cnt = 8038895', bdch = 483544536', odch = 60285085', lcp = 13212520', #sols = 150
<DWph=0> <it= 20> <et=169.61> <Mt= 0.02> <Spt= 2.52> <nCl= 13> <al=0.16> <DB= 3030.2547> <Mlp= 3107.4154> <PB=10000000> 
    RCSP exact solver info for graph G_0 : TT = 2.48183, pt = 0.00676, dt = 2.28583, ct = 0.187232, ndl = 179940', bdl = 13394816', odl = 98867', odf = 2755242', bsi = 2455', cnt = 8115432', bdch = 487742539', odch = 60630449', lcp = 13296128', #sols = 150
<DWph=0> <it= 21> <et=172.12> <Mt= 0.01> <Spt= 2.50> <nCl= 31> <al=0.06> <DB= 3074.5799> <Mlp= 3107.4154> <PB=10000000> 
    RCSP exact solver info for graph G_0 : TT = 2.40449, pt = 0.006166, dt = 2.20434, ct = 0.192011, ndl = 179567', bdl = 13386165', odl = 97919', odf = 2741390', bsi = 2418', cnt = 8061838', bdch = 484200595', odch = 60600195', lcp = 13277115', #sols = 150
    RCSP exact solver info for graph G_0 : TT = 2.3493, pt = 0.005909, dt = 2.15207, ct = 0.18935, ndl = 180648', bdl = 13453086', odl = 98595', odf = 2759508', bsi = 2475', cnt = 8169041', bdch = 490786912', odch = 61028454', lcp = 13387078', #sols = 150
<DWph=0> <it= 22> <et=176.90> <Mt= 0.01> <Spt= 4.77> <nCl= 15> <al=0.00> <DB= 3107.4154> <Mlp= 3107.4154> <PB=10000000> 
RCSP solver dynamic params and stats :  bidir.bord. = 375 aver.obdmd = 98.3607 aver.buck.num. = 101 nbR1C = 188 with avMem = 17.1489
@@ 208 3 3107.42 2.50228 2.67157 92.389 176.9
    Full reduced cost fixing is not called (gap ratio is 0.999994)
ColGenEvalAlg final dual bound: 3107.42 (rounded: 3108)
False gap improvement since the last cut separation : 0.00358004 (3106.3)
Cut generation tailing off counter increased to 1
Current active cuts : CAP(5,66.0272) R1C(19+169,407.31) 1rowPackR1C(19) 3rowPackR1C(92) 4rowPackR1C(51) 5rowPackR1C(26)
11 Rank-1 1-rows pack. cuts added ,  max viol. = 0.0537651, aver. viol. = 0.0363758
150 Rank-1 3-rows pack. cuts added ,  max viol. = 0.11982, aver. viol. = 0.0510777
Building structures for heuristic rank-1 packing cut separation...done!
100 Rank-1 4-rows pack. cuts added ,  max viol. = 0.114216, aver. viol. = 0.0604475
100 Rank-1 5-rows pack. cuts added ,  max viol. = 0.138897, aver. viol. = 0.0866841
Shrinking heuristic shrunk 19 edges
----- Add fac. cuts : R1C(361), max.viol = 0.186076, aver.viol = 0.0743313, sep/add took 0.775159/0.960153 sec. -----
9183 columns (8527 active), 941 dyn. constrs. (555 active), 1539 art. vars. (797 active)
<DWph=2> <it=  1> <et=179.12> <Mt= 0.26> <Spt= 0.16> <nCl=  4> <al=0.50> <DB= 3075.6291> <Mlp= 3108.6772> <PB=10000000> 
<DWph=2> <it=  2> <et=179.35> <Mt= 0.07> <Spt= 0.15> <nCl=  2> <al=0.55> <DB= 3099.3449> <Mlp= 3108.6281> <PB=10000000> 
<DWph=2> <it=  3> <et=179.71> <Mt= 0.04> <Spt= 0.33> <nCl=  9> <al=0.19> <DB= 2967.5861> <Mlp= 3108.6248> <PB=10000000> 
<DWph=2> <it=  4> <et=179.94> <Mt= 0.06> <Spt= 0.17> <nCl=  3> <al=0.50> <DB= 2999.1778> <Mlp= 3108.6037> <PB=10000000> 
<DWph=2> <it=  5> <et=180.31> <Mt= 0.05> <Spt= 0.31> <nCl=  7> <al=0.09> <DB= 3044.3696> <Mlp= 3108.5991> <PB=10000000> 
<DWph=2> <it=  6> <et=180.52> <Mt= 0.04> <Spt= 0.17> <nCl=  6> <al=0.45> <DB= 2945.1118> <Mlp= 3108.5914> <PB=10000000> 
<DWph=2> <it=  7> <et=180.88> <Mt= 0.03> <Spt= 0.33> <nCl=  8> <al=0.00> <DB= 2994.8697> <Mlp= 3108.5869> <PB=10000000> 
<DWph=2> <it=  8> <et=181.22> <Mt= 0.03> <Spt= 0.30> <nCl=  3> <al=0.00> <DB= 3105.6937> <Mlp= 3108.5846> <PB=10000000> 
<DWph=2> <it=  9> <et=181.52> <Mt= 0.01> <Spt= 0.30> <nCl=  0> <al=0.00> <DB= 3108.5846> <Mlp= 3108.5846> <PB=10000000> 
<DWph=1> <it= 10> <et=181.81> <Mt= 0.00> <Spt= 0.28> <nCl=  8> <al=0.20> <DB= 2953.8028> <Mlp= 3108.5846> <PB=10000000> 
<DWph=1> <it= 11> <et=182.19> <Mt= 0.09> <Spt= 0.29> <nCl=  8> <al=0.28> <DB= 2757.6391> <Mlp= 3108.5442> <PB=10000000> 
<DWph=1> <it= 12> <et=182.87> <Mt= 0.08> <Spt= 0.60> <nCl=  0> <al=0.00> <DB= 3108.4903> <Mlp= 3108.4903> <PB=10000000> 
    RCSP exact solver info for graph G_0 : TT = 3.97491, pt = 0.006696, dt = 3.60766, ct = 0.358608, ndl = 232113', bdl = 16795904', odl = 114084', odf = 3658849', bsi = 2352', cnt = 14557372', bdch = 759196330', odch = 104205640', lcp = 22393863', #sols = 150
<DWph=0> <it= 13> <et=186.91> <Mt= 0.01> <Spt= 4.03> <nCl=150> <al=0.08> <DB= 2701.8941> <Mlp= 3108.4903> <PB=10000000> 
    RCSP exact solver info for graph G_0 : TT = 3.81989, pt = 0.007271, dt = 3.46283, ct = 0.347692, ndl = 227349', bdl = 16564864', odl = 113556', odf = 3567268', bsi = 2352', cnt = 12806597', bdch = 734831078', odch = 96921678', lcp = 20851825', #sols = 150
<DWph=0> <it= 14> <et=190.88> <Mt= 0.11> <Spt= 3.86> <nCl= 74> <al=0.17> <DB= 3038.1933> <Mlp= 3108.4303> <PB=10000000> 
    RCSP exact solver info for graph G_0 : TT = 3.84174, pt = 0.008609, dt = 3.47893, ct = 0.351892, ndl = 224602', bdl = 16377329', odl = 112385', odf = 3517901', bsi = 2354', cnt = 12660777', bdch = 714478933', odch = 94718502', lcp = 20414492', #sols = 150
<DWph=0> <it= 15> <et=194.77> <Mt= 0.03> <Spt= 3.86> <nCl= 21> <al=0.07> <DB= 3103.3172> <Mlp= 3108.4282> <PB=10000000> 
    RCSP exact solver info for graph G_0 : TT = 5.73778, pt = 0.007319, dt = 5.38354, ct = 0.344573, ndl = 224496', bdl = 16356686', odl = 112822', odf = 3519224', bsi = 2392', cnt = 12610300', bdch = 715693622', odch = 94226444', lcp = 20309744', #sols = 150
<DWph=0> <it= 16> <et=198.60> <Mt= 0.02> <Spt= 3.80> <nCl=  7> <al=0.00> <DB= 3108.4281> <Mlp= 3108.4281> <PB=10000000> 
RCSP solver dynamic params and stats :  bidir.bord. = 375 aver.obdmd = 98.3607 aver.buck.num. = 101 nbR1C = 227 with avMem = 17.8414
@@ 208 4 3108.43 4.33393 5.72811 92.389 198.6
    Full reduced cost fixing is not called (gap ratio is 0.999994)
ColGenEvalAlg final dual bound: 3108.43 (rounded: 3109)
False gap improvement since the last cut separation : 0.003259 (3107.42)
Cut generation tailing off counter increased to 2
Current active cuts : CAP(4,58.169) R1C(21+206,420.97) 1rowPackR1C(21) 3rowPackR1C(106) 4rowPackR1C(63) 5rowPackR1C(37)
7 Rank-1 1-rows pack. cuts added ,  max viol. = 0.0613897, aver. viol. = 0.0358294
150 Rank-1 3-rows pack. cuts added ,  max viol. = 0.169238, aver. viol. = 0.0507502
Building structures for heuristic rank-1 packing cut separation...done!
90 Rank-1 4-rows pack. cuts added ,  max viol. = 0.163828, aver. viol. = 0.0428007
100 Rank-1 5-rows pack. cuts added ,  max viol. = 0.160264, aver. viol. = 0.0802312
Shrinking heuristic shrunk 13 edges
In total 1 RCC cut(s) are found by the Fractional capacity min-cut heuristic 
In total 1 RCC cut(s) are found by the greedy construction heuristic 
----- Add fac. cuts : CAP(2) R1C(347), max.viol = 0.294878, aver.viol = 0.0721366, sep/add took 1.09814/1.02849 sec. -----
9493 columns (8837 active), 955 dyn. constrs. (581 active), 1888 art. vars. (823 active)
<DWph=2> <it=  1> <et=201.40> <Mt= 0.39> <Spt= 0.20> <nCl=  7> <al=0.50> <DB= 3076.6371> <Mlp= 3109.6954> <PB=10000000> 
<DWph=2> <it=  2> <et=201.61> <Mt= 0.02> <Spt= 0.18> <nCl=  2> <al=0.55> <DB= 2995.4528> <Mlp= 3109.6951> <PB=10000000> 
<DWph=2> <it=  3> <et=201.87> <Mt= 0.07> <Spt= 0.20> <nCl=  4> <al=0.60> <DB= 3108.9361> <Mlp= 3109.6823> <PB=10000000> 
<DWph=2> <it=  4> <et=202.09> <Mt= 0.03> <Spt= 0.18> <nCl=  5> <al=0.50> <DB= 3082.4043> <Mlp= 3109.6798> <PB=10000000> 
<DWph=2> <it=  5> <et=202.32> <Mt= 0.04> <Spt= 0.20> <nCl=  2> <al=0.55> <DB= 2724.3922> <Mlp= 3109.6736> <PB=10000000> 
<DWph=2> <it=  6> <et=202.63> <Mt= 0.11> <Spt= 0.19> <nCl=  2> <al=0.59> <DB= 3109.2189> <Mlp= 3109.6275> <PB=10000000> 
<DWph=2> <it=  7> <et=202.85> <Mt= 0.03> <Spt= 0.19> <nCl=  5> <al=0.49> <DB= 3027.9470> <Mlp= 3109.6227> <PB=10000000> 
<DWph=2> <it=  8> <et=203.08> <Mt= 0.05> <Spt= 0.18> <nCl=  2> <al=0.54> <DB= 3098.6455> <Mlp= 3109.6187> <PB=10000000> 
<DWph=2> <it=  9> <et=203.44> <Mt= 0.01> <Spt= 0.35> <nCl=  6> <al=0.00> <DB= 2953.3922> <Mlp= 3109.6187> <PB=10000000> 
<DWph=2> <it= 10> <et=203.70> <Mt= 0.08> <Spt= 0.18> <nCl=  5> <al=0.34> <DB= 2917.2233> <Mlp= 3109.5949> <PB=10000000> 
<DWph=2> <it= 11> <et=203.90> <Mt= 0.01> <Spt= 0.19> <nCl=  2> <al=0.41> <DB= 3109.4416> <Mlp= 3109.5949> <PB=10000000> 
<DWph=2> <it= 12> <et=204.10> <Mt= 0.01> <Spt= 0.19> <nCl=  5> <al=0.31> <DB= 3099.5868> <Mlp= 3109.5949> <PB=10000000> 
<DWph=2> <it= 13> <et=204.46> <Mt= 0.02> <Spt= 0.33> <nCl=  2> <al=0.00> <DB= 3096.5227> <Mlp= 3109.5940> <PB=10000000> 
<DWph=2> <it= 14> <et=204.82> <Mt= 0.02> <Spt= 0.35> <nCl=  1> <al=0.00> <DB= 3109.5939> <Mlp= 3109.5939> <PB=10000000> 
<DWph=1> <it= 15> <et=205.14> <Mt= 0.00> <Spt= 0.31> <nCl= 10> <al=0.18> <DB= 2786.1280> <Mlp= 3109.5939> <PB=10000000> 
<DWph=1> <it= 16> <et=205.54> <Mt= 0.07> <Spt= 0.33> <nCl=  3> <al=0.08> <DB= 3084.7068> <Mlp= 3109.5812> <PB=10000000> 
<DWph=1> <it= 17> <et=205.88> <Mt= 0.01> <Spt= 0.33> <nCl=  3> <al=0.00> <DB= 3043.8979> <Mlp= 3109.5812> <PB=10000000> 
<DWph=1> <it= 18> <et=206.24> <Mt= 0.04> <Spt= 0.32> <nCl=  2> <al=0.08> <DB= 3049.1576> <Mlp= 3109.5799> <PB=10000000> 
<DWph=1> <it= 19> <et=206.91> <Mt= 0.02> <Spt= 0.65> <nCl=  3> <al=0.00> <DB= 3019.2006> <Mlp= 3109.5796> <PB=10000000> 
<DWph=1> <it= 20> <et=207.57> <Mt= 0.03> <Spt= 0.63> <nCl=  0> <al=0.00> <DB= 3109.5753> <Mlp= 3109.5753> <PB=10000000> 
    RCSP exact solver info for graph G_0 : TT = 4.08733, pt = 0.006546, dt = 3.69601, ct = 0.382656, ndl = 255626', bdl = 18455309', odl = 125924', odf = 4031612', bsi = 2376', cnt = 16006803', bdch = 897396499', odch = 117158452', lcp = 25114557', #sols = 150
<DWph=0> <it= 21> <et=211.73> <Mt= 0.00> <Spt= 4.16> <nCl=150> <al=0.00> <DB= 2629.5753> <Mlp= 3109.5753> <PB=10000000> 
    RCSP exact solver info for graph G_0 : TT = 4.2154, pt = 0.009378, dt = 3.80878, ct = 0.39506, ndl = 256000', bdl = 18552022', odl = 126243', odf = 4063311', bsi = 2436', cnt = 16018298', bdch = 909920425', odch = 117678626', lcp = 25040437', #sols = 150
<DWph=0> <it= 22> <et=216.38> <Mt= 0.37> <Spt= 4.28> <nCl=121> <al=0.00> <DB= 2957.1113> <Mlp= 3109.4100> <PB=10000000> 
    RCSP exact solver info for graph G_0 : TT = 4.4316, pt = 0.009404, dt = 4.00314, ct = 0.416885, ndl = 253683', bdl = 18352901', odl = 125651', odf = 4012919', bsi = 2403', cnt = 15560541', bdch = 891459202', odch = 114484045', lcp = 24333441', #sols = 150
<DWph=0> <it= 23> <et=220.93> <Mt= 0.09> <Spt= 4.45> <nCl= 36> <al=0.07> <DB= 3019.0124> <Mlp= 3109.3935> <PB=10000000> 
    RCSP exact solver info for graph G_0 : TT = 4.60248, pt = 0.008572, dt = 4.16671, ct = 0.424528, ndl = 254326', bdl = 18396626', odl = 125969', odf = 4023162', bsi = 2462', cnt = 15525981', bdch = 895724448', odch = 114998788', lcp = 24424849', #sols = 150
<DWph=0> <it= 24> <et=225.57> <Mt= 0.03> <Spt= 4.62> <nCl=  8> <al=0.17> <DB= 3094.3221> <Mlp= 3109.3926> <PB=10000000> 
    RCSP exact solver info for graph G_0 : TT = 6.75042, pt = 0.008523, dt = 6.30101, ct = 0.438185, ndl = 256042', bdl = 18481471', odl = 125974', odf = 4048411', bsi = 2408', cnt = 15768732', bdch = 906826519', odch = 116662698', lcp = 24756445', #sols = 150
<DWph=0> <it= 25> <et=230.44> <Mt= 0.02> <Spt= 4.84> <nCl= 26> <al=0.07> <DB= 3108.3627> <Mlp= 3109.3926> <PB=10000000> 
    RCSP exact solver info for graph G_0 : TT = 4.49082, pt = 0.008677, dt = 4.07174, ct = 0.407673, ndl = 254784', bdl = 18432703', odl = 125963', odf = 4030772', bsi = 2464', cnt = 15599922', bdch = 898668999', odch = 115419062', lcp = 24512430', #sols = 150
    RCSP exact solver info for graph G_0 : TT = 4.13309, pt = 0.007861, dt = 3.74344, ct = 0.378429, ndl = 253888', bdl = 18378433', odl = 125710', odf = 4015529', bsi = 2392', cnt = 15439495', bdch = 891859435', odch = 114672331', lcp = 24407336', #sols = 150
<DWph=0> <it= 26> <et=239.11> <Mt= 0.01> <Spt= 8.66> <nCl= 39> <al=0.00> <DB= 3109.3926> <Mlp= 3109.3926> <PB=10000000> 
RCSP solver dynamic params and stats :  bidir.bord. = 375 aver.obdmd = 98.3607 aver.buck.num. = 101 nbR1C = 245 with avMem = 18.0245
@@ 208 5 3109.39 4.66204 6.7392 92.389 239.11
    Full reduced cost fixing is not called (gap ratio is 0.999994)
ColGenEvalAlg final dual bound: 3109.39 (rounded: 3110)
False gap improvement since the last cut separation : 0.00310269 (3108.43)
----- Cut generation is stopped due to tailing off -----
Current active cuts : CAP(3,53.9376) R1C(24+221,450.597) 1rowPackR1C(24) 3rowPackR1C(103) 4rowPackR1C(74) 5rowPackR1C(44)
**** SB phase 3 evaluation of candidate 1, branch 2 ( x[(22, 61)]_0_2349_0_OspV >= 1 ), value = 3101.09
<DWph=2> <it=  1> <et=239.95> <Mt= 0.36> <Spt= 0.10> <nCl=  5> <al=0.50> <DB= 3101.0904> <Mlp= 3101.0904> <PB=10000000> 
<DWph=1> <it=  2> <et=240.15> <Mt= 0.00> <Spt= 0.19> <nCl=  6> <al=0.50> <DB= 3093.0265> <Mlp= 3101.0904> <PB=10000000> 
<DWph=1> <it=  3> <et=240.56> <Mt= 0.01> <Spt= 0.41> <nCl=  3> <al=0.10> <DB= 3024.0769> <Mlp= 3101.0904> <PB=10000000> 
<DWph=1> <it=  4> <et=240.98> <Mt= 0.00> <Spt= 0.41> <nCl=  0> <al=0.00> <DB= 3101.0904> <Mlp= 3101.0904> <PB=10000000> 
    RCSP exact solver info for graph G_0 : TT = 1.31979, pt = 0.004306, dt = 1.20804, ct = 0.105667, ndl = 125141', bdl = 9364861', odl = 77114', odf = 1919701', bsi = 2361', cnt = 4461751', bdch = 250412292', odch = 35799179', lcp = 7922711', #sols = 150
<DWph=0> <it=  5> <et=242.33> <Mt= 0.01> <Spt= 1.34> <nCl=150> <al=0.35> <DB= 2459.0285> <Mlp= 3101.0904> <PB=10000000> 
    RCSP exact solver info for graph G_0 : TT = 1.40225, pt = 0.003913, dt = 1.2815, ct = 0.114761, ndl = 130792', bdl = 9809458', odl = 79578', odf = 2020826', bsi = 2312', cnt = 4946751', bdch = 271121273', odch = 39069021', lcp = 8578123', #sols = 150
<DWph=0> <it=  6> <et=243.78> <Mt= 0.03> <Spt= 1.42> <nCl= 66> <al=0.25> <DB= 2904.0433> <Mlp= 3100.9009> <PB=10000000> 
    RCSP exact solver info for graph G_0 : TT = 1.45172, pt = 0.003903, dt = 1.32755, ct = 0.118374, ndl = 130450', bdl = 9739165', odl = 79733', odf = 2009736', bsi = 2216', cnt = 4833370', bdch = 270209281', odch = 39406865', lcp = 8686525', #sols = 150
<DWph=0> <it=  7> <et=245.26> <Mt= 0.02> <Spt= 1.46> <nCl= 16> <al=0.33> <DB= 3036.8932> <Mlp= 3100.8579> <PB=10000000> 
    RCSP exact solver info for graph G_0 : TT = 1.40122, pt = 0.004197, dt = 1.28372, ct = 0.111482, ndl = 128958', bdl = 9634986', odl = 79649', odf = 1988425', bsi = 2260', cnt = 4671700', bdch = 264515962', odch = 38770604', lcp = 8589163', #sols = 150
<DWph=0> <it=  8> <et=246.67> <Mt= 0.00> <Spt= 1.41> <nCl= 22> <al=0.23> <DB= 3086.4658> <Mlp= 3100.8579> <PB=10000000> 
    RCSP exact solver info for graph G_0 : TT = 1.41017, pt = 0.004309, dt = 1.29329, ct = 0.110691, ndl = 128631', bdl = 9607418', odl = 79602', odf = 1982846', bsi = 2246', cnt = 4626525', bdch = 263124105', odch = 38734245', lcp = 8577246', #sols = 150
<DWph=0> <it=  9> <et=248.10> <Mt= 0.01> <Spt= 1.42> <nCl= 15> <al=0.13> <DB= 3086.2099> <Mlp= 3100.8575> <PB=10000000> 
    RCSP exact solver info for graph G_0 : TT = 1.43768, pt = 0.004171, dt = 1.30169, ct = 0.129884, ndl = 128422', bdl = 9608339', odl = 79039', odf = 1975947', bsi = 2229', cnt = 4645712', bdch = 261448046', odch = 38804356', lcp = 8567196', #sols = 150
    RCSP exact solver info for graph G_0 : TT = 1.40097, pt = 0.004392, dt = 1.28136, ct = 0.11345, ndl = 127455', bdl = 9532546', odl = 79029', odf = 1962774', bsi = 2221', cnt = 4570722', bdch = 258383957', odch = 38391247', lcp = 8505465', #sols = 150
<DWph=0> <it= 10> <et=250.96> <Mt= 0.00> <Spt= 2.86> <nCl= 16> <al=0.00> <DB= 3100.8575> <Mlp= 3100.8575> <PB=10000000> 
RCSP solver dynamic params and stats :  bidir.bord. = 375 aver.obdmd = 98.3607 aver.buck.num. = 101 nbR1C = 131 with avMem = 15.5878
@@ 209 0 3100.86 1.39735 1.44592 92.389 250.96
    Full reduced cost fixing is not called (gap ratio is 0.999995)
ColGenEvalAlg final dual bound: 3100.86 (rounded: 3101)
Current active cuts : CAP(3,99.6774) R1C(14+117,347.469) 1rowPackR1C(14) 3rowPackR1C(72) 4rowPackR1C(34) 5rowPackR1C(11)
11 Rank-1 1-rows pack. cuts added ,  max viol. = 0.121181, aver. viol. = 0.0513724
150 Rank-1 3-rows pack. cuts added ,  max viol. = 0.120513, aver. viol. = 0.0681294
Shrinking heuristic shrunk 23 edges
In total 1 RCC cut(s) are found by the Fractional capacity min-cut heuristic 
----- Add fac. cuts : CAP(1) R1C(161), max.viol = 0.186826, aver.viol = 0.0724467, sep/add took 0.0578193/0.362097 sec. -----
9701 columns (7608 active), 479 dyn. constrs. (297 active), 721 art. vars. (539 active)
<DWph=2> <it=  1> <et=251.69> <Mt= 0.14> <Spt= 0.13> <nCl=  5> <al=0.50> <DB= 2719.0139> <Mlp= 3102.7253> <PB=10000000> 
<DWph=2> <it=  2> <et=251.85> <Mt= 0.05> <Spt= 0.12> <nCl=  2> <al=0.55> <DB= 3101.6526> <Mlp= 3102.6243> <PB=10000000> 
<DWph=2> <it=  3> <et=252.00> <Mt= 0.01> <Spt= 0.14> <nCl=  9> <al=0.45> <DB= 2851.5079> <Mlp= 3102.6232> <PB=10000000> 
<DWph=2> <it=  4> <et=252.18> <Mt= 0.04> <Spt= 0.13> <nCl=  4> <al=0.51> <DB= 2943.0754> <Mlp= 3102.5893> <PB=10000000> 
<DWph=2> <it=  5> <et=252.44> <Mt= 0.01> <Spt= 0.25> <nCl=  8> <al=0.11> <DB= 2990.8375> <Mlp= 3102.5890> <PB=10000000> 
<DWph=2> <it=  6> <et=252.60> <Mt= 0.02> <Spt= 0.13> <nCl=  2> <al=0.45> <DB= 3102.3516> <Mlp= 3102.5864> <PB=10000000> 
<DWph=2> <it=  7> <et=252.85> <Mt= 0.01> <Spt= 0.25> <nCl=  3> <al=0.00> <DB= 3073.3261> <Mlp= 3102.5863> <PB=10000000> 
<DWph=2> <it=  8> <et=253.10> <Mt= 0.01> <Spt= 0.24> <nCl=  4> <al=0.00> <DB= 3102.5863> <Mlp= 3102.5863> <PB=10000000> 
<DWph=1> <it=  9> <et=253.35> <Mt= 0.00> <Spt= 0.25> <nCl= 19> <al=0.15> <DB= 2660.8958> <Mlp= 3102.5863> <PB=10000000> 
<DWph=1> <it= 10> <et=253.65> <Mt= 0.05> <Spt= 0.24> <nCl= 16> <al=0.05> <DB= 2642.4817> <Mlp= 3102.5375> <PB=10000000> 
<DWph=1> <it= 11> <et=253.90> <Mt= 0.03> <Spt= 0.23> <nCl=  8> <al=0.00> <DB= 3043.1297> <Mlp= 3102.5289> <PB=10000000> 
<DWph=1> <it= 12> <et=254.15> <Mt= 0.01> <Spt= 0.23> <nCl=  1> <al=0.06> <DB= 3085.3237> <Mlp= 3102.5261> <PB=10000000> 
<DWph=1> <it= 13> <et=254.40> <Mt= 0.02> <Spt= 0.24> <nCl=  3> <al=0.00> <DB= 3075.3870> <Mlp= 3102.5192> <PB=10000000> 
<DWph=1> <it= 14> <et=254.67> <Mt= 0.02> <Spt= 0.25> <nCl=  2> <al=0.00> <DB= 3074.9619> <Mlp= 3102.5183> <PB=10000000> 
<DWph=1> <it= 15> <et=254.92> <Mt= 0.00> <Spt= 0.24> <nCl=  1> <al=0.00> <DB= 3102.5183> <Mlp= 3102.5183> <PB=10000000> 
    RCSP exact solver info for graph G_0 : TT = 1.71551, pt = 0.004513, dt = 1.55022, ct = 0.158844, ndl = 140178', bdl = 10532123', odl = 84656', odf = 2135790', bsi = 2350', cnt = 5683194', bdch = 307846443', odch = 43849421', lcp = 9787848', #sols = 150
<DWph=0> <it= 16> <et=256.68> <Mt= 0.01> <Spt= 1.76> <nCl=150> <al=0.00> <DB= 2278.5378> <Mlp= 3102.5183> <PB=10000000> 
    RCSP exact solver info for graph G_0 : TT = 1.76562, pt = 0.004724, dt = 1.60087, ct = 0.158145, ndl = 139903', bdl = 10427022', odl = 82423', odf = 2160672', bsi = 2391', cnt = 6262718', bdch = 301300145', odch = 46622242', lcp = 10198917', #sols = 150
<DWph=0> <it= 17> <et=258.54> <Mt= 0.06> <Spt= 1.80> <nCl=109> <al=0.00> <DB= 2602.0695> <Mlp= 3102.3146> <PB=10000000> 
    RCSP exact solver info for graph G_0 : TT = 1.78381, pt = 0.004648, dt = 1.61846, ct = 0.158637, ndl = 138499', bdl = 10377169', odl = 82466', odf = 2134349', bsi = 2297', cnt = 5770803', bdch = 296143156', odch = 46332949', lcp = 10129593', #sols = 150
<DWph=0> <it= 18> <et=260.37> <Mt= 0.02> <Spt= 1.80> <nCl= 48> <al=0.00> <DB= 2947.7260> <Mlp= 3102.2876> <PB=10000000> 
    RCSP exact solver info for graph G_0 : TT = 3.70349, pt = 0.004984, dt = 3.54407, ct = 0.15217, ndl = 139701', bdl = 10456123', odl = 82754', odf = 2153394', bsi = 2339', cnt = 5782974', bdch = 300794044', odch = 46465617', lcp = 10165406', #sols = 150
    RCSP exact solver info for graph G_0 : TT = 1.74694, pt = 0.004856, dt = 1.59714, ct = 0.142785, ndl = 140297', bdl = 10485937', odl = 82858', odf = 2161387', bsi = 2341', cnt = 5787861', bdch = 303134379', odch = 46653158', lcp = 10207095', #sols = 150
<DWph=0> <it= 19> <et=263.96> <Mt= 0.01> <Spt= 3.59> <nCl= 22> <al=0.00> <DB= 3102.2871> <Mlp= 3102.2871> <PB=10000000> 
RCSP solver dynamic params and stats :  bidir.bord. = 375 aver.obdmd = 98.3607 aver.buck.num. = 101 nbR1C = 145 with avMem = 16.1655
@@ 209 1 3102.29 2.13627 3.69624 92.389 263.97
    Full reduced cost fixing is not called (gap ratio is 0.999994)
ColGenEvalAlg final dual bound: 3102.29 (rounded: 3103)
False gap improvement since the last cut separation : 0.0046103 (3100.86)
Separator R1C not in maximum phase
Cut generation tailing off counter increased to 0
Current active cuts : CAP(3,109.316) R1C(20+125,348.485) 1rowPackR1C(20) 3rowPackR1C(84) 4rowPackR1C(30) 5rowPackR1C(11)
10 Rank-1 1-rows pack. cuts added ,  max viol. = 0.0609781, aver. viol. = 0.0318848
150 Rank-1 3-rows pack. cuts added ,  max viol. = 0.110323, aver. viol. = 0.0456846
Building structures for heuristic rank-1 packing cut separation...done!
100 Rank-1 4-rows pack. cuts added ,  max viol. = 0.157098, aver. viol. = 0.0568904
Shrinking heuristic shrunk 22 edges
In total 1 RCC cut(s) are found by the greedy construction heuristic 
----- Add fac. cuts : CAP(1) R1C(260), max.viol = 0.232906, aver.viol = 0.0551391, sep/add took 0.128782/0.652058 sec. -----
10117 columns (8024 active), 740 dyn. constrs. (410 active), 982 art. vars. (652 active)
<DWph=2> <it=  1> <et=265.08> <Mt= 0.17> <Spt= 0.13> <nCl=  4> <al=0.50> <DB= 3103.0022> <Mlp= 3103.7173> <PB=10000000> 
<DWph=2> <it=  2> <et=265.23> <Mt= 0.01> <Spt= 0.14> <nCl=  4> <al=0.40> <DB= 3103.4310> <Mlp= 3103.7169> <PB=10000000> 
<DWph=2> <it=  3> <et=265.39> <Mt= 0.01> <Spt= 0.14> <nCl=  4> <al=0.30> <DB= 3103.6310> <Mlp= 3103.7167> <PB=10000000> 
<DWph=2> <it=  4> <et=265.54> <Mt= 0.01> <Spt= 0.15> <nCl=  5> <al=0.20> <DB= 3023.1664> <Mlp= 3103.7167> <PB=10000000> 
<DWph=2> <it=  5> <et=265.74> <Mt= 0.05> <Spt= 0.14> <nCl=  4> <al=0.28> <DB= 3081.4024> <Mlp= 3103.7058> <PB=10000000> 
<DWph=2> <it=  6> <et=266.03> <Mt= 0.02> <Spt= 0.28> <nCl=  3> <al=0.00> <DB= 3103.7047> <Mlp= 3103.7047> <PB=10000000> 
<DWph=1> <it=  7> <et=266.30> <Mt= 0.00> <Spt= 0.26> <nCl=  7> <al=0.25> <DB= 2881.7707> <Mlp= 3103.7047> <PB=10000000> 
<DWph=1> <it=  8> <et=266.70> <Mt= 0.13> <Spt= 0.27> <nCl=  4> <al=0.15> <DB= 3074.5818> <Mlp= 3103.6890> <PB=10000000> 
<DWph=1> <it=  9> <et=266.97> <Mt= 0.01> <Spt= 0.26> <nCl=  4> <al=0.24> <DB= 3030.7923> <Mlp= 3103.6890> <PB=10000000> 
<DWph=1> <it= 10> <et=267.53> <Mt= 0.02> <Spt= 0.54> <nCl=  4> <al=0.00> <DB= 3093.3582> <Mlp= 3103.6878> <PB=10000000> 
BaPCod info: Cplex status is 'Optimal solution found, unscaled infeasibilities'
<DWph=1> <it= 11> <et=268.03> <Mt= 0.01> <Spt= 0.48> <nCl=  0> <al=0.00> <DB= 3103.6878> <Mlp= 3103.6878> <PB=10000000> 
BaPCod info: Cplex status is 'Optimal solution found, unscaled infeasibilities'
    RCSP exact solver info for graph G_0 : TT = 2.3599, pt = 0.005188, dt = 2.12002, ct = 0.232823, ndl = 176993', bdl = 12985900', odl = 95109', odf = 2768853', bsi = 2260', cnt = 9932374', bdch = 446881120', odch = 85260493', lcp = 17615909', #sols = 150
<DWph=0> <it= 12> <et=270.45> <Mt= 0.02> <Spt= 2.41> <nCl=150> <al=0.11> <DB= 2390.1454> <Mlp= 3103.6878> <PB=10000000> 
    RCSP exact solver info for graph G_0 : TT = 2.29938, pt = 0.005664, dt = 2.04875, ct = 0.24299, ndl = 169424', bdl = 12432457', odl = 93524', odf = 2610539', bsi = 2299', cnt = 8616699', bdch = 417007767', odch = 73750775', lcp = 15521629', #sols = 150
<DWph=0> <it= 13> <et=272.87> <Mt= 0.08> <Spt= 2.33> <nCl=110> <al=0.20> <DB= 2900.8056> <Mlp= 3103.5706> <PB=10000000> 
    RCSP exact solver info for graph G_0 : TT = 2.27549, pt = 0.005945, dt = 2.05499, ct = 0.212567, ndl = 165477', bdl = 12205910', odl = 91471', odf = 2532371', bsi = 2322', cnt = 7424788', bdch = 398337572', odch = 70108243', lcp = 14685064', #sols = 150
<DWph=0> <it= 14> <et=275.23> <Mt= 0.08> <Spt= 2.29> <nCl= 36> <al=0.28> <DB= 2763.8747> <Mlp= 3103.4843> <PB=10000000> 
    RCSP exact solver info for graph G_0 : TT = 2.25741, pt = 0.005382, dt = 2.03487, ct = 0.215042, ndl = 165297', bdl = 12183757', odl = 91666', odf = 2535798', bsi = 2351', cnt = 7514352', bdch = 398466764', odch = 70094782', lcp = 14725336', #sols = 150
<DWph=0> <it= 15> <et=277.52> <Mt= 0.02> <Spt= 2.27> <nCl= 12> <al=0.35> <DB= 3064.7825> <Mlp= 3103.4823> <PB=10000000> 
    RCSP exact solver info for graph G_0 : TT = 2.21558, pt = 0.00589, dt = 2.00353, ct = 0.20422, ndl = 162040', bdl = 11960077', odl = 90356', odf = 2476255', bsi = 2327', cnt = 7128249', bdch = 384259337', odch = 68730718', lcp = 14395280', #sols = 150
<DWph=0> <it= 16> <et=279.76> <Mt= 0.01> <Spt= 2.22> <nCl= 10> <al=0.25> <DB= 3053.6889> <Mlp= 3103.4821> <PB=10000000> 
    RCSP exact solver info for graph G_0 : TT = 2.22176, pt = 0.005901, dt = 2.00263, ct = 0.211127, ndl = 162802', bdl = 12009910', odl = 90917', odf = 2489291', bsi = 2331', cnt = 7165173', bdch = 388493951', odch = 68196544', lcp = 14359718', #sols = 150
    RCSP exact solver info for graph G_0 : TT = 2.197, pt = 0.005551, dt = 1.98111, ct = 0.208279, ndl = 161069', bdl = 11894627', odl = 89592', odf = 2457135', bsi = 2342', cnt = 7004102', bdch = 380705134', odch = 67122333', lcp = 14100507', #sols = 150
<DWph=0> <it= 17> <et=284.21> <Mt= 0.01> <Spt= 4.44> <nCl= 23> <al=0.00> <DB= 3086.2205> <Mlp= 3103.4819> <PB=10000000> 
    RCSP exact solver info for graph G_0 : TT = 2.38064, pt = 0.006246, dt = 2.15125, ct = 0.220992, ndl = 161321', bdl = 11915935', odl = 89873', odf = 2461659', bsi = 2360', cnt = 7095853', bdch = 381439049', odch = 68059491', lcp = 14277161', #sols = 150
    RCSP exact solver info for graph G_0 : TT = 2.24853, pt = 0.00537, dt = 2.0312, ct = 0.209965, ndl = 161993', bdl = 11951693', odl = 89959', odf = 2472864', bsi = 2291', cnt = 7117564', bdch = 384478060', odch = 67938808', lcp = 14201104', #sols = 150
<DWph=0> <it= 18> <et=288.87> <Mt= 0.01> <Spt= 4.65> <nCl= 21> <al=0.00> <DB= 3103.4819> <Mlp= 3103.4819> <PB=10000000> 
RCSP solver dynamic params and stats :  bidir.bord. = 375 aver.obdmd = 98.3607 aver.buck.num. = 101 nbR1C = 173 with avMem = 16.5838
@@ 209 2 3103.48 2.26515 2.37224 92.389 288.87
    Full reduced cost fixing is not called (gap ratio is 0.999994)
ColGenEvalAlg final dual bound: 3103.48 (rounded: 3104)
False gap improvement since the last cut separation : 0.00385142 (3102.29)
Separator R1C not in maximum phase
Cut generation tailing off counter increased to 0
Current active cuts : CAP(3,72.5277) R1C(23+150,355.74) 1rowPackR1C(23) 3rowPackR1C(97) 4rowPackR1C(43) 5rowPackR1C(10)
6 Rank-1 1-rows pack. cuts added ,  max viol. = 0.0402728, aver. viol. = 0.0297661
150 Rank-1 3-rows pack. cuts added ,  max viol. = 0.086744, aver. viol. = 0.0498408
Building structures for heuristic rank-1 packing cut separation...done!
100 Rank-1 4-rows pack. cuts added ,  max viol. = 0.125695, aver. viol. = 0.0610533
100 Rank-1 5-rows pack. cuts added ,  max viol. = 0.185027, aver. viol. = 0.113901
Shrinking heuristic shrunk 20 edges
In total 1 RCC cut(s) are found by the global pool greedy search heuristic 
----- Add fac. cuts : CAP(1) R1C(356), max.viol = 0.284741, aver.viol = 0.0829667, sep/add took 0.815537/1.00534 sec. -----
10522 columns (8429 active), 968 dyn. constrs. (534 active), 1339 art. vars. (776 active)
BaPCod info: Cplex status is 'Optimal solution found, unscaled infeasibilities'
<DWph=2> <it=  1> <et=291.15> <Mt= 0.25> <Spt= 0.15> <nCl=  9> <al=0.50> <DB= 3029.6444> <Mlp= 3104.9043> <PB=10000000> 
<DWph=2> <it=  2> <et=291.53> <Mt= 0.08> <Spt= 0.30> <nCl=  9> <al=0.10> <DB= 2888.5593> <Mlp= 3104.8309> <PB=10000000> 
<DWph=2> <it=  3> <et=291.72> <Mt= 0.04> <Spt= 0.16> <nCl=  3> <al=0.45> <DB= 3073.2868> <Mlp= 3104.8202> <PB=10000000> 
<DWph=2> <it=  4> <et=291.91> <Mt= 0.03> <Spt= 0.15> <nCl=  4> <al=0.35> <DB= 3046.7685> <Mlp= 3104.8179> <PB=10000000> 
<DWph=2> <it=  5> <et=292.08> <Mt= 0.01> <Spt= 0.16> <nCl=  1> <al=0.42> <DB= 3079.7061> <Mlp= 3104.8179> <PB=10000000> 
<DWph=2> <it=  6> <et=292.42> <Mt= 0.01> <Spt= 0.32> <nCl=  6> <al=0.00> <DB= 2838.2207> <Mlp= 3104.8179> <PB=10000000> 
<DWph=2> <it=  7> <et=292.75> <Mt= 0.02> <Spt= 0.32> <nCl=  5> <al=0.00> <DB= 3096.2764> <Mlp= 3104.8175> <PB=10000000> 
<DWph=2> <it=  8> <et=293.07> <Mt= 0.01> <Spt= 0.31> <nCl=  2> <al=0.00> <DB= 3104.8175> <Mlp= 3104.8175> <PB=10000000> 
<DWph=1> <it=  9> <et=293.36> <Mt= 0.00> <Spt= 0.28> <nCl=  9> <al=0.17> <DB= 2791.2564> <Mlp= 3104.8175> <PB=10000000> 
BaPCod info: Cplex status is 'Optimal solution found, unscaled infeasibilities'
<DWph=1> <it= 10> <et=293.75> <Mt= 0.07> <Spt= 0.32> <nCl=  2> <al=0.07> <DB= 3088.7129> <Mlp= 3104.7969> <PB=10000000> 
<DWph=1> <it= 11> <et=294.09> <Mt= 0.01> <Spt= 0.32> <nCl=  4> <al=0.17> <DB= 2944.8423> <Mlp= 3104.7969> <PB=10000000> 
<DWph=1> <it= 12> <et=294.75> <Mt= 0.03> <Spt= 0.63> <nCl=  1> <al=0.00> <DB= 3104.7936> <Mlp= 3104.7936> <PB=10000000> 
    RCSP exact solver info for graph G_0 : TT = 3.12447, pt = 0.009968, dt = 2.79767, ct = 0.31445, ndl = 195273', bdl = 14333941', odl = 104054', odf = 3090754', bsi = 2499', cnt = 10957340', bdch = 546306408', odch = 86901380', lcp = 19046216', #sols = 150
<DWph=0> <it= 13> <et=297.95> <Mt= 0.01> <Spt= 3.19> <nCl=150> <al=0.15> <DB= 2667.8902> <Mlp= 3104.7936> <PB=10000000> 
    RCSP exact solver info for graph G_0 : TT = 3.21776, pt = 0.007286, dt = 2.87201, ct = 0.336079, ndl = 201365', bdl = 14611178', odl = 103981', odf = 3205101', bsi = 2418', cnt = 12289623', bdch = 563255083', odch = 98719472', lcp = 20535313', #sols = 150
<DWph=0> <it= 14> <et=301.37> <Mt= 0.15> <Spt= 3.28> <nCl=126> <al=0.05> <DB= 2864.2043> <Mlp= 3104.5886> <PB=10000000> 
    RCSP exact solver info for graph G_0 : TT = 3.24742, pt = 0.007033, dt = 2.91216, ct = 0.325844, ndl = 202068', bdl = 14700173', odl = 104246', odf = 3212316', bsi = 2452', cnt = 11986579', bdch = 565964731', odch = 98832422', lcp = 20667630', #sols = 150
<DWph=0> <it= 15> <et=304.71> <Mt= 0.07> <Spt= 3.27> <nCl= 38> <al=0.14> <DB= 3032.3243> <Mlp= 3104.5620> <PB=10000000> 
BaPCod info: Cplex status is 'Optimal solution found, unscaled infeasibilities'
    RCSP exact solver info for graph G_0 : TT = 3.31257, pt = 0.007009, dt = 2.96042, ct = 0.342981, ndl = 201196', bdl = 14593013', odl = 103870', odf = 3207611', bsi = 2446', cnt = 12401043', bdch = 561370811', odch = 100272857', lcp = 20892126', #sols = 150
<DWph=0> <it= 16> <et=308.10> <Mt= 0.04> <Spt= 3.35> <nCl= 68> <al=0.23> <DB= 3044.9245> <Mlp= 3104.5598> <PB=10000000> 
    RCSP exact solver info for graph G_0 : TT = 3.2735, pt = 0.007068, dt = 2.92927, ct = 0.334977, ndl = 199131', bdl = 14483869', odl = 102873', odf = 3167406', bsi = 2430', cnt = 11970049', bdch = 550496459', odch = 97879790', lcp = 20508372', #sols = 150
<DWph=0> <it= 17> <et=311.42> <Mt= 0.03> <Spt= 3.29> <nCl= 20> <al=0.31> <DB= 3074.7720> <Mlp= 3104.5582> <PB=10000000> 
    RCSP exact solver info for graph G_0 : TT = 3.24681, pt = 0.006983, dt = 2.90691, ct = 0.330589, ndl = 198826', bdl = 14464122', odl = 103289', odf = 3157872', bsi = 2415', cnt = 11885789', bdch = 549828374', odch = 97056989', lcp = 20386181', #sols = 150
<DWph=0> <it= 18> <et=314.70> <Mt= 0.01> <Spt= 3.26> <nCl= 18> <al=0.38> <DB= 3093.3467> <Mlp= 3104.5582> <PB=10000000> 
    RCSP exact solver info for graph G_0 : TT = 3.2769, pt = 0.007218, dt = 2.93451, ct = 0.332938, ndl = 199603', bdl = 14505905', odl = 103441', odf = 3170972', bsi = 2413', cnt = 11940033', bdch = 553993552', odch = 97642894', lcp = 20513169', #sols = 150
    RCSP exact solver info for graph G_0 : TT = 3.14508, pt = 0.006667, dt = 2.80692, ct = 0.329188, ndl = 198475', bdl = 14423553', odl = 103349', odf = 3160707', bsi = 2438', cnt = 11879158', bdch = 548214653', odch = 97005005', lcp = 20369738', #sols = 150
<DWph=0> <it= 19> <et=321.15> <Mt= 0.01> <Spt= 6.44> <nCl= 22> <al=0.00> <DB= 3104.5582> <Mlp= 3104.5582> <PB=10000000> 
RCSP solver dynamic params and stats :  bidir.bord. = 375 aver.obdmd = 98.3607 aver.buck.num. = 101 nbR1C = 203 with avMem = 17.8079
@@ 209 3 3104.56 3.22087 3.3034 92.389 321.15
    Full reduced cost fixing is not called (gap ratio is 0.999994)
ColGenEvalAlg final dual bound: 3104.56 (rounded: 3105)
False gap improvement since the last cut separation : 0.00346784 (3103.48)
Cut generation tailing off counter increased to 1
Current active cuts : CAP(4,82.6475) R1C(22+181,383.88) 1rowPackR1C(22) 3rowPackR1C(98) 4rowPackR1C(60) 5rowPackR1C(23)
6 Rank-1 1-rows pack. cuts added ,  max viol. = 0.0574716, aver. viol. = 0.0352976
150 Rank-1 3-rows pack. cuts added ,  max viol. = 0.0860504, aver. viol. = 0.0504115
Building structures for heuristic rank-1 packing cut separation...done!
100 Rank-1 4-rows pack. cuts added ,  max viol. = 0.124306, aver. viol. = 0.0507272
100 Rank-1 5-rows pack. cuts added ,  max viol. = 0.146329, aver. viol. = 0.0766012
Shrinking heuristic shrunk 17 edges
In total 1 RCC cut(s) are found by the greedy construction heuristic 
----- Add fac. cuts : CAP(1) R1C(356), max.viol = 0.158815, aver.viol = 0.0658703, sep/add took 0.929325/1.03375 sec. -----
11019 columns (8926 active), 1100 dyn. constrs. (565 active), 1696 art. vars. (807 active)
<DWph=2> <it=  1> <et=323.65> <Mt= 0.29> <Spt= 0.17> <nCl=  6> <al=0.50> <DB= 3105.1727> <Mlp= 3105.7872> <PB=10000000> 
<DWph=2> <it=  2> <et=323.84> <Mt= 0.01> <Spt= 0.18> <nCl=  6> <al=0.40> <DB= 3090.7867> <Mlp= 3105.7872> <PB=10000000> 
BaPCod info: Cplex status is 'Optimal solution found, unscaled infeasibilities'
<DWph=2> <it=  3> <et=324.22> <Mt= 0.18> <Spt= 0.19> <nCl=  6> <al=0.46> <DB= 2764.9513> <Mlp= 3105.7836> <PB=10000000> 
<DWph=2> <it=  4> <et=324.45> <Mt= 0.05> <Spt= 0.19> <nCl=  1> <al=0.51> <DB= 3105.4696> <Mlp= 3105.7836> <PB=10000000> 
<DWph=2> <it=  5> <et=324.67> <Mt= 0.04> <Spt= 0.17> <nCl= 11> <al=0.41> <DB= 2528.4744> <Mlp= 3105.7836> <PB=10000000> 
<DWph=2> <it=  6> <et=325.04> <Mt= 0.04> <Spt= 0.33> <nCl=  9> <al=0.00> <DB= 2766.8393> <Mlp= 3105.7836> <PB=10000000> 
<DWph=2> <it=  7> <et=325.41> <Mt= 0.19> <Spt= 0.18> <nCl=  7> <al=0.37> <DB= 2980.9606> <Mlp= 3105.7791> <PB=10000000> 
<DWph=2> <it=  8> <et=325.70> <Mt= 0.11> <Spt= 0.19> <nCl=  1> <al=0.44> <DB= 2974.1936> <Mlp= 3105.7791> <PB=10000000> 
<DWph=2> <it=  9> <et=326.08> <Mt= 0.05> <Spt= 0.32> <nCl=  5> <al=0.00> <DB= 2929.7949> <Mlp= 3105.7791> <PB=10000000> 
<DWph=2> <it= 10> <et=326.59> <Mt= 0.15> <Spt= 0.36> <nCl= 11> <al=0.00> <DB= 2005.0700> <Mlp= 3105.7749> <PB=10000000> 
<DWph=2> <it= 11> <et=327.03> <Mt= 0.24> <Spt= 0.19> <nCl=  2> <al=0.29> <DB= 3068.7940> <Mlp= 3105.7661> <PB=10000000> 
<DWph=2> <it= 12> <et=327.36> <Mt= 0.15> <Spt= 0.19> <nCl=  3> <al=0.19> <DB= 3024.0289> <Mlp= 3105.7657> <PB=10000000> 
<DWph=2> <it= 13> <et=327.86> <Mt= 0.15> <Spt= 0.35> <nCl=  5> <al=0.00> <DB= 2804.1522> <Mlp= 3105.7644> <PB=10000000> 
<DWph=2> <it= 14> <et=328.20> <Mt= 0.15> <Spt= 0.19> <nCl=  3> <al=0.17> <DB= 2914.7938> <Mlp= 3105.7644> <PB=10000000> 
BaPCod info: Cplex status is 'Optimal solution found, unscaled infeasibilities'
<DWph=2> <it= 15> <et=328.59> <Mt= 0.03> <Spt= 0.35> <nCl=  5> <al=0.00> <DB= 3056.0221> <Mlp= 3105.7644> <PB=10000000> 
<DWph=2> <it= 16> <et=329.04> <Mt= 0.26> <Spt= 0.19> <nCl=  3> <al=0.16> <DB= 2657.8007> <Mlp= 3105.7603> <PB=10000000> 
BaPCod info: Cplex status is 'Optimal solution found, unscaled infeasibilities'
<DWph=2> <it= 17> <et=329.41> <Mt= 0.02> <Spt= 0.35> <nCl=  3> <al=0.00> <DB= 3049.9997> <Mlp= 3105.7603> <PB=10000000> 
<DWph=2> <it= 18> <et=329.77> <Mt= 0.01> <Spt= 0.35> <nCl=  2> <al=0.00> <DB= 3105.7603> <Mlp= 3105.7603> <PB=10000000> 
<DWph=1> <it= 19> <et=330.10> <Mt= 0.01> <Spt= 0.32> <nCl= 10> <al=0.04> <DB= 2800.3970> <Mlp= 3105.7603> <PB=10000000> 
<DWph=1> <it= 20> <et=330.53> <Mt= 0.12> <Spt= 0.31> <nCl=  6> <al=0.00> <DB= 2717.6271> <Mlp= 3105.7603> <PB=10000000> 
BaPCod info: Cplex status is 'Optimal solution found, unscaled infeasibilities'
<DWph=1> <it= 21> <et=330.87> <Mt= 0.03> <Spt= 0.32> <nCl=  3> <al=0.05> <DB= 2940.6816> <Mlp= 3105.7603> <PB=10000000> 
<DWph=1> <it= 22> <et=331.52> <Mt= 0.01> <Spt= 0.63> <nCl=  0> <al=0.00> <DB= 3105.7603> <Mlp= 3105.7603> <PB=10000000> 
    RCSP exact solver info for graph G_0 : TT = 4.03534, pt = 0.007001, dt = 3.5802, ct = 0.446006, ndl = 249285', bdl = 17903697', odl = 120654', odf = 3986109', bsi = 2382', cnt = 17344956', bdch = 815356527', odch = 144592584', lcp = 31199988', #sols = 150
<DWph=0> <it= 23> <et=335.63> <Mt= 0.00> <Spt= 4.10> <nCl=150> <al=0.04> <DB= 2480.4718> <Mlp= 3105.7603> <PB=10000000> 
    RCSP exact solver info for graph G_0 : TT = 4.10884, pt = 0.006452, dt = 3.65781, ct = 0.442404, ndl = 253795', bdl = 18218176', odl = 120691', odf = 4043018', bsi = 2461', cnt = 17780317', bdch = 848727424', odch = 157718741', lcp = 32421124', #sols = 150
<DWph=0> <it= 24> <et=340.07> <Mt= 0.27> <Spt= 4.18> <nCl=150> <al=0.00> <DB= 2791.2233> <Mlp= 3105.6742> <PB=10000000> 
    RCSP exact solver info for graph G_0 : TT = 4.23168, pt = 0.006941, dt = 3.73826, ct = 0.484389, ndl = 245735', bdl = 17630940', odl = 116945', odf = 3912038', bsi = 2458', cnt = 17922560', bdch = 806454183', odch = 149403463', lcp = 30950555', #sols = 150
<DWph=0> <it= 25> <et=344.63> <Mt= 0.30> <Spt= 4.26> <nCl= 52> <al=0.05> <DB= 2985.1943> <Mlp= 3105.6426> <PB=10000000> 
    RCSP exact solver info for graph G_0 : TT = 4.48394, pt = 0.007568, dt = 3.97655, ct = 0.497499, ndl = 250258', bdl = 17894231', odl = 118654', odf = 3993738', bsi = 2432', cnt = 16882569', bdch = 836883850', odch = 156610598', lcp = 32661776', #sols = 150
<DWph=0> <it= 26> <et=349.47> <Mt= 0.34> <Spt= 4.50> <nCl= 24> <al=0.14> <DB= 3042.7587> <Mlp= 3105.6327> <PB=10000000> 
    RCSP exact solver info for graph G_0 : TT = 4.64446, pt = 0.008317, dt = 4.10899, ct = 0.524816, ndl = 247096', bdl = 17690304', odl = 117442', odf = 3970634', bsi = 2386', cnt = 17939541', bdch = 812981980', odch = 155651846', lcp = 32502357', #sols = 150
<DWph=0> <it= 27> <et=354.29> <Mt= 0.15> <Spt= 4.66> <nCl= 22> <al=0.23> <DB= 2982.9905> <Mlp= 3105.6326> <PB=10000000> 
    RCSP exact solver info for graph G_0 : TT = 7.23039, pt = 0.007686, dt = 6.70644, ct = 0.513973, ndl = 247492', bdl = 17750263', odl = 117912', odf = 3972452', bsi = 2437', cnt = 17101353', bdch = 815439104', odch = 154843019', lcp = 32256662', #sols = 150
<DWph=0> <it= 28> <et=358.89> <Mt= 0.05> <Spt= 4.55> <nCl= 19> <al=0.31> <DB= 3086.4334> <Mlp= 3105.6326> <PB=10000000> 
    RCSP exact solver info for graph G_0 : TT = 4.52782, pt = 0.008237, dt = 4.01261, ct = 0.504769, ndl = 246651', bdl = 17676967', odl = 117602', odf = 3968323', bsi = 2445', cnt = 17393838', bdch = 808983289', odch = 154173346', lcp = 32119266', #sols = 150
<DWph=0> <it= 29> <et=363.44> <Mt= 0.01> <Spt= 4.54> <nCl=  5> <al=0.21> <DB= 3063.3802> <Mlp= 3105.6326> <PB=10000000> 
    RCSP exact solver info for graph G_0 : TT = 4.5976, pt = 0.00806, dt = 4.06965, ct = 0.517608, ndl = 246938', bdl = 17719433', odl = 118019', odf = 3973407', bsi = 2473', cnt = 17410350', bdch = 811601883', odch = 154353054', lcp = 32194244', #sols = 150
    RCSP exact solver info for graph G_0 : TT = 4.15719, pt = 0.006683, dt = 3.70436, ct = 0.443673, ndl = 246099', bdl = 17637720', odl = 118244', odf = 3964506', bsi = 2428', cnt = 17373131', bdch = 808727640', odch = 151741940', lcp = 31766211', #sols = 150
<DWph=0> <it= 30> <et=372.23> <Mt= 0.01> <Spt= 8.77> <nCl= 19> <al=0.00> <DB= 3036.2541> <Mlp= 3105.6326> <PB=10000000> 
    RCSP exact solver info for graph G_0 : TT = 4.54299, pt = 0.008391, dt = 4.02366, ct = 0.508868, ndl = 246418', bdl = 17658377', odl = 117756', odf = 3964243', bsi = 2457', cnt = 17426747', bdch = 808609641', odch = 153058907', lcp = 31941076', #sols = 150
    RCSP exact solver info for graph G_0 : TT = 4.07254, pt = 0.006769, dt = 3.62582, ct = 0.43791, ndl = 245099', bdl = 17591714', odl = 117269', odf = 3941738', bsi = 2431', cnt = 17212613', bdch = 800308287', odch = 151067771', lcp = 31605948', #sols = 150
<DWph=0> <it= 31> <et=380.87> <Mt= 0.01> <Spt= 8.63> <nCl=  5> <al=0.00> <DB= 3105.6326> <Mlp= 3105.6326> <PB=10000000> 
RCSP solver dynamic params and stats :  bidir.bord. = 375 aver.obdmd = 98.3607 aver.buck.num. = 101 nbR1C = 208 with avMem = 17.8317
@@ 209 4 3105.63 4.5933 7.22042 92.389 380.87
    Full reduced cost fixing is not called (gap ratio is 0.999994)
ColGenEvalAlg final dual bound: 3105.63 (rounded: 3106)
False gap improvement since the last cut separation : 0.00346076 (3104.56)
Cut generation tailing off counter increased to 2
Current active cuts : CAP(3,79.2483) R1C(23+185,410.871) 1rowPackR1C(23) 3rowPackR1C(90) 4rowPackR1C(60) 5rowPackR1C(35)
4 Rank-1 1-rows pack. cuts added ,  max viol. = 0.0402561, aver. viol. = 0.0317521
150 Rank-1 3-rows pack. cuts added ,  max viol. = 0.156929, aver. viol. = 0.0362397
Building structures for heuristic rank-1 packing cut separation...done!
63 Rank-1 4-rows pack. cuts added ,  max viol. = 0.172786, aver. viol. = 0.0542709
100 Rank-1 5-rows pack. cuts added ,  max viol. = 0.172786, aver. viol. = 0.105522
Shrinking heuristic shrunk 30 edges
----- Add fac. cuts : R1C(317), max.viol = 0.23979, aver.viol = 0.0725575, sep/add took 0.693018/0.99167 sec. -----
11573 columns (9480 active), 1102 dyn. constrs. (533 active), 2013 art. vars. (775 active)
<DWph=2> <it=  1> <et=383.14> <Mt= 0.33> <Spt= 0.17> <nCl=  4> <al=0.50> <DB= 3079.7095> <Mlp= 3106.3349> <PB=10000000> 
<DWph=2> <it=  2> <et=383.54> <Mt= 0.05> <Spt= 0.34> <nCl= 10> <al=0.10> <DB= 2921.8602> <Mlp= 3106.3236> <PB=10000000> 
<DWph=2> <it=  3> <et=383.97> <Mt= 0.07> <Spt= 0.36> <nCl=  4> <al=0.00> <DB= 3056.3855> <Mlp= 3106.3119> <PB=10000000> 
<DWph=2> <it=  4> <et=384.33> <Mt= 0.01> <Spt= 0.35> <nCl=  2> <al=0.00> <DB= 3106.3119> <Mlp= 3106.3119> <PB=10000000> 
<DWph=1> <it=  5> <et=384.68> <Mt= 0.00> <Spt= 0.35> <nCl= 11> <al=0.25> <DB= 2960.9058> <Mlp= 3106.3119> <PB=10000000> 
BaPCod info: Cplex status is 'Optimal solution found, unscaled infeasibilities'
<DWph=1> <it=  6> <et=385.08> <Mt= 0.06> <Spt= 0.35> <nCl=  3> <al=0.33> <DB= 3041.1818> <Mlp= 3106.3064> <PB=10000000> 
BaPCod info: Cplex status is 'Optimal solution found, unscaled infeasibilities'
<DWph=1> <it=  7> <et=385.82> <Mt= 0.02> <Spt= 0.71> <nCl=  1> <al=0.00> <DB= 3106.3064> <Mlp= 3106.3064> <PB=10000000> 
BaPCod info: Cplex status is 'Optimal solution found, unscaled infeasibilities'
1 bl.dch (4913)...    RCSP exact solver info for graph G_0 : TT = 7.74165, pt = 0.008184, dt = 7.17229, ct = 0.558675, ndl = 293473', bdl = 20969743', odl = 134391', odf = 4792587', bsi = 2512', cnt = 20323902', bdch = 1134511884', odch = 186511277', lcp = 38652636', #sols = 150
<DWph=0> <it=  8> <et=391.46> <Mt= 0.03> <Spt= 5.61> <nCl=150> <al=0.13> <DB= 2893.8565> <Mlp= 3106.3064> <PB=10000000> 
1 bl.dch (4990)...    RCSP exact solver info for graph G_0 : TT = 5.51816, pt = 0.008522, dt = 4.93481, ct = 0.572503, ndl = 287156', bdl = 20506969', odl = 131984', odf = 4641438', bsi = 2501', cnt = 19525299', bdch = 1101944856', odch = 184483427', lcp = 38267803', #sols = 150
<DWph=0> <it=  9> <et=397.16> <Mt= 0.15> <Spt= 5.55> <nCl= 44> <al=0.21> <DB= 3051.1370> <Mlp= 3106.2521> <PB=10000000> 
BaPCod info: Cplex status is 'Optimal solution found, unscaled infeasibilities'
1 bl.dch (5124)...    RCSP exact solver info for graph G_0 : TT = 5.41569, pt = 0.00897, dt = 4.84916, ct = 0.555266, ndl = 281448', bdl = 20146565', odl = 130136', odf = 4541517', bsi = 2432', cnt = 18567879', bdch = 1066642576', odch = 177132774', lcp = 36853814', #sols = 150
<DWph=0> <it= 10> <et=402.66> <Mt= 0.07> <Spt= 5.42> <nCl= 12> <al=0.29> <DB= 3048.5698> <Mlp= 3106.2473> <PB=10000000> 
1 bl.dch (5133)...    RCSP exact solver info for graph G_0 : TT = 5.4193, pt = 0.009674, dt = 4.87521, ct = 0.532101, ndl = 281823', bdl = 20144102', odl = 129892', odf = 4551565', bsi = 2457', cnt = 18644197', bdch = 1064086767', odch = 178663327', lcp = 37077928', #sols = 150
1 bl.dch (5340)...    RCSP exact solver info for graph G_0 : TT = 4.93096, pt = 0.008084, dt = 4.42249, ct = 0.498167, ndl = 274479', bdl = 19661218', odl = 127894', odf = 4424735', bsi = 2518', cnt = 17910397', bdch = 1013913549', odch = 169430488', lcp = 35232557', #sols = 150
<DWph=0> <it= 11> <et=413.06> <Mt= 0.03> <Spt=10.38> <nCl= 29> <al=0.00> <DB= 3087.0459> <Mlp= 3106.2471> <PB=10000000> 
BaPCod info: Cplex status is 'Optimal solution found, unscaled infeasibilities'
    RCSP exact solver info for graph G_0 : TT = 4.88324, pt = 0.007409, dt = 4.38571, ct = 0.487967, ndl = 273041', bdl = 19576932', odl = 126400', odf = 4396904', bsi = 2455', cnt = 17623427', bdch = 998597644', odch = 168943202', lcp = 35160023', #sols = 150
1 bl.dch (5539)...    RCSP exact solver info for graph G_0 : TT = 7.08805, pt = 0.007842, dt = 6.59319, ct = 0.484899, ndl = 273100', bdl = 19560272', odl = 126526', odf = 4400165', bsi = 2466', cnt = 17628156', bdch = 1001942944', odch = 168748375', lcp = 35182774', #sols = 150
<DWph=0> <it= 12> <et=422.88> <Mt= 0.02> <Spt= 9.80> <nCl= 19> <al=0.00> <DB= 3106.2471> <Mlp= 3106.2471> <PB=10000000> 
RCSP solver dynamic params and stats :  bidir.bord. = 375 aver.obdmd = 98.3607 aver.buck.num. = 101 nbR1C = 233 with avMem = 18.515
@@ 209 5 3106.25 5.84606 7.73096 92.389 422.88
    Full reduced cost fixing is not called (gap ratio is 0.999994)
ColGenEvalAlg final dual bound: 3106.25 (rounded: 3107)
False gap improvement since the last cut separation : 0.00197875 (3105.63)
----- Cut generation is stopped due to tailing off -----
Current active cuts : CAP(3,57.7301) R1C(25+208,422.47) 1rowPackR1C(25) 3rowPackR1C(102) 4rowPackR1C(65) 5rowPackR1C(41)
SB exact phase 3 branch on var x[(22, 61)]_0_2349_0_OspV (lhs=0.681747) : [3109.3926, 3106.2471], tree depth = 1e+12, tree size = 1e+12, score = -0.1198
SB with phases chosed candidate var x[(22, 61)]_0_2349_0_OspV (lhs=0.681747)
************************************************************************************************
**** BaB tree node (N° 3, parent N° 1, depth 1, treatOrderId 209)
**** Local DB = 3106.25, global bounds : [ 3107 , 1e+07 ], TIME = 0h7m3s2t = 42302
**** 2 open nodes, 11862 columns (9769 active), 476 dyn. constrs. (240 active), 718 art. vars. (482 active)
************************************************************************************************
**** Strong branching phase 1 is started *****
SB phase 1 cand.  1 branch on Psi[2,5] (lhs=1.4129)                       : [ 3107.8763,  3110.6824], score = 7.23 (h)  <et=423.65>
BaPCod info: Cplex status is 'Optimal solution found, unscaled infeasibilities'
SB phase 1 cand.  2 branch on colGenSp (9.0732)                           : [ 3106.2525,  3108.0680], score = 0.01      <et=424.66>
SB phase 1 cand.  3 branch on var x[(6, 86)]_0_670_0_OspV (lhs=0.5122)    : [ 3108.5859,  3109.8180], score = 8.35 (h)  <et=425.25>
BaPCod info: Cplex status is 'Optimal solution found, unscaled infeasibilities'
SB phase 1 cand.  4 branch on omega[2] (lhs=23.6999)                      : [ 3106.2549,  3106.3042], score = 0.00      <et=425.42>
SB phase 1 cand.  5 branch on Psi[1,5] (lhs=0.5871)                       : [ 3107.8763,  3110.6824], score = 7.23 (h)  <et=426.04>
BaPCod info: Cplex status is 'Optimal solution found, unscaled infeasibilities'
SB phase 1 cand.  6 branch on omega[3] (lhs=2.9795)                       : [ 3106.2478,  3108.5964], score = 0.00      <et=426.37>
SB phase 1 cand.  7 branch on var x[(26, 77)]_0_2751_0_OspV (lhs=0.5871)  : [ 3107.8763,  3110.6824], score = 7.23 (h)  <et=427>
BaPCod info: Cplex status is 'Optimal solution found, unscaled infeasibilities'
SB phase 1 cand.  8 branch on Psi[2,6] (lhs=0.7533)                       : [ 3106.3879,  3107.6593], score = 0.20      <et=427.41>
BaPCod info: Cplex status is 'Optimal solution found, unscaled infeasibilities'
SB phase 1 cand.  9 branch on var x[(86, 108)]_0_6652_0_OspV (lhs=0.4878) : [ 3108.1336,  3109.8180], score = 6.74 (h)  <et=427.97>
BaPCod info: Cplex status is 'Optimal solution found, unscaled infeasibilities'
SB phase 1 cand. 10 branch on Psi[2,3] (lhs=1.2186)                       : [ 3106.3555,  3108.2615], score = 0.22      <et=428.39>
SB phase 1 cand. 11 branch on var x[(12, 30)]_0_1283_0_OspV (lhs=0.5526)  : [ 3107.9700,  3109.4484], score = 5.52 (h)  <et=428.94>
BaPCod info: Cplex status is 'Optimal solution found, unscaled infeasibilities'
SB phase 1 cand. 12 branch on Psi[3,6] (lhs=0.8817)                       : [ 3106.4214,  3118.7709], score = 2.18      <et=429.49>
BaPCod info: Cplex status is 'Optimal solution found, unscaled infeasibilities'
SB phase 1 cand. 13 branch on var x[(6, 48)]_0_632_0_OspV (lhs=0.4868)    : [ 3108.0092,  3109.7098], score = 6.10 (h)  <et=430.1>
BaPCod info: Cplex status is 'Optimal solution found, unscaled infeasibilities'
SB phase 1 cand. 14 branch on var x[(53, 96)]_0_4957_0_OspV (lhs=0.5036)  : [ 3106.9709,  3107.0978], score = 0.62      <et=430.56>
SB phase 1 cand. 15 branch on var x[(12, 63)]_0_1316_0_OspV (lhs=0.4682)  : [ 3107.9702,  3109.3451], score = 5.34 (h)  <et=431.11>
BaPCod info: Cplex status is 'Optimal solution found, unscaled infeasibilities'
SB phase 1 cand. 16 branch on var x[(0, 98)]_0_6984_0_OspV (lhs=0.4962)   : [ 3107.0128,  3107.0560], score = 0.62      <et=431.53>
SB phase 1 cand. 17 branch on var x[(30, 73)]_0_3117_0_OspV (lhs=0.4468)  : [ 3107.9346,  3109.8967], score = 6.16 (h)  <et=432.09>
BaPCod info: Cplex status is 'Optimal solution found, unscaled infeasibilities'
SB phase 1 cand. 18 branch on var x[(52, 102)]_0_4895_0_OspV (lhs=0.5146) : [ 3106.7838,  3107.2799], score = 0.55      <et=432.5>
SB phase 1 cand. 19 branch on var x[(77, 78)]_0_6271_0_OspV (lhs=0.5718)  : [ 3107.6921,  3109.8564], score = 5.22 (h)  <et=433.06>
SB phase 1 cand. 20 branch on var x[(106, 113)]_0_7147_0_OspV (lhs=0.4746): [ 3107.4108,  3108.6966], score = 2.85      <et=433.62>
SB phase 1 cand. 21 branch on var x[(41, 83)]_0_4062_0_OspV (lhs=0.3837)  : [ 3107.3401,  3111.1754], score = 5.39 (h)  <et=434.22>
BaPCod info: Cplex status is 'Optimal solution found, unscaled infeasibilities'
BaPCod info: Cplex status is 'Optimal solution found, unscaled infeasibilities'
SB phase 1 cand. 22 branch on var x[(65, 70)]_0_5669_0_OspV (lhs=0.4738)  : [ 3106.7127,  3107.8551], score = 0.75      <et=434.65>
BaPCod info: Cplex status is 'Optimal solution found, unscaled infeasibilities'
SB phase 1 cand. 23 branch on var x[(111, 120)]_0_7214_0_OspV (lhs=0.5486): [ 3108.5520,  3108.9826], score = 6.30 (h)  <et=435.27>
SB phase 1 cand. 24 branch on var x[(0, 72)]_0_6035_0_OspV (lhs=0.5277)   : [ 3106.6240,  3107.3207], score = 0.40      <et=435.69>
SB phase 1 cand. 25 branch on var x[(38, 77)]_0_3813_0_OspV (lhs=0.7308)  : [ 3106.9189,  3109.1770], score = 1.97 (h)  <et=436.2>
SB phase 1 cand. 26 branch on var x[(49, 74)]_0_4657_0_OspV (lhs=0.5305)  : [ 3106.9145,  3107.5056], score = 0.84      <et=436.62>
SB phase 1 cand. 27 branch on var x[(16, 73)]_0_1752_0_OspV (lhs=0.5529)  : [ 3108.2386,  3108.7878], score = 5.06 (h)  <et=437.2>
BaPCod info: Cplex status is 'Optimal solution found, unscaled infeasibilities'
SB phase 1 cand. 28 branch on var x[(0, 74)]_0_6132_0_OspV (lhs=0.4632)   : [ 3107.0243,  3107.2430], score = 0.77      <et=437.65>
SB phase 1 cand. 29 branch on var x[(16, 111)]_0_1790_0_OspV (lhs=0.4464) : [ 3108.2376,  3109.0148], score = 5.51 (h)  <et=438.22>
BaPCod info: Cplex status is 'Optimal solution found, unscaled infeasibilities'
SB phase 1 cand. 30 branch on var x[(5, 65)]_0_534_0_OspV (lhs=0.5393)    : [ 3106.6537,  3106.8893], score = 0.26      <et=438.61>
SB phase 1 cand. 31 branch on var x[(37, 69)]_0_3722_0_OspV (lhs=0.3919)  : [ 3108.2476,  3109.6683], score = 6.84 (h)  <et=439.21>
BaPCod info: Cplex status is 'Optimal solution found, unscaled infeasibilities'
SB phase 1 cand. 32 branch on var x[(74, 90)]_0_6148_0_OspV (lhs=0.5465)  : [ 3106.8861,  3107.3961], score = 0.73      <et=439.69>
BaPCod info: Cplex status is 'Optimal solution found, unscaled infeasibilities'
SB phase 1 cand. 33 branch on var x[(37, 76)]_0_3729_0_OspV (lhs=0.6081)  : [ 3108.2475,  3109.7288], score = 6.96 (h)  <et=440.29>
BaPCod info: Cplex status is 'Optimal solution found, unscaled infeasibilities'
SB phase 1 cand. 34 branch on var x[(56, 101)]_0_5160_0_OspV (lhs=0.5495) : [ 3106.3038,  3106.4696], score = 0.01      <et=440.55>
BaPCod info: Cplex status is 'Optimal solution found, unscaled infeasibilities'
SB phase 1 cand. 35 branch on var x[(8, 85)]_0_896_0_OspV (lhs=0.3884)    : [ 3107.8652,  3110.8020], score = 7.37 (h)  <et=441.14>
BaPCod info: Cplex status is 'Optimal solution found, unscaled infeasibilities'
SB phase 1 cand. 36 branch on var x[(21, 89)]_0_2278_0_OspV (lhs=0.5541)  : [ 3106.2723,  3106.4754], score = 0.01      <et=441.36>
SB phase 1 cand. 37 branch on Psi[1,2] (lhs=0.5337)                       : [ 3108.0387,  3108.9369], score = 4.82 (h)  <et=441.9>
BaPCod info: Cplex status is 'Optimal solution found, unscaled infeasibilities'
SB phase 1 cand. 38 branch on var x[(28, 88)]_0_2949_0_OspV (lhs=0.5543)  : [ 3107.4060,  3107.8261], score = 1.83      <et=442.37>
BaPCod info: Cplex status is 'Optimal solution found, unscaled infeasibilities'
SB phase 1 cand. 39 branch on var x[(17, 83)]_0_1866_0_OspV (lhs=0.3919)  : [ 3108.2476,  3108.7607], score = 5.03 (h)  <et=442.93>
SB phase 1 cand. 40 branch on var x[(18, 66)]_0_1952_0_OspV (lhs=0.5546)  : [ 3106.8637,  3107.1026], score = 0.53      <et=443.31>
SB phase 1 cand. 41 branch on var x[(76, 108)]_0_6257_0_OspV (lhs=0.3919) : [ 3108.0650,  3109.7288], score = 6.33 (h)  <et=443.88>
SB phase 1 cand. 42 branch on var x[(66, 96)]_0_5750_0_OspV (lhs=0.5595)  : [ 3106.7552,  3108.0634], score = 0.92      <et=444.3>
SB phase 1 cand. 43 branch on var x[(4, 69)]_0_422_0_OspV (lhs=0.6081)    : [ 3108.2432,  3108.7303], score = 4.96 (h)  <et=444.86>
BaPCod info: Cplex status is 'Optimal solution found, unscaled infeasibilities'
SB phase 1 cand. 44 branch on var x[(0, 105)]_0_7124_0_OspV (lhs=0.4377)  : [ 3106.2561,  3108.7728], score = 0.02      <et=445.22>
SB phase 1 cand. 45 branch on var x[(4, 37)]_0_390_0_OspV (lhs=0.3919)    : [ 3108.2432,  3108.7311], score = 4.96 (h)  <et=445.8>
SB phase 1 cand. 46 branch on var x[(0, 57)]_0_5180_0_OspV (lhs=0.5637)   : [ 3107.0032,  3107.2079], score = 0.73      <et=446.25>
BaPCod info: Cplex status is 'Optimal solution found, unscaled infeasibilities'
SB phase 1 cand. 47 branch on var x[(50, 117)]_0_4771_0_OspV (lhs=0.7732) : [ 3106.8053,  3110.1447], score = 2.18 (h)  <et=446.79>
SB phase 1 cand. 48 branch on var x[(0, 96)]_0_6935_0_OspV (lhs=0.4320)   : [ 3106.6779,  3107.7218], score = 0.64      <et=447.23>
BaPCod info: Cplex status is 'Optimal solution found, unscaled infeasibilities'
SB phase 1 cand. 49 branch on var x[(109, 120)]_0_7193_0_OspV (lhs=0.4721): [ 3107.7465,  3108.6192], score = 3.56 (h)  <et=447.8>
SB phase 1 cand. 50 branch on var x[(9, 19)]_0_942_0_OspV (lhs=0.5705)    : [ 3107.2226,  3107.7293], score = 1.45      <et=448.3>
SB phase 1 cand. 51 branch on var x[(0, 88)]_0_6699_0_OspV (lhs=0.4164)   : [ 3107.6826,  3109.7871], score = 5.08 (h)  <et=448.85>
SB phase 1 cand. 52 branch on var x[(21, 56)]_0_2245_0_OspV (lhs=0.4293)  : [ 3106.2658,  3106.4858], score = 0.00      <et=449.07>
BaPCod info: Cplex status is 'Optimal solution found, unscaled infeasibilities'
SB phase 1 cand. 53 branch on var x[(17, 37)]_0_1820_0_OspV (lhs=0.6081)  : [ 3108.2476,  3108.6590], score = 4.82 (h)  <et=449.61>
BaPCod info: Cplex status is 'Optimal solution found, unscaled infeasibilities'
SB phase 1 cand. 54 branch on var x[(58, 79)]_0_5265_0_OspV (lhs=0.4183)  : [ 3106.7861,  3107.7213], score = 0.79      <et=450.09>
SB phase 1 cand. 55 branch on var x[(1, 85)]_0_84_0_OspV (lhs=0.5312)     : [ 3108.0446,  3108.7526], score = 4.50 (h)  <et=450.63>
BaPCod info: Cplex status is 'Optimal solution found, unscaled infeasibilities'
SB phase 1 cand. 56 branch on var x[(2, 52)]_0_170_0_OspV (lhs=0.4170)    : [ 3106.7096,  3107.0644], score = 0.38      <et=451>
SB phase 1 cand. 57 branch on var x[(43, 113)]_0_4249_0_OspV (lhs=0.5230) : [ 3107.7603,  3108.1330], score = 2.85 (h)  <et=451.55>
BaPCod info: Cplex status is 'Optimal solution found, unscaled infeasibilities'
SB phase 1 cand. 58 branch on var x[(1, 31)]_0_30_0_OspV (lhs=0.5872)     : [ 3107.8105,  3110.6824], score = 6.93      <et=452.19>
BaPCod info: Cplex status is 'Optimal solution found, unscaled infeasibilities'
SB phase 1 cand. 59 branch on var x[(26, 31)]_0_2705_0_OspV (lhs=0.5337)  : [ 3108.0404,  3108.9127], score = 4.78 (h)  <et=452.75>
SB phase 1 cand. 60 branch on var x[(0, 79)]_0_6357_0_OspV (lhs=0.5873)   : [ 3106.9038,  3107.1515], score = 0.59      <et=453.17>
SB phase 1 cand. 61 branch on Psi[1,3] (lhs=0.8792)                       : [ 3106.5361,  3115.6512], score = 2.72 (h)  <et=453.64>
SB phase 1 cand. 62 branch on var x[(13, 72)]_0_1433_0_OspV (lhs=0.5876)  : [ 3107.1943,  3108.0241], score = 1.68      <et=454.14>
BaPCod info: Cplex status is 'Optimal solution found, unscaled infeasibilities'
SB phase 1 cand. 63 branch on var x[(10, 90)]_0_1124_0_OspV (lhs=0.5089)  : [ 3107.2557,  3110.3696], score = 4.16 (h)  <et=454.63>
SB phase 1 cand. 64 branch on var x[(40, 75)]_0_3974_0_OspV (lhs=0.5997)  : [ 3106.2577,  3106.3438], score = 0.00      <et=454.81>
SB phase 1 cand. 65 branch on var x[(8, 50)]_0_861_0_OspV (lhs=0.2268)    : [ 3106.8053,  3110.1447], score = 2.18 (h)  <et=455.32>
BaPCod info: Cplex status is 'Optimal solution found, unscaled infeasibilities'
BaPCod info: Cplex status is 'Optimal solution found, unscaled infeasibilities'
SB phase 1 cand. 66 branch on var x[(98, 118)]_0_7004_0_OspV (lhs=0.6010) : [ 3106.6234,  3108.2566], score = 0.76      <et=455.8>
SB phase 1 cand. 67 branch on var x[(0, 99)]_0_7007_0_OspV (lhs=0.5785)   : [ 3107.4961,  3108.9296], score = 3.35 (h)  <et=456.3>
BaPCod info: Cplex status is 'Optimal solution found, unscaled infeasibilities'
SB phase 1 cand. 68 branch on var x[(89, 101)]_0_6744_0_OspV (lhs=0.3987) : [ 3106.2649,  3106.5096], score = 0.00      <et=456.55>
BaPCod info: Cplex status is 'Optimal solution found, unscaled infeasibilities'
SB phase 1 cand. 69 branch on var x[(29, 41)]_0_2994_0_OspV (lhs=0.5111)  : [ 3107.4839,  3110.0183], score = 4.66 (h)  <et=457.12>
SB phase 1 cand. 70 branch on var x[(0, 94)]_0_6882_0_OspV (lhs=0.3871)   : [ 3107.0507,  3107.3106], score = 0.85      <et=457.58>
SB phase 1 cand. 71 branch on var x[(11, 109)]_0_1253_0_OspV (lhs=0.5218) : [ 3107.5473,  3108.6192], score = 3.08 (h)  <et=458.11>
SB phase 1 cand. 72 branch on var x[(8, 29)]_0_840_0_OspV (lhs=0.3778)    : [ 3107.2952,  3111.3383], score = 5.34      <et=458.7>
SB phase 1 cand. 73 branch on var x[(13, 68)]_0_1429_0_OspV (lhs=0.4371)  : [ 3107.5917,  3109.7309], score = 4.68 (h)  <et=459.25>
SB phase 1 cand. 74 branch on var x[(28, 58)]_0_2919_0_OspV (lhs=0.3699)  : [ 3106.8418,  3109.3308], score = 1.83      <et=459.75>
BaPCod info: Cplex status is 'Optimal solution found, unscaled infeasibilities'
SB phase 1 cand. 75 branch on var x[(3, 107)]_0_343_0_OspV (lhs=0.4885)   : [ 3106.8680,  3108.7318], score = 1.54 (h)  <et=460.23>
SB phase 1 cand. 76 branch on var x[(21, 100)]_0_2289_0_OspV (lhs=0.6363) : [ 3107.5944,  3107.6301], score = 1.86      <et=460.7>
SB phase 1 cand. 77 branch on var x[(71, 72)]_0_5986_0_OspV (lhs=0.2908)  : [ 3106.8508,  3110.2214], score = 2.40 (h)  <et=461.19>
SB phase 1 cand. 78 branch on var x[(0, 64)]_0_5607_0_OspV (lhs=0.3574)   : [ 3106.5002,  3107.4434], score = 0.30      <et=461.67>
SB phase 1 cand. 79 branch on var x[(35, 87)]_0_3571_0_OspV (lhs=0.5252)  : [ 3107.2552,  3108.3283], score = 2.10 (h)  <et=462.17>
BaPCod info: Cplex status is 'Optimal solution found, unscaled infeasibilities'
SB phase 1 cand. 80 branch on var x[(66, 83)]_0_5737_0_OspV (lhs=0.3574)  : [ 3106.6441,  3108.1973], score = 0.77      <et=462.62>
SB phase 1 cand. 81 branch on var x[(13, 71)]_0_1432_0_OspV (lhs=0.5089)  : [ 3107.8803,  3108.3277], score = 3.40 (h)  <et=463.14>
SB phase 1 cand. 82 branch on var x[(75, 105)]_0_6209_0_OspV (lhs=0.3572) : [ 3106.2572,  3106.3577], score = 0.00      <et=463.31>
SB phase 1 cand. 83 branch on var x[(87, 115)]_0_6693_0_OspV (lhs=0.3900) : [ 3107.4713,  3107.7276], score = 1.81 (h)  <et=463.8>
SB phase 1 cand. 84 branch on var x[(10, 88)]_0_1122_0_OspV (lhs=0.6459)  : [ 3107.3932,  3107.4928], score = 1.43      <et=464.29>
SB phase 1 cand. 85 branch on var x[(0, 65)]_0_5664_0_OspV (lhs=0.4076)   : [ 3106.8634,  3106.9620], score = 0.44 (h)  <et=464.7>
SB phase 1 cand. 86 branch on var x[(93, 102)]_0_6863_0_OspV (lhs=0.3458) : [ 3106.5309,  3108.5502], score = 0.65      <et=465.15>
SB phase 1 cand. 87 branch on var x[(23, 42)]_0_2428_0_OspV (lhs=0.4181)  : [ 3106.7787,  3110.3971], score = 2.21 (h)  <et=465.62>
SB phase 1 cand. 88 branch on var x[(0, 10)]_0_1044_0_OspV (lhs=0.3424)   : [ 3107.4394,  3107.9294], score = 2.01      <et=466.12>
SB phase 1 cand. 89 branch on var x[(32, 59)]_0_3282_0_OspV (lhs=0.7974)  : [ 3106.6395,  3110.0465], score = 1.49 (h)  <et=466.61>
SB phase 1 cand. 90 branch on var x[(34, 98)]_0_3496_0_OspV (lhs=0.3407)  : [ 3106.5403,  3108.3823], score = 0.63      <et=467.07>
SB phase 1 cand. 91 branch on var x[(28, 114)]_0_2975_0_OspV (lhs=0.2444) : [ 3106.6567,  3110.1291], score = 1.59 (h)  <et=467.57>
SB phase 1 cand. 92 branch on var x[(0, 42)]_0_4100_0_OspV (lhs=0.6629)   : [ 3106.6815,  3108.2419], score = 0.87      <et=468.01>
BaPCod info: Cplex status is 'Optimal solution found, unscaled infeasibilities'
SB phase 1 cand. 93 branch on var x[(23, 115)]_0_2501_0_OspV (lhs=0.3730) : [ 3106.9435,  3109.6424], score = 2.36 (h)  <et=468.55>
SB phase 1 cand. 94 branch on var x[(7, 42)]_0_740_0_OspV (lhs=0.3371)    : [ 3106.6815,  3108.2419], score = 0.87      <et=468.99>
SB phase 1 cand. 95 branch on var x[(11, 59)]_0_1203_0_OspV (lhs=0.2000)  : [ 3106.6399,  3110.4078], score = 1.63 (h)  <et=469.47>
BaPCod info: Cplex status is 'Optimal solution found, unscaled infeasibilities'
BaPCod info: Cplex status is 'Optimal solution found, unscaled infeasibilities'
SB phase 1 cand. 96 branch on var x[(46, 58)]_0_4422_0_OspV (lhs=0.6630)  : [ 3106.6621,  3107.4902], score = 0.52      <et=469.92>
SB phase 1 cand. 97 branch on var x[(0, 83)]_0_6519_0_OspV (lhs=0.3650)   : [ 3106.8669,  3107.5232], score = 0.79 (h)  <et=470.36>
BaPCod info: Cplex status is 'Optimal solution found, unscaled infeasibilities'
SB phase 1 cand. 98 branch on var x[(47, 64)]_0_4502_0_OspV (lhs=0.6651)  : [ 3106.6373,  3108.8933], score = 1.03      <et=470.83>
SB phase 1 cand. 99 branch on var x[(0, 90)]_0_6764_0_OspV (lhs=0.3139)   : [ 3106.6214,  3110.7116], score = 1.67 (h)  <et=471.35>
BaPCod info: Cplex status is 'Optimal solution found, unscaled infeasibilities'
SB phase 1 cand. 100 branch on var x[(0, 100)]_0_7029_0_OspV (lhs=0.3324)  : [ 3106.6259,  3108.2047], score = 0.74      <et=471.77>
**** Strong branching phase 2 is started *****
BaPCod info: Cplex status is 'Optimal solution found, unscaled infeasibilities'
BaPCod info: Cplex status is 'Optimal solution found, unscaled infeasibilities'
<DWph=1> <it= 16> <et=476.69> <Mt= 0.60> <Spt= 4.29> <nCl=118> <al=0.00> <DB= 3108.0048> <Mlp= 3108.0048> <PB=10000000> 
BaPCod info: Cplex status is 'Optimal solution found, unscaled infeasibilities'
BaPCod info: Cplex status is 'Optimal solution found, unscaled infeasibilities'
BaPCod info: Cplex status is 'Optimal solution found, unscaled infeasibilities'
BaPCod info: Cplex status is 'Optimal solution found, unscaled infeasibilities'
<DWph=1> <it= 19> <et=483.11> <Mt= 1.80> <Spt= 4.34> <nCl=125> <al=0.00> <DB= 3108.3168> <Mlp= 3108.3168> <PB=10000000> 
SB phase 2 cand.  1 branch on var x[(6, 86)]_0_670_0_OspV (lhs=0.5122): [ 3108.0048,  3108.3168], score = 3.64 (h)  <et=483.15>
BaPCod info: Cplex status is 'Optimal solution found, unscaled infeasibilities'
BaPCod info: Cplex status is 'Optimal solution found, unscaled infeasibilities'
BaPCod info: Cplex status is 'Optimal solution found, unscaled infeasibilities'
<DWph=2> <it= 22> <et=489.23> <Mt= 1.76> <Spt= 4.08> <nCl=110> <al=0.41> <DB= 2416.7964> <Mlp= 3109.7791> <PB=10000000> 
BaPCod info: Cplex status is 'Optimal solution found, unscaled infeasibilities'
BaPCod info: Cplex status is 'Optimal solution found, unscaled infeasibilities'
<DWph=1> <it= 32> <et=493.32> <Mt= 0.17> <Spt= 3.92> <nCl= 60> <al=0.00> <DB= 3109.7127> <Mlp= 3109.7127> <PB=10000000> 
BaPCod info: Cplex status is 'Optimal solution found, unscaled infeasibilities'
BaPCod info: Cplex status is 'Optimal solution found, unscaled infeasibilities'
BaPCod info: Cplex status is 'Optimal solution found, unscaled infeasibilities'
<DWph=1> <it= 16> <et=498.49> <Mt= 0.39> <Spt= 4.51> <nCl=110> <al=0.00> <DB= 3107.5701> <Mlp= 3107.5701> <PB=10000000> 
SB phase 2 cand.  2 branch on var x[(8, 85)]_0_896_0_OspV (lhs=0.3884): [ 3107.5701,  3109.7127], score = 4.58 (h)  <et=498.51>
BaPCod info: Cplex status is 'Optimal solution found, unscaled infeasibilities'
<DWph=1> <it= 29> <et=507.04> <Mt= 0.53> <Spt= 7.77> <nCl=216> <al=0.00> <DB= 3109.6854> <Mlp= 3109.6854> <PB=10000000> 
BaPCod info: Cplex status is 'Optimal solution found, unscaled infeasibilities'
BaPCod info: Cplex status is 'Optimal solution found, unscaled infeasibilities'
BaPCod info: Cplex status is 'Optimal solution found, unscaled infeasibilities'
<DWph=1> <it= 15> <et=512.79> <Mt= 1.12> <Spt= 4.37> <nCl= 68> <al=0.00> <DB= 3107.6669> <Mlp= 3107.6669> <PB=10000000> 
SB phase 2 cand.  3 branch on Psi[2,5] (lhs=1.4129)                   : [ 3107.6669,  3109.6854], score = 4.88 (h)  <et=512.82>
**** Strong branching phase 3 is started *****
**** SB phase 3 evaluation of candidate 1, branch 1 ( Psi[2,5] >= 2 ), value = 3109.69
<DWph=2> <it=  1> <et=513.18> <Mt= 0.00> <Spt= 0.13> <nCl=  5> <al=0.50> <DB= 2817.6426> <Mlp= 3109.6854> <PB=10000000> 
<DWph=2> <it=  2> <et=513.59> <Mt= 0.01> <Spt= 0.40> <nCl=  1> <al=0.00> <DB= 3109.6854> <Mlp= 3109.6854> <PB=10000000> 
<DWph=1> <it=  3> <et=514.13> <Mt= 0.00> <Spt= 0.53> <nCl=  0> <al=0.00> <DB= 3109.6854> <Mlp= 3109.6854> <PB=10000000> 
    RCSP exact solver info for graph G_0 : TT = 3.6211, pt = 0.005028, dt = 3.18943, ct = 0.424552, ndl = 226939', bdl = 16035338', odl = 109088', odf = 3699509', bsi = 2276', cnt = 15825236', bdch = 669438624', odch = 158201970', lcp = 30106511', #sols = 150
<DWph=0> <it=  4> <et=517.79> <Mt= 0.00> <Spt= 3.66> <nCl=150> <al=0.35> <DB= 2468.5864> <Mlp= 3109.6854> <PB=10000000> 
    RCSP exact solver info for graph G_0 : TT = 6.15987, pt = 0.007153, dt = 5.70955, ct = 0.440951, ndl = 240734', bdl = 17076597', odl = 114078', odf = 3934032', bsi = 2318', cnt = 15893871', bdch = 758837828', odch = 158189473', lcp = 31852209', #sols = 150
<DWph=0> <it=  5> <et=521.99> <Mt= 0.18> <Spt= 3.98> <nCl= 84> <al=0.25> <DB= 2906.2815> <Mlp= 3109.1662> <PB=10000000> 
    RCSP exact solver info for graph G_0 : TT = 3.59489, pt = 0.006245, dt = 3.19665, ct = 0.38985, ndl = 221890', bdl = 15744342', odl = 108811', odf = 3607032', bsi = 2268', cnt = 13932024', bdch = 652732061', odch = 134719941', lcp = 27829559', #sols = 150
<DWph=0> <it=  6> <et=525.64> <Mt= 0.03> <Spt= 3.61> <nCl= 48> <al=0.33> <DB= 2966.2192> <Mlp= 3109.1105> <PB=10000000> 
    RCSP exact solver info for graph G_0 : TT = 3.51189, pt = 0.007395, dt = 3.11894, ct = 0.383145, ndl = 219090', bdl = 15565418', odl = 108166', odf = 3569483', bsi = 2300', cnt = 13651317', bdch = 636591420', odch = 131473745', lcp = 27152819', #sols = 150
<DWph=0> <it=  7> <et=529.18> <Mt= 0.02> <Spt= 3.52> <nCl= 24> <al=0.39> <DB= 3053.0194> <Mlp= 3109.1002> <PB=10000000> 
    RCSP exact solver info for graph G_0 : TT = 3.58969, pt = 0.006423, dt = 3.18357, ct = 0.397502, ndl = 219996', bdl = 15589596', odl = 107923', odf = 3582992', bsi = 2311', cnt = 13841151', bdch = 641848879', odch = 132099394', lcp = 27247881', #sols = 150
<DWph=0> <it=  8> <et=532.79> <Mt= 0.01> <Spt= 3.61> <nCl= 37> <al=0.29> <DB= 3087.6671> <Mlp= 3109.0998> <PB=10000000> 
    RCSP exact solver info for graph G_0 : TT = 3.53209, pt = 0.006709, dt = 3.14414, ct = 0.378883, ndl = 219765', bdl = 15577910', odl = 107510', odf = 3578835', bsi = 2297', cnt = 13936139', bdch = 640343936', odch = 132331356', lcp = 27203618', #sols = 150
<DWph=0> <it=  9> <et=536.34> <Mt= 0.00> <Spt= 3.54> <nCl=  9> <al=0.36> <DB= 3101.3140> <Mlp= 3109.0993> <PB=10000000> 
    RCSP exact solver info for graph G_0 : TT = 3.5178, pt = 0.006516, dt = 3.11597, ct = 0.393141, ndl = 219541', bdl = 15550306', odl = 107888', odf = 3581721', bsi = 2310', cnt = 13942257', bdch = 639901066', odch = 132610636', lcp = 27324276', #sols = 150
<DWph=0> <it= 10> <et=539.87> <Mt= 0.01> <Spt= 3.53> <nCl=  9> <al=0.26> <DB= 3107.0498> <Mlp= 3109.0993> <PB=10000000> 
    RCSP exact solver info for graph G_0 : TT = 3.55332, pt = 0.00648, dt = 3.15827, ct = 0.386393, ndl = 220192', bdl = 15587526', odl = 107499', odf = 3587720', bsi = 2303', cnt = 14048471', bdch = 642183873', odch = 133288782', lcp = 27376538', #sols = 150
    RCSP exact solver info for graph G_0 : TT = 3.4003, pt = 0.006504, dt = 3.02247, ct = 0.369176, ndl = 219232', bdl = 15522220', odl = 107260', odf = 3573522', bsi = 2316', cnt = 13965373', bdch = 636179197', odch = 132921943', lcp = 27369584', #sols = 150
<DWph=0> <it= 11> <et=546.85> <Mt= 0.00> <Spt= 6.97> <nCl= 18> <al=0.00> <DB= 3109.0992> <Mlp= 3109.0992> <PB=10000000> 
RCSP solver dynamic params and stats :  bidir.bord. = 375 aver.obdmd = 98.3607 aver.buck.num. = 101 nbR1C = 174 with avMem = 17.4885
@@ 416 0 3109.1 3.82251 6.15051 92.389 546.85
    Full reduced cost fixing is not called (gap ratio is 0.999994)
ColGenEvalAlg final dual bound: 3109.1 (rounded: 3110)
Current active cuts : CAP(3,171.989) R1C(19+155,423.19) 1rowPackR1C(19) 3rowPackR1C(84) 4rowPackR1C(46) 5rowPackR1C(25)
13 Rank-1 1-rows pack. cuts added ,  max viol. = 0.100846, aver. viol. = 0.0575572
150 Rank-1 3-rows pack. cuts added ,  max viol. = 0.0864268, aver. viol. = 0.0651171
In total 1 RCC cut(s) are found by the connected components heuristic 
Shrinking heuristic shrunk 24 edges
In total 4 RCC cut(s) are found by the Fractional capacity min-cut heuristic 
In total 3 RCC cut(s) are found by the greedy construction heuristic 
In total 8 RCC cut(s) are found by the global pool greedy search heuristic 
----- Add fac. cuts : CAP(16) R1C(163), max.viol = 0.314458, aver.viol = 0.0643404, sep/add took 0.0758285/0.4429 sec. -----
12522 columns (6922 active), 612 dyn. constrs. (358 active), 858 art. vars. (600 active)
<DWph=2> <it=  1> <et=547.73> <Mt= 0.17> <Spt= 0.15> <nCl=  5> <al=0.50> <DB= 3109.8026> <Mlp= 3110.5060> <PB=10000000> 
<DWph=2> <it=  2> <et=547.89> <Mt= 0.01> <Spt= 0.15> <nCl=  3> <al=0.40> <DB= 2984.6024> <Mlp= 3110.5060> <PB=10000000> 
<DWph=2> <it=  3> <et=548.07> <Mt= 0.03> <Spt= 0.15> <nCl=  6> <al=0.46> <DB= 2971.9478> <Mlp= 3110.4888> <PB=10000000> 
<DWph=2> <it=  4> <et=548.41> <Mt= 0.04> <Spt= 0.30> <nCl=  7> <al=0.03> <DB= 2790.4015> <Mlp= 3110.4684> <PB=10000000> 
<DWph=2> <it=  5> <et=548.73> <Mt= 0.02> <Spt= 0.30> <nCl= 12> <al=0.00> <DB= 2999.3124> <Mlp= 3110.4639> <PB=10000000> 
<DWph=2> <it=  6> <et=549.04> <Mt= 0.02> <Spt= 0.28> <nCl=  7> <al=0.00> <DB= 3010.0425> <Mlp= 3110.4632> <PB=10000000> 
<DWph=2> <it=  7> <et=549.22> <Mt= 0.03> <Spt= 0.15> <nCl=  2> <al=0.21> <DB= 3102.5164> <Mlp= 3110.4611> <PB=10000000> 
<DWph=2> <it=  8> <et=549.51> <Mt= 0.01> <Spt= 0.29> <nCl=  1> <al=0.00> <DB= 3110.4610> <Mlp= 3110.4610> <PB=10000000> 
<DWph=1> <it=  9> <et=549.79> <Mt= 0.00> <Spt= 0.27> <nCl=  9> <al=0.01> <DB= 2877.2998> <Mlp= 3110.4610> <PB=10000000> 
<DWph=1> <it= 10> <et=550.11> <Mt= 0.04> <Spt= 0.27> <nCl=  5> <al=0.00> <DB= 2897.1828> <Mlp= 3110.4435> <PB=10000000> 
<DWph=1> <it= 11> <et=550.44> <Mt= 0.05> <Spt= 0.29> <nCl= 13> <al=0.00> <DB= 2633.5438> <Mlp= 3110.4247> <PB=10000000> 
BaPCod info: Cplex status is 'Optimal solution found, unscaled infeasibilities'
<DWph=1> <it= 12> <et=550.78> <Mt= 0.05> <Spt= 0.29> <nCl=  5> <al=0.00> <DB= 2875.6547> <Mlp= 3110.4090> <PB=10000000> 
<DWph=1> <it= 13> <et=551.07> <Mt= 0.01> <Spt= 0.28> <nCl=  3> <al=0.00> <DB= 3080.5106> <Mlp= 3110.4090> <PB=10000000> 
<DWph=1> <it= 14> <et=551.35> <Mt= 0.00> <Spt= 0.27> <nCl=  0> <al=0.00> <DB= 3110.4090> <Mlp= 3110.4090> <PB=10000000> 
    RCSP exact solver info for graph G_0 : TT = 6.66425, pt = 0.005557, dt = 6.05855, ct = 0.59806, ndl = 253861', bdl = 17666244', odl = 118871', odf = 4169166', bsi = 2305', cnt = 20891867', bdch = 837819840', odch = 198771707', lcp = 40354117', #sols = 150
<DWph=0> <it= 15> <et=555.86> <Mt= 0.01> <Spt= 4.51> <nCl=150> <al=0.00> <DB= 2321.8504> <Mlp= 3110.4090> <PB=10000000> 
    RCSP exact solver info for graph G_0 : TT = 4.20006, pt = 0.005764, dt = 3.72188, ct = 0.470192, ndl = 250888', bdl = 17745055', odl = 116161', odf = 4094206', bsi = 2345', cnt = 18458124', bdch = 822946923', odch = 172191003', lcp = 35206931', #sols = 150
<DWph=0> <it= 16> <et=560.23> <Mt= 0.11> <Spt= 4.25> <nCl=150> <al=0.00> <DB= 2818.7880> <Mlp= 3110.2012> <PB=10000000> 
    RCSP exact solver info for graph G_0 : TT = 4.19181, pt = 0.006061, dt = 3.71126, ct = 0.472206, ndl = 248388', bdl = 17527444', odl = 115387', odf = 4039156', bsi = 2342', cnt = 17765899', bdch = 805740900', odch = 176069860', lcp = 36049994', #sols = 150
<DWph=0> <it= 17> <et=564.49> <Mt= 0.05> <Spt= 4.21> <nCl= 31> <al=0.00> <DB= 3047.8081> <Mlp= 3110.1682> <PB=10000000> 
    RCSP exact solver info for graph G_0 : TT = 4.29369, pt = 0.005806, dt = 3.78969, ct = 0.496115, ndl = 251998', bdl = 17715130', odl = 116121', odf = 4122277', bsi = 2310', cnt = 18659594', bdch = 823123207', odch = 189913489', lcp = 37750573', #sols = 150
<DWph=0> <it= 18> <et=568.82> <Mt= 0.02> <Spt= 4.31> <nCl= 25> <al=0.08> <DB= 3070.3606> <Mlp= 3110.1660> <PB=10000000> 
    RCSP exact solver info for graph G_0 : TT = 4.29198, pt = 0.005831, dt = 3.77791, ct = 0.505977, ndl = 252096', bdl = 17751256', odl = 116205', odf = 4119559', bsi = 2324', cnt = 18682259', bdch = 825494370', odch = 188728656', lcp = 37604405', #sols = 150
<DWph=0> <it= 19> <et=573.13> <Mt= 0.01> <Spt= 4.31> <nCl= 13> <al=0.17> <DB= 3103.4895> <Mlp= 3110.1660> <PB=10000000> 
    RCSP exact solver info for graph G_0 : TT = 4.26655, pt = 0.006386, dt = 3.76041, ct = 0.497605, ndl = 251747', bdl = 17716746', odl = 115970', odf = 4113814', bsi = 2325', cnt = 18672809', bdch = 823528268', odch = 188148951', lcp = 37556070', #sols = 150
    RCSP exact solver info for graph G_0 : TT = 4.29818, pt = 0.006139, dt = 3.78434, ct = 0.505643, ndl = 251086', bdl = 17677189', odl = 115871', odf = 4102341', bsi = 2316', cnt = 18623317', bdch = 818825038', odch = 187749457', lcp = 37460611', #sols = 150
<DWph=0> <it= 20> <et=581.72> <Mt= 0.00> <Spt= 8.58> <nCl= 17> <al=0.00> <DB= 3110.1660> <Mlp= 3110.1660> <PB=10000000> 
RCSP solver dynamic params and stats :  bidir.bord. = 375 aver.obdmd = 98.3607 aver.buck.num. = 101 nbR1C = 187 with avMem = 16.9412
@@ 416 1 3110.17 4.59283 6.65661 92.389 581.72
    Full reduced cost fixing is not called (gap ratio is 0.999994)
ColGenEvalAlg final dual bound: 3110.17 (rounded: 3111)
False gap improvement since the last cut separation : 0.00343112 (3109.1)
Separator R1C not in maximum phase
Cut generation tailing off counter increased to 0
Current active cuts : CAP(7,207.308) R1C(29+158,428.688) 1rowPackR1C(29) 3rowPackR1C(95) 4rowPackR1C(42) 5rowPackR1C(21)
5 Rank-1 1-rows pack. cuts added ,  max viol. = 0.0334627, aver. viol. = 0.0297211
150 Rank-1 3-rows pack. cuts added ,  max viol. = 0.109227, aver. viol. = 0.0507295
Building structures for heuristic rank-1 packing cut separation...done!
94 Rank-1 4-rows pack. cuts added ,  max viol. = 0.0983746, aver. viol. = 0.0454025
100 Rank-1 5-rows pack. cuts added ,  max viol. = 0.123966, aver. viol. = 0.089555
Shrinking heuristic shrunk 20 edges
In total 2 RCC cut(s) are found by the global pool greedy search heuristic 
----- Add fac. cuts : CAP(2) R1C(349), max.viol = 0.183087, aver.viol = 0.0679644, sep/add took 0.790676/0.926042 sec. -----
12986 columns (7386 active), 963 dyn. constrs. (547 active), 1209 art. vars. (789 active)
<DWph=2> <it=  1> <et=583.98> <Mt= 0.30> <Spt= 0.20> <nCl= 25> <al=0.50> <DB= 2317.4518> <Mlp= 3112.8284> <PB=10000000> 
<DWph=2> <it=  2> <et=584.31> <Mt= 0.16> <Spt= 0.17> <nCl=  5> <al=0.55> <DB= 3111.1804> <Mlp= 3112.4202> <PB=10000000> 
<DWph=2> <it=  3> <et=584.50> <Mt= 0.02> <Spt= 0.16> <nCl=  5> <al=0.45> <DB= 2975.7119> <Mlp= 3112.4185> <PB=10000000> 
<DWph=2> <it=  4> <et=584.71> <Mt= 0.05> <Spt= 0.17> <nCl=  6> <al=0.51> <DB= 3099.8288> <Mlp= 3112.4016> <PB=10000000> 
<DWph=2> <it=  5> <et=585.08> <Mt= 0.01> <Spt= 0.35> <nCl= 14> <al=0.11> <DB= 2550.0583> <Mlp= 3112.4011> <PB=10000000> 
<DWph=2> <it=  6> <et=585.32> <Mt= 0.06> <Spt= 0.18> <nCl=  6> <al=0.45> <DB= 3037.5489> <Mlp= 3112.3778> <PB=10000000> 
<DWph=2> <it=  7> <et=585.54> <Mt= 0.04> <Spt= 0.18> <nCl=  1> <al=0.51> <DB= 3051.5526> <Mlp= 3112.3708> <PB=10000000> 
<DWph=2> <it=  8> <et=585.75> <Mt= 0.04> <Spt= 0.18> <nCl=  2> <al=0.56> <DB= 2947.3396> <Mlp= 3112.3618> <PB=10000000> 
<DWph=2> <it=  9> <et=585.96> <Mt= 0.02> <Spt= 0.18> <nCl=  1> <al=0.60> <DB= 3068.0601> <Mlp= 3112.3608> <PB=10000000> 
<DWph=2> <it= 10> <et=586.16> <Mt= 0.03> <Spt= 0.17> <nCl=  3> <al=0.64> <DB= 3045.9810> <Mlp= 3112.3583> <PB=10000000> 
<DWph=2> <it= 11> <et=586.56> <Mt= 0.02> <Spt= 0.37> <nCl=  7> <al=0.08> <DB= 2774.1447> <Mlp= 3112.3567> <PB=10000000> 
<DWph=2> <it= 12> <et=586.96> <Mt= 0.06> <Spt= 0.35> <nCl=  8> <al=0.00> <DB= 2507.6988> <Mlp= 3112.3273> <PB=10000000> 
<DWph=2> <it= 13> <et=587.36> <Mt= 0.06> <Spt= 0.34> <nCl=  8> <al=0.00> <DB= 2574.6970> <Mlp= 3112.3064> <PB=10000000> 
<DWph=2> <it= 14> <et=587.72> <Mt= 0.01> <Spt= 0.34> <nCl=  0> <al=0.00> <DB= 3112.3064> <Mlp= 3112.3064> <PB=10000000> 
<DWph=1> <it= 15> <et=588.05> <Mt= 0.01> <Spt= 0.33> <nCl= 17> <al=0.14> <DB= 2390.9616> <Mlp= 3112.3064> <PB=10000000> 
<DWph=1> <it= 16> <et=588.48> <Mt= 0.09> <Spt= 0.34> <nCl= 10> <al=0.23> <DB= 2725.9571> <Mlp= 3112.2618> <PB=10000000> 
<DWph=1> <it= 17> <et=588.87> <Mt= 0.03> <Spt= 0.35> <nCl=  6> <al=0.13> <DB= 3062.8558> <Mlp= 3112.2590> <PB=10000000> 
<DWph=1> <it= 18> <et=589.53> <Mt= 0.01> <Spt= 0.65> <nCl=  1> <al=0.00> <DB= 3112.2590> <Mlp= 3112.2590> <PB=10000000> 
1 bl.dch (5018)...    RCSP exact solver info for graph G_0 : TT = 7.17923, pt = 0.007329, dt = 6.04087, ct = 1.12893, ndl = 307241', bdl = 20442248', odl = 135317', odf = 5371752', bsi = 2402', cnt = 34499994', bdch = 1101240104', odch = 354142741', lcp = 69260581', #sols = 150
<DWph=0> <it= 19> <et=596.78> <Mt= 0.01> <Spt= 7.24> <nCl=150> <al=0.00> <DB= 2676.5817> <Mlp= 3112.2590> <PB=10000000> 
1 bl.dch (5129)...    RCSP exact solver info for graph G_0 : TT = 6.43716, pt = 0.006909, dt = 5.40952, ct = 1.01835, ndl = 301303', bdl = 20432594', odl = 134142', odf = 5249997', bsi = 2348', cnt = 31331117', bdch = 1076564569', odch = 309777854', lcp = 61494305', #sols = 150
<DWph=0> <it= 20> <et=603.53> <Mt= 0.26> <Spt= 6.49> <nCl=104> <al=0.00> <DB= 2781.9318> <Mlp= 3112.0382> <PB=10000000> 
1 bl.dch (5019)...    RCSP exact solver info for graph G_0 : TT = 6.48213, pt = 0.007553, dt = 5.47887, ct = 0.993458, ndl = 304071', bdl = 20608022', odl = 133636', odf = 5286982', bsi = 2391', cnt = 30863989', bdch = 1095540514', odch = 308102762', lcp = 61305205', #sols = 150
<DWph=0> <it= 21> <et=610.09> <Mt= 0.06> <Spt= 6.50> <nCl= 34> <al=0.04> <DB= 2956.4962> <Mlp= 3112.0183> <PB=10000000> 
1 bl.dch (5005)...    RCSP exact solver info for graph G_0 : TT = 8.7735, pt = 0.007674, dt = 5.57708, ct = 3.18652, ndl = 305276', bdl = 20720026', odl = 134608', odf = 5303355', bsi = 2363', cnt = 30703334', bdch = 1106171432', odch = 309272820', lcp = 61387505', #sols = 150
<DWph=0> <it= 22> <et=616.71> <Mt= 0.02> <Spt= 6.59> <nCl= 15> <al=0.13> <DB= 3091.5510> <Mlp= 3112.0156> <PB=10000000> 
1 bl.dch (5018)...    RCSP exact solver info for graph G_0 : TT = 6.52947, pt = 0.00755, dt = 5.51841, ct = 1.00124, ndl = 303817', bdl = 20622590', odl = 134166', odf = 5276125', bsi = 2374', cnt = 30442372', bdch = 1096768910', odch = 306421584', lcp = 60981509', #sols = 150
1 bl.dch (5075)...    RCSP exact solver info for graph G_0 : TT = 6.39918, pt = 0.00727, dt = 5.42458, ct = 0.965211, ndl = 302537', bdl = 20544391', odl = 133486', odf = 5252291', bsi = 2385', cnt = 30401507', bdch = 1088118272', odch = 304884063', lcp = 60607637', #sols = 150
<DWph=0> <it= 23> <et=629.67> <Mt= 0.02> <Spt=12.95> <nCl= 27> <al=0.00> <DB= 3112.0156> <Mlp= 3112.0156> <PB=10000000> 
RCSP solver dynamic params and stats :  bidir.bord. = 375 aver.obdmd = 98.3607 aver.buck.num. = 101 nbR1C = 216 with avMem = 18.2731
@@ 416 2 3112.02 6.95717 8.7636 92.389 629.67
    Full reduced cost fixing is not called (gap ratio is 0.999993)
ColGenEvalAlg final dual bound: 3112.02 (rounded: 3113)
False gap improvement since the last cut separation : 0.00594677 (3110.17)
Cut generation tailing off counter increased to 1
Current active cuts : CAP(8,229.768) R1C(28+188,440.734) 1rowPackR1C(28) 3rowPackR1C(96) 4rowPackR1C(58) 5rowPackR1C(34)
4 Rank-1 1-rows pack. cuts added ,  max viol. = 0.0751941, aver. viol. = 0.0397335
150 Rank-1 3-rows pack. cuts added ,  max viol. = 0.0567257, aver. viol. = 0.0306572
Building structures for heuristic rank-1 packing cut separation...done!
100 Rank-1 4-rows pack. cuts added ,  max viol. = 0.0712996, aver. viol. = 0.0303337
100 Rank-1 5-rows pack. cuts added ,  max viol. = 0.0796338, aver. viol. = 0.0545017
In total 1 RCC cut(s) are found by the connected components heuristic 
Shrinking heuristic shrunk 20 edges
In total 11 RCC cut(s) are found by the global pool greedy search heuristic 
----- Add fac. cuts : CAP(12) R1C(354), max.viol = 0.163482, aver.viol = 0.0469149, sep/add took 0.905465/1.05159 sec. -----
13441 columns (7841 active), 1182 dyn. constrs. (592 active), 1575 art. vars. (834 active)
<DWph=2> <it=  1> <et=632.28> <Mt= 0.36> <Spt= 0.20> <nCl=  6> <al=0.50> <DB= 3045.2366> <Mlp= 3113.7950> <PB=10000000> 
<DWph=2> <it=  2> <et=633.03> <Mt= 0.54> <Spt= 0.21> <nCl=  1> <al=0.55> <DB= 3112.7926> <Mlp= 3113.7423> <PB=10000000> 
<DWph=2> <it=  3> <et=633.25> <Mt= 0.02> <Spt= 0.21> <nCl=  9> <al=0.45> <DB= 2908.4644> <Mlp= 3113.7423> <PB=10000000> 
BaPCod info: Cplex status is 'Optimal solution found, unscaled infeasibilities'
<DWph=2> <it=  4> <et=633.93> <Mt= 0.26> <Spt= 0.41> <nCl= 22> <al=0.01> <DB= 2348.7435> <Mlp= 3113.7397> <PB=10000000> 
<DWph=2> <it=  5> <et=634.62> <Mt= 0.47> <Spt= 0.22> <nCl=  8> <al=0.41> <DB= 2653.4098> <Mlp= 3113.7256> <PB=10000000> 
<DWph=2> <it=  6> <et=635.13> <Mt= 0.29> <Spt= 0.22> <nCl=  5> <al=0.46> <DB= 2608.3817> <Mlp= 3113.7235> <PB=10000000> 
<DWph=2> <it=  7> <et=635.39> <Mt= 0.05> <Spt= 0.21> <nCl=  4> <al=0.52> <DB= 2926.5952> <Mlp= 3113.7212> <PB=10000000> 
<DWph=2> <it=  8> <et=635.63> <Mt= 0.02> <Spt= 0.22> <nCl=  3> <al=0.42> <DB= 3023.2195> <Mlp= 3113.7212> <PB=10000000> 
<DWph=2> <it=  9> <et=635.91> <Mt= 0.07> <Spt= 0.21> <nCl=  1> <al=0.48> <DB= 3113.5016> <Mlp= 3113.7200> <PB=10000000> 
<DWph=2> <it= 10> <et=636.15> <Mt= 0.03> <Spt= 0.21> <nCl=  3> <al=0.38> <DB= 3110.0136> <Mlp= 3113.7196> <PB=10000000> 
<DWph=2> <it= 11> <et=636.40> <Mt= 0.02> <Spt= 0.22> <nCl=  2> <al=0.44> <DB= 2994.7699> <Mlp= 3113.7196> <PB=10000000> 
BaPCod info: Cplex status is 'Optimal solution found, unscaled infeasibilities'
<DWph=2> <it= 12> <et=636.82> <Mt= 0.03> <Spt= 0.39> <nCl=  8> <al=0.00> <DB= 2812.0898> <Mlp= 3113.7194> <PB=10000000> 
<DWph=2> <it= 13> <et=637.06> <Mt= 0.04> <Spt= 0.21> <nCl=  2> <al=0.39> <DB= 2849.6678> <Mlp= 3113.7193> <PB=10000000> 
<DWph=2> <it= 14> <et=637.47> <Mt= 0.01> <Spt= 0.39> <nCl=  2> <al=0.00> <DB= 3086.0887> <Mlp= 3113.7193> <PB=10000000> 
<DWph=2> <it= 15> <et=637.85> <Mt= 0.01> <Spt= 0.37> <nCl=  0> <al=0.00> <DB= 3113.7193> <Mlp= 3113.7193> <PB=10000000> 
<DWph=1> <it= 16> <et=638.19> <Mt= 0.01> <Spt= 0.34> <nCl= 13> <al=0.26> <DB= 2498.9435> <Mlp= 3113.7193> <PB=10000000> 
<DWph=1> <it= 17> <et=638.78> <Mt= 0.23> <Spt= 0.36> <nCl=  6> <al=0.16> <DB= 2905.6733> <Mlp= 3113.6951> <PB=10000000> 
<DWph=1> <it= 18> <et=639.18> <Mt= 0.04> <Spt= 0.35> <nCl= 12> <al=0.06> <DB= 2970.2347> <Mlp= 3113.6949> <PB=10000000> 
<DWph=1> <it= 19> <et=639.86> <Mt= 0.32> <Spt= 0.36> <nCl= 16> <al=0.15> <DB= 2749.0518> <Mlp= 3113.6781> <PB=10000000> 
<DWph=1> <it= 20> <et=640.51> <Mt= 0.27> <Spt= 0.38> <nCl=  5> <al=0.23> <DB= 2967.0038> <Mlp= 3113.6753> <PB=10000000> 
<DWph=1> <it= 21> <et=641.17> <Mt= 0.27> <Spt= 0.39> <nCl=  9> <al=0.13> <DB= 2809.0191> <Mlp= 3113.6728> <PB=10000000> 
<DWph=1> <it= 22> <et=642.21> <Mt= 0.65> <Spt= 0.39> <nCl=  4> <al=0.22> <DB= 2912.9949> <Mlp= 3113.6462> <PB=10000000> 
<DWph=1> <it= 23> <et=642.95> <Mt= 0.35> <Spt= 0.38> <nCl=  2> <al=0.12> <DB= 3013.7116> <Mlp= 3113.6394> <PB=10000000> 
<DWph=1> <it= 24> <et=643.33> <Mt= 0.02> <Spt= 0.36> <nCl=  1> <al=0.21> <DB= 3022.6503> <Mlp= 3113.6394> <PB=10000000> 
<DWph=1> <it= 25> <et=644.05> <Mt= 0.02> <Spt= 0.70> <nCl=  1> <al=0.00> <DB= 3113.6394> <Mlp= 3113.6394> <PB=10000000> 
1 bl.dch (4459)...2 bl.dch (5205)...    RCSP exact solver info for graph G_0 : TT = 16.8001, pt = 0.007665, dt = 14.0275, ct = 2.76239, ndl = 452782', bdl = 28646470', odl = 175807', odf = 8349082', bsi = 2477', cnt = 77813610', bdch = 2068653181', odch = 881781986', lcp = 164070536', #sols = 150
<DWph=0> <it= 26> <et=658.74> <Mt= 0.00> <Spt=14.69> <nCl=150> <al=0.19> <DB= 2398.4389> <Mlp= 3113.6394> <PB=10000000> 
1 bl.dch (4512)...    RCSP exact solver info for graph G_0 : TT = 14.1011, pt = 0.009384, dt = 11.0449, ct = 3.04418, ndl = 432199', bdl = 27448688', odl = 172771', odf = 7880661', bsi = 2456', cnt = 75180050', bdch = 1924052496', odch = 803824017', lcp = 148620519', #sols = 150
<DWph=0> <it= 27> <et=673.82> <Mt= 0.91> <Spt=14.17> <nCl=138> <al=0.09> <DB= 2823.2517> <Mlp= 3113.5592> <PB=10000000> 
1 bl.dch (4556)...    RCSP exact solver info for graph G_0 : TT = 15.4908, pt = 0.010381, dt = 12.7197, ct = 2.758, ndl = 415912', bdl = 26660763', odl = 166305', odf = 7526738', bsi = 2413', cnt = 66083242', bdch = 1805784601', odch = 674423607', lcp = 127474181', #sols = 150
<DWph=0> <it= 28> <et=688.08> <Mt= 0.90> <Spt=13.36> <nCl= 94> <al=0.18> <DB= 2849.3567> <Mlp= 3113.5092> <PB=10000000> 
1 bl.dch (4545)...    RCSP exact solver info for graph G_0 : TT = 13.5031, pt = 0.01, dt = 10.5613, ct = 2.92894, ndl = 417260', bdl = 26819552', odl = 164632', odf = 7559967', bsi = 2446', cnt = 68082450', bdch = 1808882112', odch = 690240126', lcp = 131307945', #sols = 150
<DWph=0> <it= 29> <et=702.33> <Mt= 0.72> <Spt=13.53> <nCl= 50> <al=0.26> <DB= 2963.6327> <Mlp= 3113.4892> <PB=10000000> 
1 bl.dch (4518)...    RCSP exact solver info for graph G_0 : TT = 16.3471, pt = 0.011114, dt = 13.3022, ct = 3.03133, ndl = 427545', bdl = 27325535', odl = 168165', odf = 7742250', bsi = 2459', cnt = 68307044', bdch = 1892038062', odch = 721629395', lcp = 136717959', #sols = 150
<DWph=0> <it= 30> <et=716.87> <Mt= 0.36> <Spt=14.18> <nCl=  9> <al=0.34> <DB= 3084.7021> <Mlp= 3113.4873> <PB=10000000> 
1 bl.dch (4518)...    RCSP exact solver info for graph G_0 : TT = 14.1933, pt = 0.01008, dt = 11.1717, ct = 3.00904, ndl = 429330', bdl = 27349067', odl = 168491', odf = 7782103', bsi = 2454', cnt = 67589753', bdch = 1889306155', odch = 733110649', lcp = 139227436', #sols = 150
<DWph=0> <it= 31> <et=731.11> <Mt= 0.03> <Spt=14.20> <nCl=  4> <al=0.24> <DB= 3048.4264> <Mlp= 3113.4872> <PB=10000000> 
1 bl.dch (4519)...    RCSP exact solver info for graph G_0 : TT = 16.3254, pt = 0.011093, dt = 11.0934, ct = 5.21828, ndl = 428510', bdl = 27318206', odl = 168265', odf = 7765076', bsi = 2433', cnt = 68042852', bdch = 1884562045', odch = 732309166', lcp = 138857665', #sols = 150
<DWph=0> <it= 32> <et=745.28> <Mt= 0.02> <Spt=14.16> <nCl=  2> <al=0.31> <DB= 3108.0732> <Mlp= 3113.4872> <PB=10000000> 
1 bl.dch (4523)...    RCSP exact solver info for graph G_0 : TT = 14.2184, pt = 0.010528, dt = 11.1726, ct = 3.03262, ndl = 427942', bdl = 27298888', odl = 168005', odf = 7752254', bsi = 2445', cnt = 67218659', bdch = 1880696288', odch = 729323879', lcp = 138410087', #sols = 150
1 bl.dch (4528)...    RCSP exact solver info for graph G_0 : TT = 12.3475, pt = 0.008398, dt = 9.96924, ct = 2.36749, ndl = 425295', bdl = 27143066', odl = 168176', odf = 7709737', bsi = 2397', cnt = 65827102', bdch = 1856772493', odch = 720259342', lcp = 136664692', #sols = 150
<DWph=0> <it= 33> <et=771.88> <Mt= 0.01> <Spt=26.58> <nCl= 12> <al=0.00> <DB= 3113.4872> <Mlp= 3113.4872> <PB=10000000> 
RCSP solver dynamic params and stats :  bidir.bord. = 375 aver.obdmd = 98.3607 aver.buck.num. = 101 nbR1C = 255 with avMem = 17.6588
@@ 416 3 3113.49 14.8016 16.7899 92.389 771.88
    Full reduced cost fixing is not called (gap ratio is 0.999993)
ColGenEvalAlg final dual bound: 3113.49 (rounded: 3114)
False gap improvement since the last cut separation : 0.00472893 (3112.02)
----- Cut generation stopped by the pricing solver
Current active cuts : CAP(6,223.057) R1C(25+230,494.225) 1rowPackR1C(25) 3rowPackR1C(116) 4rowPackR1C(66) 5rowPackR1C(48)
**** SB phase 3 evaluation of candidate 1, branch 2 ( Psi[2,5] <= 1 ), value = 3107.67
<DWph=2> <it=  1> <et=773.69> <Mt= 1.19> <Spt= 0.12> <nCl= 30> <al=0.50> <DB=-11519904648.1818> <Mlp= 3107.6669> <PB=10000000> 
<DWph=2> <it=  2> <et=774.03> <Mt= 0.05> <Spt= 0.29> <nCl= 34> <al=0.10> <DB=-5917.2618> <Mlp= 3107.6669> <PB=10000000> 
<DWph=1> <it=  3> <et=774.37> <Mt= 0.05> <Spt= 0.30> <nCl=  2> <al=0.45> <DB= 3007.8170> <Mlp= 3107.6669> <PB=10000000> 
<DWph=1> <it=  4> <et=774.67> <Mt= 0.01> <Spt= 0.29> <nCl=  5> <al=0.51> <DB= 2801.4879> <Mlp= 3107.6669> <PB=10000000> 
<DWph=1> <it=  5> <et=775.63> <Mt= 0.07> <Spt= 0.88> <nCl=  4> <al=0.00> <DB= 3107.6658> <Mlp= 3107.6658> <PB=10000000> 
    RCSP exact solver info for graph G_0 : TT = 6.3315, pt = 0.00649, dt = 5.98353, ct = 0.337891, ndl = 257370', bdl = 18513239', odl = 128235', odf = 4129693', bsi = 2474', cnt = 14215651', bdch = 968862328', odch = 139524572', lcp = 30099831', #sols = 150
<DWph=0> <it=  6> <et=779.83> <Mt= 0.01> <Spt= 4.20> <nCl=149> <al=0.45> <DB= 2706.0968> <Mlp= 3107.6658> <PB=10000000> 
1 bl.dch (5191)...    RCSP exact solver info for graph G_0 : TT = 4.51272, pt = 0.007151, dt = 4.10798, ct = 0.39544, ndl = 269226', bdl = 19320715', odl = 129384', odf = 4327497', bsi = 2480', cnt = 15906421', bdch = 1044515655', odch = 155713838', lcp = 33043098', #sols = 150
<DWph=0> <it=  7> <et=784.86> <Mt= 0.46> <Spt= 4.53> <nCl= 87> <al=0.51> <DB= 2903.1497> <Mlp= 3107.4674> <PB=10000000> 
BaPCod info: Cplex status is 'Optimal solution found, unscaled infeasibilities'
1 bl.dch (5203)...    RCSP exact solver info for graph G_0 : TT = 4.59053, pt = 0.006935, dt = 4.15928, ct = 0.422119, ndl = 267652', bdl = 19197230', odl = 128440', odf = 4307220', bsi = 2498', cnt = 16649818', bdch = 1031397073', odch = 154141258', lcp = 32830543', #sols = 150
<DWph=0> <it=  8> <et=789.64> <Mt= 0.17> <Spt= 4.61> <nCl= 21> <al=0.41> <DB= 3023.8779> <Mlp= 3107.4448> <PB=10000000> 
    RCSP exact solver info for graph G_0 : TT = 4.50252, pt = 0.006952, dt = 4.09029, ct = 0.402985, ndl = 261301', bdl = 18806490', odl = 127623', odf = 4193991', bsi = 2452', cnt = 16132915', bdch = 997113356', odch = 146147515', lcp = 31310714', #sols = 150
<DWph=0> <it=  9> <et=794.35> <Mt= 0.20> <Spt= 4.51> <nCl= 22> <al=0.31> <DB= 3055.5136> <Mlp= 3107.4400> <PB=10000000> 
BaPCod info: Cplex status is 'Optimal solution found, unscaled infeasibilities'
    RCSP exact solver info for graph G_0 : TT = 4.4704, pt = 0.007391, dt = 4.06655, ct = 0.393719, ndl = 260730', bdl = 18784082', odl = 126775', odf = 4182367', bsi = 2414', cnt = 15895112', bdch = 992265782', odch = 146492033', lcp = 31271992', #sols = 150
<DWph=0> <it= 10> <et=798.90> <Mt= 0.06> <Spt= 4.49> <nCl= 21> <al=0.38> <DB= 3083.8045> <Mlp= 3107.4386> <PB=10000000> 
    RCSP exact solver info for graph G_0 : TT = 4.52462, pt = 0.007989, dt = 4.09957, ct = 0.414543, ndl = 261244', bdl = 18794258', odl = 127077', odf = 4195532', bsi = 2461', cnt = 15825011', bdch = 996530464', odch = 146809293', lcp = 31348312', #sols = 150
1 bl.dch (5544)...    RCSP exact solver info for graph G_0 : TT = 4.27301, pt = 0.006528, dt = 3.88689, ct = 0.377248, ndl = 261825', bdl = 18817876', odl = 127519', odf = 4208913', bsi = 2456', cnt = 16034604', bdch = 1001243366', odch = 147553039', lcp = 31540624', #sols = 150
<DWph=0> <it= 11> <et=807.73> <Mt= 0.01> <Spt= 8.82> <nCl= 30> <al=0.00> <DB= 3094.0094> <Mlp= 3107.4384> <PB=10000000> 
    RCSP exact solver info for graph G_0 : TT = 6.71033, pt = 0.007366, dt = 6.2822, ct = 0.418517, ndl = 261243', bdl = 18784802', odl = 126982', odf = 4195060', bsi = 2415', cnt = 15981630', bdch = 997076396', odch = 147882870', lcp = 31533785', #sols = 150
1 bl.dch (5544)...    RCSP exact solver info for graph G_0 : TT = 4.33257, pt = 0.007015, dt = 3.93777, ct = 0.385324, ndl = 261926', bdl = 18822071', odl = 127247', odf = 4205528', bsi = 2451', cnt = 16043676', bdch = 1001399169', odch = 148868674', lcp = 31722729', #sols = 150
<DWph=0> <it= 12> <et=816.62> <Mt= 0.01> <Spt= 8.88> <nCl= 11> <al=0.00> <DB= 3107.4384> <Mlp= 3107.4384> <PB=10000000> 
RCSP solver dynamic params and stats :  bidir.bord. = 375 aver.obdmd = 98.3607 aver.buck.num. = 101 nbR1C = 191 with avMem = 17.9895
@@ 417 0 3107.44 4.90687 6.70072 92.389 816.62
    Full reduced cost fixing is not called (gap ratio is 0.999994)
ColGenEvalAlg final dual bound: 3107.44 (rounded: 3108)
Current active cuts : CAP(3,52.2929) R1C(21+170,424.775) 1rowPackR1C(21) 3rowPackR1C(84) 4rowPackR1C(54) 5rowPackR1C(32)
10 Rank-1 1-rows pack. cuts added ,  max viol. = 0.0766513, aver. viol. = 0.0393074
150 Rank-1 3-rows pack. cuts added ,  max viol. = 0.180956, aver. viol. = 0.0708464
Shrinking heuristic shrunk 30 edges
In total 1 RCC cut(s) are found by the Fractional capacity min-cut heuristic 
In total 1 RCC cut(s) are found by the global pool greedy search heuristic 
----- Add fac. cuts : CAP(2) R1C(160), max.viol = 0.180956, aver.viol = 0.0719861, sep/add took 0.0539303/0.394434 sec. -----
14390 columns (6832 active), 734 dyn. constrs. (358 active), 976 art. vars. (600 active)
<DWph=2> <it=  1> <et=817.47> <Mt= 0.18> <Spt= 0.17> <nCl=  6> <al=0.50> <DB= 3047.9657> <Mlp= 3108.0114> <PB=10000000> 
<DWph=2> <it=  2> <et=817.99> <Mt= 0.02> <Spt= 0.50> <nCl=  8> <al=0.00> <DB= 3097.6907> <Mlp= 3108.0111> <PB=10000000> 
<DWph=2> <it=  3> <et=818.32> <Mt= 0.01> <Spt= 0.32> <nCl=  1> <al=0.00> <DB= 3101.9232> <Mlp= 3108.0111> <PB=10000000> 
BaPCod info: Cplex status is 'Optimal solution found, unscaled infeasibilities'
<DWph=2> <it=  4> <et=818.66> <Mt= 0.02> <Spt= 0.33> <nCl=  0> <al=0.00> <DB= 3108.0109> <Mlp= 3108.0109> <PB=10000000> 
BaPCod info: Cplex status is 'Optimal solution found, unscaled infeasibilities'
<DWph=1> <it=  5> <et=818.99> <Mt= 0.02> <Spt= 0.31> <nCl=  4> <al=0.25> <DB= 3071.8972> <Mlp= 3108.0109> <PB=10000000> 
<DWph=1> <it=  6> <et=819.66> <Mt= 0.03> <Spt= 0.64> <nCl=  0> <al=0.00> <DB= 3108.0097> <Mlp= 3108.0097> <PB=10000000> 
1 bl.dch (4829)...    RCSP exact solver info for graph G_0 : TT = 4.79182, pt = 0.006535, dt = 4.37139, ct = 0.410775, ndl = 283569', bdl = 20504569', odl = 137678', odf = 4599653', bsi = 2393', cnt = 18111536', bdch = 1183057542', odch = 161135389', lcp = 35021973', #sols = 150
<DWph=0> <it=  7> <et=824.50> <Mt= 0.00> <Spt= 4.83> <nCl= 96> <al=0.23> <DB= 2927.2226> <Mlp= 3108.0097> <PB=10000000> 
1 bl.dch (4861)...    RCSP exact solver info for graph G_0 : TT = 4.81709, pt = 0.007228, dt = 4.38822, ct = 0.419439, ndl = 280113', bdl = 20189019', odl = 135934', odf = 4534677', bsi = 2436', cnt = 18133584', bdch = 1158331028', odch = 160231102', lcp = 34630853', #sols = 150
<DWph=0> <it=  8> <et=829.41> <Mt= 0.09> <Spt= 4.83> <nCl= 17> <al=0.13> <DB= 3076.6606> <Mlp= 3107.9850> <PB=10000000> 
1 bl.dch (4897)...    RCSP exact solver info for graph G_0 : TT = 4.80896, pt = 0.007149, dt = 4.3735, ct = 0.426115, ndl = 277504', bdl = 19998079', odl = 134786', odf = 4494020', bsi = 2432', cnt = 18289499', bdch = 1135280729', odch = 156807429', lcp = 33750767', #sols = 150
<DWph=0> <it=  9> <et=834.27> <Mt= 0.03> <Spt= 4.82> <nCl= 27> <al=0.21> <DB= 3080.6430> <Mlp= 3107.9832> <PB=10000000> 
1 bl.dch (4899)...    RCSP exact solver info for graph G_0 : TT = 4.88555, pt = 0.007761, dt = 4.45676, ct = 0.418783, ndl = 277393', bdl = 19984604', odl = 134697', odf = 4488426', bsi = 2376', cnt = 18412689', bdch = 1134315493', odch = 156400434', lcp = 33787562', #sols = 150
<DWph=0> <it= 10> <et=839.18> <Mt= 0.01> <Spt= 4.90> <nCl=  6> <al=0.29> <DB= 3100.0203> <Mlp= 3107.9831> <PB=10000000> 
1 bl.dch (4900)...    RCSP exact solver info for graph G_0 : TT = 6.93331, pt = 0.007905, dt = 6.50497, ct = 0.418298, ndl = 276737', bdl = 19945573', odl = 134907', odf = 4477740', bsi = 2437', cnt = 18404852', bdch = 1130872925', odch = 155802649', lcp = 33604636', #sols = 150
1 bl.dch (4905)...    RCSP exact solver info for graph G_0 : TT = 4.65781, pt = 0.006975, dt = 4.24188, ct = 0.406865, ndl = 275755', bdl = 19863989', odl = 134107', odf = 4461718', bsi = 2409', cnt = 18311157', bdch = 1120652495', odch = 155315080', lcp = 33535349', #sols = 150
<DWph=0> <it= 11> <et=848.64> <Mt= 0.01> <Spt= 9.45> <nCl= 21> <al=0.00> <DB= 3107.9831> <Mlp= 3107.9831> <PB=10000000> 
RCSP solver dynamic params and stats :  bidir.bord. = 375 aver.obdmd = 98.3607 aver.buck.num. = 101 nbR1C = 208 with avMem = 17.726
@@ 417 1 3107.98 5.1395 6.92327 92.389 848.64
    Full reduced cost fixing is not called (gap ratio is 0.999994)
ColGenEvalAlg final dual bound: 3107.98 (rounded: 3108)
False gap improvement since the last cut separation : 0.001753 (3107.44)
Separator R1C not in maximum phase
Cut generation tailing off counter increased to 0
Current active cuts : CAP(2,7.61442) R1C(25+183,427.856) 1rowPackR1C(25) 3rowPackR1C(107) 4rowPackR1C(51) 5rowPackR1C(25)
1 Rank-1 1-rows pack. cuts added ,  max viol. = 0.0471763, aver. viol. = 0.0471763
91 Rank-1 3-rows pack. cuts added ,  max viol. = 0.0827177, aver. viol. = 0.0319209
Building structures for heuristic rank-1 packing cut separation...done!
67 Rank-1 4-rows pack. cuts added ,  max viol. = 0.134937, aver. viol. = 0.049174
100 Rank-1 5-rows pack. cuts added ,  max viol. = 0.177377, aver. viol. = 0.0961993
Shrinking heuristic shrunk 18 edges
----- Add fac. cuts : R1C(259), max.viol = 0.178354, aver.viol = 0.0717451, sep/add took 0.911491/0.67249 sec. -----
14576 columns (7018 active), 993 dyn. constrs. (471 active), 1235 art. vars. (713 active)
<DWph=2> <it=  1> <et=850.69> <Mt= 0.23> <Spt= 0.19> <nCl=  4> <al=0.50> <DB= 3108.4674> <Mlp= 3108.9516> <PB=10000000> 
<DWph=2> <it=  2> <et=850.89> <Mt= 0.01> <Spt= 0.19> <nCl=  5> <al=0.40> <DB= 2947.6755> <Mlp= 3108.9516> <PB=10000000> 
<DWph=2> <it=  3> <et=851.14> <Mt= 0.06> <Spt= 0.19> <nCl=  4> <al=0.46> <DB= 3108.7243> <Mlp= 3108.9432> <PB=10000000> 
<DWph=2> <it=  4> <et=851.35> <Mt= 0.02> <Spt= 0.19> <nCl=  2> <al=0.36> <DB= 3106.2397> <Mlp= 3108.9415> <PB=10000000> 
<DWph=2> <it=  5> <et=851.56> <Mt= 0.02> <Spt= 0.19> <nCl=  1> <al=0.42> <DB= 3108.8488> <Mlp= 3108.9404> <PB=10000000> 
<DWph=2> <it=  6> <et=851.77> <Mt= 0.01> <Spt= 0.19> <nCl=  1> <al=0.32> <DB= 3108.9107> <Mlp= 3108.9404> <PB=10000000> 
<DWph=2> <it=  7> <et=852.15> <Mt= 0.01> <Spt= 0.38> <nCl=  3> <al=0.00> <DB= 3108.9404> <Mlp= 3108.9404> <PB=10000000> 
<DWph=1> <it=  8> <et=852.52> <Mt= 0.00> <Spt= 0.36> <nCl=  6> <al=0.12> <DB= 2970.7430> <Mlp= 3108.9404> <PB=10000000> 
<DWph=1> <it=  9> <et=852.92> <Mt= 0.04> <Spt= 0.36> <nCl=  5> <al=0.21> <DB= 3044.5546> <Mlp= 3108.9321> <PB=10000000> 
<DWph=1> <it= 10> <et=853.33> <Mt= 0.05> <Spt= 0.37> <nCl=  4> <al=0.29> <DB= 3008.6486> <Mlp= 3108.9253> <PB=10000000> 
BaPCod info: Cplex status is 'Optimal solution found, unscaled infeasibilities'
<DWph=1> <it= 11> <et=853.79> <Mt= 0.07> <Spt= 0.37> <nCl=  5> <al=0.36> <DB= 3050.3986> <Mlp= 3108.9004> <PB=10000000> 
<DWph=1> <it= 12> <et=854.16> <Mt= 0.02> <Spt= 0.36> <nCl=  2> <al=0.43> <DB= 3084.0221> <Mlp= 3108.9003> <PB=10000000> 
<DWph=1> <it= 13> <et=854.53> <Mt= 0.01> <Spt= 0.36> <nCl=  2> <al=0.33> <DB= 3064.4879> <Mlp= 3108.9000> <PB=10000000> 
<DWph=1> <it= 14> <et=855.23> <Mt= 0.01> <Spt= 0.69> <nCl=  2> <al=0.00> <DB= 3108.9000> <Mlp= 3108.9000> <PB=10000000> 
1 bl.dch (4414)...    RCSP exact solver info for graph G_0 : TT = 7.07021, pt = 0.007386, dt = 6.48709, ct = 0.573262, ndl = 359907', bdl = 25493535', odl = 166124', odf = 6013223', bsi = 2429', cnt = 25462075', bdch = 1813589330', odch = 271049252', lcp = 57139878', #sols = 150
<DWph=0> <it= 15> <et=862.37> <Mt= 0.00> <Spt= 7.14> <nCl=150> <al=0.29> <DB= 2736.2887> <Mlp= 3108.9000> <PB=10000000> 
1 bl.dch (4458)...    RCSP exact solver info for graph G_0 : TT = 6.96308, pt = 0.00849, dt = 6.38217, ct = 0.569909, ndl = 343889', bdl = 24486298', odl = 163311', odf = 5722901', bsi = 2455', cnt = 22964906', bdch = 1680988166', odch = 246304209', lcp = 52520035', #sols = 150
<DWph=0> <it= 16> <et=869.52> <Mt= 0.15> <Spt= 6.99> <nCl= 58> <al=0.19> <DB= 2957.3594> <Mlp= 3108.8427> <PB=10000000> 
BaPCod info: Cplex status is 'Optimal solution found, unscaled infeasibilities'
1 bl.dch (4514)...    RCSP exact solver info for graph G_0 : TT = 8.85392, pt = 0.0081, dt = 8.307, ct = 0.536535, ndl = 333335', bdl = 23809557', odl = 159204', odf = 5521411', bsi = 2463', cnt = 21926712', bdch = 1588295078', odch = 230638422', lcp = 49278427', #sols = 150
<DWph=0> <it= 17> <et=876.26> <Mt= 0.05> <Spt= 6.70> <nCl= 26> <al=0.27> <DB= 3041.8979> <Mlp= 3108.8401> <PB=10000000> 
BaPCod info: Cplex status is 'Optimal solution found, unscaled infeasibilities'
1 bl.dch (4514)...    RCSP exact solver info for graph G_0 : TT = 6.69489, pt = 0.008115, dt = 6.13897, ct = 0.545416, ndl = 333917', bdl = 23812222', odl = 159728', odf = 5547549', bsi = 2461', cnt = 21809920', bdch = 1588340570', odch = 230271486', lcp = 49164114', #sols = 150
<DWph=0> <it= 18> <et=883.00> <Mt= 0.02> <Spt= 6.71> <nCl= 14> <al=0.35> <DB= 3088.9988> <Mlp= 3108.8398> <PB=10000000> 
1 bl.dch (4507)...    RCSP exact solver info for graph G_0 : TT = 6.73571, pt = 0.008697, dt = 6.18175, ct = 0.542857, ndl = 334892', bdl = 23917643', odl = 160005', odf = 5558847', bsi = 2454', cnt = 22066150', bdch = 1599824177', odch = 232147565', lcp = 49706277', #sols = 150
<DWph=0> <it= 19> <et=889.76> <Mt= 0.02> <Spt= 6.74> <nCl=  4> <al=0.25> <DB= 3103.9567> <Mlp= 3108.8397> <PB=10000000> 
1 bl.dch (4508)...    RCSP exact solver info for graph G_0 : TT = 6.69424, pt = 0.008425, dt = 6.15332, ct = 0.530092, ndl = 335076', bdl = 23901580', odl = 160294', odf = 5569794', bsi = 2440', cnt = 21963053', bdch = 1599594910', odch = 231750081', lcp = 49571447', #sols = 150
<DWph=0> <it= 20> <et=896.47> <Mt= 0.00> <Spt= 6.70> <nCl=  2> <al=0.15> <DB= 3103.2294> <Mlp= 3108.8397> <PB=10000000> 
1 bl.dch (4507)...    RCSP exact solver info for graph G_0 : TT = 6.69694, pt = 0.011374, dt = 6.12992, ct = 0.552842, ndl = 334791', bdl = 23907319', odl = 160397', odf = 5563694', bsi = 2485', cnt = 21969065', bdch = 1598742849', odch = 231517779', lcp = 49559556', #sols = 150
1 bl.dch (4514)...    RCSP exact solver info for graph G_0 : TT = 8.70104, pt = 0.008262, dt = 8.17868, ct = 0.511325, ndl = 333883', bdl = 23837121', odl = 160074', odf = 5545746', bsi = 2437', cnt = 21766627', bdch = 1587826989', odch = 230429647', lcp = 49374112', #sols = 150
<DWph=0> <it= 21> <et=909.70> <Mt= 0.01> <Spt=13.23> <nCl=  9> <al=0.00> <DB= 3108.8397> <Mlp= 3108.8397> <PB=10000000> 
RCSP solver dynamic params and stats :  bidir.bord. = 375 aver.obdmd = 98.3607 aver.buck.num. = 101 nbR1C = 223 with avMem = 18.713
@@ 417 2 3108.84 7.29014 8.84353 92.389 909.7
    Full reduced cost fixing is not called (gap ratio is 0.999994)
ColGenEvalAlg final dual bound: 3108.84 (rounded: 3109)
False gap improvement since the last cut separation : 0.00275617 (3107.98)
Cut generation tailing off counter increased to 1
Current active cuts : CAP(1,1.9028) R1C(24+199,441.183) 1rowPackR1C(24) 3rowPackR1C(98) 4rowPackR1C(60) 5rowPackR1C(41)
1 Rank-1 1-rows pack. cuts added ,  max viol. = 0.0274487, aver. viol. = 0.0274487
26 Rank-1 3-rows pack. cuts added ,  max viol. = 0.0676926, aver. viol. = 0.0326359
Building structures for heuristic rank-1 packing cut separation...done!
76 Rank-1 4-rows pack. cuts added ,  max viol. = 0.106044, aver. viol. = 0.0482451
100 Rank-1 5-rows pack. cuts added ,  max viol. = 0.181179, aver. viol. = 0.0917199
Shrinking heuristic shrunk 23 edges
----- Add fac. cuts : R1C(203), max.viol = 0.181179, aver.viol = 0.0733351, sep/add took 0.961366/0.570093 sec. -----
14885 columns (7327 active), 1069 dyn. constrs. (430 active), 1438 art. vars. (672 active)
<DWph=2> <it=  1> <et=911.73> <Mt= 0.23> <Spt= 0.20> <nCl=  7> <al=0.50> <DB= 3104.1519> <Mlp= 3109.5429> <PB=10000000> 
<DWph=2> <it=  2> <et=912.29> <Mt= 0.17> <Spt= 0.39> <nCl=  9> <al=0.10> <DB= 2992.5128> <Mlp= 3109.5370> <PB=10000000> 
BaPCod info: Cplex status is 'Optimal solution found, unscaled infeasibilities'
<DWph=2> <it=  3> <et=912.82> <Mt= 0.15> <Spt= 0.38> <nCl=  7> <al=0.00> <DB= 3109.5351> <Mlp= 3109.5351> <PB=10000000> 
<DWph=1> <it=  4> <et=913.20> <Mt= 0.00> <Spt= 0.36> <nCl= 11> <al=0.35> <DB= 2891.8450> <Mlp= 3109.5351> <PB=10000000> 
<DWph=1> <it=  5> <et=914.51> <Mt= 0.58> <Spt= 0.75> <nCl=  6> <al=0.00> <DB= 3071.9675> <Mlp= 3109.4498> <PB=10000000> 
<DWph=1> <it=  6> <et=915.24> <Mt= 0.01> <Spt= 0.71> <nCl=  0> <al=0.00> <DB= 3109.4498> <Mlp= 3109.4498> <PB=10000000> 
1 bl.dch (4427)...    RCSP exact solver info for graph G_0 : TT = 6.98586, pt = 0.007834, dt = 6.36413, ct = 0.611708, ndl = 348077', bdl = 24901917', odl = 169343', odf = 5901506', bsi = 2483', cnt = 24901893', bdch = 1712985313', odch = 244038540', lcp = 51440150', #sols = 150
<DWph=0> <it=  7> <et=922.29> <Mt= 0.00> <Spt= 7.05> <nCl=150> <al=0.22> <DB= 2643.9310> <Mlp= 3109.4498> <PB=10000000> 
1 bl.dch (4473)...    RCSP exact solver info for graph G_0 : TT = 7.01, pt = 0.009123, dt = 6.43678, ct = 0.561696, ndl = 339697', bdl = 24307185', odl = 163272', odf = 5693676', bsi = 2449', cnt = 23016462', bdch = 1637827518', odch = 225360016', lcp = 48512588', #sols = 150
<DWph=0> <it=  8> <et=929.74> <Mt= 0.41> <Spt= 7.04> <nCl= 73> <al=0.12> <DB= 2923.2994> <Mlp= 3109.4214> <PB=10000000> 
1 bl.dch (4494)...    RCSP exact solver info for graph G_0 : TT = 6.97495, pt = 0.009824, dt = 6.40281, ct = 0.559783, ndl = 336673', bdl = 24031948', odl = 163880', odf = 5653355', bsi = 2438', cnt = 22597371', bdch = 1612912035', odch = 226225209', lcp = 48163882', #sols = 150
<DWph=0> <it=  9> <et=936.78> <Mt= 0.05> <Spt= 7.00> <nCl= 25> <al=0.20> <DB= 3071.5448> <Mlp= 3109.4205> <PB=10000000> 
1 bl.dch (4499)...    RCSP exact solver info for graph G_0 : TT = 9.21636, pt = 0.009389, dt = 8.63454, ct = 0.570045, ndl = 335155', bdl = 23949989', odl = 162635', odf = 5624279', bsi = 2441', cnt = 22606559', bdch = 1596463666', odch = 224975020', lcp = 47676752', #sols = 150
1 bl.dch (4499)...    RCSP exact solver info for graph G_0 : TT = 6.64374, pt = 0.008364, dt = 6.05719, ct = 0.575809, ndl = 335237', bdl = 23937184', odl = 162886', odf = 5626202', bsi = 2436', cnt = 22827559', bdch = 1597828444', odch = 225104700', lcp = 47701697', #sols = 150
<DWph=0> <it= 10> <et=950.51> <Mt= 0.02> <Spt=13.69> <nCl= 18> <al=0.00> <DB= 3109.4198> <Mlp= 3109.4198> <PB=10000000> 
RCSP solver dynamic params and stats :  bidir.bord. = 375 aver.obdmd = 98.3607 aver.buck.num. = 101 nbR1C = 231 with avMem = 19.5758
@@ 417 3 3109.42 7.3549 9.20458 92.389 950.51
    Full reduced cost fixing is not called (gap ratio is 0.999994)
ColGenEvalAlg final dual bound: 3109.42 (rounded: 3110)
False gap improvement since the last cut separation : 0.00186589 (3108.84)
Cut generation tailing off counter increased to 2
Current active cuts : R1C(25+206,434.054) 1rowPackR1C(25) 3rowPackR1C(91) 4rowPackR1C(63) 5rowPackR1C(52)
2 Rank-1 1-rows pack. cuts added ,  max viol. = 0.0315486, aver. viol. = 0.0292388
65 Rank-1 3-rows pack. cuts added ,  max viol. = 0.057933, aver. viol. = 0.032533
Building structures for heuristic rank-1 packing cut separation...done!
53 Rank-1 4-rows pack. cuts added ,  max viol. = 0.083719, aver. viol. = 0.0363815
100 Rank-1 5-rows pack. cuts added ,  max viol. = 0.139153, aver. viol. = 0.055987
Shrinking heuristic shrunk 20 edges
In total 1 RCC cut(s) are found by the global pool greedy search heuristic 
----- Add fac. cuts : CAP(1) R1C(220), max.viol = 0.185631, aver.viol = 0.0601413, sep/add took 0.973264/0.631363 sec. -----
15191 columns (7633 active), 1062 dyn. constrs. (455 active), 1659 art. vars. (697 active)
BaPCod info: Cplex status is 'Optimal solution found, unscaled infeasibilities'
<DWph=2> <it=  1> <et=952.75> <Mt= 0.19> <Spt= 0.38> <nCl=  8> <al=0.00> <DB= 3070.9121> <Mlp= 3109.8144> <PB=10000000> 
BaPCod info: Cplex status is 'Optimal solution found, unscaled infeasibilities'
<DWph=2> <it=  2> <et=953.17> <Mt= 0.03> <Spt= 0.37> <nCl=  4> <al=0.00> <DB= 3109.8113> <Mlp= 3109.8113> <PB=10000000> 
<DWph=1> <it=  3> <et=953.53> <Mt= 0.01> <Spt= 0.36> <nCl=  3> <al=0.30> <DB= 2896.8771> <Mlp= 3109.8113> <PB=10000000> 
<DWph=1> <it=  4> <et=953.96> <Mt= 0.04> <Spt= 0.39> <nCl=  1> <al=0.20> <DB= 3067.2206> <Mlp= 3109.8065> <PB=10000000> 
BaPCod info: Cplex status is 'Optimal solution found, unscaled infeasibilities'
<DWph=1> <it=  5> <et=954.39> <Mt= 0.05> <Spt= 0.38> <nCl=  1> <al=0.10> <DB= 3103.9908> <Mlp= 3109.8048> <PB=10000000> 
<DWph=1> <it=  6> <et=954.77> <Mt= 0.01> <Spt= 0.37> <nCl=  1> <al=0.19> <DB= 3108.7001> <Mlp= 3109.8048> <PB=10000000> 
<DWph=1> <it=  7> <et=955.50> <Mt= 0.01> <Spt= 0.72> <nCl=  2> <al=0.00> <DB= 3109.8048> <Mlp= 3109.8048> <PB=10000000> 
1 bl.dch (4424)...    RCSP exact solver info for graph G_0 : TT = 7.15294, pt = 0.008153, dt = 6.55311, ct = 0.589375, ndl = 351174', bdl = 25027480', odl = 172137', odf = 5937261', bsi = 2425', cnt = 25952218', bdch = 1733806301', odch = 257541679', lcp = 55507106', #sols = 150
<DWph=0> <it=  8> <et=962.71> <Mt= 0.00> <Spt= 7.20> <nCl= 87> <al=0.00> <DB= 2754.1105> <Mlp= 3109.8048> <PB=10000000> 
BaPCod info: Cplex status is 'Optimal solution found, unscaled infeasibilities'
1 bl.dch (4427)...    RCSP exact solver info for graph G_0 : TT = 7.19744, pt = 0.008344, dt = 6.58917, ct = 0.597532, ndl = 351834', bdl = 24943533', odl = 172065', odf = 5954078', bsi = 2463', cnt = 25707555', bdch = 1729790903', odch = 258098503', lcp = 54652500', #sols = 150
<DWph=0> <it=  9> <et=970.01> <Mt= 0.09> <Spt= 7.22> <nCl= 27> <al=0.00> <DB= 2990.2856> <Mlp= 3109.7701> <PB=10000000> 
BaPCod info: Cplex status is 'Optimal solution found, unscaled infeasibilities'
1 bl.dch (4421)...    RCSP exact solver info for graph G_0 : TT = 9.54381, pt = 0.008401, dt = 8.94299, ct = 0.590066, ndl = 354570', bdl = 25213923', odl = 170967', odf = 5978736', bsi = 2452', cnt = 25499539', bdch = 1744738621', odch = 262749713', lcp = 55613554', #sols = 150
<DWph=0> <it= 10> <et=977.41> <Mt= 0.03> <Spt= 7.36> <nCl= 16> <al=0.09> <DB= 3093.5792> <Mlp= 3109.7695> <PB=10000000> 
BaPCod info: Cplex status is 'Optimal solution found, unscaled infeasibilities'
1 bl.dch (4403)...    RCSP exact solver info for graph G_0 : TT = 7.40161, pt = 0.008263, dt = 6.77853, ct = 0.612429, ndl = 359343', bdl = 25449056', odl = 173222', odf = 6078179', bsi = 2499', cnt = 26591095', bdch = 1795997095', odch = 268692895', lcp = 56814235', #sols = 150
<DWph=0> <it= 11> <et=984.85> <Mt= 0.03> <Spt= 7.42> <nCl= 16> <al=0.18> <DB= 3103.8371> <Mlp= 3109.7694> <PB=10000000> 
1 bl.dch (4419)...    RCSP exact solver info for graph G_0 : TT = 7.35485, pt = 0.008526, dt = 6.73461, ct = 0.609246, ndl = 355489', bdl = 25235740', odl = 171602', odf = 6007201', bsi = 2446', cnt = 25908248', bdch = 1758241100', odch = 264446765', lcp = 56003652', #sols = 150
1 bl.dch (4416)...    RCSP exact solver info for graph G_0 : TT = 7.3496, pt = 0.009044, dt = 6.73375, ct = 0.604478, ndl = 356719', bdl = 25322601', odl = 171839', odf = 6020097', bsi = 2470', cnt = 26166639', bdch = 1770395846', odch = 265832230', lcp = 56309432', #sols = 150
<DWph=0> <it= 12> <et=999.59> <Mt= 0.01> <Spt=14.72> <nCl= 16> <al=0.00> <DB= 3109.7694> <Mlp= 3109.7694> <PB=10000000> 
RCSP solver dynamic params and stats :  bidir.bord. = 375 aver.obdmd = 98.3607 aver.buck.num. = 101 nbR1C = 233 with avMem = 19.7639
@@ 417 4 3109.77 7.65588 9.53306 92.389 999.59
    Full reduced cost fixing is not called (gap ratio is 0.999994)
ColGenEvalAlg final dual bound: 3109.77 (rounded: 3110)
False gap improvement since the last cut separation : 0.00112429 (3109.42)
----- Cut generation is stopped due to tailing off -----
Current active cuts : R1C(26+207,439.05) 1rowPackR1C(26) 3rowPackR1C(84) 4rowPackR1C(58) 5rowPackR1C(65)
SB exact phase 3 branch on Psi[2,5] (lhs=1.41286) : [3113.4872, 3109.7694], tree depth = 1e+12, tree size = 1e+12, score = -0.1941 (h)
SB with phases chosed candidate Psi[2,5] (lhs=1.41286)
************************************************************************************************
**** BaB tree node (N° 5, parent N° 3, depth 2, treatOrderId 417)
**** Local DB = 3109.77, global bounds : [ 3110 , 1e+07 ], TIME = 0h16m39s69t = 99969
**** 3 open nodes, 15373 columns (7815 active), 665 dyn. constrs. (235 active), 907 art. vars. (477 active)
************************************************************************************************
**** Strong branching phase 1 is started *****
SB phase 1 cand.  1 branch on var x[(8, 85)]_0_896_0_OspV (lhs=0.4340)    : [ 3111.3766,  3112.6247], score = 4.59 (h)  <et=1000.2>
BaPCod info: Cplex status is 'Optimal solution found, unscaled infeasibilities'
BaPCod info: Cplex status is 'Optimal solution found, unscaled infeasibilities'
SB phase 1 cand.  2 branch on colGenSp (9.0750)                           : [ 3109.7694,  3111.3403], score = 0.00      <et=1001.47>
SB phase 1 cand.  3 branch on var x[(6, 86)]_0_670_0_OspV (lhs=0.6616)    : [ 3110.5911,  3114.7584], score = 4.10 (h)  <et=1001.96>
BaPCod info: Cplex status is 'Optimal solution found, unscaled infeasibilities'
SB phase 1 cand.  4 branch on omega[2] (lhs=23.3366)                      : [ 3109.7749,  3109.7950], score = 0.00      <et=1002.08>
BaPCod info: Cplex status is 'Optimal solution found, unscaled infeasibilities'
SB phase 1 cand.  5 branch on var x[(86, 108)]_0_6652_0_OspV (lhs=0.3384) : [ 3110.3978,  3114.7584], score = 3.14 (h)  <et=1002.52>
SB phase 1 cand.  6 branch on omega[3] (lhs=2.6825)                       : [ 3109.9653,  3110.6108], score = 0.16      <et=1002.87>
SB phase 1 cand.  7 branch on var x[(37, 76)]_0_3729_0_OspV (lhs=0.6460)  : [ 3110.8730,  3111.6988], score = 2.13 (h)  <et=1003.3>
SB phase 1 cand.  8 branch on Psi[2,3] (lhs=1.2248)                       : [ 3109.8156,  3111.2362], score = 0.07      <et=1003.61>
SB phase 1 cand.  9 branch on var x[(37, 69)]_0_3722_0_OspV (lhs=0.3540)  : [ 3110.8730,  3111.6988], score = 2.13 (h)  <et=1004.06>
BaPCod info: Cplex status is 'Optimal solution found, unscaled infeasibilities'
SB phase 1 cand. 10 branch on Psi[2,6] (lhs=1.0138)                       : [ 3109.7698,  3113.0000], score = 0.00      <et=1004.32>
SB phase 1 cand. 11 branch on Psi[1,3] (lhs=0.7618)                       : [ 3110.1692,  3113.0000], score = 1.29 (h)  <et=1004.74>
SB phase 1 cand. 12 branch on var x[(58, 79)]_0_5265_0_OspV (lhs=0.4986)  : [ 3110.5266,  3110.7063], score = 0.71      <et=1005.21>
SB phase 1 cand. 13 branch on var x[(77, 78)]_0_6271_0_OspV (lhs=0.3649)  : [ 3111.0294,  3112.1070], score = 2.95 (h)  <et=1005.67>
BaPCod info: Cplex status is 'Optimal solution found, unscaled infeasibilities'
SB phase 1 cand. 14 branch on var x[(53, 96)]_0_4957_0_OspV (lhs=0.4981)  : [ 3110.6581,  3110.6839], score = 0.81      <et=1006.05>
SB phase 1 cand. 15 branch on var x[(111, 120)]_0_7214_0_OspV (lhs=0.6610): [ 3110.6132,  3112.2630], score = 2.10 (h)  <et=1006.51>
SB phase 1 cand. 16 branch on var x[(48, 81)]_0_4592_0_OspV (lhs=0.4887)  : [ 3109.7726,  3110.6268], score = 0.00      <et=1006.78>
SB phase 1 cand. 17 branch on var x[(30, 73)]_0_3117_0_OspV (lhs=0.3386)  : [ 3110.4993,  3113.8542], score = 2.98 (h)  <et=1007.26>
BaPCod info: Cplex status is 'Optimal solution found, unscaled infeasibilities'
SB phase 1 cand. 18 branch on var x[(81, 82)]_0_6441_0_OspV (lhs=0.5117)  : [ 3109.7726,  3110.6291], score = 0.00      <et=1007.52>
SB phase 1 cand. 19 branch on var x[(6, 48)]_0_632_0_OspV (lhs=0.3377)    : [ 3110.3651,  3114.4267], score = 2.77 (h)  <et=1007.98>
BaPCod info: Cplex status is 'Optimal solution found, unscaled infeasibilities'
BaPCod info: Cplex status is 'Optimal solution found, unscaled infeasibilities'
SB phase 1 cand. 20 branch on var x[(0, 28)]_0_2889_0_OspV (lhs=0.4870)   : [ 3110.2789,  3110.7950], score = 0.52      <et=1008.39>
SB phase 1 cand. 21 branch on var x[(12, 30)]_0_1283_0_OspV (lhs=0.6590)  : [ 3110.4993,  3113.8458], score = 2.98 (h)  <et=1008.87>
BaPCod info: Cplex status is 'Optimal solution found, unscaled infeasibilities'
BaPCod info: Cplex status is 'Optimal solution found, unscaled infeasibilities'
SB phase 1 cand. 22 branch on var x[(7, 42)]_0_740_0_OspV (lhs=0.5134)    : [ 3110.1678,  3110.3985], score = 0.25      <et=1009.19>
SB phase 1 cand. 23 branch on var x[(76, 108)]_0_6257_0_OspV (lhs=0.3540) : [ 3110.8543,  3111.6988], score = 2.09 (h)  <et=1009.66>
BaPCod info: Cplex status is 'Optimal solution found, unscaled infeasibilities'
SB phase 1 cand. 24 branch on var x[(63, 82)]_0_5568_0_OspV (lhs=0.4866)  : [ 3109.7696,  3110.6318], score = 0.00      <et=1009.88>
SB phase 1 cand. 25 branch on var x[(12, 63)]_0_1316_0_OspV (lhs=0.3420)  : [ 3110.4993,  3113.6900], score = 2.86 (h)  <et=1010.35>
BaPCod info: Cplex status is 'Optimal solution found, unscaled infeasibilities'
SB phase 1 cand. 26 branch on var x[(89, 101)]_0_6744_0_OspV (lhs=0.4857) : [ 3109.7952,  3109.9523], score = 0.00      <et=1010.53>
SB phase 1 cand. 27 branch on var x[(50, 117)]_0_4771_0_OspV (lhs=0.5144) : [ 3110.9249,  3111.3734], score = 1.85 (h)  <et=1011.03>
BaPCod info: Cplex status is 'Optimal solution found, unscaled infeasibilities'
SB phase 1 cand. 28 branch on var x[(0, 79)]_0_6357_0_OspV (lhs=0.5164)   : [ 3110.5444,  3110.6265], score = 0.66      <et=1011.41>
SB phase 1 cand. 29 branch on var x[(16, 111)]_0_1790_0_OspV (lhs=0.3381) : [ 3110.5741,  3112.2630], score = 2.01 (h)  <et=1011.89>
SB phase 1 cand. 30 branch on var x[(0, 53)]_0_4914_0_OspV (lhs=0.4820)   : [ 3110.1615,  3110.6264], score = 0.34      <et=1012.19>
SB phase 1 cand. 31 branch on var x[(38, 77)]_0_3813_0_OspV (lhs=0.3653)  : [ 3110.5656,  3114.8666], score = 4.06 (h)  <et=1012.66>
SB phase 1 cand. 32 branch on var x[(53, 70)]_0_4931_0_OspV (lhs=0.5180)  : [ 3110.2150,  3110.6264], score = 0.38      <et=1012.98>
BaPCod info: Cplex status is 'Optimal solution found, unscaled infeasibilities'
BaPCod info: Cplex status is 'Optimal solution found, unscaled infeasibilities'
SB phase 1 cand. 33 branch on var x[(17, 83)]_0_1866_0_OspV (lhs=0.3540)  : [ 3110.8730,  3111.5261], score = 1.94 (h)  <et=1013.42>
BaPCod info: Cplex status is 'Optimal solution found, unscaled infeasibilities'
SB phase 1 cand. 34 branch on var x[(0, 66)]_0_5720_0_OspV (lhs=0.5192)   : [ 3110.3853,  3110.9935], score = 0.75      <et=1013.8>
BaPCod info: Cplex status is 'Optimal solution found, unscaled infeasibilities'
SB phase 1 cand. 35 branch on var x[(4, 37)]_0_390_0_OspV (lhs=0.3540)    : [ 3110.8730,  3111.5230], score = 1.94 (h)  <et=1014.22>
BaPCod info: Cplex status is 'Optimal solution found, unscaled infeasibilities'
BaPCod info: Cplex status is 'Optimal solution found, unscaled infeasibilities'
SB phase 1 cand. 36 branch on var x[(66, 83)]_0_5737_0_OspV (lhs=0.5192)  : [ 3110.4719,  3110.9856], score = 0.85      <et=1014.6>
BaPCod info: Cplex status is 'Optimal solution found, unscaled infeasibilities'
SB phase 1 cand. 37 branch on var x[(4, 69)]_0_422_0_OspV (lhs=0.6460)    : [ 3110.8730,  3111.5261], score = 1.94 (h)  <et=1015.04>
SB phase 1 cand. 38 branch on var x[(72, 74)]_0_6037_0_OspV (lhs=0.5214)  : [ 3110.1192,  3110.6702], score = 0.32      <et=1015.41>
SB phase 1 cand. 39 branch on var x[(16, 73)]_0_1752_0_OspV (lhs=0.6614)  : [ 3110.5741,  3112.2630], score = 2.01 (h)  <et=1015.86>
BaPCod info: Cplex status is 'Optimal solution found, unscaled infeasibilities'
SB phase 1 cand. 40 branch on var x[(0, 65)]_0_5664_0_OspV (lhs=0.4771)   : [ 3110.4957,  3110.6572], score = 0.64      <et=1016.21>
SB phase 1 cand. 41 branch on var x[(0, 88)]_0_6699_0_OspV (lhs=0.5765)   : [ 3110.6770,  3111.2331], score = 1.33 (h)  <et=1016.64>
BaPCod info: Cplex status is 'Optimal solution found, unscaled infeasibilities'
SB phase 1 cand. 42 branch on var x[(9, 19)]_0_942_0_OspV (lhs=0.4678)    : [ 3110.2205,  3111.1058], score = 0.60      <et=1017.03>
SB phase 1 cand. 43 branch on var x[(17, 37)]_0_1820_0_OspV (lhs=0.6460)  : [ 3110.8730,  3111.4637], score = 1.87 (h)  <et=1017.47>
SB phase 1 cand. 44 branch on var x[(10, 88)]_0_1122_0_OspV (lhs=0.4634)  : [ 3110.3957,  3110.9646], score = 0.75      <et=1017.88>
SB phase 1 cand. 45 branch on var x[(8, 50)]_0_861_0_OspV (lhs=0.4856)    : [ 3110.8505,  3111.4203], score = 1.78 (h)  <et=1018.38>
SB phase 1 cand. 46 branch on var x[(13, 72)]_0_1433_0_OspV (lhs=0.4580)  : [ 3110.4418,  3110.7406], score = 0.65      <et=1018.86>
SB phase 1 cand. 47 branch on Psi[1,2] (lhs=0.3137)                       : [ 3110.5612,  3112.9905], score = 2.55 (h)  <et=1019.3>
SB phase 1 cand. 48 branch on var x[(10, 98)]_0_1132_0_OspV (lhs=0.4574)  : [ 3110.2512,  3110.8103], score = 0.50      <et=1019.7>
BaPCod info: Cplex status is 'Optimal solution found, unscaled infeasibilities'
SB phase 1 cand. 49 branch on var x[(1, 85)]_0_84_0_OspV (lhs=0.3132)     : [ 3110.5236,  3113.0000], score = 2.44 (h)  <et=1020.15>
SB phase 1 cand. 50 branch on var x[(5, 65)]_0_534_0_OspV (lhs=0.4553)    : [ 3110.1292,  3110.2431], score = 0.17      <et=1020.47>
SB phase 1 cand. 51 branch on var x[(10, 90)]_0_1124_0_OspV (lhs=0.3965)  : [ 3110.3212,  3112.9988], score = 1.78 (h)  <et=1020.93>
BaPCod info: Cplex status is 'Optimal solution found, unscaled infeasibilities'
SB phase 1 cand. 52 branch on var x[(0, 102)]_0_7070_0_OspV (lhs=0.4539)  : [ 3110.1524,  3110.3978], score = 0.24      <et=1021.24>
SB phase 1 cand. 53 branch on var x[(43, 113)]_0_4249_0_OspV (lhs=0.4830) : [ 3110.7658,  3111.4889], score = 1.71 (h)  <et=1021.71>
SB phase 1 cand. 54 branch on var x[(0, 42)]_0_4100_0_OspV (lhs=0.4463)   : [ 3110.1577,  3110.2599], score = 0.19      <et=1022.03>
SB phase 1 cand. 55 branch on var x[(26, 31)]_0_2705_0_OspV (lhs=0.3137)  : [ 3110.5612,  3112.5041], score = 2.17 (h)  <et=1022.49>
SB phase 1 cand. 56 branch on var x[(58, 114)]_0_5300_0_OspV (lhs=0.5589) : [ 3110.2305,  3110.3825], score = 0.28      <et=1022.82>
BaPCod info: Cplex status is 'Optimal solution found, unscaled infeasibilities'
SB phase 1 cand. 57 branch on var x[(109, 120)]_0_7193_0_OspV (lhs=0.3465): [ 3110.6132,  3111.7016], score = 1.63 (h)  <et=1023.23>
BaPCod info: Cplex status is 'Optimal solution found, unscaled infeasibilities'
SB phase 1 cand. 58 branch on var x[(19, 105)]_0_2093_0_OspV (lhs=0.4127) : [ 3109.7717,  3111.0188], score = 0.00      <et=1023.46>
BaPCod info: Cplex status is 'Optimal solution found, unscaled infeasibilities'
SB phase 1 cand. 59 branch on Psi[3,6] (lhs=0.6960)                       : [ 3110.1232,  3113.0000], score = 1.14 (h)  <et=1023.79>
BaPCod info: Cplex status is 'Optimal solution found, unscaled infeasibilities'
SB phase 1 cand. 60 branch on var x[(2, 102)]_0_220_0_OspV (lhs=0.4079)   : [ 3110.0783,  3110.5924], score = 0.25      <et=1024.12>
SB phase 1 cand. 61 branch on var x[(13, 68)]_0_1429_0_OspV (lhs=0.5933)  : [ 3110.8971,  3111.7008], score = 2.18 (h)  <et=1024.55>
BaPCod info: Cplex status is 'Optimal solution found, unscaled infeasibilities'
SB phase 1 cand. 62 branch on var x[(2, 52)]_0_170_0_OspV (lhs=0.4027)    : [ 3110.1250,  3110.4920], score = 0.26      <et=1024.89>
SB phase 1 cand. 63 branch on var x[(29, 41)]_0_2994_0_OspV (lhs=0.6609)  : [ 3109.9687,  3114.6369], score = 0.97 (h)  <et=1025.3>
BaPCod info: Cplex status is 'Optimal solution found, unscaled infeasibilities'
SB phase 1 cand. 64 branch on var x[(0, 94)]_0_6882_0_OspV (lhs=0.3994)   : [ 3110.2114,  3110.7973], score = 0.45      <et=1025.68>
SB phase 1 cand. 65 branch on var x[(0, 99)]_0_7007_0_OspV (lhs=0.5815)   : [ 3110.7815,  3111.1772], score = 1.42 (h)  <et=1026.1>
SB phase 1 cand. 66 branch on var x[(28, 88)]_0_2949_0_OspV (lhs=0.3987)  : [ 3110.3964,  3111.0607], score = 0.81      <et=1026.51>
SB phase 1 cand. 67 branch on var x[(71, 72)]_0_5986_0_OspV (lhs=0.4707)  : [ 3110.5514,  3111.0354], score = 0.99 (h)  <et=1026.95>
BaPCod info: Cplex status is 'Optimal solution found, unscaled infeasibilities'
SB phase 1 cand. 68 branch on var x[(42, 93)]_0_4151_0_OspV (lhs=0.3885)  : [ 3110.1209,  3110.7373], score = 0.34      <et=1027.28>
SB phase 1 cand. 69 branch on var x[(11, 109)]_0_1253_0_OspV (lhs=0.6535) : [ 3110.6132,  3111.5380], score = 1.49 (h)  <et=1027.66>
SB phase 1 cand. 70 branch on var x[(52, 102)]_0_4895_0_OspV (lhs=0.3882) : [ 3110.1330,  3110.8696], score = 0.40      <et=1028.01>
SB phase 1 cand. 71 branch on var x[(13, 71)]_0_1432_0_OspV (lhs=0.3626)  : [ 3110.6172,  3112.2912], score = 2.14 (h)  <et=1028.45>
SB phase 1 cand. 72 branch on var x[(47, 64)]_0_4502_0_OspV (lhs=0.6152)  : [ 3110.2473,  3111.9294], score = 1.03      <et=1028.85>
SB phase 1 cand. 73 branch on Psi[1,5] (lhs=0.9245)                       : [ 3109.8964, 6003112.9747], score = 761872.64 (h)  <et=1029.24>
SB phase 1 cand. 74 branch on var x[(0, 96)]_0_6935_0_OspV (lhs=0.3814)   : [ 3110.2350,  3111.3057], score = 0.72      <et=1029.6>
SB phase 1 cand. 75 branch on var x[(26, 77)]_0_2751_0_OspV (lhs=0.9245)  : [ 3109.8964, 6003112.9747], score = 761872.64 (h)  <et=1029.99>
SB phase 1 cand. 76 branch on var x[(66, 96)]_0_5750_0_OspV (lhs=0.3748)  : [ 3110.3527,  3110.7862], score = 0.59      <et=1030.35>
SB phase 1 cand. 77 branch on var x[(35, 87)]_0_3571_0_OspV (lhs=0.4888)  : [ 3110.2548,  3110.9417], score = 0.57 (h)  <et=1030.77>
SB phase 1 cand. 78 branch on var x[(18, 66)]_0_1952_0_OspV (lhs=0.3736)  : [ 3110.0187,  3110.8979], score = 0.28      <et=1031.08>
SB phase 1 cand. 79 branch on var x[(106, 113)]_0_7147_0_OspV (lhs=0.6132): [ 3110.7438,  3112.1705], score = 2.34 (h)  <et=1031.53>
SB phase 1 cand. 80 branch on var x[(65, 70)]_0_5669_0_OspV (lhs=0.3700)  : [ 3110.0291,  3111.3767], score = 0.42      <et=1031.87>
BaPCod info: Cplex status is 'Optimal solution found, unscaled infeasibilities'
SB phase 1 cand. 81 branch on var x[(3, 107)]_0_343_0_OspV (lhs=0.6337)   : [ 3110.0683,  3113.5365], score = 1.13 (h)  <et=1032.29>
BaPCod info: Cplex status is 'Optimal solution found, unscaled infeasibilities'
SB phase 1 cand. 82 branch on var x[(21, 56)]_0_2245_0_OspV (lhs=0.6313)  : [ 3109.7901,  3109.7959], score = 0.00      <et=1032.42>
SB phase 1 cand. 83 branch on var x[(41, 83)]_0_4062_0_OspV (lhs=0.0931)  : [ 3109.9484,  3130.3615], score = 3.69 (h)  <et=1032.89>
BaPCod info: Cplex status is 'Optimal solution found, unscaled infeasibilities'
SB phase 1 cand. 84 branch on var x[(0, 74)]_0_6132_0_OspV (lhs=0.6453)   : [ 3110.0581,  3111.1188], score = 0.39      <et=1033.23>
SB phase 1 cand. 85 branch on var x[(0, 10)]_0_1044_0_OspV (lhs=0.5019)   : [ 3110.5802,  3110.7342], score = 0.78 (h)  <et=1033.63>
SB phase 1 cand. 86 branch on var x[(34, 88)]_0_3486_0_OspV (lhs=0.3537)  : [ 3110.0436,  3111.0978], score = 0.36      <et=1034.03>
SB phase 1 cand. 87 branch on var x[(0, 90)]_0_6764_0_OspV (lhs=0.4346)   : [ 3110.4076,  3111.2360], score = 0.94 (h)  <et=1034.45>
SB phase 1 cand. 88 branch on var x[(74, 90)]_0_6148_0_OspV (lhs=0.3530)  : [ 3110.0158,  3111.6331], score = 0.46      <et=1034.82>
BaPCod info: Cplex status is 'Optimal solution found, unscaled infeasibilities'
SB phase 1 cand. 89 branch on var x[(5, 64)]_0_533_0_OspV (lhs=0.5052)    : [ 3110.4712,  3110.5854], score = 0.57 (h)  <et=1035.18>
BaPCod info: Cplex status is 'Optimal solution found, unscaled infeasibilities'
SB phase 1 cand. 90 branch on var x[(21, 89)]_0_2278_0_OspV (lhs=0.3464)  : [ 3109.7780,  3109.8234], score = 0.00      <et=1035.32>
SB phase 1 cand. 91 branch on var x[(1, 31)]_0_30_0_OspV (lhs=0.9245)     : [ 3109.8963, 4130938.8934], score = 523875.97 (h)  <et=1035.98>
BaPCod info: Cplex status is 'Optimal solution found, unscaled infeasibilities'
SB phase 1 cand. 92 branch on var x[(49, 74)]_0_4657_0_OspV (lhs=0.3458)  : [ 3110.0194,  3111.3259], score = 0.39      <et=1036.37>
SB phase 1 cand. 93 branch on var x[(87, 115)]_0_6693_0_OspV (lhs=0.2707) : [ 3110.2926,  3111.8015], score = 1.06 (h)  <et=1036.79>
SB phase 1 cand. 94 branch on var x[(5, 79)]_0_548_0_OspV (lhs=0.3443)    : [ 3110.1459,  3111.7231], score = 0.74      <et=1037.19>
SB phase 1 cand. 95 branch on var x[(21, 100)]_0_2289_0_OspV (lhs=0.6455) : [ 3110.7300,  3110.8891], score = 1.08 (h)  <et=1037.62>
SB phase 1 cand. 96 branch on var x[(28, 46)]_0_2907_0_OspV (lhs=0.3416)  : [ 3109.9213,  3111.3146], score = 0.23      <et=1038>
SB phase 1 cand. 97 branch on var x[(0, 23)]_0_2409_0_OspV (lhs=0.2175)   : [ 3110.0655,  3111.6095], score = 0.54 (h)  <et=1038.43>
SB phase 1 cand. 98 branch on var x[(47, 96)]_0_4534_0_OspV (lhs=0.3393)  : [ 3110.0590,  3112.9528], score = 0.92      <et=1038.83>
SB phase 1 cand. 99 branch on var x[(23, 115)]_0_2501_0_OspV (lhs=0.2361) : [ 3109.9536,  3117.0852], score = 1.35 (h)  <et=1039.23>
BaPCod info: Cplex status is 'Optimal solution found, unscaled infeasibilities'
SB phase 1 cand. 100 branch on var x[(0, 5)]_0_474_0_OspV (lhs=0.3328)     : [ 3109.9369,  3110.9345], score = 0.20      <et=1039.55>
**** Strong branching phase 2 is started *****
##BaPCod info: Cplex status is 'Optimal solution found, unscaled infeasibilities'
<DWph=1> <it= 28> <et=1048.94> <Mt= 2.98> <Spt= 6.39> <nCl=368> <al=0.00> <DB= 3147.2678> <Mlp= 3147.2678> <PB=10000000> 
<DWph=1> <it=  3> <et=1050.46> <Mt= 0.01> <Spt= 1.18> <nCl=  6> <al=0.00> <DB= 3109.8964> <Mlp= 3109.8964> <PB=10000000> 
SB phase 2 cand.  1 branch on Psi[1,5] (lhs=0.9245)                   : [ 3109.8964,  3147.2678], score = 4.76 (h)  <et=1050.5>
#BaPCod info: Cplex status is 'Optimal solution found, unscaled infeasibilities'
BaPCod info: Cplex status is 'Optimal solution found, unscaled infeasibilities'
BaPCod info: Cplex status is 'Optimal solution found, unscaled infeasibilities'
<DWph=1> <it= 21> <et=1058.93> <Mt= 1.65> <Spt= 6.54> <nCl=201> <al=0.00> <DB= 3119.8603> <Mlp= 3119.8603> <PB=10000000> 
<DWph=1> <it=  3> <et=1060.47> <Mt= 0.01> <Spt= 1.24> <nCl=  8> <al=0.00> <DB= 3109.8963> <Mlp= 3109.8963> <PB=10000000> 
SB phase 2 cand.  2 branch on var x[(1, 31)]_0_30_0_OspV (lhs=0.9245) : [ 3109.8963,  3119.8603], score = 1.28 (h)  <et=1060.51>
<DWph=1> <it= 14> <et=1065.27> <Mt= 0.33> <Spt= 4.18> <nCl= 67> <al=0.00> <DB= 3112.0195> <Mlp= 3112.0195> <PB=10000000> 
BaPCod info: Cplex status is 'Optimal solution found, unscaled infeasibilities'
<DWph=1> <it= 26> <et=1072.26> <Mt= 0.44> <Spt= 6.25> <nCl=137> <al=0.00> <DB= 3111.0540> <Mlp= 3111.0540> <PB=10000000> 
SB phase 2 cand.  3 branch on var x[(8, 85)]_0_896_0_OspV (lhs=0.4340): [ 3111.0540,  3112.0195], score = 2.89 (h)  <et=1072.3>
**** Strong branching phase 3 is started *****
**** SB phase 3 evaluation of candidate 1, branch 1 ( Psi[1,5] <= 0 ), value = 3147.27
<DWph=2> <it=  1> <et=1072.86> <Mt= 0.01> <Spt= 0.28> <nCl=  1> <al=0.00> <DB= 3147.2678> <Mlp= 3147.2678> <PB=10000000> 
<DWph=1> <it=  2> <et=1073.45> <Mt= 0.00> <Spt= 0.59> <nCl=  0> <al=0.00> <DB= 3147.2678> <Mlp= 3147.2678> <PB=10000000> 
    RCSP exact solver info for graph G_0 : TT = 4.45732, pt = 0.006102, dt = 4.00891, ct = 0.440169, ndl = 261695', bdl = 18438446', odl = 130039', odf = 4366235', bsi = 2586', cnt = 18130635', bdch = 971817828', odch = 175624460', lcp = 36698543', #sols = 150
<DWph=0> <it=  3> <et=1077.95> <Mt= 0.00> <Spt= 4.50> <nCl=150> <al=0.30> <DB= 2625.8913> <Mlp= 3147.2678> <PB=10000000> 
1 bl.dch (5018)...    RCSP exact solver info for graph G_0 : TT = 4.80201, pt = 0.00626, dt = 4.32257, ct = 0.470993, ndl = 277147', bdl = 19543616', odl = 135819', odf = 4655896', bsi = 2523', cnt = 19882061', bdch = 1073404166', odch = 203814151', lcp = 41104879', #sols = 150
<DWph=0> <it=  4> <et=1082.91> <Mt= 0.14> <Spt= 4.83> <nCl= 94> <al=0.37> <DB= 2920.4561> <Mlp= 3146.5190> <PB=10000000> 
1 bl.dch (5185)...    RCSP exact solver info for graph G_0 : TT = 4.75817, pt = 0.006816, dt = 4.28503, ct = 0.463995, ndl = 273751', bdl = 19232884', odl = 134505', odf = 4613346', bsi = 2443', cnt = 19381388', bdch = 1051093334', odch = 203634732', lcp = 41344097', #sols = 150
<DWph=0> <it=  5> <et=1087.73> <Mt= 0.03> <Spt= 4.78> <nCl= 33> <al=0.43> <DB= 3048.5827> <Mlp= 3146.4289> <PB=10000000> 
1 bl.dch (5239)...    RCSP exact solver info for graph G_0 : TT = 4.62442, pt = 0.006574, dt = 4.16141, ct = 0.454171, ndl = 270014', bdl = 18943210', odl = 132059', odf = 4545869', bsi = 2422', cnt = 18896049', bdch = 1019386957', odch = 199633314', lcp = 40460067', #sols = 150
<DWph=0> <it=  6> <et=1092.38> <Mt= 0.02> <Spt= 4.64> <nCl= 56> <al=0.33> <DB= 2752.9748> <Mlp= 3146.4050> <PB=10000000> 
1 bl.dch (5204)...    RCSP exact solver info for graph G_0 : TT = 4.78641, pt = 0.006362, dt = 4.29225, ct = 0.485508, ndl = 270458', bdl = 19004601', odl = 133576', odf = 4551472', bsi = 2452', cnt = 18546659', bdch = 1029832944', odch = 197497814', lcp = 40213061', #sols = 150
<DWph=0> <it=  7> <et=1097.19> <Mt= 0.01> <Spt= 4.80> <nCl= 28> <al=0.40> <DB= 3107.3009> <Mlp= 3146.3975> <PB=10000000> 
BaPCod info: Cplex status is 'Optimal solution found, unscaled infeasibilities'
1 bl.dch (5340)...    RCSP exact solver info for graph G_0 : TT = 6.87038, pt = 0.006575, dt = 6.37257, ct = 0.488849, ndl = 268415', bdl = 18879543', odl = 131961', odf = 4516254', bsi = 2476', cnt = 19028252', bdch = 1011072877', odch = 197903727', lcp = 40303541', #sols = 150
<DWph=0> <it=  8> <et=1102.05> <Mt= 0.01> <Spt= 4.84> <nCl=  5> <al=0.30> <DB= 3134.6797> <Mlp= 3146.3967> <PB=10000000> 
1 bl.dch (5527)...    RCSP exact solver info for graph G_0 : TT = 4.81901, pt = 0.006907, dt = 4.32986, ct = 0.479953, ndl = 267130', bdl = 18792281', odl = 131402', odf = 4492380', bsi = 2455', cnt = 19060638', bdch = 1002594767', odch = 196244840', lcp = 40036643', #sols = 150
1 bl.dch (5545)...    RCSP exact solver info for graph G_0 : TT = 4.47012, pt = 0.005828, dt = 4.00278, ct = 0.4593, ndl = 266636', bdl = 18769681', odl = 131537', odf = 4488087', bsi = 2467', cnt = 19072543', bdch = 1000645585', odch = 195351691', lcp = 39845075', #sols = 150
<DWph=0> <it=  9> <et=1111.37> <Mt= 0.01> <Spt= 9.31> <nCl= 28> <al=0.00> <DB= 3146.3966> <Mlp= 3146.3966> <PB=10000000> 
RCSP solver dynamic params and stats :  bidir.bord. = 375 aver.obdmd = 98.3607 aver.buck.num. = 101 nbR1C = 168 with avMem = 18.2083
@@ 624 0 3146.4 4.93979 6.86142 92.389 1111.37
    Full reduced cost fixing is not called (gap ratio is 0.99999)
ColGenEvalAlg final dual bound: 3146.4 (rounded: 3147)
Current active cuts : R1C(24+144,382.52) 1rowPackR1C(24) 3rowPackR1C(69) 4rowPackR1C(41) 5rowPackR1C(34)
11 Rank-1 1-rows pack. cuts added ,  max viol. = 0.126558, aver. viol. = 0.074393
150 Rank-1 3-rows pack. cuts added ,  max viol. = 0.185824, aver. viol. = 0.105486
Shrinking heuristic shrunk 22 edges
In total 2 RCC cut(s) are found by the global pool greedy search heuristic 
----- Add fac. cuts : CAP(2) R1C(161), max.viol = 0.212309, aver.viol = 0.115929, sep/add took 0.0645754/0.502883 sec. -----
16509 columns (8578 active), 771 dyn. constrs. (334 active), 1017 art. vars. (576 active)
<DWph=2> <it=  1> <et=1112.32> <Mt= 0.16> <Spt= 0.18> <nCl=  4> <al=0.50> <DB= 3147.1797> <Mlp= 3147.9628> <PB=10000000> 
<DWph=2> <it=  2> <et=1112.52> <Mt= 0.02> <Spt= 0.18> <nCl=  8> <al=0.40> <DB= 3131.3783> <Mlp= 3147.9561> <PB=10000000> 
<DWph=2> <it=  3> <et=1112.86> <Mt= 0.01> <Spt= 0.32> <nCl=  5> <al=0.00> <DB= 2868.5205> <Mlp= 3147.9520> <PB=10000000> 
<DWph=2> <it=  4> <et=1113.20> <Mt= 0.00> <Spt= 0.34> <nCl=  1> <al=0.00> <DB= 3147.9520> <Mlp= 3147.9520> <PB=10000000> 
<DWph=1> <it=  5> <et=1113.50> <Mt= 0.01> <Spt= 0.29> <nCl=  8> <al=0.26> <DB= 3034.2616> <Mlp= 3147.9520> <PB=10000000> 
<DWph=1> <it=  6> <et=1113.80> <Mt= 0.01> <Spt= 0.29> <nCl=  4> <al=0.33> <DB= 2996.3955> <Mlp= 3147.9486> <PB=10000000> 
<DWph=1> <it=  7> <et=1114.12> <Mt= 0.01> <Spt= 0.31> <nCl=  3> <al=0.23> <DB= 3078.2857> <Mlp= 3147.9224> <PB=10000000> 
<DWph=1> <it=  8> <et=1114.69> <Mt= 0.01> <Spt= 0.56> <nCl=  2> <al=0.00> <DB= 3147.9224> <Mlp= 3147.9224> <PB=10000000> 
1 bl.dch (5340)...    RCSP exact solver info for graph G_0 : TT = 4.30708, pt = 0.005519, dt = 3.87483, ct = 0.424594, ndl = 266987', bdl = 18928550', odl = 134608', odf = 4447200', bsi = 2457', cnt = 18033272', bdch = 1013150393', odch = 177002953', lcp = 36369021', #sols = 150
<DWph=0> <it=  9> <et=1119.05> <Mt= 0.00> <Spt= 4.35> <nCl=129> <al=0.21> <DB= 2809.2012> <Mlp= 3147.9224> <PB=10000000> 
1 bl.dch (5340)...    RCSP exact solver info for graph G_0 : TT = 4.40203, pt = 0.008016, dt = 3.94847, ct = 0.443243, ndl = 267321', bdl = 18958144', odl = 134585', odf = 4464150', bsi = 2437', cnt = 18987851', bdch = 1009874229', odch = 180885596', lcp = 37129068', #sols = 150
<DWph=0> <it= 10> <et=1123.52> <Mt= 0.03> <Spt= 4.45> <nCl= 91> <al=0.11> <DB= 2776.1159> <Mlp= 3147.8979> <PB=10000000> 
    RCSP exact solver info for graph G_0 : TT = 4.45311, pt = 0.005907, dt = 3.98848, ct = 0.456573, ndl = 265428', bdl = 18815325', odl = 133840', odf = 4424994', bsi = 2409', cnt = 18635896', bdch = 997209796', odch = 178739519', lcp = 36960533', #sols = 150
<DWph=0> <it= 11> <et=1128.00> <Mt= 0.01> <Spt= 4.46> <nCl= 25> <al=0.20> <DB= 3104.8737> <Mlp= 3147.8967> <PB=10000000> 
    RCSP exact solver info for graph G_0 : TT = 6.60455, pt = 0.006484, dt = 6.13354, ct = 0.462244, ndl = 265753', bdl = 18813159', odl = 133372', odf = 4432724', bsi = 2415', cnt = 19041717', bdch = 996860554', odch = 181446713', lcp = 37446042', #sols = 150
<DWph=0> <it= 12> <et=1132.51> <Mt= 0.01> <Spt= 4.50> <nCl= 17> <al=0.10> <DB= 3131.9655> <Mlp= 3147.8966> <PB=10000000> 
    RCSP exact solver info for graph G_0 : TT = 4.78551, pt = 0.006628, dt = 4.28823, ct = 0.488254, ndl = 264665', bdl = 18752141', odl = 133922', odf = 4419953', bsi = 2419', cnt = 18798493', bdch = 991943660', odch = 179257009', lcp = 37047790', #sols = 150
    RCSP exact solver info for graph G_0 : TT = 4.48558, pt = 0.008, dt = 4.03197, ct = 0.443549, ndl = 263819', bdl = 18692990', odl = 133134', odf = 4402760', bsi = 2415', cnt = 18776604', bdch = 984651551', odch = 178876281', lcp = 36956217', #sols = 150
<DWph=0> <it= 13> <et=1141.81> <Mt= 0.01> <Spt= 9.29> <nCl= 27> <al=0.00> <DB= 3147.8964> <Mlp= 3147.8964> <PB=10000000> 
RCSP solver dynamic params and stats :  bidir.bord. = 375 aver.obdmd = 98.3607 aver.buck.num. = 101 nbR1C = 175 with avMem = 18.08
@@ 624 1 3147.9 4.83066 6.59579 92.389 1141.81
    Full reduced cost fixing is not called (gap ratio is 0.99999)
ColGenEvalAlg final dual bound: 3147.9 (rounded: 3148)
False gap improvement since the last cut separation : 0.00476685 (3146.4)
Separator R1C not in maximum phase
Cut generation tailing off counter increased to 0
Current active cuts : CAP(2,84.1614) R1C(27+148,400.467) 1rowPackR1C(27) 3rowPackR1C(81) 4rowPackR1C(39) 5rowPackR1C(28)
2 Rank-1 1-rows pack. cuts added ,  max viol. = 0.0342744, aver. viol. = 0.0313195
150 Rank-1 3-rows pack. cuts added ,  max viol. = 0.205655, aver. viol. = 0.0712432
Building structures for heuristic rank-1 packing cut separation...done!
100 Rank-1 4-rows pack. cuts added ,  max viol. = 0.215129, aver. viol. = 0.0753094
Shrinking heuristic shrunk 22 edges
In total 1 RCC cut(s) are found by the Fractional capacity min-cut heuristic 
In total 1 RCC cut(s) are found by the global pool greedy search heuristic 
----- Add fac. cuts : CAP(2) R1C(252), max.viol = 0.263199, aver.viol = 0.0751458, sep/add took 0.121447/0.811154 sec. -----
16833 columns (8902 active), 1025 dyn. constrs. (434 active), 1271 art. vars. (676 active)
BaPCod info: Cplex status is 'Optimal solution found, unscaled infeasibilities'
<DWph=2> <it=  1> <et=1143.16> <Mt= 0.19> <Spt= 0.18> <nCl=  7> <al=0.50> <DB= 3118.9564> <Mlp= 3149.0177> <PB=10000000> 
<DWph=2> <it=  2> <et=1143.51> <Mt= 0.01> <Spt= 0.34> <nCl=  9> <al=0.10> <DB= 3051.9849> <Mlp= 3149.0177> <PB=10000000> 
<DWph=2> <it=  3> <et=1143.76> <Mt= 0.05> <Spt= 0.19> <nCl=  5> <al=0.45> <DB= 3148.7225> <Mlp= 3148.9855> <PB=10000000> 
<DWph=2> <it=  4> <et=1143.94> <Mt= 0.01> <Spt= 0.18> <nCl=  7> <al=0.35> <DB= 3096.7422> <Mlp= 3148.9855> <PB=10000000> 
<DWph=2> <it=  5> <et=1144.28> <Mt= 0.02> <Spt= 0.32> <nCl=  7> <al=0.00> <DB= 3117.7430> <Mlp= 3148.9840> <PB=10000000> 
<DWph=2> <it=  6> <et=1144.62> <Mt= 0.03> <Spt= 0.31> <nCl=  1> <al=0.00> <DB= 3148.9831> <Mlp= 3148.9831> <PB=10000000> 
<DWph=1> <it=  7> <et=1144.94> <Mt= 0.00> <Spt= 0.30> <nCl= 16> <al=0.22> <DB= 2854.8597> <Mlp= 3148.9831> <PB=10000000> 
<DWph=1> <it=  8> <et=1145.35> <Mt= 0.09> <Spt= 0.32> <nCl=  9> <al=0.12> <DB= 2880.0533> <Mlp= 3148.9387> <PB=10000000> 
<DWph=1> <it=  9> <et=1145.69> <Mt= 0.03> <Spt= 0.32> <nCl=  4> <al=0.20> <DB= 3129.9080> <Mlp= 3148.9359> <PB=10000000> 
BaPCod info: Cplex status is 'Optimal solution found, unscaled infeasibilities'
<DWph=1> <it= 10> <et=1146.04> <Mt= 0.02> <Spt= 0.33> <nCl=  2> <al=0.10> <DB= 3145.5022> <Mlp= 3148.9359> <PB=10000000> 
<DWph=1> <it= 11> <et=1146.69> <Mt= 0.00> <Spt= 0.65> <nCl=  1> <al=0.00> <DB= 3148.9359> <Mlp= 3148.9359> <PB=10000000> 
1 bl.dch (5340)...    RCSP exact solver info for graph G_0 : TT = 4.85034, pt = 0.006466, dt = 4.28081, ct = 0.560993, ndl = 272407', bdl = 19057952', odl = 133150', odf = 4567812', bsi = 2447', cnt = 20653035', bdch = 1013715026', odch = 208576635', lcp = 42058858', #sols = 150
<DWph=0> <it= 12> <et=1151.60> <Mt= 0.01> <Spt= 4.90> <nCl=150> <al=0.00> <DB= 2759.8627> <Mlp= 3148.9359> <PB=10000000> 
    RCSP exact solver info for graph G_0 : TT = 4.7193, pt = 0.006551, dt = 4.15375, ct = 0.556876, ndl = 267493', bdl = 18704726', odl = 133209', odf = 4481070', bsi = 2418', cnt = 20560731', bdch = 977677958', odch = 205536832', lcp = 41519103', #sols = 150
<DWph=0> <it= 13> <et=1156.51> <Mt= 0.15> <Spt= 4.76> <nCl= 94> <al=0.00> <DB= 2847.3767> <Mlp= 3148.8073> <PB=10000000> 
    RCSP exact solver info for graph G_0 : TT = 4.93587, pt = 0.006578, dt = 4.34304, ct = 0.584073, ndl = 264729', bdl = 18575850', odl = 132746', odf = 4457704', bsi = 2420', cnt = 20093821', bdch = 957023200', odch = 202591715', lcp = 40546854', #sols = 150
<DWph=0> <it= 14> <et=1161.55> <Mt= 0.08> <Spt= 4.96> <nCl= 38> <al=0.01> <DB= 2944.4635> <Mlp= 3148.7694> <PB=10000000> 
    RCSP exact solver info for graph G_0 : TT = 7.03787, pt = 0.007374, dt = 6.41655, ct = 0.611349, ndl = 261567', bdl = 18327647', odl = 130278', odf = 4394410', bsi = 2404', cnt = 19893122', bdch = 930244894', odch = 200775887', lcp = 40113397', #sols = 150
<DWph=0> <it= 15> <et=1166.56> <Mt= 0.02> <Spt= 4.98> <nCl= 19> <al=0.11> <DB= 3125.9208> <Mlp= 3148.7694> <PB=10000000> 
    RCSP exact solver info for graph G_0 : TT = 5.08861, pt = 0.007799, dt = 4.50987, ct = 0.568432, ndl = 261791', bdl = 18333308', odl = 130764', odf = 4399345', bsi = 2397', cnt = 19940524', bdch = 933280124', odch = 200828696', lcp = 40168117', #sols = 150
    RCSP exact solver info for graph G_0 : TT = 4.72229, pt = 0.007062, dt = 4.14898, ct = 0.564157, ndl = 261549', bdl = 18317045', odl = 130494', odf = 4393288', bsi = 2379', cnt = 19984665', bdch = 931315835', odch = 200892835', lcp = 40188980', #sols = 150
<DWph=0> <it= 16> <et=1176.39> <Mt= 0.01> <Spt= 9.83> <nCl=  9> <al=0.00> <DB= 3148.7694> <Mlp= 3148.7694> <PB=10000000> 
RCSP solver dynamic params and stats :  bidir.bord. = 375 aver.obdmd = 98.3607 aver.buck.num. = 101 nbR1C = 196 with avMem = 18.3418
@@ 624 2 3148.77 5.21648 7.0279 92.389 1176.39
    Full reduced cost fixing is not called (gap ratio is 0.99999)
ColGenEvalAlg final dual bound: 3148.77 (rounded: 3149)
False gap improvement since the last cut separation : 0.00277308 (3147.9)
Separator R1C not in maximum phase
Cut generation tailing off counter increased to 0
Current active cuts : CAP(2,81.6353) R1C(26+170,400.689) 1rowPackR1C(26) 3rowPackR1C(83) 4rowPackR1C(62) 5rowPackR1C(25)
68 Rank-1 3-rows pack. cuts added ,  max viol. = 0.0715111, aver. viol. = 0.0367587
Building structures for heuristic rank-1 packing cut separation...done!
55 Rank-1 4-rows pack. cuts added ,  max viol. = 0.169313, aver. viol. = 0.0628389
100 Rank-1 5-rows pack. cuts added ,  max viol. = 0.212277, aver. viol. = 0.105586
Shrinking heuristic shrunk 26 edges
In total 2 RCC cut(s) are found by the global pool greedy search heuristic 
----- Add fac. cuts : CAP(2) R1C(223), max.viol = 0.257412, aver.viol = 0.0823308, sep/add took 0.76544/0.797943 sec. -----
17211 columns (9280 active), 1110 dyn. constrs. (428 active), 1496 art. vars. (670 active)
<DWph=2> <it=  1> <et=1178.41> <Mt= 0.19> <Spt= 0.18> <nCl=  8> <al=0.50> <DB= 3148.8577> <Mlp= 3149.6845> <PB=10000000> 
<DWph=2> <it=  2> <et=1178.61> <Mt= 0.02> <Spt= 0.17> <nCl=  2> <al=0.55> <DB= 3042.7078> <Mlp= 3149.6815> <PB=10000000> 
<DWph=2> <it=  3> <et=1179.14> <Mt= 0.04> <Spt= 0.50> <nCl=  4> <al=0.00> <DB= 3149.6626> <Mlp= 3149.6626> <PB=10000000> 
<DWph=1> <it=  4> <et=1179.45> <Mt= 0.01> <Spt= 0.30> <nCl=  4> <al=0.50> <DB= 3105.7995> <Mlp= 3149.6626> <PB=10000000> 
<DWph=1> <it=  5> <et=1180.08> <Mt= 0.01> <Spt= 0.61> <nCl=  1> <al=0.00> <DB= 3149.6619> <Mlp= 3149.6619> <PB=10000000> 
    RCSP exact solver info for graph G_0 : TT = 4.31322, pt = 0.006075, dt = 3.7949, ct = 0.51023, ndl = 254726', bdl = 17813303', odl = 129690', odf = 4311275', bsi = 2444', cnt = 19909073', bdch = 897298713', odch = 178107048', lcp = 36565101', #sols = 150
<DWph=0> <it=  6> <et=1184.44> <Mt= 0.01> <Spt= 4.35> <nCl= 85> <al=0.30> <DB= 3026.8815> <Mlp= 3149.6619> <PB=10000000> 
    RCSP exact solver info for graph G_0 : TT = 4.75762, pt = 0.007249, dt = 4.18127, ct = 0.566832, ndl = 263310', bdl = 18501067', odl = 131424', odf = 4448723', bsi = 2390', cnt = 20611258', bdch = 961716219', odch = 185382178', lcp = 37937839', #sols = 150
<DWph=0> <it=  7> <et=1189.27> <Mt= 0.06> <Spt= 4.78> <nCl= 32> <al=0.37> <DB= 3041.0912> <Mlp= 3149.6320> <PB=10000000> 
    RCSP exact solver info for graph G_0 : TT = 4.85975, pt = 0.007859, dt = 4.2831, ct = 0.566462, ndl = 263391', bdl = 18496556', odl = 131890', odf = 4445001', bsi = 2427', cnt = 20295522', bdch = 963779229', odch = 182017897', lcp = 37383623', #sols = 150
<DWph=0> <it=  8> <et=1194.17> <Mt= 0.03> <Spt= 4.87> <nCl= 16> <al=0.43> <DB= 3046.2835> <Mlp= 3149.6305> <PB=10000000> 
    RCSP exact solver info for graph G_0 : TT = 7.23665, pt = 0.007385, dt = 6.61051, ct = 0.616286, ndl = 262607', bdl = 18444570', odl = 131384', odf = 4422374', bsi = 2369', cnt = 20114925', bdch = 955441946', odch = 181287006', lcp = 37255080', #sols = 150
    RCSP exact solver info for graph G_0 : TT = 4.95962, pt = 0.010676, dt = 4.39418, ct = 0.552524, ndl = 261110', bdl = 18322465', odl = 131166', odf = 4401012', bsi = 2391', cnt = 20027699', bdch = 945154437', odch = 181293312', lcp = 37249390', #sols = 150
<DWph=0> <it=  9> <et=1204.20> <Mt= 0.01> <Spt=10.01> <nCl= 23> <al=0.00> <DB= 3063.4431> <Mlp= 3149.6304> <PB=10000000> 
    RCSP exact solver info for graph G_0 : TT = 4.84041, pt = 0.007898, dt = 4.27411, ct = 0.556199, ndl = 262819', bdl = 18457941', odl = 131229', odf = 4430688', bsi = 2363', cnt = 20136415', bdch = 956925968', odch = 182778291', lcp = 37416081', #sols = 150
    RCSP exact solver info for graph G_0 : TT = 4.58672, pt = 0.006824, dt = 4.051, ct = 0.526754, ndl = 260036', bdl = 18258603', odl = 130699', odf = 4382269', bsi = 2387', cnt = 19968994', bdch = 935987551', odch = 181207781', lcp = 37137028', #sols = 150
<DWph=0> <it= 10> <et=1213.65> <Mt= 0.01> <Spt= 9.44> <nCl=  7> <al=0.00> <DB= 3149.6304> <Mlp= 3149.6304> <PB=10000000> 
RCSP solver dynamic params and stats :  bidir.bord. = 375 aver.obdmd = 98.3607 aver.buck.num. = 101 nbR1C = 197 with avMem = 18.5279
@@ 624 3 3149.63 5.06919 7.22679 92.389 1213.65
    Full reduced cost fixing is not called (gap ratio is 0.99999)
ColGenEvalAlg final dual bound: 3149.63 (rounded: 3150)
False gap improvement since the last cut separation : 0.00273431 (3148.77)
Cut generation tailing off counter increased to 1
Current active cuts : CAP(2,78.082) R1C(26+171,423.313) 1rowPackR1C(26) 3rowPackR1C(78) 4rowPackR1C(59) 5rowPackR1C(34)
1 Rank-1 1-rows pack. cuts added ,  max viol. = 0.0411806, aver. viol. = 0.0411806
150 Rank-1 3-rows pack. cuts added ,  max viol. = 0.0459799, aver. viol. = 0.0252828
Building structures for heuristic rank-1 packing cut separation...done!
96 Rank-1 4-rows pack. cuts added ,  max viol. = 0.135479, aver. viol. = 0.0348394
100 Rank-1 5-rows pack. cuts added ,  max viol. = 0.146698, aver. viol. = 0.0780777
Shrinking heuristic shrunk 19 edges
In total 1 RCC cut(s) are found by the global pool greedy search heuristic 
----- Add fac. cuts : CAP(1) R1C(347), max.viol = 0.148091, aver.viol = 0.0525882, sep/add took 0.826004/1.17545 sec. -----
17393 columns (9462 active), 1241 dyn. constrs. (551 active), 1844 art. vars. (793 active)
BaPCod info: Cplex status is 'Optimal solution found, unscaled infeasibilities'
<DWph=2> <it=  1> <et=1216.25> <Mt= 0.30> <Spt= 0.21> <nCl=  5> <al=0.50> <DB= 3019.1166> <Mlp= 3150.6537> <PB=10000000> 
<DWph=2> <it=  2> <et=1216.76> <Mt= 0.10> <Spt= 0.40> <nCl= 16> <al=0.10> <DB= 2980.3059> <Mlp= 3150.6385> <PB=10000000> 
<DWph=2> <it=  3> <et=1217.20> <Mt= 0.07> <Spt= 0.38> <nCl=  5> <al=0.00> <DB= 3138.2029> <Mlp= 3150.6319> <PB=10000000> 
<DWph=2> <it=  4> <et=1217.60> <Mt= 0.02> <Spt= 0.37> <nCl=  0> <al=0.00> <DB= 3150.6318> <Mlp= 3150.6318> <PB=10000000> 
<DWph=1> <it=  5> <et=1217.95> <Mt= 0.01> <Spt= 0.35> <nCl=  6> <al=0.25> <DB= 2802.7863> <Mlp= 3150.6318> <PB=10000000> 
<DWph=1> <it=  6> <et=1218.34> <Mt= 0.04> <Spt= 0.34> <nCl=  4> <al=0.33> <DB= 3062.6549> <Mlp= 3150.6269> <PB=10000000> 
BaPCod info: Cplex status is 'Optimal solution found, unscaled infeasibilities'
<DWph=1> <it=  7> <et=1219.03> <Mt= 0.02> <Spt= 0.67> <nCl=  2> <al=0.00> <DB= 3145.0867> <Mlp= 3150.6267> <PB=10000000> 
<DWph=1> <it=  8> <et=1219.75> <Mt= 0.01> <Spt= 0.71> <nCl=  0> <al=0.00> <DB= 3150.6267> <Mlp= 3150.6267> <PB=10000000> 
1 bl.dch (4587)...    RCSP exact solver info for graph G_0 : TT = 8.44456, pt = 0.007547, dt = 7.2063, ct = 1.22845, ndl = 362077', bdl = 24422144', odl = 156631', odf = 6382632', bsi = 2450', cnt = 38675991', bdch = 1600745183', odch = 400041980', lcp = 78160191', #sols = 150
<DWph=0> <it=  9> <et=1228.27> <Mt= 0.01> <Spt= 8.51> <nCl=150> <al=0.03> <DB= 2524.6421> <Mlp= 3150.6267> <PB=10000000> 
1 bl.dch (4735)...    RCSP exact solver info for graph G_0 : TT = 7.61904, pt = 0.011, dt = 6.57758, ct = 1.02714, ndl = 324418', bdl = 22034551', odl = 146492', odf = 5587585', bsi = 2494', cnt = 31042269', bdch = 1337672649', odch = 299629132', lcp = 60911921', #sols = 150
<DWph=0> <it= 10> <et=1236.72> <Mt= 0.77> <Spt= 7.68> <nCl=112> <al=0.12> <DB= 2946.8466> <Mlp= 3150.4869> <PB=10000000> 
1 bl.dch (4764)...    RCSP exact solver info for graph G_0 : TT = 7.23274, pt = 0.01045, dt = 6.22597, ct = 0.993532, ndl = 319257', bdl = 21711098', odl = 145042', odf = 5515933', bsi = 2519', cnt = 31369959', bdch = 1281457493', odch = 296101479', lcp = 59983303', #sols = 150
<DWph=0> <it= 11> <et=1244.23> <Mt= 0.23> <Spt= 7.27> <nCl= 76> <al=0.21> <DB= 2843.8402> <Mlp= 3150.4699> <PB=10000000> 
1 bl.dch (4762)...    RCSP exact solver info for graph G_0 : TT = 7.06799, pt = 0.009023, dt = 6.11678, ct = 0.939757, ndl = 320506', bdl = 21775600', odl = 145050', odf = 5524069', bsi = 2512', cnt = 30407977', bdch = 1300197301', odch = 297686242', lcp = 60041289', #sols = 150
<DWph=0> <it= 12> <et=1251.33> <Mt= 0.03> <Spt= 7.08> <nCl=  8> <al=0.29> <DB= 3083.5546> <Mlp= 3150.4699> <PB=10000000> 
1 bl.dch (4770)...    RCSP exact solver info for graph G_0 : TT = 7.2451, pt = 0.008899, dt = 6.25673, ct = 0.976976, ndl = 317666', bdl = 21606814', odl = 143732', odf = 5468944', bsi = 2469', cnt = 30242442', bdch = 1274042371', odch = 295867868', lcp = 59528645', #sols = 150
<DWph=0> <it= 13> <et=1258.61> <Mt= 0.02> <Spt= 7.26> <nCl= 14> <al=0.36> <DB= 3078.5080> <Mlp= 3150.4699> <PB=10000000> 
1 bl.dch (4764)...    RCSP exact solver info for graph G_0 : TT = 9.70597, pt = 0.009515, dt = 8.70477, ct = 0.989129, ndl = 318750', bdl = 21657599', odl = 144453', odf = 5489960', bsi = 2500', cnt = 30334245', bdch = 1284086073', odch = 296256507', lcp = 59788247', #sols = 150
1 bl.dch (4781)...    RCSP exact solver info for graph G_0 : TT = 6.64269, pt = 0.008141, dt = 5.75979, ct = 0.872201, ndl = 315951', bdl = 21503074', odl = 144061', odf = 5447383', bsi = 2523', cnt = 30017756', bdch = 1261163901', odch = 292445519', lcp = 58932950', #sols = 150
<DWph=0> <it= 14> <et=1272.85> <Mt= 0.01> <Spt=14.22> <nCl= 15> <al=0.00> <DB= 3150.4699> <Mlp= 3150.4699> <PB=10000000> 
RCSP solver dynamic params and stats :  bidir.bord. = 375 aver.obdmd = 98.3607 aver.buck.num. = 101 nbR1C = 234 with avMem = 18.7906
@@ 624 4 3150.47 7.69644 9.6939 92.389 1272.85
    Full reduced cost fixing is not called (gap ratio is 0.99999)
ColGenEvalAlg final dual bound: 3150.47 (rounded: 3151)
False gap improvement since the last cut separation : 0.00266544 (3149.63)
Cut generation tailing off counter increased to 2
Current active cuts : CAP(3,80.7895) R1C(26+208,443.034) 1rowPackR1C(26) 3rowPackR1C(92) 4rowPackR1C(69) 5rowPackR1C(47)
8 Rank-1 1-rows pack. cuts added ,  max viol. = 0.0557672, aver. viol. = 0.0385843
19 Rank-1 3-rows pack. cuts added ,  max viol. = 0.0460586, aver. viol. = 0.0271587
Building structures for heuristic rank-1 packing cut separation...done!
58 Rank-1 4-rows pack. cuts added ,  max viol. = 0.089272, aver. viol. = 0.0338499
100 Rank-1 5-rows pack. cuts added ,  max viol. = 0.127193, aver. viol. = 0.0557145
Shrinking heuristic shrunk 24 edges
In total 1 RCC cut(s) are found by the global pool greedy search heuristic 
----- Add fac. cuts : CAP(1) R1C(185), max.viol = 0.188022, aver.viol = 0.0660578, sep/add took 0.770565/0.695525 sec. -----
17806 columns (9875 active), 1210 dyn. constrs. (426 active), 2030 art. vars. (668 active)
<DWph=2> <it=  1> <et=1274.91> <Mt= 0.28> <Spt= 0.21> <nCl=  8> <al=0.50> <DB= 3069.2251> <Mlp= 3150.9205> <PB=10000000> 
<DWph=2> <it=  2> <et=1275.22> <Mt= 0.09> <Spt= 0.22> <nCl=  5> <al=0.55> <DB= 3150.6693> <Mlp= 3150.9131> <PB=10000000> 
<DWph=2> <it=  3> <et=1275.58> <Mt= 0.14> <Spt= 0.22> <nCl=  2> <al=0.45> <DB= 2971.2172> <Mlp= 3150.9114> <PB=10000000> 
<DWph=2> <it=  4> <et=1275.91> <Mt= 0.12> <Spt= 0.21> <nCl=  3> <al=0.51> <DB= 3150.7887> <Mlp= 3150.9105> <PB=10000000> 
<DWph=2> <it=  5> <et=1276.14> <Mt= 0.01> <Spt= 0.21> <nCl=  7> <al=0.41> <DB= 3128.7694> <Mlp= 3150.9105> <PB=10000000> 
<DWph=2> <it=  6> <et=1276.60> <Mt= 0.07> <Spt= 0.39> <nCl= 11> <al=0.00> <DB= 2643.6944> <Mlp= 3150.9101> <PB=10000000> 
<DWph=2> <it=  7> <et=1276.95> <Mt= 0.13> <Spt= 0.23> <nCl=  3> <al=0.36> <DB= 3150.8889> <Mlp= 3150.9091> <PB=10000000> 
<DWph=2> <it=  8> <et=1277.37> <Mt= 0.01> <Spt= 0.40> <nCl=  6> <al=0.00> <DB= 3150.9091> <Mlp= 3150.9091> <PB=10000000> 
<DWph=1> <it=  9> <et=1277.74> <Mt= 0.00> <Spt= 0.37> <nCl=  4> <al=0.16> <DB= 2787.2880> <Mlp= 3150.9091> <PB=10000000> 
BaPCod info: Cplex status is 'Optimal solution found, unscaled infeasibilities'
<DWph=1> <it= 10> <et=1278.25> <Mt= 0.13> <Spt= 0.38> <nCl= 13> <al=0.06> <DB= 2731.4857> <Mlp= 3150.9002> <PB=10000000> 
<DWph=1> <it= 11> <et=1278.72> <Mt= 0.09> <Spt= 0.38> <nCl=  4> <al=0.16> <DB= 3093.4296> <Mlp= 3150.8982> <PB=10000000> 
BaPCod info: Cplex status is 'Optimal solution found, unscaled infeasibilities'
<DWph=1> <it= 12> <et=1279.12> <Mt= 0.02> <Spt= 0.38> <nCl=  3> <al=0.06> <DB= 3067.9730> <Mlp= 3150.8982> <PB=10000000> 
<DWph=1> <it= 13> <et=1280.13> <Mt= 0.27> <Spt= 0.74> <nCl=  4> <al=0.00> <DB= 2892.1354> <Mlp= 3150.8844> <PB=10000000> 
<DWph=1> <it= 14> <et=1280.88> <Mt= 0.01> <Spt= 0.74> <nCl=  0> <al=0.00> <DB= 3150.8844> <Mlp= 3150.8844> <PB=10000000> 
1 bl.dch (4515)...    RCSP exact solver info for graph G_0 : TT = 10.0797, pt = 0.007955, dt = 8.39849, ct = 1.67062, ndl = 392314', bdl = 25727989', odl = 167913', odf = 6985979', bsi = 2377', cnt = 47962923', bdch = 1774776336', odch = 520361300', lcp = 100938926', #sols = 150
<DWph=0> <it= 15> <et=1291.03> <Mt= 0.00> <Spt=10.14> <nCl=150> <al=0.00> <DB= 2725.8780> <Mlp= 3150.8844> <PB=10000000> 
1 bl.dch (4449)...    RCSP exact solver info for graph G_0 : TT = 12.5426, pt = 0.008563, dt = 11.0966, ct = 1.43512, ndl = 401698', bdl = 26539603', odl = 170716', odf = 7139334', bsi = 2453', cnt = 42566578', bdch = 1875056169', odch = 501842719', lcp = 98580537', #sols = 150
<DWph=0> <it= 16> <et=1302.01> <Mt= 0.54> <Spt=10.39> <nCl= 60> <al=0.00> <DB= 3019.6507> <Mlp= 3150.8511> <PB=10000000> 
1 bl.dch (4454)...    RCSP exact solver info for graph G_0 : TT = 9.93596, pt = 0.009923, dt = 8.4896, ct = 1.43394, ndl = 401004', bdl = 26480730', odl = 170536', odf = 7130650', bsi = 2414', cnt = 42506342', bdch = 1878661741', odch = 494860701', lcp = 97468006', #sols = 150
<DWph=0> <it= 17> <et=1312.01> <Mt= 0.06> <Spt= 9.95> <nCl= 10> <al=0.06> <DB= 3118.4402> <Mlp= 3150.8503> <PB=10000000> 
1 bl.dch (4439)...    RCSP exact solver info for graph G_0 : TT = 10.1825, pt = 0.008535, dt = 8.60377, ct = 1.56696, ndl = 404806', bdl = 26674553', odl = 172393', odf = 7212874', bsi = 2422', cnt = 43674481', bdch = 1912668983', odch = 507559486', lcp = 99892347', #sols = 150
1 bl.dch (4448)...    RCSP exact solver info for graph G_0 : TT = 12.6647, pt = 0.011838, dt = 11.1529, ct = 1.49662, ndl = 403174', bdl = 26594126', odl = 171832', odf = 7186615', bsi = 2408', cnt = 43471069', bdch = 1890119216', odch = 507762952', lcp = 99815732', #sols = 150
<DWph=0> <it= 18> <et=1332.74> <Mt= 0.01> <Spt=20.72> <nCl= 14> <al=0.00> <DB= 3150.8503> <Mlp= 3150.8503> <PB=10000000> 
RCSP solver dynamic params and stats :  bidir.bord. = 375 aver.obdmd = 98.3607 aver.buck.num. = 101 nbR1C = 242 with avMem = 18.8264
@@ 624 5 3150.85 11.0689 12.6495 92.389 1332.75
    Full reduced cost fixing is not called (gap ratio is 0.99999)
ColGenEvalAlg final dual bound: 3150.85 (rounded: 3151)
False gap improvement since the last cut separation : 0.00120747 (3150.47)
----- Cut generation stopped by the pricing solver
Current active cuts : CAP(4,94.7232) R1C(28+214,469.431) 1rowPackR1C(28) 3rowPackR1C(85) 4rowPackR1C(70) 5rowPackR1C(59)
**** SB phase 3 evaluation of candidate 1, branch 2 ( Psi[1,5] >= 1 ), value = 3109.9
<DWph=2> <it=  1> <et=1333.79> <Mt= 0.34> <Spt= 0.20> <nCl= 30> <al=0.50> <DB=-3268.2487> <Mlp= 3109.8964> <PB=10000000> 
<DWph=2> <it=  2> <et=1334.37> <Mt= 0.01> <Spt= 0.57> <nCl=  1> <al=0.00> <DB= 3109.8964> <Mlp= 3109.8964> <PB=10000000> 
<DWph=1> <it=  3> <et=1335.06> <Mt= 0.00> <Spt= 0.68> <nCl=  2> <al=0.00> <DB= 3109.8964> <Mlp= 3109.8964> <PB=10000000> 
1 bl.dch (4451)...    RCSP exact solver info for graph G_0 : TT = 6.92245, pt = 0.00983, dt = 6.32979, ct = 0.580477, ndl = 347080', bdl = 24653679', odl = 169830', odf = 5964482', bsi = 2482', cnt = 27075094', bdch = 1680516931', odch = 258701448', lcp = 53957508', #sols = 150
<DWph=0> <it=  4> <et=1342.00> <Mt= 0.01> <Spt= 6.94> <nCl= 33> <al=0.35> <DB= 3025.4954> <Mlp= 3109.8964> <PB=10000000> 
1 bl.dch (4452)...    RCSP exact solver info for graph G_0 : TT = 6.7744, pt = 0.008102, dt = 6.18701, ct = 0.576936, ndl = 347416', bdl = 24673568', odl = 168740', odf = 5952610', bsi = 2475', cnt = 27041840', bdch = 1680009904', odch = 258302951', lcp = 53934066', #sols = 150
<DWph=0> <it=  5> <et=1348.80> <Mt= 0.01> <Spt= 6.79> <nCl= 13> <al=0.35> <DB= 3080.3516> <Mlp= 3109.8896> <PB=10000000> 
BaPCod info: Cplex status is 'Optimal solution found, unscaled infeasibilities'
1 bl.dch (4446)...    RCSP exact solver info for graph G_0 : TT = 7.24005, pt = 0.008318, dt = 6.61008, ct = 0.619129, ndl = 349719', bdl = 24810661', odl = 170160', odf = 5994683', bsi = 2411', cnt = 26923086', bdch = 1701926177', odch = 260002506', lcp = 54384100', #sols = 150
<DWph=0> <it=  6> <et=1356.08> <Mt= 0.02> <Spt= 7.25> <nCl= 16> <al=0.25> <DB= 3102.5051> <Mlp= 3109.8896> <PB=10000000> 
1 bl.dch (4451)...    RCSP exact solver info for graph G_0 : TT = 9.38272, pt = 0.008456, dt = 8.76945, ct = 0.602366, ndl = 347557', bdl = 24697322', odl = 169028', odf = 5955712', bsi = 2451', cnt = 26800526', bdch = 1680327526', odch = 258142477', lcp = 54000236', #sols = 150
1 bl.dch (4443)...    RCSP exact solver info for graph G_0 : TT = 6.88352, pt = 0.008505, dt = 6.29602, ct = 0.576588, ndl = 350803', bdl = 24940639', odl = 170901', odf = 5970288', bsi = 2451', cnt = 25205934', bdch = 1709771087', odch = 262818918', lcp = 55517103', #sols = 150
<DWph=0> <it=  7> <et=1370.26> <Mt= 0.01> <Spt=14.17> <nCl= 12> <al=0.00> <DB= 2943.3425> <Mlp= 3109.8896> <PB=10000000> 
1 bl.dch (4458)...    RCSP exact solver info for graph G_0 : TT = 6.86873, pt = 0.008615, dt = 6.26765, ct = 0.590244, ndl = 346472', bdl = 24636010', odl = 168340', odf = 5929726', bsi = 2420', cnt = 26234127', bdch = 1668822505', odch = 256750890', lcp = 53747779', #sols = 150
1 bl.dch (4436)...    RCSP exact solver info for graph G_0 : TT = 7.04297, pt = 0.008765, dt = 6.42625, ct = 0.605579, ndl = 352325', bdl = 25000787', odl = 171129', odf = 5986451', bsi = 2476', cnt = 25118154', bdch = 1725239858', odch = 263858350', lcp = 55675845', #sols = 150
<DWph=0> <it=  8> <et=1384.20> <Mt= 0.01> <Spt=13.93> <nCl= 10> <al=0.00> <DB= 3109.8896> <Mlp= 3109.8896> <PB=10000000> 
RCSP solver dynamic params and stats :  bidir.bord. = 375 aver.obdmd = 98.3607 aver.buck.num. = 101 nbR1C = 219 with avMem = 19.3059
@@ 625 0 3109.89 7.29108 9.37182 92.389 1384.2
    Full reduced cost fixing is not called (gap ratio is 0.999994)
ColGenEvalAlg final dual bound: 3109.89 (rounded: 3110)
Current active cuts : R1C(24+195,439.459) 1rowPackR1C(24) 3rowPackR1C(81) 4rowPackR1C(57) 5rowPackR1C(57)
1 Rank-1 1-rows pack. cuts added ,  max viol. = 0.0454793, aver. viol. = 0.0454793
37 Rank-1 3-rows pack. cuts added ,  max viol. = 0.129259, aver. viol. = 0.03281
Building structures for heuristic rank-1 packing cut separation...done!
27 Rank-1 4-rows pack. cuts added ,  max viol. = 0.132988, aver. viol. = 0.0519588
100 Rank-1 5-rows pack. cuts added ,  max viol. = 0.135955, aver. viol. = 0.0677108
Shrinking heuristic shrunk 21 edges
In total 1 RCC cut(s) are found by the global pool greedy search heuristic 
----- Add fac. cuts : CAP(1) R1C(165), max.viol = 0.17824, aver.viol = 0.0678486, sep/add took 1.01427/0.502806 sec. -----
17426 columns (7938 active), 904 dyn. constrs. (388 active), 1146 art. vars. (630 active)
BaPCod info: Cplex status is 'Optimal solution found, unscaled infeasibilities'
<DWph=2> <it=  1> <et=1386.37> <Mt= 0.17> <Spt= 0.43> <nCl=  5> <al=0.00> <DB= 2955.2605> <Mlp= 3110.4052> <PB=10000000> 
<DWph=2> <it=  2> <et=1386.66> <Mt= 0.07> <Spt= 0.22> <nCl=  3> <al=0.40> <DB= 2836.0251> <Mlp= 3110.3852> <PB=10000000> 
<DWph=2> <it=  3> <et=1386.89> <Mt= 0.01> <Spt= 0.22> <nCl=  3> <al=0.46> <DB= 3110.2758> <Mlp= 3110.3852> <PB=10000000> 
BaPCod info: Cplex status is 'Optimal solution found, unscaled infeasibilities'
<DWph=2> <it=  4> <et=1387.35> <Mt= 0.04> <Spt= 0.42> <nCl=  1> <al=0.00> <DB= 3110.3848> <Mlp= 3110.3848> <PB=10000000> 
BaPCod info: Cplex status is 'Optimal solution found, unscaled infeasibilities'
<DWph=1> <it=  5> <et=1387.79> <Mt= 0.03> <Spt= 0.41> <nCl=  7> <al=0.26> <DB= 3010.4936> <Mlp= 3110.3848> <PB=10000000> 
<DWph=1> <it=  6> <et=1388.61> <Mt= 0.04> <Spt= 0.78> <nCl=  3> <al=0.00> <DB= 3071.3786> <Mlp= 3110.3815> <PB=10000000> 
BaPCod info: Cplex status is 'Optimal solution found, unscaled infeasibilities'
<DWph=1> <it=  7> <et=1389.02> <Mt= 0.02> <Spt= 0.39> <nCl=  1> <al=0.23> <DB= 3098.1540> <Mlp= 3110.3814> <PB=10000000> 
<DWph=1> <it=  8> <et=1389.86> <Mt= 0.01> <Spt= 0.82> <nCl=  0> <al=0.00> <DB= 3110.3814> <Mlp= 3110.3814> <PB=10000000> 
1 bl.dch (4502)...    RCSP exact solver info for graph G_0 : TT = 9.33003, pt = 0.009099, dt = 8.68313, ct = 0.634896, ndl = 340831', bdl = 24172939', odl = 169514', odf = 5890027', bsi = 2446', cnt = 26772602', bdch = 1615381425', odch = 246536514', lcp = 51923382', #sols = 150
<DWph=0> <it=  9> <et=1397.10> <Mt= 0.01> <Spt= 7.24> <nCl= 94> <al=0.03> <DB= 2973.6460> <Mlp= 3110.3814> <PB=10000000> 
BaPCod info: Cplex status is 'Optimal solution found, unscaled infeasibilities'
1 bl.dch (4484)...    RCSP exact solver info for graph G_0 : TT = 6.72421, pt = 0.007975, dt = 6.14956, ct = 0.564331, ndl = 345474', bdl = 24690298', odl = 169248', odf = 5950914', bsi = 2442', cnt = 25144476', bdch = 1640224996', odch = 247832120', lcp = 52210438', #sols = 150
<DWph=0> <it= 10> <et=1404.01> <Mt= 0.14> <Spt= 6.76> <nCl= 92> <al=0.00> <DB= 2829.8096> <Mlp= 3110.3290> <PB=10000000> 
1 bl.dch (4450)...    RCSP exact solver info for graph G_0 : TT = 7.05827, pt = 0.008364, dt = 6.44408, ct = 0.603405, ndl = 350234', bdl = 24936223', odl = 170836', odf = 6006919', bsi = 2393', cnt = 25293604', bdch = 1697109805', odch = 253828129', lcp = 53129156', #sols = 150
<DWph=0> <it= 11> <et=1411.10> <Mt= 0.02> <Spt= 7.07> <nCl=  8> <al=0.04> <DB= 3096.4194> <Mlp= 3110.3286> <PB=10000000> 
1 bl.dch (4475)...    RCSP exact solver info for graph G_0 : TT = 7.08908, pt = 0.008952, dt = 6.46974, ct = 0.608062, ndl = 346163', bdl = 24689406', odl = 169070', odf = 5935872', bsi = 2361', cnt = 24516630', bdch = 1654759648', odch = 249185831', lcp = 52192857', #sols = 150
<DWph=0> <it= 12> <et=1418.21> <Mt= 0.01> <Spt= 7.10> <nCl= 19> <al=0.14> <DB= 3108.4295> <Mlp= 3110.3286> <PB=10000000> 
1 bl.dch (4473)...    RCSP exact solver info for graph G_0 : TT = 9.65704, pt = 0.008743, dt = 9.0446, ct = 0.601173, ndl = 346948', bdl = 24731527', odl = 169244', odf = 5953722', bsi = 2372', cnt = 24835207', bdch = 1662810329', odch = 250078619', lcp = 52402163', #sols = 150
1 bl.dch (4473)...    RCSP exact solver info for graph G_0 : TT = 6.93223, pt = 0.008492, dt = 6.33271, ct = 0.588643, ndl = 346712', bdl = 24710789', odl = 168814', odf = 5942015', bsi = 2415', cnt = 24687307', bdch = 1659030775', odch = 249778637', lcp = 52304548', #sols = 150
<DWph=0> <it= 13> <et=1432.70> <Mt= 0.01> <Spt=14.48> <nCl=  5> <al=0.00> <DB= 3110.3286> <Mlp= 3110.3286> <PB=10000000> 
RCSP solver dynamic params and stats :  bidir.bord. = 375 aver.obdmd = 98.3607 aver.buck.num. = 101 nbR1C = 229 with avMem = 19.4934
@@ 625 1 3110.33 7.78739 9.64577 92.389 1432.7
    Full reduced cost fixing is not called (gap ratio is 0.999994)
ColGenEvalAlg final dual bound: 3110.33 (rounded: 3111)
False gap improvement since the last cut separation : 0.00141185 (3109.89)
Cut generation tailing off counter increased to 1
Current active cuts : R1C(24+205,456.562) 1rowPackR1C(24) 3rowPackR1C(82) 4rowPackR1C(60) 5rowPackR1C(63)
4 Rank-1 1-rows pack. cuts added ,  max viol. = 0.0277831, aver. viol. = 0.025569
36 Rank-1 3-rows pack. cuts added ,  max viol. = 0.0415691, aver. viol. = 0.0279964
Building structures for heuristic rank-1 packing cut separation...done!
73 Rank-1 4-rows pack. cuts added ,  max viol. = 0.0535168, aver. viol. = 0.0279862
100 Rank-1 5-rows pack. cuts added ,  max viol. = 0.0840409, aver. viol. = 0.0404909
Shrinking heuristic shrunk 21 edges
In total 1 RCC cut(s) are found by the Fractional capacity min-cut heuristic 
In total 2 RCC cut(s) are found by the global pool greedy search heuristic 
----- Add fac. cuts : CAP(3) R1C(213), max.viol = 0.111901, aver.viol = 0.0403317, sep/add took 0.941519/0.676963 sec. -----
17667 columns (8179 active), 1120 dyn. constrs. (448 active), 1362 art. vars. (690 active)
<DWph=2> <it=  1> <et=1434.85> <Mt= 0.26> <Spt= 0.22> <nCl=  5> <al=0.50> <DB= 3066.8630> <Mlp= 3110.7397> <PB=10000000> 
<DWph=2> <it=  2> <et=1435.30> <Mt= 0.01> <Spt= 0.43> <nCl= 10> <al=0.10> <DB= 3051.9870> <Mlp= 3110.7397> <PB=10000000> 
<DWph=2> <it=  3> <et=1435.55> <Mt= 0.03> <Spt= 0.22> <nCl=  1> <al=0.45> <DB= 3110.6370> <Mlp= 3110.7380> <PB=10000000> 
<DWph=2> <it=  4> <et=1435.80> <Mt= 0.04> <Spt= 0.22> <nCl=  1> <al=0.35> <DB= 3089.3621> <Mlp= 3110.7361> <PB=10000000> 
BaPCod info: Cplex status is 'Optimal solution found, unscaled infeasibilities'
<DWph=2> <it=  5> <et=1436.28> <Mt= 0.04> <Spt= 0.43> <nCl=  3> <al=0.00> <DB= 3104.2344> <Mlp= 3110.7353> <PB=10000000> 
BaPCod info: Cplex status is 'Optimal solution found, unscaled infeasibilities'
<DWph=2> <it=  6> <et=1436.72> <Mt= 0.04> <Spt= 0.41> <nCl=  1> <al=0.00> <DB= 3110.7348> <Mlp= 3110.7348> <PB=10000000> 
BaPCod info: Cplex status is 'Optimal solution found, unscaled infeasibilities'
<DWph=1> <it=  7> <et=1437.13> <Mt= 0.01> <Spt= 0.39> <nCl=  4> <al=0.22> <DB= 2788.3612> <Mlp= 3110.7348> <PB=10000000> 
BaPCod info: Cplex status is 'Optimal solution found, unscaled infeasibilities'
<DWph=1> <it=  8> <et=1437.55> <Mt= 0.03> <Spt= 0.39> <nCl=  1> <al=0.29> <DB= 3086.2466> <Mlp= 3110.7347> <PB=10000000> 
BaPCod info: Cplex status is 'Optimal solution found, unscaled infeasibilities'
<DWph=1> <it=  9> <et=1438.36> <Mt= 0.02> <Spt= 0.78> <nCl=  1> <al=0.00> <DB= 3110.7347> <Mlp= 3110.7347> <PB=10000000> 
BaPCod info: Cplex status is 'Optimal solution found, unscaled infeasibilities'
1 bl.dch (4258)...2 bl.dch (5005)...    RCSP exact solver info for graph G_0 : TT = 8.803, pt = 0.008763, dt = 8.04073, ct = 0.750987, ndl = 399735', bdl = 28337217', odl = 186304', odf = 7010117', bsi = 2465', cnt = 31374255', bdch = 2165661591', odch = 334291908', lcp = 67879986', #sols = 150
<DWph=0> <it= 10> <et=1447.24> <Mt= 0.02> <Spt= 8.87> <nCl=146> <al=0.26> <DB= 2908.5784> <Mlp= 3110.7347> <PB=10000000> 
BaPCod info: Cplex status is 'Optimal solution found, unscaled infeasibilities'
1 bl.dch (4242)...2 bl.dch (4913)...    RCSP exact solver info for graph G_0 : TT = 11.8341, pt = 0.009832, dt = 10.9536, ct = 0.8681, ndl = 405393', bdl = 28533345', odl = 184796', odf = 7116833', bsi = 2446', cnt = 33475164', bdch = 2243787557', odch = 345755171', lcp = 69914623', #sols = 150
<DWph=0> <it= 11> <et=1457.30> <Mt= 0.30> <Spt= 9.75> <nCl= 94> <al=0.16> <DB= 2584.7568> <Mlp= 3110.6950> <PB=10000000> 
1 bl.dch (4256)...2 bl.dch (4978)...    RCSP exact solver info for graph G_0 : TT = 9.08243, pt = 0.009387, dt = 8.31456, ct = 0.756002, ndl = 399895', bdl = 28196740', odl = 184490', odf = 6971004', bsi = 2450', cnt = 32647587', bdch = 2192919356', odch = 337778758', lcp = 68386711', #sols = 150
<DWph=0> <it= 12> <et=1466.42> <Mt= 0.03> <Spt= 9.10> <nCl= 12> <al=0.25> <DB= 3006.4843> <Mlp= 3110.6942> <PB=10000000> 
1 bl.dch (4262)...2 bl.dch (4999)...    RCSP exact solver info for graph G_0 : TT = 9.05428, pt = 0.009832, dt = 8.27269, ct = 0.769156, ndl = 398173', bdl = 28071161', odl = 184457', odf = 6946830', bsi = 2508', cnt = 32855127', bdch = 2175804452', odch = 333159337', lcp = 68061725', #sols = 150
1 bl.dch (4290)...2 bl.dch (5185)...    RCSP exact solver info for graph G_0 : TT = 8.85915, pt = 0.009745, dt = 8.06541, ct = 0.781334, ndl = 391820', bdl = 27671063', odl = 181355', odf = 6828829', bsi = 2461', cnt = 31704556', bdch = 2104981565', odch = 322337209', lcp = 65874905', #sols = 150
<DWph=0> <it= 13> <et=1484.38> <Mt= 0.02> <Spt=17.93> <nCl= 20> <al=0.00> <DB= 3043.4789> <Mlp= 3110.6942> <PB=10000000> 
1 bl.dch (4282)...2 bl.dch (5144)...    RCSP exact solver info for graph G_0 : TT = 11.4092, pt = 0.010063, dt = 10.6242, ct = 0.77241, ndl = 392955', bdl = 27732012', odl = 181668', odf = 6843283', bsi = 2487', cnt = 32023517', bdch = 2115174665', odch = 324879429', lcp = 66603901', #sols = 150
1 bl.dch (4280)...2 bl.dch (5132)...    RCSP exact solver info for graph G_0 : TT = 8.5154, pt = 0.008882, dt = 7.72739, ct = 0.776352, ndl = 393219', bdl = 27751408', odl = 181616', odf = 6850134', bsi = 2445', cnt = 32007556', bdch = 2120183020', odch = 324502168', lcp = 66281875', #sols = 150
<DWph=0> <it= 14> <et=1502.25> <Mt= 0.01> <Spt=17.86> <nCl= 18> <al=0.00> <DB= 3110.6942> <Mlp= 3110.6942> <PB=10000000> 
RCSP solver dynamic params and stats :  bidir.bord. = 375 aver.obdmd = 98.3607 aver.buck.num. = 101 nbR1C = 240 with avMem = 20.1708
@@ 625 2 3110.69 9.639 11.8217 92.389 1502.25
    Full reduced cost fixing is not called (gap ratio is 0.999994)
ColGenEvalAlg final dual bound: 3110.69 (rounded: 3111)
False gap improvement since the last cut separation : 0.00117538 (3110.33)
Cut generation tailing off counter increased to 2
Current active cuts : R1C(26+214,459.441) 1rowPackR1C(26) 3rowPackR1C(76) 4rowPackR1C(63) 5rowPackR1C(75)
1 Rank-1 1-rows pack. cuts added ,  max viol. = 0.0317764, aver. viol. = 0.0317764
35 Rank-1 3-rows pack. cuts added ,  max viol. = 0.0923705, aver. viol. = 0.0323286
Building structures for heuristic rank-1 packing cut separation...done!
40 Rank-1 4-rows pack. cuts added ,  max viol. = 0.100191, aver. viol. = 0.0380185
100 Rank-1 5-rows pack. cuts added ,  max viol. = 0.107221, aver. viol. = 0.0615169
Shrinking heuristic shrunk 28 edges
----- Add fac. cuts : R1C(176), max.viol = 0.204277, aver.viol = 0.0606683, sep/add took 0.976641/0.595649 sec. -----
17984 columns (8496 active), 1153 dyn. constrs. (419 active), 1538 art. vars. (661 active)
<DWph=2> <it=  1> <et=1504.54> <Mt= 0.19> <Spt= 0.45> <nCl=  9> <al=0.00> <DB= 3110.8774> <Mlp= 3110.8774> <PB=10000000> 
<DWph=1> <it=  2> <et=1504.96> <Mt= 0.01> <Spt= 0.40> <nCl=  2> <al=0.40> <DB= 3058.7038> <Mlp= 3110.8774> <PB=10000000> 
<DWph=1> <it=  3> <et=1505.80> <Mt= 0.01> <Spt= 0.83> <nCl=  1> <al=0.00> <DB= 3110.8774> <Mlp= 3110.8774> <PB=10000000> 
1 bl.dch (4229)...2 bl.dch (4897)...    RCSP exact solver info for graph G_0 : TT = 9.28257, pt = 0.008859, dt = 8.47689, ct = 0.794361, ndl = 405442', bdl = 28577802', odl = 190773', odf = 7106763', bsi = 2455', cnt = 31815611', bdch = 2271019683', odch = 339352110', lcp = 69730634', #sols = 150
<DWph=0> <it=  4> <et=1515.13> <Mt= 0.01> <Spt= 9.32> <nCl= 84> <al=0.36> <DB= 2918.5696> <Mlp= 3110.8774> <PB=10000000> 
1 bl.dch (4238)...2 bl.dch (4904)...    RCSP exact solver info for graph G_0 : TT = 11.8867, pt = 0.009753, dt = 11.0695, ct = 0.804992, ndl = 403958', bdl = 28482019', odl = 190382', odf = 7064344', bsi = 2411', cnt = 31912253', bdch = 2247674667', odch = 334865519', lcp = 69272152', #sols = 150
<DWph=0> <it=  5> <et=1525.00> <Mt= 0.05> <Spt= 9.82> <nCl=  9> <al=0.42> <DB= 3029.4765> <Mlp= 3110.8672> <PB=10000000> 
1 bl.dch (4246)...2 bl.dch (4958)...    RCSP exact solver info for graph G_0 : TT = 8.96273, pt = 0.010074, dt = 8.18885, ct = 0.76133, ndl = 400814', bdl = 28319458', odl = 189362', odf = 7005351', bsi = 2438', cnt = 31435022', bdch = 2209746895', odch = 329685785', lcp = 68535517', #sols = 150
<DWph=0> <it=  6> <et=1533.99> <Mt= 0.01> <Spt= 8.98> <nCl= 21> <al=0.32> <DB= 3013.3236> <Mlp= 3110.8672> <PB=10000000> 
1 bl.dch (4245)...2 bl.dch (4957)...    RCSP exact solver info for graph G_0 : TT = 9.24866, pt = 0.01019, dt = 8.40861, ct = 0.827123, ndl = 401070', bdl = 28338608', odl = 189250', odf = 7013219', bsi = 2413', cnt = 31566565', bdch = 2211731116', odch = 330623162', lcp = 68767653', #sols = 150
1 bl.dch (4243)...2 bl.dch (4947)...    RCSP exact solver info for graph G_0 : TT = 11.761, pt = 0.010868, dt = 10.9479, ct = 0.799638, ndl = 402297', bdl = 28401176', odl = 190024', odf = 7022901', bsi = 2428', cnt = 31978643', bdch = 2225119293', odch = 332398796', lcp = 69060575', #sols = 150
<DWph=0> <it=  7> <et=1552.91> <Mt= 0.01> <Spt=18.91> <nCl= 21> <al=0.00> <DB= 3110.0518> <Mlp= 3110.8672> <PB=10000000> 
BaPCod info: Cplex status is 'Optimal solution found, unscaled infeasibilities'
1 bl.dch (4259)...2 bl.dch (4990)...    RCSP exact solver info for graph G_0 : TT = 9.1878, pt = 0.010084, dt = 8.43842, ct = 0.736927, ndl = 398132', bdl = 28135066', odl = 188695', odf = 6949216', bsi = 2440', cnt = 31129512', bdch = 2182626121', odch = 324873891', lcp = 67813348', #sols = 150
1 bl.dch (4246)...2 bl.dch (4957)...    RCSP exact solver info for graph G_0 : TT = 8.96435, pt = 0.009119, dt = 8.17113, ct = 0.781715, ndl = 400930', bdl = 28317478', odl = 189021', odf = 6998639', bsi = 2455', cnt = 31986837', bdch = 2210850030', odch = 331796039', lcp = 68826449', #sols = 150
<DWph=0> <it=  8> <et=1571.10> <Mt= 0.02> <Spt=18.17> <nCl=  6> <al=0.00> <DB= 3110.7992> <Mlp= 3110.8672> <PB=10000000> 
1 bl.dch (4247)...2 bl.dch (4960)...    RCSP exact solver info for graph G_0 : TT = 9.715, pt = 0.010154, dt = 8.92043, ct = 0.781959, ndl = 400940', bdl = 28287330', odl = 189734', odf = 7010135', bsi = 2457', cnt = 31578242', bdch = 2209862356', odch = 329440147', lcp = 68543031', #sols = 150
1 bl.dch (4241)...2 bl.dch (4927)...    RCSP exact solver info for graph G_0 : TT = 11.9047, pt = 0.009535, dt = 11.102, ct = 0.79095, ndl = 402802', bdl = 28420802', odl = 190224', odf = 7038748', bsi = 2445', cnt = 32257818', bdch = 2234152826', odch = 333204055', lcp = 69048635', #sols = 150
<DWph=0> <it=  9> <et=1590.65> <Mt= 0.01> <Spt=19.53> <nCl=  4> <al=0.00> <DB= 3110.8672> <Mlp= 3110.8672> <PB=10000000> 
RCSP solver dynamic params and stats :  bidir.bord. = 375 aver.obdmd = 98.3607 aver.buck.num. = 101 nbR1C = 247 with avMem = 20.8462
@@ 625 3 3110.87 10.0892 11.893 92.389 1590.65
    Full reduced cost fixing is not called (gap ratio is 0.999994)
ColGenEvalAlg final dual bound: 3110.87 (rounded: 3111)
False gap improvement since the last cut separation : 0.000556031 (3110.69)
----- Cut generation stopped by the pricing solver
Current active cuts : R1C(27+220,459.811) 1rowPackR1C(27) 3rowPackR1C(78) 4rowPackR1C(65) 5rowPackR1C(77)
SB exact phase 3 branch on Psi[1,5] (lhs=0.9245) : [3150.8503, 3110.8672], tree depth = 1e+12, tree size = 1e+12, score = -0.09391 (h)
SB with phases chosed candidate Psi[1,5] (lhs=0.9245)
************************************************************************************************
**** BaB tree node (N° 7, parent N° 5, depth 3, treatOrderId 625)
**** Local DB = 3110.87, global bounds : [ 3110 , 1e+07 ], TIME = 0h26m30s77t = 159077
**** 4 open nodes, 18141 columns (8653 active), 808 dyn. constrs. (250 active), 1050 art. vars. (492 active)
************************************************************************************************
**** Strong branching phase 1 is started *****
SB phase 1 cand.  1 branch on var x[(8, 85)]_0_896_0_OspV (lhs=0.3885)    : [ 3111.7563,  3113.3693], score = 2.22 (h)  <et=1591.31>
SB phase 1 cand.  2 branch on colGenSp (9.2080)                           : [ 3110.8672,  3112.3647], score = 0.00      <et=1592.31>
SB phase 1 cand.  3 branch on var x[(6, 86)]_0_670_0_OspV (lhs=0.7090)    : [ 3111.5717,  3115.0771], score = 2.97 (h)  <et=1592.83>
SB phase 1 cand.  4 branch on omega[3] (lhs=2.5820)                       : [ 3111.0472,  3111.5717], score = 0.13      <et=1593.2>
BaPCod info: Cplex status is 'Optimal solution found, unscaled infeasibilities'
SB phase 1 cand.  5 branch on var x[(1, 31)]_0_30_0_OspV (lhs=0.9987)     : [ 3110.8683, 1503177.7985], score = 1703.15 (h)  <et=1593.79>
BaPCod info: Cplex status is 'Optimal solution found, unscaled infeasibilities'
BaPCod info: Cplex status is 'Optimal solution found, unscaled infeasibilities'
SB phase 1 cand.  6 branch on omega[2] (lhs=23.6936)                      : [ 3110.8751,  3110.8761], score = 0.00      <et=1593.93>
SB phase 1 cand.  7 branch on var x[(86, 108)]_0_6652_0_OspV (lhs=0.2910) : [ 3111.3976,  3115.0771], score = 2.23 (h)  <et=1594.43>
BaPCod info: Cplex status is 'Optimal solution found, unscaled infeasibilities'
SB phase 1 cand.  8 branch on omega[1] (lhs=2.0026)                       : [ 3110.8683,  3120.9404], score = 0.01      <et=1594.82>
SB phase 1 cand.  9 branch on var x[(77, 78)]_0_6271_0_OspV (lhs=0.3439)  : [ 3111.2729,  3113.0000], score = 0.87 (h)  <et=1595.26>
SB phase 1 cand. 10 branch on Psi[2,3] (lhs=1.2964)                       : [ 3110.9561,  3111.9420], score = 0.10      <et=1595.64>
BaPCod info: Cplex status is 'Optimal solution found, unscaled infeasibilities'
SB phase 1 cand. 11 branch on Psi[1,3] (lhs=0.6736)                       : [ 3111.1955,  3113.0000], score = 0.70 (h)  <et=1596.01>
SB phase 1 cand. 12 branch on Psi[2,6] (lhs=1.0201)                       : [ 3110.8674,  3113.0000], score = 0.00      <et=1596.24>
SB phase 1 cand. 13 branch on var x[(38, 77)]_0_3813_0_OspV (lhs=0.3502)  : [ 3111.3913,  3114.4640], score = 1.89 (h)  <et=1596.76>
SB phase 1 cand. 14 branch on var x[(19, 105)]_0_2093_0_OspV (lhs=0.5042) : [ 3110.8672,  3111.6215], score = 0.00      <et=1596.98>
SB phase 1 cand. 15 branch on var x[(30, 73)]_0_3117_0_OspV (lhs=0.2910)  : [ 3111.5542,  3114.2173], score = 2.30 (h)  <et=1597.51>
SB phase 1 cand. 16 branch on var x[(34, 88)]_0_3486_0_OspV (lhs=0.5177)  : [ 3111.2595,  3112.1184], score = 0.49      <et=1597.97>
SB phase 1 cand. 17 branch on var x[(6, 48)]_0_632_0_OspV (lhs=0.2910)    : [ 3111.3970,  3114.8546], score = 2.11 (h)  <et=1598.47>
SB phase 1 cand. 18 branch on var x[(21, 56)]_0_2245_0_OspV (lhs=0.5195)  : [ 3110.8722,  3110.8974], score = 0.00      <et=1598.59>
BaPCod info: Cplex status is 'Optimal solution found, unscaled infeasibilities'
SB phase 1 cand. 19 branch on var x[(37, 76)]_0_3729_0_OspV (lhs=0.6790)  : [ 3111.6925,  3112.6169], score = 1.44 (h)  <et=1599.11>
BaPCod info: Cplex status is 'Optimal solution found, unscaled infeasibilities'
SB phase 1 cand. 20 branch on var x[(10, 98)]_0_1132_0_OspV (lhs=0.5219)  : [ 3111.5007,  3111.8999], score = 0.65      <et=1599.62>
SB phase 1 cand. 21 branch on var x[(12, 30)]_0_1283_0_OspV (lhs=0.7090)  : [ 3111.5548,  3114.2173], score = 2.30 (h)  <et=1600.19>
SB phase 1 cand. 22 branch on var x[(2, 102)]_0_220_0_OspV (lhs=0.4557)   : [ 3111.0282,  3111.2497], score = 0.06      <et=1600.51>
SB phase 1 cand. 23 branch on var x[(37, 69)]_0_3722_0_OspV (lhs=0.3210)  : [ 3111.6925,  3112.6169], score = 1.44 (h)  <et=1601.03>
BaPCod info: Cplex status is 'Optimal solution found, unscaled infeasibilities'
BaPCod info: Cplex status is 'Optimal solution found, unscaled infeasibilities'
SB phase 1 cand. 24 branch on var x[(28, 46)]_0_2907_0_OspV (lhs=0.4547)  : [ 3111.0367,  3112.3930], score = 0.26      <et=1601.47>
SB phase 1 cand. 25 branch on var x[(12, 63)]_0_1316_0_OspV (lhs=0.2910)  : [ 3111.5548,  3114.1180], score = 2.24 (h)  <et=1601.97>
BaPCod info: Cplex status is 'Optimal solution found, unscaled infeasibilities'
SB phase 1 cand. 26 branch on var x[(21, 89)]_0_2278_0_OspV (lhs=0.4497)  : [ 3110.8786,  3110.8972], score = 0.00      <et=1602.11>
BaPCod info: Cplex status is 'Optimal solution found, unscaled infeasibilities'
SB phase 1 cand. 27 branch on var x[(111, 120)]_0_7214_0_OspV (lhs=0.7021): [ 3111.5833,  3113.2561], score = 1.71 (h)  <et=1602.61>
SB phase 1 cand. 28 branch on var x[(0, 102)]_0_7070_0_OspV (lhs=0.5538)  : [ 3111.1147,  3111.1843], score = 0.08      <et=1602.93>
SB phase 1 cand. 29 branch on var x[(76, 108)]_0_6257_0_OspV (lhs=0.3210) : [ 3111.6779,  3112.6169], score = 1.42 (h)  <et=1603.43>
SB phase 1 cand. 30 branch on var x[(9, 19)]_0_942_0_OspV (lhs=0.4458)    : [ 3111.2677,  3111.8801], score = 0.41      <et=1603.84>
SB phase 1 cand. 31 branch on Psi[1,2] (lhs=0.3290)                       : [ 3111.2054,  3113.0000], score = 0.72 (h)  <et=1604.22>
SB phase 1 cand. 32 branch on var x[(0, 28)]_0_2889_0_OspV (lhs=0.5662)   : [ 3111.5157,  3111.7853], score = 0.60      <et=1604.72>
SB phase 1 cand. 33 branch on var x[(50, 117)]_0_4771_0_OspV (lhs=0.4073) : [ 3111.8617,  3112.4742], score = 1.60 (h)  <et=1605.21>
SB phase 1 cand. 34 branch on var x[(0, 42)]_0_4100_0_OspV (lhs=0.4312)   : [ 3111.1746,  3111.3050], score = 0.13      <et=1605.53>
BaPCod info: Cplex status is 'Optimal solution found, unscaled infeasibilities'
SB phase 1 cand. 35 branch on var x[(17, 83)]_0_1866_0_OspV (lhs=0.3210)  : [ 3111.6925,  3112.5366], score = 1.38 (h)  <et=1606.05>
SB phase 1 cand. 36 branch on var x[(7, 42)]_0_740_0_OspV (lhs=0.5688)    : [ 3111.1931,  3111.3050], score = 0.14      <et=1606.4>
SB phase 1 cand. 37 branch on var x[(4, 69)]_0_422_0_OspV (lhs=0.6790)    : [ 3111.6925,  3112.5366], score = 1.38 (h)  <et=1606.96>
SB phase 1 cand. 38 branch on var x[(42, 93)]_0_4151_0_OspV (lhs=0.5726)  : [ 3111.2071,  3111.3768], score = 0.17      <et=1607.34>
SB phase 1 cand. 39 branch on var x[(4, 37)]_0_390_0_OspV (lhs=0.3210)    : [ 3111.6925,  3112.5366], score = 1.38 (h)  <et=1607.89>
SB phase 1 cand. 40 branch on var x[(2, 52)]_0_170_0_OspV (lhs=0.4207)    : [ 3111.0855,  3111.3591], score = 0.11      <et=1608.27>
SB phase 1 cand. 41 branch on var x[(16, 111)]_0_1790_0_OspV (lhs=0.2910) : [ 3111.5733,  3113.2561], score = 1.69 (h)  <et=1608.87>
BaPCod info: Cplex status is 'Optimal solution found, unscaled infeasibilities'
SB phase 1 cand. 42 branch on var x[(13, 90)]_0_1451_0_OspV (lhs=0.4194)  : [ 3111.0890,  3113.0000], score = 0.47      <et=1609.35>
SB phase 1 cand. 43 branch on var x[(1, 85)]_0_84_0_OspV (lhs=0.3290)     : [ 3111.2048,  3113.0000], score = 0.72 (h)  <et=1609.78>
SB phase 1 cand. 44 branch on var x[(58, 79)]_0_5265_0_OspV (lhs=0.5852)  : [ 3111.5332,  3111.5829], score = 0.48      <et=1610.27>
BaPCod info: Cplex status is 'Optimal solution found, unscaled infeasibilities'
SB phase 1 cand. 45 branch on var x[(16, 73)]_0_1752_0_OspV (lhs=0.7090)  : [ 3111.5733,  3113.2488], score = 1.68 (h)  <et=1610.87>
SB phase 1 cand. 46 branch on var x[(0, 66)]_0_5720_0_OspV (lhs=0.5902)   : [ 3111.6075,  3111.7600], score = 0.66      <et=1611.37>
BaPCod info: Cplex status is 'Optimal solution found, unscaled infeasibilities'
SB phase 1 cand. 47 branch on var x[(0, 88)]_0_6699_0_OspV (lhs=0.5992)   : [ 3111.9385,  3112.0897], score = 1.31 (h)  <et=1611.9>
SB phase 1 cand. 48 branch on var x[(48, 81)]_0_4592_0_OspV (lhs=0.5911)  : [ 3110.8672,  3111.5717], score = 0.00      <et=1612.2>
SB phase 1 cand. 49 branch on var x[(17, 37)]_0_1820_0_OspV (lhs=0.6790)  : [ 3111.6925,  3112.5277], score = 1.37 (h)  <et=1612.76>
SB phase 1 cand. 50 branch on var x[(63, 82)]_0_5568_0_OspV (lhs=0.5911)  : [ 3110.8672,  3111.5833], score = 0.00      <et=1613.06>
SB phase 1 cand. 51 branch on var x[(26, 31)]_0_2705_0_OspV (lhs=0.3290)  : [ 3111.2054,  3113.0000], score = 0.72 (h)  <et=1613.46>
SB phase 1 cand. 52 branch on var x[(81, 82)]_0_6441_0_OspV (lhs=0.4089)  : [ 3110.8672,  3111.5716], score = 0.00      <et=1613.77>
SB phase 1 cand. 53 branch on var x[(8, 50)]_0_861_0_OspV (lhs=0.5927)    : [ 3111.9190,  3112.4591], score = 1.67 (h)  <et=1614.33>
BaPCod info: Cplex status is 'Optimal solution found, unscaled infeasibilities'
SB phase 1 cand. 54 branch on var x[(66, 83)]_0_5737_0_OspV (lhs=0.5937)  : [ 3111.7060,  3111.7694], score = 0.76      <et=1614.83>
SB phase 1 cand. 55 branch on var x[(13, 68)]_0_1429_0_OspV (lhs=0.6296)  : [ 3111.7340,  3112.1665], score = 1.13 (h)  <et=1615.41>
BaPCod info: Cplex status is 'Optimal solution found, unscaled infeasibilities'
SB phase 1 cand. 56 branch on var x[(0, 79)]_0_6357_0_OspV (lhs=0.5976)   : [ 3111.6208,  3111.7316], score = 0.65      <et=1615.88>
BaPCod info: Cplex status is 'Optimal solution found, unscaled infeasibilities'
SB phase 1 cand. 57 branch on Psi[3,6] (lhs=0.6120)                       : [ 3111.1562,  3112.9681], score = 0.61 (h)  <et=1616.44>
SB phase 1 cand. 58 branch on var x[(10, 88)]_0_1122_0_OspV (lhs=0.3999)  : [ 3111.6093,  3112.0165], score = 0.85      <et=1616.92>
BaPCod info: Cplex status is 'Optimal solution found, unscaled infeasibilities'
SB phase 1 cand. 59 branch on var x[(43, 113)]_0_4249_0_OspV (lhs=0.4737) : [ 3111.4174,  3112.1547], score = 0.71 (h)  <et=1617.49>
BaPCod info: Cplex status is 'Optimal solution found, unscaled infeasibilities'
SB phase 1 cand. 60 branch on var x[(56, 101)]_0_5160_0_OspV (lhs=0.3956) : [ 3110.8725,  3111.0014], score = 0.00      <et=1617.69>
BaPCod info: Cplex status is 'Optimal solution found, unscaled infeasibilities'
SB phase 1 cand. 61 branch on var x[(10, 90)]_0_1124_0_OspV (lhs=0.3726)  : [ 3111.5173,  3113.3635], score = 1.62 (h)  <et=1618.25>
BaPCod info: Cplex status is 'Optimal solution found, unscaled infeasibilities'
SB phase 1 cand. 62 branch on var x[(0, 98)]_0_6984_0_OspV (lhs=0.3939)   : [ 3111.4992,  3111.8874], score = 0.64      <et=1618.75>
SB phase 1 cand. 63 branch on var x[(109, 120)]_0_7193_0_OspV (lhs=0.3145): [ 3111.5987,  3112.6877], score = 1.33 (h)  <et=1619.28>
SB phase 1 cand. 64 branch on var x[(6, 108)]_0_692_0_OspV (lhs=0.3880)   : [ 3111.1555,  3112.4830], score = 0.47      <et=1619.75>
BaPCod info: Cplex status is 'Optimal solution found, unscaled infeasibilities'
SB phase 1 cand. 65 branch on var x[(0, 99)]_0_7007_0_OspV (lhs=0.6203)   : [ 3111.5163,  3112.4673], score = 1.04 (h)  <et=1620.28>
BaPCod info: Cplex status is 'Optimal solution found, unscaled infeasibilities'
SB phase 1 cand. 66 branch on var x[(6, 76)]_0_660_0_OspV (lhs=0.6120)    : [ 3111.1562,  3112.9236], score = 0.59      <et=1620.78>
SB phase 1 cand. 67 branch on var x[(29, 41)]_0_2994_0_OspV (lhs=0.7090)  : [ 3110.8947,  3115.7972], score = 0.14 (h)  <et=1621.19>
SB phase 1 cand. 68 branch on var x[(76, 83)]_0_6232_0_OspV (lhs=0.3880)  : [ 3111.1562,  3112.9681], score = 0.61      <et=1621.67>
BaPCod info: Cplex status is 'Optimal solution found, unscaled infeasibilities'
SB phase 1 cand. 69 branch on var x[(13, 71)]_0_1432_0_OspV (lhs=0.3410)  : [ 3111.4217,  3112.8524], score = 1.10 (h)  <et=1622.19>
SB phase 1 cand. 70 branch on var x[(53, 96)]_0_4957_0_OspV (lhs=0.6202)  : [ 3111.5776,  3111.6961], score = 0.59      <et=1622.64>
SB phase 1 cand. 71 branch on var x[(11, 109)]_0_1253_0_OspV (lhs=0.6828) : [ 3111.5987,  3112.4918], score = 1.19 (h)  <et=1623.17>
SB phase 1 cand. 72 branch on var x[(47, 64)]_0_4502_0_OspV (lhs=0.6237)  : [ 3111.4051,  3112.3063], score = 0.77      <et=1623.65>
SB phase 1 cand. 73 branch on var x[(106, 113)]_0_7147_0_OspV (lhs=0.6683): [ 3111.5544,  3112.8653], score = 1.37 (h)  <et=1624.15>
SB phase 1 cand. 74 branch on var x[(89, 101)]_0_6744_0_OspV (lhs=0.3530) : [ 3110.8795,  3110.9911], score = 0.00      <et=1624.35>
BaPCod info: Cplex status is 'Optimal solution found, unscaled infeasibilities'
BaPCod info: Cplex status is 'Optimal solution found, unscaled infeasibilities'
SB phase 1 cand. 75 branch on var x[(71, 72)]_0_5986_0_OspV (lhs=0.5907)  : [ 3111.6220,  3111.7949], score = 0.70 (h)  <et=1624.86>
SB phase 1 cand. 76 branch on var x[(5, 65)]_0_534_0_OspV (lhs=0.6516)    : [ 3111.1678,  3111.3276], score = 0.14      <et=1625.24>
SB phase 1 cand. 77 branch on var x[(3, 107)]_0_343_0_OspV (lhs=0.6473)   : [ 3111.1437,  3114.2476], score = 0.93 (h)  <et=1625.73>
BaPCod info: Cplex status is 'Optimal solution found, unscaled infeasibilities'
BaPCod info: Cplex status is 'Optimal solution found, unscaled infeasibilities'
SB phase 1 cand. 78 branch on var x[(66, 96)]_0_5750_0_OspV (lhs=0.3483)  : [ 3111.2389,  3111.9472], score = 0.40      <et=1626.18>
SB phase 1 cand. 79 branch on var x[(87, 115)]_0_6693_0_OspV (lhs=0.3383) : [ 3111.3929,  3112.1480], score = 0.67 (h)  <et=1626.63>
BaPCod info: Cplex status is 'Optimal solution found, unscaled infeasibilities'
SB phase 1 cand. 80 branch on var x[(0, 65)]_0_5664_0_OspV (lhs=0.6565)   : [ 3111.4615,  3111.6800], score = 0.48      <et=1627.05>
SB phase 1 cand. 81 branch on var x[(0, 90)]_0_6764_0_OspV (lhs=0.4985)   : [ 3111.3138,  3112.6320], score = 0.79 (h)  <et=1627.57>
SB phase 1 cand. 82 branch on var x[(13, 72)]_0_1433_0_OspV (lhs=0.3399)  : [ 3111.3089,  3111.8326], score = 0.43      <et=1627.99>
SB phase 1 cand. 83 branch on var x[(35, 87)]_0_3571_0_OspV (lhs=0.6026)  : [ 3111.7674,  3111.8148], score = 0.85 (h)  <et=1628.46>
SB phase 1 cand. 84 branch on var x[(5, 79)]_0_548_0_OspV (lhs=0.3394)    : [ 3111.2348,  3112.5870], score = 0.63      <et=1628.93>
SB phase 1 cand. 85 branch on var x[(0, 10)]_0_1044_0_OspV (lhs=0.5561)   : [ 3111.8021,  3111.8867], score = 0.95 (h)  <et=1629.42>
SB phase 1 cand. 86 branch on var x[(28, 88)]_0_2949_0_OspV (lhs=0.3390)  : [ 3111.4504,  3112.3465], score = 0.86      <et=1629.94>
SB phase 1 cand. 87 branch on var x[(0, 23)]_0_2409_0_OspV (lhs=0.4811)   : [ 3111.3529,  3112.0724], score = 0.59 (h)  <et=1630.41>
SB phase 1 cand. 88 branch on var x[(0, 53)]_0_4914_0_OspV (lhs=0.3347)   : [ 3111.1158,  3111.5723], score = 0.18      <et=1630.76>
SB phase 1 cand. 89 branch on var x[(23, 115)]_0_2501_0_OspV (lhs=0.1934) : [ 3111.0065,  3116.8076], score = 0.83 (h)  <et=1631.22>
BaPCod info: Cplex status is 'Optimal solution found, unscaled infeasibilities'
BaPCod info: Cplex status is 'Optimal solution found, unscaled infeasibilities'
SB phase 1 cand. 90 branch on var x[(53, 70)]_0_4931_0_OspV (lhs=0.6653)  : [ 3111.2463,  3111.5723], score = 0.27      <et=1631.63>
SB phase 1 cand. 91 branch on var x[(32, 59)]_0_3282_0_OspV (lhs=0.8628)  : [ 3111.0383,  3114.9748], score = 0.70 (h)  <et=1632.12>
BaPCod info: Cplex status is 'Optimal solution found, unscaled infeasibilities'
SB phase 1 cand. 92 branch on var x[(47, 96)]_0_4534_0_OspV (lhs=0.3344)  : [ 3111.2029,  3113.4369], score = 0.86      <et=1632.59>
SB phase 1 cand. 93 branch on var x[(11, 59)]_0_1203_0_OspV (lhs=0.1374)  : [ 3111.0409,  3115.4087], score = 0.79 (h)  <et=1633.09>
SB phase 1 cand. 94 branch on var x[(1, 26)]_0_25_0_OspV (lhs=0.6710)     : [ 3111.2054,  3113.0000], score = 0.72      <et=1633.46>
BaPCod info: Cplex status is 'Optimal solution found, unscaled infeasibilities'
SB phase 1 cand. 95 branch on var x[(0, 83)]_0_6519_0_OspV (lhs=0.3678)   : [ 3111.3096,  3112.8409], score = 0.87 (h)  <et=1633.93>
BaPCod info: Cplex status is 'Optimal solution found, unscaled infeasibilities'
SB phase 1 cand. 96 branch on var x[(31, 45)]_0_3179_0_OspV (lhs=0.6723)  : [ 3111.1996,  3113.0000], score = 0.71      <et=1634.34>
BaPCod info: Cplex status is 'Optimal solution found, unscaled infeasibilities'
SB phase 1 cand. 97 branch on var x[(21, 100)]_0_2289_0_OspV (lhs=0.7067) : [ 3111.6211,  3111.7570], score = 0.67 (h)  <et=1634.75>
SB phase 1 cand. 98 branch on var x[(45, 117)]_0_4406_0_OspV (lhs=0.3264) : [ 3111.1955,  3113.0000], score = 0.70      <et=1635.11>
SB phase 1 cand. 99 branch on var x[(5, 64)]_0_533_0_OspV (lhs=0.5623)    : [ 3111.5046,  3111.9026], score = 0.66 (h)  <et=1635.58>
SB phase 1 cand. 100 branch on var x[(38, 115)]_0_3851_0_OspV (lhs=0.3226) : [ 3111.1291,  3112.5235], score = 0.43      <et=1636.05>
**** Strong branching phase 2 is started *****
#BaPCod info: Cplex status is 'Optimal solution found, unscaled infeasibilities'
BaPCod info: Cplex status is 'Optimal solution found, unscaled infeasibilities'
BaPCod info: Cplex status is 'Optimal solution found, unscaled infeasibilities'
BaPCod info: Cplex status is 'Optimal solution found, unscaled infeasibilities'
BaPCod info: Cplex status is 'Optimal solution found, unscaled infeasibilities'
<DWph=1> <it= 22> <et=1645.63> <Mt= 2.05> <Spt= 7.51> <nCl=217> <al=0.00> <DB= 3123.2855> <Mlp= 3123.2855> <PB=10000000> 
<DWph=1> <it=  2> <et=1647.27> <Mt= 0.01> <Spt= 1.29> <nCl=  6> <al=0.00> <DB= 3110.8683> <Mlp= 3110.8683> <PB=10000000> 
SB phase 2 cand.  1 branch on var x[(1, 31)]_0_30_0_OspV (lhs=0.9987)   : [ 3110.8683,  3123.2855], score = 0.01 (h)  <et=1647.31>
<DWph=1> <it= 10> <et=1651.50> <Mt= 0.47> <Spt= 3.46> <nCl= 61> <al=0.00> <DB= 3113.4862> <Mlp= 3113.4862> <PB=10000000> 
BaPCod info: Cplex status is 'Optimal solution found, unscaled infeasibilities'
BaPCod info: Cplex status is 'Optimal solution found, unscaled infeasibilities'
BaPCod info: Cplex status is 'Optimal solution found, unscaled infeasibilities'
BaPCod info: Cplex status is 'Optimal solution found, unscaled infeasibilities'
BaPCod info: Cplex status is 'Optimal solution found, unscaled infeasibilities'
BaPCod info: Cplex status is 'Optimal solution found, unscaled infeasibilities'
BaPCod info: Cplex status is 'Optimal solution found, unscaled infeasibilities'
BaPCod info: Cplex status is 'Optimal solution found, unscaled infeasibilities'
<DWph=1> <it= 18> <et=1658.60> <Mt= 0.76> <Spt= 6.00> <nCl= 99> <al=0.00> <DB= 3111.5533> <Mlp= 3111.5533> <PB=10000000> 
SB phase 2 cand.  2 branch on var x[(6, 86)]_0_670_0_OspV (lhs=0.7090)  : [ 3111.5533,  3113.4862], score = 1.80 (h)  <et=1658.64>
BaPCod info: Cplex status is 'Optimal solution found, unscaled infeasibilities'
BaPCod info: Cplex status is 'Optimal solution found, unscaled infeasibilities'
<DWph=1> <it= 12> <et=1663.89> <Mt= 0.53> <Spt= 4.43> <nCl= 52> <al=0.00> <DB= 3114.1162> <Mlp= 3114.1162> <PB=10000000> 
BaPCod info: Cplex status is 'Optimal solution found, unscaled infeasibilities'
BaPCod info: Cplex status is 'Optimal solution found, unscaled infeasibilities'
BaPCod info: Cplex status is 'Optimal solution found, unscaled infeasibilities'
BaPCod info: Cplex status is 'Optimal solution found, unscaled infeasibilities'
<DWph=1> <it=  8> <et=1668.19> <Mt= 0.24> <Spt= 3.73> <nCl= 38> <al=0.00> <DB= 3111.4537> <Mlp= 3111.4537> <PB=10000000> 
SB phase 2 cand.  3 branch on var x[(12, 30)]_0_1283_0_OspV (lhs=0.7090): [ 3111.4537,  3114.1162], score = 1.91 (h)  <et=1668.24>
**** Strong branching phase 3 is started *****
**** SB phase 3 evaluation of candidate 1, branch 1 ( x[(12, 30)]_0_1283_0_OspV <= 0 ), value = 3114.12
<DWph=2> <it=  1> <et=1668.72> <Mt= 0.01> <Spt= 0.18> <nCl=  7> <al=0.50> <DB= 3042.9603> <Mlp= 3114.1162> <PB=10000000> 
<DWph=2> <it=  2> <et=1669.25> <Mt= 0.00> <Spt= 0.53> <nCl=  1> <al=0.00> <DB= 3114.1162> <Mlp= 3114.1162> <PB=10000000> 
<DWph=1> <it=  3> <et=1669.94> <Mt= 0.01> <Spt= 0.68> <nCl=  2> <al=0.00> <DB= 3114.1162> <Mlp= 3114.1162> <PB=10000000> 
1 bl.dch (4449)...    RCSP exact solver info for graph G_0 : TT = 7.41867, pt = 0.006567, dt = 6.62913, ct = 0.7806, ndl = 358428', bdl = 25115308', odl = 166627', odf = 6380153', bsi = 2350', cnt = 33774167', bdch = 1722848669', odch = 320697391', lcp = 63152699', #sols = 150
<DWph=0> <it=  4> <et=1677.40> <Mt= 0.00> <Spt= 7.46> <nCl=150> <al=0.35> <DB= 2500.0284> <Mlp= 3114.1162> <PB=10000000> 
1 bl.dch (4414)...    RCSP exact solver info for graph G_0 : TT = 9.59488, pt = 0.007566, dt = 8.81703, ct = 0.76767, ndl = 369875', bdl = 25885005', odl = 170342', odf = 6562917', bsi = 2432', cnt = 33592114', bdch = 1823286777', odch = 328531178', lcp = 66257618', #sols = 150
<DWph=0> <it=  5> <et=1685.39> <Mt= 0.14> <Spt= 7.85> <nCl= 70> <al=0.42> <DB= 2858.9819> <Mlp= 3113.6242> <PB=10000000> 
1 bl.dch (4473)...    RCSP exact solver info for graph G_0 : TT = 7.35369, pt = 0.007494, dt = 6.61712, ct = 0.726265, ndl = 353208', bdl = 24887121', odl = 166541', odf = 6209590', bsi = 2480', cnt = 30739350', bdch = 1676507576', odch = 298093397', lcp = 61206323', #sols = 150
<DWph=0> <it=  6> <et=1692.81> <Mt= 0.04> <Spt= 7.37> <nCl= 30> <al=0.32> <DB= 3033.3688> <Mlp= 3113.5614> <PB=10000000> 
1 bl.dch (4517)...    RCSP exact solver info for graph G_0 : TT = 7.19832, pt = 0.008057, dt = 6.47706, ct = 0.710652, ndl = 344495', bdl = 24301393', odl = 163042', odf = 6023080', bsi = 2440', cnt = 29161993', bdch = 1593409021', odch = 286383303', lcp = 58971986', #sols = 150
<DWph=0> <it=  7> <et=1700.03> <Mt= 0.01> <Spt= 7.21> <nCl= 17> <al=0.22> <DB= 3086.2607> <Mlp= 3113.5593> <PB=10000000> 
1 bl.dch (4499)...    RCSP exact solver info for graph G_0 : TT = 7.29805, pt = 0.008023, dt = 6.53975, ct = 0.747687, ndl = 348706', bdl = 24584765', odl = 164974', odf = 6115555', bsi = 2463', cnt = 30066183', bdch = 1633029496', odch = 292680243', lcp = 60048485', #sols = 150
1 bl.dch (4488)...    RCSP exact solver info for graph G_0 : TT = 8.96748, pt = 0.007848, dt = 8.23863, ct = 0.718278, ndl = 350973', bdl = 24743016', odl = 165879', odf = 6156562', bsi = 2439', cnt = 30572524', bdch = 1655479313', odch = 295492315', lcp = 60741302', #sols = 150
<DWph=0> <it=  8> <et=1714.54> <Mt= 0.01> <Spt=14.51> <nCl= 20> <al=0.00> <DB= 3111.6331> <Mlp= 3113.5583> <PB=10000000> 
1 bl.dch (4485)...    RCSP exact solver info for graph G_0 : TT = 7.20017, pt = 0.007603, dt = 6.49189, ct = 0.698244, ndl = 350919', bdl = 24753372', odl = 166276', odf = 6149787', bsi = 2433', cnt = 30249761', bdch = 1657842982', odch = 294937150', lcp = 60672060', #sols = 150
1 bl.dch (4491)...    RCSP exact solver info for graph G_0 : TT = 7.17216, pt = 0.007167, dt = 6.46696, ct = 0.695626, ndl = 349946', bdl = 24695397', odl = 165725', odf = 6134478', bsi = 2468', cnt = 30160399', bdch = 1647740509', odch = 293622971', lcp = 60438298', #sols = 150
<DWph=0> <it=  9> <et=1728.94> <Mt= 0.00> <Spt=14.39> <nCl= 19> <al=0.00> <DB= 3113.5583> <Mlp= 3113.5583> <PB=10000000> 
RCSP solver dynamic params and stats :  bidir.bord. = 375 aver.obdmd = 98.3607 aver.buck.num. = 101 nbR1C = 189 with avMem = 19.4974
@@ 832 0 3113.56 7.76532 9.5847 92.389 1728.94
    Full reduced cost fixing is not called (gap ratio is 0.999993)
ColGenEvalAlg final dual bound: 3113.56 (rounded: 3114)
Current active cuts : R1C(22+167,434.296) 1rowPackR1C(22) 3rowPackR1C(67) 4rowPackR1C(50) 5rowPackR1C(50)
150 Rank-1 3-rows pack. cuts added ,  max viol. = 0.158724, aver. viol. = 0.142179
Shrinking heuristic shrunk 19 edges
In total 1 RCC cut(s) are found by the Fractional capacity min-cut heuristic 
In total 3 RCC cut(s) are found by the greedy construction heuristic 
In total 4 RCC cut(s) are found by the global pool greedy search heuristic 
----- Add fac. cuts : CAP(8) R1C(150), max.viol = 0.158724, aver.viol = 0.136577, sep/add took 0.0738777/0.534802 sec. -----
18930 columns (9021 active), 930 dyn. constrs. (351 active), 1176 art. vars. (593 active)
<DWph=2> <it=  1> <et=1729.99> <Mt= 0.20> <Spt= 0.18> <nCl=  3> <al=0.50> <DB= 3094.1171> <Mlp= 3114.5012> <PB=10000000> 
<DWph=2> <it=  2> <et=1730.36> <Mt= 0.02> <Spt= 0.35> <nCl= 13> <al=0.10> <DB= 2055.0340> <Mlp= 3114.4952> <PB=10000000> 
<DWph=2> <it=  3> <et=1730.55> <Mt= 0.01> <Spt= 0.18> <nCl=  3> <al=0.45> <DB= 3097.5803> <Mlp= 3114.4869> <PB=10000000> 
<DWph=2> <it=  4> <et=1730.93> <Mt= 0.01> <Spt= 0.37> <nCl=  5> <al=0.01> <DB= 2736.8522> <Mlp= 3114.4811> <PB=10000000> 
<DWph=2> <it=  5> <et=1731.28> <Mt= 0.01> <Spt= 0.34> <nCl=  3> <al=0.00> <DB= 3066.5495> <Mlp= 3114.4811> <PB=10000000> 
<DWph=2> <it=  6> <et=1731.65> <Mt= 0.01> <Spt= 0.36> <nCl=  0> <al=0.00> <DB= 3114.4811> <Mlp= 3114.4811> <PB=10000000> 
<DWph=1> <it=  7> <et=1731.99> <Mt= 0.00> <Spt= 0.33> <nCl= 18> <al=0.21> <DB= 2529.4158> <Mlp= 3114.4811> <PB=10000000> 
<DWph=1> <it=  8> <et=1732.39> <Mt= 0.07> <Spt= 0.34> <nCl= 10> <al=0.11> <DB= 2808.0933> <Mlp= 3114.3919> <PB=10000000> 
<DWph=1> <it=  9> <et=1732.73> <Mt= 0.01> <Spt= 0.33> <nCl=  7> <al=0.19> <DB= 2852.5809> <Mlp= 3114.3915> <PB=10000000> 
<DWph=1> <it= 10> <et=1733.08> <Mt= 0.01> <Spt= 0.33> <nCl=  2> <al=0.09> <DB= 3028.2265> <Mlp= 3114.3914> <PB=10000000> 
<DWph=1> <it= 11> <et=1733.42> <Mt= 0.01> <Spt= 0.34> <nCl=  2> <al=0.00> <DB= 2828.3680> <Mlp= 3114.3914> <PB=10000000> 
<DWph=1> <it= 12> <et=1734.08> <Mt= 0.00> <Spt= 0.65> <nCl=  1> <al=0.00> <DB= 3114.3914> <Mlp= 3114.3914> <PB=10000000> 
1 bl.dch (4641)...    RCSP exact solver info for graph G_0 : TT = 6.08869, pt = 0.006417, dt = 5.46167, ct = 0.618103, ndl = 325590', bdl = 22906938', odl = 156253', odf = 5647227', bsi = 2454', cnt = 27625888', bdch = 1441529706', odch = 259257072', lcp = 53458498', #sols = 150
<DWph=0> <it= 13> <et=1740.23> <Mt= 0.01> <Spt= 6.14> <nCl=131> <al=0.00> <DB= 2826.1986> <Mlp= 3114.3914> <PB=10000000> 
BaPCod info: Cplex status is 'Optimal solution found, unscaled infeasibilities'
1 bl.dch (4721)...    RCSP exact solver info for graph G_0 : TT = 7.25534, pt = 0.005975, dt = 6.71627, ct = 0.530701, ndl = 307756', bdl = 21854409', odl = 149994', odf = 5300488', bsi = 2451', cnt = 24271112', bdch = 1306603379', odch = 227195192', lcp = 47288600', #sols = 150
<DWph=0> <it= 14> <et=1745.78> <Mt= 0.05> <Spt= 5.50> <nCl= 42> <al=0.00> <DB= 2907.3613> <Mlp= 3114.3420> <PB=10000000> 
1 bl.dch (4719)...    RCSP exact solver info for graph G_0 : TT = 5.52188, pt = 0.006301, dt = 4.9836, ct = 0.529857, ndl = 308765', bdl = 21871936', odl = 150422', odf = 5324455', bsi = 2418', cnt = 24265689', bdch = 1315205386', odch = 227926037', lcp = 47291300', #sols = 150
1 bl.dch (4710)...    RCSP exact solver info for graph G_0 : TT = 5.49934, pt = 0.006192, dt = 4.96685, ct = 0.524063, ndl = 309589', bdl = 21941906', odl = 150686', odf = 5340313', bsi = 2433', cnt = 24246825', bdch = 1321529053', odch = 228720317', lcp = 47563794', #sols = 150
<DWph=0> <it= 15> <et=1756.83> <Mt= 0.01> <Spt=11.04> <nCl= 23> <al=0.00> <DB= 3114.3415> <Mlp= 3114.3415> <PB=10000000> 
RCSP solver dynamic params and stats :  bidir.bord. = 375 aver.obdmd = 98.3607 aver.buck.num. = 101 nbR1C = 173 with avMem = 18.0058
@@ 832 1 3114.34 6.08278 7.24697 92.389 1756.83
    Full reduced cost fixing is not called (gap ratio is 0.999993)
ColGenEvalAlg final dual bound: 3114.34 (rounded: 3115)
False gap improvement since the last cut separation : 0.00251555 (3113.56)
Separator R1C not in maximum phase
Cut generation tailing off counter increased to 0
Current active cuts : CAP(3,28.7362) R1C(21+152,452.526) 1rowPackR1C(21) 3rowPackR1C(71) 4rowPackR1C(42) 5rowPackR1C(39)
1 Rank-1 1-rows pack. cuts added ,  max viol. = 0.0303295, aver. viol. = 0.0303295
150 Rank-1 3-rows pack. cuts added ,  max viol. = 0.165712, aver. viol. = 0.0448403
Building structures for heuristic rank-1 packing cut separation...done!
100 Rank-1 4-rows pack. cuts added ,  max viol. = 0.188543, aver. viol. = 0.0673789
Shrinking heuristic shrunk 26 edges
In total 1 RCC cut(s) are found by the Fractional capacity min-cut heuristic 
In total 1 RCC cut(s) are found by the greedy construction heuristic 
In total 3 RCC cut(s) are found by the global pool greedy search heuristic 
----- Add fac. cuts : CAP(5) R1C(251), max.viol = 0.188543, aver.viol = 0.056883, sep/add took 0.132701/0.960923 sec. -----
19193 columns (9284 active), 1186 dyn. constrs. (436 active), 1432 art. vars. (678 active)
<DWph=2> <it=  1> <et=1758.43> <Mt= 0.25> <Spt= 0.20> <nCl=  2> <al=0.50> <DB= 3114.8558> <Mlp= 3115.3702> <PB=10000000> 
<DWph=2> <it=  2> <et=1758.63> <Mt= 0.01> <Spt= 0.19> <nCl=  5> <al=0.40> <DB= 3036.6951> <Mlp= 3115.3702> <PB=10000000> 
<DWph=2> <it=  3> <et=1759.05> <Mt= 0.04> <Spt= 0.37> <nCl=  4> <al=0.00> <DB= 2989.8313> <Mlp= 3115.3663> <PB=10000000> 
BaPCod info: Cplex status is 'Optimal solution found, unscaled infeasibilities'
<DWph=2> <it=  4> <et=1759.45> <Mt= 0.03> <Spt= 0.37> <nCl=  0> <al=0.00> <DB= 3115.3659> <Mlp= 3115.3659> <PB=10000000> 
BaPCod info: Cplex status is 'Optimal solution found, unscaled infeasibilities'
<DWph=1> <it=  5> <et=1759.82> <Mt= 0.01> <Spt= 0.36> <nCl=  8> <al=0.26> <DB= 2739.0898> <Mlp= 3115.3659> <PB=10000000> 
<DWph=1> <it=  6> <et=1760.33> <Mt= 0.15> <Spt= 0.36> <nCl=  9> <al=0.33> <DB= 2989.6123> <Mlp= 3115.2497> <PB=10000000> 
BaPCod info: Cplex status is 'Optimal solution found, unscaled infeasibilities'
<DWph=1> <it=  7> <et=1760.73> <Mt= 0.04> <Spt= 0.36> <nCl=  5> <al=0.23> <DB= 3000.8830> <Mlp= 3115.2489> <PB=10000000> 
<DWph=1> <it=  8> <et=1761.12> <Mt= 0.02> <Spt= 0.36> <nCl=  2> <al=0.31> <DB= 3026.1872> <Mlp= 3115.2480> <PB=10000000> 
BaPCod info: Cplex status is 'Optimal solution found, unscaled infeasibilities'
<DWph=1> <it=  9> <et=1761.53> <Mt= 0.06> <Spt= 0.36> <nCl=  1> <al=0.38> <DB= 3102.0553> <Mlp= 3115.2415> <PB=10000000> 
<DWph=1> <it= 10> <et=1761.92> <Mt= 0.01> <Spt= 0.38> <nCl=  1> <al=0.28> <DB= 3107.8367> <Mlp= 3115.2413> <PB=10000000> 
<DWph=1> <it= 11> <et=1762.30> <Mt= 0.01> <Spt= 0.37> <nCl=  1> <al=0.35> <DB= 3022.3077> <Mlp= 3115.2413> <PB=10000000> 
<DWph=1> <it= 12> <et=1763.03> <Mt= 0.01> <Spt= 0.71> <nCl=  1> <al=0.00> <DB= 3115.2413> <Mlp= 3115.2413> <PB=10000000> 
1 bl.dch (4447)...    RCSP exact solver info for graph G_0 : TT = 6.78574, pt = 0.007148, dt = 6.19834, ct = 0.577774, ndl = 353766', bdl = 25026231', odl = 169872', odf = 6062948', bsi = 2462', cnt = 27325758', bdch = 1723027588', odch = 276638841', lcp = 55842256', #sols = 150
<DWph=0> <it= 13> <et=1769.87> <Mt= 0.01> <Spt= 6.83> <nCl=115> <al=0.32> <DB= 2844.7733> <Mlp= 3115.2413> <PB=10000000> 
1 bl.dch (4473)...    RCSP exact solver info for graph G_0 : TT = 8.70102, pt = 0.007433, dt = 6.34652, ct = 2.34464, ndl = 347504', bdl = 24727711', odl = 167268', odf = 5930970', bsi = 2442', cnt = 26073599', bdch = 1662763510', odch = 267720646', lcp = 54839100', #sols = 150
<DWph=0> <it= 14> <et=1776.93> <Mt= 0.13> <Spt= 6.93> <nCl= 23> <al=0.38> <DB= 3011.1262> <Mlp= 3115.1712> <PB=10000000> 
1 bl.dch (4476)...    RCSP exact solver info for graph G_0 : TT = 6.80505, pt = 0.007407, dt = 6.22764, ct = 0.567593, ndl = 346407', bdl = 24664833', odl = 167198', odf = 5910109', bsi = 2468', cnt = 26440329', bdch = 1656672031', odch = 264318477', lcp = 54444646', #sols = 150
<DWph=0> <it= 15> <et=1783.78> <Mt= 0.04> <Spt= 6.82> <nCl=  9> <al=0.28> <DB= 3083.5147> <Mlp= 3115.1706> <PB=10000000> 
BaPCod info: Cplex status is 'Optimal solution found, unscaled infeasibilities'
1 bl.dch (4473)...    RCSP exact solver info for graph G_0 : TT = 6.9153, pt = 0.008289, dt = 6.32212, ct = 0.582389, ndl = 348194', bdl = 24745294', odl = 167726', odf = 5956686', bsi = 2497', cnt = 27075425', bdch = 1672293095', odch = 267314943', lcp = 55016616', #sols = 150
1 bl.dch (4473)...    RCSP exact solver info for graph G_0 : TT = 6.65353, pt = 0.008043, dt = 6.08432, ct = 0.55881, ndl = 347906', bdl = 24743294', odl = 166758', odf = 5932052', bsi = 2478', cnt = 26992820', bdch = 1671646682', odch = 266470865', lcp = 54922809', #sols = 150
<DWph=0> <it= 16> <et=1797.39> <Mt= 0.02> <Spt=13.59> <nCl= 19> <al=0.00> <DB= 3114.0951> <Mlp= 3115.1706> <PB=10000000> 
1 bl.dch (4473)...    RCSP exact solver info for graph G_0 : TT = 6.70547, pt = 0.007378, dt = 6.1279, ct = 0.567798, ndl = 347703', bdl = 24725835', odl = 167027', odf = 5934804', bsi = 2490', cnt = 26919251', bdch = 1670476498', odch = 265477909', lcp = 54761911', #sols = 150
1 bl.dch (4473)...    RCSP exact solver info for graph G_0 : TT = 8.50454, pt = 0.00728, dt = 7.91776, ct = 0.576783, ndl = 347061', bdl = 24689676', odl = 167457', odf = 5928717', bsi = 2520', cnt = 26968062', bdch = 1665810848', odch = 265077161', lcp = 54736940', #sols = 150
<DWph=0> <it= 17> <et=1810.84> <Mt= 0.01> <Spt=13.43> <nCl= 14> <al=0.00> <DB= 3115.1706> <Mlp= 3115.1706> <PB=10000000> 
RCSP solver dynamic params and stats :  bidir.bord. = 375 aver.obdmd = 98.3607 aver.buck.num. = 101 nbR1C = 204 with avMem = 18.7059
@@ 832 2 3115.17 7.28577 8.69116 92.389 1810.84
    Full reduced cost fixing is not called (gap ratio is 0.999993)
ColGenEvalAlg final dual bound: 3115.17 (rounded: 3116)
False gap improvement since the last cut separation : 0.00266215 (3114.34)
Separator R1C not in maximum phase
Cut generation tailing off counter increased to 0
Current active cuts : CAP(4,92.4998) R1C(22+182,458.619) 1rowPackR1C(22) 3rowPackR1C(85) 4rowPackR1C(61) 5rowPackR1C(36)
3 Rank-1 1-rows pack. cuts added ,  max viol. = 0.0215734, aver. viol. = 0.021068
123 Rank-1 3-rows pack. cuts added ,  max viol. = 0.0684463, aver. viol. = 0.0292424
Building structures for heuristic rank-1 packing cut separation...done!
93 Rank-1 4-rows pack. cuts added ,  max viol. = 0.104338, aver. viol. = 0.0310389
100 Rank-1 5-rows pack. cuts added ,  max viol. = 0.11415, aver. viol. = 0.0645192
Shrinking heuristic shrunk 27 edges
----- Add fac. cuts : R1C(319), max.viol = 0.145257, aver.viol = 0.0592533, sep/add took 0.815769/1.22128 sec. -----
19412 columns (9503 active), 1357 dyn. constrs. (532 active), 1751 art. vars. (774 active)
<DWph=2> <it=  1> <et=1813.60> <Mt= 0.41> <Spt= 0.21> <nCl=  3> <al=0.50> <DB= 3115.7208> <Mlp= 3116.2710> <PB=10000000> 
<DWph=2> <it=  2> <et=1813.84> <Mt= 0.02> <Spt= 0.24> <nCl=  5> <al=0.40> <DB= 3022.2181> <Mlp= 3116.2710> <PB=10000000> 
<DWph=2> <it=  3> <et=1814.32> <Mt= 0.06> <Spt= 0.40> <nCl= 11> <al=0.00> <DB= 2884.3553> <Mlp= 3116.2662> <PB=10000000> 
<DWph=2> <it=  4> <et=1814.60> <Mt= 0.07> <Spt= 0.22> <nCl=  3> <al=0.36> <DB= 2922.3024> <Mlp= 3116.2614> <PB=10000000> 
BaPCod info: Cplex status is 'Optimal solution found, unscaled infeasibilities'
<DWph=2> <it=  5> <et=1815.04> <Mt= 0.03> <Spt= 0.41> <nCl=  0> <al=0.00> <DB= 3116.2609> <Mlp= 3116.2609> <PB=10000000> 
BaPCod info: Cplex status is 'Optimal solution found, unscaled infeasibilities'
<DWph=1> <it=  6> <et=1815.45> <Mt= 0.02> <Spt= 0.38> <nCl=  7> <al=0.32> <DB= 3015.8330> <Mlp= 3116.2609> <PB=10000000> 
<DWph=1> <it=  7> <et=1815.91> <Mt= 0.08> <Spt= 0.38> <nCl=  3> <al=0.39> <DB= 3019.3090> <Mlp= 3116.2500> <PB=10000000> 
<DWph=1> <it=  8> <et=1816.34> <Mt= 0.04> <Spt= 0.40> <nCl=  5> <al=0.45> <DB= 3072.3886> <Mlp= 3116.2475> <PB=10000000> 
<DWph=1> <it=  9> <et=1817.15> <Mt= 0.02> <Spt= 0.78> <nCl=  0> <al=0.00> <DB= 3116.2472> <Mlp= 3116.2472> <PB=10000000> 
1 bl.dch (4195)...2 bl.dch (4833)...    RCSP exact solver info for graph G_0 : TT = 10.0662, pt = 0.008446, dt = 8.88293, ct = 1.17239, ndl = 434884', bdl = 30120615', odl = 195348', odf = 7681375', bsi = 2472', cnt = 43927246', bdch = 2383931122', odch = 449287806', lcp = 94162110', #sols = 150
<DWph=0> <it= 10> <et=1827.30> <Mt= 0.00> <Spt=10.14> <nCl=150> <al=0.25> <DB= 2715.7102> <Mlp= 3116.2472> <PB=10000000> 
1 bl.dch (4245)...2 bl.dch (4904)...    RCSP exact solver info for graph G_0 : TT = 9.65881, pt = 0.008231, dt = 8.63267, ct = 1.01542, ndl = 417123', bdl = 28973501', odl = 191222', odf = 7351497', bsi = 2542', cnt = 37224628', bdch = 2259161943', odch = 411897893', lcp = 85882130', #sols = 150
<DWph=0> <it= 11> <et=1837.18> <Mt= 0.18> <Spt= 9.71> <nCl= 83> <al=0.15> <DB= 2968.5400> <Mlp= 3116.1884> <PB=10000000> 
BaPCod info: Cplex status is 'Optimal solution found, unscaled infeasibilities'
1 bl.dch (4214)...2 bl.dch (4849)...    RCSP exact solver info for graph G_0 : TT = 12.0414, pt = 0.008802, dt = 10.961, ct = 1.06897, ndl = 427078', bdl = 29570557', odl = 192576', odf = 7533601', bsi = 2530', cnt = 39114083', bdch = 2354106780', odch = 436800067', lcp = 90787651', #sols = 150
<DWph=0> <it= 12> <et=1847.55> <Mt= 0.11> <Spt=10.26> <nCl= 24> <al=0.24> <DB= 2978.8959> <Mlp= 3116.1754> <PB=10000000> 
1 bl.dch (4212)...2 bl.dch (4849)...    RCSP exact solver info for graph G_0 : TT = 10.1869, pt = 0.009144, dt = 9.12345, ct = 1.05163, ndl = 426939', bdl = 29587962', odl = 193765', odf = 7543926', bsi = 2479', cnt = 39641658', bdch = 2355861248', odch = 441638579', lcp = 91352413', #sols = 150
<DWph=0> <it= 13> <et=1857.79> <Mt= 0.03> <Spt=10.20> <nCl= 16> <al=0.31> <DB= 3073.1413> <Mlp= 3116.1751> <PB=10000000> 
BaPCod info: Cplex status is 'Optimal solution found, unscaled infeasibilities'
1 bl.dch (4201)...2 bl.dch (4829)...    RCSP exact solver info for graph G_0 : TT = 10.2139, pt = 0.009137, dt = 9.12657, ct = 1.07545, ndl = 429330', bdl = 29730843', odl = 194998', odf = 7586575', bsi = 2505', cnt = 40223203', bdch = 2388388927', odch = 446001528', lcp = 91921800', #sols = 150
<DWph=0> <it= 14> <et=1868.04> <Mt= 0.03> <Spt=10.23> <nCl=  9> <al=0.21> <DB= 3106.9884> <Mlp= 3116.1751> <PB=10000000> 
1 bl.dch (4203)...2 bl.dch (4839)...    RCSP exact solver info for graph G_0 : TT = 12.04, pt = 0.008844, dt = 10.9715, ct = 1.05682, ndl = 428023', bdl = 29649974', odl = 194138', odf = 7561048', bsi = 2493', cnt = 40148827', bdch = 2373716760', odch = 445920226', lcp = 91759487', #sols = 150
1 bl.dch (4212)...2 bl.dch (4849)...    RCSP exact solver info for graph G_0 : TT = 9.59595, pt = 0.008632, dt = 8.59347, ct = 0.99145, ndl = 426952', bdl = 29574832', odl = 193579', odf = 7542960', bsi = 2503', cnt = 40021909', bdch = 2358505468', odch = 446251841', lcp = 91658567', #sols = 150
<DWph=0> <it= 15> <et=1887.77> <Mt= 0.01> <Spt=19.72> <nCl= 11> <al=0.00> <DB= 3116.1750> <Mlp= 3116.1750> <PB=10000000> 
RCSP solver dynamic params and stats :  bidir.bord. = 375 aver.obdmd = 98.3607 aver.buck.num. = 101 nbR1C = 230 with avMem = 18.4043
@@ 832 3 3116.18 10.532 12.0299 92.389 1887.77
    Full reduced cost fixing is not called (gap ratio is 0.999993)
ColGenEvalAlg final dual bound: 3116.18 (rounded: 3117)
False gap improvement since the last cut separation : 0.0032243 (3115.17)
----- Cut generation stopped by the pricing solver
Current active cuts : CAP(2,21.3391) R1C(23+207,501.581) 1rowPackR1C(23) 3rowPackR1C(104) 4rowPackR1C(63) 5rowPackR1C(40)
**** SB phase 3 evaluation of candidate 1, branch 2 ( x[(12, 30)]_0_1283_0_OspV >= 1 ), value = 3111.45
<DWph=2> <it=  1> <et=1888.98> <Mt= 0.57> <Spt= 0.15> <nCl= 30> <al=0.50> <DB=-20159859313.1787> <Mlp= 3111.4537> <PB=10000000> 
<DWph=2> <it=  2> <et=1889.19> <Mt= 0.01> <Spt= 0.21> <nCl= 30> <al=0.55> <DB=-2382.4946> <Mlp= 3111.4537> <PB=10000000> 
BaPCod info: Cplex status is 'Optimal solution found, unscaled infeasibilities'
<DWph=2> <it=  3> <et=1889.41> <Mt= 0.02> <Spt= 0.20> <nCl=  5> <al=0.60> <DB= 2277.2679> <Mlp= 3111.4537> <PB=10000000> 
<DWph=2> <it=  4> <et=1889.62> <Mt= 0.01> <Spt= 0.20> <nCl= 10> <al=0.64> <DB= 2666.7595> <Mlp= 3111.4537> <PB=10000000> 
<DWph=2> <it=  5> <et=1890.12> <Mt= 0.06> <Spt= 0.43> <nCl=  8> <al=0.07> <DB= 2643.1175> <Mlp= 3111.4247> <PB=10000000> 
<DWph=2> <it=  6> <et=1890.64> <Mt= 0.11> <Spt= 0.42> <nCl=  3> <al=0.00> <DB= 3111.3784> <Mlp= 3111.3784> <PB=10000000> 
<DWph=1> <it=  7> <et=1891.06> <Mt= 0.00> <Spt= 0.41> <nCl=  3> <al=0.34> <DB= 3037.1751> <Mlp= 3111.3784> <PB=10000000> 
<DWph=1> <it=  8> <et=1891.50> <Mt= 0.03> <Spt= 0.42> <nCl=  1> <al=0.24> <DB= 3058.4502> <Mlp= 3111.3748> <PB=10000000> 
BaPCod info: Cplex status is 'Optimal solution found, unscaled infeasibilities'
<DWph=1> <it=  9> <et=1892.35> <Mt= 0.02> <Spt= 0.82> <nCl=  1> <al=0.00> <DB= 3111.3739> <Mlp= 3111.3739> <PB=10000000> 
BaPCod info: Cplex status is 'Optimal solution found, unscaled infeasibilities'
1 bl.dch (4308)...2 bl.dch (5222)...    RCSP exact solver info for graph G_0 : TT = 8.05067, pt = 0.009004, dt = 7.43226, ct = 0.606938, ndl = 376254', bdl = 26769925', odl = 184987', odf = 6504123', bsi = 2331', cnt = 26411098', bdch = 2049900621', odch = 270746643', lcp = 58122478', #sols = 150
<DWph=0> <it= 10> <et=1900.45> <Mt= 0.02> <Spt= 8.08> <nCl= 92> <al=0.21> <DB= 2866.5371> <Mlp= 3111.3739> <PB=10000000> 
BaPCod info: Cplex status is 'Optimal solution found, unscaled infeasibilities'
1 bl.dch (4323)...2 bl.dch (5520)...    RCSP exact solver info for graph G_0 : TT = 10.5701, pt = 0.010066, dt = 9.91186, ct = 0.645525, ndl = 375389', bdl = 26654814', odl = 183350', odf = 6449194', bsi = 2353', cnt = 24839981', bdch = 2009736241', odch = 275531474', lcp = 58468114', #sols = 150
<DWph=0> <it= 11> <et=1909.22> <Mt= 0.19> <Spt= 8.58> <nCl= 24> <al=0.29> <DB= 3040.0984> <Mlp= 3111.2498> <PB=10000000> 
1 bl.dch (4320)...2 bl.dch (5313)...    RCSP exact solver info for graph G_0 : TT = 8.4276, pt = 0.009995, dt = 7.74873, ct = 0.666314, ndl = 378274', bdl = 26769940', odl = 183282', odf = 6511283', bsi = 2364', cnt = 26117319', bdch = 2028975246', odch = 283444005', lcp = 59726956', #sols = 150
<DWph=0> <it= 12> <et=1917.68> <Mt= 0.02> <Spt= 8.44> <nCl= 29> <al=0.19> <DB= 3004.1920> <Mlp= 3111.2481> <PB=10000000> 
1 bl.dch (4297)...2 bl.dch (5203)...    RCSP exact solver info for graph G_0 : TT = 8.48184, pt = 0.009692, dt = 7.80043, ct = 0.669014, ndl = 382753', bdl = 27099979', odl = 183105', odf = 6573890', bsi = 2362', cnt = 26423210', bdch = 2077153037', odch = 288599439', lcp = 60620970', #sols = 150
1 bl.dch (4277)...2 bl.dch (5131)...    RCSP exact solver info for graph G_0 : TT = 8.68584, pt = 0.009643, dt = 7.94199, ct = 0.731611, ndl = 387301', bdl = 27365501', odl = 183900', odf = 6661134', bsi = 2396', cnt = 27467999', bdch = 2119899987', odch = 296960162', lcp = 61966919', #sols = 150
<DWph=0> <it= 13> <et=1934.89> <Mt= 0.02> <Spt=17.19> <nCl= 12> <al=0.00> <DB= 3111.2466> <Mlp= 3111.2466> <PB=10000000> 
RCSP solver dynamic params and stats :  bidir.bord. = 375 aver.obdmd = 98.3607 aver.buck.num. = 101 nbR1C = 236 with avMem = 20.589
@@ 833 0 3111.25 8.83093 10.5574 92.389 1934.89
    Full reduced cost fixing is not called (gap ratio is 0.999993)
ColGenEvalAlg final dual bound: 3111.25 (rounded: 3112)
Current active cuts : R1C(27+209,449.391) 1rowPackR1C(27) 3rowPackR1C(77) 4rowPackR1C(61) 5rowPackR1C(71)
5 Rank-1 1-rows pack. cuts added ,  max viol. = 0.0533115, aver. viol. = 0.0344152
69 Rank-1 3-rows pack. cuts added ,  max viol. = 0.0573433, aver. viol. = 0.0331602
Building structures for heuristic rank-1 packing cut separation...done!
31 Rank-1 4-rows pack. cuts added ,  max viol. = 0.0916415, aver. viol. = 0.0409292
100 Rank-1 5-rows pack. cuts added ,  max viol. = 0.111859, aver. viol. = 0.0635498
Shrinking heuristic shrunk 28 edges
In total 19 RCC cut(s) are found by the global pool greedy search heuristic 
----- Add fac. cuts : CAP(19) R1C(205), max.viol = 0.12291, aver.viol = 0.0524702, sep/add took 1.01557/0.91425 sec. -----
19607 columns (8939 active), 1085 dyn. constrs. (465 active), 1327 art. vars. (707 active)
<DWph=2> <it=  1> <et=1937.55> <Mt= 0.18> <Spt= 0.49> <nCl=  3> <al=0.00> <DB= 3111.4149> <Mlp= 3111.4149> <PB=10000000> 
<DWph=1> <it=  2> <et=1938.01> <Mt= 0.01> <Spt= 0.45> <nCl=  3> <al=0.40> <DB= 3087.9791> <Mlp= 3111.4149> <PB=10000000> 
<DWph=1> <it=  3> <et=1938.90> <Mt= 0.04> <Spt= 0.85> <nCl=  1> <al=0.00> <DB= 3087.6848> <Mlp= 3111.4144> <PB=10000000> 
<DWph=1> <it=  4> <et=1939.75> <Mt= 0.01> <Spt= 0.84> <nCl=  0> <al=0.00> <DB= 3111.4144> <Mlp= 3111.4144> <PB=10000000> 
1 bl.dch (4230)...2 bl.dch (4902)...    RCSP exact solver info for graph G_0 : TT = 9.06207, pt = 0.009457, dt = 8.31578, ct = 0.734551, ndl = 399876', bdl = 28316622', odl = 190645', odf = 6914555', bsi = 2413', cnt = 29938177', bdch = 2252160550', odch = 315309717', lcp = 65335786', #sols = 150
<DWph=0> <it=  5> <et=1948.85> <Mt= 0.01> <Spt= 9.09> <nCl= 47> <al=0.26> <DB= 3067.7971> <Mlp= 3111.4144> <PB=10000000> 
1 bl.dch (4217)...2 bl.dch (4868)...    RCSP exact solver info for graph G_0 : TT = 9.22945, pt = 0.009416, dt = 8.46148, ct = 0.755838, ndl = 403066', bdl = 28477423', odl = 192168', odf = 6969319', bsi = 2438', cnt = 30105087', bdch = 2297022801', odch = 319595254', lcp = 66497373', #sols = 150
1 bl.dch (4233)...2 bl.dch (4902)...    RCSP exact solver info for graph G_0 : TT = 9.3541, pt = 0.010073, dt = 8.55686, ct = 0.784477, ndl = 399689', bdl = 28235351', odl = 191060', odf = 6920485', bsi = 2410', cnt = 29582098', bdch = 2255273671', odch = 315901454', lcp = 65947555', #sols = 150
<DWph=0> <it=  6> <et=1967.51> <Mt= 0.05> <Spt=18.61> <nCl= 20> <al=0.00> <DB= 3089.1156> <Mlp= 3111.4105> <PB=10000000> 
1 bl.dch (4227)...2 bl.dch (4897)...    RCSP exact solver info for graph G_0 : TT = 11.3483, pt = 0.010393, dt = 10.5942, ct = 0.741364, ndl = 401572', bdl = 28350762', odl = 191188', odf = 6950213', bsi = 2404', cnt = 30189026', bdch = 2272670871', odch = 319534130', lcp = 66409925', #sols = 150
1 bl.dch (4232)...2 bl.dch (4901)...    RCSP exact solver info for graph G_0 : TT = 9.04986, pt = 0.009344, dt = 8.3224, ct = 0.71568, ndl = 400176', bdl = 28253134', odl = 191199', odf = 6926575', bsi = 2369', cnt = 29748139', bdch = 2260256176', odch = 316268744', lcp = 65977551', #sols = 150
<DWph=0> <it=  7> <et=1985.92> <Mt= 0.01> <Spt=18.39> <nCl= 10> <al=0.00> <DB= 3111.4105> <Mlp= 3111.4105> <PB=10000000> 
RCSP solver dynamic params and stats :  bidir.bord. = 375 aver.obdmd = 98.3607 aver.buck.num. = 101 nbR1C = 247 with avMem = 20.4049
@@ 833 1 3111.41 9.59652 11.3355 92.389 1985.92
    Full reduced cost fixing is not called (gap ratio is 0.999993)
ColGenEvalAlg final dual bound: 3111.41 (rounded: 3112)
False gap improvement since the last cut separation : 0.00052676 (3111.25)
Cut generation tailing off counter increased to 1
Current active cuts : CAP(1,0.523117) R1C(29+218,453.662) 1rowPackR1C(29) 3rowPackR1C(81) 4rowPackR1C(61) 5rowPackR1C(76)
5 Rank-1 3-rows pack. cuts added ,  max viol. = 0.0373309, aver. viol. = 0.0284029
Building structures for heuristic rank-1 packing cut separation...done!
12 Rank-1 4-rows pack. cuts added ,  max viol. = 0.0523484, aver. viol. = 0.0363272
94 Rank-1 5-rows pack. cuts added ,  max viol. = 0.064765, aver. viol. = 0.0351912
Shrinking heuristic shrunk 29 edges
----- Add fac. cuts : R1C(111), max.viol = 0.107939, aver.viol = 0.0504218, sep/add took 0.862041/0.409221 sec. -----
19691 columns (9023 active), 1196 dyn. constrs. (364 active), 1438 art. vars. (606 active)
<DWph=2> <it=  1> <et=1987.66> <Mt= 0.17> <Spt= 0.24> <nCl=  5> <al=0.50> <DB= 3111.4647> <Mlp= 3111.5188> <PB=10000000> 
<DWph=2> <it=  2> <et=1988.13> <Mt= 0.01> <Spt= 0.46> <nCl=  3> <al=0.00> <DB= 3109.0972> <Mlp= 3111.5188> <PB=10000000> 
<DWph=2> <it=  3> <et=1988.61> <Mt= 0.01> <Spt= 0.48> <nCl=  2> <al=0.00> <DB= 3111.5188> <Mlp= 3111.5188> <PB=10000000> 
<DWph=1> <it=  4> <et=1989.06> <Mt= 0.01> <Spt= 0.44> <nCl=  2> <al=0.20> <DB= 3106.2031> <Mlp= 3111.5188> <PB=10000000> 
<DWph=1> <it=  5> <et=1989.97> <Mt= 0.01> <Spt= 0.89> <nCl=  0> <al=0.00> <DB= 3111.5188> <Mlp= 3111.5188> <PB=10000000> 
1 bl.dch (4163)...2 bl.dch (4779)...    RCSP exact solver info for graph G_0 : TT = 10.395, pt = 0.010257, dt = 9.52491, ct = 0.857237, ndl = 421007', bdl = 29716032', odl = 196597', odf = 7334058', bsi = 2403', cnt = 32014784', bdch = 2458422480', odch = 356328055', lcp = 73849575', #sols = 150
<DWph=0> <it=  6> <et=2000.39> <Mt= 0.00> <Spt=10.42> <nCl= 37> <al=0.18> <DB= 2865.1285> <Mlp= 3111.5188> <PB=10000000> 
1 bl.dch (4164)...2 bl.dch (4779)...    RCSP exact solver info for graph G_0 : TT = 12.5251, pt = 0.010481, dt = 11.6789, ct = 0.833091, ndl = 421221', bdl = 29705896', odl = 196075', odf = 7346710', bsi = 2361', cnt = 32484056', bdch = 2457723455', odch = 358354947', lcp = 73815721', #sols = 150
<DWph=0> <it=  7> <et=2010.96> <Mt= 0.09> <Spt=10.49> <nCl= 18> <al=0.26> <DB= 3046.9582> <Mlp= 3111.5102> <PB=10000000> 
1 bl.dch (4176)...2 bl.dch (4808)...    RCSP exact solver info for graph G_0 : TT = 10.2911, pt = 0.011, dt = 9.44699, ct = 0.830817, ndl = 416131', bdl = 29385302', odl = 195136', odf = 7263693', bsi = 2349', cnt = 31428109', bdch = 2404215468', odch = 351746785', lcp = 72756757', #sols = 150
1 bl.dch (4169)...2 bl.dch (4794)...    RCSP exact solver info for graph G_0 : TT = 10.3917, pt = 0.009919, dt = 9.5339, ct = 0.845379, ndl = 418776', bdl = 29541134', odl = 196262', odf = 7310602', bsi = 2399', cnt = 31881274', bdch = 2435108221', odch = 355489720', lcp = 73305974', #sols = 150
<DWph=0> <it=  8> <et=2031.69> <Mt= 0.02> <Spt=20.70> <nCl= 14> <al=0.00> <DB= 3111.5099> <Mlp= 3111.5099> <PB=10000000> 
RCSP solver dynamic params and stats :  bidir.bord. = 375 aver.obdmd = 98.3607 aver.buck.num. = 101 nbR1C = 253 with avMem = 20.9447
@@ 833 2 3111.51 10.8878 12.512 92.389 2031.69
    Full reduced cost fixing is not called (gap ratio is 0.999993)
ColGenEvalAlg final dual bound: 3111.51 (rounded: 3112)
False gap improvement since the last cut separation : 0.000319575 (3111.41)
----- Cut generation stopped by the pricing solver
Current active cuts : CAP(1,0.431642) R1C(29+224,461.57) 1rowPackR1C(29) 3rowPackR1C(78) 4rowPackR1C(58) 5rowPackR1C(88)
SB exact phase 3 branch on var x[(12, 30)]_0_1283_0_OspV (lhs=0.708983) : [3116.175, 3111.5099], tree depth = 1e+12, tree size = 1e+12, score = -0.4588 (h)
SB with phases chosed candidate var x[(12, 30)]_0_1283_0_OspV (lhs=0.708983)
************************************************************************************************
**** BaB tree node (N° 9, parent N° 7, depth 4, treatOrderId 833)
**** Local DB = 3111.51, global bounds : [ 3110 , 1e+07 ], TIME = 0h33m51s84t = 203184
**** 5 open nodes, 19772 columns (9104 active), 898 dyn. constrs. (260 active), 1140 art. vars. (502 active)
************************************************************************************************
**** Strong branching phase 1 is started *****
SB phase 1 cand.  1 branch on var x[(8, 85)]_0_896_0_OspV (lhs=0.3520)    : [ 3112.3786,  3114.2700], score = 2.40 (h)  <et=2032.46>
BaPCod info: Cplex status is 'Optimal solution found, unscaled infeasibilities'
SB phase 1 cand.  2 branch on colGenSp (9.2079)                           : [ 3111.5099,  3112.9668], score = 0.00      <et=2033.95>
SB phase 1 cand.  3 branch on var x[(6, 86)]_0_670_0_OspV (lhs=0.8203)    : [ 3111.9426,  3117.0293], score = 2.39 (h)  <et=2034.61>
BaPCod info: Cplex status is 'Optimal solution found, unscaled infeasibilities'
SB phase 1 cand.  4 branch on omega[3] (lhs=2.3594)                       : [ 3111.9070,  3111.9407], score = 0.17      <et=2035.06>
SB phase 1 cand.  5 branch on var x[(1, 31)]_0_30_0_OspV (lhs=0.9946)     : [ 3111.5133, 1503191.2367], score = 5052.10 (h)  <et=2035.74>
SB phase 1 cand.  6 branch on omega[2] (lhs=24.2037)                      : [ 3111.5099,  3111.5867], score = 0.00      <et=2035.92>
BaPCod info: Cplex status is 'Optimal solution found, unscaled infeasibilities'
SB phase 1 cand.  7 branch on var x[(26, 77)]_0_2751_0_OspV (lhs=0.9973)  : [ 3111.5109, 3003171.1840], score = 2882.45 (h)  <et=2036.51>
BaPCod info: Cplex status is 'Optimal solution found, unscaled infeasibilities'
SB phase 1 cand.  8 branch on omega[1] (lhs=2.0054)                       : [ 3111.5133,  3121.4534], score = 0.03      <et=2036.9>
BaPCod info: Cplex status is 'Optimal solution found, unscaled infeasibilities'
SB phase 1 cand.  9 branch on var x[(77, 78)]_0_6271_0_OspV (lhs=0.4813)  : [ 3112.0908,  3113.0000], score = 0.87 (h)  <et=2037.38>
SB phase 1 cand. 10 branch on Psi[2,3] (lhs=1.3955)                       : [ 3111.6599,  3112.6068], score = 0.16      <et=2037.82>
SB phase 1 cand. 11 branch on Psi[1,3] (lhs=0.5274)                       : [ 3112.0777,  3113.0000], score = 0.85 (h)  <et=2038.25>
BaPCod info: Cplex status is 'Optimal solution found, unscaled infeasibilities'
SB phase 1 cand. 12 branch on Psi[2,6] (lhs=1.2389)                       : [ 3111.5506,  3113.0000], score = 0.06      <et=2038.54>
SB phase 1 cand. 13 branch on var x[(38, 77)]_0_3813_0_OspV (lhs=0.3381)  : [ 3112.0434,  3116.3482], score = 2.58 (h)  <et=2039.13>
BaPCod info: Cplex status is 'Optimal solution found, unscaled infeasibilities'
SB phase 1 cand. 14 branch on var x[(2, 102)]_0_220_0_OspV (lhs=0.5030)   : [ 3111.7337,  3111.8092], score = 0.07      <et=2039.52>
BaPCod info: Cplex status is 'Optimal solution found, unscaled infeasibilities'
SB phase 1 cand. 15 branch on Psi[1,2] (lhs=0.4779)                       : [ 3112.0821,  3113.0000], score = 0.85 (h)  <et=2039.97>
BaPCod info: Cplex status is 'Optimal solution found, unscaled infeasibilities'
SB phase 1 cand. 16 branch on var x[(1, 26)]_0_25_0_OspV (lhs=0.5248)     : [ 3112.0821,  3113.0000], score = 0.85      <et=2040.41>
SB phase 1 cand. 17 branch on var x[(50, 117)]_0_4771_0_OspV (lhs=0.3733) : [ 3112.4800,  3113.2145], score = 1.65 (h)  <et=2040.98>
BaPCod info: Cplex status is 'Optimal solution found, unscaled infeasibilities'
SB phase 1 cand. 18 branch on var x[(31, 45)]_0_3179_0_OspV (lhs=0.5274)  : [ 3112.0790,  3113.0000], score = 0.85      <et=2041.42>
BaPCod info: Cplex status is 'Optimal solution found, unscaled infeasibilities'
SB phase 1 cand. 19 branch on var x[(1, 85)]_0_84_0_OspV (lhs=0.4752)     : [ 3112.0820,  3113.0000], score = 0.85 (h)  <et=2041.86>
SB phase 1 cand. 20 branch on var x[(45, 117)]_0_4406_0_OspV (lhs=0.4726) : [ 3112.0777,  3113.0000], score = 0.85      <et=2042.29>
BaPCod info: Cplex status is 'Optimal solution found, unscaled infeasibilities'
SB phase 1 cand. 21 branch on var x[(37, 76)]_0_3729_0_OspV (lhs=0.7432)  : [ 3112.2901,  3113.2063], score = 1.32 (h)  <et=2042.89>
SB phase 1 cand. 22 branch on var x[(38, 115)]_0_3851_0_OspV (lhs=0.4662) : [ 3111.9585,  3112.9034], score = 0.63      <et=2043.42>
BaPCod info: Cplex status is 'Optimal solution found, unscaled infeasibilities'
SB phase 1 cand. 23 branch on var x[(37, 69)]_0_3722_0_OspV (lhs=0.2568)  : [ 3112.2901,  3113.2063], score = 1.32 (h)  <et=2044>
BaPCod info: Cplex status is 'Optimal solution found, unscaled infeasibilities'
SB phase 1 cand. 24 branch on var x[(18, 96)]_0_1982_0_OspV (lhs=0.4453)  : [ 3111.7274,  3113.0000], score = 0.32      <et=2044.41>
BaPCod info: Cplex status is 'Optimal solution found, unscaled infeasibilities'
SB phase 1 cand. 25 branch on var x[(86, 108)]_0_6652_0_OspV (lhs=0.1797) : [ 3111.8075,  3117.0293], score = 1.64 (h)  <et=2044.96>
BaPCod info: Cplex status is 'Optimal solution found, unscaled infeasibilities'
SB phase 1 cand. 26 branch on var x[(49, 94)]_0_4677_0_OspV (lhs=0.4369)  : [ 3111.9504,  3113.0000], score = 0.66      <et=2045.38>
SB phase 1 cand. 27 branch on var x[(26, 31)]_0_2705_0_OspV (lhs=0.4779)  : [ 3112.0821,  3113.0000], score = 0.85 (h)  <et=2045.86>
BaPCod info: Cplex status is 'Optimal solution found, unscaled infeasibilities'
SB phase 1 cand. 28 branch on var x[(6, 108)]_0_692_0_OspV (lhs=0.5635)   : [ 3111.9978,  3112.7266], score = 0.59      <et=2046.41>
SB phase 1 cand. 29 branch on var x[(76, 108)]_0_6257_0_OspV (lhs=0.2568) : [ 3112.2683,  3113.2063], score = 1.29 (h)  <et=2047.01>
SB phase 1 cand. 30 branch on var x[(6, 76)]_0_660_0_OspV (lhs=0.4365)    : [ 3111.9978,  3113.0000], score = 0.73      <et=2047.6>
SB phase 1 cand. 31 branch on var x[(8, 50)]_0_861_0_OspV (lhs=0.6267)    : [ 3112.5392,  3113.2021], score = 1.74 (h)  <et=2048.25>
SB phase 1 cand. 32 branch on var x[(76, 83)]_0_6232_0_OspV (lhs=0.5635)  : [ 3111.9978,  3113.0000], score = 0.73      <et=2048.81>
SB phase 1 cand. 33 branch on var x[(6, 48)]_0_632_0_OspV (lhs=0.1797)    : [ 3111.8067,  3116.3615], score = 1.44 (h)  <et=2049.4>
SB phase 1 cand. 34 branch on var x[(0, 105)]_0_7124_0_OspV (lhs=0.4339)  : [ 3111.5138,  3113.0000], score = 0.01      <et=2049.71>
SB phase 1 cand. 35 branch on var x[(17, 83)]_0_1866_0_OspV (lhs=0.2568)  : [ 3112.2901,  3113.1214], score = 1.26 (h)  <et=2050.28>
SB phase 1 cand. 36 branch on var x[(89, 101)]_0_6744_0_OspV (lhs=0.4297) : [ 3111.5189,  3111.6343], score = 0.00      <et=2050.51>
BaPCod info: Cplex status is 'Optimal solution found, unscaled infeasibilities'
SB phase 1 cand. 37 branch on var x[(4, 69)]_0_422_0_OspV (lhs=0.7432)    : [ 3112.2901,  3113.1214], score = 1.26 (h)  <et=2051.14>
BaPCod info: Cplex status is 'Optimal solution found, unscaled infeasibilities'
SB phase 1 cand. 38 branch on var x[(28, 46)]_0_2907_0_OspV (lhs=0.5716)  : [ 3111.7756,  3112.7664], score = 0.33      <et=2051.63>
BaPCod info: Cplex status is 'Optimal solution found, unscaled infeasibilities'
SB phase 1 cand. 39 branch on var x[(4, 37)]_0_390_0_OspV (lhs=0.2568)    : [ 3112.2901,  3113.1214], score = 1.26 (h)  <et=2052.23>
BaPCod info: Cplex status is 'Optimal solution found, unscaled infeasibilities'
BaPCod info: Cplex status is 'Optimal solution found, unscaled infeasibilities'
SB phase 1 cand. 40 branch on var x[(13, 90)]_0_1451_0_OspV (lhs=0.5719)  : [ 3111.7829,  3113.0000], score = 0.41      <et=2052.71>
SB phase 1 cand. 41 branch on var x[(17, 37)]_0_1820_0_OspV (lhs=0.7432)  : [ 3112.2901,  3113.0990], score = 1.24 (h)  <et=2053.31>
SB phase 1 cand. 42 branch on var x[(2, 52)]_0_170_0_OspV (lhs=0.4120)    : [ 3111.6940,  3112.1363], score = 0.12      <et=2053.78>
SB phase 1 cand. 43 branch on var x[(111, 120)]_0_7214_0_OspV (lhs=0.8131): [ 3111.9282,  3114.7536], score = 1.36 (h)  <et=2054.3>
BaPCod info: Cplex status is 'Optimal solution found, unscaled infeasibilities'
SB phase 1 cand. 44 branch on var x[(0, 42)]_0_4100_0_OspV (lhs=0.4117)   : [ 3111.7870,  3111.8918], score = 0.11      <et=2054.7>
SB phase 1 cand. 45 branch on var x[(0, 88)]_0_6699_0_OspV (lhs=0.7176)   : [ 3112.3657,  3112.9627], score = 1.24 (h)  <et=2055.27>
SB phase 1 cand. 46 branch on var x[(7, 42)]_0_740_0_OspV (lhs=0.5883)    : [ 3111.8042,  3111.8918], score = 0.11      <et=2055.67>
SB phase 1 cand. 47 branch on Psi[3,6] (lhs=0.4365)                       : [ 3111.9978,  3113.0000], score = 0.73 (h)  <et=2056.18>
SB phase 1 cand. 48 branch on var x[(42, 93)]_0_4151_0_OspV (lhs=0.5885)  : [ 3111.8973,  3111.9742], score = 0.18      <et=2056.55>
BaPCod info: Cplex status is 'Optimal solution found, unscaled infeasibilities'
SB phase 1 cand. 49 branch on var x[(13, 68)]_0_1429_0_OspV (lhs=0.6907)  : [ 3112.0251,  3112.8300], score = 0.68 (h)  <et=2057.08>
SB phase 1 cand. 50 branch on var x[(92, 113)]_0_6846_0_OspV (lhs=0.6071) : [ 3111.8869,  3113.0000], score = 0.56      <et=2057.53>
SB phase 1 cand. 51 branch on var x[(43, 113)]_0_4249_0_OspV (lhs=0.5475) : [ 3112.3724,  3112.7839], score = 1.10 (h)  <et=2058.12>
BaPCod info: Cplex status is 'Optimal solution found, unscaled infeasibilities'
SB phase 1 cand. 52 branch on var x[(0, 66)]_0_5720_0_OspV (lhs=0.6340)   : [ 3112.1942,  3112.3456], score = 0.57      <et=2058.63>
BaPCod info: Cplex status is 'Optimal solution found, unscaled infeasibilities'
SB phase 1 cand. 53 branch on var x[(16, 111)]_0_1790_0_OspV (lhs=0.1797) : [ 3111.9282,  3114.7536], score = 1.36 (h)  <et=2059.16>
SB phase 1 cand. 54 branch on var x[(23, 92)]_0_2478_0_OspV (lhs=0.3627)  : [ 3111.7489,  3113.0000], score = 0.36      <et=2059.47>
BaPCod info: Cplex status is 'Optimal solution found, unscaled infeasibilities'
SB phase 1 cand. 55 branch on var x[(16, 73)]_0_1752_0_OspV (lhs=0.8203)  : [ 3111.9282,  3114.7535], score = 1.36 (h)  <et=2060.04>
SB phase 1 cand. 56 branch on var x[(21, 56)]_0_2245_0_OspV (lhs=0.6376)  : [ 3111.5239,  3111.5318], score = 0.00      <et=2060.19>
BaPCod info: Cplex status is 'Optimal solution found, unscaled infeasibilities'
SB phase 1 cand. 57 branch on var x[(109, 120)]_0_7193_0_OspV (lhs=0.2440): [ 3111.9531,  3113.7266], score = 0.98 (h)  <et=2060.72>
BaPCod info: Cplex status is 'Optimal solution found, unscaled infeasibilities'
BaPCod info: Cplex status is 'Optimal solution found, unscaled infeasibilities'
SB phase 1 cand. 58 branch on var x[(0, 65)]_0_5664_0_OspV (lhs=0.6377)   : [ 3112.0996,  3112.4611], score = 0.56      <et=2061.19>
SB phase 1 cand. 59 branch on var x[(0, 99)]_0_7007_0_OspV (lhs=0.6407)   : [ 3112.2130,  3112.8439], score = 0.94 (h)  <et=2061.7>
BaPCod info: Cplex status is 'Optimal solution found, unscaled infeasibilities'
SB phase 1 cand. 60 branch on var x[(34, 88)]_0_3486_0_OspV (lhs=0.6431)  : [ 3111.9662,  3112.6080], score = 0.50      <et=2062.22>
SB phase 1 cand. 61 branch on var x[(10, 90)]_0_1124_0_OspV (lhs=0.2168)  : [ 3111.8252,  3114.8315], score = 1.05 (h)  <et=2062.81>
SB phase 1 cand. 62 branch on var x[(58, 79)]_0_5265_0_OspV (lhs=0.6499)  : [ 3112.1486,  3112.2970], score = 0.50      <et=2063.26>
SB phase 1 cand. 63 branch on var x[(13, 71)]_0_1432_0_OspV (lhs=0.2936)  : [ 3111.9067,  3113.3109], score = 0.71 (h)  <et=2063.81>
BaPCod info: Cplex status is 'Optimal solution found, unscaled infeasibilities'
BaPCod info: Cplex status is 'Optimal solution found, unscaled infeasibilities'
SB phase 1 cand. 64 branch on var x[(0, 74)]_0_6132_0_OspV (lhs=0.6506)   : [ 3111.6995,  3112.5458], score = 0.20      <et=2064.24>
SB phase 1 cand. 65 branch on var x[(11, 109)]_0_1253_0_OspV (lhs=0.7578) : [ 3111.9531,  3113.4259], score = 0.85 (h)  <et=2064.72>
SB phase 1 cand. 66 branch on var x[(48, 63)]_0_4574_0_OspV (lhs=0.6548)  : [ 3111.5099,  3111.9390], score = 0.00      <et=2064.97>
BaPCod info: Cplex status is 'Optimal solution found, unscaled infeasibilities'
SB phase 1 cand. 67 branch on var x[(106, 113)]_0_7147_0_OspV (lhs=0.7380): [ 3111.9478,  3113.5671], score = 0.90 (h)  <et=2065.5>
BaPCod info: Cplex status is 'Optimal solution found, unscaled infeasibilities'
SB phase 1 cand. 68 branch on var x[(53, 70)]_0_4931_0_OspV (lhs=0.6588)  : [ 3111.8954,  3112.3807], score = 0.34      <et=2065.97>
BaPCod info: Cplex status is 'Optimal solution found, unscaled infeasibilities'
SB phase 1 cand. 69 branch on var x[(71, 72)]_0_5986_0_OspV (lhs=0.6436)  : [ 3112.1024,  3112.2054], score = 0.41 (h)  <et=2066.51>
SB phase 1 cand. 70 branch on var x[(21, 89)]_0_2278_0_OspV (lhs=0.3408)  : [ 3111.5198,  3111.5398], score = 0.00      <et=2066.67>
SB phase 1 cand. 71 branch on var x[(3, 107)]_0_343_0_OspV (lhs=0.7029)   : [ 3111.7270,  3114.9051], score = 0.74 (h)  <et=2067.19>
SB phase 1 cand. 72 branch on var x[(0, 70)]_0_5934_0_OspV (lhs=0.6716)   : [ 3111.6316,  3113.3193], score = 0.22      <et=2067.65>
SB phase 1 cand. 73 branch on var x[(0, 90)]_0_6764_0_OspV (lhs=0.6436)   : [ 3112.1253,  3112.8649], score = 0.83 (h)  <et=2068.23>
SB phase 1 cand. 74 branch on var x[(0, 102)]_0_7070_0_OspV (lhs=0.6757)  : [ 3111.7502,  3111.8795], score = 0.09      <et=2068.63>
BaPCod info: Cplex status is 'Optimal solution found, unscaled infeasibilities'
SB phase 1 cand. 75 branch on var x[(35, 87)]_0_3571_0_OspV (lhs=0.7036)  : [ 3112.2842,  3112.5904], score = 0.84 (h)  <et=2069.14>
BaPCod info: Cplex status is 'Optimal solution found, unscaled infeasibilities'
SB phase 1 cand. 76 branch on var x[(19, 105)]_0_2093_0_OspV (lhs=0.3197) : [ 3111.5113,  3112.3901], score = 0.00      <et=2069.43>
SB phase 1 cand. 77 branch on var x[(87, 115)]_0_6693_0_OspV (lhs=0.2512) : [ 3111.9177,  3113.0392], score = 0.62 (h)  <et=2070>
BaPCod info: Cplex status is 'Optimal solution found, unscaled infeasibilities'
BaPCod info: Cplex status is 'Optimal solution found, unscaled infeasibilities'
SB phase 1 cand. 78 branch on var x[(53, 96)]_0_4957_0_OspV (lhs=0.6908)  : [ 3112.0419,  3112.2624], score = 0.40      <et=2070.45>
SB phase 1 cand. 79 branch on var x[(0, 23)]_0_2409_0_OspV (lhs=0.5414)   : [ 3112.1079,  3112.6927], score = 0.71 (h)  <et=2070.98>
BaPCod info: Cplex status is 'Optimal solution found, unscaled infeasibilities'
SB phase 1 cand. 80 branch on var x[(72, 74)]_0_6037_0_OspV (lhs=0.6928)  : [ 3111.7432,  3112.1136], score = 0.14      <et=2071.46>
BaPCod info: Cplex status is 'Optimal solution found, unscaled infeasibilities'
SB phase 1 cand. 81 branch on var x[(0, 10)]_0_1044_0_OspV (lhs=0.7165)   : [ 3112.1630,  3112.7944], score = 0.84 (h)  <et=2071.99>
BaPCod info: Cplex status is 'Optimal solution found, unscaled infeasibilities'
SB phase 1 cand. 82 branch on var x[(13, 72)]_0_1433_0_OspV (lhs=0.3062)  : [ 3111.8611,  3112.3108], score = 0.28      <et=2072.49>
SB phase 1 cand. 83 branch on var x[(0, 83)]_0_6519_0_OspV (lhs=0.3246)   : [ 3111.9251,  3113.6672], score = 0.90 (h)  <et=2073.03>
SB phase 1 cand. 84 branch on var x[(0, 28)]_0_2889_0_OspV (lhs=0.6942)   : [ 3112.2261,  3112.2462], score = 0.53      <et=2073.54>
SB phase 1 cand. 85 branch on var x[(28, 114)]_0_2975_0_OspV (lhs=0.1275) : [ 3111.5945,  3113.3474], score = 0.16 (h)  <et=2073.95>
BaPCod info: Cplex status is 'Optimal solution found, unscaled infeasibilities'
SB phase 1 cand. 86 branch on var x[(56, 101)]_0_5160_0_OspV (lhs=0.3054) : [ 3111.5160,  3111.6538], score = 0.00      <et=2074.18>
SB phase 1 cand. 87 branch on var x[(21, 100)]_0_2289_0_OspV (lhs=0.7355) : [ 3112.2616,  3112.4992], score = 0.74 (h)  <et=2074.73>
BaPCod info: Cplex status is 'Optimal solution found, unscaled infeasibilities'
SB phase 1 cand. 88 branch on var x[(0, 53)]_0_4914_0_OspV (lhs=0.2998)   : [ 3111.7301,  3112.3807], score = 0.19      <et=2075.14>
SB phase 1 cand. 89 branch on var x[(66, 83)]_0_5737_0_OspV (lhs=0.6388)  : [ 3112.3410,  3112.3458], score = 0.69 (h)  <et=2075.66>
SB phase 1 cand. 90 branch on var x[(74, 90)]_0_6148_0_OspV (lhs=0.2987)  : [ 3111.6853,  3112.8413], score = 0.23      <et=2076.12>
SB phase 1 cand. 91 branch on var x[(11, 59)]_0_1203_0_OspV (lhs=0.1000)  : [ 3111.5846,  3116.6114], score = 0.38 (h)  <et=2076.62>
SB phase 1 cand. 92 branch on var x[(49, 74)]_0_4657_0_OspV (lhs=0.2951)  : [ 3111.6893,  3112.8413], score = 0.24      <et=2077.03>
SB phase 1 cand. 93 branch on var x[(32, 59)]_0_3282_0_OspV (lhs=0.8985)  : [ 3111.5846,  3116.0775], score = 0.34 (h)  <et=2077.49>
SB phase 1 cand. 94 branch on var x[(10, 98)]_0_1132_0_OspV (lhs=0.7151)  : [ 3112.1316,  3112.2810], score = 0.48      <et=2078>
BaPCod info: Cplex status is 'Optimal solution found, unscaled infeasibilities'
SB phase 1 cand. 95 branch on var x[(5, 64)]_0_533_0_OspV (lhs=0.6365)    : [ 3112.2695,  3112.3468], score = 0.64 (h)  <et=2078.56>
BaPCod info: Cplex status is 'Optimal solution found, unscaled infeasibilities'
SB phase 1 cand. 96 branch on var x[(0, 94)]_0_6882_0_OspV (lhs=0.2837)   : [ 3111.7498,  3112.7599], score = 0.30      <et=2079.05>
BaPCod info: Cplex status is 'Optimal solution found, unscaled infeasibilities'
BaPCod info: Cplex status is 'Optimal solution found, unscaled infeasibilities'
SB phase 1 cand. 97 branch on var x[(9, 19)]_0_942_0_OspV (lhs=0.5923)    : [ 3112.0346,  3112.1793], score = 0.35 (h)  <et=2079.54>
BaPCod info: Cplex status is 'Optimal solution found, unscaled infeasibilities'
SB phase 1 cand. 98 branch on var x[(0, 79)]_0_6357_0_OspV (lhs=0.7211)   : [ 3112.1511,  3112.4000], score = 0.57      <et=2080.11>
SB phase 1 cand. 99 branch on var x[(23, 115)]_0_2501_0_OspV (lhs=0.1189) : [ 3111.5820,  3117.7992], score = 0.45 (h)  <et=2080.66>
BaPCod info: Cplex status is 'Optimal solution found, unscaled infeasibilities'
SB phase 1 cand. 100 branch on var x[(23, 101)]_0_2487_0_OspV (lhs=0.2745) : [ 3111.6286,  3113.2764], score = 0.21      <et=2081.13>
**** Strong branching phase 2 is started *****
#BaPCod info: Cplex status is 'Optimal solution found, unscaled infeasibilities'
BaPCod info: Cplex status is 'Optimal solution found, unscaled infeasibilities'
BaPCod info: Cplex status is 'Optimal solution found, unscaled infeasibilities'
BaPCod info: Cplex status is 'Optimal solution found, unscaled infeasibilities'
BaPCod info: Cplex status is 'Optimal solution found, unscaled infeasibilities'
BaPCod info: Cplex status is 'Optimal solution found, unscaled infeasibilities'
<DWph=1> <it= 22> <et=2090.29> <Mt= 2.45> <Spt= 6.67> <nCl=219> <al=0.00> <DB= 3124.4981> <Mlp= 3124.4981> <PB=10000000> 
<DWph=1> <it=  2> <et=2091.96> <Mt= 0.02> <Spt= 1.29> <nCl=  5> <al=0.00> <DB= 3111.5133> <Mlp= 3111.5133> <PB=10000000> 
SB phase 2 cand.  1 branch on var x[(1, 31)]_0_30_0_OspV (lhs=0.9946)   : [ 3111.5133,  3124.4981], score = 0.04 (h)  <et=2092.01>
##BaPCod info: Cplex status is 'Optimal solution found, unscaled infeasibilities'
BaPCod info: Cplex status is 'Optimal solution found, unscaled infeasibilities'
<DWph=2> <it= 18> <et=2099.46> <Mt= 2.65> <Spt= 4.52> <nCl=311> <al=0.48> <DB= 2605.7556> <Mlp= 3129.2396> <PB=10000000> 
BaPCod info: Cplex status is 'Optimal solution found, unscaled infeasibilities'
BaPCod info: Cplex status is 'Optimal solution found, unscaled infeasibilities'
BaPCod info: Cplex status is 'Optimal solution found, unscaled infeasibilities'
<DWph=1> <it= 38> <et=2110.32> <Mt= 0.97> <Spt= 9.87> <nCl=135> <al=0.00> <DB= 3126.1505> <Mlp= 3126.1505> <PB=10000000> 
BaPCod info: Cplex status is 'Optimal solution found, unscaled infeasibilities'
BaPCod info: Cplex status is 'Optimal solution found, unscaled infeasibilities'
<DWph=1> <it=  2> <et=2112.09> <Mt= 0.04> <Spt= 1.38> <nCl=  1> <al=0.00> <DB= 3111.5109> <Mlp= 3111.5109> <PB=10000000> 
SB phase 2 cand.  2 branch on var x[(26, 77)]_0_2751_0_OspV (lhs=0.9973): [ 3111.5109,  3126.1505], score = 0.01 (h)  <et=2112.14>
BaPCod info: Cplex status is 'Optimal solution found, unscaled infeasibilities'
BaPCod info: Cplex status is 'Optimal solution found, unscaled infeasibilities'
<DWph=2> <it= 51> <et=2135.60> <Mt= 8.48> <Spt=14.68> <nCl=524> <al=0.20> <DB= 2766.6079> <Mlp= 3114.3257> <PB=10000000> 
<DWph=1> <it= 68> <et=2145.20> <Mt= 0.48> <Spt= 9.10> <nCl=174> <al=0.00> <DB= 3114.3098> <Mlp= 3114.3098> <PB=10000000> 
BaPCod info: Cplex status is 'Optimal solution found, unscaled infeasibilities'
BaPCod info: Cplex status is 'Optimal solution found, unscaled infeasibilities'
<DWph=1> <it=  6> <et=2148.85> <Mt= 0.14> <Spt= 3.14> <nCl= 22> <al=0.00> <DB= 3111.9952> <Mlp= 3111.9952> <PB=10000000> 
SB phase 2 cand.  3 branch on var x[(38, 77)]_0_3813_0_OspV (lhs=0.3381): [ 3111.9952,  3114.3098], score = 1.36 (h)  <et=2148.9>
**** Strong branching phase 3 is started *****
**** SB phase 3 evaluation of candidate 1, branch 1 ( x[(38, 77)]_0_3813_0_OspV >= 1 ), value = 3114.31
<DWph=2> <it=  1> <et=2149.58> <Mt= 0.01> <Spt= 0.34> <nCl=  3> <al=0.00> <DB= 3114.3098> <Mlp= 3114.3098> <PB=10000000> 
<DWph=1> <it=  2> <et=2150.27> <Mt= 0.00> <Spt= 0.69> <nCl=  0> <al=0.00> <DB= 3114.3098> <Mlp= 3114.3098> <PB=10000000> 
1 bl.dch (4719)...    RCSP exact solver info for graph G_0 : TT = 5.69538, pt = 0.006758, dt = 5.30743, ct = 0.378607, ndl = 306589', bdl = 22053625', odl = 154721', odf = 5218584', bsi = 2374', cnt = 13453147', bdch = 1328746515', odch = 225253013', lcp = 43285206', #sols = 150
<DWph=0> <it=  3> <et=2156.03> <Mt= 0.00> <Spt= 5.74> <nCl=150> <al=0.30> <DB= 2110.0313> <Mlp= 3114.3098> <PB=10000000> 
1 bl.dch (4724)...    RCSP exact solver info for graph G_0 : TT = 5.57719, pt = 0.00768, dt = 5.27877, ct = 0.288272, ndl = 303320', bdl = 21853124', odl = 152061', odf = 5224268', bsi = 2676', cnt = 9715099', bdch = 1314530088', odch = 215659029', lcp = 42766364', #sols = 150
<DWph=0> <it=  4> <et=2162.11> <Mt= 0.46> <Spt= 5.63> <nCl=150> <al=0.20> <DB= 1657.6991> <Mlp= 3114.2986> <PB=10000000> 
1 bl.dch (4687)...    RCSP exact solver info for graph G_0 : TT = 5.99507, pt = 0.007632, dt = 5.55608, ct = 0.428875, ndl = 315865', bdl = 22666404', odl = 160239', odf = 5469700', bsi = 2405', cnt = 16569779', bdch = 1386348731', odch = 232984129', lcp = 45396465', #sols = 150
<DWph=0> <it=  5> <et=2168.48> <Mt= 0.28> <Spt= 6.04> <nCl=124> <al=0.28> <DB= 2500.5319> <Mlp= 3114.2986> <PB=10000000> 
    RCSP exact solver info for graph G_0 : TT = 0.162783, pt = 0.007927, dt = 0.151306, ct = 0.001969, ndl = 5808', bdl = 549276', odl = 12954', odf = 44189', bsi = 5459', cnt = 4184', bdch = 1159097', odch = 24600', lcp = 111051', #sols = 150
<DWph=0> <it=  6> <et=2169.30> <Mt= 0.63> <Spt= 0.20> <nCl=150> <al=0.35> <DB=-8397926293.7598> <Mlp= 3114.2628> <PB=10000000> 
BaPCod info: Cplex status is 'Optimal solution found, unscaled infeasibilities'
    RCSP exact solver info for graph G_0 : TT = 1.17037, pt = 0.007834, dt = 1.14944, ct = 0.011351, ndl = 73879', bdl = 7593500', odl = 64943', odf = 995834', bsi = 4893', cnt = 171344', bdch = 108772182', odch = 12343163', lcp = 5443018', #sols = 150
<DWph=0> <it=  7> <et=2170.69> <Mt= 0.18> <Spt= 1.20> <nCl=150> <al=0.42> <DB=-41507.3829> <Mlp= 3114.2628> <PB=10000000> 
    RCSP exact solver info for graph G_0 : TT = 0.300159, pt = 0.007004, dt = 0.289017, ct = 0.002391, ndl = 15031', bdl = 1556565', odl = 22410', odf = 138706', bsi = 4077', cnt = 4720', bdch = 6677145', odch = 354885', lcp = 489557', #sols = 150
<DWph=0> <it=  8> <et=2171.58> <Mt= 0.55> <Spt= 0.33> <nCl=150> <al=0.48> <DB=-95758.0776> <Mlp= 3114.2628> <PB=10000000> 
1 bl.dch (4628)...    RCSP exact solver info for graph G_0 : TT = 5.64884, pt = 0.007678, dt = 5.43377, ct = 0.205077, ndl = 312335', bdl = 22802719', odl = 160013', odf = 5447212', bsi = 2824', cnt = 4287893', bdch = 1416517259', odch = 212414364', lcp = 42183517', #sols = 150
<DWph=0> <it=  9> <et=2177.63> <Mt= 0.36> <Spt= 5.69> <nCl=150> <al=0.53> <DB=  755.7400> <Mlp= 3114.2628> <PB=10000000> 
1 bl.dch (4609)...    RCSP exact solver info for graph G_0 : TT = 6.35117, pt = 0.007264, dt = 5.86815, ct = 0.47295, ndl = 328190', bdl = 23474761', odl = 162859', odf = 5668093', bsi = 2304', cnt = 17657144', bdch = 1483190405', odch = 248486862', lcp = 48637440', #sols = 150
<DWph=0> <it= 10> <et=2184.42> <Mt= 0.40> <Spt= 6.39> <nCl= 88> <al=0.57> <DB= 2761.4613> <Mlp= 3114.2628> <PB=10000000> 
1 bl.dch (4577)...    RCSP exact solver info for graph G_0 : TT = 7.16318, pt = 0.009476, dt = 6.64944, ct = 0.501467, ndl = 330402', bdl = 23622786', odl = 162915', odf = 5662607', bsi = 2325', cnt = 18797035', bdch = 1522141017', odch = 241473676', lcp = 47636661', #sols = 150
<DWph=0> <it= 11> <et=2191.91> <Mt= 0.30> <Spt= 7.19> <nCl= 70> <al=0.47> <DB= 2813.4248> <Mlp= 3114.2555> <PB=10000000> 
1 bl.dch (4591)...    RCSP exact solver info for graph G_0 : TT = 7.73431, pt = 0.008721, dt = 7.21252, ct = 0.510303, ndl = 328707', bdl = 23462706', odl = 159998', odf = 5600600', bsi = 2320', cnt = 19567324', bdch = 1505922735', odch = 238108160', lcp = 46748040', #sols = 150
<DWph=0> <it= 12> <et=2199.10> <Mt= 0.36> <Spt= 6.83> <nCl= 32> <al=0.53> <DB= 2955.6022> <Mlp= 3114.2417> <PB=10000000> 
1 bl.dch (4571)...    RCSP exact solver info for graph G_0 : TT = 6.37509, pt = 0.008709, dt = 5.88186, ct = 0.481752, ndl = 330185', bdl = 23562799', odl = 161564', odf = 5634897', bsi = 2302', cnt = 20083549', bdch = 1523322427', odch = 236622598', lcp = 47224682', #sols = 150
<DWph=0> <it= 13> <et=2205.72> <Mt= 0.23> <Spt= 6.39> <nCl= 34> <al=0.43> <DB= 2837.7548> <Mlp= 3114.2417> <PB=10000000> 
1 bl.dch (4548)...    RCSP exact solver info for graph G_0 : TT = 6.38053, pt = 0.007778, dt = 5.90989, ct = 0.460255, ndl = 332687', bdl = 23791495', odl = 163789', odf = 5660543', bsi = 2303', cnt = 18948174', bdch = 1551393308', odch = 242315164', lcp = 48720017', #sols = 150
<DWph=0> <it= 14> <et=2212.51> <Mt= 0.40> <Spt= 6.39> <nCl= 12> <al=0.48> <DB= 3037.3608> <Mlp= 3114.2417> <PB=10000000> 
1 bl.dch (4586)...    RCSP exact solver info for graph G_0 : TT = 6.59559, pt = 0.00776, dt = 6.07816, ct = 0.507074, ndl = 327990', bdl = 23387382', odl = 162616', odf = 5584408', bsi = 2315', cnt = 19697486', bdch = 1515207799', odch = 232314295', lcp = 46996014', #sols = 150
<DWph=0> <it= 15> <et=2219.35> <Mt= 0.23> <Spt= 6.62> <nCl= 31> <al=0.38> <DB= 2988.9870> <Mlp= 3114.2417> <PB=10000000> 
1 bl.dch (4537)...    RCSP exact solver info for graph G_0 : TT = 6.82027, pt = 0.008313, dt = 6.2952, ct = 0.513855, ndl = 332627', bdl = 23686503', odl = 161433', odf = 5613391', bsi = 2303', cnt = 19687203', bdch = 1559183115', odch = 240180850', lcp = 47533723', #sols = 150
<DWph=0> <it= 16> <et=2226.40> <Mt= 0.21> <Spt= 6.83> <nCl= 11> <al=0.45> <DB= 3027.7060> <Mlp= 3114.2417> <PB=10000000> 
1 bl.dch (4561)...    RCSP exact solver info for graph G_0 : TT = 6.84773, pt = 0.009146, dt = 6.34579, ct = 0.490135, ndl = 329029', bdl = 23581009', odl = 162838', odf = 5586809', bsi = 2316', cnt = 19417446', bdch = 1528865583', odch = 232226332', lcp = 47358258', #sols = 150
<DWph=0> <it= 17> <et=2233.77> <Mt= 0.51> <Spt= 6.86> <nCl=  3> <al=0.50> <DB= 3019.1751> <Mlp= 3114.2417> <PB=10000000> 
1 bl.dch (4542)...    RCSP exact solver info for graph G_0 : TT = 6.8144, pt = 0.008169, dt = 6.27895, ct = 0.524563, ndl = 331624', bdl = 23742655', odl = 163658', odf = 5645185', bsi = 2316', cnt = 19786655', bdch = 1550324420', odch = 238256326', lcp = 48188241', #sols = 150
<DWph=0> <it= 18> <et=2240.61> <Mt= 0.02> <Spt= 6.82> <nCl= 10> <al=0.55> <DB= 3071.8502> <Mlp= 3114.2417> <PB=10000000> 
1 bl.dch (4597)...    RCSP exact solver info for graph G_0 : TT = 6.39585, pt = 0.008127, dt = 5.88157, ct = 0.503655, ndl = 323968', bdl = 23225347', odl = 160578', odf = 5503717', bsi = 2309', cnt = 19962930', bdch = 1487884908', odch = 221687361', lcp = 45404004', #sols = 150
<DWph=0> <it= 19> <et=2247.02> <Mt= 0.01> <Spt= 6.41> <nCl=  4> <al=0.45> <DB= 3015.8482> <Mlp= 3114.2416> <PB=10000000> 
1 bl.dch (4599)...    RCSP exact solver info for graph G_0 : TT = 6.35308, pt = 0.008352, dt = 5.85956, ct = 0.482725, ndl = 323916', bdl = 23228587', odl = 161307', odf = 5522481', bsi = 2317', cnt = 19524340', bdch = 1481500787', odch = 223271320', lcp = 45566230', #sols = 150
<DWph=0> <it= 20> <et=2253.40> <Mt= 0.01> <Spt= 6.36> <nCl= 10> <al=0.51> <DB= 3092.7808> <Mlp= 3114.2416> <PB=10000000> 
1 bl.dch (4605)...    RCSP exact solver info for graph G_0 : TT = 7.47367, pt = 0.007984, dt = 6.9721, ct = 0.491014, ndl = 323089', bdl = 23162506', odl = 161553', odf = 5515821', bsi = 2325', cnt = 20088812', bdch = 1478173590', odch = 222449241', lcp = 45198764', #sols = 150
<DWph=0> <it= 21> <et=2259.80> <Mt= 0.01> <Spt= 6.40> <nCl= 20> <al=0.41> <DB= 3080.7001> <Mlp= 3114.2416> <PB=10000000> 
1 bl.dch (4593)...    RCSP exact solver info for graph G_0 : TT = 6.49682, pt = 0.007871, dt = 6.00022, ct = 0.486007, ndl = 323739', bdl = 23210505', odl = 161698', odf = 5509855', bsi = 2333', cnt = 19516989', bdch = 1493429143', odch = 220849876', lcp = 45214871', #sols = 150
<DWph=0> <it= 22> <et=2266.49> <Mt= 0.18> <Spt= 6.50> <nCl=  4> <al=0.47> <DB= 3095.6065> <Mlp= 3114.2416> <PB=10000000> 
1 bl.dch (4593)...    RCSP exact solver info for graph G_0 : TT = 6.43418, pt = 0.007625, dt = 5.90901, ct = 0.515022, ndl = 324611', bdl = 23269427', odl = 161047', odf = 5527649', bsi = 2304', cnt = 19515128', bdch = 1491177581', odch = 224517852', lcp = 45473732', #sols = 150
<DWph=0> <it= 23> <et=2273.13> <Mt= 0.19> <Spt= 6.44> <nCl=  4> <al=0.52> <DB= 3095.7943> <Mlp= 3114.2416> <PB=10000000> 
1 bl.dch (4608)...    RCSP exact solver info for graph G_0 : TT = 6.19005, pt = 0.008021, dt = 5.66884, ct = 0.510419, ndl = 322019', bdl = 23089870', odl = 160006', odf = 5484120', bsi = 2323', cnt = 19370314', bdch = 1466389501', odch = 221801009', lcp = 44980375', #sols = 150
<DWph=0> <it= 24> <et=2279.34> <Mt= 0.01> <Spt= 6.21> <nCl= 18> <al=0.57> <DB= 3042.0828> <Mlp= 3114.2416> <PB=10000000> 
1 bl.dch (4603)...    RCSP exact solver info for graph G_0 : TT = 6.55878, pt = 0.008313, dt = 6.05443, ct = 0.493475, ndl = 323041', bdl = 23086062', odl = 160659', odf = 5493772', bsi = 2318', cnt = 19520981', bdch = 1483197460', odch = 223199529', lcp = 45103936', #sols = 150
1 bl.dch (4603)...    RCSP exact solver info for graph G_0 : TT = 7.95506, pt = 0.008975, dt = 7.43732, ct = 0.506127, ndl = 322296', bdl = 23014370', odl = 161045', odf = 5469726', bsi = 2326', cnt = 19673260', bdch = 1482261265', odch = 224277536', lcp = 45220308', #sols = 150
1 bl.dch (4614)...    RCSP exact solver info for graph G_0 : TT = 6.40938, pt = 0.00816, dt = 5.90256, ct = 0.495862, ndl = 320633', bdl = 22880629', odl = 159289', odf = 5426932', bsi = 2317', cnt = 19750423', bdch = 1467032090', odch = 222370636', lcp = 44665165', #sols = 150
<DWph=0> <it= 25> <et=2299.17> <Mt= 0.21> <Spt=19.62> <nCl= 19> <al=0.00> <DB= 3100.2657> <Mlp= 3114.2416> <PB=10000000> 
1 bl.dch (4593)...    RCSP exact solver info for graph G_0 : TT = 6.46003, pt = 0.007931, dt = 5.97486, ct = 0.474787, ndl = 323852', bdl = 23077849', odl = 160686', odf = 5489898', bsi = 2347', cnt = 20021203', bdch = 1496508267', odch = 225935146', lcp = 45253954', #sols = 150
1 bl.dch (4619)...    RCSP exact solver info for graph G_0 : TT = 6.1837, pt = 0.009173, dt = 5.64615, ct = 0.525626, ndl = 319791', bdl = 22846280', odl = 158862', odf = 5407053', bsi = 2337', cnt = 19699199', bdch = 1459177745', odch = 221103665', lcp = 44489497', #sols = 150
1 bl.dch (4606)...    RCSP exact solver info for graph G_0 : TT = 6.39773, pt = 0.008159, dt = 5.87537, ct = 0.511707, ndl = 321419', bdl = 22920275', odl = 159457', odf = 5436238', bsi = 2360', cnt = 19971228', bdch = 1475231117', odch = 222773213', lcp = 44702019', #sols = 150
<DWph=0> <it= 26> <et=2318.25> <Mt= 0.01> <Spt=19.07> <nCl= 10> <al=0.00> <DB= 3114.2416> <Mlp= 3114.2416> <PB=10000000> 
RCSP solver dynamic params and stats :  bidir.bord. = 375 aver.obdmd = 98.3607 aver.buck.num. = 101 nbR1C = 196 with avMem = 19.5102
@@ 1040 0 3114.24 5.88011 7.94344 92.389 2318.25
    Full reduced cost fixing is not called (gap ratio is 0.999993)
ColGenEvalAlg final dual bound: 3114.24 (rounded: 3115)
Current active cuts : R1C(25+171,448.424) 1rowPackR1C(25) 3rowPackR1C(67) 4rowPackR1C(42) 5rowPackR1C(62)
3 Rank-1 1-rows pack. cuts added ,  max viol. = 0.0430666, aver. viol. = 0.0364835
150 Rank-1 3-rows pack. cuts added ,  max viol. = 0.130408, aver. viol. = 0.0925921
Shrinking heuristic shrunk 72 edges
In total 3 RCC cut(s) are found by the Fractional capacity min-cut heuristic 
In total 35 RCC cut(s) are found by the greedy construction heuristic 
In total 5 RCC cut(s) are found by the global pool greedy search heuristic 
----- Add fac. cuts : CAP(43) R1C(153), max.viol = 0.148472, aver.viol = 0.0961828, sep/add took 0.0197488/1.05867 sec. -----
21519 columns (7773 active), 1081 dyn. constrs. (400 active), 1327 art. vars. (642 active)
<DWph=2> <it=  1> <et=2319.78> <Mt= 0.18> <Spt= 0.21> <nCl=  1> <al=0.50> <DB= 3114.5038> <Mlp= 3114.7660> <PB=10000000> 
<DWph=2> <it=  2> <et=2320.19> <Mt= 0.00> <Spt= 0.40> <nCl=  7> <al=0.00> <DB= 3100.0930> <Mlp= 3114.7660> <PB=10000000> 
<DWph=2> <it=  3> <et=2320.64> <Mt= 0.01> <Spt= 0.44> <nCl=  7> <al=0.00> <DB= 3060.3686> <Mlp= 3114.7660> <PB=10000000> 
<DWph=2> <it=  4> <et=2320.85> <Mt= 0.01> <Spt= 0.20> <nCl=  4> <al=0.20> <DB= 3076.1111> <Mlp= 3114.7660> <PB=10000000> 
<DWph=2> <it=  5> <et=2321.15> <Mt= 0.09> <Spt= 0.21> <nCl=  6> <al=0.28> <DB= 2972.6597> <Mlp= 3114.7634> <PB=10000000> 
<DWph=2> <it=  6> <et=2321.94> <Mt= 0.57> <Spt= 0.22> <nCl=  8> <al=0.18> <DB= 2983.5649> <Mlp= 3114.7462> <PB=10000000> 
<DWph=2> <it=  7> <et=2322.21> <Mt= 0.07> <Spt= 0.21> <nCl=  7> <al=0.26> <DB= 3092.1396> <Mlp= 3114.7458> <PB=10000000> 
<DWph=2> <it=  8> <et=2322.43> <Mt= 0.01> <Spt= 0.20> <nCl=  3> <al=0.34> <DB= 3109.8815> <Mlp= 3114.7458> <PB=10000000> 
<DWph=2> <it=  9> <et=2322.65> <Mt= 0.01> <Spt= 0.21> <nCl=  3> <al=0.24> <DB= 3110.7412> <Mlp= 3114.7458> <PB=10000000> 
BaPCod info: Cplex status is 'Optimal solution found, unscaled infeasibilities'
<DWph=2> <it= 10> <et=2323.07> <Mt= 0.02> <Spt= 0.40> <nCl=  3> <al=0.00> <DB= 2798.3342> <Mlp= 3114.7458> <PB=10000000> 
<DWph=2> <it= 11> <et=2323.46> <Mt= 0.01> <Spt= 0.38> <nCl=  1> <al=0.00> <DB= 3114.7458> <Mlp= 3114.7458> <PB=10000000> 
<DWph=1> <it= 12> <et=2323.84> <Mt= 0.00> <Spt= 0.37> <nCl= 12> <al=0.11> <DB= 2867.8428> <Mlp= 3114.7458> <PB=10000000> 
BaPCod info: Cplex status is 'Optimal solution found, unscaled infeasibilities'
<DWph=1> <it= 13> <et=2324.30> <Mt= 0.10> <Spt= 0.37> <nCl=  7> <al=0.20> <DB= 3067.3179> <Mlp= 3114.7432> <PB=10000000> 
BaPCod info: Cplex status is 'Optimal solution found, unscaled infeasibilities'
<DWph=1> <it= 14> <et=2324.68> <Mt= 0.01> <Spt= 0.36> <nCl=  6> <al=0.28> <DB= 2497.2315> <Mlp= 3114.7432> <PB=10000000> 
BaPCod info: Cplex status is 'Optimal solution found, unscaled infeasibilities'
<DWph=1> <it= 15> <et=2325.08> <Mt= 0.03> <Spt= 0.37> <nCl=  6> <al=0.35> <DB= 3057.3861> <Mlp= 3114.7432> <PB=10000000> 
<DWph=1> <it= 16> <et=2325.82> <Mt= 0.01> <Spt= 0.74> <nCl= 11> <al=0.00> <DB= 2832.7324> <Mlp= 3114.7432> <PB=10000000> 
<DWph=1> <it= 17> <et=2326.56> <Mt= 0.01> <Spt= 0.72> <nCl=  4> <al=0.00> <DB= 3114.7432> <Mlp= 3114.7432> <PB=10000000> 
1 bl.dch (4658)...    RCSP exact solver info for graph G_0 : TT = 5.78867, pt = 0.006736, dt = 5.36069, ct = 0.41908, ndl = 316179', bdl = 22700932', odl = 157785', odf = 5616060', bsi = 2229', cnt = 18993469', bdch = 1401529055', odch = 230236855', lcp = 44972079', #sols = 150
<DWph=0> <it= 18> <et=2332.41> <Mt= 0.01> <Spt= 5.85> <nCl=150> <al=0.22> <DB= 2337.6564> <Mlp= 3114.7432> <PB=10000000> 
1 bl.dch (4558)...    RCSP exact solver info for graph G_0 : TT = 6.61653, pt = 0.007184, dt = 6.12059, ct = 0.486128, ndl = 333936', bdl = 23841721', odl = 163859', odf = 5971472', bsi = 2339', cnt = 22315019', bdch = 1533028927', odch = 262222024', lcp = 50207666', #sols = 150
<DWph=0> <it= 19> <et=2339.65> <Mt= 0.59> <Spt= 6.65> <nCl= 52> <al=0.30> <DB= 2884.8963> <Mlp= 3114.7372> <PB=10000000> 
1 bl.dch (4570)...    RCSP exact solver info for graph G_0 : TT = 6.57516, pt = 0.008383, dt = 6.06719, ct = 0.497157, ndl = 331576', bdl = 23535822', odl = 164197', odf = 5972108', bsi = 2350', cnt = 23804804', bdch = 1528418080', odch = 264231027', lcp = 49479338', #sols = 150
<DWph=0> <it= 20> <et=2346.67> <Mt= 0.41> <Spt= 6.60> <nCl= 41> <al=0.20> <DB= 3032.1932> <Mlp= 3114.7341> <PB=10000000> 
1 bl.dch (4597)...    RCSP exact solver info for graph G_0 : TT = 6.57488, pt = 0.007716, dt = 6.03538, ct = 0.529211, ndl = 328156', bdl = 23280677', odl = 160986', odf = 5890907', bsi = 2315', cnt = 23321321', bdch = 1490677932', odch = 260623970', lcp = 48702703', #sols = 150
<DWph=0> <it= 21> <et=2353.27> <Mt= 0.02> <Spt= 6.59> <nCl= 11> <al=0.28> <DB= 3062.0919> <Mlp= 3114.7341> <PB=10000000> 
BaPCod info: Cplex status is 'Optimal solution found, unscaled infeasibilities'
1 bl.dch (4605)...    RCSP exact solver info for graph G_0 : TT = 7.84702, pt = 0.007662, dt = 7.33477, ct = 0.502285, ndl = 326117', bdl = 23136706', odl = 160840', odf = 5853867', bsi = 2284', cnt = 22886276', bdch = 1478972093', odch = 255224561', lcp = 47788617', #sols = 150
<DWph=0> <it= 22> <et=2359.86> <Mt= 0.02> <Spt= 6.56> <nCl= 21> <al=0.35> <DB= 3069.7448> <Mlp= 3114.7341> <PB=10000000> 
1 bl.dch (4606)...    RCSP exact solver info for graph G_0 : TT = 6.31909, pt = 0.008275, dt = 5.83565, ct = 0.472829, ndl = 326260', bdl = 23180072', odl = 161028', odf = 5851402', bsi = 2319', cnt = 22757116', bdch = 1475947369', odch = 256449603', lcp = 48116841', #sols = 150
<DWph=0> <it= 23> <et=2366.21> <Mt= 0.01> <Spt= 6.34> <nCl= 10> <al=0.41> <DB= 3083.0570> <Mlp= 3114.7341> <PB=10000000> 
1 bl.dch (4605)...    RCSP exact solver info for graph G_0 : TT = 6.48949, pt = 0.008166, dt = 5.99866, ct = 0.480419, ndl = 326668', bdl = 23204872', odl = 161565', odf = 5864184', bsi = 2297', cnt = 22713897', bdch = 1481703578', odch = 256953540', lcp = 48207662', #sols = 150
<DWph=0> <it= 24> <et=2372.72> <Mt= 0.01> <Spt= 6.50> <nCl=  7> <al=0.47> <DB= 3097.0021> <Mlp= 3114.7341> <PB=10000000> 
BaPCod info: Cplex status is 'Optimal solution found, unscaled infeasibilities'
1 bl.dch (4595)...    RCSP exact solver info for graph G_0 : TT = 6.53919, pt = 0.007461, dt = 6.03462, ct = 0.494692, ndl = 328009', bdl = 23290429', odl = 161693', odf = 5884979', bsi = 2276', cnt = 22927067', bdch = 1494391125', odch = 259002241', lcp = 48632241', #sols = 150
1 bl.dch (4555)...    RCSP exact solver info for graph G_0 : TT = 6.69327, pt = 0.007918, dt = 6.16608, ct = 0.516976, ndl = 333477', bdl = 23684378', odl = 165464', odf = 6007610', bsi = 2376', cnt = 23428993', bdch = 1547991898', odch = 264898566', lcp = 49871169', #sols = 150
1 bl.dch (4599)...    RCSP exact solver info for graph G_0 : TT = 7.61703, pt = 0.007311, dt = 7.11411, ct = 0.493319, ndl = 327586', bdl = 23275813', odl = 162144', odf = 5851271', bsi = 2326', cnt = 21839399', bdch = 1490387525', odch = 257029116', lcp = 48651288', #sols = 150
<DWph=0> <it= 25> <et=2392.34> <Mt= 0.02> <Spt=19.60> <nCl= 31> <al=0.00> <DB= 3113.6669> <Mlp= 3114.7341> <PB=10000000> 
1 bl.dch (4592)...    RCSP exact solver info for graph G_0 : TT = 6.23783, pt = 0.008394, dt = 5.74321, ct = 0.483601, ndl = 328553', bdl = 23342349', odl = 162285', odf = 5892411', bsi = 2313', cnt = 22916872', bdch = 1502737863', odch = 257511243', lcp = 48384395', #sols = 150
1 bl.dch (4591)...    RCSP exact solver info for graph G_0 : TT = 6.27464, pt = 0.007819, dt = 5.82175, ct = 0.442646, ndl = 329188', bdl = 23347302', odl = 163365', odf = 5885442', bsi = 2359', cnt = 22050943', bdch = 1509734731', odch = 258121716', lcp = 48863306', #sols = 150
<DWph=0> <it= 26> <et=2404.89> <Mt= 0.01> <Spt=12.54> <nCl= 11> <al=0.00> <DB= 3114.7341> <Mlp= 3114.7341> <PB=10000000> 
RCSP solver dynamic params and stats :  bidir.bord. = 375 aver.obdmd = 98.3607 aver.buck.num. = 101 nbR1C = 184 with avMem = 19.4348
@@ 1040 1 3114.73 6.62092 7.83706 92.389 2404.89
    Full reduced cost fixing is not called (gap ratio is 0.999993)
ColGenEvalAlg final dual bound: 3114.73 (rounded: 3115)
False gap improvement since the last cut separation : 0.00158142 (3114.24)
Separator R1C not in maximum phase
Cut generation tailing off counter increased to 0
Current active cuts : CAP(3,34.6059) R1C(25+159,425.728) 1rowPackR1C(25) 3rowPackR1C(68) 4rowPackR1C(37) 5rowPackR1C(54)
150 Rank-1 3-rows pack. cuts added ,  max viol. = 0.0912318, aver. viol. = 0.0395253
Building structures for heuristic rank-1 packing cut separation...done!
100 Rank-1 4-rows pack. cuts added ,  max viol. = 0.128535, aver. viol. = 0.0432269
Shrinking heuristic shrunk 49 edges
In total 1 RCC cut(s) are found by the Fractional capacity min-cut heuristic 
In total 1 RCC cut(s) are found by the greedy construction heuristic 
In total 4 RCC cut(s) are found by the global pool greedy search heuristic 
----- Add fac. cuts : CAP(6) R1C(250), max.viol = 0.131891, aver.viol = 0.0426936, sep/add took 0.0787594/0.814794 sec. -----
21949 columns (8203 active), 1337 dyn. constrs. (449 active), 1583 art. vars. (691 active)
BaPCod info: Cplex status is 'Optimal solution found, unscaled infeasibilities'
<DWph=2> <it=  1> <et=2406.25> <Mt= 0.19> <Spt= 0.21> <nCl=  1> <al=0.50> <DB= 3114.3182> <Mlp= 3115.2444> <PB=10000000> 
<DWph=2> <it=  2> <et=2406.71> <Mt= 0.03> <Spt= 0.42> <nCl=  8> <al=0.10> <DB= 2904.9555> <Mlp= 3115.2433> <PB=10000000> 
<DWph=2> <it=  3> <et=2407.19> <Mt= 0.06> <Spt= 0.42> <nCl= 12> <al=0.00> <DB= 2880.9955> <Mlp= 3115.2420> <PB=10000000> 
BaPCod info: Cplex status is 'Optimal solution found, unscaled infeasibilities'
<DWph=2> <it=  4> <et=2407.59> <Mt= 0.02> <Spt= 0.38> <nCl=  4> <al=0.00> <DB= 3115.2420> <Mlp= 3115.2420> <PB=10000000> 
<DWph=1> <it=  5> <et=2407.95> <Mt= 0.01> <Spt= 0.36> <nCl= 12> <al=0.25> <DB= 2788.5163> <Mlp= 3115.2420> <PB=10000000> 
<DWph=1> <it=  6> <et=2408.91> <Mt= 0.56> <Spt= 0.39> <nCl= 27> <al=0.15> <DB= 1723.8284> <Mlp= 3115.2296> <PB=10000000> 
<DWph=1> <it=  7> <et=2409.61> <Mt= 0.33> <Spt= 0.37> <nCl=  6> <al=0.24> <DB= 2708.8051> <Mlp= 3115.2296> <PB=10000000> 
BaPCod info: Cplex status is 'Optimal solution found, unscaled infeasibilities'
<DWph=1> <it=  8> <et=2410.30> <Mt= 0.33> <Spt= 0.36> <nCl=  6> <al=0.31> <DB= 3038.1645> <Mlp= 3115.2296> <PB=10000000> 
<DWph=1> <it=  9> <et=2410.67> <Mt= 0.02> <Spt= 0.35> <nCl=  6> <al=0.38> <DB= 3059.0057> <Mlp= 3115.2296> <PB=10000000> 
<DWph=1> <it= 10> <et=2411.06> <Mt= 0.03> <Spt= 0.36> <nCl=  7> <al=0.44> <DB= 3095.8910> <Mlp= 3115.2296> <PB=10000000> 
<DWph=1> <it= 11> <et=2411.42> <Mt= 0.00> <Spt= 0.35> <nCl=  1> <al=0.34> <DB= 3099.5658> <Mlp= 3115.2296> <PB=10000000> 
BaPCod info: Cplex status is 'Optimal solution found, unscaled infeasibilities'
<DWph=1> <it= 12> <et=2412.16> <Mt= 0.02> <Spt= 0.73> <nCl=  4> <al=0.00> <DB= 3112.1145> <Mlp= 3115.2296> <PB=10000000> 
BaPCod info: Cplex status is 'Optimal solution found, unscaled infeasibilities'
<DWph=1> <it= 13> <et=2412.87> <Mt= 0.02> <Spt= 0.68> <nCl=  2> <al=0.00> <DB= 3115.2296> <Mlp= 3115.2296> <PB=10000000> 
BaPCod info: Cplex status is 'Optimal solution found, unscaled infeasibilities'
1 bl.dch (4454)...    RCSP exact solver info for graph G_0 : TT = 6.74986, pt = 0.006657, dt = 6.21715, ct = 0.523979, ndl = 353193', bdl = 25074316', odl = 172765', odf = 6221739', bsi = 2306', cnt = 24741869', bdch = 1740618012', odch = 254105545', lcp = 50785981', #sols = 150
<DWph=0> <it= 14> <et=2419.71> <Mt= 0.02> <Spt= 6.83> <nCl=150> <al=0.21> <DB= 2517.3614> <Mlp= 3115.2296> <PB=10000000> 
1 bl.dch (4381)...    RCSP exact solver info for graph G_0 : TT = 9.04435, pt = 0.007787, dt = 8.44578, ct = 0.588566, ndl = 375581', bdl = 26530489', odl = 184624', odf = 6735309', bsi = 2398', cnt = 28977579', bdch = 1915200854', odch = 289588001', lcp = 58815718', #sols = 150
<DWph=0> <it= 15> <et=2428.05> <Mt= 0.60> <Spt= 7.74> <nCl=138> <al=0.11> <DB= 2870.6658> <Mlp= 3115.2081> <PB=10000000> 
BaPCod info: Cplex status is 'Optimal solution found, unscaled infeasibilities'
1 bl.dch (4475)...    RCSP exact solver info for graph G_0 : TT = 6.86621, pt = 0.007875, dt = 6.3721, ct = 0.484045, ndl = 348979', bdl = 24933970', odl = 175231', odf = 6238234', bsi = 2346', cnt = 21653276', bdch = 1686110696', odch = 253353809', lcp = 51170539', #sols = 150
<DWph=0> <it= 16> <et=2436.42> <Mt= 1.47> <Spt= 6.89> <nCl= 52> <al=0.20> <DB= 2949.4961> <Mlp= 3115.1646> <PB=10000000> 
BaPCod info: Cplex status is 'Optimal solution found, unscaled infeasibilities'
    RCSP exact solver info for graph G_0 : TT = 0.22211, pt = 0.009163, dt = 0.209329, ct = 0.001871, ndl = 7538', bdl = 745053', odl = 14623', odf = 50832', bsi = 5702', cnt = 3309', bdch = 1840091', odch = 32669', lcp = 155031', #sols = 150
<DWph=0> <it= 17> <et=2438.15> <Mt= 1.46> <Spt= 0.28> <nCl=150> <al=0.28> <DB=-18725776177.4314> <Mlp= 3115.1609> <PB=10000000> 
    RCSP exact solver info for graph G_0 : TT = 2.69617, pt = 0.010567, dt = 2.62561, ct = 0.058195, ndl = 156771', bdl = 13744081', odl = 113932', odf = 2487704', bsi = 4962', cnt = 3140676', bdch = 394141959', odch = 50031025', lcp = 14453762', #sols = 150
<DWph=0> <it= 18> <et=2441.19> <Mt= 0.29> <Spt= 2.74> <nCl=150> <al=0.35> <DB=-23194.2610> <Mlp= 3115.1609> <PB=10000000> 
1 bl.dch (4446)...    RCSP exact solver info for graph G_0 : TT = 7.23603, pt = 0.008005, dt = 6.67105, ct = 0.554505, ndl = 351353', bdl = 25062575', odl = 179328', odf = 6292062', bsi = 2363', cnt = 23462517', bdch = 1745893258', odch = 253537970', lcp = 51349647', #sols = 150
<DWph=0> <it= 19> <et=2448.89> <Mt= 0.44> <Spt= 7.26> <nCl= 25> <al=0.41> <DB= 2998.2723> <Mlp= 3115.1609> <PB=10000000> 
1 bl.dch (4443)...    RCSP exact solver info for graph G_0 : TT = 8.4885, pt = 0.008834, dt = 8.15612, ct = 0.321119, ndl = 353444', bdl = 25295681', odl = 177609', odf = 6294584', bsi = 2605', cnt = 12067445', bdch = 1751609785', odch = 250625131', lcp = 49529013', #sols = 150
<DWph=0> <it= 20> <et=2456.13> <Mt= 0.05> <Spt= 7.18> <nCl=150> <al=0.47> <DB= 1525.2513> <Mlp= 3115.1604> <PB=10000000> 
1 bl.dch (4447)...    RCSP exact solver info for graph G_0 : TT = 6.98918, pt = 0.009553, dt = 6.43579, ct = 0.541378, ndl = 350401', bdl = 25076392', odl = 178820', odf = 6290089', bsi = 2364', cnt = 22943905', bdch = 1725064008', odch = 246943955', lcp = 49569620', #sols = 150
<DWph=0> <it= 21> <et=2463.64> <Mt= 0.50> <Spt= 7.02> <nCl= 28> <al=0.53> <DB= 3024.9353> <Mlp= 3115.1604> <PB=10000000> 
BaPCod info: Cplex status is 'Optimal solution found, unscaled infeasibilities'
1 bl.dch (4451)...    RCSP exact solver info for graph G_0 : TT = 7.1168, pt = 0.00922, dt = 6.5594, ct = 0.545655, ndl = 349287', bdl = 24954284', odl = 177910', odf = 6251952', bsi = 2370', cnt = 22834750', bdch = 1713310351', odch = 240481302', lcp = 48536920', #sols = 150
<DWph=0> <it= 22> <et=2471.23> <Mt= 0.45> <Spt= 7.14> <nCl= 32> <al=0.57> <DB= 3020.4066> <Mlp= 3115.1601> <PB=10000000> 
1 bl.dch (4453)...    RCSP exact solver info for graph G_0 : TT = 7.22031, pt = 0.009099, dt = 6.66352, ct = 0.545141, ndl = 350168', bdl = 24994339', odl = 177302', odf = 6305116', bsi = 2351', cnt = 23215536', bdch = 1717050939', odch = 250057321', lcp = 49880287', #sols = 150
<DWph=0> <it= 23> <et=2478.52> <Mt= 0.06> <Spt= 7.23> <nCl=  8> <al=0.62> <DB= 2982.4828> <Mlp= 3115.1601> <PB=10000000> 
1 bl.dch (4452)...    RCSP exact solver info for graph G_0 : TT = 8.67847, pt = 0.009094, dt = 8.14604, ct = 0.520836, ndl = 349563', bdl = 25000773', odl = 177388', odf = 6291803', bsi = 2367', cnt = 22520325', bdch = 1712204202', odch = 251132262', lcp = 49407328', #sols = 150
<DWph=0> <it= 24> <et=2485.87> <Mt= 0.07> <Spt= 7.27> <nCl= 11> <al=0.65> <DB= 3061.2221> <Mlp= 3115.1601> <PB=10000000> 
1 bl.dch (4475)...    RCSP exact solver info for graph G_0 : TT = 6.96158, pt = 0.009583, dt = 6.48484, ct = 0.464788, ndl = 346466', bdl = 24765212', odl = 174534', odf = 6241932', bsi = 2387', cnt = 21830661', bdch = 1678896276', odch = 249448942', lcp = 48576145', #sols = 150
<DWph=0> <it= 25> <et=2492.87> <Mt= 0.03> <Spt= 6.98> <nCl= 13> <al=0.55> <DB= 3033.0981> <Mlp= 3115.1601> <PB=10000000> 
1 bl.dch (4471)...    RCSP exact solver info for graph G_0 : TT = 6.83371, pt = 0.008153, dt = 6.35366, ct = 0.469727, ndl = 346155', bdl = 24761624', odl = 176385', odf = 6231930', bsi = 2338', cnt = 21839214', bdch = 1690411897', odch = 245087907', lcp = 48247048', #sols = 150
<DWph=0> <it= 26> <et=2499.76> <Mt= 0.04> <Spt= 6.84> <nCl= 11> <al=0.60> <DB= 3077.1526> <Mlp= 3115.1601> <PB=10000000> 
BaPCod info: Cplex status is 'Optimal solution found, unscaled infeasibilities'
1 bl.dch (4515)...    RCSP exact solver info for graph G_0 : TT = 6.83832, pt = 0.008046, dt = 6.37939, ct = 0.448605, ndl = 337000', bdl = 24197668', odl = 173133', odf = 6063436', bsi = 2319', cnt = 20826728', bdch = 1605333385', odch = 233343715', lcp = 46045172', #sols = 150
<DWph=0> <it= 27> <et=2506.64> <Mt= 0.02> <Spt= 6.85> <nCl= 18> <al=0.64> <DB= 3045.0773> <Mlp= 3115.1601> <PB=10000000> 
1 bl.dch (4526)...    RCSP exact solver info for graph G_0 : TT = 6.81278, pt = 0.00858, dt = 6.32087, ct = 0.480858, ndl = 334299', bdl = 24034812', odl = 171810', odf = 6013743', bsi = 2333', cnt = 20084459', bdch = 1579231391', odch = 229996585', lcp = 45498535', #sols = 150
1 bl.dch (4577)...    RCSP exact solver info for graph G_0 : TT = 8.06051, pt = 0.008921, dt = 7.59078, ct = 0.458047, ndl = 326186', bdl = 23523141', odl = 169485', odf = 5868312', bsi = 2325', cnt = 18812402', bdch = 1514216611', odch = 218238161', lcp = 43386716', #sols = 150
<DWph=0> <it= 28> <et=2520.14> <Mt= 0.04> <Spt=13.47> <nCl= 27> <al=0.35> <DB= 3027.9643> <Mlp= 3115.1601> <PB=10000000> 
1 bl.dch (4473)...    RCSP exact solver info for graph G_0 : TT = 6.88552, pt = 0.009261, dt = 6.36173, ct = 0.512011, ndl = 345458', bdl = 24740767', odl = 175458', odf = 6201752', bsi = 2345', cnt = 22046389', bdch = 1676672911', odch = 243509553', lcp = 48386010', #sols = 150
1 bl.dch (4450)...    RCSP exact solver info for graph G_0 : TT = 7.15676, pt = 0.009873, dt = 6.59107, ct = 0.55341, ndl = 349624', bdl = 25011826', odl = 177052', odf = 6259072', bsi = 2359', cnt = 23477959', bdch = 1711815520', odch = 247118263', lcp = 49735316', #sols = 150
<DWph=0> <it= 29> <et=2534.74> <Mt= 0.54> <Spt=14.06> <nCl= 10> <al=0.15> <DB= 3087.6833> <Mlp= 3115.1601> <PB=10000000> 
1 bl.dch (4453)...    RCSP exact solver info for graph G_0 : TT = 7.21697, pt = 0.009666, dt = 6.65727, ct = 0.547655, ndl = 349930', bdl = 25014127', odl = 177033', odf = 6275330', bsi = 2350', cnt = 22944040', bdch = 1714268114', odch = 247597561', lcp = 49704689', #sols = 150
1 bl.dch (4445)...    RCSP exact solver info for graph G_0 : TT = 6.88381, pt = 0.007573, dt = 6.38682, ct = 0.486624, ndl = 354363', bdl = 25267056', odl = 178255', odf = 6274195', bsi = 2345', cnt = 21448016', bdch = 1744527159', odch = 249640638', lcp = 50887802', #sols = 150
<DWph=0> <it= 30> <et=2548.90> <Mt= 0.02> <Spt=14.14> <nCl= 42> <al=0.00> <DB= 3066.1364> <Mlp= 3115.1601> <PB=10000000> 
1 bl.dch (4446)...    RCSP exact solver info for graph G_0 : TT = 8.78599, pt = 0.008534, dt = 8.25865, ct = 0.516585, ndl = 351340', bdl = 25131821', odl = 178070', odf = 6287849', bsi = 2346', cnt = 23595952', bdch = 1729979389', odch = 247126003', lcp = 49911706', #sols = 150
1 bl.dch (4449)...    RCSP exact solver info for graph G_0 : TT = 6.59246, pt = 0.007332, dt = 6.10118, ct = 0.481789, ndl = 351092', bdl = 25103169', odl = 177365', odf = 6202072', bsi = 2355', cnt = 21294319', bdch = 1716567441', odch = 245129807', lcp = 50168181', #sols = 150
<DWph=0> <it= 31> <et=2562.84> <Mt= 0.02> <Spt=13.92> <nCl= 22> <al=0.00> <DB= 3104.1973> <Mlp= 3115.1601> <PB=10000000> 
1 bl.dch (4447)...    RCSP exact solver info for graph G_0 : TT = 7.3012, pt = 0.008425, dt = 6.77571, ct = 0.514753, ndl = 350872', bdl = 25116549', odl = 177857', odf = 6286644', bsi = 2339', cnt = 23602718', bdch = 1722882082', odch = 246380935', lcp = 49799766', #sols = 150
1 bl.dch (4458)...    RCSP exact solver info for graph G_0 : TT = 6.70812, pt = 0.007787, dt = 6.17506, ct = 0.522981, ndl = 349461', bdl = 24979512', odl = 176932', odf = 6183469', bsi = 2361', cnt = 21054538', bdch = 1699719526', odch = 243095680', lcp = 49752143', #sols = 150
<DWph=0> <it= 32> <et=2576.89> <Mt= 0.01> <Spt=14.03> <nCl= 10> <al=0.00> <DB= 3115.1601> <Mlp= 3115.1601> <PB=10000000> 
RCSP solver dynamic params and stats :  bidir.bord. = 375 aver.obdmd = 98.3607 aver.buck.num. = 101 nbR1C = 194 with avMem = 18.9485
@@ 1040 2 3115.16 6.83675 9.03434 92.389 2576.89
    Full reduced cost fixing is not called (gap ratio is 0.999993)
ColGenEvalAlg final dual bound: 3115.16 (rounded: 3116)
False gap improvement since the last cut separation : 0.00136763 (3114.73)
Separator R1C not in maximum phase
Cut generation tailing off counter increased to 0
Current active cuts : CAP(6,100.098) R1C(25+169,476.465) 1rowPackR1C(25) 3rowPackR1C(73) 4rowPackR1C(50) 5rowPackR1C(46)
1 Rank-1 1-rows pack. cuts added ,  max viol. = 0.0213613, aver. viol. = 0.0213613
150 Rank-1 3-rows pack. cuts added ,  max viol. = 0.109698, aver. viol. = 0.051121
Building structures for heuristic rank-1 packing cut separation...done!
77 Rank-1 4-rows pack. cuts added ,  max viol. = 0.169474, aver. viol. = 0.0612038
100 Rank-1 5-rows pack. cuts added ,  max viol. = 0.223851, aver. viol. = 0.136164
Shrinking heuristic shrunk 56 edges
In total 4 RCC cut(s) are found by the greedy construction heuristic 
In total 9 RCC cut(s) are found by the global pool greedy search heuristic 
----- Add fac. cuts : CAP(13) R1C(328), max.viol = 0.27479, aver.viol = 0.0838975, sep/add took 0.402305/1.31186 sec. -----
23092 columns (9346 active), 1495 dyn. constrs. (548 active), 1924 art. vars. (790 active)
<DWph=2> <it=  1> <et=2579.44> <Mt= 0.28> <Spt= 0.41> <nCl=  9> <al=0.00> <DB= 3034.0957> <Mlp= 3115.6325> <PB=10000000> 
<DWph=2> <it=  2> <et=2579.88> <Mt= 0.07> <Spt= 0.37> <nCl= 13> <al=0.00> <DB= 3002.3470> <Mlp= 3115.6286> <PB=10000000> 
<DWph=2> <it=  3> <et=2580.31> <Mt= 0.04> <Spt= 0.39> <nCl=  8> <al=0.00> <DB= 2989.5127> <Mlp= 3115.6273> <PB=10000000> 
<DWph=2> <it=  4> <et=2580.70> <Mt= 0.01> <Spt= 0.37> <nCl=  0> <al=0.00> <DB= 3115.6273> <Mlp= 3115.6273> <PB=10000000> 
<DWph=1> <it=  5> <et=2581.06> <Mt= 0.01> <Spt= 0.36> <nCl=  4> <al=0.10> <DB= 3086.4985> <Mlp= 3115.6273> <PB=10000000> 
<DWph=1> <it=  6> <et=2581.47> <Mt= 0.03> <Spt= 0.37> <nCl=  7> <al=0.19> <DB= 3110.0914> <Mlp= 3115.6256> <PB=10000000> 
<DWph=1> <it=  7> <et=2582.22> <Mt= 0.01> <Spt= 0.75> <nCl=  1> <al=0.00> <DB= 3115.6256> <Mlp= 3115.6256> <PB=10000000> 
1 bl.dch (4555)...    RCSP exact solver info for graph G_0 : TT = 6.25618, pt = 0.007538, dt = 5.82834, ct = 0.417295, ndl = 330946', bdl = 23788766', odl = 167461', odf = 5855914', bsi = 2274', cnt = 18766310', bdch = 1561659158', odch = 253856281', lcp = 49162112', #sols = 150
<DWph=0> <it=  8> <et=2588.56> <Mt= 0.01> <Spt= 6.32> <nCl=150> <al=0.00> <DB= 2296.4928> <Mlp= 3115.6256> <PB=10000000> 
1 bl.dch (4849)...    RCSP exact solver info for graph G_0 : TT = 5.02554, pt = 0.007132, dt = 4.65975, ct = 0.356405, ndl = 282994', bdl = 20389243', odl = 147095', odf = 4921191', bsi = 2326', cnt = 16206260', bdch = 1196316721', odch = 179606686', lcp = 37300647', #sols = 150
<DWph=0> <it=  9> <et=2593.97> <Mt= 0.31> <Spt= 5.10> <nCl=150> <al=0.00> <DB= 2393.1477> <Mlp= 3115.5753> <PB=10000000> 
1 bl.dch (4817)...    RCSP exact solver info for graph G_0 : TT = 4.99704, pt = 0.007646, dt = 4.59483, ct = 0.392157, ndl = 285914', bdl = 20546352', odl = 146368', odf = 4954019', bsi = 2204', cnt = 17156111', bdch = 1217686244', odch = 182234541', lcp = 37512933', #sols = 150
<DWph=0> <it= 10> <et=2599.04> <Mt= 0.02> <Spt= 5.05> <nCl= 89> <al=0.09> <DB= 2890.7294> <Mlp= 3115.5753> <PB=10000000> 
1 bl.dch (4817)...    RCSP exact solver info for graph G_0 : TT = 5.04146, pt = 0.007186, dt = 4.6795, ct = 0.352547, ndl = 285780', bdl = 20537071', odl = 148647', odf = 4936527', bsi = 2190', cnt = 16406068', bdch = 1222487362', odch = 186913424', lcp = 38177297', #sols = 150
<DWph=0> <it= 11> <et=2604.20> <Mt= 0.08> <Spt= 5.08> <nCl= 78> <al=0.00> <DB= 2809.9002> <Mlp= 3115.5710> <PB=10000000> 
1 bl.dch (4770)...    RCSP exact solver info for graph G_0 : TT = 5.32838, pt = 0.007113, dt = 4.94817, ct = 0.370799, ndl = 291724', bdl = 21068956', odl = 149109', odf = 5072816', bsi = 2215', cnt = 14576935', bdch = 1251661136', odch = 172724543', lcp = 35937502', #sols = 150
<DWph=0> <it= 12> <et=2609.62> <Mt= 0.06> <Spt= 5.36> <nCl= 46> <al=0.09> <DB= 2853.2669> <Mlp= 3115.5702> <PB=10000000> 
1 bl.dch (4755)...    RCSP exact solver info for graph G_0 : TT = 6.87326, pt = 0.007307, dt = 6.47327, ct = 0.390145, ndl = 295107', bdl = 21294884', odl = 152015', odf = 5153532', bsi = 2216', cnt = 15659359', bdch = 1283565186', odch = 185668787', lcp = 37987253', #sols = 150
<DWph=0> <it= 13> <et=2615.01> <Mt= 0.03> <Spt= 5.37> <nCl=  7> <al=0.18> <DB= 3074.4893> <Mlp= 3115.5699> <PB=10000000> 
1 bl.dch (4750)...    RCSP exact solver info for graph G_0 : TT = 5.29398, pt = 0.007838, dt = 4.92725, ct = 0.356623, ndl = 295744', bdl = 21331452', odl = 152030', odf = 5170677', bsi = 2221', cnt = 15413034', bdch = 1286626380', odch = 185697472', lcp = 37855689', #sols = 150
<DWph=0> <it= 14> <et=2620.33> <Mt= 0.00> <Spt= 5.30> <nCl=  3> <al=0.08> <DB= 3087.5515> <Mlp= 3115.5699> <PB=10000000> 
1 bl.dch (4758)...    RCSP exact solver info for graph G_0 : TT = 5.22081, pt = 0.007116, dt = 4.84103, ct = 0.370362, ndl = 294767', bdl = 21293834', odl = 151902', odf = 5161184', bsi = 2196', cnt = 15323039', bdch = 1278366279', odch = 184915957', lcp = 37749685', #sols = 150
<DWph=0> <it= 15> <et=2625.57> <Mt= 0.01> <Spt= 5.23> <nCl=  6> <al=0.17> <DB= 3108.2266> <Mlp= 3115.5699> <PB=10000000> 
1 bl.dch (4741)...    RCSP exact solver info for graph G_0 : TT = 5.13759, pt = 0.007154, dt = 4.77581, ct = 0.352003, ndl = 296533', bdl = 21424345', odl = 152930', odf = 5190879', bsi = 2259', cnt = 15371407', bdch = 1293709563', odch = 186465912', lcp = 38176083', #sols = 150
1 bl.dch (4741)...    RCSP exact solver info for graph G_0 : TT = 5.37733, pt = 0.008099, dt = 4.999, ct = 0.368111, ndl = 296714', bdl = 21430282', odl = 152688', odf = 5191939', bsi = 2240', cnt = 15423788', bdch = 1294677165', odch = 186711147', lcp = 38075898', #sols = 150
<DWph=0> <it= 16> <et=2636.11> <Mt= 0.01> <Spt=10.54> <nCl=  9> <al=0.00> <DB= 3115.5699> <Mlp= 3115.5699> <PB=10000000> 
RCSP solver dynamic params and stats :  bidir.bord. = 375 aver.obdmd = 98.3607 aver.buck.num. = 101 nbR1C = 178 with avMem = 20.1292
@@ 1040 3 3115.57 5.44534 6.86341 92.389 2636.11
    Full reduced cost fixing is not called (gap ratio is 0.999993)
ColGenEvalAlg final dual bound: 3115.57 (rounded: 3116)
False gap improvement since the last cut separation : 0.0013157 (3115.16)
Cut generation tailing off counter increased to 1
Current active cuts : CAP(6,89.5313) R1C(25+153,421.918) 1rowPackR1C(25) 3rowPackR1C(53) 4rowPackR1C(46) 5rowPackR1C(54)
4 Rank-1 1-rows pack. cuts added ,  max viol. = 0.0726096, aver. viol. = 0.0454227
44 Rank-1 3-rows pack. cuts added ,  max viol. = 0.11975, aver. viol. = 0.0574863
Building structures for heuristic rank-1 packing cut separation...done!
20 Rank-1 4-rows pack. cuts added ,  max viol. = 0.122672, aver. viol. = 0.0563392
100 Rank-1 5-rows pack. cuts added ,  max viol. = 0.0937966, aver. viol. = 0.0666851
Shrinking heuristic shrunk 42 edges
In total 4 RCC cut(s) are found by the global pool greedy search heuristic 
----- Add fac. cuts : CAP(4) R1C(168), max.viol = 0.236707, aver.viol = 0.0794452, sep/add took 0.653812/0.717823 sec. -----
23672 columns (9926 active), 1439 dyn. constrs. (364 active), 2096 art. vars. (606 active)
<DWph=2> <it=  1> <et=2638.18> <Mt= 0.19> <Spt= 0.40> <nCl= 13> <al=0.00> <DB= 2985.2442> <Mlp= 3116.0582> <PB=10000000> 
<DWph=2> <it=  2> <et=2638.42> <Mt= 0.03> <Spt= 0.20> <nCl=  7> <al=0.40> <DB= 2851.5878> <Mlp= 3116.0518> <PB=10000000> 
<DWph=2> <it=  3> <et=2638.64> <Mt= 0.02> <Spt= 0.21> <nCl=  2> <al=0.46> <DB= 3074.1015> <Mlp= 3116.0516> <PB=10000000> 
<DWph=2> <it=  4> <et=2638.88> <Mt= 0.02> <Spt= 0.21> <nCl=  3> <al=0.51> <DB= 3094.5488> <Mlp= 3116.0441> <PB=10000000> 
<DWph=2> <it=  5> <et=2639.33> <Mt= 0.03> <Spt= 0.42> <nCl=  6> <al=0.13> <DB= 3105.6018> <Mlp= 3116.0387> <PB=10000000> 
<DWph=2> <it=  6> <et=2639.56> <Mt= 0.01> <Spt= 0.22> <nCl=  4> <al=0.46> <DB= 3092.5649> <Mlp= 3116.0383> <PB=10000000> 
<DWph=2> <it=  7> <et=2640.04> <Mt= 0.02> <Spt= 0.46> <nCl=  6> <al=0.03> <DB= 2852.0058> <Mlp= 3116.0379> <PB=10000000> 
<DWph=2> <it=  8> <et=2640.48> <Mt= 0.01> <Spt= 0.43> <nCl=  5> <al=0.00> <DB= 2973.1243> <Mlp= 3116.0379> <PB=10000000> 
<DWph=2> <it=  9> <et=2640.92> <Mt= 0.01> <Spt= 0.42> <nCl=  2> <al=0.00> <DB= 3116.0378> <Mlp= 3116.0378> <PB=10000000> 
<DWph=1> <it= 10> <et=2641.31> <Mt= 0.01> <Spt= 0.38> <nCl=  2> <al=0.22> <DB= 2947.9203> <Mlp= 3116.0378> <PB=10000000> 
<DWph=1> <it= 11> <et=2642.08> <Mt= 0.04> <Spt= 0.73> <nCl=  1> <al=0.00> <DB= 3115.0903> <Mlp= 3116.0242> <PB=10000000> 
<DWph=1> <it= 12> <et=2642.82> <Mt= 0.01> <Spt= 0.73> <nCl=  0> <al=0.00> <DB= 3116.0242> <Mlp= 3116.0242> <PB=10000000> 
1 bl.dch (4739)...    RCSP exact solver info for graph G_0 : TT = 7.00389, pt = 0.007229, dt = 6.59419, ct = 0.400203, ndl = 294059', bdl = 21430552', odl = 153849', odf = 5100396', bsi = 2219', cnt = 14610031', bdch = 1280202711', odch = 192325446', lcp = 38989988', #sols = 150
<DWph=0> <it= 13> <et=2648.37> <Mt= 0.00> <Spt= 5.55> <nCl=150> <al=0.09> <DB= 2323.4515> <Mlp= 3116.0242> <PB=10000000> 
1 bl.dch (4703)...    RCSP exact solver info for graph G_0 : TT = 5.46733, pt = 0.007068, dt = 5.08329, ct = 0.374922, ndl = 299604', bdl = 21769223', odl = 158223', odf = 5238311', bsi = 2203', cnt = 14072250', bdch = 1333823759', odch = 199251442', lcp = 40231065', #sols = 150
<DWph=0> <it= 14> <et=2653.93> <Mt= 0.04> <Spt= 5.49> <nCl= 32> <al=0.00> <DB= 3101.2951> <Mlp= 3116.0136> <PB=10000000> 
1 bl.dch (4688)...    RCSP exact solver info for graph G_0 : TT = 5.78789, pt = 0.007111, dt = 5.39283, ct = 0.385385, ndl = 302937', bdl = 21979633', odl = 160139', odf = 5300914', bsi = 2175', cnt = 14542289', bdch = 1367219105', odch = 201470682', lcp = 40692481', #sols = 150
1 bl.dch (4689)...    RCSP exact solver info for graph G_0 : TT = 5.65304, pt = 0.007477, dt = 5.2354, ct = 0.407677, ndl = 302766', bdl = 21976524', odl = 160421', odf = 5305356', bsi = 2184', cnt = 14331324', bdch = 1366415410', odch = 201095015', lcp = 40711889', #sols = 150
<DWph=0> <it= 15> <et=2665.42> <Mt= 0.02> <Spt=11.47> <nCl= 41> <al=0.00> <DB= 3116.0135> <Mlp= 3116.0135> <PB=10000000> 
RCSP solver dynamic params and stats :  bidir.bord. = 375 aver.obdmd = 98.3607 aver.buck.num. = 101 nbR1C = 184 with avMem = 20.6033
@@ 1040 4 3116.01 5.96848 6.9944 92.389 2665.42
    Full reduced cost fixing is not called (gap ratio is 0.999993)
ColGenEvalAlg final dual bound: 3116.01 (rounded: 3117)
False gap improvement since the last cut separation : 0.00142385 (3115.57)
Cut generation tailing off counter increased to 2
Current active cuts : CAP(6,199.083) R1C(26+158,419.882) 1rowPackR1C(26) 3rowPackR1C(52) 4rowPackR1C(45) 5rowPackR1C(61)
3 Rank-1 1-rows pack. cuts added ,  max viol. = 0.021897, aver. viol. = 0.0213935
36 Rank-1 3-rows pack. cuts added ,  max viol. = 0.0616149, aver. viol. = 0.0273025
Building structures for heuristic rank-1 packing cut separation...done!
39 Rank-1 4-rows pack. cuts added ,  max viol. = 0.0764773, aver. viol. = 0.0290898
100 Rank-1 5-rows pack. cuts added ,  max viol. = 0.0864172, aver. viol. = 0.0433276
Shrinking heuristic shrunk 38 edges
In total 3 RCC cut(s) are found by the global pool greedy search heuristic 
----- Add fac. cuts : CAP(3) R1C(178), max.viol = 0.194966, aver.viol = 0.0465203, sep/add took 0.792693/0.511465 sec. -----
23943 columns (6756 active), 1289 dyn. constrs. (377 active), 2277 art. vars. (619 active)
<DWph=2> <it=  1> <et=2667.21> <Mt= 0.14> <Spt= 0.21> <nCl=  2> <al=0.50> <DB= 3116.2428> <Mlp= 3116.4721> <PB=10000000> 
<DWph=2> <it=  2> <et=2667.47> <Mt= 0.05> <Spt= 0.21> <nCl=  2> <al=0.40> <DB= 2869.4795> <Mlp= 3116.4628> <PB=10000000> 
<DWph=2> <it=  3> <et=2667.72> <Mt= 0.04> <Spt= 0.20> <nCl=  1> <al=0.46> <DB= 3112.7306> <Mlp= 3116.4578> <PB=10000000> 
<DWph=2> <it=  4> <et=2668.16> <Mt= 0.01> <Spt= 0.43> <nCl= 17> <al=0.03> <DB= 2411.3693> <Mlp= 3116.4578> <PB=10000000> 
<DWph=2> <it=  5> <et=2668.40> <Mt= 0.02> <Spt= 0.22> <nCl=  2> <al=0.41> <DB= 2971.9636> <Mlp= 3116.4570> <PB=10000000> 
<DWph=2> <it=  6> <et=2668.84> <Mt= 0.01> <Spt= 0.43> <nCl=  7> <al=0.00> <DB= 2992.8399> <Mlp= 3116.4570> <PB=10000000> 
<DWph=2> <it=  7> <et=2669.27> <Mt= 0.01> <Spt= 0.42> <nCl=  1> <al=0.00> <DB= 3116.4570> <Mlp= 3116.4570> <PB=10000000> 
<DWph=1> <it=  8> <et=2669.66> <Mt= 0.01> <Spt= 0.38> <nCl=  4> <al=0.27> <DB= 2921.5344> <Mlp= 3116.4570> <PB=10000000> 
<DWph=1> <it=  9> <et=2670.04> <Mt= 0.01> <Spt= 0.37> <nCl=  1> <al=0.17> <DB= 3082.8133> <Mlp= 3116.4570> <PB=10000000> 
<DWph=1> <it= 10> <et=2670.81> <Mt= 0.00> <Spt= 0.77> <nCl=  2> <al=0.00> <DB= 3116.4570> <Mlp= 3116.4570> <PB=10000000> 
1 bl.dch (4770)...    RCSP exact solver info for graph G_0 : TT = 5.40278, pt = 0.007989, dt = 5.0587, ct = 0.333703, ndl = 288739', bdl = 21014362', odl = 156764', odf = 5088804', bsi = 2199', cnt = 13213128', bdch = 1238103293', odch = 178942900', lcp = 36902528', #sols = 150
<DWph=0> <it= 11> <et=2676.28> <Mt= 0.01> <Spt= 5.46> <nCl=144> <al=0.00> <DB= 2380.8833> <Mlp= 3116.4570> <PB=10000000> 
1 bl.dch (4728)...    RCSP exact solver info for graph G_0 : TT = 7.13195, pt = 0.007284, dt = 6.72898, ct = 0.393417, ndl = 298858', bdl = 21549985', odl = 157414', odf = 5262475', bsi = 2267', cnt = 16060518', bdch = 1305417642', odch = 199421961', lcp = 40083609', #sols = 150
<DWph=0> <it= 12> <et=2682.13> <Mt= 0.09> <Spt= 5.76> <nCl=106> <al=0.00> <DB= 2728.2168> <Mlp= 3116.4381> <PB=10000000> 
1 bl.dch (4713)...    RCSP exact solver info for graph G_0 : TT = 5.56698, pt = 0.007611, dt = 5.17105, ct = 0.386007, ndl = 300311', bdl = 21697097', odl = 159550', odf = 5298897', bsi = 2227', cnt = 15913122', bdch = 1321630796', odch = 196883594', lcp = 39780476', #sols = 150
<DWph=0> <it= 13> <et=2687.74> <Mt= 0.03> <Spt= 5.59> <nCl= 28> <al=0.08> <DB= 2999.2958> <Mlp= 3116.4349> <PB=10000000> 
1 bl.dch (4741)...    RCSP exact solver info for graph G_0 : TT = 5.57148, pt = 0.007693, dt = 5.19171, ct = 0.369662, ndl = 295886', bdl = 21446059', odl = 156138', odf = 5203780', bsi = 2189', cnt = 14956615', bdch = 1281300391', odch = 191785297', lcp = 38563242', #sols = 150
1 bl.dch (4722)...    RCSP exact solver info for graph G_0 : TT = 5.5901, pt = 0.008099, dt = 5.20164, ct = 0.377908, ndl = 298913', bdl = 21673312', odl = 158201', odf = 5266410', bsi = 2262', cnt = 15339015', bdch = 1310084420', odch = 194056992', lcp = 39182654', #sols = 150
<DWph=0> <it= 14> <et=2698.94> <Mt= 0.01> <Spt=11.18> <nCl= 21> <al=0.00> <DB= 3116.4349> <Mlp= 3116.4349> <PB=10000000> 
RCSP solver dynamic params and stats :  bidir.bord. = 375 aver.obdmd = 98.3607 aver.buck.num. = 101 nbR1C = 181 with avMem = 20.8564
@@ 1040 5 3116.43 5.84255 7.12239 92.389 2698.94
    Full reduced cost fixing is not called (gap ratio is 0.999993)
ColGenEvalAlg final dual bound: 3116.43 (rounded: 3117)
False gap improvement since the last cut separation : 0.00135211 (3116.01)
----- Cut generation is stopped due to tailing off -----
Current active cuts : CAP(7,255.521) R1C(28+153,421.307) 1rowPackR1C(28) 3rowPackR1C(48) 4rowPackR1C(44) 5rowPackR1C(61)
**** SB phase 3 evaluation of candidate 1, branch 2 ( x[(38, 77)]_0_3813_0_OspV <= 0 ), value = 3112
<DWph=2> <it=  1> <et=2701.05> <Mt= 1.03> <Spt= 0.42> <nCl=  6> <al=0.00> <DB= 2918.0288> <Mlp= 3111.9952> <PB=10000000> 
BaPCod info: Cplex status is 'Optimal solution found, unscaled infeasibilities'
<DWph=1> <it=  2> <et=2701.46> <Mt= 0.02> <Spt= 0.39> <nCl=  1> <al=0.40> <DB= 2953.0867> <Mlp= 3111.9952> <PB=10000000> 
BaPCod info: Cplex status is 'Optimal solution found, unscaled infeasibilities'
<DWph=1> <it=  3> <et=2702.27> <Mt= 0.01> <Spt= 0.80> <nCl=  2> <al=0.00> <DB= 3111.9952> <Mlp= 3111.9952> <PB=10000000> 
BaPCod info: Cplex status is 'Optimal solution found, unscaled infeasibilities'
1 bl.dch (4277)...2 bl.dch (5015)...    RCSP exact solver info for graph G_0 : TT = 10.414, pt = 0.00872, dt = 8.0928, ct = 2.3099, ndl = 393391', bdl = 27436137', odl = 185343', odf = 6943114', bsi = 2284', cnt = 34922992', bdch = 2164669470', odch = 348488235', lcp = 71168683', #sols = 150
<DWph=0> <it=  4> <et=2711.37> <Mt= 0.02> <Spt= 9.08> <nCl=125> <al=0.36> <DB= 2590.3881> <Mlp= 3111.9952> <PB=10000000> 
1 bl.dch (4259)...2 bl.dch (4956)...    RCSP exact solver info for graph G_0 : TT = 9.11697, pt = 0.008704, dt = 8.19913, ct = 0.906424, ndl = 399222', bdl = 27868729', odl = 186629', odf = 7045593', bsi = 2339', cnt = 36242280', bdch = 2224967971', odch = 357429938', lcp = 73049895', #sols = 150
<DWph=0> <it=  5> <et=2720.57> <Mt= 0.07> <Spt= 9.13> <nCl= 19> <al=0.42> <DB= 2890.8081> <Mlp= 3111.9505> <PB=10000000> 
1 bl.dch (4264)...2 bl.dch (5001)...    RCSP exact solver info for graph G_0 : TT = 9.05477, pt = 0.008724, dt = 8.07474, ct = 0.968741, ndl = 394210', bdl = 27586724', odl = 185419', odf = 6941932', bsi = 2367', cnt = 36472122', bdch = 2182202584', odch = 346980924', lcp = 71268776', #sols = 150
<DWph=0> <it=  6> <et=2729.66> <Mt= 0.01> <Spt= 9.07> <nCl= 19> <al=0.32> <DB= 3040.2994> <Mlp= 3111.9491> <PB=10000000> 
BaPCod info: Cplex status is 'Optimal solution found, unscaled infeasibilities'
1 bl.dch (4273)...2 bl.dch (5025)...    RCSP exact solver info for graph G_0 : TT = 8.94731, pt = 0.008975, dt = 8.02745, ct = 0.908213, ndl = 391093', bdl = 27415597', odl = 184195', odf = 6883009', bsi = 2388', cnt = 36068835', bdch = 2151272299', odch = 341282672', lcp = 69974162', #sols = 150
<DWph=0> <it=  7> <et=2738.64> <Mt= 0.02> <Spt= 8.96> <nCl= 17> <al=0.22> <DB= 3095.8995> <Mlp= 3111.9490> <PB=10000000> 
BaPCod info: Cplex status is 'Optimal solution found, unscaled infeasibilities'
1 bl.dch (4264)...2 bl.dch (5006)...    RCSP exact solver info for graph G_0 : TT = 10.5108, pt = 0.008747, dt = 9.5925, ct = 0.907015, ndl = 392977', bdl = 27536017', odl = 185295', odf = 6929385', bsi = 2389', cnt = 36099689', bdch = 2172587145', odch = 342082628', lcp = 70096838', #sols = 150
1 bl.dch (4280)...2 bl.dch (5124)...    RCSP exact solver info for graph G_0 : TT = 8.57213, pt = 0.008945, dt = 7.69193, ct = 0.868619, ndl = 389649', bdl = 27330084', odl = 183927', odf = 6862734', bsi = 2383', cnt = 35726901', bdch = 2133955002', odch = 338139830', lcp = 69420141', #sols = 150
<DWph=0> <it=  8> <et=2756.33> <Mt= 0.02> <Spt=17.68> <nCl= 18> <al=0.00> <DB= 3111.9490> <Mlp= 3111.9490> <PB=10000000> 
RCSP solver dynamic params and stats :  bidir.bord. = 375 aver.obdmd = 98.3607 aver.buck.num. = 101 nbR1C = 212 with avMem = 19.8349
@@ 1041 0 3111.95 9.42458 10.4995 92.389 2756.33
    Full reduced cost fixing is not called (gap ratio is 0.999993)
ColGenEvalAlg final dual bound: 3111.95 (rounded: 3112)
Current active cuts : R1C(29+183,453.831) 1rowPackR1C(29) 3rowPackR1C(72) 4rowPackR1C(48) 5rowPackR1C(63)
72 Rank-1 3-rows pack. cuts added ,  max viol. = 0.0983115, aver. viol. = 0.0419125
Building structures for heuristic rank-1 packing cut separation...done!
45 Rank-1 4-rows pack. cuts added ,  max viol. = 0.119422, aver. viol. = 0.0369598
100 Rank-1 5-rows pack. cuts added ,  max viol. = 0.154428, aver. viol. = 0.0644447
Shrinking heuristic shrunk 23 edges
In total 1 RCC cut(s) are found by the greedy construction heuristic 
In total 1 RCC cut(s) are found by the global pool greedy search heuristic 
----- Add fac. cuts : CAP(2) R1C(217), max.viol = 0.162259, aver.viol = 0.0613403, sep/add took 0.872927/0.828447 sec. -----
22953 columns (9333 active), 1170 dyn. constrs. (437 active), 1412 art. vars. (679 active)
BaPCod info: Cplex status is 'Optimal solution found, unscaled infeasibilities'
<DWph=2> <it=  1> <et=2758.53> <Mt= 0.21> <Spt= 0.22> <nCl=  3> <al=0.50> <DB= 3067.9639> <Mlp= 3112.1915> <PB=10000000> 
BaPCod info: Cplex status is 'Optimal solution found, unscaled infeasibilities'
<DWph=2> <it=  2> <et=2759.25> <Mt= 0.05> <Spt= 0.67> <nCl=  4> <al=0.00> <DB= 3111.0427> <Mlp= 3112.1868> <PB=10000000> 
<DWph=2> <it=  3> <et=2759.71> <Mt= 0.01> <Spt= 0.44> <nCl=  1> <al=0.00> <DB= 3112.1868> <Mlp= 3112.1868> <PB=10000000> 
<DWph=1> <it=  4> <et=2760.15> <Mt= 0.01> <Spt= 0.43> <nCl=  2> <al=0.35> <DB= 2943.3118> <Mlp= 3112.1868> <PB=10000000> 
BaPCod info: Cplex status is 'Optimal solution found, unscaled infeasibilities'
<DWph=1> <it=  5> <et=2760.65> <Mt= 0.05> <Spt= 0.45> <nCl=  1> <al=0.25> <DB= 3109.6425> <Mlp= 3112.1791> <PB=10000000> 
BaPCod info: Cplex status is 'Optimal solution found, unscaled infeasibilities'
<DWph=1> <it=  6> <et=2761.55> <Mt= 0.02> <Spt= 0.88> <nCl=  1> <al=0.00> <DB= 3112.1791> <Mlp= 3112.1791> <PB=10000000> 
BaPCod info: Cplex status is 'Optimal solution found, unscaled infeasibilities'
1 bl.dch (4233)...2 bl.dch (4889)...    RCSP exact solver info for graph G_0 : TT = 9.79426, pt = 0.00933, dt = 8.54417, ct = 1.2382, ndl = 407617', bdl = 28352951', odl = 190311', odf = 7237302', bsi = 2270', cnt = 45336986', bdch = 2316419644', odch = 383989009', lcp = 76847956', #sols = 150
<DWph=0> <it=  7> <et=2771.41> <Mt= 0.02> <Spt= 9.84> <nCl= 73> <al=0.23> <DB= 2899.4885> <Mlp= 3112.1791> <PB=10000000> 
1 bl.dch (4228)...2 bl.dch (4870)...    RCSP exact solver info for graph G_0 : TT = 11.3162, pt = 0.009923, dt = 10.1319, ct = 1.17192, ndl = 407889', bdl = 28429632', odl = 189528', odf = 7257508', bsi = 2260', cnt = 43821783', bdch = 2313959624', odch = 381512822', lcp = 76350854', #sols = 150
<DWph=0> <it=  8> <et=2781.32> <Mt= 0.06> <Spt= 9.86> <nCl= 10> <al=0.30> <DB= 3047.8344> <Mlp= 3112.1707> <PB=10000000> 
1 bl.dch (4222)...2 bl.dch (4867)...    RCSP exact solver info for graph G_0 : TT = 9.46949, pt = 0.009306, dt = 8.36011, ct = 1.09741, ndl = 408786', bdl = 28474423', odl = 190201', odf = 7258309', bsi = 2291', cnt = 42852624', bdch = 2328143802', odch = 379340011', lcp = 75995228', #sols = 150
1 bl.dch (4253)...2 bl.dch (4928)...    RCSP exact solver info for graph G_0 : TT = 9.50431, pt = 0.009487, dt = 8.39, ct = 1.10221, ndl = 401408', bdl = 27962609', odl = 188032', odf = 7143750', bsi = 2393', cnt = 41079950', bdch = 2247233288', odch = 365396509', lcp = 73487014', #sols = 150
<DWph=0> <it=  9> <et=2800.32> <Mt= 0.01> <Spt=18.99> <nCl=  1> <al=0.00> <DB= 3112.1707> <Mlp= 3112.1707> <PB=10000000> 
RCSP solver dynamic params and stats :  bidir.bord. = 375 aver.obdmd = 98.3607 aver.buck.num. = 101 nbR1C = 220 with avMem = 20.6045
@@ 1041 1 3112.17 10.009 11.3039 92.389 2800.32
    Full reduced cost fixing is not called (gap ratio is 0.999993)
ColGenEvalAlg final dual bound: 3112.17 (rounded: 3113)
False gap improvement since the last cut separation : 0.000712348 (3111.95)
----- Cut generation stopped by the pricing solver
Current active cuts : CAP(2,13.5264) R1C(27+193,460.618) 1rowPackR1C(27) 3rowPackR1C(75) 4rowPackR1C(47) 5rowPackR1C(71)
SB exact phase 3 branch on var x[(38, 77)]_0_3813_0_OspV (lhs=0.338135) : [3116.4349, 3112.1707], tree depth = 1e+12, tree size = 1e+12, score = -0.477 (h)
SB with phases chosed candidate var x[(38, 77)]_0_3813_0_OspV (lhs=0.338135)
************************************************************************************************
**** BaB tree node (N° 11, parent N° 9, depth 5, treatOrderId 1041)
**** Local DB = 3112.17, global bounds : [ 3110 , 1e+07 ], TIME = 0h46m40s43t = 280043
**** 6 open nodes, 23049 columns (9429 active), 978 dyn. constrs. (227 active), 1220 art. vars. (469 active)
************************************************************************************************
**** Strong branching phase 1 is started *****
SB phase 1 cand.  1 branch on var x[(6, 86)]_0_670_0_OspV (lhs=0.7931)    : [ 3112.6681,  3117.3139], score = 2.56 (h)  <et=2800.96>
SB phase 1 cand.  2 branch on colGenSp (9.1462)                           : [ 3112.1707,  3113.0000], score = 0.00      <et=2801.99>
SB phase 1 cand.  3 branch on var x[(8, 85)]_0_896_0_OspV (lhs=0.1718)    : [ 3112.5833,  3117.5293], score = 2.21 (h)  <et=2802.42>
SB phase 1 cand.  4 branch on omega[3] (lhs=2.4192)                       : [ 3112.6506,  3112.6673], score = 0.24      <et=2802.81>
BaPCod info: Cplex status is 'Optimal solution found, unscaled infeasibilities'
SB phase 1 cand.  5 branch on var x[(77, 78)]_0_6271_0_OspV (lhs=0.6616)  : [ 3113.0000,  3114.4096], score = 1.86 (h)  <et=2803.14>
SB phase 1 cand.  6 branch on omega[2] (lhs=25.0204)                      : [ 3112.1707,  3112.3831], score = 0.00      <et=2803.31>
SB phase 1 cand.  7 branch on var x[(86, 108)]_0_6652_0_OspV (lhs=0.2069) : [ 3112.4969,  3117.3139], score = 1.68 (h)  <et=2803.77>
BaPCod info: Cplex status is 'Optimal solution found, unscaled infeasibilities'
SB phase 1 cand.  8 branch on Psi[2,6] (lhs=1.5134)                       : [ 3112.6664,  3113.0000], score = 0.41      <et=2804.02>
SB phase 1 cand.  9 branch on Psi[1,3] (lhs=0.3590)                       : [ 3113.0000,  3113.9446], score = 1.47 (h)  <et=2804.33>
BaPCod info: Cplex status is 'Optimal solution found, unscaled infeasibilities'
SB phase 1 cand. 10 branch on Psi[2,3] (lhs=1.7010)                       : [ 3112.9171,  3113.2020], score = 0.77      <et=2804.72>
SB phase 1 cand. 11 branch on var x[(6, 48)]_0_632_0_OspV (lhs=0.2031)    : [ 3112.4968,  3116.3473], score = 1.36 (h)  <et=2805.14>
BaPCod info: Cplex status is 'Optimal solution found, unscaled infeasibilities'
BaPCod info: Cplex status is 'Optimal solution found, unscaled infeasibilities'
SB phase 1 cand. 12 branch on var x[(0, 42)]_0_4100_0_OspV (lhs=0.5049)   : [ 3112.4362,  3112.5166], score = 0.09      <et=2805.45>
BaPCod info: Cplex status is 'Optimal solution found, unscaled infeasibilities'
SB phase 1 cand. 13 branch on Psi[1,2] (lhs=0.6410)                       : [ 3113.0000,  3114.1364], score = 1.63 (h)  <et=2805.78>
BaPCod info: Cplex status is 'Optimal solution found, unscaled infeasibilities'
SB phase 1 cand. 14 branch on var x[(7, 42)]_0_740_0_OspV (lhs=0.4951)    : [ 3112.4362,  3112.5512], score = 0.10      <et=2806.1>
SB phase 1 cand. 15 branch on var x[(111, 120)]_0_7214_0_OspV (lhs=0.7911): [ 3112.6632,  3115.4371], score = 1.61 (h)  <et=2806.56>
BaPCod info: Cplex status is 'Optimal solution found, unscaled infeasibilities'
SB phase 1 cand. 16 branch on var x[(2, 52)]_0_170_0_OspV (lhs=0.4760)    : [ 3112.4605,  3112.6998], score = 0.15      <et=2806.92>
SB phase 1 cand. 17 branch on var x[(1, 85)]_0_84_0_OspV (lhs=0.6386)     : [ 3113.0000,  3114.0225], score = 1.54 (h)  <et=2807.26>
BaPCod info: Cplex status is 'Optimal solution found, unscaled infeasibilities'
SB phase 1 cand. 18 branch on var x[(2, 102)]_0_220_0_OspV (lhs=0.4683)   : [ 3112.5315,  3112.5391], score = 0.13      <et=2807.61>
SB phase 1 cand. 19 branch on var x[(26, 31)]_0_2705_0_OspV (lhs=0.6415)  : [ 3113.0000,  3114.1890], score = 1.67 (h)  <et=2807.96>
SB phase 1 cand. 20 branch on var x[(0, 20)]_0_2109_0_OspV (lhs=0.5541)   : [ 3112.4301,  3112.6789], score = 0.13      <et=2808.32>
BaPCod info: Cplex status is 'Optimal solution found, unscaled infeasibilities'
SB phase 1 cand. 21 branch on var x[(16, 111)]_0_1790_0_OspV (lhs=0.2031) : [ 3112.6632,  3115.4371], score = 1.61 (h)  <et=2808.82>
SB phase 1 cand. 22 branch on var x[(42, 93)]_0_4151_0_OspV (lhs=0.5707)  : [ 3112.5246,  3112.6197], score = 0.16      <et=2809.17>
SB phase 1 cand. 23 branch on var x[(16, 73)]_0_1752_0_OspV (lhs=0.7969)  : [ 3112.6632,  3115.4360], score = 1.61 (h)  <et=2809.69>
BaPCod info: Cplex status is 'Optimal solution found, unscaled infeasibilities'
SB phase 1 cand. 24 branch on var x[(0, 70)]_0_5934_0_OspV (lhs=0.4289)   : [ 3112.5851,  3113.3999], score = 0.51      <et=2810.09>
SB phase 1 cand. 25 branch on var x[(0, 88)]_0_6699_0_OspV (lhs=0.7593)   : [ 3113.0000,  3114.4017], score = 1.85 (h)  <et=2810.54>
SB phase 1 cand. 26 branch on var x[(89, 101)]_0_6744_0_OspV (lhs=0.5748) : [ 3112.1847,  3112.2624], score = 0.00      <et=2810.7>
BaPCod info: Cplex status is 'Optimal solution found, unscaled infeasibilities'
SB phase 1 cand. 27 branch on Psi[3,6] (lhs=0.3592)                       : [ 3113.0000,  3113.2414], score = 0.89 (h)  <et=2810.98>
SB phase 1 cand. 28 branch on var x[(18, 96)]_0_1982_0_OspV (lhs=0.5773)  : [ 3112.7658,  3113.0000], score = 0.49      <et=2811.25>
BaPCod info: Cplex status is 'Optimal solution found, unscaled infeasibilities'
SB phase 1 cand. 29 branch on var x[(37, 69)]_0_3722_0_OspV (lhs=0.1581)  : [ 3112.8744,  3115.1490], score = 2.10 (h)  <et=2811.71>
SB phase 1 cand. 30 branch on var x[(23, 92)]_0_2478_0_OspV (lhs=0.5948)  : [ 3113.0000,  3113.2741], score = 0.92      <et=2812.02>
BaPCod info: Cplex status is 'Optimal solution found, unscaled infeasibilities'
SB phase 1 cand. 31 branch on var x[(109, 120)]_0_7193_0_OspV (lhs=0.2262): [ 3112.6632,  3114.7543], score = 1.27 (h)  <et=2812.45>
SB phase 1 cand. 32 branch on var x[(49, 94)]_0_4677_0_OspV (lhs=0.5988)  : [ 3113.0000,  3113.4245], score = 1.04      <et=2812.76>
BaPCod info: Cplex status is 'Optimal solution found, unscaled infeasibilities'
SB phase 1 cand. 33 branch on var x[(37, 76)]_0_3729_0_OspV (lhs=0.8499)  : [ 3112.8744,  3115.1490], score = 2.10 (h)  <et=2813.19>
SB phase 1 cand. 34 branch on var x[(0, 105)]_0_7124_0_OspV (lhs=0.6125)  : [ 3112.1707,  3113.0000], score = 0.00      <et=2813.32>
SB phase 1 cand. 35 branch on var x[(43, 113)]_0_4249_0_OspV (lhs=0.6894) : [ 3112.7217,  3113.8016], score = 0.90 (h)  <et=2813.75>
SB phase 1 cand. 36 branch on var x[(92, 113)]_0_6846_0_OspV (lhs=0.3790) : [ 3113.0000,  3113.4752], score = 1.08      <et=2814.07>
SB phase 1 cand. 37 branch on var x[(50, 117)]_0_4771_0_OspV (lhs=0.1725) : [ 3112.6421,  3115.5733], score = 1.60 (h)  <et=2814.52>
SB phase 1 cand. 38 branch on var x[(28, 46)]_0_2907_0_OspV (lhs=0.6337)  : [ 3112.7704,  3113.0000], score = 0.50      <et=2814.82>
SB phase 1 cand. 39 branch on var x[(17, 83)]_0_1866_0_OspV (lhs=0.1638)  : [ 3112.8744,  3114.9389], score = 1.95 (h)  <et=2815.23>
BaPCod info: Cplex status is 'Optimal solution found, unscaled infeasibilities'
SB phase 1 cand. 40 branch on var x[(6, 76)]_0_660_0_OspV (lhs=0.3592)    : [ 3113.0000,  3113.2414], score = 0.89      <et=2815.49>
SB phase 1 cand. 41 branch on var x[(76, 108)]_0_6257_0_OspV (lhs=0.1486) : [ 3112.7893,  3115.1490], score = 1.84 (h)  <et=2815.98>
SB phase 1 cand. 42 branch on var x[(76, 83)]_0_6232_0_OspV (lhs=0.6408)  : [ 3113.0000,  3113.2414], score = 0.89      <et=2816.26>
SB phase 1 cand. 43 branch on var x[(10, 90)]_0_1124_0_OspV (lhs=0.2023)  : [ 3112.5531,  3115.8535], score = 1.41 (h)  <et=2816.75>
SB phase 1 cand. 44 branch on var x[(6, 108)]_0_692_0_OspV (lhs=0.6446)   : [ 3113.0000,  3113.2342], score = 0.88      <et=2817.07>
SB phase 1 cand. 45 branch on var x[(8, 50)]_0_861_0_OspV (lhs=0.8270)    : [ 3112.6482,  3115.5723], score = 1.62 (h)  <et=2817.53>
BaPCod info: Cplex status is 'Optimal solution found, unscaled infeasibilities'
SB phase 1 cand. 46 branch on var x[(52, 70)]_0_4863_0_OspV (lhs=0.3369)  : [ 3112.3549,  3114.0399], score = 0.34      <et=2817.98>
BaPCod info: Cplex status is 'Optimal solution found, unscaled infeasibilities'
BaPCod info: Cplex status is 'Optimal solution found, unscaled infeasibilities'
SB phase 1 cand. 47 branch on var x[(4, 69)]_0_422_0_OspV (lhs=0.8542)    : [ 3112.8744,  3114.9389], score = 1.95 (h)  <et=2818.45>
SB phase 1 cand. 48 branch on var x[(13, 90)]_0_1451_0_OspV (lhs=0.6715)  : [ 3112.9761,  3113.0000], score = 0.67      <et=2818.76>
SB phase 1 cand. 49 branch on var x[(4, 37)]_0_390_0_OspV (lhs=0.1458)    : [ 3112.8744,  3114.9389], score = 1.95 (h)  <et=2819.17>
SB phase 1 cand. 50 branch on var x[(18, 53)]_0_1939_0_OspV (lhs=0.3127)  : [ 3112.4352,  3113.5579], score = 0.37      <et=2819.53>
SB phase 1 cand. 51 branch on var x[(17, 37)]_0_1820_0_OspV (lhs=0.8461)  : [ 3112.8744,  3114.9364], score = 1.95 (h)  <et=2819.96>
SB phase 1 cand. 52 branch on var x[(34, 88)]_0_3486_0_OspV (lhs=0.6875)  : [ 3113.0000,  3113.1114], score = 0.78      <et=2820.3>
BaPCod info: Cplex status is 'Optimal solution found, unscaled infeasibilities'
SB phase 1 cand. 53 branch on var x[(11, 109)]_0_1253_0_OspV (lhs=0.7713) : [ 3112.6632,  3114.4011], score = 1.10 (h)  <et=2820.73>
BaPCod info: Cplex status is 'Optimal solution found, unscaled infeasibilities'
SB phase 1 cand. 54 branch on var x[(38, 115)]_0_3851_0_OspV (lhs=0.6921) : [ 3113.0000,  3113.8154], score = 1.36      <et=2821.11>
SB phase 1 cand. 55 branch on var x[(29, 41)]_0_2994_0_OspV (lhs=0.7981)  : [ 3112.2100,  3117.2538], score = 0.20 (h)  <et=2821.5>
BaPCod info: Cplex status is 'Optimal solution found, unscaled infeasibilities'
SB phase 1 cand. 56 branch on var x[(52, 119)]_0_4912_0_OspV (lhs=0.6962) : [ 3112.2888,  3112.9286], score = 0.09      <et=2821.87>
SB phase 1 cand. 57 branch on var x[(13, 68)]_0_1429_0_OspV (lhs=0.8664)  : [ 3112.6426,  3114.8610], score = 1.27 (h)  <et=2822.32>
SB phase 1 cand. 58 branch on var x[(10, 98)]_0_1132_0_OspV (lhs=0.7008)  : [ 3112.9275,  3113.2256], score = 0.80      <et=2822.74>
BaPCod info: Cplex status is 'Optimal solution found, unscaled infeasibilities'
SB phase 1 cand. 59 branch on var x[(0, 99)]_0_7007_0_OspV (lhs=0.8425)   : [ 3112.3719,  3115.5137], score = 0.67 (h)  <et=2823.1>
BaPCod info: Cplex status is 'Optimal solution found, unscaled infeasibilities'
SB phase 1 cand. 60 branch on var x[(58, 79)]_0_5265_0_OspV (lhs=0.7060)  : [ 3112.6441,  3113.4225], score = 0.59      <et=2823.46>
SB phase 1 cand. 61 branch on var x[(94, 102)]_0_6890_0_OspV (lhs=0.1456) : [ 3112.3022,  3115.8285], score = 0.48 (h)  <et=2823.88>
SB phase 1 cand. 62 branch on var x[(0, 28)]_0_2889_0_OspV (lhs=0.7149)   : [ 3112.8089,  3113.5126], score = 0.86      <et=2824.38>
SB phase 1 cand. 63 branch on var x[(0, 10)]_0_1044_0_OspV (lhs=0.7271)   : [ 3112.8504,  3113.8103], score = 1.11 (h)  <et=2824.87>
SB phase 1 cand. 64 branch on var x[(48, 81)]_0_4592_0_OspV (lhs=0.7183)  : [ 3112.1707,  3112.6891], score = 0.00      <et=2825.11>
BaPCod info: Cplex status is 'Optimal solution found, unscaled infeasibilities'
SB phase 1 cand. 65 branch on var x[(28, 58)]_0_2919_0_OspV (lhs=0.1569)  : [ 3112.2783,  3114.9562], score = 0.30 (h)  <et=2825.53>
BaPCod info: Cplex status is 'Optimal solution found, unscaled infeasibilities'
SB phase 1 cand. 66 branch on var x[(63, 82)]_0_5568_0_OspV (lhs=0.7183)  : [ 3112.1707,  3112.6979], score = 0.00      <et=2825.77>
SB phase 1 cand. 67 branch on var x[(0, 90)]_0_6764_0_OspV (lhs=0.7486)   : [ 3113.0000,  3113.6140], score = 1.20 (h)  <et=2826.12>
BaPCod info: Cplex status is 'Optimal solution found, unscaled infeasibilities'
SB phase 1 cand. 68 branch on var x[(81, 82)]_0_6441_0_OspV (lhs=0.2817)  : [ 3112.1707,  3112.6891], score = 0.00      <et=2826.34>
BaPCod info: Cplex status is 'Optimal solution found, unscaled infeasibilities'
SB phase 1 cand. 69 branch on var x[(35, 87)]_0_3571_0_OspV (lhs=0.7927)  : [ 3112.6812,  3114.1727], score = 1.02 (h)  <et=2826.72>
BaPCod info: Cplex status is 'Optimal solution found, unscaled infeasibilities'
SB phase 1 cand. 70 branch on var x[(0, 52)]_0_4845_0_OspV (lhs=0.2767)   : [ 3112.2739,  3112.9341], score = 0.08      <et=2827.1>
SB phase 1 cand. 71 branch on var x[(106, 113)]_0_7147_0_OspV (lhs=0.8655): [ 3112.4876,  3114.9636], score = 0.89 (h)  <et=2827.51>
BaPCod info: Cplex status is 'Optimal solution found, unscaled infeasibilities'
SB phase 1 cand. 72 branch on var x[(0, 96)]_0_6935_0_OspV (lhs=0.2711)   : [ 3112.6096,  3113.3680], score = 0.53      <et=2827.92>
SB phase 1 cand. 73 branch on var x[(71, 72)]_0_5986_0_OspV (lhs=0.8146)  : [ 3112.8275,  3113.8997], score = 1.14 (h)  <et=2828.35>
SB phase 1 cand. 74 branch on var x[(9, 19)]_0_942_0_OspV (lhs=0.7517)    : [ 3112.8956,  3113.1530], score = 0.71      <et=2828.71>
BaPCod info: Cplex status is 'Optimal solution found, unscaled infeasibilities'
SB phase 1 cand. 75 branch on var x[(0, 23)]_0_2409_0_OspV (lhs=0.6929)   : [ 3112.8623,  3113.8447], score = 1.16 (h)  <et=2829.1>
BaPCod info: Cplex status is 'Optimal solution found, unscaled infeasibilities'
BaPCod info: Cplex status is 'Optimal solution found, unscaled infeasibilities'
SB phase 1 cand. 76 branch on var x[(0, 64)]_0_5607_0_OspV (lhs=0.2402)   : [ 3112.4786,  3114.2083], score = 0.63      <et=2829.51>
BaPCod info: Cplex status is 'Optimal solution found, unscaled infeasibilities'
SB phase 1 cand. 77 branch on var x[(10, 88)]_0_1122_0_OspV (lhs=0.2690)  : [ 3112.7737,  3113.8157], score = 0.99 (h)  <et=2829.93>
SB phase 1 cand. 78 branch on var x[(21, 56)]_0_2245_0_OspV (lhs=0.7650)  : [ 3112.1773,  3112.2031], score = 0.00      <et=2830.04>
SB phase 1 cand. 79 branch on var x[(13, 71)]_0_1432_0_OspV (lhs=0.1072)  : [ 3112.4567,  3115.3647], score = 0.91 (h)  <et=2830.47>
BaPCod info: Cplex status is 'Optimal solution found, unscaled infeasibilities'
SB phase 1 cand. 80 branch on var x[(23, 43)]_0_2429_0_OspV (lhs=0.2348)  : [ 3112.5540,  3114.5133], score = 0.90      <et=2830.88>
SB phase 1 cand. 81 branch on var x[(5, 64)]_0_533_0_OspV (lhs=0.7097)    : [ 3112.9217,  3113.6573], score = 1.12 (h)  <et=2831.26>
BaPCod info: Cplex status is 'Optimal solution found, unscaled infeasibilities'
SB phase 1 cand. 82 branch on var x[(58, 114)]_0_5300_0_OspV (lhs=0.7655) : [ 3112.5501,  3113.2905], score = 0.42      <et=2831.64>
SB phase 1 cand. 83 branch on var x[(1, 26)]_0_25_0_OspV (lhs=0.3585)     : [ 3113.0000,  3114.1890], score = 1.67 (h)  <et=2831.95>
BaPCod info: Cplex status is 'Optimal solution found, unscaled infeasibilities'
SB phase 1 cand. 84 branch on var x[(70, 119)]_0_5983_0_OspV (lhs=0.2342) : [ 3112.2394,  3114.8047], score = 0.18      <et=2832.35>
SB phase 1 cand. 85 branch on var x[(23, 115)]_0_2501_0_OspV (lhs=0.1079) : [ 3112.3275,  3117.2200], score = 0.79 (h)  <et=2832.77>
SB phase 1 cand. 86 branch on var x[(0, 94)]_0_6882_0_OspV (lhs=0.2327)   : [ 3112.4443,  3114.2015], score = 0.56      <et=2833.22>
SB phase 1 cand. 87 branch on var x[(31, 45)]_0_3179_0_OspV (lhs=0.3585)  : [ 3113.0000,  3114.0950], score = 1.60 (h)  <et=2833.57>
SB phase 1 cand. 88 branch on var x[(19, 105)]_0_2093_0_OspV (lhs=0.2323) : [ 3112.1707,  3114.4989], score = 0.00      <et=2833.82>
BaPCod info: Cplex status is 'Optimal solution found, unscaled infeasibilities'
SB phase 1 cand. 89 branch on var x[(3, 107)]_0_343_0_OspV (lhs=0.8768)   : [ 3112.3249,  3115.2580], score = 0.48 (h)  <et=2834.2>
SB phase 1 cand. 90 branch on var x[(0, 79)]_0_6357_0_OspV (lhs=0.7692)   : [ 3112.7977,  3113.6697], score = 0.94      <et=2834.58>
SB phase 1 cand. 91 branch on var x[(45, 117)]_0_4406_0_OspV (lhs=0.6408) : [ 3113.0000,  3113.9445], score = 1.47 (h)  <et=2834.88>
SB phase 1 cand. 92 branch on var x[(21, 89)]_0_2278_0_OspV (lhs=0.2294)  : [ 3112.1743,  3112.2145], score = 0.00      <et=2834.99>
SB phase 1 cand. 93 branch on var x[(28, 88)]_0_2949_0_OspV (lhs=0.1999)  : [ 3112.5542,  3114.2302], score = 0.79 (h)  <et=2835.41>
BaPCod info: Cplex status is 'Optimal solution found, unscaled infeasibilities'
SB phase 1 cand. 94 branch on var x[(56, 101)]_0_5160_0_OspV (lhs=0.2289) : [ 3112.1707,  3112.2775], score = 0.00      <et=2835.53>
BaPCod info: Cplex status is 'Optimal solution found, unscaled infeasibilities'
SB phase 1 cand. 95 branch on var x[(47, 64)]_0_4502_0_OspV (lhs=0.7798)  : [ 3112.5055,  3114.6099], score = 0.82 (h)  <et=2835.94>
SB phase 1 cand. 96 branch on var x[(20, 42)]_0_2131_0_OspV (lhs=0.2244)  : [ 3112.2450,  3114.8641], score = 0.20      <et=2836.31>
BaPCod info: Cplex status is 'Optimal solution found, unscaled infeasibilities'
SB phase 1 cand. 97 branch on var x[(53, 96)]_0_4957_0_OspV (lhs=0.6425)  : [ 3112.7288,  3113.0657], score = 0.50 (h)  <et=2836.69>
BaPCod info: Cplex status is 'Optimal solution found, unscaled infeasibilities'
SB phase 1 cand. 98 branch on var x[(0, 98)]_0_6984_0_OspV (lhs=0.2230)   : [ 3112.4188,  3114.1003], score = 0.48      <et=2837.1>
BaPCod info: Cplex status is 'Optimal solution found, unscaled infeasibilities'
BaPCod info: Cplex status is 'Optimal solution found, unscaled infeasibilities'
SB phase 1 cand. 99 branch on var x[(11, 59)]_0_1203_0_OspV (lhs=0.0774)  : [ 3112.2615,  3118.0394], score = 0.53 (h)  <et=2837.48>
SB phase 1 cand. 100 branch on var x[(47, 96)]_0_4534_0_OspV (lhs=0.2138)  : [ 3112.4369,  3115.5218], score = 0.89      <et=2837.87>
**** Strong branching phase 2 is started *****
BaPCod info: Cplex status is 'Optimal solution found, unscaled infeasibilities'
BaPCod info: Cplex status is 'Optimal solution found, unscaled infeasibilities'
BaPCod info: Cplex status is 'Optimal solution found, unscaled infeasibilities'
BaPCod info: Cplex status is 'Optimal solution found, unscaled infeasibilities'
<DWph=1> <it= 16> <et=2843.21> <Mt= 0.46> <Spt= 4.85> <nCl= 93> <al=0.00> <DB= 3115.8259> <Mlp= 3115.8259> <PB=10000000> 
<DWph=1> <it= 14> <et=2849.47> <Mt= 0.57> <Spt= 5.29> <nCl= 69> <al=0.00> <DB= 3112.6545> <Mlp= 3112.6545> <PB=10000000> 
SB phase 2 cand.  1 branch on var x[(6, 86)]_0_670_0_OspV (lhs=0.7931)  : [ 3112.6545,  3115.8259], score = 1.77 (h)  <et=2849.53>
BaPCod info: Cplex status is 'Optimal solution found, unscaled infeasibilities'
BaPCod info: Cplex status is 'Optimal solution found, unscaled infeasibilities'
<DWph=1> <it= 18> <et=2858.03> <Mt= 1.48> <Spt= 6.70> <nCl= 95> <al=0.00> <DB= 3116.6434> <Mlp= 3116.6434> <PB=10000000> 
<DWph=1> <it=  9> <et=2862.04> <Mt= 0.08> <Spt= 3.56> <nCl= 48> <al=0.00> <DB= 3112.5771> <Mlp= 3112.5771> <PB=10000000> 
SB phase 2 cand.  2 branch on var x[(8, 85)]_0_896_0_OspV (lhs=0.1718)  : [ 3112.5771,  3116.6434], score = 1.82 (h)  <et=2862.09>
BaPCod info: Cplex status is 'Optimal solution found, unscaled infeasibilities'
<DWph=2> <it= 12> <et=2866.33> <Mt= 0.59> <Spt= 3.34> <nCl= 52> <al=0.15> <DB= 2825.3783> <Mlp= 3114.8052> <PB=10000000> 
<DWph=1> <it= 17> <et=2869.14> <Mt= 0.04> <Spt= 2.77> <nCl= 11> <al=0.00> <DB= 3114.8046> <Mlp= 3114.8046> <PB=10000000> 
BaPCod info: Cplex status is 'Optimal solution found, unscaled infeasibilities'
BaPCod info: Cplex status is 'Optimal solution found, unscaled infeasibilities'
BaPCod info: Cplex status is 'Optimal solution found, unscaled infeasibilities'
<DWph=1> <it= 13> <et=2875.31> <Mt= 0.21> <Spt= 5.58> <nCl= 60> <al=0.00> <DB= 3112.7902> <Mlp= 3112.7902> <PB=10000000> 
SB phase 2 cand.  3 branch on var x[(37, 69)]_0_3722_0_OspV (lhs=0.1581): [ 3112.7902,  3114.8046], score = 1.63 (h)  <et=2875.37>
**** Strong branching phase 3 is started *****
**** SB phase 3 evaluation of candidate 1, branch 1 ( x[(8, 85)]_0_896_0_OspV >= 1 ), value = 3116.64
<DWph=2> <it=  1> <et=2876.03> <Mt= 0.00> <Spt= 0.35> <nCl=  3> <al=0.00> <DB= 3116.6434> <Mlp= 3116.6434> <PB=10000000> 
<DWph=1> <it=  2> <et=2876.69> <Mt= 0.01> <Spt= 0.66> <nCl=  0> <al=0.00> <DB= 3116.6434> <Mlp= 3116.6434> <PB=10000000> 
1 bl.dch (4422)...    RCSP exact solver info for graph G_0 : TT = 6.84757, pt = 0.006243, dt = 6.20942, ct = 0.629567, ndl = 349494', bdl = 24655030', odl = 177413', odf = 6097175', bsi = 2379', cnt = 25354393', bdch = 1783080497', odch = 270017207', lcp = 56457889', #sols = 150
<DWph=0> <it=  3> <et=2883.59> <Mt= 0.00> <Spt= 6.89> <nCl=150> <al=0.30> <DB= 2618.9043> <Mlp= 3116.6434> <PB=10000000> 
1 bl.dch (4502)...    RCSP exact solver info for graph G_0 : TT = 6.61424, pt = 0.006707, dt = 5.97103, ct = 0.634155, ndl = 332556', bdl = 23513625', odl = 168654', odf = 5713439', bsi = 2378', cnt = 23397248', bdch = 1618998253', odch = 249819642', lcp = 51009112', #sols = 150
<DWph=0> <it=  4> <et=2890.44> <Mt= 0.20> <Spt= 6.64> <nCl= 70> <al=0.20> <DB= 2846.9707> <Mlp= 3116.5741> <PB=10000000> 
1 bl.dch (4515)...    RCSP exact solver info for graph G_0 : TT = 6.48372, pt = 0.006787, dt = 5.83032, ct = 0.644061, ndl = 328166', bdl = 23291372', odl = 167836', odf = 5602585', bsi = 2407', cnt = 21871214', bdch = 1595308844', odch = 237477941', lcp = 49801770', #sols = 150
<DWph=0> <it=  5> <et=2897.05> <Mt= 0.12> <Spt= 6.50> <nCl= 28> <al=0.28> <DB= 2986.3122> <Mlp= 3116.5443> <PB=10000000> 
1 bl.dch (4592)...    RCSP exact solver info for graph G_0 : TT = 6.25467, pt = 0.007269, dt = 5.63387, ct = 0.611018, ndl = 318232', bdl = 22647836', odl = 163818', odf = 5464078', bsi = 2418', cnt = 21461803', bdch = 1493615243', odch = 227678328', lcp = 47719990', #sols = 150
<DWph=0> <it=  6> <et=2903.34> <Mt= 0.02> <Spt= 6.27> <nCl= 17> <al=0.35> <DB= 3058.7828> <Mlp= 3116.5406> <PB=10000000> 
1 bl.dch (4577)...    RCSP exact solver info for graph G_0 : TT = 7.86324, pt = 0.008145, dt = 7.26875, ct = 0.583906, ndl = 321157', bdl = 22839326', odl = 165677', odf = 5524662', bsi = 2430', cnt = 21666857', bdch = 1515933872', odch = 229854406', lcp = 48836501', #sols = 150
<DWph=0> <it=  7> <et=2909.66> <Mt= 0.00> <Spt= 6.32> <nCl= 11> <al=0.42> <DB= 3045.7917> <Mlp= 3116.5406> <PB=10000000> 
1 bl.dch (4588)...    RCSP exact solver info for graph G_0 : TT = 6.28591, pt = 0.007729, dt = 5.70832, ct = 0.567539, ndl = 319397', bdl = 22699195', odl = 164574', odf = 5495571', bsi = 2415', cnt = 21401806', bdch = 1503356754', odch = 227262530', lcp = 47923316', #sols = 150
1 bl.dch (4621)...    RCSP exact solver info for graph G_0 : TT = 6.0988, pt = 0.007349, dt = 5.50416, ct = 0.584779, ndl = 314622', bdl = 22379488', odl = 163798', odf = 5418361', bsi = 2424', cnt = 21024388', bdch = 1456839310', odch = 222709413', lcp = 47081062', #sols = 150
<DWph=0> <it=  8> <et=2922.08> <Mt= 0.01> <Spt=12.41> <nCl= 29> <al=0.00> <DB= 3060.9183> <Mlp= 3116.5406> <PB=10000000> 
1 bl.dch (4588)...    RCSP exact solver info for graph G_0 : TT = 6.22321, pt = 0.007026, dt = 5.5731, ct = 0.640592, ndl = 319705', bdl = 22714749', odl = 164804', odf = 5499916', bsi = 2404', cnt = 21473964', bdch = 1504108065', odch = 227733898', lcp = 48204384', #sols = 150
1 bl.dch (4607)...    RCSP exact solver info for graph G_0 : TT = 5.94891, pt = 0.007886, dt = 5.36023, ct = 0.578149, ndl = 315680', bdl = 22435642', odl = 164789', odf = 5442559', bsi = 2425', cnt = 21262056', bdch = 1469199881', odch = 223816694', lcp = 47309563', #sols = 150
<DWph=0> <it=  9> <et=2934.28> <Mt= 0.01> <Spt=12.19> <nCl= 10> <al=0.00> <DB= 3116.5406> <Mlp= 3116.5406> <PB=10000000> 
RCSP solver dynamic params and stats :  bidir.bord. = 375 aver.obdmd = 98.3607 aver.buck.num. = 101 nbR1C = 176 with avMem = 19.1705
@@ 1248 0 3116.54 6.50366 7.85266 92.389 2934.28
    Full reduced cost fixing is not called (gap ratio is 0.999993)
ColGenEvalAlg final dual bound: 3116.54 (rounded: 3117)
Current active cuts : R1C(27+149,429.643) 1rowPackR1C(27) 3rowPackR1C(64) 4rowPackR1C(39) 5rowPackR1C(46)
3 Rank-1 1-rows pack. cuts added ,  max viol. = 0.0521455, aver. viol. = 0.0444765
150 Rank-1 3-rows pack. cuts added ,  max viol. = 0.18691, aver. viol. = 0.0827718
In total 1 RCC cut(s) are found by the connected components heuristic 
Shrinking heuristic shrunk 31 edges
In total 3 RCC cut(s) are found by the Fractional capacity min-cut heuristic 
In total 4 RCC cut(s) are found by the greedy construction heuristic 
In total 19 RCC cut(s) are found by the global pool greedy search heuristic 
----- Add fac. cuts : CAP(27) R1C(153), max.viol = 0.355365, aver.viol = 0.0787242, sep/add took 0.0586617/0.940277 sec. -----
23795 columns (9842 active), 1121 dyn. constrs. (362 active), 1367 art. vars. (604 active)
<DWph=2> <it=  1> <et=2936.00> <Mt= 0.22> <Spt= 0.41> <nCl= 12> <al=0.00> <DB= 3039.2015> <Mlp= 3117.9646> <PB=10000000> 
<DWph=2> <it=  2> <et=2936.43> <Mt= 0.02> <Spt= 0.41> <nCl=  8> <al=0.00> <DB= 3109.1768> <Mlp= 3117.9604> <PB=10000000> 
<DWph=2> <it=  3> <et=2936.87> <Mt= 0.02> <Spt= 0.42> <nCl=  6> <al=0.00> <DB= 3117.9598> <Mlp= 3117.9598> <PB=10000000> 
<DWph=1> <it=  4> <et=2937.27> <Mt= 0.00> <Spt= 0.39> <nCl=  6> <al=0.20> <DB= 2862.5613> <Mlp= 3117.9598> <PB=10000000> 
<DWph=1> <it=  5> <et=2937.71> <Mt= 0.05> <Spt= 0.39> <nCl=  6> <al=0.28> <DB= 2623.7551> <Mlp= 3117.9403> <PB=10000000> 
<DWph=1> <it=  6> <et=2938.10> <Mt= 0.04> <Spt= 0.36> <nCl=  3> <al=0.35> <DB= 2861.1620> <Mlp= 3117.9271> <PB=10000000> 
<DWph=1> <it=  7> <et=2938.50> <Mt= 0.05> <Spt= 0.35> <nCl=  4> <al=0.25> <DB= 3037.5223> <Mlp= 3117.8973> <PB=10000000> 
<DWph=1> <it=  8> <et=2939.20> <Mt= 0.01> <Spt= 0.69> <nCl=  3> <al=0.00> <DB= 3058.2491> <Mlp= 3117.8973> <PB=10000000> 
<DWph=1> <it=  9> <et=2940.01> <Mt= 0.09> <Spt= 0.71> <nCl=  3> <al=0.00> <DB= 2928.4171> <Mlp= 3117.8959> <PB=10000000> 
<DWph=1> <it= 10> <et=2940.70> <Mt= 0.01> <Spt= 0.69> <nCl=  0> <al=0.00> <DB= 3117.8959> <Mlp= 3117.8959> <PB=10000000> 
1 bl.dch (4689)...    RCSP exact solver info for graph G_0 : TT = 5.90444, pt = 0.006617, dt = 5.34933, ct = 0.546284, ndl = 309514', bdl = 21763498', odl = 153666', odf = 5304091', bsi = 2350', cnt = 21874647', bdch = 1373711053', odch = 223716647', lcp = 46347141', #sols = 150
<DWph=0> <it= 11> <et=2946.68> <Mt= 0.01> <Spt= 5.97> <nCl=150> <al=0.03> <DB= 2547.0849> <Mlp= 3117.8959> <PB=10000000> 
1 bl.dch (4656)...    RCSP exact solver info for graph G_0 : TT = 6.13067, pt = 0.006835, dt = 5.46046, ct = 0.661111, ndl = 312206', bdl = 22076947', odl = 157378', odf = 5321868', bsi = 2293', cnt = 24278475', bdch = 1404979383', odch = 230771808', lcp = 49071974', #sols = 150
<DWph=0> <it= 12> <et=2953.09> <Mt= 0.19> <Spt= 6.17> <nCl= 68> <al=0.12> <DB= 2827.6434> <Mlp= 3117.8038> <PB=10000000> 
1 bl.dch (4627)...    RCSP exact solver info for graph G_0 : TT = 6.14913, pt = 0.007624, dt = 5.51068, ct = 0.628303, ndl = 317657', bdl = 22457218', odl = 159048', odf = 5436042', bsi = 2284', cnt = 23241382', bdch = 1460212958', odch = 233211129', lcp = 48829400', #sols = 150
<DWph=0> <it= 13> <et=2959.43> <Mt= 0.17> <Spt= 6.18> <nCl= 44> <al=0.21> <DB= 3056.3548> <Mlp= 3117.7788> <PB=10000000> 
1 bl.dch (4656)...    RCSP exact solver info for graph G_0 : TT = 6.04223, pt = 0.007854, dt = 5.46851, ct = 0.563523, ndl = 311694', bdl = 22082028', odl = 156490', odf = 5341783', bsi = 2312', cnt = 22404564', bdch = 1403996213', odch = 223260015', lcp = 47273769', #sols = 150
<DWph=0> <it= 14> <et=2965.58> <Mt= 0.08> <Spt= 6.06> <nCl= 27> <al=0.11> <DB= 3050.3014> <Mlp= 3117.7777> <PB=10000000> 
1 bl.dch (4650)...    RCSP exact solver info for graph G_0 : TT = 7.60368, pt = 0.007164, dt = 7.03099, ct = 0.562865, ndl = 311805', bdl = 22067355', odl = 156748', odf = 5344559', bsi = 2313', cnt = 22061330', bdch = 1415028932', odch = 223679728', lcp = 47368979', #sols = 150
<DWph=0> <it= 15> <et=2971.81> <Mt= 0.13> <Spt= 6.11> <nCl= 28> <al=0.20> <DB= 2992.0164> <Mlp= 3117.7763> <PB=10000000> 
1 bl.dch (4658)...    RCSP exact solver info for graph G_0 : TT = 6.02122, pt = 0.007046, dt = 5.39454, ct = 0.617189, ndl = 310459', bdl = 21981153', odl = 156938', odf = 5317662', bsi = 2310', cnt = 22041367', bdch = 1402903517', odch = 221982822', lcp = 46924441', #sols = 150
1 bl.dch (4681)...    RCSP exact solver info for graph G_0 : TT = 5.64867, pt = 0.00732, dt = 5.04776, ct = 0.591053, ndl = 306722', bdl = 21732067', odl = 156024', odf = 5259867', bsi = 2283', cnt = 21615003', bdch = 1374469199', odch = 216957370', lcp = 46085087', #sols = 150
<DWph=0> <it= 16> <et=2983.52> <Mt= 0.01> <Spt=11.69> <nCl= 12> <al=0.00> <DB= 3072.0944> <Mlp= 3117.7763> <PB=10000000> 
1 bl.dch (4669)...    RCSP exact solver info for graph G_0 : TT = 5.91465, pt = 0.008524, dt = 5.34386, ct = 0.560089, ndl = 308489', bdl = 21845599', odl = 156346', odf = 5290032', bsi = 2309', cnt = 21969516', bdch = 1387206443', odch = 220240849', lcp = 46563047', #sols = 150
1 bl.dch (4670)...    RCSP exact solver info for graph G_0 : TT = 5.96062, pt = 0.006655, dt = 5.38985, ct = 0.561657, ndl = 308239', bdl = 21830125', odl = 156322', odf = 5291864', bsi = 2301', cnt = 21949546', bdch = 1384649200', odch = 219844522', lcp = 46588991', #sols = 150
<DWph=0> <it= 17> <et=2995.43> <Mt= 0.01> <Spt=11.90> <nCl= 23> <al=0.00> <DB= 3115.4109> <Mlp= 3117.7763> <PB=10000000> 
1 bl.dch (4682)...    RCSP exact solver info for graph G_0 : TT = 7.36108, pt = 0.006349, dt = 5.25127, ct = 2.10101, ndl = 307083', bdl = 21751211', odl = 155963', odf = 5267865', bsi = 2290', cnt = 21907156', bdch = 1374607482', odch = 219031835', lcp = 46386825', #sols = 150
1 bl.dch (4681)...    RCSP exact solver info for graph G_0 : TT = 5.5869, pt = 0.007894, dt = 5.01988, ct = 0.556384, ndl = 307189', bdl = 21742860', odl = 156067', odf = 5273877', bsi = 2302', cnt = 21927478', bdch = 1375009267', odch = 219163210', lcp = 46411799', #sols = 150
<DWph=0> <it= 18> <et=3006.89> <Mt= 0.00> <Spt=11.46> <nCl=  3> <al=0.00> <DB= 3117.7763> <Mlp= 3117.7763> <PB=10000000> 
RCSP solver dynamic params and stats :  bidir.bord. = 375 aver.obdmd = 98.3607 aver.buck.num. = 101 nbR1C = 184 with avMem = 19.0163
@@ 1248 1 3117.78 6.20151 7.59385 92.389 3006.89
    Full reduced cost fixing is not called (gap ratio is 0.999993)
ColGenEvalAlg final dual bound: 3117.78 (rounded: 3118)
False gap improvement since the last cut separation : 0.00396505 (3116.54)
Separator R1C not in maximum phase
Cut generation tailing off counter increased to 0
Current active cuts : CAP(3,54.4417) R1C(27+157,432.234) 1rowPackR1C(27) 3rowPackR1C(80) 4rowPackR1C(36) 5rowPackR1C(41)
4 Rank-1 1-rows pack. cuts added ,  max viol. = 0.0354966, aver. viol. = 0.0296957
150 Rank-1 3-rows pack. cuts added ,  max viol. = 0.180042, aver. viol. = 0.0477458
Building structures for heuristic rank-1 packing cut separation...done!
100 Rank-1 4-rows pack. cuts added ,  max viol. = 0.18969, aver. viol. = 0.0562316
Shrinking heuristic shrunk 30 edges
In total 1 RCC cut(s) are found by the global pool greedy search heuristic 
----- Add fac. cuts : CAP(1) R1C(254), max.viol = 0.210605, aver.viol = 0.0553317, sep/add took 0.110107/0.717001 sec. -----
23907 columns (6833 active), 1376 dyn. constrs. (448 active), 1622 art. vars. (690 active)
<DWph=2> <it=  1> <et=3008.42> <Mt= 0.21> <Spt= 0.42> <nCl=  9> <al=0.00> <DB= 3014.8356> <Mlp= 3119.0313> <PB=10000000> 
<DWph=2> <it=  2> <et=3008.69> <Mt= 0.05> <Spt= 0.21> <nCl=  4> <al=0.40> <DB= 3077.4844> <Mlp= 3119.0199> <PB=10000000> 
<DWph=2> <it=  3> <et=3008.92> <Mt= 0.01> <Spt= 0.22> <nCl=  3> <al=0.46> <DB= 3073.7698> <Mlp= 3119.0199> <PB=10000000> 
<DWph=2> <it=  4> <et=3009.39> <Mt= 0.03> <Spt= 0.45> <nCl=  4> <al=0.03> <DB= 2795.8072> <Mlp= 3119.0126> <PB=10000000> 
<DWph=2> <it=  5> <et=3009.85> <Mt= 0.03> <Spt= 0.42> <nCl=  1> <al=0.00> <DB= 2943.0300> <Mlp= 3119.0105> <PB=10000000> 
<DWph=2> <it=  6> <et=3010.24> <Mt= 0.01> <Spt= 0.39> <nCl=  2> <al=0.00> <DB= 3119.0105> <Mlp= 3119.0105> <PB=10000000> 
<DWph=1> <it=  7> <et=3010.60> <Mt= 0.00> <Spt= 0.35> <nCl=  3> <al=0.21> <DB= 2987.6071> <Mlp= 3119.0105> <PB=10000000> 
<DWph=1> <it=  8> <et=3011.30> <Mt= 0.01> <Spt= 0.69> <nCl=  0> <al=0.00> <DB= 3119.0103> <Mlp= 3119.0103> <PB=10000000> 
1 bl.dch (4518)...    RCSP exact solver info for graph G_0 : TT = 6.45087, pt = 0.006754, dt = 5.81144, ct = 0.630331, ndl = 333068', bdl = 23582807', odl = 162225', odf = 5661364', bsi = 2282', cnt = 25140131', bdch = 1607371847', odch = 244141087', lcp = 49510799', #sols = 150
<DWph=0> <it=  9> <et=3017.82> <Mt= 0.01> <Spt= 6.52> <nCl=144> <al=0.19> <DB= 2798.8296> <Mlp= 3119.0103> <PB=10000000> 
1 bl.dch (4492)...    RCSP exact solver info for graph G_0 : TT = 6.48164, pt = 0.008412, dt = 5.88783, ct = 0.582957, ndl = 338379', bdl = 24015944', odl = 165893', odf = 5733034', bsi = 2270', cnt = 22992188', bdch = 1659012679', odch = 248902774', lcp = 51422378', #sols = 150
<DWph=0> <it= 10> <et=3024.41> <Mt= 0.07> <Spt= 6.52> <nCl= 52> <al=0.09> <DB= 2904.9493> <Mlp= 3118.9591> <PB=10000000> 
1 bl.dch (4534)...    RCSP exact solver info for graph G_0 : TT = 6.31349, pt = 0.008192, dt = 5.76541, ct = 0.537371, ndl = 329418', bdl = 23439360', odl = 162440', odf = 5567794', bsi = 2265', cnt = 21540017', bdch = 1570382002', odch = 229889851', lcp = 48815650', #sols = 150
<DWph=0> <it= 11> <et=3030.78> <Mt= 0.04> <Spt= 6.32> <nCl= 16> <al=0.18> <DB= 2872.2432> <Mlp= 3118.9534> <PB=10000000> 
1 bl.dch (4524)...    RCSP exact solver info for graph G_0 : TT = 7.91365, pt = 0.008237, dt = 7.38352, ct = 0.51952, ndl = 330955', bdl = 23519233', odl = 162665', odf = 5586217', bsi = 2257', cnt = 21488176', bdch = 1587885817', odch = 232590321', lcp = 49147721', #sols = 150
<DWph=0> <it= 12> <et=3037.21> <Mt= 0.03> <Spt= 6.41> <nCl=  8> <al=0.27> <DB= 3062.2405> <Mlp= 3118.9526> <PB=10000000> 
1 bl.dch (4528)...    RCSP exact solver info for graph G_0 : TT = 6.36869, pt = 0.007032, dt = 5.83602, ct = 0.523325, ndl = 330160', bdl = 23449628', odl = 162936', odf = 5578904', bsi = 2286', cnt = 21427115', bdch = 1583834890', odch = 227403718', lcp = 48371953', #sols = 150
<DWph=0> <it= 13> <et=3043.61> <Mt= 0.01> <Spt= 6.38> <nCl=  8> <al=0.17> <DB= 3099.7994> <Mlp= 3118.9526> <PB=10000000> 
1 bl.dch (4548)...    RCSP exact solver info for graph G_0 : TT = 6.4217, pt = 0.008514, dt = 5.85207, ct = 0.55875, ndl = 327568', bdl = 23288967', odl = 161786', odf = 5530215', bsi = 2258', cnt = 21094598', bdch = 1556442695', odch = 226236399', lcp = 48058155', #sols = 150
1 bl.dch (4549)...    RCSP exact solver info for graph G_0 : TT = 6.11383, pt = 0.007581, dt = 5.55806, ct = 0.545779, ndl = 327324', bdl = 23283602', odl = 161974', odf = 5529712', bsi = 2311', cnt = 21083917', bdch = 1554850304', odch = 226252705', lcp = 48108634', #sols = 150
<DWph=0> <it= 14> <et=3056.17> <Mt= 0.01> <Spt=12.55> <nCl=  4> <al=0.00> <DB= 3118.9526> <Mlp= 3118.9526> <PB=10000000> 
RCSP solver dynamic params and stats :  bidir.bord. = 375 aver.obdmd = 98.3607 aver.buck.num. = 101 nbR1C = 200 with avMem = 18.835
@@ 1248 2 3118.95 6.57034 7.90304 92.389 3056.17
    Full reduced cost fixing is not called (gap ratio is 0.999993)
ColGenEvalAlg final dual bound: 3118.95 (rounded: 3119)
False gap improvement since the last cut separation : 0.00377297 (3117.78)
Separator R1C not in maximum phase
Cut generation tailing off counter increased to 0
Current active cuts : CAP(2,85.4196) R1C(28+172,438.636) 1rowPackR1C(28) 3rowPackR1C(81) 4rowPackR1C(54) 5rowPackR1C(37)
5 Rank-1 1-rows pack. cuts added ,  max viol. = 0.0278324, aver. viol. = 0.0274681
87 Rank-1 3-rows pack. cuts added ,  max viol. = 0.0908723, aver. viol. = 0.0456641
Building structures for heuristic rank-1 packing cut separation...done!
60 Rank-1 4-rows pack. cuts added ,  max viol. = 0.145414, aver. viol. = 0.0601898
100 Rank-1 5-rows pack. cuts added ,  max viol. = 0.189021, aver. viol. = 0.119341
Shrinking heuristic shrunk 26 edges
In total 2 RCC cut(s) are found by the greedy construction heuristic 
In total 15 RCC cut(s) are found by the global pool greedy search heuristic 
----- Add fac. cuts : CAP(17) R1C(252), max.viol = 0.364245, aver.viol = 0.0868379, sep/add took 0.926103/0.925915 sec. -----
24165 columns (7091 active), 1490 dyn. constrs. (478 active), 1891 art. vars. (720 active)
<DWph=2> <it=  1> <et=3058.79> <Mt= 0.22> <Spt= 0.41> <nCl=  1> <al=0.00> <DB= 3049.0707> <Mlp= 3120.1390> <PB=10000000> 
<DWph=2> <it=  2> <et=3059.26> <Mt= 0.05> <Spt= 0.41> <nCl=  1> <al=0.00> <DB= 3120.1259> <Mlp= 3120.1259> <PB=10000000> 
<DWph=1> <it=  3> <et=3059.63> <Mt= 0.01> <Spt= 0.36> <nCl=  4> <al=0.30> <DB= 3017.3776> <Mlp= 3120.1259> <PB=10000000> 
<DWph=1> <it=  4> <et=3060.40> <Mt= 0.02> <Spt= 0.75> <nCl=  1> <al=0.00> <DB= 3120.1255> <Mlp= 3120.1255> <PB=10000000> 
1 bl.dch (4531)...    RCSP exact solver info for graph G_0 : TT = 8.03849, pt = 0.007895, dt = 7.44649, ct = 0.58179, ndl = 330467', bdl = 23325441', odl = 165875', odf = 5685480', bsi = 2284', cnt = 24203428', bdch = 1585767988', odch = 237655959', lcp = 49436806', #sols = 150
<DWph=0> <it=  5> <et=3066.96> <Mt= 0.01> <Spt= 6.55> <nCl= 70> <al=0.10> <DB= 2998.6488> <Mlp= 3120.1255> <PB=10000000> 
1 bl.dch (4534)...    RCSP exact solver info for graph G_0 : TT = 6.39059, pt = 0.007915, dt = 5.77443, ct = 0.605768, ndl = 328703', bdl = 23291891', odl = 165875', odf = 5641625', bsi = 2275', cnt = 23499855', bdch = 1574468701', odch = 234789509', lcp = 48780488', #sols = 150
<DWph=0> <it=  6> <et=3073.43> <Mt= 0.05> <Spt= 6.41> <nCl=  9> <al=0.19> <DB= 3083.8418> <Mlp= 3120.1142> <PB=10000000> 
1 bl.dch (4524)...    RCSP exact solver info for graph G_0 : TT = 6.47976, pt = 0.008653, dt = 5.83833, ct = 0.630178, ndl = 329529', bdl = 23366715', odl = 166171', odf = 5659702', bsi = 2270', cnt = 23509791', bdch = 1584039349', odch = 236258959', lcp = 49022382', #sols = 150
<DWph=0> <it=  7> <et=3079.94> <Mt= 0.02> <Spt= 6.49> <nCl= 12> <al=0.27> <DB= 3110.2843> <Mlp= 3120.1141> <PB=10000000> 
1 bl.dch (4524)...    RCSP exact solver info for graph G_0 : TT = 6.58258, pt = 0.008259, dt = 5.9926, ct = 0.578975, ndl = 330498', bdl = 23402418', odl = 165804', odf = 5669818', bsi = 2293', cnt = 23833202', bdch = 1588786132', odch = 238492594', lcp = 49330358', #sols = 150
1 bl.dch (4518)...    RCSP exact solver info for graph G_0 : TT = 6.58018, pt = 0.008543, dt = 5.99055, ct = 0.578847, ndl = 330952', bdl = 23435676', odl = 166271', odf = 5678949', bsi = 2257', cnt = 23881508', bdch = 1594302381', odch = 239484692', lcp = 49553543', #sols = 150
<DWph=0> <it=  8> <et=3093.14> <Mt= 0.01> <Spt=13.19> <nCl=  5> <al=0.00> <DB= 3120.1141> <Mlp= 3120.1141> <PB=10000000> 
RCSP solver dynamic params and stats :  bidir.bord. = 375 aver.obdmd = 98.3607 aver.buck.num. = 101 nbR1C = 208 with avMem = 19.2981
@@ 1248 3 3120.11 6.80359 8.02828 92.389 3093.14
    Full reduced cost fixing is not called (gap ratio is 0.999993)
ColGenEvalAlg final dual bound: 3120.11 (rounded: 3121)
False gap improvement since the last cut separation : 0.00372399 (3118.95)
Cut generation tailing off counter increased to 1
Current active cuts : CAP(3,83.6997) R1C(28+180,442.819) 1rowPackR1C(28) 3rowPackR1C(76) 4rowPackR1C(56) 5rowPackR1C(48)
5 Rank-1 1-rows pack. cuts added ,  max viol. = 0.0613863, aver. viol. = 0.0322757
149 Rank-1 3-rows pack. cuts added ,  max viol. = 0.100395, aver. viol. = 0.0342966
Building structures for heuristic rank-1 packing cut separation...done!
100 Rank-1 4-rows pack. cuts added ,  max viol. = 0.114995, aver. viol. = 0.0389025
100 Rank-1 5-rows pack. cuts added ,  max viol. = 0.189706, aver. viol. = 0.0788885
Shrinking heuristic shrunk 19 edges
In total 1 RCC cut(s) are found by the global pool greedy search heuristic 
----- Add fac. cuts : CAP(1) R1C(354), max.viol = 0.191642, aver.viol = 0.0565565, sep/add took 0.969779/1.04879 sec. -----
24268 columns (7194 active), 1616 dyn. constrs. (573 active), 2246 art. vars. (815 active)
<DWph=2> <it=  1> <et=3095.77> <Mt= 0.26> <Spt= 0.24> <nCl=  5> <al=0.50> <DB= 3120.1625> <Mlp= 3121.0039> <PB=10000000> 
<DWph=2> <it=  2> <et=3096.05> <Mt= 0.04> <Spt= 0.24> <nCl=  3> <al=0.55> <DB= 3037.2016> <Mlp= 3120.9976> <PB=10000000> 
<DWph=2> <it=  3> <et=3096.57> <Mt= 0.05> <Spt= 0.48> <nCl=  7> <al=0.19> <DB= 2761.3570> <Mlp= 3120.9929> <PB=10000000> 
<DWph=2> <it=  4> <et=3096.86> <Mt= 0.03> <Spt= 0.25> <nCl=  1> <al=0.50> <DB= 3105.3569> <Mlp= 3120.9913> <PB=10000000> 
BaPCod info: Cplex status is 'Optimal solution found, unscaled infeasibilities'
<DWph=2> <it=  5> <et=3097.37> <Mt= 0.02> <Spt= 0.49> <nCl=  3> <al=0.09> <DB= 2957.8908> <Mlp= 3120.9913> <PB=10000000> 
<DWph=2> <it=  6> <et=3097.68> <Mt= 0.06> <Spt= 0.25> <nCl=  3> <al=0.45> <DB= 3071.3559> <Mlp= 3120.9780> <PB=10000000> 
<DWph=2> <it=  7> <et=3098.19> <Mt= 0.03> <Spt= 0.48> <nCl=  2> <al=0.00> <DB= 3085.5423> <Mlp= 3120.9774> <PB=10000000> 
<DWph=2> <it=  8> <et=3098.63> <Mt= 0.01> <Spt= 0.43> <nCl=  3> <al=0.00> <DB= 3120.9774> <Mlp= 3120.9774> <PB=10000000> 
<DWph=1> <it=  9> <et=3099.02> <Mt= 0.01> <Spt= 0.38> <nCl= 10> <al=0.30> <DB= 2839.0071> <Mlp= 3120.9774> <PB=10000000> 
<DWph=1> <it= 10> <et=3099.50> <Mt= 0.08> <Spt= 0.40> <nCl=  2> <al=0.37> <DB= 2781.9905> <Mlp= 3120.9507> <PB=10000000> 
<DWph=1> <it= 11> <et=3100.32> <Mt= 0.03> <Spt= 0.78> <nCl=  2> <al=0.00> <DB= 3058.8152> <Mlp= 3120.9486> <PB=10000000> 
<DWph=1> <it= 12> <et=3100.72> <Mt= 0.03> <Spt= 0.37> <nCl=  2> <al=0.33> <DB= 3058.2639> <Mlp= 3120.9473> <PB=10000000> 
BaPCod info: Cplex status is 'Optimal solution found, unscaled infeasibilities'
<DWph=1> <it= 13> <et=3101.51> <Mt= 0.03> <Spt= 0.76> <nCl=  1> <al=0.00> <DB= 3120.9471> <Mlp= 3120.9471> <PB=10000000> 
BaPCod info: Cplex status is 'Optimal solution found, unscaled infeasibilities'
1 bl.dch (4402)...    RCSP exact solver info for graph G_0 : TT = 7.0553, pt = 0.008134, dt = 6.477, ct = 0.567843, ndl = 356671', bdl = 25295756', odl = 176893', odf = 6115458', bsi = 2326', cnt = 24813338', bdch = 1832031395', odch = 256029154', lcp = 53108351', #sols = 150
<DWph=0> <it= 14> <et=3108.67> <Mt= 0.02> <Spt= 7.13> <nCl=150> <al=0.13> <DB= 2772.3412> <Mlp= 3120.9471> <PB=10000000> 
1 bl.dch (4422)...    RCSP exact solver info for graph G_0 : TT = 7.30008, pt = 0.008696, dt = 6.68033, ct = 0.608479, ndl = 352078', bdl = 24869222', odl = 173792', odf = 6075345', bsi = 2338', cnt = 26631911', bdch = 1797983241', odch = 256436973', lcp = 52448600', #sols = 150
<DWph=0> <it= 15> <et=3116.12> <Mt= 0.13> <Spt= 7.33> <nCl= 34> <al=0.22> <DB= 3052.9687> <Mlp= 3120.8840> <PB=10000000> 
1 bl.dch (4426)...    RCSP exact solver info for graph G_0 : TT = 7.31806, pt = 0.008634, dt = 6.68376, ct = 0.623105, ndl = 350189', bdl = 24768465', odl = 174058', odf = 6056497', bsi = 2385', cnt = 26102154', bdch = 1781655468', odch = 255420652', lcp = 51855798', #sols = 150
<DWph=0> <it= 16> <et=3123.50> <Mt= 0.03> <Spt= 7.34> <nCl= 11> <al=0.12> <DB= 3083.7931> <Mlp= 3120.8811> <PB=10000000> 
1 bl.dch (4423)...    RCSP exact solver info for graph G_0 : TT = 8.86301, pt = 0.009474, dt = 8.25783, ct = 0.59306, ndl = 351242', bdl = 24836064', odl = 174784', odf = 6078082', bsi = 2372', cnt = 26036455', bdch = 1795682920', odch = 256699917', lcp = 52100864', #sols = 150
1 bl.dch (4426)...    RCSP exact solver info for graph G_0 : TT = 6.7907, pt = 0.008215, dt = 6.12784, ct = 0.65225, ndl = 350248', bdl = 24795832', odl = 174312', odf = 6062843', bsi = 2350', cnt = 25885691', bdch = 1786891906', odch = 255955352', lcp = 51917641', #sols = 150
<DWph=0> <it= 17> <et=3137.70> <Mt= 0.01> <Spt=14.19> <nCl=  9> <al=0.00> <DB= 3120.8811> <Mlp= 3120.8811> <PB=10000000> 
RCSP solver dynamic params and stats :  bidir.bord. = 375 aver.obdmd = 98.3607 aver.buck.num. = 101 nbR1C = 218 with avMem = 19.0596
@@ 1248 4 3120.88 7.4543 8.85089 92.389 3137.7
    Full reduced cost fixing is not called (gap ratio is 0.999993)
ColGenEvalAlg final dual bound: 3120.88 (rounded: 3121)
False gap improvement since the last cut separation : 0.00245815 (3120.11)
Cut generation tailing off counter increased to 2
Current active cuts : CAP(3,49.5065) R1C(31+187,445.974) 1rowPackR1C(31) 3rowPackR1C(74) 4rowPackR1C(55) 5rowPackR1C(58)
2 Rank-1 1-rows pack. cuts added ,  max viol. = 0.0402592, aver. viol. = 0.0336593
86 Rank-1 3-rows pack. cuts added ,  max viol. = 0.180392, aver. viol. = 0.0404385
Building structures for heuristic rank-1 packing cut separation...done!
87 Rank-1 4-rows pack. cuts added ,  max viol. = 0.0743678, aver. viol. = 0.0266153
100 Rank-1 5-rows pack. cuts added ,  max viol. = 0.0928913, aver. viol. = 0.0475198
Shrinking heuristic shrunk 22 edges
In total 1 RCC cut(s) are found by the Fractional capacity min-cut heuristic 
In total 2 RCC cut(s) are found by the global pool greedy search heuristic 
----- Add fac. cuts : CAP(3) R1C(275), max.viol = 0.227266, aver.viol = 0.0512982, sep/add took 1.03509/0.880113 sec. -----
24516 columns (7442 active), 1641 dyn. constrs. (506 active), 2524 art. vars. (748 active)
BaPCod info: Cplex status is 'Optimal solution found, unscaled infeasibilities'
<DWph=2> <it=  1> <et=3140.46> <Mt= 0.23> <Spt= 0.48> <nCl=  2> <al=0.00> <DB= 3039.8666> <Mlp= 3121.3606> <PB=10000000> 
BaPCod info: Cplex status is 'Optimal solution found, unscaled infeasibilities'
<DWph=2> <it=  2> <et=3140.98> <Mt= 0.04> <Spt= 0.47> <nCl=  1> <al=0.00> <DB= 3094.4878> <Mlp= 3121.3601> <PB=10000000> 
<DWph=2> <it=  3> <et=3141.47> <Mt= 0.01> <Spt= 0.47> <nCl=  0> <al=0.00> <DB= 3121.3600> <Mlp= 3121.3600> <PB=10000000> 
<DWph=1> <it=  4> <et=3141.90> <Mt= 0.01> <Spt= 0.43> <nCl=  3> <al=0.20> <DB= 3090.3942> <Mlp= 3121.3600> <PB=10000000> 
<DWph=1> <it=  5> <et=3142.80> <Mt= 0.02> <Spt= 0.87> <nCl=  1> <al=0.00> <DB= 3121.3596> <Mlp= 3121.3596> <PB=10000000> 
1 bl.dch (4377)...    RCSP exact solver info for graph G_0 : TT = 7.62486, pt = 0.00972, dt = 6.99137, ct = 0.621397, ndl = 365308', bdl = 25703808', odl = 180373', odf = 6347707', bsi = 2279', cnt = 25965466', bdch = 1915606895', odch = 276822934', lcp = 55141069', #sols = 150
<DWph=0> <it=  6> <et=3150.48> <Mt= 0.01> <Spt= 7.67> <nCl= 78> <al=0.00> <DB= 2851.2864> <Mlp= 3121.3596> <PB=10000000> 
1 bl.dch (4416)...    RCSP exact solver info for graph G_0 : TT = 7.46798, pt = 0.008595, dt = 6.79821, ct = 0.658692, ndl = 355628', bdl = 25049462', odl = 177917', odf = 6130032', bsi = 2281', cnt = 26089711', bdch = 1819407762', odch = 259108760', lcp = 53000748', #sols = 150
<DWph=0> <it=  7> <et=3158.04> <Mt= 0.07> <Spt= 7.49> <nCl= 28> <al=0.00> <DB= 3025.9825> <Mlp= 3121.3454> <PB=10000000> 
1 bl.dch (4392)...    RCSP exact solver info for graph G_0 : TT = 9.2628, pt = 0.008644, dt = 8.56719, ct = 0.684579, ndl = 362099', bdl = 25448499', odl = 179247', odf = 6245030', bsi = 2318', cnt = 27531932', bdch = 1880216534', odch = 271909768', lcp = 55149041', #sols = 150
<DWph=0> <it=  8> <et=3165.87> <Mt= 0.02> <Spt= 7.81> <nCl=  3> <al=0.10> <DB= 3111.8089> <Mlp= 3121.3451> <PB=10000000> 
BaPCod info: Cplex status is 'Optimal solution found, unscaled infeasibilities'
1 bl.dch (4402)...    RCSP exact solver info for graph G_0 : TT = 7.63208, pt = 0.008466, dt = 6.97246, ct = 0.648778, ndl = 360266', bdl = 25298585', odl = 178336', odf = 6220650', bsi = 2276', cnt = 27299894', bdch = 1860371138', odch = 269898644', lcp = 54709826', #sols = 150
<DWph=0> <it=  9> <et=3173.54> <Mt= 0.03> <Spt= 7.65> <nCl= 15> <al=0.00> <DB= 3121.3451> <Mlp= 3121.3451> <PB=10000000> 
RCSP solver dynamic params and stats :  bidir.bord. = 375 aver.obdmd = 98.3607 aver.buck.num. = 101 nbR1C = 229 with avMem = 19.5764
@@ 1248 5 3121.35 7.98567 9.25177 92.389 3173.54
    Full reduced cost fixing is not called (gap ratio is 0.999992)
ColGenEvalAlg final dual bound: 3121.35 (rounded: 3122)
False gap improvement since the last cut separation : 0.0014869 (3120.88)
----- Cut generation is stopped due to tailing off -----
Current active cuts : CAP(5,50.1488) R1C(31+198,453.26) 1rowPackR1C(31) 3rowPackR1C(70) 4rowPackR1C(53) 5rowPackR1C(75)
**** SB phase 3 evaluation of candidate 1, branch 2 ( x[(8, 85)]_0_896_0_OspV <= 0 ), value = 3112.58
<DWph=2> <it=  1> <et=3175.49> <Mt= 0.99> <Spt= 0.38> <nCl=  7> <al=0.00> <DB= 2893.9505> <Mlp= 3112.5771> <PB=10000000> 
BaPCod info: Cplex status is 'Optimal solution found, unscaled infeasibilities'
<DWph=1> <it=  2> <et=3176.25> <Mt= 0.01> <Spt= 0.75> <nCl=  4> <al=0.00> <DB= 3033.3056> <Mlp= 3112.5771> <PB=10000000> 
1 bl.dch (4325)...2 bl.dch (5205)...    RCSP exact solver info for graph G_0 : TT = 8.38979, pt = 0.007589, dt = 7.36898, ct = 1.01044, ndl = 386940', bdl = 27017801', odl = 178217', odf = 6815494', bsi = 2306', cnt = 40269878', bdch = 2065420425', odch = 353056835', lcp = 70370794', #sols = 150
<DWph=0> <it=  3> <et=3184.69> <Mt= 0.01> <Spt= 8.42> <nCl= 96> <al=0.30> <DB= 2876.0419> <Mlp= 3112.5765> <PB=10000000> 
1 bl.dch (4426)...    RCSP exact solver info for graph G_0 : TT = 7.82274, pt = 0.008195, dt = 6.83659, ct = 0.975257, ndl = 361378', bdl = 25241299', odl = 168188', odf = 6343068', bsi = 2368', cnt = 37203087', bdch = 1805282782', odch = 323189797', lcp = 64005175', #sols = 150
<DWph=0> <it=  4> <et=3192.59> <Mt= 0.05> <Spt= 7.85> <nCl= 45> <al=0.37> <DB= 3032.6559> <Mlp= 3112.5552> <PB=10000000> 
1 bl.dch (4450)...    RCSP exact solver info for graph G_0 : TT = 9.2086, pt = 0.008155, dt = 8.21655, ct = 0.981137, ndl = 355366', bdl = 24825652', odl = 165923', odf = 6242996', bsi = 2382', cnt = 36797869', bdch = 1743554595', odch = 318187136', lcp = 62746065', #sols = 150
<DWph=0> <it=  5> <et=3200.42> <Mt= 0.02> <Spt= 7.82> <nCl= 29> <al=0.27> <DB= 2790.0448> <Mlp= 3112.5552> <PB=10000000> 
1 bl.dch (4427)...    RCSP exact solver info for graph G_0 : TT = 7.52342, pt = 0.007879, dt = 6.60811, ct = 0.90497, ndl = 359745', bdl = 25127680', odl = 167825', odf = 6330798', bsi = 2356', cnt = 36960814', bdch = 1790165232', odch = 322764047', lcp = 63578625', #sols = 150
<DWph=0> <it=  6> <et=3207.96> <Mt= 0.00> <Spt= 7.53> <nCl=  4> <al=0.34> <DB= 3085.1497> <Mlp= 3112.5552> <PB=10000000> 
BaPCod info: Cplex status is 'Optimal solution found, unscaled infeasibilities'
1 bl.dch (4436)...    RCSP exact solver info for graph G_0 : TT = 7.75165, pt = 0.007991, dt = 6.75687, ct = 0.984205, ndl = 358838', bdl = 25061906', odl = 167410', odf = 6317631', bsi = 2368', cnt = 36772353', bdch = 1779677815', odch = 324571113', lcp = 63588386', #sols = 150
<DWph=0> <it=  7> <et=3215.74> <Mt= 0.02> <Spt= 7.77> <nCl=  6> <al=0.24> <DB= 3105.8956> <Mlp= 3112.5552> <PB=10000000> 
1 bl.dch (4443)...    RCSP exact solver info for graph G_0 : TT = 7.7, pt = 0.008157, dt = 6.72646, ct = 0.962888, ndl = 357750', bdl = 24989723', odl = 166835', odf = 6293928', bsi = 2375', cnt = 36317322', bdch = 1770045471', odch = 321585082', lcp = 63194426', #sols = 150
<DWph=0> <it=  8> <et=3223.46> <Mt= 0.01> <Spt= 7.71> <nCl=  4> <al=0.14> <DB= 3104.0622> <Mlp= 3112.5551> <PB=10000000> 
1 bl.dch (4436)...    RCSP exact solver info for graph G_0 : TT = 9.32436, pt = 0.007884, dt = 8.32117, ct = 0.992784, ndl = 358047', bdl = 25014348', odl = 167071', odf = 6292843', bsi = 2338', cnt = 36549633', bdch = 1776394443', odch = 322214630', lcp = 63311214', #sols = 150
1 bl.dch (4435)...    RCSP exact solver info for graph G_0 : TT = 7.45948, pt = 0.008038, dt = 6.57235, ct = 0.876803, ndl = 359148', bdl = 25088205', odl = 167415', odf = 6313783', bsi = 2332', cnt = 36373962', bdch = 1787227585', odch = 322581542', lcp = 63378085', #sols = 150
<DWph=0> <it=  9> <et=3238.84> <Mt= 0.01> <Spt=15.37> <nCl= 12> <al=0.00> <DB= 3112.5551> <Mlp= 3112.5551> <PB=10000000> 
RCSP solver dynamic params and stats :  bidir.bord. = 375 aver.obdmd = 98.3607 aver.buck.num. = 101 nbR1C = 188 with avMem = 19.9149
@@ 1249 0 3112.56 8.13694 9.31395 92.389 3238.84
    Full reduced cost fixing is not called (gap ratio is 0.999993)
ColGenEvalAlg final dual bound: 3112.56 (rounded: 3113)
Current active cuts : CAP(2,24.161) R1C(27+161,432.941) 1rowPackR1C(27) 3rowPackR1C(62) 4rowPackR1C(42) 5rowPackR1C(57)
2 Rank-1 1-rows pack. cuts added ,  max viol. = 0.0418591, aver. viol. = 0.040339
98 Rank-1 3-rows pack. cuts added ,  max viol. = 0.0503476, aver. viol. = 0.0309857
Building structures for heuristic rank-1 packing cut separation...done!
71 Rank-1 4-rows pack. cuts added ,  max viol. = 0.068607, aver. viol. = 0.0303932
100 Rank-1 5-rows pack. cuts added ,  max viol. = 0.0934952, aver. viol. = 0.0503738
Shrinking heuristic shrunk 30 edges
In total 1 RCC cut(s) are found by the greedy construction heuristic 
----- Add fac. cuts : CAP(1) R1C(271), max.viol = 0.134358, aver.viol = 0.0408411, sep/add took 0.750261/1.0609 sec. -----
24825 columns (9684 active), 1313 dyn. constrs. (469 active), 1555 art. vars. (711 active)
<DWph=2> <it=  1> <et=3241.12> <Mt= 0.19> <Spt= 0.20> <nCl=  2> <al=0.50> <DB= 3112.6882> <Mlp= 3112.8213> <PB=10000000> 
<DWph=2> <it=  2> <et=3241.33> <Mt= 0.01> <Spt= 0.20> <nCl=  6> <al=0.40> <DB= 3096.8317> <Mlp= 3112.8213> <PB=10000000> 
<DWph=2> <it=  3> <et=3241.78> <Mt= 0.02> <Spt= 0.43> <nCl=  8> <al=0.00> <DB= 2774.8208> <Mlp= 3112.8213> <PB=10000000> 
BaPCod info: Cplex status is 'Optimal solution found, unscaled infeasibilities'
<DWph=2> <it=  4> <et=3242.02> <Mt= 0.03> <Spt= 0.21> <nCl=  3> <al=0.36> <DB= 3036.9314> <Mlp= 3112.8207> <PB=10000000> 
<DWph=2> <it=  5> <et=3242.46> <Mt= 0.01> <Spt= 0.43> <nCl=  5> <al=0.00> <DB= 3112.8207> <Mlp= 3112.8207> <PB=10000000> 
<DWph=1> <it=  6> <et=3242.86> <Mt= 0.01> <Spt= 0.40> <nCl=  6> <al=0.32> <DB= 2823.2991> <Mlp= 3112.8207> <PB=10000000> 
<DWph=1> <it=  7> <et=3243.31> <Mt= 0.03> <Spt= 0.41> <nCl= 12> <al=0.39> <DB= 2644.2732> <Mlp= 3112.8199> <PB=10000000> 
BaPCod info: Cplex status is 'Optimal solution found, unscaled infeasibilities'
<DWph=1> <it=  8> <et=3244.13> <Mt= 0.02> <Spt= 0.80> <nCl=  5> <al=0.00> <DB= 3026.7489> <Mlp= 3112.8199> <PB=10000000> 
BaPCod info: Cplex status is 'Optimal solution found, unscaled infeasibilities'
<DWph=1> <it=  9> <et=3244.94> <Mt= 0.02> <Spt= 0.79> <nCl=  0> <al=0.00> <DB= 3112.8199> <Mlp= 3112.8199> <PB=10000000> 
BaPCod info: Cplex status is 'Optimal solution found, unscaled infeasibilities'
1 bl.dch (4167)...2 bl.dch (4777)...    RCSP exact solver info for graph G_0 : TT = 10.3339, pt = 0.008333, dt = 9.2651, ct = 1.0579, ndl = 434774', bdl = 30109278', odl = 194544', odf = 7805783', bsi = 2318', cnt = 37942749', bdch = 2498576043', odch = 452332295', lcp = 91597570', #sols = 150
<DWph=0> <it= 10> <et=3255.37> <Mt= 0.02> <Spt=10.40> <nCl=150> <al=0.25> <DB= 2671.4474> <Mlp= 3112.8199> <PB=10000000> 
1 bl.dch (4187)...2 bl.dch (4800)...    RCSP exact solver info for graph G_0 : TT = 12.6032, pt = 0.009119, dt = 11.4743, ct = 1.11726, ndl = 432168', bdl = 29736702', odl = 193312', odf = 7781653', bsi = 2318', cnt = 40793967', bdch = 2460750540', odch = 461974949', lcp = 94729347', #sols = 150
<DWph=0> <it= 11> <et=3266.57> <Mt= 0.41> <Spt=10.80> <nCl= 55> <al=0.15> <DB= 2913.3534> <Mlp= 3112.8048> <PB=10000000> 
1 bl.dch (4202)...2 bl.dch (4829)...    RCSP exact solver info for graph G_0 : TT = 10.5378, pt = 0.008635, dt = 9.36968, ct = 1.15712, ndl = 427917', bdl = 29484153', odl = 194082', odf = 7703136', bsi = 2335', cnt = 42052699', bdch = 2423054252', odch = 457389896', lcp = 94321581', #sols = 150
<DWph=0> <it= 12> <et=3277.16> <Mt= 0.02> <Spt=10.57> <nCl= 27> <al=0.24> <DB= 3061.9669> <Mlp= 3112.8044> <PB=10000000> 
1 bl.dch (4229)...2 bl.dch (4862)...    RCSP exact solver info for graph G_0 : TT = 10.4179, pt = 0.008977, dt = 9.29793, ct = 1.1085, ndl = 422637', bdl = 29103953', odl = 192515', odf = 7622689', bsi = 2322', cnt = 41158323', bdch = 2358912073', odch = 449298898', lcp = 92864554', #sols = 150
<DWph=0> <it= 13> <et=3287.61> <Mt= 0.02> <Spt=10.43> <nCl=  8> <al=0.31> <DB= 3094.2134> <Mlp= 3112.8044> <PB=10000000> 
BaPCod info: Cplex status is 'Optimal solution found, unscaled infeasibilities'
1 bl.dch (4236)...2 bl.dch (4868)...    RCSP exact solver info for graph G_0 : TT = 12.0154, pt = 0.009086, dt = 10.865, ct = 1.13895, ndl = 421040', bdl = 28998921', odl = 191229', odf = 7575794', bsi = 2284', cnt = 40814236', bdch = 2335874338', odch = 447128164', lcp = 92261141', #sols = 150
<DWph=0> <it= 14> <et=3298.04> <Mt= 0.02> <Spt=10.41> <nCl= 10> <al=0.38> <DB= 3102.2563> <Mlp= 3112.8044> <PB=10000000> 
1 bl.dch (4240)...2 bl.dch (4891)...    RCSP exact solver info for graph G_0 : TT = 10.0876, pt = 0.009708, dt = 8.96468, ct = 1.11071, ndl = 419708', bdl = 28896222', odl = 191150', odf = 7556713', bsi = 2297', cnt = 40563723', bdch = 2321957084', odch = 445329996', lcp = 92075730', #sols = 150
1 bl.dch (4241)...2 bl.dch (4894)...    RCSP exact solver info for graph G_0 : TT = 9.89823, pt = 0.00846, dt = 8.83692, ct = 1.05042, ndl = 418932', bdl = 28874081', odl = 190430', odf = 7535548', bsi = 2312', cnt = 40329078', bdch = 2310517139', odch = 443827473', lcp = 91794968', #sols = 150
<DWph=0> <it= 15> <et=3318.06> <Mt= 0.01> <Spt=20.01> <nCl= 16> <al=0.00> <DB= 3111.9014> <Mlp= 3112.8044> <PB=10000000> 
1 bl.dch (4241)...2 bl.dch (4894)...    RCSP exact solver info for graph G_0 : TT = 11.765, pt = 0.008669, dt = 10.6954, ct = 1.05838, ndl = 419042', bdl = 28853897', odl = 190744', odf = 7549674', bsi = 2336', cnt = 40479742', bdch = 2314495804', odch = 443591304', lcp = 91754495', #sols = 150
1 bl.dch (4241)...2 bl.dch (4894)...    RCSP exact solver info for graph G_0 : TT = 9.79487, pt = 0.008806, dt = 8.75977, ct = 1.02395, ndl = 418948', bdl = 28854938', odl = 190957', odf = 7542107', bsi = 2283', cnt = 40584938', bdch = 2313049769', odch = 443563231', lcp = 91804788', #sols = 150
<DWph=0> <it= 16> <et=3337.93> <Mt= 0.01> <Spt=19.85> <nCl= 15> <al=0.00> <DB= 3112.8044> <Mlp= 3112.8044> <PB=10000000> 
RCSP solver dynamic params and stats :  bidir.bord. = 375 aver.obdmd = 98.3607 aver.buck.num. = 101 nbR1C = 212 with avMem = 20.5472
@@ 1249 1 3112.8 10.8169 12.5916 92.389 3337.93
    Full reduced cost fixing is not called (gap ratio is 0.999993)
ColGenEvalAlg final dual bound: 3112.8 (rounded: 3113)
False gap improvement since the last cut separation : 0.000800961 (3112.56)
----- Cut generation stopped by the pricing solver
Current active cuts : CAP(2,26.8078) R1C(28+184,441.348) 1rowPackR1C(28) 3rowPackR1C(70) 4rowPackR1C(51) 5rowPackR1C(63)
SB exact phase 3 branch on var x[(8, 85)]_0_896_0_OspV (lhs=0.171809) : [3121.3451, 3112.8044], tree depth = 1e+12, tree size = 1e+12, score = -0.3196 (h)
SB with phases chosed candidate var x[(8, 85)]_0_896_0_OspV (lhs=0.171809)
************************************************************************************************
**** BaB tree node (N° 13, parent N° 11, depth 6, treatOrderId 1249)
**** Local DB = 3112.8, global bounds : [ 3110 , 1e+07 ], TIME = 0h55m38s6t = 333806
**** 7 open nodes, 25153 columns (10012 active), 1076 dyn. constrs. (221 active), 1318 art. vars. (463 active)
************************************************************************************************
**** Strong branching phase 1 is started *****
SB phase 1 cand.  1 branch on var x[(6, 86)]_0_670_0_OspV (lhs=0.7559)    : [ 3113.0000,  3117.8769], score = 0.99 (h)  <et=3338.4>
SB phase 1 cand.  2 branch on omega[3] (lhs=2.4883)                       : [ 3113.0000,  3113.1630], score = 0.07      <et=3338.63>
SB phase 1 cand.  3 branch on var x[(37, 69)]_0_3722_0_OspV (lhs=0.1802)  : [ 3113.0000,  3116.9089], score = 0.80 (h)  <et=3338.97>
SB phase 1 cand.  4 branch on omega[2] (lhs=24.9617)                      : [ 3112.8044,  3113.3512], score = 0.00      <et=3339.19>
SB phase 1 cand.  5 branch on var x[(86, 108)]_0_6652_0_OspV (lhs=0.2441) : [ 3113.0000,  3117.8769], score = 0.99 (h)  <et=3339.49>
SB phase 1 cand.  6 branch on omega[4] (lhs=2.0000)                       : [ 3112.8044,  3112.8044], score = 0.00      <et=3339.51>
SB phase 1 cand.  7 branch on var x[(77, 78)]_0_6271_0_OspV (lhs=0.7132)  : [ 3113.0000,  3115.4358], score = 0.51 (h)  <et=3339.81>
SB phase 1 cand.  8 branch on Psi[2,6] (lhs=1.5235)                       : [ 3113.0000,  3113.6431], score = 0.16      <et=3340.06>
SB phase 1 cand.  9 branch on var x[(6, 48)]_0_632_0_OspV (lhs=0.2441)    : [ 3113.0000,  3116.4267], score = 0.71 (h)  <et=3340.36>
SB phase 1 cand. 10 branch on Psi[2,3] (lhs=1.7771)                       : [ 3113.0000,  3114.9286], score = 0.42      <et=3340.67>
SB phase 1 cand. 11 branch on var x[(111, 120)]_0_7214_0_OspV (lhs=0.7559): [ 3113.0000,  3116.1444], score = 0.65 (h)  <et=3340.99>
SB phase 1 cand. 12 branch on Psi[2,4] (lhs=2.0000)                       : [ 3112.8044,  3112.8044], score = 0.00      <et=3341.01>
SB phase 1 cand. 13 branch on Psi[1,3] (lhs=0.2868)                       : [ 3113.0000,  3115.4303], score = 0.51 (h)  <et=3341.29>
SB phase 1 cand. 14 branch on var x[(13, 90)]_0_1451_0_OspV (lhs=0.4985)  : [ 3113.0000,  3113.4119], score = 0.12      <et=3341.52>
BaPCod info: Cplex status is 'Optimal solution found, unscaled infeasibilities'
SB phase 1 cand. 15 branch on var x[(16, 111)]_0_1790_0_OspV (lhs=0.2441) : [ 3113.0000,  3116.1444], score = 0.65 (h)  <et=3341.84>
BaPCod info: Cplex status is 'Optimal solution found, unscaled infeasibilities'
SB phase 1 cand. 16 branch on var x[(18, 96)]_0_1982_0_OspV (lhs=0.4869)  : [ 3113.0000,  3113.4622], score = 0.13      <et=3342.05>
SB phase 1 cand. 17 branch on var x[(16, 73)]_0_1752_0_OspV (lhs=0.7559)  : [ 3113.0000,  3116.1398], score = 0.65 (h)  <et=3342.35>
SB phase 1 cand. 18 branch on var x[(2, 102)]_0_220_0_OspV (lhs=0.5141)   : [ 3113.0000,  3113.1687], score = 0.07      <et=3342.62>
SB phase 1 cand. 19 branch on Psi[1,2] (lhs=0.7132)                       : [ 3113.0000,  3115.4358], score = 0.51 (h)  <et=3342.92>
BaPCod info: Cplex status is 'Optimal solution found, unscaled infeasibilities'
SB phase 1 cand. 20 branch on var x[(0, 20)]_0_2109_0_OspV (lhs=0.4659)   : [ 3113.0000,  3113.3488], score = 0.11      <et=3343.19>
SB phase 1 cand. 21 branch on var x[(37, 76)]_0_3729_0_OspV (lhs=0.8198)  : [ 3113.0000,  3116.9089], score = 0.80 (h)  <et=3343.5>
SB phase 1 cand. 22 branch on var x[(89, 101)]_0_6744_0_OspV (lhs=0.4586) : [ 3112.8044,  3112.8712], score = 0.00      <et=3343.62>
SB phase 1 cand. 23 branch on var x[(0, 88)]_0_6699_0_OspV (lhs=0.7253)   : [ 3113.0000,  3115.0982], score = 0.45 (h)  <et=3343.91>
BaPCod info: Cplex status is 'Optimal solution found, unscaled infeasibilities'
SB phase 1 cand. 24 branch on var x[(28, 46)]_0_2907_0_OspV (lhs=0.5526)  : [ 3113.0000,  3113.3890], score = 0.11      <et=3344.14>
SB phase 1 cand. 25 branch on var x[(76, 108)]_0_6257_0_OspV (lhs=0.1802) : [ 3113.0000,  3116.9089], score = 0.80 (h)  <et=3344.44>
SB phase 1 cand. 26 branch on var x[(6, 108)]_0_692_0_OspV (lhs=0.5756)   : [ 3113.0000,  3114.3192], score = 0.30      <et=3344.68>
BaPCod info: Cplex status is 'Optimal solution found, unscaled infeasibilities'
SB phase 1 cand. 27 branch on var x[(1, 85)]_0_84_0_OspV (lhs=0.7132)     : [ 3113.0000,  3115.4317], score = 0.51 (h)  <et=3344.99>
SB phase 1 cand. 28 branch on var x[(21, 56)]_0_2245_0_OspV (lhs=0.5805)  : [ 3112.8057,  3112.8075], score = 0.00      <et=3345.06>
BaPCod info: Cplex status is 'Optimal solution found, unscaled infeasibilities'
SB phase 1 cand. 29 branch on var x[(26, 31)]_0_2705_0_OspV (lhs=0.7132)  : [ 3113.0000,  3115.4358], score = 0.51 (h)  <et=3345.35>
BaPCod info: Cplex status is 'Optimal solution found, unscaled infeasibilities'
SB phase 1 cand. 30 branch on var x[(2, 52)]_0_170_0_OspV (lhs=0.4185)    : [ 3112.9837,  3113.4344], score = 0.11      <et=3345.69>
SB phase 1 cand. 31 branch on Psi[3,6] (lhs=0.4244)                       : [ 3113.0000,  3114.3835], score = 0.31 (h)  <et=3345.95>
SB phase 1 cand. 32 branch on var x[(52, 119)]_0_4912_0_OspV (lhs=0.5842) : [ 3112.9924,  3113.4395], score = 0.12      <et=3346.31>
SB phase 1 cand. 33 branch on var x[(4, 69)]_0_422_0_OspV (lhs=0.8198)    : [ 3113.0000,  3116.5241], score = 0.73 (h)  <et=3346.66>
BaPCod info: Cplex status is 'Optimal solution found, unscaled infeasibilities'
SB phase 1 cand. 34 branch on var x[(34, 88)]_0_3486_0_OspV (lhs=0.5845)  : [ 3113.0000,  3113.7053], score = 0.18      <et=3346.91>
SB phase 1 cand. 35 branch on var x[(4, 37)]_0_390_0_OspV (lhs=0.1802)    : [ 3113.0000,  3116.5241], score = 0.73 (h)  <et=3347.25>
SB phase 1 cand. 36 branch on var x[(0, 52)]_0_4845_0_OspV (lhs=0.4138)   : [ 3112.9478,  3113.0000], score = 0.03      <et=3347.46>
SB phase 1 cand. 37 branch on var x[(17, 83)]_0_1866_0_OspV (lhs=0.1802)  : [ 3113.0000,  3116.5241], score = 0.73 (h)  <et=3347.8>
BaPCod info: Cplex status is 'Optimal solution found, unscaled infeasibilities'
SB phase 1 cand. 38 branch on var x[(21, 89)]_0_2278_0_OspV (lhs=0.4108)  : [ 3112.8044,  3112.8087], score = 0.00      <et=3347.88>
SB phase 1 cand. 39 branch on var x[(109, 120)]_0_7193_0_OspV (lhs=0.2441): [ 3113.0000,  3115.5779], score = 0.54 (h)  <et=3348.16>
SB phase 1 cand. 40 branch on var x[(0, 70)]_0_5934_0_OspV (lhs=0.4079)   : [ 3113.0000,  3113.6290], score = 0.16      <et=3348.46>
SB phase 1 cand. 41 branch on var x[(17, 37)]_0_1820_0_OspV (lhs=0.8198)  : [ 3113.0000,  3116.5241], score = 0.73 (h)  <et=3348.8>
BaPCod info: Cplex status is 'Optimal solution found, unscaled infeasibilities'
SB phase 1 cand. 42 branch on var x[(53, 96)]_0_4957_0_OspV (lhs=0.6081)  : [ 3113.0000,  3113.5680], score = 0.15      <et=3349.1>
SB phase 1 cand. 43 branch on var x[(13, 68)]_0_1429_0_OspV (lhs=0.7734)  : [ 3113.0000,  3115.5728], score = 0.54 (h)  <et=3349.46>
BaPCod info: Cplex status is 'Optimal solution found, unscaled infeasibilities'
SB phase 1 cand. 44 branch on var x[(0, 42)]_0_4100_0_OspV (lhs=0.6221)   : [ 3113.0000,  3113.0389], score = 0.05      <et=3349.67>
SB phase 1 cand. 45 branch on var x[(10, 90)]_0_1124_0_OspV (lhs=0.1940)  : [ 3113.0000,  3116.7987], score = 0.78 (h)  <et=3350.01>
SB phase 1 cand. 46 branch on var x[(7, 42)]_0_740_0_OspV (lhs=0.3779)    : [ 3113.0000,  3113.0389], score = 0.05      <et=3350.21>
BaPCod info: Cplex status is 'Optimal solution found, unscaled infeasibilities'
SB phase 1 cand. 47 branch on var x[(11, 109)]_0_1253_0_OspV (lhs=0.7557) : [ 3113.0000,  3115.3731], score = 0.50 (h)  <et=3350.51>
SB phase 1 cand. 48 branch on var x[(42, 93)]_0_4151_0_OspV (lhs=0.6265)  : [ 3113.0000,  3113.2249], score = 0.08      <et=3350.75>
BaPCod info: Cplex status is 'Optimal solution found, unscaled infeasibilities'
BaPCod info: Cplex status is 'Optimal solution found, unscaled infeasibilities'
SB phase 1 cand. 49 branch on var x[(29, 41)]_0_2994_0_OspV (lhs=0.7559)  : [ 3112.8397,  3117.7271], score = 0.17 (h)  <et=3351.11>
SB phase 1 cand. 50 branch on var x[(0, 96)]_0_6935_0_OspV (lhs=0.3621)   : [ 3113.0000,  3114.2554], score = 0.28      <et=3351.39>
BaPCod info: Cplex status is 'Optimal solution found, unscaled infeasibilities'
SB phase 1 cand. 51 branch on var x[(71, 72)]_0_5986_0_OspV (lhs=0.6857)  : [ 3113.0000,  3114.5612], score = 0.34 (h)  <et=3351.67>
BaPCod info: Cplex status is 'Optimal solution found, unscaled infeasibilities'
SB phase 1 cand. 52 branch on var x[(58, 79)]_0_5265_0_OspV (lhs=0.6408)  : [ 3113.0000,  3113.9941], score = 0.23      <et=3351.95>
SB phase 1 cand. 53 branch on var x[(106, 113)]_0_7147_0_OspV (lhs=0.7847): [ 3113.0000,  3115.5344], score = 0.53 (h)  <et=3352.27>
SB phase 1 cand. 54 branch on var x[(56, 101)]_0_5160_0_OspV (lhs=0.3555) : [ 3112.8056,  3112.8711], score = 0.00      <et=3352.4>
BaPCod info: Cplex status is 'Optimal solution found, unscaled infeasibilities'
SB phase 1 cand. 55 branch on var x[(0, 90)]_0_6764_0_OspV (lhs=0.6121)   : [ 3113.0000,  3114.2646], score = 0.29 (h)  <et=3352.64>
SB phase 1 cand. 56 branch on var x[(70, 119)]_0_5983_0_OspV (lhs=0.3489) : [ 3112.9162,  3115.2601], score = 0.27      <et=3353.08>
SB phase 1 cand. 57 branch on var x[(13, 71)]_0_1432_0_OspV (lhs=0.2025)  : [ 3113.0000,  3116.1405], score = 0.65 (h)  <et=3353.42>
SB phase 1 cand. 58 branch on var x[(23, 92)]_0_2478_0_OspV (lhs=0.6568)  : [ 3113.0000,  3114.4347], score = 0.32      <et=3353.65>
SB phase 1 cand. 59 branch on var x[(0, 10)]_0_1044_0_OspV (lhs=0.7007)   : [ 3113.0000,  3114.6969], score = 0.37 (h)  <et=3353.93>
BaPCod info: Cplex status is 'Optimal solution found, unscaled infeasibilities'
SB phase 1 cand. 60 branch on var x[(18, 53)]_0_1939_0_OspV (lhs=0.3379)  : [ 3113.0000,  3114.4427], score = 0.32      <et=3354.25>
SB phase 1 cand. 61 branch on var x[(23, 115)]_0_2501_0_OspV (lhs=0.1733) : [ 3113.0000,  3119.3731], score = 1.28 (h)  <et=3354.69>
SB phase 1 cand. 62 branch on var x[(0, 28)]_0_2889_0_OspV (lhs=0.6689)   : [ 3113.0000,  3114.0324], score = 0.24      <et=3354.99>
SB phase 1 cand. 63 branch on var x[(43, 113)]_0_4249_0_OspV (lhs=0.8360) : [ 3113.0000,  3114.9071], score = 0.41 (h)  <et=3355.34>
SB phase 1 cand. 64 branch on var x[(7, 20)]_0_718_0_OspV (lhs=0.3267)    : [ 3112.8689,  3115.0852], score = 0.15      <et=3355.71>
SB phase 1 cand. 65 branch on var x[(3, 107)]_0_343_0_OspV (lhs=0.7852)   : [ 3112.8764,  3116.0129], score = 0.23 (h)  <et=3356.1>
SB phase 1 cand. 66 branch on var x[(0, 74)]_0_6132_0_OspV (lhs=0.6812)   : [ 3113.0000,  3115.0540], score = 0.44      <et=3356.45>
SB phase 1 cand. 67 branch on var x[(1, 26)]_0_25_0_OspV (lhs=0.2868)     : [ 3113.0000,  3115.4358], score = 0.51 (h)  <et=3356.78>
SB phase 1 cand. 68 branch on var x[(0, 79)]_0_6357_0_OspV (lhs=0.6817)   : [ 3113.0000,  3114.3694], score = 0.31      <et=3357.09>
SB phase 1 cand. 69 branch on var x[(0, 23)]_0_2409_0_OspV (lhs=0.6801)   : [ 3113.0000,  3114.8991], score = 0.41 (h)  <et=3357.39>
SB phase 1 cand. 70 branch on var x[(0, 105)]_0_7124_0_OspV (lhs=0.6920)  : [ 3112.8044,  3113.0000], score = 0.00      <et=3357.47>
SB phase 1 cand. 71 branch on var x[(31, 45)]_0_3179_0_OspV (lhs=0.2868)  : [ 3113.0000,  3115.4303], score = 0.51 (h)  <et=3357.76>
SB phase 1 cand. 72 branch on var x[(10, 98)]_0_1132_0_OspV (lhs=0.6929)  : [ 3113.0000,  3113.7685], score = 0.19      <et=3358.03>
SB phase 1 cand. 73 branch on var x[(10, 88)]_0_1122_0_OspV (lhs=0.2855)  : [ 3113.0000,  3114.7121], score = 0.37 (h)  <et=3358.32>
SB phase 1 cand. 74 branch on var x[(0, 102)]_0_7070_0_OspV (lhs=0.6989)  : [ 3112.9898,  3113.6844], score = 0.16      <et=3358.71>
SB phase 1 cand. 75 branch on var x[(41, 83)]_0_4062_0_OspV (lhs=0.0266)  : [ 3112.8397,  3123.2146], score = 0.37 (h)  <et=3359.13>
BaPCod info: Cplex status is 'Optimal solution found, unscaled infeasibilities'
SB phase 1 cand. 76 branch on var x[(48, 63)]_0_4574_0_OspV (lhs=0.7032)  : [ 3112.8044,  3113.0000], score = 0.00      <et=3359.21>
SB phase 1 cand. 77 branch on var x[(45, 117)]_0_4406_0_OspV (lhs=0.7132) : [ 3113.0000,  3115.4274], score = 0.51 (h)  <et=3359.51>
BaPCod info: Cplex status is 'Optimal solution found, unscaled infeasibilities'
SB phase 1 cand. 78 branch on var x[(9, 19)]_0_942_0_OspV (lhs=0.7037)    : [ 3113.0000,  3113.7501], score = 0.18      <et=3359.77>
SB phase 1 cand. 79 branch on var x[(5, 64)]_0_533_0_OspV (lhs=0.6786)    : [ 3113.0000,  3114.7304], score = 0.38 (h)  <et=3360.05>
SB phase 1 cand. 80 branch on var x[(72, 74)]_0_6037_0_OspV (lhs=0.7132)  : [ 3113.0000,  3114.4524], score = 0.32      <et=3360.36>
SB phase 1 cand. 81 branch on var x[(47, 64)]_0_4502_0_OspV (lhs=0.7213)  : [ 3113.0000,  3115.3348], score = 0.49 (h)  <et=3360.66>
SB phase 1 cand. 82 branch on var x[(77, 85)]_0_6278_0_OspV (lhs=0.2868)  : [ 3113.0000,  3115.4358], score = 0.51      <et=3360.97>
SB phase 1 cand. 83 branch on var x[(50, 117)]_0_4771_0_OspV (lhs=0.0692) : [ 3112.8917,  3118.6321], score = 0.51 (h)  <et=3361.39>
SB phase 1 cand. 84 branch on var x[(38, 115)]_0_3851_0_OspV (lhs=0.7169) : [ 3113.0000,  3114.9669], score = 0.42      <et=3361.67>
BaPCod info: Cplex status is 'Optimal solution found, unscaled infeasibilities'
SB phase 1 cand. 85 branch on var x[(76, 83)]_0_6232_0_OspV (lhs=0.5756)  : [ 3113.0000,  3114.3835], score = 0.31 (h)  <et=3361.95>
SB phase 1 cand. 86 branch on var x[(58, 114)]_0_5300_0_OspV (lhs=0.7230) : [ 3113.0000,  3114.0118], score = 0.24      <et=3362.21>
BaPCod info: Cplex status is 'Optimal solution found, unscaled infeasibilities'
SB phase 1 cand. 87 branch on var x[(49, 94)]_0_4677_0_OspV (lhs=0.6655)  : [ 3113.0000,  3114.4840], score = 0.33 (h)  <et=3362.48>
SB phase 1 cand. 88 branch on var x[(0, 65)]_0_5664_0_OspV (lhs=0.7361)   : [ 3113.0000,  3114.6707], score = 0.36      <et=3362.81>
SB phase 1 cand. 89 branch on var x[(6, 76)]_0_660_0_OspV (lhs=0.4244)    : [ 3113.0000,  3114.3835], score = 0.31 (h)  <et=3363.07>
SB phase 1 cand. 90 branch on var x[(0, 66)]_0_5720_0_OspV (lhs=0.7388)   : [ 3113.0000,  3114.5721], score = 0.35      <et=3363.34>
BaPCod info: Cplex status is 'Optimal solution found, unscaled infeasibilities'
BaPCod info: Cplex status is 'Optimal solution found, unscaled infeasibilities'
SB phase 1 cand. 91 branch on var x[(47, 96)]_0_4534_0_OspV (lhs=0.2368)  : [ 3113.0000,  3116.0563], score = 0.64 (h)  <et=3363.66>
SB phase 1 cand. 92 branch on var x[(0, 64)]_0_5607_0_OspV (lhs=0.2609)   : [ 3113.0000,  3115.2249], score = 0.47      <et=3364>
BaPCod info: Cplex status is 'Optimal solution found, unscaled infeasibilities'
SB phase 1 cand. 93 branch on var x[(28, 88)]_0_2949_0_OspV (lhs=0.2144)  : [ 3113.0000,  3114.8673], score = 0.40 (h)  <et=3364.36>
SB phase 1 cand. 94 branch on var x[(74, 90)]_0_6148_0_OspV (lhs=0.2587)  : [ 3113.0000,  3115.5524], score = 0.54      <et=3364.68>
SB phase 1 cand. 95 branch on var x[(28, 58)]_0_2919_0_OspV (lhs=0.2180)  : [ 3112.9947,  3116.3961], score = 0.68 (h)  <et=3365.07>
SB phase 1 cand. 96 branch on var x[(5, 79)]_0_548_0_OspV (lhs=0.2574)    : [ 3113.0000,  3115.9418], score = 0.61      <et=3365.39>
SB phase 1 cand. 97 branch on var x[(92, 113)]_0_6846_0_OspV (lhs=0.3234) : [ 3113.0000,  3114.4456], score = 0.32 (h)  <et=3365.62>
BaPCod info: Cplex status is 'Optimal solution found, unscaled infeasibilities'
SB phase 1 cand. 98 branch on var x[(66, 96)]_0_5750_0_OspV (lhs=0.2496)  : [ 3113.0000,  3114.5721], score = 0.35      <et=3365.87>
SB phase 1 cand. 99 branch on var x[(8, 50)]_0_861_0_OspV (lhs=0.9308)    : [ 3112.8917,  3118.5758], score = 0.50 (h)  <et=3366.26>
SB phase 1 cand. 100 branch on var x[(9, 110)]_0_1033_0_OspV (lhs=0.2459)  : [ 3113.0000,  3113.8561], score = 0.21      <et=3366.52>
**** Strong branching phase 2 is started *****
BaPCod info: Cplex status is 'Optimal solution found, unscaled infeasibilities'
<DWph=1> <it= 31> <et=3375.83> <Mt= 0.61> <Spt= 8.65> <nCl=222> <al=0.00> <DB= 3117.1024> <Mlp= 3117.1024> <PB=10000000> 
Shrinking heuristic shrunk 110 edges
<DWph=2> <it=  1> <et=3376.34> <Mt= 0.00> <Spt= 0.00> <nCl=  0> <al=0.50> <DB= 3112.8044> <Mlp= 3113.0000> <PB=3113> 
<DWph=1> <it=  1> <et=3376.34> <Mt= 0.00> <Spt= 0.00> <nCl=  0> <al=0.00> <DB= 3112.8044> <Mlp= 3113.0000> <PB=3113> 
SB phase 2 cand.  1 branch on var x[(23, 115)]_0_2501_0_OspV (lhs=0.1733): [ 3113.0000,  3117.1024], score = 0.84 (h)  <et=3376.4>
<DWph=2> <it=  1> <et=3376.65> <Mt= 0.01> <Spt= 0.00> <nCl=  0> <al=0.50> <DB= 3112.8044> <Mlp= 3117.8769> <PB=3113> 
<DWph=1> <it=  1> <et=3376.65> <Mt= 0.00> <Spt= 0.00> <nCl=  0> <al=0.00> <DB= 3112.8044> <Mlp= 3117.8769> <PB=3113> 
<DWph=2> <it=  1> <et=3376.98> <Mt= 0.01> <Spt= 0.00> <nCl=  0> <al=0.50> <DB= 3112.8044> <Mlp= 3113.0000> <PB=3113> 
<DWph=1> <it=  1> <et=3376.98> <Mt= 0.00> <Spt= 0.00> <nCl=  0> <al=0.00> <DB= 3112.8044> <Mlp= 3113.0000> <PB=3113> 
 SB phase 2 candidate 2 is conquered !
**** Strong branching phase 3 is started *****
**** SB phase 3 evaluation of candidate 1, branch 1 ( x[(86, 108)]_0_6652_0_OspV >= 1 ), value = 3117.88
Branch is already conquered!
**** SB phase 3 evaluation of candidate 1, branch 2 ( x[(86, 108)]_0_6652_0_OspV <= 0 ), value = 3113
Branch is already conquered!
 SB phase 3 candidate 1 is conquered !
SB with phases chosed candidate var x[(86, 108)]_0_6652_0_OspV (lhs=0.244136)
New model incumbent solution 3113, TIME = 0h56m17s5t = 337705
************************************************************************************************
**** BaB tree node (N° 2, parent N° 1, depth 1, treatOrderId 208)
**** Local DB = 3109.39, global bounds : [ 3110 , 3113 ], TIME = 0h56m17s5t = 337705
**** 1 open nodes, ETS : 17, 25375 columns (10012 active), 1066 dyn. constrs. (222 active), 1308 art. vars. (464 active)
************************************************************************************************
**** Strong branching phase 1 is started *****
SB phase 1 cand.  1 branch on Psi[1,5] (lhs=0.8102)                       : [ 3109.8834,  3117.8559], score = 1.28 (h)  <et=3378.09>
SB phase 1 cand.  2 branch on colGenSp (9.2329)                           : [ 3109.3926,  3110.9934], score = 0.00      <et=3379.86>
SB phase 1 cand.  3 branch on Psi[2,5] (lhs=1.1898)                       : [ 3109.8834,  3117.8559], score = 1.28 (h)  <et=3380.47>
SB phase 1 cand.  4 branch on omega[3] (lhs=2.6469)                       : [ 3109.5200,  3111.3741], score = 0.25      <et=3380.91>
SB phase 1 cand.  5 branch on var x[(8, 85)]_0_896_0_OspV (lhs=0.2295)    : [ 3109.8626,  3113.8485], score = 1.23 (h)  <et=3381.47>
SB phase 1 cand.  6 branch on omega[2] (lhs=25.0069)                      : [ 3109.3926,  3109.6474], score = 0.00      <et=3381.72>
SB phase 1 cand.  7 branch on var x[(12, 30)]_0_1283_0_OspV (lhs=0.6732)  : [ 3110.7917,  3112.6756], score = 3.65 (h)  <et=3382.32>
SB phase 1 cand.  8 branch on Psi[2,3] (lhs=1.6424)                       : [ 3109.8981,  3110.0706], score = 0.34      <et=3382.76>
SB phase 1 cand.  9 branch on var x[(38, 77)]_0_3813_0_OspV (lhs=0.3022)  : [ 3110.2004,  3112.2039], score = 2.11 (h)  <et=3383.3>
SB phase 1 cand. 10 branch on Psi[2,6] (lhs=1.2233)                       : [ 3109.4268,  3113.9122], score = 0.09      <et=3383.79>
SB phase 1 cand. 11 branch on var x[(6, 86)]_0_670_0_OspV (lhs=0.6700)    : [ 3111.3108,  3113.0314], score = 5.00 (h)  <et=3384.36>
SB phase 1 cand. 12 branch on var x[(63, 82)]_0_5568_0_OspV (lhs=0.5134)  : [ 3109.3934,  3111.3529], score = 0.00      <et=3384.69>
SB phase 1 cand. 13 branch on var x[(37, 69)]_0_3722_0_OspV (lhs=0.2031)  : [ 3109.8592,  3113.9686], score = 1.22 (h)  <et=3385.31>
SB phase 1 cand. 14 branch on var x[(48, 81)]_0_4592_0_OspV (lhs=0.5188)  : [ 3109.4007,  3111.2761], score = 0.02      <et=3385.67>
SB phase 1 cand. 15 branch on var x[(23, 115)]_0_2501_0_OspV (lhs=0.2426) : [ 3109.6080,  3114.7592], score = 0.56 (h)  <et=3386.21>
SB phase 1 cand. 16 branch on var x[(81, 82)]_0_6441_0_OspV (lhs=0.4812)  : [ 3109.4007,  3111.0051], score = 0.01      <et=3386.56>
SB phase 1 cand. 17 branch on var x[(1, 31)]_0_30_0_OspV (lhs=0.8296)     : [ 3109.8262,  3117.8559], score = 1.13 (h)  <et=3387.28>
SB phase 1 cand. 18 branch on var x[(89, 101)]_0_6744_0_OspV (lhs=0.4801) : [ 3109.3926,  3109.6329], score = 0.00      <et=3387.48>
SB phase 1 cand. 19 branch on var x[(26, 77)]_0_2751_0_OspV (lhs=0.8102)  : [ 3109.8834,  3117.8559], score = 1.28 (h)  <et=3388.17>
SB phase 1 cand. 20 branch on var x[(92, 106)]_0_6839_0_OspV (lhs=0.5275) : [ 3110.2550,  3110.6557], score = 1.09      <et=3388.71>
SB phase 1 cand. 21 branch on var x[(86, 108)]_0_6652_0_OspV (lhs=0.3300) : [ 3111.0534,  3113.0314], score = 4.33 (h)  <et=3389.33>
SB phase 1 cand. 22 branch on var x[(0, 23)]_0_2409_0_OspV (lhs=0.5280)   : [ 3110.1702,  3110.2730], score = 0.68      <et=3389.79>
SB phase 1 cand. 23 branch on var x[(12, 63)]_0_1316_0_OspV (lhs=0.3300)  : [ 3110.7917,  3112.0223], score = 3.65 (h)  <et=3390.36>
SB phase 1 cand. 24 branch on var x[(0, 102)]_0_7070_0_OspV (lhs=0.4701)  : [ 3109.5949,  3109.9014], score = 0.10      <et=3390.72>
SB phase 1 cand. 25 branch on var x[(30, 73)]_0_3117_0_OspV (lhs=0.3268)  : [ 3110.7817,  3113.0333], score = 3.62 (h)  <et=3391.34>
SB phase 1 cand. 26 branch on var x[(6, 108)]_0_692_0_OspV (lhs=0.4669)   : [ 3109.7867,  3112.4241], score = 1.03      <et=3391.86>
SB phase 1 cand. 27 branch on Psi[1,3] (lhs=0.4660)                       : [ 3110.5210,  3112.0413], score = 2.94 (h)  <et=3392.44>
SB phase 1 cand. 28 branch on var x[(6, 76)]_0_660_0_OspV (lhs=0.5385)    : [ 3109.7674,  3113.1003], score = 0.98      <et=3392.97>
SB phase 1 cand. 29 branch on var x[(50, 117)]_0_4771_0_OspV (lhs=0.3649) : [ 3110.3730,  3110.9107], score = 1.49 (h)  <et=3393.49>
SB phase 1 cand. 30 branch on var x[(76, 83)]_0_6232_0_OspV (lhs=0.4615)  : [ 3109.7674,  3114.1391], score = 0.98      <et=3394.05>
SB phase 1 cand. 31 branch on var x[(111, 120)]_0_7214_0_OspV (lhs=0.6661): [ 3111.0564,  3112.1080], score = 4.34 (h)  <et=3394.63>
SB phase 1 cand. 32 branch on var x[(0, 28)]_0_2889_0_OspV (lhs=0.5400)   : [ 3110.1257,  3110.8852], score = 1.09      <et=3395.07>
SB phase 1 cand. 33 branch on var x[(8, 50)]_0_861_0_OspV (lhs=0.6232)    : [ 3110.3831,  3110.9107], score = 1.50 (h)  <et=3395.59>
SB phase 1 cand. 34 branch on var x[(0, 66)]_0_5720_0_OspV (lhs=0.5618)   : [ 3109.9244,  3110.2712], score = 0.47      <et=3396>
SB phase 1 cand. 35 branch on var x[(16, 111)]_0_1790_0_OspV (lhs=0.3289) : [ 3110.9721,  3112.1180], score = 4.12 (h)  <et=3396.52>
SB phase 1 cand. 36 branch on var x[(9, 19)]_0_942_0_OspV (lhs=0.4376)    : [ 3109.9060,  3110.8383], score = 0.74      <et=3396.89>
SB phase 1 cand. 37 branch on var x[(16, 73)]_0_1752_0_OspV (lhs=0.6711)  : [ 3110.9721,  3112.0577], score = 4.12 (h)  <et=3397.42>
SB phase 1 cand. 38 branch on var x[(21, 89)]_0_2278_0_OspV (lhs=0.4364)  : [ 3109.4097,  3109.4316], score = 0.00      <et=3397.56>
SB phase 1 cand. 39 branch on var x[(6, 48)]_0_632_0_OspV (lhs=0.3246)    : [ 3110.8558,  3112.5508], score = 3.82 (h)  <et=3398.15>
SB phase 1 cand. 40 branch on var x[(58, 79)]_0_5265_0_OspV (lhs=0.5653)  : [ 3109.8597,  3110.4474], score = 0.49      <et=3398.54>
SB phase 1 cand. 41 branch on var x[(0, 88)]_0_6699_0_OspV (lhs=0.6284)   : [ 3111.3560,  3111.8696], score = 4.86 (h)  <et=3399.12>
SB phase 1 cand. 42 branch on var x[(21, 56)]_0_2245_0_OspV (lhs=0.5664)  : [ 3109.4098,  3109.4387], score = 0.00      <et=3399.29>
SB phase 1 cand. 43 branch on var x[(37, 76)]_0_3729_0_OspV (lhs=0.7969)  : [ 3109.8592,  3114.0935], score = 1.22 (h)  <et=3399.82>
SB phase 1 cand. 44 branch on var x[(42, 93)]_0_4151_0_OspV (lhs=0.5703)  : [ 3109.9724,  3110.3291], score = 0.54      <et=3400.23>
SB phase 1 cand. 45 branch on var x[(109, 120)]_0_7193_0_OspV (lhs=0.3513): [ 3110.8618,  3111.0567], score = 2.45 (h)  <et=3400.75>
SB phase 1 cand. 46 branch on var x[(58, 114)]_0_5300_0_OspV (lhs=0.5712) : [ 3109.7026,  3110.2100], score = 0.25      <et=3401.11>
SB phase 1 cand. 47 branch on var x[(76, 108)]_0_6257_0_OspV (lhs=0.2031) : [ 3109.8548,  3113.9824], score = 1.21 (h)  <et=3401.62>
SB phase 1 cand. 48 branch on var x[(0, 42)]_0_4100_0_OspV (lhs=0.4251)   : [ 3109.7348,  3110.3594], score = 0.33      <et=3401.99>
SB phase 1 cand. 49 branch on var x[(13, 68)]_0_1429_0_OspV (lhs=0.6496)  : [ 3110.6327,  3111.1728], score = 2.21 (h)  <et=3402.49>
SB phase 1 cand. 50 branch on var x[(7, 42)]_0_740_0_OspV (lhs=0.5749)    : [ 3109.7348,  3110.3654], score = 0.33      <et=3402.84>
SB phase 1 cand. 51 branch on Psi[3,6] (lhs=0.5385)                       : [ 3109.7674,  3113.9122], score = 0.98 (h)  <et=3403.37>
SB phase 1 cand. 52 branch on var x[(10, 98)]_0_1132_0_OspV (lhs=0.4244)  : [ 3109.6552,  3110.9772], score = 0.42      <et=3403.82>
SB phase 1 cand. 53 branch on var x[(4, 69)]_0_422_0_OspV (lhs=0.7969)    : [ 3109.8592,  3113.3298], score = 1.22 (h)  <et=3404.35>
SB phase 1 cand. 54 branch on var x[(13, 72)]_0_1433_0_OspV (lhs=0.4206)  : [ 3109.8713,  3110.1230], score = 0.35      <et=3404.74>
SB phase 1 cand. 55 branch on var x[(4, 37)]_0_390_0_OspV (lhs=0.2031)    : [ 3109.8592,  3113.1418], score = 1.22 (h)  <et=3405.23>
SB phase 1 cand. 56 branch on var x[(19, 105)]_0_2093_0_OspV (lhs=0.4205) : [ 3109.3996,  3110.4553], score = 0.01      <et=3405.53>
SB phase 1 cand. 57 branch on Psi[1,2] (lhs=0.7238)                       : [ 3109.8982,  3113.2623], score = 1.32 (h)  <et=3406.05>
SB phase 1 cand. 58 branch on var x[(18, 96)]_0_1982_0_OspV (lhs=0.4078)  : [ 3109.6309,  3111.8008], score = 0.57      <et=3406.48>
SB phase 1 cand. 59 branch on var x[(17, 83)]_0_1866_0_OspV (lhs=0.2031)  : [ 3109.8592,  3113.1767], score = 1.22 (h)  <et=3406.99>
SB phase 1 cand. 60 branch on var x[(0, 98)]_0_6984_0_OspV (lhs=0.4038)   : [ 3110.1111,  3110.1132], score = 0.52      <et=3407.4>
SB phase 1 cand. 61 branch on var x[(1, 85)]_0_84_0_OspV (lhs=0.7044)     : [ 3109.9126,  3112.4270], score = 1.36 (h)  <et=3407.91>
SB phase 1 cand. 62 branch on var x[(5, 64)]_0_533_0_OspV (lhs=0.5988)    : [ 3110.1509,  3110.2571], score = 0.66      <et=3408.34>
SB phase 1 cand. 63 branch on var x[(17, 37)]_0_1820_0_OspV (lhs=0.7969)  : [ 3109.8592,  3112.6489], score = 1.22 (h)  <et=3408.8>
SB phase 1 cand. 64 branch on var x[(34, 88)]_0_3486_0_OspV (lhs=0.3992)  : [ 3109.6057,  3113.2115], score = 0.56      <et=3409.3>
SB phase 1 cand. 65 branch on var x[(26, 31)]_0_2705_0_OspV (lhs=0.7044)  : [ 3109.9092,  3112.4270], score = 1.35 (h)  <et=3409.8>
SB phase 1 cand. 66 branch on var x[(38, 115)]_0_3851_0_OspV (lhs=0.3944) : [ 3110.0636,  3111.5728], score = 1.46      <et=3410.29>
SB phase 1 cand. 67 branch on var x[(11, 109)]_0_1253_0_OspV (lhs=0.6427) : [ 3110.4529,  3111.0567], score = 1.76 (h)  <et=3410.8>
SB phase 1 cand. 68 branch on var x[(10, 88)]_0_1122_0_OspV (lhs=0.3910)  : [ 3110.3810,  3110.4686], score = 1.06      <et=3411.29>
SB phase 1 cand. 69 branch on var x[(77, 78)]_0_6271_0_OspV (lhs=0.8129)  : [ 3109.6826,  3119.8470], score = 0.76 (h)  <et=3411.92>
SB phase 1 cand. 70 branch on var x[(66, 96)]_0_5750_0_OspV (lhs=0.3850)  : [ 3110.0945,  3110.1597], score = 0.54      <et=3412.35>
SB phase 1 cand. 71 branch on var x[(10, 90)]_0_1124_0_OspV (lhs=0.2899)  : [ 3109.9871,  3113.3864], score = 1.55 (h)  <et=3412.88>
SB phase 1 cand. 72 branch on var x[(13, 90)]_0_1451_0_OspV (lhs=0.3787)  : [ 3109.5925,  3113.0251], score = 0.52      <et=3413.4>
SB phase 1 cand. 73 branch on var x[(41, 83)]_0_4062_0_OspV (lhs=0.2170)  : [ 3109.9971,  3115.3059], score = 1.58 (h)  <et=3413.99>
SB phase 1 cand. 74 branch on var x[(46, 58)]_0_4422_0_OspV (lhs=0.3724)  : [ 3110.0015,  3110.2479], score = 0.52      <et=3414.46>
SB phase 1 cand. 75 branch on var x[(8, 29)]_0_840_0_OspV (lhs=0.1784)    : [ 3109.7591,  3116.8213], score = 0.96 (h)  <et=3415.06>
SB phase 1 cand. 76 branch on var x[(28, 46)]_0_2907_0_OspV (lhs=0.3702)  : [ 3109.5346,  3113.6919], score = 0.37      <et=3415.58>
SB phase 1 cand. 77 branch on var x[(43, 113)]_0_4249_0_OspV (lhs=0.6227) : [ 3110.3026,  3112.3514], score = 2.37 (h)  <et=3416.13>
SB phase 1 cand. 78 branch on var x[(66, 83)]_0_5737_0_OspV (lhs=0.6303)  : [ 3110.0253,  3110.3036], score = 0.58      <et=3416.59>
SB phase 1 cand. 79 branch on var x[(13, 71)]_0_1432_0_OspV (lhs=0.2864)  : [ 3110.1963,  3112.2192], score = 2.10 (h)  <et=3417.11>
SB phase 1 cand. 80 branch on var x[(56, 101)]_0_5160_0_OspV (lhs=0.3661) : [ 3109.4089,  3109.5884], score = 0.00      <et=3417.34>
SB phase 1 cand. 81 branch on var x[(71, 72)]_0_5986_0_OspV (lhs=0.5335)  : [ 3110.1109,  3110.7099], score = 0.95 (h)  <et=3417.85>
SB phase 1 cand. 82 branch on var x[(28, 79)]_0_2940_0_OspV (lhs=0.3641)  : [ 3109.7256,  3110.7786], score = 0.46      <et=3418.26>
SB phase 1 cand. 83 branch on var x[(0, 99)]_0_7007_0_OspV (lhs=0.7534)   : [ 3110.0762,  3111.7013], score = 1.58 (h)  <et=3418.73>
SB phase 1 cand. 84 branch on var x[(19, 110)]_0_2098_0_OspV (lhs=0.6583) : [ 3109.5885,  3111.6258], score = 0.44      <et=3419.21>
SB phase 1 cand. 85 branch on var x[(35, 87)]_0_3571_0_OspV (lhs=0.6022)  : [ 3110.1993,  3110.2798], score = 0.72 (h)  <et=3419.76>
SB phase 1 cand. 86 branch on var x[(72, 74)]_0_6037_0_OspV (lhs=0.6612)  : [ 3109.7349,  3110.5564], score = 0.40      <et=3420.2>
SB phase 1 cand. 87 branch on var x[(94, 102)]_0_6890_0_OspV (lhs=0.3960) : [ 3109.8861,  3112.0308], score = 1.29 (h)  <et=3420.7>
SB phase 1 cand. 88 branch on var x[(0, 57)]_0_5180_0_OspV (lhs=0.6623)   : [ 3109.7630,  3110.6493], score = 0.47      <et=3421.19>
SB phase 1 cand. 89 branch on var x[(0, 90)]_0_6764_0_OspV (lhs=0.5747)   : [ 3109.9217,  3111.6677], score = 1.20 (h)  <et=3421.69>
SB phase 1 cand. 90 branch on var x[(9, 110)]_0_1033_0_OspV (lhs=0.3356)  : [ 3109.5731,  3111.1648], score = 0.32      <et=3422.16>
SB phase 1 cand. 91 branch on var x[(1, 26)]_0_25_0_OspV (lhs=0.4660)     : [ 3110.5221,  3111.8220], score = 2.74 (h)  <et=3422.7>
SB phase 1 cand. 92 branch on var x[(0, 65)]_0_5664_0_OspV (lhs=0.6717)   : [ 3110.2122,  3110.6811], score = 1.06      <et=3423.21>
SB phase 1 cand. 93 branch on var x[(32, 59)]_0_3282_0_OspV (lhs=0.8204)  : [ 3109.7273,  3112.4765], score = 0.87 (h)  <et=3423.75>
SB phase 1 cand. 94 branch on var x[(18, 66)]_0_1952_0_OspV (lhs=0.3276)  : [ 3109.8990,  3110.5866], score = 0.60      <et=3424.2>
SB phase 1 cand. 95 branch on var x[(0, 10)]_0_1044_0_OspV (lhs=0.6009)   : [ 3110.2705,  3110.6783], score = 1.13 (h)  <et=3424.66>
SB phase 1 cand. 96 branch on var x[(29, 41)]_0_2994_0_OspV (lhs=0.6765)  : [ 3110.1144,  3113.5088], score = 1.88      <et=3425.24>
SB phase 1 cand. 97 branch on var x[(31, 45)]_0_3179_0_OspV (lhs=0.4660)  : [ 3110.5221,  3111.8220], score = 2.74 (h)  <et=3425.76>
SB phase 1 cand. 98 branch on var x[(22, 92)]_0_2380_0_OspV (lhs=0.3161)  : [ 3110.1374,  3111.5872], score = 1.63      <et=3426.23>
SB phase 1 cand. 99 branch on var x[(45, 117)]_0_4406_0_OspV (lhs=0.5340) : [ 3110.5214,  3112.0413], score = 2.94 (h)  <et=3426.78>
SB phase 1 cand. 100 branch on var x[(2, 52)]_0_170_0_OspV (lhs=0.6853)    : [ 3109.8189,  3110.1001], score = 0.30      <et=3427.16>
**** Strong branching phase 2 is started *****
<DWph=1> <it= 16> <et=3432.72> <Mt= 0.40> <Spt= 5.15> <nCl=107> <al=0.00> <DB= 3111.7716> <Mlp= 3111.7716> <PB=3113> 
<DWph=2> <it= 14> <et=3437.07> <Mt= 1.01> <Spt= 2.84> <nCl=117> <al=0.47> <DB= 2638.7454> <Mlp= 3110.9972> <PB=3113> 
<DWph=1> <it= 22> <et=3440.51> <Mt= 0.18> <Spt= 3.26> <nCl= 55> <al=0.00> <DB= 3110.9342> <Mlp= 3110.9342> <PB=3113> 
SB phase 2 cand.  1 branch on var x[(6, 86)]_0_670_0_OspV (lhs=0.6700)    : [ 3110.9342,  3111.7716], score = 3.67 (h)  <et=3440.57>
<DWph=1> <it= 21> <et=3448.78> <Mt= 0.62> <Spt= 7.25> <nCl=114> <al=0.00> <DB= 3110.9537> <Mlp= 3110.9537> <PB=3113> 
<DWph=1> <it= 16> <et=3455.39> <Mt= 0.29> <Spt= 5.93> <nCl= 53> <al=0.00> <DB= 3111.0468> <Mlp= 3111.0468> <PB=3113> 
SB phase 2 cand.  2 branch on var x[(0, 88)]_0_6699_0_OspV (lhs=0.6284)   : [ 3110.9537,  3111.0468], score = 2.58 (h)  <et=3455.46>
<DWph=1> <it= 17> <et=3461.32> <Mt= 0.26> <Spt= 5.29> <nCl=107> <al=0.00> <DB= 3111.7965> <Mlp= 3111.7965> <PB=3113> 
<DWph=1> <it= 30> <et=3471.97> <Mt= 1.34> <Spt= 8.89> <nCl=243> <al=0.00> <DB= 3110.7491> <Mlp= 3110.7491> <PB=3113> 
SB phase 2 cand.  3 branch on var x[(111, 120)]_0_7214_0_OspV (lhs=0.6661): [ 3110.7491,  3111.7965], score = 3.26 (h)  <et=3472.02>
**** Strong branching phase 3 is started *****
**** SB phase 3 evaluation of candidate 1, branch 1 ( x[(6, 86)]_0_670_0_OspV <= 0 ), value = 3111.77
<DWph=2> <it=  1> <et=3472.54> <Mt= 0.00> <Spt= 0.18> <nCl=  6> <al=0.50> <DB= 3072.6227> <Mlp= 3111.7716> <PB=3113> 
<DWph=2> <it=  2> <et=3473.06> <Mt= 0.01> <Spt= 0.51> <nCl=  0> <al=0.00> <DB= 3111.7716> <Mlp= 3111.7716> <PB=3113> 
<DWph=1> <it=  3> <et=3473.75> <Mt= 0.00> <Spt= 0.69> <nCl=  0> <al=0.00> <DB= 3111.7716> <Mlp= 3111.7716> <PB=3113> 
    RCSP exact solver info for graph G_0 : TT = 3.60363, pt = 0.00676, dt = 3.24552, ct = 0.348973, ndl = 229332', bdl = 16566172', odl = 117045', odf = 3613128', bsi = 2406', cnt = 13203945', bdch = 724603363', odch = 100803696', lcp = 22155493', #sols = 150
<DWph=0> <it=  4> <et=3477.41> <Mt= 0.00> <Spt= 3.65> <nCl=150> <al=0.35> <DB= 2437.1454> <Mlp= 3111.7716> <PB=3113> 
    RCSP exact solver info for graph G_0 : TT = 3.4953, pt = 0.006751, dt = 3.16583, ct = 0.320241, ndl = 223948', bdl = 16202755', odl = 114609', odf = 3527260', bsi = 2370', cnt = 12736456', bdch = 693983285', odch = 97254902', lcp = 21053692', #sols = 150
<DWph=0> <it=  5> <et=3481.02> <Mt= 0.08> <Spt= 3.53> <nCl= 95> <al=0.25> <DB= 2905.4609> <Mlp= 3111.5765> <PB=3113> 
    RCSP exact solver info for graph G_0 : TT = 5.75289, pt = 0.007131, dt = 3.4476, ct = 2.29575, ndl = 235945', bdl = 17097938', odl = 119238', odf = 3713571', bsi = 2393', cnt = 14250660', bdch = 770297847', odch = 104558945', lcp = 22618707', #sols = 150
<DWph=0> <it=  6> <et=3484.93> <Mt= 0.06> <Spt= 3.85> <nCl= 60> <al=0.33> <DB= 2860.4936> <Mlp= 3111.4571> <PB=3113> 
    RCSP exact solver info for graph G_0 : TT = 3.81782, pt = 0.007641, dt = 3.44765, ct = 0.359968, ndl = 231755', bdl = 16798848', odl = 118542', odf = 3655017', bsi = 2385', cnt = 13647223', bdch = 745314407', odch = 102412322', lcp = 22299430', #sols = 150
    RCSP exact solver info for graph G_0 : TT = 3.64883, pt = 0.007819, dt = 3.29838, ct = 0.340275, ndl = 232824', bdl = 16906464', odl = 118009', odf = 3661891', bsi = 2397', cnt = 13956447', bdch = 750720285', odch = 102104037', lcp = 22141751', #sols = 150
<DWph=0> <it=  7> <et=3492.45> <Mt= 0.03> <Spt= 7.50> <nCl= 43> <al=0.00> <DB= 2991.4395> <Mlp= 3111.4395> <PB=3113> 
    RCSP exact solver info for graph G_0 : TT = 3.6503, pt = 0.007758, dt = 3.29527, ct = 0.344634, ndl = 231560', bdl = 16825880', odl = 118225', odf = 3643311', bsi = 2368', cnt = 13637646', bdch = 743328033', odch = 101228996', lcp = 22015106', #sols = 150
    RCSP exact solver info for graph G_0 : TT = 3.57376, pt = 0.007321, dt = 3.23263, ct = 0.331359, ndl = 232176', bdl = 16863750', odl = 118650', odf = 3651152', bsi = 2392', cnt = 13809034', bdch = 748331298', odch = 101637743', lcp = 22169701', #sols = 150
<DWph=0> <it=  8> <et=3499.71> <Mt= 0.01> <Spt= 7.25> <nCl= 19> <al=0.00> <DB= 3107.3058> <Mlp= 3111.4388> <PB=3113> 
    RCSP exact solver info for graph G_0 : TT = 3.46126, pt = 0.006999, dt = 3.11989, ct = 0.331959, ndl = 232212', bdl = 16865064', odl = 118659', odf = 3651919', bsi = 2395', cnt = 13813076', bdch = 748461624', odch = 101695089', lcp = 22179946', #sols = 150
    RCSP exact solver info for graph G_0 : TT = 3.52578, pt = 0.007097, dt = 3.17051, ct = 0.345534, ndl = 232196', bdl = 16863692', odl = 118651', odf = 3651622', bsi = 2392', cnt = 13811984', bdch = 748372653', odch = 101675025', lcp = 22176790', #sols = 150
<DWph=0> <it=  9> <et=3506.73> <Mt= 0.01> <Spt= 7.00> <nCl=  0> <al=0.00> <DB= 3111.4388> <Mlp= 3111.4388> <PB=3113> 
RCSP solver dynamic params and stats :  bidir.bord. = 375 aver.obdmd = 98.3607 aver.buck.num. = 101 nbR1C = 211 with avMem = 17.4076
@@ 1660 0 3111.44 3.82689 5.74335 92.389 3506.73
RCSP      solver labels distribution in 4964 buckets (bucket size) : largest - 824, top 0.1% - 681, top 0.5% - 428, top 2% - 254, top 10% - 130, top 50% - 17
Reduced cost fixing for graph G_0...  TT = 2.3561, pt = 1.42627, dt = 0.923491, ct = 0, ndl = 343230', bdl = 9864776', odl = 52682', odf = 2164625', lpcb = 12884238', cnt = 9894950', bdch = 607440528', odch = 113240899', lcp = 17429829'
16022 buck. arcs remain (1.23% from prev., 1.14% from max.) + 40130 jump buck. arcs (2.85% from max.)
 TT = 3.50597, pt = 1.42627, dt = 0.923491, ct = 1.14976, ndl = 343230', bdl = 9864776', odl = 52682', odf = 2164625', lpcb = 12884238', cnt = 51294729', bdch = 607440528', odch = 113240899', lcp = 17429829'
RCSP      solver labels distribution in 8279 buckets (bucket size) : largest - 986, top 0.1% - 824, top 0.5% - 452, top 2% - 279, top 10% - 130, top 50% - 8
Run forward enumeration with border = 375... succeeded! lpt = 0.028844, ndl = 3861', dl = 78', lpcb = 13123', dch = 543'
Run enumeration concatenation with time limit 105.694 sec.... succeeded!
Sorting and storing enumerated solutions ... done!
 TT = 0.043505, pt = 0, dt = 0.028844, ct = 0.003385, ndl = 3861', bdl = 78', lpcb = 13123', cnt = 487352', bdch = 543', odch = 0', lcp = 0'
Enumeration succeeded!, number of elem. solutions is 422
Estimating inspection time...     TT = 0.00154, performed by inspection with 422 solutions, nbR1C = 211, nbDiscC = 0
Inspection time is low enough. Pricing will be done by inspection.
Added 1160 columns in the formulation 
Removed 8608 columns (not in the enumerated set) from the formulation
Regenerated 1160 columns with the 'enumerated' flag
Added 67 columns in the formulation 
ColGenEvalAlg final dual bound: 3111.44 (rounded: 3112)
Current active cuts : CAP(2,64.9358) R1C(23+188,450.18) 1rowPackR1C(23) 3rowPackR1C(88) 4rowPackR1C(63) 5rowPackR1C(37)
----- Terminating the node by MIP -----
Version identifier: 22.1.2.0 | 2024-11-26 | 0edbb82fd
CPXPARAM_Advance                                 0
CPXPARAM_Preprocessing_Linear                    0
CPXPARAM_Threads                                 1
CPXPARAM_MIP_Strategy_CallbackReducedLP          0
CPXPARAM_MIP_Limits_Nodes                        2000000
CPXPARAM_Simplex_Tolerances_Optimality           9.9999999999999995e-08
CPXPARAM_Simplex_Tolerances_Feasibility          9.9999999999999995e-08
CPXPARAM_TimeLimit                               360000
CPXPARAM_MIP_Tolerances_UpperCutoff              3112.0000009999999
CPXPARAM_MIP_Tolerances_MIPGap                   1.0000000000000001e-09
Legacy callback                                  L
Warning: Control callbacks may disable some MIP features.
Tried aggregator 1 time.
MIP Presolve eliminated 66 rows and 273 columns.
MIP Presolve modified 8257 coefficients.
Reduced MIP has 274 rows, 954 columns, and 37298 nonzeros.
Reduced MIP has 954 binaries, 0 generals, 0 SOSs, and 0 indicators.
Presolve time = 0.03 sec. (79.28 ticks)
Probing fixed 575 vars, tightened 0 bounds.
Probing changed sense of 74 constraints.
Probing time = 0.02 sec. (42.17 ticks)
Cover probing fixed 6 vars, tightened 0 bounds.
Clique table members: 939.
MIP emphasis: balance optimality and feasibility.
MIP search method: traditional branch-and-cut.
Parallel mode: none, using 1 thread.
Root relaxation solution time = 0.00 sec. (7.02 ticks)

        Nodes                                         Cuts/
   Node  Left     Objective  IInf  Best Integer    Best Bound    ItCnt     Gap         Variable B NodeID Parent  Depth

      0     0        cutoff                                        186         

Root node processing (before b&c):
  Real time             =    0.06 sec. (136.14 ticks)
Sequential b&c:
  Real time             =    0.00 sec. (0.00 ticks)
                          ------------
Total (root+branch&cut) =    0.06 sec. (136.14 ticks)
Solution status = Infeasible
**** SB phase 3 evaluation of candidate 1, branch 2 ( x[(6, 86)]_0_670_0_OspV >= 1 ), value = 3110.93
<DWph=2> <it=  1> <et=3511.52> <Mt= 0.01> <Spt= 0.35> <nCl=  1> <al=0.00> <DB= 3110.9342> <Mlp= 3110.9342> <PB=3113> 
<DWph=1> <it=  2> <et=3512.17> <Mt= 0.00> <Spt= 0.65> <nCl=  0> <al=0.00> <DB= 3110.9342> <Mlp= 3110.9342> <PB=3113> 
    RCSP exact solver info for graph G_0 : TT = 3.67882, pt = 0.0064, dt = 3.40008, ct = 0.270109, ndl = 241921', bdl = 17804639', odl = 122509', odf = 3825707', bsi = 2231', cnt = 13170412', bdch = 845927542', odch = 107661525', lcp = 23144129', #sols = 150
<DWph=0> <it=  3> <et=3515.90> <Mt= 0.01> <Spt= 3.72> <nCl=150> <al=0.30> <DB= 2010.8304> <Mlp= 3110.9342> <PB=3113> 
    RCSP exact solver info for graph G_0 : TT = 5.47446, pt = 0.007001, dt = 5.21087, ct = 0.254182, ndl = 229133', bdl = 16847879', odl = 118318', odf = 3607947', bsi = 2296', cnt = 10950176', bdch = 765034601', odch = 95767929', lcp = 20709759', #sols = 150
<DWph=0> <it=  4> <et=3519.63> <Mt= 0.23> <Spt= 3.51> <nCl= 88> <al=0.37> <DB= 2703.7281> <Mlp= 3110.6680> <PB=3113> 
    RCSP exact solver info for graph G_0 : TT = 3.67823, pt = 0.007357, dt = 3.39036, ct = 0.277996, ndl = 234191', bdl = 17107570', odl = 119652', odf = 3697623', bsi = 2350', cnt = 11882168', bdch = 793997492', odch = 98854827', lcp = 21304324', #sols = 150
<DWph=0> <it=  5> <et=3523.59> <Mt= 0.24> <Spt= 3.71> <nCl= 78> <al=0.27> <DB= 2974.3623> <Mlp= 3110.6181> <PB=3113> 
    RCSP exact solver info for graph G_0 : TT = 3.43793, pt = 0.007368, dt = 3.16873, ct = 0.259239, ndl = 224112', bdl = 16473541', odl = 116640', odf = 3539646', bsi = 2402', cnt = 10828057', bdch = 740425523', odch = 90548654', lcp = 19667523', #sols = 150
<DWph=0> <it=  6> <et=3527.17> <Mt= 0.13> <Spt= 3.45> <nCl= 19> <al=0.34> <DB= 3040.1259> <Mlp= 3110.6062> <PB=3113> 
    RCSP exact solver info for graph G_0 : TT = 3.48178, pt = 0.00688, dt = 3.20695, ct = 0.265433, ndl = 224515', bdl = 16435302', odl = 115848', odf = 3559178', bsi = 2395', cnt = 11327042', bdch = 742765696', odch = 91954155', lcp = 19783778', #sols = 150
<DWph=0> <it=  7> <et=3530.69> <Mt= 0.02> <Spt= 3.50> <nCl= 12> <al=0.41> <DB= 3081.8002> <Mlp= 3110.6050> <PB=3113> 
    RCSP exact solver info for graph G_0 : TT = 3.48059, pt = 0.007653, dt = 3.20513, ct = 0.264698, ndl = 224880', bdl = 16476168', odl = 116000', odf = 3569200', bsi = 2383', cnt = 11796076', bdch = 743330466', odch = 93330482', lcp = 19968405', #sols = 150
<DWph=0> <it=  8> <et=3534.20> <Mt= 0.01> <Spt= 3.50> <nCl= 20> <al=0.31> <DB= 3057.1440> <Mlp= 3110.6050> <PB=3113> 
    RCSP exact solver info for graph G_0 : TT = 3.49847, pt = 0.007176, dt = 3.2152, ct = 0.27334, ndl = 225396', bdl = 16500810', odl = 116284', odf = 3581332', bsi = 2418', cnt = 11791240', bdch = 746522758', odch = 93627135', lcp = 20106668', #sols = 150
    RCSP exact solver info for graph G_0 : TT = 3.29845, pt = 0.006402, dt = 3.03335, ct = 0.256074, ndl = 224956', bdl = 16436442', odl = 116381', odf = 3580789', bsi = 2386', cnt = 11991218', bdch = 743207185', odch = 93993743', lcp = 20145140', #sols = 150
<DWph=0> <it=  9> <et=3541.04> <Mt= 0.01> <Spt= 6.82> <nCl= 37> <al=0.00> <DB= 3048.2921> <Mlp= 3110.6049> <PB=3113> 
    RCSP exact solver info for graph G_0 : TT = 3.46366, pt = 0.008134, dt = 3.18676, ct = 0.266376, ndl = 224327', bdl = 16426041', odl = 116066', odf = 3560199', bsi = 2417', cnt = 11739086', bdch = 740496019', odch = 93064044', lcp = 20060970', #sols = 150
    RCSP exact solver info for graph G_0 : TT = 3.27711, pt = 0.00673, dt = 3.02026, ct = 0.247855, ndl = 223711', bdl = 16370464', odl = 116066', odf = 3556470', bsi = 2387', cnt = 11705303', bdch = 736499203', odch = 92704894', lcp = 19968319', #sols = 150
<DWph=0> <it= 10> <et=3547.80> <Mt= 0.01> <Spt= 6.76> <nCl=  6> <al=0.00> <DB= 3110.6049> <Mlp= 3110.6049> <PB=3113> 
RCSP solver dynamic params and stats :  bidir.bord. = 375 aver.obdmd = 98.3607 aver.buck.num. = 101 nbR1C = 194 with avMem = 17.0722
@@ 1661 0 3110.6 3.6673 5.46505 92.389 3547.8
RCSP      solver labels distribution in 4924 buckets (bucket size) : largest - 720, top 0.1% - 591, top 0.5% - 383, top 2% - 238, top 10% - 130, top 50% - 16
Reduced cost fixing for graph G_0...  TT = 3.80026, pt = 1.28218, dt = 2.5129, ct = 0, ndl = 331071', bdl = 9381240', odl = 51276', odf = 2087913', lpcb = 12407779', cnt = 9340952', bdch = 575473108', odch = 92637376', lcp = 14694020'
21768 buck. arcs remain (1.67% from prev., 1.54% from max.) + 44464 jump buck. arcs (3.15% from max.)
 TT = 4.66836, pt = 1.28218, dt = 2.5129, ct = 0.868013, ndl = 331071', bdl = 9381240', odl = 51276', odf = 2087913', lpcb = 12407779', cnt = 45746122', bdch = 575473108', odch = 92637376', lcp = 14694020'
RCSP      solver labels distribution in 8676 buckets (bucket size) : largest - 846, top 0.1% - 706, top 0.5% - 400, top 2% - 251, top 10% - 123, top 50% - 7
Run forward enumeration with border = 375... succeeded! lpt = 0.043692, ndl = 6102', dl = 189', lpcb = 26206', dch = 1283'
Run enumeration concatenation with time limit 98.2455 sec.... succeeded!
Sorting and storing enumerated solutions ... done!
 TT = 0.062789, pt = 0, dt = 0.043692, ct = 0.006321, ndl = 6102', bdl = 189', lpcb = 26206', cnt = 782130', bdch = 1283', odch = 0', lcp = 0'
Enumeration succeeded!, number of elem. solutions is 830
Estimating inspection time...     TT = 0.002702, performed by inspection with 830 solutions, nbR1C = 194, nbDiscC = 0
Inspection time is low enough. Pricing will be done by inspection.
Added 1709 columns in the formulation 
Removed 8162 columns (not in the enumerated set) from the formulation
Regenerated 1709 columns with the 'enumerated' flag
Added 338 columns in the formulation 
ColGenEvalAlg final dual bound: 3110.6 (rounded: 3111)
Current active cuts : CAP(1,11.9279) R1C(18+176,453.022) 1rowPackR1C(18) 3rowPackR1C(87) 4rowPackR1C(58) 5rowPackR1C(31)
----- Terminating the node by MIP -----
Version identifier: 22.1.2.0 | 2024-11-26 | 0edbb82fd
CPXPARAM_Advance                                 0
CPXPARAM_Preprocessing_Linear                    0
CPXPARAM_Threads                                 1
CPXPARAM_MIP_Strategy_CallbackReducedLP          0
CPXPARAM_MIP_Limits_Nodes                        2000000
CPXPARAM_Simplex_Tolerances_Optimality           9.9999999999999995e-08
CPXPARAM_Simplex_Tolerances_Feasibility          9.9999999999999995e-08
CPXPARAM_TimeLimit                               360000
CPXPARAM_MIP_Tolerances_UpperCutoff              3112.0000009999999
CPXPARAM_MIP_Tolerances_MIPGap                   1.0000000000000001e-09
Legacy callback                                  L
Warning: Control callbacks may disable some MIP features.
Tried aggregator 1 time.
MIP Presolve eliminated 51 rows and 167 columns.
MIP Presolve modified 7270 coefficients.
Reduced MIP has 321 rows, 1880 columns, and 77847 nonzeros.
Reduced MIP has 1880 binaries, 0 generals, 0 SOSs, and 0 indicators.
Presolve time = 0.05 sec. (143.28 ticks)
Probing fixed 1009 vars, tightened 0 bounds.
Probing changed sense of 61 constraints.
Probing time = 0.07 sec. (172.45 ticks)
Clique table members: 482.
MIP emphasis: balance optimality and feasibility.
MIP search method: traditional branch-and-cut.
Parallel mode: none, using 1 thread.
Root relaxation solution time = 0.01 sec. (40.90 ticks)

        Nodes                                         Cuts/
   Node  Left     Objective  IInf  Best Integer    Best Bound    ItCnt     Gap         Variable B NodeID Parent  Depth

      0     0     3110.9273    57                   3110.9273      539         
      0     0        cutoff                                        579                                 0             0
Elapsed time = 0.17 sec. (437.35 ticks, tree = 0.01 MB, solutions = 0)

Clique cuts applied:  4
Zero-half cuts applied:  4
Gomory fractional cuts applied:  1

Root node processing (before b&c):
  Real time             =    0.17 sec. (437.47 ticks)
Sequential b&c:
  Real time             =    0.00 sec. (0.00 ticks)
                          ------------
Total (root+branch&cut) =    0.17 sec. (437.47 ticks)
Solution status = Infeasible
 SB phase 3 candidate 1 is conquered !
SB with phases chosed candidate var x[(6, 86)]_0_670_0_OspV (lhs=0.670002)
************************************************************************************************
Search is finished, global bounds : [ 3113 , 3113 ], TIME = 0h59m11s53t = 355153
************************************************************************************************
[32mBaPCod : solution defined.[00m
statistics_cols: instance & :Optimal & cutoff & :bcRecRootDb & :bcTimeRootEval & :bcCountNodeProc & :bcRecBestDb & :bcRecBestInc & :bcTimeMain \\
statistics: instance_31-triangle & 1 & 1.0e7 & 3100.00 & 78.89 & 17 & 3113.00 & 3113 & 3551.53 \\
########################################################
Route #1: 7 42 93 101 89 56 21 100 110 19 9 18 96 53 70 
Route #2: 10 98 118 36 11 109 62 14 97 59 32 84 68 13 90 
Route #3: 20 87 35 38 115 43 113 106 107 3 94 49 2 102 
Route #4: 23 92 61 22 24 78 77 26 31 1 85 75 40 105 
Route #5: 28 46 67 82 81 63 48 108 6 86 47 64 5 65 
Route #6: 52 119 
Route #7: 57 55 104 54 80 103 60 15 44 27 116 39 95 71 72 74 
Route #8: 66 83 76 37 17 69 4 41 29 117 45 50 8 25 91 99 
Route #9: 79 58 114 51 16 73 12 30 111 120 33 34 88 
Route #10: 112 
Cost 3113
########################################################

end_time=2026-04-20 01:02:41
exit_code=0
