instance_file=/mnt/c/Users/porin/OneDrive/Documentos/Python-Mestrado/Modelagem Matemática/Programação Inteira - Uchoa/Problema VRPRDL/instancias_turco/VRPRDL-triangle/vrp_convertidos/instance_27-triangle.vrp
instance_name=instance_27-triangle
start_time=2026-04-19 23:15:33

  Activating project at `~/VRPSolver/VRPSolverDemos`
Application parameters:
  batch  =>  nothing
  instance  =>  "/mnt/c/Users/porin/OneDrive/Documentos/Python-Mestrado/Modelagem Matemática/Programação Inteira - Uchoa/Problema VRPRDL/instancias_turco/VRPRDL-triangle/vrp_convertidos/instance_27-triangle.vrp"
  noround  =>  false
  cfg  =>  "/home/poringman/VRPSolver/VRPSolverDemos/src/../config/CVRP.cfg"
  edge_cuts  =>  false
  out  =>  nothing
  ub  =>  1.0e7
  cluster_branching  =>  1.0
  sol  =>  nothing
  single_resource  =>  false
  strong_kpath_cuts  =>  false
  tikz  =>  nothing
  maxr  =>  999
  update  =>  false
  show_complete_form  =>  false
  nosolve  =>  false
  minr  =>  1
  low_edge_priority  =>  false
~~~~~~~~~~~~~~~~~~~~~~~~~~~~~~~~~~~~~~~~~~~~~~~~~~~~~~~~~~~~~~~~~~~~~~~~~~~~~~~~~~~~~
GIT VERSION RCSP: 
GIT BRANCH: 
~~~~~~~~~~~~~~~~~~~~~~~~~~~~~~~~~~~~~~~~~~~~~~~~~~~~~~~~~~~~~~~~~~~~~~~~~~~~~~~~~~~~~
VRPSolver v0.6.16, 10/11/2025, © Inria Bordeaux, France, vrpsolver.math.u-bordeaux.fr
      Corresponds to the solver by Pessoa, Sadykov, Uchoa and Vanderbeck (2020)
                 Paper: dx.doi.org/10.1007/s10107-020-01523-z
~~~~~~~~~~~~~~~~~~~~~~~~~~~~~~~~~~~~~~~~~~~~~~~~~~~~~~~~~~~~~~~~~~~~~~~~~~~~~~~~~~~~~
GIT VERSION BAPCOD: a7cb21f19424236c9d0da5dcf94961797a519470
GIT BRANCH: main
~~~~~~~~~~~~~~~~~~~~~~~~~~~~~~~~~~~~~~~~~~~~~~~~~~~~~~~~~~~~~~~~~~~~~~~~~~~~~~~~~~~~~
   BaPCod v0.84, 10/11/2025, © Inria Bordeaux, France, bapcod.math.u-bordeaux.fr 
           THIS CODE IS PROVIDED AS IS, USE IT AT YOUR OWN RISK
~~~~~~~~~~~~~~~~~~~~~~~~~~~~~~~~~~~~~~~~~~~~~~~~~~~~~~~~~~~~~~~~~~~~~~~~~~~~~~~~~~~~~
--- MAIN PARAMETERS ---
GlobalTimeLimitInTick = 2147483645
GlobalTimeLimit = 21474836
ClockType = 0
MaxNbOfBBtreeNodeTreated = 100000
optimalityGapTolerance = 1e-06
relOptimalityGapTolerance = 1e-09
ApplyPreprocessing = false
PreprocessVariablesLocalBounds = false
treeSearchStrategy = 1
OpenNodesLimit = 1000
DEFAULTPRINTLEVEL = 0
--- MIP SOLVER PARAMETERS ---
solverName = CPLEX_SOLVER
MipSolverMaxBBNodes = 2000000
MipSolverMaxTime = 360000
MipSolverMultiThread = 1
--- COLUMN GENERATION PARAMETERS ---
SolverSelectForMast = a
  colGenSubProbSolMode = customSolver
mastInitMode = localArtCol
ArtVarPenaltyUpdateFactor = 2
ArtVarMaxNbOfPenaltyUpdates = 5
MaxNbOfStagesInColGenProcedure = 3
GenerateProperColumns = false
InsertAllGeneratedColumnsInFormRatherThanInPool = true
InsertNewNonNegColumnsDirectlyInFormRatherThanInPool = true
ColumnCleanupThreshold = 10000
ColumnCleanupRatio = 0.66
ReducedCostFixingThreshold = 0.9
--- CUT GENERATION PARAMETERS ---
MasterCuttingPlanesDepthLimit = 1000
MaxNbOfCutGeneratedAtEachIter = 1000
CutTailingOffThreshold = 0.015
CutTailingOffCounterThreshold = 3
CutCleanupThreshold = 1
CutCleanupRatio = 0.66
ColGenSpRelaxationImprovementPriority = 0
--- STABILIZATION PARAMETERS ---
colGenDualPriceSmoothingAlphaFactor = 1
colGenDualPriceSmoothingBetaFactor = 0
colGenStabilizationFunctionType = none
colGenProximalStabilizationRule = undefined
StabilFuncKappa = 1
colGenStabilizationMaxTreeDepth = 10000
StabilizationMinPhaseOfStage = 0
--- PRIMAL HEURISTIC PARAMETERS ---
UseInitialPrimalHeur = false
MaxTimeForRestrictedMasterIpHeur = -1
CallFrequencyOfRestrictedMasterIpHeur = 5
MIPemphasisInRestrictedMasterIpHeur = 1
PolishingAfterTimeInRestrictedMasterIpHeur = -1
DivingHeurUseDepthLimit = -1
CallFrequencyOfDivingHeur = 1
LeastFractional
Closest2RoundUp
LeastGreedyCost
LeastCost
FixIntValBeforeRoundingHeur = true
MaxNbOfCgIteDuringRh = 5000
MaxLDSbreadth = 0
MaxLDSdepth = 0
DivingHeurStopsWithFirstFeasSol = false
DivingHeurPreprocessBeforeChoosingVar = false
StrongDivingCandidatesNumber = 1
EvalAlgParamsInDiving = max#cand. = 1 max#cg.iters = 10000 min.lvl.sp.restr. = 1 min#cut.rounds = 0 max#cut.rounds = 0 red.cost.fix&enum. = false tree.size.ratio = 1
LocalSearchHeurUseDepthLimit = -1
LeastFractional
Closest2RoundUp
LeastGreedyCost
LeastCost
MaxFactorOfColFixedByLocalSearchHeur = 0.8
MaxLocalSearchIterationCounter = 3
--- STRONG BRANCHING PARAMETERS ---
SimplifiedStrongBranchingParameterisation = true
StrongBranchingPhaseOneCandidatesNumber = 100
StrongBranchingPhaseOneTreeSizeEstimRatio = 0.2
StrongBranchingPhaseTwoCandidatesNumber = 3
StrongBranchingPhaseTwoTreeSizeEstimRatio = 0.02
SafeDualBoundScaleFactor = -1
StrongBranchingPhaseOne = max#cand. = 100 max#cg.iters = 0 min.lvl.sp.restr. = 0 min#cut.rounds = 0 max#cut.rounds = 0 red.cost.fix&enum. = false tree.size.ratio = 0.2
StrongBranchingPhaseTwo = max#cand. = 3 max#cg.iters = 10000 min.lvl.sp.restr. = 1 min#cut.rounds = 0 max#cut.rounds = 0 red.cost.fix&enum. = false tree.size.ratio = 0.02
StrongBranchingPhaseThree = max#cand. = 1 max#cg.iters = 10000 min.lvl.sp.restr. = 0 min#cut.rounds = 0 max#cut.rounds = 10000 red.cost.fix&enum. = true tree.size.ratio = 1
StrongBranchingPhaseFour =not active
--- DEBUG OUTPUT PARAMETERS ---
printMasterPrimalSols = 0
--- VRPSOLVER PARAMETERS ---
RCSPstopCutGenTimeThresholdInPricing = 10
RCSPhardTimeThresholdInPricing = 25
RCSPredCostFixingTimeThreshold = 100
RCSPnumberOfBucketsPerVertex = 25
RCSPdynamicBucketSteps = 1
RCSPuseBidirectionalSearch = 2
RCSPapplyReducedCostFixing = 1
RCSPmaxNumOfColsPerIteration = 30
RCSPmaxNumOfColsPerExactIteration = 150
RCSPmaxNumOfLabelsInEnumeration = 500000
RCSPmaxNumOfLabelsInHeurEnumeration = 0
RCSPmaxNumOfEnumeratedSolutions = 5000000
RCSPmaxNumOfEnumSolutionsForMIP = 10000
RCSPmaxNumOfEnumSolsForEndOfNodeMIP = 10000
RCSPinitNGneighbourhoodSize = 8
RCSPmaxNGneighbourhoodSize = 8
RCSPrankOneCutsMaxNumRows = 5
RCSPrankOneCutsMaxNumPerRound = 100
RCSPrankOneCutsMemoryType = 0
RCSPrankOneCutsLSnumIterations = 1000
RCSPallowRoutesWithSameVerticesSet = true
RCSPredCostFixingFalseGap = 0
SafeDualBoundScaleFactor = -1
RCSPmaxNumOfLabelsInHeurEnumeration = 0
MaxNumEnumSolsInRestrictedMasterIpHeur = 5000

prName & bcTimeMain \\ 
New model incumbent solution 1e+07, TIME = 0h0m0s53t = 53
RCSP solver info : size of non-robust cut bitmask in a label is 640 bits
Bucket steps were recalculated for graph G_0 : [30]
RCSP solver info : symmetric case is detected for graph G_0! 
Bidirectional border value is initialised to 375
RCSP solver info : number of forw. reachable buckets / buck. strongly connected components is 1578( 97.8908% ) / 578( 36.6286% )
RCSP solver info: std. label size is 56, ext. label size is 136
Generating neighbourhoods for rank-1 cuts separation
Building structures for 4- and 5-row rank-1 packing cut separation...done!
Model is built TIME = 0h0m0s54t = 54
************************************************************************************************
**** BaB tree root node
**** Local DB = -1e+12, global bounds : [ -1e+12 , 1e+07 ], TIME = 0h0m0s54t = 54
**** 1 open nodes, 0 columns (0 active), 0 dyn. constrs. (0 active), 122 art. vars. (122 active)
************************************************************************************************
--------------------------------------------------------------------------
BaPCod info : first we run the root node with rank-1 cuts with node memory
--------------------------------------------------------------------------
#<DWph=2> <it=  1> <et=0.55> <Mt= 0.00> <Spt= 0.00> <nCl= 30> <al=0.00> <DB=-89279602560.0000> <Mlp=1488000000.0000> <PB=10000000> 
#<DWph=2> <it=  2> <et=0.55> <Mt= 0.00> <Spt= 0.00> <nCl= 30> <al=0.55> <DB=-57168021439.7250> <Mlp=1407333682.8333> <PB=10000000> 
#<DWph=2> <it=  3> <et=0.55> <Mt= 0.00> <Spt= 0.01> <nCl= 30> <al=0.45> <DB=-70626349043.6481> <Mlp=1396544119.2330> <PB=10000000> 
#<DWph=2> <it=  4> <et=0.56> <Mt= 0.00> <Spt= 0.00> <nCl= 30> <al=0.51> <DB=-63723698638.1359> <Mlp=1344530030.5441> <PB=10000000> 
#<DWph=2> <it=  5> <et=0.56> <Mt= 0.00> <Spt= 0.00> <nCl= 30> <al=0.55> <DB=-61696261669.1860> <Mlp=1342421870.3531> <PB=10000000> 
#<DWph=2> <it=  6> <et=0.56> <Mt= 0.00> <Spt= 0.01> <nCl= 30> <al=0.45> <DB=-34351509657.4208> <Mlp=1335621521.1087> <PB=10000000> 
#<DWph=2> <it=  7> <et=0.57> <Mt= 0.00> <Spt= 0.00> <nCl= 30> <al=0.35> <DB=-51858514444.5695> <Mlp=1270578963.8399> <PB=10000000> 
#<DWph=2> <it=  8> <et=0.57> <Mt= 0.00> <Spt= 0.00> <nCl= 30> <al=0.42> <DB=-33519482208.9324> <Mlp=1257450999.3543> <PB=10000000> 
#<DWph=2> <it=  9> <et=0.58> <Mt= 0.00> <Spt= 0.01> <nCl= 30> <al=0.48> <DB=-28398637610.5584> <Mlp=1207865732.6818> <PB=10000000> 
#<DWph=2> <it= 10> <et=0.58> <Mt= 0.00> <Spt= 0.00> <nCl= 30> <al=0.38> <DB=-27783807295.5524> <Mlp=1152438527.3590> <PB=10000000> 
#<DWph=2> <it= 11> <et=0.58> <Mt= 0.00> <Spt= 0.01> <nCl= 30> <al=0.44> <DB=-30291359616.4193> <Mlp=1057924073.3462> <PB=10000000> 
#<DWph=2> <it= 12> <et=0.59> <Mt= 0.00> <Spt= 0.00> <nCl= 30> <al=0.50> <DB=-29025620365.8753> <Mlp=1026924113.7153> <PB=10000000> 
#<DWph=2> <it= 13> <et=0.59> <Mt= 0.00> <Spt= 0.00> <nCl= 30> <al=0.55> <DB=-25740543859.8412> <Mlp=997881263.0009> <PB=10000000> 
#<DWph=2> <it= 14> <et=0.60> <Mt= 0.00> <Spt= 0.00> <nCl= 30> <al=0.59> <DB=-23330221835.6169> <Mlp=962304179.8736> <PB=10000000> 
#<DWph=2> <it= 15> <et=0.60> <Mt= 0.00> <Spt= 0.01> <nCl= 30> <al=0.63> <DB=-23008839310.9460> <Mlp=939532705.5453> <PB=10000000> 
#<DWph=2> <it= 16> <et=0.60> <Mt= 0.00> <Spt= 0.00> <nCl= 30> <al=0.67> <DB=-22365329159.7287> <Mlp=905638214.5667> <PB=10000000> 
#<DWph=2> <it= 17> <et=0.61> <Mt= 0.00> <Spt= 0.01> <nCl= 30> <al=0.70> <DB=-23070984369.4482> <Mlp=806430652.6694> <PB=10000000> 
#<DWph=2> <it= 18> <et=0.61> <Mt= 0.00> <Spt= 0.00> <nCl= 30> <al=0.73> <DB=-21013363005.4374> <Mlp=733769338.3650> <PB=10000000> 
#<DWph=2> <it= 19> <et=0.62> <Mt= 0.00> <Spt= 0.00> <nCl= 30> <al=0.76> <DB=-22062797419.9900> <Mlp=681158842.3319> <PB=10000000> 
#<DWph=2> <it= 20> <et=0.62> <Mt= 0.00> <Spt= 0.01> <nCl= 30> <al=0.66> <DB=-20805021350.3761> <Mlp=626392234.1524> <PB=10000000> 
#<DWph=2> <it= 21> <et=0.62> <Mt= 0.00> <Spt= 0.00> <nCl= 30> <al=0.69> <DB=-20712881024.1310> <Mlp=521082601.4332> <PB=10000000> 
#<DWph=2> <it= 22> <et=0.63> <Mt= 0.00> <Spt= 0.00> <nCl= 30> <al=0.72> <DB=-20946940285.6991> <Mlp=489209745.9452> <PB=10000000> 
BaPCod info: Cplex status is 'Optimal solution found, unscaled infeasibilities'
#<DWph=2> <it= 23> <et=0.63> <Mt= 0.01> <Spt= 0.01> <nCl= 30> <al=0.75> <DB=-17779577637.9633> <Mlp=477807936.6328> <PB=10000000> 
#<DWph=2> <it= 24> <et=0.64> <Mt= 0.00> <Spt= 0.00> <nCl= 30> <al=0.78> <DB=-18334413220.3474> <Mlp=471743691.1970> <PB=10000000> 
#<DWph=2> <it= 25> <et=0.64> <Mt= 0.00> <Spt= 0.00> <nCl= 30> <al=0.80> <DB=-19947971611.4794> <Mlp=444896392.8085> <PB=10000000> 
#<DWph=2> <it= 26> <et=0.65> <Mt= 0.00> <Spt= 0.01> <nCl= 30> <al=0.82> <DB=-17713834842.4509> <Mlp=382531703.7974> <PB=10000000> 
#<DWph=2> <it= 27> <et=0.65> <Mt= 0.00> <Spt= 0.00> <nCl= 30> <al=0.72> <DB=-17489406480.5828> <Mlp=308530201.2623> <PB=10000000> 
#<DWph=2> <it= 28> <et=0.66> <Mt= 0.00> <Spt= 0.00> <nCl= 30> <al=0.75> <DB=-17515075289.0435> <Mlp=219892639.1103> <PB=10000000> 
#<DWph=2> <it= 29> <et=0.66> <Mt= 0.00> <Spt= 0.00> <nCl= 30> <al=0.77> <DB=-16898480375.7898> <Mlp=184122613.6933> <PB=10000000> 
#<DWph=2> <it= 30> <et=0.66> <Mt= 0.00> <Spt= 0.01> <nCl= 30> <al=0.67> <DB=-16112579183.4377> <Mlp=154525784.4677> <PB=10000000> 
#<DWph=2> <it= 31> <et=0.67> <Mt= 0.00> <Spt= 0.00> <nCl= 30> <al=0.70> <DB=-15573021792.4178> <Mlp=126174238.7901> <PB=10000000> 
#<DWph=2> <it= 32> <et=0.67> <Mt= 0.01> <Spt= 0.00> <nCl= 30> <al=0.73> <DB=-14537603895.4832> <Mlp=108867050.8884> <PB=10000000> 
#<DWph=2> <it= 33> <et=0.68> <Mt= 0.00> <Spt= 0.01> <nCl= 30> <al=0.76> <DB=-14167953653.1782> <Mlp=42379057.1101> <PB=10000000> 
#<DWph=2> <it= 34> <et=0.69> <Mt= 0.00> <Spt= 0.00> <nCl= 30> <al=0.78> <DB=-11629541810.3886> <Mlp=4943014.5757> <PB=10000000> 
#<DWph=2> <it= 35> <et=0.70> <Mt= 0.00> <Spt= 0.01> <nCl= 90> <al=0.00> <DB=-42571960.8061> <Mlp=4846472.4021> <PB=10000000> 
<DWph=2> <it= 36> <et=0.71> <Mt= 0.01> <Spt= 0.01> <nCl= 30> <al=0.00> <DB=-197900.0918> <Mlp= 5075.9198> <PB=10000000> 
<DWph=2> <it= 37> <et=0.71> <Mt= 0.00> <Spt= 0.00> <nCl= 30> <al=0.48> <DB=-187033.4771> <Mlp= 5016.9866> <PB=10000000> 
<DWph=2> <it= 38> <et=0.72> <Mt= 0.00> <Spt= 0.01> <nCl= 30> <al=0.54> <DB=-148194.7604> <Mlp= 4880.6592> <PB=10000000> 
<DWph=2> <it= 39> <et=0.72> <Mt= 0.00> <Spt= 0.00> <nCl= 30> <al=0.58> <DB=-122466.3292> <Mlp= 4821.0645> <PB=10000000> 
<DWph=2> <it= 40> <et=0.73> <Mt= 0.00> <Spt= 0.00> <nCl= 30> <al=0.62> <DB=-115588.8989> <Mlp= 4786.5216> <PB=10000000> 
<DWph=2> <it= 41> <et=0.73> <Mt= 0.00> <Spt= 0.01> <nCl= 30> <al=0.66> <DB=-89593.6509> <Mlp= 4630.0698> <PB=10000000> 
<DWph=2> <it= 42> <et=0.74> <Mt= 0.00> <Spt= 0.00> <nCl= 30> <al=0.70> <DB=-83703.1135> <Mlp= 4324.0982> <PB=10000000> 
<DWph=2> <it= 43> <et=0.74> <Mt= 0.00> <Spt= 0.00> <nCl= 30> <al=0.73> <DB=-88380.7679> <Mlp= 4048.7693> <PB=10000000> 
<DWph=2> <it= 44> <et=0.75> <Mt= 0.01> <Spt= 0.01> <nCl= 30> <al=0.75> <DB=-73847.3788> <Mlp= 3928.0214> <PB=10000000> 
<DWph=2> <it= 45> <et=0.75> <Mt= 0.00> <Spt= 0.00> <nCl= 30> <al=0.78> <DB=-69443.2046> <Mlp= 3694.5609> <PB=10000000> 
<DWph=2> <it= 46> <et=0.75> <Mt= 0.00> <Spt= 0.00> <nCl= 30> <al=0.80> <DB=-77365.9675> <Mlp= 3579.7224> <PB=10000000> 
<DWph=2> <it= 47> <et=0.76> <Mt= 0.00> <Spt= 0.01> <nCl= 30> <al=0.82> <DB=-60392.6384> <Mlp= 3508.5779> <PB=10000000> 
<DWph=2> <it= 48> <et=0.76> <Mt= 0.00> <Spt= 0.00> <nCl= 30> <al=0.72> <DB=-52141.3464> <Mlp= 3201.8254> <PB=10000000> 
<DWph=2> <it= 49> <et=0.77> <Mt= 0.00> <Spt= 0.00> <nCl= 30> <al=0.75> <DB=-46589.0732> <Mlp= 3096.4170> <PB=10000000> 
<DWph=2> <it= 50> <et=0.77> <Mt= 0.00> <Spt= 0.01> <nCl= 30> <al=0.65> <DB=-49755.7049> <Mlp= 2900.2491> <PB=10000000> 
<DWph=2> <it= 51> <et=0.78> <Mt= 0.00> <Spt= 0.00> <nCl= 30> <al=0.68> <DB=-42697.8973> <Mlp= 2862.1471> <PB=10000000> 
<DWph=2> <it= 52> <et=0.78> <Mt= 0.01> <Spt= 0.00> <nCl= 30> <al=0.72> <DB=-38133.3605> <Mlp= 2781.8228> <PB=10000000> 
<DWph=2> <it= 53> <et=0.79> <Mt= 0.00> <Spt= 0.01> <nCl= 30> <al=0.62> <DB=-34997.5456> <Mlp= 2704.7064> <PB=10000000> 
<DWph=2> <it= 54> <et=0.79> <Mt= 0.00> <Spt= 0.00> <nCl= 30> <al=0.65> <DB=-33484.1500> <Mlp= 2610.8313> <PB=10000000> 
<DWph=2> <it= 55> <et=0.80> <Mt= 0.00> <Spt= 0.00> <nCl= 30> <al=0.69> <DB=-28465.5387> <Mlp= 2531.7429> <PB=10000000> 
<DWph=2> <it= 56> <et=0.80> <Mt= 0.00> <Spt= 0.01> <nCl= 30> <al=0.59> <DB=-32922.9451> <Mlp= 2443.2890> <PB=10000000> 
<DWph=2> <it= 57> <et=0.81> <Mt= 0.00> <Spt= 0.00> <nCl= 30> <al=0.63> <DB=-22087.7933> <Mlp= 2407.4273> <PB=10000000> 
<DWph=2> <it= 58> <et=0.81> <Mt= 0.01> <Spt= 0.00> <nCl= 30> <al=0.67> <DB=-17467.3277> <Mlp= 2337.0590> <PB=10000000> 
<DWph=2> <it= 59> <et=0.82> <Mt= 0.00> <Spt= 0.01> <nCl= 30> <al=0.57> <DB=-16097.7662> <Mlp= 2278.3522> <PB=10000000> 
<DWph=2> <it= 60> <et=0.82> <Mt= 0.00> <Spt= 0.00> <nCl= 30> <al=0.61> <DB=-14182.8468> <Mlp= 2255.9523> <PB=10000000> 
<DWph=2> <it= 61> <et=0.83> <Mt= 0.00> <Spt= 0.00> <nCl= 30> <al=0.65> <DB=-11182.5956> <Mlp= 2227.0030> <PB=10000000> 
<DWph=2> <it= 62> <et=0.84> <Mt= 0.00> <Spt= 0.01> <nCl= 30> <al=0.55> <DB=-10476.5754> <Mlp= 2157.9003> <PB=10000000> 
<DWph=2> <it= 63> <et=0.84> <Mt= 0.00> <Spt= 0.00> <nCl= 30> <al=0.59> <DB=-9090.2016> <Mlp= 2142.9726> <PB=10000000> 
<DWph=2> <it= 64> <et=0.85> <Mt= 0.01> <Spt= 0.00> <nCl= 30> <al=0.63> <DB=-8591.2037> <Mlp= 2121.4608> <PB=10000000> 
<DWph=2> <it= 65> <et=0.85> <Mt= 0.00> <Spt= 0.01> <nCl= 30> <al=0.67> <DB=-7626.4077> <Mlp= 2067.7880> <PB=10000000> 
<DWph=2> <it= 66> <et=0.86> <Mt= 0.00> <Spt= 0.00> <nCl= 30> <al=0.70> <DB=-6607.0751> <Mlp= 2037.3311> <PB=10000000> 
<DWph=2> <it= 67> <et=0.87> <Mt= 0.00> <Spt= 0.00> <nCl= 30> <al=0.73> <DB=-4403.2119> <Mlp= 2008.2528> <PB=10000000> 
<DWph=2> <it= 68> <et=0.87> <Mt= 0.00> <Spt= 0.01> <nCl= 30> <al=0.63> <DB=-3896.7529> <Mlp= 1998.6659> <PB=10000000> 
<DWph=2> <it= 69> <et=0.88> <Mt= 0.01> <Spt= 0.00> <nCl= 30> <al=0.53> <DB=-4505.8159> <Mlp= 1968.8705> <PB=10000000> 
<DWph=2> <it= 70> <et=0.88> <Mt= 0.00> <Spt= 0.01> <nCl= 30> <al=0.58> <DB=-3448.1678> <Mlp= 1942.9196> <PB=10000000> 
<DWph=2> <it= 71> <et=0.89> <Mt= 0.00> <Spt= 0.00> <nCl= 30> <al=0.62> <DB=-3570.9510> <Mlp= 1922.6379> <PB=10000000> 
<DWph=2> <it= 72> <et=0.89> <Mt= 0.00> <Spt= 0.00> <nCl= 30> <al=0.66> <DB=-2601.1140> <Mlp= 1905.4726> <PB=10000000> 
<DWph=2> <it= 73> <et=0.90> <Mt= 0.01> <Spt= 0.01> <nCl= 30> <al=0.69> <DB=-1664.9225> <Mlp= 1894.7111> <PB=10000000> 
<DWph=2> <it= 74> <et=0.91> <Mt= 0.00> <Spt= 0.00> <nCl= 30> <al=0.59> <DB=-1280.6985> <Mlp= 1880.5969> <PB=10000000> 
<DWph=2> <it= 75> <et=0.91> <Mt= 0.00> <Spt= 0.00> <nCl= 30> <al=0.63> <DB= -972.4570> <Mlp= 1875.4116> <PB=10000000> 
<DWph=2> <it= 76> <et=0.92> <Mt= 0.00> <Spt= 0.01> <nCl= 30> <al=0.67> <DB=-4033.9258> <Mlp= 1873.4426> <PB=10000000> 
<DWph=2> <it= 77> <et=0.92> <Mt= 0.00> <Spt= 0.00> <nCl= 30> <al=0.70> <DB= -232.2251> <Mlp= 1873.4426> <PB=10000000> 
<DWph=2> <it= 78> <et=0.93> <Mt= 0.01> <Spt= 0.01> <nCl= 30> <al=0.73> <DB=  -60.1931> <Mlp= 1869.5760> <PB=10000000> 
<DWph=2> <it= 79> <et=0.94> <Mt= 0.00> <Spt= 0.00> <nCl= 30> <al=0.63> <DB= -997.4380> <Mlp= 1864.3303> <PB=10000000> 
<DWph=2> <it= 80> <et=0.94> <Mt= 0.00> <Spt= 0.00> <nCl= 27> <al=0.67> <DB=  794.6345> <Mlp= 1861.9813> <PB=10000000> 
<DWph=2> <it= 81> <et=0.95> <Mt= 0.00> <Spt= 0.01> <nCl= 30> <al=0.57> <DB=  932.6791> <Mlp= 1859.6682> <PB=10000000> 
<DWph=2> <it= 82> <et=0.95> <Mt= 0.01> <Spt= 0.00> <nCl= 30> <al=0.61> <DB= 1242.0236> <Mlp= 1858.5460> <PB=10000000> 
<DWph=2> <it= 83> <et=0.96> <Mt= 0.00> <Spt= 0.00> <nCl= 30> <al=0.65> <DB= 1072.4188> <Mlp= 1854.9103> <PB=10000000> 
<DWph=2> <it= 84> <et=0.96> <Mt= 0.00> <Spt= 0.01> <nCl= 30> <al=0.69> <DB=  276.3428> <Mlp= 1852.4919> <PB=10000000> 
<DWph=2> <it= 85> <et=0.97> <Mt= 0.00> <Spt= 0.00> <nCl= 29> <al=0.72> <DB=  842.8854> <Mlp= 1852.4779> <PB=10000000> 
<DWph=2> <it= 86> <et=0.97> <Mt= 0.00> <Spt= 0.00> <nCl= 28> <al=0.62> <DB= 1393.3624> <Mlp= 1849.5268> <PB=10000000> 
<DWph=2> <it= 87> <et=0.98> <Mt= 0.00> <Spt= 0.01> <nCl= 30> <al=0.52> <DB= -468.1880> <Mlp= 1847.0570> <PB=10000000> 
<DWph=2> <it= 88> <et=0.99> <Mt= 0.00> <Spt= 0.00> <nCl= 30> <al=0.57> <DB= -548.7157> <Mlp= 1843.4037> <PB=10000000> 
<DWph=2> <it= 89> <et=0.99> <Mt= 0.01> <Spt= 0.01> <nCl= 30> <al=0.61> <DB=  632.1246> <Mlp= 1840.6630> <PB=10000000> 
<DWph=2> <it= 90> <et=1.01> <Mt= 0.01> <Spt= 0.00> <nCl= 29> <al=0.65> <DB=  226.4863> <Mlp= 1837.4224> <PB=10000000> 
<DWph=2> <it= 91> <et=1.01> <Mt= 0.00> <Spt= 0.00> <nCl= 30> <al=0.55> <DB=  196.1147> <Mlp= 1837.0245> <PB=10000000> 
<DWph=2> <it= 92> <et=1.02> <Mt= 0.00> <Spt= 0.01> <nCl= 30> <al=0.45> <DB=  680.9720> <Mlp= 1835.7343> <PB=10000000> 
<DWph=2> <it= 93> <et=1.02> <Mt= 0.00> <Spt= 0.00> <nCl= 30> <al=0.35> <DB= -111.1695> <Mlp= 1833.3332> <PB=10000000> 
<DWph=2> <it= 94> <et=1.04> <Mt= 0.01> <Spt= 0.01> <nCl= 30> <al=0.41> <DB=  318.4574> <Mlp= 1831.8501> <PB=10000000> 
<DWph=2> <it= 95> <et=1.04> <Mt= 0.00> <Spt= 0.00> <nCl= 30> <al=0.31> <DB=  713.4191> <Mlp= 1831.6265> <PB=10000000> 
<DWph=2> <it= 96> <et=1.06> <Mt= 0.02> <Spt= 0.00> <nCl= 30> <al=0.38> <DB= 1225.1743> <Mlp= 1830.5869> <PB=10000000> 
<DWph=2> <it= 97> <et=1.07> <Mt= 0.00> <Spt= 0.01> <nCl= 28> <al=0.44> <DB= 1120.3309> <Mlp= 1829.1703> <PB=10000000> 
<DWph=2> <it= 98> <et=1.09> <Mt= 0.01> <Spt= 0.00> <nCl= 28> <al=0.34> <DB=  418.7777> <Mlp= 1828.4596> <PB=10000000> 
<DWph=2> <it= 99> <et=1.09> <Mt= 0.00> <Spt= 0.01> <nCl= 30> <al=0.41> <DB=  462.1894> <Mlp= 1827.8869> <PB=10000000> 
<DWph=2> <it=100> <et=1.10> <Mt= 0.01> <Spt= 0.00> <nCl= 30> <al=0.31> <DB=  571.1444> <Mlp= 1826.5307> <PB=10000000> 
<DWph=2> <it=101> <et=1.10> <Mt= 0.00> <Spt= 0.00> <nCl= 29> <al=0.38> <DB=  984.9879> <Mlp= 1826.5307> <PB=10000000> 
<DWph=2> <it=102> <et=1.11> <Mt= 0.00> <Spt= 0.01> <nCl= 25> <al=0.28> <DB= 1403.5747> <Mlp= 1824.0213> <PB=10000000> 
<DWph=2> <it=103> <et=1.11> <Mt= 0.00> <Spt= 0.00> <nCl= 30> <al=0.18> <DB=  632.0774> <Mlp= 1823.5577> <PB=10000000> 
<DWph=2> <it=104> <et=1.12> <Mt= 0.00> <Spt= 0.00> <nCl= 30> <al=0.26> <DB= 1373.2421> <Mlp= 1823.5577> <PB=10000000> 
<DWph=2> <it=105> <et=1.13> <Mt= 0.01> <Spt= 0.01> <nCl= 30> <al=0.33> <DB= 1271.6336> <Mlp= 1823.1455> <PB=10000000> 
<DWph=2> <it=106> <et=1.13> <Mt= 0.00> <Spt= 0.00> <nCl= 28> <al=0.40> <DB= 1225.7448> <Mlp= 1822.5757> <PB=10000000> 
<DWph=2> <it=107> <et=1.15> <Mt= 0.01> <Spt= 0.01> <nCl= 27> <al=0.46> <DB= 1093.8858> <Mlp= 1821.4116> <PB=10000000> 
<DWph=2> <it=108> <et=1.15> <Mt= 0.00> <Spt= 0.00> <nCl= 30> <al=0.52> <DB=  652.4612> <Mlp= 1820.8727> <PB=10000000> 
<DWph=2> <it=109> <et=1.16> <Mt= 0.00> <Spt= 0.00> <nCl= 30> <al=0.56> <DB= 1513.8107> <Mlp= 1819.9378> <PB=10000000> 
<DWph=2> <it=110> <et=1.16> <Mt= 0.00> <Spt= 0.01> <nCl= 29> <al=0.61> <DB= 1462.0146> <Mlp= 1819.4389> <PB=10000000> 
<DWph=2> <it=111> <et=1.17> <Mt= 0.01> <Spt= 0.00> <nCl= 23> <al=0.65> <DB= 1653.5957> <Mlp= 1819.0951> <PB=10000000> 
<DWph=2> <it=112> <et=1.17> <Mt= 0.00> <Spt= 0.00> <nCl= 27> <al=0.68> <DB= 1107.2764> <Mlp= 1819.0951> <PB=10000000> 
<DWph=2> <it=113> <et=1.18> <Mt= 0.00> <Spt= 0.01> <nCl= 30> <al=0.71> <DB= 1032.0537> <Mlp= 1818.8088> <PB=10000000> 
<DWph=2> <it=114> <et=1.18> <Mt= 0.00> <Spt= 0.00> <nCl= 26> <al=0.74> <DB= 1246.8845> <Mlp= 1816.9254> <PB=10000000> 
<DWph=2> <it=115> <et=1.19> <Mt= 0.00> <Spt= 0.01> <nCl= 26> <al=0.64> <DB= 1664.2183> <Mlp= 1816.2068> <PB=10000000> 
<DWph=2> <it=116> <et=1.19> <Mt= 0.00> <Spt= 0.00> <nCl= 26> <al=0.54> <DB= 1048.3434> <Mlp= 1815.5166> <PB=10000000> 
<DWph=2> <it=117> <et=1.20> <Mt= 0.00> <Spt= 0.00> <nCl= 28> <al=0.59> <DB= 1811.0857> <Mlp= 1815.3779> <PB=10000000> 
<DWph=2> <it=118> <et=1.20> <Mt= 0.00> <Spt= 0.01> <nCl= 22> <al=0.63> <DB= 1213.9088> <Mlp= 1815.1460> <PB=10000000> 
<DWph=2> <it=119> <et=1.22> <Mt= 0.02> <Spt= 0.00> <nCl= 14> <al=0.67> <DB= 1229.0697> <Mlp= 1814.2330> <PB=10000000> 
<DWph=2> <it=120> <et=1.22> <Mt= 0.00> <Spt= 0.00> <nCl= 14> <al=0.57> <DB= 1247.1205> <Mlp= 1813.8224> <PB=10000000> 
<DWph=2> <it=121> <et=1.23> <Mt= 0.00> <Spt= 0.01> <nCl= 26> <al=0.47> <DB= 1427.9369> <Mlp= 1813.4266> <PB=10000000> 
<DWph=2> <it=122> <et=1.24> <Mt= 0.00> <Spt= 0.00> <nCl= 28> <al=0.37> <DB= 1358.5039> <Mlp= 1813.1089> <PB=10000000> 
<DWph=2> <it=123> <et=1.24> <Mt= 0.00> <Spt= 0.00> <nCl=  0> <al=0.43> <DB= 1358.5039> <Mlp= 1810.1073> <PB=10000000> 
<DWph=1> <it=124> <et=1.25> <Mt= 0.00> <Spt= 0.01> <nCl= 28> <al=0.43> <DB= 1003.7138> <Mlp= 1810.1073> <PB=10000000> 
<DWph=1> <it=125> <et=1.26> <Mt= 0.01> <Spt= 0.01> <nCl= 26> <al=0.49> <DB= 1088.1771> <Mlp= 1809.6296> <PB=10000000> 
<DWph=1> <it=126> <et=1.28> <Mt= 0.00> <Spt= 0.01> <nCl= 30> <al=0.39> <DB=  603.1529> <Mlp= 1809.1379> <PB=10000000> 
<DWph=1> <it=127> <et=1.29> <Mt= 0.00> <Spt= 0.01> <nCl= 26> <al=0.45> <DB= 1174.5849> <Mlp= 1809.0333> <PB=10000000> 
<DWph=1> <it=128> <et=1.30> <Mt= 0.01> <Spt= 0.01> <nCl= 30> <al=0.35> <DB= 1038.0651> <Mlp= 1807.2813> <PB=10000000> 
<DWph=1> <it=129> <et=1.31> <Mt= 0.00> <Spt= 0.01> <nCl= 27> <al=0.41> <DB=  807.0620> <Mlp= 1807.1083> <PB=10000000> 
<DWph=1> <it=130> <et=1.33> <Mt= 0.00> <Spt= 0.01> <nCl= 19> <al=0.47> <DB= 1388.5775> <Mlp= 1807.0565> <PB=10000000> 
<DWph=1> <it=131> <et=1.34> <Mt= 0.01> <Spt= 0.01> <nCl= 29> <al=0.37> <DB= 1150.5541> <Mlp= 1805.5229> <PB=10000000> 
<DWph=1> <it=132> <et=1.36> <Mt= 0.00> <Spt= 0.01> <nCl= 24> <al=0.43> <DB= 1374.8086> <Mlp= 1805.1040> <PB=10000000> 
<DWph=1> <it=133> <et=1.37> <Mt= 0.00> <Spt= 0.02> <nCl= 29> <al=0.33> <DB= 1337.0707> <Mlp= 1801.8698> <PB=10000000> 
<DWph=1> <it=134> <et=1.39> <Mt= 0.01> <Spt= 0.01> <nCl= 25> <al=0.40> <DB= 1328.1713> <Mlp= 1800.3711> <PB=10000000> 
<DWph=1> <it=135> <et=1.40> <Mt= 0.00> <Spt= 0.01> <nCl= 24> <al=0.46> <DB= 1330.8767> <Mlp= 1800.3506> <PB=10000000> 
<DWph=1> <it=136> <et=1.41> <Mt= 0.00> <Spt= 0.01> <nCl= 18> <al=0.52> <DB= 1401.8689> <Mlp= 1800.0691> <PB=10000000> 
<DWph=1> <it=137> <et=1.42> <Mt= 0.00> <Spt= 0.00> <nCl= 19> <al=0.56> <DB= 1487.8541> <Mlp= 1800.0009> <PB=10000000> 
<DWph=1> <it=138> <et=1.43> <Mt= 0.01> <Spt= 0.01> <nCl= 12> <al=0.61> <DB= 1606.3494> <Mlp= 1799.9337> <PB=10000000> 
<DWph=1> <it=139> <et=1.44> <Mt= 0.00> <Spt= 0.01> <nCl= 10> <al=0.65> <DB= 1509.8807> <Mlp= 1799.9337> <PB=10000000> 
<DWph=1> <it=140> <et=1.46> <Mt= 0.00> <Spt= 0.01> <nCl=  9> <al=0.68> <DB= 1608.4433> <Mlp= 1799.7343> <PB=10000000> 
<DWph=1> <it=141> <et=1.47> <Mt= 0.00> <Spt= 0.01> <nCl= 10> <al=0.71> <DB= 1609.6468> <Mlp= 1799.5107> <PB=10000000> 
<DWph=1> <it=142> <et=1.48> <Mt= 0.00> <Spt= 0.01> <nCl= 13> <al=0.74> <DB= 1371.1477> <Mlp= 1799.5107> <PB=10000000> 
<DWph=1> <it=143> <et=1.49> <Mt= 0.00> <Spt= 0.01> <nCl= 14> <al=0.64> <DB= 1716.0911> <Mlp= 1799.5107> <PB=10000000> 
<DWph=1> <it=144> <et=1.50> <Mt= 0.00> <Spt= 0.01> <nCl= 15> <al=0.54> <DB= 1676.6015> <Mlp= 1799.5107> <PB=10000000> 
<DWph=1> <it=145> <et=1.51> <Mt= 0.00> <Spt= 0.01> <nCl= 13> <al=0.44> <DB= 1738.4798> <Mlp= 1799.4829> <PB=10000000> 
<DWph=1> <it=146> <et=1.52> <Mt= 0.00> <Spt= 0.01> <nCl= 11> <al=0.34> <DB= 1655.1967> <Mlp= 1799.4827> <PB=10000000> 
<DWph=1> <it=147> <et=1.54> <Mt= 0.00> <Spt= 0.02> <nCl= 12> <al=0.00> <DB= 1764.9921> <Mlp= 1799.4827> <PB=10000000> 
<DWph=1> <it=148> <et=1.55> <Mt= 0.01> <Spt= 0.01> <nCl=  1> <al=0.14> <DB= 1776.2061> <Mlp= 1799.4827> <PB=10000000> 
<DWph=1> <it=149> <et=1.56> <Mt= 0.00> <Spt= 0.01> <nCl=  1> <al=0.14> <DB= 1776.2061> <Mlp= 1799.4827> <PB=10000000> 
<DWph=1> <it=150> <et=1.57> <Mt= 0.00> <Spt= 0.01> <nCl=  1> <al=0.14> <DB= 1786.5318> <Mlp= 1799.4827> <PB=10000000> 
<DWph=1> <it=151> <et=1.58> <Mt= 0.00> <Spt= 0.01> <nCl=  6> <al=0.14> <DB= 1776.2820> <Mlp= 1799.4772> <PB=10000000> 
<DWph=1> <it=152> <et=1.59> <Mt= 0.00> <Spt= 0.01> <nCl=  4> <al=0.23> <DB= 1789.6786> <Mlp= 1799.4772> <PB=10000000> 
<DWph=1> <it=153> <et=1.61> <Mt= 0.00> <Spt= 0.02> <nCl=  3> <al=0.00> <DB= 1799.4772> <Mlp= 1799.4772> <PB=10000000> 
    RCSP exact solver info for graph G_0 : TT = 0.041796, pt = 1.1e-05, dt = 0.040011, ct = 0.001262, ndl = 9760', bdl = 439180', odl = 7787', odf = 62286', bsi = 1356', cnt = 77932', bdch = 6950505', odch = 331338', lcp = 221674', #sols = 150
<DWph=0> <it=154> <et=1.66> <Mt= 0.00> <Spt= 0.04> <nCl=150> <al=0.03> <DB=  802.2379> <Mlp= 1799.4772> <PB=10000000> 
    RCSP exact solver info for graph G_0 : TT = 0.038482, pt = 5.2e-05, dt = 0.036828, ct = 0.001007, ndl = 8333', bdl = 379268', odl = 7882', odf = 55908', bsi = 1570', cnt = 39921', bdch = 5221014', odch = 249100', lcp = 187690', #sols = 150
<DWph=0> <it=155> <et=1.71> <Mt= 0.01> <Spt= 0.04> <nCl=150> <al=0.03> <DB=-1044.3883> <Mlp= 1798.0949> <PB=10000000> 
    RCSP exact solver info for graph G_0 : TT = 0.044007, pt = 3e-05, dt = 0.042336, ct = 0.001116, ndl = 10061', bdl = 460690', odl = 8072', odf = 65277', bsi = 1587', cnt = 61530', bdch = 7458201', odch = 355073', lcp = 227005', #sols = 150
<DWph=0> <it=156> <et=1.76> <Mt= 0.00> <Spt= 0.05> <nCl=150> <al=0.13> <DB= 1051.3008> <Mlp= 1798.0949> <PB=10000000> 
    RCSP exact solver info for graph G_0 : TT = 0.042363, pt = 4.3e-05, dt = 0.04051, ct = 0.001225, ndl = 9740', bdl = 443181', odl = 8084', odf = 64897', bsi = 1490', cnt = 42583', bdch = 7108091', odch = 338360', lcp = 210264', #sols = 150
<DWph=0> <it=157> <et=1.81> <Mt= 0.01> <Spt= 0.05> <nCl=150> <al=0.21> <DB=  582.5177> <Mlp= 1797.0813> <PB=10000000> 
    RCSP exact solver info for graph G_0 : TT = 0.046616, pt = 4e-05, dt = 0.044576, ct = 0.001384, ndl = 10555', bdl = 476797', odl = 7966', odf = 68394', bsi = 1482', cnt = 68094', bdch = 7946586', odch = 394566', lcp = 230233', #sols = 150
<DWph=0> <it=158> <et=1.86> <Mt= 0.00> <Spt= 0.05> <nCl=142> <al=0.29> <DB= 1445.0318> <Mlp= 1797.0813> <PB=10000000> 
    RCSP exact solver info for graph G_0 : TT = 0.045377, pt = 3.6e-05, dt = 0.04348, ct = 0.001283, ndl = 10606', bdl = 480081', odl = 8107', odf = 68202', bsi = 1642', cnt = 77852', bdch = 7991800', odch = 393442', lcp = 228888', #sols = 150
<DWph=0> <it=159> <et=1.92> <Mt= 0.00> <Spt= 0.05> <nCl=150> <al=0.36> <DB= 1286.5163> <Mlp= 1796.1543> <PB=10000000> 
    RCSP exact solver info for graph G_0 : TT = 0.046872, pt = 3e-05, dt = 0.044452, ct = 0.001668, ndl = 10674', bdl = 481381', odl = 8046', odf = 67675', bsi = 1485', cnt = 85075', bdch = 8049837', odch = 402379', lcp = 236929', #sols = 150
<DWph=0> <it=160> <et=1.97> <Mt= 0.00> <Spt= 0.05> <nCl= 61> <al=0.43> <DB= 1647.5858> <Mlp= 1796.1543> <PB=10000000> 
    RCSP exact solver info for graph G_0 : TT = 0.045808, pt = 3.5e-05, dt = 0.043661, ct = 0.001437, ndl = 10255', bdl = 466794', odl = 8194', odf = 66338', bsi = 1444', cnt = 81005', bdch = 7767323', odch = 379373', lcp = 228742', #sols = 150
<DWph=0> <it=161> <et=2.02> <Mt= 0.00> <Spt= 0.05> <nCl=150> <al=0.33> <DB= 1482.9558> <Mlp= 1795.4000> <PB=10000000> 
    RCSP exact solver info for graph G_0 : TT = 0.048159, pt = 4.9e-05, dt = 0.045748, ct = 0.001582, ndl = 10799', bdl = 485151', odl = 7947', odf = 68006', bsi = 1418', cnt = 96738', bdch = 8238844', odch = 409002', lcp = 238687', #sols = 150
<DWph=0> <it=162> <et=2.08> <Mt= 0.01> <Spt= 0.06> <nCl= 52> <al=0.39> <DB= 1740.0217> <Mlp= 1795.4000> <PB=10000000> 
    RCSP exact solver info for graph G_0 : TT = 0.046865, pt = 3.9e-05, dt = 0.044703, ct = 0.001437, ndl = 10815', bdl = 488016', odl = 7798', odf = 67764', bsi = 1526', cnt = 85722', bdch = 8281659', odch = 410010', lcp = 234377', #sols = 150
<DWph=0> <it=163> <et=2.13> <Mt= 0.00> <Spt= 0.05> <nCl=128> <al=0.45> <DB= 1609.9675> <Mlp= 1795.2886> <PB=10000000> 
    RCSP exact solver info for graph G_0 : TT = 0.046468, pt = 4.3e-05, dt = 0.04428, ct = 0.001436, ndl = 10907', bdl = 487798', odl = 7880', odf = 68858', bsi = 1479', cnt = 102160', bdch = 8387284', odch = 420778', lcp = 233894', #sols = 150
<DWph=0> <it=164> <et=2.19> <Mt= 0.00> <Spt= 0.05> <nCl= 41> <al=0.51> <DB= 1767.1308> <Mlp= 1795.2000> <PB=10000000> 
    RCSP exact solver info for graph G_0 : TT = 0.048147, pt = 7.3e-05, dt = 0.045633, ct = 0.001663, ndl = 11060', bdl = 494743', odl = 7769', odf = 69346', bsi = 1493', cnt = 114808', bdch = 8570920', odch = 417241', lcp = 233748', #sols = 150
<DWph=0> <it=165> <et=2.24> <Mt= 0.00> <Spt= 0.05> <nCl= 40> <al=0.41> <DB= 1720.6841> <Mlp= 1795.2000> <PB=10000000> 
    RCSP exact solver info for graph G_0 : TT = 0.047973, pt = 2.6e-05, dt = 0.045647, ct = 0.001639, ndl = 11199', bdl = 501710', odl = 7802', odf = 70030', bsi = 1473', cnt = 102363', bdch = 8725196', odch = 428269', lcp = 239617', #sols = 150
    RCSP exact solver info for graph G_0 : TT = 0.040409, pt = 2.4e-05, dt = 0.038502, ct = 0.001253, ndl = 10302', bdl = 463999', odl = 7615', odf = 65453', bsi = 1500', cnt = 86588', bdch = 7585176', odch = 366119', lcp = 211517', #sols = 150
<DWph=0> <it=166> <et=2.34> <Mt= 0.00> <Spt= 0.09> <nCl= 59> <al=0.00> <DB= 1598.4000> <Mlp= 1795.2000> <PB=10000000> 
    RCSP exact solver info for graph G_0 : TT = 0.046273, pt = 3.2e-05, dt = 0.044215, ct = 0.001369, ndl = 11242', bdl = 505513', odl = 7736', odf = 69907', bsi = 1510', cnt = 100745', bdch = 8833441', odch = 425226', lcp = 239829', #sols = 150
    RCSP exact solver info for graph G_0 : TT = 0.043392, pt = 2.5e-05, dt = 0.041462, ct = 0.001282, ndl = 10411', bdl = 470165', odl = 7608', odf = 65583', bsi = 1485', cnt = 86891', bdch = 7716076', odch = 373634', lcp = 212333', #sols = 150
<DWph=0> <it=167> <et=2.43> <Mt= 0.01> <Spt= 0.10> <nCl=  3> <al=0.00> <DB= 1795.2000> <Mlp= 1795.2000> <PB=10000000> 
RCSP solver dynamic params and stats :  bidir.bord. = 375 aver.obdmd = 24.4677 aver.buck.num. = 26
@@ 1 0 1795.2 0.0442554 0.04733 92.5784 2.43
RCSP      solver labels distribution in 709 buckets (bucket size) : largest - 81, top 0.1% - 81, top 0.5% - 68, top 2% - 55, top 10% - 36, top 50% - 10
Reduced cost fixing for graph G_0...  TT = 0.106518, pt = 0.005837, dt = 0.10052, ct = 0, ndl = 29411', bdl = 1009140', odl = 7157', odf = 157205', lpcb = 79460', cnt = 3392317', bdch = 18907186', odch = 1904256', lcp = 520895'
85678 buck. arcs remain (99.4% from prev., 92% from max.) + 0 jump buck. arcs (0% from max.)
 TT = 0.156329, pt = 0.005837, dt = 0.10052, ct = 0.04972, ndl = 29411', bdl = 1009140', odl = 7157', odf = 157205', lpcb = 79460', cnt = 3581083', bdch = 18907186', odch = 1904256', lcp = 520895'
RCSP      solver labels distribution in 1374 buckets (bucket size) : largest - 112, top 0.1% - 109, top 0.5% - 101, top 2% - 85, top 10% - 50, top 50% - 15
Run forward enumeration with border = 375... not succeeded (ratio 0.982313) lpt = 0.017575, ndl = 20015', dl = 580', lpcb = 0', dch = 13557'
 TT = 0.029861, pt = 0.009599, dt = 0.017575, ct = 0, ndl = 20015', bdl = 580', cnt = 116740', bdch = 13557', odch = 0', lcp = 0'
Bucket graph for G_0 is regenerated as bucket steps were adjusted for 62 vertices
RCSP solver info : number of forw. reachable buckets / buck. strongly connected components is 3043( 96.2366% ) / 2793( 91.7844% )
167220 forw. buck. arcs remain (93.1484% from max.) + 0 jump buck. arcs
ColGenEvalAlg final dual bound: 1795.2 (rounded: 1796)
In total 2 RCC cut(s) are found by the connected components heuristic 
Shrinking heuristic shrunk 39 edges
In total 13 RCC cut(s) are found by the Fractional capacity min-cut heuristic 
In total 75 RCC cut(s) are found by the greedy construction heuristic 
----- Add fac. cuts : CAP(90), max.viol = 0.571429, aver.viol = 0.390476, sep/add took 0.00285269/0.33528 sec. -----
5542 columns (5542 active), 90 dyn. constrs. (90 active), 212 art. vars. (212 active)
<DWph=2> <it=  1> <et=3.02> <Mt= 0.02> <Spt= 0.01> <nCl= 28> <al=0.50> <DB= 1595.6143> <Mlp= 1810.8173> <PB=10000000> 
<DWph=2> <it=  2> <et=3.04> <Mt= 0.01> <Spt= 0.00> <nCl= 19> <al=0.55> <DB= 1801.4493> <Mlp= 1809.0874> <PB=10000000> 
<DWph=2> <it=  3> <et=3.05> <Mt= 0.00> <Spt= 0.01> <nCl= 27> <al=0.45> <DB= 1531.0255> <Mlp= 1809.0685> <PB=10000000> 
<DWph=2> <it=  4> <et=3.07> <Mt= 0.01> <Spt= 0.01> <nCl= 26> <al=0.51> <DB= 1498.7788> <Mlp= 1807.7352> <PB=10000000> 
<DWph=2> <it=  5> <et=3.08> <Mt= 0.00> <Spt= 0.01> <nCl= 18> <al=0.55> <DB= 1804.2431> <Mlp= 1807.7204> <PB=10000000> 
<DWph=2> <it=  6> <et=3.09> <Mt= 0.01> <Spt= 0.01> <nCl= 21> <al=0.45> <DB= 1570.4154> <Mlp= 1807.7204> <PB=10000000> 
<DWph=2> <it=  7> <et=3.11> <Mt= 0.00> <Spt= 0.01> <nCl= 18> <al=0.51> <DB= 1737.5826> <Mlp= 1807.1176> <PB=10000000> 
<DWph=2> <it=  8> <et=3.12> <Mt= 0.01> <Spt= 0.01> <nCl= 11> <al=0.56> <DB= 1740.0632> <Mlp= 1806.6398> <PB=10000000> 
<DWph=2> <it=  9> <et=3.14> <Mt= 0.00> <Spt= 0.00> <nCl= 17> <al=0.60> <DB= 1797.9796> <Mlp= 1806.4992> <PB=10000000> 
<DWph=2> <it= 10> <et=3.15> <Mt= 0.01> <Spt= 0.01> <nCl=  3> <al=0.64> <DB= 1805.0034> <Mlp= 1806.3676> <PB=10000000> 
<DWph=2> <it= 11> <et=3.16> <Mt= 0.00> <Spt= 0.01> <nCl=  7> <al=0.68> <DB= 1788.0466> <Mlp= 1806.3676> <PB=10000000> 
<DWph=2> <it= 12> <et=3.18> <Mt= 0.01> <Spt= 0.01> <nCl= 17> <al=0.42> <DB= 1671.4344> <Mlp= 1806.1438> <PB=10000000> 
<DWph=2> <it= 13> <et=3.20> <Mt= 0.01> <Spt= 0.01> <nCl= 13> <al=0.61> <DB= 1804.7198> <Mlp= 1805.8263> <PB=10000000> 
<DWph=2> <it= 14> <et=3.21> <Mt= 0.00> <Spt= 0.01> <nCl= 21> <al=0.65> <DB= 1708.2938> <Mlp= 1805.8077> <PB=10000000> 
<DWph=2> <it= 15> <et=3.22> <Mt= 0.01> <Spt= 0.00> <nCl=  4> <al=0.68> <DB= 1804.8654> <Mlp= 1805.8077> <PB=10000000> 
<DWph=2> <it= 16> <et=3.23> <Mt= 0.00> <Spt= 0.01> <nCl=  9> <al=0.58> <DB= 1732.7278> <Mlp= 1805.8077> <PB=10000000> 
<DWph=2> <it= 17> <et=3.25> <Mt= 0.00> <Spt= 0.02> <nCl= 29> <al=0.25> <DB= 1771.2437> <Mlp= 1805.8077> <PB=10000000> 
<DWph=2> <it= 18> <et=3.27> <Mt= 0.01> <Spt= 0.01> <nCl= 30> <al=0.05> <DB= 1544.2430> <Mlp= 1805.8077> <PB=10000000> 
<DWph=2> <it= 19> <et=3.29> <Mt= 0.00> <Spt= 0.02> <nCl= 26> <al=0.00> <DB= 1804.0769> <Mlp= 1805.8077> <PB=10000000> 
<DWph=2> <it= 20> <et=3.30> <Mt= 0.00> <Spt= 0.00> <nCl= 13> <al=0.33> <DB= 1752.6120> <Mlp= 1805.8077> <PB=10000000> 
<DWph=2> <it= 21> <et=3.31> <Mt= 0.01> <Spt= 0.02> <nCl=  8> <al=0.00> <DB= 1733.9176> <Mlp= 1805.8077> <PB=10000000> 
<DWph=2> <it= 22> <et=3.33> <Mt= 0.00> <Spt= 0.01> <nCl=  5> <al=0.00> <DB= 1805.8077> <Mlp= 1805.8077> <PB=10000000> 
<DWph=1> <it= 23> <et=3.35> <Mt= 0.00> <Spt= 0.01> <nCl= 22> <al=0.19> <DB= 1656.1154> <Mlp= 1805.8077> <PB=10000000> 
<DWph=1> <it= 24> <et=3.37> <Mt= 0.01> <Spt= 0.02> <nCl= 21> <al=0.09> <DB= 1728.3857> <Mlp= 1805.7855> <PB=10000000> 
<DWph=1> <it= 25> <et=3.40> <Mt= 0.00> <Spt= 0.03> <nCl= 13> <al=0.00> <DB= 1805.7735> <Mlp= 1805.7735> <PB=10000000> 
    RCSP exact solver info for graph G_0 : TT = 0.037397, pt = 0.000105, dt = 0.035441, ct = 0.001234, ndl = 9534', bdl = 428306', odl = 12592', odf = 129378', bsi = 1165', cnt = 64235', bdch = 4642428', odch = 396591', lcp = 175878', #sols = 150
<DWph=0> <it= 26> <et=3.46> <Mt= 0.00> <Spt= 0.05> <nCl=130> <al=0.08> <DB= 1489.7582> <Mlp= 1805.7735> <PB=10000000> 
    RCSP exact solver info for graph G_0 : TT = 0.039509, pt = 9e-05, dt = 0.037319, ct = 0.001439, ndl = 9565', bdl = 430516', odl = 12459', odf = 128684', bsi = 1142', cnt = 64747', bdch = 4618478', odch = 391256', lcp = 179332', #sols = 150
<DWph=0> <it= 27> <et=3.51> <Mt= 0.01> <Spt= 0.05> <nCl= 51> <al=0.18> <DB= 1739.0559> <Mlp= 1805.3872> <PB=10000000> 
    RCSP exact solver info for graph G_0 : TT = 0.037958, pt = 7.5e-05, dt = 0.03594, ct = 0.001244, ndl = 9441', bdl = 423967', odl = 12308', odf = 126398', bsi = 1135', cnt = 62334', bdch = 4507548', odch = 380367', lcp = 173171', #sols = 150
<DWph=0> <it= 28> <et=3.56> <Mt= 0.01> <Spt= 0.04> <nCl= 19> <al=0.26> <DB= 1790.4047> <Mlp= 1805.2892> <PB=10000000> 
    RCSP exact solver info for graph G_0 : TT = 0.03994, pt = 7.3e-05, dt = 0.037945, ct = 0.001275, ndl = 9591', bdl = 431464', odl = 12320', odf = 126725', bsi = 1114', cnt = 63076', bdch = 4655915', odch = 387026', lcp = 176869', #sols = 150
    RCSP exact solver info for graph G_0 : TT = 0.036801, pt = 6e-05, dt = 0.034804, ct = 0.001248, ndl = 9542', bdl = 430897', odl = 12386', odf = 127036', bsi = 1111', cnt = 64825', bdch = 4653773', odch = 384012', lcp = 177000', #sols = 150
<DWph=0> <it= 29> <et=3.65> <Mt= 0.00> <Spt= 0.09> <nCl= 22> <al=0.00> <DB= 1805.2892> <Mlp= 1805.2892> <PB=10000000> 
RCSP solver dynamic params and stats :  bidir.bord. = 375 aver.obdmd = 48.9355 aver.buck.num. = 51
@@ 1 1 1805.29 0.0375778 0.03922 93.1484 3.65
    Full reduced cost fixing is not called (gap ratio is 0.999999)
ColGenEvalAlg final dual bound: 1805.29 (rounded: 1806)
False gap improvement since the last cut separation : 0.0562009 (1795.2)
Current active cuts : CAP(7,427.514)
In total 2 RCC cut(s) are found by the connected components heuristic 
Shrinking heuristic shrunk 31 edges
In total 7 RCC cut(s) are found by the Fractional capacity min-cut heuristic 
In total 12 RCC cut(s) are found by the greedy construction heuristic 
In total 4 RCC cut(s) are found by the global pool greedy search heuristic 
----- Add fac. cuts : CAP(25), max.viol = 0.481982, aver.viol = 0.166306, sep/add took 0.00315786/0.114194 sec. -----
6190 columns (6190 active), 115 dyn. constrs. (36 active), 237 art. vars. (158 active)
<DWph=2> <it=  1> <et=3.80> <Mt= 0.02> <Spt= 0.00> <nCl= 19> <al=0.50> <DB= 1807.8780> <Mlp= 1813.0003> <PB=10000000> 
<DWph=2> <it=  2> <et=3.81> <Mt= 0.00> <Spt= 0.01> <nCl= 19> <al=0.55> <DB= 1809.8717> <Mlp= 1812.3084> <PB=10000000> 
<DWph=2> <it=  3> <et=3.83> <Mt= 0.00> <Spt= 0.01> <nCl= 29> <al=0.60> <DB= 1808.2395> <Mlp= 1812.1666> <PB=10000000> 
<DWph=2> <it=  4> <et=3.84> <Mt= 0.01> <Spt= 0.01> <nCl= 17> <al=0.64> <DB= 1810.6282> <Mlp= 1812.0971> <PB=10000000> 
<DWph=2> <it=  5> <et=3.85> <Mt= 0.00> <Spt= 0.01> <nCl= 28> <al=0.67> <DB= 1780.1324> <Mlp= 1812.0147> <PB=10000000> 
<DWph=2> <it=  6> <et=3.86> <Mt= 0.00> <Spt= 0.01> <nCl= 11> <al=0.70> <DB= 1811.0376> <Mlp= 1812.0147> <PB=10000000> 
<DWph=2> <it=  7> <et=3.87> <Mt= 0.01> <Spt= 0.00> <nCl= 22> <al=0.73> <DB= 1788.3683> <Mlp= 1812.0147> <PB=10000000> 
<DWph=2> <it=  8> <et=3.88> <Mt= 0.00> <Spt= 0.01> <nCl= 11> <al=0.76> <DB= 1811.0806> <Mlp= 1812.0147> <PB=10000000> 
<DWph=2> <it=  9> <et=3.89> <Mt= 0.00> <Spt= 0.01> <nCl= 10> <al=0.78> <DB= 1811.2766> <Mlp= 1811.9914> <PB=10000000> 
<DWph=2> <it= 10> <et=3.90> <Mt= 0.00> <Spt= 0.01> <nCl=  5> <al=0.68> <DB= 1810.3650> <Mlp= 1811.9914> <PB=10000000> 
<DWph=2> <it= 11> <et=3.92> <Mt= 0.01> <Spt= 0.02> <nCl= 26> <al=0.00> <DB= 1775.2882> <Mlp= 1811.9914> <PB=10000000> 
<DWph=2> <it= 12> <et=3.94> <Mt= 0.00> <Spt= 0.00> <nCl=  5> <al=0.62> <DB= 1811.7950> <Mlp= 1811.9762> <PB=10000000> 
<DWph=2> <it= 13> <et=3.95> <Mt= 0.00> <Spt= 0.02> <nCl= 28> <al=0.03> <DB= 1810.5830> <Mlp= 1811.9762> <PB=10000000> 
<DWph=2> <it= 14> <et=3.97> <Mt= 0.00> <Spt= 0.01> <nCl= 16> <al=0.00> <DB= 1811.9762> <Mlp= 1811.9762> <PB=10000000> 
<DWph=1> <it= 15> <et=3.99> <Mt= 0.01> <Spt= 0.02> <nCl= 22> <al=0.32> <DB= 1661.3904> <Mlp= 1811.9762> <PB=10000000> 
<DWph=1> <it= 16> <et=4.01> <Mt= 0.00> <Spt= 0.02> <nCl= 19> <al=0.22> <DB= 1759.3392> <Mlp= 1811.9737> <PB=10000000> 
<DWph=1> <it= 17> <et=4.03> <Mt= 0.00> <Spt= 0.01> <nCl= 11> <al=0.29> <DB= 1802.5611> <Mlp= 1811.9598> <PB=10000000> 
<DWph=1> <it= 18> <et=4.05> <Mt= 0.00> <Spt= 0.02> <nCl= 14> <al=0.37> <DB= 1791.0228> <Mlp= 1811.9598> <PB=10000000> 
<DWph=1> <it= 19> <et=4.07> <Mt= 0.01> <Spt= 0.02> <nCl=  8> <al=0.27> <DB= 1673.6740> <Mlp= 1811.9226> <PB=10000000> 
<DWph=1> <it= 20> <et=4.10> <Mt= 0.00> <Spt= 0.03> <nCl= 10> <al=0.00> <DB= 1811.9226> <Mlp= 1811.9226> <PB=10000000> 
    RCSP exact solver info for graph G_0 : TT = 0.038514, pt = 0.000153, dt = 0.035812, ct = 0.001828, ndl = 8919', bdl = 399796', odl = 11160', odf = 109011', bsi = 1174', cnt = 62338', bdch = 3898747', odch = 344213', lcp = 149513', #sols = 150
<DWph=0> <it= 21> <et=4.15> <Mt= 0.00> <Spt= 0.05> <nCl=137> <al=0.07> <DB= 1627.0892> <Mlp= 1811.9226> <PB=10000000> 
    RCSP exact solver info for graph G_0 : TT = 0.033774, pt = 9.5e-05, dt = 0.031633, ct = 0.001289, ndl = 8259', bdl = 370661', odl = 10886', odf = 105519', bsi = 1164', cnt = 51441', bdch = 3447630', odch = 313501', lcp = 135056', #sols = 150
<DWph=0> <it= 22> <et=4.20> <Mt= 0.01> <Spt= 0.04> <nCl= 64> <al=0.00> <DB= 1808.0930> <Mlp= 1811.6710> <PB=10000000> 
    RCSP exact solver info for graph G_0 : TT = 0.03593, pt = 8.8e-05, dt = 0.033737, ct = 0.001301, ndl = 8718', bdl = 390698', odl = 11436', odf = 110725', bsi = 1113', cnt = 55246', bdch = 3836062', odch = 333049', lcp = 145255', #sols = 150
<DWph=0> <it= 23> <et=4.24> <Mt= 0.00> <Spt= 0.04> <nCl= 19> <al=0.07> <DB= 1810.6593> <Mlp= 1811.6250> <PB=10000000> 
    RCSP exact solver info for graph G_0 : TT = 0.035205, pt = 0.000116, dt = 0.033261, ct = 0.001098, ndl = 8795', bdl = 392968', odl = 11560', odf = 110942', bsi = 1135', cnt = 55993', bdch = 3910539', odch = 337320', lcp = 148033', #sols = 150
<DWph=0> <it= 24> <et=4.29> <Mt= 0.00> <Spt= 0.04> <nCl= 11> <al=0.16> <DB= 1810.8918> <Mlp= 1811.6250> <PB=10000000> 
    RCSP exact solver info for graph G_0 : TT = 0.037123, pt = 9.7e-05, dt = 0.034973, ct = 0.001262, ndl = 8854', bdl = 396329', odl = 11454', odf = 111388', bsi = 1114', cnt = 57586', bdch = 3922111', odch = 343344', lcp = 147668', #sols = 150
    RCSP exact solver info for graph G_0 : TT = 0.036238, pt = 6.2e-05, dt = 0.033983, ct = 0.001414, ndl = 8829', bdl = 396899', odl = 11501', odf = 111154', bsi = 1122', cnt = 56214', bdch = 3929291', odch = 344569', lcp = 148935', #sols = 150
<DWph=0> <it= 25> <et=4.37> <Mt= 0.00> <Spt= 0.08> <nCl= 20> <al=0.00> <DB= 1811.6250> <Mlp= 1811.6250> <PB=10000000> 
RCSP solver dynamic params and stats :  bidir.bord. = 375 aver.obdmd = 48.9355 aver.buck.num. = 51
@@ 1 2 1811.62 0.0352652 0.03764 93.1484 4.37
    Full reduced cost fixing is not called (gap ratio is 0.999998)
ColGenEvalAlg final dual bound: 1811.62 (rounded: 1812)
False gap improvement since the last cut separation : 0.0350957 (1805.29)
Current active cuts : CAP(11,709.083)
In total 1 RCC cut(s) are found by the connected components heuristic 
Shrinking heuristic shrunk 28 edges
In total 6 RCC cut(s) are found by the Fractional capacity min-cut heuristic 
In total 11 RCC cut(s) are found by the greedy construction heuristic 
In total 3 RCC cut(s) are found by the global pool greedy search heuristic 
----- Add fac. cuts : CAP(21), max.viol = 0.374603, aver.viol = 0.126723, sep/add took 0.00467232/0.114411 sec. -----
6771 columns (6771 active), 57 dyn. constrs. (36 active), 258 art. vars. (158 active)
<DWph=2> <it=  1> <et=4.61> <Mt= 0.03> <Spt= 0.01> <nCl= 19> <al=0.50> <DB= 1813.6940> <Mlp= 1816.0342> <PB=10000000> 
<DWph=2> <it=  2> <et=4.63> <Mt= 0.00> <Spt= 0.01> <nCl= 23> <al=0.55> <DB= 1814.4440> <Mlp= 1815.9780> <PB=10000000> 
<DWph=2> <it=  3> <et=4.64> <Mt= 0.00> <Spt= 0.01> <nCl= 21> <al=0.45> <DB= 1813.4445> <Mlp= 1815.9776> <PB=10000000> 
<DWph=2> <it=  4> <et=4.65> <Mt= 0.01> <Spt= 0.01> <nCl= 23> <al=0.51> <DB= 1814.8734> <Mlp= 1815.9441> <PB=10000000> 
<DWph=2> <it=  5> <et=4.67> <Mt= 0.00> <Spt= 0.01> <nCl= 28> <al=0.11> <DB= 1815.1409> <Mlp= 1815.9318> <PB=10000000> 
<DWph=2> <it=  6> <et=4.69> <Mt= 0.00> <Spt= 0.02> <nCl= 16> <al=0.00> <DB= 1815.7420> <Mlp= 1815.9259> <PB=10000000> 
<DWph=2> <it=  7> <et=4.70> <Mt= 0.01> <Spt= 0.01> <nCl=  4> <al=0.00> <DB= 1815.9249> <Mlp= 1815.9249> <PB=10000000> 
<DWph=1> <it=  8> <et=4.72> <Mt= 0.00> <Spt= 0.02> <nCl= 15> <al=0.25> <DB= 1815.0014> <Mlp= 1815.9249> <PB=10000000> 
<DWph=1> <it=  9> <et=4.76> <Mt= 0.00> <Spt= 0.03> <nCl= 19> <al=0.00> <DB= 1815.9229> <Mlp= 1815.9229> <PB=10000000> 
    RCSP exact solver info for graph G_0 : TT = 0.028563, pt = 7.3e-05, dt = 0.026724, ct = 0.001047, ndl = 7164', bdl = 320854', odl = 10135', odf = 94722', bsi = 1052', cnt = 46413', bdch = 2583687', odch = 248405', lcp = 110791', #sols = 150
<DWph=0> <it= 10> <et=4.79> <Mt= 0.00> <Spt= 0.03> <nCl= 62> <al=0.05> <DB= 1751.9229> <Mlp= 1815.9229> <PB=10000000> 
    RCSP exact solver info for graph G_0 : TT = 0.02904, pt = 8.2e-05, dt = 0.027087, ct = 0.001103, ndl = 7407', bdl = 333234', odl = 10310', odf = 96447', bsi = 996', cnt = 41422', bdch = 2753447', odch = 261194', lcp = 118124', #sols = 150
<DWph=0> <it= 11> <et=4.84> <Mt= 0.01> <Spt= 0.04> <nCl= 35> <al=0.00> <DB= 1814.7672> <Mlp= 1815.7660> <PB=10000000> 
    RCSP exact solver info for graph G_0 : TT = 0.029572, pt = 9.5e-05, dt = 0.027675, ct = 0.001057, ndl = 7369', bdl = 330235', odl = 10420', odf = 97533', bsi = 1009', cnt = 41764', bdch = 2760206', odch = 258418', lcp = 117613', #sols = 150
    RCSP exact solver info for graph G_0 : TT = 0.029195, pt = 0.000143, dt = 0.027284, ct = 0.001042, ndl = 7214', bdl = 322843', odl = 10209', odf = 95410', bsi = 1031', cnt = 41908', bdch = 2636709', odch = 251044', lcp = 114645', #sols = 150
<DWph=0> <it= 12> <et=4.91> <Mt= 0.00> <Spt= 0.07> <nCl= 33> <al=0.00> <DB= 1815.7654> <Mlp= 1815.7654> <PB=10000000> 
RCSP solver dynamic params and stats :  bidir.bord. = 375 aver.obdmd = 48.9355 aver.buck.num. = 51
@@ 1 3 1815.77 0.0282548 0.028732 93.1484 4.91
    Full reduced cost fixing is not called (gap ratio is 0.999998)
ColGenEvalAlg final dual bound: 1815.77 (rounded: 1816)
False gap improvement since the last cut separation : 0.0228549 (1811.62)
Current active cuts : CAP(15,932.361)
Shrinking heuristic shrunk 21 edges
In total 1 RCC cut(s) are found by the Fractional capacity min-cut heuristic 
In total 1 RCC cut(s) are found by the greedy construction heuristic 
In total 2 RCC cut(s) are found by the global pool greedy search heuristic 
----- Add fac. cuts : CAP(4), max.viol = 0.063805, aver.viol = 0.0421643, sep/add took 0.00538308/0.0224067 sec. -----
7069 columns (7069 active), 40 dyn. constrs. (23 active), 262 art. vars. (145 active)
<DWph=2> <it=  1> <et=4.98> <Mt= 0.01> <Spt= 0.00> <nCl= 26> <al=0.50> <DB= 1815.3205> <Mlp= 1815.8193> <PB=10000000> 
<DWph=2> <it=  2> <et=5.01> <Mt= 0.00> <Spt= 0.03> <nCl= 48> <al=0.00> <DB= 1815.8115> <Mlp= 1815.8115> <PB=10000000> 
<DWph=1> <it=  3> <et=5.04> <Mt= 0.00> <Spt= 0.03> <nCl= 12> <al=0.00> <DB= 1815.8115> <Mlp= 1815.8115> <PB=10000000> 
    RCSP exact solver info for graph G_0 : TT = 0.030601, pt = 5.7e-05, dt = 0.028694, ct = 0.001036, ndl = 7848', bdl = 352063', odl = 10562', odf = 102751', bsi = 1046', cnt = 49028', bdch = 3050755', odch = 287820', lcp = 124430', #sols = 150
<DWph=0> <it=  4> <et=5.08> <Mt= 0.00> <Spt= 0.03> <nCl= 63> <al=0.35> <DB= 1813.4864> <Mlp= 1815.8115> <PB=10000000> 
    RCSP exact solver info for graph G_0 : TT = 0.032029, pt = 8.2e-05, dt = 0.029838, ct = 0.001098, ndl = 7765', bdl = 348945', odl = 10443', odf = 99891', bsi = 1030', cnt = 46893', bdch = 2966630', odch = 286544', lcp = 124181', #sols = 150
    RCSP exact solver info for graph G_0 : TT = 0.0312, pt = 6.7e-05, dt = 0.029076, ct = 0.001205, ndl = 7713', bdl = 346380', odl = 10515', odf = 100687', bsi = 1035', cnt = 44765', bdch = 2951038', odch = 280900', lcp = 122623', #sols = 150
<DWph=0> <it=  5> <et=5.15> <Mt= 0.01> <Spt= 0.08> <nCl= 21> <al=0.00> <DB= 1815.5523> <Mlp= 1815.7965> <PB=10000000> 
    RCSP exact solver info for graph G_0 : TT = 0.030444, pt = 8.9e-05, dt = 0.028521, ct = 0.000994, ndl = 7712', bdl = 346380', odl = 10516', odf = 100671', bsi = 1036', cnt = 44769', bdch = 2951077', odch = 280713', lcp = 122634', #sols = 150
    RCSP exact solver info for graph G_0 : TT = 0.028894, pt = 5.4e-05, dt = 0.027212, ct = 0.000918, ndl = 7698', bdl = 345938', odl = 10513', odf = 100571', bsi = 1034', cnt = 44673', bdch = 2943645', odch = 279786', lcp = 122356', #sols = 150
<DWph=0> <it=  6> <et=5.22> <Mt= 0.00> <Spt= 0.06> <nCl=  0> <al=0.00> <DB= 1815.7965> <Mlp= 1815.7965> <PB=10000000> 
RCSP solver dynamic params and stats :  bidir.bord. = 375 aver.obdmd = 48.9355 aver.buck.num. = 51
@@ 1 4 1815.8 0.0297184 0.030936 93.1484 5.22
    Full reduced cost fixing is not called (gap ratio is 0.999998)
ColGenEvalAlg final dual bound: 1815.8 (rounded: 1816)
False gap improvement since the last cut separation : 0.000171388 (1815.77)
Cut generation tailing off counter increased to 1
Current active cuts : CAP(16,927.734)
Shrinking heuristic shrunk 23 edges
In total 11 RCC cut(s) are found by the global pool greedy search heuristic 
----- Add fac. cuts : CAP(11), max.viol = 0.00768577, aver.viol = 0.00768577, sep/add took 0.00538136/0.0475687 sec. -----
7239 columns (7239 active), 34 dyn. constrs. (32 active), 273 art. vars. (154 active)
<DWph=2> <it=  1> <et=5.32> <Mt= 0.00> <Spt= 0.02> <nCl= 25> <al=0.00> <DB= 1815.7969> <Mlp= 1815.7969> <PB=10000000> 
<DWph=1> <it=  2> <et=5.36> <Mt= 0.01> <Spt= 0.03> <nCl=  7> <al=0.00> <DB= 1815.7969> <Mlp= 1815.7969> <PB=10000000> 
    RCSP exact solver info for graph G_0 : TT = 0.028479, pt = 0.000134, dt = 0.026341, ct = 0.001039, ndl = 7277', bdl = 327118', odl = 10183', odf = 96155', bsi = 1020', cnt = 40761', bdch = 2665782', odch = 258102', lcp = 115058', #sols = 150
    RCSP exact solver info for graph G_0 : TT = 0.028795, pt = 0.000119, dt = 0.026599, ct = 0.001057, ndl = 7277', bdl = 327118', odl = 10183', odf = 96155', bsi = 1020', cnt = 40761', bdch = 2665782', odch = 258102', lcp = 115058', #sols = 150
<DWph=0> <it=  3> <et=5.42> <Mt= 0.00> <Spt= 0.06> <nCl=  1> <al=0.00> <DB= 1815.7969> <Mlp= 1815.7969> <PB=10000000> 
RCSP solver dynamic params and stats :  bidir.bord. = 375 aver.obdmd = 48.9355 aver.buck.num. = 51
@@ 1 5 1815.8 0.027518 0.027656 93.1484 5.42
    Full reduced cost fixing is not called (gap ratio is 0.999998)
ColGenEvalAlg final dual bound: 1815.8 (rounded: 1816)
False gap improvement since the last cut separation : 1.72214e-06 (1815.8)
Cut generation tailing off counter increased to 2
Current active cuts : CAP(17,928.443)
Shrinking heuristic shrunk 23 edges
11 Rank-1 1-rows pack. cuts added ,  max viol. = 0.0827921, aver. viol. = 0.0699584
150 Rank-1 3-rows pack. cuts added ,  max viol. = 0.410713, aver. viol. = 0.247569
----- Add fac. cuts : R1C(161), max.viol = 0.410713, aver.viol = 0.23555, sep/add took 0.00717112/0.452753 sec. -----
7272 columns (7272 active), 193 dyn. constrs. (183 active), 434 art. vars. (305 active)
<DWph=2> <it=  1> <et=5.97> <Mt= 0.05> <Spt= 0.02> <nCl= 27> <al=0.50> <DB= 1387.1215> <Mlp= 1826.2966> <PB=10000000> 
<DWph=2> <it=  2> <et=6.00> <Mt= 0.02> <Spt= 0.01> <nCl= 14> <al=0.55> <DB= 1819.9241> <Mlp= 1824.9920> <PB=10000000> 
<DWph=2> <it=  3> <et=6.02> <Mt= 0.00> <Spt= 0.01> <nCl= 15> <al=0.60> <DB= 1821.6999> <Mlp= 1824.8454> <PB=10000000> 
<DWph=2> <it=  4> <et=6.03> <Mt= 0.01> <Spt= 0.02> <nCl= 14> <al=0.64> <DB= 1822.2412> <Mlp= 1824.8437> <PB=10000000> 
<DWph=2> <it=  5> <et=6.05> <Mt= 0.00> <Spt= 0.01> <nCl= 11> <al=0.67> <DB= 1823.0691> <Mlp= 1824.7649> <PB=10000000> 
<DWph=2> <it=  6> <et=6.07> <Mt= 0.01> <Spt= 0.01> <nCl= 16> <al=0.57> <DB= 1817.8645> <Mlp= 1824.7649> <PB=10000000> 
<DWph=2> <it=  7> <et=6.09> <Mt= 0.00> <Spt= 0.01> <nCl= 21> <al=0.61> <DB= 1819.1467> <Mlp= 1824.7314> <PB=10000000> 
<DWph=2> <it=  8> <et=6.12> <Mt= 0.01> <Spt= 0.03> <nCl= 25> <al=0.31> <DB= 1705.8602> <Mlp= 1824.6622> <PB=10000000> 
<DWph=2> <it=  9> <et=6.15> <Mt= 0.01> <Spt= 0.02> <nCl= 22> <al=0.11> <DB= 1752.8183> <Mlp= 1824.6594> <PB=10000000> 
<DWph=2> <it= 10> <et=6.18> <Mt= 0.00> <Spt= 0.02> <nCl= 13> <al=0.00> <DB= 1824.6362> <Mlp= 1824.6362> <PB=10000000> 
<DWph=1> <it= 11> <et=6.21> <Mt= 0.01> <Spt= 0.03> <nCl= 26> <al=0.35> <DB= 1612.6946> <Mlp= 1824.6362> <PB=10000000> 
<DWph=1> <it= 12> <et=6.25> <Mt= 0.01> <Spt= 0.02> <nCl= 16> <al=0.25> <DB= 1670.5330> <Mlp= 1824.2673> <PB=10000000> 
<DWph=1> <it= 13> <et=6.28> <Mt= 0.01> <Spt= 0.03> <nCl= 19> <al=0.15> <DB= 1222.7567> <Mlp= 1824.1861> <PB=10000000> 
<DWph=1> <it= 14> <et=6.40> <Mt= 0.09> <Spt= 0.03> <nCl= 25> <al=0.24> <DB= 1549.4846> <Mlp= 1823.9670> <PB=10000000> 
<DWph=1> <it= 15> <et=6.43> <Mt= 0.01> <Spt= 0.02> <nCl= 20> <al=0.31> <DB= 1802.0459> <Mlp= 1823.8714> <PB=10000000> 
<DWph=1> <it= 16> <et=6.47> <Mt= 0.00> <Spt= 0.03> <nCl= 15> <al=0.21> <DB= 1820.0729> <Mlp= 1823.8714> <PB=10000000> 
<DWph=1> <it= 17> <et=6.52> <Mt= 0.01> <Spt= 0.04> <nCl= 16> <al=0.00> <DB= 1822.3978> <Mlp= 1823.8673> <PB=10000000> 
<DWph=1> <it= 18> <et=6.55> <Mt= 0.00> <Spt= 0.03> <nCl= 10> <al=0.19> <DB= 1651.4917> <Mlp= 1823.8608> <PB=10000000> 
<DWph=1> <it= 19> <et=6.60> <Mt= 0.01> <Spt= 0.04> <nCl= 13> <al=0.00> <DB= 1821.4257> <Mlp= 1823.8310> <PB=10000000> 
<DWph=1> <it= 20> <et=6.62> <Mt= 0.01> <Spt= 0.02> <nCl=  2> <al=0.00> <DB= 1821.5490> <Mlp= 1823.8310> <PB=10000000> 
<DWph=1> <it= 21> <et=6.67> <Mt= 0.00> <Spt= 0.05> <nCl=  0> <al=0.00> <DB= 1823.8310> <Mlp= 1823.8310> <PB=10000000> 
    RCSP exact solver info for graph G_0 : TT = 0.071523, pt = 0.000273, dt = 0.06672, ct = 0.003716, ndl = 12927', bdl = 545448', odl = 12835', odf = 161885', bsi = 1278', cnt = 216216', bdch = 6514611', odch = 808443', lcp = 303392', #sols = 150
<DWph=0> <it= 22> <et=6.78> <Mt= 0.00> <Spt= 0.10> <nCl=150> <al=0.00> <DB= 1479.7014> <Mlp= 1823.8310> <PB=10000000> 
    RCSP exact solver info for graph G_0 : TT = 0.050476, pt = 0.000282, dt = 0.046183, ct = 0.003214, ndl = 12126', bdl = 520745', odl = 12448', odf = 148603', bsi = 1326', cnt = 201478', bdch = 6027899', odch = 690422', lcp = 261495', #sols = 150
<DWph=0> <it= 23> <et=6.88> <Mt= 0.02> <Spt= 0.08> <nCl=150> <al=0.00> <DB= 1559.4731> <Mlp= 1823.2501> <PB=10000000> 
    RCSP exact solver info for graph G_0 : TT = 0.054254, pt = 0.000332, dt = 0.049674, ct = 0.003297, ndl = 12000', bdl = 516664', odl = 12733', odf = 151361', bsi = 1210', cnt = 183317', bdch = 6066820', odch = 673330', lcp = 253311', #sols = 150
<DWph=0> <it= 24> <et=6.97> <Mt= 0.02> <Spt= 0.08> <nCl= 93> <al=0.09> <DB= 1725.5573> <Mlp= 1822.5144> <PB=10000000> 
    RCSP exact solver info for graph G_0 : TT = 0.050147, pt = 0.000379, dt = 0.046313, ct = 0.002634, ndl = 11095', bdl = 477351', odl = 12897', odf = 147063', bsi = 1177', cnt = 143427', bdch = 5351423', odch = 595728', lcp = 228940', #sols = 150
<DWph=0> <it= 25> <et=7.04> <Mt= 0.00> <Spt= 0.06> <nCl= 35> <al=0.18> <DB= 1806.6292> <Mlp= 1822.3846> <PB=10000000> 
    RCSP exact solver info for graph G_0 : TT = 0.04782, pt = 0.000276, dt = 0.043866, ct = 0.002747, ndl = 10811', bdl = 464155', odl = 12803', odf = 143463', bsi = 1149', cnt = 134308', bdch = 5148357', odch = 555965', lcp = 218986', #sols = 150
<DWph=0> <it= 26> <et=7.10> <Mt= 0.01> <Spt= 0.05> <nCl= 15> <al=0.27> <DB= 1815.1986> <Mlp= 1822.3826> <PB=10000000> 
    RCSP exact solver info for graph G_0 : TT = 0.054012, pt = 0.000323, dt = 0.049626, ct = 0.003002, ndl = 10941', bdl = 470116', odl = 12800', odf = 143795', bsi = 1160', cnt = 140325', bdch = 5225013', odch = 566212', lcp = 224031', #sols = 150
    RCSP exact solver info for graph G_0 : TT = 0.051776, pt = 0.000251, dt = 0.047443, ct = 0.003145, ndl = 10818', bdl = 465208', odl = 12714', odf = 143361', bsi = 1149', cnt = 134455', bdch = 5124921', odch = 560655', lcp = 219923', #sols = 150
<DWph=0> <it= 27> <et=7.22> <Mt= 0.01> <Spt= 0.12> <nCl=  6> <al=0.00> <DB= 1822.3825> <Mlp= 1822.3825> <PB=10000000> 
RCSP solver dynamic params and stats :  bidir.bord. = 375 aver.obdmd = 48.9355 aver.buck.num. = 51 nbR1C = 16 with avMem = 12.5
@@ 1 6 1822.38 0.0530829 0.070436 93.1484 7.22
    Full reduced cost fixing is not called (gap ratio is 0.999997)
ColGenEvalAlg final dual bound: 1822.38 (rounded: 1823)
False gap improvement since the last cut separation : 0.0362684 (1815.8)
Current active cuts : CAP(11,681.893) R1C(2+14,43.8093) 1rowPackR1C(2) 3rowPackR1C(14)
Shrinking heuristic shrunk 21 edges
In total 5 RCC cut(s) are found by the Fractional capacity min-cut heuristic 
In total 23 RCC cut(s) are found by the greedy construction heuristic 
In total 4 RCC cut(s) are found by the global pool greedy search heuristic 
12 Rank-1 1-rows pack. cuts added ,  max viol. = 0.182417, aver. viol. = 0.0900949
150 Rank-1 3-rows pack. cuts added ,  max viol. = 0.332301, aver. viol. = 0.206557
----- Add fac. cuts : CAP(32) R1C(162), max.viol = 0.379163, aver.viol = 0.180069, sep/add took 0.00835617/0.848331 sec. -----
8061 columns (8061 active), 377 dyn. constrs. (225 active), 628 art. vars. (347 active)
<DWph=2> <it=  1> <et=8.18> <Mt= 0.06> <Spt= 0.01> <nCl= 17> <al=0.50> <DB= 1777.1458> <Mlp= 1826.3865> <PB=10000000> 
<DWph=2> <it=  2> <et=8.21> <Mt= 0.01> <Spt= 0.02> <nCl= 17> <al=0.55> <DB= 1824.1843> <Mlp= 1826.3865> <PB=10000000> 
<DWph=2> <it=  3> <et=8.23> <Mt= 0.01> <Spt= 0.01> <nCl= 23> <al=0.45> <DB= 1666.9399> <Mlp= 1826.3842> <PB=10000000> 
<DWph=2> <it=  4> <et=8.26> <Mt= 0.01> <Spt= 0.02> <nCl= 17> <al=0.51> <DB= 1819.8732> <Mlp= 1826.3166> <PB=10000000> 
<DWph=2> <it=  5> <et=8.28> <Mt= 0.01> <Spt= 0.01> <nCl=  8> <al=0.55> <DB= 1824.7451> <Mlp= 1826.2863> <PB=10000000> 
<DWph=2> <it=  6> <et=8.30> <Mt= 0.00> <Spt= 0.02> <nCl= 11> <al=0.60> <DB= 1825.3631> <Mlp= 1826.2863> <PB=10000000> 
<DWph=2> <it=  7> <et=8.33> <Mt= 0.01> <Spt= 0.01> <nCl= 19> <al=0.50> <DB= 1508.4211> <Mlp= 1826.2860> <PB=10000000> 
<DWph=2> <it=  8> <et=8.36> <Mt= 0.02> <Spt= 0.02> <nCl= 14> <al=0.55> <DB= 1767.6968> <Mlp= 1826.2175> <PB=10000000> 
<DWph=2> <it=  9> <et=8.40> <Mt= 0.01> <Spt= 0.02> <nCl=  9> <al=0.45> <DB= 1801.1856> <Mlp= 1826.2175> <PB=10000000> 
<DWph=2> <it= 10> <et=8.44> <Mt= 0.01> <Spt= 0.03> <nCl= 34> <al=0.00> <DB= 1572.2572> <Mlp= 1826.2175> <PB=10000000> 
<DWph=2> <it= 11> <et=8.47> <Mt= 0.00> <Spt= 0.03> <nCl=  7> <al=0.00> <DB= 1826.2175> <Mlp= 1826.2175> <PB=10000000> 
<DWph=1> <it= 12> <et=8.50> <Mt= 0.01> <Spt= 0.02> <nCl= 25> <al=0.15> <DB= 1414.2954> <Mlp= 1826.2175> <PB=10000000> 
<DWph=1> <it= 13> <et=8.53> <Mt= 0.01> <Spt= 0.03> <nCl= 18> <al=0.23> <DB= 1465.7157> <Mlp= 1826.2133> <PB=10000000> 
<DWph=1> <it= 14> <et=8.57> <Mt= 0.01> <Spt= 0.03> <nCl= 16> <al=0.13> <DB= 1542.8095> <Mlp= 1826.2127> <PB=10000000> 
<DWph=1> <it= 15> <et=8.60> <Mt= 0.00> <Spt= 0.02> <nCl= 16> <al=0.22> <DB= 1643.6100> <Mlp= 1826.2067> <PB=10000000> 
<DWph=1> <it= 16> <et=8.63> <Mt= 0.01> <Spt= 0.02> <nCl=  7> <al=0.30> <DB= 1810.3975> <Mlp= 1826.2067> <PB=10000000> 
<DWph=1> <it= 17> <et=8.66> <Mt= 0.01> <Spt= 0.03> <nCl=  6> <al=0.20> <DB= 1823.8732> <Mlp= 1826.2067> <PB=10000000> 
<DWph=1> <it= 18> <et=8.69> <Mt= 0.00> <Spt= 0.02> <nCl=  6> <al=0.28> <DB= 1825.3895> <Mlp= 1826.2067> <PB=10000000> 
<DWph=1> <it= 19> <et=8.72> <Mt= 0.01> <Spt= 0.03> <nCl=  6> <al=0.35> <DB= 1825.8614> <Mlp= 1826.2067> <PB=10000000> 
<DWph=1> <it= 20> <et=8.77> <Mt= 0.01> <Spt= 0.04> <nCl=  3> <al=0.00> <DB= 1826.2067> <Mlp= 1826.2067> <PB=10000000> 
    RCSP exact solver info for graph G_0 : TT = 0.074317, pt = 0.00031, dt = 0.068405, ct = 0.004873, ndl = 15795', bdl = 663663', odl = 12951', odf = 185104', bsi = 1236', cnt = 409832', bdch = 8616963', odch = 1291457', lcp = 400640', #sols = 150
<DWph=0> <it= 21> <et=8.88> <Mt= 0.00> <Spt= 0.10> <nCl=150> <al=0.32> <DB= 1286.2984> <Mlp= 1826.2067> <PB=10000000> 
    RCSP exact solver info for graph G_0 : TT = 0.075504, pt = 0.000416, dt = 0.070391, ct = 0.004044, ndl = 15103', bdl = 655806', odl = 13880', odf = 184525', bsi = 1720', cnt = 384868', bdch = 8571350', odch = 1374574', lcp = 410171', #sols = 150
<DWph=0> <it= 22> <et=9.03> <Mt= 0.05> <Spt= 0.10> <nCl=150> <al=0.22> <DB= -708.3016> <Mlp= 1825.5000> <PB=10000000> 
    RCSP exact solver info for graph G_0 : TT = 0.096237, pt = 0.000604, dt = 0.087041, ct = 0.00778, ndl = 17513', bdl = 727262', odl = 13363', odf = 193663', bsi = 1218', cnt = 626803', bdch = 10543672', odch = 1479635', lcp = 466580', #sols = 150
<DWph=0> <it= 23> <et=9.35> <Mt= 0.19> <Spt= 0.13> <nCl=147> <al=0.29> <DB= 1491.4623> <Mlp= 1825.5000> <PB=10000000> 
    RCSP exact solver info for graph G_0 : TT = 0.1122, pt = 0.000743, dt = 0.100963, ct = 0.009641, ndl = 17945', bdl = 748874', odl = 13165', odf = 197772', bsi = 1215', cnt = 735775', bdch = 11044464', odch = 1548410', lcp = 494148', #sols = 150
<DWph=0> <it= 24> <et=9.74> <Mt= 0.26> <Spt= 0.13> <nCl= 90> <al=0.36> <DB= 1738.9507> <Mlp= 1825.1195> <PB=10000000> 
    RCSP exact solver info for graph G_0 : TT = 0.111835, pt = 0.000672, dt = 0.102394, ct = 0.007843, ndl = 17609', bdl = 742324', odl = 13219', odf = 197850', bsi = 1170', cnt = 578311', bdch = 10830103', odch = 1536978', lcp = 491942', #sols = 150
<DWph=0> <it= 25> <et=9.88> <Mt= 0.01> <Spt= 0.13> <nCl= 52> <al=0.26> <DB= 1813.8229> <Mlp= 1825.1063> <PB=10000000> 
    RCSP exact solver info for graph G_0 : TT = 0.098067, pt = 0.000703, dt = 0.089639, ct = 0.006878, ndl = 15838', bdl = 667102', odl = 13585', odf = 187445', bsi = 1155', cnt = 449815', bdch = 9148654', odch = 1234283', lcp = 415795', #sols = 150
<DWph=0> <it= 26> <et=10.01> <Mt= 0.03> <Spt= 0.11> <nCl= 41> <al=0.34> <DB= 1755.9794> <Mlp= 1825.0847> <PB=10000000> 
    RCSP exact solver info for graph G_0 : TT = 0.102085, pt = 0.000662, dt = 0.094057, ct = 0.006485, ndl = 16636', bdl = 704446', odl = 14065', odf = 197345', bsi = 1154', cnt = 472203', bdch = 10306282', odch = 1299324', lcp = 443689', #sols = 150
<DWph=0> <it= 27> <et=10.13> <Mt= 0.01> <Spt= 0.11> <nCl= 33> <al=0.40> <DB= 1823.3009> <Mlp= 1825.0833> <PB=10000000> 
    RCSP exact solver info for graph G_0 : TT = 0.098497, pt = 0.000821, dt = 0.091721, ct = 0.005167, ndl = 16117', bdl = 686419', odl = 14013', odf = 194106', bsi = 1137', cnt = 430803', bdch = 9938341', odch = 1194422', lcp = 419745', #sols = 150
<DWph=0> <it= 28> <et=10.26> <Mt= 0.01> <Spt= 0.11> <nCl= 60> <al=0.30> <DB= 1695.7641> <Mlp= 1825.0819> <PB=10000000> 
    RCSP exact solver info for graph G_0 : TT = 0.102793, pt = 0.000634, dt = 0.095003, ct = 0.006304, ndl = 16585', bdl = 698419', odl = 13963', odf = 194988', bsi = 1190', cnt = 521947', bdch = 10328924', odch = 1295098', lcp = 440165', #sols = 150
<DWph=0> <it= 29> <et=10.38> <Mt= 0.01> <Spt= 0.11> <nCl= 31> <al=0.37> <DB= 1816.9192> <Mlp= 1825.0819> <PB=10000000> 
    RCSP exact solver info for graph G_0 : TT = 0.098815, pt = 0.000722, dt = 0.090651, ct = 0.006563, ndl = 16395', bdl = 690765', odl = 13904', odf = 194527', bsi = 1148', cnt = 510384', bdch = 10134419', odch = 1266216', lcp = 431966', #sols = 150
    RCSP exact solver info for graph G_0 : TT = 0.070563, pt = 0.000253, dt = 0.063094, ct = 0.006028, ndl = 15915', bdl = 666300', odl = 13288', odf = 187831', bsi = 1227', cnt = 555027', bdch = 9297941', odch = 1251918', lcp = 419847', #sols = 150
<DWph=0> <it= 30> <et=10.58> <Mt= 0.00> <Spt= 0.19> <nCl= 38> <al=0.00> <DB= 1772.2090> <Mlp= 1825.0819> <PB=10000000> 
    RCSP exact solver info for graph G_0 : TT = 0.105303, pt = 0.000644, dt = 0.096191, ct = 0.007684, ndl = 16586', bdl = 695601', odl = 13964', odf = 196871', bsi = 1119', cnt = 545755', bdch = 10237850', odch = 1299560', lcp = 435132', #sols = 150
    RCSP exact solver info for graph G_0 : TT = 0.066007, pt = 0.000286, dt = 0.059587, ct = 0.005257, ndl = 15552', bdl = 651025', odl = 13164', odf = 183910', bsi = 1210', cnt = 514983', bdch = 8859200', odch = 1186803', lcp = 402159', #sols = 150
<DWph=0> <it= 31> <et=10.77> <Mt= 0.01> <Spt= 0.18> <nCl=  9> <al=0.00> <DB= 1825.0819> <Mlp= 1825.0819> <PB=10000000> 
RCSP solver dynamic params and stats :  bidir.bord. = 375 aver.obdmd = 48.9355 aver.buck.num. = 51 nbR1C = 19 with avMem = 12.4737
@@ 1 7 1825.08 0.0918218 0.110604 93.1484 10.77
    Full reduced cost fixing is not called (gap ratio is 0.999997)
Bucket graph for G_0 is regenerated as bucket steps were adjusted for 62 vertices
RCSP solver info : number of forw. reachable buckets / buck. strongly connected components is 6004( 95.8799% ) / 6004( 100% )
331070 forw. buck. arcs remain (93.4751% from max.) + 0 jump buck. arcs
ColGenEvalAlg final dual bound: 1825.08 (rounded: 1826)
False gap improvement since the last cut separation : 0.0148125 (1822.38)
Separator R1C not in maximum phase
Cut generation tailing off counter increased to 0
Current active cuts : CAP(1+12,483.399) R1C(5+14,64.2827) 1rowPackR1C(5) 3rowPackR1C(14)
Shrinking heuristic shrunk 20 edges
In total 1 RCC cut(s) are found by the greedy construction heuristic 
1 Rank-1 1-rows pack. cuts added ,  max viol. = 0.0585609, aver. viol. = 0.0585609
150 Rank-1 3-rows pack. cuts added ,  max viol. = 0.355672, aver. viol. = 0.239177
Building structures for heuristic rank-1 packing cut separation...done!
100 Rank-1 4-rows pack. cuts added ,  max viol. = 0.355699, aver. viol. = 0.292442
----- Add fac. cuts : CAP(1) R1C(251), max.viol = 0.358902, aver.viol = 0.264649, sep/add took 0.038597/0.860768 sec. -----
9141 columns (9141 active), 484 dyn. constrs. (289 active), 880 art. vars. (411 active)
<DWph=2> <it=  1> <et=11.93> <Mt= 0.11> <Spt= 0.03> <nCl= 19> <al=0.50> <DB= 1475.7258> <Mlp= 1833.4087> <PB=10000000> 
<DWph=2> <it=  2> <et=12.01> <Mt= 0.04> <Spt= 0.04> <nCl= 20> <al=0.55> <DB= 1826.1015> <Mlp= 1832.1857> <PB=10000000> 
<DWph=2> <it=  3> <et=12.07> <Mt= 0.03> <Spt= 0.03> <nCl= 12> <al=0.60> <DB= 1828.2134> <Mlp= 1831.7120> <PB=10000000> 
<DWph=2> <it=  4> <et=12.11> <Mt= 0.01> <Spt= 0.03> <nCl= 21> <al=0.64> <DB= 1648.3595> <Mlp= 1831.7064> <PB=10000000> 
<DWph=2> <it=  5> <et=12.16> <Mt= 0.01> <Spt= 0.03> <nCl=  9> <al=0.67> <DB= 1827.4194> <Mlp= 1831.5322> <PB=10000000> 
<DWph=2> <it=  6> <et=12.20> <Mt= 0.01> <Spt= 0.03> <nCl=  8> <al=0.70> <DB= 1829.2581> <Mlp= 1831.4934> <PB=10000000> 
<DWph=2> <it=  7> <et=12.24> <Mt= 0.01> <Spt= 0.04> <nCl= 15> <al=0.60> <DB= 1750.8891> <Mlp= 1831.4813> <PB=10000000> 
<DWph=2> <it=  8> <et=12.30> <Mt= 0.01> <Spt= 0.04> <nCl=  9> <al=0.64> <DB= 1827.7100> <Mlp= 1831.4088> <PB=10000000> 
<DWph=2> <it=  9> <et=12.34> <Mt= 0.01> <Spt= 0.03> <nCl=  7> <al=0.54> <DB= 1828.3455> <Mlp= 1831.3779> <PB=10000000> 
<DWph=2> <it= 10> <et=12.41> <Mt= 0.01> <Spt= 0.06> <nCl= 25> <al=0.00> <DB= 1827.5824> <Mlp= 1831.3779> <PB=10000000> 
<DWph=2> <it= 11> <et=12.47> <Mt= 0.01> <Spt= 0.05> <nCl= 14> <al=0.00> <DB= 1829.9459> <Mlp= 1831.3778> <PB=10000000> 
<DWph=2> <it= 12> <et=12.52> <Mt= 0.00> <Spt= 0.05> <nCl=  3> <al=0.00> <DB= 1831.3778> <Mlp= 1831.3778> <PB=10000000> 
<DWph=1> <it= 13> <et=12.57> <Mt= 0.01> <Spt= 0.05> <nCl= 21> <al=0.14> <DB= 1655.5692> <Mlp= 1831.3778> <PB=10000000> 
<DWph=1> <it= 14> <et=12.64> <Mt= 0.00> <Spt= 0.05> <nCl= 23> <al=0.04> <DB= 1623.8256> <Mlp= 1831.3593> <PB=10000000> 
<DWph=1> <it= 15> <et=12.70> <Mt= 0.02> <Spt= 0.05> <nCl= 13> <al=0.14> <DB= 1804.8011> <Mlp= 1831.2139> <PB=10000000> 
<DWph=1> <it= 16> <et=12.76> <Mt= 0.01> <Spt= 0.06> <nCl= 14> <al=0.23> <DB= 1828.1797> <Mlp= 1831.1381> <PB=10000000> 
<DWph=1> <it= 17> <et=12.87> <Mt= 0.01> <Spt= 0.09> <nCl= 15> <al=0.00> <DB= 1829.2956> <Mlp= 1831.1294> <PB=10000000> 
<DWph=1> <it= 18> <et=12.97> <Mt= 0.01> <Spt= 0.09> <nCl=  6> <al=0.00> <DB= 1831.1287> <Mlp= 1831.1287> <PB=10000000> 
    RCSP exact solver info for graph G_0 : TT = 0.154137, pt = 0.000596, dt = 0.137595, ct = 0.014837, ndl = 24587', bdl = 996422', odl = 25805', odf = 596731', bsi = 1367', cnt = 940724', bdch = 12559788', odch = 3349416', lcp = 649934', #sols = 150
<DWph=0> <it= 19> <et=13.17> <Mt= 0.00> <Spt= 0.20> <nCl=150> <al=0.10> <DB= 1454.9697> <Mlp= 1831.1287> <PB=10000000> 
    RCSP exact solver info for graph G_0 : TT = 0.179825, pt = 0.000806, dt = 0.160507, ct = 0.016787, ndl = 23576', bdl = 964971', odl = 24988', odf = 564600', bsi = 1282', cnt = 938264', bdch = 11611147', odch = 3039118', lcp = 604987', #sols = 150
<DWph=0> <it= 20> <et=13.42> <Mt= 0.02> <Spt= 0.22> <nCl=132> <al=0.19> <DB= 1652.7324> <Mlp= 1830.8522> <PB=10000000> 
    RCSP exact solver info for graph G_0 : TT = 0.191411, pt = 0.000948, dt = 0.172455, ct = 0.016448, ndl = 25107', bdl = 1017470', odl = 25756', odf = 592605', bsi = 1187', cnt = 1014026', bdch = 13093790', odch = 3355592', lcp = 665467', #sols = 150
<DWph=0> <it= 21> <et=13.66> <Mt= 0.03> <Spt= 0.22> <nCl= 82> <al=0.27> <DB= 1793.0133> <Mlp= 1830.4503> <PB=10000000> 
    RCSP exact solver info for graph G_0 : TT = 0.197424, pt = 0.000961, dt = 0.176045, ct = 0.018829, ndl = 25845', bdl = 1044396', odl = 26038', odf = 603884', bsi = 1249', cnt = 1085686', bdch = 13686763', odch = 3620572', lcp = 708080', #sols = 150
<DWph=0> <it= 22> <et=13.91> <Mt= 0.03> <Spt= 0.22> <nCl= 35> <al=0.35> <DB= 1826.9218> <Mlp= 1830.2497> <PB=10000000> 
    RCSP exact solver info for graph G_0 : TT = 0.213977, pt = 0.001324, dt = 0.190653, ct = 0.019883, ndl = 26121', bdl = 1052118', odl = 26031', odf = 609401', bsi = 1241', cnt = 1124063', bdch = 13994248', odch = 3710979', lcp = 723597', #sols = 150
<DWph=0> <it= 23> <et=14.14> <Mt= 0.01> <Spt= 0.22> <nCl=  6> <al=0.41> <DB= 1827.7444> <Mlp= 1830.2427> <PB=10000000> 
    RCSP exact solver info for graph G_0 : TT = 0.200024, pt = 0.001054, dt = 0.179862, ct = 0.017504, ndl = 26282', bdl = 1056404', odl = 26187', odf = 617615', bsi = 1244', cnt = 1143099', bdch = 14178935', odch = 3747609', lcp = 723648', #sols = 150
    RCSP exact solver info for graph G_0 : TT = 0.167811, pt = 0.000756, dt = 0.149988, ct = 0.015453, ndl = 25909', bdl = 1043198', odl = 25784', odf = 601046', bsi = 1239', cnt = 1110777', bdch = 13698619', odch = 3647872', lcp = 710089', #sols = 150
<DWph=0> <it= 24> <et=14.54> <Mt= 0.01> <Spt= 0.38> <nCl= 35> <al=0.00> <DB= 1830.1796> <Mlp= 1830.2427> <PB=10000000> 
    RCSP exact solver info for graph G_0 : TT = 0.175208, pt = 0.000794, dt = 0.15683, ct = 0.016045, ndl = 26089', bdl = 1049291', odl = 25854', odf = 605124', bsi = 1240', cnt = 1129028', bdch = 13849050', odch = 3705939', lcp = 717642', #sols = 150
    RCSP exact solver info for graph G_0 : TT = 0.185633, pt = 0.000832, dt = 0.165526, ct = 0.017447, ndl = 26095', bdl = 1049531', odl = 25836', odf = 605195', bsi = 1240', cnt = 1129065', bdch = 13855832', odch = 3706398', lcp = 718573', #sols = 150
<DWph=0> <it= 25> <et=14.92> <Mt= 0.01> <Spt= 0.38> <nCl=  4> <al=0.00> <DB= 1830.2427> <Mlp= 1830.2427> <PB=10000000> 
RCSP solver dynamic params and stats :  bidir.bord. = 375 aver.obdmd = 97.871 aver.buck.num. = 101 nbR1C = 42 with avMem = 15.4524
@@ 1 8 1830.24 0.182522 0.210536 93.4751 14.92
    Full reduced cost fixing is not called (gap ratio is 0.999996)
Bucket graph for G_0 is regenerated as bucket steps were adjusted for 62 vertices
RCSP solver info : number of forw. reachable buckets / buck. strongly connected components is 11748( 95.6989% ) / 11748( 100% )
649841 forw. buck. arcs remain (93.7559% from max.) + 0 jump buck. arcs
ColGenEvalAlg final dual bound: 1830.24 (rounded: 1831)
False gap improvement since the last cut separation : 0.0282773 (1825.08)
Current active cuts : CAP(1+11,523.481) R1C(4+38,111.997) 1rowPackR1C(4) 3rowPackR1C(23) 4rowPackR1C(15)
Shrinking heuristic shrunk 16 edges
In total 1 RCC cut(s) are found by the Fractional capacity min-cut heuristic 
In total 2 RCC cut(s) are found by the greedy construction heuristic 
In total 9 RCC cut(s) are found by the global pool greedy search heuristic 
18 Rank-1 1-rows pack. cuts added ,  max viol. = 0.15237, aver. viol. = 0.0808974
150 Rank-1 3-rows pack. cuts added ,  max viol. = 0.209865, aver. viol. = 0.119093
Building structures for heuristic rank-1 packing cut separation...done!
56 Rank-1 4-rows pack. cuts added ,  max viol. = 0.228146, aver. viol. = 0.0750772
100 Rank-1 5-rows pack. cuts added ,  max viol. = 0.234596, aver. viol. = 0.160058
----- Add fac. cuts : CAP(12) R1C(324), max.viol = 0.450405, aver.viol = 0.203062, sep/add took 0.431677/2.08245 sec. -----
9839 columns (9839 active), 634 dyn. constrs. (395 active), 1216 art. vars. (517 active)
<DWph=2> <it=  1> <et=17.98> <Mt= 0.19> <Spt= 0.07> <nCl= 18> <al=0.50> <DB= 1832.7813> <Mlp= 1835.3199> <PB=10000000> 
<DWph=2> <it=  2> <et=18.08> <Mt= 0.02> <Spt= 0.07> <nCl= 27> <al=0.40> <DB= 1792.0540> <Mlp= 1835.3042> <PB=10000000> 
<DWph=2> <it=  3> <et=18.69> <Mt= 0.54> <Spt= 0.07> <nCl= 21> <al=0.46> <DB= 1637.1791> <Mlp= 1835.1736> <PB=10000000> 
<DWph=2> <it=  4> <et=18.77> <Mt= 0.02> <Spt= 0.06> <nCl= 18> <al=0.51> <DB= 1800.4322> <Mlp= 1835.1713> <PB=10000000> 
<DWph=2> <it=  5> <et=18.86> <Mt= 0.02> <Spt= 0.07> <nCl=  7> <al=0.56> <DB= 1778.1839> <Mlp= 1835.1612> <PB=10000000> 
<DWph=2> <it=  6> <et=19.00> <Mt= 0.02> <Spt= 0.13> <nCl= 33> <al=0.21> <DB= 1512.5474> <Mlp= 1835.1612> <PB=10000000> 
<DWph=2> <it=  7> <et=19.08> <Mt= 0.01> <Spt= 0.06> <nCl=  6> <al=0.51> <DB= 1749.0009> <Mlp= 1835.1612> <PB=10000000> 
<DWph=2> <it=  8> <et=19.64> <Mt= 0.49> <Spt= 0.08> <nCl= 15> <al=0.56> <DB= 1611.7550> <Mlp= 1834.9892> <PB=10000000> 
<DWph=2> <it=  9> <et=19.74> <Mt= 0.02> <Spt= 0.07> <nCl=  5> <al=0.60> <DB= 1828.1133> <Mlp= 1834.9892> <PB=10000000> 
<DWph=2> <it= 10> <et=19.83> <Mt= 0.02> <Spt= 0.07> <nCl=  9> <al=0.50> <DB= 1834.3535> <Mlp= 1834.9892> <PB=10000000> 
<DWph=2> <it= 11> <et=19.93> <Mt= 0.02> <Spt= 0.08> <nCl= 21> <al=0.40> <DB= 1661.5268> <Mlp= 1834.9879> <PB=10000000> 
<DWph=2> <it= 12> <et=20.62> <Mt= 0.58> <Spt= 0.08> <nCl= 15> <al=0.46> <DB= 1779.1047> <Mlp= 1834.8477> <PB=10000000> 
<DWph=2> <it= 13> <et=20.80> <Mt= 0.02> <Spt= 0.16> <nCl= 22> <al=0.03> <DB= 1652.4660> <Mlp= 1834.8477> <PB=10000000> 
<DWph=2> <it= 14> <et=20.96> <Mt= 0.02> <Spt= 0.14> <nCl= 21> <al=0.00> <DB= 1692.0576> <Mlp= 1834.8477> <PB=10000000> 
<DWph=2> <it= 15> <et=21.10> <Mt= 0.01> <Spt= 0.13> <nCl= 16> <al=0.00> <DB= 1834.8477> <Mlp= 1834.8477> <PB=10000000> 
<DWph=1> <it= 16> <et=21.21> <Mt= 0.01> <Spt= 0.10> <nCl= 19> <al=0.21> <DB= 1657.3277> <Mlp= 1834.8477> <PB=10000000> 
<DWph=1> <it= 17> <et=21.96> <Mt= 0.63> <Spt= 0.13> <nCl= 22> <al=0.11> <DB= 1706.2183> <Mlp= 1834.6014> <PB=10000000> 
<DWph=1> <it= 18> <et=22.11> <Mt= 0.02> <Spt= 0.12> <nCl= 17> <al=0.20> <DB= 1688.3610> <Mlp= 1834.6014> <PB=10000000> 
<DWph=1> <it= 19> <et=22.25> <Mt= 0.02> <Spt= 0.11> <nCl= 14> <al=0.28> <DB= 1830.9266> <Mlp= 1834.6014> <PB=10000000> 
<DWph=1> <it= 20> <et=22.36> <Mt= 0.02> <Spt= 0.10> <nCl=  2> <al=0.35> <DB= 1782.1653> <Mlp= 1834.6004> <PB=10000000> 
<DWph=1> <it= 21> <et=22.56> <Mt= 0.01> <Spt= 0.19> <nCl= 20> <al=0.00> <DB= 1767.4458> <Mlp= 1834.6004> <PB=10000000> 
<DWph=1> <it= 22> <et=22.68> <Mt= 0.01> <Spt= 0.11> <nCl= 12> <al=0.32> <DB= 1830.6225> <Mlp= 1834.6004> <PB=10000000> 
<DWph=1> <it= 23> <et=22.79> <Mt= 0.01> <Spt= 0.10> <nCl=  2> <al=0.39> <DB= 1834.1993> <Mlp= 1834.6004> <PB=10000000> 
<DWph=1> <it= 24> <et=22.91> <Mt= 0.01> <Spt= 0.11> <nCl=  5> <al=0.29> <DB= 1833.1882> <Mlp= 1834.6004> <PB=10000000> 
<DWph=1> <it= 25> <et=23.10> <Mt= 0.01> <Spt= 0.18> <nCl=  7> <al=0.00> <DB= 1833.1700> <Mlp= 1834.6004> <PB=10000000> 
<DWph=1> <it= 26> <et=23.21> <Mt= 0.00> <Spt= 0.10> <nCl=  7> <al=0.26> <DB= 1740.1262> <Mlp= 1834.6004> <PB=10000000> 
<DWph=1> <it= 27> <et=23.42> <Mt= 0.02> <Spt= 0.20> <nCl= 23> <al=0.00> <DB= 1831.1038> <Mlp= 1834.6004> <PB=10000000> 
<DWph=1> <it= 28> <et=23.62> <Mt= 0.01> <Spt= 0.19> <nCl= 10> <al=0.00> <DB= 1834.6004> <Mlp= 1834.6004> <PB=10000000> 
    RCSP exact solver info for graph G_0 : TT = 0.832298, pt = 0.00094, dt = 0.598473, ct = 0.231274, ndl = 62594', bdl = 2247550', odl = 53985', odf = 3044779', bsi = 1331', cnt = 12746304', bdch = 34393900', odch = 35013821', lcp = 2940194', #sols = 150
<DWph=0> <it= 29> <et=24.53> <Mt= 0.01> <Spt= 0.90> <nCl=150> <al=0.13> <DB= 1572.6955> <Mlp= 1834.6004> <PB=10000000> 
    RCSP exact solver info for graph G_0 : TT = 0.904231, pt = 0.001195, dt = 0.614068, ct = 0.287206, ndl = 61267', bdl = 2213627', odl = 54614', odf = 3021641', bsi = 1259', cnt = 10932764', bdch = 33504402', odch = 34136881', lcp = 2895938', #sols = 150
<DWph=0> <it= 30> <et=25.75> <Mt= 0.25> <Spt= 0.96> <nCl=110> <al=0.22> <DB= 1724.6062> <Mlp= 1834.6004> <PB=10000000> 
    RCSP exact solver info for graph G_0 : TT = 1.19179, pt = 0.002137, dt = 0.824082, ct = 0.363505, ndl = 65215', bdl = 2339860', odl = 55943', odf = 3200816', bsi = 1265', cnt = 12150353', bdch = 37608288', odch = 37395396', lcp = 3119390', #sols = 150
<DWph=0> <it= 31> <et=27.46> <Mt= 0.48> <Spt= 1.23> <nCl= 69> <al=0.30> <DB= 1829.1652> <Mlp= 1834.5035> <PB=10000000> 
    RCSP exact solver info for graph G_0 : TT = 1.25523, pt = 0.001684, dt = 0.813209, ct = 0.438253, ndl = 64402', bdl = 2312854', odl = 55070', odf = 3150234', bsi = 1239', cnt = 12326732', bdch = 36834093', odch = 36163279', lcp = 2971810', #sols = 150
<DWph=0> <it= 32> <et=29.13> <Mt= 0.39> <Spt= 1.28> <nCl= 35> <al=0.37> <DB= 1832.2674> <Mlp= 1834.4546> <PB=10000000> 
    RCSP exact solver info for graph G_0 : TT = 1.1609, pt = 0.001722, dt = 0.783461, ct = 0.373919, ndl = 63063', bdl = 2271721', odl = 55090', odf = 3093755', bsi = 1202', cnt = 11219819', bdch = 35910157', odch = 33736732', lcp = 2823776', #sols = 150
<DWph=0> <it= 33> <et=30.35> <Mt= 0.03> <Spt= 1.19> <nCl= 41> <al=0.43> <DB= 1826.1565> <Mlp= 1834.4537> <PB=10000000> 
    RCSP exact solver info for graph G_0 : TT = 1.06465, pt = 0.001619, dt = 0.705129, ct = 0.356088, ndl = 62908', bdl = 2271179', odl = 54758', odf = 3084309', bsi = 1194', cnt = 11298435', bdch = 35479261', odch = 33874396', lcp = 2823810', #sols = 150
<DWph=0> <it= 34> <et=31.45> <Mt= 0.02> <Spt= 1.08> <nCl= 22> <al=0.49> <DB= 1833.3875> <Mlp= 1834.4537> <PB=10000000> 
    RCSP exact solver info for graph G_0 : TT = 1.01315, pt = 0.00149, dt = 0.681718, ct = 0.328082, ndl = 62517', bdl = 2259001', odl = 55395', odf = 3081084', bsi = 1193', cnt = 10748498', bdch = 35673503', odch = 32721866', lcp = 2758051', #sols = 150
<DWph=0> <it= 35> <et=32.49> <Mt= 0.02> <Spt= 1.03> <nCl= 35> <al=0.39> <DB= 1834.0404> <Mlp= 1834.4537> <PB=10000000> 
    RCSP exact solver info for graph G_0 : TT = 0.989239, pt = 0.001367, dt = 0.670321, ct = 0.315837, ndl = 61949', bdl = 2243878', odl = 54765', odf = 3033993', bsi = 1177', cnt = 10535840', bdch = 34696060', odch = 32288520', lcp = 2728330', #sols = 150
    RCSP exact solver info for graph G_0 : TT = 0.741435, pt = 0.000975, dt = 0.521914, ct = 0.21671, ndl = 60643', bdl = 2195868', odl = 53675', odf = 2980634', bsi = 1195', cnt = 10470811', bdch = 32934331', odch = 31785836', lcp = 2693142', #sols = 150
<DWph=0> <it= 36> <et=34.25> <Mt= 0.01> <Spt= 1.75> <nCl= 24> <al=0.00> <DB= 1834.2328> <Mlp= 1834.4537> <PB=10000000> 
    RCSP exact solver info for graph G_0 : TT = 1.05257, pt = 0.001459, dt = 0.707284, ct = 0.342034, ndl = 61294', bdl = 2218249', odl = 54398', odf = 3008054', bsi = 1183', cnt = 10471765', bdch = 33986035', odch = 31742503', lcp = 2687621', #sols = 150
    RCSP exact solver info for graph G_0 : TT = 0.765352, pt = 0.000985, dt = 0.544031, ct = 0.218213, ndl = 60685', bdl = 2193172', odl = 53686', odf = 2983249', bsi = 1183', cnt = 10582007', bdch = 32893423', odch = 31937331', lcp = 2703739', #sols = 150
<DWph=0> <it= 37> <et=36.10> <Mt= 0.00> <Spt= 1.84> <nCl= 11> <al=0.00> <DB= 1834.4537> <Mlp= 1834.4537> <PB=10000000> 
RCSP solver dynamic params and stats :  bidir.bord. = 375 aver.obdmd = 193.597 aver.buck.num. = 198 nbR1C = 59 with avMem = 15.5593
@@ 1 9 1834.45 0.994074 1.25146 93.7559 36.1
    Full reduced cost fixing is not called (gap ratio is 0.999996)
ColGenEvalAlg final dual bound: 1834.45 (rounded: 1835)
False gap improvement since the last cut separation : 0.023008 (1830.24)
Current active cuts : CAP(2+9,273.407) R1C(9+50,165.227) 1rowPackR1C(9) 3rowPackR1C(30) 4rowPackR1C(16) 5rowPackR1C(4)
Shrinking heuristic shrunk 27 edges
In total 2 RCC cut(s) are found by the Fractional capacity min-cut heuristic 
In total 1 RCC cut(s) are found by the greedy construction heuristic 
5 Rank-1 1-rows pack. cuts added ,  max viol. = 0.231481, aver. viol. = 0.125926
150 Rank-1 3-rows pack. cuts added ,  max viol. = 0.240741, aver. viol. = 0.169444
Building structures for heuristic rank-1 packing cut separation...done!
100 Rank-1 4-rows pack. cuts added ,  max viol. = 0.287037, aver. viol. = 0.197407
100 Rank-1 5-rows pack. cuts added ,  max viol. = 0.314815, aver. viol. = 0.29787
----- Add fac. cuts : CAP(3) R1C(355), max.viol = 0.314815, aver.viol = 0.21317, sep/add took 0.274992/1.08543 sec. -----
10746 columns (7343 active), 762 dyn. constrs. (433 active), 1574 art. vars. (555 active)
<DWph=2> <it=  1> <et=37.78> <Mt= 0.14> <Spt= 0.07> <nCl= 12> <al=0.50> <DB= 1834.9324> <Mlp= 1836.0000> <PB=10000000> 
<DWph=2> <it=  2> <et=37.86> <Mt= 0.00> <Spt= 0.07> <nCl= 16> <al=0.55> <DB= 1832.1295> <Mlp= 1836.0000> <PB=10000000> 
<DWph=2> <it=  3> <et=38.33> <Mt= 0.40> <Spt= 0.06> <nCl= 16> <al=0.60> <DB= 1832.1025> <Mlp= 1835.9200> <PB=10000000> 
<DWph=2> <it=  4> <et=38.70> <Mt= 0.30> <Spt= 0.07> <nCl=  9> <al=0.50> <DB= 1830.6392> <Mlp= 1835.8680> <PB=10000000> 
<DWph=2> <it=  5> <et=38.79> <Mt= 0.02> <Spt= 0.07> <nCl=  4> <al=0.55> <DB= 1835.5183> <Mlp= 1835.8680> <PB=10000000> 
<DWph=2> <it=  6> <et=38.87> <Mt= 0.01> <Spt= 0.07> <nCl= 15> <al=0.45> <DB= 1603.6988> <Mlp= 1835.8680> <PB=10000000> 
<DWph=2> <it=  7> <et=38.98> <Mt= 0.04> <Spt= 0.07> <nCl=  6> <al=0.50> <DB= 1804.0129> <Mlp= 1835.8680> <PB=10000000> 
<DWph=2> <it=  8> <et=39.13> <Mt= 0.02> <Spt= 0.14> <nCl= 13> <al=0.10> <DB= 1832.0836> <Mlp= 1835.8680> <PB=10000000> 
<DWph=2> <it=  9> <et=39.21> <Mt= 0.02> <Spt= 0.06> <nCl=  3> <al=0.45> <DB= 1835.1558> <Mlp= 1835.8680> <PB=10000000> 
<DWph=2> <it= 10> <et=39.29> <Mt= 0.01> <Spt= 0.07> <nCl=  5> <al=0.35> <DB= 1834.5044> <Mlp= 1835.8680> <PB=10000000> 
<DWph=2> <it= 11> <et=39.42> <Mt= 0.01> <Spt= 0.12> <nCl= 19> <al=0.00> <DB= 1832.8453> <Mlp= 1835.8680> <PB=10000000> 
<DWph=2> <it= 12> <et=39.50> <Mt= 0.01> <Spt= 0.07> <nCl=  6> <al=0.32> <DB= 1835.3275> <Mlp= 1835.8680> <PB=10000000> 
<DWph=2> <it= 13> <et=39.64> <Mt= 0.02> <Spt= 0.12> <nCl= 12> <al=0.00> <DB= 1835.8680> <Mlp= 1835.8680> <PB=10000000> 
<DWph=1> <it= 14> <et=39.74> <Mt= 0.00> <Spt= 0.10> <nCl= 15> <al=0.28> <DB= 1831.9670> <Mlp= 1835.8680> <PB=10000000> 
<DWph=1> <it= 15> <et=39.86> <Mt= 0.01> <Spt= 0.10> <nCl= 10> <al=0.18> <DB= 1833.6159> <Mlp= 1835.8680> <PB=10000000> 
<DWph=1> <it= 16> <et=40.07> <Mt= 0.02> <Spt= 0.19> <nCl= 18> <al=0.00> <DB= 1835.8675> <Mlp= 1835.8675> <PB=10000000> 
    RCSP exact solver info for graph G_0 : TT = 1.02201, pt = 0.001005, dt = 0.785769, ct = 0.233491, ndl = 82449', bdl = 3034710', odl = 69202', odf = 4054452', bsi = 1202', cnt = 15140311', bdch = 58550319', odch = 62108028', lcp = 5145438', #sols = 150
<DWph=0> <it= 17> <et=41.17> <Mt= 0.01> <Spt= 1.09> <nCl=150> <al=0.17> <DB= 1534.4072> <Mlp= 1835.8675> <PB=10000000> 
    RCSP exact solver info for graph G_0 : TT = 1.15086, pt = 0.00143, dt = 0.808276, ct = 0.339402, ndl = 75693', bdl = 2765718', odl = 62672', odf = 3652274', bsi = 1214', cnt = 14270983', bdch = 50061991', odch = 49764983', lcp = 4096959', #sols = 150
<DWph=0> <it= 18> <et=42.76> <Mt= 0.37> <Spt= 1.23> <nCl=150> <al=0.07> <DB= 1660.2402> <Mlp= 1835.6951> <PB=10000000> 
    RCSP exact solver info for graph G_0 : TT = 1.22927, pt = 0.001518, dt = 0.880699, ct = 0.345174, ndl = 79414', bdl = 2891586', odl = 63132', odf = 3828019', bsi = 1123', cnt = 15395245', bdch = 54415838', odch = 55992292', lcp = 4364032', #sols = 150
<DWph=0> <it= 19> <et=44.58> <Mt= 0.53> <Spt= 1.28> <nCl=110> <al=0.16> <DB= 1820.0778> <Mlp= 1835.6183> <PB=10000000> 
    RCSP exact solver info for graph G_0 : TT = 1.27693, pt = 0.001883, dt = 0.919954, ct = 0.353103, ndl = 78023', bdl = 2856903', odl = 62359', odf = 3755168', bsi = 1169', cnt = 14837150', bdch = 52199755', odch = 54956212', lcp = 4317194', #sols = 150
<DWph=0> <it= 20> <et=46.22> <Mt= 0.34> <Spt= 1.30> <nCl= 36> <al=0.24> <DB= 1833.7825> <Mlp= 1835.6050> <PB=10000000> 
    RCSP exact solver info for graph G_0 : TT = 1.17754, pt = 0.001594, dt = 0.852253, ct = 0.320941, ndl = 79188', bdl = 2889720', odl = 63150', odf = 3824350', bsi = 1128', cnt = 15006422', bdch = 53838297', odch = 56067437', lcp = 4401491', #sols = 150
<DWph=0> <it= 21> <et=47.44> <Mt= 0.03> <Spt= 1.19> <nCl= 35> <al=0.32> <DB= 1834.0279> <Mlp= 1835.6000> <PB=10000000> 
    RCSP exact solver info for graph G_0 : TT = 1.19438, pt = 0.001711, dt = 0.864443, ct = 0.326433, ndl = 78961', bdl = 2884849', odl = 63036', odf = 3811451', bsi = 1125', cnt = 15115789', bdch = 53491817', odch = 55990313', lcp = 4402615', #sols = 150
    RCSP exact solver info for graph G_0 : TT = 1.01795, pt = 0.001166, dt = 0.74884, ct = 0.266133, ndl = 79101', bdl = 2890929', odl = 63022', odf = 3817603', bsi = 1164', cnt = 15311229', bdch = 53365883', odch = 56411832', lcp = 4440881', #sols = 150
<DWph=0> <it= 22> <et=49.70> <Mt= 0.02> <Spt= 2.24> <nCl= 20> <al=0.00> <DB= 1835.6000> <Mlp= 1835.6000> <PB=10000000> 
RCSP solver dynamic params and stats :  bidir.bord. = 375 aver.obdmd = 193.597 aver.buck.num. = 198 nbR1C = 77 with avMem = 15.6623
@@ 1 10 1835.6 1.14927 1.27306 93.7559 49.7
    Full reduced cost fixing is not called (gap ratio is 0.999996)
ColGenEvalAlg final dual bound: 1835.6 (rounded: 1836)
False gap improvement since the last cut separation : 0.00624871 (1834.45)
Cut generation tailing off counter increased to 1
Current active cuts : CAP(1+8,242.981) R1C(10+67,190.794) 1rowPackR1C(10) 3rowPackR1C(41) 4rowPackR1C(19) 5rowPackR1C(7)
Shrinking heuristic shrunk 27 edges
In total 1 RCC cut(s) are found by the Fractional capacity min-cut heuristic 
In total 6 RCC cut(s) are found by the greedy construction heuristic 
In total 1 RCC cut(s) are found by the global pool greedy search heuristic 
1 Rank-1 1-rows pack. cuts added ,  max viol. = 0.0666667, aver. viol. = 0.0666667
150 Rank-1 3-rows pack. cuts added ,  max viol. = 0.333333, aver. viol. = 0.149333
Building structures for heuristic rank-1 packing cut separation...done!
100 Rank-1 4-rows pack. cuts added ,  max viol. = 0.333333, aver. viol. = 0.174
100 Rank-1 5-rows pack. cuts added ,  max viol. = 0.333333, aver. viol. = 0.27
----- Add fac. cuts : CAP(8) R1C(351), max.viol = 0.4, aver.viol = 0.212813, sep/add took 0.219476/1.09948 sec. -----
11426 columns (8023 active), 803 dyn. constrs. (452 active), 1933 art. vars. (574 active)
<DWph=2> <it=  1> <et=51.44> <Mt= 0.13> <Spt= 0.07> <nCl= 11> <al=0.50> <DB= 1832.3100> <Mlp= 1836.3558> <PB=10000000> 
<DWph=2> <it=  2> <et=51.60> <Mt= 0.02> <Spt= 0.15> <nCl= 24> <al=0.10> <DB= 1833.1207> <Mlp= 1836.3558> <PB=10000000> 
<DWph=2> <it=  3> <et=51.76> <Mt= 0.02> <Spt= 0.13> <nCl= 23> <al=0.00> <DB= 1799.7484> <Mlp= 1836.3558> <PB=10000000> 
<DWph=2> <it=  4> <et=51.92> <Mt= 0.02> <Spt= 0.15> <nCl= 31> <al=0.00> <DB= 1836.3558> <Mlp= 1836.3558> <PB=10000000> 
<DWph=1> <it=  5> <et=52.03> <Mt= 0.01> <Spt= 0.10> <nCl= 13> <al=0.25> <DB= 1810.1724> <Mlp= 1836.3558> <PB=10000000> 
<DWph=1> <it=  6> <et=52.16> <Mt= 0.02> <Spt= 0.11> <nCl= 17> <al=0.15> <DB= 1835.5339> <Mlp= 1836.3558> <PB=10000000> 
<DWph=1> <it=  7> <et=52.40> <Mt= 0.01> <Spt= 0.22> <nCl= 12> <al=0.00> <DB= 1836.3558> <Mlp= 1836.3558> <PB=10000000> 
    RCSP exact solver info for graph G_0 : TT = 1.29215, pt = 0.001395, dt = 1.01367, ct = 0.274535, ndl = 95542', bdl = 3505530', odl = 72195', odf = 4714530', bsi = 1236', cnt = 18091992', bdch = 73706046', odch = 87623807', lcp = 6599850', #sols = 150
<DWph=0> <it=  8> <et=53.78> <Mt= 0.00> <Spt= 1.38> <nCl=150> <al=0.00> <DB= 1599.7316> <Mlp= 1836.3558> <PB=10000000> 
    RCSP exact solver info for graph G_0 : TT = 1.14096, pt = 0.001366, dt = 0.898782, ct = 0.238896, ndl = 91345', bdl = 3377528', odl = 71730', odf = 4509185', bsi = 1128', cnt = 16692704', bdch = 68539238', odch = 80068400', lcp = 6174635', #sols = 150
<DWph=0> <it=  9> <et=55.33> <Mt= 0.36> <Spt= 1.20> <nCl= 97> <al=0.06> <DB= 1530.9266> <Mlp= 1836.3107> <PB=10000000> 
    RCSP exact solver info for graph G_0 : TT = 1.26897, pt = 0.001687, dt = 0.995775, ct = 0.269499, ndl = 93170', bdl = 3447173', odl = 71879', odf = 4620595', bsi = 1193', cnt = 16765422', bdch = 71047123', odch = 84589433', lcp = 6272864', #sols = 150
<DWph=0> <it= 10> <et=56.72> <Mt= 0.07> <Spt= 1.31> <nCl= 77> <al=0.15> <DB= 1833.4287> <Mlp= 1836.2654> <PB=10000000> 
    RCSP exact solver info for graph G_0 : TT = 1.19347, pt = 0.001528, dt = 0.944058, ct = 0.246024, ndl = 89131', bdl = 3303522', odl = 70346', odf = 4438486', bsi = 1126', cnt = 15620756', bdch = 65319897', odch = 77125783', lcp = 5860347', #sols = 150
<DWph=0> <it= 11> <et=57.97> <Mt= 0.03> <Spt= 1.22> <nCl= 40> <al=0.23> <DB= 1835.5966> <Mlp= 1836.2608> <PB=10000000> 
    RCSP exact solver info for graph G_0 : TT = 1.23568, pt = 0.001529, dt = 0.970501, ct = 0.261662, ndl = 88900', bdl = 3299897', odl = 69643', odf = 4401009', bsi = 1129', cnt = 15427696', bdch = 65069931', odch = 76110230', lcp = 5740470', #sols = 150
<DWph=0> <it= 12> <et=59.24> <Mt= 0.01> <Spt= 1.26> <nCl= 33> <al=0.13> <DB= 1836.0332> <Mlp= 1836.2606> <PB=10000000> 
    RCSP exact solver info for graph G_0 : TT = 1.27109, pt = 0.001632, dt = 1.001, ct = 0.266643, ndl = 88437', bdl = 3276039', odl = 69546', odf = 4384823', bsi = 1129', cnt = 15550125', bdch = 64507066', odch = 75582037', lcp = 5713125', #sols = 150
    RCSP exact solver info for graph G_0 : TT = 1.18378, pt = 0.001234, dt = 0.93865, ct = 0.242098, ndl = 86857', bdl = 3227477', odl = 68982', odf = 4314742', bsi = 1172', cnt = 14870335', bdch = 62580774', odch = 72812549', lcp = 5540371', #sols = 150
<DWph=0> <it= 13> <et=61.78> <Mt= 0.01> <Spt= 2.52> <nCl=104> <al=0.00> <DB= 1836.2606> <Mlp= 1836.2606> <PB=10000000> 
RCSP solver dynamic params and stats :  bidir.bord. = 375 aver.obdmd = 192.661 aver.buck.num. = 198 nbR1C = 74 with avMem = 15.7027
@@ 1 11 1836.26 1.22311 1.28821 93.7559 61.78
    Full reduced cost fixing is not called (gap ratio is 0.999996)
ColGenEvalAlg final dual bound: 1836.26 (rounded: 1837)
False gap improvement since the last cut separation : 0.00359882 (1835.6)
Cut generation tailing off counter increased to 2
Current active cuts : CAP(1+9,141.372) R1C(8+66,221.648) 1rowPackR1C(8) 3rowPackR1C(39) 4rowPackR1C(21) 5rowPackR1C(6)
Shrinking heuristic shrunk 12 edges
In total 4 RCC cut(s) are found by the greedy construction heuristic 
In total 4 RCC cut(s) are found by the global pool greedy search heuristic 
10 Rank-1 1-rows pack. cuts added ,  max viol. = 0.161166, aver. viol. = 0.0811124
150 Rank-1 3-rows pack. cuts added ,  max viol. = 0.134469, aver. viol. = 0.0728295
Building structures for heuristic rank-1 packing cut separation...done!
100 Rank-1 4-rows pack. cuts added ,  max viol. = 0.170198, aver. viol. = 0.0530996
100 Rank-1 5-rows pack. cuts added ,  max viol. = 0.245095, aver. viol. = 0.121987
----- Add fac. cuts : CAP(8) R1C(360), max.viol = 0.437567, aver.viol = 0.134857, sep/add took 0.525984/1.52727 sec. -----
12058 columns (8655 active), 831 dyn. constrs. (460 active), 2301 art. vars. (582 active)
<DWph=2> <it=  1> <et=64.24> <Mt= 0.14> <Spt= 0.10> <nCl= 25> <al=0.50> <DB= 1834.5324> <Mlp= 1836.5608> <PB=10000000> 
<DWph=2> <it=  2> <et=65.04> <Mt= 0.62> <Spt= 0.18> <nCl= 40> <al=0.10> <DB= 1835.5642> <Mlp= 1836.5235> <PB=10000000> 
<DWph=2> <it=  3> <et=65.23> <Mt= 0.01> <Spt= 0.17> <nCl= 26> <al=0.00> <DB= 1835.1173> <Mlp= 1836.5235> <PB=10000000> 
<DWph=2> <it=  4> <et=65.41> <Mt= 0.02> <Spt= 0.17> <nCl= 12> <al=0.00> <DB= 1836.5235> <Mlp= 1836.5235> <PB=10000000> 
<DWph=1> <it=  5> <et=65.55> <Mt= 0.00> <Spt= 0.13> <nCl= 11> <al=0.25> <DB= 1833.6252> <Mlp= 1836.5235> <PB=10000000> 
<DWph=1> <it=  6> <et=65.70> <Mt= 0.02> <Spt= 0.13> <nCl= 12> <al=0.15> <DB= 1834.4328> <Mlp= 1836.5235> <PB=10000000> 
<DWph=1> <it=  7> <et=65.85> <Mt= 0.02> <Spt= 0.13> <nCl= 14> <al=0.24> <DB= 1835.1349> <Mlp= 1836.5235> <PB=10000000> 
<DWph=1> <it=  8> <et=66.13> <Mt= 0.01> <Spt= 0.27> <nCl= 15> <al=0.00> <DB= 1836.5235> <Mlp= 1836.5235> <PB=10000000> 
    RCSP exact solver info for graph G_0 : TT = 1.51188, pt = 0.001784, dt = 1.11214, ct = 0.395746, ndl = 96195', bdl = 3522005', odl = 73437', odf = 4694076', bsi = 1257', cnt = 21664764', bdch = 76097042', odch = 76155837', lcp = 5944514', #sols = 150
<DWph=0> <it=  9> <et=67.73> <Mt= 0.01> <Spt= 1.60> <nCl=128> <al=0.21> <DB= 1759.4647> <Mlp= 1836.5235> <PB=10000000> 
    RCSP exact solver info for graph G_0 : TT = 1.57658, pt = 0.001799, dt = 1.17006, ct = 0.402602, ndl = 94742', bdl = 3499816', odl = 72565', odf = 4617351', bsi = 1217', cnt = 19159297', bdch = 73616549', odch = 74289486', lcp = 5914238', #sols = 150
<DWph=0> <it= 10> <et=69.70> <Mt= 0.37> <Spt= 1.59> <nCl= 17> <al=0.29> <DB= 1833.9451> <Mlp= 1836.5194> <PB=10000000> 
    RCSP exact solver info for graph G_0 : TT = 2.97378, pt = 0.001909, dt = 1.22106, ct = 1.74877, ndl = 98824', bdl = 3641047', odl = 74848', odf = 4818965', bsi = 1231', cnt = 20239899', bdch = 79467513', odch = 82764249', lcp = 6486282', #sols = 150
<DWph=0> <it= 11> <et=71.37> <Mt= 0.02> <Spt= 1.65> <nCl= 38> <al=0.19> <DB= 1834.4689> <Mlp= 1836.5194> <PB=10000000> 
    RCSP exact solver info for graph G_0 : TT = 1.55503, pt = 0.001863, dt = 1.17074, ct = 0.380422, ndl = 99238', bdl = 3640901', odl = 74867', odf = 4828755', bsi = 1273', cnt = 19946009', bdch = 80619748', odch = 83309008', lcp = 6501926', #sols = 150
<DWph=0> <it= 12> <et=72.98> <Mt= 0.02> <Spt= 1.58> <nCl= 52> <al=0.27> <DB= 1835.7647> <Mlp= 1836.5194> <PB=10000000> 
    RCSP exact solver info for graph G_0 : TT = 1.55068, pt = 0.001659, dt = 1.16327, ct = 0.383771, ndl = 96049', bdl = 3540480', odl = 72708', odf = 4677183', bsi = 1160', cnt = 18900494', bdch = 74870740', odch = 78449175', lcp = 6109550', #sols = 150
<DWph=0> <it= 13> <et=74.57> <Mt= 0.02> <Spt= 1.58> <nCl= 41> <al=0.34> <DB= 1836.2597> <Mlp= 1836.5194> <PB=10000000> 
    RCSP exact solver info for graph G_0 : TT = 1.59552, pt = 0.001835, dt = 1.19912, ct = 0.392542, ndl = 97052', bdl = 3572454', odl = 73439', odf = 4708737', bsi = 1233', cnt = 19031123', bdch = 76810983', odch = 80123779', lcp = 6194691', #sols = 150
    RCSP exact solver info for graph G_0 : TT = 1.48207, pt = 0.001877, dt = 1.12457, ct = 0.353003, ndl = 95290', bdl = 3507132', odl = 72293', odf = 4632042', bsi = 1229', cnt = 18514222', bdch = 74136873', odch = 77382742', lcp = 6013929', #sols = 150
<DWph=0> <it= 14> <et=77.72> <Mt= 0.01> <Spt= 3.14> <nCl= 91> <al=0.00> <DB= 1836.5194> <Mlp= 1836.5194> <PB=10000000> 
RCSP solver dynamic params and stats :  bidir.bord. = 375 aver.obdmd = 192.661 aver.buck.num. = 198 nbR1C = 85 with avMem = 17.3529
@@ 1 12 1836.52 1.7454 2.96982 93.7559 77.72
    Full reduced cost fixing is not called (gap ratio is 0.999996)
ColGenEvalAlg final dual bound: 1836.52 (rounded: 1837)
False gap improvement since the last cut separation : 0.00140963 (1836.26)
----- Cut generation is stopped due to tailing off -----
Current active cuts : CAP(1+10,258.506) R1C(9+76,213.68) 1rowPackR1C(9) 3rowPackR1C(42) 4rowPackR1C(26) 5rowPackR1C(8)
**** Strong branching phase 1 is started *****
SB phase 1 cand.  1 branch on var x[(0, 27)]_0_1235_0_OspV (lhs=0.5056) : [ 1837.0231,  1837.4297], score = 0.46      <et=78.25>
SB phase 1 cand.  2 branch on var x[(27, 28)]_0_1236_0_OspV (lhs=0.5139): [ 1836.7106,  1837.6728], score = 0.22      <et=78.45>
SB phase 1 cand.  3 branch on var x[(0, 24)]_0_1127_0_OspV (lhs=0.5250) : [ 1836.6667,  1837.2500], score = 0.11      <et=78.58>
SB phase 1 cand.  4 branch on var x[(27, 29)]_0_1237_0_OspV (lhs=0.4750): [ 1837.0328,  1837.6000], score = 0.55      <et=78.78>
SB phase 1 cand.  5 branch on var x[(9, 17)]_0_460_0_OspV (lhs=0.5333)  : [ 1837.1690,  1839.5686], score = 1.98      <et=78.98>
SB phase 1 cand.  6 branch on var x[(17, 40)]_0_863_0_OspV (lhs=0.4611) : [ 1837.6892,  1838.5714], score = 2.40      <et=79.2>
SB phase 1 cand.  7 branch on var x[(37, 57)]_0_1550_0_OspV (lhs=0.4611): [ 1837.6929,  1837.9735], score = 1.71      <et=79.42>
SB phase 1 cand.  8 branch on var x[(38, 56)]_0_1572_0_OspV (lhs=0.5389): [ 1837.7060,  1838.3250], score = 2.14      <et=79.65>
SB phase 1 cand.  9 branch on var x[(40, 57)]_0_1616_0_OspV (lhs=0.5389): [ 1837.6929,  1838.5714], score = 2.41      <et=79.87>
SB phase 1 cand. 10 branch on var x[(28, 52)]_0_1293_0_OspV (lhs=0.4472): [ 1837.1850,  1837.4793], score = 0.64      <et=80.07>
SB phase 1 cand. 11 branch on var x[(10, 26)]_0_520_0_OspV (lhs=0.5556) : [ 1837.1720,  1840.9512], score = 2.89      <et=80.32>
SB phase 1 cand. 12 branch on var x[(10, 38)]_0_532_0_OspV (lhs=0.4444) : [ 1837.1111,  1840.9512], score = 2.62      <et=80.54>
SB phase 1 cand. 13 branch on var x[(18, 25)]_0_891_0_OspV (lhs=0.5556) : [ 1837.1720,  1839.3209], score = 1.83      <et=80.76>
SB phase 1 cand. 14 branch on var x[(23, 51)]_0_1117_0_OspV (lhs=0.5556): [ 1837.2721,  1839.2586], score = 2.06      <et=80.97>
SB phase 1 cand. 15 branch on var x[(43, 59)]_0_1675_0_OspV (lhs=0.4444): [ 1837.1720,  1841.0000], score = 2.92      <et=81.27>
SB phase 1 cand. 16 branch on var x[(5, 25)]_0_254_0_OspV (lhs=0.4444)  : [ 1837.1720,  1841.0000], score = 2.92      <et=81.51>
SB phase 1 cand. 17 branch on var x[(5, 43)]_0_272_0_OspV (lhs=0.5556)  : [ 1837.2721,  1840.8174], score = 3.24      <et=81.78>
SB phase 1 cand. 18 branch on var x[(51, 54)]_0_1778_0_OspV (lhs=0.4444): [ 1837.2721,  1839.2713], score = 2.07      <et=82.02>
SB phase 1 cand. 19 branch on var x[(54, 59)]_0_1807_0_OspV (lhs=0.5556): [ 1837.2721,  1839.1887], score = 2.01      <et=82.25>
SB phase 1 cand. 20 branch on var x[(36, 58)]_0_1527_0_OspV (lhs=0.5694): [ 1837.2586,  1838.4634], score = 1.44      <et=82.49>
SB phase 1 cand. 21 branch on var x[(4, 55)]_0_228_0_OspV (lhs=0.5694)  : [ 1837.2500,  1837.2950], score = 0.57      <et=82.68>
SB phase 1 cand. 22 branch on var x[(26, 60)]_0_1234_0_OspV (lhs=0.4139): [ 1837.1561,  1842.0000], score = 3.49      <et=82.91>
SB phase 1 cand. 23 branch on var x[(0, 49)]_0_1752_0_OspV (lhs=0.4083) : [ 1837.5447,  1837.6256], score = 1.13      <et=83.12>
SB phase 1 cand. 24 branch on var x[(0, 53)]_0_1794_0_OspV (lhs=0.6000) : [ 1836.6154,  1836.7111], score = 0.02      <et=83.26>
SB phase 1 cand. 25 branch on var x[(7, 53)]_0_391_0_OspV (lhs=0.4000)  : [ 1836.6154,  1836.7111], score = 0.02      <et=83.41>
SB phase 1 cand. 26 branch on var x[(3, 28)]_0_144_0_OspV (lhs=0.3944)  : [ 1837.1250,  1837.1429], score = 0.38      <et=83.56>
SB phase 1 cand. 27 branch on var x[(49, 53)]_0_1756_0_OspV (lhs=0.3944): [ 1836.6076,  1838.5677], score = 0.18      <et=83.71>
SB phase 1 cand. 28 branch on var x[(18, 35)]_0_901_0_OspV (lhs=0.3833) : [ 1837.1336,  1842.0000], score = 3.37      <et=83.93>
SB phase 1 cand. 29 branch on var x[(35, 60)]_0_1504_0_OspV (lhs=0.6167): [ 1837.1591,  1842.0000], score = 3.51      <et=84.16>
SB phase 1 cand. 30 branch on var x[(15, 28)]_0_762_0_OspV (lhs=0.3806) : [ 1836.9142,  1837.9167], score = 0.55      <et=84.36>
SB phase 1 cand. 31 branch on var x[(0, 50)]_0_1764_0_OspV (lhs=0.6389) : [ 1836.5311,  1836.7692], score = 0.00      <et=84.5>
SB phase 1 cand. 32 branch on var x[(7, 50)]_0_388_0_OspV (lhs=0.3611)  : [ 1836.5309,  1836.7692], score = 0.00      <et=84.61>
SB phase 1 cand. 33 branch on var x[(0, 2)]_0_60_0_OspV (lhs=0.6611)    : [ 1836.8571,  1837.3403], score = 0.28      <et=84.76>
SB phase 1 cand. 34 branch on var x[(2, 53)]_0_111_0_OspV (lhs=0.3389)  : [ 1836.8571,  1837.3403], score = 0.28      <et=84.91>
SB phase 1 cand. 35 branch on var x[(1, 39)]_0_38_0_OspV (lhs=0.6833)   : [ 1837.0476,  1838.3333], score = 0.96      <et=85.19>
SB phase 1 cand. 36 branch on var x[(4, 36)]_0_209_0_OspV (lhs=0.3083)  : [ 1836.6667,  1837.3149], score = 0.12      <et=85.32>
SB phase 1 cand. 37 branch on var x[(18, 33)]_0_899_0_OspV (lhs=0.6944) : [ 1836.9467,  1841.1290], score = 1.97      <et=85.55>
SB phase 1 cand. 38 branch on var x[(23, 37)]_0_1103_0_OspV (lhs=0.3056): [ 1836.5197,  1854.2814], score = 0.00      <et=85.83>
SB phase 1 cand. 39 branch on var x[(9, 19)]_0_462_0_OspV (lhs=0.2944)  : [ 1836.9413,  1840.2497], score = 1.57      <et=86.05>
SB phase 1 cand. 40 branch on var x[(1, 10)]_0_9_0_OspV (lhs=0.2861)    : [ 1837.5647,  1838.5607], score = 2.13      <et=86.34>
SB phase 1 cand. 41 branch on var x[(10, 12)]_0_506_0_OspV (lhs=0.7139) : [ 1837.6653,  1838.3495], score = 2.10      <et=86.56>
SB phase 1 cand. 42 branch on var x[(12, 56)]_0_649_0_OspV (lhs=0.2861) : [ 1837.4099,  1838.8750], score = 2.10      <et=86.77>
SB phase 1 cand. 43 branch on var x[(3, 15)]_0_131_0_OspV (lhs=0.2806)  : [ 1836.6647,  1841.7981], score = 0.77      <et=86.99>
SB phase 1 cand. 44 branch on var x[(0, 29)]_0_1302_0_OspV (lhs=0.2750) : [ 1836.9367,  1838.3598], score = 0.77      <et=87.18>
SB phase 1 cand. 45 branch on var x[(24, 29)]_0_1132_0_OspV (lhs=0.7250): [ 1836.9069,  1840.1667], score = 1.41      <et=87.4>
SB phase 1 cand. 46 branch on var x[(33, 39)]_0_1430_0_OspV (lhs=0.2750): [ 1836.8651,  1843.1686], score = 2.30      <et=87.68>
SB phase 1 cand. 47 branch on var x[(3, 27)]_0_143_0_OspV (lhs=0.2722)  : [ 1836.6667,  1837.1242], score = 0.09      <et=87.84>
SB phase 1 cand. 48 branch on var x[(2, 19)]_0_77_0_OspV (lhs=0.7417)   : [ 1836.9101,  1837.2545], score = 0.29      <et=88.02>
SB phase 1 cand. 49 branch on var x[(37, 58)]_0_1551_0_OspV (lhs=0.2333): [ 1836.8009,  1838.5050], score = 0.56      <et=88.24>
SB phase 1 cand. 50 branch on var x[(36, 45)]_0_1514_0_OspV (lhs=0.7694): [ 1836.6667,  1838.2318], score = 0.25      <et=88.38>
SB phase 1 cand. 51 branch on var x[(15, 29)]_0_763_0_OspV (lhs=0.2296) : [ 1836.7550,  1841.6149], score = 1.20      <et=88.61>
SB phase 1 cand. 52 branch on var x[(24, 53)]_0_1156_0_OspV (lhs=0.2296): [ 1836.5665,  1838.1055], score = 0.07      <et=88.77>
SB phase 1 cand. 53 branch on var x[(0, 3)]_0_119_0_OspV (lhs=0.7889)   : [ 1836.6667,  1837.5830], score = 0.16      <et=88.91>
SB phase 1 cand. 54 branch on var x[(45, 52)]_0_1701_0_OspV (lhs=0.2028): [ 1836.6667,  1839.6473], score = 0.46      <et=89.1>
SB phase 1 cand. 55 branch on var x[(55, 58)]_0_1812_0_OspV (lhs=0.1972): [ 1836.6429,  1837.7106], score = 0.15      <et=89.25>
SB phase 1 cand. 56 branch on var x[(36, 55)]_0_1524_0_OspV (lhs=0.1861): [ 1836.7214,  1842.5556], score = 1.22      <et=89.46>
SB phase 1 cand. 57 branch on var x[(18, 24)]_0_890_0_OspV (lhs=0.1833) : [ 1836.6737,  1853.0000], score = 2.54      <et=89.71>
SB phase 1 cand. 58 branch on var x[(2, 24)]_0_82_0_OspV (lhs=0.1722)   : [ 1836.5877,  1839.6463], score = 0.21      <et=89.89>
SB phase 1 cand. 59 branch on var x[(28, 29)]_0_1270_0_OspV (lhs=0.1722): [ 1836.5847,  1839.9254], score = 0.22      <et=90.07>
SB phase 1 cand. 60 branch on var x[(0, 52)]_0_1785_0_OspV (lhs=0.1639) : [ 1836.6667,  1838.6522], score = 0.31      <et=90.22>
SB phase 1 cand. 61 branch on var x[(0, 45)]_0_1694_0_OspV (lhs=0.1417) : [ 1836.6318,  1839.9930], score = 0.39      <et=90.4>
SB phase 1 cand. 62 branch on var x[(3, 50)]_0_166_0_OspV (lhs=0.1417)  : [ 1836.6318,  1840.0000], score = 0.39      <et=90.57>
SB phase 1 cand. 63 branch on var x[(45, 50)]_0_1699_0_OspV (lhs=0.8583): [ 1836.6318,  1841.6102], score = 0.57      <et=90.81>
SB phase 1 cand. 64 branch on var x[(23, 36)]_0_1102_0_OspV (lhs=0.1389): [ 1836.6429,  1839.2839], score = 0.34      <et=91.02>
SB phase 1 cand. 65 branch on var x[(9, 56)]_0_499_0_OspV (lhs=0.1250)  : [ 1836.5876,  1842.0000], score = 0.37      <et=91.2>
SB phase 1 cand. 66 branch on var x[(15, 24)]_0_758_0_OspV (lhs=0.1231) : [ 1836.6614,  1839.4684], score = 0.42      <et=91.42>
SB phase 1 cand. 67 branch on var x[(4, 7)]_0_180_0_OspV (lhs=0.1222)   : [ 1836.6140,  1845.0950], score = 0.81      <et=91.65>
SB phase 1 cand. 68 branch on var x[(7, 49)]_0_387_0_OspV (lhs=0.1167)  : [ 1836.5556,  1838.4679], score = 0.07      <et=91.79>
SB phase 1 cand. 69 branch on var x[(3, 52)]_0_168_0_OspV (lhs=0.0944)  : [ 1836.6207,  1843.0000], score = 0.66      <et=92>
SB phase 1 cand. 70 branch on var x[(0, 28)]_0_1269_0_OspV (lhs=0.0917) : [ 1836.6624,  1838.2894], score = 0.25      <et=92.21>
SB phase 1 cand. 71 branch on var x[(18, 29)]_0_895_0_OspV (lhs=0.0917) : [ 1836.6667,  1866.0000], score = 4.34      <et=92.45>
SB phase 1 cand. 72 branch on var x[(27, 52)]_0_1260_0_OspV (lhs=0.0917): [ 1836.5194,  1850.3940], score = 0.00      <et=92.66>
SB phase 1 cand. 73 branch on var x[(2, 49)]_0_107_0_OspV (lhs=0.0806)  : [ 1836.5352,  1841.0305], score = 0.07      <et=92.82>
SB phase 1 cand. 74 branch on var x[(15, 33)]_0_767_0_OspV (lhs=0.9222) : [ 1836.5674,  1841.7500], score = 0.25      <et=93.04>
SB phase 1 cand. 75 branch on var x[(27, 33)]_0_1241_0_OspV (lhs=0.0778): [ 1836.5194,  1842.0000], score = 0.00      <et=93.15>
SB phase 1 cand. 76 branch on var x[(12, 19)]_0_612_0_OspV (lhs=0.9333) : [ 1836.6087,  1840.4060], score = 0.35      <et=93.38>
SB phase 1 cand. 77 branch on var x[(0, 8)]_0_399_0_OspV (lhs=0.0639)   : [ 1836.6098,  1840.6392], score = 0.37      <et=93.59>
SB phase 1 cand. 78 branch on var x[(15, 27)]_0_761_0_OspV (lhs=0.0639) : [ 1836.6174,  1840.1998], score = 0.36      <et=93.8>
SB phase 1 cand. 79 branch on var x[(8, 49)]_0_440_0_OspV (lhs=0.9361)  : [ 1836.6098,  1840.4947], score = 0.36      <et=94.01>
SB phase 1 cand. 80 branch on var x[(0, 12)]_0_605_0_OspV (lhs=0.0611)  : [ 1836.6087,  1841.1944], score = 0.42      <et=94.22>
SB phase 1 cand. 81 branch on var x[(11, 14)]_0_558_0_OspV (lhs=0.9389) : [ 1836.6077,  1847.3123], score = 0.95      <et=94.47>
SB phase 1 cand. 82 branch on var x[(11, 18)]_0_562_0_OspV (lhs=0.0611) : [ 1836.6077,  1847.5153], score = 0.97      <et=94.67>
SB phase 1 cand. 83 branch on var x[(14, 21)]_0_709_0_OspV (lhs=0.0611) : [ 1836.6077,  1847.6000], score = 0.98      <et=94.87>
SB phase 1 cand. 84 branch on var x[(9, 55)]_0_498_0_OspV (lhs=0.0472)  : [ 1836.5517,  1849.3333], score = 0.41      <et=95.04>
SB phase 1 cand. 85 branch on var x[(0, 39)]_0_1577_0_OspV (lhs=0.0417) : [ 1836.6087,  1840.5526], score = 0.36      <et=95.23>
SB phase 1 cand. 86 branch on var x[(0, 48)]_0_1739_0_OspV (lhs=0.9583) : [ 1836.5405,  1837.7421], score = 0.03      <et=95.35>
SB phase 1 cand. 87 branch on var x[(0, 56)]_0_1815_0_OspV (lhs=0.0417) : [ 1836.5517,  1841.3260], score = 0.16      <et=95.54>
SB phase 1 cand. 88 branch on var x[(48, 49)]_0_1740_0_OspV (lhs=0.0417): [ 1836.5405,  1841.4598], score = 0.10      <et=95.72>
SB phase 1 cand. 89 branch on var x[(29, 53)]_0_1326_0_OspV (lhs=0.0315): [ 1836.5194,  1843.0000], score = 0.00      <et=95.83>
SB phase 1 cand. 90 branch on var x[(1, 6)]_0_5_0_OspV (lhs=0.0306)     : [ 1836.6087,  1848.5000], score = 1.07      <et=96.05>
SB phase 1 cand. 91 branch on var x[(18, 39)]_0_905_0_OspV (lhs=0.0306) : [ 1836.6087,  1841.9200], score = 0.48      <et=96.25>
SB phase 1 cand. 92 branch on var x[(21, 39)]_0_1028_0_OspV (lhs=0.9694): [ 1836.6077,  1842.9105], score = 0.56      <et=96.45>
SB phase 1 cand. 93 branch on var x[(24, 33)]_0_1136_0_OspV (lhs=0.0306): [ 1836.6077,  1842.3845], score = 0.52      <et=96.65>
SB phase 1 cand. 94 branch on var x[(6, 21)]_0_305_0_OspV (lhs=0.9694)  : [ 1836.6087,  1850.4687], score = 1.24      <et=96.9>
SB phase 1 cand. 95 branch on var x[(6, 26)]_0_310_0_OspV (lhs=0.0306)  : [ 1836.6077,  1843.0000], score = 0.57      <et=97.07>
SB phase 1 cand. 96 branch on var x[(6, 60)]_0_344_0_OspV (lhs=0.9694)  : [ 1836.6077,  1843.0000], score = 0.57      <et=97.24>
SB phase 1 cand. 97 branch on var x[(0, 36)]_0_1505_0_OspV (lhs=0.0278) : [ 1836.5273,  1841.3886], score = 0.04      <et=97.41>
SB phase 1 cand. 98 branch on var x[(3, 45)]_0_161_0_OspV (lhs=0.0278)  : [ 1836.5273,  1844.0000], score = 0.06      <et=97.6>
SB phase 1 cand. 99 branch on var x[(0, 19)]_0_927_0_OspV (lhs=0.0167)  : [ 1836.5235,  1838.1616], score = 0.01      <et=97.75>
SB phase 1 cand. 100 branch on var x[(17, 47)]_0_870_0_OspV (lhs=0.9833) : [ 1836.5235,  1843.0000], score = 0.03      <et=97.9>
**** Strong branching phase 2 is started *****
<DWph=1> <it= 60> <et=105.28> <Mt= 1.42> <Spt= 5.83> <nCl=847> <al=0.00> <DB= 1846.4080> <Mlp= 1846.4080> <PB=10000000> 
<DWph=1> <it=  3> <et=106.12> <Mt= 0.06> <Spt= 0.50> <nCl= 51> <al=0.00> <DB= 1836.6667> <Mlp= 1836.6667> <PB=10000000> 
SB phase 2 cand.  1 branch on var x[(18, 29)]_0_895_0_OspV (lhs=0.0917) : [ 1836.6667,  1846.4080], score = 1.46      <et=106.14>
Shrinking heuristic shrunk 56 edges
<DWph=1> <it= 74> <et=116.54> <Mt= 2.57> <Spt= 7.65> <nCl=1106> <al=0.00> <DB= 1841.1562> <Mlp= 1841.1562> <PB=1842> 
<DWph=1> <it=  6> <et=117.93> <Mt= 0.03> <Spt= 1.09> <nCl= 96> <al=0.00> <DB= 1837.1514> <Mlp= 1837.1514> <PB=1842> 
SB phase 2 cand.  2 branch on var x[(35, 60)]_0_1504_0_OspV (lhs=0.6167): [ 1837.1514,  1841.1562], score = 2.93      <et=117.96>
<DWph=1> <it= 41> <et=123.27> <Mt= 1.02> <Spt= 4.13> <nCl=547> <al=0.00> <DB= 1840.7050> <Mlp= 1840.7050> <PB=1842> 
<DWph=1> <it=  8> <et=124.79> <Mt= 0.05> <Spt= 1.30> <nCl=111> <al=0.00> <DB= 1837.1475> <Mlp= 1837.1475> <PB=1842> 
SB phase 2 cand.  3 branch on var x[(26, 60)]_0_1234_0_OspV (lhs=0.4139): [ 1837.1475,  1840.7050], score = 2.63      <et=124.81>
**** Strong branching phase 3 is started *****
**** SB phase 3 evaluation of candidate 1, branch 1 ( x[(35, 60)]_0_1504_0_OspV <= 0 ), value = 1841.16
<DWph=2> <it=  1> <et=125.09> <Mt= 0.00> <Spt= 0.08> <nCl= 11> <al=0.50> <DB= 1838.8559> <Mlp= 1841.1563> <PB=1842> 
<DWph=2> <it=  2> <et=125.17> <Mt= 0.01> <Spt= 0.07> <nCl=  8> <al=0.40> <DB= 1841.1562> <Mlp= 1841.1563> <PB=1842> 
<DWph=1> <it=  3> <et=125.42> <Mt= 0.00> <Spt= 0.25> <nCl= 10> <al=0.00> <DB= 1841.1562> <Mlp= 1841.1563> <PB=1842> 
    RCSP exact solver info for graph G_0 : TT = 0.83601, pt = 0.001019, dt = 0.699375, ct = 0.13333, ndl = 81010', bdl = 3121486', odl = 65880', odf = 3586516', bsi = 1587', cnt = 9618243', bdch = 60997310', odch = 45999438', lcp = 3477866', #sols = 150
<DWph=0> <it=  4> <et=126.29> <Mt= 0.00> <Spt= 0.86> <nCl=150> <al=0.30> <DB= 1442.0995> <Mlp= 1841.1562> <PB=1842> 
    RCSP exact solver info for graph G_0 : TT = 0.953517, pt = 0.001152, dt = 0.750473, ct = 0.200209, ndl = 88835', bdl = 3377049', odl = 64040', odf = 3962228', bsi = 1401', cnt = 14475822', bdch = 68315181', odch = 59332488', lcp = 4013928', #sols = 150
<DWph=0> <it=  5> <et=127.32> <Mt= 0.06> <Spt= 0.98> <nCl=124> <al=0.20> <DB= 1670.6024> <Mlp= 1841.1563> <PB=1842> 
    RCSP exact solver info for graph G_0 : TT = 0.98365, pt = 0.001173, dt = 0.782361, ct = 0.198276, ndl = 91556', bdl = 3485820', odl = 65802', odf = 4064038', bsi = 1340', cnt = 14498841', bdch = 72884884', odch = 62761546', lcp = 4261042', #sols = 150
<DWph=0> <it=  6> <et=128.37> <Mt= 0.05> <Spt= 1.00> <nCl= 78> <al=0.28> <DB= 1798.2526> <Mlp= 1841.1563> <PB=1842> 
    RCSP exact solver info for graph G_0 : TT = 0.976851, pt = 0.001127, dt = 0.782027, ct = 0.191843, ndl = 91861', bdl = 3513254', odl = 66207', odf = 4034148', bsi = 1328', cnt = 14324329', bdch = 73018218', odch = 63461978', lcp = 4288652', #sols = 150
<DWph=0> <it=  7> <et=129.37> <Mt= 0.01> <Spt= 0.99> <nCl= 81> <al=0.35> <DB= 1837.2999> <Mlp= 1841.1563> <PB=1842> 
    RCSP exact solver info for graph G_0 : TT = 1.11195, pt = 0.001539, dt = 0.894822, ct = 0.213645, ndl = 92586', bdl = 3550518', odl = 66855', odf = 4060574', bsi = 1335', cnt = 13873575', bdch = 75026904', odch = 62426684', lcp = 4278686', #sols = 150
<DWph=0> <it=  8> <et=130.54> <Mt= 0.05> <Spt= 1.12> <nCl= 68> <al=0.42> <DB= 1837.2205> <Mlp= 1841.1562> <PB=1842> 
    RCSP exact solver info for graph G_0 : TT = 1.08846, pt = 0.001546, dt = 0.877553, ct = 0.20723, ndl = 92492', bdl = 3544476', odl = 66207', odf = 4053013', bsi = 1321', cnt = 14016053', bdch = 73913090', odch = 63634629', lcp = 4331070', #sols = 150
<DWph=0> <it=  9> <et=131.65> <Mt= 0.01> <Spt= 1.10> <nCl= 16> <al=0.48> <DB= 1839.3240> <Mlp= 1841.1563> <PB=1842> 
    RCSP exact solver info for graph G_0 : TT = 1.13695, pt = 0.00141, dt = 0.920313, ct = 0.213387, ndl = 94901', bdl = 3621117', odl = 68632', odf = 4177522', bsi = 1290', cnt = 14272676', bdch = 78439809', odch = 66581100', lcp = 4535245', #sols = 150
<DWph=0> <it= 10> <et=132.80> <Mt= 0.00> <Spt= 1.15> <nCl= 32> <al=0.38> <DB= 1838.8446> <Mlp= 1841.1563> <PB=1842> 
    RCSP exact solver info for graph G_0 : TT = 1.10365, pt = 0.00157, dt = 0.887025, ct = 0.21313, ndl = 92223', bdl = 3527478', odl = 67023', odf = 4059926', bsi = 1336', cnt = 13608485', bdch = 73833459', odch = 63401733', lcp = 4336395', #sols = 150
    RCSP exact solver info for graph G_0 : TT = 0.985314, pt = 0.001188, dt = 0.803272, ct = 0.179071, ndl = 89385', bdl = 3424431', odl = 66417', odf = 3941589', bsi = 1342', cnt = 12431833', bdch = 70006625', odch = 58479810', lcp = 4090885', #sols = 150
<DWph=0> <it= 11> <et=134.92> <Mt= 0.00> <Spt= 2.11> <nCl=109> <al=0.00> <DB= 1839.2493> <Mlp= 1841.1563> <PB=1842> 
    RCSP exact solver info for graph G_0 : TT = 2.41228, pt = 0.001456, dt = 2.2082, ct = 0.200807, ndl = 92682', bdl = 3545311', odl = 67472', odf = 4081018', bsi = 1348', cnt = 13639789', bdch = 74503032', odch = 63613825', lcp = 4368210', #sols = 150
<DWph=0> <it= 12> <et=135.97> <Mt= 0.01> <Spt= 1.05> <nCl= 12> <al=0.34> <DB= 1840.9162> <Mlp= 1841.1562> <PB=1842> 
    RCSP exact solver info for graph G_0 : TT = 1.05222, pt = 0.001516, dt = 0.84087, ct = 0.207965, ndl = 92193', bdl = 3527261', odl = 67444', odf = 4062015', bsi = 1366', cnt = 13482371', bdch = 73729713', odch = 63293009', lcp = 4355464', #sols = 150
    RCSP exact solver info for graph G_0 : TT = 1.06674, pt = 0.001346, dt = 0.858277, ct = 0.205081, ndl = 92005', bdl = 3520948', odl = 66761', odf = 4066088', bsi = 1334', cnt = 13444412', bdch = 73123037', odch = 62943090', lcp = 4318181', #sols = 150
<DWph=0> <it= 13> <et=138.11> <Mt= 0.00> <Spt= 2.13> <nCl= 33> <al=0.00> <DB= 1841.1562> <Mlp= 1841.1562> <PB=1842> 
RCSP solver dynamic params and stats :  bidir.bord. = 375 aver.obdmd = 192.661 aver.buck.num. = 198 nbR1C = 62 with avMem = 16.9194
@@ 208 0 1841.16 1.13904 2.409 93.7559 138.11
ColGenEvalAlg final dual bound: 1841.16 (rounded: 1842)
Current active cuts : CAP(6,152.853) R1C(8+54,194.935) 1rowPackR1C(8) 3rowPackR1C(28) 4rowPackR1C(20) 5rowPackR1C(6)
**** SB phase 3 evaluation of candidate 1, branch 2 ( x[(35, 60)]_0_1504_0_OspV >= 1 ), value = 1837.15
<DWph=2> <it=  1> <et=138.63> <Mt= 0.01> <Spt= 0.17> <nCl=  5> <al=0.00> <DB= 1837.1514> <Mlp= 1837.1514> <PB=1842> 
<DWph=1> <it=  2> <et=138.89> <Mt= 0.00> <Spt= 0.26> <nCl=  0> <al=0.00> <DB= 1837.1514> <Mlp= 1837.1514> <PB=1842> 
    RCSP exact solver info for graph G_0 : TT = 1.16472, pt = 0.00148, dt = 0.96006, ct = 0.201148, ndl = 85096', bdl = 3242644', odl = 70919', odf = 4184584', bsi = 1146', cnt = 12420579', bdch = 62997456', odch = 62072014', lcp = 4830399', #sols = 150
<DWph=0> <it=  3> <et=140.09> <Mt= 0.00> <Spt= 1.19> <nCl=137> <al=0.30> <DB= 1605.5590> <Mlp= 1837.1514> <PB=1842> 
    RCSP exact solver info for graph G_0 : TT = 1.21831, pt = 0.001359, dt = 0.99132, ct = 0.223662, ndl = 89431', bdl = 3366477', odl = 73727', odf = 4413824', bsi = 1249', cnt = 14021108', bdch = 69430799', odch = 67394853', lcp = 5213191', #sols = 150
<DWph=0> <it=  4> <et=141.33> <Mt= 0.02> <Spt= 1.24> <nCl= 87> <al=0.20> <DB= 1832.9841> <Mlp= 1837.1124> <PB=1842> 
    RCSP exact solver info for graph G_0 : TT = 1.19178, pt = 0.001345, dt = 0.975909, ct = 0.212633, ndl = 90400', bdl = 3405067', odl = 73468', odf = 4442110', bsi = 1253', cnt = 13508265', bdch = 70117208', odch = 69970852', lcp = 5374795', #sols = 150
    RCSP exact solver info for graph G_0 : TT = 1.11964, pt = 0.001221, dt = 0.896221, ct = 0.220566, ndl = 90087', bdl = 3396486', odl = 72702', odf = 4454460', bsi = 1189', cnt = 13370660', bdch = 69045675', odch = 71753001', lcp = 5471350', #sols = 150
<DWph=0> <it=  5> <et=143.68> <Mt= 0.00> <Spt= 2.33> <nCl=124> <al=0.00> <DB= 1836.9741> <Mlp= 1837.1074> <PB=1842> 
    RCSP exact solver info for graph G_0 : TT = 1.11647, pt = 0.001435, dt = 0.905672, ct = 0.207588, ndl = 90245', bdl = 3401193', odl = 72733', odf = 4463687', bsi = 1197', cnt = 13408367', bdch = 69239802', odch = 72003145', lcp = 5475762', #sols = 150
    RCSP exact solver info for graph G_0 : TT = 1.08915, pt = 0.001115, dt = 0.878349, ct = 0.208096, ndl = 90332', bdl = 3405442', odl = 72777', odf = 4467880', bsi = 1190', cnt = 13431074', bdch = 69380231', odch = 72191562', lcp = 5493996', #sols = 150
<DWph=0> <it=  6> <et=145.90> <Mt= 0.01> <Spt= 2.22> <nCl=  7> <al=0.00> <DB= 1837.1074> <Mlp= 1837.1074> <PB=1842> 
RCSP solver dynamic params and stats :  bidir.bord. = 375 aver.obdmd = 192.661 aver.buck.num. = 198 nbR1C = 71 with avMem = 16.7606
@@ 209 0 1837.11 1.14687 1.21498 93.7559 145.9
RCSP      solver labels distribution in 4033 buckets (bucket size) : largest - 282, top 0.1% - 242, top 0.5% - 202, top 2% - 153, top 10% - 67, top 50% - 6
Reduced cost fixing for graph G_0...  TT = 0.779569, pt = 0.179657, dt = 0.597125, ct = 0, ndl = 136394', bdl = 1527049', odl = 29623', odf = 3156504', lpcb = 2559355', cnt = 13168788', bdch = 40917801', odch = 62763696', lcp = 3414329'
53247 buck. arcs remain (8.19% from prev., 7.68% from max.) + 30007 jump buck. arcs (4.33% from max.)
 TT = 1.79199, pt = 0.179657, dt = 0.597125, ct = 1.01232, ndl = 136394', bdl = 1527049', odl = 29623', odf = 3156504', lpcb = 2559355', cnt = 63944102', bdch = 40917801', odch = 62763696', lcp = 3414329'
RCSP      solver labels distribution in 7995 buckets (bucket size) : largest - 315, top 0.1% - 282, top 0.5% - 213, top 2% - 148, top 10% - 51, top 50% - 4
Run forward enumeration with border = 375... succeeded! lpt = 0.211649, ndl = 25664', dl = 4205', lpcb = 121246', dch = 49549'
Run enumeration concatenation with time limit 32.6268 sec.... succeeded!
Sorting and storing enumerated solutions ... done!
 TT = 0.339262, pt = 0, dt = 0.211649, ct = 0.08297, ndl = 25664', bdl = 4205', lpcb = 121246', cnt = 3860489', bdch = 49549', odch = 0', lcp = 0'
Enumeration succeeded!, number of elem. solutions is 11098
Estimating inspection time...     TT = 0.013785, performed by inspection with 11098 solutions, nbR1C = 71, nbDiscC = 0
Inspection time is low enough. Pricing will be done by inspection.
Added 1925 columns in the formulation 
Removed 7708 columns (not in the enumerated set) from the formulation
Regenerated 1925 columns with the 'enumerated' flag
<DWph=2> <it=  7> <et=148.40> <Mt= 0.05> <Spt= 0.00> <nCl=  0> <al=0.00> <DB= 1837.3000> <Mlp= 1837.3000> <PB=1842> 
<DWph=1> <it=  8> <et=148.40> <Mt= 0.00> <Spt= 0.00> <nCl=  0> <al=0.00> <DB= 1837.3000> <Mlp= 1837.3000> <PB=1842> 
    TT = 0.002693, performed by inspection with 11098 solutions, nbR1C = 50, nbDiscC = 0
<DWph=0> <it=  9> <et=148.42> <Mt= 0.00> <Spt= 0.02> <nCl=132> <al=0.30> <DB=   94.3000> <Mlp= 1837.3000> <PB=1842> 
    TT = 0.002784, performed by inspection with 11098 solutions, nbR1C = 64, nbDiscC = 0
<DWph=0> <it= 10> <et=148.47> <Mt= 0.04> <Spt= 0.01> <nCl= 28> <al=0.37> <DB= 1227.6520> <Mlp= 1837.2714> <PB=1842> 
    TT = 0.002707, performed by inspection with 11098 solutions, nbR1C = 64, nbDiscC = 0
<DWph=0> <it= 11> <et=148.48> <Mt= 0.00> <Spt= 0.01> <nCl= 14> <al=0.27> <DB= 1713.5542> <Mlp= 1837.2714> <PB=1842> 
    TT = 0.002589, performed by inspection with 11098 solutions, nbR1C = 64, nbDiscC = 0
<DWph=0> <it= 12> <et=148.49> <Mt= 0.00> <Spt= 0.01> <nCl=  9> <al=0.17> <DB= 1835.2351> <Mlp= 1837.2714> <PB=1842> 
    TT = 0.002476, performed by inspection with 11098 solutions, nbR1C = 64, nbDiscC = 0
    TT = 0.002435, performed by inspection with 11098 solutions, nbR1C = 61, nbDiscC = 0
<DWph=0> <it= 13> <et=148.51> <Mt= 0.01> <Spt= 0.01> <nCl= 25> <al=0.00> <DB= 1837.2524> <Mlp= 1837.2714> <PB=1842> 
    TT = 0.002862, performed by inspection with 11098 solutions, nbR1C = 61, nbDiscC = 0
<DWph=0> <it= 14> <et=148.52> <Mt= 0.00> <Spt= 0.01> <nCl= 17> <al=0.00> <DB= 1837.2714> <Mlp= 1837.2714> <PB=1842> 
RCSP solver dynamic params and stats :  bidir.bord. = 375 aver.obdmd = 192.661 aver.buck.num. = 198 nbR1C = 61 with avMem = 16.2131
@@ 209 0 1837.27 0.00264943 0.002862 0 148.52
Reduced cost fixing for graph G_0...  took 0 sec., done by inspection with 11098 solutions, remains 8931 (80.5%)
Removed 448 columns (not in the enumerated set) from the formulation
Added 8272 columns in the formulation 
    Full reduced cost fixing is not called (gap ratio is 0.95787)
ColGenEvalAlg final dual bound: 1837.27 (rounded: 1838)
Current active cuts : CAP(1+8,190.931) R1C(1+60,232.278) 1rowPackR1C(1) 3rowPackR1C(35) 4rowPackR1C(21) 5rowPackR1C(4)
----- Terminating the node by MIP -----
Version identifier: 22.1.2.0 | 2024-11-26 | 0edbb82fd
CPXPARAM_Advance                                 0
CPXPARAM_Preprocessing_Linear                    0
CPXPARAM_Threads                                 1
CPXPARAM_MIP_Strategy_CallbackReducedLP          0
CPXPARAM_MIP_Limits_Nodes                        2000000
CPXPARAM_Simplex_Tolerances_Optimality           9.9999999999999995e-08
CPXPARAM_Simplex_Tolerances_Feasibility          9.9999999999999995e-08
CPXPARAM_TimeLimit                               360000
CPXPARAM_MIP_Tolerances_UpperCutoff              1841.0000010000001
CPXPARAM_MIP_Tolerances_MIPGap                   1.0000000000000001e-09
Legacy callback                                  L
Warning: Control callbacks may disable some MIP features.
Tried aggregator 1 time.
MIP Presolve eliminated 41 rows and 179 columns.
MIP Presolve modified 11073 coefficients.
Reduced MIP has 130 rows, 9795 columns, and 317323 nonzeros.
Reduced MIP has 9795 binaries, 0 generals, 0 SOSs, and 0 indicators.
Presolve time = 0.21 sec. (313.18 ticks)
Probing fixed 597 vars, tightened 0 bounds.
Probing time = 0.96 sec. (2430.41 ticks)
Clique table members: 9436.
MIP emphasis: balance optimality and feasibility.
MIP search method: traditional branch-and-cut.
Parallel mode: none, using 1 thread.
Root relaxation solution time = 0.08 sec. (128.84 ticks)

        Nodes                                         Cuts/
   Node  Left     Objective  IInf  Best Integer    Best Bound    ItCnt     Gap         Variable B NodeID Parent  Depth

      0     0     1837.4412    37                   1837.4412      672         
      0     0     1838.2218    58                    Cuts: 16      915         
      0     0     1838.4393    57                    Cuts: 19     1077         
      0     0     1838.7467    60                    Cuts: 21     1298         
      0     0     1838.9423    60                    Cuts: 17     1434         
Shrinking heuristic shrunk 56 edges
*     0     0      integral     0     1839.0000      Cuts: 17     1498    0.00%
      0     0        cutoff           1839.0000     1839.0000     1498    0.00%                        0             0
Elapsed time = 4.13 sec. (13997.16 ticks, tree = 0.01 MB, solutions = 1)

Clique cuts applied:  20
Zero-half cuts applied:  10
Gomory fractional cuts applied:  1

Root node processing (before b&c):
  Real time             =    4.13 sec. (13998.53 ticks)
Sequential b&c:
  Real time             =    0.00 sec. (0.00 ticks)
                          ------------
Total (root+branch&cut) =    4.13 sec. (13998.53 ticks)
Solution status = Optimum
Shrinking heuristic shrunk 56 edges
 SB phase 3 candidate 1 is conquered !
SB with phases chosed candidate var x[(35, 60)]_0_1504_0_OspV (lhs=0.616667)
New model incumbent solution 1839, TIME = 0h2m33s28t = 15328
************************************************************************************************
Search is finished, global bounds : [ 1839 , 1839 ], TIME = 0h2m33s29t = 15329
************************************************************************************************
[32mBaPCod : solution defined.[00m
statistics_cols: instance & :Optimal & cutoff & :bcRecRootDb & :bcTimeRootEval & :bcCountNodeProc & :bcRecBestDb & :bcRecBestInc & :bcTimeMain \\
statistics: instance_27-triangle & 1 & 1.0e7 & 1837.00 & 78.01 & 3 & 1839.00 & 1839 & 153.29 \\
########################################################
Route #1: 1 39 21 6 60 35 41 14 11 34 20 5 43 25 18 33 24 29 
Route #2: 2 19 12 10 26 22 31 44 30 13 38 56 47 17 9 48 
Route #3: 7 50 45 36 4 8 49 53 
Route #4: 27 3 28 15 52 54 59 46 32 51 23 58 37 16 42 40 57 55 
Cost 1839
########################################################

end_time=2026-04-19 23:18:24
exit_code=0
