instance_file=/mnt/c/Users/porin/OneDrive/Documentos/Python-Mestrado/Modelagem Matemática/Programação Inteira - Uchoa/Problema VRPRDL/instancias_turco/VRPRDL-triangle/vrp_convertidos/instance_32-triangle.vrp
instance_name=instance_32-triangle
start_time=2026-04-20 01:02:41

  Activating project at `~/VRPSolver/VRPSolverDemos`
Application parameters:
  batch  =>  nothing
  instance  =>  "/mnt/c/Users/porin/OneDrive/Documentos/Python-Mestrado/Modelagem Matemática/Programação Inteira - Uchoa/Problema VRPRDL/instancias_turco/VRPRDL-triangle/vrp_convertidos/instance_32-triangle.vrp"
  noround  =>  false
  cfg  =>  "/home/poringman/VRPSolver/VRPSolverDemos/src/../config/CVRP.cfg"
  edge_cuts  =>  false
  out  =>  nothing
  ub  =>  1.0e7
  cluster_branching  =>  1.0
  sol  =>  nothing
  single_resource  =>  false
  strong_kpath_cuts  =>  false
  tikz  =>  nothing
  maxr  =>  999
  update  =>  false
  show_complete_form  =>  false
  nosolve  =>  false
  minr  =>  1
  low_edge_priority  =>  false
~~~~~~~~~~~~~~~~~~~~~~~~~~~~~~~~~~~~~~~~~~~~~~~~~~~~~~~~~~~~~~~~~~~~~~~~~~~~~~~~~~~~~
GIT VERSION RCSP: 
GIT BRANCH: 
~~~~~~~~~~~~~~~~~~~~~~~~~~~~~~~~~~~~~~~~~~~~~~~~~~~~~~~~~~~~~~~~~~~~~~~~~~~~~~~~~~~~~
VRPSolver v0.6.16, 10/11/2025, © Inria Bordeaux, France, vrpsolver.math.u-bordeaux.fr
      Corresponds to the solver by Pessoa, Sadykov, Uchoa and Vanderbeck (2020)
                 Paper: dx.doi.org/10.1007/s10107-020-01523-z
~~~~~~~~~~~~~~~~~~~~~~~~~~~~~~~~~~~~~~~~~~~~~~~~~~~~~~~~~~~~~~~~~~~~~~~~~~~~~~~~~~~~~
GIT VERSION BAPCOD: a7cb21f19424236c9d0da5dcf94961797a519470
GIT BRANCH: main
~~~~~~~~~~~~~~~~~~~~~~~~~~~~~~~~~~~~~~~~~~~~~~~~~~~~~~~~~~~~~~~~~~~~~~~~~~~~~~~~~~~~~
   BaPCod v0.84, 10/11/2025, © Inria Bordeaux, France, bapcod.math.u-bordeaux.fr 
           THIS CODE IS PROVIDED AS IS, USE IT AT YOUR OWN RISK
~~~~~~~~~~~~~~~~~~~~~~~~~~~~~~~~~~~~~~~~~~~~~~~~~~~~~~~~~~~~~~~~~~~~~~~~~~~~~~~~~~~~~
--- MAIN PARAMETERS ---
GlobalTimeLimitInTick = 2147483645
GlobalTimeLimit = 21474836
ClockType = 0
MaxNbOfBBtreeNodeTreated = 100000
optimalityGapTolerance = 1e-06
relOptimalityGapTolerance = 1e-09
ApplyPreprocessing = false
PreprocessVariablesLocalBounds = false
treeSearchStrategy = 1
OpenNodesLimit = 1000
DEFAULTPRINTLEVEL = 0
--- MIP SOLVER PARAMETERS ---
solverName = CPLEX_SOLVER
MipSolverMaxBBNodes = 2000000
MipSolverMaxTime = 360000
MipSolverMultiThread = 1
--- COLUMN GENERATION PARAMETERS ---
SolverSelectForMast = a
  colGenSubProbSolMode = customSolver
mastInitMode = localArtCol
ArtVarPenaltyUpdateFactor = 2
ArtVarMaxNbOfPenaltyUpdates = 5
MaxNbOfStagesInColGenProcedure = 3
GenerateProperColumns = false
InsertAllGeneratedColumnsInFormRatherThanInPool = true
InsertNewNonNegColumnsDirectlyInFormRatherThanInPool = true
ColumnCleanupThreshold = 10000
ColumnCleanupRatio = 0.66
ReducedCostFixingThreshold = 0.9
--- CUT GENERATION PARAMETERS ---
MasterCuttingPlanesDepthLimit = 1000
MaxNbOfCutGeneratedAtEachIter = 1000
CutTailingOffThreshold = 0.015
CutTailingOffCounterThreshold = 3
CutCleanupThreshold = 1
CutCleanupRatio = 0.66
ColGenSpRelaxationImprovementPriority = 0
--- STABILIZATION PARAMETERS ---
colGenDualPriceSmoothingAlphaFactor = 1
colGenDualPriceSmoothingBetaFactor = 0
colGenStabilizationFunctionType = none
colGenProximalStabilizationRule = undefined
StabilFuncKappa = 1
colGenStabilizationMaxTreeDepth = 10000
StabilizationMinPhaseOfStage = 0
--- PRIMAL HEURISTIC PARAMETERS ---
UseInitialPrimalHeur = false
MaxTimeForRestrictedMasterIpHeur = -1
CallFrequencyOfRestrictedMasterIpHeur = 5
MIPemphasisInRestrictedMasterIpHeur = 1
PolishingAfterTimeInRestrictedMasterIpHeur = -1
DivingHeurUseDepthLimit = -1
CallFrequencyOfDivingHeur = 1
LeastFractional
Closest2RoundUp
LeastGreedyCost
LeastCost
FixIntValBeforeRoundingHeur = true
MaxNbOfCgIteDuringRh = 5000
MaxLDSbreadth = 0
MaxLDSdepth = 0
DivingHeurStopsWithFirstFeasSol = false
DivingHeurPreprocessBeforeChoosingVar = false
StrongDivingCandidatesNumber = 1
EvalAlgParamsInDiving = max#cand. = 1 max#cg.iters = 10000 min.lvl.sp.restr. = 1 min#cut.rounds = 0 max#cut.rounds = 0 red.cost.fix&enum. = false tree.size.ratio = 1
LocalSearchHeurUseDepthLimit = -1
LeastFractional
Closest2RoundUp
LeastGreedyCost
LeastCost
MaxFactorOfColFixedByLocalSearchHeur = 0.8
MaxLocalSearchIterationCounter = 3
--- STRONG BRANCHING PARAMETERS ---
SimplifiedStrongBranchingParameterisation = true
StrongBranchingPhaseOneCandidatesNumber = 100
StrongBranchingPhaseOneTreeSizeEstimRatio = 0.2
StrongBranchingPhaseTwoCandidatesNumber = 3
StrongBranchingPhaseTwoTreeSizeEstimRatio = 0.02
SafeDualBoundScaleFactor = -1
StrongBranchingPhaseOne = max#cand. = 100 max#cg.iters = 0 min.lvl.sp.restr. = 0 min#cut.rounds = 0 max#cut.rounds = 0 red.cost.fix&enum. = false tree.size.ratio = 0.2
StrongBranchingPhaseTwo = max#cand. = 3 max#cg.iters = 10000 min.lvl.sp.restr. = 1 min#cut.rounds = 0 max#cut.rounds = 0 red.cost.fix&enum. = false tree.size.ratio = 0.02
StrongBranchingPhaseThree = max#cand. = 1 max#cg.iters = 10000 min.lvl.sp.restr. = 0 min#cut.rounds = 0 max#cut.rounds = 10000 red.cost.fix&enum. = true tree.size.ratio = 1
StrongBranchingPhaseFour =not active
--- DEBUG OUTPUT PARAMETERS ---
printMasterPrimalSols = 0
--- VRPSOLVER PARAMETERS ---
RCSPstopCutGenTimeThresholdInPricing = 10
RCSPhardTimeThresholdInPricing = 25
RCSPredCostFixingTimeThreshold = 100
RCSPnumberOfBucketsPerVertex = 25
RCSPdynamicBucketSteps = 1
RCSPuseBidirectionalSearch = 2
RCSPapplyReducedCostFixing = 1
RCSPmaxNumOfColsPerIteration = 30
RCSPmaxNumOfColsPerExactIteration = 150
RCSPmaxNumOfLabelsInEnumeration = 500000
RCSPmaxNumOfLabelsInHeurEnumeration = 0
RCSPmaxNumOfEnumeratedSolutions = 5000000
RCSPmaxNumOfEnumSolutionsForMIP = 10000
RCSPmaxNumOfEnumSolsForEndOfNodeMIP = 10000
RCSPinitNGneighbourhoodSize = 8
RCSPmaxNGneighbourhoodSize = 8
RCSPrankOneCutsMaxNumRows = 5
RCSPrankOneCutsMaxNumPerRound = 100
RCSPrankOneCutsMemoryType = 0
RCSPrankOneCutsLSnumIterations = 1000
RCSPallowRoutesWithSameVerticesSet = true
RCSPredCostFixingFalseGap = 0
SafeDualBoundScaleFactor = -1
RCSPmaxNumOfLabelsInHeurEnumeration = 0
MaxNumEnumSolsInRestrictedMasterIpHeur = 5000

prName & bcTimeMain \\ 
New model incumbent solution 1e+07, TIME = 0h0m0s44t = 44
RCSP solver info : size of non-robust cut bitmask in a label is 640 bits
Bucket steps were recalculated for graph G_0 : [30]
RCSP solver info : symmetric case is detected for graph G_0! 
Bidirectional border value is initialised to 375
RCSP solver info : number of forw. reachable buckets / buck. strongly connected components is 3106( 97.9193% ) / 2581( 83.0972% )
RCSP solver info: std. label size is 56, ext. label size is 136
Generating neighbourhoods for rank-1 cuts separation
Building structures for 4- and 5-row rank-1 packing cut separation...done!
Model is built TIME = 0h0m0s49t = 49
************************************************************************************************
**** BaB tree root node
**** Local DB = -1e+12, global bounds : [ -1e+12 , 1e+07 ], TIME = 0h0m0s49t = 49
**** 1 open nodes, 0 columns (0 active), 0 dyn. constrs. (0 active), 242 art. vars. (242 active)
************************************************************************************************
--------------------------------------------------------------------------
BaPCod info : first we run the root node with rank-1 cuts with node memory
--------------------------------------------------------------------------
#<DWph=2> <it=  1> <et=0.50> <Mt= 0.00> <Spt= 0.00> <nCl= 30> <al=0.00> <DB=-69119925720.0000> <Mlp=2988000000.0000> <PB=10000000> 
#<DWph=2> <it=  2> <et=0.50> <Mt= 0.00> <Spt= 0.01> <nCl= 30> <al=0.55> <DB=-66324140175.6000> <Mlp=2800800232.0000> <PB=10000000> 
#<DWph=2> <it=  3> <et=0.51> <Mt= 0.00> <Spt= 0.01> <nCl= 30> <al=0.60> <DB=-66379523446.0395> <Mlp=2766800381.8333> <PB=10000000> 
#<DWph=2> <it=  4> <et=0.52> <Mt= 0.00> <Spt= 0.01> <nCl= 30> <al=0.64> <DB=-66386600388.3990> <Mlp=2731250549.3958> <PB=10000000> 
#<DWph=2> <it=  5> <et=0.53> <Mt= 0.00> <Spt= 0.01> <nCl= 30> <al=0.67> <DB=-56158833810.6806> <Mlp=2687475999.4094> <PB=10000000> 
#<DWph=2> <it=  6> <et=0.54> <Mt= 0.00> <Spt= 0.00> <nCl= 30> <al=0.57> <DB=-54046987971.8791> <Mlp=2668128615.6647> <PB=10000000> 
#<DWph=2> <it=  7> <et=0.55> <Mt= 0.00> <Spt= 0.01> <nCl= 30> <al=0.61> <DB=-49603801120.2852> <Mlp=2553960990.9200> <PB=10000000> 
#<DWph=2> <it=  8> <et=0.56> <Mt= 0.00> <Spt= 0.01> <nCl= 30> <al=0.51> <DB=-49470043114.7920> <Mlp=2470077525.7047> <PB=10000000> 
#<DWph=2> <it=  9> <et=0.56> <Mt= 0.00> <Spt= 0.01> <nCl= 30> <al=0.56> <DB=-47053089067.4975> <Mlp=2322201698.0056> <PB=10000000> 
#<DWph=2> <it= 10> <et=0.57> <Mt= 0.00> <Spt= 0.01> <nCl= 30> <al=0.46> <DB=-49094416478.4697> <Mlp=2182729460.0091> <PB=10000000> 
#<DWph=2> <it= 11> <et=0.58> <Mt= 0.00> <Spt= 0.01> <nCl= 30> <al=0.52> <DB=-49133876991.4543> <Mlp=2088225699.3093> <PB=10000000> 
#<DWph=2> <it= 12> <et=0.59> <Mt= 0.00> <Spt= 0.00> <nCl= 30> <al=0.57> <DB=-45138192235.2558> <Mlp=2028133125.1368> <PB=10000000> 
#<DWph=2> <it= 13> <et=0.60> <Mt= 0.00> <Spt= 0.01> <nCl= 30> <al=0.61> <DB=-43800338920.3059> <Mlp=1954073642.0625> <PB=10000000> 
#<DWph=2> <it= 14> <et=0.61> <Mt= 0.00> <Spt= 0.01> <nCl= 30> <al=0.65> <DB=-42817468389.5880> <Mlp=1900270101.4698> <PB=10000000> 
#<DWph=2> <it= 15> <et=0.62> <Mt= 0.00> <Spt= 0.01> <nCl= 30> <al=0.68> <DB=-43079512520.2589> <Mlp=1732095359.5000> <PB=10000000> 
#<DWph=2> <it= 16> <et=0.63> <Mt= 0.00> <Spt= 0.01> <nCl= 30> <al=0.71> <DB=-38276806201.8850> <Mlp=1693994263.8477> <PB=10000000> 
#<DWph=2> <it= 17> <et=0.64> <Mt= 0.00> <Spt= 0.01> <nCl= 30> <al=0.74> <DB=-40937289079.2482> <Mlp=1658166014.1924> <PB=10000000> 
#<DWph=2> <it= 18> <et=0.65> <Mt= 0.00> <Spt= 0.00> <nCl= 30> <al=0.77> <DB=-37135055461.4307> <Mlp=1598458297.1920> <PB=10000000> 
#<DWph=2> <it= 19> <et=0.66> <Mt= 0.01> <Spt= 0.01> <nCl= 30> <al=0.67> <DB=-39907506086.3278> <Mlp=1534036729.7437> <PB=10000000> 
#<DWph=2> <it= 20> <et=0.67> <Mt= 0.00> <Spt= 0.01> <nCl= 30> <al=0.70> <DB=-35456011907.6148> <Mlp=1491188516.0066> <PB=10000000> 
#<DWph=2> <it= 21> <et=0.68> <Mt= 0.00> <Spt= 0.01> <nCl= 30> <al=0.73> <DB=-37517675999.9221> <Mlp=1423467103.2710> <PB=10000000> 
#<DWph=2> <it= 22> <et=0.69> <Mt= 0.00> <Spt= 0.01> <nCl= 30> <al=0.76> <DB=-34178520517.1135> <Mlp=1364473878.4073> <PB=10000000> 
#<DWph=2> <it= 23> <et=0.70> <Mt= 0.00> <Spt= 0.01> <nCl= 30> <al=0.78> <DB=-34423855557.4194> <Mlp=1117666840.5468> <PB=10000000> 
#<DWph=2> <it= 24> <et=0.71> <Mt= 0.00> <Spt= 0.00> <nCl= 30> <al=0.80> <DB=-34605833178.5693> <Mlp=999317263.7209> <PB=10000000> 
#<DWph=2> <it= 25> <et=0.72> <Mt= 0.00> <Spt= 0.01> <nCl= 30> <al=0.82> <DB=-34912742745.1994> <Mlp=798860855.7474> <PB=10000000> 
#<DWph=2> <it= 26> <et=0.73> <Mt= 0.01> <Spt= 0.01> <nCl= 30> <al=0.84> <DB=-34164287873.7717> <Mlp=739974448.4381> <PB=10000000> 
#<DWph=2> <it= 27> <et=0.74> <Mt= 0.00> <Spt= 0.01> <nCl= 30> <al=0.74> <DB=-33744133457.9689> <Mlp=707856383.1708> <PB=10000000> 
#<DWph=2> <it= 28> <et=0.75> <Mt= 0.00> <Spt= 0.01> <nCl= 30> <al=0.77> <DB=-33684756166.9626> <Mlp=650048431.9267> <PB=10000000> 
#<DWph=2> <it= 29> <et=0.76> <Mt= 0.00> <Spt= 0.01> <nCl= 30> <al=0.79> <DB=-35249518337.8428> <Mlp=583640445.7310> <PB=10000000> 
#<DWph=2> <it= 30> <et=0.77> <Mt= 0.00> <Spt= 0.00> <nCl= 30> <al=0.69> <DB=-32191369921.6259> <Mlp=571525532.7257> <PB=10000000> 
#<DWph=2> <it= 31> <et=0.78> <Mt= 0.01> <Spt= 0.01> <nCl= 30> <al=0.59> <DB=-31942776010.1781> <Mlp=530121402.1612> <PB=10000000> 
#<DWph=2> <it= 32> <et=0.79> <Mt= 0.00> <Spt= 0.01> <nCl= 30> <al=0.63> <DB=-30692196901.1842> <Mlp=501781632.1786> <PB=10000000> 
#<DWph=2> <it= 33> <et=0.80> <Mt= 0.00> <Spt= 0.01> <nCl= 30> <al=0.67> <DB=-32536142373.9615> <Mlp=499639256.1652> <PB=10000000> 
#<DWph=2> <it= 34> <et=0.81> <Mt= 0.00> <Spt= 0.01> <nCl= 30> <al=0.70> <DB=-30239683831.3186> <Mlp=467508892.2804> <PB=10000000> 
#<DWph=2> <it= 35> <et=0.82> <Mt= 0.00> <Spt= 0.01> <nCl= 30> <al=0.73> <DB=-29364844680.6181> <Mlp=446069877.0855> <PB=10000000> 
#<DWph=2> <it= 36> <et=0.83> <Mt= 0.01> <Spt= 0.01> <nCl= 30> <al=0.76> <DB=-28791957813.0958> <Mlp=382458622.3176> <PB=10000000> 
#<DWph=2> <it= 37> <et=0.85> <Mt= 0.00> <Spt= 0.00> <nCl= 30> <al=0.78> <DB=-29873271512.0104> <Mlp=342129710.9174> <PB=10000000> 
#<DWph=2> <it= 38> <et=0.86> <Mt= 0.00> <Spt= 0.01> <nCl= 30> <al=0.80> <DB=-29478544806.3301> <Mlp=313673913.5964> <PB=10000000> 
#<DWph=2> <it= 39> <et=0.87> <Mt= 0.01> <Spt= 0.01> <nCl= 30> <al=0.82> <DB=-28434077423.4985> <Mlp=291826342.4313> <PB=10000000> 
#<DWph=2> <it= 40> <et=0.88> <Mt= 0.00> <Spt= 0.01> <nCl= 30> <al=0.72> <DB=-26592372423.8616> <Mlp=245892391.7514> <PB=10000000> 
#<DWph=2> <it= 41> <et=0.89> <Mt= 0.00> <Spt= 0.01> <nCl= 30> <al=0.62> <DB=-30361607297.0369> <Mlp=199984245.4718> <PB=10000000> 
#<DWph=2> <it= 42> <et=0.90> <Mt= 0.01> <Spt= 0.00> <nCl= 30> <al=0.66> <DB=-27034658317.6924> <Mlp=187663130.6072> <PB=10000000> 
#<DWph=2> <it= 43> <et=0.91> <Mt= 0.00> <Spt= 0.01> <nCl= 30> <al=0.70> <DB=-26477686532.3438> <Mlp=156593286.9676> <PB=10000000> 
#<DWph=2> <it= 44> <et=0.93> <Mt= 0.01> <Spt= 0.01> <nCl= 30> <al=0.60> <DB=-25663131822.6432> <Mlp=97138445.0858> <PB=10000000> 
#<DWph=2> <it= 45> <et=0.94> <Mt= 0.00> <Spt= 0.01> <nCl= 30> <al=0.64> <DB=-23931845336.0646> <Mlp=82797149.6544> <PB=10000000> 
#<DWph=2> <it= 46> <et=0.95> <Mt= 0.00> <Spt= 0.01> <nCl= 30> <al=0.67> <DB=-24190330263.1416> <Mlp=48444490.6785> <PB=10000000> 
#<DWph=2> <it= 47> <et=0.97> <Mt= 0.01> <Spt= 0.00> <nCl= 30> <al=0.70> <DB=-21468688182.0427> <Mlp=9997567.3363> <PB=10000000> 
#<DWph=2> <it= 48> <et=0.99> <Mt= 0.00> <Spt= 0.02> <nCl= 23> <al=0.21> <DB=-3424280735.4222> <Mlp=6342659.6726> <PB=10000000> 
#<DWph=2> <it= 49> <et=1.00> <Mt= 0.01> <Spt= 0.01> <nCl= 30> <al=0.50> <DB=-1035275754.2464> <Mlp=6290448.3973> <PB=10000000> 
#<DWph=2> <it= 50> <et=1.01> <Mt= 0.00> <Spt= 0.00> <nCl= 30> <al=0.40> <DB=-95002573.2653> <Mlp=6085194.5206> <PB=10000000> 
<DWph=2> <it= 51> <et=1.03> <Mt= 0.01> <Spt= 0.02> <nCl= 30> <al=0.00> <DB=-314300.0677> <Mlp= 8021.6877> <PB=10000000> 
<DWph=2> <it= 52> <et=1.04> <Mt= 0.01> <Spt= 0.00> <nCl= 30> <al=0.20> <DB=-302254.4839> <Mlp= 7922.1053> <PB=10000000> 
<DWph=2> <it= 53> <et=1.05> <Mt= 0.00> <Spt= 0.01> <nCl= 30> <al=0.28> <DB=-220201.3329> <Mlp= 7781.9675> <PB=10000000> 
<DWph=2> <it= 54> <et=1.07> <Mt= 0.00> <Spt= 0.01> <nCl= 30> <al=0.18> <DB=-327028.2931> <Mlp= 7611.1754> <PB=10000000> 
<DWph=2> <it= 55> <et=1.08> <Mt= 0.01> <Spt= 0.01> <nCl= 30> <al=0.27> <DB=-184073.8880> <Mlp= 7575.0852> <PB=10000000> 
<DWph=2> <it= 56> <et=1.09> <Mt= 0.00> <Spt= 0.01> <nCl= 30> <al=0.17> <DB=-163818.4720> <Mlp= 7440.4671> <PB=10000000> 
<DWph=2> <it= 57> <et=1.10> <Mt= 0.00> <Spt= 0.01> <nCl= 30> <al=0.25> <DB=-201083.3960> <Mlp= 7254.4847> <PB=10000000> 
<DWph=2> <it= 58> <et=1.11> <Mt= 0.01> <Spt= 0.01> <nCl= 30> <al=0.32> <DB=-154572.6185> <Mlp= 7205.8009> <PB=10000000> 
<DWph=2> <it= 59> <et=1.13> <Mt= 0.00> <Spt= 0.00> <nCl= 30> <al=0.39> <DB=-163973.3418> <Mlp= 6954.7120> <PB=10000000> 
<DWph=2> <it= 60> <et=1.14> <Mt= 0.01> <Spt= 0.01> <nCl= 30> <al=0.45> <DB=-151506.8194> <Mlp= 6765.3170> <PB=10000000> 
<DWph=2> <it= 61> <et=1.16> <Mt= 0.00> <Spt= 0.01> <nCl= 30> <al=0.51> <DB=-153476.6953> <Mlp= 6600.5700> <PB=10000000> 
<DWph=2> <it= 62> <et=1.18> <Mt= 0.01> <Spt= 0.01> <nCl= 30> <al=0.56> <DB=-152822.8510> <Mlp= 6505.4728> <PB=10000000> 
<DWph=2> <it= 63> <et=1.21> <Mt= 0.02> <Spt= 0.01> <nCl= 30> <al=0.60> <DB=-147526.4923> <Mlp= 6404.7080> <PB=10000000> 
<DWph=2> <it= 64> <et=1.25> <Mt= 0.03> <Spt= 0.01> <nCl= 30> <al=0.64> <DB=-144568.2559> <Mlp= 6351.0250> <PB=10000000> 
<DWph=2> <it= 65> <et=1.26> <Mt= 0.01> <Spt= 0.01> <nCl= 30> <al=0.68> <DB=-132415.5282> <Mlp= 6303.4049> <PB=10000000> 
<DWph=2> <it= 66> <et=1.27> <Mt= 0.00> <Spt= 0.01> <nCl= 30> <al=0.71> <DB=-127182.3620> <Mlp= 6243.2453> <PB=10000000> 
<DWph=2> <it= 67> <et=1.29> <Mt= 0.00> <Spt= 0.01> <nCl= 30> <al=0.74> <DB=-115049.2735> <Mlp= 6197.7778> <PB=10000000> 
<DWph=2> <it= 68> <et=1.30> <Mt= 0.01> <Spt= 0.01> <nCl= 30> <al=0.76> <DB=-101387.7931> <Mlp= 5978.6394> <PB=10000000> 
<DWph=2> <it= 69> <et=1.32> <Mt= 0.00> <Spt= 0.01> <nCl= 30> <al=0.79> <DB=-95933.4919> <Mlp= 5866.1559> <PB=10000000> 
<DWph=2> <it= 70> <et=1.33> <Mt= 0.01> <Spt= 0.00> <nCl= 30> <al=0.81> <DB=-90139.7035> <Mlp= 5751.9583> <PB=10000000> 
<DWph=2> <it= 71> <et=1.34> <Mt= 0.00> <Spt= 0.01> <nCl= 30> <al=0.83> <DB=-77547.9194> <Mlp= 5482.7117> <PB=10000000> 
<DWph=2> <it= 72> <et=1.36> <Mt= 0.01> <Spt= 0.01> <nCl= 30> <al=0.85> <DB=-77378.1942> <Mlp= 5290.7241> <PB=10000000> 
<DWph=2> <it= 73> <et=1.37> <Mt= 0.01> <Spt= 0.01> <nCl= 30> <al=0.75> <DB=-86305.6094> <Mlp= 5210.7787> <PB=10000000> 
<DWph=2> <it= 74> <et=1.38> <Mt= 0.00> <Spt= 0.01> <nCl= 30> <al=0.77> <DB=-73537.5589> <Mlp= 5130.4511> <PB=10000000> 
<DWph=2> <it= 75> <et=1.40> <Mt= 0.01> <Spt= 0.01> <nCl= 30> <al=0.79> <DB=-73976.6957> <Mlp= 4958.4159> <PB=10000000> 
<DWph=2> <it= 76> <et=1.41> <Mt= 0.00> <Spt= 0.00> <nCl= 30> <al=0.81> <DB=-72058.7492> <Mlp= 4832.0916> <PB=10000000> 
<DWph=2> <it= 77> <et=1.42> <Mt= 0.00> <Spt= 0.01> <nCl= 30> <al=0.83> <DB=-75617.4839> <Mlp= 4832.0883> <PB=10000000> 
<DWph=2> <it= 78> <et=1.43> <Mt= 0.01> <Spt= 0.01> <nCl= 30> <al=0.85> <DB=-66241.4108> <Mlp= 4700.6378> <PB=10000000> 
<DWph=2> <it= 79> <et=1.45> <Mt= 0.00> <Spt= 0.01> <nCl= 30> <al=0.86> <DB=-67493.5031> <Mlp= 4634.7136> <PB=10000000> 
<DWph=2> <it= 80> <et=1.46> <Mt= 0.00> <Spt= 0.01> <nCl= 30> <al=0.88> <DB=-58137.7185> <Mlp= 4511.2781> <PB=10000000> 
<DWph=2> <it= 81> <et=1.47> <Mt= 0.01> <Spt= 0.01> <nCl= 30> <al=0.78> <DB=-55978.6501> <Mlp= 4364.4569> <PB=10000000> 
<DWph=2> <it= 82> <et=1.49> <Mt= 0.01> <Spt= 0.00> <nCl= 30> <al=0.80> <DB=-50428.0053> <Mlp= 4303.0139> <PB=10000000> 
<DWph=2> <it= 83> <et=1.50> <Mt= 0.00> <Spt= 0.01> <nCl= 30> <al=0.70> <DB=-44673.1006> <Mlp= 4219.0027> <PB=10000000> 
<DWph=2> <it= 84> <et=1.51> <Mt= 0.01> <Spt= 0.01> <nCl= 30> <al=0.73> <DB=-45642.5432> <Mlp= 4164.7760> <PB=10000000> 
<DWph=2> <it= 85> <et=1.53> <Mt= 0.00> <Spt= 0.01> <nCl= 30> <al=0.76> <DB=-37900.7245> <Mlp= 4154.4954> <PB=10000000> 
<DWph=2> <it= 86> <et=1.54> <Mt= 0.01> <Spt= 0.01> <nCl= 30> <al=0.78> <DB=-32385.1143> <Mlp= 4023.0729> <PB=10000000> 
<DWph=2> <it= 87> <et=1.56> <Mt= 0.00> <Spt= 0.01> <nCl= 30> <al=0.80> <DB=-29836.4125> <Mlp= 3925.9652> <PB=10000000> 
<DWph=2> <it= 88> <et=1.57> <Mt= 0.01> <Spt= 0.01> <nCl= 30> <al=0.82> <DB=-30036.7424> <Mlp= 3886.5872> <PB=10000000> 
<DWph=2> <it= 89> <et=1.59> <Mt= 0.00> <Spt= 0.00> <nCl= 30> <al=0.84> <DB=-25944.0825> <Mlp= 3864.7890> <PB=10000000> 
<DWph=2> <it= 90> <et=1.60> <Mt= 0.01> <Spt= 0.01> <nCl= 30> <al=0.74> <DB=-23211.5883> <Mlp= 3809.5764> <PB=10000000> 
<DWph=2> <it= 91> <et=1.61> <Mt= 0.00> <Spt= 0.01> <nCl= 30> <al=0.77> <DB=-23567.8011> <Mlp= 3730.9668> <PB=10000000> 
<DWph=2> <it= 92> <et=1.63> <Mt= 0.01> <Spt= 0.01> <nCl= 30> <al=0.79> <DB=-20479.3659> <Mlp= 3660.5689> <PB=10000000> 
<DWph=2> <it= 93> <et=1.64> <Mt= 0.00> <Spt= 0.01> <nCl= 30> <al=0.81> <DB=-20144.9153> <Mlp= 3584.5018> <PB=10000000> 
<DWph=2> <it= 94> <et=1.65> <Mt= 0.01> <Spt= 0.01> <nCl= 30> <al=0.83> <DB=-19734.6905> <Mlp= 3522.6781> <PB=10000000> 
<DWph=2> <it= 95> <et=1.67> <Mt= 0.01> <Spt= 0.00> <nCl= 30> <al=0.73> <DB=-18035.4370> <Mlp= 3474.3852> <PB=10000000> 
<DWph=2> <it= 96> <et=1.69> <Mt= 0.01> <Spt= 0.01> <nCl= 30> <al=0.76> <DB=-16722.1879> <Mlp= 3367.2678> <PB=10000000> 
<DWph=2> <it= 97> <et=1.71> <Mt= 0.00> <Spt= 0.01> <nCl= 30> <al=0.78> <DB=-15291.1826> <Mlp= 3306.8846> <PB=10000000> 
<DWph=2> <it= 98> <et=1.72> <Mt= 0.01> <Spt= 0.01> <nCl= 30> <al=0.80> <DB=-12663.0743> <Mlp= 3259.4013> <PB=10000000> 
<DWph=2> <it= 99> <et=1.74> <Mt= 0.00> <Spt= 0.01> <nCl= 30> <al=0.82> <DB=-11771.3512> <Mlp= 3240.7638> <PB=10000000> 
<DWph=2> <it=100> <et=1.75> <Mt= 0.01> <Spt= 0.01> <nCl= 30> <al=0.72> <DB=-11311.1738> <Mlp= 3208.6835> <PB=10000000> 
<DWph=2> <it=101> <et=1.76> <Mt= 0.00> <Spt= 0.01> <nCl= 30> <al=0.75> <DB=-9202.9502> <Mlp= 3195.1268> <PB=10000000> 
<DWph=2> <it=102> <et=1.78> <Mt= 0.01> <Spt= 0.01> <nCl= 30> <al=0.78> <DB=-8196.9895> <Mlp= 3165.2463> <PB=10000000> 
<DWph=2> <it=103> <et=1.79> <Mt= 0.00> <Spt= 0.01> <nCl= 30> <al=0.68> <DB=-7188.5235> <Mlp= 3133.4877> <PB=10000000> 
<DWph=2> <it=104> <et=1.81> <Mt= 0.01> <Spt= 0.01> <nCl= 30> <al=0.71> <DB=-6368.7391> <Mlp= 3120.5056> <PB=10000000> 
<DWph=2> <it=105> <et=1.82> <Mt= 0.00> <Spt= 0.01> <nCl= 30> <al=0.74> <DB=-6401.9097> <Mlp= 3109.6833> <PB=10000000> 
<DWph=2> <it=106> <et=1.84> <Mt= 0.01> <Spt= 0.01> <nCl= 30> <al=0.76> <DB=-5557.7206> <Mlp= 3075.0426> <PB=10000000> 
<DWph=2> <it=107> <et=1.85> <Mt= 0.01> <Spt= 0.00> <nCl= 30> <al=0.79> <DB=-5109.3792> <Mlp= 3056.7208> <PB=10000000> 
<DWph=2> <it=108> <et=1.87> <Mt= 0.00> <Spt= 0.01> <nCl= 30> <al=0.81> <DB=-3983.6862> <Mlp= 3033.6387> <PB=10000000> 
<DWph=2> <it=109> <et=1.88> <Mt= 0.01> <Spt= 0.01> <nCl= 30> <al=0.71> <DB=-3892.6920> <Mlp= 3012.3111> <PB=10000000> 
<DWph=2> <it=110> <et=1.90> <Mt= 0.01> <Spt= 0.01> <nCl= 30> <al=0.74> <DB=-2288.9173> <Mlp= 2998.1164> <PB=10000000> 
<DWph=2> <it=111> <et=1.91> <Mt= 0.00> <Spt= 0.01> <nCl= 30> <al=0.64> <DB=-2566.9842> <Mlp= 2979.1251> <PB=10000000> 
<DWph=2> <it=112> <et=1.93> <Mt= 0.01> <Spt= 0.01> <nCl= 30> <al=0.67> <DB=-2079.0705> <Mlp= 2971.3905> <PB=10000000> 
<DWph=2> <it=113> <et=1.94> <Mt= 0.00> <Spt= 0.01> <nCl= 30> <al=0.71> <DB=-1086.2464> <Mlp= 2966.4361> <PB=10000000> 
<DWph=2> <it=114> <et=1.96> <Mt= 0.01> <Spt= 0.01> <nCl= 30> <al=0.74> <DB= -813.1493> <Mlp= 2955.6790> <PB=10000000> 
<DWph=2> <it=115> <et=1.97> <Mt= 0.00> <Spt= 0.00> <nCl= 30> <al=0.76> <DB=-1518.3545> <Mlp= 2942.4183> <PB=10000000> 
<DWph=2> <it=116> <et=1.99> <Mt= 0.01> <Spt= 0.01> <nCl= 30> <al=0.79> <DB= -462.6569> <Mlp= 2930.7166> <PB=10000000> 
<DWph=2> <it=117> <et=2.01> <Mt= 0.01> <Spt= 0.02> <nCl= 30> <al=0.69> <DB=  -93.1476> <Mlp= 2915.5546> <PB=10000000> 
<DWph=2> <it=118> <et=2.02> <Mt= 0.01> <Spt= 0.00> <nCl= 30> <al=0.72> <DB=   52.2976> <Mlp= 2902.9382> <PB=10000000> 
<DWph=2> <it=119> <et=2.04> <Mt= 0.00> <Spt= 0.01> <nCl= 30> <al=0.75> <DB=  537.8133> <Mlp= 2896.1447> <PB=10000000> 
<DWph=2> <it=120> <et=2.05> <Mt= 0.01> <Spt= 0.01> <nCl= 28> <al=0.77> <DB=  731.3477> <Mlp= 2891.1702> <PB=10000000> 
<DWph=2> <it=121> <et=2.07> <Mt= 0.01> <Spt= 0.01> <nCl= 30> <al=0.67> <DB=  834.3493> <Mlp= 2886.4402> <PB=10000000> 
<DWph=2> <it=122> <et=2.10> <Mt= 0.01> <Spt= 0.01> <nCl= 28> <al=0.70> <DB=  810.0835> <Mlp= 2882.8917> <PB=10000000> 
<DWph=2> <it=123> <et=2.11> <Mt= 0.01> <Spt= 0.01> <nCl= 24> <al=0.73> <DB= 1552.2936> <Mlp= 2882.0148> <PB=10000000> 
<DWph=2> <it=124> <et=2.12> <Mt= 0.00> <Spt= 0.00> <nCl= 28> <al=0.76> <DB= 1413.7164> <Mlp= 2879.6962> <PB=10000000> 
<DWph=2> <it=125> <et=2.14> <Mt= 0.01> <Spt= 0.01> <nCl= 29> <al=0.78> <DB= 1621.9498> <Mlp= 2876.6138> <PB=10000000> 
<DWph=2> <it=126> <et=2.16> <Mt= 0.01> <Spt= 0.01> <nCl= 18> <al=0.81> <DB= 1341.6446> <Mlp= 2872.3012> <PB=10000000> 
<DWph=2> <it=127> <et=2.18> <Mt= 0.02> <Spt= 0.01> <nCl= 28> <al=0.71> <DB= 1578.9186> <Mlp= 2869.5211> <PB=10000000> 
<DWph=2> <it=128> <et=2.21> <Mt= 0.01> <Spt= 0.02> <nCl= 24> <al=0.74> <DB= 1923.0840> <Mlp= 2866.5383> <PB=10000000> 
<DWph=2> <it=129> <et=2.22> <Mt= 0.00> <Spt= 0.01> <nCl= 16> <al=0.76> <DB= 1789.6439> <Mlp= 2865.6161> <PB=10000000> 
<DWph=2> <it=130> <et=2.24> <Mt= 0.01> <Spt= 0.00> <nCl= 20> <al=0.66> <DB= 2014.7839> <Mlp= 2864.4837> <PB=10000000> 
<DWph=2> <it=131> <et=2.25> <Mt= 0.00> <Spt= 0.01> <nCl= 29> <al=0.56> <DB= 1686.3183> <Mlp= 2863.5795> <PB=10000000> 
<DWph=2> <it=132> <et=2.27> <Mt= 0.01> <Spt= 0.01> <nCl= 20> <al=0.61> <DB= 1829.1100> <Mlp= 2860.6412> <PB=10000000> 
<DWph=2> <it=133> <et=2.28> <Mt= 0.01> <Spt= 0.01> <nCl= 18> <al=0.64> <DB= 1429.7188> <Mlp= 2858.7209> <PB=10000000> 
<DWph=2> <it=134> <et=2.29> <Mt= 0.00> <Spt= 0.01> <nCl= 16> <al=0.54> <DB= 2021.4049> <Mlp= 2857.9329> <PB=10000000> 
<DWph=2> <it=135> <et=2.30> <Mt= 0.00> <Spt= 0.01> <nCl= 28> <al=0.44> <DB= 1991.8220> <Mlp= 2855.8313> <PB=10000000> 
<DWph=2> <it=136> <et=2.32> <Mt= 0.00> <Spt= 0.01> <nCl= 25> <al=0.50> <DB= 2198.6513> <Mlp= 2855.3987> <PB=10000000> 
<DWph=2> <it=137> <et=2.33> <Mt= 0.01> <Spt= 0.01> <nCl= 28> <al=0.55> <DB= 1880.3015> <Mlp= 2854.7244> <PB=10000000> 
<DWph=2> <it=138> <et=2.34> <Mt= 0.00> <Spt= 0.00> <nCl= 21> <al=0.60> <DB= 1940.5141> <Mlp= 2854.3826> <PB=10000000> 
<DWph=2> <it=139> <et=2.35> <Mt= 0.00> <Spt= 0.01> <nCl= 11> <al=0.64> <DB= 2020.5054> <Mlp= 2854.0215> <PB=10000000> 
<DWph=2> <it=140> <et=2.36> <Mt= 0.00> <Spt= 0.01> <nCl= 14> <al=0.54> <DB= 2016.5520> <Mlp= 2853.9452> <PB=10000000> 
<DWph=2> <it=141> <et=2.37> <Mt= 0.01> <Spt= 0.01> <nCl= 19> <al=0.44> <DB= 2268.5857> <Mlp= 2853.6622> <PB=10000000> 
<DWph=2> <it=142> <et=2.39> <Mt= 0.00> <Spt= 0.01> <nCl= 30> <al=0.34> <DB= 1154.8357> <Mlp= 2852.9967> <PB=10000000> 
<DWph=2> <it=143> <et=2.40> <Mt= 0.00> <Spt= 0.01> <nCl= 25> <al=0.40> <DB= 1860.8377> <Mlp= 2852.9967> <PB=10000000> 
<DWph=2> <it=144> <et=2.41> <Mt= 0.00> <Spt= 0.01> <nCl= 21> <al=0.46> <DB= 2340.8051> <Mlp= 2852.9709> <PB=10000000> 
<DWph=2> <it=145> <et=2.42> <Mt= 0.00> <Spt= 0.01> <nCl= 14> <al=0.52> <DB= 2028.9605> <Mlp= 2852.8518> <PB=10000000> 
<DWph=2> <it=146> <et=2.43> <Mt= 0.01> <Spt= 0.00> <nCl= 16> <al=0.56> <DB= 2081.3062> <Mlp= 2852.6862> <PB=10000000> 
<DWph=2> <it=147> <et=2.44> <Mt= 0.00> <Spt= 0.01> <nCl= 20> <al=0.61> <DB= 1813.8736> <Mlp= 2852.3672> <PB=10000000> 
<DWph=2> <it=148> <et=2.45> <Mt= 0.00> <Spt= 0.01> <nCl=  9> <al=0.65> <DB= 2393.7037> <Mlp= 2850.8936> <PB=10000000> 
<DWph=2> <it=149> <et=2.46> <Mt= 0.00> <Spt= 0.01> <nCl= 11> <al=0.55> <DB= 2471.0787> <Mlp= 2850.8423> <PB=10000000> 
<DWph=2> <it=150> <et=2.47> <Mt= 0.01> <Spt= 0.01> <nCl= 10> <al=0.59> <DB= 2612.9083> <Mlp= 2850.8366> <PB=10000000> 
<DWph=2> <it=151> <et=2.48> <Mt= 0.00> <Spt= 0.01> <nCl= 22> <al=0.63> <DB= 1785.3465> <Mlp= 2850.6370> <PB=10000000> 
<DWph=2> <it=152> <et=2.50> <Mt= 0.00> <Spt= 0.01> <nCl= 12> <al=0.67> <DB= 2561.6742> <Mlp= 2850.5031> <PB=10000000> 
<DWph=2> <it=153> <et=2.51> <Mt= 0.00> <Spt= 0.01> <nCl= 14> <al=0.70> <DB= 2290.8956> <Mlp= 2850.2824> <PB=10000000> 
<DWph=2> <it=154> <et=2.52> <Mt= 0.01> <Spt= 0.00> <nCl=  5> <al=0.73> <DB= 2751.3582> <Mlp= 2849.6280> <PB=10000000> 
<DWph=2> <it=155> <et=2.53> <Mt= 0.00> <Spt= 0.01> <nCl= 10> <al=0.63> <DB= 2758.9010> <Mlp= 2849.6280> <PB=10000000> 
<DWph=2> <it=156> <et=2.54> <Mt= 0.00> <Spt= 0.01> <nCl= 11> <al=0.53> <DB= 2482.8044> <Mlp= 2849.4408> <PB=10000000> 
<DWph=2> <it=157> <et=2.55> <Mt= 0.00> <Spt= 0.01> <nCl=  6> <al=0.58> <DB= 2271.1881> <Mlp= 2849.3427> <PB=10000000> 
<DWph=2> <it=158> <et=2.56> <Mt= 0.00> <Spt= 0.01> <nCl=  8> <al=0.62> <DB= 2359.3498> <Mlp= 2849.3312> <PB=10000000> 
<DWph=2> <it=159> <et=2.57> <Mt= 0.00> <Spt= 0.01> <nCl=  1> <al=0.66> <DB= 2585.5559> <Mlp= 2849.3258> <PB=10000000> 
<DWph=2> <it=160> <et=2.59> <Mt= 0.01> <Spt= 0.01> <nCl= 10> <al=0.39> <DB= 2529.6153> <Mlp= 2849.2548> <PB=10000000> 
<DWph=2> <it=161> <et=2.60> <Mt= 0.00> <Spt= 0.01> <nCl=  8> <al=0.59> <DB= 2700.2078> <Mlp= 2849.1452> <PB=10000000> 
<DWph=2> <it=162> <et=2.62> <Mt= 0.00> <Spt= 0.02> <nCl= 32> <al=0.00> <DB= -305.2172> <Mlp= 2849.1452> <PB=10000000> 
<DWph=2> <it=163> <et=2.63> <Mt= 0.00> <Spt= 0.01> <nCl=  7> <al=0.39> <DB= 2324.7916> <Mlp= 2849.1452> <PB=10000000> 
<DWph=2> <it=164> <et=2.65> <Mt= 0.01> <Spt= 0.01> <nCl= 15> <al=0.29> <DB= 2179.9659> <Mlp= 2848.6402> <PB=10000000> 
<DWph=2> <it=165> <et=2.66> <Mt= 0.01> <Spt= 0.00> <nCl= 13> <al=0.36> <DB= 1728.7107> <Mlp= 2848.1181> <PB=10000000> 
<DWph=2> <it=166> <et=2.68> <Mt= 0.00> <Spt= 0.02> <nCl= 29> <al=0.00> <DB= 2437.2820> <Mlp= 2848.1181> <PB=10000000> 
<DWph=2> <it=167> <et=2.69> <Mt= 0.00> <Spt= 0.01> <nCl= 13> <al=0.33> <DB= 2487.1824> <Mlp= 2847.9669> <PB=10000000> 
<DWph=2> <it=168> <et=2.70> <Mt= 0.00> <Spt= 0.01> <nCl= 13> <al=0.23> <DB= 2848.2704> <Mlp= 2847.8400> <PB=10000000> 
<DWph=1> <it=169> <et=2.74> <Mt= 0.00> <Spt= 0.04> <nCl= 30> <al=0.30> <DB= 2290.6967> <Mlp= 2847.8399> <PB=10000000> 
<DWph=1> <it=170> <et=2.79> <Mt= 0.02> <Spt= 0.04> <nCl= 28> <al=0.37> <DB= 2212.1153> <Mlp= 2847.3480> <PB=10000000> 
<DWph=1> <it=171> <et=2.84> <Mt= 0.00> <Spt= 0.03> <nCl= 27> <al=0.27> <DB= 2451.6926> <Mlp= 2846.9135> <PB=10000000> 
<DWph=1> <it=172> <et=2.88> <Mt= 0.00> <Spt= 0.04> <nCl= 21> <al=0.35> <DB= 2449.4914> <Mlp= 2846.7879> <PB=10000000> 
<DWph=1> <it=173> <et=2.92> <Mt= 0.01> <Spt= 0.04> <nCl= 11> <al=0.41> <DB= 2557.8679> <Mlp= 2846.7460> <PB=10000000> 
<DWph=1> <it=174> <et=2.96> <Mt= 0.00> <Spt= 0.03> <nCl=  9> <al=0.47> <DB= 2404.4255> <Mlp= 2846.6816> <PB=10000000> 
<DWph=1> <it=175> <et=3.00> <Mt= 0.00> <Spt= 0.04> <nCl=  5> <al=0.52> <DB= 2614.1090> <Mlp= 2846.6639> <PB=10000000> 
<DWph=1> <it=176> <et=3.04> <Mt= 0.00> <Spt= 0.04> <nCl=  8> <al=0.42> <DB= 2707.2384> <Mlp= 2846.6462> <PB=10000000> 
<DWph=1> <it=177> <et=3.08> <Mt= 0.01> <Spt= 0.04> <nCl=  7> <al=0.48> <DB= 2761.6073> <Mlp= 2846.5571> <PB=10000000> 
<DWph=1> <it=178> <et=3.12> <Mt= 0.00> <Spt= 0.04> <nCl=  3> <al=0.53> <DB= 2810.7792> <Mlp= 2846.5571> <PB=10000000> 
<DWph=1> <it=179> <et=3.16> <Mt= 0.00> <Spt= 0.04> <nCl=  2> <al=0.43> <DB= 2723.6580> <Mlp= 2846.5542> <PB=10000000> 
<DWph=1> <it=180> <et=3.24> <Mt= 0.00> <Spt= 0.07> <nCl=  7> <al=0.00> <DB= 2838.2014> <Mlp= 2846.5534> <PB=10000000> 
<DWph=1> <it=181> <et=3.32> <Mt= 0.00> <Spt= 0.08> <nCl=  4> <al=0.00> <DB= 2846.5525> <Mlp= 2846.5525> <PB=10000000> 
    RCSP exact solver info for graph G_0 : TT = 0.182861, pt = 3.4e-05, dt = 0.175843, ct = 0.006299, ndl = 22338', bdl = 1913719', odl = 12005', odf = 98665', bsi = 1737', cnt = 113065', bdch = 32620950', odch = 616993', lcp = 522939', #sols = 150
<DWph=0> <it=182> <et=3.51> <Mt= 0.00> <Spt= 0.19> <nCl=150> <al=0.29> <DB= 2434.8960> <Mlp= 2846.5525> <PB=10000000> 
    RCSP exact solver info for graph G_0 : TT = 0.166229, pt = 5e-05, dt = 0.158439, ct = 0.006956, ndl = 22928', bdl = 1939396', odl = 11956', odf = 101300', bsi = 1817', cnt = 113259', bdch = 33743308', odch = 648610', lcp = 554559', #sols = 150
<DWph=0> <it=183> <et=3.68> <Mt= 0.01> <Spt= 0.17> <nCl= 88> <al=0.19> <DB= 2687.3456> <Mlp= 2846.0675> <PB=10000000> 
    RCSP exact solver info for graph G_0 : TT = 0.177997, pt = 5.3e-05, dt = 0.169868, ct = 0.007338, ndl = 23471', bdl = 1971068', odl = 12006', odf = 103148', bsi = 2052', cnt = 102228', bdch = 35717547', odch = 665690', lcp = 560527', #sols = 150
<DWph=0> <it=184> <et=3.87> <Mt= 0.00> <Spt= 0.19> <nCl=150> <al=0.27> <DB= 1592.2517> <Mlp= 2845.8949> <PB=10000000> 
    RCSP exact solver info for graph G_0 : TT = 0.172513, pt = 5e-05, dt = 0.164762, ct = 0.006909, ndl = 23223', bdl = 1946773', odl = 11997', odf = 102872', bsi = 1810', cnt = 112887', bdch = 34666223', odch = 660930', lcp = 552018', #sols = 150
<DWph=0> <it=185> <et=4.05> <Mt= 0.00> <Spt= 0.17> <nCl= 72> <al=0.34> <DB= 2622.7323> <Mlp= 2845.8949> <PB=10000000> 
    RCSP exact solver info for graph G_0 : TT = 0.173713, pt = 4.6e-05, dt = 0.166064, ct = 0.006795, ndl = 23265', bdl = 1956835', odl = 11981', odf = 102631', bsi = 1848', cnt = 110528', bdch = 34895086', odch = 665542', lcp = 563173', #sols = 150
<DWph=0> <it=186> <et=4.23> <Mt= 0.00> <Spt= 0.18> <nCl= 30> <al=0.41> <DB= 2783.7122> <Mlp= 2845.8899> <PB=10000000> 
    RCSP exact solver info for graph G_0 : TT = 0.175327, pt = 5.6e-05, dt = 0.167814, ct = 0.006604, ndl = 22944', bdl = 1932197', odl = 11986', odf = 101411', bsi = 1829', cnt = 114927', bdch = 34211323', odch = 638753', lcp = 545763', #sols = 150
<DWph=0> <it=187> <et=4.41> <Mt= 0.00> <Spt= 0.18> <nCl= 31> <al=0.31> <DB= 2675.0742> <Mlp= 2845.8899> <PB=10000000> 
    RCSP exact solver info for graph G_0 : TT = 0.17163, pt = 5.3e-05, dt = 0.16395, ct = 0.006812, ndl = 23034', bdl = 1935016', odl = 11960', odf = 101645', bsi = 1831', cnt = 117476', bdch = 34301620', odch = 643599', lcp = 546389', #sols = 150
    RCSP exact solver info for graph G_0 : TT = 0.170507, pt = 4.5e-05, dt = 0.162725, ct = 0.006925, ndl = 23086', bdl = 1941103', odl = 11876', odf = 101654', bsi = 1858', cnt = 120654', bdch = 34408147', odch = 635086', lcp = 537626', #sols = 150
<DWph=0> <it=188> <et=4.76> <Mt= 0.00> <Spt= 0.35> <nCl= 76> <al=0.00> <DB= 2356.9849> <Mlp= 2845.8881> <PB=10000000> 
    RCSP exact solver info for graph G_0 : TT = 0.170896, pt = 5.6e-05, dt = 0.163185, ct = 0.006764, ndl = 23109', bdl = 1941025', odl = 11920', odf = 101770', bsi = 1847', cnt = 118166', bdch = 34525853', odch = 641095', lcp = 543930', #sols = 150
    RCSP exact solver info for graph G_0 : TT = 0.170554, pt = 4.6e-05, dt = 0.162773, ct = 0.006916, ndl = 23014', bdl = 1932269', odl = 11922', odf = 101558', bsi = 1838', cnt = 118135', bdch = 34232089', odch = 634313', lcp = 538637', #sols = 150
<DWph=0> <it=189> <et=5.11> <Mt= 0.01> <Spt= 0.35> <nCl=  7> <al=0.00> <DB= 2845.8881> <Mlp= 2845.8881> <PB=10000000> 
RCSP solver dynamic params and stats :  bidir.bord. = 375 aver.obdmd = 24.4672 aver.buck.num. = 26
@@ 1 0 2845.89 0.172374 0.182142 91.4394 5.11
RCSP      solver labels distribution in 1429 buckets (bucket size) : largest - 151, top 0.1% - 151, top 0.5% - 107, top 2% - 67, top 10% - 38, top 50% - 10
Reduced cost fixing for graph G_0...  TT = 0.49976, pt = 0.044574, dt = 0.454657, ct = 0, ndl = 64649', bdl = 4953407', odl = 13235', odf = 213570', lpcb = 303825', cnt = 17470415', bdch = 102790157', odch = 2466594', lcp = 1250497'
333081 buck. arcs remain (98.6% from prev., 90.1% from max.) + 0 jump buck. arcs (0% from max.)
 TT = 0.694163, pt = 0.044574, dt = 0.454657, ct = 0.194306, ndl = 64649', bdl = 4953407', odl = 13235', odf = 213570', lpcb = 303825', cnt = 18087773', bdch = 102790157', odch = 2466594', lcp = 1250497'
RCSP      solver labels distribution in 2802 buckets (bucket size) : largest - 151, top 0.1% - 135, top 0.5% - 108, top 2% - 87, top 10% - 56, top 50% - 15
Run forward enumeration with border = 375... not succeeded (ratio 0.991598) lpt = 0.008323, ndl = 10117', dl = 0', lpcb = 0', dch = 3860'
 TT = 0.012695, pt = 0.001691, dt = 0.008323, ct = 0, ndl = 10117', bdl = 0', cnt = 58819', bdch = 3860', odch = 0', lcp = 0'
Bucket graph for G_0 is regenerated as bucket steps were adjusted for 122 vertices
RCSP solver info : number of forw. reachable buckets / buck. strongly connected components is 5975( 96.0302% ) / 5975( 100% )
651693 forw. buck. arcs remain (91.6741% from max.) + 0 jump buck. arcs
ColGenEvalAlg final dual bound: 2845.89 (rounded: 2846)
In total 2 RCC cut(s) are found by the connected components heuristic 
Shrinking heuristic shrunk 34 edges
In total 21 RCC cut(s) are found by the Fractional capacity min-cut heuristic 
In total 195 RCC cut(s) are found by the greedy construction heuristic 
----- Add fac. cuts : CAP(100), max.viol = 0.688591, aver.viol = 0.311863, sep/add took 0.0423889/0.290462 sec. -----
5216 columns (5216 active), 100 dyn. constrs. (100 active), 342 art. vars. (342 active)
<DWph=2> <it=  1> <et=6.33> <Mt= 0.03> <Spt= 0.02> <nCl= 20> <al=0.50> <DB= 1865.1736> <Mlp= 2862.9155> <PB=10000000> 
<DWph=2> <it=  2> <et=6.37> <Mt= 0.02> <Spt= 0.02> <nCl= 12> <al=0.55> <DB= 2618.3208> <Mlp= 2860.8836> <PB=10000000> 
<DWph=2> <it=  3> <et=6.40> <Mt= 0.01> <Spt= 0.02> <nCl=  9> <al=0.60> <DB= 2785.6194> <Mlp= 2859.3783> <PB=10000000> 
<DWph=2> <it=  4> <et=6.43> <Mt= 0.01> <Spt= 0.02> <nCl=  5> <al=0.64> <DB= 2850.7395> <Mlp= 2859.1979> <PB=10000000> 
<DWph=2> <it=  5> <et=6.45> <Mt= 0.00> <Spt= 0.02> <nCl= 10> <al=0.54> <DB= 2727.7029> <Mlp= 2859.1607> <PB=10000000> 
<DWph=2> <it=  6> <et=6.48> <Mt= 0.01> <Spt= 0.01> <nCl=  5> <al=0.58> <DB= 2822.6556> <Mlp= 2859.1303> <PB=10000000> 
<DWph=2> <it=  7> <et=6.52> <Mt= 0.00> <Spt= 0.05> <nCl= 20> <al=0.25> <DB= 2736.2161> <Mlp= 2859.0372> <PB=10000000> 
<DWph=2> <it=  8> <et=6.55> <Mt= 0.01> <Spt= 0.02> <nCl=  6> <al=0.52> <DB= 2789.2222> <Mlp= 2858.5755> <PB=10000000> 
<DWph=2> <it=  9> <et=6.58> <Mt= 0.01> <Spt= 0.01> <nCl=  4> <al=0.57> <DB= 2794.8896> <Mlp= 2858.3148> <PB=10000000> 
<DWph=2> <it= 10> <et=6.62> <Mt= 0.01> <Spt= 0.04> <nCl= 13> <al=0.23> <DB= 2787.6020> <Mlp= 2858.1044> <PB=10000000> 
<DWph=2> <it= 11> <et=6.64> <Mt= 0.01> <Spt= 0.01> <nCl=  3> <al=0.51> <DB= 2856.7109> <Mlp= 2857.9946> <PB=10000000> 
<DWph=2> <it= 12> <et=6.67> <Mt= 0.01> <Spt= 0.02> <nCl= 12> <al=0.41> <DB= 2822.6242> <Mlp= 2857.9132> <PB=10000000> 
<DWph=2> <it= 13> <et=6.71> <Mt= 0.00> <Spt= 0.03> <nCl= 17> <al=0.00> <DB= 2078.2530> <Mlp= 2857.7723> <PB=10000000> 
<DWph=2> <it= 14> <et=6.74> <Mt= 0.01> <Spt= 0.02> <nCl=  5> <al=0.37> <DB= 2708.4084> <Mlp= 2857.5390> <PB=10000000> 
<DWph=2> <it= 15> <et=6.78> <Mt= 0.01> <Spt= 0.04> <nCl= 14> <al=0.00> <DB= 2311.2228> <Mlp= 2857.5287> <PB=10000000> 
<DWph=2> <it= 16> <et=6.80> <Mt= 0.01> <Spt= 0.00> <nCl=  0> <al=0.34> <DB= 2311.2228> <Mlp= 2857.1994> <PB=10000000> 
<DWph=1> <it= 17> <et=6.85> <Mt= 0.00> <Spt= 0.05> <nCl= 10> <al=0.34> <DB= 2654.5403> <Mlp= 2857.1994> <PB=10000000> 
<DWph=1> <it= 18> <et=6.91> <Mt= 0.01> <Spt= 0.05> <nCl= 11> <al=0.40> <DB= 2624.8944> <Mlp= 2857.1683> <PB=10000000> 
<DWph=1> <it= 19> <et=6.96> <Mt= 0.00> <Spt= 0.05> <nCl=  7> <al=0.46> <DB= 2750.8544> <Mlp= 2857.0854> <PB=10000000> 
<DWph=1> <it= 20> <et=7.02> <Mt= 0.01> <Spt= 0.05> <nCl= 11> <al=0.36> <DB= 2737.5882> <Mlp= 2857.0794> <PB=10000000> 
<DWph=1> <it= 21> <et=7.08> <Mt= 0.01> <Spt= 0.06> <nCl=  4> <al=0.43> <DB= 2739.7862> <Mlp= 2857.0402> <PB=10000000> 
<DWph=1> <it= 22> <et=7.19> <Mt= 0.00> <Spt= 0.10> <nCl= 12> <al=0.00> <DB= 2791.5962> <Mlp= 2856.9634> <PB=10000000> 
<DWph=1> <it= 23> <et=7.30> <Mt= 0.01> <Spt= 0.10> <nCl=  2> <al=0.00> <DB= 2856.9634> <Mlp= 2856.9634> <PB=10000000> 
    RCSP exact solver info for graph G_0 : TT = 0.120585, pt = 7.1e-05, dt = 0.114207, ct = 0.00542, ndl = 19270', bdl = 1638077', odl = 19769', odf = 181682', bsi = 1195', cnt = 73972', bdch = 17054233', odch = 661866', lcp = 313532', #sols = 150
<DWph=0> <it= 24> <et=7.43> <Mt= 0.00> <Spt= 0.13> <nCl=104> <al=0.28> <DB= 2496.9634> <Mlp= 2856.9634> <PB=10000000> 
    RCSP exact solver info for graph G_0 : TT = 0.122218, pt = 0.0001, dt = 0.115691, ct = 0.005478, ndl = 19318', bdl = 1643752', odl = 19744', odf = 182367', bsi = 1214', cnt = 78296', bdch = 17227096', odch = 670073', lcp = 320110', #sols = 150
<DWph=0> <it= 25> <et=7.58> <Mt= 0.01> <Spt= 0.14> <nCl= 56> <al=0.35> <DB= 2729.0063> <Mlp= 2856.5751> <PB=10000000> 
    RCSP exact solver info for graph G_0 : TT = 0.121046, pt = 0.000103, dt = 0.114513, ct = 0.005406, ndl = 19761', bdl = 1670506', odl = 19652', odf = 185518', bsi = 1198', cnt = 83923', bdch = 17813133', odch = 701248', lcp = 330037', #sols = 150
<DWph=0> <it= 26> <et=7.72> <Mt= 0.01> <Spt= 0.13> <nCl= 31> <al=0.25> <DB= 2801.3436> <Mlp= 2856.5421> <PB=10000000> 
    RCSP exact solver info for graph G_0 : TT = 0.12105, pt = 9.8e-05, dt = 0.114497, ct = 0.005439, ndl = 19633', bdl = 1656040', odl = 19605', odf = 184222', bsi = 1208', cnt = 81469', bdch = 17523579', odch = 679220', lcp = 325983', #sols = 150
<DWph=0> <it= 27> <et=7.85> <Mt= 0.01> <Spt= 0.12> <nCl= 12> <al=0.33> <DB= 2834.6387> <Mlp= 2856.5421> <PB=10000000> 
    RCSP exact solver info for graph G_0 : TT = 0.119155, pt = 9.1e-05, dt = 0.112599, ct = 0.005499, ndl = 19457', bdl = 1639863', odl = 19596', odf = 183461', bsi = 1180', cnt = 74499', bdch = 17234388', odch = 654517', lcp = 320597', #sols = 150
    RCSP exact solver info for graph G_0 : TT = 0.116306, pt = 8.1e-05, dt = 0.110296, ct = 0.004929, ndl = 19274', bdl = 1629002', odl = 19673', odf = 180817', bsi = 1214', cnt = 70372', bdch = 17086321', odch = 639329', lcp = 316611', #sols = 150
<DWph=0> <it= 28> <et=8.11> <Mt= 0.00> <Spt= 0.25> <nCl= 23> <al=0.00> <DB= 2856.5419> <Mlp= 2856.5419> <PB=10000000> 
RCSP solver dynamic params and stats :  bidir.bord. = 375 aver.obdmd = 48.9344 aver.buck.num. = 51
@@ 1 1 2856.54 0.118996 0.121169 91.6741 8.11
    Full reduced cost fixing is not called (gap ratio is 0.999999)
Bucket graph for G_0 is regenerated as bucket steps were adjusted for 122 vertices
RCSP solver info : number of forw. reachable buckets / buck. strongly connected components is 11762( 95.4553% ) / 11762( 100% )
1285821 forw. buck. arcs remain (91.8732% from max.) + 0 jump buck. arcs
ColGenEvalAlg final dual bound: 2856.54 (rounded: 2857)
False gap improvement since the last cut separation : 0.0374357 (2845.89)
Current active cuts : CAP(12,453.931)
In total 1 RCC cut(s) are found by the connected components heuristic 
Shrinking heuristic shrunk 35 edges
In total 10 RCC cut(s) are found by the Fractional capacity min-cut heuristic 
In total 32 RCC cut(s) are found by the greedy construction heuristic 
In total 6 RCC cut(s) are found by the global pool greedy search heuristic 
----- Add fac. cuts : CAP(49), max.viol = 0.31557, aver.viol = 0.112993, sep/add took 0.0352567/0.20406 sec. -----
5654 columns (5654 active), 149 dyn. constrs. (108 active), 391 art. vars. (350 active)
<DWph=2> <it=  1> <et=8.65> <Mt= 0.04> <Spt= 0.03> <nCl=  9> <al=0.50> <DB= 2848.0822> <Mlp= 2859.0376> <PB=10000000> 
<DWph=2> <it=  2> <et=8.72> <Mt= 0.01> <Spt= 0.06> <nCl= 14> <al=0.10> <DB= 2673.5513> <Mlp= 2858.9859> <PB=10000000> 
<DWph=2> <it=  3> <et=8.75> <Mt= 0.00> <Spt= 0.03> <nCl=  2> <al=0.45> <DB= 2858.3758> <Mlp= 2858.9765> <PB=10000000> 
<DWph=2> <it=  4> <et=8.78> <Mt= 0.01> <Spt= 0.03> <nCl=  7> <al=0.35> <DB= 2819.4102> <Mlp= 2858.9764> <PB=10000000> 
<DWph=2> <it=  5> <et=8.82> <Mt= 0.00> <Spt= 0.03> <nCl=  5> <al=0.42> <DB= 2849.8909> <Mlp= 2858.9646> <PB=10000000> 
<DWph=2> <it=  6> <et=8.89> <Mt= 0.01> <Spt= 0.06> <nCl= 10> <al=0.00> <DB= 2803.8561> <Mlp= 2858.9480> <PB=10000000> 
<DWph=2> <it=  7> <et=8.96> <Mt= 0.00> <Spt= 0.07> <nCl=  2> <al=0.00> <DB= 2858.9480> <Mlp= 2858.9480> <PB=10000000> 
<DWph=1> <it=  8> <et=9.03> <Mt= 0.00> <Spt= 0.06> <nCl= 10> <al=0.27> <DB= 2723.8405> <Mlp= 2858.9480> <PB=10000000> 
<DWph=1> <it=  9> <et=9.10> <Mt= 0.01> <Spt= 0.07> <nCl=  6> <al=0.35> <DB= 2683.7562> <Mlp= 2858.9426> <PB=10000000> 
<DWph=1> <it= 10> <et=9.18> <Mt= 0.01> <Spt= 0.07> <nCl=  7> <al=0.41> <DB= 2605.3948> <Mlp= 2858.9360> <PB=10000000> 
<DWph=1> <it= 11> <et=9.25> <Mt= 0.00> <Spt= 0.07> <nCl=  2> <al=0.31> <DB= 2816.8479> <Mlp= 2858.9344> <PB=10000000> 
<DWph=1> <it= 12> <et=9.32> <Mt= 0.01> <Spt= 0.07> <nCl=  8> <al=0.21> <DB= 2809.7576> <Mlp= 2858.9344> <PB=10000000> 
<DWph=1> <it= 13> <et=9.46> <Mt= 0.00> <Spt= 0.12> <nCl=  5> <al=0.00> <DB= 2858.9344> <Mlp= 2858.9344> <PB=10000000> 
    RCSP exact solver info for graph G_0 : TT = 0.106983, pt = 0.00015, dt = 0.100898, ct = 0.004806, ndl = 17702', bdl = 1490338', odl = 30295', odf = 378360', bsi = 1361', cnt = 71342', bdch = 9896342', odch = 707975', lcp = 241875', #sols = 150
<DWph=0> <it= 14> <et=9.58> <Mt= 0.00> <Spt= 0.12> <nCl= 57> <al=0.19> <DB= 2693.7677> <Mlp= 2858.9344> <PB=10000000> 
    RCSP exact solver info for graph G_0 : TT = 0.107531, pt = 0.000204, dt = 0.100868, ct = 0.00526, ndl = 17993', bdl = 1513452', odl = 30568', odf = 400297', bsi = 1391', cnt = 73786', bdch = 10137464', odch = 747976', lcp = 247193', #sols = 150
<DWph=0> <it= 15> <et=9.71> <Mt= 0.01> <Spt= 0.12> <nCl= 35> <al=0.09> <DB= 2837.5382> <Mlp= 2858.9216> <PB=10000000> 
    RCSP exact solver info for graph G_0 : TT = 0.110886, pt = 0.000167, dt = 0.104134, ct = 0.005231, ndl = 17790', bdl = 1499268', odl = 30645', odf = 407459', bsi = 1425', cnt = 73955', bdch = 10019901', odch = 737913', lcp = 243689', #sols = 150
    RCSP exact solver info for graph G_0 : TT = 0.108062, pt = 0.000145, dt = 0.101707, ct = 0.005064, ndl = 17537', bdl = 1480571', odl = 30654', odf = 403956', bsi = 1434', cnt = 70093', bdch = 9822339', odch = 717603', lcp = 240652', #sols = 150
<DWph=0> <it= 16> <et=9.94> <Mt= 0.01> <Spt= 0.23> <nCl=  8> <al=0.00> <DB= 2858.9216> <Mlp= 2858.9216> <PB=10000000> 
RCSP solver dynamic params and stats :  bidir.bord. = 375 aver.obdmd = 97.8689 aver.buck.num. = 101
@@ 1 2 2858.92 0.106992 0.109365 91.8732 9.94
    Full reduced cost fixing is not called (gap ratio is 0.999999)
ColGenEvalAlg final dual bound: 2858.92 (rounded: 2859)
False gap improvement since the last cut separation : 0.00833078 (2856.54)
Cut generation tailing off counter increased to 1
Current active cuts : CAP(20,647.809)
Shrinking heuristic shrunk 29 edges
In total 1 RCC cut(s) are found by the Fractional capacity min-cut heuristic 
In total 2 RCC cut(s) are found by the greedy construction heuristic 
In total 5 RCC cut(s) are found by the global pool greedy search heuristic 
----- Add fac. cuts : CAP(8), max.viol = 0.0903186, aver.viol = 0.0300089, sep/add took 0.03881/0.0295504 sec. -----
5841 columns (5841 active), 116 dyn. constrs. (84 active), 399 art. vars. (326 active)
<DWph=2> <it=  1> <et=10.12> <Mt= 0.01> <Spt= 0.03> <nCl=  3> <al=0.50> <DB= 2796.5273> <Mlp= 2859.0318> <PB=10000000> 
<DWph=2> <it=  2> <et=10.18> <Mt= 0.00> <Spt= 0.06> <nCl=  2> <al=0.10> <DB= 2823.7920> <Mlp= 2859.0135> <PB=10000000> 
<DWph=2> <it=  3> <et=10.24> <Mt= 0.01> <Spt= 0.05> <nCl=  2> <al=0.00> <DB= 2853.7844> <Mlp= 2859.0135> <PB=10000000> 
<DWph=2> <it=  4> <et=10.31> <Mt= 0.00> <Spt= 0.06> <nCl=  1> <al=0.00> <DB= 2859.0133> <Mlp= 2859.0133> <PB=10000000> 
<DWph=1> <it=  5> <et=10.37> <Mt= 0.00> <Spt= 0.07> <nCl=  3> <al=0.25> <DB= 2841.0987> <Mlp= 2859.0133> <PB=10000000> 
<DWph=1> <it=  6> <et=10.51> <Mt= 0.01> <Spt= 0.13> <nCl=  2> <al=0.00> <DB= 2855.6450> <Mlp= 2859.0118> <PB=10000000> 
<DWph=1> <it=  7> <et=10.65> <Mt= 0.00> <Spt= 0.13> <nCl=  0> <al=0.00> <DB= 2859.0118> <Mlp= 2859.0118> <PB=10000000> 
    RCSP exact solver info for graph G_0 : TT = 0.09959, pt = 0.000155, dt = 0.093859, ct = 0.004461, ndl = 16988', bdl = 1445561', odl = 30456', odf = 403419', bsi = 1396', cnt = 65435', bdch = 9424325', odch = 694168', lcp = 234132', #sols = 150
<DWph=0> <it=  8> <et=10.76> <Mt= 0.00> <Spt= 0.11> <nCl= 14> <al=0.13> <DB= 2852.6123> <Mlp= 2859.0118> <PB=10000000> 
    RCSP exact solver info for graph G_0 : TT = 0.098769, pt = 0.000149, dt = 0.093079, ct = 0.004415, ndl = 16924', bdl = 1439294', odl = 30456', odf = 402605', bsi = 1391', cnt = 65226', bdch = 9365327', odch = 689548', lcp = 232872', #sols = 150
    RCSP exact solver info for graph G_0 : TT = 0.104062, pt = 0.000137, dt = 0.097855, ct = 0.004911, ndl = 16989', bdl = 1445998', odl = 30471', odf = 403441', bsi = 1393', cnt = 65492', bdch = 9430775', odch = 694582', lcp = 234235', #sols = 150
<DWph=0> <it=  9> <et=10.97> <Mt= 0.01> <Spt= 0.21> <nCl=  1> <al=0.00> <DB= 2859.0118> <Mlp= 2859.0118> <PB=10000000> 
RCSP solver dynamic params and stats :  bidir.bord. = 375 aver.obdmd = 97.8689 aver.buck.num. = 101
@@ 1 3 2859.01 0.0995267 0.102766 91.8732 10.97
    Full reduced cost fixing is not called (gap ratio is 0.999999)
ColGenEvalAlg final dual bound: 2859.01 (rounded: 2860)
False gap improvement since the last cut separation : 0.000315758 (2858.92)
Cut generation tailing off counter increased to 2
Current active cuts : CAP(20,660.876)
Shrinking heuristic shrunk 32 edges
In total 1 RCC cut(s) are found by the Fractional capacity min-cut heuristic 
In total 7 RCC cut(s) are found by the global pool greedy search heuristic 
----- Add fac. cuts : CAP(8), max.viol = 0.0450136, aver.viol = 0.0269291, sep/add took 0.0369105/0.0251177 sec. -----
5869 columns (5869 active), 92 dyn. constrs. (85 active), 407 art. vars. (327 active)
<DWph=2> <it=  1> <et=11.16> <Mt= 0.01> <Spt= 0.06> <nCl= 17> <al=0.00> <DB= 2750.8337> <Mlp= 2859.0970> <PB=10000000> 
<DWph=2> <it=  2> <et=11.22> <Mt= 0.00> <Spt= 0.06> <nCl=  1> <al=0.00> <DB= 2859.0897> <Mlp= 2859.0897> <PB=10000000> 
<DWph=1> <it=  3> <et=11.29> <Mt= 0.00> <Spt= 0.07> <nCl=  4> <al=0.30> <DB= 2850.5687> <Mlp= 2859.0897> <PB=10000000> 
<DWph=1> <it=  4> <et=11.43> <Mt= 0.01> <Spt= 0.13> <nCl=  3> <al=0.00> <DB= 2859.0880> <Mlp= 2859.0880> <PB=10000000> 
    RCSP exact solver info for graph G_0 : TT = 0.104111, pt = 0.000157, dt = 0.098027, ct = 0.004734, ndl = 17368', bdl = 1467489', odl = 30548', odf = 409578', bsi = 1376', cnt = 71673', bdch = 9619314', odch = 727472', lcp = 238329', #sols = 150
<DWph=0> <it=  5> <et=11.54> <Mt= 0.00> <Spt= 0.11> <nCl= 22> <al=0.27> <DB= 2779.0519> <Mlp= 2859.0880> <PB=10000000> 
    RCSP exact solver info for graph G_0 : TT = 0.103384, pt = 0.000165, dt = 0.096836, ct = 0.005222, ndl = 17368', bdl = 1467659', odl = 30552', odf = 409614', bsi = 1379', cnt = 71856', bdch = 9620764', odch = 727680', lcp = 238301', #sols = 150
    RCSP exact solver info for graph G_0 : TT = 0.102057, pt = 0.000136, dt = 0.095227, ct = 0.005463, ndl = 17377', bdl = 1468110', odl = 30550', odf = 409747', bsi = 1374', cnt = 71877', bdch = 9627248', odch = 728309', lcp = 238428', #sols = 150
<DWph=0> <it=  6> <et=11.76> <Mt= 0.00> <Spt= 0.22> <nCl=  2> <al=0.00> <DB= 2859.0880> <Mlp= 2859.0880> <PB=10000000> 
RCSP solver dynamic params and stats :  bidir.bord. = 375 aver.obdmd = 97.8689 aver.buck.num. = 101
@@ 1 4 2859.09 0.101836 0.102761 91.8732 11.76
    Full reduced cost fixing is not called (gap ratio is 0.999999)
ColGenEvalAlg final dual bound: 2859.09 (rounded: 2860)
False gap improvement since the last cut separation : 0.000266419 (2859.01)
----- Cut separators priority level decreased to 1-----
Current active cuts : CAP(24,681.709)
Shrinking heuristic shrunk 32 edges
In total 4 RCC cut(s) are found by the global pool greedy search heuristic 
12 Rank-1 1-rows pack. cuts added ,  max viol. = 0.288023, aver. viol. = 0.11675
150 Rank-1 3-rows pack. cuts added ,  max viol. = 0.39531, aver. viol. = 0.274881
----- Add fac. cuts : CAP(4) R1C(162), max.viol = 0.39531, aver.viol = 0.261201, sep/add took 0.0355604/0.216584 sec. -----
5918 columns (5918 active), 251 dyn. constrs. (243 active), 573 art. vars. (485 active)
<DWph=2> <it=  1> <et=12.20> <Mt= 0.11> <Spt= 0.04> <nCl= 30> <al=0.50> <DB= 1300.1629> <Mlp= 2875.0830> <PB=10000000> 
<DWph=2> <it=  2> <et=12.37> <Mt= 0.12> <Spt= 0.04> <nCl= 30> <al=0.55> <DB= 2411.4962> <Mlp= 2872.0061> <PB=10000000> 
<DWph=2> <it=  3> <et=12.47> <Mt= 0.07> <Spt= 0.04> <nCl= 19> <al=0.60> <DB= 2748.2033> <Mlp= 2870.5073> <PB=10000000> 
<DWph=2> <it=  4> <et=12.55> <Mt= 0.03> <Spt= 0.04> <nCl= 11> <al=0.64> <DB= 2821.7635> <Mlp= 2869.7120> <PB=10000000> 
<DWph=2> <it=  5> <et=12.65> <Mt= 0.06> <Spt= 0.04> <nCl=  9> <al=0.67> <DB= 2641.1596> <Mlp= 2868.4483> <PB=10000000> 
<DWph=2> <it=  6> <et=12.72> <Mt= 0.04> <Spt= 0.04> <nCl=  3> <al=0.70> <DB= 2839.9561> <Mlp= 2868.1218> <PB=10000000> 
<DWph=2> <it=  7> <et=12.82> <Mt= 0.02> <Spt= 0.08> <nCl= 13> <al=0.47> <DB= 2845.3858> <Mlp= 2867.9776> <PB=10000000> 
<DWph=2> <it=  8> <et=12.89> <Mt= 0.03> <Spt= 0.04> <nCl= 10> <al=0.63> <DB= 2776.0775> <Mlp= 2867.8450> <PB=10000000> 
<DWph=2> <it=  9> <et=12.99> <Mt= 0.02> <Spt= 0.07> <nCl= 20> <al=0.34> <DB= 2593.4052> <Mlp= 2867.7002> <PB=10000000> 
<DWph=2> <it= 10> <et=13.06> <Mt= 0.03> <Spt= 0.04> <nCl=  4> <al=0.57> <DB= 2729.3955> <Mlp= 2867.4363> <PB=10000000> 
<DWph=2> <it= 11> <et=13.11> <Mt= 0.02> <Spt= 0.03> <nCl=  2> <al=0.61> <DB= 2826.3309> <Mlp= 2867.3360> <PB=10000000> 
<DWph=2> <it= 12> <et=13.17> <Mt= 0.02> <Spt= 0.04> <nCl= 10> <al=0.51> <DB= 2854.2006> <Mlp= 2867.3211> <PB=10000000> 
<DWph=2> <it= 13> <et=13.22> <Mt= 0.01> <Spt= 0.04> <nCl=  5> <al=0.56> <DB= 2849.3431> <Mlp= 2867.3088> <PB=10000000> 
<DWph=2> <it= 14> <et=13.28> <Mt= 0.02> <Spt= 0.04> <nCl=  3> <al=0.61> <DB= 2864.9854> <Mlp= 2867.2602> <PB=10000000> 
<DWph=2> <it= 15> <et=13.33> <Mt= 0.01> <Spt= 0.05> <nCl=  8> <al=0.51> <DB= 2819.1709> <Mlp= 2867.2571> <PB=10000000> 
<DWph=2> <it= 16> <et=13.38> <Mt= 0.01> <Spt= 0.03> <nCl=  4> <al=0.56> <DB= 2856.1546> <Mlp= 2867.2478> <PB=10000000> 
<DWph=2> <it= 17> <et=13.46> <Mt= 0.00> <Spt= 0.08> <nCl= 23> <al=0.20> <DB= 1727.1325> <Mlp= 2867.2476> <PB=10000000> 
<DWph=2> <it= 18> <et=13.51> <Mt= 0.01> <Spt= 0.04> <nCl=  2> <al=0.50> <DB= 2744.2819> <Mlp= 2867.2458> <PB=10000000> 
<DWph=2> <it= 19> <et=13.58> <Mt= 0.02> <Spt= 0.05> <nCl=  4> <al=0.55> <DB= 2724.6543> <Mlp= 2867.1703> <PB=10000000> 
<DWph=2> <it= 20> <et=13.63> <Mt= 0.01> <Spt= 0.04> <nCl=  1> <al=0.59> <DB= 2735.3568> <Mlp= 2867.1703> <PB=10000000> 
<DWph=2> <it= 21> <et=13.73> <Mt= 0.01> <Spt= 0.09> <nCl= 13> <al=0.27> <DB= 2613.4677> <Mlp= 2867.1681> <PB=10000000> 
<DWph=2> <it= 22> <et=13.80> <Mt= 0.03> <Spt= 0.04> <nCl=  4> <al=0.54> <DB= 2783.9389> <Mlp= 2867.0171> <PB=10000000> 
<DWph=2> <it= 23> <et=13.87> <Mt= 0.02> <Spt= 0.05> <nCl=  1> <al=0.58> <DB= 2794.6022> <Mlp= 2866.9832> <PB=10000000> 
<DWph=2> <it= 24> <et=13.97> <Mt= 0.02> <Spt= 0.08> <nCl= 30> <al=0.00> <DB= 1556.4646> <Mlp= 2866.9758> <PB=10000000> 
<DWph=2> <it= 25> <et=14.03> <Mt= 0.01> <Spt= 0.06> <nCl=  6> <al=0.38> <DB= 2826.3359> <Mlp= 2866.9758> <PB=10000000> 
<DWph=2> <it= 26> <et=14.13> <Mt= 0.00> <Spt= 0.09> <nCl= 27> <al=0.00> <DB= 2433.9064> <Mlp= 2866.9758> <PB=10000000> 
<DWph=2> <it= 27> <et=14.18> <Mt= 0.01> <Spt= 0.04> <nCl=  3> <al=0.34> <DB= 2849.9111> <Mlp= 2866.9756> <PB=10000000> 
<DWph=2> <it= 28> <et=14.28> <Mt= 0.01> <Spt= 0.09> <nCl=  9> <al=0.00> <DB= 2749.0250> <Mlp= 2866.9703> <PB=10000000> 
<DWph=2> <it= 29> <et=14.38> <Mt= 0.01> <Spt= 0.08> <nCl=  2> <al=0.00> <DB= 2864.5832> <Mlp= 2866.9667> <PB=10000000> 
<DWph=2> <it= 30> <et=14.45> <Mt= 0.01> <Spt= 0.07> <nCl=  3> <al=0.00> <DB= 2866.9665> <Mlp= 2866.9665> <PB=10000000> 
<DWph=1> <it= 31> <et=14.55> <Mt= 0.00> <Spt= 0.10> <nCl= 19> <al=0.00> <DB= 2493.9754> <Mlp= 2866.9665> <PB=10000000> 
<DWph=1> <it= 32> <et=14.66> <Mt= 0.01> <Spt= 0.09> <nCl= 13> <al=0.00> <DB= 2723.8691> <Mlp= 2866.9506> <PB=10000000> 
<DWph=1> <it= 33> <et=14.76> <Mt= 0.02> <Spt= 0.08> <nCl=  7> <al=0.00> <DB= 2456.0898> <Mlp= 2866.9425> <PB=10000000> 
<DWph=1> <it= 34> <et=14.86> <Mt= 0.01> <Spt= 0.10> <nCl= 11> <al=0.00> <DB= 2640.3519> <Mlp= 2866.9362> <PB=10000000> 
<DWph=1> <it= 35> <et=14.97> <Mt= 0.01> <Spt= 0.09> <nCl=  3> <al=0.00> <DB= 2866.9329> <Mlp= 2866.9329> <PB=10000000> 
    RCSP exact solver info for graph G_0 : TT = 0.237205, pt = 0.000878, dt = 0.224219, ct = 0.011011, ndl = 26418', bdl = 2209359', odl = 35545', odf = 520803', bsi = 1531', cnt = 193736', bdch = 19210275', odch = 1557531', lcp = 428492', #sols = 150
<DWph=0> <it= 36> <et=15.23> <Mt= 0.00> <Spt= 0.26> <nCl=150> <al=0.00> <DB= 2246.0669> <Mlp= 2866.9329> <PB=10000000> 
    RCSP exact solver info for graph G_0 : TT = 0.173074, pt = 0.00112, dt = 0.161192, ct = 0.009649, ndl = 25459', bdl = 2144883', odl = 35268', odf = 494045', bsi = 1660', cnt = 190359', bdch = 18194807', odch = 1406548', lcp = 418729', #sols = 150
<DWph=0> <it= 37> <et=15.48> <Mt= 0.05> <Spt= 0.20> <nCl=150> <al=0.00> <DB= 2351.4509> <Mlp= 2866.2832> <PB=10000000> 
    RCSP exact solver info for graph G_0 : TT = 0.167867, pt = 0.001059, dt = 0.15565, ct = 0.00994, ndl = 25224', bdl = 2133752', odl = 34938', odf = 493242', bsi = 1582', cnt = 185908', bdch = 17885342', odch = 1379110', lcp = 407144', #sols = 150
<DWph=0> <it= 38> <et=15.69> <Mt= 0.03> <Spt= 0.18> <nCl= 54> <al=0.09> <DB= 2734.9552> <Mlp= 2866.2089> <PB=10000000> 
    RCSP exact solver info for graph G_0 : TT = 0.168623, pt = 0.00104, dt = 0.156219, ct = 0.010147, ndl = 25073', bdl = 2116937', odl = 35018', odf = 494896', bsi = 1536', cnt = 190477', bdch = 17710517', odch = 1363481', lcp = 402323', #sols = 150
<DWph=0> <it= 39> <et=15.88> <Mt= 0.01> <Spt= 0.18> <nCl= 22> <al=0.18> <DB= 2842.7302> <Mlp= 2866.1854> <PB=10000000> 
    RCSP exact solver info for graph G_0 : TT = 0.174063, pt = 0.001107, dt = 0.161866, ct = 0.009908, ndl = 24978', bdl = 2108780', odl = 35142', odf = 494369', bsi = 1546', cnt = 183637', bdch = 17598761', odch = 1354748', lcp = 403569', #sols = 150
<DWph=0> <it= 40> <et=16.07> <Mt= 0.01> <Spt= 0.18> <nCl= 26> <al=0.08> <DB= 2862.4935> <Mlp= 2866.1850> <PB=10000000> 
    RCSP exact solver info for graph G_0 : TT = 0.162663, pt = 0.000978, dt = 0.150545, ct = 0.009978, ndl = 24802', bdl = 2098143', odl = 34745', odf = 491308', bsi = 1562', cnt = 183595', bdch = 17370927', odch = 1336521', lcp = 397335', #sols = 150
    RCSP exact solver info for graph G_0 : TT = 0.165718, pt = 0.000928, dt = 0.1539, ct = 0.009633, ndl = 24777', bdl = 2093665', odl = 34836', odf = 489755', bsi = 1526', cnt = 179891', bdch = 17358830', odch = 1333728', lcp = 398238', #sols = 150
<DWph=0> <it= 41> <et=16.42> <Mt= 0.01> <Spt= 0.35> <nCl= 20> <al=0.00> <DB= 2866.1849> <Mlp= 2866.1849> <PB=10000000> 
RCSP solver dynamic params and stats :  bidir.bord. = 375 aver.obdmd = 97.8689 aver.buck.num. = 101 nbR1C = 38 with avMem = 10.9211
@@ 1 5 2866.18 0.176265 0.23523 91.8732 16.42
    Full reduced cost fixing is not called (gap ratio is 0.999998)
ColGenEvalAlg final dual bound: 2866.18 (rounded: 2867)
False gap improvement since the last cut separation : 0.0248221 (2859.09)
Current active cuts : CAP(15,480.936) R1C(6+32,49.1775) 1rowPackR1C(6) 3rowPackR1C(32)
Shrinking heuristic shrunk 25 edges
In total 1 RCC cut(s) are found by the Fractional capacity min-cut heuristic 
In total 3 RCC cut(s) are found by the greedy construction heuristic 
In total 5 RCC cut(s) are found by the global pool greedy search heuristic 
16 Rank-1 1-rows pack. cuts added ,  max viol. = 0.0960768, aver. viol. = 0.0443384
150 Rank-1 3-rows pack. cuts added ,  max viol. = 0.351031, aver. viol. = 0.298085
----- Add fac. cuts : CAP(9) R1C(166), max.viol = 0.351031, aver.viol = 0.262313, sep/add took 0.0509668/0.284559 sec. -----
6702 columns (6702 active), 418 dyn. constrs. (282 active), 748 art. vars. (524 active)
<DWph=2> <it=  1> <et=16.94> <Mt= 0.10> <Spt= 0.05> <nCl= 30> <al=0.50> <DB=  540.5233> <Mlp= 2877.5235> <PB=10000000> 
<DWph=2> <it=  2> <et=17.11> <Mt= 0.11> <Spt= 0.05> <nCl= 30> <al=0.55> <DB=  699.9359> <Mlp= 2875.9862> <PB=10000000> 
<DWph=2> <it=  3> <et=17.20> <Mt= 0.04> <Spt= 0.05> <nCl= 25> <al=0.60> <DB= 2425.7165> <Mlp= 2875.7763> <PB=10000000> 
<DWph=2> <it=  4> <et=17.38> <Mt= 0.14> <Spt= 0.05> <nCl= 23> <al=0.64> <DB= 2494.1626> <Mlp= 2874.8852> <PB=10000000> 
<DWph=2> <it=  5> <et=17.49> <Mt= 0.06> <Spt= 0.04> <nCl=  8> <al=0.67> <DB= 2788.2810> <Mlp= 2874.5056> <PB=10000000> 
<DWph=2> <it=  6> <et=17.58> <Mt= 0.04> <Spt= 0.05> <nCl=  9> <al=0.70> <DB= 2868.5708> <Mlp= 2874.2661> <PB=10000000> 
<DWph=2> <it=  7> <et=17.65> <Mt= 0.02> <Spt= 0.05> <nCl= 19> <al=0.60> <DB= 2749.8410> <Mlp= 2874.1840> <PB=10000000> 
<DWph=2> <it=  8> <et=17.75> <Mt= 0.06> <Spt= 0.05> <nCl= 14> <al=0.64> <DB= 2710.2663> <Mlp= 2873.7342> <PB=10000000> 
<DWph=2> <it=  9> <et=17.83> <Mt= 0.03> <Spt= 0.04> <nCl= 10> <al=0.68> <DB= 2870.1935> <Mlp= 2873.6395> <PB=10000000> 
<DWph=2> <it= 10> <et=17.90> <Mt= 0.02> <Spt= 0.05> <nCl= 28> <al=0.58> <DB= 2168.9598> <Mlp= 2873.5973> <PB=10000000> 
<DWph=2> <it= 11> <et=17.99> <Mt= 0.03> <Spt= 0.06> <nCl= 12> <al=0.62> <DB= 2668.1213> <Mlp= 2873.4379> <PB=10000000> 
<DWph=2> <it= 12> <et=18.07> <Mt= 0.03> <Spt= 0.05> <nCl=  8> <al=0.66> <DB= 2779.4082> <Mlp= 2873.3561> <PB=10000000> 
<DWph=2> <it= 13> <et=18.15> <Mt= 0.02> <Spt= 0.05> <nCl=  5> <al=0.69> <DB= 2681.6944> <Mlp= 2873.2544> <PB=10000000> 
<DWph=2> <it= 14> <et=18.21> <Mt= 0.01> <Spt= 0.06> <nCl=  3> <al=0.72> <DB= 2810.6759> <Mlp= 2873.2544> <PB=10000000> 
<DWph=2> <it= 15> <et=18.26> <Mt= 0.01> <Spt= 0.04> <nCl=  4> <al=0.62> <DB= 2819.3153> <Mlp= 2873.2544> <PB=10000000> 
<DWph=2> <it= 16> <et=18.33> <Mt= 0.01> <Spt= 0.05> <nCl= 13> <al=0.52> <DB= 2843.8673> <Mlp= 2873.2051> <PB=10000000> 
<DWph=2> <it= 17> <et=18.39> <Mt= 0.02> <Spt= 0.05> <nCl=  8> <al=0.42> <DB= 2813.1536> <Mlp= 2873.1801> <PB=10000000> 
<DWph=2> <it= 18> <et=18.50> <Mt= 0.01> <Spt= 0.10> <nCl= 31> <al=0.00> <DB= 2174.8738> <Mlp= 2873.1659> <PB=10000000> 
<DWph=2> <it= 19> <et=18.64> <Mt= 0.09> <Spt= 0.05> <nCl= 18> <al=0.38> <DB= 2593.8309> <Mlp= 2872.8772> <PB=10000000> 
<DWph=2> <it= 20> <et=18.74> <Mt= 0.05> <Spt= 0.05> <nCl=  8> <al=0.44> <DB= 2834.7298> <Mlp= 2872.5983> <PB=10000000> 
<DWph=2> <it= 21> <et=18.83> <Mt= 0.03> <Spt= 0.06> <nCl=  1> <al=0.50> <DB= 2870.2026> <Mlp= 2872.5638> <PB=10000000> 
<DWph=2> <it= 22> <et=18.89> <Mt= 0.01> <Spt= 0.05> <nCl=  5> <al=0.55> <DB= 2577.4244> <Mlp= 2872.5638> <PB=10000000> 
<DWph=2> <it= 23> <et=18.96> <Mt= 0.02> <Spt= 0.05> <nCl=  6> <al=0.59> <DB= 2838.5512> <Mlp= 2872.4875> <PB=10000000> 
<DWph=2> <it= 24> <et=19.09> <Mt= 0.03> <Spt= 0.09> <nCl= 22> <al=0.27> <DB= 2423.0967> <Mlp= 2872.4678> <PB=10000000> 
<DWph=2> <it= 25> <et=19.16> <Mt= 0.02> <Spt= 0.06> <nCl=  6> <al=0.54> <DB= 2478.5494> <Mlp= 2872.4507> <PB=10000000> 
<DWph=2> <it= 26> <et=19.25> <Mt= 0.04> <Spt= 0.04> <nCl=  4> <al=0.58> <DB= 2871.9931> <Mlp= 2872.2933> <PB=10000000> 
<DWph=2> <it= 27> <et=19.31> <Mt= 0.01> <Spt= 0.06> <nCl=  6> <al=0.48> <DB= 2788.3612> <Mlp= 2872.2933> <PB=10000000> 
<DWph=2> <it= 28> <et=19.39> <Mt= 0.02> <Spt= 0.05> <nCl=  6> <al=0.53> <DB= 2698.5228> <Mlp= 2872.2840> <PB=10000000> 
<DWph=2> <it= 29> <et=19.45> <Mt= 0.01> <Spt= 0.05> <nCl=  3> <al=0.58> <DB= 2872.1148> <Mlp= 2872.2829> <PB=10000000> 
<DWph=2> <it= 30> <et=19.51> <Mt= 0.01> <Spt= 0.06> <nCl=  9> <al=0.48> <DB= 2611.5209> <Mlp= 2872.2829> <PB=10000000> 
<DWph=2> <it= 31> <et=19.62> <Mt= 0.01> <Spt= 0.09> <nCl=  4> <al=0.06> <DB= 2787.7833> <Mlp= 2872.2726> <PB=10000000> 
<DWph=2> <it= 32> <et=19.71> <Mt= 0.01> <Spt= 0.09> <nCl=  5> <al=0.00> <DB= 2752.2726> <Mlp= 2872.2726> <PB=10000000> 
<DWph=2> <it= 33> <et=19.77> <Mt= 0.01> <Spt= 0.04> <nCl=  2> <al=0.33> <DB= 2861.0157> <Mlp= 2872.2485> <PB=10000000> 
<DWph=2> <it= 34> <et=19.87> <Mt= 0.01> <Spt= 0.09> <nCl=  3> <al=0.00> <DB= 2677.3499> <Mlp= 2872.2477> <PB=10000000> 
<DWph=2> <it= 35> <et=19.95> <Mt= 0.04> <Spt= 0.05> <nCl=  6> <al=0.30> <DB= 2817.8615> <Mlp= 2872.1945> <PB=10000000> 
<DWph=2> <it= 36> <et=20.02> <Mt= 0.01> <Spt= 0.04> <nCl=  1> <al=0.37> <DB= 2843.8274> <Mlp= 2872.1850> <PB=10000000> 
<DWph=2> <it= 37> <et=20.07> <Mt= 0.01> <Spt= 0.05> <nCl=  2> <al=0.27> <DB= 2846.0744> <Mlp= 2872.1850> <PB=10000000> 
<DWph=2> <it= 38> <et=20.17> <Mt= 0.01> <Spt= 0.09> <nCl=  6> <al=0.00> <DB= 2389.4446> <Mlp= 2872.1850> <PB=10000000> 
<DWph=2> <it= 39> <et=20.22> <Mt= 0.00> <Spt= 0.05> <nCl=  2> <al=0.24> <DB= 2853.5807> <Mlp= 2872.1849> <PB=10000000> 
<DWph=2> <it= 40> <et=20.32> <Mt= 0.01> <Spt= 0.09> <nCl=  4> <al=0.00> <DB= 2804.8397> <Mlp= 2872.1849> <PB=10000000> 
<DWph=2> <it= 41> <et=20.38> <Mt= 0.00> <Spt= 0.05> <nCl=  1> <al=0.04> <DB= 2831.5787> <Mlp= 2872.1849> <PB=10000000> 
<DWph=2> <it= 42> <et=20.47> <Mt= 0.01> <Spt= 0.09> <nCl=  0> <al=0.00> <DB= 2872.1849> <Mlp= 2872.1849> <PB=10000000> 
<DWph=1> <it= 43> <et=20.57> <Mt= 0.00> <Spt= 0.10> <nCl= 21> <al=0.04> <DB= 2623.6667> <Mlp= 2872.1849> <PB=10000000> 
<DWph=1> <it= 44> <et=20.71> <Mt= 0.03> <Spt= 0.10> <nCl= 18> <al=0.13> <DB= 1931.1645> <Mlp= 2872.1373> <PB=10000000> 
<DWph=1> <it= 45> <et=20.83> <Mt= 0.02> <Spt= 0.10> <nCl=  9> <al=0.22> <DB= 2789.0884> <Mlp= 2872.1248> <PB=10000000> 
<DWph=1> <it= 46> <et=20.96> <Mt= 0.03> <Spt= 0.11> <nCl=  8> <al=0.30> <DB= 2684.6100> <Mlp= 2872.0936> <PB=10000000> 
<DWph=1> <it= 47> <et=21.07> <Mt= 0.01> <Spt= 0.10> <nCl=  2> <al=0.37> <DB= 2814.8684> <Mlp= 2872.0936> <PB=10000000> 
<DWph=1> <it= 48> <et=21.20> <Mt= 0.01> <Spt= 0.11> <nCl=  4> <al=0.27> <DB= 2718.4285> <Mlp= 2872.0903> <PB=10000000> 
<DWph=1> <it= 49> <et=21.31> <Mt= 0.01> <Spt= 0.10> <nCl=  3> <al=0.34> <DB= 2849.8353> <Mlp= 2872.0903> <PB=10000000> 
<DWph=1> <it= 50> <et=21.42> <Mt= 0.01> <Spt= 0.10> <nCl=  6> <al=0.41> <DB= 2842.2437> <Mlp= 2872.0903> <PB=10000000> 
<DWph=1> <it= 51> <et=21.62> <Mt= 0.00> <Spt= 0.20> <nCl=  4> <al=0.00> <DB= 2821.8465> <Mlp= 2872.0903> <PB=10000000> 
<DWph=1> <it= 52> <et=21.83> <Mt= 0.01> <Spt= 0.20> <nCl=  3> <al=0.00> <DB= 2872.0903> <Mlp= 2872.0903> <PB=10000000> 
    RCSP exact solver info for graph G_0 : TT = 0.23296, pt = 0.001096, dt = 0.218569, ct = 0.01216, ndl = 30353', bdl = 2541086', odl = 37476', odf = 606195', bsi = 1421', cnt = 469778', bdch = 24229531', odch = 2606419', lcp = 592631', #sols = 150
<DWph=0> <it= 53> <et=22.10> <Mt= 0.00> <Spt= 0.27> <nCl=150> <al=0.27> <DB= 2418.3812> <Mlp= 2872.0903> <PB=10000000> 
    RCSP exact solver info for graph G_0 : TT = 0.269023, pt = 0.001658, dt = 0.251359, ct = 0.014811, ndl = 33766', bdl = 2769742', odl = 38963', odf = 612740', bsi = 1542', cnt = 451940', bdch = 28705978', odch = 2810688', lcp = 672087', #sols = 150
<DWph=0> <it= 54> <et=22.69> <Mt= 0.30> <Spt= 0.29> <nCl=120> <al=0.34> <DB= 2578.9827> <Mlp= 2871.2381> <PB=10000000> 
    RCSP exact solver info for graph G_0 : TT = 0.232148, pt = 0.001648, dt = 0.215331, ct = 0.013889, ndl = 30227', bdl = 2517665', odl = 38050', odf = 599093', bsi = 1525', cnt = 377286', bdch = 24090783', odch = 2281204', lcp = 567862', #sols = 150
<DWph=0> <it= 55> <et=22.98> <Mt= 0.04> <Spt= 0.24> <nCl= 36> <al=0.41> <DB= 2760.4336> <Mlp= 2871.0489> <PB=10000000> 
    RCSP exact solver info for graph G_0 : TT = 0.234191, pt = 0.001795, dt = 0.217885, ct = 0.013282, ndl = 29499', bdl = 2451877', odl = 37831', odf = 590348', bsi = 1486', cnt = 353950', bdch = 23021945', odch = 2191846', lcp = 548507', #sols = 150
<DWph=0> <it= 56> <et=23.24> <Mt= 0.02> <Spt= 0.25> <nCl= 36> <al=0.47> <DB= 2780.6947> <Mlp= 2871.0221> <PB=10000000> 
    RCSP exact solver info for graph G_0 : TT = 0.22909, pt = 0.001898, dt = 0.21317, ct = 0.012745, ndl = 29246', bdl = 2416805', odl = 37771', odf = 587356', bsi = 1494', cnt = 361436', bdch = 22582284', odch = 2143656', lcp = 541541', #sols = 150
<DWph=0> <it= 57> <et=23.49> <Mt= 0.02> <Spt= 0.24> <nCl= 16> <al=0.52> <DB= 2723.0982> <Mlp= 2871.0182> <PB=10000000> 
    RCSP exact solver info for graph G_0 : TT = 0.222858, pt = 0.001696, dt = 0.207395, ct = 0.012454, ndl = 29282', bdl = 2427367', odl = 37712', odf = 585547', bsi = 1523', cnt = 356758', bdch = 22648836', odch = 2154340', lcp = 544283', #sols = 150
    RCSP exact solver info for graph G_0 : TT = 0.224189, pt = 0.001636, dt = 0.208731, ct = 0.012522, ndl = 29144', bdl = 2418799', odl = 37689', odf = 582261', bsi = 1529', cnt = 352720', bdch = 22495514', odch = 2138518', lcp = 541961', #sols = 150
<DWph=0> <it= 58> <et=23.96> <Mt= 0.00> <Spt= 0.46> <nCl= 28> <al=0.13> <DB= 2794.3561> <Mlp= 2871.0176> <PB=10000000> 
    RCSP exact solver info for graph G_0 : TT = 0.226205, pt = 0.001609, dt = 0.210533, ct = 0.012903, ndl = 29391', bdl = 2438010', odl = 37860', odf = 589179', bsi = 1526', cnt = 361586', bdch = 22902710', odch = 2160629', lcp = 547388', #sols = 150
    RCSP exact solver info for graph G_0 : TT = 0.19644, pt = 0.001052, dt = 0.182478, ct = 0.011703, ndl = 28492', bdl = 2372673', odl = 37368', odf = 574834', bsi = 1544', cnt = 336152', bdch = 21618120', odch = 2056414', lcp = 525009', #sols = 150
<DWph=0> <it= 59> <et=24.41> <Mt= 0.01> <Spt= 0.44> <nCl= 27> <al=0.00> <DB= 2840.9218> <Mlp= 2871.0173> <PB=10000000> 
    RCSP exact solver info for graph G_0 : TT = 0.220962, pt = 0.001655, dt = 0.206041, ct = 0.012104, ndl = 29061', bdl = 2415138', odl = 37730', odf = 583651', bsi = 1533', cnt = 347918', bdch = 22497566', odch = 2103837', lcp = 537456', #sols = 150
    RCSP exact solver info for graph G_0 : TT = 0.196725, pt = 0.001038, dt = 0.182913, ct = 0.011568, ndl = 28397', bdl = 2363713', odl = 37301', odf = 573083', bsi = 1552', cnt = 336153', bdch = 21475761', odch = 2029684', lcp = 520378', #sols = 150
<DWph=0> <it= 60> <et=24.84> <Mt= 0.01> <Spt= 0.43> <nCl=  8> <al=0.00> <DB= 2864.6989> <Mlp= 2871.0173> <PB=10000000> 
    RCSP exact solver info for graph G_0 : TT = 0.192725, pt = 0.001069, dt = 0.178887, ct = 0.011602, ndl = 28373', bdl = 2364812', odl = 37310', odf = 572656', bsi = 1559', cnt = 334162', bdch = 21473813', odch = 2015259', lcp = 518830', #sols = 150
    RCSP exact solver info for graph G_0 : TT = 0.192895, pt = 0.001037, dt = 0.179164, ct = 0.011456, ndl = 28338', bdl = 2362635', odl = 37306', odf = 571967', bsi = 1551', cnt = 333315', bdch = 21425310', odch = 2008918', lcp = 517487', #sols = 150
<DWph=0> <it= 61> <et=25.25> <Mt= 0.00> <Spt= 0.40> <nCl=  1> <al=0.00> <DB= 2871.0173> <Mlp= 2871.0173> <PB=10000000> 
RCSP solver dynamic params and stats :  bidir.bord. = 375 aver.obdmd = 97.8689 aver.buck.num. = 101 nbR1C = 47 with avMem = 10.8723
@@ 1 6 2871.02 0.218127 0.26617 91.8732 25.25
    Full reduced cost fixing is not called (gap ratio is 0.999997)
ColGenEvalAlg final dual bound: 2871.02 (rounded: 2872)
False gap improvement since the last cut separation : 0.0168602 (2866.18)
Current active cuts : CAP(13,357.23) R1C(9+38,81.4977) 1rowPackR1C(9) 3rowPackR1C(38)
Shrinking heuristic shrunk 30 edges
In total 5 RCC cut(s) are found by the greedy construction heuristic 
In total 2 RCC cut(s) are found by the global pool greedy search heuristic 
8 Rank-1 1-rows pack. cuts added ,  max viol. = 0.285034, aver. viol. = 0.0590066
150 Rank-1 3-rows pack. cuts added ,  max viol. = 0.380413, aver. viol. = 0.183501
----- Add fac. cuts : CAP(7) R1C(158), max.viol = 0.380413, aver.viol = 0.171555, sep/add took 0.0464906/0.307245 sec. -----
7612 columns (7612 active), 455 dyn. constrs. (279 active), 913 art. vars. (521 active)
<DWph=2> <it=  1> <et=25.76> <Mt= 0.08> <Spt= 0.04> <nCl=  5> <al=0.50> <DB= 2848.7327> <Mlp= 2873.8631> <PB=10000000> 
<DWph=2> <it=  2> <et=25.87> <Mt= 0.01> <Spt= 0.10> <nCl= 16> <al=0.10> <DB= 2777.8064> <Mlp= 2873.8304> <PB=10000000> 
<DWph=2> <it=  3> <et=25.98> <Mt= 0.01> <Spt= 0.10> <nCl=  9> <al=0.00> <DB= 2751.8906> <Mlp= 2873.7868> <PB=10000000> 
<DWph=2> <it=  4> <et=26.03> <Mt= 0.00> <Spt= 0.05> <nCl=  5> <al=0.35> <DB= 2730.6045> <Mlp= 2873.7818> <PB=10000000> 
<DWph=2> <it=  5> <et=26.16> <Mt= 0.03> <Spt= 0.10> <nCl= 12> <al=0.00> <DB= 2674.7602> <Mlp= 2873.6133> <PB=10000000> 
<DWph=2> <it=  6> <et=26.22> <Mt= 0.01> <Spt= 0.05> <nCl=  2> <al=0.32> <DB= 2711.2969> <Mlp= 2873.6121> <PB=10000000> 
<DWph=2> <it=  7> <et=26.28> <Mt= 0.00> <Spt= 0.05> <nCl=  2> <al=0.38> <DB= 2829.8516> <Mlp= 2873.6121> <PB=10000000> 
<DWph=2> <it=  8> <et=26.33> <Mt= 0.01> <Spt= 0.05> <nCl=  1> <al=0.45> <DB= 2873.5197> <Mlp= 2873.6121> <PB=10000000> 
<DWph=2> <it=  9> <et=26.44> <Mt= 0.00> <Spt= 0.10> <nCl=  5> <al=0.00> <DB= 2854.7797> <Mlp= 2873.6105> <PB=10000000> 
<DWph=2> <it= 10> <et=26.54> <Mt= 0.01> <Spt= 0.09> <nCl=  0> <al=0.00> <DB= 2873.6100> <Mlp= 2873.6100> <PB=10000000> 
<DWph=1> <it= 11> <et=26.65> <Mt= 0.00> <Spt= 0.11> <nCl= 19> <al=0.15> <DB= 2696.5259> <Mlp= 2873.6100> <PB=10000000> 
<DWph=1> <it= 12> <et=26.78> <Mt= 0.02> <Spt= 0.12> <nCl= 12> <al=0.05> <DB= 2624.0687> <Mlp= 2873.5256> <PB=10000000> 
<DWph=1> <it= 13> <et=26.90> <Mt= 0.01> <Spt= 0.10> <nCl=  2> <al=0.14> <DB= 2592.8385> <Mlp= 2873.4914> <PB=10000000> 
<DWph=1> <it= 14> <et=27.02> <Mt= 0.01> <Spt= 0.11> <nCl=  3> <al=0.23> <DB= 2816.4119> <Mlp= 2873.4175> <PB=10000000> 
<DWph=1> <it= 15> <et=27.13> <Mt= 0.01> <Spt= 0.11> <nCl=  5> <al=0.13> <DB= 2723.8755> <Mlp= 2873.4175> <PB=10000000> 
<DWph=1> <it= 16> <et=27.25> <Mt= 0.01> <Spt= 0.11> <nCl=  1> <al=0.21> <DB= 2812.8396> <Mlp= 2873.4121> <PB=10000000> 
<DWph=1> <it= 17> <et=27.47> <Mt= 0.00> <Spt= 0.21> <nCl=  3> <al=0.00> <DB= 2865.3061> <Mlp= 2873.4121> <PB=10000000> 
<DWph=1> <it= 18> <et=27.68> <Mt= 0.01> <Spt= 0.20> <nCl=  1> <al=0.00> <DB= 2873.4120> <Mlp= 2873.4120> <PB=10000000> 
    RCSP exact solver info for graph G_0 : TT = 0.267206, pt = 0.001365, dt = 0.24929, ct = 0.015322, ndl = 33763', bdl = 2795777', odl = 39838', odf = 638862', bsi = 1467', cnt = 589816', bdch = 28793058', odch = 2914728', lcp = 691187', #sols = 150
<DWph=0> <it= 19> <et=27.98> <Mt= 0.00> <Spt= 0.30> <nCl=122> <al=0.09> <DB= 2606.7643> <Mlp= 2873.4120> <PB=10000000> 
    RCSP exact solver info for graph G_0 : TT = 0.254026, pt = 0.001527, dt = 0.236391, ct = 0.014862, ndl = 32757', bdl = 2706701', odl = 39057', odf = 623145', bsi = 1411', cnt = 525466', bdch = 27277885', odch = 2666688', lcp = 643036', #sols = 150
<DWph=0> <it= 20> <et=28.27> <Mt= 0.02> <Spt= 0.26> <nCl= 36> <al=0.18> <DB= 2739.6863> <Mlp= 2873.1805> <PB=10000000> 
    RCSP exact solver info for graph G_0 : TT = 0.250682, pt = 0.001523, dt = 0.232248, ct = 0.01565, ndl = 33168', bdl = 2737406', odl = 39121', odf = 622876', bsi = 1448', cnt = 557307', bdch = 27824394', odch = 2727858', lcp = 649103', #sols = 150
    RCSP exact solver info for graph G_0 : TT = 0.250313, pt = 0.001357, dt = 0.232137, ct = 0.01553, ndl = 33083', bdl = 2731496', odl = 38654', odf = 584538', bsi = 1362', cnt = 530476', bdch = 27496488', odch = 2679031', lcp = 641753', #sols = 150
<DWph=0> <it= 21> <et=28.79> <Mt= 0.01> <Spt= 0.52> <nCl= 42> <al=0.00> <DB= 2856.0478> <Mlp= 2873.1759> <PB=10000000> 
    RCSP exact solver info for graph G_0 : TT = 0.243892, pt = 0.001449, dt = 0.225682, ct = 0.015457, ndl = 32928', bdl = 2720350', odl = 38658', odf = 583771', bsi = 1351', cnt = 521207', bdch = 27311876', odch = 2649637', lcp = 637934', #sols = 150
    RCSP exact solver info for graph G_0 : TT = 0.245105, pt = 0.001525, dt = 0.226817, ct = 0.015257, ndl = 32822', bdl = 2710715', odl = 38674', odf = 582173', bsi = 1357', cnt = 511746', bdch = 27157566', odch = 2621915', lcp = 634867', #sols = 150
<DWph=0> <it= 22> <et=29.30> <Mt= 0.01> <Spt= 0.51> <nCl=  6> <al=0.00> <DB= 2873.1759> <Mlp= 2873.1759> <PB=10000000> 
RCSP solver dynamic params and stats :  bidir.bord. = 375 aver.obdmd = 97.8689 aver.buck.num. = 101 nbR1C = 62 with avMem = 11.8065
@@ 1 7 2873.18 0.249107 0.264612 91.8732 29.3
    Full reduced cost fixing is not called (gap ratio is 0.999997)
ColGenEvalAlg final dual bound: 2873.18 (rounded: 2874)
False gap improvement since the last cut separation : 0.00751873 (2871.02)
Separator R1C not in maximum phase
Cut generation tailing off counter increased to 0
Current active cuts : CAP(13,301.559) R1C(8+54,102.171) 1rowPackR1C(8) 3rowPackR1C(54)
Shrinking heuristic shrunk 28 edges
In total 1 RCC cut(s) are found by the Fractional capacity min-cut heuristic 
In total 5 RCC cut(s) are found by the greedy construction heuristic 
In total 1 RCC cut(s) are found by the global pool greedy search heuristic 
11 Rank-1 1-rows pack. cuts added ,  max viol. = 0.126743, aver. viol. = 0.0519556
150 Rank-1 3-rows pack. cuts added ,  max viol. = 0.220219, aver. viol. = 0.174829
Building structures for heuristic rank-1 packing cut separation...done!
100 Rank-1 4-rows pack. cuts added ,  max viol. = 0.231872, aver. viol. = 0.171558
----- Add fac. cuts : CAP(7) R1C(261), max.viol = 0.285357, aver.viol = 0.185264, sep/add took 0.108779/0.577413 sec. -----
7921 columns (7921 active), 558 dyn. constrs. (396 active), 1181 art. vars. (638 active)
<DWph=2> <it=  1> <et=30.22> <Mt= 0.11> <Spt= 0.06> <nCl= 16> <al=0.50> <DB= 2787.9031> <Mlp= 2876.3821> <PB=10000000> 
<DWph=2> <it=  2> <et=30.58> <Mt= 0.29> <Spt= 0.06> <nCl= 30> <al=0.55> <DB=  652.8296> <Mlp= 2876.0069> <PB=10000000> 
<DWph=2> <it=  3> <et=30.66> <Mt= 0.02> <Spt= 0.07> <nCl= 13> <al=0.60> <DB= 2705.8973> <Mlp= 2876.0069> <PB=10000000> 
<DWph=2> <it=  4> <et=30.76> <Mt= 0.05> <Spt= 0.06> <nCl=  2> <al=0.64> <DB= 2832.8681> <Mlp= 2875.9945> <PB=10000000> 
<DWph=2> <it=  5> <et=30.96> <Mt= 0.06> <Spt= 0.12> <nCl= 13> <al=0.34> <DB= 2668.6548> <Mlp= 2875.9599> <PB=10000000> 
<DWph=2> <it=  6> <et=31.34> <Mt= 0.32> <Spt= 0.07> <nCl=  5> <al=0.57> <DB= 2731.6248> <Mlp= 2875.8345> <PB=10000000> 
<DWph=2> <it=  7> <et=31.42> <Mt= 0.02> <Spt= 0.06> <nCl=  5> <al=0.61> <DB= 2702.2127> <Mlp= 2875.8336> <PB=10000000> 
<DWph=2> <it=  8> <et=31.52> <Mt= 0.04> <Spt= 0.06> <nCl=  5> <al=0.65> <DB= 2874.6912> <Mlp= 2875.8256> <PB=10000000> 
<DWph=2> <it=  9> <et=31.61> <Mt= 0.03> <Spt= 0.07> <nCl= 10> <al=0.55> <DB= 2730.3719> <Mlp= 2875.8214> <PB=10000000> 
<DWph=2> <it= 10> <et=31.74> <Mt= 0.06> <Spt= 0.05> <nCl=  1> <al=0.60> <DB= 2875.1204> <Mlp= 2875.7586> <PB=10000000> 
<DWph=2> <it= 11> <et=31.81> <Mt= 0.01> <Spt= 0.07> <nCl=  6> <al=0.50> <DB= 2807.9413> <Mlp= 2875.7586> <PB=10000000> 
<DWph=2> <it= 12> <et=31.97> <Mt= 0.09> <Spt= 0.07> <nCl=  2> <al=0.55> <DB= 2870.7946> <Mlp= 2875.7195> <PB=10000000> 
<DWph=2> <it= 13> <et=32.14> <Mt= 0.04> <Spt= 0.13> <nCl=  5> <al=0.19> <DB= 2838.2594> <Mlp= 2875.7139> <PB=10000000> 
<DWph=2> <it= 14> <et=32.22> <Mt= 0.01> <Spt= 0.06> <nCl=  3> <al=0.49> <DB= 2818.8730> <Mlp= 2875.7139> <PB=10000000> 
<DWph=2> <it= 15> <et=32.30> <Mt= 0.01> <Spt= 0.07> <nCl=  2> <al=0.54> <DB= 2798.2814> <Mlp= 2875.7137> <PB=10000000> 
<DWph=2> <it= 16> <et=32.43> <Mt= 0.01> <Spt= 0.12> <nCl=  1> <al=0.18> <DB= 2874.6796> <Mlp= 2875.7137> <PB=10000000> 
<DWph=2> <it= 17> <et=32.55> <Mt= 0.00> <Spt= 0.12> <nCl=  4> <al=0.00> <DB= 2863.6772> <Mlp= 2875.7137> <PB=10000000> 
<DWph=2> <it= 18> <et=32.68> <Mt= 0.01> <Spt= 0.12> <nCl=  4> <al=0.00> <DB= 2875.7137> <Mlp= 2875.7137> <PB=10000000> 
<DWph=1> <it= 19> <et=32.80> <Mt= 0.01> <Spt= 0.12> <nCl= 16> <al=0.29> <DB= 2624.5831> <Mlp= 2875.7137> <PB=10000000> 
<DWph=1> <it= 20> <et=33.10> <Mt= 0.16> <Spt= 0.14> <nCl= 14> <al=0.19> <DB= 2640.9421> <Mlp= 2875.6796> <PB=10000000> 
<DWph=1> <it= 21> <et=33.27> <Mt= 0.03> <Spt= 0.14> <nCl=  6> <al=0.27> <DB= 2665.5360> <Mlp= 2875.6693> <PB=10000000> 
<DWph=1> <it= 22> <et=33.42> <Mt= 0.01> <Spt= 0.13> <nCl=  9> <al=0.34> <DB= 2792.8933> <Mlp= 2875.6693> <PB=10000000> 
<DWph=1> <it= 23> <et=33.58> <Mt= 0.03> <Spt= 0.14> <nCl=  2> <al=0.24> <DB= 2850.7035> <Mlp= 2875.6675> <PB=10000000> 
<DWph=1> <it= 24> <et=33.74> <Mt= 0.02> <Spt= 0.13> <nCl=  8> <al=0.32> <DB= 2693.1574> <Mlp= 2875.6670> <PB=10000000> 
<DWph=1> <it= 25> <et=34.00> <Mt= 0.01> <Spt= 0.25> <nCl=  2> <al=0.00> <DB= 2875.6670> <Mlp= 2875.6670> <PB=10000000> 
    RCSP exact solver info for graph G_0 : TT = 0.368185, pt = 0.002214, dt = 0.341085, ct = 0.023358, ndl = 42743', bdl = 3469716', odl = 45168', odf = 757775', bsi = 1575', cnt = 926217', bdch = 43075330', odch = 3976502', lcp = 960853', #sols = 150
<DWph=0> <it= 26> <et=34.44> <Mt= 0.00> <Spt= 0.44> <nCl=150> <al=0.12> <DB= 2462.2780> <Mlp= 2875.6670> <PB=10000000> 
    RCSP exact solver info for graph G_0 : TT = 0.37472, pt = 0.002755, dt = 0.348604, ct = 0.021851, ndl = 43379', bdl = 3522132', odl = 44678', odf = 776475', bsi = 1539', cnt = 919609', bdch = 44333167', odch = 4255707', lcp = 974266', #sols = 150
<DWph=0> <it= 27> <et=34.94> <Mt= 0.09> <Spt= 0.41> <nCl=120> <al=0.02> <DB= 2587.9173> <Mlp= 2875.5185> <PB=10000000> 
    RCSP exact solver info for graph G_0 : TT = 0.363672, pt = 0.002901, dt = 0.336701, ct = 0.022404, ndl = 40395', bdl = 3298655', odl = 43720', odf = 732243', bsi = 1463', cnt = 741164', bdch = 39339958', odch = 3632846', lcp = 883314', #sols = 150
<DWph=0> <it= 28> <et=35.39> <Mt= 0.07> <Spt= 0.38> <nCl= 42> <al=0.12> <DB= 2793.4915> <Mlp= 2875.4747> <PB=10000000> 
    RCSP exact solver info for graph G_0 : TT = 0.372088, pt = 0.002777, dt = 0.347904, ct = 0.020062, ndl = 41604', bdl = 3406138', odl = 44210', odf = 754454', bsi = 1629', cnt = 650363', bdch = 41209544', odch = 3820569', lcp = 927041', #sols = 150
<DWph=0> <it= 29> <et=35.86> <Mt= 0.05> <Spt= 0.41> <nCl=150> <al=0.21> <DB= 2029.0738> <Mlp= 2875.4585> <PB=10000000> 
    RCSP exact solver info for graph G_0 : TT = 0.371103, pt = 0.002892, dt = 0.34545, ct = 0.021223, ndl = 41065', bdl = 3359825', odl = 44111', odf = 727651', bsi = 1454', cnt = 747143', bdch = 40411997', odch = 3741195', lcp = 906736', #sols = 150
<DWph=0> <it= 30> <et=36.25> <Mt= 0.01> <Spt= 0.38> <nCl= 15> <al=0.29> <DB= 2832.4478> <Mlp= 2875.4585> <PB=10000000> 
    RCSP exact solver info for graph G_0 : TT = 0.368159, pt = 0.003255, dt = 0.343048, ct = 0.020277, ndl = 41507', bdl = 3395621', odl = 44111', odf = 725290', bsi = 1415', cnt = 772032', bdch = 41020094', odch = 3794603', lcp = 920327', #sols = 150
<DWph=0> <it= 31> <et=36.64> <Mt= 0.01> <Spt= 0.38> <nCl= 14> <al=0.36> <DB= 2857.3183> <Mlp= 2875.4585> <PB=10000000> 
    RCSP exact solver info for graph G_0 : TT = 0.379935, pt = 0.003283, dt = 0.352462, ct = 0.022551, ndl = 41600', bdl = 3404965', odl = 44468', odf = 758897', bsi = 1457', cnt = 791345', bdch = 41293780', odch = 3872818', lcp = 925381', #sols = 150
<DWph=0> <it= 32> <et=37.04> <Mt= 0.01> <Spt= 0.39> <nCl=  7> <al=0.42> <DB= 2867.8240> <Mlp= 2875.4585> <PB=10000000> 
    RCSP exact solver info for graph G_0 : TT = 0.373041, pt = 0.002912, dt = 0.34651, ct = 0.022005, ndl = 41735', bdl = 3409053', odl = 44251', odf = 722522', bsi = 1430', cnt = 785262', bdch = 41448506', odch = 3801775', lcp = 933515', #sols = 150
    RCSP exact solver info for graph G_0 : TT = 0.350836, pt = 0.002525, dt = 0.325432, ct = 0.021421, ndl = 41639', bdl = 3402736', odl = 44325', odf = 756503', bsi = 1464', cnt = 789703', bdch = 41261415', odch = 3841848', lcp = 925931', #sols = 150
<DWph=0> <it= 33> <et=37.79> <Mt= 0.01> <Spt= 0.74> <nCl= 16> <al=0.00> <DB= 2875.4584> <Mlp= 2875.4584> <PB=10000000> 
RCSP solver dynamic params and stats :  bidir.bord. = 375 aver.obdmd = 97.8689 aver.buck.num. = 101 nbR1C = 94 with avMem = 12.9574
@@ 1 8 2875.46 0.364705 0.375013 91.8732 37.79
    Full reduced cost fixing is not called (gap ratio is 0.999997)
ColGenEvalAlg final dual bound: 2875.46 (rounded: 2876)
False gap improvement since the last cut separation : 0.00794414 (2873.18)
Separator R1C not in maximum phase
Cut generation tailing off counter increased to 0
Current active cuts : CAP(13,289.958) R1C(10+84,132.577) 1rowPackR1C(10) 3rowPackR1C(62) 4rowPackR1C(22)
Shrinking heuristic shrunk 29 edges
In total 1 RCC cut(s) are found by the global pool greedy search heuristic 
7 Rank-1 1-rows pack. cuts added ,  max viol. = 0.124317, aver. viol. = 0.0708767
150 Rank-1 3-rows pack. cuts added ,  max viol. = 0.166014, aver. viol. = 0.119613
Building structures for heuristic rank-1 packing cut separation...done!
100 Rank-1 4-rows pack. cuts added ,  max viol. = 0.218116, aver. viol. = 0.127656
100 Rank-1 5-rows pack. cuts added ,  max viol. = 0.270193, aver. viol. = 0.191489
----- Add fac. cuts : CAP(1) R1C(357), max.viol = 0.273758, aver.viol = 0.143581, sep/add took 0.579584/0.808895 sec. -----
8619 columns (8619 active), 767 dyn. constrs. (518 active), 1539 art. vars. (760 active)
<DWph=2> <it=  1> <et=39.52> <Mt= 0.21> <Spt= 0.08> <nCl= 23> <al=0.50> <DB= 2238.6145> <Mlp= 2879.0764> <PB=10000000> 
<DWph=2> <it=  2> <et=39.75> <Mt= 0.14> <Spt= 0.09> <nCl= 19> <al=0.55> <DB= 1754.4059> <Mlp= 2878.7138> <PB=10000000> 
<DWph=2> <it=  3> <et=39.90> <Mt= 0.07> <Spt= 0.08> <nCl= 30> <al=0.60> <DB=  778.9126> <Mlp= 2878.6474> <PB=10000000> 
<DWph=2> <it=  4> <et=40.00> <Mt= 0.02> <Spt= 0.08> <nCl=  6> <al=0.64> <DB= 2822.2362> <Mlp= 2878.6474> <PB=10000000> 
<DWph=2> <it=  5> <et=40.20> <Mt= 0.11> <Spt= 0.09> <nCl=  4> <al=0.67> <DB= 2876.4725> <Mlp= 2878.5495> <PB=10000000> 
<DWph=2> <it=  6> <et=40.31> <Mt= 0.03> <Spt= 0.08> <nCl= 25> <al=0.57> <DB= 2193.8990> <Mlp= 2878.5490> <PB=10000000> 
<DWph=2> <it=  7> <et=40.47> <Mt= 0.07> <Spt= 0.09> <nCl= 12> <al=0.61> <DB= 2383.9298> <Mlp= 2878.4880> <PB=10000000> 
<DWph=2> <it=  8> <et=40.67> <Mt= 0.13> <Spt= 0.07> <nCl=  5> <al=0.65> <DB= 2834.7941> <Mlp= 2878.2363> <PB=10000000> 
<DWph=2> <it=  9> <et=40.87> <Mt= 0.03> <Spt= 0.16> <nCl= 14> <al=0.38> <DB= 2292.7666> <Mlp= 2878.2108> <PB=10000000> 
<DWph=2> <it= 10> <et=41.05> <Mt= 0.09> <Spt= 0.09> <nCl= 12> <al=0.59> <DB= 2715.3398> <Mlp= 2878.1081> <PB=10000000> 
<DWph=2> <it= 11> <et=41.18> <Mt= 0.04> <Spt= 0.09> <nCl=  4> <al=0.63> <DB= 2833.2688> <Mlp= 2878.1013> <PB=10000000> 
<DWph=2> <it= 12> <et=41.36> <Mt= 0.02> <Spt= 0.16> <nCl= 12> <al=0.33> <DB= 2824.8098> <Mlp= 2878.1005> <PB=10000000> 
<DWph=2> <it= 13> <et=41.48> <Mt= 0.05> <Spt= 0.08> <nCl=  4> <al=0.57> <DB= 2804.4728> <Mlp= 2878.0697> <PB=10000000> 
<DWph=2> <it= 14> <et=41.67> <Mt= 0.02> <Spt= 0.16> <nCl= 15> <al=0.22> <DB= 2468.4093> <Mlp= 2878.0563> <PB=10000000> 
<DWph=2> <it= 15> <et=41.81> <Mt= 0.05> <Spt= 0.09> <nCl=  2> <al=0.51> <DB= 2865.8815> <Mlp= 2878.0277> <PB=10000000> 
<DWph=2> <it= 16> <et=42.01> <Mt= 0.03> <Spt= 0.18> <nCl=  8> <al=0.12> <DB= 2800.3906> <Mlp= 2878.0238> <PB=10000000> 
<DWph=2> <it= 17> <et=42.13> <Mt= 0.03> <Spt= 0.09> <nCl=  2> <al=0.46> <DB= 2861.9433> <Mlp= 2878.0232> <PB=10000000> 
<DWph=2> <it= 18> <et=42.31> <Mt= 0.01> <Spt= 0.16> <nCl=  6> <al=0.03> <DB= 2520.4317> <Mlp= 2878.0232> <PB=10000000> 
<DWph=2> <it= 19> <et=42.49> <Mt= 0.02> <Spt= 0.15> <nCl=  7> <al=0.00> <DB= 2878.0215> <Mlp= 2878.0215> <PB=10000000> 
<DWph=1> <it= 20> <et=42.63> <Mt= 0.01> <Spt= 0.14> <nCl= 16> <al=0.31> <DB= 2662.3980> <Mlp= 2878.0215> <PB=10000000> 
<DWph=1> <it= 21> <et=42.84> <Mt= 0.05> <Spt= 0.15> <nCl=  7> <al=0.38> <DB= 2792.3770> <Mlp= 2877.9931> <PB=10000000> 
<DWph=1> <it= 22> <et=43.05> <Mt= 0.05> <Spt= 0.16> <nCl=  9> <al=0.44> <DB= 2779.7307> <Mlp= 2877.9786> <PB=10000000> 
<DWph=1> <it= 23> <et=43.39> <Mt= 0.04> <Spt= 0.31> <nCl= 10> <al=0.00> <DB= 2816.0276> <Mlp= 2877.9717> <PB=10000000> 
<DWph=1> <it= 24> <et=43.54> <Mt= 0.01> <Spt= 0.14> <nCl=  2> <al=0.40> <DB= 2796.5647> <Mlp= 2877.9717> <PB=10000000> 
<DWph=1> <it= 25> <et=43.87> <Mt= 0.03> <Spt= 0.29> <nCl=  0> <al=0.00> <DB= 2877.9685> <Mlp= 2877.9685> <PB=10000000> 
    RCSP exact solver info for graph G_0 : TT = 0.583222, pt = 0.002677, dt = 0.540905, ct = 0.038212, ndl = 55831', bdl = 4356348', odl = 50256', odf = 1011563', bsi = 1505', cnt = 1855252', bdch = 66565599', odch = 7990622', lcp = 1633287', #sols = 150
<DWph=0> <it= 26> <et=44.51> <Mt= 0.00> <Spt= 0.64> <nCl=150> <al=0.36> <DB= 2385.8364> <Mlp= 2877.9685> <PB=10000000> 
    RCSP exact solver info for graph G_0 : TT = 0.548381, pt = 0.003008, dt = 0.502608, ct = 0.040418, ndl = 55985', bdl = 4358616', odl = 50345', odf = 1015672', bsi = 1491', cnt = 1868719', bdch = 66615026', odch = 7903684', lcp = 1620409', #sols = 150
<DWph=0> <it= 27> <et=45.18> <Mt= 0.08> <Spt= 0.59> <nCl=100> <al=0.42> <DB= 2669.6311> <Mlp= 2877.8599> <PB=10000000> 
    RCSP exact solver info for graph G_0 : TT = 0.598724, pt = 0.003427, dt = 0.553386, ct = 0.040224, ndl = 58198', bdl = 4523282', odl = 50889', odf = 1032548', bsi = 1389', cnt = 2048197', bdch = 71528210', odch = 8656980', lcp = 1730771', #sols = 150
<DWph=0> <it= 28> <et=45.90> <Mt= 0.09> <Spt= 0.63> <nCl= 84> <al=0.32> <DB= 2744.3583> <Mlp= 2877.8186> <PB=10000000> 
    RCSP exact solver info for graph G_0 : TT = 0.587251, pt = 0.003425, dt = 0.539886, ct = 0.042222, ndl = 58334', bdl = 4530357', odl = 50686', odf = 1034757', bsi = 1353', cnt = 2004075', bdch = 71289619', odch = 8681918', lcp = 1730940', #sols = 150
<DWph=0> <it= 29> <et=46.55> <Mt= 0.05> <Spt= 0.60> <nCl= 17> <al=0.39> <DB= 2835.0833> <Mlp= 2877.8097> <PB=10000000> 
    RCSP exact solver info for graph G_0 : TT = 0.58878, pt = 0.003314, dt = 0.542056, ct = 0.041815, ndl = 58268', bdl = 4539095', odl = 50478', odf = 1015600', bsi = 1322', cnt = 1909565', bdch = 70829657', odch = 8471607', lcp = 1708126', #sols = 150
<DWph=0> <it= 30> <et=47.18> <Mt= 0.02> <Spt= 0.61> <nCl= 40> <al=0.29> <DB= 2808.9987> <Mlp= 2877.8096> <PB=10000000> 
    RCSP exact solver info for graph G_0 : TT = 0.580766, pt = 0.003796, dt = 0.535722, ct = 0.039635, ndl = 58079', bdl = 4530389', odl = 50647', odf = 1013458', bsi = 1403', cnt = 1893460', bdch = 70879841', odch = 8433811', lcp = 1703010', #sols = 150
<DWph=0> <it= 31> <et=47.79> <Mt= 0.02> <Spt= 0.59> <nCl= 12> <al=0.36> <DB= 2863.1114> <Mlp= 2877.8096> <PB=10000000> 
    RCSP exact solver info for graph G_0 : TT = 0.563511, pt = 0.003243, dt = 0.520528, ct = 0.038092, ndl = 57499', bdl = 4492881', odl = 50549', odf = 1041332', bsi = 1453', cnt = 1858649', bdch = 69568872', odch = 8307585', lcp = 1687236', #sols = 150
<DWph=0> <it= 32> <et=48.38> <Mt= 0.02> <Spt= 0.57> <nCl= 14> <al=0.26> <DB= 2873.0867> <Mlp= 2877.8095> <PB=10000000> 
    RCSP exact solver info for graph G_0 : TT = 0.567235, pt = 0.003707, dt = 0.522756, ct = 0.0391, ndl = 57889', bdl = 4521776', odl = 50547', odf = 1021087', bsi = 1445', cnt = 1885574', bdch = 70347830', odch = 8371130', lcp = 1699149', #sols = 150
<DWph=0> <it= 33> <et=48.97> <Mt= 0.01> <Spt= 0.58> <nCl=  9> <al=0.34> <DB= 2875.1187> <Mlp= 2877.8095> <PB=10000000> 
    RCSP exact solver info for graph G_0 : TT = 0.571144, pt = 0.003539, dt = 0.526566, ct = 0.039473, ndl = 57652', bdl = 4507548', odl = 50714', odf = 1036265', bsi = 1454', cnt = 1880391', bdch = 70012605', odch = 8329098', lcp = 1692577', #sols = 150
    RCSP exact solver info for graph G_0 : TT = 0.54151, pt = 0.002787, dt = 0.499576, ct = 0.037821, ndl = 57386', bdl = 4482559', odl = 50141', odf = 999998', bsi = 1288', cnt = 1816425', bdch = 69178520', odch = 8229118', lcp = 1671448', #sols = 150
<DWph=0> <it= 34> <et=50.12> <Mt= 0.01> <Spt= 1.14> <nCl= 77> <al=0.00> <DB= 2877.8095> <Mlp= 2877.8095> <PB=10000000> 
RCSP solver dynamic params and stats :  bidir.bord. = 375 aver.obdmd = 97.8689 aver.buck.num. = 101 nbR1C = 117 with avMem = 12.7436
@@ 1 9 2877.81 0.5681 0.59361 91.8732 50.12
    Full reduced cost fixing is not called (gap ratio is 0.999997)
ColGenEvalAlg final dual bound: 2877.81 (rounded: 2878)
False gap improvement since the last cut separation : 0.00817638 (2875.46)
Cut generation tailing off counter increased to 1
Current active cuts : CAP(13,337.99) R1C(13+104,192.022) 1rowPackR1C(13) 3rowPackR1C(59) 4rowPackR1C(32) 5rowPackR1C(13)
In total 2 RCC cut(s) are found by the connected components heuristic 
Shrinking heuristic shrunk 25 edges
In total 7 RCC cut(s) are found by the Fractional capacity min-cut heuristic 
In total 9 RCC cut(s) are found by the greedy construction heuristic 
In total 12 RCC cut(s) are found by the global pool greedy search heuristic 
7 Rank-1 1-rows pack. cuts added ,  max viol. = 0.0395945, aver. viol. = 0.0293808
150 Rank-1 3-rows pack. cuts added ,  max viol. = 0.217419, aver. viol. = 0.108687
Building structures for heuristic rank-1 packing cut separation...done!
100 Rank-1 4-rows pack. cuts added ,  max viol. = 0.261807, aver. viol. = 0.140297
100 Rank-1 5-rows pack. cuts added ,  max viol. = 0.338071, aver. viol. = 0.220539
----- Add fac. cuts : CAP(30) R1C(357), max.viol = 0.355688, aver.viol = 0.146015, sep/add took 0.706663/1.04266 sec. -----
9376 columns (9376 active), 919 dyn. constrs. (573 active), 1926 art. vars. (815 active)
<DWph=2> <it=  1> <et=52.31> <Mt= 0.25> <Spt= 0.10> <nCl=  4> <al=0.50> <DB= 2822.8587> <Mlp= 2880.2869> <PB=10000000> 
<DWph=2> <it=  2> <et=52.46> <Mt= 0.05> <Spt= 0.09> <nCl=  8> <al=0.55> <DB= 2878.1758> <Mlp= 2880.2823> <PB=10000000> 
<DWph=2> <it=  3> <et=52.60> <Mt= 0.05> <Spt= 0.10> <nCl= 11> <al=0.60> <DB= 2856.7451> <Mlp= 2880.2730> <PB=10000000> 
<DWph=2> <it=  4> <et=52.74> <Mt= 0.05> <Spt= 0.10> <nCl=  7> <al=0.64> <DB= 2783.4358> <Mlp= 2880.2585> <PB=10000000> 
<DWph=2> <it=  5> <et=53.00> <Mt= 0.06> <Spt= 0.19> <nCl=  8> <al=0.34> <DB= 2769.3778> <Mlp= 2880.2176> <PB=10000000> 
<DWph=2> <it=  6> <et=53.15> <Mt= 0.05> <Spt= 0.10> <nCl=  8> <al=0.57> <DB= 2879.2557> <Mlp= 2880.1925> <PB=10000000> 
<DWph=2> <it=  7> <et=53.34> <Mt= 0.02> <Spt= 0.17> <nCl=  4> <al=0.23> <DB= 2859.6993> <Mlp= 2880.1916> <PB=10000000> 
<DWph=2> <it=  8> <et=53.54> <Mt= 0.03> <Spt= 0.17> <nCl= 14> <al=0.03> <DB= 2615.0805> <Mlp= 2880.1897> <PB=10000000> 
<DWph=2> <it=  9> <et=53.66> <Mt= 0.04> <Spt= 0.08> <nCl=  6> <al=0.41> <DB= 2774.3543> <Mlp= 2880.1630> <PB=10000000> 
<DWph=2> <it= 10> <et=53.77> <Mt= 0.03> <Spt= 0.08> <nCl=  5> <al=0.31> <DB= 2799.8652> <Mlp= 2880.1626> <PB=10000000> 
<DWph=2> <it= 11> <et=53.87> <Mt= 0.01> <Spt= 0.09> <nCl=  4> <al=0.21> <DB= 2825.3763> <Mlp= 2880.1626> <PB=10000000> 
<DWph=2> <it= 12> <et=53.98> <Mt= 0.01> <Spt= 0.09> <nCl=  2> <al=0.11> <DB= 2850.8874> <Mlp= 2880.1626> <PB=10000000> 
<DWph=2> <it= 13> <et=54.16> <Mt= 0.01> <Spt= 0.17> <nCl=  4> <al=0.00> <DB= 2880.1624> <Mlp= 2880.1624> <PB=10000000> 
<DWph=1> <it= 14> <et=54.34> <Mt= 0.01> <Spt= 0.16> <nCl= 19> <al=0.00> <DB= 2441.9482> <Mlp= 2880.1624> <PB=10000000> 
<DWph=1> <it= 15> <et=54.55> <Mt= 0.06> <Spt= 0.16> <nCl= 30> <al=0.00> <DB= 2143.9879> <Mlp= 2880.1275> <PB=10000000> 
<DWph=1> <it= 16> <et=54.76> <Mt= 0.04> <Spt= 0.17> <nCl= 14> <al=0.02> <DB= 2593.0598> <Mlp= 2880.1270> <PB=10000000> 
<DWph=1> <it= 17> <et=54.98> <Mt= 0.05> <Spt= 0.17> <nCl=  4> <al=0.12> <DB= 2792.3138> <Mlp= 2880.0965> <PB=10000000> 
<DWph=1> <it= 18> <et=55.15> <Mt= 0.02> <Spt= 0.16> <nCl=  2> <al=0.21> <DB= 2719.9068> <Mlp= 2880.0958> <PB=10000000> 
<DWph=1> <it= 19> <et=55.35> <Mt= 0.02> <Spt= 0.16> <nCl=  2> <al=0.11> <DB= 2861.5812> <Mlp= 2880.0726> <PB=10000000> 
<DWph=1> <it= 20> <et=55.52> <Mt= 0.01> <Spt= 0.16> <nCl=  7> <al=0.01> <DB= 2817.7875> <Mlp= 2880.0726> <PB=10000000> 
<DWph=1> <it= 21> <et=55.86> <Mt= 0.01> <Spt= 0.33> <nCl=  7> <al=0.00> <DB= 2880.0726> <Mlp= 2880.0726> <PB=10000000> 
    RCSP exact solver info for graph G_0 : TT = 0.645282, pt = 0.003279, dt = 0.596025, ct = 0.044443, ndl = 65596', bdl = 5039765', odl = 54723', odf = 1145436', bsi = 1416', cnt = 2650306', bdch = 87717728', odch = 10657055', lcp = 2138663', #sols = 150
<DWph=0> <it= 22> <et=56.57> <Mt= 0.01> <Spt= 0.70> <nCl=150> <al=0.01> <DB= 2261.5411> <Mlp= 2880.0726> <PB=10000000> 
    RCSP exact solver info for graph G_0 : TT = 0.673891, pt = 0.003626, dt = 0.618964, ct = 0.04973, ndl = 67886', bdl = 5214129', odl = 56637', odf = 1219265', bsi = 1398', cnt = 2937105', bdch = 94289314', odch = 11481702', lcp = 2249953', #sols = 150
<DWph=0> <it= 23> <et=57.44> <Mt= 0.15> <Spt= 0.73> <nCl=120> <al=0.11> <DB= 2538.4291> <Mlp= 2879.8872> <PB=10000000> 
    RCSP exact solver info for graph G_0 : TT = 0.692527, pt = 0.003795, dt = 0.640946, ct = 0.046095, ndl = 68927', bdl = 5320572', odl = 56690', odf = 1214683', bsi = 1387', cnt = 2121604', bdch = 96258113', odch = 11659271', lcp = 2308388', #sols = 150
<DWph=0> <it= 24> <et=58.29> <Mt= 0.12> <Spt= 0.72> <nCl= 50> <al=0.20> <DB= 2785.2531> <Mlp= 2879.8173> <PB=10000000> 
    RCSP exact solver info for graph G_0 : TT = 0.683796, pt = 0.003935, dt = 0.633197, ct = 0.045002, ndl = 67950', bdl = 5256681', odl = 56065', odf = 1189235', bsi = 1306', cnt = 2278587', bdch = 93409361', odch = 11058365', lcp = 2219036', #sols = 150
<DWph=0> <it= 25> <et=59.06> <Mt= 0.05> <Spt= 0.72> <nCl= 66> <al=0.28> <DB= 2580.5008> <Mlp= 2879.8108> <PB=10000000> 
    RCSP exact solver info for graph G_0 : TT = 0.696122, pt = 0.003907, dt = 0.643184, ct = 0.047337, ndl = 68219', bdl = 5270553', odl = 56155', odf = 1194682', bsi = 1307', cnt = 2290155', bdch = 94242925', odch = 11172457', lcp = 2263162', #sols = 150
    RCSP exact solver info for graph G_0 : TT = 0.653385, pt = 0.00349, dt = 0.603474, ct = 0.04477, ndl = 66321', bdl = 5134978', odl = 55677', odf = 1170491', bsi = 1358', cnt = 2308887', bdch = 89625156', odch = 10666758', lcp = 2175400', #sols = 150
<DWph=0> <it= 26> <et=60.46> <Mt= 0.02> <Spt= 1.38> <nCl= 46> <al=0.00> <DB= 2843.0830> <Mlp= 2879.8107> <PB=10000000> 
    RCSP exact solver info for graph G_0 : TT = 0.67887, pt = 0.0042, dt = 0.624994, ct = 0.048016, ndl = 66909', bdl = 5174100', odl = 55390', odf = 1176987', bsi = 1337', cnt = 2312538', bdch = 90598465', odch = 10820599', lcp = 2187962', #sols = 150
    RCSP exact solver info for graph G_0 : TT = 0.644851, pt = 0.003323, dt = 0.596313, ct = 0.04333, ndl = 66334', bdl = 5136124', odl = 55698', odf = 1170960', bsi = 1362', cnt = 2308367', bdch = 89680442', odch = 10683758', lcp = 2176541', #sols = 150
<DWph=0> <it= 27> <et=61.82> <Mt= 0.02> <Spt= 1.34> <nCl= 13> <al=0.00> <DB= 2879.8107> <Mlp= 2879.8107> <PB=10000000> 
RCSP solver dynamic params and stats :  bidir.bord. = 375 aver.obdmd = 97.8689 aver.buck.num. = 101 nbR1C = 137 with avMem = 13.562
@@ 1 10 2879.81 0.665728 0.690521 91.8732 61.82
    Full reduced cost fixing is not called (gap ratio is 0.999997)
ColGenEvalAlg final dual bound: 2879.81 (rounded: 2880)
False gap improvement since the last cut separation : 0.00695392 (2877.81)
Cut generation tailing off counter increased to 2
Current active cuts : CAP(14,331.786) R1C(15+122,209.761) 1rowPackR1C(15) 3rowPackR1C(70) 4rowPackR1C(35) 5rowPackR1C(17)
Shrinking heuristic shrunk 28 edges
In total 1 RCC cut(s) are found by the Fractional capacity min-cut heuristic 
6 Rank-1 1-rows pack. cuts added ,  max viol. = 0.0874932, aver. viol. = 0.036564
150 Rank-1 3-rows pack. cuts added ,  max viol. = 0.144379, aver. viol. = 0.0804185
Building structures for heuristic rank-1 packing cut separation...done!
100 Rank-1 4-rows pack. cuts added ,  max viol. = 0.159825, aver. viol. = 0.0782242
100 Rank-1 5-rows pack. cuts added ,  max viol. = 0.204991, aver. viol. = 0.147917
----- Add fac. cuts : CAP(1) R1C(356), max.viol = 0.252959, aver.viol = 0.108543, sep/add took 0.721895/1.0027 sec. -----
9991 columns (9991 active), 945 dyn. constrs. (569 active), 2283 art. vars. (811 active)
<DWph=2> <it=  1> <et=64.22> <Mt= 0.46> <Spt= 0.12> <nCl= 24> <al=0.50> <DB= 2403.0951> <Mlp= 2882.8857> <PB=10000000> 
<DWph=2> <it=  2> <et=64.50> <Mt= 0.14> <Spt= 0.11> <nCl= 30> <al=0.55> <DB=-25611.8221> <Mlp= 2882.7918> <PB=10000000> 
<DWph=2> <it=  3> <et=64.63> <Mt= 0.02> <Spt= 0.12> <nCl= 30> <al=0.60> <DB= 1527.8574> <Mlp= 2882.7918> <PB=10000000> 
<DWph=2> <it=  4> <et=64.75> <Mt= 0.01> <Spt= 0.11> <nCl= 12> <al=0.64> <DB= 2650.4577> <Mlp= 2882.7918> <PB=10000000> 
<DWph=2> <it=  5> <et=64.90> <Mt= 0.04> <Spt= 0.11> <nCl=  9> <al=0.67> <DB= 2880.7871> <Mlp= 2882.7869> <PB=10000000> 
<DWph=2> <it=  6> <et=65.01> <Mt= 0.01> <Spt= 0.10> <nCl= 12> <al=0.57> <DB= 2554.9310> <Mlp= 2882.7869> <PB=10000000> 
<DWph=2> <it=  7> <et=65.22> <Mt= 0.10> <Spt= 0.11> <nCl= 14> <al=0.61> <DB= 2659.1506> <Mlp= 2882.7083> <PB=10000000> 
<DWph=2> <it=  8> <et=65.38> <Mt= 0.05> <Spt= 0.11> <nCl=  6> <al=0.65> <DB= 2881.0120> <Mlp= 2882.6771> <PB=10000000> 
<DWph=2> <it=  9> <et=65.50> <Mt= 0.02> <Spt= 0.10> <nCl= 10> <al=0.69> <DB= 2771.6981> <Mlp= 2882.6771> <PB=10000000> 
<DWph=2> <it= 10> <et=65.71> <Mt= 0.09> <Spt= 0.11> <nCl=  6> <al=0.72> <DB= 2293.4169> <Mlp= 2882.6236> <PB=10000000> 
<DWph=2> <it= 11> <et=65.87> <Mt= 0.06> <Spt= 0.10> <nCl=  2> <al=0.75> <DB= 2849.8424> <Mlp= 2882.6011> <PB=10000000> 
<DWph=2> <it= 12> <et=66.02> <Mt= 0.05> <Spt= 0.11> <nCl=  3> <al=0.77> <DB= 2653.1053> <Mlp= 2882.5950> <PB=10000000> 
<DWph=2> <it= 13> <et=66.15> <Mt= 0.02> <Spt= 0.10> <nCl=  4> <al=0.67> <DB= 2682.8121> <Mlp= 2882.5949> <PB=10000000> 
<DWph=2> <it= 14> <et=66.39> <Mt= 0.03> <Spt= 0.22> <nCl= 20> <al=0.15> <DB= 2713.8458> <Mlp= 2882.5936> <PB=10000000> 
<DWph=2> <it= 15> <et=66.55> <Mt= 0.04> <Spt= 0.10> <nCl=  6> <al=0.47> <DB= 2476.2574> <Mlp= 2882.5794> <PB=10000000> 
<DWph=2> <it= 16> <et=66.84> <Mt= 0.08> <Spt= 0.22> <nCl= 25> <al=0.05> <DB= 2421.7740> <Mlp= 2882.5311> <PB=10000000> 
<DWph=2> <it= 17> <et=67.17> <Mt= 0.21> <Spt= 0.13> <nCl= 14> <al=0.43> <DB= 2756.1379> <Mlp= 2882.3781> <PB=10000000> 
<DWph=2> <it= 18> <et=67.36> <Mt= 0.07> <Spt= 0.11> <nCl=  6> <al=0.33> <DB= 2572.1202> <Mlp= 2882.3610> <PB=10000000> 
<DWph=2> <it= 19> <et=67.59> <Mt= 0.05> <Spt= 0.18> <nCl= 15> <al=0.00> <DB= 2673.2709> <Mlp= 2882.3557> <PB=10000000> 
<DWph=2> <it= 20> <et=67.72> <Mt= 0.02> <Spt= 0.10> <nCl=  5> <al=0.29> <DB= 2790.0217> <Mlp= 2882.3527> <PB=10000000> 
<DWph=2> <it= 21> <et=67.95> <Mt= 0.03> <Spt= 0.21> <nCl= 14> <al=0.00> <DB= 2671.3717> <Mlp= 2882.3504> <PB=10000000> 
<DWph=2> <it= 22> <et=68.18> <Mt= 0.03> <Spt= 0.19> <nCl=  7> <al=0.00> <DB= 2668.9019> <Mlp= 2882.3490> <PB=10000000> 
<DWph=2> <it= 23> <et=68.30> <Mt= 0.01> <Spt= 0.11> <nCl=  3> <al=0.16> <DB= 2794.2881> <Mlp= 2882.3490> <PB=10000000> 
<DWph=2> <it= 24> <et=68.44> <Mt= 0.03> <Spt= 0.11> <nCl= 13> <al=0.25> <DB= 2781.9931> <Mlp= 2882.3436> <PB=10000000> 
<DWph=2> <it= 25> <et=68.59> <Mt= 0.04> <Spt= 0.10> <nCl=  9> <al=0.32> <DB= 2723.4709> <Mlp= 2882.3254> <PB=10000000> 
<DWph=2> <it= 26> <et=68.74> <Mt= 0.05> <Spt= 0.11> <nCl=  4> <al=0.39> <DB= 2625.8275> <Mlp= 2882.3200> <PB=10000000> 
<DWph=2> <it= 27> <et=68.94> <Mt= 0.07> <Spt= 0.12> <nCl=  2> <al=0.45> <DB= 2830.0548> <Mlp= 2882.2848> <PB=10000000> 
<DWph=2> <it= 28> <et=69.06> <Mt= 0.02> <Spt= 0.11> <nCl=  3> <al=0.35> <DB= 2864.3276> <Mlp= 2882.2846> <PB=10000000> 
<DWph=2> <it= 29> <et=69.30> <Mt= 0.02> <Spt= 0.21> <nCl= 24> <al=0.00> <DB= 2485.5810> <Mlp= 2882.2839> <PB=10000000> 
<DWph=2> <it= 30> <et=69.45> <Mt= 0.04> <Spt= 0.12> <nCl=  5> <al=0.32> <DB= 2842.4579> <Mlp= 2882.2831> <PB=10000000> 
<DWph=2> <it= 31> <et=69.67> <Mt= 0.03> <Spt= 0.19> <nCl=  8> <al=0.00> <DB= 2833.2658> <Mlp= 2882.2821> <PB=10000000> 
<DWph=2> <it= 32> <et=69.88> <Mt= 0.02> <Spt= 0.19> <nCl=  4> <al=0.00> <DB= 2882.2819> <Mlp= 2882.2819> <PB=10000000> 
<DWph=1> <it= 33> <et=70.08> <Mt= 0.00> <Spt= 0.19> <nCl= 18> <al=0.18> <DB= 2744.4385> <Mlp= 2882.2819> <PB=10000000> 
<DWph=1> <it= 34> <et=70.31> <Mt= 0.05> <Spt= 0.18> <nCl= 13> <al=0.08> <DB= 2775.8392> <Mlp= 2882.2746> <PB=10000000> 
<DWph=1> <it= 35> <et=70.56> <Mt= 0.06> <Spt= 0.19> <nCl= 11> <al=0.00> <DB= 2778.5222> <Mlp= 2882.2633> <PB=10000000> 
<DWph=1> <it= 36> <et=70.78> <Mt= 0.04> <Spt= 0.19> <nCl=  9> <al=0.09> <DB= 2744.7150> <Mlp= 2882.2606> <PB=10000000> 
<DWph=1> <it= 37> <et=71.03> <Mt= 0.05> <Spt= 0.19> <nCl=  9> <al=0.18> <DB= 2859.7166> <Mlp= 2882.2543> <PB=10000000> 
<DWph=1> <it= 38> <et=71.40> <Mt= 0.01> <Spt= 0.36> <nCl=  4> <al=0.00> <DB= 2882.2543> <Mlp= 2882.2543> <PB=10000000> 
    RCSP exact solver info for graph G_0 : TT = 1.24142, pt = 0.004321, dt = 1.14174, ct = 0.093936, ndl = 98282', bdl = 7331200', odl = 69967', odf = 1772523', bsi = 1445', cnt = 6610337', bdch = 178533398', odch = 27803832', lcp = 5231941', #sols = 150
<DWph=0> <it= 39> <et=72.72> <Mt= 0.01> <Spt= 1.31> <nCl=150> <al=0.16> <DB= 2453.9428> <Mlp= 2882.2543> <PB=10000000> 
    RCSP exact solver info for graph G_0 : TT = 1.23813, pt = 0.00504, dt = 1.13384, ct = 0.097755, ndl = 101068', bdl = 7584697', odl = 70350', odf = 1823953', bsi = 1481', cnt = 7220284', bdch = 188430801', odch = 30568835', lcp = 5592042', #sols = 150
<DWph=0> <it= 40> <et=74.31> <Mt= 0.29> <Spt= 1.31> <nCl=150> <al=0.06> <DB= 2407.4632> <Mlp= 2882.0343> <PB=10000000> 
    RCSP exact solver info for graph G_0 : TT = 1.10969, pt = 0.005248, dt = 1.02157, ct = 0.081298, ndl = 93026', bdl = 7014957', odl = 67895', odf = 1644477', bsi = 1381', cnt = 5574578', bdch = 162065063', odch = 25158089', lcp = 4846240', #sols = 150
<DWph=0> <it= 41> <et=75.58> <Mt= 0.09> <Spt= 1.16> <nCl=108> <al=0.15> <DB= 2453.4498> <Mlp= 2881.9957> <PB=10000000> 
    RCSP exact solver info for graph G_0 : TT = 1.12654, pt = 0.004789, dt = 1.03076, ct = 0.089429, ndl = 95095', bdl = 7122632', odl = 67676', odf = 1676839', bsi = 1338', cnt = 5884806', bdch = 168504084', odch = 25924715', lcp = 4839537', #sols = 150
<DWph=0> <it= 42> <et=76.82> <Mt= 0.09> <Spt= 1.16> <nCl= 47> <al=0.24> <DB= 2779.9671> <Mlp= 2881.9740> <PB=10000000> 
    RCSP exact solver info for graph G_0 : TT = 1.11551, pt = 0.005558, dt = 1.02743, ct = 0.081155, ndl = 93080', bdl = 6985909', odl = 65860', odf = 1607563', bsi = 1295', cnt = 4864785', bdch = 160768247', odch = 23737293', lcp = 4635676', #sols = 150
<DWph=0> <it= 43> <et=78.04> <Mt= 0.07> <Spt= 1.15> <nCl=100> <al=0.14> <DB= 2847.4313> <Mlp= 2881.9655> <PB=10000000> 
    RCSP exact solver info for graph G_0 : TT = 1.12176, pt = 0.00515, dt = 1.03095, ct = 0.08408, ndl = 93077', bdl = 6966876', odl = 66155', odf = 1605816', bsi = 1317', cnt = 4787551', bdch = 160478172', odch = 23120649', lcp = 4567048', #sols = 150
<DWph=0> <it= 44> <et=79.22> <Mt= 0.03> <Spt= 1.14> <nCl= 36> <al=0.22> <DB= 2698.1846> <Mlp= 2881.9653> <PB=10000000> 
    RCSP exact solver info for graph G_0 : TT = 1.12133, pt = 0.005221, dt = 1.03234, ct = 0.082224, ndl = 93091', bdl = 6973079', odl = 65919', odf = 1606880', bsi = 1333', cnt = 4863449', bdch = 160566111', odch = 23439117', lcp = 4611764', #sols = 150
    RCSP exact solver info for graph G_0 : TT = 1.01301, pt = 0.004573, dt = 0.931577, ct = 0.07539, ndl = 89603', bdl = 6751644', odl = 65719', odf = 1604543', bsi = 1530', cnt = 4621786', bdch = 151014913', odch = 22282349', lcp = 4389561', #sols = 150
<DWph=0> <it= 45> <et=81.39> <Mt= 0.01> <Spt= 2.16> <nCl= 21> <al=0.00> <DB= 2881.9653> <Mlp= 2881.9653> <PB=10000000> 
RCSP solver dynamic params and stats :  bidir.bord. = 375 aver.obdmd = 97.8689 aver.buck.num. = 101 nbR1C = 171 with avMem = 14.0877
@@ 1 11 2881.97 1.12944 1.23568 91.8732 81.39
    Full reduced cost fixing is not called (gap ratio is 0.999996)
ColGenEvalAlg final dual bound: 2881.97 (rounded: 2882)
False gap improvement since the last cut separation : 0.00748155 (2879.81)
----- Cut generation is stopped due to tailing off -----
Current active cuts : CAP(14,303.845) R1C(13+158,252.897) 1rowPackR1C(13) 3rowPackR1C(75) 4rowPackR1C(54) 5rowPackR1C(29)
**** Strong branching phase 1 is started *****
SB phase 1 cand.  1 branch on colGenSp (9.7416)                           : [ 2881.9653,  2881.9653], score = 0.00      <et=81.63>
SB phase 1 cand.  2 branch on omega[1] (lhs=29.2686)                      : [ 2881.9653,  2882.0334], score = 0.00      <et=81.74>
SB phase 1 cand.  3 branch on omega[2] (lhs=3.9832)                       : [ 2881.9729,  2887.1083], score = 0.04      <et=81.99>
SB phase 1 cand.  4 branch on Psi[1,4] (lhs=0.9010)                       : [ 2882.0311,  2895.9941], score = 0.92      <et=82.35>
SB phase 1 cand.  5 branch on Psi[1,12] (lhs=0.0608)                      : [ 2882.0768,  2897.1095], score = 1.69      <et=82.73>
SB phase 1 cand.  6 branch on Psi[6,9] (lhs=0.0608)                       : [ 2882.0768,  2898.0513], score = 1.79      <et=83.09>
SB phase 1 cand.  7 branch on Psi[1,9] (lhs=0.9392)                       : [ 2882.0768,  2898.0301], score = 1.79      <et=83.45>
SB phase 1 cand.  8 branch on Psi[6,12] (lhs=0.9392)                      : [ 2882.0768,  2898.0513], score = 1.79      <et=83.81>
SB phase 1 cand.  9 branch on Psi[1,3] (lhs=0.9916)                       : [ 2881.9729,  2938.2864], score = 0.43      <et=84.31>
SB phase 1 cand. 10 branch on Psi[3,10] (lhs=0.0084)                      : [ 2881.9729,  2898.7921], score = 0.13      <et=84.69>
SB phase 1 cand. 11 branch on Psi[1,2] (lhs=0.9916)                       : [ 2881.9729,  2898.7831], score = 0.13      <et=85.03>
SB phase 1 cand. 12 branch on Psi[2,10] (lhs=1.9916)                      : [ 2881.9729,  2897.5070], score = 0.12      <et=85.36>
SB phase 1 cand. 13 branch on var x[(21, 76)]_0_2265_0_OspV (lhs=0.5005)  : [ 2882.9990,  2883.2085], score = 1.29      <et=85.72>
SB phase 1 cand. 14 branch on var x[(21, 79)]_0_2268_0_OspV (lhs=0.4995)  : [ 2882.6632,  2883.3831], score = 0.99      <et=86.01>
SB phase 1 cand. 15 branch on var x[(0, 76)]_0_6225_0_OspV (lhs=0.4950)   : [ 2882.9990,  2884.1298], score = 2.24      <et=86.35>
SB phase 1 cand. 16 branch on var x[(6, 33)]_0_617_0_OspV (lhs=0.5060)    : [ 2884.7274,  2885.4956], score = 9.75      <et=86.79>
SB phase 1 cand. 17 branch on var x[(6, 71)]_0_655_0_OspV (lhs=0.4857)    : [ 2883.6317,  2885.4956], score = 5.88      <et=87.23>
SB phase 1 cand. 18 branch on var x[(39, 50)]_0_3868_0_OspV (lhs=0.5171)  : [ 2882.7871,  2883.1649], score = 0.99      <et=87.55>
SB phase 1 cand. 19 branch on var x[(25, 86)]_0_2665_0_OspV (lhs=0.4820)  : [ 2882.9732,  2883.2140], score = 1.26      <et=87.92>
SB phase 1 cand. 20 branch on var x[(111, 116)]_0_7210_0_OspV (lhs=0.4784): [ 2882.4171,  2882.4224], score = 0.21      <et=88.19>
SB phase 1 cand. 21 branch on var x[(112, 115)]_0_7218_0_OspV (lhs=0.4747): [ 2883.9028,  2885.8642], score = 7.55      <et=88.6>
SB phase 1 cand. 22 branch on var x[(37, 103)]_0_3756_0_OspV (lhs=0.5272) : [ 2883.3276,  2887.1024], score = 7.00      <et=89.08>
SB phase 1 cand. 23 branch on var x[(10, 101)]_0_1135_0_OspV (lhs=0.5361) : [ 2882.8799,  2883.4507], score = 1.36      <et=89.46>
SB phase 1 cand. 24 branch on var x[(0, 119)]_0_7257_0_OspV (lhs=0.5364)  : [ 2882.1545,  2882.4785], score = 0.10      <et=89.7>
SB phase 1 cand. 25 branch on var x[(0, 87)]_0_6665_0_OspV (lhs=0.4558)   : [ 2883.1171,  2883.1659], score = 1.38      <et=90.08>
SB phase 1 cand. 26 branch on var x[(71, 82)]_0_5996_0_OspV (lhs=0.5498)  : [ 2883.2725,  2884.9075], score = 3.85      <et=90.46>
SB phase 1 cand. 27 branch on var x[(57, 115)]_0_5238_0_OspV (lhs=0.4500) : [ 2883.7742,  2885.6376], score = 6.64      <et=90.93>
SB phase 1 cand. 28 branch on var x[(16, 100)]_0_1779_0_OspV (lhs=0.5503) : [ 2883.9710,  2884.4835], score = 5.05      <et=91.35>
SB phase 1 cand. 29 branch on var x[(24, 108)]_0_2591_0_OspV (lhs=0.5516) : [ 2883.2322,  2883.2769], score = 1.66      <et=91.75>
SB phase 1 cand. 30 branch on var x[(69, 92)]_0_5905_0_OspV (lhs=0.5526)  : [ 2882.7488,  2882.8395], score = 0.69      <et=92.06>
SB phase 1 cand. 31 branch on var x[(55, 90)]_0_5084_0_OspV (lhs=0.5540)  : [ 2882.4706,  2883.3897], score = 0.72      <et=92.4>
SB phase 1 cand. 32 branch on var x[(17, 33)]_0_1816_0_OspV (lhs=0.4423)  : [ 2882.8491,  2886.7467], score = 4.23      <et=92.86>
SB phase 1 cand. 33 branch on var x[(0, 112)]_0_7215_0_OspV (lhs=0.5578)  : [ 2883.3645,  2883.8525], score = 2.64      <et=93.24>
SB phase 1 cand. 34 branch on var x[(0, 24)]_0_2507_0_OspV (lhs=0.4406)   : [ 2883.2136,  2885.1910], score = 4.03      <et=93.66>
SB phase 1 cand. 35 branch on var x[(0, 40)]_0_3939_0_OspV (lhs=0.5606)   : [ 2883.7220,  2883.7705], score = 3.17      <et=94.09>
SB phase 1 cand. 36 branch on var x[(25, 109)]_0_2688_0_OspV (lhs=0.4283) : [ 2882.6254,  2885.1177], score = 2.08      <et=94.51>
SB phase 1 cand. 37 branch on var x[(17, 38)]_0_1821_0_OspV (lhs=0.5717)  : [ 2882.6626,  2887.2260], score = 3.67      <et=94.98>
SB phase 1 cand. 38 branch on var x[(10, 87)]_0_1121_0_OspV (lhs=0.4272)  : [ 2883.0189,  2883.4371], score = 1.55      <et=95.37>
SB phase 1 cand. 39 branch on var x[(5, 38)]_0_507_0_OspV (lhs=0.4261)    : [ 2882.6626,  2888.7177], score = 4.71      <et=95.82>
SB phase 1 cand. 40 branch on var x[(0, 103)]_0_7089_0_OspV (lhs=0.4232)  : [ 2882.6297,  2887.4914], score = 3.67      <et=96.24>
SB phase 1 cand. 41 branch on var x[(57, 82)]_0_5205_0_OspV (lhs=0.4225)  : [ 2883.0408,  2885.0009], score = 3.26      <et=96.6>
SB phase 1 cand. 42 branch on var x[(11, 79)]_0_1223_0_OspV (lhs=0.5817)  : [ 2882.4287,  2882.9636], score = 0.46      <et=96.92>
SB phase 1 cand. 43 branch on var x[(0, 115)]_0_7239_0_OspV (lhs=0.4082)  : [ 2882.9827,  2888.5767], score = 6.73      <et=97.4>
SB phase 1 cand. 44 branch on var x[(44, 115)]_0_4328_0_OspV (lhs=0.4082) : [ 2882.8750,  2899.2033], score = 15.68      <et=98>
SB phase 1 cand. 45 branch on var x[(0, 27)]_0_2795_0_OspV (lhs=0.4068)   : [ 2882.1468,  2882.8562], score = 0.16      <et=98.26>
SB phase 1 cand. 46 branch on var x[(0, 102)]_0_7070_0_OspV (lhs=0.5986)  : [ 2882.8455,  2883.0510], score = 0.96      <et=98.58>
SB phase 1 cand. 47 branch on var x[(0, 78)]_0_6314_0_OspV (lhs=0.6005)   : [ 2882.6753,  2883.9732], score = 1.43      <et=98.98>
SB phase 1 cand. 48 branch on var x[(0, 79)]_0_6357_0_OspV (lhs=0.3946)   : [ 2882.4975,  2882.9970], score = 0.55      <et=99.34>
SB phase 1 cand. 49 branch on var x[(18, 113)]_0_1999_0_OspV (lhs=0.6077) : [ 2883.1822,  2884.9159], score = 3.59      <et=99.76>
SB phase 1 cand. 50 branch on var x[(40, 108)]_0_4007_0_OspV (lhs=0.3852) : [ 2882.9177,  2885.7041], score = 3.56      <et=100.18>
SB phase 1 cand. 51 branch on var x[(27, 106)]_0_2874_0_OspV (lhs=0.6163) : [ 2882.5359,  2882.8137], score = 0.48      <et=100.48>
SB phase 1 cand. 52 branch on var x[(0, 111)]_0_7205_0_OspV (lhs=0.3830)  : [ 2882.1501,  2882.7761], score = 0.15      <et=100.74>
SB phase 1 cand. 53 branch on var x[(32, 105)]_0_3328_0_OspV (lhs=0.6182) : [ 2884.3604,  2884.6090], score = 6.33      <et=101.19>
SB phase 1 cand. 54 branch on var x[(0, 97)]_0_6960_0_OspV (lhs=0.6197)   : [ 2882.7750,  2888.1328], score = 4.99      <et=101.6>
SB phase 1 cand. 55 branch on var x[(55, 73)]_0_5067_0_OspV (lhs=0.3784)  : [ 2882.2327,  2883.3524], score = 0.37      <et=101.89>
SB phase 1 cand. 56 branch on var x[(36, 45)]_0_3614_0_OspV (lhs=0.6225)  : [ 2882.7614,  2884.1741], score = 1.76      <et=102.32>
SB phase 1 cand. 57 branch on var x[(5, 110)]_0_579_0_OspV (lhs=0.3684)   : [ 2883.2437,  2884.3891], score = 3.10      <et=102.69>
SB phase 1 cand. 58 branch on var x[(0, 11)]_0_1155_0_OspV (lhs=0.3583)   : [ 2882.4064,  2883.0017], score = 0.46      <et=103>
SB phase 1 cand. 59 branch on var x[(78, 79)]_0_6315_0_OspV (lhs=0.3524)  : [ 2882.5266,  2883.6879], score = 0.97      <et=103.35>
SB phase 1 cand. 60 branch on var x[(92, 110)]_0_6843_0_OspV (lhs=0.3515) : [ 2882.3490,  2884.6595], score = 1.03      <et=103.72>
SB phase 1 cand. 61 branch on var x[(0, 19)]_0_2007_0_OspV (lhs=0.6514)   : [ 2883.0329,  2885.0052], score = 3.25      <et=104.13>
SB phase 1 cand. 62 branch on var x[(73, 102)]_0_6113_0_OspV (lhs=0.3482) : [ 2882.7911,  2884.4987], score = 2.09      <et=104.48>
SB phase 1 cand. 63 branch on var x[(39, 45)]_0_3863_0_OspV (lhs=0.3348)  : [ 2882.5217,  2886.9452], score = 2.77      <et=104.88>
SB phase 1 cand. 64 branch on var x[(0, 86)]_0_6630_0_OspV (lhs=0.3301)   : [ 2882.0726,  2886.0780], score = 0.44      <et=105.25>
SB phase 1 cand. 65 branch on var x[(0, 116)]_0_7245_0_OspV (lhs=0.6755)  : [ 2882.0005,  2882.2050], score = 0.01      <et=105.43>
SB phase 1 cand. 66 branch on var x[(100, 112)]_0_7041_0_OspV (lhs=0.3166): [ 2882.7453,  2884.8621], score = 2.26      <et=105.83>
SB phase 1 cand. 67 branch on var x[(0, 101)]_0_7050_0_OspV (lhs=0.3150)  : [ 2882.2805,  2886.2922], score = 1.36      <et=106.17>
SB phase 1 cand. 68 branch on var x[(61, 113)]_0_5482_0_OspV (lhs=0.3110) : [ 2882.5002,  2886.4086], score = 2.38      <et=106.56>
SB phase 1 cand. 69 branch on var x[(8, 61)]_0_872_0_OspV (lhs=0.6890)    : [ 2882.5002,  2886.1741], score = 2.25      <et=106.94>
SB phase 1 cand. 70 branch on var x[(0, 66)]_0_5720_0_OspV (lhs=0.6922)   : [ 2882.9574,  2883.5472], score = 1.57      <et=107.31>
SB phase 1 cand. 71 branch on var x[(13, 19)]_0_1380_0_OspV (lhs=0.3044)  : [ 2882.7172,  2889.9116], score = 5.97      <et=107.73>
SB phase 1 cand. 72 branch on var x[(27, 119)]_0_2887_0_OspV (lhs=0.6962) : [ 2882.1236,  2882.8718], score = 0.14      <et=107.99>
SB phase 1 cand. 73 branch on var x[(37, 112)]_0_3765_0_OspV (lhs=0.3026) : [ 2882.6727,  2891.9391], score = 7.06      <et=108.5>
SB phase 1 cand. 74 branch on var x[(0, 120)]_0_7259_0_OspV (lhs=0.6976)  : [ 2882.4976,  2883.7906], score = 0.97      <et=108.86>
SB phase 1 cand. 75 branch on var x[(8, 105)]_0_916_0_OspV (lhs=0.3006)   : [ 2882.3723,  2886.3582], score = 1.79      <et=109.23>
SB phase 1 cand. 76 branch on var x[(9, 13)]_0_936_0_OspV (lhs=0.7043)    : [ 2882.6484,  2889.6246], score = 5.23      <et=109.7>
SB phase 1 cand. 77 branch on var x[(36, 50)]_0_3619_0_OspV (lhs=0.2923)  : [ 2882.4109,  2889.7329], score = 3.46      <et=110.14>
SB phase 1 cand. 78 branch on var x[(22, 97)]_0_2385_0_OspV (lhs=0.2850)  : [ 2882.3369,  2888.2500], score = 2.34      <et=110.57>
SB phase 1 cand. 79 branch on var x[(34, 120)]_0_3518_0_OspV (lhs=0.2850) : [ 2882.3351,  2883.3903], score = 0.53      <et=110.89>
SB phase 1 cand. 80 branch on var x[(116, 119)]_0_7248_0_OspV (lhs=0.2840): [ 2882.1334,  2884.3668], score = 0.40      <et=111.21>
SB phase 1 cand. 81 branch on var x[(32, 109)]_0_3332_0_OspV (lhs=0.2828) : [ 2883.0207,  2886.0244], score = 4.28      <et=111.66>
SB phase 1 cand. 82 branch on var x[(16, 112)]_0_1791_0_OspV (lhs=0.2825) : [ 2882.6942,  2885.8385], score = 2.82      <et=112.05>
SB phase 1 cand. 83 branch on var x[(41, 119)]_0_4098_0_OspV (lhs=0.2806) : [ 2882.1062,  2883.0123], score = 0.15      <et=112.3>
SB phase 1 cand. 84 branch on var x[(55, 69)]_0_5063_0_OspV (lhs=0.7246)  : [ 2882.3408,  2883.9567], score = 0.75      <et=112.63>
SB phase 1 cand. 85 branch on var x[(69, 111)]_0_5924_0_OspV (lhs=0.2731) : [ 2882.1068,  2884.0172], score = 0.29      <et=112.96>
SB phase 1 cand. 86 branch on var x[(21, 41)]_0_2230_0_OspV (lhs=0.7277)  : [ 2882.2611,  2882.6447], score = 0.20      <et=113.22>
SB phase 1 cand. 87 branch on var x[(98, 116)]_0_7002_0_OspV (lhs=0.2700) : [ 2881.9922,  2882.5398], score = 0.02      <et=113.42>
SB phase 1 cand. 88 branch on var x[(46, 106)]_0_4470_0_OspV (lhs=0.7351) : [ 2882.4276,  2883.3828], score = 0.66      <et=113.7>
SB phase 1 cand. 89 branch on var x[(2, 106)]_0_224_0_OspV (lhs=0.2638)   : [ 2882.2100,  2883.0645], score = 0.27      <et=113.95>
SB phase 1 cand. 90 branch on var x[(2, 46)]_0_164_0_OspV (lhs=0.7362)    : [ 2882.3955,  2883.0923], score = 0.48      <et=114.24>
SB phase 1 cand. 91 branch on var x[(0, 68)]_0_5829_0_OspV (lhs=1.7416)   : [ 2881.9653,  2881.9653], score = 0.00      <et=114.28>
SB phase 1 cand. 92 branch on var x[(90, 116)]_0_6790_0_OspV (lhs=0.2487) : [ 2882.0401,  2887.2909], score = 0.40      <et=114.6>
SB phase 1 cand. 93 branch on var x[(0, 21)]_0_2210_0_OspV (lhs=0.2469)   : [ 2882.1602,  2883.7623], score = 0.35      <et=114.91>
SB phase 1 cand. 94 branch on var x[(106, 111)]_0_7145_0_OspV (lhs=0.2416): [ 2882.0982,  2883.1690], score = 0.16      <et=115.18>
SB phase 1 cand. 95 branch on var x[(31, 67)]_0_3201_0_OspV (lhs=0.7664)  : [ 2882.4897,  2886.3281], score = 2.29      <et=115.62>
SB phase 1 cand. 96 branch on var x[(0, 110)]_0_7194_0_OspV (lhs=0.2272)  : [ 2882.4720,  2884.9571], score = 1.52      <et=115.99>
SB phase 1 cand. 97 branch on var x[(55, 111)]_0_5105_0_OspV (lhs=0.2267) : [ 2882.0862,  2884.0699], score = 0.25      <et=116.25>
SB phase 1 cand. 98 branch on var x[(10, 47)]_0_1081_0_OspV (lhs=0.7788)  : [ 2882.2684,  2884.7906], score = 0.86      <et=116.56>
SB phase 1 cand. 99 branch on var x[(27, 111)]_0_2879_0_OspV (lhs=0.2002) : [ 2882.1042,  2883.8705], score = 0.26      <et=116.84>
SB phase 1 cand. 100 branch on var x[(22, 34)]_0_2322_0_OspV (lhs=0.8025)  : [ 2882.2655,  2887.2101], score = 1.57      <et=117.22>
**** Strong branching phase 2 is started *****
<DWph=2> <it= 27> <et=122.89> <Mt= 2.40> <Spt= 3.24> <nCl=305> <al=0.47> <DB= 2797.3399> <Mlp= 2885.5526> <PB=10000000> 
<DWph=1> <it= 35> <et=124.93> <Mt= 0.36> <Spt= 1.68> <nCl= 83> <al=0.00> <DB= 2885.0976> <Mlp= 2885.0976> <PB=10000000> 
<DWph=1> <it=  8> <et=127.10> <Mt= 0.07> <Spt= 1.78> <nCl= 30> <al=0.00> <DB= 2882.8659> <Mlp= 2882.8659> <PB=10000000> 
SB phase 2 cand.  1 branch on var x[(44, 115)]_0_4328_0_OspV (lhs=0.4082) : [ 2882.8659,  2885.0976], score = 2.82      <et=127.13>
<DWph=1> <it= 25> <et=132.28> <Mt= 0.87> <Spt= 4.09> <nCl=172> <al=0.00> <DB= 2885.0281> <Mlp= 2885.0281> <PB=10000000> 
<DWph=1> <it= 24> <et=136.77> <Mt= 0.37> <Spt= 3.88> <nCl=132> <al=0.00> <DB= 2884.4266> <Mlp= 2884.4266> <PB=10000000> 
SB phase 2 cand.  2 branch on var x[(6, 33)]_0_617_0_OspV (lhs=0.5060)    : [ 2884.4266,  2885.0281], score = 7.54      <et=136.8>
<DWph=1> <it= 21> <et=140.76> <Mt= 0.51> <Spt= 3.25> <nCl=178> <al=0.00> <DB= 2884.7967> <Mlp= 2884.7967> <PB=10000000> 
<DWph=1> <it=  9> <et=143.20> <Mt= 0.21> <Spt= 2.00> <nCl= 66> <al=0.00> <DB= 2883.3794> <Mlp= 2883.3794> <PB=10000000> 
SB phase 2 cand.  3 branch on var x[(112, 115)]_0_7218_0_OspV (lhs=0.4747): [ 2883.3794,  2884.7967], score = 4.00      <et=143.23>
**** Strong branching phase 3 is started *****
**** SB phase 3 evaluation of candidate 1, branch 1 ( x[(6, 33)]_0_617_0_OspV <= 0 ), value = 2885.03
<DWph=2> <it=  1> <et=143.54> <Mt= 0.01> <Spt= 0.09> <nCl=  4> <al=0.50> <DB= 2843.2730> <Mlp= 2885.0281> <PB=10000000> 
<DWph=2> <it=  2> <et=143.76> <Mt= 0.01> <Spt= 0.20> <nCl=  1> <al=0.00> <DB= 2885.0275> <Mlp= 2885.0275> <PB=10000000> 
<DWph=1> <it=  3> <et=144.12> <Mt= 0.01> <Spt= 0.36> <nCl=  1> <al=0.00> <DB= 2885.0275> <Mlp= 2885.0275> <PB=10000000> 
    RCSP exact solver info for graph G_0 : TT = 1.00588, pt = 0.003583, dt = 0.924476, ct = 0.076118, ndl = 94100', bdl = 7023490', odl = 68873', odf = 1670248', bsi = 1511', cnt = 4360949', bdch = 163360859', odch = 24517849', lcp = 5242368', #sols = 150
<DWph=0> <it=  4> <et=145.16> <Mt= 0.00> <Spt= 1.03> <nCl=150> <al=0.20> <DB= 2505.6526> <Mlp= 2885.0275> <PB=10000000> 
    RCSP exact solver info for graph G_0 : TT = 1.01351, pt = 0.003986, dt = 0.936569, ct = 0.071208, ndl = 93232', bdl = 7028082', odl = 68688', odf = 1600641', bsi = 1406', cnt = 4208618', bdch = 161155741', odch = 22753476', lcp = 4815711', #sols = 150
<DWph=0> <it=  5> <et=146.38> <Mt= 0.18> <Spt= 1.05> <nCl=146> <al=0.10> <DB= 2420.7525> <Mlp= 2884.7942> <PB=10000000> 
    RCSP exact solver info for graph G_0 : TT = 1.03256, pt = 0.003906, dt = 0.957452, ct = 0.069459, ndl = 95228', bdl = 7135554', odl = 68229', odf = 1650551', bsi = 1446', cnt = 4271398', bdch = 167002079', odch = 24645293', lcp = 5143631', #sols = 150
<DWph=0> <it=  6> <et=147.60> <Mt= 0.16> <Spt= 1.04> <nCl= 49> <al=0.19> <DB= 2791.0030> <Mlp= 2884.7279> <PB=10000000> 
    RCSP exact solver info for graph G_0 : TT = 1.03383, pt = 0.003865, dt = 0.958819, ct = 0.069392, ndl = 95467', bdl = 7165111', odl = 69014', odf = 1651072', bsi = 1456', cnt = 4433505', bdch = 167164276', odch = 24461353', lcp = 5149665', #sols = 150
<DWph=0> <it=  7> <et=148.67> <Mt= 0.03> <Spt= 1.05> <nCl= 27> <al=0.27> <DB= 2786.3000> <Mlp= 2884.7147> <PB=10000000> 
    RCSP exact solver info for graph G_0 : TT = 2.86105, pt = 0.004239, dt = 2.78562, ct = 0.069402, ndl = 95640', bdl = 7171584', odl = 68892', odf = 1645283', bsi = 1381', cnt = 4376457', bdch = 167393566', odch = 24465969', lcp = 5144441', #sols = 150
    RCSP exact solver info for graph G_0 : TT = 0.986298, pt = 0.003604, dt = 0.912381, ct = 0.068683, ndl = 93868', bdl = 7039059', odl = 67557', odf = 1615832', bsi = 1430', cnt = 4394302', bdch = 160465146', odch = 23997368', lcp = 5068636', #sols = 150
<DWph=0> <it=  8> <et=150.70> <Mt= 0.01> <Spt= 2.02> <nCl= 35> <al=0.00> <DB= 2849.2310> <Mlp= 2884.7147> <PB=10000000> 
    RCSP exact solver info for graph G_0 : TT = 1.04467, pt = 0.00391, dt = 0.961995, ct = 0.076963, ndl = 95059', bdl = 7130399', odl = 68877', odf = 1643664', bsi = 1422', cnt = 4413308', bdch = 165729611', odch = 24178311', lcp = 5112907', #sols = 150
    RCSP exact solver info for graph G_0 : TT = 0.989014, pt = 0.004039, dt = 0.912086, ct = 0.071285, ndl = 93785', bdl = 7028700', odl = 68065', odf = 1636832', bsi = 1522', cnt = 4443090', bdch = 161103474', odch = 24027338', lcp = 5070969', #sols = 150
<DWph=0> <it=  9> <et=152.77> <Mt= 0.01> <Spt= 2.06> <nCl= 29> <al=0.00> <DB= 2884.7146> <Mlp= 2884.7146> <PB=10000000> 
RCSP solver dynamic params and stats :  bidir.bord. = 375 aver.obdmd = 97.8689 aver.buck.num. = 101 nbR1C = 141 with avMem = 13.3121
@@ 208 0 2884.71 1.24024 2.85502 91.8732 152.77
    Full reduced cost fixing is not called (gap ratio is 0.999996)
ColGenEvalAlg final dual bound: 2884.71 (rounded: 2885)
Current active cuts : CAP(14,208.256) R1C(12+129,255.626) 1rowPackR1C(12) 3rowPackR1C(69) 4rowPackR1C(42) 5rowPackR1C(18)
13 Rank-1 1-rows pack. cuts added ,  max viol. = 0.132479, aver. viol. = 0.0475049
150 Rank-1 3-rows pack. cuts added ,  max viol. = 0.155219, aver. viol. = 0.0637156
Shrinking heuristic shrunk 21 edges
In total 1 RCC cut(s) are found by the greedy construction heuristic 
In total 1 RCC cut(s) are found by the global pool greedy search heuristic 
----- Add fac. cuts : CAP(2) R1C(163), max.viol = 0.155219, aver.viol = 0.0754814, sep/add took 0.0609253/0.399522 sec. -----
9018 columns (8224 active), 415 dyn. constrs. (377 active), 661 art. vars. (619 active)
<DWph=2> <it=  1> <et=153.55> <Mt= 0.16> <Spt= 0.11> <nCl=  9> <al=0.50> <DB= 2882.4545> <Mlp= 2885.1978> <PB=10000000> 
<DWph=2> <it=  2> <et=153.81> <Mt= 0.04> <Spt= 0.22> <nCl= 14> <al=0.10> <DB= 2842.8231> <Mlp= 2885.1938> <PB=10000000> 
<DWph=2> <it=  3> <et=154.04> <Mt= 0.02> <Spt= 0.21> <nCl=  3> <al=0.00> <DB= 2885.1938> <Mlp= 2885.1938> <PB=10000000> 
<DWph=1> <it=  4> <et=154.23> <Mt= 0.01> <Spt= 0.19> <nCl=  3> <al=0.35> <DB= 2843.8214> <Mlp= 2885.1938> <PB=10000000> 
<DWph=1> <it=  5> <et=154.63> <Mt= 0.03> <Spt= 0.37> <nCl=  8> <al=0.00> <DB= 2853.7263> <Mlp= 2885.1924> <PB=10000000> 
<DWph=1> <it=  6> <et=155.05> <Mt= 0.03> <Spt= 0.38> <nCl=  8> <al=0.00> <DB= 2850.7878> <Mlp= 2885.1915> <PB=10000000> 
<DWph=1> <it=  7> <et=155.27> <Mt= 0.03> <Spt= 0.18> <nCl=  2> <al=0.22> <DB= 2840.7290> <Mlp= 2885.1882> <PB=10000000> 
<DWph=1> <it=  8> <et=155.67> <Mt= 0.02> <Spt= 0.39> <nCl=  6> <al=0.00> <DB= 2885.1882> <Mlp= 2885.1882> <PB=10000000> 
    RCSP exact solver info for graph G_0 : TT = 1.07037, pt = 0.004434, dt = 0.982473, ct = 0.081788, ndl = 99572', bdl = 7419184', odl = 70159', odf = 1749038', bsi = 1458', cnt = 5193180', bdch = 177285359', odch = 26203066', lcp = 5246783', #sols = 150
<DWph=0> <it=  9> <et=156.79> <Mt= 0.00> <Spt= 1.11> <nCl=150> <al=0.19> <DB= 2713.4013> <Mlp= 2885.1882> <PB=10000000> 
    RCSP exact solver info for graph G_0 : TT = 1.09683, pt = 0.004187, dt = 1.00919, ct = 0.081774, ndl = 99704', bdl = 7452785', odl = 71091', odf = 1765771', bsi = 1413', cnt = 5060380', bdch = 180088459', odch = 26288333', lcp = 5323708', #sols = 150
<DWph=0> <it= 10> <et=157.99> <Mt= 0.09> <Spt= 1.11> <nCl= 40> <al=0.27> <DB= 2712.1654> <Mlp= 2885.1759> <PB=10000000> 
    RCSP exact solver info for graph G_0 : TT = 1.09286, pt = 0.004299, dt = 1.0079, ct = 0.078863, ndl = 99745', bdl = 7451844', odl = 70444', odf = 1745675', bsi = 1346', cnt = 5234248', bdch = 179165083', odch = 26393969', lcp = 5258137', #sols = 150
    RCSP exact solver info for graph G_0 : TT = 1.05873, pt = 0.003633, dt = 0.970966, ct = 0.082367, ndl = 98799', bdl = 7385546', odl = 69891', odf = 1741499', bsi = 1359', cnt = 5240778', bdch = 176378282', odch = 26282109', lcp = 5240714', #sols = 150
<DWph=0> <it= 11> <et=160.20> <Mt= 0.04> <Spt= 2.18> <nCl= 36> <al=0.00> <DB= 2844.3373> <Mlp= 2885.1739> <PB=10000000> 
    RCSP exact solver info for graph G_0 : TT = 1.0558, pt = 0.003802, dt = 0.969634, ct = 0.080762, ndl = 98093', bdl = 7344943', odl = 69496', odf = 1729913', bsi = 1419', cnt = 5216564', bdch = 174043424', odch = 25890589', lcp = 5143747', #sols = 150
<DWph=0> <it= 12> <et=161.28> <Mt= 0.01> <Spt= 1.06> <nCl=  5> <al=0.25> <DB= 2875.0981> <Mlp= 2885.1739> <PB=10000000> 
    RCSP exact solver info for graph G_0 : TT = 1.0595, pt = 0.004281, dt = 0.974474, ct = 0.079336, ndl = 98664', bdl = 7382462', odl = 69941', odf = 1728804', bsi = 1355', cnt = 5188690', bdch = 176226020', odch = 25846712', lcp = 5159971', #sols = 150
    RCSP exact solver info for graph G_0 : TT = 1.05371, pt = 0.004235, dt = 0.966863, ct = 0.080872, ndl = 98330', bdl = 7368029', odl = 69823', odf = 1741840', bsi = 1491', cnt = 5208460', bdch = 175375702', odch = 25854874', lcp = 5149110', #sols = 150
<DWph=0> <it= 13> <et=163.43> <Mt= 0.01> <Spt= 2.14> <nCl= 82> <al=0.00> <DB= 2885.1739> <Mlp= 2885.1739> <PB=10000000> 
RCSP solver dynamic params and stats :  bidir.bord. = 375 aver.obdmd = 97.8689 aver.buck.num. = 101 nbR1C = 154 with avMem = 13.3377
@@ 208 1 2885.17 1.0639 1.09097 91.8732 163.43
    Full reduced cost fixing is not called (gap ratio is 0.999996)
ColGenEvalAlg final dual bound: 2885.17 (rounded: 2886)
False gap improvement since the last cut separation : 0.00159217 (2884.71)
Separator R1C not in maximum phase
Cut generation tailing off counter increased to 0
Current active cuts : CAP(13,203.569) R1C(16+138,268.53) 1rowPackR1C(16) 3rowPackR1C(80) 4rowPackR1C(41) 5rowPackR1C(17)
3 Rank-1 1-rows pack. cuts added ,  max viol. = 0.0232591, aver. viol. = 0.0218711
150 Rank-1 3-rows pack. cuts added ,  max viol. = 0.0783509, aver. viol. = 0.0380501
Building structures for heuristic rank-1 packing cut separation...done!
100 Rank-1 4-rows pack. cuts added ,  max viol. = 0.129766, aver. viol. = 0.042463
Shrinking heuristic shrunk 20 edges
In total 1 RCC cut(s) are found by the Fractional capacity min-cut heuristic 
In total 3 RCC cut(s) are found by the greedy construction heuristic 
In total 2 RCC cut(s) are found by the global pool greedy search heuristic 
----- Add fac. cuts : CAP(6) R1C(253), max.viol = 0.129766, aver.viol = 0.0430766, sep/add took 0.134852/0.698701 sec. -----
9384 columns (8590 active), 674 dyn. constrs. (484 active), 920 art. vars. (726 active)
<DWph=2> <it=  1> <et=164.69> <Mt= 0.26> <Spt= 0.13> <nCl=  7> <al=0.50> <DB= 2844.9422> <Mlp= 2885.9647> <PB=10000000> 
<DWph=2> <it=  2> <et=164.89> <Mt= 0.07> <Spt= 0.12> <nCl= 10> <al=0.55> <DB= 2856.8601> <Mlp= 2885.9631> <PB=10000000> 
<DWph=2> <it=  3> <et=165.12> <Mt= 0.01> <Spt= 0.22> <nCl= 18> <al=0.19> <DB= 2331.8373> <Mlp= 2885.9631> <PB=10000000> 
<DWph=2> <it=  4> <et=165.29> <Mt= 0.06> <Spt= 0.11> <nCl=  5> <al=0.50> <DB= 2202.1230> <Mlp= 2885.9600> <PB=10000000> 
<DWph=2> <it=  5> <et=165.61> <Mt= 0.07> <Spt= 0.25> <nCl=  8> <al=0.09> <DB= 2429.4542> <Mlp= 2885.9593> <PB=10000000> 
<DWph=2> <it=  6> <et=165.80> <Mt= 0.06> <Spt= 0.13> <nCl= 16> <al=0.45> <DB= 2344.8199> <Mlp= 2885.9565> <PB=10000000> 
<DWph=2> <it=  7> <et=166.09> <Mt= 0.05> <Spt= 0.24> <nCl=  6> <al=0.00> <DB= 2839.4810> <Mlp= 2885.9518> <PB=10000000> 
<DWph=2> <it=  8> <et=166.27> <Mt= 0.05> <Spt= 0.12> <nCl=  2> <al=0.40> <DB= 2864.4570> <Mlp= 2885.9507> <PB=10000000> 
<DWph=2> <it=  9> <et=166.53> <Mt= 0.02> <Spt= 0.24> <nCl=  4> <al=0.00> <DB= 2818.9415> <Mlp= 2885.9507> <PB=10000000> 
<DWph=2> <it= 10> <et=166.80> <Mt= 0.02> <Spt= 0.25> <nCl=  2> <al=0.00> <DB= 2885.9507> <Mlp= 2885.9507> <PB=10000000> 
<DWph=1> <it= 11> <et=167.04> <Mt= 0.01> <Spt= 0.24> <nCl= 13> <al=0.26> <DB= 2660.8254> <Mlp= 2885.9507> <PB=10000000> 
<DWph=1> <it= 12> <et=167.60> <Mt= 0.31> <Spt= 0.24> <nCl= 11> <al=0.16> <DB= 2619.5885> <Mlp= 2885.9349> <PB=10000000> 
<DWph=1> <it= 13> <et=168.16> <Mt= 0.33> <Spt= 0.23> <nCl= 19> <al=0.24> <DB= 2397.4561> <Mlp= 2885.9273> <PB=10000000> 
<DWph=1> <it= 14> <et=168.45> <Mt= 0.08> <Spt= 0.21> <nCl=  7> <al=0.14> <DB= 2802.4676> <Mlp= 2885.9152> <PB=10000000> 
<DWph=1> <it= 15> <et=168.71> <Mt= 0.04> <Spt= 0.22> <nCl= 12> <al=0.04> <DB= 2480.4873> <Mlp= 2885.9144> <PB=10000000> 
<DWph=1> <it= 16> <et=168.95> <Mt= 0.02> <Spt= 0.22> <nCl=  6> <al=0.14> <DB= 2807.3261> <Mlp= 2885.9144> <PB=10000000> 
<DWph=1> <it= 17> <et=169.19> <Mt= 0.02> <Spt= 0.21> <nCl=  5> <al=0.23> <DB= 2875.7128> <Mlp= 2885.9143> <PB=10000000> 
<DWph=1> <it= 18> <et=169.42> <Mt= 0.01> <Spt= 0.22> <nCl=  1> <al=0.30> <DB= 2882.8812> <Mlp= 2885.9143> <PB=10000000> 
<DWph=1> <it= 19> <et=169.85> <Mt= 0.02> <Spt= 0.42> <nCl=  6> <al=0.00> <DB= 2885.9143> <Mlp= 2885.9143> <PB=10000000> 
    RCSP exact solver info for graph G_0 : TT = 1.65188, pt = 0.004829, dt = 1.51738, ct = 0.127927, ndl = 124253', bdl = 9100461', odl = 85081', odf = 2272868', bsi = 1417', cnt = 7164840', bdch = 263109708', odch = 43299782', lcp = 8792685', #sols = 150
<DWph=0> <it= 20> <et=171.56> <Mt= 0.00> <Spt= 1.70> <nCl=150> <al=0.10> <DB= 2354.9215> <Mlp= 2885.9143> <PB=10000000> 
    RCSP exact solver info for graph G_0 : TT = 1.85285, pt = 0.005806, dt = 1.69536, ct = 0.149903, ndl = 132356', bdl = 9456110', odl = 84757', odf = 2329627', bsi = 1420', cnt = 8145685', bdch = 288499946', odch = 51445454', lcp = 10340278', #sols = 150
<DWph=0> <it= 21> <et=173.83> <Mt= 0.37> <Spt= 1.90> <nCl=150> <al=0.00> <DB= 2000.4636> <Mlp= 2885.9005> <PB=10000000> 
    RCSP exact solver info for graph G_0 : TT = 1.86436, pt = 0.005492, dt = 1.71662, ct = 0.140398, ndl = 131740', bdl = 9448494', odl = 85651', odf = 2345044', bsi = 1394', cnt = 7530713', bdch = 285673803', odch = 51203356', lcp = 10217313', #sols = 150
<DWph=0> <it= 22> <et=176.22> <Mt= 0.48> <Spt= 1.91> <nCl=112> <al=0.10> <DB= 2623.7492> <Mlp= 2885.8830> <PB=10000000> 
    RCSP exact solver info for graph G_0 : TT = 1.86431, pt = 0.006023, dt = 1.71763, ct = 0.138699, ndl = 128612', bdl = 9260645', odl = 83455', odf = 2281267', bsi = 1389', cnt = 7220519', bdch = 275528433', odch = 47725502', lcp = 9651893', #sols = 150
<DWph=0> <it= 23> <et=178.61> <Mt= 0.51> <Spt= 1.89> <nCl= 67> <al=0.19> <DB= 2727.1327> <Mlp= 2885.8375> <PB=10000000> 
    RCSP exact solver info for graph G_0 : TT = 1.81174, pt = 0.006337, dt = 1.67108, ct = 0.132369, ndl = 126315', bdl = 9123231', odl = 83263', odf = 2230022', bsi = 1296', cnt = 6341152', bdch = 265642842', odch = 45966732', lcp = 9004722', #sols = 150
<DWph=0> <it= 24> <et=180.55> <Mt= 0.11> <Spt= 1.83> <nCl= 38> <al=0.27> <DB= 2773.9649> <Mlp= 2885.8357> <PB=10000000> 
    RCSP exact solver info for graph G_0 : TT = 3.77464, pt = 0.006621, dt = 3.62978, ct = 0.136245, ndl = 129067', bdl = 9245782', odl = 83123', odf = 2277860', bsi = 1384', cnt = 7039565', bdch = 276694796', odch = 48939920', lcp = 9683848', #sols = 150
<DWph=0> <it= 25> <et=182.79> <Mt= 0.29> <Spt= 1.94> <nCl= 27> <al=0.35> <DB= 2857.0624> <Mlp= 2885.8351> <PB=10000000> 
    RCSP exact solver info for graph G_0 : TT = 1.92607, pt = 0.006808, dt = 1.77935, ct = 0.137905, ndl = 130101', bdl = 9312178', odl = 83066', odf = 2292650', bsi = 1380', cnt = 7392226', bdch = 279502499', odch = 50227693', lcp = 9953082', #sols = 150
<DWph=0> <it= 26> <et=184.76> <Mt= 0.03> <Spt= 1.94> <nCl= 25> <al=0.41> <DB= 2841.1817> <Mlp= 2885.8351> <PB=10000000> 
    RCSP exact solver info for graph G_0 : TT = 1.9301, pt = 0.006483, dt = 1.78243, ct = 0.139293, ndl = 130921', bdl = 9355716', odl = 84049', odf = 2326333', bsi = 1440', cnt = 7497092', bdch = 282388953', odch = 51439397', lcp = 10155624', #sols = 150
<DWph=0> <it= 27> <et=186.72> <Mt= 0.02> <Spt= 1.94> <nCl= 11> <al=0.47> <DB= 2872.2978> <Mlp= 2885.8351> <PB=10000000> 
    RCSP exact solver info for graph G_0 : TT = 1.97976, pt = 0.006401, dt = 1.8276, ct = 0.143854, ndl = 133248', bdl = 9502539', odl = 84893', odf = 2333989', bsi = 1442', cnt = 7770304', bdch = 291336885', odch = 53045673', lcp = 10508007', #sols = 150
<DWph=0> <it= 28> <et=188.73> <Mt= 0.02> <Spt= 1.99> <nCl= 15> <al=0.37> <DB= 2880.8197> <Mlp= 2885.8351> <PB=10000000> 
    RCSP exact solver info for graph G_0 : TT = 1.96172, pt = 0.006697, dt = 1.80502, ct = 0.147723, ndl = 133136', bdl = 9497706', odl = 84682', odf = 2355831', bsi = 1419', cnt = 7909784', bdch = 290143914', odch = 53617001', lcp = 10637993', #sols = 150
<DWph=0> <it= 29> <et=190.72> <Mt= 0.01> <Spt= 1.98> <nCl= 10> <al=0.27> <DB= 2863.6483> <Mlp= 2885.8351> <PB=10000000> 
    RCSP exact solver info for graph G_0 : TT = 1.99249, pt = 0.006847, dt = 1.84003, ct = 0.143393, ndl = 132907', bdl = 9487646', odl = 84214', odf = 2352769', bsi = 1355', cnt = 7873272', bdch = 287815055', odch = 53269110', lcp = 10546407', #sols = 150
    RCSP exact solver info for graph G_0 : TT = 1.74815, pt = 0.005819, dt = 1.61065, ct = 0.129694, ndl = 131569', bdl = 9418726', odl = 84335', odf = 2335915', bsi = 1419', cnt = 7674831', bdch = 284888141', odch = 52114002', lcp = 10360195', #sols = 150
<DWph=0> <it= 30> <et=194.51> <Mt= 0.02> <Spt= 3.76> <nCl= 30> <al=0.00> <DB= 2883.4005> <Mlp= 2885.8351> <PB=10000000> 
    RCSP exact solver info for graph G_0 : TT = 1.94734, pt = 0.006281, dt = 1.79405, ct = 0.145036, ndl = 132731', bdl = 9479259', odl = 84872', odf = 2357242', bsi = 1470', cnt = 7902144', bdch = 289222751', odch = 53349338', lcp = 10569584', #sols = 150
    RCSP exact solver info for graph G_0 : TT = 1.76939, pt = 0.005818, dt = 1.62736, ct = 0.133918, ndl = 132667', bdl = 9476328', odl = 84662', odf = 2353199', bsi = 1436', cnt = 7795662', bdch = 288326793', odch = 53265687', lcp = 10570539', #sols = 150
<DWph=0> <it= 31> <et=198.25> <Mt= 0.01> <Spt= 3.73> <nCl=  2> <al=0.00> <DB= 2885.8351> <Mlp= 2885.8351> <PB=10000000> 
RCSP solver dynamic params and stats :  bidir.bord. = 375 aver.obdmd = 97.8689 aver.buck.num. = 101 nbR1C = 204 with avMem = 14.8627
@@ 208 2 2885.84 1.99719 3.76603 91.8732 198.25
    Full reduced cost fixing is not called (gap ratio is 0.999996)
ColGenEvalAlg final dual bound: 2885.84 (rounded: 2886)
False gap improvement since the last cut separation : 0.00229175 (2885.17)
Separator R1C not in maximum phase
Cut generation tailing off counter increased to 0
Current active cuts : CAP(13,204.724) R1C(19+185,294.816) 1rowPackR1C(19) 3rowPackR1C(101) 4rowPackR1C(67) 5rowPackR1C(17)
11 Rank-1 1-rows pack. cuts added ,  max viol. = 0.0686352, aver. viol. = 0.0400004
150 Rank-1 3-rows pack. cuts added ,  max viol. = 0.087073, aver. viol. = 0.0455226
Building structures for heuristic rank-1 packing cut separation...done!
84 Rank-1 4-rows pack. cuts added ,  max viol. = 0.0967584, aver. viol. = 0.0389341
100 Rank-1 5-rows pack. cuts added ,  max viol. = 0.18315, aver. viol. = 0.0873972
Shrinking heuristic shrunk 27 edges
In total 1 RCC cut(s) are found by the Fractional capacity min-cut heuristic 
----- Add fac. cuts : CAP(1) R1C(345), max.viol = 0.196323, aver.viol = 0.0693826, sep/add took 0.643677/1.02121 sec. -----
10179 columns (9385 active), 879 dyn. constrs. (623 active), 1266 art. vars. (865 active)
<DWph=2> <it=  1> <et=200.63> <Mt= 0.50> <Spt= 0.14> <nCl= 13> <al=0.50> <DB= 2853.2076> <Mlp= 2886.7160> <PB=10000000> 
Shrinking heuristic shrunk 111 edges
<DWph=2> <it=  2> <et=202.73> <Mt= 2.11> <Spt= 0.00> <nCl=  0> <al=0.55> <DB= 2885.8351> <Mlp= 2886.0000> <PB=2886> 
ColGenEvalAlg final dual bound: 2885.84 (rounded: 2886)
Gap improvement since the last cut separation : 1 (2885.84)
Current active cuts : CAP(14,208.523) R1C(19+213,341.346) 1rowPackR1C(19) 3rowPackR1C(108) 4rowPackR1C(74) 5rowPackR1C(31)
**** SB phase 3 evaluation of candidate 1, branch 2 ( x[(6, 33)]_0_617_0_OspV >= 1 ), value = 2884.43
<DWph=2> <it=  1> <et=203.97> <Mt= 0.79> <Spt= 0.10> <nCl=  6> <al=0.50> <DB= 2867.8916> <Mlp= 2884.4266> <PB=2886> 
<DWph=2> <it=  2> <et=204.16> <Mt= 0.01> <Spt= 0.18> <nCl= 15> <al=0.00> <DB= 2714.1104> <Mlp= 2884.4256> <PB=2886> 
<DWph=2> <it=  3> <et=204.27> <Mt= 0.01> <Spt= 0.10> <nCl=  4> <al=0.40> <DB= 2772.0252> <Mlp= 2884.4256> <PB=2886> 
<DWph=2> <it=  4> <et=204.51> <Mt= 0.03> <Spt= 0.20> <nCl=  5> <al=0.00> <DB= 2700.2931> <Mlp= 2884.3889> <PB=2886> 
<DWph=2> <it=  5> <et=204.70> <Mt= 0.01> <Spt= 0.18> <nCl=  4> <al=0.00> <DB= 2884.3889> <Mlp= 2884.3889> <PB=2886> 
<DWph=1> <it=  6> <et=204.88> <Mt= 0.00> <Spt= 0.18> <nCl=  3> <al=0.10> <DB= 2843.9227> <Mlp= 2884.3889> <PB=2886> 
<DWph=1> <it=  7> <et=205.07> <Mt= 0.01> <Spt= 0.18> <nCl=  0> <al=0.00> <DB= 2884.3889> <Mlp= 2884.3889> <PB=2886> 
    RCSP exact solver info for graph G_0 : TT = 1.03529, pt = 0.003434, dt = 0.952818, ct = 0.076951, ndl = 94295', bdl = 7165330', odl = 69370', odf = 1699786', bsi = 1614', cnt = 4849777', bdch = 175572772', odch = 28439253', lcp = 5217913', #sols = 150
<DWph=0> <it=  8> <et=206.14> <Mt= 0.00> <Spt= 1.07> <nCl=150> <al=0.00> <DB= 2415.9887> <Mlp= 2884.3889> <PB=2886> 
    RCSP exact solver info for graph G_0 : TT = 0.912458, pt = 0.003567, dt = 0.834291, ct = 0.072867, ndl = 83759', bdl = 6375107', odl = 63685', odf = 1537986', bsi = 1580', cnt = 4847368', bdch = 142727834', odch = 22523966', lcp = 4262310', #sols = 150
<DWph=0> <it=  9> <et=207.27> <Mt= 0.19> <Spt= 0.94> <nCl=150> <al=0.00> <DB= 2597.0588> <Mlp= 2883.9302> <PB=2886> 
    RCSP exact solver info for graph G_0 : TT = 0.908881, pt = 0.003311, dt = 0.830141, ct = 0.073827, ndl = 82878', bdl = 6262738', odl = 63216', odf = 1549186', bsi = 1560', cnt = 5133825', bdch = 139102769', odch = 23112925', lcp = 4279112', #sols = 150
<DWph=0> <it= 10> <et=208.22> <Mt= 0.02> <Spt= 0.93> <nCl=102> <al=0.01> <DB= 2668.4028> <Mlp= 2883.9178> <PB=2886> 
    RCSP exact solver info for graph G_0 : TT = 0.887444, pt = 0.004107, dt = 0.809259, ct = 0.072327, ndl = 82036', bdl = 6219006', odl = 62640', odf = 1509171', bsi = 1494', cnt = 4991936', bdch = 136210117', odch = 21506341', lcp = 3988819', #sols = 150
<DWph=0> <it= 11> <et=209.14> <Mt= 0.01> <Spt= 0.91> <nCl= 29> <al=0.11> <DB= 2852.0035> <Mlp= 2883.9141> <PB=2886> 
    RCSP exact solver info for graph G_0 : TT = 0.884028, pt = 0.003577, dt = 0.807924, ct = 0.07088, ndl = 82205', bdl = 6233748', odl = 63115', odf = 1528160', bsi = 1576', cnt = 4970890', bdch = 137221718', odch = 21660838', lcp = 3997012', #sols = 150
<DWph=0> <it= 12> <et=210.05> <Mt= 0.02> <Spt= 0.89> <nCl= 12> <al=0.20> <DB= 2877.5925> <Mlp= 2883.9139> <PB=2886> 
    RCSP exact solver info for graph G_0 : TT = 0.876275, pt = 0.003467, dt = 0.80159, ct = 0.069443, ndl = 82142', bdl = 6233719', odl = 62710', odf = 1507492', bsi = 1555', cnt = 4947889', bdch = 136740449', odch = 21584286', lcp = 3994864', #sols = 150
    RCSP exact solver info for graph G_0 : TT = 0.874667, pt = 0.003116, dt = 0.797309, ct = 0.07232, ndl = 81548', bdl = 6193421', odl = 62881', odf = 1530639', bsi = 1557', cnt = 4954195', bdch = 135455393', odch = 21499656', lcp = 3971971', #sols = 150
<DWph=0> <it= 13> <et=211.83> <Mt= 0.00> <Spt= 1.77> <nCl= 21> <al=0.00> <DB= 2883.9139> <Mlp= 2883.9139> <PB=2886> 
RCSP solver dynamic params and stats :  bidir.bord. = 375 aver.obdmd = 97.8689 aver.buck.num. = 101 nbR1C = 120 with avMem = 14.2083
@@ 209 0 2883.91 0.905992 1.02977 91.8732 211.83
RCSP      solver labels distribution in 4354 buckets (bucket size) : largest - 370, top 0.1% - 273, top 0.5% - 181, top 2% - 129, top 10% - 50, top 50% - 7
Reduced cost fixing for graph G_0...  TT = 0.492627, pt = 0.272502, dt = 0.217564, ct = 0, ndl = 120230', bdl = 3158555', odl = 25591', odf = 940765', lpcb = 4420935', cnt = 3746822', bdch = 92237932', odch = 19732371', lcp = 2667322'
22115 buck. arcs remain (1.72% from prev., 1.58% from max.) + 34427 jump buck. arcs (2.46% from max.)
 TT = 0.773844, pt = 0.272502, dt = 0.217564, ct = 0.281135, ndl = 120230', bdl = 3158555', odl = 25591', odf = 940765', lpcb = 4420935', cnt = 21303400', bdch = 92237932', odch = 19732371', lcp = 2667322'
RCSP      solver labels distribution in 7608 buckets (bucket size) : largest - 370, top 0.1% - 287, top 0.5% - 188, top 2% - 127, top 10% - 42, top 50% - 4
Run forward enumeration with border = 375... succeeded! lpt = 0.029803, ndl = 5882', dl = 378', lpcb = 18810', dch = 2310'
Run enumeration concatenation with time limit 26.1823 sec.... succeeded!
Sorting and storing enumerated solutions ... done!
 TT = 0.043178, pt = 0, dt = 0.029803, ct = 0.00465, ndl = 5882', bdl = 378', lpcb = 18810', cnt = 604501', bdch = 2310', odch = 0', lcp = 0'
Enumeration succeeded!, number of elem. solutions is 1152
Estimating inspection time...     TT = 0.001862, performed by inspection with 1152 solutions, nbR1C = 120, nbDiscC = 0
Inspection time is low enough. Pricing will be done by inspection.
Added 1216 columns in the formulation 
Removed 7027 columns (not in the enumerated set) from the formulation
Regenerated 1216 columns with the 'enumerated' flag
Added 696 columns in the formulation 
ColGenEvalAlg final dual bound: 2883.91 (rounded: 2884)
Current active cuts : CAP(12,362.03) R1C(13+107,205.058) 1rowPackR1C(13) 3rowPackR1C(50) 4rowPackR1C(35) 5rowPackR1C(22)
----- Terminating the node by MIP -----
Version identifier: 22.1.2.0 | 2024-11-26 | 0edbb82fd
CPXPARAM_Advance                                 0
CPXPARAM_Preprocessing_Linear                    0
CPXPARAM_Threads                                 1
CPXPARAM_MIP_Strategy_CallbackReducedLP          0
CPXPARAM_MIP_Limits_Nodes                        2000000
CPXPARAM_Simplex_Tolerances_Optimality           9.9999999999999995e-08
CPXPARAM_Simplex_Tolerances_Feasibility          9.9999999999999995e-08
CPXPARAM_TimeLimit                               360000
CPXPARAM_MIP_Tolerances_UpperCutoff              2885.0000009999999
CPXPARAM_MIP_Tolerances_MIPGap                   1.0000000000000001e-09
Legacy callback                                  L
Warning: Control callbacks may disable some MIP features.
Tried aggregator 1 time.
MIP Presolve eliminated 96 rows and 633 columns.
MIP Presolve modified 42463 coefficients.
Reduced MIP has 260 rows, 1279 columns, and 86355 nonzeros.
Reduced MIP has 1279 binaries, 0 generals, 0 SOSs, and 0 indicators.
Presolve time = 0.19 sec. (451.35 ticks)
Probing fixed 658 vars, tightened 0 bounds.
Probing changed sense of 42 constraints.
Probing time = 0.12 sec. (435.92 ticks)
Cover probing fixed 40 vars, tightened 0 bounds.
Clique table members: 2995.
MIP emphasis: balance optimality and feasibility.
MIP search method: traditional branch-and-cut.
Parallel mode: none, using 1 thread.
Root relaxation solution time = 0.00 sec. (10.04 ticks)

        Nodes                                         Cuts/
   Node  Left     Objective  IInf  Best Integer    Best Bound    ItCnt     Gap         Variable B NodeID Parent  Depth

      0     0        cutoff                                        106         

Root node processing (before b&c):
  Real time             =    0.32 sec. (913.26 ticks)
Sequential b&c:
  Real time             =    0.00 sec. (0.00 ticks)
                          ------------
Total (root+branch&cut) =    0.32 sec. (913.26 ticks)
Solution status = Infeasible
 SB phase 3 candidate 1 is conquered !
SB with phases chosed candidate var x[(6, 33)]_0_617_0_OspV (lhs=0.50602)
New model incumbent solution 2886, TIME = 0h3m33s49t = 21349
************************************************************************************************
Search is finished, global bounds : [ 2886 , 2886 ], TIME = 0h3m33s50t = 21350
************************************************************************************************
[32mBaPCod : solution defined.[00m
statistics_cols: instance & :Optimal & cutoff & :bcRecRootDb & :bcTimeRootEval & :bcCountNodeProc & :bcRecBestDb & :bcRecBestInc & :bcTimeMain \\
statistics: instance_32-triangle & 1 & 1.0e7 & 2882.00 & 81.57 & 3 & 2886.00 & 2886 & 213.50 \\
########################################################
Route #1: 19 96 85 45 36 81 4 70 60 117 23 95 114 30 87 
Route #2: 28 41 21 76 108 24 49 47 10 101 39 50 62 
Route #3: 40 61 8 113 18 42 3 88 56 54 32 105 72 78 
Route #4: 53 80 100 112 16 31 67 14 29 13 9 63 99 
Route #5: 66 118 104 94 77 20 51 89 35 107 74 44 115 
Route #6: 68 98 120 34 22 97 37 93 90 
Route #7: 79 11 64 84 109 25 58 7 12 59 91 1 38 5 86 
Route #8: 102 48 17 33 52 26 65 82 57 75 71 6 83 103 
Route #9: 116 111 69 55 73 110 92 43 15 2 46 106 27 119 
Cost 2886
########################################################

end_time=2026-04-20 01:06:37
exit_code=0
