instance_file=/mnt/c/Users/porin/OneDrive/Documentos/Python-Mestrado/Modelagem Matemática/Programação Inteira - Uchoa/Problema VRPRDL/instancias_turco/VRPRDL-triangle/vrp_convertidos/instance_30-triangle.vrp
instance_name=instance_30-triangle
start_time=2026-04-19 23:19:16

  Activating project at `~/VRPSolver/VRPSolverDemos`
Application parameters:
  batch  =>  nothing
  instance  =>  "/mnt/c/Users/porin/OneDrive/Documentos/Python-Mestrado/Modelagem Matemática/Programação Inteira - Uchoa/Problema VRPRDL/instancias_turco/VRPRDL-triangle/vrp_convertidos/instance_30-triangle.vrp"
  noround  =>  false
  cfg  =>  "/home/poringman/VRPSolver/VRPSolverDemos/src/../config/CVRP.cfg"
  edge_cuts  =>  false
  out  =>  nothing
  ub  =>  1.0e7
  cluster_branching  =>  1.0
  sol  =>  nothing
  single_resource  =>  false
  strong_kpath_cuts  =>  false
  tikz  =>  nothing
  maxr  =>  999
  update  =>  false
  show_complete_form  =>  false
  nosolve  =>  false
  minr  =>  1
  low_edge_priority  =>  false
~~~~~~~~~~~~~~~~~~~~~~~~~~~~~~~~~~~~~~~~~~~~~~~~~~~~~~~~~~~~~~~~~~~~~~~~~~~~~~~~~~~~~
GIT VERSION RCSP: 
GIT BRANCH: 
~~~~~~~~~~~~~~~~~~~~~~~~~~~~~~~~~~~~~~~~~~~~~~~~~~~~~~~~~~~~~~~~~~~~~~~~~~~~~~~~~~~~~
VRPSolver v0.6.16, 10/11/2025, © Inria Bordeaux, France, vrpsolver.math.u-bordeaux.fr
      Corresponds to the solver by Pessoa, Sadykov, Uchoa and Vanderbeck (2020)
                 Paper: dx.doi.org/10.1007/s10107-020-01523-z
~~~~~~~~~~~~~~~~~~~~~~~~~~~~~~~~~~~~~~~~~~~~~~~~~~~~~~~~~~~~~~~~~~~~~~~~~~~~~~~~~~~~~
GIT VERSION BAPCOD: a7cb21f19424236c9d0da5dcf94961797a519470
GIT BRANCH: main
~~~~~~~~~~~~~~~~~~~~~~~~~~~~~~~~~~~~~~~~~~~~~~~~~~~~~~~~~~~~~~~~~~~~~~~~~~~~~~~~~~~~~
   BaPCod v0.84, 10/11/2025, © Inria Bordeaux, France, bapcod.math.u-bordeaux.fr 
           THIS CODE IS PROVIDED AS IS, USE IT AT YOUR OWN RISK
~~~~~~~~~~~~~~~~~~~~~~~~~~~~~~~~~~~~~~~~~~~~~~~~~~~~~~~~~~~~~~~~~~~~~~~~~~~~~~~~~~~~~
--- MAIN PARAMETERS ---
GlobalTimeLimitInTick = 2147483645
GlobalTimeLimit = 21474836
ClockType = 0
MaxNbOfBBtreeNodeTreated = 100000
optimalityGapTolerance = 1e-06
relOptimalityGapTolerance = 1e-09
ApplyPreprocessing = false
PreprocessVariablesLocalBounds = false
treeSearchStrategy = 1
OpenNodesLimit = 1000
DEFAULTPRINTLEVEL = 0
--- MIP SOLVER PARAMETERS ---
solverName = CPLEX_SOLVER
MipSolverMaxBBNodes = 2000000
MipSolverMaxTime = 360000
MipSolverMultiThread = 1
--- COLUMN GENERATION PARAMETERS ---
SolverSelectForMast = a
  colGenSubProbSolMode = customSolver
mastInitMode = localArtCol
ArtVarPenaltyUpdateFactor = 2
ArtVarMaxNbOfPenaltyUpdates = 5
MaxNbOfStagesInColGenProcedure = 3
GenerateProperColumns = false
InsertAllGeneratedColumnsInFormRatherThanInPool = true
InsertNewNonNegColumnsDirectlyInFormRatherThanInPool = true
ColumnCleanupThreshold = 10000
ColumnCleanupRatio = 0.66
ReducedCostFixingThreshold = 0.9
--- CUT GENERATION PARAMETERS ---
MasterCuttingPlanesDepthLimit = 1000
MaxNbOfCutGeneratedAtEachIter = 1000
CutTailingOffThreshold = 0.015
CutTailingOffCounterThreshold = 3
CutCleanupThreshold = 1
CutCleanupRatio = 0.66
ColGenSpRelaxationImprovementPriority = 0
--- STABILIZATION PARAMETERS ---
colGenDualPriceSmoothingAlphaFactor = 1
colGenDualPriceSmoothingBetaFactor = 0
colGenStabilizationFunctionType = none
colGenProximalStabilizationRule = undefined
StabilFuncKappa = 1
colGenStabilizationMaxTreeDepth = 10000
StabilizationMinPhaseOfStage = 0
--- PRIMAL HEURISTIC PARAMETERS ---
UseInitialPrimalHeur = false
MaxTimeForRestrictedMasterIpHeur = -1
CallFrequencyOfRestrictedMasterIpHeur = 5
MIPemphasisInRestrictedMasterIpHeur = 1
PolishingAfterTimeInRestrictedMasterIpHeur = -1
DivingHeurUseDepthLimit = -1
CallFrequencyOfDivingHeur = 1
LeastFractional
Closest2RoundUp
LeastGreedyCost
LeastCost
FixIntValBeforeRoundingHeur = true
MaxNbOfCgIteDuringRh = 5000
MaxLDSbreadth = 0
MaxLDSdepth = 0
DivingHeurStopsWithFirstFeasSol = false
DivingHeurPreprocessBeforeChoosingVar = false
StrongDivingCandidatesNumber = 1
EvalAlgParamsInDiving = max#cand. = 1 max#cg.iters = 10000 min.lvl.sp.restr. = 1 min#cut.rounds = 0 max#cut.rounds = 0 red.cost.fix&enum. = false tree.size.ratio = 1
LocalSearchHeurUseDepthLimit = -1
LeastFractional
Closest2RoundUp
LeastGreedyCost
LeastCost
MaxFactorOfColFixedByLocalSearchHeur = 0.8
MaxLocalSearchIterationCounter = 3
--- STRONG BRANCHING PARAMETERS ---
SimplifiedStrongBranchingParameterisation = true
StrongBranchingPhaseOneCandidatesNumber = 100
StrongBranchingPhaseOneTreeSizeEstimRatio = 0.2
StrongBranchingPhaseTwoCandidatesNumber = 3
StrongBranchingPhaseTwoTreeSizeEstimRatio = 0.02
SafeDualBoundScaleFactor = -1
StrongBranchingPhaseOne = max#cand. = 100 max#cg.iters = 0 min.lvl.sp.restr. = 0 min#cut.rounds = 0 max#cut.rounds = 0 red.cost.fix&enum. = false tree.size.ratio = 0.2
StrongBranchingPhaseTwo = max#cand. = 3 max#cg.iters = 10000 min.lvl.sp.restr. = 1 min#cut.rounds = 0 max#cut.rounds = 0 red.cost.fix&enum. = false tree.size.ratio = 0.02
StrongBranchingPhaseThree = max#cand. = 1 max#cg.iters = 10000 min.lvl.sp.restr. = 0 min#cut.rounds = 0 max#cut.rounds = 10000 red.cost.fix&enum. = true tree.size.ratio = 1
StrongBranchingPhaseFour =not active
--- DEBUG OUTPUT PARAMETERS ---
printMasterPrimalSols = 0
--- VRPSOLVER PARAMETERS ---
RCSPstopCutGenTimeThresholdInPricing = 10
RCSPhardTimeThresholdInPricing = 25
RCSPredCostFixingTimeThreshold = 100
RCSPnumberOfBucketsPerVertex = 25
RCSPdynamicBucketSteps = 1
RCSPuseBidirectionalSearch = 2
RCSPapplyReducedCostFixing = 1
RCSPmaxNumOfColsPerIteration = 30
RCSPmaxNumOfColsPerExactIteration = 150
RCSPmaxNumOfLabelsInEnumeration = 500000
RCSPmaxNumOfLabelsInHeurEnumeration = 0
RCSPmaxNumOfEnumeratedSolutions = 5000000
RCSPmaxNumOfEnumSolutionsForMIP = 10000
RCSPmaxNumOfEnumSolsForEndOfNodeMIP = 10000
RCSPinitNGneighbourhoodSize = 8
RCSPmaxNGneighbourhoodSize = 8
RCSPrankOneCutsMaxNumRows = 5
RCSPrankOneCutsMaxNumPerRound = 100
RCSPrankOneCutsMemoryType = 0
RCSPrankOneCutsLSnumIterations = 1000
RCSPallowRoutesWithSameVerticesSet = true
RCSPredCostFixingFalseGap = 0
SafeDualBoundScaleFactor = -1
RCSPmaxNumOfLabelsInHeurEnumeration = 0
MaxNumEnumSolsInRestrictedMasterIpHeur = 5000

prName & bcTimeMain \\ 
New model incumbent solution 1e+07, TIME = 0h0m0s44t = 44
RCSP solver info : size of non-robust cut bitmask in a label is 640 bits
Bucket steps were recalculated for graph G_0 : [30]
RCSP solver info : symmetric case is detected for graph G_0! 
Bidirectional border value is initialised to 375
RCSP solver info : number of forw. reachable buckets / buck. strongly connected components is 3113( 98.14% ) / 1488( 47.7996% )
RCSP solver info: std. label size is 56, ext. label size is 136
Generating neighbourhoods for rank-1 cuts separation
Building structures for 4- and 5-row rank-1 packing cut separation...done!
Model is built TIME = 0h0m0s50t = 50
************************************************************************************************
**** BaB tree root node
**** Local DB = -1e+12, global bounds : [ -1e+12 , 1e+07 ], TIME = 0h0m0s50t = 50
**** 1 open nodes, 0 columns (0 active), 0 dyn. constrs. (0 active), 242 art. vars. (242 active)
************************************************************************************************
--------------------------------------------------------------------------
BaPCod info : first we run the root node with rank-1 cuts with node memory
--------------------------------------------------------------------------
#<DWph=2> <it=  1> <et=0.51> <Mt= 0.00> <Spt= 0.01> <nCl= 30> <al=0.00> <DB=-135359373360.0000> <Mlp=2976000000.0000> <PB=10000000> 
#<DWph=2> <it=  2> <et=0.52> <Mt= 0.00> <Spt= 0.01> <nCl= 30> <al=0.55> <DB=-124080670832.0401> <Mlp=2920200248.8000> <PB=10000000> 
#<DWph=2> <it=  3> <et=0.53> <Mt= 0.00> <Spt= 0.00> <nCl= 30> <al=0.45> <DB=-71199553347.3000> <Mlp=2908939372.0068> <PB=10000000> 
#<DWph=2> <it=  4> <et=0.54> <Mt= 0.00> <Spt= 0.01> <nCl= 30> <al=0.35> <DB=-70822831460.9949> <Mlp=2813110861.5211> <PB=10000000> 
#<DWph=2> <it=  5> <et=0.55> <Mt= 0.00> <Spt= 0.01> <nCl= 30> <al=0.25> <DB=-72653662180.9864> <Mlp=2736508676.9630> <PB=10000000> 
#<DWph=2> <it=  6> <et=0.56> <Mt= 0.00> <Spt= 0.01> <nCl= 30> <al=0.33> <DB=-89281426611.9700> <Mlp=2598172422.4738> <PB=10000000> 
#<DWph=2> <it=  7> <et=0.57> <Mt= 0.00> <Spt= 0.01> <nCl= 30> <al=0.39> <DB=-69018814314.3291> <Mlp=2591676250.7250> <PB=10000000> 
#<DWph=2> <it=  8> <et=0.58> <Mt= 0.00> <Spt= 0.01> <nCl= 30> <al=0.29> <DB=-71255769744.0863> <Mlp=2567614497.9074> <PB=10000000> 
#<DWph=2> <it=  9> <et=0.59> <Mt= 0.00> <Spt= 0.01> <nCl= 30> <al=0.19> <DB=-67506815252.4760> <Mlp=2469842969.4006> <PB=10000000> 
#<DWph=2> <it= 10> <et=0.60> <Mt= 0.00> <Spt= 0.01> <nCl= 30> <al=0.27> <DB=-68215156026.9392> <Mlp=2435894765.7098> <PB=10000000> 
#<DWph=2> <it= 11> <et=0.61> <Mt= 0.00> <Spt= 0.01> <nCl= 30> <al=0.35> <DB=-63436120504.8666> <Mlp=2378084415.4225> <PB=10000000> 
#<DWph=2> <it= 12> <et=0.62> <Mt= 0.00> <Spt= 0.01> <nCl= 30> <al=0.41> <DB=-64760626485.4429> <Mlp=2354576431.7346> <PB=10000000> 
#<DWph=2> <it= 13> <et=0.63> <Mt= 0.00> <Spt= 0.01> <nCl= 30> <al=0.47> <DB=-53685654527.1765> <Mlp=2336026547.6536> <PB=10000000> 
#<DWph=2> <it= 14> <et=0.64> <Mt= 0.00> <Spt= 0.01> <nCl= 30> <al=0.37> <DB=-50231614305.8120> <Mlp=2299881909.4548> <PB=10000000> 
#<DWph=2> <it= 15> <et=0.65> <Mt= 0.00> <Spt= 0.01> <nCl= 30> <al=0.43> <DB=-56880379451.5516> <Mlp=2219708584.7200> <PB=10000000> 
#<DWph=2> <it= 16> <et=0.66> <Mt= 0.00> <Spt= 0.01> <nCl= 30> <al=0.49> <DB=-52315517625.5540> <Mlp=2195898990.4721> <PB=10000000> 
#<DWph=2> <it= 17> <et=0.67> <Mt= 0.00> <Spt= 0.01> <nCl= 30> <al=0.54> <DB=-48078222712.2507> <Mlp=2171027786.5775> <PB=10000000> 
#<DWph=2> <it= 18> <et=0.68> <Mt= 0.00> <Spt= 0.00> <nCl= 30> <al=0.59> <DB=-45970216979.7384> <Mlp=2111245420.3537> <PB=10000000> 
#<DWph=2> <it= 19> <et=0.69> <Mt= 0.00> <Spt= 0.01> <nCl= 30> <al=0.63> <DB=-46556858180.3089> <Mlp=1920519844.8043> <PB=10000000> 
#<DWph=2> <it= 20> <et=0.70> <Mt= 0.00> <Spt= 0.01> <nCl= 30> <al=0.67> <DB=-46304207816.5337> <Mlp=1876507473.1689> <PB=10000000> 
#<DWph=2> <it= 21> <et=0.71> <Mt= 0.01> <Spt= 0.01> <nCl= 30> <al=0.70> <DB=-43260315772.9993> <Mlp=1745326186.1174> <PB=10000000> 
#<DWph=2> <it= 22> <et=0.72> <Mt= 0.00> <Spt= 0.01> <nCl= 30> <al=0.73> <DB=-43386200803.3685> <Mlp=1678270666.4566> <PB=10000000> 
#<DWph=2> <it= 23> <et=0.73> <Mt= 0.00> <Spt= 0.02> <nCl= 30> <al=0.76> <DB=-44349562560.6412> <Mlp=1605352768.5601> <PB=10000000> 
#<DWph=2> <it= 24> <et=0.75> <Mt= 0.00> <Spt= 0.01> <nCl= 30> <al=0.66> <DB=-42656941113.2143> <Mlp=1496640680.7937> <PB=10000000> 
#<DWph=2> <it= 25> <et=0.76> <Mt= 0.00> <Spt= 0.01> <nCl= 30> <al=0.69> <DB=-42773059464.0900> <Mlp=1394833172.4281> <PB=10000000> 
#<DWph=2> <it= 26> <et=0.77> <Mt= 0.00> <Spt= 0.01> <nCl= 30> <al=0.72> <DB=-41065680704.4029> <Mlp=1336416919.9005> <PB=10000000> 
#<DWph=2> <it= 27> <et=0.78> <Mt= 0.00> <Spt= 0.01> <nCl= 30> <al=0.62> <DB=-40973248632.4439> <Mlp=1314944151.1340> <PB=10000000> 
#<DWph=2> <it= 28> <et=0.79> <Mt= 0.00> <Spt= 0.01> <nCl= 30> <al=0.66> <DB=-45305788726.2498> <Mlp=1297788537.4901> <PB=10000000> 
#<DWph=2> <it= 29> <et=0.80> <Mt= 0.01> <Spt= 0.01> <nCl= 30> <al=0.69> <DB=-39535593689.8670> <Mlp=1289941404.0571> <PB=10000000> 
#<DWph=2> <it= 30> <et=0.82> <Mt= 0.00> <Spt= 0.01> <nCl= 30> <al=0.59> <DB=-43674747943.6750> <Mlp=1266038696.1498> <PB=10000000> 
#<DWph=2> <it= 31> <et=0.83> <Mt= 0.00> <Spt= 0.01> <nCl= 30> <al=0.63> <DB=-39708306290.4361> <Mlp=1261417870.8979> <PB=10000000> 
#<DWph=2> <it= 32> <et=0.84> <Mt= 0.00> <Spt= 0.01> <nCl= 30> <al=0.67> <DB=-38664798747.9817> <Mlp=1233764446.7266> <PB=10000000> 
#<DWph=2> <it= 33> <et=0.85> <Mt= 0.00> <Spt= 0.01> <nCl= 30> <al=0.70> <DB=-35253499049.7332> <Mlp=1217783684.2971> <PB=10000000> 
#<DWph=2> <it= 34> <et=0.86> <Mt= 0.00> <Spt= 0.01> <nCl= 30> <al=0.60> <DB=-36060253728.6265> <Mlp=1126651538.9379> <PB=10000000> 
#<DWph=2> <it= 35> <et=0.87> <Mt= 0.01> <Spt= 0.01> <nCl= 30> <al=0.64> <DB=-34679421321.7386> <Mlp=1059020584.3986> <PB=10000000> 
#<DWph=2> <it= 36> <et=0.89> <Mt= 0.00> <Spt= 0.01> <nCl= 30> <al=0.68> <DB=-34594785036.5044> <Mlp=948085930.4882> <PB=10000000> 
#<DWph=2> <it= 37> <et=0.90> <Mt= 0.01> <Spt= 0.01> <nCl= 30> <al=0.71> <DB=-36179340724.3800> <Mlp=817479748.8997> <PB=10000000> 
#<DWph=2> <it= 38> <et=0.92> <Mt= 0.00> <Spt= 0.01> <nCl= 30> <al=0.74> <DB=-34379934295.7392> <Mlp=753448223.8309> <PB=10000000> 
#<DWph=2> <it= 39> <et=0.93> <Mt= 0.00> <Spt= 0.01> <nCl= 30> <al=0.77> <DB=-34796384353.1085> <Mlp=668325407.8077> <PB=10000000> 
#<DWph=2> <it= 40> <et=0.94> <Mt= 0.01> <Spt= 0.01> <nCl= 30> <al=0.79> <DB=-31730588338.4422> <Mlp=575351171.7920> <PB=10000000> 
#<DWph=2> <it= 41> <et=0.96> <Mt= 0.00> <Spt= 0.01> <nCl= 30> <al=0.69> <DB=-30546710679.1000> <Mlp=555328087.7353> <PB=10000000> 
#<DWph=2> <it= 42> <et=0.97> <Mt= 0.00> <Spt= 0.00> <nCl= 30> <al=0.72> <DB=-30605922258.1286> <Mlp=536401344.6686> <PB=10000000> 
#<DWph=2> <it= 43> <et=0.98> <Mt= 0.01> <Spt= 0.01> <nCl= 30> <al=0.75> <DB=-30449904817.3310> <Mlp=404815195.8699> <PB=10000000> 
#<DWph=2> <it= 44> <et=1.00> <Mt= 0.00> <Spt= 0.01> <nCl= 30> <al=0.77> <DB=-27324143197.4309> <Mlp=328159561.8276> <PB=10000000> 
#<DWph=2> <it= 45> <et=1.01> <Mt= 0.01> <Spt= 0.01> <nCl= 30> <al=0.80> <DB=-29679328757.5669> <Mlp=236161712.1212> <PB=10000000> 
#<DWph=2> <it= 46> <et=1.03> <Mt= 0.00> <Spt= 0.01> <nCl= 30> <al=0.82> <DB=-29303546138.2647> <Mlp=167716343.1811> <PB=10000000> 
#<DWph=2> <it= 47> <et=1.04> <Mt= 0.01> <Spt= 0.01> <nCl= 30> <al=0.83> <DB=-27821478481.2960> <Mlp=124209009.2017> <PB=10000000> 
#<DWph=2> <it= 48> <et=1.05> <Mt= 0.00> <Spt= 0.01> <nCl= 30> <al=0.73> <DB=-25415222196.4769> <Mlp=64160906.2306> <PB=10000000> 
#<DWph=2> <it= 49> <et=1.07> <Mt= 0.01> <Spt= 0.01> <nCl= 30> <al=0.63> <DB=-20569568991.3059> <Mlp=43665887.5562> <PB=10000000> 
#<DWph=2> <it= 50> <et=1.08> <Mt= 0.00> <Spt= 0.01> <nCl= 30> <al=0.53> <DB=-18126502219.0967> <Mlp=18513901.7206> <PB=10000000> 
#<DWph=2> <it= 51> <et=1.10> <Mt= 0.01> <Spt= 0.01> <nCl= 30> <al=0.43> <DB=-14101933731.7970> <Mlp=9696551.1470> <PB=10000000> 
#<DWph=2> <it= 52> <et=1.12> <Mt= 0.00> <Spt= 0.01> <nCl= 30> <al=0.49> <DB=-10835899587.1377> <Mlp=5540132.0128> <PB=10000000> 
#<DWph=2> <it= 53> <et=1.13> <Mt= 0.00> <Spt= 0.01> <nCl= 30> <al=0.39> <DB=-8240416992.8604> <Mlp=2377706.2164> <PB=10000000> 
#<DWph=2> <it= 54> <et=1.14> <Mt= 0.01> <Spt= 0.01> <nCl= 30> <al=0.29> <DB=-1919962552.6740> <Mlp=488096.3388> <PB=10000000> 
#<DWph=2> <it= 55> <et=1.16> <Mt= 0.01> <Spt= 0.01> <nCl= 30> <al=0.19> <DB=-92822769.9810> <Mlp=59972.6217> <PB=10000000> 
<DWph=2> <it= 56> <et=1.18> <Mt= 0.01> <Spt= 0.01> <nCl= 30> <al=0.00> <DB=-375894.8351> <Mlp= 9562.1161> <PB=10000000> 
<DWph=2> <it= 57> <et=1.20> <Mt= 0.00> <Spt= 0.01> <nCl= 30> <al=0.17> <DB=-517740.7396> <Mlp= 9217.9712> <PB=10000000> 
<DWph=2> <it= 58> <et=1.21> <Mt= 0.00> <Spt= 0.01> <nCl= 30> <al=0.26> <DB=-355701.3410> <Mlp= 9057.0160> <PB=10000000> 
<DWph=2> <it= 59> <et=1.23> <Mt= 0.01> <Spt= 0.01> <nCl= 30> <al=0.33> <DB=-289992.3840> <Mlp= 8732.3156> <PB=10000000> 
<DWph=2> <it= 60> <et=1.24> <Mt= 0.00> <Spt= 0.01> <nCl= 30> <al=0.40> <DB=-275483.1833> <Mlp= 8578.5759> <PB=10000000> 
<DWph=2> <it= 61> <et=1.26> <Mt= 0.01> <Spt= 0.02> <nCl= 30> <al=0.46> <DB=-254777.1371> <Mlp= 8374.9065> <PB=10000000> 
<DWph=2> <it= 62> <et=1.28> <Mt= 0.01> <Spt= 0.01> <nCl= 30> <al=0.51> <DB=-254953.2847> <Mlp= 8067.7181> <PB=10000000> 
<DWph=2> <it= 63> <et=1.29> <Mt= 0.00> <Spt= 0.01> <nCl= 30> <al=0.56> <DB=-204108.3543> <Mlp= 7956.7930> <PB=10000000> 
<DWph=2> <it= 64> <et=1.31> <Mt= 0.01> <Spt= 0.01> <nCl= 30> <al=0.60> <DB=-242808.7907> <Mlp= 7829.3663> <PB=10000000> 
<DWph=2> <it= 65> <et=1.32> <Mt= 0.00> <Spt= 0.01> <nCl= 30> <al=0.64> <DB=-177038.8834> <Mlp= 7768.4335> <PB=10000000> 
<DWph=2> <it= 66> <et=1.34> <Mt= 0.01> <Spt= 0.01> <nCl= 30> <al=0.68> <DB=-196240.7121> <Mlp= 7454.0917> <PB=10000000> 
<DWph=2> <it= 67> <et=1.35> <Mt= 0.00> <Spt= 0.00> <nCl= 30> <al=0.71> <DB=-176140.2199> <Mlp= 7253.2305> <PB=10000000> 
<DWph=2> <it= 68> <et=1.37> <Mt= 0.01> <Spt= 0.01> <nCl= 30> <al=0.74> <DB=-157805.1638> <Mlp= 7097.0498> <PB=10000000> 
<DWph=2> <it= 69> <et=1.38> <Mt= 0.00> <Spt= 0.02> <nCl= 30> <al=0.77> <DB=-143024.2845> <Mlp= 7025.4160> <PB=10000000> 
<DWph=2> <it= 70> <et=1.40> <Mt= 0.01> <Spt= 0.00> <nCl= 30> <al=0.79> <DB=-134324.6697> <Mlp= 6731.5344> <PB=10000000> 
<DWph=2> <it= 71> <et=1.42> <Mt= 0.00> <Spt= 0.01> <nCl= 30> <al=0.81> <DB=-125041.8683> <Mlp= 6493.2461> <PB=10000000> 
<DWph=2> <it= 72> <et=1.43> <Mt= 0.01> <Spt= 0.02> <nCl= 30> <al=0.71> <DB=-114644.8679> <Mlp= 6297.0983> <PB=10000000> 
<DWph=2> <it= 73> <et=1.45> <Mt= 0.01> <Spt= 0.00> <nCl= 30> <al=0.74> <DB=-131847.7959> <Mlp= 6129.8567> <PB=10000000> 
<DWph=2> <it= 74> <et=1.46> <Mt= 0.00> <Spt= 0.01> <nCl= 30> <al=0.77> <DB=-112504.6575> <Mlp= 6058.9176> <PB=10000000> 
<DWph=2> <it= 75> <et=1.48> <Mt= 0.01> <Spt= 0.01> <nCl= 30> <al=0.79> <DB=-117411.0665> <Mlp= 5929.3336> <PB=10000000> 
<DWph=2> <it= 76> <et=1.49> <Mt= 0.00> <Spt= 0.01> <nCl= 30> <al=0.81> <DB=-110310.2845> <Mlp= 5805.7907> <PB=10000000> 
<DWph=2> <it= 77> <et=1.51> <Mt= 0.01> <Spt= 0.01> <nCl= 30> <al=0.83> <DB=-108729.4344> <Mlp= 5451.3490> <PB=10000000> 
<DWph=2> <it= 78> <et=1.53> <Mt= 0.00> <Spt= 0.02> <nCl= 30> <al=0.85> <DB=-110490.2896> <Mlp= 5330.2806> <PB=10000000> 
<DWph=2> <it= 79> <et=1.54> <Mt= 0.00> <Spt= 0.01> <nCl= 30> <al=0.86> <DB=-104090.7465> <Mlp= 5227.3674> <PB=10000000> 
<DWph=2> <it= 80> <et=1.55> <Mt= 0.01> <Spt= 0.01> <nCl= 30> <al=0.76> <DB=-89296.4581> <Mlp= 5205.4649> <PB=10000000> 
<DWph=2> <it= 81> <et=1.57> <Mt= 0.00> <Spt= 0.01> <nCl= 30> <al=0.79> <DB=-81101.2540> <Mlp= 5035.3501> <PB=10000000> 
<DWph=2> <it= 82> <et=1.59> <Mt= 0.01> <Spt= 0.01> <nCl= 30> <al=0.69> <DB=-72356.3047> <Mlp= 4885.4388> <PB=10000000> 
<DWph=2> <it= 83> <et=1.60> <Mt= 0.01> <Spt= 0.01> <nCl= 30> <al=0.72> <DB=-74645.9367> <Mlp= 4812.5106> <PB=10000000> 
<DWph=2> <it= 84> <et=1.62> <Mt= 0.00> <Spt= 0.01> <nCl= 30> <al=0.75> <DB=-69437.0265> <Mlp= 4751.3505> <PB=10000000> 
<DWph=2> <it= 85> <et=1.63> <Mt= 0.01> <Spt= 0.01> <nCl= 30> <al=0.77> <DB=-60610.9356> <Mlp= 4703.7909> <PB=10000000> 
<DWph=2> <it= 86> <et=1.65> <Mt= 0.00> <Spt= 0.01> <nCl= 30> <al=0.79> <DB=-53137.1176> <Mlp= 4616.0738> <PB=10000000> 
<DWph=2> <it= 87> <et=1.67> <Mt= 0.01> <Spt= 0.01> <nCl= 30> <al=0.81> <DB=-52681.6893> <Mlp= 4516.3869> <PB=10000000> 
<DWph=2> <it= 88> <et=1.68> <Mt= 0.01> <Spt= 0.01> <nCl= 30> <al=0.83> <DB=-48729.3076> <Mlp= 4449.6019> <PB=10000000> 
<DWph=2> <it= 89> <et=1.70> <Mt= 0.00> <Spt= 0.01> <nCl= 30> <al=0.85> <DB=-45544.1515> <Mlp= 4386.1795> <PB=10000000> 
<DWph=2> <it= 90> <et=1.71> <Mt= 0.01> <Spt= 0.01> <nCl= 30> <al=0.75> <DB=-45490.7073> <Mlp= 4363.9503> <PB=10000000> 
<DWph=2> <it= 91> <et=1.73> <Mt= 0.00> <Spt= 0.01> <nCl= 30> <al=0.77> <DB=-41676.6431> <Mlp= 4323.0396> <PB=10000000> 
<DWph=2> <it= 92> <et=1.75> <Mt= 0.01> <Spt= 0.01> <nCl= 30> <al=0.80> <DB=-40527.3472> <Mlp= 4231.5476> <PB=10000000> 
<DWph=2> <it= 93> <et=1.77> <Mt= 0.00> <Spt= 0.01> <nCl= 30> <al=0.82> <DB=-40448.4902> <Mlp= 4130.7502> <PB=10000000> 
<DWph=2> <it= 94> <et=1.78> <Mt= 0.01> <Spt= 0.01> <nCl= 30> <al=0.84> <DB=-34622.8490> <Mlp= 4060.7008> <PB=10000000> 
<DWph=2> <it= 95> <et=1.80> <Mt= 0.01> <Spt= 0.01> <nCl= 30> <al=0.74> <DB=-33603.1242> <Mlp= 3968.8852> <PB=10000000> 
<DWph=2> <it= 96> <et=1.82> <Mt= 0.00> <Spt= 0.01> <nCl= 30> <al=0.76> <DB=-34651.8204> <Mlp= 3905.8200> <PB=10000000> 
<DWph=2> <it= 97> <et=1.83> <Mt= 0.01> <Spt= 0.01> <nCl= 30> <al=0.79> <DB=-27310.2903> <Mlp= 3864.7995> <PB=10000000> 
<DWph=2> <it= 98> <et=1.85> <Mt= 0.01> <Spt= 0.02> <nCl= 30> <al=0.81> <DB=-24687.9397> <Mlp= 3800.1341> <PB=10000000> 
<DWph=2> <it= 99> <et=1.87> <Mt= 0.00> <Spt= 0.01> <nCl= 30> <al=0.83> <DB=-24150.6330> <Mlp= 3739.0353> <PB=10000000> 
<DWph=2> <it=100> <et=1.89> <Mt= 0.01> <Spt= 0.01> <nCl= 30> <al=0.84> <DB=-21644.8042> <Mlp= 3687.2171> <PB=10000000> 
<DWph=2> <it=101> <et=1.91> <Mt= 0.01> <Spt= 0.01> <nCl= 30> <al=0.86> <DB=-18427.9087> <Mlp= 3632.5804> <PB=10000000> 
<DWph=2> <it=102> <et=1.92> <Mt= 0.00> <Spt= 0.01> <nCl= 30> <al=0.76> <DB=-19420.7379> <Mlp= 3595.4772> <PB=10000000> 
<DWph=2> <it=103> <et=1.94> <Mt= 0.01> <Spt= 0.01> <nCl= 30> <al=0.78> <DB=-18030.9006> <Mlp= 3541.6319> <PB=10000000> 
<DWph=2> <it=104> <et=1.96> <Mt= 0.01> <Spt= 0.01> <nCl= 30> <al=0.68> <DB=-22018.8359> <Mlp= 3504.2139> <PB=10000000> 
<DWph=2> <it=105> <et=1.98> <Mt= 0.00> <Spt= 0.01> <nCl= 30> <al=0.72> <DB=-15789.3085> <Mlp= 3477.6260> <PB=10000000> 
<DWph=2> <it=106> <et=2.00> <Mt= 0.01> <Spt= 0.01> <nCl= 30> <al=0.62> <DB=-23373.8531> <Mlp= 3420.2764> <PB=10000000> 
<DWph=2> <it=107> <et=2.01> <Mt= 0.00> <Spt= 0.01> <nCl= 30> <al=0.65> <DB=-17285.8971> <Mlp= 3405.1153> <PB=10000000> 
<DWph=2> <it=108> <et=2.03> <Mt= 0.01> <Spt= 0.01> <nCl= 30> <al=0.69> <DB=-13381.3179> <Mlp= 3310.6078> <PB=10000000> 
<DWph=2> <it=109> <et=2.05> <Mt= 0.01> <Spt= 0.02> <nCl= 30> <al=0.72> <DB=-12567.8054> <Mlp= 3270.6527> <PB=10000000> 
<DWph=2> <it=110> <et=2.07> <Mt= 0.00> <Spt= 0.01> <nCl= 30> <al=0.75> <DB=-11317.4251> <Mlp= 3242.0950> <PB=10000000> 
<DWph=2> <it=111> <et=2.08> <Mt= 0.01> <Spt= 0.01> <nCl= 30> <al=0.77> <DB=-11285.2950> <Mlp= 3215.0995> <PB=10000000> 
<DWph=2> <it=112> <et=2.10> <Mt= 0.01> <Spt= 0.01> <nCl= 30> <al=0.80> <DB=-11552.6326> <Mlp= 3191.6779> <PB=10000000> 
<DWph=2> <it=113> <et=2.12> <Mt= 0.00> <Spt= 0.01> <nCl= 30> <al=0.82> <DB=-9992.4967> <Mlp= 3168.5321> <PB=10000000> 
<DWph=2> <it=114> <et=2.13> <Mt= 0.01> <Spt= 0.01> <nCl= 28> <al=0.83> <DB=-7783.3970> <Mlp= 3153.7574> <PB=10000000> 
<DWph=2> <it=115> <et=2.15> <Mt= 0.00> <Spt= 0.01> <nCl= 30> <al=0.73> <DB=-6264.8947> <Mlp= 3138.3197> <PB=10000000> 
<DWph=2> <it=116> <et=2.16> <Mt= 0.01> <Spt= 0.01> <nCl= 30> <al=0.76> <DB=-6429.5297> <Mlp= 3117.2803> <PB=10000000> 
<DWph=2> <it=117> <et=2.18> <Mt= 0.00> <Spt= 0.01> <nCl= 30> <al=0.66> <DB=-4907.0135> <Mlp= 3105.7180> <PB=10000000> 
<DWph=2> <it=118> <et=2.20> <Mt= 0.01> <Spt= 0.01> <nCl= 30> <al=0.69> <DB=-4856.1920> <Mlp= 3093.9815> <PB=10000000> 
<DWph=2> <it=119> <et=2.21> <Mt= 0.00> <Spt= 0.01> <nCl= 30> <al=0.73> <DB=-4023.1069> <Mlp= 3085.8441> <PB=10000000> 
<DWph=2> <it=120> <et=2.23> <Mt= 0.01> <Spt= 0.01> <nCl= 30> <al=0.75> <DB=-3334.2747> <Mlp= 3064.0773> <PB=10000000> 
<DWph=2> <it=121> <et=2.25> <Mt= 0.01> <Spt= 0.01> <nCl= 30> <al=0.65> <DB=-2746.7225> <Mlp= 3047.5202> <PB=10000000> 
<DWph=2> <it=122> <et=2.27> <Mt= 0.01> <Spt= 0.01> <nCl= 30> <al=0.69> <DB=-2378.1408> <Mlp= 3035.5139> <PB=10000000> 
<DWph=2> <it=123> <et=2.28> <Mt= 0.00> <Spt= 0.01> <nCl= 30> <al=0.72> <DB=-1681.3618> <Mlp= 3025.1983> <PB=10000000> 
<DWph=2> <it=124> <et=2.30> <Mt= 0.01> <Spt= 0.01> <nCl= 30> <al=0.62> <DB=-1788.6735> <Mlp= 3020.2119> <PB=10000000> 
<DWph=2> <it=125> <et=2.32> <Mt= 0.01> <Spt= 0.01> <nCl= 30> <al=0.66> <DB=-2460.0835> <Mlp= 3005.9047> <PB=10000000> 
<DWph=2> <it=126> <et=2.34> <Mt= 0.00> <Spt= 0.01> <nCl= 28> <al=0.69> <DB= -351.3185> <Mlp= 3000.2895> <PB=10000000> 
<DWph=2> <it=127> <et=2.35> <Mt= 0.01> <Spt= 0.02> <nCl= 30> <al=0.59> <DB=-2326.0862> <Mlp= 2998.8842> <PB=10000000> 
<DWph=2> <it=128> <et=2.37> <Mt= 0.00> <Spt= 0.01> <nCl= 30> <al=0.63> <DB=-1015.8650> <Mlp= 2995.1328> <PB=10000000> 
<DWph=2> <it=129> <et=2.38> <Mt= 0.01> <Spt= 0.01> <nCl= 30> <al=0.67> <DB=  311.4645> <Mlp= 2985.2386> <PB=10000000> 
<DWph=2> <it=130> <et=2.40> <Mt= 0.01> <Spt= 0.01> <nCl= 30> <al=0.70> <DB=  304.9469> <Mlp= 2978.3235> <PB=10000000> 
<DWph=2> <it=131> <et=2.42> <Mt= 0.01> <Spt= 0.01> <nCl= 30> <al=0.60> <DB= -174.6679> <Mlp= 2969.3674> <PB=10000000> 
<DWph=2> <it=132> <et=2.44> <Mt= 0.00> <Spt= 0.01> <nCl= 30> <al=0.64> <DB=  251.3586> <Mlp= 2965.6954> <PB=10000000> 
<DWph=2> <it=133> <et=2.46> <Mt= 0.01> <Spt= 0.01> <nCl= 29> <al=0.68> <DB=  329.2361> <Mlp= 2961.4150> <PB=10000000> 
<DWph=2> <it=134> <et=2.48> <Mt= 0.01> <Spt= 0.01> <nCl= 27> <al=0.71> <DB=  214.6706> <Mlp= 2948.6672> <PB=10000000> 
<DWph=2> <it=135> <et=2.51> <Mt= 0.02> <Spt= 0.01> <nCl= 29> <al=0.74> <DB=  544.1657> <Mlp= 2942.6709> <PB=10000000> 
<DWph=2> <it=136> <et=2.52> <Mt= 0.00> <Spt= 0.01> <nCl= 30> <al=0.64> <DB= -346.3954> <Mlp= 2940.5378> <PB=10000000> 
<DWph=2> <it=137> <et=2.54> <Mt= 0.01> <Spt= 0.01> <nCl= 29> <al=0.67> <DB= 1182.6320> <Mlp= 2940.4690> <PB=10000000> 
<DWph=2> <it=138> <et=2.55> <Mt= 0.00> <Spt= 0.01> <nCl= 29> <al=0.71> <DB=  773.3863> <Mlp= 2937.6941> <PB=10000000> 
<DWph=2> <it=139> <et=2.57> <Mt= 0.01> <Spt= 0.01> <nCl= 30> <al=0.74> <DB=  289.4528> <Mlp= 2936.1063> <PB=10000000> 
<DWph=2> <it=140> <et=2.58> <Mt= 0.00> <Spt= 0.01> <nCl= 20> <al=0.64> <DB= 1701.5454> <Mlp= 2935.0211> <PB=10000000> 
<DWph=2> <it=141> <et=2.60> <Mt= 0.00> <Spt= 0.01> <nCl= 30> <al=0.54> <DB=  755.8551> <Mlp= 2932.6694> <PB=10000000> 
<DWph=2> <it=142> <et=2.61> <Mt= 0.01> <Spt= 0.01> <nCl= 30> <al=0.58> <DB=  666.6594> <Mlp= 2928.6501> <PB=10000000> 
<DWph=2> <it=143> <et=2.63> <Mt= 0.00> <Spt= 0.01> <nCl= 30> <al=0.62> <DB=   83.9986> <Mlp= 2927.2243> <PB=10000000> 
<DWph=2> <it=144> <et=2.65> <Mt= 0.02> <Spt= 0.01> <nCl= 28> <al=0.66> <DB=  472.9336> <Mlp= 2918.3929> <PB=10000000> 
<DWph=2> <it=145> <et=2.67> <Mt= 0.00> <Spt= 0.01> <nCl= 30> <al=0.56> <DB=  953.4743> <Mlp= 2917.0926> <PB=10000000> 
<DWph=2> <it=146> <et=2.68> <Mt= 0.01> <Spt= 0.01> <nCl= 30> <al=0.46> <DB=  248.7294> <Mlp= 2914.8282> <PB=10000000> 
<DWph=2> <it=147> <et=2.70> <Mt= 0.00> <Spt= 0.02> <nCl= 28> <al=0.52> <DB= 1601.2657> <Mlp= 2913.6153> <PB=10000000> 
<DWph=2> <it=148> <et=2.72> <Mt= 0.01> <Spt= 0.01> <nCl= 30> <al=0.42> <DB=-2016.9954> <Mlp= 2911.2001> <PB=10000000> 
<DWph=2> <it=149> <et=2.73> <Mt= 0.00> <Spt= 0.01> <nCl= 26> <al=0.47> <DB= 1584.1245> <Mlp= 2911.2001> <PB=10000000> 
<DWph=2> <it=150> <et=2.75> <Mt= 0.01> <Spt= 0.01> <nCl= 28> <al=0.37> <DB= 1101.3366> <Mlp= 2909.4403> <PB=10000000> 
<DWph=2> <it=151> <et=2.76> <Mt= 0.00> <Spt= 0.01> <nCl= 24> <al=0.27> <DB= 2110.7718> <Mlp= 2908.6481> <PB=10000000> 
<DWph=2> <it=152> <et=2.77> <Mt= 0.00> <Spt= 0.01> <nCl= 30> <al=0.35> <DB=  414.8585> <Mlp= 2908.4303> <PB=10000000> 
<DWph=2> <it=153> <et=2.79> <Mt= 0.01> <Spt= 0.01> <nCl= 30> <al=0.41> <DB= 1659.3458> <Mlp= 2908.4303> <PB=10000000> 
<DWph=2> <it=154> <et=2.80> <Mt= 0.00> <Spt= 0.01> <nCl= 29> <al=0.47> <DB= 1108.4778> <Mlp= 2907.5115> <PB=10000000> 
<DWph=2> <it=155> <et=2.83> <Mt= 0.01> <Spt= 0.02> <nCl= 30> <al=0.52> <DB= 1815.5309> <Mlp= 2906.5119> <PB=10000000> 
<DWph=2> <it=156> <et=2.85> <Mt= 0.01> <Spt= 0.01> <nCl= 23> <al=0.57> <DB= 1860.1809> <Mlp= 2906.2617> <PB=10000000> 
<DWph=2> <it=157> <et=2.86> <Mt= 0.00> <Spt= 0.01> <nCl= 21> <al=0.47> <DB= 1967.3182> <Mlp= 2905.5664> <PB=10000000> 
<DWph=2> <it=158> <et=2.88> <Mt= 0.01> <Spt= 0.01> <nCl= 23> <al=0.37> <DB= 1667.7562> <Mlp= 2905.1842> <PB=10000000> 
<DWph=2> <it=159> <et=2.89> <Mt= 0.00> <Spt= 0.01> <nCl= 13> <al=0.43> <DB= 2378.8566> <Mlp= 2905.0463> <PB=10000000> 
<DWph=2> <it=160> <et=2.90> <Mt= 0.00> <Spt= 0.01> <nCl= 30> <al=0.33> <DB=  318.9096> <Mlp= 2904.9396> <PB=10000000> 
<DWph=2> <it=161> <et=2.92> <Mt= 0.00> <Spt= 0.01> <nCl= 20> <al=0.40> <DB= 2229.1273> <Mlp= 2904.9396> <PB=10000000> 
<DWph=2> <it=162> <et=2.93> <Mt= 0.00> <Spt= 0.01> <nCl= 13> <al=0.46> <DB= 2111.4014> <Mlp= 2904.7023> <PB=10000000> 
<DWph=2> <it=163> <et=2.94> <Mt= 0.01> <Spt= 0.01> <nCl= 14> <al=0.36> <DB= 1592.4858> <Mlp= 2904.4692> <PB=10000000> 
<DWph=2> <it=164> <et=2.96> <Mt= 0.00> <Spt= 0.01> <nCl=  5> <al=0.42> <DB= 2740.5060> <Mlp= 2903.9635> <PB=10000000> 
<DWph=2> <it=165> <et=2.97> <Mt= 0.00> <Spt= 0.01> <nCl= 30> <al=0.32> <DB=  562.9987> <Mlp= 2903.9321> <PB=10000000> 
<DWph=2> <it=166> <et=2.98> <Mt= 0.00> <Spt= 0.01> <nCl= 22> <al=0.39> <DB= 1687.8851> <Mlp= 2903.9321> <PB=10000000> 
<DWph=2> <it=167> <et=2.99> <Mt= 0.01> <Spt= 0.01> <nCl= 15> <al=0.45> <DB= 2779.1209> <Mlp= 2903.6186> <PB=10000000> 
<DWph=2> <it=168> <et=3.01> <Mt= 0.00> <Spt= 0.01> <nCl= 17> <al=0.51> <DB= 2358.3036> <Mlp= 2903.4321> <PB=10000000> 
<DWph=2> <it=169> <et=3.02> <Mt= 0.00> <Spt= 0.01> <nCl=  8> <al=0.56> <DB= 2232.1442> <Mlp= 2903.3772> <PB=10000000> 
<DWph=2> <it=170> <et=3.03> <Mt= 0.00> <Spt= 0.01> <nCl=  4> <al=0.60> <DB= 2825.7290> <Mlp= 2903.3772> <PB=10000000> 
<DWph=2> <it=171> <et=3.04> <Mt= 0.00> <Spt= 0.01> <nCl=  6> <al=0.64> <DB= 2776.6655> <Mlp= 2903.3735> <PB=10000000> 
<DWph=2> <it=172> <et=3.06> <Mt= 0.00> <Spt= 0.02> <nCl= 11> <al=0.35> <DB= 2488.7974> <Mlp= 2903.3735> <PB=10000000> 
<DWph=2> <it=173> <et=3.07> <Mt= 0.01> <Spt= 0.01> <nCl=  8> <al=0.58> <DB= 2697.1481> <Mlp= 2903.2532> <PB=10000000> 
<DWph=2> <it=174> <et=3.09> <Mt= 0.00> <Spt= 0.01> <nCl=  3> <al=0.48> <DB= 2732.8636> <Mlp= 2903.2500> <PB=10000000> 
<DWph=2> <it=175> <et=3.10> <Mt= 0.00> <Spt= 0.01> <nCl=  7> <al=0.38> <DB= 2760.5365> <Mlp= 2903.1908> <PB=10000000> 
<DWph=2> <it=176> <et=3.11> <Mt= 0.00> <Spt= 0.01> <nCl=  5> <al=0.44> <DB= 2770.9811> <Mlp= 2903.1768> <PB=10000000> 
<DWph=2> <it=177> <et=3.14> <Mt= 0.00> <Spt= 0.02> <nCl= 10> <al=0.00> <DB= 2612.0191> <Mlp= 2903.1767> <PB=10000000> 
<DWph=2> <it=178> <et=3.15> <Mt= 0.00> <Spt= 0.02> <nCl=  5> <al=0.24> <DB= 2658.7506> <Mlp= 2903.1735> <PB=10000000> 
<DWph=2> <it=179> <et=3.17> <Mt= 0.01> <Spt= 0.02> <nCl=  4> <al=0.00> <DB= 2798.9339> <Mlp= 2903.1735> <PB=10000000> 
<DWph=2> <it=180> <et=3.19> <Mt= 0.00> <Spt= 0.01> <nCl=  3> <al=0.22> <DB= 2891.5199> <Mlp= 2903.1590> <PB=10000000> 
<DWph=2> <it=181> <et=3.20> <Mt= 0.00> <Spt= 0.02> <nCl=  2> <al=0.12> <DB= 2901.8155> <Mlp= 2903.1587> <PB=10000000> 
<DWph=2> <it=182> <et=3.23> <Mt= 0.00> <Spt= 0.02> <nCl=  2> <al=0.00> <DB= 2903.1587> <Mlp= 2903.1587> <PB=10000000> 
<DWph=1> <it=183> <et=3.27> <Mt= 0.00> <Spt= 0.04> <nCl= 30> <al=0.00> <DB= 2040.3006> <Mlp= 2903.1587> <PB=10000000> 
<DWph=1> <it=184> <et=3.32> <Mt= 0.01> <Spt= 0.04> <nCl= 30> <al=0.00> <DB=-1019.6612> <Mlp= 2901.6129> <PB=10000000> 
<DWph=1> <it=185> <et=3.36> <Mt= 0.01> <Spt= 0.04> <nCl= 30> <al=0.02> <DB= 1733.0498> <Mlp= 2901.6129> <PB=10000000> 
<DWph=1> <it=186> <et=3.40> <Mt= 0.00> <Spt= 0.04> <nCl= 30> <al=0.12> <DB= 2044.2749> <Mlp= 2901.2118> <PB=10000000> 
<DWph=1> <it=187> <et=3.45> <Mt= 0.00> <Spt= 0.04> <nCl= 28> <al=0.21> <DB= 1427.7373> <Mlp= 2900.1805> <PB=10000000> 
<DWph=1> <it=188> <et=3.49> <Mt= 0.01> <Spt= 0.04> <nCl= 25> <al=0.29> <DB= 2289.3989> <Mlp= 2899.2881> <PB=10000000> 
<DWph=1> <it=189> <et=3.54> <Mt= 0.00> <Spt= 0.04> <nCl= 21> <al=0.36> <DB= 2189.9039> <Mlp= 2899.1989> <PB=10000000> 
<DWph=1> <it=190> <et=3.58> <Mt= 0.00> <Spt= 0.04> <nCl= 17> <al=0.26> <DB= 2257.8064> <Mlp= 2898.9422> <PB=10000000> 
<DWph=1> <it=191> <et=3.63> <Mt= 0.01> <Spt= 0.04> <nCl= 13> <al=0.33> <DB= 2376.7828> <Mlp= 2898.1740> <PB=10000000> 
<DWph=1> <it=192> <et=3.67> <Mt= 0.00> <Spt= 0.05> <nCl= 12> <al=0.23> <DB= 2465.5075> <Mlp= 2898.0802> <PB=10000000> 
<DWph=1> <it=193> <et=3.71> <Mt= 0.00> <Spt= 0.03> <nCl= 14> <al=0.31> <DB= 2319.1361> <Mlp= 2897.9366> <PB=10000000> 
<DWph=1> <it=194> <et=3.76> <Mt= 0.00> <Spt= 0.04> <nCl= 11> <al=0.38> <DB= 2371.6329> <Mlp= 2897.4293> <PB=10000000> 
<DWph=1> <it=195> <et=3.80> <Mt= 0.01> <Spt= 0.04> <nCl=  5> <al=0.44> <DB= 2706.6621> <Mlp= 2897.1403> <PB=10000000> 
<DWph=1> <it=196> <et=3.84> <Mt= 0.00> <Spt= 0.04> <nCl=  9> <al=0.34> <DB= 2238.4507> <Mlp= 2897.1388> <PB=10000000> 
<DWph=1> <it=197> <et=3.89> <Mt= 0.00> <Spt= 0.05> <nCl=  7> <al=0.41> <DB= 2429.6296> <Mlp= 2896.8444> <PB=10000000> 
<DWph=1> <it=198> <et=3.93> <Mt= 0.00> <Spt= 0.04> <nCl=  6> <al=0.47> <DB= 2599.6358> <Mlp= 2896.5887> <PB=10000000> 
<DWph=1> <it=199> <et=3.98> <Mt= 0.00> <Spt= 0.04> <nCl=  4> <al=0.37> <DB= 2594.6819> <Mlp= 2896.3681> <PB=10000000> 
<DWph=1> <it=200> <et=4.02> <Mt= 0.01> <Spt= 0.04> <nCl=  1> <al=0.27> <DB= 2849.3370> <Mlp= 2896.1259> <PB=10000000> 
<DWph=1> <it=201> <et=4.06> <Mt= 0.00> <Spt= 0.04> <nCl=  6> <al=0.17> <DB= 2763.1155> <Mlp= 2896.1259> <PB=10000000> 
<DWph=1> <it=202> <et=4.11> <Mt= 0.00> <Spt= 0.04> <nCl=  6> <al=0.25> <DB= 2865.6992> <Mlp= 2896.0732> <PB=10000000> 
<DWph=1> <it=203> <et=4.15> <Mt= 0.00> <Spt= 0.04> <nCl=  2> <al=0.15> <DB= 2889.7260> <Mlp= 2896.0662> <PB=10000000> 
<DWph=1> <it=204> <et=4.19> <Mt= 0.00> <Spt= 0.04> <nCl=  1> <al=0.05> <DB= 2894.5582> <Mlp= 2896.0662> <PB=10000000> 
<DWph=1> <it=205> <et=4.27> <Mt= 0.01> <Spt= 0.09> <nCl=  1> <al=0.00> <DB= 2896.0662> <Mlp= 2896.0662> <PB=10000000> 
    RCSP exact solver info for graph G_0 : TT = 0.231236, pt = 6.9e-05, dt = 0.223422, ct = 0.006846, ndl = 26135', bdl = 2279619', odl = 13058', odf = 115262', bsi = 1782', cnt = 137302', bdch = 44280748', odch = 931133', lcp = 635811', #sols = 150
<DWph=0> <it=206> <et=4.51> <Mt= 0.00> <Spt= 0.23> <nCl=150> <al=0.04> <DB= 1978.8418> <Mlp= 2896.0662> <PB=10000000> 
    RCSP exact solver info for graph G_0 : TT = 0.178441, pt = 6.3e-05, dt = 0.171665, ct = 0.005952, ndl = 23812', bdl = 2108067', odl = 12761', odf = 107541', bsi = 1764', cnt = 92102', bdch = 37097152', odch = 708506', lcp = 557431', #sols = 150
<DWph=0> <it=207> <et=4.71> <Mt= 0.01> <Spt= 0.19> <nCl=150> <al=0.00> <DB=  954.2812> <Mlp= 2891.8324> <PB=10000000> 
    RCSP exact solver info for graph G_0 : TT = 0.199873, pt = 5.6e-05, dt = 0.19265, ct = 0.00637, ndl = 25813', bdl = 2261624', odl = 13123', odf = 114387', bsi = 1806', cnt = 199659', bdch = 43461172', odch = 851215', lcp = 627266', #sols = 150
<DWph=0> <it=208> <et=4.92> <Mt= 0.00> <Spt= 0.20> <nCl=148> <al=0.05> <DB= 2068.9729> <Mlp= 2891.5910> <PB=10000000> 
    RCSP exact solver info for graph G_0 : TT = 0.200569, pt = 6.1e-05, dt = 0.192588, ct = 0.006789, ndl = 25530', bdl = 2234258', odl = 13191', odf = 113395', bsi = 1816', cnt = 196317', bdch = 42963999', odch = 822748', lcp = 609642', #sols = 150
<DWph=0> <it=209> <et=5.13> <Mt= 0.00> <Spt= 0.21> <nCl= 83> <al=0.15> <DB= 2690.4297> <Mlp= 2891.1519> <PB=10000000> 
    RCSP exact solver info for graph G_0 : TT = 0.195905, pt = 5.2e-05, dt = 0.187847, ct = 0.007169, ndl = 25740', bdl = 2240684', odl = 13047', odf = 113543', bsi = 1790', cnt = 211509', bdch = 43242481', odch = 844120', lcp = 616584', #sols = 150
<DWph=0> <it=210> <et=5.33> <Mt= 0.01> <Spt= 0.20> <nCl= 40> <al=0.23> <DB= 2700.4878> <Mlp= 2891.0548> <PB=10000000> 
    RCSP exact solver info for graph G_0 : TT = 0.198301, pt = 5.4e-05, dt = 0.190299, ct = 0.007124, ndl = 25701', bdl = 2238606', odl = 13103', odf = 113656', bsi = 1786', cnt = 209828', bdch = 43165420', odch = 847871', lcp = 619411', #sols = 150
<DWph=0> <it=211> <et=5.53> <Mt= 0.00> <Spt= 0.20> <nCl= 19> <al=0.31> <DB= 2832.4141> <Mlp= 2891.0500> <PB=10000000> 
    RCSP exact solver info for graph G_0 : TT = 0.194467, pt = 5.2e-05, dt = 0.186973, ct = 0.006607, ndl = 25625', bdl = 2236186', odl = 13005', odf = 113036', bsi = 1783', cnt = 216790', bdch = 42896426', odch = 849716', lcp = 616648', #sols = 150
    RCSP exact solver info for graph G_0 : TT = 0.196984, pt = 4.5e-05, dt = 0.189474, ct = 0.006679, ndl = 25141', bdl = 2198649', odl = 13087', odf = 111479', bsi = 1764', cnt = 201678', bdch = 41543424', odch = 818108', lcp = 597512', #sols = 150
<DWph=0> <it=212> <et=5.94> <Mt= 0.00> <Spt= 0.40> <nCl= 26> <al=0.00> <DB= 2891.0500> <Mlp= 2891.0500> <PB=10000000> 
RCSP solver dynamic params and stats :  bidir.bord. = 375 aver.obdmd = 24.5246 aver.buck.num. = 26
@@ 1 0 2891.05 0.198557 0.230268 91.779 5.94
RCSP      solver labels distribution in 1428 buckets (bucket size) : largest - 139, top 0.1% - 134, top 0.5% - 101, top 2% - 81, top 10% - 44, top 50% - 10
Reduced cost fixing for graph G_0...  TT = 0.510529, pt = 0.043264, dt = 0.466493, ct = 0, ndl = 65649', bdl = 4797768', odl = 13710', odf = 218429', lpcb = 305499', cnt = 16980960', bdch = 99222048', odch = 3110911', lcp = 1293880'
335940 buck. arcs remain (98.8% from prev., 90.7% from max.) + 0 jump buck. arcs (0% from max.)
 TT = 0.720738, pt = 0.043264, dt = 0.466493, ct = 0.210105, ndl = 65649', bdl = 4797768', odl = 13710', odf = 218429', lpcb = 305499', cnt = 17647912', bdch = 99222048', odch = 3110911', lcp = 1293880'
RCSP      solver labels distribution in 2790 buckets (bucket size) : largest - 145, top 0.1% - 138, top 0.5% - 129, top 2% - 104, top 10% - 62, top 50% - 14
Run forward enumeration with border = 375... not succeeded (ratio 0.991598) lpt = 0.012243, ndl = 10117', dl = 0', lpcb = 0', dch = 3860'
 TT = 0.016862, pt = 0.001891, dt = 0.012243, ct = 0, ndl = 10117', bdl = 0', cnt = 54295', bdch = 3860', odch = 0', lcp = 0'
Bucket graph for G_0 is regenerated as bucket steps were adjusted for 122 vertices
RCSP solver info : number of forw. reachable buckets / buck. strongly connected components is 5998( 96.3999% ) / 5898( 98.3328% )
657880 forw. buck. arcs remain (92.1865% from max.) + 0 jump buck. arcs
ColGenEvalAlg final dual bound: 2891.05 (rounded: 2892)
In total 1 RCC cut(s) are found by the connected components heuristic 
Shrinking heuristic shrunk 36 edges
In total 25 RCC cut(s) are found by the Fractional capacity min-cut heuristic 
In total 76 RCC cut(s) are found by the greedy construction heuristic 
----- Add fac. cuts : CAP(100), max.viol = 0.385112, aver.viol = 0.0965921, sep/add took 0.0395567/0.382191 sec. -----
5861 columns (5861 active), 100 dyn. constrs. (100 active), 342 art. vars. (342 active)
<DWph=2> <it=  1> <et=7.29> <Mt= 0.03> <Spt= 0.02> <nCl= 26> <al=0.50> <DB= 2420.8740> <Mlp= 2900.4643> <PB=10000000> 
<DWph=2> <it=  2> <et=7.33> <Mt= 0.02> <Spt= 0.02> <nCl= 13> <al=0.55> <DB= 2857.0539> <Mlp= 2898.2706> <PB=10000000> 
<DWph=2> <it=  3> <et=7.37> <Mt= 0.00> <Spt= 0.04> <nCl= 19> <al=0.19> <DB= 2839.2299> <Mlp= 2898.2115> <PB=10000000> 
<DWph=2> <it=  4> <et=7.40> <Mt= 0.01> <Spt= 0.02> <nCl=  8> <al=0.50> <DB= 2867.3439> <Mlp= 2898.1243> <PB=10000000> 
<DWph=2> <it=  5> <et=7.42> <Mt= 0.01> <Spt= 0.02> <nCl=  5> <al=0.55> <DB= 2699.4167> <Mlp= 2897.9299> <PB=10000000> 
<DWph=2> <it=  6> <et=7.47> <Mt= 0.01> <Spt= 0.04> <nCl= 19> <al=0.18> <DB= 2709.0216> <Mlp= 2897.7792> <PB=10000000> 
<DWph=2> <it=  7> <et=7.52> <Mt= 0.00> <Spt= 0.04> <nCl= 26> <al=0.00> <DB= 2259.2186> <Mlp= 2897.6426> <PB=10000000> 
<DWph=2> <it=  8> <et=7.55> <Mt= 0.01> <Spt= 0.02> <nCl=  8> <al=0.39> <DB= 2890.8642> <Mlp= 2897.6109> <PB=10000000> 
<DWph=2> <it=  9> <et=7.57> <Mt= 0.01> <Spt= 0.02> <nCl=  1> <al=0.45> <DB= 2897.1536> <Mlp= 2897.6109> <PB=10000000> 
<DWph=2> <it= 10> <et=7.60> <Mt= 0.00> <Spt= 0.02> <nCl=  4> <al=0.35> <DB= 2876.2190> <Mlp= 2897.6079> <PB=10000000> 
<DWph=2> <it= 11> <et=7.62> <Mt= 0.01> <Spt= 0.02> <nCl=  1> <al=0.25> <DB= 2895.1432> <Mlp= 2897.6079> <PB=10000000> 
<DWph=2> <it= 12> <et=7.66> <Mt= 0.00> <Spt= 0.03> <nCl=  9> <al=0.00> <DB= 2894.2747> <Mlp= 2897.6078> <PB=10000000> 
<DWph=2> <it= 13> <et=7.69> <Mt= 0.01> <Spt= 0.02> <nCl=  6> <al=0.05> <DB= 2855.3673> <Mlp= 2897.6076> <PB=10000000> 
<DWph=2> <it= 14> <et=7.73> <Mt= 0.00> <Spt= 0.04> <nCl=  6> <al=0.00> <DB= 2897.6026> <Mlp= 2897.6026> <PB=10000000> 
<DWph=1> <it= 15> <et=7.80> <Mt= 0.00> <Spt= 0.06> <nCl= 19> <al=0.05> <DB= 2515.3259> <Mlp= 2897.6026> <PB=10000000> 
<DWph=1> <it= 16> <et=7.86> <Mt= 0.01> <Spt= 0.06> <nCl=  6> <al=0.14> <DB= 2733.5469> <Mlp= 2897.3205> <PB=10000000> 
<DWph=1> <it= 17> <et=7.92> <Mt= 0.01> <Spt= 0.06> <nCl=  4> <al=0.04> <DB= 2854.7951> <Mlp= 2897.3087> <PB=10000000> 
<DWph=1> <it= 18> <et=7.99> <Mt= 0.00> <Spt= 0.06> <nCl=  3> <al=0.00> <DB= 2897.3078> <Mlp= 2897.3078> <PB=10000000> 
    RCSP exact solver info for graph G_0 : TT = 0.165732, pt = 9e-05, dt = 0.15806, ct = 0.006433, ndl = 23681', bdl = 2051117', odl = 21059', odf = 197608', bsi = 1533', cnt = 101744', bdch = 24525437', odch = 881214', lcp = 401555', #sols = 150
<DWph=0> <it= 19> <et=8.17> <Mt= 0.00> <Spt= 0.18> <nCl=149> <al=0.00> <DB= 1735.7410> <Mlp= 2897.3078> <PB=10000000> 
    RCSP exact solver info for graph G_0 : TT = 0.170868, pt = 0.000123, dt = 0.162512, ct = 0.007155, ndl = 23891', bdl = 2087509', odl = 20940', odf = 198474', bsi = 1785', cnt = 85474', bdch = 25027183', odch = 920875', lcp = 407440', #sols = 150
<DWph=0> <it= 20> <et=8.36> <Mt= 0.01> <Spt= 0.18> <nCl=150> <al=0.00> <DB= 1858.0804> <Mlp= 2897.0799> <PB=10000000> 
    RCSP exact solver info for graph G_0 : TT = 0.179108, pt = 0.000128, dt = 0.170383, ct = 0.007319, ndl = 24215', bdl = 2103714', odl = 20901', odf = 200039', bsi = 1590', cnt = 107167', bdch = 25396609', odch = 933488', lcp = 411272', #sols = 150
<DWph=0> <it= 21> <et=8.56> <Mt= 0.01> <Spt= 0.19> <nCl= 52> <al=0.00> <DB= 2713.1268> <Mlp= 2897.0799> <PB=10000000> 
    RCSP exact solver info for graph G_0 : TT = 0.171791, pt = 0.000132, dt = 0.163361, ct = 0.007023, ndl = 23902', bdl = 2081127', odl = 20918', odf = 196609', bsi = 1550', cnt = 105182', bdch = 24969132', odch = 894309', lcp = 402759', #sols = 150
<DWph=0> <it= 22> <et=8.75> <Mt= 0.00> <Spt= 0.18> <nCl= 28> <al=0.00> <DB= 2843.7603> <Mlp= 2897.0443> <PB=10000000> 
    RCSP exact solver info for graph G_0 : TT = 0.170833, pt = 0.000121, dt = 0.161594, ct = 0.007836, ndl = 23768', bdl = 2069666', odl = 20866', odf = 197737', bsi = 1609', cnt = 107500', bdch = 24668261', odch = 898806', lcp = 401628', #sols = 150
<DWph=0> <it= 23> <et=8.93> <Mt= 0.01> <Spt= 0.18> <nCl=  2> <al=0.00> <DB= 2897.0443> <Mlp= 2897.0443> <PB=10000000> 
RCSP solver dynamic params and stats :  bidir.bord. = 375 aver.obdmd = 49.0492 aver.buck.num. = 51
@@ 1 1 2897.04 0.170335 0.177702 92.1865 8.93
    Full reduced cost fixing is not called (gap ratio is 0.999999)
Bucket graph for G_0 is regenerated as bucket steps were adjusted for 122 vertices
RCSP solver info : number of forw. reachable buckets / buck. strongly connected components is 11851( 96.1776% ) / 11851( 100% )
1303587 forw. buck. arcs remain (92.453% from max.) + 0 jump buck. arcs
ColGenEvalAlg final dual bound: 2897.04 (rounded: 2898)
False gap improvement since the last cut separation : 0.0207342 (2891.05)
Current active cuts : CAP(12,559.604)
In total 2 RCC cut(s) are found by the connected components heuristic 
Shrinking heuristic shrunk 29 edges
In total 6 RCC cut(s) are found by the Fractional capacity min-cut heuristic 
In total 17 RCC cut(s) are found by the greedy construction heuristic 
In total 6 RCC cut(s) are found by the global pool greedy search heuristic 
----- Add fac. cuts : CAP(31), max.viol = 0.261578, aver.viol = 0.135737, sep/add took 0.0444963/0.193024 sec. -----
6425 columns (6425 active), 131 dyn. constrs. (57 active), 373 art. vars. (299 active)
<DWph=2> <it=  1> <et=9.52> <Mt= 0.04> <Spt= 0.04> <nCl= 20> <al=0.50> <DB= 2526.0253> <Mlp= 2899.6559> <PB=10000000> 
<DWph=2> <it=  2> <et=9.57> <Mt= 0.01> <Spt= 0.04> <nCl= 14> <al=0.55> <DB= 2736.4829> <Mlp= 2899.4246> <PB=10000000> 
<DWph=2> <it=  3> <et=9.65> <Mt= 0.00> <Spt= 0.08> <nCl= 14> <al=0.19> <DB= 2661.3205> <Mlp= 2899.1015> <PB=10000000> 
<DWph=2> <it=  4> <et=9.70> <Mt= 0.01> <Spt= 0.03> <nCl=  8> <al=0.50> <DB= 2891.0230> <Mlp= 2899.0508> <PB=10000000> 
<DWph=2> <it=  5> <et=9.78> <Mt= 0.01> <Spt= 0.07> <nCl= 19> <al=0.09> <DB= 2698.3443> <Mlp= 2899.0353> <PB=10000000> 
<DWph=2> <it=  6> <et=9.82> <Mt= 0.00> <Spt= 0.04> <nCl=  3> <al=0.45> <DB= 2898.7223> <Mlp= 2898.9783> <PB=10000000> 
<DWph=2> <it=  7> <et=9.86> <Mt= 0.01> <Spt= 0.04> <nCl= 10> <al=0.35> <DB= 2490.6011> <Mlp= 2898.9762> <PB=10000000> 
<DWph=2> <it=  8> <et=9.90> <Mt= 0.00> <Spt= 0.03> <nCl=  7> <al=0.41> <DB= 2810.5722> <Mlp= 2898.9614> <PB=10000000> 
<DWph=2> <it=  9> <et=9.93> <Mt= 0.01> <Spt= 0.03> <nCl=  2> <al=0.47> <DB= 2897.6024> <Mlp= 2898.9518> <PB=10000000> 
<DWph=2> <it= 10> <et=10.01> <Mt= 0.00> <Spt= 0.07> <nCl=  7> <al=0.05> <DB= 2837.3181> <Mlp= 2898.9435> <PB=10000000> 
<DWph=2> <it= 11> <et=10.08> <Mt= 0.01> <Spt= 0.07> <nCl=  2> <al=0.00> <DB= 2898.9435> <Mlp= 2898.9435> <PB=10000000> 
<DWph=1> <it= 12> <et=10.16> <Mt= 0.00> <Spt= 0.08> <nCl= 12> <al=0.32> <DB= 2795.5371> <Mlp= 2898.9435> <PB=10000000> 
<DWph=1> <it= 13> <et=10.25> <Mt= 0.00> <Spt= 0.07> <nCl=  7> <al=0.22> <DB= 2800.3685> <Mlp= 2898.8521> <PB=10000000> 
<DWph=1> <it= 14> <et=10.33> <Mt= 0.01> <Spt= 0.08> <nCl= 12> <al=0.30> <DB= 2869.2386> <Mlp= 2898.8363> <PB=10000000> 
<DWph=1> <it= 15> <et=10.41> <Mt= 0.00> <Spt= 0.08> <nCl=  5> <al=0.20> <DB= 2885.2466> <Mlp= 2898.8333> <PB=10000000> 
<DWph=1> <it= 16> <et=10.49> <Mt= 0.01> <Spt= 0.08> <nCl=  6> <al=0.28> <DB= 2877.4741> <Mlp= 2898.8315> <PB=10000000> 
<DWph=1> <it= 17> <et=10.64> <Mt= 0.00> <Spt= 0.14> <nCl=  4> <al=0.00> <DB= 2868.1403> <Mlp= 2898.8315> <PB=10000000> 
<DWph=1> <it= 18> <et=10.80> <Mt= 0.00> <Spt= 0.16> <nCl=  0> <al=0.00> <DB= 2898.8315> <Mlp= 2898.8315> <PB=10000000> 
    RCSP exact solver info for graph G_0 : TT = 0.151154, pt = 0.000197, dt = 0.14323, ct = 0.006275, ndl = 23007', bdl = 1987617', odl = 33097', odf = 403179', bsi = 1387', cnt = 67384', bdch = 15376867', odch = 1003844', lcp = 302552', #sols = 150
<DWph=0> <it= 19> <et=10.97> <Mt= 0.01> <Spt= 0.16> <nCl= 50> <al=0.15> <DB= 2623.9229> <Mlp= 2898.8315> <PB=10000000> 
    RCSP exact solver info for graph G_0 : TT = 0.148438, pt = 0.000205, dt = 0.140084, ct = 0.006614, ndl = 23258', bdl = 2008044', odl = 33282', odf = 407352', bsi = 1384', cnt = 66683', bdch = 15729613', odch = 1030239', lcp = 308480', #sols = 150
<DWph=0> <it= 20> <et=11.13> <Mt= 0.00> <Spt= 0.16> <nCl= 29> <al=0.05> <DB= 2783.4453> <Mlp= 2898.8257> <PB=10000000> 
    RCSP exact solver info for graph G_0 : TT = 0.151921, pt = 0.000201, dt = 0.143509, ct = 0.006648, ndl = 22958', bdl = 1985430', odl = 33246', odf = 405507', bsi = 1370', cnt = 66640', bdch = 15414786', odch = 1011652', lcp = 303384', #sols = 150
    RCSP exact solver info for graph G_0 : TT = 0.149296, pt = 0.000316, dt = 0.140351, ct = 0.007026, ndl = 22794', bdl = 1970951', odl = 33222', odf = 400624', bsi = 1368', cnt = 65302', bdch = 15243918', odch = 1002547', lcp = 301684', #sols = 150
<DWph=0> <it= 21> <et=11.45> <Mt= 0.01> <Spt= 0.31> <nCl= 20> <al=0.00> <DB= 2898.8256> <Mlp= 2898.8256> <PB=10000000> 
RCSP solver dynamic params and stats :  bidir.bord. = 375 aver.obdmd = 98.0984 aver.buck.num. = 101
@@ 1 2 2898.83 0.148434 0.150157 92.453 11.45
    Full reduced cost fixing is not called (gap ratio is 0.999999)
ColGenEvalAlg final dual bound: 2898.83 (rounded: 2899)
False gap improvement since the last cut separation : 0.00614872 (2897.04)
Cut generation tailing off counter increased to 1
Current active cuts : CAP(1+16,879.131)
Shrinking heuristic shrunk 29 edges
In total 2 RCC cut(s) are found by the Fractional capacity min-cut heuristic 
In total 1 RCC cut(s) are found by the greedy construction heuristic 
In total 16 RCC cut(s) are found by the global pool greedy search heuristic 
----- Add fac. cuts : CAP(19), max.viol = 0.0917178, aver.viol = 0.037487, sep/add took 0.0444955/0.0786069 sec. -----
6676 columns (6676 active), 76 dyn. constrs. (48 active), 392 art. vars. (290 active)
<DWph=2> <it=  1> <et=11.74> <Mt= 0.01> <Spt= 0.04> <nCl=  7> <al=0.50> <DB= 2844.3299> <Mlp= 2899.0746> <PB=10000000> 
<DWph=2> <it=  2> <et=11.82> <Mt= 0.00> <Spt= 0.07> <nCl=  7> <al=0.10> <DB= 2898.1742> <Mlp= 2899.0366> <PB=10000000> 
<DWph=2> <it=  3> <et=11.88> <Mt= 0.01> <Spt= 0.06> <nCl=  5> <al=0.00> <DB= 2899.0360> <Mlp= 2899.0360> <PB=10000000> 
<DWph=1> <it=  4> <et=12.05> <Mt= 0.00> <Spt= 0.16> <nCl=  5> <al=0.00> <DB= 2899.0360> <Mlp= 2899.0360> <PB=10000000> 
    RCSP exact solver info for graph G_0 : TT = 0.152648, pt = 0.000237, dt = 0.143077, ct = 0.007862, ndl = 22969', bdl = 1985875', odl = 33213', odf = 400493', bsi = 1352', cnt = 66888', bdch = 15464095', odch = 1007515', lcp = 303976', #sols = 150
<DWph=0> <it=  5> <et=12.21> <Mt= 0.00> <Spt= 0.16> <nCl= 33> <al=0.25> <DB= 2877.5621> <Mlp= 2899.0360> <PB=10000000> 
    RCSP exact solver info for graph G_0 : TT = 0.158528, pt = 0.000301, dt = 0.149178, ct = 0.007444, ndl = 23175', bdl = 2002432', odl = 33585', odf = 410798', bsi = 1378', cnt = 67921', bdch = 15717248', odch = 1030329', lcp = 309060', #sols = 150
    RCSP exact solver info for graph G_0 : TT = 0.147615, pt = 0.000278, dt = 0.139634, ct = 0.006263, ndl = 22809', bdl = 1969450', odl = 33602', odf = 408964', bsi = 1369', cnt = 67328', bdch = 15360195', odch = 1005556', lcp = 304949', #sols = 150
<DWph=0> <it=  6> <et=12.54> <Mt= 0.01> <Spt= 0.33> <nCl= 20> <al=0.00> <DB= 2899.0285> <Mlp= 2899.0285> <PB=10000000> 
RCSP solver dynamic params and stats :  bidir.bord. = 375 aver.obdmd = 98.0984 aver.buck.num. = 101
@@ 1 3 2899.03 0.151153 0.156622 92.453 12.54
    Full reduced cost fixing is not called (gap ratio is 0.999999)
ColGenEvalAlg final dual bound: 2899.03 (rounded: 2900)
False gap improvement since the last cut separation : 0.000699834 (2898.83)
Cut generation tailing off counter increased to 2
Current active cuts : CAP(1+21,924.363)
In total 1 RCC cut(s) are found by the connected components heuristic 
Shrinking heuristic shrunk 31 edges
In total 2 RCC cut(s) are found by the Fractional capacity min-cut heuristic 
In total 11 RCC cut(s) are found by the greedy construction heuristic 
In total 10 RCC cut(s) are found by the global pool greedy search heuristic 
----- Add fac. cuts : CAP(24), max.viol = 0.0929776, aver.viol = 0.071062, sep/add took 0.0413523/0.0861366 sec. -----
6753 columns (6753 active), 72 dyn. constrs. (58 active), 416 art. vars. (300 active)
<DWph=2> <it=  1> <et=12.78> <Mt= 0.01> <Spt= 0.03> <nCl=  3> <al=0.50> <DB= 2871.3189> <Mlp= 2899.0591> <PB=10000000> 
<DWph=2> <it=  2> <et=12.85> <Mt= 0.00> <Spt= 0.07> <nCl=  9> <al=0.10> <DB= 2876.4448> <Mlp= 2899.0490> <PB=10000000> 
<DWph=2> <it=  3> <et=12.92> <Mt= 0.00> <Spt= 0.06> <nCl=  4> <al=0.00> <DB= 2899.0490> <Mlp= 2899.0490> <PB=10000000> 
<DWph=1> <it=  4> <et=13.08> <Mt= 0.01> <Spt= 0.16> <nCl=  2> <al=0.00> <DB= 2899.0490> <Mlp= 2899.0490> <PB=10000000> 
    RCSP exact solver info for graph G_0 : TT = 0.160905, pt = 0.000205, dt = 0.151829, ct = 0.00708, ndl = 22896', bdl = 1980066', odl = 33115', odf = 406994', bsi = 1313', cnt = 67110', bdch = 15319730', odch = 1015911', lcp = 303568', #sols = 150
    RCSP exact solver info for graph G_0 : TT = 0.163221, pt = 0.000256, dt = 0.154277, ct = 0.007226, ndl = 22896', bdl = 1980066', odl = 33115', odf = 406994', bsi = 1313', cnt = 67110', bdch = 15319730', odch = 1015911', lcp = 303568', #sols = 150
<DWph=0> <it=  5> <et=13.42> <Mt= 0.00> <Spt= 0.34> <nCl= 12> <al=0.00> <DB= 2899.0490> <Mlp= 2899.0490> <PB=10000000> 
RCSP solver dynamic params and stats :  bidir.bord. = 375 aver.obdmd = 98.0984 aver.buck.num. = 101
@@ 1 4 2899.05 0.160206 0.161503 92.453 13.42
    Full reduced cost fixing is not called (gap ratio is 0.999999)
ColGenEvalAlg final dual bound: 2899.05 (rounded: 2900)
False gap improvement since the last cut separation : 7.0566e-05 (2899.03)
----- Cut separators priority level decreased to 1-----
Current active cuts : CAP(1+21,920.15)
In total 1 RCC cut(s) are found by the connected components heuristic 
Shrinking heuristic shrunk 30 edges
In total 1 RCC cut(s) are found by the Fractional capacity min-cut heuristic 
In total 3 RCC cut(s) are found by the global pool greedy search heuristic 
13 Rank-1 1-rows pack. cuts added ,  max viol. = 0.149307, aver. viol. = 0.0718951
150 Rank-1 3-rows pack. cuts added ,  max viol. = 0.497152, aver. viol. = 0.381361
----- Add fac. cuts : CAP(5) R1C(163), max.viol = 0.497152, aver.viol = 0.348046, sep/add took 0.0480108/0.390542 sec. -----
6783 columns (6783 active), 226 dyn. constrs. (201 active), 584 art. vars. (443 active)
<DWph=2> <it=  1> <et=14.11> <Mt= 0.14> <Spt= 0.06> <nCl= 30> <al=0.50> <DB=-10608.3693> <Mlp= 2994.7217> <PB=10000000> 
<DWph=2> <it=  2> <et=14.24> <Mt= 0.09> <Spt= 0.04> <nCl= 30> <al=0.55> <DB=-3841.0195> <Mlp= 2972.0241> <PB=10000000> 
<DWph=2> <it=  3> <et=14.35> <Mt= 0.06> <Spt= 0.05> <nCl= 30> <al=0.60> <DB= -623.0588> <Mlp= 2963.7120> <PB=10000000> 
<DWph=2> <it=  4> <et=14.43> <Mt= 0.03> <Spt= 0.05> <nCl= 30> <al=0.64> <DB= 1821.5073> <Mlp= 2959.7320> <PB=10000000> 
<DWph=2> <it=  5> <et=14.53> <Mt= 0.06> <Spt= 0.04> <nCl= 29> <al=0.67> <DB= 1600.9900> <Mlp= 2947.0578> <PB=10000000> 
<DWph=2> <it=  6> <et=14.62> <Mt= 0.04> <Spt= 0.05> <nCl= 17> <al=0.70> <DB= 2258.8433> <Mlp= 2942.9252> <PB=10000000> 
<DWph=2> <it=  7> <et=14.72> <Mt= 0.05> <Spt= 0.05> <nCl= 12> <al=0.73> <DB= 2803.3458> <Mlp= 2934.6220> <PB=10000000> 
<DWph=2> <it=  8> <et=14.79> <Mt= 0.02> <Spt= 0.04> <nCl=  7> <al=0.76> <DB= 2894.4830> <Mlp= 2933.2823> <PB=10000000> 
<DWph=2> <it=  9> <et=14.85> <Mt= 0.02> <Spt= 0.05> <nCl= 14> <al=0.78> <DB= 2818.9315> <Mlp= 2932.4241> <PB=10000000> 
<DWph=2> <it= 10> <et=14.93> <Mt= 0.03> <Spt= 0.04> <nCl=  7> <al=0.81> <DB= 2871.7505> <Mlp= 2930.8323> <PB=10000000> 
<DWph=2> <it= 11> <et=15.02> <Mt= 0.01> <Spt= 0.09> <nCl=  7> <al=0.65> <DB= 2898.7676> <Mlp= 2930.5674> <PB=10000000> 
<DWph=2> <it= 12> <et=15.08> <Mt= 0.01> <Spt= 0.05> <nCl=  4> <al=0.73> <DB= 2909.1919> <Mlp= 2930.3495> <PB=10000000> 
<DWph=2> <it= 13> <et=15.14> <Mt= 0.01> <Spt= 0.04> <nCl= 13> <al=0.75> <DB= 2463.8503> <Mlp= 2930.2731> <PB=10000000> 
<DWph=2> <it= 14> <et=15.20> <Mt= 0.02> <Spt= 0.05> <nCl=  5> <al=0.78> <DB= 2818.1316> <Mlp= 2929.9278> <PB=10000000> 
<DWph=2> <it= 15> <et=15.32> <Mt= 0.02> <Spt= 0.09> <nCl= 14> <al=0.60> <DB= 2549.6526> <Mlp= 2929.5059> <PB=10000000> 
<DWph=2> <it= 16> <et=15.38> <Mt= 0.01> <Spt= 0.05> <nCl=  9> <al=0.70> <DB= 2699.9238> <Mlp= 2928.9666> <PB=10000000> 
<DWph=2> <it= 17> <et=15.44> <Mt= 0.02> <Spt= 0.04> <nCl=  4> <al=0.73> <DB= 2679.3458> <Mlp= 2928.1615> <PB=10000000> 
<DWph=2> <it= 18> <et=15.50> <Mt= 0.02> <Spt= 0.05> <nCl=  2> <al=0.76> <DB= 2918.2207> <Mlp= 2927.6318> <PB=10000000> 
<DWph=2> <it= 19> <et=15.55> <Mt= 0.00> <Spt= 0.04> <nCl= 20> <al=0.66> <DB= 2469.9431> <Mlp= 2927.6193> <PB=10000000> 
<DWph=2> <it= 20> <et=15.62> <Mt= 0.02> <Spt= 0.05> <nCl=  9> <al=0.69> <DB= 2637.6407> <Mlp= 2926.9320> <PB=10000000> 
<DWph=2> <it= 21> <et=15.68> <Mt= 0.01> <Spt= 0.05> <nCl=  2> <al=0.72> <DB= 2920.5069> <Mlp= 2926.4497> <PB=10000000> 
<DWph=2> <it= 22> <et=15.74> <Mt= 0.01> <Spt= 0.05> <nCl= 24> <al=0.62> <DB= 2635.4066> <Mlp= 2926.3679> <PB=10000000> 
<DWph=2> <it= 23> <et=15.80> <Mt= 0.02> <Spt= 0.05> <nCl=  7> <al=0.66> <DB= 2807.3986> <Mlp= 2926.0456> <PB=10000000> 
<DWph=2> <it= 24> <et=15.86> <Mt= 0.01> <Spt= 0.04> <nCl=  5> <al=0.56> <DB= 2896.1096> <Mlp= 2925.8959> <PB=10000000> 
<DWph=2> <it= 25> <et=15.92> <Mt= 0.01> <Spt= 0.05> <nCl=  3> <al=0.46> <DB= 2851.4961> <Mlp= 2925.7836> <PB=10000000> 
<DWph=2> <it= 26> <et=15.97> <Mt= 0.00> <Spt= 0.04> <nCl=  5> <al=0.51> <DB= 2791.4679> <Mlp= 2925.7420> <PB=10000000> 
<DWph=2> <it= 27> <et=16.02> <Mt= 0.01> <Spt= 0.05> <nCl=  4> <al=0.56> <DB= 2519.8936> <Mlp= 2925.7281> <PB=10000000> 
<DWph=2> <it= 28> <et=16.12> <Mt= 0.01> <Spt= 0.09> <nCl= 13> <al=0.21> <DB= 2791.2597> <Mlp= 2925.7270> <PB=10000000> 
<DWph=2> <it= 29> <et=16.17> <Mt= 0.00> <Spt= 0.04> <nCl=  4> <al=0.51> <DB= 2827.4961> <Mlp= 2925.7270> <PB=10000000> 
<DWph=2> <it= 30> <et=16.22> <Mt= 0.01> <Spt= 0.05> <nCl=  7> <al=0.56> <DB= 2865.6263> <Mlp= 2925.7252> <PB=10000000> 
<DWph=2> <it= 31> <et=16.28> <Mt= 0.01> <Spt= 0.05> <nCl=  2> <al=0.60> <DB= 2621.8854> <Mlp= 2925.6665> <PB=10000000> 
<DWph=2> <it= 32> <et=16.34> <Mt= 0.01> <Spt= 0.05> <nCl=  2> <al=0.64> <DB= 2841.6607> <Mlp= 2925.4178> <PB=10000000> 
<DWph=2> <it= 33> <et=16.40> <Mt= 0.00> <Spt= 0.05> <nCl=  3> <al=0.68> <DB= 2885.5881> <Mlp= 2925.3394> <PB=10000000> 
<DWph=2> <it= 34> <et=16.45> <Mt= 0.01> <Spt= 0.04> <nCl=  3> <al=0.58> <DB= 2907.0340> <Mlp= 2925.3211> <PB=10000000> 
<DWph=2> <it= 35> <et=16.50> <Mt= 0.00> <Spt= 0.05> <nCl=  4> <al=0.48> <DB= 2877.8104> <Mlp= 2925.3211> <PB=10000000> 
<DWph=2> <it= 36> <et=16.54> <Mt= 0.01> <Spt= 0.04> <nCl=  1> <al=0.53> <DB= 2908.5452> <Mlp= 2925.3211> <PB=10000000> 
<DWph=2> <it= 37> <et=16.63> <Mt= 0.00> <Spt= 0.09> <nCl= 16> <al=0.00> <DB= 2810.9299> <Mlp= 2925.3211> <PB=10000000> 
<DWph=2> <it= 38> <et=16.69> <Mt= 0.01> <Spt= 0.04> <nCl=  1> <al=0.33> <DB= 2733.2306> <Mlp= 2925.2606> <PB=10000000> 
<DWph=2> <it= 39> <et=16.73> <Mt= 0.00> <Spt= 0.04> <nCl=  1> <al=0.40> <DB= 2876.4205> <Mlp= 2925.2606> <PB=10000000> 
<DWph=2> <it= 40> <et=16.78> <Mt= 0.01> <Spt= 0.05> <nCl=  3> <al=0.46> <DB= 2910.7994> <Mlp= 2925.2395> <PB=10000000> 
<DWph=2> <it= 41> <et=16.87> <Mt= 0.00> <Spt= 0.09> <nCl= 12> <al=0.00> <DB= 2604.1125> <Mlp= 2925.2375> <PB=10000000> 
<DWph=2> <it= 42> <et=16.96> <Mt= 0.01> <Spt= 0.08> <nCl=  6> <al=0.00> <DB= 2911.5439> <Mlp= 2925.2344> <PB=10000000> 
<DWph=2> <it= 43> <et=17.05> <Mt= 0.00> <Spt= 0.08> <nCl=  2> <al=0.00> <DB= 2925.2344> <Mlp= 2925.2344> <PB=10000000> 
<DWph=1> <it= 44> <et=17.15> <Mt= 0.00> <Spt= 0.10> <nCl= 12> <al=0.06> <DB= 2547.7545> <Mlp= 2925.2344> <PB=10000000> 
<DWph=1> <it= 45> <et=17.27> <Mt= 0.01> <Spt= 0.11> <nCl= 16> <al=0.00> <DB= 2457.2826> <Mlp= 2925.0746> <PB=10000000> 
<DWph=1> <it= 46> <et=17.39> <Mt= 0.02> <Spt= 0.10> <nCl= 30> <al=0.06> <DB= -318.6259> <Mlp= 2924.8305> <PB=10000000> 
<DWph=1> <it= 47> <et=17.50> <Mt= 0.00> <Spt= 0.11> <nCl= 20> <al=0.15> <DB= 2275.9203> <Mlp= 2924.8305> <PB=10000000> 
<DWph=1> <it= 48> <et=17.64> <Mt= 0.03> <Spt= 0.11> <nCl= 30> <al=0.24> <DB= 1370.7703> <Mlp= 2924.1670> <PB=10000000> 
<DWph=1> <it= 49> <et=17.76> <Mt= 0.00> <Spt= 0.12> <nCl= 13> <al=0.32> <DB= 2693.4989> <Mlp= 2924.1670> <PB=10000000> 
<DWph=1> <it= 50> <et=17.88> <Mt= 0.01> <Spt= 0.11> <nCl= 19> <al=0.38> <DB= 2386.5509> <Mlp= 2924.1237> <PB=10000000> 
<DWph=1> <it= 51> <et=17.99> <Mt= 0.01> <Spt= 0.10> <nCl=  3> <al=0.45> <DB= 2704.5621> <Mlp= 2924.1232> <PB=10000000> 
<DWph=1> <it= 52> <et=18.10> <Mt= 0.00> <Spt= 0.11> <nCl=  7> <al=0.50> <DB= 2605.3716> <Mlp= 2924.1202> <PB=10000000> 
<DWph=1> <it= 53> <et=18.22> <Mt= 0.01> <Spt= 0.10> <nCl= 10> <al=0.40> <DB= 2744.5091> <Mlp= 2923.9429> <PB=10000000> 
<DWph=1> <it= 54> <et=18.32> <Mt= 0.01> <Spt= 0.10> <nCl=  7> <al=0.46> <DB= 2841.2514> <Mlp= 2923.8681> <PB=10000000> 
<DWph=1> <it= 55> <et=18.53> <Mt= 0.01> <Spt= 0.20> <nCl=  5> <al=0.00> <DB= 2919.9072> <Mlp= 2923.8620> <PB=10000000> 
<DWph=1> <it= 56> <et=18.74> <Mt= 0.00> <Spt= 0.20> <nCl=  2> <al=0.00> <DB= 2923.8620> <Mlp= 2923.8620> <PB=10000000> 
    RCSP exact solver info for graph G_0 : TT = 0.299409, pt = 0.000681, dt = 0.283875, ct = 0.013634, ndl = 31999', bdl = 2702972', odl = 38594', odf = 535796', bsi = 1495', cnt = 225009', bdch = 26498379', odch = 2103226', lcp = 550882', #sols = 150
<DWph=0> <it= 57> <et=19.07> <Mt= 0.00> <Spt= 0.33> <nCl=150> <al=0.16> <DB= 2210.1102> <Mlp= 2923.8620> <PB=10000000> 
    RCSP exact solver info for graph G_0 : TT = 0.216524, pt = 0.000794, dt = 0.200924, ct = 0.013342, ndl = 31703', bdl = 2684353', odl = 38765', odf = 541499', bsi = 1393', cnt = 197863', bdch = 26499523', odch = 2015441', lcp = 542104', #sols = 150
<DWph=0> <it= 58> <et=19.32> <Mt= 0.02> <Spt= 0.24> <nCl=124> <al=0.06> <DB= 2705.4004> <Mlp= 2923.4501> <PB=10000000> 
    RCSP exact solver info for graph G_0 : TT = 0.213397, pt = 0.000829, dt = 0.198504, ct = 0.012614, ndl = 30587', bdl = 2580919', odl = 38328', odf = 527969', bsi = 1364', cnt = 186063', bdch = 24949711', odch = 1887880', lcp = 514387', #sols = 150
<DWph=0> <it= 59> <et=19.55> <Mt= 0.01> <Spt= 0.22> <nCl= 32> <al=0.15> <DB= 2889.7124> <Mlp= 2923.4075> <PB=10000000> 
    RCSP exact solver info for graph G_0 : TT = 0.209501, pt = 0.000847, dt = 0.195401, ct = 0.011892, ndl = 30200', bdl = 2550772', odl = 38388', odf = 520791', bsi = 1370', cnt = 176905', bdch = 24491211', odch = 1829493', lcp = 506752', #sols = 150
<DWph=0> <it= 60> <et=19.78> <Mt= 0.00> <Spt= 0.22> <nCl= 22> <al=0.05> <DB= 2903.5573> <Mlp= 2923.4049> <PB=10000000> 
    RCSP exact solver info for graph G_0 : TT = 1.57913, pt = 0.000851, dt = 1.564, ct = 0.012931, ndl = 30464', bdl = 2569160', odl = 38449', odf = 524033', bsi = 1359', cnt = 180343', bdch = 24802165', odch = 1857357', lcp = 512884', #sols = 150
<DWph=0> <it= 61> <et=20.00> <Mt= 0.01> <Spt= 0.22> <nCl=  8> <al=0.15> <DB= 2920.4455> <Mlp= 2923.4049> <PB=10000000> 
    RCSP exact solver info for graph G_0 : TT = 0.229124, pt = 0.001125, dt = 0.21205, ct = 0.014352, ndl = 32700', bdl = 2769046', odl = 40496', odf = 548899', bsi = 1347', cnt = 191480', bdch = 28638428', odch = 1996661', lcp = 549967', #sols = 150
    RCSP exact solver info for graph G_0 : TT = 0.210754, pt = 0.000725, dt = 0.195415, ct = 0.013083, ndl = 30018', bdl = 2542096', odl = 38469', odf = 523518', bsi = 1405', cnt = 177545', bdch = 24259883', odch = 1827145', lcp = 505754', #sols = 150
<DWph=0> <it= 62> <et=20.47> <Mt= 0.00> <Spt= 0.46> <nCl= 59> <al=0.00> <DB= 2923.4049> <Mlp= 2923.4049> <PB=10000000> 
RCSP solver dynamic params and stats :  bidir.bord. = 375 aver.obdmd = 98.0984 aver.buck.num. = 101 nbR1C = 20 with avMem = 9.85
@@ 1 5 2923.4 0.420288 1.57693 92.453 20.47
    Full reduced cost fixing is not called (gap ratio is 0.999997)
ColGenEvalAlg final dual bound: 2923.4 (rounded: 2924)
False gap improvement since the last cut separation : 0.0840134 (2899.05)
Current active cuts : CAP(1+17,815.977) R1C(2+18,112.095) 1rowPackR1C(2) 3rowPackR1C(18)
In total 1 RCC cut(s) are found by the connected components heuristic 
Shrinking heuristic shrunk 31 edges
In total 5 RCC cut(s) are found by the Fractional capacity min-cut heuristic 
In total 14 RCC cut(s) are found by the greedy construction heuristic 
In total 30 RCC cut(s) are found by the global pool greedy search heuristic 
26 Rank-1 1-rows pack. cuts added ,  max viol. = 0.271318, aver. viol. = 0.102095
150 Rank-1 3-rows pack. cuts added ,  max viol. = 0.362538, aver. viol. = 0.240358
----- Add fac. cuts : CAP(50) R1C(176), max.viol = 0.362538, aver.viol = 0.188893, sep/add took 0.0472605/0.727129 sec. -----
7775 columns (7775 active), 427 dyn. constrs. (272 active), 810 art. vars. (514 active)
<DWph=2> <it=  1> <et=21.50> <Mt= 0.15> <Spt= 0.06> <nCl= 30> <al=0.50> <DB= 1889.2884> <Mlp= 2935.4913> <PB=10000000> 
<DWph=2> <it=  2> <et=21.65> <Mt= 0.09> <Spt= 0.07> <nCl= 27> <al=0.55> <DB= 2482.1699> <Mlp= 2934.2325> <PB=10000000> 
<DWph=2> <it=  3> <et=21.73> <Mt= 0.02> <Spt= 0.06> <nCl= 13> <al=0.60> <DB= 2517.0420> <Mlp= 2934.0271> <PB=10000000> 
<DWph=2> <it=  4> <et=21.82> <Mt= 0.03> <Spt= 0.05> <nCl= 12> <al=0.64> <DB= 2868.9897> <Mlp= 2932.8172> <PB=10000000> 
<DWph=2> <it=  5> <et=21.89> <Mt= 0.02> <Spt= 0.06> <nCl=  4> <al=0.67> <DB= 2921.8748> <Mlp= 2932.5966> <PB=10000000> 
<DWph=2> <it=  6> <et=22.02> <Mt= 0.01> <Spt= 0.11> <nCl= 17> <al=0.41> <DB= 2464.0107> <Mlp= 2932.4756> <PB=10000000> 
<DWph=2> <it=  7> <et=22.10> <Mt= 0.03> <Spt= 0.06> <nCl=  8> <al=0.60> <DB= 2725.2495> <Mlp= 2931.5560> <PB=10000000> 
<DWph=2> <it=  8> <et=22.24> <Mt= 0.01> <Spt= 0.12> <nCl= 14> <al=0.29> <DB= 2722.3324> <Mlp= 2931.3906> <PB=10000000> 
<DWph=2> <it=  9> <et=22.31> <Mt= 0.02> <Spt= 0.05> <nCl=  3> <al=0.54> <DB= 2899.6056> <Mlp= 2931.3317> <PB=10000000> 
<DWph=2> <it= 10> <et=22.37> <Mt= 0.01> <Spt= 0.06> <nCl=  1> <al=0.59> <DB= 2924.2955> <Mlp= 2931.2908> <PB=10000000> 
<DWph=2> <it= 11> <et=22.44> <Mt= 0.00> <Spt= 0.06> <nCl=  2> <al=0.63> <DB= 2928.0053> <Mlp= 2931.2908> <PB=10000000> 
<DWph=2> <it= 12> <et=22.51> <Mt= 0.01> <Spt= 0.06> <nCl= 11> <al=0.53> <DB= 2677.8010> <Mlp= 2931.2770> <PB=10000000> 
<DWph=2> <it= 13> <et=22.58> <Mt= 0.01> <Spt= 0.05> <nCl=  3> <al=0.58> <DB= 2874.7432> <Mlp= 2931.2318> <PB=10000000> 
<DWph=2> <it= 14> <et=22.70> <Mt= 0.01> <Spt= 0.12> <nCl= 13> <al=0.24> <DB= 2615.2765> <Mlp= 2931.2318> <PB=10000000> 
<DWph=2> <it= 15> <et=22.78> <Mt= 0.01> <Spt= 0.07> <nCl=  6> <al=0.52> <DB= 2758.8739> <Mlp= 2931.2131> <PB=10000000> 
<DWph=2> <it= 16> <et=22.85> <Mt= 0.01> <Spt= 0.05> <nCl=  2> <al=0.57> <DB= 2910.6776> <Mlp= 2931.1712> <PB=10000000> 
<DWph=2> <it= 17> <et=22.91> <Mt= 0.01> <Spt= 0.06> <nCl=  1> <al=0.47> <DB= 2914.2855> <Mlp= 2931.1711> <PB=10000000> 
<DWph=2> <it= 18> <et=22.98> <Mt= 0.00> <Spt= 0.06> <nCl= 10> <al=0.37> <DB= 2899.8578> <Mlp= 2931.1711> <PB=10000000> 
<DWph=2> <it= 19> <et=23.05> <Mt= 0.01> <Spt= 0.06> <nCl=  2> <al=0.43> <DB= 2900.1772> <Mlp= 2931.1673> <PB=10000000> 
<DWph=2> <it= 20> <et=23.17> <Mt= 0.01> <Spt= 0.11> <nCl= 14> <al=0.00> <DB= 2356.4283> <Mlp= 2931.1673> <PB=10000000> 
<DWph=2> <it= 21> <et=23.27> <Mt= 0.03> <Spt= 0.07> <nCl= 12> <al=0.39> <DB= 2851.1410> <Mlp= 2930.6451> <PB=10000000> 
<DWph=2> <it= 22> <et=23.34> <Mt= 0.01> <Spt= 0.06> <nCl=  1> <al=0.45> <DB= 2805.7925> <Mlp= 2930.6444> <PB=10000000> 
<DWph=2> <it= 23> <et=23.40> <Mt= 0.01> <Spt= 0.05> <nCl=  2> <al=0.50> <DB= 2929.9318> <Mlp= 2930.6444> <PB=10000000> 
<DWph=2> <it= 24> <et=23.47> <Mt= 0.01> <Spt= 0.06> <nCl= 14> <al=0.40> <DB= 2347.1164> <Mlp= 2930.6421> <PB=10000000> 
<DWph=2> <it= 25> <et=23.55> <Mt= 0.01> <Spt= 0.07> <nCl= 10> <al=0.46> <DB= 2657.8668> <Mlp= 2930.5377> <PB=10000000> 
<DWph=2> <it= 26> <et=23.62> <Mt= 0.02> <Spt= 0.05> <nCl=  1> <al=0.52> <DB= 2841.7172> <Mlp= 2930.5083> <PB=10000000> 
<DWph=2> <it= 27> <et=23.75> <Mt= 0.00> <Spt= 0.12> <nCl= 12> <al=0.13> <DB= 2611.3351> <Mlp= 2930.5083> <PB=10000000> 
<DWph=2> <it= 28> <et=23.82> <Mt= 0.01> <Spt= 0.06> <nCl=  2> <al=0.47> <DB= 2743.7773> <Mlp= 2930.5078> <PB=10000000> 
<DWph=2> <it= 29> <et=23.95> <Mt= 0.01> <Spt= 0.12> <nCl=  4> <al=0.04> <DB= 2899.8217> <Mlp= 2930.5076> <PB=10000000> 
<DWph=2> <it= 30> <et=24.07> <Mt= 0.01> <Spt= 0.12> <nCl=  7> <al=0.00> <DB= 2898.7275> <Mlp= 2930.5076> <PB=10000000> 
<DWph=2> <it= 31> <et=24.18> <Mt= 0.00> <Spt= 0.10> <nCl=  2> <al=0.00> <DB= 2915.0337> <Mlp= 2930.5068> <PB=10000000> 
<DWph=2> <it= 32> <et=24.29> <Mt= 0.01> <Spt= 0.10> <nCl=  0> <al=0.00> <DB= 2930.5068> <Mlp= 2930.5068> <PB=10000000> 
<DWph=1> <it= 33> <et=24.41> <Mt= 0.00> <Spt= 0.12> <nCl= 15> <al=0.12> <DB= 2682.7374> <Mlp= 2930.5068> <PB=10000000> 
<DWph=1> <it= 34> <et=24.55> <Mt= 0.02> <Spt= 0.13> <nCl= 16> <al=0.02> <DB= 2653.4064> <Mlp= 2930.4050> <PB=10000000> 
<DWph=1> <it= 35> <et=24.69> <Mt= 0.01> <Spt= 0.12> <nCl= 13> <al=0.00> <DB= 2703.1552> <Mlp= 2930.3564> <PB=10000000> 
<DWph=1> <it= 36> <et=24.83> <Mt= 0.01> <Spt= 0.13> <nCl=  9> <al=0.00> <DB= 2585.9510> <Mlp= 2930.3529> <PB=10000000> 
<DWph=1> <it= 37> <et=24.96> <Mt= 0.01> <Spt= 0.13> <nCl=  2> <al=0.00> <DB= 2810.3525> <Mlp= 2930.3525> <PB=10000000> 
<DWph=1> <it= 38> <et=25.10> <Mt= 0.01> <Spt= 0.12> <nCl=  3> <al=0.00> <DB= 2881.4336> <Mlp= 2930.1995> <PB=10000000> 
<DWph=1> <it= 39> <et=25.22> <Mt= 0.00> <Spt= 0.12> <nCl=  3> <al=0.00> <DB= 2901.6014> <Mlp= 2930.1985> <PB=10000000> 
<DWph=1> <it= 40> <et=25.48> <Mt= 0.01> <Spt= 0.25> <nCl=  0> <al=0.00> <DB= 2930.1985> <Mlp= 2930.1985> <PB=10000000> 
    RCSP exact solver info for graph G_0 : TT = 0.342682, pt = 0.001239, dt = 0.320206, ct = 0.019762, ndl = 39692', bdl = 3330581', odl = 42071', odf = 648948', bsi = 1516', cnt = 441771', bdch = 38297366', odch = 3280203', lcp = 778479', #sols = 150
<DWph=0> <it= 41> <et=25.89> <Mt= 0.01> <Spt= 0.40> <nCl=150> <al=0.00> <DB= 2115.5955> <Mlp= 2930.1985> <PB=10000000> 
    RCSP exact solver info for graph G_0 : TT = 0.301066, pt = 0.00153, dt = 0.280692, ct = 0.017546, ndl = 39277', bdl = 3312120', odl = 42038', odf = 627991', bsi = 1632', cnt = 437489', bdch = 37860044', odch = 3225635', lcp = 773326', #sols = 150
<DWph=0> <it= 42> <et=26.29> <Mt= 0.07> <Spt= 0.33> <nCl=150> <al=0.00> <DB= 2101.4848> <Mlp= 2929.7619> <PB=10000000> 
    RCSP exact solver info for graph G_0 : TT = 0.306702, pt = 0.00137, dt = 0.286256, ct = 0.017707, ndl = 39650', bdl = 3326467', odl = 41997', odf = 639281', bsi = 1527', cnt = 430982', bdch = 38187020', odch = 3305086', lcp = 783340', #sols = 150
<DWph=0> <it= 43> <et=26.63> <Mt= 0.01> <Spt= 0.33> <nCl= 86> <al=0.07> <DB= 2835.5512> <Mlp= 2929.7599> <PB=10000000> 
    RCSP exact solver info for graph G_0 : TT = 0.28392, pt = 0.001283, dt = 0.263135, ct = 0.018056, ndl = 37903', bdl = 3193654', odl = 41825', odf = 616204', bsi = 1577', cnt = 368680', bdch = 35680710', odch = 2884481', lcp = 703335', #sols = 150
<DWph=0> <it= 44> <et=26.95> <Mt= 0.02> <Spt= 0.30> <nCl= 56> <al=0.00> <DB= 2809.6956> <Mlp= 2929.6956> <PB=10000000> 
    RCSP exact solver info for graph G_0 : TT = 0.306624, pt = 0.00147, dt = 0.286938, ct = 0.016813, ndl = 39137', bdl = 3288396', odl = 41988', odf = 634903', bsi = 1560', cnt = 405454', bdch = 37665439', odch = 3096371', lcp = 738204', #sols = 150
    RCSP exact solver info for graph G_0 : TT = 0.280573, pt = 0.001315, dt = 0.260597, ct = 0.017137, ndl = 38364', bdl = 3228045', odl = 41869', odf = 624096', bsi = 1577', cnt = 384420', bdch = 36339234', odch = 2967254', lcp = 719125', #sols = 150
<DWph=0> <it= 45> <et=27.56> <Mt= 0.01> <Spt= 0.61> <nCl= 39> <al=0.00> <DB= 2929.6956> <Mlp= 2929.6956> <PB=10000000> 
RCSP solver dynamic params and stats :  bidir.bord. = 375 aver.obdmd = 98.0984 aver.buck.num. = 101 nbR1C = 51 with avMem = 10.2353
@@ 1 6 2929.7 0.300807 0.339968 92.453 27.56
    Full reduced cost fixing is not called (gap ratio is 0.999996)
ColGenEvalAlg final dual bound: 2929.7 (rounded: 2930)
False gap improvement since the last cut separation : 0.0215185 (2923.4)
Current active cuts : CAP(1+13,592.612) R1C(9+42,165.528) 1rowPackR1C(9) 3rowPackR1C(42)
Shrinking heuristic shrunk 29 edges
In total 1 RCC cut(s) are found by the Fractional capacity min-cut heuristic 
In total 2 RCC cut(s) are found by the global pool greedy search heuristic 
5 Rank-1 1-rows pack. cuts added ,  max viol. = 0.306182, aver. viol. = 0.16751
150 Rank-1 3-rows pack. cuts added ,  max viol. = 0.294763, aver. viol. = 0.202064
----- Add fac. cuts : CAP(3) R1C(155), max.viol = 0.351516, aver.viol = 0.199229, sep/add took 0.0486854/0.385184 sec. -----
8577 columns (8577 active), 439 dyn. constrs. (232 active), 968 art. vars. (474 active)
<DWph=2> <it=  1> <et=28.27> <Mt= 0.15> <Spt= 0.07> <nCl= 19> <al=0.50> <DB= 2425.8450> <Mlp= 2941.0328> <PB=10000000> 
<DWph=2> <it=  2> <et=28.39> <Mt= 0.05> <Spt= 0.06> <nCl=  7> <al=0.55> <DB= 2842.0896> <Mlp= 2939.7011> <PB=10000000> 
<DWph=2> <it=  3> <et=28.47> <Mt= 0.01> <Spt= 0.07> <nCl=  6> <al=0.60> <DB= 2815.2780> <Mlp= 2939.5986> <PB=10000000> 
<DWph=2> <it=  4> <et=28.55> <Mt= 0.01> <Spt= 0.06> <nCl=  6> <al=0.64> <DB= 2892.3628> <Mlp= 2939.4635> <PB=10000000> 
<DWph=2> <it=  5> <et=28.63> <Mt= 0.02> <Spt= 0.07> <nCl=  2> <al=0.67> <DB= 2932.8102> <Mlp= 2939.1898> <PB=10000000> 
<DWph=2> <it=  6> <et=28.70> <Mt= 0.01> <Spt= 0.06> <nCl=  5> <al=0.57> <DB= 2911.7680> <Mlp= 2939.1131> <PB=10000000> 
<DWph=2> <it=  7> <et=28.78> <Mt= 0.01> <Spt= 0.07> <nCl=  5> <al=0.61> <DB= 2793.9807> <Mlp= 2939.0052> <PB=10000000> 
<DWph=2> <it=  8> <et=28.87> <Mt= 0.02> <Spt= 0.07> <nCl=  3> <al=0.65> <DB= 2934.9193> <Mlp= 2938.8933> <PB=10000000> 
<DWph=2> <it=  9> <et=28.94> <Mt= 0.01> <Spt= 0.06> <nCl= 10> <al=0.55> <DB= 2761.2756> <Mlp= 2938.8926> <PB=10000000> 
<DWph=2> <it= 10> <et=29.02> <Mt= 0.01> <Spt= 0.07> <nCl= 10> <al=0.60> <DB= 2908.6265> <Mlp= 2938.7339> <PB=10000000> 
<DWph=2> <it= 11> <et=29.10> <Mt= 0.01> <Spt= 0.06> <nCl=  4> <al=0.64> <DB= 2936.2881> <Mlp= 2938.7020> <PB=10000000> 
<DWph=2> <it= 12> <et=29.17> <Mt= 0.01> <Spt= 0.07> <nCl=  8> <al=0.54> <DB= 2721.1353> <Mlp= 2938.7005> <PB=10000000> 
<DWph=2> <it= 13> <et=29.26> <Mt= 0.01> <Spt= 0.07> <nCl=  4> <al=0.58> <DB= 2890.8077> <Mlp= 2938.6238> <PB=10000000> 
<DWph=2> <it= 14> <et=29.34> <Mt= 0.01> <Spt= 0.08> <nCl=  5> <al=0.48> <DB= 2869.7674> <Mlp= 2938.6066> <PB=10000000> 
<DWph=2> <it= 15> <et=29.43> <Mt= 0.01> <Spt= 0.07> <nCl=  3> <al=0.54> <DB= 2894.7562> <Mlp= 2938.5919> <PB=10000000> 
<DWph=2> <it= 16> <et=29.50> <Mt= 0.01> <Spt= 0.07> <nCl=  3> <al=0.44> <DB= 2937.5858> <Mlp= 2938.5886> <PB=10000000> 
<DWph=2> <it= 17> <et=29.58> <Mt= 0.00> <Spt= 0.07> <nCl=  7> <al=0.34> <DB= 2727.4667> <Mlp= 2938.5886> <PB=10000000> 
<DWph=2> <it= 18> <et=29.66> <Mt= 0.01> <Spt= 0.06> <nCl=  8> <al=0.40> <DB= 2790.7964> <Mlp= 2938.5448> <PB=10000000> 
<DWph=2> <it= 19> <et=29.73> <Mt= 0.01> <Spt= 0.07> <nCl=  1> <al=0.46> <DB= 2932.6640> <Mlp= 2938.5383> <PB=10000000> 
<DWph=2> <it= 20> <et=29.86> <Mt= 0.01> <Spt= 0.13> <nCl=  9> <al=0.00> <DB= 2692.9427> <Mlp= 2938.5383> <PB=10000000> 
<DWph=2> <it= 21> <et=29.94> <Mt= 0.01> <Spt= 0.06> <nCl=  3> <al=0.26> <DB= 2913.5877> <Mlp= 2938.5047> <PB=10000000> 
<DWph=2> <it= 22> <et=30.01> <Mt= 0.01> <Spt= 0.07> <nCl=  2> <al=0.16> <DB= 2750.1232> <Mlp= 2938.5017> <PB=10000000> 
<DWph=2> <it= 23> <et=30.09> <Mt= 0.01> <Spt= 0.06> <nCl=  1> <al=0.25> <DB= 2913.2853> <Mlp= 2938.3980> <PB=10000000> 
<DWph=2> <it= 24> <et=30.23> <Mt= 0.01> <Spt= 0.14> <nCl=  6> <al=0.00> <DB= 2751.4710> <Mlp= 2938.3968> <PB=10000000> 
<DWph=2> <it= 25> <et=30.36> <Mt= 0.00> <Spt= 0.12> <nCl=  8> <al=0.00> <DB= 2814.1034> <Mlp= 2938.3962> <PB=10000000> 
<DWph=2> <it= 26> <et=30.51> <Mt= 0.01> <Spt= 0.14> <nCl=  4> <al=0.00> <DB= 2818.3880> <Mlp= 2938.3880> <PB=10000000> 
<DWph=2> <it= 27> <et=30.67> <Mt= 0.01> <Spt= 0.14> <nCl=  2> <al=0.00> <DB= 2938.3830> <Mlp= 2938.3830> <PB=10000000> 
<DWph=1> <it= 28> <et=30.83> <Mt= 0.00> <Spt= 0.16> <nCl= 22> <al=0.00> <DB= 2553.6167> <Mlp= 2938.3830> <PB=10000000> 
<DWph=1> <it= 29> <et=30.99> <Mt= 0.02> <Spt= 0.15> <nCl= 17> <al=0.00> <DB= 2583.8676> <Mlp= 2938.2891> <PB=10000000> 
<DWph=1> <it= 30> <et=31.16> <Mt= 0.02> <Spt= 0.14> <nCl= 16> <al=0.00> <DB= 2502.6505> <Mlp= 2938.1174> <PB=10000000> 
<DWph=1> <it= 31> <et=31.32> <Mt= 0.01> <Spt= 0.16> <nCl= 15> <al=0.05> <DB= 2768.5971> <Mlp= 2938.0716> <PB=10000000> 
<DWph=1> <it= 32> <et=31.49> <Mt= 0.02> <Spt= 0.15> <nCl=  5> <al=0.14> <DB= 2871.0863> <Mlp= 2937.9808> <PB=10000000> 
<DWph=1> <it= 33> <et=31.65> <Mt= 0.01> <Spt= 0.15> <nCl=  6> <al=0.04> <DB= 2779.2349> <Mlp= 2937.9740> <PB=10000000> 
<DWph=1> <it= 34> <et=31.82> <Mt= 0.01> <Spt= 0.15> <nCl=  7> <al=0.14> <DB= 2815.3939> <Mlp= 2937.8898> <PB=10000000> 
<DWph=1> <it= 35> <et=32.13> <Mt= 0.01> <Spt= 0.31> <nCl=  5> <al=0.00> <DB= 2928.8159> <Mlp= 2937.8836> <PB=10000000> 
<DWph=1> <it= 36> <et=32.45> <Mt= 0.01> <Spt= 0.30> <nCl=  4> <al=0.00> <DB= 2937.8835> <Mlp= 2937.8835> <PB=10000000> 
    RCSP exact solver info for graph G_0 : TT = 0.558085, pt = 0.002576, dt = 0.515901, ct = 0.038246, ndl = 53863', bdl = 4425375', odl = 49019', odf = 861140', bsi = 1646', cnt = 1262538', bdch = 63060106', odch = 6718644', lcp = 1474630', #sols = 150
<DWph=0> <it= 37> <et=33.04> <Mt= 0.00> <Spt= 0.60> <nCl=150> <al=0.02> <DB= 1856.4495> <Mlp= 2937.8835> <PB=10000000> 
    RCSP exact solver info for graph G_0 : TT = 0.648311, pt = 0.002642, dt = 0.592668, ct = 0.051217, ndl = 61279', bdl = 4961550', odl = 51540', odf = 1001357', bsi = 1658', cnt = 1996119', bdch = 76992897', odch = 9720959', lcp = 1926404', #sols = 150
<DWph=0> <it= 38> <et=33.77> <Mt= 0.05> <Spt= 0.68> <nCl=150> <al=0.00> <DB= 2420.4623> <Mlp= 2937.1767> <PB=10000000> 
    RCSP exact solver info for graph G_0 : TT = 0.504184, pt = 0.002836, dt = 0.467334, ct = 0.032356, ndl = 52469', bdl = 4312590', odl = 48715', odf = 853935', bsi = 1656', cnt = 1043532', bdch = 60589795', odch = 6140244', lcp = 1334554', #sols = 150
<DWph=0> <it= 39> <et=34.35> <Mt= 0.04> <Spt= 0.53> <nCl= 90> <al=0.03> <DB= 2690.8370> <Mlp= 2936.7795> <PB=10000000> 
    RCSP exact solver info for graph G_0 : TT = 0.497919, pt = 0.002517, dt = 0.461712, ct = 0.031986, ndl = 53112', bdl = 4352342', odl = 48553', odf = 859410', bsi = 1590', cnt = 1117361', bdch = 61169570', odch = 6542832', lcp = 1390849', #sols = 150
<DWph=0> <it= 40> <et=34.89> <Mt= 0.03> <Spt= 0.51> <nCl= 36> <al=0.13> <DB= 2877.9899> <Mlp= 2936.6346> <PB=10000000> 
    RCSP exact solver info for graph G_0 : TT = 0.495116, pt = 0.002893, dt = 0.458088, ct = 0.032387, ndl = 52442', bdl = 4304654', odl = 48005', odf = 850628', bsi = 1639', cnt = 1072561', bdch = 59849261', odch = 6390989', lcp = 1361711', #sols = 150
<DWph=0> <it= 41> <et=35.40> <Mt= 0.01> <Spt= 0.50> <nCl= 17> <al=0.21> <DB= 2885.4570> <Mlp= 2936.6327> <PB=10000000> 
    RCSP exact solver info for graph G_0 : TT = 0.482734, pt = 0.002384, dt = 0.450135, ct = 0.028698, ndl = 52221', bdl = 4289119', odl = 48030', odf = 845427', bsi = 1618', cnt = 1062785', bdch = 59579877', odch = 6315739', lcp = 1353706', #sols = 150
    RCSP exact solver info for graph G_0 : TT = 0.442752, pt = 0.00188, dt = 0.408813, ct = 0.030436, ndl = 51451', bdl = 4224729', odl = 47836', odf = 835794', bsi = 1618', cnt = 1000588', bdch = 58138413', odch = 6059889', lcp = 1317370', #sols = 150
<DWph=0> <it= 42> <et=36.35> <Mt= 0.00> <Spt= 0.95> <nCl= 41> <al=0.00> <DB= 2936.6327> <Mlp= 2936.6327> <PB=10000000> 
RCSP solver dynamic params and stats :  bidir.bord. = 375 aver.obdmd = 98.0984 aver.buck.num. = 101 nbR1C = 82 with avMem = 11.5366
@@ 1 7 2936.63 0.514282 0.643885 92.453 36.35
    Full reduced cost fixing is not called (gap ratio is 0.999995)
ColGenEvalAlg final dual bound: 2936.63 (rounded: 2937)
False gap improvement since the last cut separation : 0.0236784 (2929.7)
Current active cuts : CAP(1+12,517.249) R1C(10+72,216.698) 1rowPackR1C(10) 3rowPackR1C(72)
Shrinking heuristic shrunk 26 edges
In total 1 RCC cut(s) are found by the Fractional capacity min-cut heuristic 
In total 1 RCC cut(s) are found by the greedy construction heuristic 
In total 3 RCC cut(s) are found by the global pool greedy search heuristic 
23 Rank-1 1-rows pack. cuts added ,  max viol. = 0.0883906, aver. viol. = 0.0509594
150 Rank-1 3-rows pack. cuts added ,  max viol. = 0.306754, aver. viol. = 0.153888
----- Add fac. cuts : CAP(5) R1C(173), max.viol = 0.306754, aver.viol = 0.140604, sep/add took 0.0574086/0.61908 sec. -----
9309 columns (9309 active), 430 dyn. constrs. (282 active), 1146 art. vars. (524 active)
<DWph=2> <it=  1> <et=37.37> <Mt= 0.16> <Spt= 0.07> <nCl= 30> <al=0.50> <DB= 2418.6805> <Mlp= 2942.2143> <PB=10000000> 
<DWph=2> <it=  2> <et=37.50> <Mt= 0.05> <Spt= 0.07> <nCl= 10> <al=0.55> <DB= 2927.1044> <Mlp= 2941.2803> <PB=10000000> 
<DWph=2> <it=  3> <et=37.58> <Mt= 0.01> <Spt= 0.07> <nCl=  6> <al=0.60> <DB= 2938.5101> <Mlp= 2941.2683> <PB=10000000> 
<DWph=2> <it=  4> <et=37.66> <Mt= 0.01> <Spt= 0.07> <nCl= 13> <al=0.50> <DB= 2546.3048> <Mlp= 2941.2589> <PB=10000000> 
<DWph=2> <it=  5> <et=37.76> <Mt= 0.03> <Spt= 0.07> <nCl=  2> <al=0.55> <DB= 2828.3723> <Mlp= 2940.9542> <PB=10000000> 
<DWph=2> <it=  6> <et=37.83> <Mt= 0.01> <Spt= 0.07> <nCl=  2> <al=0.59> <DB= 2705.4710> <Mlp= 2940.9542> <PB=10000000> 
<DWph=2> <it=  7> <et=38.00> <Mt= 0.01> <Spt= 0.16> <nCl= 21> <al=0.26> <DB= 2501.8654> <Mlp= 2940.9170> <PB=10000000> 
<DWph=2> <it=  8> <et=38.09> <Mt= 0.01> <Spt= 0.07> <nCl=  4> <al=0.53> <DB= 2758.7826> <Mlp= 2940.9050> <PB=10000000> 
<DWph=2> <it=  9> <et=38.24> <Mt= 0.01> <Spt= 0.15> <nCl=  3> <al=0.16> <DB= 2748.9126> <Mlp= 2940.9050> <PB=10000000> 
<DWph=2> <it= 10> <et=38.42> <Mt= 0.00> <Spt= 0.17> <nCl= 13> <al=0.00> <DB= 2692.3708> <Mlp= 2940.9050> <PB=10000000> 
<DWph=2> <it= 11> <et=38.58> <Mt= 0.01> <Spt= 0.15> <nCl=  3> <al=0.00> <DB= 2926.6417> <Mlp= 2940.8965> <PB=10000000> 
<DWph=2> <it= 12> <et=38.75> <Mt= 0.01> <Spt= 0.16> <nCl=  2> <al=0.00> <DB= 2631.9354> <Mlp= 2940.8946> <PB=10000000> 
<DWph=2> <it= 13> <et=38.90> <Mt= 0.01> <Spt= 0.14> <nCl=  1> <al=0.00> <DB= 2940.8946> <Mlp= 2940.8946> <PB=10000000> 
<DWph=1> <it= 14> <et=39.06> <Mt= 0.00> <Spt= 0.16> <nCl= 13> <al=0.08> <DB= 2622.6155> <Mlp= 2940.8946> <PB=10000000> 
<DWph=1> <it= 15> <et=39.23> <Mt= 0.03> <Spt= 0.14> <nCl= 10> <al=0.00> <DB= 2724.1168> <Mlp= 2940.7063> <PB=10000000> 
<DWph=1> <it= 16> <et=39.54> <Mt= 0.01> <Spt= 0.30> <nCl=  2> <al=0.00> <DB= 2940.7048> <Mlp= 2940.7048> <PB=10000000> 
    RCSP exact solver info for graph G_0 : TT = 0.620975, pt = 0.002706, dt = 0.572271, ct = 0.044003, ndl = 65900', bdl = 5292355', odl = 53047', odf = 1028854', bsi = 1642', cnt = 2079507', bdch = 87355945', odch = 9337417', lcp = 1975354', #sols = 150
<DWph=0> <it= 17> <et=40.20> <Mt= 0.00> <Spt= 0.66> <nCl=150> <al=0.00> <DB= 2488.5830> <Mlp= 2940.7048> <PB=10000000> 
    RCSP exact solver info for graph G_0 : TT = 0.642351, pt = 0.002791, dt = 0.592728, ct = 0.045004, ndl = 68867', bdl = 5519284', odl = 53564', odf = 1067582', bsi = 1596', cnt = 2116792', bdch = 95326825', odch = 10174626', lcp = 2108794', #sols = 150
<DWph=0> <it= 18> <et=40.95> <Mt= 0.07> <Spt= 0.67> <nCl=150> <al=0.00> <DB= 2239.2620> <Mlp= 2940.0771> <PB=10000000> 
    RCSP exact solver info for graph G_0 : TT = 0.624792, pt = 0.002556, dt = 0.572233, ct = 0.048071, ndl = 66683', bdl = 5336582', odl = 53169', odf = 1050047', bsi = 1678', cnt = 2043331', bdch = 89393052', odch = 9785353', lcp = 2038517', #sols = 150
<DWph=0> <it= 19> <et=41.63> <Mt= 0.03> <Spt= 0.66> <nCl=134> <al=0.00> <DB= 2716.3047> <Mlp= 2940.0120> <PB=10000000> 
    RCSP exact solver info for graph G_0 : TT = 0.617917, pt = 0.002749, dt = 0.571359, ct = 0.042025, ndl = 67376', bdl = 5382297', odl = 52714', odf = 1054316', bsi = 1568', cnt = 1992342', bdch = 90984315', odch = 9834992', lcp = 2037488', #sols = 150
<DWph=0> <it= 20> <et=42.28> <Mt= 0.02> <Spt= 0.64> <nCl= 77> <al=0.09> <DB= 2630.9241> <Mlp= 2939.9361> <PB=10000000> 
    RCSP exact solver info for graph G_0 : TT = 0.578414, pt = 0.002563, dt = 0.531979, ct = 0.042045, ndl = 66498', bdl = 5326165', odl = 52957', odf = 1042819', bsi = 1602', cnt = 1923380', bdch = 88899574', odch = 9574092', lcp = 1986706', #sols = 150
<DWph=0> <it= 21> <et=42.89> <Mt= 0.01> <Spt= 0.58> <nCl= 17> <al=0.18> <DB= 2913.4171> <Mlp= 2939.9255> <PB=10000000> 
    RCSP exact solver info for graph G_0 : TT = 0.57441, pt = 0.002576, dt = 0.528866, ct = 0.041255, ndl = 66192', bdl = 5305034', odl = 52843', odf = 1041651', bsi = 1554', cnt = 1879986', bdch = 88463409', odch = 9500188', lcp = 1979992', #sols = 150
<DWph=0> <it= 22> <et=43.49> <Mt= 0.01> <Spt= 0.60> <nCl= 49> <al=0.08> <DB= 2795.8216> <Mlp= 2939.9197> <PB=10000000> 
    RCSP exact solver info for graph G_0 : TT = 0.567012, pt = 0.002934, dt = 0.521006, ct = 0.041355, ndl = 65955', bdl = 5282354', odl = 52767', odf = 1035105', bsi = 1578', cnt = 1831894', bdch = 87892123', odch = 9367111', lcp = 1958871', #sols = 150
    RCSP exact solver info for graph G_0 : TT = 0.564495, pt = 0.00321, dt = 0.519311, ct = 0.040301, ndl = 65446', bdl = 5240263', odl = 52640', odf = 1026922', bsi = 1577', cnt = 1801248', bdch = 86760306', odch = 9199684', lcp = 1929992', #sols = 150
<DWph=0> <it= 23> <et=44.67> <Mt= 0.01> <Spt= 1.15> <nCl= 28> <al=0.00> <DB= 2939.9195> <Mlp= 2939.9195> <PB=10000000> 
RCSP solver dynamic params and stats :  bidir.bord. = 375 aver.obdmd = 98.0984 aver.buck.num. = 101 nbR1C = 104 with avMem = 11.9519
@@ 1 8 2939.92 0.594227 0.637732 92.453 44.67
    Full reduced cost fixing is not called (gap ratio is 0.999995)
ColGenEvalAlg final dual bound: 2939.92 (rounded: 2940)
False gap improvement since the last cut separation : 0.0111924 (2936.63)
Separator R1C not in maximum phase
Cut generation tailing off counter increased to 0
Current active cuts : CAP(1+11,435.984) R1C(15+89,263.885) 1rowPackR1C(15) 3rowPackR1C(89)
Shrinking heuristic shrunk 24 edges
In total 2 RCC cut(s) are found by the greedy construction heuristic 
In total 1 RCC cut(s) are found by the global pool greedy search heuristic 
8 Rank-1 1-rows pack. cuts added ,  max viol. = 0.154162, aver. viol. = 0.0886686
150 Rank-1 3-rows pack. cuts added ,  max viol. = 0.229651, aver. viol. = 0.153085
Building structures for heuristic rank-1 packing cut separation...done!
100 Rank-1 4-rows pack. cuts added ,  max viol. = 0.319453, aver. viol. = 0.172491
----- Add fac. cuts : CAP(3) R1C(258), max.viol = 0.346145, aver.viol = 0.16514, sep/add took 0.12701/0.597315 sec. -----
10048 columns (6641 active), 564 dyn. constrs. (386 active), 1407 art. vars. (628 active)
<DWph=2> <it=  1> <et=45.72> <Mt= 0.18> <Spt= 0.09> <nCl=  7> <al=0.50> <DB= 2941.7472> <Mlp= 2943.5749> <PB=10000000> 
<DWph=2> <it=  2> <et=45.84> <Mt= 0.02> <Spt= 0.09> <nCl= 17> <al=0.40> <DB= 2814.4272> <Mlp= 2943.5574> <PB=10000000> 
<DWph=2> <it=  3> <et=45.97> <Mt= 0.04> <Spt= 0.10> <nCl=  8> <al=0.46> <DB= 2838.0024> <Mlp= 2943.5204> <PB=10000000> 
<DWph=2> <it=  4> <et=46.11> <Mt= 0.05> <Spt= 0.10> <nCl=  5> <al=0.51> <DB= 2829.2731> <Mlp= 2943.4810> <PB=10000000> 
<DWph=2> <it=  5> <et=46.25> <Mt= 0.03> <Spt= 0.10> <nCl=  1> <al=0.56> <DB= 2908.1359> <Mlp= 2943.4622> <PB=10000000> 
<DWph=2> <it=  6> <et=46.38> <Mt= 0.03> <Spt= 0.10> <nCl=  2> <al=0.61> <DB= 2900.7248> <Mlp= 2943.4408> <PB=10000000> 
<DWph=2> <it=  7> <et=46.60> <Mt= 0.02> <Spt= 0.20> <nCl= 15> <al=0.01> <DB= 2568.8877> <Mlp= 2943.4376> <PB=10000000> 
<DWph=2> <it=  8> <et=46.78> <Mt= 0.08> <Spt= 0.10> <nCl= 10> <al=0.41> <DB= 2789.5721> <Mlp= 2943.2658> <PB=10000000> 
<DWph=2> <it=  9> <et=46.97> <Mt= 0.01> <Spt= 0.18> <nCl= 17> <al=0.00> <DB= 2318.7143> <Mlp= 2943.2658> <PB=10000000> 
<DWph=2> <it= 10> <et=47.08> <Mt= 0.01> <Spt= 0.10> <nCl=  1> <al=0.37> <DB= 2902.4998> <Mlp= 2943.2658> <PB=10000000> 
<DWph=2> <it= 11> <et=47.19> <Mt= 0.01> <Spt= 0.10> <nCl=  2> <al=0.43> <DB= 2942.9623> <Mlp= 2943.2658> <PB=10000000> 
<DWph=2> <it= 12> <et=47.31> <Mt= 0.01> <Spt= 0.11> <nCl=  1> <al=0.33> <DB= 2938.6509> <Mlp= 2943.2654> <PB=10000000> 
<DWph=2> <it= 13> <et=47.50> <Mt= 0.01> <Spt= 0.18> <nCl= 12> <al=0.00> <DB= 2895.7596> <Mlp= 2943.2654> <PB=10000000> 
<DWph=2> <it= 14> <et=47.62> <Mt= 0.02> <Spt= 0.10> <nCl=  1> <al=0.30> <DB= 2943.2261> <Mlp= 2943.2602> <PB=10000000> 
<DWph=2> <it= 15> <et=47.73> <Mt= 0.01> <Spt= 0.09> <nCl=  2> <al=0.20> <DB= 2593.0349> <Mlp= 2943.2602> <PB=10000000> 
<DWph=2> <it= 16> <et=47.79> <Mt= 0.06> <Spt= 0.00> <nCl=  0> <al=0.28> <DB= 2593.0349> <Mlp= 2943.1310> <PB=10000000> 
<DWph=1> <it= 17> <et=48.00> <Mt= 0.01> <Spt= 0.21> <nCl=  8> <al=0.28> <DB= 2739.8914> <Mlp= 2943.1310> <PB=10000000> 
<DWph=1> <it= 18> <et=48.22> <Mt= 0.01> <Spt= 0.20> <nCl=  7> <al=0.35> <DB= 2851.2965> <Mlp= 2943.1308> <PB=10000000> 
<DWph=1> <it= 19> <et=48.45> <Mt= 0.02> <Spt= 0.21> <nCl=  5> <al=0.41> <DB= 2802.4477> <Mlp= 2943.1282> <PB=10000000> 
<DWph=1> <it= 20> <et=48.67> <Mt= 0.02> <Spt= 0.20> <nCl=  3> <al=0.31> <DB= 2473.8597> <Mlp= 2943.1254> <PB=10000000> 
<DWph=1> <it= 21> <et=48.88> <Mt= 0.01> <Spt= 0.20> <nCl=  1> <al=0.21> <DB= 2840.1004> <Mlp= 2943.1254> <PB=10000000> 
<DWph=1> <it= 22> <et=49.12> <Mt= 0.03> <Spt= 0.21> <nCl= 11> <al=0.11> <DB= 2451.1655> <Mlp= 2943.1180> <PB=10000000> 
<DWph=1> <it= 23> <et=49.34> <Mt= 0.01> <Spt= 0.20> <nCl=  2> <al=0.01> <DB= 2719.0170> <Mlp= 2943.1177> <PB=10000000> 
<DWph=1> <it= 24> <et=49.54> <Mt= 0.01> <Spt= 0.20> <nCl=  2> <al=0.11> <DB= 2722.4905> <Mlp= 2943.1177> <PB=10000000> 
<DWph=1> <it= 25> <et=49.74> <Mt= 0.00> <Spt= 0.19> <nCl=  1> <al=0.20> <DB= 2788.4768> <Mlp= 2943.1177> <PB=10000000> 
<DWph=1> <it= 26> <et=50.13> <Mt= 0.01> <Spt= 0.38> <nCl=  3> <al=0.00> <DB= 2943.1177> <Mlp= 2943.1177> <PB=10000000> 
    RCSP exact solver info for graph G_0 : TT = 0.978252, pt = 0.003302, dt = 0.907185, ct = 0.065759, ndl = 90664', bdl = 7093415', odl = 60731', odf = 1401895', bsi = 1614', cnt = 3350301', bdch = 151859058', odch = 18261394', lcp = 3694989', #sols = 150
<DWph=0> <it= 27> <et=51.17> <Mt= 0.01> <Spt= 1.04> <nCl=150> <al=0.00> <DB= 1861.3537> <Mlp= 2943.1177> <PB=10000000> 
    RCSP exact solver info for graph G_0 : TT = 2.27059, pt = 0.004338, dt = 2.19334, ct = 0.071036, ndl = 88266', bdl = 6940327', odl = 60971', odf = 1360714', bsi = 1581', cnt = 3493722', bdch = 146699293', odch = 17868351', lcp = 3600093', #sols = 150
<DWph=0> <it= 28> <et=52.46> <Mt= 0.27> <Spt= 1.01> <nCl=122> <al=0.10> <DB= 2402.9901> <Mlp= 2942.7942> <PB=10000000> 
    RCSP exact solver info for graph G_0 : TT = 0.971975, pt = 0.004567, dt = 0.8986, ct = 0.066598, ndl = 86027', bdl = 6783102', odl = 59448', odf = 1306599', bsi = 1651', cnt = 3037759', bdch = 140786247', odch = 16317447', lcp = 3298661', #sols = 150
<DWph=0> <it= 29> <et=53.53> <Mt= 0.07> <Spt= 1.00> <nCl= 69> <al=0.19> <DB= 2759.5933> <Mlp= 2942.6923> <PB=10000000> 
    RCSP exact solver info for graph G_0 : TT = 1.00485, pt = 0.004559, dt = 0.924629, ct = 0.07344, ndl = 84486', bdl = 6669983', odl = 58991', odf = 1288966', bsi = 1624', cnt = 2922487', bdch = 136322511', odch = 15635105', lcp = 3179992', #sols = 150
<DWph=0> <it= 30> <et=54.57> <Mt= 0.02> <Spt= 1.02> <nCl= 12> <al=0.27> <DB= 2892.8829> <Mlp= 2942.6844> <PB=10000000> 
    RCSP exact solver info for graph G_0 : TT = 1.02595, pt = 0.005368, dt = 0.94918, ct = 0.068702, ndl = 86050', bdl = 6783272', odl = 59353', odf = 1311514', bsi = 1618', cnt = 3146948', bdch = 140288683', odch = 16744485', lcp = 3291481', #sols = 150
<DWph=0> <it= 31> <et=55.65> <Mt= 0.03> <Spt= 1.04> <nCl= 19> <al=0.17> <DB= 2923.0836> <Mlp= 2942.6799> <PB=10000000> 
    RCSP exact solver info for graph G_0 : TT = 1.03712, pt = 0.004544, dt = 0.952104, ct = 0.078009, ndl = 86155', bdl = 6799433', odl = 59357', odf = 1312290', bsi = 1625', cnt = 3176071', bdch = 140581001', odch = 16824003', lcp = 3299463', #sols = 150
<DWph=0> <it= 32> <et=56.70> <Mt= 0.01> <Spt= 1.05> <nCl=  7> <al=0.25> <DB= 2921.2833> <Mlp= 2942.6799> <PB=10000000> 
    RCSP exact solver info for graph G_0 : TT = 1.02526, pt = 0.005289, dt = 0.940792, ct = 0.076137, ndl = 86116', bdl = 6794223', odl = 59344', odf = 1312411', bsi = 1621', cnt = 3165553', bdch = 140496084', odch = 16774532', lcp = 3283804', #sols = 150
    RCSP exact solver info for graph G_0 : TT = 0.893421, pt = 0.00399, dt = 0.826667, ct = 0.060643, ndl = 86245', bdl = 6804877', odl = 59310', odf = 1309111', bsi = 1649', cnt = 3184871', bdch = 140886323', odch = 16882584', lcp = 3313957', #sols = 150
<DWph=0> <it= 33> <et=58.65> <Mt= 0.01> <Spt= 1.94> <nCl= 28> <al=0.00> <DB= 2942.6799> <Mlp= 2942.6799> <PB=10000000> 
RCSP solver dynamic params and stats :  bidir.bord. = 375 aver.obdmd = 98.0984 aver.buck.num. = 101 nbR1C = 132 with avMem = 12.9318
@@ 1 9 2942.68 1.1441 2.26437 92.453 58.65
    Full reduced cost fixing is not called (gap ratio is 0.999995)
ColGenEvalAlg final dual bound: 2942.68 (rounded: 2943)
False gap improvement since the last cut separation : 0.00938957 (2939.92)
Separator R1C not in maximum phase
Cut generation tailing off counter increased to 0
Current active cuts : CAP(1+12,325.905) R1C(17+115,292.077) 1rowPackR1C(17) 3rowPackR1C(100) 4rowPackR1C(15)
Shrinking heuristic shrunk 21 edges
In total 23 RCC cut(s) are found by the global pool greedy search heuristic 
15 Rank-1 1-rows pack. cuts added ,  max viol. = 0.26452, aver. viol. = 0.0669574
150 Rank-1 3-rows pack. cuts added ,  max viol. = 0.166042, aver. viol. = 0.103609
Building structures for heuristic rank-1 packing cut separation...done!
100 Rank-1 4-rows pack. cuts added ,  max viol. = 0.219294, aver. viol. = 0.123415
100 Rank-1 5-rows pack. cuts added ,  max viol. = 0.302367, aver. viol. = 0.170811
----- Add fac. cuts : CAP(23) R1C(365), max.viol = 0.311749, aver.viol = 0.131764, sep/add took 0.777612/1.143 sec. -----
10599 columns (7192 active), 796 dyn. constrs. (542 active), 1795 art. vars. (784 active)
<DWph=2> <it=  1> <et=61.05> <Mt= 0.28> <Spt= 0.12> <nCl=  9> <al=0.50> <DB= 2778.3142> <Mlp= 2947.0363> <PB=10000000> 
<DWph=2> <it=  2> <et=61.26> <Mt= 0.10> <Spt= 0.11> <nCl=  3> <al=0.55> <DB= 2863.0441> <Mlp= 2946.9328> <PB=10000000> 
<DWph=2> <it=  3> <et=61.52> <Mt= 0.03> <Spt= 0.23> <nCl= 24> <al=0.19> <DB= 2233.0054> <Mlp= 2946.9131> <PB=10000000> 
<DWph=2> <it=  4> <et=61.72> <Mt= 0.07> <Spt= 0.13> <nCl=  4> <al=0.50> <DB= 2781.5687> <Mlp= 2946.8036> <PB=10000000> 
<DWph=2> <it=  5> <et=61.89> <Mt= 0.04> <Spt= 0.13> <nCl=  5> <al=0.55> <DB= 2843.0645> <Mlp= 2946.7790> <PB=10000000> 
<DWph=2> <it=  6> <et=62.21> <Mt= 0.08> <Spt= 0.23> <nCl=  6> <al=0.18> <DB= 2727.0917> <Mlp= 2946.6895> <PB=10000000> 
<DWph=2> <it=  7> <et=62.49> <Mt= 0.05> <Spt= 0.23> <nCl= 19> <al=0.00> <DB= 2471.1224> <Mlp= 2946.6688> <PB=10000000> 
<DWph=2> <it=  8> <et=62.68> <Mt= 0.06> <Spt= 0.13> <nCl=  5> <al=0.39> <DB= 2560.5817> <Mlp= 2946.6172> <PB=10000000> 
<DWph=2> <it=  9> <et=62.95> <Mt= 0.03> <Spt= 0.24> <nCl=  9> <al=0.00> <DB= 2552.0100> <Mlp= 2946.6157> <PB=10000000> 
<DWph=2> <it= 10> <et=63.12> <Mt= 0.04> <Spt= 0.13> <nCl=  4> <al=0.35> <DB= 2629.2331> <Mlp= 2946.5829> <PB=10000000> 
<DWph=2> <it= 11> <et=63.27> <Mt= 0.04> <Spt= 0.12> <nCl=  3> <al=0.25> <DB= 2853.0420> <Mlp= 2946.5699> <PB=10000000> 
<DWph=2> <it= 12> <et=63.54> <Mt= 0.03> <Spt= 0.24> <nCl=  0> <al=0.00> <DB= 2946.5667> <Mlp= 2946.5667> <PB=10000000> 
<DWph=1> <it= 13> <et=63.79> <Mt= 0.00> <Spt= 0.24> <nCl= 26> <al=0.05> <DB= 2495.7134> <Mlp= 2946.5667> <PB=10000000> 
<DWph=1> <it= 14> <et=64.21> <Mt= 0.17> <Spt= 0.25> <nCl= 13> <al=0.00> <DB= 2456.4368> <Mlp= 2946.3761> <PB=10000000> 
<DWph=1> <it= 15> <et=64.52> <Mt= 0.04> <Spt= 0.27> <nCl=  8> <al=0.06> <DB= 2730.3495> <Mlp= 2946.3664> <PB=10000000> 
<DWph=1> <it= 16> <et=64.91> <Mt= 0.13> <Spt= 0.26> <nCl=  9> <al=0.15> <DB= 2717.7905> <Mlp= 2946.2448> <PB=10000000> 
<DWph=1> <it= 17> <et=65.21> <Mt= 0.04> <Spt= 0.26> <nCl=  3> <al=0.05> <DB= 2283.1391> <Mlp= 2946.2412> <PB=10000000> 
<DWph=1> <it= 18> <et=65.70> <Mt= 0.02> <Spt= 0.47> <nCl=  6> <al=0.00> <DB= 2932.6614> <Mlp= 2946.2412> <PB=10000000> 
<DWph=1> <it= 19> <et=66.13> <Mt= 0.01> <Spt= 0.42> <nCl=  1> <al=0.00> <DB= 2946.2411> <Mlp= 2946.2411> <PB=10000000> 
    RCSP exact solver info for graph G_0 : TT = 1.91242, pt = 0.003992, dt = 1.6716, ct = 0.234546, ndl = 134195', bdl = 10151406', odl = 76476', odf = 2069647', bsi = 1866', cnt = 10807638', bdch = 301380001', odch = 43524474', lcp = 8485463', #sols = 150
<DWph=0> <it= 20> <et=68.12> <Mt= 0.00> <Spt= 1.98> <nCl=150> <al=0.00> <DB= 2039.7132> <Mlp= 2946.2411> <PB=10000000> 
    RCSP exact solver info for graph G_0 : TT = 1.44695, pt = 0.003669, dt = 1.27643, ct = 0.165065, ndl = 125758', bdl = 9620413', odl = 73663', odf = 1928236', bsi = 1792', cnt = 7825720', bdch = 270464840', odch = 38050771', lcp = 7016674', #sols = 150
<DWph=0> <it= 21> <et=69.81> <Mt= 0.18> <Spt= 1.51> <nCl=150> <al=0.00> <DB= 2585.0065> <Mlp= 2946.0141> <PB=10000000> 
    RCSP exact solver info for graph G_0 : TT = 1.47978, pt = 0.004654, dt = 1.29455, ct = 0.178626, ndl = 119949', bdl = 9134380', odl = 71239', odf = 1830369', bsi = 1740', cnt = 7038732', bdch = 249389868', odch = 33251601', lcp = 6232193', #sols = 150
<DWph=0> <it= 22> <et=71.56> <Mt= 0.20> <Spt= 1.54> <nCl=138> <al=0.05> <DB= 2679.8475> <Mlp= 2945.8614> <PB=10000000> 
    RCSP exact solver info for graph G_0 : TT = 1.55073, pt = 0.00552, dt = 1.37171, ct = 0.171432, ndl = 117373', bdl = 8940320', odl = 69847', odf = 1784335', bsi = 1615', cnt = 6044875', bdch = 237575198', odch = 31982778', lcp = 6177085', #sols = 150
<DWph=0> <it= 23> <et=73.25> <Mt= 0.12> <Spt= 1.58> <nCl= 45> <al=0.15> <DB= 2892.2212> <Mlp= 2945.8034> <PB=10000000> 
    RCSP exact solver info for graph G_0 : TT = 1.53042, pt = 0.005159, dt = 1.35841, ct = 0.164686, ndl = 116975', bdl = 8940167', odl = 69861', odf = 1781820', bsi = 1642', cnt = 6111197', bdch = 236241465', odch = 31752865', lcp = 6057841', #sols = 150
<DWph=0> <it= 24> <et=74.83> <Mt= 0.03> <Spt= 1.55> <nCl= 22> <al=0.23> <DB= 2867.6438> <Mlp= 2945.7984> <PB=10000000> 
    RCSP exact solver info for graph G_0 : TT = 1.55777, pt = 0.005487, dt = 1.37443, ct = 0.175692, ndl = 117464', bdl = 8951556', odl = 69676', odf = 1788837', bsi = 1608', cnt = 6345887', bdch = 237477570', odch = 32194639', lcp = 6107210', #sols = 150
    RCSP exact solver info for graph G_0 : TT = 1.38307, pt = 0.004048, dt = 1.22291, ct = 0.154144, ndl = 116350', bdl = 8889915', odl = 69599', odf = 1774120', bsi = 1590', cnt = 6285066', bdch = 233266131', odch = 31672806', lcp = 6009510', #sols = 150
<DWph=0> <it= 25> <et=77.82> <Mt= 0.02> <Spt= 2.97> <nCl= 42> <al=0.00> <DB= 2928.1540> <Mlp= 2945.7983> <PB=10000000> 
    RCSP exact solver info for graph G_0 : TT = 1.513, pt = 0.004997, dt = 1.34152, ct = 0.164424, ndl = 117585', bdl = 8976534', odl = 69815', odf = 1790399', bsi = 1612', cnt = 6260504', bdch = 238187669', odch = 32162341', lcp = 6089511', #sols = 150
    RCSP exact solver info for graph G_0 : TT = 1.40928, pt = 0.004361, dt = 1.24289, ct = 0.159924, ndl = 116356', bdl = 8891106', odl = 69591', odf = 1774193', bsi = 1594', cnt = 6270945', bdch = 233318639', odch = 31674122', lcp = 6008240', #sols = 150
<DWph=0> <it= 26> <et=80.77> <Mt= 0.01> <Spt= 2.94> <nCl=  9> <al=0.00> <DB= 2945.7983> <Mlp= 2945.7983> <PB=10000000> 
RCSP solver dynamic params and stats :  bidir.bord. = 375 aver.obdmd = 98.0984 aver.buck.num. = 101 nbR1C = 155 with avMem = 13.8516
@@ 1 10 2945.8 1.52478 1.90615 92.453 80.77
    Full reduced cost fixing is not called (gap ratio is 0.999995)
ColGenEvalAlg final dual bound: 2945.8 (rounded: 2946)
False gap improvement since the last cut separation : 0.0105972 (2942.68)
Cut generation tailing off counter increased to 1
Current active cuts : CAP(1+11,331.305) R1C(17+138,327.791) 1rowPackR1C(17) 3rowPackR1C(94) 4rowPackR1C(26) 5rowPackR1C(18)
Shrinking heuristic shrunk 16 edges
In total 1 RCC cut(s) are found by the greedy construction heuristic 
In total 1 RCC cut(s) are found by the global pool greedy search heuristic 
11 Rank-1 1-rows pack. cuts added ,  max viol. = 0.104949, aver. viol. = 0.0574166
150 Rank-1 3-rows pack. cuts added ,  max viol. = 0.194189, aver. viol. = 0.132443
Building structures for heuristic rank-1 packing cut separation...done!
100 Rank-1 4-rows pack. cuts added ,  max viol. = 0.21153, aver. viol. = 0.106693
100 Rank-1 5-rows pack. cuts added ,  max viol. = 0.248001, aver. viol. = 0.17538
----- Add fac. cuts : CAP(2) R1C(361), max.viol = 0.270088, aver.viol = 0.144945, sep/add took 0.933853/1.37142 sec. -----
11312 columns (7905 active), 927 dyn. constrs. (543 active), 2158 art. vars. (785 active)
<DWph=2> <it=  1> <et=83.61> <Mt= 0.28> <Spt= 0.16> <nCl=  4> <al=0.50> <DB= 2943.9079> <Mlp= 2948.0008> <PB=10000000> 
<DWph=2> <it=  2> <et=83.96> <Mt= 0.04> <Spt= 0.30> <nCl= 15> <al=0.10> <DB= 2669.4319> <Mlp= 2947.9928> <PB=10000000> 
<DWph=2> <it=  3> <et=84.23> <Mt= 0.15> <Spt= 0.13> <nCl=  3> <al=0.45> <DB= 2889.5328> <Mlp= 2947.8346> <PB=10000000> 
<DWph=2> <it=  4> <et=84.39> <Mt= 0.02> <Spt= 0.13> <nCl=  8> <al=0.35> <DB= 2819.4567> <Mlp= 2947.8315> <PB=10000000> 
<DWph=2> <it=  5> <et=84.59> <Mt= 0.06> <Spt= 0.14> <nCl=  1> <al=0.42> <DB= 2900.2794> <Mlp= 2947.8064> <PB=10000000> 
<DWph=2> <it=  6> <et=84.84> <Mt= 0.01> <Spt= 0.24> <nCl=  7> <al=0.00> <DB= 2798.1795> <Mlp= 2947.8062> <PB=10000000> 
<DWph=2> <it=  7> <et=85.00> <Mt= 0.04> <Spt= 0.12> <nCl=  1> <al=0.37> <DB= 2947.4198> <Mlp= 2947.7978> <PB=10000000> 
<DWph=2> <it=  8> <et=85.15> <Mt= 0.01> <Spt= 0.14> <nCl=  1> <al=0.27> <DB= 2942.7249> <Mlp= 2947.7978> <PB=10000000> 
<DWph=2> <it=  9> <et=85.42> <Mt= 0.02> <Spt= 0.25> <nCl=  8> <al=0.00> <DB= 2947.7976> <Mlp= 2947.7976> <PB=10000000> 
<DWph=1> <it= 10> <et=85.65> <Mt= 0.00> <Spt= 0.22> <nCl= 12> <al=0.25> <DB= 2706.2969> <Mlp= 2947.7976> <PB=10000000> 
<DWph=1> <it= 11> <et=85.94> <Mt= 0.06> <Spt= 0.24> <nCl=  8> <al=0.15> <DB= 2834.2781> <Mlp= 2947.7768> <PB=10000000> 
<DWph=1> <it= 12> <et=86.20> <Mt= 0.02> <Spt= 0.24> <nCl=  4> <al=0.23> <DB= 2773.2227> <Mlp= 2947.7764> <PB=10000000> 
<DWph=1> <it= 13> <et=86.70> <Mt= 0.05> <Spt= 0.45> <nCl=  6> <al=0.00> <DB= 2799.6961> <Mlp= 2947.7561> <PB=10000000> 
<DWph=1> <it= 14> <et=86.97> <Mt= 0.01> <Spt= 0.26> <nCl=  2> <al=0.03> <DB= 2944.6805> <Mlp= 2947.7561> <PB=10000000> 
<DWph=1> <it= 15> <et=87.45> <Mt= 0.01> <Spt= 0.46> <nCl=  3> <al=0.00> <DB= 2947.7560> <Mlp= 2947.7560> <PB=10000000> 
    RCSP exact solver info for graph G_0 : TT = 2.05225, pt = 0.004387, dt = 1.79679, ct = 0.248997, ndl = 151491', bdl = 11482859', odl = 80974', odf = 2321210', bsi = 1725', cnt = 11410726', bdch = 374240622', odch = 55432575', lcp = 10603772', #sols = 150
<DWph=0> <it= 16> <et=89.59> <Mt= 0.01> <Spt= 2.13> <nCl=150> <al=0.03> <DB= 2428.9461> <Mlp= 2947.7560> <PB=10000000> 
    RCSP exact solver info for graph G_0 : TT = 2.00029, pt = 0.00535, dt = 1.75335, ct = 0.239158, ndl = 143234', bdl = 10871632', odl = 78968', odf = 2206542', bsi = 1807', cnt = 9192462', bdch = 340673970', odch = 47877020', lcp = 8927342', #sols = 150
<DWph=0> <it= 17> <et=91.88> <Mt= 0.21> <Spt= 2.09> <nCl=150> <al=0.00> <DB= 2598.7022> <Mlp= 2947.4018> <PB=10000000> 
    RCSP exact solver info for graph G_0 : TT = 2.07713, pt = 0.006556, dt = 1.88882, ct = 0.179864, ndl = 145247', bdl = 11010311', odl = 78091', odf = 2232020', bsi = 1802', cnt = 8144452', bdch = 347433432', odch = 48571752', lcp = 9154117', #sols = 150
<DWph=0> <it= 18> <et=94.26> <Mt= 0.22> <Spt= 2.16> <nCl=150> <al=0.04> <DB= 2326.0617> <Mlp= 2947.2802> <PB=10000000> 
    RCSP exact solver info for graph G_0 : TT = 1.93968, pt = 0.005434, dt = 1.73757, ct = 0.194461, ndl = 144698', bdl = 10958806', odl = 77431', odf = 2210367', bsi = 1755', cnt = 8652449', bdch = 344352119', odch = 47529833', lcp = 9008302', #sols = 150
<DWph=0> <it= 19> <et=96.25> <Mt= 0.02> <Spt= 1.96> <nCl= 30> <al=0.13> <DB= 2855.3470> <Mlp= 2947.2795> <PB=10000000> 
    RCSP exact solver info for graph G_0 : TT = 2.00456, pt = 0.005855, dt = 1.80137, ct = 0.19498, ndl = 142863', bdl = 10830891', odl = 76864', odf = 2181411', bsi = 1767', cnt = 8354250', bdch = 336549204', odch = 46889885', lcp = 8731367', #sols = 150
<DWph=0> <it= 20> <et=98.34> <Mt= 0.07> <Spt= 2.02> <nCl= 14> <al=0.22> <DB= 2894.0259> <Mlp= 2947.2702> <PB=10000000> 
    RCSP exact solver info for graph G_0 : TT = 2.16605, pt = 0.006581, dt = 1.94845, ct = 0.208768, ndl = 142579', bdl = 10821612', odl = 76752', odf = 2178439', bsi = 1780', cnt = 8400437', bdch = 335385812', odch = 46848939', lcp = 8704522', #sols = 150
<DWph=0> <it= 21> <et=100.54> <Mt= 0.01> <Spt= 2.18> <nCl= 11> <al=0.30> <DB= 2931.4613> <Mlp= 2947.2700> <PB=10000000> 
    RCSP exact solver info for graph G_0 : TT = 2.15535, pt = 0.006419, dt = 1.94342, ct = 0.203265, ndl = 142538', bdl = 10817907', odl = 76735', odf = 2177418', bsi = 1771', cnt = 8453325', bdch = 334880535', odch = 46826959', lcp = 8679388', #sols = 150
    RCSP exact solver info for graph G_0 : TT = 1.97365, pt = 0.007063, dt = 1.75485, ct = 0.209738, ndl = 143468', bdl = 10868765', odl = 77065', odf = 2187685', bsi = 1767', cnt = 8807104', bdch = 339453307', odch = 47457435', lcp = 8792867', #sols = 150
<DWph=0> <it= 22> <et=104.71> <Mt= 0.01> <Spt= 4.16> <nCl= 30> <al=0.00> <DB= 2947.2700> <Mlp= 2947.2700> <PB=10000000> 
RCSP solver dynamic params and stats :  bidir.bord. = 375 aver.obdmd = 98.0984 aver.buck.num. = 101 nbR1C = 180 with avMem = 15.1722
@@ 1 11 2947.27 2.03798 2.15722 92.453 104.71
    Full reduced cost fixing is not called (gap ratio is 0.999994)
ColGenEvalAlg final dual bound: 2947.27 (rounded: 2948)
False gap improvement since the last cut separation : 0.00499591 (2945.8)
Cut generation tailing off counter increased to 2
Current active cuts : CAP(1+12,271.779) R1C(23+157,333.501) 1rowPackR1C(23) 3rowPackR1C(94) 4rowPackR1C(38) 5rowPackR1C(25)
Shrinking heuristic shrunk 17 edges
In total 3 RCC cut(s) are found by the global pool greedy search heuristic 
13 Rank-1 1-rows pack. cuts added ,  max viol. = 0.0639736, aver. viol. = 0.0417549
150 Rank-1 3-rows pack. cuts added ,  max viol. = 0.135731, aver. viol. = 0.088032
Building structures for heuristic rank-1 packing cut separation...done!
100 Rank-1 4-rows pack. cuts added ,  max viol. = 0.152188, aver. viol. = 0.0776359
100 Rank-1 5-rows pack. cuts added ,  max viol. = 0.229562, aver. viol. = 0.123945
----- Add fac. cuts : CAP(3) R1C(363), max.viol = 0.23596, aver.viol = 0.106403, sep/add took 1.00555/1.22447 sec. -----
11930 columns (8523 active), 932 dyn. constrs. (568 active), 2524 art. vars. (810 active)
<DWph=2> <it=  1> <et=107.56> <Mt= 0.32> <Spt= 0.15> <nCl=  5> <al=0.50> <DB= 2918.5530> <Mlp= 2948.7972> <PB=10000000> 
<DWph=2> <it=  2> <et=107.74> <Mt= 0.05> <Spt= 0.14> <nCl=  5> <al=0.55> <DB= 2939.9441> <Mlp= 2948.7910> <PB=10000000> 
<DWph=2> <it=  3> <et=107.94> <Mt= 0.06> <Spt= 0.13> <nCl=  2> <al=0.60> <DB= 2947.8826> <Mlp= 2948.7825> <PB=10000000> 
<DWph=2> <it=  4> <et=108.24> <Mt= 0.04> <Spt= 0.25> <nCl= 20> <al=0.00> <DB= 2566.9805> <Mlp= 2948.7810> <PB=10000000> 
<DWph=2> <it=  5> <et=108.49> <Mt= 0.11> <Spt= 0.15> <nCl=  4> <al=0.40> <DB= 2909.4597> <Mlp= 2948.7511> <PB=10000000> 
<DWph=2> <it=  6> <et=108.63> <Mt= 0.01> <Spt= 0.13> <nCl=  2> <al=0.46> <DB= 2929.3671> <Mlp= 2948.7511> <PB=10000000> 
<DWph=2> <it=  7> <et=108.96> <Mt= 0.04> <Spt= 0.29> <nCl= 16> <al=0.02> <DB= 2442.5478> <Mlp= 2948.7501> <PB=10000000> 
<DWph=2> <it=  8> <et=109.13> <Mt= 0.02> <Spt= 0.14> <nCl=  2> <al=0.41> <DB= 2943.7628> <Mlp= 2948.7501> <PB=10000000> 
<DWph=2> <it=  9> <et=109.39> <Mt= 0.01> <Spt= 0.25> <nCl=  4> <al=0.00> <DB= 2948.7501> <Mlp= 2948.7501> <PB=10000000> 
<DWph=1> <it= 10> <et=109.63> <Mt= 0.01> <Spt= 0.23> <nCl= 11> <al=0.21> <DB= 2583.5732> <Mlp= 2948.7501> <PB=10000000> 
<DWph=1> <it= 11> <et=109.97> <Mt= 0.09> <Spt= 0.25> <nCl=  6> <al=0.11> <DB= 2827.0392> <Mlp= 2948.7362> <PB=10000000> 
<DWph=1> <it= 12> <et=110.27> <Mt= 0.06> <Spt= 0.24> <nCl= 11> <al=0.01> <DB= 2831.1499> <Mlp= 2948.7298> <PB=10000000> 
<DWph=1> <it= 13> <et=110.54> <Mt= 0.03> <Spt= 0.24> <nCl=  4> <al=0.11> <DB= 2875.3389> <Mlp= 2948.7290> <PB=10000000> 
<DWph=1> <it= 14> <et=111.01> <Mt= 0.01> <Spt= 0.46> <nCl=  9> <al=0.00> <DB= 2948.7290> <Mlp= 2948.7290> <PB=10000000> 
    RCSP exact solver info for graph G_0 : TT = 2.84157, pt = 0.005144, dt = 2.60734, ct = 0.226857, ndl = 193275', bdl = 14534009', odl = 95507', odf = 2957544', bsi = 1726', cnt = 13315623', bdch = 588922703', odch = 81598307', lcp = 15267907', #sols = 150
<DWph=0> <it= 15> <et=113.94> <Mt= 0.00> <Spt= 2.92> <nCl=150> <al=0.00> <DB= 2456.8606> <Mlp= 2948.7290> <PB=10000000> 
    RCSP exact solver info for graph G_0 : TT = 2.43534, pt = 0.005426, dt = 2.22218, ct = 0.2058, ndl = 182910', bdl = 13683805', odl = 90249', odf = 2775935', bsi = 1857', cnt = 11965763', bdch = 532239903', odch = 74058232', lcp = 13782097', #sols = 150
<DWph=0> <it= 16> <et=116.70> <Mt= 0.25> <Spt= 2.52> <nCl=150> <al=0.00> <DB= 2142.6126> <Mlp= 2948.5739> <PB=10000000> 
    RCSP exact solver info for graph G_0 : TT = 2.45096, pt = 0.005419, dt = 2.23262, ct = 0.210778, ndl = 182903', bdl = 13686099', odl = 90222', odf = 2765423', bsi = 1727', cnt = 11608880', bdch = 535078886', odch = 74335786', lcp = 13894522', #sols = 150
<DWph=0> <it= 17> <et=119.21> <Mt= 0.03> <Spt= 2.48> <nCl= 53> <al=0.02> <DB= 2870.1709> <Mlp= 2948.5739> <PB=10000000> 
    RCSP exact solver info for graph G_0 : TT = 2.5141, pt = 0.006093, dt = 2.29743, ct = 0.208499, ndl = 180958', bdl = 13570960', odl = 89328', odf = 2737815', bsi = 1762', cnt = 11424258', bdch = 526582276', odch = 72200439', lcp = 13416283', #sols = 150
<DWph=0> <it= 18> <et=121.81> <Mt= 0.05> <Spt= 2.54> <nCl= 29> <al=0.12> <DB= 2833.8955> <Mlp= 2948.5639> <PB=10000000> 
    RCSP exact solver info for graph G_0 : TT = 2.5247, pt = 0.005788, dt = 2.29706, ct = 0.219754, ndl = 180579', bdl = 13567138', odl = 89337', odf = 2733307', bsi = 1722', cnt = 11396716', bdch = 522954954', odch = 72102950', lcp = 13358787', #sols = 150
<DWph=0> <it= 19> <et=124.38> <Mt= 0.04> <Spt= 2.53> <nCl=  9> <al=0.20> <DB= 2932.5217> <Mlp= 2948.5629> <PB=10000000> 
    RCSP exact solver info for graph G_0 : TT = 2.6739, pt = 0.006066, dt = 2.4527, ct = 0.212915, ndl = 179807', bdl = 13523700', odl = 89074', odf = 2723354', bsi = 1710', cnt = 11155829', bdch = 520863975', odch = 71132415', lcp = 13212699', #sols = 150
<DWph=0> <it= 20> <et=127.09> <Mt= 0.02> <Spt= 2.69> <nCl= 15> <al=0.10> <DB= 2881.0998> <Mlp= 2948.5627> <PB=10000000> 
    RCSP exact solver info for graph G_0 : TT = 2.57155, pt = 0.006621, dt = 2.35124, ct = 0.211481, ndl = 180449', bdl = 13569062', odl = 89197', odf = 2731892', bsi = 1750', cnt = 11251578', bdch = 523934264', odch = 71822349', lcp = 13343247', #sols = 150
    RCSP exact solver info for graph G_0 : TT = 2.41564, pt = 0.005953, dt = 2.20366, ct = 0.203997, ndl = 181159', bdl = 13602859', odl = 89033', odf = 2740066', bsi = 1702', cnt = 11512029', bdch = 527186419', odch = 72704531', lcp = 13460149', #sols = 150
<DWph=0> <it= 21> <et=132.12> <Mt= 0.02> <Spt= 5.01> <nCl= 16> <al=0.00> <DB= 2948.5626> <Mlp= 2948.5626> <PB=10000000> 
RCSP solver dynamic params and stats :  bidir.bord. = 375 aver.obdmd = 98.0984 aver.buck.num. = 101 nbR1C = 195 with avMem = 14.7795
@@ 1 12 2948.56 2.54554 2.8342 92.453 132.12
    Full reduced cost fixing is not called (gap ratio is 0.999994)
ColGenEvalAlg final dual bound: 2948.56 (rounded: 2949)
False gap improvement since the last cut separation : 0.00438576 (2947.27)
----- Cut generation is stopped due to tailing off -----
Current active cuts : CAP(1+11,220.837) R1C(23+172,372.748) 1rowPackR1C(23) 3rowPackR1C(96) 4rowPackR1C(45) 5rowPackR1C(31)
**** Strong branching phase 1 is started *****
SB phase 1 cand.  1 branch on colGenSp (8.9033)                           : [ 2948.5626,  2948.5627], score = 0.00      <et=132.38>
SB phase 1 cand.  2 branch on omega[1] (lhs=27.9792)                      : [ 2948.5626,  2948.5626], score = 0.00      <et=132.45>
SB phase 1 cand.  3 branch on omega[2] (lhs=2.0019)                       : [ 2948.5628,  2961.5722], score = 0.00      <et=132.77>
SB phase 1 cand.  4 branch on Psi[1,5] (lhs=0.3876)                       : [ 2949.7805,  2951.9308], score = 4.10      <et=133.3>
SB phase 1 cand.  5 branch on Psi[1,8] (lhs=1.6977)                       : [ 2949.4011,  2952.6991], score = 3.47      <et=133.81>
SB phase 1 cand.  6 branch on Psi[2,8] (lhs=0.3023)                       : [ 2949.4011,  2952.6991], score = 3.47      <et=134.28>
SB phase 1 cand.  7 branch on Psi[1,2] (lhs=1.6996)                       : [ 2949.1968,  2953.0330], score = 2.84      <et=134.81>
SB phase 1 cand.  8 branch on Psi[5,6] (lhs=0.7392)                       : [ 2949.1091,  2960.7737], score = 6.67      <et=135.42>
SB phase 1 cand.  9 branch on Psi[1,6] (lhs=1.2608)                       : [ 2949.1091,  2957.3482], score = 4.80      <et=135.94>
SB phase 1 cand. 10 branch on Psi[1,4] (lhs=1.1268)                       : [ 2948.8287,  2958.6884], score = 2.69      <et=136.43>
SB phase 1 cand. 11 branch on Psi[4,5] (lhs=0.8732)                       : [ 2948.8287,  2964.0402], score = 4.12      <et=136.95>
SB phase 1 cand. 12 branch on var x[(60, 100)]_0_5409_0_OspV (lhs=0.4983) : [ 2950.2892,  2950.9368], score = 4.10      <et=137.41>
SB phase 1 cand. 13 branch on var x[(27, 46)]_0_2814_0_OspV (lhs=0.5024)  : [ 2949.0575,  2949.4143], score = 0.42      <et=137.72>
SB phase 1 cand. 14 branch on var x[(63, 120)]_0_5606_0_OspV (lhs=0.4974) : [ 2949.3549,  2949.5239], score = 0.76      <et=138.11>
SB phase 1 cand. 15 branch on var x[(37, 70)]_0_3723_0_OspV (lhs=0.5030)  : [ 2949.5918,  2951.2313], score = 2.75      <et=138.55>
SB phase 1 cand. 16 branch on var x[(52, 79)]_0_4872_0_OspV (lhs=0.4944)  : [ 2950.1045,  2950.8674], score = 3.55      <et=139.03>
SB phase 1 cand. 17 branch on var x[(1, 46)]_0_45_0_OspV (lhs=0.5059)     : [ 2948.9874,  2951.6680], score = 1.32      <et=139.47>
SB phase 1 cand. 18 branch on var x[(46, 94)]_0_4458_0_OspV (lhs=0.4941)  : [ 2949.2272,  2949.9060], score = 0.89      <et=139.87>
SB phase 1 cand. 19 branch on var x[(29, 79)]_0_3032_0_OspV (lhs=0.4897)  : [ 2949.1523,  2950.8825], score = 1.37      <et=140.35>
SB phase 1 cand. 20 branch on var x[(54, 77)]_0_5005_0_OspV (lhs=0.5137)  : [ 2950.0860,  2951.3064], score = 4.18      <et=140.91>
SB phase 1 cand. 21 branch on var x[(61, 66)]_0_5435_0_OspV (lhs=0.5137)  : [ 2950.7847,  2951.2058], score = 5.87      <et=141.43>
SB phase 1 cand. 22 branch on var x[(61, 77)]_0_5446_0_OspV (lhs=0.4837)  : [ 2950.0723,  2951.3138], score = 4.15      <et=141.95>
SB phase 1 cand. 23 branch on var x[(48, 84)]_0_4595_0_OspV (lhs=0.5222)  : [ 2950.2580,  2950.5774], score = 3.42      <et=142.39>
SB phase 1 cand. 24 branch on var x[(7, 33)]_0_731_0_OspV (lhs=0.5317)    : [ 2949.7762,  2950.3367], score = 2.15      <et=142.8>
SB phase 1 cand. 25 branch on var x[(62, 96)]_0_5524_0_OspV (lhs=0.4672)  : [ 2949.5618,  2954.4013], score = 5.83      <et=143.39>
SB phase 1 cand. 26 branch on var x[(5, 28)]_0_497_0_OspV (lhs=0.5330)    : [ 2949.9960,  2950.5156], score = 2.80      <et=143.89>
SB phase 1 cand. 27 branch on var x[(4, 120)]_0_473_0_OspV (lhs=0.5340)   : [ 2949.2026,  2949.4185], score = 0.55      <et=144.24>
SB phase 1 cand. 28 branch on var x[(21, 98)]_0_2287_0_OspV (lhs=0.5354)  : [ 2948.5627,  2950.0865], score = 0.00      <et=144.54>
SB phase 1 cand. 29 branch on var x[(95, 110)]_0_6924_0_OspV (lhs=0.5359) : [ 2949.9830,  2950.2141], score = 2.35      <et=145>
SB phase 1 cand. 30 branch on var x[(25, 98)]_0_2677_0_OspV (lhs=0.5401)  : [ 2950.2018,  2952.3282], score = 6.17      <et=145.5>
SB phase 1 cand. 31 branch on var x[(0, 109)]_0_7182_0_OspV (lhs=0.4596)  : [ 2949.6376,  2951.7631], score = 3.44      <et=145.98>
SB phase 1 cand. 32 branch on var x[(62, 84)]_0_5512_0_OspV (lhs=0.4581)  : [ 2950.5109,  2951.8608], score = 6.43      <et=146.51>
SB phase 1 cand. 33 branch on var x[(95, 100)]_0_6914_0_OspV (lhs=0.4543) : [ 2950.1872,  2952.2393], score = 5.97      <et=147.03>
SB phase 1 cand. 34 branch on var x[(4, 108)]_0_461_0_OspV (lhs=0.4485)   : [ 2949.2309,  2949.4267], score = 0.58      <et=147.43>
SB phase 1 cand. 35 branch on var x[(8, 43)]_0_854_0_OspV (lhs=0.4462)    : [ 2950.3950,  2951.8700], score = 6.06      <et=147.95>
SB phase 1 cand. 36 branch on var x[(0, 102)]_0_7070_0_OspV (lhs=0.4450)  : [ 2948.9640,  2949.8650], score = 0.52      <et=148.31>
SB phase 1 cand. 37 branch on var x[(95, 97)]_0_6911_0_OspV (lhs=0.4422)  : [ 2949.4665,  2949.9798], score = 1.28      <et=148.72>
SB phase 1 cand. 38 branch on var x[(74, 120)]_0_6178_0_OspV (lhs=0.4381) : [ 2949.0605,  2949.5026], score = 0.47      <et=149.07>
SB phase 1 cand. 39 branch on var x[(7, 95)]_0_793_0_OspV (lhs=0.4348)    : [ 2949.5995,  2953.2355], score = 4.85      <et=149.54>
SB phase 1 cand. 40 branch on var x[(74, 108)]_0_6166_0_OspV (lhs=0.5667) : [ 2949.0292,  2949.5528], score = 0.46      <et=149.91>
SB phase 1 cand. 41 branch on var x[(0, 108)]_0_7169_0_OspV (lhs=0.4270)  : [ 2948.9330,  2950.0964], score = 0.57      <et=150.29>
SB phase 1 cand. 42 branch on var x[(15, 117)]_0_1691_0_OspV (lhs=0.4235) : [ 2950.1829,  2952.1184], score = 5.76      <et=150.79>
SB phase 1 cand. 43 branch on var x[(0, 54)]_0_4982_0_OspV (lhs=0.4219)   : [ 2949.2590,  2954.4244], score = 4.08      <et=151.28>
SB phase 1 cand. 44 branch on var x[(77, 91)]_0_6284_0_OspV (lhs=0.5789)  : [ 2949.7554,  2950.7817], score = 2.65      <et=151.75>
SB phase 1 cand. 45 branch on var x[(1, 23)]_0_22_0_OspV (lhs=0.4206)     : [ 2949.0045,  2950.4006], score = 0.81      <et=152.12>
SB phase 1 cand. 46 branch on var x[(0, 71)]_0_5985_0_OspV (lhs=0.5828)   : [ 2949.4157,  2949.5387], score = 0.83      <et=152.53>
SB phase 1 cand. 47 branch on var x[(17, 76)]_0_1859_0_OspV (lhs=0.5828)  : [ 2949.1202,  2949.4832], score = 0.51      <et=152.91>
SB phase 1 cand. 48 branch on var x[(22, 68)]_0_2356_0_OspV (lhs=0.5886)  : [ 2948.9727,  2949.4908], score = 0.38      <et=153.28>
SB phase 1 cand. 49 branch on var x[(35, 74)]_0_3558_0_OspV (lhs=0.5903)  : [ 2949.6012,  2951.7965], score = 3.36      <et=153.75>
SB phase 1 cand. 50 branch on var x[(30, 40)]_0_3084_0_OspV (lhs=0.5933)  : [ 2948.8015,  2949.1810], score = 0.15      <et=154.06>
SB phase 1 cand. 51 branch on var x[(42, 117)]_0_4175_0_OspV (lhs=0.4035) : [ 2949.7430,  2951.4991], score = 3.47      <et=154.58>
SB phase 1 cand. 52 branch on var x[(42, 53)]_0_4111_0_OspV (lhs=0.5965)  : [ 2949.7430,  2951.4991], score = 3.47      <et=155.08>
SB phase 1 cand. 53 branch on var x[(0, 22)]_0_2310_0_OspV (lhs=0.4021)   : [ 2949.0853,  2949.3403], score = 0.41      <et=155.46>
SB phase 1 cand. 54 branch on var x[(56, 66)]_0_5125_0_OspV (lhs=0.4002)  : [ 2949.3812,  2950.0531], score = 1.22      <et=155.9>
SB phase 1 cand. 55 branch on var x[(25, 48)]_0_2627_0_OspV (lhs=0.3927)  : [ 2949.5485,  2954.2163], score = 5.57      <et=156.43>
SB phase 1 cand. 56 branch on var x[(12, 73)]_0_1326_0_OspV (lhs=0.6101)  : [ 2949.2190,  2950.4452], score = 1.24      <et=156.88>
SB phase 1 cand. 57 branch on var x[(11, 104)]_0_1248_0_OspV (lhs=0.6104) : [ 2950.0459,  2952.5074], score = 5.85      <et=157.47>
SB phase 1 cand. 58 branch on var x[(3, 104)]_0_340_0_OspV (lhs=0.3896)   : [ 2950.0726,  2952.1740], score = 5.45      <et=158.03>
SB phase 1 cand. 59 branch on var x[(49, 112)]_0_4695_0_OspV (lhs=0.3876) : [ 2949.6565,  2951.9308], score = 3.68      <et=158.54>
SB phase 1 cand. 60 branch on var x[(13, 21)]_0_1382_0_OspV (lhs=0.3842)  : [ 2949.9953,  2952.8827], score = 6.19      <et=159.06>
SB phase 1 cand. 61 branch on var x[(12, 85)]_0_1338_0_OspV (lhs=0.3798)  : [ 2949.4634,  2951.0190], score = 2.21      <et=159.53>
SB phase 1 cand. 62 branch on var x[(3, 13)]_0_249_0_OspV (lhs=0.6214)    : [ 2949.7310,  2952.8848], score = 5.05      <et=160.05>
SB phase 1 cand. 63 branch on var x[(29, 73)]_0_3026_0_OspV (lhs=0.3772)  : [ 2949.0293,  2952.2161], score = 1.71      <et=160.5>
SB phase 1 cand. 64 branch on var x[(0, 94)]_0_6882_0_OspV (lhs=0.3754)   : [ 2949.0758,  2950.2886], score = 0.89      <et=160.89>
SB phase 1 cand. 65 branch on var x[(22, 82)]_0_2370_0_OspV (lhs=0.6278)  : [ 2948.8749,  2950.3933], score = 0.57      <et=161.26>
SB phase 1 cand. 66 branch on var x[(103, 111)]_0_7097_0_OspV (lhs=0.6298): [ 2948.9586,  2950.3851], score = 0.72      <et=161.66>
SB phase 1 cand. 67 branch on var x[(32, 111)]_0_3334_0_OspV (lhs=0.3702) : [ 2948.9586,  2950.4418], score = 0.74      <et=162.06>
SB phase 1 cand. 68 branch on var x[(0, 66)]_0_5720_0_OspV (lhs=0.3687)   : [ 2949.1052,  2950.0073], score = 0.78      <et=162.45>
SB phase 1 cand. 69 branch on var x[(0, 23)]_0_2409_0_OspV (lhs=0.3568)   : [ 2949.0825,  2950.6965], score = 1.11      <et=162.89>
SB phase 1 cand. 70 branch on var x[(0, 112)]_0_7215_0_OspV (lhs=0.3536)  : [ 2948.9269,  2950.9323], score = 0.86      <et=163.28>
SB phase 1 cand. 71 branch on var x[(0, 20)]_0_2109_0_OspV (lhs=0.3528)   : [ 2948.9765,  2949.3267], score = 0.32      <et=163.64>
SB phase 1 cand. 72 branch on var x[(30, 106)]_0_3150_0_OspV (lhs=0.3527) : [ 2948.7035,  2949.2341], score = 0.09      <et=163.94>
SB phase 1 cand. 73 branch on var x[(34, 102)]_0_3500_0_OspV (lhs=0.3526) : [ 2948.7941,  2950.9413], score = 0.55      <et=164.33>
SB phase 1 cand. 74 branch on var x[(37, 115)]_0_3768_0_OspV (lhs=0.6495) : [ 2949.3191,  2951.3782], score = 2.13      <et=164.77>
SB phase 1 cand. 75 branch on var x[(35, 91)]_0_3575_0_OspV (lhs=0.3424)  : [ 2949.2457,  2955.0465], score = 4.43      <et=165.28>
SB phase 1 cand. 76 branch on var x[(70, 115)]_0_5979_0_OspV (lhs=0.3413) : [ 2949.2125,  2951.6903], score = 2.03      <et=165.75>
SB phase 1 cand. 77 branch on var x[(0, 101)]_0_7050_0_OspV (lhs=0.3391)  : [ 2949.0865,  2951.2876], score = 1.43      <et=166.23>
SB phase 1 cand. 78 branch on var x[(94, 101)]_0_6889_0_OspV (lhs=0.6609) : [ 2949.1969,  2950.8645], score = 1.46      <et=166.67>
SB phase 1 cand. 79 branch on var x[(0, 73)]_0_6084_0_OspV (lhs=0.3390)   : [ 2949.1049,  2951.0903], score = 1.37      <et=167.12>
SB phase 1 cand. 80 branch on var x[(20, 108)]_0_2197_0_OspV (lhs=0.3360) : [ 2948.7861,  2952.0133], score = 0.77      <et=167.53>
SB phase 1 cand. 81 branch on var x[(24, 98)]_0_2581_0_OspV (lhs=0.3354)  : [ 2949.1372,  2953.0455], score = 2.58      <et=168.04>
SB phase 1 cand. 82 branch on var x[(26, 113)]_0_2787_0_OspV (lhs=0.6656) : [ 2948.9530,  2950.3136], score = 0.68      <et=168.41>
SB phase 1 cand. 83 branch on var x[(24, 50)]_0_2533_0_OspV (lhs=0.6700)  : [ 2949.1372,  2953.3611], score = 2.76      <et=168.98>
SB phase 1 cand. 84 branch on var x[(0, 106)]_0_7140_0_OspV (lhs=0.3286)  : [ 2948.7080,  2950.9010], score = 0.34      <et=169.34>
SB phase 1 cand. 85 branch on var x[(0, 33)]_0_3344_0_OspV (lhs=0.6716)   : [ 2949.0829,  2950.5335], score = 1.03      <et=169.74>
SB phase 1 cand. 86 branch on var x[(71, 120)]_0_6034_0_OspV (lhs=0.3256) : [ 2949.0439,  2952.2068], score = 1.75      <et=170.14>
SB phase 1 cand. 87 branch on var x[(63, 92)]_0_5578_0_OspV (lhs=0.3183)  : [ 2948.9497,  2952.6539], score = 1.58      <et=170.55>
SB phase 1 cand. 88 branch on var x[(71, 76)]_0_5990_0_OspV (lhs=0.3183)  : [ 2949.1063,  2952.1719], score = 1.96      <et=170.99>
SB phase 1 cand. 89 branch on var x[(27, 106)]_0_2874_0_OspV (lhs=0.3102) : [ 2948.7819,  2949.6930], score = 0.25      <et=171.35>
SB phase 1 cand. 90 branch on var x[(8, 15)]_0_826_0_OspV (lhs=0.6916)    : [ 2949.2226,  2954.8006], score = 4.12      <et=171.88>
SB phase 1 cand. 91 branch on var x[(2, 56)]_0_174_0_OspV (lhs=0.3067)    : [ 2948.9555,  2953.4049], score = 1.90      <et=172.36>
SB phase 1 cand. 92 branch on var x[(17, 26)]_0_1809_0_OspV (lhs=0.3039)  : [ 2948.7779,  2951.5796], score = 0.65      <et=172.71>
SB phase 1 cand. 93 branch on var x[(52, 73)]_0_4866_0_OspV (lhs=0.3035)  : [ 2949.0076,  2951.7495], score = 1.42      <et=173.16>
SB phase 1 cand. 94 branch on var x[(60, 117)]_0_5426_0_OspV (lhs=0.3023) : [ 2949.4011,  2952.6991], score = 3.47      <et=173.63>
SB phase 1 cand. 95 branch on var x[(102, 110)]_0_7078_0_OspV (lhs=0.7006): [ 2948.7935,  2953.8143], score = 1.21      <et=174.1>
SB phase 1 cand. 96 branch on var x[(0, 113)]_0_7224_0_OspV (lhs=0.2948)  : [ 2948.8598,  2951.4334], score = 0.85      <et=174.49>
SB phase 1 cand. 97 branch on var x[(43, 53)]_0_4189_0_OspV (lhs=0.2929)  : [ 2949.3697,  2954.6841], score = 4.94      <et=175.03>
SB phase 1 cand. 98 branch on var x[(33, 97)]_0_3408_0_OspV (lhs=0.2913)  : [ 2948.9090,  2954.3577], score = 2.01      <et=175.46>
SB phase 1 cand. 99 branch on var x[(0, 96)]_0_6935_0_OspV (lhs=0.7164)   : [ 2949.1093,  2952.0912], score = 1.93      <et=175.91>
SB phase 1 cand. 100 branch on var x[(96, 109)]_0_6948_0_OspV (lhs=0.2805) : [ 2948.9346,  2951.2735], score = 1.01      <et=176.32>
**** Strong branching phase 2 is started *****
<DWph=1> <it= 48> <et=186.90> <Mt= 2.16> <Spt= 8.38> <nCl=559> <al=0.00> <DB= 2953.3277> <Mlp= 2953.3277> <PB=10000000> 
<DWph=1> <it=  3> <et=188.25> <Mt= 0.02> <Spt= 1.00> <nCl= 11> <al=0.00> <DB= 2949.1091> <Mlp= 2949.1091> <PB=10000000> 
SB phase 2 cand.  1 branch on Psi[5,6] (lhs=0.7392)                     : [ 2949.1091,  2953.3277], score = 2.60      <et=188.28>
<DWph=1> <it= 18> <et=192.93> <Mt= 0.35> <Spt= 4.07> <nCl=124> <al=0.00> <DB= 2951.2976> <Mlp= 2951.2976> <PB=10000000> 
<DWph=1> <it=  9> <et=195.34> <Mt= 0.22> <Spt= 1.94> <nCl= 65> <al=0.00> <DB= 2950.1135> <Mlp= 2950.1135> <PB=10000000> 
SB phase 2 cand.  2 branch on var x[(62, 84)]_0_5512_0_OspV (lhs=0.4581): [ 2950.1135,  2951.2976], score = 4.24      <et=195.36>
<DWph=1> <it= 20> <et=200.58> <Mt= 0.28> <Spt= 4.73> <nCl= 94> <al=0.00> <DB= 2952.5982> <Mlp= 2952.5982> <PB=10000000> 
<DWph=1> <it= 22> <et=205.83> <Mt= 0.40> <Spt= 4.59> <nCl=149> <al=0.00> <DB= 2949.6897> <Mlp= 2949.6897> <PB=10000000> 
SB phase 2 cand.  3 branch on var x[(13, 21)]_0_1382_0_OspV (lhs=0.3842): [ 2949.6897,  2952.5982], score = 4.55      <et=205.86>
**** Strong branching phase 3 is started *****
**** SB phase 3 evaluation of candidate 1, branch 1 ( x[(13, 21)]_0_1382_0_OspV >= 1 ), value = 2952.6
<DWph=2> <it=  1> <et=206.21> <Mt= 0.01> <Spt= 0.12> <nCl=  7> <al=0.50> <DB= 2592.5982> <Mlp= 2952.5982> <PB=10000000> 
<DWph=2> <it=  2> <et=206.49> <Mt= 0.03> <Spt= 0.24> <nCl=  4> <al=0.00> <DB= 2952.5530> <Mlp= 2952.5530> <PB=10000000> 
<DWph=1> <it=  3> <et=206.74> <Mt= 0.00> <Spt= 0.24> <nCl=  4> <al=0.40> <DB= 2923.8336> <Mlp= 2952.5530> <PB=10000000> 
<DWph=1> <it=  4> <et=207.20> <Mt= 0.01> <Spt= 0.46> <nCl=  1> <al=0.00> <DB= 2952.5530> <Mlp= 2952.5530> <PB=10000000> 
    RCSP exact solver info for graph G_0 : TT = 1.8605, pt = 0.004194, dt = 1.70213, ct = 0.151953, ndl = 155582', bdl = 11993674', odl = 83305', odf = 2454723', bsi = 1729', cnt = 8225215', bdch = 395605875', odch = 54481111', lcp = 9985671', #sols = 150
<DWph=0> <it=  5> <et=209.10> <Mt= 0.01> <Spt= 1.90> <nCl=150> <al=0.20> <DB= 2268.3876> <Mlp= 2952.5530> <PB=10000000> 
    RCSP exact solver info for graph G_0 : TT = 2.0766, pt = 0.00506, dt = 1.89288, ct = 0.176442, ndl = 164833', bdl = 12538499', odl = 85532', odf = 2569529', bsi = 1634', cnt = 9816410', bdch = 433774763', odch = 63979900', lcp = 11923438', #sols = 150
<DWph=0> <it=  6> <et=211.32> <Mt= 0.10> <Spt= 2.10> <nCl=128> <al=0.10> <DB= 2575.5006> <Mlp= 2952.0955> <PB=10000000> 
    RCSP exact solver info for graph G_0 : TT = 1.83393, pt = 0.005133, dt = 1.665, ct = 0.161657, ndl = 149796', bdl = 11467044', odl = 81154', odf = 2351045', bsi = 1678', cnt = 8996279', bdch = 370292559', odch = 53995818', lcp = 9834911', #sols = 150
<DWph=0> <it=  7> <et=213.25> <Mt= 0.08> <Spt= 1.86> <nCl= 58> <al=0.19> <DB= 2699.1430> <Mlp= 2951.8651> <PB=10000000> 
    RCSP exact solver info for graph G_0 : TT = 3.07158, pt = 0.004949, dt = 2.90662, ct = 0.157567, ndl = 145849', bdl = 11163445', odl = 79555', odf = 2297150', bsi = 1703', cnt = 8946355', bdch = 350525406', odch = 52297432', lcp = 9463348', #sols = 150
<DWph=0> <it=  8> <et=215.13> <Mt= 0.08> <Spt= 1.80> <nCl=  7> <al=0.27> <DB= 2883.3321> <Mlp= 2951.8029> <PB=10000000> 
    RCSP exact solver info for graph G_0 : TT = 1.82293, pt = 0.004619, dt = 1.6529, ct = 0.16325, ndl = 144732', bdl = 11079310', odl = 79088', odf = 2285310', bsi = 1634', cnt = 9015976', bdch = 343699223', odch = 52137644', lcp = 9380610', #sols = 150
<DWph=0> <it=  9> <et=216.97> <Mt= 0.01> <Spt= 1.83> <nCl= 11> <al=0.17> <DB= 2909.4058> <Mlp= 2951.7995> <PB=10000000> 
    RCSP exact solver info for graph G_0 : TT = 1.84674, pt = 0.004897, dt = 1.66936, ct = 0.170126, ndl = 145141', bdl = 11109400', odl = 79303', odf = 2291239', bsi = 1617', cnt = 9104748', bdch = 345234071', odch = 52217460', lcp = 9374068', #sols = 150
    RCSP exact solver info for graph G_0 : TT = 1.72307, pt = 0.004447, dt = 1.55788, ct = 0.158425, ndl = 144862', bdl = 11085602', odl = 79449', odf = 2288129', bsi = 1628', cnt = 9102620', bdch = 344135018', odch = 52056178', lcp = 9369833', #sols = 150
<DWph=0> <it= 10> <et=220.57> <Mt= 0.01> <Spt= 3.59> <nCl= 23> <al=0.00> <DB= 2951.7995> <Mlp= 2951.7995> <PB=10000000> 
RCSP solver dynamic params and stats :  bidir.bord. = 375 aver.obdmd = 98.0984 aver.buck.num. = 101 nbR1C = 141 with avMem = 14.1702
@@ 208 0 2951.8 2.0266 3.06419 92.453 220.57
    Full reduced cost fixing is not called (gap ratio is 0.999994)
ColGenEvalAlg final dual bound: 2951.8 (rounded: 2952)
Current active cuts : CAP(1+9,120.729) R1C(13+128,362.62) 1rowPackR1C(13) 3rowPackR1C(74) 4rowPackR1C(28) 5rowPackR1C(26)
4 Rank-1 1-rows pack. cuts added ,  max viol. = 0.0519762, aver. viol. = 0.0295071
150 Rank-1 3-rows pack. cuts added ,  max viol. = 0.262479, aver. viol. = 0.12545
Shrinking heuristic shrunk 22 edges
In total 8 RCC cut(s) are found by the greedy construction heuristic 
In total 47 RCC cut(s) are found by the global pool greedy search heuristic 
----- Add fac. cuts : CAP(55) R1C(154), max.viol = 0.262479, aver.viol = 0.097336, sep/add took 0.0654714/0.899914 sec. -----
10441 columns (9533 active), 426 dyn. constrs. (368 active), 672 art. vars. (610 active)
<DWph=2> <it=  1> <et=221.93> <Mt= 0.23> <Spt= 0.13> <nCl=  6> <al=0.50> <DB= 2589.6115> <Mlp= 2953.6470> <PB=10000000> 
<DWph=2> <it=  2> <et=222.13> <Mt= 0.07> <Spt= 0.12> <nCl=  7> <al=0.55> <DB= 2915.1721> <Mlp= 2953.5402> <PB=10000000> 
<DWph=2> <it=  3> <et=222.29> <Mt= 0.04> <Spt= 0.12> <nCl=  2> <al=0.60> <DB= 2952.4936> <Mlp= 2953.5134> <PB=10000000> 
<DWph=2> <it=  4> <et=222.55> <Mt= 0.01> <Spt= 0.24> <nCl= 18> <al=0.00> <DB= 2833.5134> <Mlp= 2953.5134> <PB=10000000> 
<DWph=2> <it=  5> <et=222.81> <Mt= 0.02> <Spt= 0.24> <nCl= 14> <al=0.00> <DB= 2953.5079> <Mlp= 2953.5079> <PB=10000000> 
<DWph=1> <it=  6> <et=223.04> <Mt= 0.01> <Spt= 0.22> <nCl= 16> <al=0.30> <DB= 2730.4198> <Mlp= 2953.5079> <PB=10000000> 
<DWph=1> <it=  7> <et=223.29> <Mt= 0.02> <Spt= 0.23> <nCl=  8> <al=0.20> <DB= 2855.1254> <Mlp= 2953.5078> <PB=10000000> 
<DWph=1> <it=  8> <et=223.55> <Mt= 0.03> <Spt= 0.23> <nCl=  5> <al=0.28> <DB= 2900.2163> <Mlp= 2953.4998> <PB=10000000> 
<DWph=1> <it=  9> <et=223.80> <Mt= 0.03> <Spt= 0.23> <nCl=  5> <al=0.35> <DB= 2847.3203> <Mlp= 2953.4982> <PB=10000000> 
<DWph=1> <it= 10> <et=224.26> <Mt= 0.01> <Spt= 0.45> <nCl=  8> <al=0.00> <DB= 2950.0507> <Mlp= 2953.4982> <PB=10000000> 
<DWph=1> <it= 11> <et=224.73> <Mt= 0.01> <Spt= 0.45> <nCl=  3> <al=0.00> <DB= 2953.4982> <Mlp= 2953.4982> <PB=10000000> 
    RCSP exact solver info for graph G_0 : TT = 1.86032, pt = 0.004663, dt = 1.66775, ct = 0.185919, ndl = 153204', bdl = 11661832', odl = 82612', odf = 2434727', bsi = 1583', cnt = 10802575', bdch = 381391589', odch = 57088563', lcp = 10377627', #sols = 150
<DWph=0> <it= 12> <et=226.64> <Mt= 0.01> <Spt= 1.91> <nCl=150> <al=0.05> <DB= 2407.7893> <Mlp= 2953.4982> <PB=10000000> 
    RCSP exact solver info for graph G_0 : TT = 1.87827, pt = 0.004498, dt = 1.68825, ct = 0.183137, ndl = 152895', bdl = 11741273', odl = 82625', odf = 2422606', bsi = 1650', cnt = 10148775', bdch = 383409157', odch = 56159139', lcp = 10144709', #sols = 150
<DWph=0> <it= 13> <et=228.63> <Mt= 0.08> <Spt= 1.90> <nCl= 77> <al=0.00> <DB= 2587.9027> <Mlp= 2953.2703> <PB=10000000> 
    RCSP exact solver info for graph G_0 : TT = 1.89671, pt = 0.005119, dt = 1.7025, ct = 0.186628, ndl = 149580', bdl = 11525274', odl = 82190', odf = 2374866', bsi = 1606', cnt = 9734232', bdch = 370933063', odch = 53125988', lcp = 9748697', #sols = 150
<DWph=0> <it= 14> <et=230.57> <Mt= 0.03> <Spt= 1.92> <nCl= 25> <al=0.05> <DB= 2913.0670> <Mlp= 2953.2523> <PB=10000000> 
    RCSP exact solver info for graph G_0 : TT = 2.02417, pt = 0.004996, dt = 1.82417, ct = 0.192522, ndl = 150155', bdl = 11556760', odl = 82383', odf = 2380178', bsi = 1640', cnt = 9701537', bdch = 373480586', odch = 53314463', lcp = 9778510', #sols = 150
    RCSP exact solver info for graph G_0 : TT = 1.90057, pt = 0.004649, dt = 1.72082, ct = 0.17273, ndl = 149792', bdl = 11534257', odl = 82572', odf = 2378547', bsi = 1626', cnt = 9643526', bdch = 372338884', odch = 52934131', lcp = 9705544', #sols = 150
<DWph=0> <it= 15> <et=234.55> <Mt= 0.02> <Spt= 3.94> <nCl= 23> <al=0.00> <DB= 2953.2518> <Mlp= 2953.2518> <PB=10000000> 
RCSP solver dynamic params and stats :  bidir.bord. = 375 aver.obdmd = 98.0984 aver.buck.num. = 101 nbR1C = 152 with avMem = 13.9539
@@ 208 1 2953.25 1.90489 2.0167 92.453 234.55
    Full reduced cost fixing is not called (gap ratio is 0.999994)
ColGenEvalAlg final dual bound: 2953.25 (rounded: 2954)
False gap improvement since the last cut separation : 0.00492016 (2951.8)
Separator R1C not in maximum phase
Cut generation tailing off counter increased to 0
Current active cuts : CAP(1+10,109.624) R1C(14+138,377.389) 1rowPackR1C(14) 3rowPackR1C(90) 4rowPackR1C(25) 5rowPackR1C(23)
8 Rank-1 1-rows pack. cuts added ,  max viol. = 0.112038, aver. viol. = 0.0439374
150 Rank-1 3-rows pack. cuts added ,  max viol. = 0.147042, aver. viol. = 0.067721
Building structures for heuristic rank-1 packing cut separation...done!
100 Rank-1 4-rows pack. cuts added ,  max viol. = 0.180769, aver. viol. = 0.0722283
Shrinking heuristic shrunk 11 edges
In total 4 RCC cut(s) are found by the global pool greedy search heuristic 
----- Add fac. cuts : CAP(4) R1C(258), max.viol = 0.186311, aver.viol = 0.0733306, sep/add took 0.16915/1.56294 sec. -----
10808 columns (9900 active), 688 dyn. constrs. (432 active), 934 art. vars. (674 active)
<DWph=2> <it=  1> <et=236.90> <Mt= 0.36> <Spt= 0.21> <nCl=  7> <al=0.50> <DB= 2929.1514> <Mlp= 2955.2414> <PB=10000000> 
<DWph=2> <it=  2> <et=237.27> <Mt= 0.05> <Spt= 0.32> <nCl= 19> <al=0.10> <DB= 2751.6563> <Mlp= 2955.2331> <PB=10000000> 
<DWph=2> <it=  3> <et=237.55> <Mt= 0.06> <Spt= 0.22> <nCl=  6> <al=0.45> <DB= 2696.2881> <Mlp= 2955.2020> <PB=10000000> 
<DWph=2> <it=  4> <et=237.78> <Mt= 0.01> <Spt= 0.21> <nCl=  3> <al=0.51> <DB= 2954.6674> <Mlp= 2955.2020> <PB=10000000> 
<DWph=2> <it=  5> <et=238.14> <Mt= 0.05> <Spt= 0.32> <nCl= 14> <al=0.00> <DB= 2794.4606> <Mlp= 2955.2001> <PB=10000000> 
<DWph=2> <it=  6> <et=238.35> <Mt= 0.05> <Spt= 0.16> <nCl=  9> <al=0.31> <DB= 2863.6383> <Mlp= 2955.1937> <PB=10000000> 
<DWph=2> <it=  7> <et=238.72> <Mt= 0.06> <Spt= 0.31> <nCl= 12> <al=0.00> <DB= 2839.7475> <Mlp= 2955.1691> <PB=10000000> 
<DWph=2> <it=  8> <et=238.92> <Mt= 0.03> <Spt= 0.17> <nCl=  1> <al=0.27> <DB= 2944.7550> <Mlp= 2955.1671> <PB=10000000> 
<DWph=2> <it=  9> <et=239.29> <Mt= 0.01> <Spt= 0.35> <nCl=  8> <al=0.00> <DB= 2927.7074> <Mlp= 2955.1671> <PB=10000000> 
<DWph=2> <it= 10> <et=239.68> <Mt= 0.01> <Spt= 0.37> <nCl=  1> <al=0.00> <DB= 2955.1671> <Mlp= 2955.1671> <PB=10000000> 
<DWph=1> <it= 11> <et=240.00> <Mt= 0.01> <Spt= 0.32> <nCl= 11> <al=0.00> <DB= 2794.9434> <Mlp= 2955.1671> <PB=10000000> 
<DWph=1> <it= 12> <et=240.38> <Mt= 0.12> <Spt= 0.27> <nCl= 16> <al=0.00> <DB= 2689.3471> <Mlp= 2955.1348> <PB=10000000> 
<DWph=1> <it= 13> <et=240.76> <Mt= 0.03> <Spt= 0.29> <nCl=  7> <al=0.08> <DB= 2790.7471> <Mlp= 2955.1333> <PB=10000000> 
<DWph=1> <it= 14> <et=241.05> <Mt= 0.02> <Spt= 0.26> <nCl= 12> <al=0.00> <DB= 2572.5639> <Mlp= 2955.1304> <PB=10000000> 
<DWph=1> <it= 15> <et=241.73> <Mt= 0.01> <Spt= 0.68> <nCl=  5> <al=0.00> <DB= 2955.1304> <Mlp= 2955.1304> <PB=10000000> 
    RCSP exact solver info for graph G_0 : TT = 2.88791, pt = 0.005949, dt = 2.61252, ct = 0.266929, ndl = 200474', bdl = 15001515', odl = 96170', odf = 3287366', bsi = 1755', cnt = 15859916', bdch = 638621315', odch = 109026155', lcp = 16748979', #sols = 150
<DWph=0> <it= 16> <et=244.69> <Mt= 0.01> <Spt= 2.94> <nCl=150> <al=0.00> <DB= 2544.7903> <Mlp= 2955.1304> <PB=10000000> 
    RCSP exact solver info for graph G_0 : TT = 4.2087, pt = 0.005989, dt = 3.92565, ct = 0.274805, ndl = 192975', bdl = 14573278', odl = 94770', odf = 3140156', bsi = 1779', cnt = 13873663', bdch = 590759064', odch = 96152192', lcp = 15303194', #sols = 150
<DWph=0> <it= 17> <et=248.03> <Mt= 0.37> <Spt= 2.98> <nCl=148> <al=0.08> <DB= 2753.5673> <Mlp= 2954.8895> <PB=10000000> 
    RCSP exact solver info for graph G_0 : TT = 3.05569, pt = 0.008658, dt = 2.72795, ct = 0.31619, ndl = 189170', bdl = 14291167', odl = 93099', odf = 3081196', bsi = 1699', cnt = 13820032', bdch = 567055905', odch = 92759036', lcp = 15021103', #sols = 150
<DWph=0> <it= 18> <et=251.26> <Mt= 0.13> <Spt= 3.09> <nCl= 76> <al=0.17> <DB= 2817.9824> <Mlp= 2954.8515> <PB=10000000> 
    RCSP exact solver info for graph G_0 : TT = 3.00601, pt = 0.007113, dt = 2.69911, ct = 0.297161, ndl = 186846', bdl = 14107583', odl = 93011', odf = 3026013', bsi = 1682', cnt = 13669131', bdch = 557321732', odch = 92585044', lcp = 15032540', #sols = 150
<DWph=0> <it= 19> <et=254.36> <Mt= 0.08> <Spt= 3.03> <nCl= 24> <al=0.26> <DB= 2702.1841> <Mlp= 2954.8308> <PB=10000000> 
    RCSP exact solver info for graph G_0 : TT = 3.15024, pt = 0.007931, dt = 2.85634, ct = 0.283388, ndl = 188324', bdl = 14193112', odl = 93091', odf = 3055671', bsi = 1691', cnt = 13750980', bdch = 565807746', odch = 94063853', lcp = 15109692', #sols = 150
<DWph=0> <it= 20> <et=257.55> <Mt= 0.02> <Spt= 3.16> <nCl=  3> <al=0.33> <DB= 2909.6224> <Mlp= 2954.8297> <PB=10000000> 
    RCSP exact solver info for graph G_0 : TT = 2.86088, pt = 0.007134, dt = 2.57396, ct = 0.277327, ndl = 187570', bdl = 14130321', odl = 92698', odf = 3037838', bsi = 1711', cnt = 13681460', bdch = 560592896', odch = 94417856', lcp = 15097229', #sols = 150
<DWph=0> <it= 21> <et=260.43> <Mt= 0.01> <Spt= 2.87> <nCl=  7> <al=0.23> <DB= 2941.7499> <Mlp= 2954.8297> <PB=10000000> 
    RCSP exact solver info for graph G_0 : TT = 2.81505, pt = 0.00675, dt = 2.53061, ct = 0.275226, ndl = 187256', bdl = 14109477', odl = 92700', odf = 3031563', bsi = 1719', cnt = 13663946', bdch = 559587986', odch = 94396395', lcp = 15096014', #sols = 150
<DWph=0> <it= 22> <et=263.27> <Mt= 0.01> <Spt= 2.83> <nCl= 10> <al=0.31> <DB= 2950.2758> <Mlp= 2954.8297> <PB=10000000> 
    RCSP exact solver info for graph G_0 : TT = 2.80313, pt = 0.006414, dt = 2.52133, ct = 0.272464, ndl = 186728', bdl = 14068681', odl = 92493', odf = 3025184', bsi = 1714', cnt = 13623268', bdch = 556135313', odch = 94098374', lcp = 15049824', #sols = 150
    RCSP exact solver info for graph G_0 : TT = 2.56269, pt = 0.005592, dt = 2.3149, ct = 0.239795, ndl = 186229', bdl = 14038313', odl = 92425', odf = 3017101', bsi = 1668', cnt = 13584407', bdch = 554050718', odch = 93745138', lcp = 15008331', #sols = 150
<DWph=0> <it= 23> <et=268.67> <Mt= 0.01> <Spt= 5.38> <nCl= 15> <al=0.00> <DB= 2954.8297> <Mlp= 2954.8297> <PB=10000000> 
RCSP solver dynamic params and stats :  bidir.bord. = 375 aver.obdmd = 98.0984 aver.buck.num. = 101 nbR1C = 177 with avMem = 14.678
@@ 208 2 2954.83 3.02952 4.20046 92.453 268.67
    Full reduced cost fixing is not called (gap ratio is 0.999994)
ColGenEvalAlg final dual bound: 2954.83 (rounded: 2955)
False gap improvement since the last cut separation : 0.00534276 (2953.25)
Separator R1C not in maximum phase
Cut generation tailing off counter increased to 0
Current active cuts : CAP(1+8,152.655) R1C(16+161,395.331) 1rowPackR1C(16) 3rowPackR1C(96) 4rowPackR1C(47) 5rowPackR1C(18)
7 Rank-1 1-rows pack. cuts added ,  max viol. = 0.0742115, aver. viol. = 0.0502459
150 Rank-1 3-rows pack. cuts added ,  max viol. = 0.122576, aver. viol. = 0.0468335
Building structures for heuristic rank-1 packing cut separation...done!
100 Rank-1 4-rows pack. cuts added ,  max viol. = 0.104412, aver. viol. = 0.0543702
100 Rank-1 5-rows pack. cuts added ,  max viol. = 0.140279, aver. viol. = 0.0853906
Shrinking heuristic shrunk 17 edges
In total 22 RCC cut(s) are found by the global pool greedy search heuristic 
----- Add fac. cuts : CAP(22) R1C(357), max.viol = 0.218602, aver.viol = 0.0651048, sep/add took 0.863787/1.02735 sec. -----
10612 columns (7061 active), 886 dyn. constrs. (574 active), 1313 art. vars. (816 active)
<DWph=2> <it=  1> <et=271.16> <Mt= 0.27> <Spt= 0.17> <nCl=  6> <al=0.50> <DB= 2839.7086> <Mlp= 2956.3979> <PB=10000000> 
<DWph=2> <it=  2> <et=271.59> <Mt= 0.12> <Spt= 0.31> <nCl=  9> <al=0.10> <DB= 2933.7188> <Mlp= 2956.3380> <PB=10000000> 
<DWph=2> <it=  3> <et=271.90> <Mt= 0.02> <Spt= 0.30> <nCl=  7> <al=0.00> <DB= 2797.3793> <Mlp= 2956.3380> <PB=10000000> 
<DWph=2> <it=  4> <et=272.10> <Mt= 0.03> <Spt= 0.16> <nCl=  3> <al=0.35> <DB= 2955.3472> <Mlp= 2956.3361> <PB=10000000> 
<DWph=2> <it=  5> <et=272.28> <Mt= 0.01> <Spt= 0.16> <nCl=  1> <al=0.42> <DB= 2909.3999> <Mlp= 2956.3361> <PB=10000000> 
<DWph=2> <it=  6> <et=272.61> <Mt= 0.03> <Spt= 0.31> <nCl=  6> <al=0.00> <DB= 2952.8916> <Mlp= 2956.3355> <PB=10000000> 
<DWph=2> <it=  7> <et=272.93> <Mt= 0.01> <Spt= 0.31> <nCl=  2> <al=0.00> <DB= 2956.3353> <Mlp= 2956.3353> <PB=10000000> 
<DWph=1> <it=  8> <et=273.22> <Mt= 0.01> <Spt= 0.28> <nCl=  7> <al=0.27> <DB= 2801.9075> <Mlp= 2956.3353> <PB=10000000> 
<DWph=1> <it=  9> <et=273.60> <Mt= 0.08> <Spt= 0.30> <nCl=  8> <al=0.17> <DB= 2721.5091> <Mlp= 2956.3188> <PB=10000000> 
<DWph=1> <it= 10> <et=274.04> <Mt= 0.15> <Spt= 0.29> <nCl=  4> <al=0.26> <DB= 2836.9129> <Mlp= 2956.2666> <PB=10000000> 
<DWph=1> <it= 11> <et=274.36> <Mt= 0.02> <Spt= 0.30> <nCl=  1> <al=0.33> <DB= 2916.8159> <Mlp= 2956.2665> <PB=10000000> 
<DWph=1> <it= 12> <et=274.68> <Mt= 0.01> <Spt= 0.30> <nCl=  4> <al=0.23> <DB= 2895.4465> <Mlp= 2956.2665> <PB=10000000> 
<DWph=1> <it= 13> <et=275.29> <Mt= 0.03> <Spt= 0.58> <nCl=  6> <al=0.00> <DB= 2952.3745> <Mlp= 2956.2661> <PB=10000000> 
<DWph=1> <it= 14> <et=275.88> <Mt= 0.02> <Spt= 0.57> <nCl=  6> <al=0.00> <DB= 2956.2660> <Mlp= 2956.2660> <PB=10000000> 
1 bl.dch (5253)...    RCSP exact solver info for graph G_0 : TT = 5.81101, pt = 0.006028, dt = 5.36558, ct = 0.436728, ndl = 262542', bdl = 19203061', odl = 115139', odf = 4437598', bsi = 1685', cnt = 26700641', bdch = 1041069247', odch = 211196995', lcp = 31096704', #sols = 150
<DWph=0> <it= 15> <et=280.49> <Mt= 0.00> <Spt= 4.60> <nCl=150> <al=0.11> <DB= 2388.5340> <Mlp= 2956.2660> <PB=10000000> 
    RCSP exact solver info for graph G_0 : TT = 4.29997, pt = 0.006476, dt = 3.88285, ct = 0.40794, ndl = 256603', bdl = 18717317', odl = 113426', odf = 4323452', bsi = 1692', cnt = 24559930', bdch = 996865402', odch = 188197642', lcp = 29094039', #sols = 150
<DWph=0> <it= 16> <et=285.33> <Mt= 0.49> <Spt= 4.35> <nCl= 97> <al=0.20> <DB= 2746.3476> <Mlp= 2956.0741> <PB=10000000> 
    RCSP exact solver info for graph G_0 : TT = 4.09488, pt = 0.006351, dt = 3.6847, ct = 0.401256, ndl = 250592', bdl = 18385476', odl = 113125', odf = 4186446', bsi = 1671', cnt = 25206597', bdch = 965821443', odch = 173406898', lcp = 27446602', #sols = 150
<DWph=0> <it= 17> <et=289.60> <Mt= 0.15> <Spt= 4.12> <nCl= 34> <al=0.28> <DB= 2866.8515> <Mlp= 2956.0478> <PB=10000000> 
    RCSP exact solver info for graph G_0 : TT = 3.95801, pt = 0.006787, dt = 3.55904, ct = 0.389742, ndl = 244812', bdl = 18077665', odl = 112024', odf = 4106272', bsi = 1637', cnt = 24200919', bdch = 925249152', odch = 169428427', lcp = 26503597', #sols = 150
<DWph=0> <it= 18> <et=293.61> <Mt= 0.04> <Spt= 3.97> <nCl= 13> <al=0.35> <DB= 2924.8858> <Mlp= 2956.0463> <PB=10000000> 
    RCSP exact solver info for graph G_0 : TT = 4.04532, pt = 0.006979, dt = 3.64439, ct = 0.391144, ndl = 242334', bdl = 17920070', odl = 111310', odf = 4068095', bsi = 1674', cnt = 23928561', bdch = 905962083', odch = 167947766', lcp = 26107120', #sols = 150
<DWph=0> <it= 19> <et=297.70> <Mt= 0.03> <Spt= 4.06> <nCl= 10> <al=0.25> <DB= 2935.0910> <Mlp= 2956.0461> <PB=10000000> 
    RCSP exact solver info for graph G_0 : TT = 3.99609, pt = 0.006455, dt = 3.5583, ct = 0.42868, ndl = 242351', bdl = 17928377', odl = 111324', odf = 4068591', bsi = 1672', cnt = 23846609', bdch = 906134225', odch = 168254371', lcp = 26144491', #sols = 150
    RCSP exact solver info for graph G_0 : TT = 4.16002, pt = 0.006515, dt = 3.76305, ct = 0.387795, ndl = 241291', bdl = 17867541', odl = 111363', odf = 4047223', bsi = 1615', cnt = 23688345', bdch = 900017406', odch = 166558046', lcp = 25975885', #sols = 150
<DWph=0> <it= 20> <et=305.89> <Mt= 0.01> <Spt= 8.19> <nCl= 26> <al=0.00> <DB= 2956.0461> <Mlp= 2956.0461> <PB=10000000> 
RCSP solver dynamic params and stats :  bidir.bord. = 375 aver.obdmd = 98.0984 aver.buck.num. = 101 nbR1C = 195 with avMem = 15.3538
@@ 208 3 2956.05 4.32874 5.80231 92.453 305.89
    Full reduced cost fixing is not called (gap ratio is 0.999993)
ColGenEvalAlg final dual bound: 2956.05 (rounded: 2957)
False gap improvement since the last cut separation : 0.0041168 (2954.83)
Cut generation tailing off counter increased to 1
Current active cuts : CAP(1+8,75.8467) R1C(19+176,420.899) 1rowPackR1C(19) 3rowPackR1C(94) 4rowPackR1C(50) 5rowPackR1C(32)
6 Rank-1 1-rows pack. cuts added ,  max viol. = 0.0364156, aver. viol. = 0.0256898
150 Rank-1 3-rows pack. cuts added ,  max viol. = 0.11317, aver. viol. = 0.0430507
Building structures for heuristic rank-1 packing cut separation...done!
100 Rank-1 4-rows pack. cuts added ,  max viol. = 0.165566, aver. viol. = 0.0493909
100 Rank-1 5-rows pack. cuts added ,  max viol. = 0.16609, aver. viol. = 0.101912
Shrinking heuristic shrunk 15 edges
In total 3 RCC cut(s) are found by the global pool greedy search heuristic 
----- Add fac. cuts : CAP(3) R1C(356), max.viol = 0.3171, aver.viol = 0.0730262, sep/add took 1.02736/1.4986 sec. -----
11012 columns (7461 active), 1030 dyn. constrs. (572 active), 1672 art. vars. (814 active)
<DWph=2> <it=  1> <et=309.07> <Mt= 0.32> <Spt= 0.20> <nCl=  5> <al=0.50> <DB= 2937.6934> <Mlp= 2956.9386> <PB=10000000> 
<DWph=2> <it=  2> <et=309.57> <Mt= 0.05> <Spt= 0.45> <nCl=  7> <al=0.10> <DB= 2889.4273> <Mlp= 2956.9369> <PB=10000000> 
<DWph=2> <it=  3> <et=309.98> <Mt= 0.04> <Spt= 0.36> <nCl=  9> <al=0.00> <DB= 2918.1595> <Mlp= 2956.9339> <PB=10000000> 
<DWph=2> <it=  4> <et=310.39> <Mt= 0.06> <Spt= 0.35> <nCl=  0> <al=0.00> <DB= 2956.9299> <Mlp= 2956.9299> <PB=10000000> 
<DWph=1> <it=  5> <et=310.74> <Mt= 0.01> <Spt= 0.34> <nCl=  5> <al=0.25> <DB= 2866.2806> <Mlp= 2956.9299> <PB=10000000> 
<DWph=1> <it=  6> <et=311.52> <Mt= 0.05> <Spt= 0.72> <nCl=  8> <al=0.00> <DB= 2706.1666> <Mlp= 2956.9265> <PB=10000000> 
<DWph=1> <it=  7> <et=312.34> <Mt= 0.05> <Spt= 0.78> <nCl=  6> <al=0.00> <DB= 2936.3280> <Mlp= 2956.9253> <PB=10000000> 
1 bl.dch (4875)...    RCSP exact solver info for graph G_0 : TT = 5.69774, pt = 0.008272, dt = 5.0997, ct = 0.586839, ndl = 289009', bdl = 20782345', odl = 123711', odf = 4940580', bsi = 1741', cnt = 32086777', bdch = 1244859198', odch = 265386598', lcp = 39599766', #sols = 150
<DWph=0> <it=  8> <et=318.15> <Mt= 0.02> <Spt= 5.79> <nCl=150> <al=0.13> <DB= 2729.2531> <Mlp= 2956.9253> <PB=10000000> 
1 bl.dch (4879)...    RCSP exact solver info for graph G_0 : TT = 5.58761, pt = 0.009074, dt = 5.0237, ct = 0.552241, ndl = 288904', bdl = 20781076', odl = 123665', odf = 4954095', bsi = 1747', cnt = 30867017', bdch = 1238419865', odch = 265103904', lcp = 39889205', #sols = 150
<DWph=0> <it=  9> <et=324.00> <Mt= 0.21> <Spt= 5.63> <nCl= 67> <al=0.21> <DB= 2895.1223> <Mlp= 2956.8537> <PB=10000000> 
1 bl.dch (4861)...    RCSP exact solver info for graph G_0 : TT = 5.45674, pt = 0.008503, dt = 4.88837, ct = 0.557424, ndl = 290910', bdl = 20912917', odl = 124748', odf = 5016559', bsi = 1725', cnt = 30700285', bdch = 1252140427', odch = 268804651', lcp = 39947897', #sols = 150
<DWph=0> <it= 10> <et=329.53> <Mt= 0.05> <Spt= 5.48> <nCl= 29> <al=0.29> <DB= 2928.2749> <Mlp= 2956.8488> <PB=10000000> 
1 bl.dch (4867)...    RCSP exact solver info for graph G_0 : TT = 5.55663, pt = 0.007433, dt = 4.94822, ct = 0.598182, ndl = 289873', bdl = 20830670', odl = 124172', odf = 4997030', bsi = 1722', cnt = 30705583', bdch = 1243778680', odch = 267545978', lcp = 39723375', #sols = 150
<DWph=0> <it= 11> <et=335.14> <Mt= 0.03> <Spt= 5.58> <nCl= 12> <al=0.36> <DB= 2927.9336> <Mlp= 2956.8478> <PB=10000000> 
1 bl.dch (4864)...    RCSP exact solver info for graph G_0 : TT = 5.73924, pt = 0.008291, dt = 5.15275, ct = 0.575695, ndl = 290614', bdl = 20869671', odl = 124431', odf = 5009770', bsi = 1746', cnt = 30870986', bdch = 1249396040', odch = 269371201', lcp = 40005580', #sols = 150
1 bl.dch (4875)...    RCSP exact solver info for graph G_0 : TT = 6.64935, pt = 0.006731, dt = 6.0909, ct = 0.549302, ndl = 289082', bdl = 20776217', odl = 124285', odf = 4982792', bsi = 1772', cnt = 30708337', bdch = 1239791827', odch = 267301896', lcp = 39685209', #sols = 150
<DWph=0> <it= 12> <et=346.22> <Mt= 0.02> <Spt=11.06> <nCl= 28> <al=0.00> <DB= 2949.4916> <Mlp= 2956.8478> <PB=10000000> 
1 bl.dch (4883)...    RCSP exact solver info for graph G_0 : TT = 5.28487, pt = 0.007084, dt = 4.7196, ct = 0.555772, ndl = 288572', bdl = 20749704', odl = 124229', odf = 4970885', bsi = 1718', cnt = 30612363', bdch = 1235195916', odch = 266060953', lcp = 39529436', #sols = 150
1 bl.dch (4864)...    RCSP exact solver info for graph G_0 : TT = 5.30568, pt = 0.006809, dt = 4.75462, ct = 0.541536, ndl = 289610', bdl = 20813486', odl = 124388', odf = 4990177', bsi = 1768', cnt = 30774490', bdch = 1244338003', odch = 267450867', lcp = 39762683', #sols = 150
<DWph=0> <it= 13> <et=356.85> <Mt= 0.01> <Spt=10.62> <nCl= 20> <al=0.00> <DB= 2956.8478> <Mlp= 2956.8478> <PB=10000000> 
RCSP solver dynamic params and stats :  bidir.bord. = 375 aver.obdmd = 98.0984 aver.buck.num. = 101 nbR1C = 219 with avMem = 16.4155
@@ 208 4 2956.85 5.64936 6.6402 92.453 356.85
    Full reduced cost fixing is not called (gap ratio is 0.999993)
ColGenEvalAlg final dual bound: 2956.85 (rounded: 2957)
False gap improvement since the last cut separation : 0.00271212 (2956.05)
Cut generation tailing off counter increased to 2
Current active cuts : CAP(1+10,86.1256) R1C(21+198,434.159) 1rowPackR1C(21) 3rowPackR1C(98) 4rowPackR1C(58) 5rowPackR1C(42)
2 Rank-1 1-rows pack. cuts added ,  max viol. = 0.0402119, aver. viol. = 0.0340177
134 Rank-1 3-rows pack. cuts added ,  max viol. = 0.0597594, aver. viol. = 0.0348488
Building structures for heuristic rank-1 packing cut separation...done!
80 Rank-1 4-rows pack. cuts added ,  max viol. = 0.0800661, aver. viol. = 0.0351898
100 Rank-1 5-rows pack. cuts added ,  max viol. = 0.108793, aver. viol. = 0.0646903
Shrinking heuristic shrunk 11 edges
In total 5 RCC cut(s) are found by the greedy construction heuristic 
In total 23 RCC cut(s) are found by the global pool greedy search heuristic 
----- Add fac. cuts : CAP(28) R1C(316), max.viol = 0.171771, aver.viol = 0.0504284, sep/add took 1.1401/1.10229 sec. -----
11358 columns (7807 active), 1026 dyn. constrs. (583 active), 2016 art. vars. (825 active)
<DWph=2> <it=  1> <et=359.78> <Mt= 0.37> <Spt= 0.19> <nCl=  2> <al=0.50> <DB= 2957.1759> <Mlp= 2957.5040> <PB=10000000> 
<DWph=2> <it=  2> <et=360.21> <Mt= 0.03> <Spt= 0.39> <nCl= 12> <al=0.00> <DB= 2905.7718> <Mlp= 2957.5037> <PB=10000000> 
<DWph=2> <it=  3> <et=360.43> <Mt= 0.03> <Spt= 0.20> <nCl=  4> <al=0.30> <DB= 2940.4111> <Mlp= 2957.5032> <PB=10000000> 
<DWph=2> <it=  4> <et=360.66> <Mt= 0.02> <Spt= 0.20> <nCl=  3> <al=0.37> <DB= 2956.1371> <Mlp= 2957.5029> <PB=10000000> 
<DWph=2> <it=  5> <et=361.08> <Mt= 0.03> <Spt= 0.40> <nCl=  7> <al=0.00> <DB= 2945.8749> <Mlp= 2957.5028> <PB=10000000> 
<DWph=2> <it=  6> <et=361.30> <Mt= 0.01> <Spt= 0.20> <nCl=  1> <al=0.33> <DB= 2956.2407> <Mlp= 2957.5028> <PB=10000000> 
<DWph=2> <it=  7> <et=361.71> <Mt= 0.04> <Spt= 0.38> <nCl=  7> <al=0.00> <DB= 2957.5027> <Mlp= 2957.5027> <PB=10000000> 
<DWph=1> <it=  8> <et=362.09> <Mt= 0.01> <Spt= 0.36> <nCl= 10> <al=0.30> <DB= 2912.5159> <Mlp= 2957.5027> <PB=10000000> 
<DWph=1> <it=  9> <et=362.52> <Mt= 0.05> <Spt= 0.38> <nCl=  4> <al=0.20> <DB= 2923.9971> <Mlp= 2957.5011> <PB=10000000> 
<DWph=1> <it= 10> <et=363.31> <Mt= 0.02> <Spt= 0.77> <nCl= 10> <al=0.00> <DB= 2895.3135> <Mlp= 2957.5011> <PB=10000000> 
<DWph=1> <it= 11> <et=363.74> <Mt= 0.05> <Spt= 0.38> <nCl= 10> <al=0.00> <DB= 2942.4811> <Mlp= 2957.4987> <PB=10000000> 
<DWph=1> <it= 12> <et=364.17> <Mt= 0.04> <Spt= 0.38> <nCl=  7> <al=0.10> <DB= 2932.4261> <Mlp= 2957.4986> <PB=10000000> 
<DWph=1> <it= 13> <et=364.57> <Mt= 0.01> <Spt= 0.39> <nCl=  2> <al=0.00> <DB= 2922.2247> <Mlp= 2957.4986> <PB=10000000> 
<DWph=1> <it= 14> <et=365.02> <Mt= 0.06> <Spt= 0.39> <nCl=  4> <al=0.10> <DB= 2946.6472> <Mlp= 2957.4967> <PB=10000000> 
<DWph=1> <it= 15> <et=365.79> <Mt= 0.01> <Spt= 0.77> <nCl=  1> <al=0.00> <DB= 2957.4967> <Mlp= 2957.4967> <PB=10000000> 
1 bl.dch (4582)...    RCSP exact solver info for graph G_0 : TT = 7.71807, pt = 0.008496, dt = 6.82864, ct = 0.878177, ndl = 340427', bdl = 24230820', odl = 143385', odf = 5958517', bsi = 1705', cnt = 41946277', bdch = 1668458529', odch = 387428570', lcp = 56892516', #sols = 150
<DWph=0> <it= 16> <et=373.61> <Mt= 0.01> <Spt= 7.80> <nCl=150> <al=0.09> <DB= 2594.7424> <Mlp= 2957.4967> <PB=10000000> 
1 bl.dch (4600)...    RCSP exact solver info for graph G_0 : TT = 8.88022, pt = 0.009247, dt = 8.07377, ct = 0.794412, ndl = 334169', bdl = 23904893', odl = 141221', odf = 5818578', bsi = 1681', cnt = 39424897', bdch = 1615203839', odch = 372952445', lcp = 55040595', #sols = 150
<DWph=0> <it= 17> <et=381.55> <Mt= 0.27> <Spt= 7.67> <nCl= 76> <al=0.18> <DB= 2880.5623> <Mlp= 2957.4010> <PB=10000000> 
1 bl.dch (4583)...    RCSP exact solver info for graph G_0 : TT = 7.49755, pt = 0.00926, dt = 6.6951, ct = 0.790467, ndl = 338122', bdl = 24132544', odl = 141946', odf = 5890697', bsi = 1647', cnt = 40473522', bdch = 1654618987', odch = 379185500', lcp = 55760287', #sols = 150
<DWph=0> <it= 18> <et=389.18> <Mt= 0.12> <Spt= 7.51> <nCl= 14> <al=0.26> <DB= 2940.1640> <Mlp= 2957.3870> <PB=10000000> 
1 bl.dch (4588)...    RCSP exact solver info for graph G_0 : TT = 7.41205, pt = 0.009105, dt = 6.60051, ct = 0.799786, ndl = 336273', bdl = 24018696', odl = 141760', odf = 5854901', bsi = 1666', cnt = 40260365', bdch = 1640538659', odch = 377307384', lcp = 55656999', #sols = 150
<DWph=0> <it= 19> <et=396.64> <Mt= 0.03> <Spt= 7.42> <nCl=  5> <al=0.16> <DB= 2949.0036> <Mlp= 2957.3863> <PB=10000000> 
1 bl.dch (4587)...    RCSP exact solver info for graph G_0 : TT = 7.6882, pt = 0.009289, dt = 6.86851, ct = 0.807601, ndl = 336340', bdl = 24019423', odl = 141673', odf = 5853297', bsi = 1603', cnt = 40345628', bdch = 1642235433', odch = 376604293', lcp = 55680185', #sols = 150
<DWph=0> <it= 20> <et=404.36> <Mt= 0.02> <Spt= 7.70> <nCl=  7> <al=0.25> <DB= 2948.2239> <Mlp= 2957.3863> <PB=10000000> 
1 bl.dch (4587)...    RCSP exact solver info for graph G_0 : TT = 8.7627, pt = 0.008946, dt = 7.94748, ct = 0.80362, ndl = 336038', bdl = 24010793', odl = 141811', odf = 5849599', bsi = 1639', cnt = 40218456', bdch = 1640594151', odch = 375832466', lcp = 55562232', #sols = 150
1 bl.dch (4589)...    RCSP exact solver info for graph G_0 : TT = 7.24405, pt = 0.007991, dt = 6.41884, ct = 0.814567, ndl = 335768', bdl = 23992454', odl = 141689', odf = 5842662', bsi = 1705', cnt = 40191332', bdch = 1637604340', odch = 375116102', lcp = 55495341', #sols = 150
<DWph=0> <it= 21> <et=419.09> <Mt= 0.01> <Spt=14.72> <nCl= 12> <al=0.00> <DB= 2957.1253> <Mlp= 2957.3863> <PB=10000000> 
1 bl.dch (4596)...    RCSP exact solver info for graph G_0 : TT = 7.33956, pt = 0.009322, dt = 6.56844, ct = 0.758597, ndl = 335354', bdl = 23965653', odl = 141407', odf = 5834537', bsi = 1656', cnt = 40061939', bdch = 1633080544', odch = 374455075', lcp = 55379079', #sols = 150
1 bl.dch (4597)...    RCSP exact solver info for graph G_0 : TT = 7.49084, pt = 0.008094, dt = 6.6765, ct = 0.803193, ndl = 334350', bdl = 23897290', odl = 141282', odf = 5817450', bsi = 1655', cnt = 39865825', bdch = 1623559395', odch = 371594502', lcp = 54961667', #sols = 150
<DWph=0> <it= 22> <et=433.96> <Mt= 0.02> <Spt=14.86> <nCl=  9> <al=0.00> <DB= 2957.3863> <Mlp= 2957.3863> <PB=10000000> 
RCSP solver dynamic params and stats :  bidir.bord. = 375 aver.obdmd = 98.0984 aver.buck.num. = 101 nbR1C = 249 with avMem = 17.253
@@ 208 5 2957.39 7.7698 8.86818 92.453 433.96
    Full reduced cost fixing is not called (gap ratio is 0.999993)
ColGenEvalAlg final dual bound: 2957.39 (rounded: 2958)
False gap improvement since the last cut separation : 0.00182113 (2956.85)
----- Cut generation is stopped due to tailing off -----
Current active cuts : CAP(1+13,86.3234) R1C(22+227,454.194) 1rowPackR1C(22) 3rowPackR1C(101) 4rowPackR1C(69) 5rowPackR1C(57)
**** SB phase 3 evaluation of candidate 1, branch 2 ( x[(13, 21)]_0_1382_0_OspV <= 0 ), value = 2949.69
<DWph=2> <it=  1> <et=435.85> <Mt= 0.96> <Spt= 0.29> <nCl=  6> <al=0.00> <DB= 2687.7823> <Mlp= 2949.6897> <PB=10000000> 
<DWph=1> <it=  2> <et=436.18> <Mt= 0.02> <Spt= 0.30> <nCl=  4> <al=0.40> <DB= 2902.2359> <Mlp= 2949.6775> <PB=10000000> 
<DWph=1> <it=  3> <et=436.80> <Mt= 0.02> <Spt= 0.61> <nCl=  1> <al=0.00> <DB= 2949.6712> <Mlp= 2949.6712> <PB=10000000> 
    RCSP exact solver info for graph G_0 : TT = 2.84654, pt = 0.006728, dt = 2.60155, ct = 0.235559, ndl = 197957', bdl = 14777192', odl = 96996', odf = 3084161', bsi = 1809', cnt = 14510609', bdch = 618229748', odch = 87520279', lcp = 16681030', #sols = 150
<DWph=0> <it=  4> <et=439.70> <Mt= 0.00> <Spt= 2.89> <nCl=150> <al=0.20> <DB= 2166.3297> <Mlp= 2949.6712> <PB=10000000> 
    RCSP exact solver info for graph G_0 : TT = 2.85655, pt = 0.006614, dt = 2.58621, ct = 0.261111, ndl = 198487', bdl = 14725754', odl = 97292', odf = 3109162', bsi = 1793', cnt = 15602992', bdch = 616560778', odch = 89383311', lcp = 16851121', #sols = 150
<DWph=0> <it=  5> <et=442.64> <Mt= 0.06> <Spt= 2.88> <nCl=103> <al=0.28> <DB= 2730.2882> <Mlp= 2949.6054> <PB=10000000> 
    RCSP exact solver info for graph G_0 : TT = 2.80714, pt = 0.005465, dt = 2.54771, ct = 0.25137, ndl = 195318', bdl = 14609916', odl = 97092', odf = 3052970', bsi = 1800', cnt = 15310519', bdch = 609095987', odch = 87241742', lcp = 16188529', #sols = 150
<DWph=0> <it=  6> <et=445.50> <Mt= 0.03> <Spt= 2.83> <nCl= 40> <al=0.18> <DB= 2908.9418> <Mlp= 2949.5677> <PB=10000000> 
    RCSP exact solver info for graph G_0 : TT = 2.78613, pt = 0.005579, dt = 2.51689, ct = 0.26086, ndl = 191948', bdl = 14426197', odl = 96874', odf = 3005521', bsi = 1816', cnt = 14453648', bdch = 593972261', odch = 83855671', lcp = 15614116', #sols = 150
<DWph=0> <it=  7> <et=448.31> <Mt= 0.02> <Spt= 2.80> <nCl=  5> <al=0.26> <DB= 2919.0244> <Mlp= 2949.5660> <PB=10000000> 
    RCSP exact solver info for graph G_0 : TT = 2.74474, pt = 0.006668, dt = 2.48483, ct = 0.250532, ndl = 190612', bdl = 14342596', odl = 96487', odf = 2982062', bsi = 1792', cnt = 14357088', bdch = 586564293', odch = 82751126', lcp = 15429123', #sols = 150
<DWph=0> <it=  8> <et=451.08> <Mt= 0.01> <Spt= 2.75> <nCl=  4> <al=0.34> <DB= 2939.3100> <Mlp= 2949.5659> <PB=10000000> 
    RCSP exact solver info for graph G_0 : TT = 2.81066, pt = 0.005513, dt = 2.53083, ct = 0.271625, ndl = 191481', bdl = 14393022', odl = 96601', odf = 2996955', bsi = 1811', cnt = 14640746', bdch = 590993309', odch = 83599789', lcp = 15522761', #sols = 150
    RCSP exact solver info for graph G_0 : TT = 4.73359, pt = 0.005349, dt = 4.45577, ct = 0.269707, ndl = 191179', bdl = 14379884', odl = 96614', odf = 2995310', bsi = 1778', cnt = 14425288', bdch = 589789506', odch = 83114924', lcp = 15425488', #sols = 150
<DWph=0> <it=  9> <et=456.72> <Mt= 0.01> <Spt= 5.63> <nCl= 20> <al=0.00> <DB= 2948.3925> <Mlp= 2949.5658> <PB=10000000> 
    RCSP exact solver info for graph G_0 : TT = 2.81335, pt = 0.006036, dt = 2.53914, ct = 0.26552, ndl = 191140', bdl = 14370344', odl = 96557', odf = 2991502', bsi = 1794', cnt = 14606906', bdch = 589211810', odch = 83149251', lcp = 15493304', #sols = 150
    RCSP exact solver info for graph G_0 : TT = 2.92568, pt = 0.006282, dt = 2.66689, ct = 0.249532, ndl = 190668', bdl = 14348542', odl = 96436', odf = 2986032', bsi = 1793', cnt = 14371447', bdch = 586683031', odch = 82731635', lcp = 15384232', #sols = 150
<DWph=0> <it= 10> <et=462.49> <Mt= 0.01> <Spt= 5.76> <nCl= 17> <al=0.00> <DB= 2949.5658> <Mlp= 2949.5658> <PB=10000000> 
RCSP solver dynamic params and stats :  bidir.bord. = 375 aver.obdmd = 98.0984 aver.buck.num. = 101 nbR1C = 171 with avMem = 14.6316
@@ 209 0 2949.57 3.02729 4.72548 92.453 462.49
    Full reduced cost fixing is not called (gap ratio is 0.999994)
ColGenEvalAlg final dual bound: 2949.57 (rounded: 2950)
Current active cuts : CAP(1+10,298.56) R1C(21+150,368.148) 1rowPackR1C(21) 3rowPackR1C(87) 4rowPackR1C(35) 5rowPackR1C(28)
11 Rank-1 1-rows pack. cuts added ,  max viol. = 0.135276, aver. viol. = 0.0624558
150 Rank-1 3-rows pack. cuts added ,  max viol. = 0.151007, aver. viol. = 0.0708336
In total 1 RCC cut(s) are found by the connected components heuristic 
Shrinking heuristic shrunk 11 edges
In total 1 RCC cut(s) are found by the greedy construction heuristic 
In total 24 RCC cut(s) are found by the global pool greedy search heuristic 
----- Add fac. cuts : CAP(26) R1C(161), max.viol = 0.202056, aver.viol = 0.0700526, sep/add took 0.101061/1.16914 sec. -----
12029 columns (9545 active), 585 dyn. constrs. (378 active), 827 art. vars. (620 active)
<DWph=2> <it=  1> <et=464.28> <Mt= 0.28> <Spt= 0.18> <nCl=  3> <al=0.50> <DB= 2851.2520> <Mlp= 2950.7726> <PB=10000000> 
<DWph=2> <it=  2> <et=464.72> <Mt= 0.07> <Spt= 0.37> <nCl= 15> <al=0.10> <DB= 2787.8940> <Mlp= 2950.7248> <PB=10000000> 
<DWph=2> <it=  3> <et=465.11> <Mt= 0.02> <Spt= 0.37> <nCl= 10> <al=0.00> <DB= 2740.5592> <Mlp= 2950.7165> <PB=10000000> 
<DWph=2> <it=  4> <et=465.47> <Mt= 0.02> <Spt= 0.34> <nCl=  3> <al=0.00> <DB= 2950.7149> <Mlp= 2950.7149> <PB=10000000> 
<DWph=1> <it=  5> <et=465.82> <Mt= 0.01> <Spt= 0.34> <nCl=  9> <al=0.25> <DB= 2812.3839> <Mlp= 2950.7149> <PB=10000000> 
<DWph=1> <it=  6> <et=466.19> <Mt= 0.04> <Spt= 0.34> <nCl=  7> <al=0.15> <DB= 2801.5622> <Mlp= 2950.7064> <PB=10000000> 
<DWph=1> <it=  7> <et=466.88> <Mt= 0.02> <Spt= 0.65> <nCl=  5> <al=0.00> <DB= 2946.1046> <Mlp= 2950.7034> <PB=10000000> 
<DWph=1> <it=  8> <et=467.24> <Mt= 0.02> <Spt= 0.35> <nCl=  0> <al=0.00> <DB= 2950.7034> <Mlp= 2950.7034> <PB=10000000> 
    RCSP exact solver info for graph G_0 : TT = 3.01969, pt = 0.006593, dt = 2.74035, ct = 0.269852, ndl = 197326', bdl = 14711762', odl = 99590', odf = 3098786', bsi = 1833', cnt = 14366019', bdch = 619309464', odch = 88418823', lcp = 16278143', #sols = 150
<DWph=0> <it=  9> <et=470.33> <Mt= 0.00> <Spt= 3.09> <nCl=150> <al=0.00> <DB= 2279.5741> <Mlp= 2950.7034> <PB=10000000> 
    RCSP exact solver info for graph G_0 : TT = 3.02976, pt = 0.007027, dt = 2.76936, ct = 0.250504, ndl = 196175', bdl = 14577214', odl = 97587', odf = 3069416', bsi = 1806', cnt = 14525975', bdch = 612611964', odch = 87320736', lcp = 16010099', #sols = 150
<DWph=0> <it= 10> <et=473.59> <Mt= 0.18> <Spt= 3.09> <nCl=131> <al=0.00> <DB= 2800.6706> <Mlp= 2950.5540> <PB=10000000> 
    RCSP exact solver info for graph G_0 : TT = 2.90587, pt = 0.005678, dt = 2.62812, ct = 0.269711, ndl = 198334', bdl = 14818520', odl = 97711', odf = 3096353', bsi = 1796', cnt = 14510340', bdch = 626930005', odch = 88136538', lcp = 16059505', #sols = 150
<DWph=0> <it= 11> <et=476.65> <Mt= 0.12> <Spt= 2.93> <nCl= 63> <al=0.00> <DB= 2791.5367> <Mlp= 2950.4791> <PB=10000000> 
    RCSP exact solver info for graph G_0 : TT = 3.09335, pt = 0.006592, dt = 2.80111, ct = 0.282971, ndl = 200760', bdl = 14968539', odl = 98512', odf = 3125376', bsi = 1795', cnt = 15168006', bdch = 638730876', odch = 89939414', lcp = 16474640', #sols = 150
<DWph=0> <it= 12> <et=479.80> <Mt= 0.03> <Spt= 3.11> <nCl= 17> <al=0.07> <DB= 2932.6384> <Mlp= 2950.4691> <PB=10000000> 
    RCSP exact solver info for graph G_0 : TT = 3.17684, pt = 0.006397, dt = 2.89984, ct = 0.268006, ndl = 201708', bdl = 15031994', odl = 98938', odf = 3141615', bsi = 1748', cnt = 15357942', bdch = 645628620', odch = 90849034', lcp = 16609751', #sols = 150
<DWph=0> <it= 13> <et=483.00> <Mt= 0.02> <Spt= 3.19> <nCl= 11> <al=0.16> <DB= 2946.9417> <Mlp= 2950.4690> <PB=10000000> 
    RCSP exact solver info for graph G_0 : TT = 3.14382, pt = 0.006137, dt = 2.86951, ct = 0.2654, ndl = 200845', bdl = 14971333', odl = 98873', odf = 3129520', bsi = 1795', cnt = 15173701', bdch = 640921843', odch = 89876111', lcp = 16459415', #sols = 150
    RCSP exact solver info for graph G_0 : TT = 3.66838, pt = 0.005893, dt = 3.38952, ct = 0.270635, ndl = 200770', bdl = 14971619', odl = 98679', odf = 3125910', bsi = 1752', cnt = 15246697', bdch = 639919029', odch = 89924004', lcp = 16484846', #sols = 150
<DWph=0> <it= 14> <et=489.15> <Mt= 0.01> <Spt= 6.14> <nCl= 17> <al=0.00> <DB= 2950.4690> <Mlp= 2950.4690> <PB=10000000> 
RCSP solver dynamic params and stats :  bidir.bord. = 375 aver.obdmd = 98.0984 aver.buck.num. = 101 nbR1C = 193 with avMem = 14.9534
@@ 209 1 2950.47 3.13927 3.66016 92.453 489.15
    Full reduced cost fixing is not called (gap ratio is 0.999994)
ColGenEvalAlg final dual bound: 2950.47 (rounded: 2951)
False gap improvement since the last cut separation : 0.00306214 (2949.57)
Separator R1C not in maximum phase
Cut generation tailing off counter increased to 0
Current active cuts : CAP(2+9,272.758) R1C(21+172,380.918) 1rowPackR1C(21) 3rowPackR1C(113) 4rowPackR1C(34) 5rowPackR1C(25)
4 Rank-1 1-rows pack. cuts added ,  max viol. = 0.103698, aver. viol. = 0.0547958
150 Rank-1 3-rows pack. cuts added ,  max viol. = 0.0979804, aver. viol. = 0.0509683
Building structures for heuristic rank-1 packing cut separation...done!
100 Rank-1 4-rows pack. cuts added ,  max viol. = 0.127645, aver. viol. = 0.0533783
Shrinking heuristic shrunk 10 edges
In total 2 RCC cut(s) are found by the greedy construction heuristic 
----- Add fac. cuts : CAP(2) R1C(254), max.viol = 0.131388, aver.viol = 0.0573704, sep/add took 0.194481/1.30514 sec. -----
12470 columns (9986 active), 841 dyn. constrs. (469 active), 1083 art. vars. (711 active)
<DWph=2> <it=  1> <et=491.24> <Mt= 0.34> <Spt= 0.17> <nCl=  7> <al=0.50> <DB= 2946.9749> <Mlp= 2951.6295> <PB=10000000> 
<DWph=2> <it=  2> <et=491.61> <Mt= 0.01> <Spt= 0.37> <nCl=  5> <al=0.10> <DB= 2943.1308> <Mlp= 2951.6295> <PB=10000000> 
<DWph=2> <it=  3> <et=491.81> <Mt= 0.03> <Spt= 0.17> <nCl=  2> <al=0.45> <DB= 2944.2714> <Mlp= 2951.6290> <PB=10000000> 
<DWph=2> <it=  4> <et=492.22> <Mt= 0.03> <Spt= 0.37> <nCl=  3> <al=0.01> <DB= 2806.0908> <Mlp= 2951.6281> <PB=10000000> 
<DWph=2> <it=  5> <et=492.65> <Mt= 0.04> <Spt= 0.37> <nCl=  3> <al=0.00> <DB= 2935.5101> <Mlp= 2951.6270> <PB=10000000> 
<DWph=2> <it=  6> <et=493.03> <Mt= 0.00> <Spt= 0.37> <nCl=  0> <al=0.00> <DB= 2951.6270> <Mlp= 2951.6270> <PB=10000000> 
<DWph=1> <it=  7> <et=493.39> <Mt= 0.01> <Spt= 0.35> <nCl=  7> <al=0.21> <DB= 2723.9683> <Mlp= 2951.6270> <PB=10000000> 
<DWph=1> <it=  8> <et=493.76> <Mt= 0.04> <Spt= 0.33> <nCl=  2> <al=0.28> <DB= 2886.8520> <Mlp= 2951.6185> <PB=10000000> 
<DWph=1> <it=  9> <et=494.48> <Mt= 0.01> <Spt= 0.71> <nCl=  3> <al=0.00> <DB= 2936.0547> <Mlp= 2951.6183> <PB=10000000> 
<DWph=1> <it= 10> <et=495.12> <Mt= 0.01> <Spt= 0.63> <nCl=  0> <al=0.00> <DB= 2951.6183> <Mlp= 2951.6183> <PB=10000000> 
    RCSP exact solver info for graph G_0 : TT = 4.25874, pt = 0.010192, dt = 3.8841, ct = 0.361972, ndl = 256735', bdl = 18662119', odl = 115775', odf = 4026309', bsi = 1781', cnt = 21918900', bdch = 988661061', odch = 164688265', lcp = 29835490', #sols = 150
<DWph=0> <it= 11> <et=499.45> <Mt= 0.01> <Spt= 4.32> <nCl=150> <al=0.00> <DB= 2549.7471> <Mlp= 2951.6183> <PB=10000000> 
    RCSP exact solver info for graph G_0 : TT = 3.83284, pt = 0.006508, dt = 3.43776, ct = 0.385748, ndl = 236729', bdl = 17397563', odl = 112480', odf = 3727353', bsi = 1793', cnt = 20692729', bdch = 858835251', odch = 136121584', lcp = 24183397', #sols = 150
<DWph=0> <it= 12> <et=503.59> <Mt= 0.24> <Spt= 3.90> <nCl=146> <al=0.00> <DB= 2697.1848> <Mlp= 2951.3453> <PB=10000000> 
    RCSP exact solver info for graph G_0 : TT = 3.98728, pt = 0.007709, dt = 3.61131, ct = 0.365277, ndl = 227925', bdl = 16850400', odl = 109828', odf = 3557309', bsi = 1840', cnt = 18516058', bdch = 804997465', odch = 124219591', lcp = 22507316', #sols = 150
<DWph=0> <it= 13> <et=507.68> <Mt= 0.08> <Spt= 4.01> <nCl= 26> <al=0.09> <DB= 2834.2637> <Mlp= 2951.3211> <PB=10000000> 
    RCSP exact solver info for graph G_0 : TT = 4.12253, pt = 0.007241, dt = 3.75038, ct = 0.361783, ndl = 229163', bdl = 16967260', odl = 109633', odf = 3566342', bsi = 1821', cnt = 18540913', bdch = 813943070', odch = 126317195', lcp = 22937192', #sols = 150
<DWph=0> <it= 14> <et=511.85> <Mt= 0.03> <Spt= 4.14> <nCl= 10> <al=0.18> <DB= 2930.5491> <Mlp= 2951.3202> <PB=10000000> 
    RCSP exact solver info for graph G_0 : TT = 3.92599, pt = 0.007306, dt = 3.58373, ct = 0.331984, ndl = 228880', bdl = 16920954', odl = 109466', odf = 3563152', bsi = 1823', cnt = 18794405', bdch = 812003941', odch = 125670737', lcp = 22782832', #sols = 150
    RCSP exact solver info for graph G_0 : TT = 5.8256, pt = 0.006673, dt = 5.48919, ct = 0.327125, ndl = 228644', bdl = 16912763', odl = 109440', odf = 3558754', bsi = 1814', cnt = 18553590', bdch = 810726944', odch = 125673118', lcp = 22775369', #sols = 150
<DWph=0> <it= 15> <et=519.63> <Mt= 0.02> <Spt= 7.76> <nCl= 11> <al=0.00> <DB= 2951.3202> <Mlp= 2951.3202> <PB=10000000> 
RCSP solver dynamic params and stats :  bidir.bord. = 375 aver.obdmd = 98.0984 aver.buck.num. = 101 nbR1C = 222 with avMem = 15.3784
@@ 209 2 2951.32 4.31506 5.81632 92.453 519.63
    Full reduced cost fixing is not called (gap ratio is 0.999994)
ColGenEvalAlg final dual bound: 2951.32 (rounded: 2952)
False gap improvement since the last cut separation : 0.00288477 (2950.47)
Separator R1C not in maximum phase
Cut generation tailing off counter increased to 0
Current active cuts : CAP(2+8,259.649) R1C(24+198,384.354) 1rowPackR1C(24) 3rowPackR1C(113) 4rowPackR1C(62) 5rowPackR1C(23)
6 Rank-1 1-rows pack. cuts added ,  max viol. = 0.0872941, aver. viol. = 0.0809851
150 Rank-1 3-rows pack. cuts added ,  max viol. = 0.0834623, aver. viol. = 0.0385743
Building structures for heuristic rank-1 packing cut separation...done!
100 Rank-1 4-rows pack. cuts added ,  max viol. = 0.144331, aver. viol. = 0.0540691
100 Rank-1 5-rows pack. cuts added ,  max viol. = 0.191614, aver. viol. = 0.0953782
Shrinking heuristic shrunk 8 edges
----- Add fac. cuts : R1C(356), max.viol = 0.292049, aver.viol = 0.0724597, sep/add took 1.21006/1.26613 sec. -----
12845 columns (6959 active), 1051 dyn. constrs. (595 active), 1439 art. vars. (837 active)
<DWph=2> <it=  1> <et=522.80> <Mt= 0.33> <Spt= 0.25> <nCl=  2> <al=0.50> <DB= 2951.8611> <Mlp= 2952.4021> <PB=10000000> 
<DWph=2> <it=  2> <et=523.07> <Mt= 0.05> <Spt= 0.22> <nCl= 11> <al=0.40> <DB= 2846.5234> <Mlp= 2952.3956> <PB=10000000> 
<DWph=2> <it=  3> <et=523.53> <Mt= 0.04> <Spt= 0.42> <nCl=  7> <al=0.00> <DB= 2882.1047> <Mlp= 2952.3879> <PB=10000000> 
<DWph=2> <it=  4> <et=523.80> <Mt= 0.04> <Spt= 0.22> <nCl=  4> <al=0.36> <DB= 2950.1427> <Mlp= 2952.3802> <PB=10000000> 
<DWph=2> <it=  5> <et=524.34> <Mt= 0.03> <Spt= 0.52> <nCl=  1> <al=0.00> <DB= 2946.5094> <Mlp= 2952.3797> <PB=10000000> 
<DWph=2> <it=  6> <et=524.87> <Mt= 0.01> <Spt= 0.50> <nCl=  2> <al=0.00> <DB= 2952.3797> <Mlp= 2952.3797> <PB=10000000> 
<DWph=1> <it=  7> <et=525.27> <Mt= 0.01> <Spt= 0.39> <nCl=  6> <al=0.22> <DB= 2819.2803> <Mlp= 2952.3797> <PB=10000000> 
<DWph=1> <it=  8> <et=525.78> <Mt= 0.09> <Spt= 0.43> <nCl=  2> <al=0.30> <DB= 2912.2255> <Mlp= 2952.3633> <PB=10000000> 
<DWph=1> <it=  9> <et=526.27> <Mt= 0.04> <Spt= 0.45> <nCl=  2> <al=0.20> <DB= 2875.9464> <Mlp= 2952.3621> <PB=10000000> 
<DWph=1> <it= 10> <et=527.14> <Mt= 0.05> <Spt= 0.81> <nCl=  1> <al=0.00> <DB= 2952.3550> <Mlp= 2952.3550> <PB=10000000> 
1 bl.dch (4912)...    RCSP exact solver info for graph G_0 : TT = 5.1291, pt = 0.008311, dt = 4.66641, ct = 0.451804, ndl = 280141', bdl = 20211944', odl = 125719', odf = 4450347', bsi = 1790', cnt = 28027886', bdch = 1176113528', odch = 188961011', lcp = 33679972', #sols = 150
<DWph=0> <it= 11> <et=532.36> <Mt= 0.01> <Spt= 5.21> <nCl=150> <al=0.18> <DB= 2681.1858> <Mlp= 2952.3550> <PB=10000000> 
1 bl.dch (5053)...    RCSP exact solver info for graph G_0 : TT = 5.00373, pt = 0.008861, dt = 4.53642, ct = 0.455877, ndl = 268863', bdl = 19476900', odl = 122374', odf = 4271299', bsi = 1868', cnt = 26826592', bdch = 1093759493', odch = 176977640', lcp = 31542630', #sols = 150
<DWph=0> <it= 12> <et=537.55> <Mt= 0.15> <Spt= 5.04> <nCl= 53> <al=0.08> <DB= 2882.0943> <Mlp= 2952.2838> <PB=10000000> 
1 bl.dch (5050)...    RCSP exact solver info for graph G_0 : TT = 5.11496, pt = 0.009144, dt = 4.61804, ct = 0.485031, ndl = 269177', bdl = 19501975', odl = 122193', odf = 4280595', bsi = 1854', cnt = 26496505', bdch = 1093970659', odch = 176921400', lcp = 31333579', #sols = 150
<DWph=0> <it= 13> <et=542.73> <Mt= 0.05> <Spt= 5.13> <nCl= 11> <al=0.17> <DB= 2935.6803> <Mlp= 2952.2763> <PB=10000000> 
1 bl.dch (5053)...    RCSP exact solver info for graph G_0 : TT = 5.34584, pt = 0.008924, dt = 4.85971, ct = 0.474416, ndl = 268856', bdl = 19479961', odl = 122615', odf = 4278174', bsi = 1862', cnt = 26451140', bdch = 1092955131', odch = 176572159', lcp = 31299680', #sols = 150
1 bl.dch (5088)...    RCSP exact solver info for graph G_0 : TT = 6.47565, pt = 0.01019, dt = 6.01642, ct = 0.445883, ndl = 267320', bdl = 19375970', odl = 122463', odf = 4257028', bsi = 1830', cnt = 26114352', bdch = 1081519549', odch = 174002371', lcp = 30835405', #sols = 150
<DWph=0> <it= 14> <et=553.32> <Mt= 0.02> <Spt=10.56> <nCl= 24> <al=0.00> <DB= 2952.2762> <Mlp= 2952.2762> <PB=10000000> 
RCSP solver dynamic params and stats :  bidir.bord. = 375 aver.obdmd = 98.0984 aver.buck.num. = 101 nbR1C = 251 with avMem = 16.5299
@@ 209 3 2952.28 5.402 6.4623 92.453 553.32
    Full reduced cost fixing is not called (gap ratio is 0.999994)
ColGenEvalAlg final dual bound: 2952.28 (rounded: 2953)
False gap improvement since the last cut separation : 0.00323941 (2951.32)
Cut generation tailing off counter increased to 1
Current active cuts : CAP(2+8,258.346) R1C(26+225,402.963) 1rowPackR1C(26) 3rowPackR1C(119) 4rowPackR1C(73) 5rowPackR1C(33)
11 Rank-1 1-rows pack. cuts added ,  max viol. = 0.0656413, aver. viol. = 0.0335979
142 Rank-1 3-rows pack. cuts added ,  max viol. = 0.089302, aver. viol. = 0.0330743
Building structures for heuristic rank-1 packing cut separation...done!
28 Rank-1 4-rows pack. cuts added ,  max viol. = 0.0597014, aver. viol. = 0.0319031
100 Rank-1 5-rows pack. cuts added ,  max viol. = 0.112943, aver. viol. = 0.0530753
In total 1 RCC cut(s) are found by the connected components heuristic 
Shrinking heuristic shrunk 10 edges
In total 3 RCC cut(s) are found by the greedy construction heuristic 
In total 5 RCC cut(s) are found by the global pool greedy search heuristic 
----- Add fac. cuts : CAP(9) R1C(281), max.viol = 0.234216, aver.viol = 0.0655522, sep/add took 1.16024/0.894382 sec. -----
13121 columns (7235 active), 1122 dyn. constrs. (562 active), 1729 art. vars. (804 active)
<DWph=2> <it=  1> <et=556.15> <Mt= 0.44> <Spt= 0.24> <nCl=  8> <al=0.50> <DB= 2858.4947> <Mlp= 2953.5794> <PB=10000000> 
<DWph=2> <it=  2> <et=556.83> <Mt= 0.18> <Spt= 0.50> <nCl= 18> <al=0.10> <DB= 2530.6857> <Mlp= 2953.5024> <PB=10000000> 
<DWph=2> <it=  3> <et=557.24> <Mt= 0.18> <Spt= 0.24> <nCl=  3> <al=0.45> <DB= 2934.0600> <Mlp= 2953.4623> <PB=10000000> 
<DWph=2> <it=  4> <et=557.75> <Mt= 0.01> <Spt= 0.49> <nCl=  8> <al=0.01> <DB= 2830.6642> <Mlp= 2953.4621> <PB=10000000> 
<DWph=2> <it=  5> <et=558.27> <Mt= 0.06> <Spt= 0.45> <nCl=  6> <al=0.00> <DB= 2940.3587> <Mlp= 2953.4578> <PB=10000000> 
<DWph=2> <it=  6> <et=558.75> <Mt= 0.03> <Spt= 0.45> <nCl=  3> <al=0.00> <DB= 2953.4570> <Mlp= 2953.4570> <PB=10000000> 
<DWph=1> <it=  7> <et=559.16> <Mt= 0.01> <Spt= 0.40> <nCl= 13> <al=0.21> <DB= 2779.0343> <Mlp= 2953.4570> <PB=10000000> 
<DWph=1> <it=  8> <et=559.78> <Mt= 0.21> <Spt= 0.41> <nCl=  8> <al=0.28> <DB= 2767.2283> <Mlp= 2953.4356> <PB=10000000> 
<DWph=1> <it=  9> <et=560.27> <Mt= 0.09> <Spt= 0.40> <nCl=  5> <al=0.18> <DB= 2880.6934> <Mlp= 2953.4326> <PB=10000000> 
<DWph=1> <it= 10> <et=561.40> <Mt= 0.27> <Spt= 0.85> <nCl=  4> <al=0.00> <DB= 2950.6595> <Mlp= 2953.4209> <PB=10000000> 
<DWph=1> <it= 11> <et=562.22> <Mt= 0.02> <Spt= 0.81> <nCl=  0> <al=0.00> <DB= 2953.4208> <Mlp= 2953.4208> <PB=10000000> 
1 bl.dch (4583)...    RCSP exact solver info for graph G_0 : TT = 6.73317, pt = 0.009202, dt = 6.06575, ct = 0.655506, ndl = 329758', bdl = 23629052', odl = 146382', odf = 5431861', bsi = 2000', cnt = 42763827', bdch = 1599906237', odch = 281573206', lcp = 48725650', #sols = 150
<DWph=0> <it= 12> <et=569.04> <Mt= 0.01> <Spt= 6.81> <nCl=150> <al=0.07> <DB= 2405.1199> <Mlp= 2953.4208> <PB=10000000> 
1 bl.dch (4658)...    RCSP exact solver info for graph G_0 : TT = 6.40114, pt = 0.008709, dt = 5.72353, ct = 0.665929, ndl = 317752', bdl = 22846006', odl = 141322', odf = 5218757', bsi = 1944', cnt = 41316961', bdch = 1485995429', odch = 257483595', lcp = 44143579', #sols = 150
<DWph=0> <it= 13> <et=576.14> <Mt= 0.60> <Spt= 6.49> <nCl=150> <al=0.00> <DB= 2626.3159> <Mlp= 2953.2473> <PB=10000000> 
1 bl.dch (4628)...    RCSP exact solver info for graph G_0 : TT = 8.52223, pt = 0.009117, dt = 6.52032, ct = 1.98966, ndl = 321693', bdl = 23065012', odl = 141855', odf = 5284708', bsi = 1921', cnt = 39398331', bdch = 1521872523', odch = 263321983', lcp = 45427863', #sols = 150
<DWph=0> <it= 14> <et=583.59> <Mt= 0.19> <Spt= 7.26> <nCl= 30> <al=0.07> <DB= 2899.8311> <Mlp= 2953.2150> <PB=10000000> 
1 bl.dch (4625)...    RCSP exact solver info for graph G_0 : TT = 7.13955, pt = 0.010956, dt = 6.43993, ct = 0.685674, ndl = 322301', bdl = 23088854', odl = 141883', odf = 5305134', bsi = 1885', cnt = 40607126', bdch = 1525954858', odch = 265615097', lcp = 45690220', #sols = 150
<DWph=0> <it= 15> <et=590.80> <Mt= 0.05> <Spt= 7.16> <nCl= 13> <al=0.16> <DB= 2944.5395> <Mlp= 2953.2142> <PB=10000000> 
1 bl.dch (4616)...    RCSP exact solver info for graph G_0 : TT = 6.94543, pt = 0.010318, dt = 6.25021, ct = 0.682121, ndl = 323667', bdl = 23172427', odl = 142157', odf = 5321849', bsi = 1935', cnt = 40849131', bdch = 1538014249', odch = 267564028', lcp = 45954445', #sols = 150
<DWph=0> <it= 16> <et=597.77> <Mt= 0.02> <Spt= 6.95> <nCl=  3> <al=0.06> <DB= 2912.4250> <Mlp= 2953.2142> <PB=10000000> 
1 bl.dch (4617)...    RCSP exact solver info for graph G_0 : TT = 6.90735, pt = 0.010402, dt = 6.18831, ct = 0.705846, ndl = 322865', bdl = 23129537', odl = 141940', odf = 5314748', bsi = 1953', cnt = 40103448', bdch = 1530140548', odch = 266158993', lcp = 45778166', #sols = 150
1 bl.dch (4610)...    RCSP exact solver info for graph G_0 : TT = 6.84082, pt = 0.009617, dt = 6.12415, ct = 0.703936, ndl = 324126', bdl = 23184778', odl = 142399', odf = 5328594', bsi = 1906', cnt = 41048619', bdch = 1541478069', odch = 267976075', lcp = 46069268', #sols = 150
<DWph=0> <it= 17> <et=611.56> <Mt= 0.01> <Spt=13.78> <nCl= 17> <al=0.00> <DB= 2953.2142> <Mlp= 2953.2142> <PB=10000000> 
RCSP solver dynamic params and stats :  bidir.bord. = 375 aver.obdmd = 98.0984 aver.buck.num. = 101 nbR1C = 276 with avMem = 16.9819
@@ 209 4 2953.21 7.05727 8.50998 92.453 611.57
    Full reduced cost fixing is not called (gap ratio is 0.999994)
ColGenEvalAlg final dual bound: 2953.21 (rounded: 2954)
False gap improvement since the last cut separation : 0.0031771 (2952.28)
Cut generation tailing off counter increased to 2
Current active cuts : CAP(1+10,158.651) R1C(30+246,431.707) 1rowPackR1C(30) 3rowPackR1C(134) 4rowPackR1C(67) 5rowPackR1C(45)
4 Rank-1 1-rows pack. cuts added ,  max viol. = 0.0441128, aver. viol. = 0.0365438
114 Rank-1 3-rows pack. cuts added ,  max viol. = 0.0814543, aver. viol. = 0.0328102
Building structures for heuristic rank-1 packing cut separation...done!
100 Rank-1 4-rows pack. cuts added ,  max viol. = 0.0890768, aver. viol. = 0.0474633
100 Rank-1 5-rows pack. cuts added ,  max viol. = 0.123296, aver. viol. = 0.079024
Shrinking heuristic shrunk 8 edges
----- Add fac. cuts : R1C(318), max.viol = 0.143663, aver.viol = 0.0555454, sep/add took 1.35441/1.00632 sec. -----
13560 columns (7674 active), 1128 dyn. constrs. (615 active), 2047 art. vars. (857 active)
<DWph=2> <it=  1> <et=614.73> <Mt= 0.44> <Spt= 0.26> <nCl=  8> <al=0.50> <DB= 2937.5339> <Mlp= 2953.8297> <PB=10000000> 
<DWph=2> <it=  2> <et=615.06> <Mt= 0.09> <Spt= 0.24> <nCl=  1> <al=0.55> <DB= 2953.4887> <Mlp= 2953.8241> <PB=10000000> 
<DWph=2> <it=  3> <et=615.44> <Mt= 0.14> <Spt= 0.24> <nCl=  3> <al=0.45> <DB= 2951.5339> <Mlp= 2953.8152> <PB=10000000> 
<DWph=2> <it=  4> <et=615.99> <Mt= 0.03> <Spt= 0.52> <nCl=  7> <al=0.01> <DB= 2909.3641> <Mlp= 2953.8150> <PB=10000000> 
<DWph=2> <it=  5> <et=616.48> <Mt= 0.05> <Spt= 0.43> <nCl=  5> <al=0.00> <DB= 2934.7820> <Mlp= 2953.8145> <PB=10000000> 
<DWph=2> <it=  6> <et=616.96> <Mt= 0.04> <Spt= 0.45> <nCl=  8> <al=0.00> <DB= 2937.3407> <Mlp= 2953.8143> <PB=10000000> 
<DWph=2> <it=  7> <et=617.44> <Mt= 0.02> <Spt= 0.45> <nCl=  6> <al=0.00> <DB= 2942.7228> <Mlp= 2953.8143> <PB=10000000> 
<DWph=2> <it=  8> <et=617.91> <Mt= 0.03> <Spt= 0.45> <nCl=  3> <al=0.00> <DB= 2953.8142> <Mlp= 2953.8142> <PB=10000000> 
<DWph=1> <it=  9> <et=618.33> <Mt= 0.01> <Spt= 0.40> <nCl= 12> <al=0.01> <DB= 2771.8568> <Mlp= 2953.8142> <PB=10000000> 
<DWph=1> <it= 10> <et=618.94> <Mt= 0.16> <Spt= 0.45> <nCl=  8> <al=0.10> <DB= 2894.9364> <Mlp= 2953.7999> <PB=10000000> 
<DWph=1> <it= 11> <et=619.46> <Mt= 0.07> <Spt= 0.45> <nCl=  4> <al=0.19> <DB= 2911.5260> <Mlp= 2953.7983> <PB=10000000> 
<DWph=1> <it= 12> <et=619.95> <Mt= 0.05> <Spt= 0.44> <nCl=  2> <al=0.27> <DB= 2937.4012> <Mlp= 2953.7975> <PB=10000000> 
<DWph=1> <it= 13> <et=620.84> <Mt= 0.01> <Spt= 0.87> <nCl=  1> <al=0.00> <DB= 2953.7975> <Mlp= 2953.7975> <PB=10000000> 
1 bl.dch (4336)...2 bl.dch (4980)...    RCSP exact solver info for graph G_0 : TT = 9.94243, pt = 0.009948, dt = 8.92384, ct = 1.00566, ndl = 404218', bdl = 28337946', odl = 164445', odf = 6770870', bsi = 2062', cnt = 62881827', bdch = 2265517691', odch = 442819702', lcp = 76134265', #sols = 150
<DWph=0> <it= 14> <et=630.89> <Mt= 0.01> <Spt=10.04> <nCl=150> <al=0.25> <DB= 2539.4790> <Mlp= 2953.7975> <PB=10000000> 
1 bl.dch (4373)...2 bl.dch (5116)...    RCSP exact solver info for graph G_0 : TT = 9.2822, pt = 0.011386, dt = 8.27891, ct = 0.989043, ndl = 389426', bdl = 27413277', odl = 160890', odf = 6459153', bsi = 2042', cnt = 62400023', bdch = 2134831667', odch = 394069671', lcp = 68856574', #sols = 150
<DWph=0> <it= 15> <et=641.57> <Mt= 1.33> <Spt= 9.36> <nCl=111> <al=0.15> <DB= 2694.8700> <Mlp= 2953.6835> <PB=10000000> 
1 bl.dch (4403)...2 bl.dch (5374)...    RCSP exact solver info for graph G_0 : TT = 10.2083, pt = 0.012514, dt = 9.26653, ct = 0.926406, ndl = 378198', bdl = 26624884', odl = 158457', odf = 6300430', bsi = 1982', cnt = 55814062', bdch = 2022505877', odch = 373228202', lcp = 64319846', #sols = 150
<DWph=0> <it= 16> <et=650.62> <Mt= 0.32> <Spt= 8.72> <nCl= 45> <al=0.23> <DB= 2899.3848> <Mlp= 2953.6619> <PB=10000000> 
1 bl.dch (4403)...2 bl.dch (5374)...    RCSP exact solver info for graph G_0 : TT = 8.87842, pt = 0.011331, dt = 7.97622, ct = 0.887965, ndl = 377560', bdl = 26621966', odl = 158391', odf = 6284093', bsi = 2033', cnt = 56110897', bdch = 2017607024', odch = 370198489', lcp = 64511450', #sols = 150
<DWph=0> <it= 17> <et=659.73> <Mt= 0.21> <Spt= 8.89> <nCl= 19> <al=0.31> <DB= 2941.8749> <Mlp= 2953.6612> <PB=10000000> 
1 bl.dch (4404)...2 bl.dch (5374)...    RCSP exact solver info for graph G_0 : TT = 8.90996, pt = 0.01267, dt = 7.86378, ct = 1.03044, ndl = 378061', bdl = 26604522', odl = 158679', odf = 6296363', bsi = 1993', cnt = 58506782', bdch = 2023282590', odch = 372992300', lcp = 64946610', #sols = 150
<DWph=0> <it= 18> <et=668.87> <Mt= 0.21> <Spt= 8.93> <nCl= 21> <al=0.21> <DB= 2897.7599> <Mlp= 2953.6608> <PB=10000000> 
1 bl.dch (4417)...2 bl.dch (5375)...    RCSP exact solver info for graph G_0 : TT = 9.13997, pt = 0.010901, dt = 8.0794, ct = 1.0463, ndl = 377489', bdl = 26546296', odl = 158394', odf = 6284823', bsi = 2000', cnt = 58124012', bdch = 2015898449', odch = 371689138', lcp = 64995254', #sols = 150
1 bl.dch (4418)...2 bl.dch (5516)...    RCSP exact solver info for graph G_0 : TT = 10.8871, pt = 0.012179, dt = 9.90615, ct = 0.9661, ndl = 376515', bdl = 26455851', odl = 158250', odf = 6277602', bsi = 2031', cnt = 58259003', bdch = 2005503082', odch = 369481931', lcp = 64310162', #sols = 150
<DWph=0> <it= 19> <et=687.23> <Mt= 0.03> <Spt=18.34> <nCl= 36> <al=0.00> <DB= 2953.6608> <Mlp= 2953.6608> <PB=10000000> 
RCSP solver dynamic params and stats :  bidir.bord. = 375 aver.obdmd = 98.0984 aver.buck.num. = 101 nbR1C = 307 with avMem = 17.013
@@ 209 5 2953.66 9.59239 10.8722 92.453 687.23
    Full reduced cost fixing is not called (gap ratio is 0.999994)
ColGenEvalAlg final dual bound: 2953.66 (rounded: 2954)
False gap improvement since the last cut separation : 0.00151237 (2953.21)
----- Cut generation is stopped due to tailing off -----
Current active cuts : CAP(9,151.82) R1C(33+274,459.4) 1rowPackR1C(33) 3rowPackR1C(143) 4rowPackR1C(79) 5rowPackR1C(52)
SB exact phase 3 branch on var x[(13, 21)]_0_1382_0_OspV (lhs=0.384208) : [2957.3863, 2953.6608], tree depth = 1e+12, tree size = 1e+12, score = -0.1474
SB with phases chosed candidate var x[(13, 21)]_0_1382_0_OspV (lhs=0.384208)
************************************************************************************************
**** BaB tree node (N° 3, parent N° 1, depth 1, treatOrderId 209)
**** Local DB = 2953.66, global bounds : [ 2954 , 1e+07 ], TIME = 0h11m27s43t = 68743
**** 2 open nodes, 13928 columns (8124 active), 599 dyn. constrs. (327 active), 841 art. vars. (569 active)
************************************************************************************************
**** Strong branching phase 1 is started *****
SB phase 1 cand.  1 branch on var x[(62, 84)]_0_5512_0_OspV (lhs=0.3043)  : [ 2954.2537,  2957.8187], score = 2.47 (h)  <et=688.39>
BaPCod info: Cplex status is 'Optimal solution found, unscaled infeasibilities'
BaPCod info: Cplex status is 'Optimal solution found, unscaled infeasibilities'
SB phase 1 cand.  2 branch on colGenSp (8.5675)                           : [ 2953.6608,  2953.6994], score = 0.00      <et=690.19>
SB phase 1 cand.  3 branch on Psi[5,6] (lhs=0.6027)                       : [ 2954.1532,  2956.4828], score = 1.39 (h)  <et=691.02>
SB phase 1 cand.  4 branch on omega[1] (lhs=27.4246)                      : [ 2953.6608,  2953.6608], score = 0.00      <et=691.1>
SB phase 1 cand.  5 branch on Psi[1,6] (lhs=1.3973)                       : [ 2954.1532,  2956.4828], score = 1.39 (h)  <et=692>
SB phase 1 cand.  6 branch on omega[2] (lhs=2.0227)                       : [ 2953.6788,  2981.3359], score = 0.50      <et=692.89>
SB phase 1 cand.  7 branch on var x[(62, 96)]_0_5524_0_OspV (lhs=0.4914)  : [ 2954.7066,  2956.3426], score = 2.80 (h)  <et=693.79>
SB phase 1 cand.  8 branch on var x[(0, 23)]_0_2409_0_OspV (lhs=0.4967)   : [ 2954.7137,  2955.3651], score = 1.79      <et=694.64>
SB phase 1 cand.  9 branch on var x[(95, 100)]_0_6914_0_OspV (lhs=0.5967) : [ 2955.3748,  2955.8478], score = 3.75 (h)  <et=695.59>
SB phase 1 cand. 10 branch on var x[(63, 120)]_0_5606_0_OspV (lhs=0.5087) : [ 2954.5919,  2954.5950], score = 0.87      <et=696.39>
SB phase 1 cand. 11 branch on var x[(61, 66)]_0_5435_0_OspV (lhs=0.4404)  : [ 2955.4335,  2955.9503], score = 4.06 (h)  <et=697.35>
SB phase 1 cand. 12 branch on var x[(1, 46)]_0_45_0_OspV (lhs=0.4798)     : [ 2954.0279,  2955.3923], score = 0.64      <et=698.11>
SB phase 1 cand. 13 branch on var x[(25, 98)]_0_2677_0_OspV (lhs=0.6957)  : [ 2954.2537,  2958.0303], score = 2.59 (h)  <et=698.99>
SB phase 1 cand. 14 branch on var x[(0, 102)]_0_7070_0_OspV (lhs=0.4783)  : [ 2954.2091,  2954.5287], score = 0.48      <et=699.69>
SB phase 1 cand. 15 branch on var x[(15, 117)]_0_1691_0_OspV (lhs=0.3222) : [ 2954.3934,  2956.2525], score = 1.90 (h)  <et=700.57>
SB phase 1 cand. 16 branch on var x[(0, 22)]_0_2310_0_OspV (lhs=0.5222)   : [ 2954.2377,  2954.2558], score = 0.34      <et=701.24>
SB phase 1 cand. 17 branch on var x[(8, 43)]_0_854_0_OspV (lhs=0.2942)    : [ 2954.3423,  2957.1258], score = 2.36 (h)  <et=702.2>
SB phase 1 cand. 18 branch on var x[(22, 68)]_0_2356_0_OspV (lhs=0.4680)  : [ 2954.1368,  2954.2463], score = 0.28      <et=702.89>
SB phase 1 cand. 19 branch on var x[(43, 53)]_0_4189_0_OspV (lhs=0.3085)  : [ 2954.3007,  2958.1311], score = 2.86 (h)  <et=703.82>
SB phase 1 cand. 20 branch on var x[(0, 71)]_0_5985_0_OspV (lhs=0.5329)   : [ 2954.5726,  2954.7701], score = 1.01      <et=704.64>
SB phase 1 cand. 21 branch on var x[(25, 48)]_0_2627_0_OspV (lhs=0.2983)  : [ 2954.1411,  2959.8761], score = 2.99 (h)  <et=705.52>
SB phase 1 cand. 22 branch on var x[(20, 108)]_0_2197_0_OspV (lhs=0.5381) : [ 2953.9568,  2954.3482], score = 0.20      <et=706.18>
SB phase 1 cand. 23 branch on var x[(7, 95)]_0_793_0_OspV (lhs=0.3350)    : [ 2954.4967,  2957.5122], score = 3.22 (h)  <et=707.07>
SB phase 1 cand. 24 branch on var x[(0, 107)]_0_7155_0_OspV (lhs=1.4444)  : [ 2953.6608,  2953.6654], score = 0.00      <et=707.18>
SB phase 1 cand. 25 branch on Psi[1,5] (lhs=0.5027)                       : [ 2954.6259,  2955.5986], score = 1.87 (h)  <et=708.05>
SB phase 1 cand. 26 branch on var x[(5, 44)]_0_513_0_OspV (lhs=0.4375)    : [ 2954.1315,  2955.4524], score = 0.84      <et=708.83>
SB phase 1 cand. 27 branch on var x[(0, 54)]_0_4982_0_OspV (lhs=0.5163)   : [ 2954.6989,  2956.0843], score = 2.52 (h)  <et=709.69>
SB phase 1 cand. 28 branch on var x[(74, 120)]_0_6178_0_OspV (lhs=0.5697) : [ 2954.0689,  2954.2356], score = 0.23      <et=710.32>
SB phase 1 cand. 29 branch on var x[(61, 77)]_0_5446_0_OspV (lhs=0.5446)  : [ 2955.6162,  2955.8108], score = 4.20 (h)  <et=711.31>
SB phase 1 cand. 30 branch on var x[(103, 111)]_0_7097_0_OspV (lhs=0.4256): [ 2954.1992,  2954.4806], score = 0.44      <et=712.12>
SB phase 1 cand. 31 branch on var x[(54, 77)]_0_5005_0_OspV (lhs=0.4404)  : [ 2955.5895,  2955.9097], score = 4.34 (h)  <et=713.11>
SB phase 1 cand. 32 branch on var x[(44, 58)]_0_4271_0_OspV (lhs=0.5792)  : [ 2954.0158,  2954.5192], score = 0.30      <et=713.85>
SB phase 1 cand. 33 branch on var x[(49, 112)]_0_4695_0_OspV (lhs=0.4982) : [ 2954.6021,  2955.5986], score = 1.82 (h)  <et=714.77>
SB phase 1 cand. 34 branch on var x[(32, 111)]_0_3334_0_OspV (lhs=0.5804) : [ 2954.1998,  2954.4782], score = 0.44      <et=715.55>
SB phase 1 cand. 35 branch on Psi[2,8] (lhs=0.3693)                       : [ 2953.9743,  2956.4267], score = 0.87 (h)  <et=716.41>
SB phase 1 cand. 36 branch on var x[(56, 66)]_0_5125_0_OspV (lhs=0.5836)  : [ 2954.3192,  2954.9622], score = 0.86      <et=717.19>
SB phase 1 cand. 37 branch on var x[(60, 117)]_0_5426_0_OspV (lhs=0.3693) : [ 2953.9743,  2956.4267], score = 0.87 (h)  <et=718.03>
SB phase 1 cand. 38 branch on var x[(0, 108)]_0_7169_0_OspV (lhs=0.5841)  : [ 2953.9971,  2954.1822], score = 0.18      <et=718.72>
SB phase 1 cand. 39 branch on Psi[1,8] (lhs=1.6307)                       : [ 2953.9743,  2956.4267], score = 0.87 (h)  <et=719.58>
SB phase 1 cand. 40 branch on var x[(16, 99)]_0_1778_0_OspV (lhs=0.5876)  : [ 2954.2566,  2954.3554], score = 0.41      <et=720.33>
SB phase 1 cand. 41 branch on var x[(60, 100)]_0_5409_0_OspV (lhs=0.3513) : [ 2954.4919,  2955.9636], score = 1.91 (h)  <et=721.3>
SB phase 1 cand. 42 branch on var x[(87, 99)]_0_6677_0_OspV (lhs=0.5885)  : [ 2954.1898,  2954.3490], score = 0.36      <et=722.12>
SB phase 1 cand. 43 branch on Psi[4,5] (lhs=0.8946)                       : [ 2953.8106,  2966.9516], score = 1.99 (h)  <et=722.96>
SB phase 1 cand. 44 branch on var x[(66, 103)]_0_5757_0_OspV (lhs=0.4060) : [ 2954.1333,  2956.3950], score = 1.29      <et=723.84>
SB phase 1 cand. 45 branch on var x[(0, 109)]_0_7182_0_OspV (lhs=0.4914)  : [ 2954.6141,  2955.6390], score = 1.89 (h)  <et=724.73>
SB phase 1 cand. 46 branch on var x[(43, 57)]_0_4193_0_OspV (lhs=0.3973)  : [ 2954.1532,  2956.4828], score = 1.39      <et=725.64>
SB phase 1 cand. 47 branch on var x[(42, 117)]_0_4175_0_OspV (lhs=0.4001) : [ 2954.7580,  2955.7424], score = 2.28 (h)  <et=726.57>
SB phase 1 cand. 48 branch on var x[(49, 57)]_0_4640_0_OspV (lhs=0.6027)  : [ 2954.1532,  2956.4828], score = 1.39      <et=727.38>
SB phase 1 cand. 49 branch on var x[(42, 53)]_0_4111_0_OspV (lhs=0.5999)  : [ 2954.7580,  2955.7424], score = 2.28 (h)  <et=728.3>
SB phase 1 cand. 50 branch on var x[(0, 4)]_0_357_0_OspV (lhs=0.3929)     : [ 2953.8651,  2955.2506], score = 0.32      <et=729.01>
SB phase 1 cand. 51 branch on var x[(52, 79)]_0_4872_0_OspV (lhs=0.6285)  : [ 2954.6388,  2955.6232], score = 1.92 (h)  <et=729.85>
SB phase 1 cand. 52 branch on var x[(95, 97)]_0_6911_0_OspV (lhs=0.6088)  : [ 2954.4705,  2955.6302], score = 1.59      <et=730.7>
SB phase 1 cand. 53 branch on var x[(35, 91)]_0_3575_0_OspV (lhs=0.1976)  : [ 2953.8029,  2960.3813], score = 0.95 (h)  <et=731.62>
SB phase 1 cand. 54 branch on var x[(12, 73)]_0_1326_0_OspV (lhs=0.3909)  : [ 2954.7070,  2954.8938], score = 1.29      <et=732.5>
SB phase 1 cand. 55 branch on Psi[1,2] (lhs=1.6535)                       : [ 2953.8922,  2956.4979], score = 0.66 (h)  <et=733.26>
SB phase 1 cand. 56 branch on var x[(74, 108)]_0_6166_0_OspV (lhs=0.3907) : [ 2954.0809,  2954.1064], score = 0.19      <et=733.91>
SB phase 1 cand. 57 branch on var x[(8, 15)]_0_826_0_OspV (lhs=0.8112)    : [ 2953.8625,  2960.0038], score = 1.28 (h)  <et=734.81>
SB phase 1 cand. 58 branch on var x[(4, 108)]_0_461_0_OspV (lhs=0.3820)   : [ 2954.0369,  2954.1827], score = 0.20      <et=735.53>
SB phase 1 cand. 59 branch on var x[(35, 74)]_0_3558_0_OspV (lhs=0.7023)  : [ 2954.1809,  2956.0619], score = 1.25 (h)  <et=736.37>
SB phase 1 cand. 60 branch on var x[(17, 76)]_0_1859_0_OspV (lhs=0.6188)  : [ 2954.0832,  2954.6971], score = 0.44      <et=737.08>
SB phase 1 cand. 61 branch on var x[(48, 84)]_0_4595_0_OspV (lhs=0.6957)  : [ 2954.2537,  2957.6442], score = 2.36 (h)  <et=738>
SB phase 1 cand. 62 branch on var x[(27, 46)]_0_2814_0_OspV (lhs=0.3793)  : [ 2953.8980,  2954.5035], score = 0.20      <et=738.72>
SB phase 1 cand. 63 branch on var x[(11, 104)]_0_1248_0_OspV (lhs=0.8648) : [ 2953.8258,  2959.2932], score = 0.93 (h)  <et=739.59>
SB phase 1 cand. 64 branch on var x[(5, 70)]_0_539_0_OspV (lhs=0.6228)    : [ 2954.1232,  2955.4513], score = 0.83      <et=740.37>
SB phase 1 cand. 65 branch on var x[(3, 104)]_0_340_0_OspV (lhs=0.1352)   : [ 2953.8258,  2959.2724], score = 0.93 (h)  <et=741.21>
SB phase 1 cand. 66 branch on var x[(27, 106)]_0_2874_0_OspV (lhs=0.3696) : [ 2953.8425,  2954.2668], score = 0.11      <et=741.82>
SB phase 1 cand. 67 branch on var x[(77, 91)]_0_6284_0_OspV (lhs=0.5685)  : [ 2954.2547,  2956.1141], score = 1.46 (h)  <et=742.68>
SB phase 1 cand. 68 branch on var x[(29, 79)]_0_3032_0_OspV (lhs=0.6310)  : [ 2954.2531,  2955.7177], score = 1.22      <et=743.52>
SB phase 1 cand. 69 branch on var x[(3, 13)]_0_249_0_OspV (lhs=0.8648)    : [ 2953.8212,  2960.1405], score = 1.04 (h)  <et=744.41>
SB phase 1 cand. 70 branch on var x[(46, 94)]_0_4458_0_OspV (lhs=0.6379)  : [ 2954.1238,  2955.8008], score = 0.99      <et=745.22>
SB phase 1 cand. 71 branch on var x[(37, 70)]_0_3723_0_OspV (lhs=0.6717)  : [ 2954.4084,  2956.0087], score = 1.76 (h)  <et=746.16>
SB phase 1 cand. 72 branch on var x[(72, 109)]_0_6072_0_OspV (lhs=0.3611) : [ 2954.2147,  2956.3430], score = 1.49      <et=747.06>
SB phase 1 cand. 73 branch on var x[(5, 28)]_0_497_0_OspV (lhs=0.2992)    : [ 2953.9617,  2954.8803], score = 0.37 (h)  <et=747.87>
SB phase 1 cand. 74 branch on var x[(0, 33)]_0_3344_0_OspV (lhs=0.6484)   : [ 2954.4569,  2955.4087], score = 1.39      <et=748.69>
SB phase 1 cand. 75 branch on var x[(12, 85)]_0_1338_0_OspV (lhs=0.5055)  : [ 2955.0374,  2955.2392], score = 2.17 (h)  <et=749.61>
SB phase 1 cand. 76 branch on var x[(4, 120)]_0_473_0_OspV (lhs=0.3400)   : [ 2954.0067,  2954.3592], score = 0.24      <et=750.3>
SB phase 1 cand. 77 branch on Psi[1,4] (lhs=1.1054)                       : [ 2953.8106,  2966.2218], score = 1.88 (h)  <et=751.23>
SB phase 1 cand. 78 branch on var x[(99, 106)]_0_7014_0_OspV (lhs=0.3380) : [ 2953.9862,  2954.3449], score = 0.22      <et=751.91>
SB phase 1 cand. 79 branch on var x[(95, 110)]_0_6924_0_OspV (lhs=0.3864) : [ 2954.8991,  2955.9471], score = 2.83 (h)  <et=752.86>
SB phase 1 cand. 80 branch on var x[(16, 106)]_0_1785_0_OspV (lhs=0.6648) : [ 2953.9853,  2954.2875], score = 0.20      <et=753.52>
SB phase 1 cand. 81 branch on var x[(0, 96)]_0_6935_0_OspV (lhs=0.6492)   : [ 2954.0059,  2956.1064], score = 0.84 (h)  <et=754.32>
SB phase 1 cand. 82 branch on var x[(0, 106)]_0_7140_0_OspV (lhs=0.3316)  : [ 2953.8239,  2955.3438], score = 0.27      <et=755.06>
SB phase 1 cand. 83 branch on var x[(7, 33)]_0_731_0_OspV (lhs=0.6201)    : [ 2954.6576,  2955.4862], score = 1.82 (h)  <et=755.94>
SB phase 1 cand. 84 branch on var x[(22, 82)]_0_2370_0_OspV (lhs=0.6742)  : [ 2953.9615,  2955.9527], score = 0.69      <et=756.66>
SB phase 1 cand. 85 branch on var x[(71, 76)]_0_5990_0_OspV (lhs=0.2973)  : [ 2954.0890,  2956.6080], score = 1.26 (h)  <et=757.46>
SB phase 1 cand. 86 branch on var x[(79, 112)]_0_6390_0_OspV (lhs=0.6823) : [ 2954.3058,  2956.4362], score = 1.79      <et=758.37>
SB phase 1 cand. 87 branch on var x[(33, 97)]_0_3408_0_OspV (lhs=0.2453)  : [ 2954.1177,  2958.5564], score = 2.24 (h)  <et=759.28>
SB phase 1 cand. 88 branch on var x[(52, 73)]_0_4866_0_OspV (lhs=0.3159)  : [ 2954.2747,  2956.4936], score = 1.74      <et=760.13>
SB phase 1 cand. 89 branch on var x[(37, 115)]_0_3768_0_OspV (lhs=0.7510) : [ 2954.3260,  2956.3349], score = 1.78 (h)  <et=761.03>
SB phase 1 cand. 90 branch on var x[(94, 101)]_0_6889_0_OspV (lhs=0.6922) : [ 2954.2262,  2955.2609], score = 0.90      <et=761.84>
SB phase 1 cand. 91 branch on var x[(71, 120)]_0_6034_0_OspV (lhs=0.3139) : [ 2953.9511,  2957.1816], score = 1.02 (h)  <et=762.62>
SB phase 1 cand. 92 branch on var x[(26, 113)]_0_2787_0_OspV (lhs=0.6930) : [ 2953.9364,  2955.5191], score = 0.51      <et=763.38>
SB phase 1 cand. 93 branch on var x[(70, 115)]_0_5979_0_OspV (lhs=0.2490) : [ 2954.3210,  2956.7936], score = 2.07 (h)  <et=764.35>
SB phase 1 cand. 94 branch on var x[(1, 23)]_0_22_0_OspV (lhs=0.3047)     : [ 2954.0930,  2956.3673], score = 1.17      <et=765.1>
SB phase 1 cand. 95 branch on var x[(63, 92)]_0_5578_0_OspV (lhs=0.3001)  : [ 2953.8862,  2956.3129], score = 0.60 (h)  <et=765.85>
SB phase 1 cand. 96 branch on var x[(0, 101)]_0_7050_0_OspV (lhs=0.3029)  : [ 2953.9324,  2955.5149], score = 0.50      <et=766.64>
SB phase 1 cand. 97 branch on var x[(29, 73)]_0_3026_0_OspV (lhs=0.2995)  : [ 2954.0382,  2956.6040], score = 1.11 (h)  <et=767.51>
SB phase 1 cand. 98 branch on var x[(80, 93)]_0_6412_0_OspV (lhs=0.3021)  : [ 2954.1486,  2955.6384], score = 0.96      <et=768.31>
SB phase 1 cand. 99 branch on var x[(0, 73)]_0_6084_0_OspV (lhs=0.5591)   : [ 2954.2568,  2955.1875], score = 0.91 (h)  <et=769.13>
SB phase 1 cand. 100 branch on var x[(93, 119)]_0_6880_0_OspV (lhs=0.6979) : [ 2954.1486,  2955.6384], score = 0.96      <et=769.98>
**** Strong branching phase 2 is started *****
<DWph=1> <it= 10> <et=774.39> <Mt= 0.34> <Spt= 4.03> <nCl= 77> <al=0.00> <DB= 2955.8476> <Mlp= 2955.8476> <PB=10000000> 
<DWph=1> <it= 17> <et=783.17> <Mt= 1.80> <Spt= 6.53> <nCl=121> <al=0.00> <DB= 2955.3391> <Mlp= 2955.3391> <PB=10000000> 
SB phase 2 cand.  1 branch on var x[(54, 77)]_0_5005_0_OspV (lhs=0.4404): [ 2955.3391,  2955.8476], score = 3.67 (h)  <et=783.21>
<DWph=1> <it=  9> <et=787.29> <Mt= 0.28> <Spt= 3.50> <nCl= 51> <al=0.00> <DB= 2955.7301> <Mlp= 2955.7301> <PB=10000000> 
BaPCod info: Cplex status is 'Optimal solution found, unscaled infeasibilities'
BaPCod info: Cplex status is 'Optimal solution found, unscaled infeasibilities'
BaPCod info: Cplex status is 'Optimal solution found, unscaled infeasibilities'
<DWph=1> <it= 26> <et=798.39> <Mt= 2.03> <Spt= 8.77> <nCl=139> <al=0.00> <DB= 2955.3832> <Mlp= 2955.3832> <PB=10000000> 
SB phase 2 cand.  2 branch on var x[(61, 77)]_0_5446_0_OspV (lhs=0.5446): [ 2955.3832,  2955.7301], score = 3.56 (h)  <et=798.44>
<DWph=1> <it= 12> <et=803.25> <Mt= 0.47> <Spt= 4.04> <nCl=102> <al=0.00> <DB= 2955.8341> <Mlp= 2955.8341> <PB=10000000> 
<DWph=1> <it= 26> <et=814.80> <Mt= 1.89> <Spt= 9.32> <nCl=129> <al=0.00> <DB= 2955.2684> <Mlp= 2955.2684> <PB=10000000> 
SB phase 2 cand.  3 branch on var x[(61, 66)]_0_5435_0_OspV (lhs=0.4404): [ 2955.2684,  2955.8341], score = 3.49 (h)  <et=814.85>
**** Strong branching phase 3 is started *****
**** SB phase 3 evaluation of candidate 1, branch 1 ( x[(54, 77)]_0_5005_0_OspV >= 1 ), value = 2955.85
<DWph=2> <it=  1> <et=815.35> <Mt= 0.01> <Spt= 0.19> <nCl=  8> <al=0.50> <DB= 2817.4392> <Mlp= 2955.8476> <PB=10000000> 
<DWph=2> <it=  2> <et=815.64> <Mt= 0.10> <Spt= 0.19> <nCl=  6> <al=0.40> <DB= 2845.6141> <Mlp= 2955.7998> <PB=10000000> 
<DWph=2> <it=  3> <et=816.05> <Mt= 0.04> <Spt= 0.38> <nCl=  6> <al=0.00> <DB= 2955.7960> <Mlp= 2955.7960> <PB=10000000> 
<DWph=1> <it=  4> <et=816.42> <Mt= 0.00> <Spt= 0.36> <nCl=  9> <al=0.20> <DB= 2944.6289> <Mlp= 2955.7960> <PB=10000000> 
<DWph=1> <it=  5> <et=817.17> <Mt= 0.02> <Spt= 0.72> <nCl=  2> <al=0.00> <DB= 2955.7957> <Mlp= 2955.7957> <PB=10000000> 
1 bl.dch (4705)...    RCSP exact solver info for graph G_0 : TT = 5.80254, pt = 0.007206, dt = 5.23163, ct = 0.561076, ndl = 303393', bdl = 21983516', odl = 140771', odf = 5132746', bsi = 1744', cnt = 37350907', bdch = 1379733756', odch = 272525964', lcp = 44780386', #sols = 150
<DWph=0> <it=  6> <et=823.03> <Mt= 0.01> <Spt= 5.86> <nCl=150> <al=0.00> <DB= 2643.8816> <Mlp= 2955.7957> <PB=10000000> 
1 bl.dch (4745)...    RCSP exact solver info for graph G_0 : TT = 5.75322, pt = 0.007805, dt = 5.16359, ct = 0.579078, ndl = 301346', bdl = 21752716', odl = 142171', odf = 5153276', bsi = 1735', cnt = 37786130', bdch = 1358371368', odch = 267679247', lcp = 44623193', #sols = 150
<DWph=0> <it=  7> <et=828.94> <Mt= 0.11> <Spt= 5.80> <nCl=111> <al=0.00> <DB= 2657.0597> <Mlp= 2955.7080> <PB=10000000> 
1 bl.dch (4754)...    RCSP exact solver info for graph G_0 : TT = 5.72509, pt = 0.007886, dt = 5.11306, ct = 0.601356, ndl = 300551', bdl = 21718859', odl = 140434', odf = 5092403', bsi = 1691', cnt = 37437131', bdch = 1342297402', odch = 258365129', lcp = 43952559', #sols = 150
<DWph=0> <it=  8> <et=834.72> <Mt= 0.04> <Spt= 5.74> <nCl= 23> <al=0.01> <DB= 2909.5770> <Mlp= 2955.6936> <PB=10000000> 
1 bl.dch (4767)...    RCSP exact solver info for graph G_0 : TT = 5.76703, pt = 0.007622, dt = 5.14551, ct = 0.611016, ndl = 298860', bdl = 21598665', odl = 140220', odf = 5078451', bsi = 1704', cnt = 36947847', bdch = 1329175197', odch = 255996718', lcp = 43384662', #sols = 150
<DWph=0> <it=  9> <et=840.52> <Mt= 0.01> <Spt= 5.78> <nCl= 26> <al=0.11> <DB= 2950.6665> <Mlp= 2955.6932> <PB=10000000> 
1 bl.dch (4775)...    RCSP exact solver info for graph G_0 : TT = 7.55885, pt = 0.007846, dt = 6.9185, ct = 0.629537, ndl = 298116', bdl = 21547849', odl = 139800', odf = 5063072', bsi = 1671', cnt = 36398569', bdch = 1321137880', odch = 254748803', lcp = 43206993', #sols = 150
1 bl.dch (4775)...    RCSP exact solver info for graph G_0 : TT = 5.85323, pt = 0.007729, dt = 5.27128, ct = 0.57161, ndl = 298117', bdl = 21550356', odl = 140057', odf = 5061822', bsi = 1663', cnt = 36458686', bdch = 1322093824', odch = 254443712', lcp = 43119547', #sols = 150
<DWph=0> <it= 10> <et=852.29> <Mt= 0.01> <Spt=11.76> <nCl= 29> <al=0.00> <DB= 2955.6931> <Mlp= 2955.6931> <PB=10000000> 
RCSP solver dynamic params and stats :  bidir.bord. = 375 aver.obdmd = 98.0984 aver.buck.num. = 101 nbR1C = 227 with avMem = 16.3304
@@ 416 0 2955.69 6.06621 7.54804 92.453 852.29
    Full reduced cost fixing is not called (gap ratio is 0.999994)
ColGenEvalAlg final dual bound: 2955.69 (rounded: 2956)
Current active cuts : CAP(8,108.228) R1C(29+198,442.56) 1rowPackR1C(29) 3rowPackR1C(113) 4rowPackR1C(51) 5rowPackR1C(34)
3 Rank-1 1-rows pack. cuts added ,  max viol. = 0.0361332, aver. viol. = 0.0293895
150 Rank-1 3-rows pack. cuts added ,  max viol. = 0.150986, aver. viol. = 0.0662408
Shrinking heuristic shrunk 12 edges
In total 1 RCC cut(s) are found by the Fractional capacity min-cut heuristic 
In total 5 RCC cut(s) are found by the greedy construction heuristic 
In total 24 RCC cut(s) are found by the global pool greedy search heuristic 
----- Add fac. cuts : CAP(30) R1C(153), max.viol = 0.164949, aver.viol = 0.0635939, sep/add took 0.0957478/0.791508 sec. -----
12503 columns (8571 active), 717 dyn. constrs. (429 active), 963 art. vars. (671 active)
<DWph=2> <it=  1> <et=854.00> <Mt= 0.33> <Spt= 0.43> <nCl= 17> <al=0.00> <DB= 2913.2305> <Mlp= 2956.3281> <PB=10000000> 
<DWph=2> <it=  2> <et=854.44> <Mt= 0.02> <Spt= 0.41> <nCl=  0> <al=0.00> <DB= 2956.3281> <Mlp= 2956.3281> <PB=10000000> 
<DWph=1> <it=  3> <et=854.81> <Mt= 0.00> <Spt= 0.37> <nCl=  9> <al=0.30> <DB= 2691.9348> <Mlp= 2956.3281> <PB=10000000> 
<DWph=1> <it=  4> <et=855.30> <Mt= 0.11> <Spt= 0.38> <nCl=  3> <al=0.20> <DB= 2915.7820> <Mlp= 2956.3092> <PB=10000000> 
<DWph=1> <it=  5> <et=856.05> <Mt= 0.01> <Spt= 0.74> <nCl=  5> <al=0.00> <DB= 2956.3092> <Mlp= 2956.3092> <PB=10000000> 
1 bl.dch (4605)...    RCSP exact solver info for graph G_0 : TT = 6.53664, pt = 0.00753, dt = 5.86319, ct = 0.663426, ndl = 327817', bdl = 23278456', odl = 143084', odf = 5629445', bsi = 1790', cnt = 46337752', bdch = 1541107518', odch = 362764747', lcp = 56542610', #sols = 150
<DWph=0> <it=  6> <et=862.66> <Mt= 0.01> <Spt= 6.60> <nCl=150> <al=0.00> <DB= 2481.4971> <Mlp= 2956.3092> <PB=10000000> 
1 bl.dch (4630)...    RCSP exact solver info for graph G_0 : TT = 6.56557, pt = 0.007954, dt = 5.87677, ct = 0.678113, ndl = 323916', bdl = 22917575', odl = 142668', odf = 5526681', bsi = 1779', cnt = 47023669', bdch = 1510493384', odch = 345478769', lcp = 55440011', #sols = 150
<DWph=0> <it=  7> <et=869.42> <Mt= 0.15> <Spt= 6.61> <nCl= 94> <al=0.00> <DB= 2841.1588> <Mlp= 2956.2790> <PB=10000000> 
1 bl.dch (4681)...    RCSP exact solver info for graph G_0 : TT = 7.85214, pt = 0.008053, dt = 7.17612, ct = 0.665107, ndl = 314244', bdl = 22377226', odl = 140881', odf = 5370920', bsi = 1738', cnt = 43728768', bdch = 1437260802', odch = 312661536', lcp = 50625350', #sols = 150
<DWph=0> <it=  8> <et=875.84> <Mt= 0.12> <Spt= 6.30> <nCl= 23> <al=0.10> <DB= 2898.8512> <Mlp= 2956.2688> <PB=10000000> 
1 bl.dch (4681)...    RCSP exact solver info for graph G_0 : TT = 6.33934, pt = 0.008396, dt = 5.68085, ct = 0.646984, ndl = 313911', bdl = 22363021', odl = 140382', odf = 5367767', bsi = 1756', cnt = 43351785', bdch = 1434070681', odch = 313519033', lcp = 50561485', #sols = 150
<DWph=0> <it=  9> <et=882.24> <Mt= 0.04> <Spt= 6.36> <nCl= 20> <al=0.19> <DB= 2935.9421> <Mlp= 2956.2686> <PB=10000000> 
1 bl.dch (4683)...    RCSP exact solver info for graph G_0 : TT = 5.94782, pt = 0.008352, dt = 5.29278, ct = 0.643961, ndl = 312713', bdl = 22324482', odl = 139970', odf = 5335044', bsi = 1716', cnt = 43061523', bdch = 1423401586', odch = 308106564', lcp = 49856609', #sols = 150
1 bl.dch (4693)...    RCSP exact solver info for graph G_0 : TT = 6.13956, pt = 0.008085, dt = 5.49304, ct = 0.635708, ndl = 311993', bdl = 22266787', odl = 139617', odf = 5324264', bsi = 1742', cnt = 42633200', bdch = 1415588661', odch = 306946302', lcp = 49647772', #sols = 150
<DWph=0> <it= 10> <et=894.40> <Mt= 0.05> <Spt=12.11> <nCl= 17> <al=0.00> <DB= 2956.2683> <Mlp= 2956.2683> <PB=10000000> 
RCSP solver dynamic params and stats :  bidir.bord. = 375 aver.obdmd = 98.0984 aver.buck.num. = 101 nbR1C = 228 with avMem = 16.1974
@@ 416 1 2956.27 6.55267 7.84123 92.453 894.4
    Full reduced cost fixing is not called (gap ratio is 0.999993)
ColGenEvalAlg final dual bound: 2956.27 (rounded: 2957)
False gap improvement since the last cut separation : 0.00194609 (2955.69)
Separator R1C not in maximum phase
Cut generation tailing off counter increased to 0
Current active cuts : CAP(13,123.884) R1C(29+199,445.463) 1rowPackR1C(29) 3rowPackR1C(121) 4rowPackR1C(47) 5rowPackR1C(31)
2 Rank-1 1-rows pack. cuts added ,  max viol. = 0.0366479, aver. viol. = 0.0299566
147 Rank-1 3-rows pack. cuts added ,  max viol. = 0.110978, aver. viol. = 0.0470432
Building structures for heuristic rank-1 packing cut separation...done!
88 Rank-1 4-rows pack. cuts added ,  max viol. = 0.17519, aver. viol. = 0.0639793
100 Rank-1 5-rows pack. cuts added ,  max viol. = 0.206132, aver. viol. = 0.129531
Shrinking heuristic shrunk 13 edges
In total 1 RCC cut(s) are found by the Fractional capacity min-cut heuristic 
----- Add fac. cuts : CAP(1) R1C(337), max.viol = 0.241256, aver.viol = 0.08352, sep/add took 1.11409/1.36144 sec. -----
12841 columns (8909 active), 1055 dyn. constrs. (588 active), 1301 art. vars. (830 active)
<DWph=2> <it=  1> <et=897.91> <Mt= 0.44> <Spt= 0.52> <nCl= 11> <al=0.00> <DB= 2948.0427> <Mlp= 2957.0289> <PB=10000000> 
<DWph=2> <it=  2> <et=898.41> <Mt= 0.03> <Spt= 0.46> <nCl=  7> <al=0.00> <DB= 2953.3804> <Mlp= 2957.0283> <PB=10000000> 
<DWph=2> <it=  3> <et=898.88> <Mt= 0.02> <Spt= 0.45> <nCl=  1> <al=0.00> <DB= 2957.0283> <Mlp= 2957.0283> <PB=10000000> 
<DWph=1> <it=  4> <et=899.33> <Mt= 0.00> <Spt= 0.44> <nCl=  7> <al=0.20> <DB= 2854.9007> <Mlp= 2957.0283> <PB=10000000> 
<DWph=1> <it=  5> <et=899.79> <Mt= 0.04> <Spt= 0.43> <nCl=  4> <al=0.28> <DB= 2928.4297> <Mlp= 2957.0242> <PB=10000000> 
<DWph=1> <it=  6> <et=900.68> <Mt= 0.01> <Spt= 0.87> <nCl=  1> <al=0.00> <DB= 2957.0242> <Mlp= 2957.0242> <PB=10000000> 
1 bl.dch (4522)...    RCSP exact solver info for graph G_0 : TT = 9.07819, pt = 0.008091, dt = 8.28552, ct = 0.781262, ndl = 346398', bdl = 24613759', odl = 152777', odf = 5996428', bsi = 1748', cnt = 55438505', bdch = 1723243313', odch = 375939516', lcp = 60899646', #sols = 150
<DWph=0> <it=  7> <et=908.20> <Mt= 0.01> <Spt= 7.52> <nCl=150> <al=0.08> <DB= 2591.9494> <Mlp= 2957.0242> <PB=10000000> 
1 bl.dch (4540)...    RCSP exact solver info for graph G_0 : TT = 7.29578, pt = 0.008586, dt = 6.57896, ct = 0.704909, ndl = 340564', bdl = 24233317', odl = 151559', odf = 5855715', bsi = 1762', cnt = 52508383', bdch = 1679790613', odch = 358037923', lcp = 57685431', #sols = 150
<DWph=0> <it=  8> <et=915.80> <Mt= 0.27> <Spt= 7.32> <nCl= 44> <al=0.00> <DB= 2683.9081> <Mlp= 2956.9017> <PB=10000000> 
1 bl.dch (4547)...    RCSP exact solver info for graph G_0 : TT = 7.10584, pt = 0.00878, dt = 6.38058, ct = 0.71375, ndl = 339014', bdl = 24131718', odl = 150858', odf = 5835663', bsi = 1704', cnt = 51038806', bdch = 1667013126', odch = 354886675', lcp = 56992632', #sols = 150
<DWph=0> <it=  9> <et=922.97> <Mt= 0.05> <Spt= 7.12> <nCl=  9> <al=0.08> <DB= 2902.6239> <Mlp= 2956.8978> <PB=10000000> 
1 bl.dch (4553)...    RCSP exact solver info for graph G_0 : TT = 6.96695, pt = 0.008258, dt = 6.25384, ct = 0.702214, ndl = 336678', bdl = 24001644', odl = 149671', odf = 5788771', bsi = 1729', cnt = 49585388', bdch = 1644075444', odch = 346065073', lcp = 55362819', #sols = 150
<DWph=0> <it= 10> <et=929.97> <Mt= 0.02> <Spt= 6.98> <nCl=  5> <al=0.17> <DB= 2947.4649> <Mlp= 2956.8977> <PB=10000000> 
1 bl.dch (4554)...    RCSP exact solver info for graph G_0 : TT = 6.93228, pt = 0.008301, dt = 6.2053, ct = 0.716005, ndl = 336188', bdl = 23968728', odl = 149903', odf = 5779350', bsi = 1708', cnt = 49402610', bdch = 1640553954', odch = 344154478', lcp = 55258623', #sols = 150
1 bl.dch (4555)...    RCSP exact solver info for graph G_0 : TT = 8.7213, pt = 0.008139, dt = 8.0037, ct = 0.706957, ndl = 336184', bdl = 23968683', odl = 150199', odf = 5779883', bsi = 1681', cnt = 49319139', bdch = 1640794325', odch = 343813444', lcp = 55216622', #sols = 150
<DWph=0> <it= 11> <et=943.91> <Mt= 0.01> <Spt=13.93> <nCl= 18> <al=0.00> <DB= 2956.8977> <Mlp= 2956.8977> <PB=10000000> 
RCSP solver dynamic params and stats :  bidir.bord. = 375 aver.obdmd = 98.0984 aver.buck.num. = 101 nbR1C = 242 with avMem = 17.0083
@@ 416 2 2956.9 7.67217 9.06678 92.453 943.91
    Full reduced cost fixing is not called (gap ratio is 0.999993)
ColGenEvalAlg final dual bound: 2956.9 (rounded: 2957)
False gap improvement since the last cut separation : 0.00212894 (2956.27)
Cut generation tailing off counter increased to 1
Current active cuts : CAP(12,167.484) R1C(25+217,447.52) 1rowPackR1C(25) 3rowPackR1C(121) 4rowPackR1C(57) 5rowPackR1C(39)
2 Rank-1 1-rows pack. cuts added ,  max viol. = 0.0417528, aver. viol. = 0.0320444
150 Rank-1 3-rows pack. cuts added ,  max viol. = 0.0828644, aver. viol. = 0.0304314
Building structures for heuristic rank-1 packing cut separation...done!
100 Rank-1 4-rows pack. cuts added ,  max viol. = 0.0995602, aver. viol. = 0.0372548
100 Rank-1 5-rows pack. cuts added ,  max viol. = 0.113561, aver. viol. = 0.0826326
Shrinking heuristic shrunk 10 edges
In total 1 RCC cut(s) are found by the Fractional capacity min-cut heuristic 
In total 1 RCC cut(s) are found by the global pool greedy search heuristic 
----- Add fac. cuts : CAP(2) R1C(352), max.viol = 0.283212, aver.viol = 0.0528078, sep/add took 1.18506/1.27214 sec. -----
13098 columns (9166 active), 1256 dyn. constrs. (616 active), 1655 art. vars. (858 active)
<DWph=2> <it=  1> <et=947.40> <Mt= 0.49> <Spt= 0.40> <nCl= 10> <al=0.00> <DB= 2886.0352> <Mlp= 2957.3343> <PB=10000000> 
<DWph=2> <it=  2> <et=947.73> <Mt= 0.10> <Spt= 0.23> <nCl=  7> <al=0.40> <DB= 2459.6041> <Mlp= 2957.3335> <PB=10000000> 
<DWph=2> <it=  3> <et=948.05> <Mt= 0.09> <Spt= 0.23> <nCl=  2> <al=0.46> <DB= 2893.7601> <Mlp= 2957.3327> <PB=10000000> 
<DWph=2> <it=  4> <et=948.51> <Mt= 0.02> <Spt= 0.44> <nCl= 10> <al=0.00> <DB= 2113.9847> <Mlp= 2957.3327> <PB=10000000> 
<DWph=2> <it=  5> <et=948.74> <Mt= 0.02> <Spt= 0.22> <nCl=  1> <al=0.26> <DB= 2921.4004> <Mlp= 2957.3327> <PB=10000000> 
<DWph=2> <it=  6> <et=949.18> <Mt= 0.01> <Spt= 0.41> <nCl=  2> <al=0.00> <DB= 2957.3327> <Mlp= 2957.3327> <PB=10000000> 
<DWph=1> <it=  7> <et=949.56> <Mt= 0.01> <Spt= 0.38> <nCl=  5> <al=0.06> <DB= 2746.5953> <Mlp= 2957.3327> <PB=10000000> 
<DWph=1> <it=  8> <et=950.02> <Mt= 0.08> <Spt= 0.37> <nCl=  4> <al=0.00> <DB= 2648.0702> <Mlp= 2957.3304> <PB=10000000> 
<DWph=1> <it=  9> <et=950.79> <Mt= 0.04> <Spt= 0.74> <nCl=  0> <al=0.00> <DB= 2957.3300> <Mlp= 2957.3300> <PB=10000000> 
1 bl.dch (4373)...2 bl.dch (5097)...    RCSP exact solver info for graph G_0 : TT = 8.72534, pt = 0.008647, dt = 7.63208, ct = 1.082, ndl = 392728', bdl = 27425708', odl = 167954', odf = 6931459', bsi = 1854', cnt = 66242852', bdch = 2138443406', odch = 462719024', lcp = 75180229', #sols = 150
<DWph=0> <it= 10> <et=959.60> <Mt= 0.01> <Spt= 8.80> <nCl=150> <al=0.00> <DB= 2472.2790> <Mlp= 2957.3300> <PB=10000000> 
1 bl.dch (4397)...2 bl.dch (5373)...    RCSP exact solver info for graph G_0 : TT = 8.54573, pt = 0.00992, dt = 7.51142, ct = 1.02184, ndl = 380589', bdl = 26655724', odl = 162815', odf = 6620831', bsi = 1789', cnt = 60942123', bdch = 2032357245', odch = 427910657', lcp = 70197132', #sols = 150
<DWph=0> <it= 11> <et=969.11> <Mt= 0.92> <Spt= 8.59> <nCl= 71> <al=0.00> <DB= 2705.9706> <Mlp= 2957.2584> <PB=10000000> 
1 bl.dch (4436)...    RCSP exact solver info for graph G_0 : TT = 10.3795, pt = 0.009405, dt = 9.37071, ct = 0.996714, ndl = 370040', bdl = 26015138', odl = 159801', odf = 6448573', bsi = 1802', cnt = 57917455', bdch = 1932184664', odch = 405093206', lcp = 66347303', #sols = 150
<DWph=0> <it= 12> <et=977.78> <Mt= 0.09> <Spt= 8.58> <nCl= 31> <al=0.07> <DB= 2939.8251> <Mlp= 2957.2573> <PB=10000000> 
1 bl.dch (4438)...    RCSP exact solver info for graph G_0 : TT = 7.8574, pt = 0.009523, dt = 6.93736, ct = 0.908016, ndl = 369329', bdl = 25991216', odl = 160424', odf = 6449317', bsi = 1732', cnt = 57429460', bdch = 1924055010', odch = 404211455', lcp = 66108825', #sols = 150
1 bl.dch (4440)...    RCSP exact solver info for graph G_0 : TT = 7.82771, pt = 0.008449, dt = 6.91027, ct = 0.906483, ndl = 369704', bdl = 26000011', odl = 159918', odf = 6454180', bsi = 1796', cnt = 57162515', bdch = 1923638996', odch = 405779804', lcp = 66210012', #sols = 150
<DWph=0> <it= 13> <et=993.52> <Mt= 0.03> <Spt=15.70> <nCl= 15> <al=0.00> <DB= 2957.2573> <Mlp= 2957.2573> <PB=10000000> 
RCSP solver dynamic params and stats :  bidir.bord. = 375 aver.obdmd = 98.0984 aver.buck.num. = 101 nbR1C = 266 with avMem = 17.3947
@@ 416 3 2957.26 8.65538 10.3674 92.453 993.52
    Full reduced cost fixing is not called (gap ratio is 0.999993)
ColGenEvalAlg final dual bound: 2957.26 (rounded: 2958)
False gap improvement since the last cut separation : 0.00121602 (2956.9)
Cut generation tailing off counter increased to 2
Current active cuts : CAP(10,122.341) R1C(26+240,454.718) 1rowPackR1C(26) 3rowPackR1C(130) 4rowPackR1C(65) 5rowPackR1C(45)
1 Rank-1 1-rows pack. cuts added ,  max viol. = 0.0261946, aver. viol. = 0.0261946
134 Rank-1 3-rows pack. cuts added ,  max viol. = 0.0627456, aver. viol. = 0.0355561
Building structures for heuristic rank-1 packing cut separation...done!
100 Rank-1 4-rows pack. cuts added ,  max viol. = 0.0862658, aver. viol. = 0.044045
100 Rank-1 5-rows pack. cuts added ,  max viol. = 0.109422, aver. viol. = 0.0704946
Shrinking heuristic shrunk 12 edges
In total 17 RCC cut(s) are found by the global pool greedy search heuristic 
----- Add fac. cuts : CAP(17) R1C(335), max.viol = 0.168432, aver.viol = 0.0544196, sep/add took 1.12063/1.32458 sec. -----
13406 columns (9474 active), 1296 dyn. constrs. (636 active), 2007 art. vars. (878 active)
<DWph=2> <it=  1> <et=997.11> <Mt= 0.55> <Spt= 0.48> <nCl=  8> <al=0.00> <DB= 2944.2229> <Mlp= 2957.7878> <PB=10000000> 
<DWph=2> <it=  2> <et=997.61> <Mt= 0.03> <Spt= 0.47> <nCl=  4> <al=0.00> <DB= 2933.9273> <Mlp= 2957.7878> <PB=10000000> 
<DWph=2> <it=  3> <et=998.11> <Mt= 0.02> <Spt= 0.47> <nCl=  0> <al=0.00> <DB= 2957.7878> <Mlp= 2957.7878> <PB=10000000> 
<DWph=1> <it=  4> <et=998.55> <Mt= 0.01> <Spt= 0.44> <nCl=  7> <al=0.20> <DB= 2869.5571> <Mlp= 2957.7878> <PB=10000000> 
<DWph=1> <it=  5> <et=999.16> <Mt= 0.17> <Spt= 0.43> <nCl=  3> <al=0.10> <DB= 2933.0216> <Mlp= 2957.7648> <PB=10000000> 
<DWph=1> <it=  6> <et=1000.06> <Mt= 0.04> <Spt= 0.87> <nCl=  5> <al=0.00> <DB= 2938.7491> <Mlp= 2957.7647> <PB=10000000> 
<DWph=1> <it=  7> <et=1000.94> <Mt= 0.02> <Spt= 0.86> <nCl=  3> <al=0.00> <DB= 2957.7647> <Mlp= 2957.7647> <PB=10000000> 
1 bl.dch (4288)...2 bl.dch (4857)...    RCSP exact solver info for graph G_0 : TT = 12.7576, pt = 0.009259, dt = 11.4508, ct = 1.29505, ndl = 425016', bdl = 29458081', odl = 173913', odf = 7525539', bsi = 1833', cnt = 81183239', bdch = 2471011760', odch = 577911594', lcp = 92189145', #sols = 150
<DWph=0> <it=  8> <et=1011.86> <Mt= 0.01> <Spt=10.90> <nCl=123> <al=0.00> <DB= 2713.6341> <Mlp= 2957.7647> <PB=10000000> 
1 bl.dch (4327)...2 bl.dch (4926)...    RCSP exact solver info for graph G_0 : TT = 9.45911, pt = 0.008826, dt = 8.22193, ct = 1.22594, ndl = 411528', bdl = 28496078', odl = 169394', odf = 7286981', bsi = 1854', cnt = 78319615', bdch = 2321316054', odch = 549316597', lcp = 87276044', #sols = 150
<DWph=0> <it=  9> <et=1021.75> <Mt= 0.39> <Spt= 9.50> <nCl= 62> <al=0.00> <DB= 2904.3133> <Mlp= 2957.6842> <PB=10000000> 
1 bl.dch (4319)...2 bl.dch (4912)...    RCSP exact solver info for graph G_0 : TT = 10.0184, pt = 0.009685, dt = 8.70366, ct = 1.30253, ndl = 415344', bdl = 28770265', odl = 171407', odf = 7366347', bsi = 1847', cnt = 80017993', bdch = 2360911647', odch = 559256622', lcp = 89018797', #sols = 150
1 bl.dch (4319)...2 bl.dch (4911)...    RCSP exact solver info for graph G_0 : TT = 12.5977, pt = 0.010138, dt = 11.2081, ct = 1.3769, ndl = 416016', bdl = 28789187', odl = 171340', odf = 7376255', bsi = 1779', cnt = 80979840', bdch = 2369204209', odch = 560509197', lcp = 89274831', #sols = 150
<DWph=0> <it= 10> <et=1042.43> <Mt= 0.09> <Spt=20.59> <nCl= 30> <al=0.00> <DB= 2957.6808> <Mlp= 2957.6808> <PB=10000000> 
RCSP solver dynamic params and stats :  bidir.bord. = 375 aver.obdmd = 98.0984 aver.buck.num. = 101 nbR1C = 281 with avMem = 17.7972
@@ 416 4 2957.68 11.1962 12.7458 92.453 1042.43
    Full reduced cost fixing is not called (gap ratio is 0.999993)
ColGenEvalAlg final dual bound: 2957.68 (rounded: 2958)
False gap improvement since the last cut separation : 0.00143229 (2957.26)
----- Cut generation stopped by the pricing solver
Current active cuts : CAP(10,116.998) R1C(27+254,466.471) 1rowPackR1C(27) 3rowPackR1C(125) 4rowPackR1C(72) 5rowPackR1C(57)
**** SB phase 3 evaluation of candidate 1, branch 2 ( x[(54, 77)]_0_5005_0_OspV <= 0 ), value = 2955.34
<DWph=2> <it=  1> <et=1043.89> <Mt= 0.72> <Spt= 0.17> <nCl= 30> <al=0.50> <DB=-21599441338.5975> <Mlp= 2955.3391> <PB=10000000> 
<DWph=2> <it=  2> <et=1044.13> <Mt= 0.06> <Spt= 0.18> <nCl= 30> <al=0.55> <DB=-22031564112.6592> <Mlp= 2955.3391> <PB=10000000> 
<DWph=2> <it=  3> <et=1044.31> <Mt= 0.02> <Spt= 0.15> <nCl= 30> <al=0.60> <DB=-58837.5798> <Mlp= 2955.3391> <PB=10000000> 
<DWph=2> <it=  4> <et=1044.46> <Mt= 0.01> <Spt= 0.14> <nCl= 30> <al=0.64> <DB=-186086.4935> <Mlp= 2955.3391> <PB=10000000> 
<DWph=2> <it=  5> <et=1044.68> <Mt= 0.03> <Spt= 0.18> <nCl= 30> <al=0.67> <DB=-2277.4333> <Mlp= 2955.3391> <PB=10000000> 
<DWph=2> <it=  6> <et=1045.04> <Mt= 0.02> <Spt= 0.34> <nCl= 33> <al=0.41> <DB=-11526.7870> <Mlp= 2955.3391> <PB=10000000> 
<DWph=1> <it=  7> <et=1045.41> <Mt= 0.05> <Spt= 0.33> <nCl= 30> <al=0.60> <DB= 1264.6366> <Mlp= 2955.3391> <PB=10000000> 
<DWph=1> <it=  8> <et=1045.77> <Mt= 0.02> <Spt= 0.34> <nCl= 30> <al=0.64> <DB= 1503.4763> <Mlp= 2955.3391> <PB=10000000> 
<DWph=1> <it=  9> <et=1046.13> <Mt= 0.02> <Spt= 0.33> <nCl=  9> <al=0.68> <DB= 1968.2879> <Mlp= 2955.3391> <PB=10000000> 
<DWph=1> <it= 10> <et=1046.47> <Mt= 0.01> <Spt= 0.33> <nCl= 10> <al=0.58> <DB= 2116.6174> <Mlp= 2955.3391> <PB=10000000> 
<DWph=1> <it= 11> <et=1046.83> <Mt= 0.03> <Spt= 0.33> <nCl=  8> <al=0.62> <DB= 2695.5851> <Mlp= 2955.3377> <PB=10000000> 
<DWph=1> <it= 12> <et=1047.18> <Mt= 0.01> <Spt= 0.34> <nCl=  6> <al=0.52> <DB= 2845.5226> <Mlp= 2955.3377> <PB=10000000> 
<DWph=1> <it= 13> <et=1047.52> <Mt= 0.01> <Spt= 0.33> <nCl=  4> <al=0.57> <DB= 2558.2269> <Mlp= 2955.3377> <PB=10000000> 
<DWph=1> <it= 14> <et=1047.87> <Mt= 0.02> <Spt= 0.33> <nCl=  6> <al=0.61> <DB= 2839.6371> <Mlp= 2955.3377> <PB=10000000> 
<DWph=1> <it= 15> <et=1048.90> <Mt= 0.01> <Spt= 1.02> <nCl=  6> <al=0.00> <DB= 2877.3949> <Mlp= 2955.3377> <PB=10000000> 
<DWph=1> <it= 16> <et=1049.25> <Mt= 0.01> <Spt= 0.34> <nCl=  1> <al=0.55> <DB= 2829.0490> <Mlp= 2955.3371> <PB=10000000> 
<DWph=1> <it= 17> <et=1049.60> <Mt= 0.02> <Spt= 0.33> <nCl=  2> <al=0.60> <DB= 2935.5041> <Mlp= 2955.3371> <PB=10000000> 
<DWph=1> <it= 18> <et=1049.94> <Mt= 0.00> <Spt= 0.33> <nCl=  4> <al=0.50> <DB= 2522.1584> <Mlp= 2955.3371> <PB=10000000> 
<DWph=1> <it= 19> <et=1050.29> <Mt= 0.02> <Spt= 0.34> <nCl=  2> <al=0.40> <DB= 2827.7115> <Mlp= 2955.3371> <PB=10000000> 
<DWph=1> <it= 20> <et=1050.95> <Mt= 0.01> <Spt= 0.65> <nCl=  0> <al=0.00> <DB= 2955.3371> <Mlp= 2955.3371> <PB=10000000> 
1 bl.dch (4681)...    RCSP exact solver info for graph G_0 : TT = 5.03242, pt = 0.006896, dt = 4.64572, ct = 0.377491, ndl = 300594', bdl = 21623254', odl = 144345', odf = 4896338', bsi = 2056', cnt = 27493653', bdch = 1423043393', odch = 257902649', lcp = 44251017', #sols = 150
<DWph=0> <it= 21> <et=1056.03> <Mt= 0.00> <Spt= 5.08> <nCl=150> <al=0.36> <DB= 2141.4651> <Mlp= 2955.3371> <PB=10000000> 
1 bl.dch (4571)...    RCSP exact solver info for graph G_0 : TT = 6.19947, pt = 0.007297, dt = 5.65355, ct = 0.536179, ndl = 323766', bdl = 23067976', odl = 147821', odf = 5298337', bsi = 2031', cnt = 34873389', bdch = 1601479725', odch = 304020148', lcp = 53223738', #sols = 150
<DWph=0> <it= 22> <et=1063.01> <Mt= 0.73> <Spt= 6.24> <nCl=125> <al=0.26> <DB= 2504.9638> <Mlp= 2955.2031> <PB=10000000> 
1 bl.dch (4547)...    RCSP exact solver info for graph G_0 : TT = 8.8362, pt = 0.008458, dt = 8.23045, ct = 0.59469, ndl = 334518', bdl = 23614511', odl = 149455', odf = 5456564', bsi = 2009', cnt = 35587351', bdch = 1696069273', odch = 323685711', lcp = 55680537', #sols = 150
<DWph=0> <it= 23> <et=1070.29> <Mt= 0.54> <Spt= 6.75> <nCl= 70> <al=0.33> <DB= 2721.1134> <Mlp= 2955.0995> <PB=10000000> 
1 bl.dch (4531)...    RCSP exact solver info for graph G_0 : TT = 6.68791, pt = 0.009945, dt = 6.11942, ct = 0.555962, ndl = 335303', bdl = 23768044', odl = 149461', odf = 5436500', bsi = 1959', cnt = 36616640', bdch = 1712135834', odch = 318578662', lcp = 55765554', #sols = 150
<DWph=0> <it= 24> <et=1077.33> <Mt= 0.33> <Spt= 6.70> <nCl= 29> <al=0.40> <DB= 2861.9817> <Mlp= 2955.0751> <PB=10000000> 
1 bl.dch (4568)...    RCSP exact solver info for graph G_0 : TT = 6.15626, pt = 0.012144, dt = 5.58509, ct = 0.55629, ndl = 325753', bdl = 23262207', odl = 147007', odf = 5276993', bsi = 1993', cnt = 34339050', bdch = 1625602947', odch = 298371670', lcp = 51604476', #sols = 150
<DWph=0> <it= 25> <et=1083.57> <Mt= 0.06> <Spt= 6.17> <nCl= 25> <al=0.30> <DB= 2842.2589> <Mlp= 2955.0745> <PB=10000000> 
1 bl.dch (4567)...    RCSP exact solver info for graph G_0 : TT = 6.29562, pt = 0.008211, dt = 5.74574, ct = 0.539228, ndl = 326814', bdl = 23303021', odl = 147728', odf = 5286022', bsi = 1961', cnt = 33702044', bdch = 1635634820', odch = 296824200', lcp = 51714090', #sols = 150
1 bl.dch (4568)...    RCSP exact solver info for graph G_0 : TT = 6.06259, pt = 0.007738, dt = 5.53113, ct = 0.520939, ndl = 325881', bdl = 23300691', odl = 147857', odf = 5269180', bsi = 1978', cnt = 33788020', bdch = 1626315695', odch = 295953676', lcp = 50924115', #sols = 150
<DWph=0> <it= 26> <et=1095.98> <Mt= 0.02> <Spt=12.40> <nCl= 64> <al=0.00> <DB= 2725.2322> <Mlp= 2955.0743> <PB=10000000> 
1 bl.dch (4546)...    RCSP exact solver info for graph G_0 : TT = 8.7699, pt = 0.009268, dt = 8.15088, ct = 0.607161, ndl = 331855', bdl = 23714446', odl = 148584', odf = 5333170', bsi = 2025', cnt = 35320614', bdch = 1689419956', odch = 307216238', lcp = 52858670', #sols = 150
<DWph=0> <it= 27> <et=1102.88> <Mt= 0.07> <Spt= 6.83> <nCl= 14> <al=0.27> <DB= 2820.2690> <Mlp= 2955.0743> <PB=10000000> 
1 bl.dch (4546)...    RCSP exact solver info for graph G_0 : TT = 6.68098, pt = 0.009407, dt = 6.11702, ct = 0.552022, ndl = 332587', bdl = 23741419', odl = 148558', odf = 5348329', bsi = 1981', cnt = 35990023', bdch = 1690908952', odch = 309527614', lcp = 53789546', #sols = 150
1 bl.dch (4528)...    RCSP exact solver info for graph G_0 : TT = 6.09346, pt = 0.007936, dt = 5.53154, ct = 0.551486, ndl = 336076', bdl = 23939719', odl = 149262', odf = 5401962', bsi = 1963', cnt = 37370231', bdch = 1721579318', odch = 317038378', lcp = 54831642', #sols = 150
<DWph=0> <it= 28> <et=1115.69> <Mt= 0.01> <Spt=12.80> <nCl= 15> <al=0.00> <DB= 2905.4270> <Mlp= 2955.0743> <PB=10000000> 
1 bl.dch (4530)...    RCSP exact solver info for graph G_0 : TT = 6.53905, pt = 0.008334, dt = 5.94038, ct = 0.587878, ndl = 335042', bdl = 23896003', odl = 148916', odf = 5381268', bsi = 1982', cnt = 36655046', bdch = 1712790910', odch = 315172177', lcp = 54627820', #sols = 150
1 bl.dch (4529)...    RCSP exact solver info for graph G_0 : TT = 6.41709, pt = 0.009199, dt = 5.85399, ct = 0.551102, ndl = 335885', bdl = 23926604', odl = 149242', odf = 5394242', bsi = 1962', cnt = 36860672', bdch = 1719442747', odch = 317779590', lcp = 54897116', #sols = 150
<DWph=0> <it= 29> <et=1128.67> <Mt= 0.01> <Spt=12.97> <nCl= 13> <al=0.00> <DB= 2955.0743> <Mlp= 2955.0743> <PB=10000000> 
RCSP solver dynamic params and stats :  bidir.bord. = 375 aver.obdmd = 98.0984 aver.buck.num. = 101 nbR1C = 243 with avMem = 16.6049
@@ 417 0 2955.07 6.63628 8.82514 92.453 1128.67
    Full reduced cost fixing is not called (gap ratio is 0.999994)
ColGenEvalAlg final dual bound: 2955.07 (rounded: 2956)
Current active cuts : CAP(6,284.194) R1C(31+212,438.769) 1rowPackR1C(31) 3rowPackR1C(116) 4rowPackR1C(58) 5rowPackR1C(38)
6 Rank-1 1-rows pack. cuts added ,  max viol. = 0.0526703, aver. viol. = 0.0363675
119 Rank-1 3-rows pack. cuts added ,  max viol. = 0.108549, aver. viol. = 0.0366443
Building structures for heuristic rank-1 packing cut separation...done!
74 Rank-1 4-rows pack. cuts added ,  max viol. = 0.137917, aver. viol. = 0.0408685
100 Rank-1 5-rows pack. cuts added ,  max viol. = 0.185505, aver. viol. = 0.0840536
Shrinking heuristic shrunk 26 edges
In total 2 RCC cut(s) are found by the Fractional capacity min-cut heuristic 
----- Add fac. cuts : CAP(2) R1C(299), max.viol = 0.239672, aver.viol = 0.0730713, sep/add took 0.754203/0.999702 sec. -----
14036 columns (9051 active), 945 dyn. constrs. (562 active), 1187 art. vars. (804 active)
<DWph=2> <it=  1> <et=1131.09> <Mt= 0.38> <Spt= 0.23> <nCl=  4> <al=0.50> <DB= 2850.2615> <Mlp= 2956.3908> <PB=10000000> 
<DWph=2> <it=  2> <et=1131.66> <Mt= 0.13> <Spt= 0.43> <nCl=  4> <al=0.10> <DB= 2903.8843> <Mlp= 2956.3677> <PB=10000000> 
<DWph=2> <it=  3> <et=1131.89> <Mt= 0.01> <Spt= 0.22> <nCl=  2> <al=0.45> <DB= 2928.6858> <Mlp= 2956.3677> <PB=10000000> 
<DWph=2> <it=  4> <et=1132.37> <Mt= 0.04> <Spt= 0.44> <nCl=  3> <al=0.01> <DB= 2832.5482> <Mlp= 2956.3649> <PB=10000000> 
<DWph=2> <it=  5> <et=1132.69> <Mt= 0.08> <Spt= 0.24> <nCl=  3> <al=0.41> <DB= 2950.1604> <Mlp= 2956.3515> <PB=10000000> 
<DWph=2> <it=  6> <et=1133.16> <Mt= 0.02> <Spt= 0.44> <nCl=  4> <al=0.00> <DB= 2951.0589> <Mlp= 2956.3515> <PB=10000000> 
<DWph=2> <it=  7> <et=1133.58> <Mt= 0.01> <Spt= 0.42> <nCl=  1> <al=0.00> <DB= 2956.3515> <Mlp= 2956.3515> <PB=10000000> 
<DWph=1> <it=  8> <et=1133.98> <Mt= 0.01> <Spt= 0.39> <nCl=  8> <al=0.11> <DB= 2719.1362> <Mlp= 2956.3515> <PB=10000000> 
<DWph=1> <it=  9> <et=1134.50> <Mt= 0.10> <Spt= 0.41> <nCl=  6> <al=0.01> <DB= 2914.4344> <Mlp= 2956.3383> <PB=10000000> 
<DWph=1> <it= 10> <et=1135.30> <Mt= 0.01> <Spt= 0.79> <nCl=  2> <al=0.00> <DB= 2956.3383> <Mlp= 2956.3383> <PB=10000000> 
1 bl.dch (4418)...    RCSP exact solver info for graph G_0 : TT = 7.61499, pt = 0.008324, dt = 6.92549, ct = 0.678751, ndl = 362819', bdl = 25518237', odl = 158816', odf = 6069553', bsi = 1913', cnt = 46296983', bdch = 1951885972', odch = 463511519', lcp = 73538209', #sols = 150
<DWph=0> <it= 11> <et=1143.00> <Mt= 0.01> <Spt= 7.69> <nCl=150> <al=0.00> <DB= 2512.4963> <Mlp= 2956.3383> <PB=10000000> 
1 bl.dch (4489)...    RCSP exact solver info for graph G_0 : TT = 6.95977, pt = 0.009643, dt = 6.36481, ct = 0.582744, ndl = 346028', bdl = 24513947', odl = 154418', odf = 5690208', bsi = 2083', cnt = 39020827', bdch = 1811406730', odch = 371639344', lcp = 62587177', #sols = 150
<DWph=0> <it= 12> <et=1150.52> <Mt= 0.49> <Spt= 7.03> <nCl=121> <al=0.00> <DB= 2600.9825> <Mlp= 2956.2054> <PB=10000000> 
1 bl.dch (4463)...    RCSP exact solver info for graph G_0 : TT = 7.42974, pt = 0.009027, dt = 6.76797, ct = 0.650134, ndl = 350728', bdl = 24761319', odl = 154416', odf = 5813040', bsi = 1978', cnt = 41421519', bdch = 1856291060', odch = 414042438', lcp = 67491470', #sols = 150
<DWph=0> <it= 13> <et=1158.05> <Mt= 0.08> <Spt= 7.45> <nCl= 35> <al=0.01> <DB= 2839.6066> <Mlp= 2956.1969> <PB=10000000> 
1 bl.dch (4489)...    RCSP exact solver info for graph G_0 : TT = 9.12721, pt = 0.008697, dt = 8.48419, ct = 0.631749, ndl = 346169', bdl = 24473443', odl = 153779', odf = 5717498', bsi = 1958', cnt = 40040316', bdch = 1811857314', odch = 384564462', lcp = 63355694', #sols = 150
<DWph=0> <it= 14> <et=1165.34> <Mt= 0.01> <Spt= 7.27> <nCl= 19> <al=0.11> <DB= 2943.0635> <Mlp= 2956.1969> <PB=10000000> 
1 bl.dch (4490)...    RCSP exact solver info for graph G_0 : TT = 7.19995, pt = 0.008359, dt = 6.59026, ct = 0.598914, ndl = 344905', bdl = 24412561', odl = 153612', odf = 5702263', bsi = 1930', cnt = 39710523', bdch = 1802264994', odch = 382141466', lcp = 62988785', #sols = 150
1 bl.dch (4490)...    RCSP exact solver info for graph G_0 : TT = 6.73943, pt = 0.007943, dt = 6.1261, ct = 0.60302, ndl = 344884', bdl = 24405950', odl = 153360', odf = 5697887', bsi = 2021', cnt = 39532272', bdch = 1800609668', odch = 380300523', lcp = 62629482', #sols = 150
<DWph=0> <it= 15> <et=1179.31> <Mt= 0.02> <Spt=13.96> <nCl= 16> <al=0.00> <DB= 2956.1969> <Mlp= 2956.1969> <PB=10000000> 
RCSP solver dynamic params and stats :  bidir.bord. = 375 aver.obdmd = 98.0984 aver.buck.num. = 101 nbR1C = 256 with avMem = 17.0039
@@ 417 1 2956.2 7.50069 9.11594 92.453 1179.31
    Full reduced cost fixing is not called (gap ratio is 0.999993)
ColGenEvalAlg final dual bound: 2956.2 (rounded: 2957)
False gap improvement since the last cut separation : 0.00379869 (2955.07)
Cut generation tailing off counter increased to 1
Current active cuts : CAP(6,312.471) R1C(31+225,448.132) 1rowPackR1C(31) 3rowPackR1C(121) 4rowPackR1C(57) 5rowPackR1C(47)
3 Rank-1 1-rows pack. cuts added ,  max viol. = 0.030439, aver. viol. = 0.0255226
125 Rank-1 3-rows pack. cuts added ,  max viol. = 0.180806, aver. viol. = 0.0472647
Building structures for heuristic rank-1 packing cut separation...done!
95 Rank-1 4-rows pack. cuts added ,  max viol. = 0.185372, aver. viol. = 0.0410912
100 Rank-1 5-rows pack. cuts added ,  max viol. = 0.2092, aver. viol. = 0.109728
Shrinking heuristic shrunk 12 edges
In total 1 RCC cut(s) are found by the greedy construction heuristic 
In total 8 RCC cut(s) are found by the global pool greedy search heuristic 
----- Add fac. cuts : CAP(9) R1C(323), max.viol = 0.2092, aver.viol = 0.0758717, sep/add took 1.01046/1.26478 sec. -----
14414 columns (9429 active), 1277 dyn. constrs. (606 active), 1519 art. vars. (848 active)
<DWph=2> <it=  1> <et=1182.57> <Mt= 0.45> <Spt= 0.46> <nCl=  9> <al=0.00> <DB= 2937.6940> <Mlp= 2956.8754> <PB=10000000> 
<DWph=2> <it=  2> <et=1182.86> <Mt= 0.04> <Spt= 0.24> <nCl=  4> <al=0.40> <DB= 2956.7394> <Mlp= 2956.8749> <PB=10000000> 
<DWph=2> <it=  3> <et=1183.34> <Mt= 0.02> <Spt= 0.47> <nCl=  4> <al=0.00> <DB= 2956.8748> <Mlp= 2956.8748> <PB=10000000> 
<DWph=1> <it=  4> <et=1183.78> <Mt= 0.02> <Spt= 0.42> <nCl=  6> <al=0.20> <DB= 2913.1199> <Mlp= 2956.8748> <PB=10000000> 
<DWph=1> <it=  5> <et=1184.27> <Mt= 0.05> <Spt= 0.43> <nCl=  2> <al=0.10> <DB= 2899.6544> <Mlp= 2956.8737> <PB=10000000> 
<DWph=1> <it=  6> <et=1185.14> <Mt= 0.02> <Spt= 0.85> <nCl=  0> <al=0.00> <DB= 2956.8737> <Mlp= 2956.8737> <PB=10000000> 
1 bl.dch (4340)...2 bl.dch (5040)...    RCSP exact solver info for graph G_0 : TT = 8.94561, pt = 0.009344, dt = 8.05703, ct = 0.876621, ndl = 388018', bdl = 26928844', odl = 166290', odf = 6547057', bsi = 2079', cnt = 56751551', bdch = 2215306387', odch = 517484529', lcp = 84126718', #sols = 150
<DWph=0> <it=  7> <et=1194.17> <Mt= 0.01> <Spt= 9.03> <nCl=150> <al=0.09> <DB= 2827.3131> <Mlp= 2956.8737> <PB=10000000> 
1 bl.dch (4365)...2 bl.dch (5136)...    RCSP exact solver info for graph G_0 : TT = 10.2685, pt = 0.0087, dt = 9.47202, ct = 0.78505, ndl = 375592', bdl = 26322222', odl = 165393', odf = 6307009', bsi = 2024', cnt = 50422520', bdch = 2115444375', odch = 461113239', lcp = 75494054', #sols = 150
<DWph=0> <it=  8> <et=1202.83> <Mt= 0.20> <Spt= 8.45> <nCl= 76> <al=0.00> <DB= 2717.1010> <Mlp= 2956.8338> <PB=10000000> 
1 bl.dch (4361)...2 bl.dch (5117)...    RCSP exact solver info for graph G_0 : TT = 8.41659, pt = 0.009823, dt = 7.54877, ct = 0.855278, ndl = 378032', bdl = 26445248', odl = 165614', odf = 6345551', bsi = 2059', cnt = 51590737', bdch = 2132442395', odch = 466562397', lcp = 76791409', #sols = 150
<DWph=0> <it=  9> <et=1211.33> <Mt= 0.07> <Spt= 8.43> <nCl= 13> <al=0.09> <DB= 2895.0178> <Mlp= 2956.8309> <PB=10000000> 
1 bl.dch (4358)...2 bl.dch (5116)...    RCSP exact solver info for graph G_0 : TT = 8.75209, pt = 0.010131, dt = 7.92188, ct = 0.817191, ndl = 378302', bdl = 26457611', odl = 165460', odf = 6357144', bsi = 2000', cnt = 51452138', bdch = 2137939491', odch = 468037933', lcp = 76901996', #sols = 150
1 bl.dch (4354)...2 bl.dch (5115)...    RCSP exact solver info for graph G_0 : TT = 10.4144, pt = 0.009257, dt = 7.65243, ct = 2.75029, ndl = 379275', bdl = 26483101', odl = 165830', odf = 6369301', bsi = 1996', cnt = 51754987', bdch = 2147224108', odch = 468890934', lcp = 77043930', #sols = 150
<DWph=0> <it= 10> <et=1228.64> <Mt= 0.03> <Spt=17.27> <nCl= 24> <al=0.00> <DB= 2956.8306> <Mlp= 2956.8306> <PB=10000000> 
RCSP solver dynamic params and stats :  bidir.bord. = 375 aver.obdmd = 98.0984 aver.buck.num. = 101 nbR1C = 279 with avMem = 17.3477
@@ 417 2 2956.83 9.34731 10.4027 92.453 1228.64
    Full reduced cost fixing is not called (gap ratio is 0.999993)
ColGenEvalAlg final dual bound: 2956.83 (rounded: 2957)
False gap improvement since the last cut separation : 0.00214391 (2956.2)
Cut generation tailing off counter increased to 2
Current active cuts : CAP(8,317.182) R1C(32+247,455.048) 1rowPackR1C(32) 3rowPackR1C(118) 4rowPackR1C(76) 5rowPackR1C(53)
1 Rank-1 1-rows pack. cuts added ,  max viol. = 0.0200096, aver. viol. = 0.0200096
150 Rank-1 3-rows pack. cuts added ,  max viol. = 0.0463811, aver. viol. = 0.0292551
Building structures for heuristic rank-1 packing cut separation...done!
94 Rank-1 4-rows pack. cuts added ,  max viol. = 0.053644, aver. viol. = 0.0313902
100 Rank-1 5-rows pack. cuts added ,  max viol. = 0.0613209, aver. viol. = 0.0525703
Shrinking heuristic shrunk 8 edges
In total 1 RCC cut(s) are found by the global pool greedy search heuristic 
----- Add fac. cuts : CAP(1) R1C(345), max.viol = 0.156459, aver.viol = 0.0437537, sep/add took 1.2219/1.28393 sec. -----
14702 columns (9717 active), 1364 dyn. constrs. (644 active), 1865 art. vars. (886 active)
<DWph=2> <it=  1> <et=1232.05> <Mt= 0.51> <Spt= 0.28> <nCl=  4> <al=0.50> <DB= 2948.0276> <Mlp= 2957.3558> <PB=10000000> 
<DWph=2> <it=  2> <et=1232.72> <Mt= 0.12> <Spt= 0.55> <nCl=  6> <al=0.10> <DB= 2935.0353> <Mlp= 2957.3498> <PB=10000000> 
<DWph=2> <it=  3> <et=1233.29> <Mt= 0.05> <Spt= 0.52> <nCl=  4> <al=0.00> <DB= 2924.7753> <Mlp= 2957.3488> <PB=10000000> 
<DWph=2> <it=  4> <et=1233.56> <Mt= 0.01> <Spt= 0.26> <nCl=  2> <al=0.35> <DB= 2957.3040> <Mlp= 2957.3488> <PB=10000000> 
<DWph=2> <it=  5> <et=1234.06> <Mt= 0.02> <Spt= 0.48> <nCl=  0> <al=0.00> <DB= 2957.3488> <Mlp= 2957.3488> <PB=10000000> 
<DWph=1> <it=  6> <et=1234.51> <Mt= 0.00> <Spt= 0.44> <nCl= 10> <al=0.15> <DB= 2832.2238> <Mlp= 2957.3488> <PB=10000000> 
<DWph=1> <it=  7> <et=1235.13> <Mt= 0.14> <Spt= 0.47> <nCl= 30> <al=0.05> <DB= 1265.0917> <Mlp= 2957.3405> <PB=10000000> 
<DWph=1> <it=  8> <et=1235.60> <Mt= 0.03> <Spt= 0.45> <nCl=  7> <al=0.15> <DB= 2753.1815> <Mlp= 2957.3405> <PB=10000000> 
<DWph=1> <it=  9> <et=1236.46> <Mt= 0.02> <Spt= 0.84> <nCl=  7> <al=0.00> <DB= 2734.4837> <Mlp= 2957.3405> <PB=10000000> 
<DWph=1> <it= 10> <et=1236.98> <Mt= 0.08> <Spt= 0.43> <nCl=  1> <al=0.13> <DB= 2956.1922> <Mlp= 2957.3335> <PB=10000000> 
<DWph=1> <it= 11> <et=1237.87> <Mt= 0.02> <Spt= 0.87> <nCl=  4> <al=0.00> <DB= 2957.3335> <Mlp= 2957.3335> <PB=10000000> 
1 bl.dch (4163)...2 bl.dch (4631)...3 bl.dch (5239)...    RCSP exact solver info for graph G_0 : TT = 12.9584, pt = 0.009525, dt = 11.4043, ct = 1.54181, ndl = 468552', bdl = 31704687', odl = 189783', odf = 8205114', bsi = 2042', cnt = 95614886', bdch = 3119732555', odch = 934826388', lcp = 138867255', #sols = 150
<DWph=0> <it= 12> <et=1250.93> <Mt= 0.01> <Spt=13.05> <nCl=150> <al=0.00> <DB= 2537.3815> <Mlp= 2957.3335> <PB=10000000> 
1 bl.dch (4165)...2 bl.dch (4651)...3 bl.dch (5282)...    RCSP exact solver info for graph G_0 : TT = 14.5145, pt = 0.009825, dt = 13.0787, ct = 1.42309, ndl = 466923', bdl = 31533925', odl = 189264', odf = 8154656', bsi = 2037', cnt = 83294666', bdch = 3088541203', odch = 909037155', lcp = 134524134', #sols = 150
<DWph=0> <it= 13> <et=1264.20> <Mt= 0.51> <Spt=12.76> <nCl=150> <al=0.00> <DB= 2700.5340> <Mlp= 2957.2656> <PB=10000000> 
1 bl.dch (4215)...2 bl.dch (4756)...    RCSP exact solver info for graph G_0 : TT = 11.3775, pt = 0.010306, dt = 9.90809, ct = 1.45576, ndl = 439023', bdl = 29908038', odl = 182798', odf = 7684284', bsi = 2033', cnt = 87505444', bdch = 2758315493', odch = 692571170', lcp = 105707169', #sols = 150
<DWph=0> <it= 14> <et=1275.89> <Mt= 0.22> <Spt=11.44> <nCl= 94> <al=0.04> <DB= 2510.3422> <Mlp= 2957.2484> <PB=10000000> 
1 bl.dch (4215)...2 bl.dch (4755)...    RCSP exact solver info for graph G_0 : TT = 11.5626, pt = 0.01043, dt = 10.2871, ct = 1.26211, ndl = 439278', bdl = 29879365', odl = 182628', odf = 7627138', bsi = 2044', cnt = 75460135', bdch = 2766633327', odch = 693622125', lcp = 105264347', #sols = 150
<DWph=0> <it= 15> <et=1287.51> <Mt= 0.04> <Spt=11.58> <nCl=  5> <al=0.13> <DB= 2941.4708> <Mlp= 2957.2476> <PB=10000000> 
1 bl.dch (4223)...2 bl.dch (4784)...    RCSP exact solver info for graph G_0 : TT = 13.1292, pt = 0.011716, dt = 11.9013, ct = 1.21344, ndl = 433541', bdl = 29535416', odl = 181174', odf = 7526040', bsi = 2052', cnt = 74162596', bdch = 2697962846', odch = 661007915', lcp = 100387647', #sols = 150
<DWph=0> <it= 16> <et=1298.84> <Mt= 0.02> <Spt=11.31> <nCl=  7> <al=0.22> <DB= 2941.4395> <Mlp= 2957.2476> <PB=10000000> 
1 bl.dch (4222)...2 bl.dch (4775)...    RCSP exact solver info for graph G_0 : TT = 10.7469, pt = 0.012419, dt = 9.53731, ct = 1.19444, ndl = 434996', bdl = 29617560', odl = 181525', odf = 7547261', bsi = 2043', cnt = 74859212', bdch = 2718381178', odch = 667152953', lcp = 101399384', #sols = 150
1 bl.dch (4223)...2 bl.dch (4786)...    RCSP exact solver info for graph G_0 : TT = 10.8565, pt = 0.010012, dt = 9.72064, ct = 1.12298, ndl = 432082', bdl = 29459030', odl = 180685', odf = 7496062', bsi = 2051', cnt = 73586118', bdch = 2682133802', odch = 650563959', lcp = 98728640', #sols = 150
<DWph=0> <it= 17> <et=1320.49> <Mt= 0.01> <Spt=21.63> <nCl= 14> <al=0.00> <DB= 2957.2476> <Mlp= 2957.2476> <PB=10000000> 
RCSP solver dynamic params and stats :  bidir.bord. = 375 aver.obdmd = 98.0984 aver.buck.num. = 101 nbR1C = 290 with avMem = 18.3276
@@ 417 3 2957.25 12.1502 14.5018 92.453 1320.49
    Full reduced cost fixing is not called (gap ratio is 0.999993)
ColGenEvalAlg final dual bound: 2957.25 (rounded: 2958)
False gap improvement since the last cut separation : 0.00141028 (2956.83)
----- Cut generation stopped by the pricing solver
Current active cuts : CAP(8,249.127) R1C(31+259,481.292) 1rowPackR1C(31) 3rowPackR1C(106) 4rowPackR1C(87) 5rowPackR1C(66)
SB exact phase 3 branch on var x[(54, 77)]_0_5005_0_OspV (lhs=0.440409) : [2957.6808, 2957.2476], tree depth = 1e+12, tree size = 1e+12, score = -0.2632 (h)
SB with phases chosed candidate var x[(54, 77)]_0_5005_0_OspV (lhs=0.440409)
************************************************************************************************
**** BaB tree node (N° 5, parent N° 3, depth 2, treatOrderId 417)
**** Local DB = 2957.25, global bounds : [ 2958 , 1e+07 ], TIME = 0h22m0s70t = 132070
**** 3 open nodes, 14749 columns (6780 active), 757 dyn. constrs. (306 active), 999 art. vars. (548 active)
************************************************************************************************
**** Strong branching phase 1 is started *****
SB phase 1 cand.  1 branch on Psi[5,6] (lhs=0.6886)                       : [ 2957.6509,  2959.3058], score = 0.83 (h)  <et=1321.35>
BaPCod info: Cplex status is 'Optimal solution found, unscaled infeasibilities'
BaPCod info: Cplex status is 'Optimal solution found, unscaled infeasibilities'
SB phase 1 cand.  2 branch on colGenSp (8.6596)                           : [ 2957.2476,  2957.2575], score = 0.00      <et=1323.1>
SB phase 1 cand.  3 branch on var x[(62, 84)]_0_5512_0_OspV (lhs=0.1297)  : [ 2957.5357,  2966.2164], score = 2.58 (h)  <et=1323.72>
SB phase 1 cand.  4 branch on omega[1] (lhs=27.5990)                      : [ 2957.2476,  2957.2476], score = 0.00      <et=1323.8>
SB phase 1 cand.  5 branch on var x[(61, 77)]_0_5446_0_OspV (lhs=0.9213)  : [ 2957.3660,  2973.3808], score = 1.91 (h)  <et=1324.43>
SB phase 1 cand.  6 branch on omega[4] (lhs=2.0038)                       : [ 2957.2498, 4002980.3973], score = 8599.29      <et=1324.99>
SB phase 1 cand.  7 branch on var x[(61, 66)]_0_5435_0_OspV (lhs=0.0762)  : [ 2957.3648,  2977.8046], score = 2.41 (h)  <et=1325.69>
SB phase 1 cand.  8 branch on var x[(20, 108)]_0_2197_0_OspV (lhs=0.4986) : [ 2957.6423,  2958.0594], score = 0.32      <et=1326.22>
SB phase 1 cand.  9 branch on var x[(95, 100)]_0_6914_0_OspV (lhs=0.5399) : [ 2958.2659,  2958.6929], score = 1.47 (h)  <et=1326.91>
SB phase 1 cand. 10 branch on var x[(17, 76)]_0_1859_0_OspV (lhs=0.4919)  : [ 2957.6931,  2957.8352], score = 0.26      <et=1327.39>
SB phase 1 cand. 11 branch on var x[(43, 53)]_0_4189_0_OspV (lhs=0.3735)  : [ 2957.7985,  2960.0321], score = 1.53 (h)  <et=1328.1>
SB phase 1 cand. 12 branch on var x[(0, 71)]_0_5985_0_OspV (lhs=0.4918)   : [ 2957.7406,  2958.0304], score = 0.39      <et=1328.6>
SB phase 1 cand. 13 branch on var x[(8, 43)]_0_854_0_OspV (lhs=0.3151)    : [ 2958.0998,  2959.7619], score = 2.14 (h)  <et=1329.26>
SB phase 1 cand. 14 branch on var x[(0, 108)]_0_7169_0_OspV (lhs=0.5154)  : [ 2957.6565,  2958.0247], score = 0.32      <et=1329.79>
SB phase 1 cand. 15 branch on var x[(15, 117)]_0_1691_0_OspV (lhs=0.3461) : [ 2958.2058,  2958.6634], score = 1.36 (h)  <et=1330.44>
SB phase 1 cand. 16 branch on var x[(47, 87)]_0_4525_0_OspV (lhs=0.5180)  : [ 2957.4676,  2957.9951], score = 0.16      <et=1330.92>
SB phase 1 cand. 17 branch on var x[(7, 95)]_0_793_0_OspV (lhs=0.2720)    : [ 2957.7250,  2959.2851], score = 0.97 (h)  <et=1331.51>
SB phase 1 cand. 18 branch on var x[(74, 120)]_0_6178_0_OspV (lhs=0.5399) : [ 2957.5675,  2957.7403], score = 0.16      <et=1331.98>
SB phase 1 cand. 19 branch on var x[(42, 53)]_0_4111_0_OspV (lhs=0.4771)  : [ 2958.3423,  2958.6426], score = 1.53 (h)  <et=1332.62>
SB phase 1 cand. 20 branch on var x[(0, 102)]_0_7070_0_OspV (lhs=0.5406)  : [ 2957.6380,  2958.2928], score = 0.41      <et=1333.16>
SB phase 1 cand. 21 branch on var x[(42, 117)]_0_4175_0_OspV (lhs=0.5229) : [ 2958.3423,  2958.6426], score = 1.53 (h)  <et=1333.8>
SB phase 1 cand. 22 branch on var x[(99, 106)]_0_7014_0_OspV (lhs=0.5422) : [ 2957.5863,  2957.5946], score = 0.12      <et=1334.25>
SB phase 1 cand. 23 branch on Psi[1,6] (lhs=1.3114)                       : [ 2957.6509,  2959.3058], score = 0.83 (h)  <et=1334.86>
SB phase 1 cand. 24 branch on var x[(16, 106)]_0_1785_0_OspV (lhs=0.4568) : [ 2957.6491,  2957.6820], score = 0.17      <et=1335.34>
SB phase 1 cand. 25 branch on Psi[1,5] (lhs=0.4184)                       : [ 2958.3007,  2958.6447], score = 1.47 (h)  <et=1335.99>
SB phase 1 cand. 26 branch on var x[(16, 99)]_0_1778_0_OspV (lhs=0.4467)  : [ 2957.5885,  2957.6936], score = 0.15      <et=1336.42>
SB phase 1 cand. 27 branch on var x[(62, 96)]_0_5524_0_OspV (lhs=0.7923)  : [ 2957.9962,  2959.6548], score = 1.80 (h)  <et=1337.05>
SB phase 1 cand. 28 branch on var x[(4, 108)]_0_461_0_OspV (lhs=0.4446)   : [ 2957.7758,  2958.0626], score = 0.43      <et=1337.54>
SB phase 1 cand. 29 branch on Psi[4,5] (lhs=0.8930)                       : [ 2957.4797,  2967.2362], score = 2.32 (h)  <et=1338.2>
SB phase 1 cand. 30 branch on var x[(1, 46)]_0_45_0_OspV (lhs=0.4289)     : [ 2957.4967,  2958.5783], score = 0.33      <et=1338.71>
SB phase 1 cand. 31 branch on var x[(49, 112)]_0_4695_0_OspV (lhs=0.4184) : [ 2958.3007,  2958.6447], score = 1.47 (h)  <et=1339.39>
SB phase 1 cand. 32 branch on var x[(74, 108)]_0_6166_0_OspV (lhs=0.4267) : [ 2957.7386,  2958.0168], score = 0.38      <et=1339.9>
SB phase 1 cand. 33 branch on var x[(60, 100)]_0_5409_0_OspV (lhs=0.3290) : [ 2958.1202,  2959.2852], score = 1.78 (h)  <et=1340.6>
SB phase 1 cand. 34 branch on var x[(63, 120)]_0_5606_0_OspV (lhs=0.4187) : [ 2957.7670,  2958.0712], score = 0.43      <et=1341.12>
SB phase 1 cand. 35 branch on var x[(95, 110)]_0_6924_0_OspV (lhs=0.4799) : [ 2958.2138,  2958.6580], score = 1.36 (h)  <et=1341.8>
SB phase 1 cand. 36 branch on var x[(87, 99)]_0_6677_0_OspV (lhs=0.4127)  : [ 2957.6077,  2957.6821], score = 0.16      <et=1342.28>
SB phase 1 cand. 37 branch on var x[(52, 79)]_0_4872_0_OspV (lhs=0.6182)  : [ 2957.8274,  2958.6524], score = 0.81 (h)  <et=1342.9>
SB phase 1 cand. 38 branch on var x[(0, 73)]_0_6084_0_OspV (lhs=0.4110)   : [ 2957.4988,  2958.3830], score = 0.29      <et=1343.44>
SB phase 1 cand. 39 branch on var x[(12, 85)]_0_1338_0_OspV (lhs=0.4625)  : [ 2957.8736,  2958.1325], score = 0.55 (h)  <et=1344.01>
SB phase 1 cand. 40 branch on var x[(23, 71)]_0_2457_0_OspV (lhs=0.3996)  : [ 2957.5549,  2959.2179], score = 0.61      <et=1344.61>
SB phase 1 cand. 41 branch on Psi[1,4] (lhs=1.1108)                       : [ 2957.4822,  2967.2362], score = 2.34 (h)  <et=1345.24>
SB phase 1 cand. 42 branch on var x[(32, 111)]_0_3334_0_OspV (lhs=0.6067) : [ 2957.9501,  2958.3458], score = 0.77      <et=1345.9>
SB phase 1 cand. 43 branch on var x[(8, 15)]_0_826_0_OspV (lhs=0.7975)    : [ 2957.6008,  2961.2711], score = 1.42 (h)  <et=1346.56>
SB phase 1 cand. 44 branch on var x[(103, 111)]_0_7097_0_OspV (lhs=0.3920): [ 2957.8712,  2958.3777], score = 0.70      <et=1347.09>
SB phase 1 cand. 45 branch on var x[(0, 54)]_0_4982_0_OspV (lhs=0.8076)   : [ 2957.7370,  2960.0957], score = 1.39 (h)  <et=1347.71>
SB phase 1 cand. 46 branch on var x[(22, 68)]_0_2356_0_OspV (lhs=0.6086)  : [ 2957.5908,  2957.7619], score = 0.18      <et=1348.19>
SB phase 1 cand. 47 branch on var x[(25, 98)]_0_2677_0_OspV (lhs=0.8686)  : [ 2957.5333,  2967.0457], score = 2.80 (h)  <et=1348.82>
SB phase 1 cand. 48 branch on var x[(26, 113)]_0_2787_0_OspV (lhs=0.6106) : [ 2957.4819,  2958.4873], score = 0.29      <et=1349.28>
SB phase 1 cand. 49 branch on var x[(25, 48)]_0_2627_0_OspV (lhs=0.1246)  : [ 2957.4573,  2973.3098], score = 3.37 (h)  <et=1349.9>
SB phase 1 cand. 50 branch on var x[(47, 99)]_0_4537_0_OspV (lhs=0.3876)  : [ 2957.3864,  2958.0317], score = 0.11      <et=1350.32>
SB phase 1 cand. 51 branch on var x[(79, 112)]_0_6390_0_OspV (lhs=0.5649) : [ 2957.8289,  2958.5283], score = 0.74 (h)  <et=1350.93>
SB phase 1 cand. 52 branch on var x[(87, 112)]_0_6690_0_OspV (lhs=0.3868) : [ 2957.3873,  2958.6641], score = 0.20      <et=1351.4>
SB phase 1 cand. 53 branch on var x[(33, 97)]_0_3408_0_OspV (lhs=0.2266)  : [ 2957.5787,  2961.3196], score = 1.35 (h)  <et=1352.02>
SB phase 1 cand. 54 branch on var x[(60, 119)]_0_5428_0_OspV (lhs=0.3779) : [ 2957.7342,  2958.4288], score = 0.57      <et=1352.6>
SB phase 1 cand. 55 branch on var x[(7, 33)]_0_731_0_OspV (lhs=0.6255)    : [ 2957.8935,  2958.2296], score = 0.63 (h)  <et=1353.15>
SB phase 1 cand. 56 branch on var x[(80, 119)]_0_6438_0_OspV (lhs=0.6221) : [ 2957.7342,  2959.2438], score = 0.97      <et=1353.83>
SB phase 1 cand. 57 branch on Psi[2,8] (lhs=0.2804)                       : [ 2957.5327,  2960.3958], score = 0.90 (h)  <et=1354.45>
SB phase 1 cand. 58 branch on var x[(80, 93)]_0_6412_0_OspV (lhs=0.3779)  : [ 2957.7342,  2958.4288], score = 0.57      <et=1355.03>
SB phase 1 cand. 59 branch on Psi[1,8] (lhs=1.7196)                       : [ 2957.5327,  2960.3958], score = 0.90 (h)  <et=1355.65>
SB phase 1 cand. 60 branch on var x[(93, 119)]_0_6880_0_OspV (lhs=0.6221) : [ 2957.7342,  2958.4288], score = 0.57      <et=1356.2>
SB phase 1 cand. 61 branch on var x[(60, 117)]_0_5426_0_OspV (lhs=0.2804) : [ 2957.5327,  2960.3959], score = 0.90 (h)  <et=1356.79>
SB phase 1 cand. 62 branch on var x[(0, 4)]_0_357_0_OspV (lhs=0.3646)     : [ 2957.4527,  2958.5117], score = 0.26      <et=1357.34>
SB phase 1 cand. 63 branch on var x[(35, 74)]_0_3558_0_OspV (lhs=0.7587)  : [ 2957.7027,  2960.1746], score = 1.33 (h)  <et=1357.96>
SB phase 1 cand. 64 branch on var x[(0, 113)]_0_7224_0_OspV (lhs=0.3626)  : [ 2957.3436,  2959.0494], score = 0.17      <et=1358.41>
SB phase 1 cand. 65 branch on var x[(0, 109)]_0_7182_0_OspV (lhs=0.7911)  : [ 2957.8759,  2959.8205], score = 1.62 (h)  <et=1359.07>
SB phase 1 cand. 66 branch on var x[(110, 119)]_0_7203_0_OspV (lhs=0.3552): [ 2957.7341,  2959.3509], score = 1.02      <et=1359.74>
SB phase 1 cand. 67 branch on var x[(71, 76)]_0_5990_0_OspV (lhs=0.3553)  : [ 2957.6555,  2959.0502], score = 0.74 (h)  <et=1360.3>
SB phase 1 cand. 68 branch on var x[(17, 26)]_0_1809_0_OspV (lhs=0.3546)  : [ 2957.3827,  2959.1348], score = 0.25      <et=1360.81>
SB phase 1 cand. 69 branch on var x[(37, 70)]_0_3723_0_OspV (lhs=0.7725)  : [ 2957.7185,  2962.5064], score = 2.48 (h)  <et=1361.48>
SB phase 1 cand. 70 branch on var x[(27, 106)]_0_2874_0_OspV (lhs=0.3542) : [ 2957.4664,  2957.9039], score = 0.14      <et=1361.96>
SB phase 1 cand. 71 branch on var x[(70, 115)]_0_5979_0_OspV (lhs=0.2033) : [ 2957.6505,  2962.2183], score = 2.00 (h)  <et=1362.61>
SB phase 1 cand. 72 branch on var x[(63, 92)]_0_5578_0_OspV (lhs=0.3539)  : [ 2957.5495,  2958.6945], score = 0.44      <et=1363.15>
SB phase 1 cand. 73 branch on var x[(37, 115)]_0_3768_0_OspV (lhs=0.7849) : [ 2957.7140,  2960.8737], score = 1.69 (h)  <et=1363.77>
SB phase 1 cand. 74 branch on var x[(56, 66)]_0_5125_0_OspV (lhs=0.6539)  : [ 2957.9038,  2958.8687], score = 1.06      <et=1364.35>
SB phase 1 cand. 75 branch on var x[(48, 84)]_0_4595_0_OspV (lhs=0.8678)  : [ 2957.5357,  2965.4129], score = 2.35 (h)  <et=1364.95>
SB phase 1 cand. 76 branch on var x[(4, 102)]_0_455_0_OspV (lhs=0.3452)   : [ 2957.7590,  2959.8040], score = 1.31      <et=1365.53>
SB phase 1 cand. 77 branch on Psi[1,2] (lhs=1.7196)                       : [ 2957.5133,  2960.3961], score = 0.84 (h)  <et=1366.19>
SB phase 1 cand. 78 branch on var x[(0, 107)]_0_7155_0_OspV (lhs=1.6596)  : [ 2957.2476,  2957.2549], score = 0.00      <et=1366.26>
SB phase 1 cand. 79 branch on var x[(71, 120)]_0_6034_0_OspV (lhs=0.3611) : [ 2957.6585,  2959.1978], score = 0.80 (h)  <et=1366.82>
SB phase 1 cand. 80 branch on var x[(16, 87)]_0_1766_0_OspV (lhs=0.3378)  : [ 2957.4193,  2958.2728], score = 0.18      <et=1367.27>
SB phase 1 cand. 81 branch on var x[(52, 73)]_0_4866_0_OspV (lhs=0.2603)  : [ 2957.5587,  2959.9886], score = 0.85 (h)  <et=1367.89>
SB phase 1 cand. 82 branch on var x[(0, 101)]_0_7050_0_OspV (lhs=0.3341)  : [ 2957.3594,  2958.8955], score = 0.18      <et=1368.38>
SB phase 1 cand. 83 branch on var x[(95, 97)]_0_6911_0_OspV (lhs=0.6421)  : [ 2957.8266,  2958.2697], score = 0.59 (h)  <et=1368.98>
SB phase 1 cand. 84 branch on var x[(27, 46)]_0_2814_0_OspV (lhs=0.3325)  : [ 2957.4664,  2957.7716], score = 0.11      <et=1369.44>
SB phase 1 cand. 85 branch on var x[(5, 28)]_0_497_0_OspV (lhs=0.4796)    : [ 2957.8335,  2958.0407], score = 0.46 (h)  <et=1370>
SB phase 1 cand. 86 branch on var x[(30, 40)]_0_3084_0_OspV (lhs=0.6712)  : [ 2957.4030,  2957.7936], score = 0.08      <et=1370.39>
SB phase 1 cand. 87 branch on var x[(0, 33)]_0_3344_0_OspV (lhs=0.4994)   : [ 2958.0101,  2958.1121], score = 0.66 (h)  <et=1370.97>
SB phase 1 cand. 88 branch on var x[(0, 20)]_0_2109_0_OspV (lhs=0.3234)   : [ 2957.5246,  2958.0144], score = 0.21      <et=1371.45>
SB phase 1 cand. 89 branch on var x[(66, 103)]_0_5757_0_OspV (lhs=0.5203) : [ 2958.0524,  2958.3170], score = 0.86 (h)  <et=1372.04>
SB phase 1 cand. 90 branch on var x[(0, 22)]_0_2310_0_OspV (lhs=0.3207)   : [ 2957.5172,  2958.1475], score = 0.24      <et=1372.49>
SB phase 1 cand. 91 branch on var x[(12, 73)]_0_1326_0_OspV (lhs=0.5626)  : [ 2957.7958,  2958.3309], score = 0.59 (h)  <et=1373.06>
SB phase 1 cand. 92 branch on var x[(0, 81)]_0_6440_0_OspV (lhs=0.6796)   : [ 2957.2647,  2957.3967], score = 0.00      <et=1373.31>
SB phase 1 cand. 93 branch on var x[(49, 57)]_0_4640_0_OspV (lhs=0.6886)  : [ 2957.6509,  2959.3058], score = 0.83 (h)  <et=1373.93>
SB phase 1 cand. 94 branch on var x[(1, 23)]_0_22_0_OspV (lhs=0.3137)     : [ 2957.5688,  2958.7660], score = 0.49      <et=1374.48>
SB phase 1 cand. 95 branch on var x[(43, 57)]_0_4193_0_OspV (lhs=0.3114)  : [ 2957.6509,  2959.3058], score = 0.83 (h)  <et=1375.06>
SB phase 1 cand. 96 branch on var x[(5, 44)]_0_513_0_OspV (lhs=0.3093)    : [ 2957.5526,  2959.2531], score = 0.61      <et=1375.62>
SB phase 1 cand. 97 branch on var x[(94, 101)]_0_6889_0_OspV (lhs=0.6463) : [ 2957.5281,  2958.3939], score = 0.32 (h)  <et=1376.16>
SB phase 1 cand. 98 branch on var x[(0, 46)]_0_4410_0_OspV (lhs=0.3073)   : [ 2957.3287,  2959.5000], score = 0.18      <et=1376.62>
SB phase 1 cand. 99 branch on var x[(0, 23)]_0_2409_0_OspV (lhs=0.2804)   : [ 2957.6410,  2958.9039], score = 0.65 (h)  <et=1377.25>
SB phase 1 cand. 100 branch on var x[(5, 70)]_0_539_0_OspV (lhs=0.6976)    : [ 2957.5080,  2959.3500], score = 0.55      <et=1377.83>
**** Strong branching phase 2 is started *****
#<DWph=2> <it= 17> <et=1387.85> <Mt= 5.10> <Spt= 4.89> <nCl=163> <al=0.49> <DB= 2132.0351> <Mlp= 2968.5340> <PB=10000000> 
<DWph=1> <it= 30> <et=1397.69> <Mt= 1.93> <Spt= 7.90> <nCl= 86> <al=0.00> <DB= 2965.5080> <Mlp= 2965.5080> <PB=10000000> 
<DWph=1> <it=  3> <et=1399.91> <Mt= 0.02> <Spt= 1.79> <nCl=  4> <al=0.00> <DB= 2957.2498> <Mlp= 2957.2498> <PB=10000000> 
SB phase 2 cand.  1 branch on omega[4] (lhs=2.0038)                     : [ 2957.2498,  2965.5080], score = 0.02      <et=1399.96>
<DWph=1> <it= 22> <et=1409.36> <Mt= 1.93> <Spt= 7.18> <nCl=220> <al=0.00> <DB= 2965.2466> <Mlp= 2965.2466> <PB=10000000> 
<DWph=1> <it=  6> <et=1412.88> <Mt= 0.21> <Spt= 2.97> <nCl= 19> <al=0.00> <DB= 2957.4417> <Mlp= 2957.4417> <PB=10000000> 
SB phase 2 cand.  2 branch on var x[(25, 48)]_0_2627_0_OspV (lhs=0.1246): [ 2957.4417,  2965.2466], score = 1.55 (h)  <et=1412.93>
<DWph=1> <it= 18> <et=1420.44> <Mt= 1.07> <Spt= 6.12> <nCl=115> <al=0.00> <DB= 2964.5442> <Mlp= 2964.5442> <PB=10000000> 
<DWph=1> <it=  9> <et=1424.82> <Mt= 0.17> <Spt= 3.87> <nCl= 28> <al=0.00> <DB= 2957.5303> <Mlp= 2957.5303> <PB=10000000> 
SB phase 2 cand.  3 branch on var x[(25, 98)]_0_2677_0_OspV (lhs=0.8686): [ 2957.5303,  2964.5442], score = 2.06 (h)  <et=1424.87>
**** Strong branching phase 3 is started *****
**** SB phase 3 evaluation of candidate 1, branch 1 ( x[(25, 98)]_0_2677_0_OspV <= 0 ), value = 2964.54
<DWph=2> <it=  1> <et=1425.57> <Mt= 0.00> <Spt= 0.37> <nCl=  4> <al=0.00> <DB= 2964.5442> <Mlp= 2964.5442> <PB=10000000> 
<DWph=1> <it=  2> <et=1426.23> <Mt= 0.01> <Spt= 0.66> <nCl=  0> <al=0.00> <DB= 2964.5442> <Mlp= 2964.5442> <PB=10000000> 
1 bl.dch (4628)...    RCSP exact solver info for graph G_0 : TT = 6.73572, pt = 0.006419, dt = 6.0158, ct = 0.710782, ndl = 315298', bdl = 22025076', odl = 138784', odf = 5590198', bsi = 1922', cnt = 49761577', bdch = 1490355650', odch = 528067881', lcp = 74201321', #sols = 150
<DWph=0> <it=  3> <et=1433.03> <Mt= 0.00> <Spt= 6.80> <nCl=150> <al=0.30> <DB= 2304.9824> <Mlp= 2964.5442> <PB=10000000> 
1 bl.dch (4505)...    RCSP exact solver info for graph G_0 : TT = 7.7572, pt = 0.008299, dt = 6.92301, ct = 0.823197, ndl = 340201', bdl = 23683557', odl = 150412', odf = 5968385', bsi = 1861', cnt = 54787102', bdch = 1761332577', odch = 509642114', lcp = 73261477', #sols = 150
<DWph=0> <it=  4> <et=1441.12> <Mt= 0.29> <Spt= 7.80> <nCl=108> <al=0.20> <DB= 2597.6463> <Mlp= 2963.0512> <PB=10000000> 
1 bl.dch (4490)...    RCSP exact solver info for graph G_0 : TT = 8.0202, pt = 0.008751, dt = 7.16872, ct = 0.840158, ndl = 346225', bdl = 24091486', odl = 152271', odf = 6061783', bsi = 1899', cnt = 55265023', bdch = 1813456274', odch = 526617515', lcp = 75614274', #sols = 150
<DWph=0> <it=  5> <et=1449.25> <Mt= 0.09> <Spt= 8.03> <nCl= 19> <al=0.28> <DB= 2899.8176> <Mlp= 2962.9359> <PB=10000000> 
1 bl.dch (4490)...    RCSP exact solver info for graph G_0 : TT = 9.85394, pt = 0.008575, dt = 8.98523, ct = 0.857522, ndl = 344699', bdl = 23976360', odl = 152993', odf = 6028850', bsi = 1894', cnt = 53647581', bdch = 1803013218', odch = 518213123', lcp = 74713462', #sols = 150
<DWph=0> <it=  6> <et=1457.31> <Mt= 0.04> <Spt= 8.02> <nCl= 14> <al=0.18> <DB= 2935.3274> <Mlp= 2962.9262> <PB=10000000> 
1 bl.dch (4490)...    RCSP exact solver info for graph G_0 : TT = 8.12869, pt = 0.009154, dt = 7.25009, ct = 0.866304, ndl = 346309', bdl = 24082992', odl = 153098', odf = 6077773', bsi = 1907', cnt = 54166134', bdch = 1818182825', odch = 523679656', lcp = 74948888', #sols = 150
1 bl.dch (4484)...    RCSP exact solver info for graph G_0 : TT = 7.85433, pt = 0.008047, dt = 7.02494, ct = 0.819021, ndl = 348507', bdl = 24213087', odl = 153369', odf = 6113100', bsi = 1897', cnt = 55561363', bdch = 1837759091', odch = 534438322', lcp = 76250978', #sols = 150
<DWph=0> <it=  7> <et=1473.35> <Mt= 0.03> <Spt=16.01> <nCl= 11> <al=0.00> <DB= 2962.9231> <Mlp= 2962.9231> <PB=10000000> 
RCSP solver dynamic params and stats :  bidir.bord. = 375 aver.obdmd = 98.0984 aver.buck.num. = 101 nbR1C = 236 with avMem = 17.8051
@@ 624 0 2962.92 8.04746 9.84276 92.453 1473.35
    Full reduced cost fixing is not called (gap ratio is 0.999993)
ColGenEvalAlg final dual bound: 2962.92 (rounded: 2963)
Current active cuts : CAP(7,190.353) R1C(29+207,443.886) 1rowPackR1C(29) 3rowPackR1C(90) 4rowPackR1C(63) 5rowPackR1C(54)
4 Rank-1 1-rows pack. cuts added ,  max viol. = 0.0515067, aver. viol. = 0.034353
150 Rank-1 3-rows pack. cuts added ,  max viol. = 0.0979197, aver. viol. = 0.0537544
Shrinking heuristic shrunk 8 edges
In total 2 RCC cut(s) are found by the Fractional capacity min-cut heuristic 
In total 10 RCC cut(s) are found by the greedy construction heuristic 
In total 28 RCC cut(s) are found by the global pool greedy search heuristic 
----- Add fac. cuts : CAP(40) R1C(154), max.viol = 0.0980279, aver.viol = 0.0468989, sep/add took 0.0977868/0.69983 sec. -----
15690 columns (7201 active), 872 dyn. constrs. (445 active), 1118 art. vars. (687 active)
<DWph=2> <it=  1> <et=1474.72> <Mt= 0.27> <Spt= 0.23> <nCl=  4> <al=0.50> <DB= 2875.1572> <Mlp= 2963.6051> <PB=10000000> 
<DWph=2> <it=  2> <et=1475.22> <Mt= 0.02> <Spt= 0.48> <nCl= 18> <al=0.10> <DB= 2501.8076> <Mlp= 2963.6051> <PB=10000000> 
<DWph=2> <it=  3> <et=1475.51> <Mt= 0.06> <Spt= 0.23> <nCl=  1> <al=0.45> <DB= 2910.3555> <Mlp= 2963.6051> <PB=10000000> 
<DWph=2> <it=  4> <et=1475.99> <Mt= 0.02> <Spt= 0.47> <nCl=  5> <al=0.01> <DB= 2782.5701> <Mlp= 2963.6051> <PB=10000000> 
<DWph=2> <it=  5> <et=1476.49> <Mt= 0.02> <Spt= 0.47> <nCl=  7> <al=0.00> <DB= 2839.2264> <Mlp= 2963.6051> <PB=10000000> 
<DWph=2> <it=  6> <et=1476.93> <Mt= 0.01> <Spt= 0.42> <nCl=  1> <al=0.00> <DB= 2963.6051> <Mlp= 2963.6051> <PB=10000000> 
<DWph=1> <it=  7> <et=1477.35> <Mt= 0.01> <Spt= 0.42> <nCl= 11> <al=0.21> <DB= 2520.1902> <Mlp= 2963.6051> <PB=10000000> 
<DWph=1> <it=  8> <et=1478.19> <Mt= 0.04> <Spt= 0.80> <nCl= 12> <al=0.00> <DB= 2597.5112> <Mlp= 2963.6048> <PB=10000000> 
<DWph=1> <it=  9> <et=1478.63> <Mt= 0.04> <Spt= 0.40> <nCl=  4> <al=0.01> <DB= 2838.6527> <Mlp= 2963.6048> <PB=10000000> 
<DWph=1> <it= 10> <et=1479.07> <Mt= 0.02> <Spt= 0.42> <nCl=  0> <al=0.00> <DB= 2963.6048> <Mlp= 2963.6048> <PB=10000000> 
1 bl.dch (4253)...2 bl.dch (4825)...    RCSP exact solver info for graph G_0 : TT = 11.9259, pt = 0.008768, dt = 10.8026, ct = 1.11198, ndl = 413638', bdl = 28656819', odl = 178136', odf = 7282754', bsi = 2119', cnt = 78089623', bdch = 2525581400', odch = 617244405', lcp = 95141302', #sols = 150
<DWph=0> <it= 11> <et=1489.23> <Mt= 0.00> <Spt=10.16> <nCl=150> <al=0.00> <DB= 2230.5374> <Mlp= 2963.6048> <PB=10000000> 
1 bl.dch (4242)...2 bl.dch (4814)...    RCSP exact solver info for graph G_0 : TT = 10.1152, pt = 0.011518, dt = 8.90784, ct = 1.19324, ndl = 416730', bdl = 28789467', odl = 179102', odf = 7329707', bsi = 2016', cnt = 87826195', bdch = 2576062628', odch = 631955953', lcp = 97348229', #sols = 150
<DWph=0> <it= 12> <et=1499.64> <Mt= 0.22> <Spt=10.18> <nCl=150> <al=0.00> <DB= 2357.5690> <Mlp= 2963.6041> <PB=10000000> 
1 bl.dch (4242)...2 bl.dch (4814)...    RCSP exact solver info for graph G_0 : TT = 10.3374, pt = 0.009, dt = 9.06752, ct = 1.25782, ndl = 417231', bdl = 28854107', odl = 177465', odf = 7307068', bsi = 1929', cnt = 87300996', bdch = 2580759467', odch = 631860748', lcp = 95792446', #sols = 150
<DWph=0> <it= 13> <et=1510.37> <Mt= 0.33> <Spt=10.40> <nCl=125> <al=0.00> <DB= 2701.8590> <Mlp= 2963.5264> <PB=10000000> 
1 bl.dch (4277)...2 bl.dch (4879)...    RCSP exact solver info for graph G_0 : TT = 11.8086, pt = 0.009748, dt = 10.5661, ct = 1.23012, ndl = 404276', bdl = 28014259', odl = 174464', odf = 7113615', bsi = 1961', cnt = 83206370', bdch = 2442324875', odch = 591466331', lcp = 89697448', #sols = 150
<DWph=0> <it= 14> <et=1520.54> <Mt= 0.18> <Spt= 9.99> <nCl= 45> <al=0.03> <DB= 2840.1225> <Mlp= 2963.5074> <PB=10000000> 
1 bl.dch (4273)...2 bl.dch (4875)...    RCSP exact solver info for graph G_0 : TT = 10.2146, pt = 0.009594, dt = 8.95519, ct = 1.24638, ndl = 404744', bdl = 28065374', odl = 174494', odf = 7114094', bsi = 1931', cnt = 82417708', bdch = 2447218234', odch = 592391444', lcp = 89860763', #sols = 150
<DWph=0> <it= 15> <et=1530.81> <Mt= 0.04> <Spt=10.23> <nCl= 14> <al=0.13> <DB= 2930.6070> <Mlp= 2963.5066> <PB=10000000> 
1 bl.dch (4277)...2 bl.dch (4885)...    RCSP exact solver info for graph G_0 : TT = 9.95765, pt = 0.009543, dt = 8.7181, ct = 1.22723, ndl = 403826', bdl = 28024045', odl = 174124', odf = 7095289', bsi = 1961', cnt = 82211301', bdch = 2434513539', odch = 588784651', lcp = 89601225', #sols = 150
1 bl.dch (4277)...2 bl.dch (4886)...    RCSP exact solver info for graph G_0 : TT = 9.81414, pt = 0.008625, dt = 8.57102, ct = 1.23188, ndl = 403612', bdl = 28004680', odl = 173954', odf = 7086185', bsi = 1989', cnt = 82003137', bdch = 2431534013', odch = 586817265', lcp = 89177296', #sols = 150
<DWph=0> <it= 16> <et=1550.62> <Mt= 0.02> <Spt=19.80> <nCl= 20> <al=0.00> <DB= 2963.5065> <Mlp= 2963.5065> <PB=10000000> 
RCSP solver dynamic params and stats :  bidir.bord. = 375 aver.obdmd = 98.0984 aver.buck.num. = 101 nbR1C = 257 with avMem = 17.751
@@ 624 1 2963.51 10.5839 11.9146 92.453 1550.62
    Full reduced cost fixing is not called (gap ratio is 0.999993)
ColGenEvalAlg final dual bound: 2963.51 (rounded: 2964)
False gap improvement since the last cut separation : 0.00196913 (2962.92)
----- Cut generation stopped by the pricing solver
Current active cuts : CAP(9,111.529) R1C(31+226,484.751) 1rowPackR1C(31) 3rowPackR1C(113) 4rowPackR1C(62) 5rowPackR1C(51)
**** SB phase 3 evaluation of candidate 1, branch 2 ( x[(25, 98)]_0_2677_0_OspV >= 1 ), value = 2957.53
<DWph=2> <it=  1> <et=1552.48> <Mt= 1.13> <Spt= 0.21> <nCl= 30> <al=0.50> <DB=-44639404518.2757> <Mlp= 2957.5303> <PB=10000000> 
<DWph=2> <it=  2> <et=1552.71> <Mt= 0.01> <Spt= 0.21> <nCl= 30> <al=0.55> <DB=-2944059.4181> <Mlp= 2957.5303> <PB=10000000> 
<DWph=2> <it=  3> <et=1552.96> <Mt= 0.02> <Spt= 0.23> <nCl= 30> <al=0.60> <DB=-17674.3852> <Mlp= 2957.5303> <PB=10000000> 
<DWph=2> <it=  4> <et=1553.18> <Mt= 0.01> <Spt= 0.20> <nCl= 30> <al=0.64> <DB=-72957.8125> <Mlp= 2957.5303> <PB=10000000> 
<DWph=2> <it=  5> <et=1553.41> <Mt= 0.02> <Spt= 0.22> <nCl= 30> <al=0.67> <DB=-28551.1545> <Mlp= 2957.5303> <PB=10000000> 
<DWph=2> <it=  6> <et=1553.63> <Mt= 0.02> <Spt= 0.20> <nCl= 30> <al=0.70> <DB=-69209.9193> <Mlp= 2957.5303> <PB=10000000> 
<DWph=2> <it=  7> <et=1553.84> <Mt= 0.01> <Spt= 0.20> <nCl= 30> <al=0.73> <DB=-128526.0208> <Mlp= 2957.5303> <PB=10000000> 
<DWph=2> <it=  8> <et=1554.08> <Mt= 0.01> <Spt= 0.23> <nCl=  3> <al=0.76> <DB= 2818.0429> <Mlp= 2957.5303> <PB=10000000> 
<DWph=2> <it=  9> <et=1554.57> <Mt= 0.02> <Spt= 0.46> <nCl= 31> <al=0.57> <DB=-9369.4616> <Mlp= 2957.5303> <PB=10000000> 
<DWph=1> <it= 10> <et=1555.05> <Mt= 0.01> <Spt= 0.47> <nCl= 30> <al=0.68> <DB= 1411.5141> <Mlp= 2957.5303> <PB=10000000> 
<DWph=1> <it= 11> <et=1555.53> <Mt= 0.03> <Spt= 0.45> <nCl= 29> <al=0.72> <DB= 1330.3496> <Mlp= 2957.5299> <PB=10000000> 
<DWph=1> <it= 12> <et=1555.99> <Mt= 0.02> <Spt= 0.45> <nCl=  2> <al=0.74> <DB= 2707.4083> <Mlp= 2957.5299> <PB=10000000> 
<DWph=1> <it= 13> <et=1556.49> <Mt= 0.01> <Spt= 0.47> <nCl= 30> <al=0.64> <DB= 1836.3061> <Mlp= 2957.5298> <PB=10000000> 
<DWph=1> <it= 14> <et=1556.94> <Mt= 0.02> <Spt= 0.44> <nCl=  4> <al=0.68> <DB= 2749.6399> <Mlp= 2957.5298> <PB=10000000> 
<DWph=1> <it= 15> <et=1557.45> <Mt= 0.04> <Spt= 0.47> <nCl=  5> <al=0.71> <DB= 2239.5862> <Mlp= 2957.5233> <PB=10000000> 
<DWph=1> <it= 16> <et=1558.32> <Mt= 0.02> <Spt= 0.85> <nCl=  4> <al=0.48> <DB= 2600.8292> <Mlp= 2957.5233> <PB=10000000> 
<DWph=1> <it= 17> <et=1559.56> <Mt= 0.00> <Spt= 1.23> <nCl=  3> <al=0.00> <DB= 2551.7533> <Mlp= 2957.5233> <PB=10000000> 
<DWph=1> <it= 18> <et=1560.83> <Mt= 0.01> <Spt= 1.26> <nCl=  0> <al=0.00> <DB= 2957.5233> <Mlp= 2957.5233> <PB=10000000> 
1 bl.dch (4242)...2 bl.dch (4814)...    RCSP exact solver info for graph G_0 : TT = 10.2948, pt = 0.009128, dt = 9.32781, ct = 0.954929, ndl = 425391', bdl = 29057168', odl = 184663', odf = 7539871', bsi = 2018', cnt = 62538966', bdch = 2598289160', odch = 657069077', lcp = 99520481', #sols = 150
<DWph=0> <it= 19> <et=1571.18> <Mt= 0.01> <Spt=10.35> <nCl=150> <al=0.44> <DB= 1707.3772> <Mlp= 2957.5233> <PB=10000000> 
1 bl.dch (4234)...2 bl.dch (4807)...    RCSP exact solver info for graph G_0 : TT = 10.5888, pt = 0.009469, dt = 9.56089, ct = 1.01549, ndl = 427361', bdl = 29164632', odl = 184442', odf = 7539383', bsi = 1977', cnt = 65819036', bdch = 2621205893', odch = 660072889', lcp = 99316021', #sols = 150
<DWph=0> <it= 20> <et=1581.85> <Mt= 0.04> <Spt=10.62> <nCl= 98> <al=0.50> <DB= 2336.3705> <Mlp= 2957.5178> <PB=10000000> 
1 bl.dch (4222)...2 bl.dch (4784)...    RCSP exact solver info for graph G_0 : TT = 12.4401, pt = 0.009289, dt = 11.3771, ct = 1.05094, ndl = 431512', bdl = 29505538', odl = 184866', odf = 7617053', bsi = 1998', cnt = 68035650', bdch = 2694527007', odch = 664765400', lcp = 100138814', #sols = 150
<DWph=0> <it= 21> <et=1592.54> <Mt= 0.06> <Spt=10.64> <nCl= 31> <al=0.40> <DB= 2687.9583> <Mlp= 2957.5112> <PB=10000000> 
1 bl.dch (4222)...2 bl.dch (4784)...    RCSP exact solver info for graph G_0 : TT = 10.5817, pt = 0.0089, dt = 9.55747, ct = 1.01259, ndl = 430937', bdl = 29437778', odl = 185059', odf = 7607129', bsi = 1939', cnt = 67729525', bdch = 2697980926', odch = 655348662', lcp = 99376696', #sols = 150
<DWph=0> <it= 22> <et=1603.16> <Mt= 0.02> <Spt=10.59> <nCl= 14> <al=0.46> <DB= 2834.2773> <Mlp= 2957.5095> <PB=10000000> 
1 bl.dch (4222)...2 bl.dch (4784)...    RCSP exact solver info for graph G_0 : TT = 10.644, pt = 0.009272, dt = 9.59935, ct = 1.03257, ndl = 431085', bdl = 29458315', odl = 185121', odf = 7616921', bsi = 2010', cnt = 67599450', bdch = 2706730403', odch = 656655879', lcp = 99219693', #sols = 150
<DWph=0> <it= 23> <et=1613.84> <Mt= 0.02> <Spt=10.66> <nCl=  9> <al=0.36> <DB= 2891.4508> <Mlp= 2957.5093> <PB=10000000> 
1 bl.dch (4222)...2 bl.dch (4784)...    RCSP exact solver info for graph G_0 : TT = 12.5514, pt = 0.009213, dt = 11.5066, ct = 1.03284, ndl = 430908', bdl = 29451448', odl = 185546', odf = 7614292', bsi = 1927', cnt = 67538269', bdch = 2710595609', odch = 655648987', lcp = 99160070', #sols = 150
<DWph=0> <it= 24> <et=1624.56> <Mt= 0.01> <Spt=10.71> <nCl=  7> <al=0.42> <DB= 2929.6684> <Mlp= 2957.5093> <PB=10000000> 
1 bl.dch (4222)...2 bl.dch (4776)...    RCSP exact solver info for graph G_0 : TT = 10.5754, pt = 0.009537, dt = 9.5265, ct = 1.03664, ndl = 432276', bdl = 29527645', odl = 185465', odf = 7637672', bsi = 1969', cnt = 67849300', bdch = 2724252850', odch = 661660419', lcp = 100060143', #sols = 150
<DWph=0> <it= 25> <et=1635.16> <Mt= 0.01> <Spt=10.59> <nCl=  2> <al=0.32> <DB= 2947.2261> <Mlp= 2957.5093> <PB=10000000> 
1 bl.dch (4222)...2 bl.dch (4775)...    RCSP exact solver info for graph G_0 : TT = 10.6737, pt = 0.009914, dt = 9.62726, ct = 1.03351, ndl = 432521', bdl = 29537942', odl = 185395', odf = 7640665', bsi = 1907', cnt = 68184588', bdch = 2728106897', odch = 661176629', lcp = 100116961', #sols = 150
1 bl.dch (4222)...2 bl.dch (4784)...    RCSP exact solver info for graph G_0 : TT = 12.3688, pt = 0.009301, dt = 11.3392, ct = 1.01751, ndl = 430202', bdl = 29422932', odl = 185289', odf = 7604486', bsi = 1932', cnt = 66994467', bdch = 2703333712', odch = 652753222', lcp = 98880426', #sols = 150
<DWph=0> <it= 26> <et=1656.39> <Mt= 0.01> <Spt=21.21> <nCl=  6> <al=0.00> <DB= 2957.5093> <Mlp= 2957.5093> <PB=10000000> 
RCSP solver dynamic params and stats :  bidir.bord. = 375 aver.obdmd = 98.0984 aver.buck.num. = 101 nbR1C = 265 with avMem = 17.766
@@ 625 0 2957.51 11.1788 12.5394 92.453 1656.39
    Full reduced cost fixing is not called (gap ratio is 0.999993)
ColGenEvalAlg final dual bound: 2957.51 (rounded: 2958)
Current active cuts : CAP(7,242.438) R1C(30+235,489.136) 1rowPackR1C(30) 3rowPackR1C(95) 4rowPackR1C(78) 5rowPackR1C(62)
1 Rank-1 1-rows pack. cuts added ,  max viol. = 0.0247787, aver. viol. = 0.0247787
33 Rank-1 3-rows pack. cuts added ,  max viol. = 0.0397706, aver. viol. = 0.0264938
Building structures for heuristic rank-1 packing cut separation...done!
44 Rank-1 4-rows pack. cuts added ,  max viol. = 0.0846765, aver. viol. = 0.0407464
100 Rank-1 5-rows pack. cuts added ,  max viol. = 0.13731, aver. viol. = 0.0636035
Shrinking heuristic shrunk 16 edges
In total 29 RCC cut(s) are found by the global pool greedy search heuristic 
----- Add fac. cuts : CAP(29) R1C(178), max.viol = 0.147165, aver.viol = 0.0534435, sep/add took 1.04418/0.691002 sec. -----
16433 columns (7476 active), 922 dyn. constrs. (488 active), 1164 art. vars. (730 active)
<DWph=2> <it=  1> <et=1659.01> <Mt= 0.32> <Spt= 0.51> <nCl=  9> <al=0.00> <DB= 2760.5472> <Mlp= 2957.8861> <PB=10000000> 
<DWph=2> <it=  2> <et=1659.33> <Mt= 0.06> <Spt= 0.26> <nCl=  3> <al=0.40> <DB= 2765.9401> <Mlp= 2957.8824> <PB=10000000> 
<DWph=2> <it=  3> <et=1660.01> <Mt= 0.19> <Spt= 0.49> <nCl=  6> <al=0.00> <DB= 2632.7762> <Mlp= 2957.8558> <PB=10000000> 
<DWph=2> <it=  4> <et=1660.52> <Mt= 0.03> <Spt= 0.48> <nCl=  0> <al=0.00> <DB= 2957.8558> <Mlp= 2957.8558> <PB=10000000> 
<DWph=1> <it=  5> <et=1660.96> <Mt= 0.00> <Spt= 0.44> <nCl= 11> <al=0.26> <DB= 2931.5345> <Mlp= 2957.8558> <PB=10000000> 
<DWph=1> <it=  6> <et=1661.47> <Mt= 0.06> <Spt= 0.44> <nCl=  1> <al=0.33> <DB= 2937.2516> <Mlp= 2957.8550> <PB=10000000> 
<DWph=1> <it=  7> <et=1662.41> <Mt= 0.06> <Spt= 0.88> <nCl=  0> <al=0.00> <DB= 2957.8547> <Mlp= 2957.8547> <PB=10000000> 
1 bl.dch (4205)...2 bl.dch (4740)...    RCSP exact solver info for graph G_0 : TT = 10.983, pt = 0.008569, dt = 9.77137, ct = 1.2004, ndl = 441502', bdl = 30155790', odl = 187253', odf = 7782907', bsi = 2009', cnt = 76796898', bdch = 2789431984', odch = 692104243', lcp = 106084188', #sols = 150
<DWph=0> <it=  8> <et=1673.47> <Mt= 0.01> <Spt=11.06> <nCl=150> <al=0.30> <DB= 2755.9341> <Mlp= 2957.8547> <PB=10000000> 
1 bl.dch (4216)...2 bl.dch (4767)...    RCSP exact solver info for graph G_0 : TT = 13.0298, pt = 0.009983, dt = 11.8064, ct = 1.2105, ndl = 435214', bdl = 29673630', odl = 185066', odf = 7675317', bsi = 1965', cnt = 73041070', bdch = 2735188729', odch = 674610431', lcp = 102284031', #sols = 150
<DWph=0> <it=  9> <et=1685.59> <Mt= 0.79> <Spt=11.32> <nCl= 33> <al=0.20> <DB= 2907.4333> <Mlp= 2957.8053> <PB=10000000> 
1 bl.dch (4222)...2 bl.dch (4775)...    RCSP exact solver info for graph G_0 : TT = 10.8483, pt = 0.009686, dt = 9.64234, ct = 1.19363, ndl = 432513', bdl = 29485852', odl = 183401', odf = 7622843', bsi = 2011', cnt = 72210959', bdch = 2704458585', odch = 665682239', lcp = 100664522', #sols = 150
<DWph=0> <it= 10> <et=1696.51> <Mt= 0.05> <Spt=10.87> <nCl= 15> <al=0.28> <DB= 2798.2948> <Mlp= 2957.8042> <PB=10000000> 
1 bl.dch (4222)...2 bl.dch (4775)...    RCSP exact solver info for graph G_0 : TT = 11.1382, pt = 0.010537, dt = 9.88138, ct = 1.24356, ndl = 432993', bdl = 29512903', odl = 183606', odf = 7631635', bsi = 2001', cnt = 72242086', bdch = 2709640251', odch = 669311172', lcp = 101159423', #sols = 150
1 bl.dch (4222)...2 bl.dch (4779)...    RCSP exact solver info for graph G_0 : TT = 12.6617, pt = 0.009867, dt = 11.5037, ct = 1.1454, ndl = 431836', bdl = 29444758', odl = 183122', odf = 7606558', bsi = 2001', cnt = 72050987', bdch = 2700853977', odch = 662860886', lcp = 100342627', #sols = 150
<DWph=0> <it= 11> <et=1718.29> <Mt= 0.01> <Spt=21.77> <nCl=  9> <al=0.00> <DB= 2957.8042> <Mlp= 2957.8042> <PB=10000000> 
RCSP solver dynamic params and stats :  bidir.bord. = 375 aver.obdmd = 98.0984 aver.buck.num. = 101 nbR1C = 275 with avMem = 17.8727
@@ 625 1 2957.8 11.7197 13.0169 92.453 1718.29
    Full reduced cost fixing is not called (gap ratio is 0.999993)
ColGenEvalAlg final dual bound: 2957.8 (rounded: 2958)
False gap improvement since the last cut separation : 0.000997107 (2957.51)
----- Cut generation stopped by the pricing solver
Current active cuts : CAP(8,282.162) R1C(31+244,485.397) 1rowPackR1C(31) 3rowPackR1C(95) 4rowPackR1C(78) 5rowPackR1C(71)
SB exact phase 3 branch on var x[(25, 98)]_0_2677_0_OspV (lhs=0.868649) : [2963.5065, 2957.8042], tree depth = 1e+12, tree size = 1e+12, score = -0.432 (h)
SB with phases chosed candidate var x[(25, 98)]_0_2677_0_OspV (lhs=0.868649)
************************************************************************************************
**** BaB tree node (N° 7, parent N° 5, depth 3, treatOrderId 625)
**** Local DB = 2957.8, global bounds : [ 2958 , 1e+07 ], TIME = 0h28m38s42t = 171842
**** 4 open nodes, 16670 columns (7713 active), 754 dyn. constrs. (301 active), 996 art. vars. (543 active)
************************************************************************************************
**** Strong branching phase 1 is started *****
SB phase 1 cand.  1 branch on Psi[5,6] (lhs=0.7641)                       : [ 2958.0000,  2958.1571], score = 0.07 (h)  <et=1718.72>
SB phase 1 cand.  2 branch on colGenSp (8.2716)                           : [ 2957.8042,  2957.8059], score = 0.00      <et=1719.73>
SB phase 1 cand.  3 branch on var x[(61, 77)]_0_5446_0_OspV (lhs=0.9554)  : [ 2957.8807,  2970.0565], score = 0.94 (h)  <et=1720.31>
SB phase 1 cand.  4 branch on omega[1] (lhs=26.7599)                      : [ 2957.8042,  2957.9280], score = 0.00      <et=1720.52>
SB phase 1 cand.  5 branch on var x[(61, 66)]_0_5435_0_OspV (lhs=0.0396)  : [ 2957.8640,  2975.4954], score = 1.06 (h)  <et=1721.15>
SB phase 1 cand.  6 branch on var x[(4, 108)]_0_461_0_OspV (lhs=0.4848)   : [ 2958.0000,  2958.4084], score = 0.12      <et=1721.45>
SB phase 1 cand.  7 branch on var x[(62, 84)]_0_5512_0_OspV (lhs=0.0019)  : [ 2957.8044, 51829.6373], score = 10.05 (h)  <et=1722.52>
SB phase 1 cand.  8 branch on var x[(74, 120)]_0_6178_0_OspV (lhs=0.4783) : [ 2958.0000,  2958.1565], score = 0.07      <et=1722.8>
SB phase 1 cand.  9 branch on omega[4] (lhs=2.0016)                       : [ 2957.8048,  3012.4441], score = 0.03 (h)  <et=1723.41>
SB phase 1 cand. 10 branch on var x[(0, 102)]_0_7070_0_OspV (lhs=0.5254)  : [ 2958.0000,  2958.1782], score = 0.07      <et=1723.7>
SB phase 1 cand. 11 branch on var x[(95, 100)]_0_6914_0_OspV (lhs=0.5490) : [ 2958.0000,  2958.8210], score = 0.20 (h)  <et=1724.08>
SB phase 1 cand. 12 branch on var x[(74, 108)]_0_6166_0_OspV (lhs=0.4692) : [ 2958.0000,  2958.4046], score = 0.12      <et=1724.44>
SB phase 1 cand. 13 branch on var x[(8, 43)]_0_854_0_OspV (lhs=0.3995)    : [ 2958.0000,  2959.8302], score = 0.40 (h)  <et=1724.9>
SB phase 1 cand. 14 branch on var x[(87, 99)]_0_6677_0_OspV (lhs=0.5326)  : [ 2958.0000,  2958.1694], score = 0.07      <et=1725.25>
SB phase 1 cand. 15 branch on var x[(43, 53)]_0_4189_0_OspV (lhs=0.3653)  : [ 2958.0000,  2959.9693], score = 0.42 (h)  <et=1725.76>
SB phase 1 cand. 16 branch on var x[(63, 120)]_0_5606_0_OspV (lhs=0.4501) : [ 2958.0000,  2958.6491], score = 0.17      <et=1726.11>
SB phase 1 cand. 17 branch on var x[(15, 117)]_0_1691_0_OspV (lhs=0.4238) : [ 2958.0000,  2958.6427], score = 0.16 (h)  <et=1726.44>
SB phase 1 cand. 18 branch on var x[(16, 99)]_0_1778_0_OspV (lhs=0.5549)  : [ 2958.0000,  2958.1939], score = 0.08      <et=1726.74>
SB phase 1 cand. 19 branch on var x[(8, 15)]_0_826_0_OspV (lhs=0.6939)    : [ 2958.0000,  2960.9754], score = 0.62 (h)  <et=1727.22>
SB phase 1 cand. 20 branch on var x[(20, 108)]_0_2197_0_OspV (lhs=0.4396) : [ 2958.0000,  2958.1674], score = 0.07      <et=1727.49>
SB phase 1 cand. 21 branch on var x[(60, 100)]_0_5409_0_OspV (lhs=0.3987) : [ 2958.0000,  2959.7073], score = 0.37 (h)  <et=1727.91>
SB phase 1 cand. 22 branch on var x[(17, 76)]_0_1859_0_OspV (lhs=0.4305)  : [ 2958.0000,  2958.2746], score = 0.09      <et=1728.21>
SB phase 1 cand. 23 branch on var x[(42, 53)]_0_4111_0_OspV (lhs=0.3784)  : [ 2958.0000,  2958.9638], score = 0.23 (h)  <et=1728.62>
SB phase 1 cand. 24 branch on var x[(1, 46)]_0_45_0_OspV (lhs=0.4293)     : [ 2958.0000,  2959.0877], score = 0.25      <et=1729.03>
SB phase 1 cand. 25 branch on var x[(42, 117)]_0_4175_0_OspV (lhs=0.6216) : [ 2958.0000,  2958.9638], score = 0.23 (h)  <et=1729.42>
SB phase 1 cand. 26 branch on var x[(0, 108)]_0_7169_0_OspV (lhs=0.4243)  : [ 2958.0000,  2958.1733], score = 0.07      <et=1729.67>
SB phase 1 cand. 27 branch on Psi[4,5] (lhs=0.9129)                       : [ 2957.9482,  2967.8929], score = 1.45 (h)  <et=1730.35>
SB phase 1 cand. 28 branch on var x[(27, 46)]_0_2814_0_OspV (lhs=0.4015)  : [ 2958.0000,  2958.3159], score = 0.10      <et=1730.74>
SB phase 1 cand. 29 branch on Psi[1,5] (lhs=0.3230)                       : [ 2958.0000,  2958.6417], score = 0.16 (h)  <et=1731.13>
SB phase 1 cand. 30 branch on var x[(103, 111)]_0_7097_0_OspV (lhs=0.4013): [ 2958.0000,  2958.9061], score = 0.22      <et=1731.54>
SB phase 1 cand. 31 branch on var x[(95, 110)]_0_6924_0_OspV (lhs=0.4448) : [ 2958.0000,  2959.3013], score = 0.29 (h)  <et=1731.98>
SB phase 1 cand. 32 branch on var x[(32, 111)]_0_3334_0_OspV (lhs=0.5987) : [ 2958.0000,  2958.8916], score = 0.21      <et=1732.36>
SB phase 1 cand. 33 branch on var x[(7, 95)]_0_793_0_OspV (lhs=0.2139)    : [ 2958.0000,  2958.0617], score = 0.05 (h)  <et=1732.68>
SB phase 1 cand. 34 branch on var x[(0, 73)]_0_6084_0_OspV (lhs=0.3992)   : [ 2958.0000,  2959.0518], score = 0.24      <et=1733.17>
SB phase 1 cand. 35 branch on var x[(49, 112)]_0_4695_0_OspV (lhs=0.3230) : [ 2958.0000,  2958.6417], score = 0.16 (h)  <et=1733.57>
SB phase 1 cand. 36 branch on var x[(16, 106)]_0_1785_0_OspV (lhs=0.6039) : [ 2958.0000,  2958.0469], score = 0.05      <et=1733.89>
SB phase 1 cand. 37 branch on var x[(52, 79)]_0_4872_0_OspV (lhs=0.5101)  : [ 2958.0000,  2958.8200], score = 0.20 (h)  <et=1734.32>
SB phase 1 cand. 38 branch on var x[(26, 113)]_0_2787_0_OspV (lhs=0.6115) : [ 2958.0000,  2958.0512], score = 0.05      <et=1734.58>
SB phase 1 cand. 39 branch on Psi[1,4] (lhs=1.0887)                       : [ 2957.9483,  2967.3259], score = 1.37 (h)  <et=1735.23>
SB phase 1 cand. 40 branch on var x[(0, 71)]_0_5985_0_OspV (lhs=0.6182)   : [ 2958.0000,  2958.4555], score = 0.13      <et=1735.57>
SB phase 1 cand. 41 branch on Psi[1,6] (lhs=1.2359)                       : [ 2958.0000,  2958.1571], score = 0.07 (h)  <et=1735.86>
SB phase 1 cand. 42 branch on var x[(23, 71)]_0_2457_0_OspV (lhs=0.3791)  : [ 2958.0000,  2960.0732], score = 0.44      <et=1736.32>
SB phase 1 cand. 43 branch on var x[(62, 96)]_0_5524_0_OspV (lhs=0.8788)  : [ 2958.0000,  2960.6817], score = 0.56 (h)  <et=1736.86>
SB phase 1 cand. 44 branch on var x[(30, 40)]_0_3084_0_OspV (lhs=0.6236)  : [ 2957.9736,  2958.2545], score = 0.08      <et=1737.23>
SB phase 1 cand. 45 branch on var x[(12, 85)]_0_1338_0_OspV (lhs=0.4926)  : [ 2958.0000,  2958.5762], score = 0.15 (h)  <et=1737.64>
SB phase 1 cand. 46 branch on var x[(60, 119)]_0_5428_0_OspV (lhs=0.3621) : [ 2958.0000,  2958.1480], score = 0.07      <et=1737.93>
SB phase 1 cand. 47 branch on var x[(35, 74)]_0_3558_0_OspV (lhs=0.7753)  : [ 2958.0000,  2960.9384], score = 0.61 (h)  <et=1738.42>
SB phase 1 cand. 48 branch on var x[(80, 93)]_0_6412_0_OspV (lhs=0.3621)  : [ 2958.0000,  2958.1480], score = 0.07      <et=1738.7>
SB phase 1 cand. 49 branch on var x[(33, 97)]_0_3408_0_OspV (lhs=0.1737)  : [ 2957.9767,  2963.8687], score = 1.05 (h)  <et=1739.35>
SB phase 1 cand. 50 branch on var x[(93, 119)]_0_6880_0_OspV (lhs=0.6379) : [ 2958.0000,  2958.1480], score = 0.07      <et=1739.63>
SB phase 1 cand. 51 branch on var x[(52, 73)]_0_4866_0_OspV (lhs=0.3295)  : [ 2958.0000,  2960.3060], score = 0.49 (h)  <et=1740.13>
SB phase 1 cand. 52 branch on var x[(0, 81)]_0_6440_0_OspV (lhs=0.6384)   : [ 2957.8209,  2958.0000], score = 0.00      <et=1740.32>
SB phase 1 cand. 53 branch on var x[(7, 33)]_0_731_0_OspV (lhs=0.6479)    : [ 2958.0000,  2958.2261], score = 0.08 (h)  <et=1740.62>
SB phase 1 cand. 54 branch on var x[(100, 117)]_0_7046_0_OspV (lhs=0.6459): [ 2958.0000,  2960.6346], score = 0.55      <et=1741.11>
SB phase 1 cand. 55 branch on var x[(4, 102)]_0_455_0_OspV (lhs=0.3464)   : [ 2958.0000,  2960.5331], score = 0.53 (h)  <et=1741.53>
SB phase 1 cand. 56 branch on var x[(1, 23)]_0_22_0_OspV (lhs=0.3476)     : [ 2958.0000,  2958.1923], score = 0.08      <et=1741.84>
SB phase 1 cand. 57 branch on var x[(60, 117)]_0_5426_0_OspV (lhs=0.2154) : [ 2958.0000,  2960.4782], score = 0.52 (h)  <et=1742.38>
SB phase 1 cand. 58 branch on var x[(46, 94)]_0_4458_0_OspV (lhs=0.6561)  : [ 2958.0000,  2958.0000], score = 0.04      <et=1742.61>
SB phase 1 cand. 59 branch on Psi[2,8] (lhs=0.2154)                       : [ 2958.0000,  2960.4776], score = 0.52 (h)  <et=1743.14>
SB phase 1 cand. 60 branch on var x[(17, 26)]_0_1809_0_OspV (lhs=0.3407)  : [ 2957.9923,  2958.0000], score = 0.04      <et=1743.4>
SB phase 1 cand. 61 branch on Psi[1,8] (lhs=1.7846)                       : [ 2958.0000,  2960.4776], score = 0.52 (h)  <et=1743.96>
SB phase 1 cand. 62 branch on var x[(99, 106)]_0_7014_0_OspV (lhs=0.3376) : [ 2958.0000,  2958.0040], score = 0.04      <et=1744.21>
SB phase 1 cand. 63 branch on var x[(71, 76)]_0_5990_0_OspV (lhs=0.2994)  : [ 2958.0000,  2958.2082], score = 0.08 (h)  <et=1744.49>
SB phase 1 cand. 64 branch on var x[(20, 78)]_0_2167_0_OspV (lhs=0.6745)  : [ 2957.9909,  2959.2075], score = 0.26      <et=1745.03>
SB phase 1 cand. 65 branch on var x[(29, 79)]_0_3032_0_OspV (lhs=0.6697)  : [ 2958.0000,  2958.8761], score = 0.21 (h)  <et=1745.54>
SB phase 1 cand. 66 branch on var x[(29, 43)]_0_2996_0_OspV (lhs=0.6825)  : [ 2958.0000,  2960.9473], score = 0.62      <et=1746.08>
SB phase 1 cand. 67 branch on var x[(0, 109)]_0_7182_0_OspV (lhs=0.8772)  : [ 2958.0000,  2960.5382], score = 0.54 (h)  <et=1746.57>
SB phase 1 cand. 68 branch on var x[(47, 87)]_0_4525_0_OspV (lhs=0.6914)  : [ 2957.9465,  2958.5200], score = 0.10      <et=1747>
SB phase 1 cand. 69 branch on var x[(79, 112)]_0_6390_0_OspV (lhs=0.6837) : [ 2958.0000,  2958.2910], score = 0.10 (h)  <et=1747.33>
SB phase 1 cand. 70 branch on var x[(27, 106)]_0_2874_0_OspV (lhs=0.3086) : [ 2957.9976,  2958.0000], score = 0.04      <et=1747.56>
SB phase 1 cand. 71 branch on var x[(66, 103)]_0_5757_0_OspV (lhs=0.5580) : [ 2958.0000,  2958.5401], score = 0.14 (h)  <et=1747.89>
SB phase 1 cand. 72 branch on var x[(94, 101)]_0_6889_0_OspV (lhs=0.6930) : [ 2958.0000,  2958.0000], score = 0.04      <et=1748.08>
SB phase 1 cand. 73 branch on var x[(71, 120)]_0_6034_0_OspV (lhs=0.2994) : [ 2958.0000,  2958.1325], score = 0.06 (h)  <et=1748.3>
SB phase 1 cand. 74 branch on var x[(0, 40)]_0_3939_0_OspV (lhs=0.3036)   : [ 2957.9391,  2958.3133], score = 0.07      <et=1748.69>
SB phase 1 cand. 75 branch on var x[(29, 73)]_0_3026_0_OspV (lhs=0.2245)  : [ 2958.0000,  2959.7907], score = 0.39 (h)  <et=1749.14>
SB phase 1 cand. 76 branch on var x[(17, 55)]_0_1838_0_OspV (lhs=0.6973)  : [ 2957.9825,  2958.4209], score = 0.11      <et=1749.53>
SB phase 1 cand. 77 branch on var x[(0, 33)]_0_3344_0_OspV (lhs=0.5439)   : [ 2958.0000,  2958.0000], score = 0.04 (h)  <et=1749.68>
SB phase 1 cand. 78 branch on var x[(0, 101)]_0_7050_0_OspV (lhs=0.3021)  : [ 2957.9289,  2959.2828], score = 0.18      <et=1750.17>
SB phase 1 cand. 79 branch on Psi[1,2] (lhs=1.7846)                       : [ 2958.0000,  2960.4782], score = 0.52 (h)  <et=1750.68>
SB phase 1 cand. 80 branch on var x[(0, 17)]_0_1800_0_OspV (lhs=0.3019)   : [ 2957.9806,  2958.4271], score = 0.11      <et=1751.08>
SB phase 1 cand. 81 branch on var x[(0, 54)]_0_4982_0_OspV (lhs=0.9189)   : [ 2957.9748,  2960.7761], score = 0.51 (h)  <et=1751.58>
SB phase 1 cand. 82 branch on var x[(0, 106)]_0_7140_0_OspV (lhs=0.3014)  : [ 2957.9007,  2958.6275], score = 0.08      <et=1751.96>
SB phase 1 cand. 83 branch on var x[(110, 119)]_0_7203_0_OspV (lhs=0.3485): [ 2958.0000,  2958.1480], score = 0.07 (h)  <et=1752.22>
SB phase 1 cand. 84 branch on var x[(63, 92)]_0_5578_0_OspV (lhs=0.2994)  : [ 2958.0000,  2958.0677], score = 0.05      <et=1752.42>
SB phase 1 cand. 85 branch on var x[(5, 28)]_0_497_0_OspV (lhs=0.5493)    : [ 2958.0000,  2958.3796], score = 0.11 (h)  <et=1752.7>
SB phase 1 cand. 86 branch on var x[(81, 107)]_0_6466_0_OspV (lhs=0.2993) : [ 2957.8042,  2958.0000], score = 0.00      <et=1752.8>
SB phase 1 cand. 87 branch on var x[(37, 70)]_0_3723_0_OspV (lhs=0.9008)  : [ 2957.9552,  2963.6048], score = 0.88 (h)  <et=1753.39>
SB phase 1 cand. 88 branch on var x[(0, 30)]_0_3074_0_OspV (lhs=0.7044)   : [ 2957.8453,  2958.2274], score = 0.02      <et=1753.71>
SB phase 1 cand. 89 branch on var x[(12, 73)]_0_1326_0_OspV (lhs=0.6422)  : [ 2958.0000,  2958.8665], score = 0.21 (h)  <et=1754.11>
SB phase 1 cand. 90 branch on var x[(0, 4)]_0_357_0_OspV (lhs=0.2898)     : [ 2958.0000,  2958.0029], score = 0.04      <et=1754.37>
SB phase 1 cand. 91 branch on var x[(0, 23)]_0_2409_0_OspV (lhs=0.2644)   : [ 2958.0000,  2959.5447], score = 0.34 (h)  <et=1754.79>
SB phase 1 cand. 92 branch on var x[(2, 111)]_0_229_0_OspV (lhs=0.7120)   : [ 2958.0000,  2959.3930], score = 0.31      <et=1755.23>
SB phase 1 cand. 93 branch on var x[(80, 119)]_0_6438_0_OspV (lhs=0.6379) : [ 2958.0000,  2958.1480], score = 0.07 (h)  <et=1755.52>
SB phase 1 cand. 94 branch on var x[(5, 44)]_0_513_0_OspV (lhs=0.2852)    : [ 2958.0000,  2959.6805], score = 0.37      <et=1756.02>
SB phase 1 cand. 95 branch on var x[(11, 104)]_0_1248_0_OspV (lhs=0.9383) : [ 2957.9638,  2962.9875], score = 0.83 (h)  <et=1756.55>
SB phase 1 cand. 96 branch on var x[(0, 20)]_0_2109_0_OspV (lhs=0.2810)   : [ 2957.9927,  2958.6049], score = 0.15      <et=1756.98>
SB phase 1 cand. 97 branch on var x[(3, 104)]_0_340_0_OspV (lhs=0.0625)   : [ 2957.9638,  2962.9875], score = 0.83 (h)  <et=1757.53>
SB phase 1 cand. 98 branch on var x[(12, 105)]_0_1358_0_OspV (lhs=0.7254) : [ 2958.0000,  2960.1426], score = 0.46      <et=1758>
SB phase 1 cand. 99 branch on var x[(95, 97)]_0_6911_0_OspV (lhs=0.7334)  : [ 2958.0000,  2958.9003], score = 0.21 (h)  <et=1758.41>
SB phase 1 cand. 100 branch on var x[(29, 85)]_0_3038_0_OspV (lhs=0.2647)  : [ 2957.9665,  2963.0000], score = 0.84      <et=1758.94>
**** Strong branching phase 2 is started *****
#BaPCod info: Cplex status is 'Optimal solution found, unscaled infeasibilities'
BaPCod info: Cplex status is 'Optimal solution found, unscaled infeasibilities'
<DWph=1> <it= 40> <et=1774.68> <Mt= 2.86> <Spt=12.85> <nCl=353> <al=0.00> <DB= 2968.7262> <Mlp= 2968.7262> <PB=10000000> 
<DWph=1> <it=  2> <et=1776.41> <Mt= 0.01> <Spt= 1.33> <nCl=  0> <al=0.00> <DB= 2957.8044> <Mlp= 2957.8044> <PB=10000000> 
SB phase 2 cand.  1 branch on var x[(62, 84)]_0_5512_0_OspV (lhs=0.0019): [ 2957.8044,  2968.7262], score = 0.00 (h)  <et=1776.47>
<DWph=1> <it= 59> <et=1795.67> <Mt= 2.81> <Spt=16.07> <nCl=651> <al=0.00> <DB= 2965.1813> <Mlp= 2965.1813> <PB=10000000> 
<DWph=1> <it=  3> <et=1797.80> <Mt= 0.02> <Spt= 1.73> <nCl=  5> <al=0.00> <DB= 2957.9482> <Mlp= 2957.9482> <PB=10000000> 
SB phase 2 cand.  2 branch on Psi[4,5] (lhs=0.9129)                     : [ 2957.9482,  2965.1813], score = 1.06 (h)  <et=1797.86>
<DWph=1> <it= 19> <et=1806.55> <Mt= 1.51> <Spt= 6.89> <nCl=141> <al=0.00> <DB= 2964.3936> <Mlp= 2964.3936> <PB=10000000> 
<DWph=1> <it=  2> <et=1808.25> <Mt= 0.01> <Spt= 1.31> <nCl=  6> <al=0.00> <DB= 2957.9483> <Mlp= 2957.9483> <PB=10000000> 
SB phase 2 cand.  3 branch on Psi[1,4] (lhs=1.0887)                     : [ 2957.9483,  2964.3936], score = 0.95 (h)  <et=1808.3>
**** Strong branching phase 3 is started *****
**** SB phase 3 evaluation of candidate 1, branch 1 ( Psi[4,5] <= 0 ), value = 2965.18
<DWph=2> <it=  1> <et=1808.82> <Mt= 0.01> <Spt= 0.18> <nCl=  6> <al=0.50> <DB= 2521.4636> <Mlp= 2965.1813> <PB=10000000> 
<DWph=2> <it=  2> <et=1809.02> <Mt= 0.01> <Spt= 0.18> <nCl=  1> <al=0.55> <DB= 2936.8457> <Mlp= 2965.1785> <PB=10000000> 
<DWph=2> <it=  3> <et=1809.37> <Mt= 0.01> <Spt= 0.34> <nCl=  6> <al=0.00> <DB= 2927.3501> <Mlp= 2965.1785> <PB=10000000> 
<DWph=2> <it=  4> <et=1809.73> <Mt= 0.01> <Spt= 0.35> <nCl=  1> <al=0.00> <DB= 2965.1785> <Mlp= 2965.1785> <PB=10000000> 
<DWph=1> <it=  5> <et=1810.07> <Mt= 0.00> <Spt= 0.33> <nCl=  9> <al=0.25> <DB= 2325.8043> <Mlp= 2965.1785> <PB=10000000> 
<DWph=1> <it=  6> <et=1810.40> <Mt= 0.01> <Spt= 0.33> <nCl=  6> <al=0.33> <DB= 2380.7664> <Mlp= 2965.1785> <PB=10000000> 
<DWph=1> <it=  7> <et=1810.79> <Mt= 0.05> <Spt= 0.34> <nCl=  5> <al=0.23> <DB= 2586.1144> <Mlp= 2965.1598> <PB=10000000> 
<DWph=1> <it=  8> <et=1811.13> <Mt= 0.01> <Spt= 0.32> <nCl=  3> <al=0.30> <DB= 2799.0638> <Mlp= 2965.1598> <PB=10000000> 
<DWph=1> <it=  9> <et=1811.47> <Mt= 0.01> <Spt= 0.33> <nCl=  5> <al=0.20> <DB= 2854.6751> <Mlp= 2965.1598> <PB=10000000> 
<DWph=1> <it= 10> <et=1811.80> <Mt= 0.01> <Spt= 0.33> <nCl=  2> <al=0.28> <DB= 2874.3268> <Mlp= 2965.1598> <PB=10000000> 
<DWph=1> <it= 11> <et=1812.13> <Mt= 0.01> <Spt= 0.32> <nCl=  4> <al=0.18> <DB= 2941.1188> <Mlp= 2965.1598> <PB=10000000> 
<DWph=1> <it= 12> <et=1812.46> <Mt= 0.00> <Spt= 0.33> <nCl=  2> <al=0.26> <DB= 2930.5327> <Mlp= 2965.1598> <PB=10000000> 
<DWph=1> <it= 13> <et=1813.10> <Mt= 0.01> <Spt= 0.62> <nCl=  0> <al=0.00> <DB= 2965.1598> <Mlp= 2965.1598> <PB=10000000> 
    RCSP exact solver info for graph G_0 : TT = 3.3181, pt = 0.005509, dt = 3.09129, ct = 0.219107, ndl = 228488', bdl = 16890983', odl = 132661', odf = 3970589', bsi = 1834', cnt = 13664332', bdch = 858837666', odch = 127238204', lcp = 25496144', #sols = 150
<DWph=0> <it= 14> <et=1816.47> <Mt= 0.00> <Spt= 3.37> <nCl=150> <al=0.06> <DB= 1932.6815> <Mlp= 2965.1598> <PB=10000000> 
1 bl.dch (4847)...    RCSP exact solver info for graph G_0 : TT = 4.88403, pt = 0.00659, dt = 4.50326, ct = 0.371746, ndl = 284178', bdl = 20176934', odl = 141397', odf = 4887173', bsi = 1897', cnt = 27729089', bdch = 1226228834', odch = 251808896', lcp = 44188301', #sols = 150
<DWph=0> <it= 15> <et=1821.70> <Mt= 0.30> <Spt= 4.93> <nCl=130> <al=0.16> <DB= 2552.0798> <Mlp= 2965.0228> <PB=10000000> 
    RCSP exact solver info for graph G_0 : TT = 3.87818, pt = 0.007029, dt = 3.69089, ct = 0.178068, ndl = 239705', bdl = 17456915', odl = 135345', odf = 4118720', bsi = 2270', cnt = 8987568', bdch = 925822346', odch = 167761750', lcp = 33976844', #sols = 150
<DWph=0> <it= 16> <et=1825.89> <Mt= 0.26> <Spt= 3.93> <nCl=150> <al=0.24> <DB= 1106.2441> <Mlp= 2964.5347> <PB=10000000> 
1 bl.dch (5516)...    RCSP exact solver info for graph G_0 : TT = 4.2492, pt = 0.007692, dt = 4.09001, ct = 0.149199, ndl = 253396', bdl = 18374819', odl = 138138', odf = 4322335', bsi = 2614', cnt = 4245528', bdch = 1001542108', odch = 228655038', lcp = 39760159', #sols = 150
<DWph=0> <it= 17> <et=1830.20> <Mt= 0.02> <Spt= 4.30> <nCl=150> <al=0.32> <DB=  383.2045> <Mlp= 2964.5347> <PB=10000000> 
1 bl.dch (4920)...    RCSP exact solver info for graph G_0 : TT = 4.58476, pt = 0.007209, dt = 4.28608, ct = 0.289035, ndl = 268689', bdl = 19555037', odl = 141955', odf = 4609725', bsi = 1835', cnt = 17016820', bdch = 1158344513', odch = 210544676', lcp = 37782071', #sols = 150
<DWph=0> <it= 18> <et=1834.83> <Mt= 0.00> <Spt= 4.62> <nCl= 78> <al=0.39> <DB= 2629.5089> <Mlp= 2964.5347> <PB=10000000> 
1 bl.dch (4713)...    RCSP exact solver info for graph G_0 : TT = 5.54669, pt = 0.008935, dt = 5.1459, ct = 0.389001, ndl = 299029', bdl = 21433383', odl = 148152', odf = 5182947', bsi = 1839', cnt = 24649328', bdch = 1378852106', odch = 282800224', lcp = 48276071', #sols = 150
<DWph=0> <it= 19> <et=1840.66> <Mt= 0.26> <Spt= 5.57> <nCl= 53> <al=0.45> <DB= 2682.3470> <Mlp= 2964.4870> <PB=10000000> 
1 bl.dch (4755)...    RCSP exact solver info for graph G_0 : TT = 7.35208, pt = 0.007588, dt = 6.97166, ct = 0.370248, ndl = 296372', bdl = 21131857', odl = 147002', odf = 5129625', bsi = 1822', cnt = 24453468', bdch = 1353881879', odch = 271872386', lcp = 47727895', #sols = 150
<DWph=0> <it= 20> <et=1846.24> <Mt= 0.05> <Spt= 5.53> <nCl= 31> <al=0.50> <DB= 2788.8232> <Mlp= 2964.4773> <PB=10000000> 
1 bl.dch (4807)...    RCSP exact solver info for graph G_0 : TT = 5.1529, pt = 0.008208, dt = 4.77489, ct = 0.367138, ndl = 288828', bdl = 20610789', odl = 144384', odf = 4988573', bsi = 1825', cnt = 23890275', bdch = 1290377070', odch = 255881393', lcp = 45455578', #sols = 150
<DWph=0> <it= 21> <et=1851.43> <Mt= 0.02> <Spt= 5.17> <nCl= 25> <al=0.55> <DB= 2808.6619> <Mlp= 2964.4729> <PB=10000000> 
1 bl.dch (4851)...    RCSP exact solver info for graph G_0 : TT = 4.98587, pt = 0.008244, dt = 4.63302, ct = 0.341974, ndl = 281542', bdl = 20141830', odl = 142863', odf = 4845833', bsi = 1811', cnt = 23099293', bdch = 1234720213', odch = 239014518', lcp = 43101071', #sols = 150
<DWph=0> <it= 22> <et=1856.45> <Mt= 0.02> <Spt= 5.00> <nCl= 22> <al=0.60> <DB= 2849.8084> <Mlp= 2964.4726> <PB=10000000> 
1 bl.dch (4891)...    RCSP exact solver info for graph G_0 : TT = 4.95106, pt = 0.007495, dt = 4.6085, ct = 0.332396, ndl = 277204', bdl = 19887119', odl = 142410', odf = 4775970', bsi = 1806', cnt = 22452542', bdch = 1201619093', odch = 229178103', lcp = 41768099', #sols = 150
<DWph=0> <it= 23> <et=1861.43> <Mt= 0.01> <Spt= 4.97> <nCl= 18> <al=0.64> <DB= 2891.3873> <Mlp= 2964.4722> <PB=10000000> 
1 bl.dch (4904)...    RCSP exact solver info for graph G_0 : TT = 4.8426, pt = 0.007392, dt = 4.50246, ct = 0.330221, ndl = 275186', bdl = 19776248', odl = 141530', odf = 4743484', bsi = 1806', cnt = 22432842', bdch = 1187744122', odch = 225676934', lcp = 41169728', #sols = 150
<DWph=0> <it= 24> <et=1866.30> <Mt= 0.01> <Spt= 4.85> <nCl= 14> <al=0.54> <DB= 2910.5432> <Mlp= 2964.4721> <PB=10000000> 
1 bl.dch (4899)...    RCSP exact solver info for graph G_0 : TT = 4.92248, pt = 0.007126, dt = 4.58634, ct = 0.326572, ndl = 275474', bdl = 19775606', odl = 141606', odf = 4750802', bsi = 1807', cnt = 22463849', bdch = 1189893996', odch = 226707513', lcp = 41333176', #sols = 150
<DWph=0> <it= 25> <et=1871.24> <Mt= 0.01> <Spt= 4.93> <nCl=  3> <al=0.58> <DB= 2932.9967> <Mlp= 2964.4721> <PB=10000000> 
1 bl.dch (4900)...    RCSP exact solver info for graph G_0 : TT = 6.71045, pt = 0.008604, dt = 6.36872, ct = 0.330693, ndl = 275008', bdl = 19759096', odl = 141729', odf = 4744261', bsi = 1798', cnt = 22568728', bdch = 1188449036', odch = 225600663', lcp = 41199684', #sols = 150
1 bl.dch (4893)...    RCSP exact solver info for graph G_0 : TT = 4.48784, pt = 0.006015, dt = 4.16696, ct = 0.312492, ndl = 275883', bdl = 19815663', odl = 142264', odf = 4756629', bsi = 1795', cnt = 22690629', bdch = 1195776573', odch = 226367390', lcp = 41412432', #sols = 150
<DWph=0> <it= 26> <et=1880.67> <Mt= 0.01> <Spt= 9.42> <nCl= 95> <al=0.00> <DB= 2443.6151> <Mlp= 2964.4721> <PB=10000000> 
1 bl.dch (4912)...    RCSP exact solver info for graph G_0 : TT = 4.817, pt = 0.007243, dt = 4.47661, ct = 0.330664, ndl = 273013', bdl = 19604357', odl = 141099', odf = 4709801', bsi = 1839', cnt = 22609585', bdch = 1172230532', odch = 224165874', lcp = 40861686', #sols = 150
<DWph=0> <it= 27> <et=1885.51> <Mt= 0.01> <Spt= 4.83> <nCl= 11> <al=0.38> <DB= 2920.3860> <Mlp= 2964.4721> <PB=10000000> 
1 bl.dch (4912)...    RCSP exact solver info for graph G_0 : TT = 4.81702, pt = 0.007648, dt = 4.48102, ct = 0.325825, ndl = 273515', bdl = 19664391', odl = 141355', odf = 4720580', bsi = 1808', cnt = 22506371', bdch = 1175843000', odch = 225705645', lcp = 41037171', #sols = 150
<DWph=0> <it= 28> <et=1890.34> <Mt= 0.01> <Spt= 4.83> <nCl=  4> <al=0.45> <DB= 2957.3413> <Mlp= 2964.4721> <PB=10000000> 
1 bl.dch (4911)...    RCSP exact solver info for graph G_0 : TT = 4.92674, pt = 0.007441, dt = 4.57713, ct = 0.339626, ndl = 274376', bdl = 19719016', odl = 141475', odf = 4730404', bsi = 1809', cnt = 22798799', bdch = 1184019703', odch = 225767595', lcp = 41115377', #sols = 150
1 bl.dch (4790)...    RCSP exact solver info for graph G_0 : TT = 5.03054, pt = 0.007428, dt = 4.6743, ct = 0.346336, ndl = 285936', bdl = 20587335', odl = 150547', odf = 4981552', bsi = 1700', cnt = 23752872', bdch = 1305521285', odch = 234273931', lcp = 42670850', #sols = 150
1 bl.dch (4891)...    RCSP exact solver info for graph G_0 : TT = 4.56288, pt = 0.00643, dt = 4.24634, ct = 0.307641, ndl = 276039', bdl = 19824583', odl = 142306', odf = 4757708', bsi = 1776', cnt = 22696620', bdch = 1197990056', odch = 227574473', lcp = 41519945', #sols = 150
<DWph=0> <it= 29> <et=1904.90> <Mt= 0.01> <Spt=14.55> <nCl= 42> <al=0.00> <DB= 2964.4721> <Mlp= 2964.4721> <PB=10000000> 
RCSP solver dynamic params and stats :  bidir.bord. = 375 aver.obdmd = 98.0984 aver.buck.num. = 101 nbR1C = 177 with avMem = 16.6723
@@ 832 0 2964.47 4.9386 7.34191 92.453 1904.9
    Full reduced cost fixing is not called (gap ratio is 0.999993)
ColGenEvalAlg final dual bound: 2964.47 (rounded: 2965)
Current active cuts : CAP(8,105.022) R1C(28+149,423.924) 1rowPackR1C(28) 3rowPackR1C(67) 4rowPackR1C(47) 5rowPackR1C(35)
14 Rank-1 1-rows pack. cuts added ,  max viol. = 0.140847, aver. viol. = 0.0378345
150 Rank-1 3-rows pack. cuts added ,  max viol. = 0.268505, aver. viol. = 0.150609
Shrinking heuristic shrunk 27 edges
In total 3 RCC cut(s) are found by the Fractional capacity min-cut heuristic 
In total 22 RCC cut(s) are found by the global pool greedy search heuristic 
----- Add fac. cuts : CAP(25) R1C(164), max.viol = 0.271162, aver.viol = 0.13077, sep/add took 0.0660428/0.812319 sec. -----
18852 columns (9390 active), 927 dyn. constrs. (385 active), 1173 art. vars. (627 active)
<DWph=2> <it=  1> <et=1906.33> <Mt= 0.28> <Spt= 0.19> <nCl=  8> <al=0.50> <DB= 2702.5017> <Mlp= 2967.2980> <PB=10000000> 
<DWph=2> <it=  2> <et=1906.82> <Mt= 0.09> <Spt= 0.40> <nCl= 24> <al=0.10> <DB= 2480.1857> <Mlp= 2967.2847> <PB=10000000> 
<DWph=2> <it=  3> <et=1907.14> <Mt= 0.12> <Spt= 0.20> <nCl=  4> <al=0.45> <DB= 2928.2179> <Mlp= 2967.1453> <PB=10000000> 
<DWph=2> <it=  4> <et=1907.38> <Mt= 0.03> <Spt= 0.19> <nCl=  5> <al=0.51> <DB= 2956.8034> <Mlp= 2967.1411> <PB=10000000> 
<DWph=2> <it=  5> <et=1907.59> <Mt= 0.03> <Spt= 0.19> <nCl=  1> <al=0.55> <DB= 2966.3624> <Mlp= 2967.1398> <PB=10000000> 
<DWph=2> <it=  6> <et=1907.81> <Mt= 0.03> <Spt= 0.20> <nCl=  9> <al=0.45> <DB= 2703.1516> <Mlp= 2967.1382> <PB=10000000> 
<DWph=2> <it=  7> <et=1908.07> <Mt= 0.06> <Spt= 0.20> <nCl=  4> <al=0.51> <DB= 2898.1498> <Mlp= 2967.1097> <PB=10000000> 
<DWph=2> <it=  8> <et=1908.31> <Mt= 0.03> <Spt= 0.20> <nCl=  4> <al=0.56> <DB= 2810.6014> <Mlp= 2967.1071> <PB=10000000> 
<DWph=2> <it=  9> <et=1908.55> <Mt= 0.04> <Spt= 0.20> <nCl=  2> <al=0.60> <DB= 2966.6572> <Mlp= 2967.1038> <PB=10000000> 
<DWph=2> <it= 10> <et=1908.79> <Mt= 0.04> <Spt= 0.20> <nCl=  9> <al=0.50> <DB= 2587.9665> <Mlp= 2967.1000> <PB=10000000> 
<DWph=2> <it= 11> <et=1909.04> <Mt= 0.05> <Spt= 0.19> <nCl=  3> <al=0.55> <DB= 2966.8357> <Mlp= 2967.0557> <PB=10000000> 
<DWph=2> <it= 12> <et=1909.25> <Mt= 0.01> <Spt= 0.20> <nCl= 11> <al=0.45> <DB= 2423.1146> <Mlp= 2967.0557> <PB=10000000> 
<DWph=2> <it= 13> <et=1909.70> <Mt= 0.05> <Spt= 0.41> <nCl= 31> <al=0.01> <DB=  976.6295> <Mlp= 2967.0306> <PB=10000000> 
<DWph=2> <it= 14> <et=1910.10> <Mt= 0.01> <Spt= 0.38> <nCl= 30> <al=0.00> <DB= -834.8181> <Mlp= 2967.0306> <PB=10000000> 
<DWph=2> <it= 15> <et=1910.30> <Mt= 0.01> <Spt= 0.20> <nCl=  5> <al=0.31> <DB= 2818.9313> <Mlp= 2967.0306> <PB=10000000> 
<DWph=2> <it= 16> <et=1910.53> <Mt= 0.03> <Spt= 0.19> <nCl=  7> <al=0.38> <DB= 2811.1916> <Mlp= 2967.0143> <PB=10000000> 
<DWph=2> <it= 17> <et=1910.79> <Mt= 0.05> <Spt= 0.21> <nCl= 30> <al=0.44> <DB= 1515.4345> <Mlp= 2966.9923> <PB=10000000> 
<DWph=2> <it= 18> <et=1911.00> <Mt= 0.01> <Spt= 0.20> <nCl=  4> <al=0.49> <DB= 2893.7331> <Mlp= 2966.9923> <PB=10000000> 
<DWph=2> <it= 19> <et=1911.22> <Mt= 0.01> <Spt= 0.21> <nCl=  9> <al=0.39> <DB= 2775.7135> <Mlp= 2966.9923> <PB=10000000> 
<DWph=2> <it= 20> <et=1911.46> <Mt= 0.03> <Spt= 0.20> <nCl=  7> <al=0.29> <DB= 2810.7657> <Mlp= 2966.9774> <PB=10000000> 
<DWph=2> <it= 21> <et=1911.70> <Mt= 0.05> <Spt= 0.20> <nCl=  6> <al=0.37> <DB= 2880.0938> <Mlp= 2966.9596> <PB=10000000> 
<DWph=2> <it= 22> <et=1912.09> <Mt= 0.03> <Spt= 0.36> <nCl= 14> <al=0.00> <DB= 2682.3342> <Mlp= 2966.9592> <PB=10000000> 
<DWph=2> <it= 23> <et=1912.37> <Mt= 0.08> <Spt= 0.20> <nCl=  3> <al=0.17> <DB= 2944.5583> <Mlp= 2966.9565> <PB=10000000> 
<DWph=2> <it= 24> <et=1912.78> <Mt= 0.01> <Spt= 0.39> <nCl=  7> <al=0.00> <DB= 2363.8090> <Mlp= 2966.9565> <PB=10000000> 
<DWph=2> <it= 25> <et=1912.97> <Mt= 0.02> <Spt= 0.18> <nCl=  2> <al=0.00> <DB= 2944.2839> <Mlp= 2966.9565> <PB=10000000> 
<DWph=2> <it= 26> <et=1913.35> <Mt= 0.01> <Spt= 0.37> <nCl=  0> <al=0.00> <DB= 2966.9565> <Mlp= 2966.9565> <PB=10000000> 
<DWph=1> <it= 27> <et=1913.67> <Mt= 0.00> <Spt= 0.32> <nCl=  8> <al=0.00> <DB= 2469.9410> <Mlp= 2966.9565> <PB=10000000> 
<DWph=1> <it= 28> <et=1914.11> <Mt= 0.12> <Spt= 0.31> <nCl= 13> <al=0.00> <DB= 2260.4043> <Mlp= 2966.9365> <PB=10000000> 
<DWph=1> <it= 29> <et=1914.45> <Mt= 0.02> <Spt= 0.33> <nCl=  7> <al=0.07> <DB= 2705.9471> <Mlp= 2966.9365> <PB=10000000> 
<DWph=1> <it= 30> <et=1914.81> <Mt= 0.01> <Spt= 0.33> <nCl=  2> <al=0.16> <DB= 2923.9600> <Mlp= 2966.9361> <PB=10000000> 
<DWph=1> <it= 31> <et=1915.47> <Mt= 0.01> <Spt= 0.66> <nCl=  0> <al=0.00> <DB= 2966.9361> <Mlp= 2966.9361> <PB=10000000> 
1 bl.dch (5156)...    RCSP exact solver info for graph G_0 : TT = 3.87356, pt = 0.006631, dt = 3.58781, ct = 0.277338, ndl = 251214', bdl = 18510152', odl = 139267', odf = 4139685', bsi = 2010', cnt = 22599914', bdch = 1059020113', odch = 148526632', lcp = 29537134', #sols = 150
<DWph=0> <it= 32> <et=1919.42> <Mt= 0.01> <Spt= 3.94> <nCl=150> <al=0.00> <DB= 1987.7656> <Mlp= 2966.9361> <PB=10000000> 
    RCSP exact solver info for graph G_0 : TT = 3.54669, pt = 0.006348, dt = 3.296, ct = 0.242546, ndl = 234897', bdl = 17100909', odl = 131873', odf = 3959443', bsi = 1930', cnt = 14474346', bdch = 902356581', odch = 136587842', lcp = 27139946', #sols = 150
<DWph=0> <it= 33> <et=1923.26> <Mt= 0.23> <Spt= 3.61> <nCl=150> <al=0.00> <DB= 1920.7099> <Mlp= 2966.8033> <PB=10000000> 
    RCSP exact solver info for graph G_0 : TT = 3.41529, pt = 0.007021, dt = 3.17751, ct = 0.228697, ndl = 217741', bdl = 16066080', odl = 129124', odf = 3644036', bsi = 1805', cnt = 12630397', bdch = 806326654', odch = 109663411', lcp = 22321840', #sols = 150
<DWph=0> <it= 34> <et=1926.83> <Mt= 0.09> <Spt= 3.48> <nCl=150> <al=0.07> <DB= 2405.7216> <Mlp= 2966.7469> <PB=10000000> 
    RCSP exact solver info for graph G_0 : TT = 3.41898, pt = 0.007815, dt = 3.2986, ct = 0.110512, ndl = 221367', bdl = 16385780', odl = 131236', odf = 3763279', bsi = 2281', cnt = 1968160', bdch = 831592562', odch = 123394592', lcp = 24203882', #sols = 150
<DWph=0> <it= 35> <et=1930.69> <Mt= 0.33> <Spt= 3.47> <nCl=150> <al=0.16> <DB=   19.7822> <Mlp= 2966.5471> <PB=10000000> 
    RCSP exact solver info for graph G_0 : TT = 3.6558, pt = 0.006652, dt = 3.50757, ct = 0.139359, ndl = 232003', bdl = 17245623', odl = 132966', odf = 3947455', bsi = 2093', cnt = 4361715', bdch = 924777558', odch = 124744789', lcp = 23961627', #sols = 150
<DWph=0> <it= 36> <et=1934.42> <Mt= 0.02> <Spt= 3.72> <nCl=150> <al=0.25> <DB= 1357.2221> <Mlp= 2966.5471> <PB=10000000> 
    RCSP exact solver info for graph G_0 : TT = 5.72669, pt = 0.008974, dt = 5.45669, ct = 0.258199, ndl = 237969', bdl = 17518475', odl = 133499', odf = 4072211', bsi = 1771', cnt = 12753224', bdch = 947939987', odch = 137566934', lcp = 26237565', #sols = 150
<DWph=0> <it= 37> <et=1938.40> <Mt= 0.01> <Spt= 3.96> <nCl=102> <al=0.32> <DB= 2799.8072> <Mlp= 2966.5471> <PB=10000000> 
1 bl.dch (5266)...    RCSP exact solver info for graph G_0 : TT = 4.22344, pt = 0.007201, dt = 3.91889, ct = 0.294757, ndl = 249038', bdl = 17963247', odl = 135923', odf = 4267131', bsi = 1750', cnt = 16631589', bdch = 1027003858', odch = 151697966', lcp = 28516061', #sols = 150
<DWph=0> <it= 38> <et=1943.01> <Mt= 0.36> <Spt= 4.26> <nCl= 44> <al=0.39> <DB= 2832.9870> <Mlp= 2966.4687> <PB=10000000> 
1 bl.dch (5254)...    RCSP exact solver info for graph G_0 : TT = 4.28159, pt = 0.007952, dt = 3.99844, ct = 0.272866, ndl = 251432', bdl = 18118781', odl = 136940', odf = 4328956', bsi = 1814', cnt = 14618885', bdch = 1029993322', odch = 161206716', lcp = 29794828', #sols = 150
<DWph=0> <it= 39> <et=1947.55> <Mt= 0.19> <Spt= 4.34> <nCl=150> <al=0.45> <DB= 1568.4127> <Mlp= 2966.4604> <PB=10000000> 
1 bl.dch (5180)...    RCSP exact solver info for graph G_0 : TT = 4.35167, pt = 0.012474, dt = 4.01454, ct = 0.322095, ndl = 254214', bdl = 18371172', odl = 138421', odf = 4374859', bsi = 1774', cnt = 18703387', bdch = 1057033652', odch = 157110618', lcp = 30926847', #sols = 150
<DWph=0> <it= 40> <et=1951.95> <Mt= 0.03> <Spt= 4.37> <nCl= 20> <al=0.50> <DB= 2678.3697> <Mlp= 2966.4604> <PB=10000000> 
1 bl.dch (5115)...    RCSP exact solver info for graph G_0 : TT = 4.40865, pt = 0.007328, dt = 4.09322, ct = 0.305526, ndl = 256515', bdl = 18522224', odl = 137463', odf = 4408249', bsi = 1737', cnt = 17999704', bdch = 1078843530', odch = 162277379', lcp = 30968168', #sols = 150
1 bl.dch (5116)...    RCSP exact solver info for graph G_0 : TT = 4.48438, pt = 0.007462, dt = 4.15422, ct = 0.32034, ndl = 256742', bdl = 18556770', odl = 138536', odf = 4373602', bsi = 1785', cnt = 20126743', bdch = 1076783196', odch = 166153829', lcp = 32293917', #sols = 150
<DWph=0> <it= 41> <et=1960.95> <Mt= 0.03> <Spt= 8.97> <nCl=152> <al=0.11> <DB= 2191.9286> <Mlp= 2966.4593> <PB=10000000> 
1 bl.dch (5098)...    RCSP exact solver info for graph G_0 : TT = 4.52008, pt = 0.008206, dt = 4.18986, ct = 0.319407, ndl = 257737', bdl = 18616715', odl = 138139', odf = 4406043', bsi = 1765', cnt = 19251864', bdch = 1085650203', odch = 164221252', lcp = 31680636', #sols = 150
<DWph=0> <it= 42> <et=1965.50> <Mt= 0.02> <Spt= 4.54> <nCl= 13> <al=0.45> <DB= 2822.5588> <Mlp= 2966.4593> <PB=10000000> 
1 bl.dch (5095)...    RCSP exact solver info for graph G_0 : TT = 4.5379, pt = 0.008398, dt = 4.20738, ct = 0.319492, ndl = 258882', bdl = 18663663', odl = 138494', odf = 4434848', bsi = 1778', cnt = 19253427', bdch = 1092208721', odch = 166620952', lcp = 32073231', #sols = 150
1 bl.dch (5115)...    RCSP exact solver info for graph G_0 : TT = 6.23952, pt = 0.007916, dt = 5.90021, ct = 0.328688, ndl = 256721', bdl = 18559334', odl = 141068', odf = 4374560', bsi = 1757', cnt = 20413527', bdch = 1076821038', odch = 162994795', lcp = 32183923', #sols = 150
<DWph=0> <it= 43> <et=1974.53> <Mt= 0.02> <Spt= 9.00> <nCl= 30> <al=0.02> <DB= 2907.3617> <Mlp= 2966.4593> <PB=10000000> 
1 bl.dch (5106)...    RCSP exact solver info for graph G_0 : TT = 4.44263, pt = 0.00844, dt = 4.11472, ct = 0.31693, ndl = 257813', bdl = 18606876', odl = 139701', odf = 4399337', bsi = 1767', cnt = 19873541', bdch = 1085280758', odch = 164880334', lcp = 32207133', #sols = 150
1 bl.dch (5182)...    RCSP exact solver info for graph G_0 : TT = 3.98587, pt = 0.006623, dt = 3.68303, ct = 0.293874, ndl = 253763', bdl = 18359147', odl = 140461', odf = 4327899', bsi = 1741', cnt = 19887489', bdch = 1055757246', odch = 159460207', lcp = 31577495', #sols = 150
<DWph=0> <it= 44> <et=1982.99> <Mt= 0.01> <Spt= 8.45> <nCl= 10> <al=0.00> <DB= 2966.4593> <Mlp= 2966.4593> <PB=10000000> 
RCSP solver dynamic params and stats :  bidir.bord. = 375 aver.obdmd = 98.0984 aver.buck.num. = 101 nbR1C = 184 with avMem = 17.1087
@@ 832 1 2966.46 4.30933 6.2289 92.453 1983
    Full reduced cost fixing is not called (gap ratio is 0.999992)
ColGenEvalAlg final dual bound: 2966.46 (rounded: 2967)
False gap improvement since the last cut separation : 0.00670347 (2964.47)
Separator R1C not in maximum phase
Cut generation tailing off counter increased to 0
Current active cuts : CAP(10,79.9819) R1C(30+154,417.001) 1rowPackR1C(30) 3rowPackR1C(78) 4rowPackR1C(44) 5rowPackR1C(32)
6 Rank-1 1-rows pack. cuts added ,  max viol. = 0.0922711, aver. viol. = 0.054009
150 Rank-1 3-rows pack. cuts added ,  max viol. = 0.156612, aver. viol. = 0.0984203
Building structures for heuristic rank-1 packing cut separation...done!
100 Rank-1 4-rows pack. cuts added ,  max viol. = 0.227977, aver. viol. = 0.105729
Shrinking heuristic shrunk 34 edges
In total 1 RCC cut(s) are found by the Fractional capacity min-cut heuristic 
In total 3 RCC cut(s) are found by the global pool greedy search heuristic 
----- Add fac. cuts : CAP(4) R1C(256), max.viol = 0.23808, aver.viol = 0.105308, sep/add took 0.11055/0.787715 sec. -----
19564 columns (7492 active), 1187 dyn. constrs. (468 active), 1433 art. vars. (710 active)
<DWph=2> <it=  1> <et=1984.57> <Mt= 0.22> <Spt= 0.39> <nCl= 14> <al=0.00> <DB= 2744.2845> <Mlp= 2967.4837> <PB=10000000> 
<DWph=2> <it=  2> <et=1984.80> <Mt= 0.03> <Spt= 0.20> <nCl=  4> <al=0.40> <DB= 2814.8701> <Mlp= 2967.4788> <PB=10000000> 
<DWph=2> <it=  3> <et=1985.05> <Mt= 0.04> <Spt= 0.20> <nCl=  3> <al=0.46> <DB= 2965.4335> <Mlp= 2967.4725> <PB=10000000> 
<DWph=2> <it=  4> <et=1985.47> <Mt= 0.01> <Spt= 0.41> <nCl=  3> <al=0.03> <DB= 2871.0373> <Mlp= 2967.4725> <PB=10000000> 
<DWph=2> <it=  5> <et=1985.87> <Mt= 0.02> <Spt= 0.38> <nCl=  3> <al=0.00> <DB= 2967.4712> <Mlp= 2967.4712> <PB=10000000> 
<DWph=1> <it=  6> <et=1986.21> <Mt= 0.01> <Spt= 0.33> <nCl=  9> <al=0.31> <DB= 2902.1204> <Mlp= 2967.4712> <PB=10000000> 
<DWph=1> <it=  7> <et=1986.60> <Mt= 0.06> <Spt= 0.33> <nCl=  5> <al=0.21> <DB= 2757.0606> <Mlp= 2967.4597> <PB=10000000> 
<DWph=1> <it=  8> <et=1986.96> <Mt= 0.02> <Spt= 0.34> <nCl=  3> <al=0.29> <DB= 2902.6070> <Mlp= 2967.4586> <PB=10000000> 
<DWph=1> <it=  9> <et=1987.35> <Mt= 0.03> <Spt= 0.36> <nCl=  2> <al=0.19> <DB= 2852.5261> <Mlp= 2967.4557> <PB=10000000> 
<DWph=1> <it= 10> <et=1988.06> <Mt= 0.01> <Spt= 0.70> <nCl=  1> <al=0.00> <DB= 2967.4557> <Mlp= 2967.4557> <PB=10000000> 
1 bl.dch (4897)...    RCSP exact solver info for graph G_0 : TT = 4.49818, pt = 0.007155, dt = 4.14023, ct = 0.348407, ndl = 271880', bdl = 19620948', odl = 146187', odf = 4661579', bsi = 1829', cnt = 23424763', bdch = 1200753912', odch = 191179123', lcp = 36066941', #sols = 150
<DWph=0> <it= 11> <et=1992.63> <Mt= 0.00> <Spt= 4.56> <nCl=150> <al=0.17> <DB= 2510.7055> <Mlp= 2967.4557> <PB=10000000> 
1 bl.dch (4850)...    RCSP exact solver info for graph G_0 : TT = 4.72685, pt = 0.006703, dt = 4.38297, ct = 0.33447, ndl = 276591', bdl = 20016094', odl = 147472', odf = 4746658', bsi = 1800', cnt = 20383674', bdch = 1249326058', odch = 201669822', lcp = 36902141', #sols = 150
<DWph=0> <it= 12> <et=1997.51> <Mt= 0.12> <Spt= 4.77> <nCl= 76> <al=0.26> <DB= 2835.9755> <Mlp= 2967.3821> <PB=10000000> 
1 bl.dch (4930)...    RCSP exact solver info for graph G_0 : TT = 4.5712, pt = 0.007715, dt = 4.23755, ct = 0.323415, ndl = 267620', bdl = 19335560', odl = 144234', odf = 4612110', bsi = 1754', cnt = 18798883', bdch = 1169802335', odch = 191739347', lcp = 35453587', #sols = 150
<DWph=0> <it= 13> <et=2002.21> <Mt= 0.10> <Spt= 4.59> <nCl= 19> <al=0.33> <DB= 2923.9446> <Mlp= 2967.3521> <PB=10000000> 
1 bl.dch (4969)...    RCSP exact solver info for graph G_0 : TT = 6.28363, pt = 0.007583, dt = 5.94966, ct = 0.32371, ndl = 264381', bdl = 19055939', odl = 142927', odf = 4557313', bsi = 1763', cnt = 18559342', bdch = 1141655433', odch = 190610869', lcp = 35076433', #sols = 150
<DWph=0> <it= 14> <et=2006.73> <Mt= 0.01> <Spt= 4.51> <nCl= 24> <al=0.23> <DB= 2887.1690> <Mlp= 2967.3521> <PB=10000000> 
1 bl.dch (4950)...    RCSP exact solver info for graph G_0 : TT = 4.47696, pt = 0.007979, dt = 4.14453, ct = 0.321954, ndl = 265844', bdl = 19177527', odl = 143452', odf = 4585758', bsi = 1750', cnt = 18726967', bdch = 1154236544', odch = 191424671', lcp = 35320217', #sols = 150
<DWph=0> <it= 15> <et=2011.24> <Mt= 0.03> <Spt= 4.49> <nCl= 11> <al=0.31> <DB= 2943.9282> <Mlp= 2967.3520> <PB=10000000> 
1 bl.dch (4961)...    RCSP exact solver info for graph G_0 : TT = 4.40416, pt = 0.006879, dt = 4.07614, ct = 0.318686, ndl = 265137', bdl = 19140373', odl = 143055', odf = 4569337', bsi = 1744', cnt = 18730740', bdch = 1148013378', odch = 191041813', lcp = 35250699', #sols = 150
1 bl.dch (4983)...    RCSP exact solver info for graph G_0 : TT = 4.2141, pt = 0.006347, dt = 3.90591, ct = 0.29951, ndl = 263158', bdl = 19002787', odl = 142665', odf = 4534841', bsi = 1756', cnt = 18462696', bdch = 1131473808', odch = 186617526', lcp = 34586503', #sols = 150
<DWph=0> <it= 16> <et=2019.89> <Mt= 0.00> <Spt= 8.64> <nCl= 19> <al=0.00> <DB= 2961.8272> <Mlp= 2967.3520> <PB=10000000> 
1 bl.dch (5011)...    RCSP exact solver info for graph G_0 : TT = 4.27013, pt = 0.006203, dt = 3.96295, ct = 0.298142, ndl = 262389', bdl = 18963099', odl = 142214', odf = 4526583', bsi = 1744', cnt = 18272273', bdch = 1125977397', odch = 185519760', lcp = 34345083', #sols = 150
1 bl.dch (4980)...    RCSP exact solver info for graph G_0 : TT = 4.27185, pt = 0.006293, dt = 3.96778, ct = 0.295571, ndl = 263727', bdl = 19041769', odl = 142271', odf = 4545507', bsi = 1778', cnt = 18453626', bdch = 1134680067', odch = 188858531', lcp = 34831237', #sols = 150
<DWph=0> <it= 17> <et=2028.47> <Mt= 0.01> <Spt= 8.56> <nCl= 14> <al=0.00> <DB= 2966.8168> <Mlp= 2967.3520> <PB=10000000> 
1 bl.dch (4980)...    RCSP exact solver info for graph G_0 : TT = 4.30733, pt = 0.006748, dt = 3.99609, ct = 0.302227, ndl = 263688', bdl = 19038249', odl = 142257', odf = 4545023', bsi = 1780', cnt = 18453442', bdch = 1134462283', odch = 188767834', lcp = 34819471', #sols = 150
1 bl.dch (4980)...    RCSP exact solver info for graph G_0 : TT = 6.06701, pt = 0.006252, dt = 5.7624, ct = 0.296038, ndl = 263733', bdl = 19041567', odl = 142277', odf = 4546025', bsi = 1775', cnt = 18454419', bdch = 1134686017', odch = 188839780', lcp = 34829100', #sols = 150
<DWph=0> <it= 18> <et=2037.07> <Mt= 0.01> <Spt= 8.60> <nCl=  1> <al=0.00> <DB= 2967.3520> <Mlp= 2967.3520> <PB=10000000> 
RCSP solver dynamic params and stats :  bidir.bord. = 375 aver.obdmd = 98.0984 aver.buck.num. = 101 nbR1C = 189 with avMem = 16.6931
@@ 832 2 2967.35 4.72621 6.27337 92.453 2037.07
    Full reduced cost fixing is not called (gap ratio is 0.999992)
ColGenEvalAlg final dual bound: 2967.35 (rounded: 2968)
False gap improvement since the last cut separation : 0.00300936 (2966.46)
Separator R1C not in maximum phase
Cut generation tailing off counter increased to 0
Current active cuts : CAP(10,113.357) R1C(34+155,405.765) 1rowPackR1C(34) 3rowPackR1C(75) 4rowPackR1C(56) 5rowPackR1C(24)
3 Rank-1 1-rows pack. cuts added ,  max viol. = 0.0826878, aver. viol. = 0.0504749
150 Rank-1 3-rows pack. cuts added ,  max viol. = 0.178034, aver. viol. = 0.0895606
Building structures for heuristic rank-1 packing cut separation...done!
100 Rank-1 4-rows pack. cuts added ,  max viol. = 0.289528, aver. viol. = 0.0626253
100 Rank-1 5-rows pack. cuts added ,  max viol. = 0.340213, aver. viol. = 0.167176
Shrinking heuristic shrunk 26 edges
In total 1 RCC cut(s) are found by the Fractional capacity min-cut heuristic 
In total 1 RCC cut(s) are found by the global pool greedy search heuristic 
----- Add fac. cuts : CAP(2) R1C(353), max.viol = 0.340213, aver.viol = 0.107074, sep/add took 0.809394/1.05592 sec. -----
19925 columns (7853 active), 1382 dyn. constrs. (568 active), 1788 art. vars. (810 active)
<DWph=2> <it=  1> <et=2039.55> <Mt= 0.26> <Spt= 0.21> <nCl=  5> <al=0.50> <DB= 2943.2604> <Mlp= 2968.5157> <PB=10000000> 
<DWph=2> <it=  2> <et=2040.09> <Mt= 0.13> <Spt= 0.41> <nCl=  8> <al=0.10> <DB= 2921.8106> <Mlp= 2968.4564> <PB=10000000> 
<DWph=2> <it=  3> <et=2040.34> <Mt= 0.05> <Spt= 0.21> <nCl=  2> <al=0.45> <DB= 2968.1797> <Mlp= 2968.4503> <PB=10000000> 
<DWph=2> <it=  4> <et=2040.76> <Mt= 0.01> <Spt= 0.40> <nCl= 12> <al=0.00> <DB= 2688.4467> <Mlp= 2968.4503> <PB=10000000> 
<DWph=2> <it=  5> <et=2041.20> <Mt= 0.03> <Spt= 0.40> <nCl=  2> <al=0.00> <DB= 2968.4491> <Mlp= 2968.4491> <PB=10000000> 
<DWph=1> <it=  6> <et=2041.55> <Mt= 0.01> <Spt= 0.36> <nCl=  9> <al=0.15> <DB= 2873.6041> <Mlp= 2968.4491> <PB=10000000> 
<DWph=1> <it=  7> <et=2041.96> <Mt= 0.05> <Spt= 0.36> <nCl=  8> <al=0.24> <DB= 2909.3226> <Mlp= 2968.4301> <PB=10000000> 
<DWph=1> <it=  8> <et=2042.71> <Mt= 0.04> <Spt= 0.70> <nCl=  2> <al=0.00> <DB= 2968.4266> <Mlp= 2968.4266> <PB=10000000> 
1 bl.dch (4734)...    RCSP exact solver info for graph G_0 : TT = 4.90297, pt = 0.007055, dt = 4.52098, ct = 0.3723, ndl = 291555', bdl = 21184094', odl = 157108', odf = 4938839', bsi = 1903', cnt = 24718781', bdch = 1397441345', odch = 190209475', lcp = 37650200', #sols = 150
<DWph=0> <it=  9> <et=2047.70> <Mt= 0.00> <Spt= 4.99> <nCl=150> <al=0.21> <DB= 2636.0052> <Mlp= 2968.4266> <PB=10000000> 
1 bl.dch (4748)...    RCSP exact solver info for graph G_0 : TT = 5.29477, pt = 0.007142, dt = 4.8794, ct = 0.4058, ndl = 290962', bdl = 20998255', odl = 155561', odf = 4956588', bsi = 1880', cnt = 23458837', bdch = 1385529545', odch = 198524641', lcp = 38436195', #sols = 150
<DWph=0> <it= 10> <et=2053.28> <Mt= 0.23> <Spt= 5.34> <nCl= 84> <al=0.29> <DB= 2873.6226> <Mlp= 2968.2386> <PB=10000000> 
1 bl.dch (4775)...    RCSP exact solver info for graph G_0 : TT = 5.20473, pt = 0.007808, dt = 4.80415, ct = 0.390153, ndl = 287956', bdl = 20711922', odl = 152424', odf = 4911359', bsi = 1857', cnt = 22793153', bdch = 1346121742', odch = 201835287', lcp = 38398870', #sols = 150
<DWph=0> <it= 11> <et=2058.55> <Mt= 0.05> <Spt= 5.23> <nCl= 19> <al=0.36> <DB= 2833.0309> <Mlp= 2968.2280> <PB=10000000> 
1 bl.dch (4772)...    RCSP exact solver info for graph G_0 : TT = 5.27031, pt = 0.007615, dt = 4.859, ct = 0.401146, ndl = 288449', bdl = 20740601', odl = 152744', odf = 4920933', bsi = 1837', cnt = 22794591', bdch = 1350293890', odch = 202011370', lcp = 38426428', #sols = 150
1 bl.dch (4802)...    RCSP exact solver info for graph G_0 : TT = 6.69974, pt = 0.007846, dt = 6.31422, ct = 0.375137, ndl = 283768', bdl = 20369299', odl = 150460', odf = 4847238', bsi = 1842', cnt = 22782975', bdch = 1303804182', odch = 201273522', lcp = 37945232', #sols = 150
<DWph=0> <it= 12> <et=2068.80> <Mt= 0.01> <Spt=10.23> <nCl= 21> <al=0.00> <DB= 2848.4936> <Mlp= 2968.2279> <PB=10000000> 
1 bl.dch (4782)...    RCSP exact solver info for graph G_0 : TT = 5.31326, pt = 0.007784, dt = 4.89838, ct = 0.404431, ndl = 286881', bdl = 20585886', odl = 152631', odf = 4907377', bsi = 1857', cnt = 22831042', bdch = 1335845952', odch = 203432266', lcp = 38513991', #sols = 150
1 bl.dch (4784)...    RCSP exact solver info for graph G_0 : TT = 4.83822, pt = 0.007281, dt = 4.46992, ct = 0.358559, ndl = 286291', bdl = 20538349', odl = 152317', odf = 4895286', bsi = 1825', cnt = 23063167', bdch = 1329288016', odch = 203441484', lcp = 38534986', #sols = 150
<DWph=0> <it= 13> <et=2079.01> <Mt= 0.04> <Spt=10.17> <nCl=  5> <al=0.00> <DB= 2968.2272> <Mlp= 2968.2272> <PB=10000000> 
RCSP solver dynamic params and stats :  bidir.bord. = 375 aver.obdmd = 98.0984 aver.buck.num. = 101 nbR1C = 204 with avMem = 17.5
@@ 832 3 2968.23 5.35051 6.68935 92.453 2079.01
    Full reduced cost fixing is not called (gap ratio is 0.999992)
ColGenEvalAlg final dual bound: 2968.23 (rounded: 2969)
False gap improvement since the last cut separation : 0.0029494 (2967.35)
Cut generation tailing off counter increased to 1
Current active cuts : CAP(10,159.145) R1C(33+171,406.18) 1rowPackR1C(33) 3rowPackR1C(79) 4rowPackR1C(66) 5rowPackR1C(26)
6 Rank-1 1-rows pack. cuts added ,  max viol. = 0.0388455, aver. viol. = 0.0320305
150 Rank-1 3-rows pack. cuts added ,  max viol. = 0.123037, aver. viol. = 0.0556047
Building structures for heuristic rank-1 packing cut separation...done!
100 Rank-1 4-rows pack. cuts added ,  max viol. = 0.133019, aver. viol. = 0.047257
100 Rank-1 5-rows pack. cuts added ,  max viol. = 0.149958, aver. viol. = 0.0870938
Shrinking heuristic shrunk 24 edges
In total 1 RCC cut(s) are found by the Fractional capacity min-cut heuristic 
In total 2 RCC cut(s) are found by the greedy construction heuristic 
In total 8 RCC cut(s) are found by the global pool greedy search heuristic 
----- Add fac. cuts : CAP(11) R1C(356), max.viol = 0.204411, aver.viol = 0.0673655, sep/add took 0.801649/1.0973 sec. -----
20252 columns (8180 active), 1512 dyn. constrs. (593 active), 2155 art. vars. (835 active)
<DWph=2> <it=  1> <et=2081.61> <Mt= 0.36> <Spt= 0.23> <nCl=  6> <al=0.50> <DB= 2910.2528> <Mlp= 2969.4703> <PB=10000000> 
<DWph=2> <it=  2> <et=2082.19> <Mt= 0.36> <Spt= 0.22> <nCl=  2> <al=0.55> <DB= 2968.7171> <Mlp= 2969.3158> <PB=10000000> 
<DWph=2> <it=  3> <et=2082.47> <Mt= 0.06> <Spt= 0.22> <nCl= 10> <al=0.45> <DB= 2935.2712> <Mlp= 2969.3112> <PB=10000000> 
<DWph=2> <it=  4> <et=2082.74> <Mt= 0.05> <Spt= 0.21> <nCl=  1> <al=0.51> <DB= 2963.6037> <Mlp= 2969.3089> <PB=10000000> 
<DWph=2> <it=  5> <et=2083.23> <Mt= 0.06> <Spt= 0.44> <nCl=  4> <al=0.11> <DB= 2943.1327> <Mlp= 2969.3071> <PB=10000000> 
<DWph=2> <it=  6> <et=2083.52> <Mt= 0.06> <Spt= 0.22> <nCl=  1> <al=0.45> <DB= 2969.1561> <Mlp= 2969.3028> <PB=10000000> 
<DWph=2> <it=  7> <et=2083.78> <Mt= 0.04> <Spt= 0.22> <nCl=  5> <al=0.35> <DB= 2886.3105> <Mlp= 2969.3025> <PB=10000000> 
<DWph=2> <it=  8> <et=2084.27> <Mt= 0.07> <Spt= 0.43> <nCl=  8> <al=0.00> <DB= 2968.0969> <Mlp= 2969.2953> <PB=10000000> 
<DWph=2> <it=  9> <et=2084.70> <Mt= 0.02> <Spt= 0.40> <nCl=  0> <al=0.00> <DB= 2969.2953> <Mlp= 2969.2953> <PB=10000000> 
<DWph=1> <it= 10> <et=2085.06> <Mt= 0.00> <Spt= 0.35> <nCl= 15> <al=0.22> <DB= 2715.6168> <Mlp= 2969.2953> <PB=10000000> 
<DWph=1> <it= 11> <et=2085.46> <Mt= 0.05> <Spt= 0.36> <nCl=  4> <al=0.30> <DB= 2968.4048> <Mlp= 2969.2896> <PB=10000000> 
<DWph=1> <it= 12> <et=2086.20> <Mt= 0.02> <Spt= 0.71> <nCl=  0> <al=0.00> <DB= 2969.2896> <Mlp= 2969.2896> <PB=10000000> 
1 bl.dch (4553)...    RCSP exact solver info for graph G_0 : TT = 6.28888, pt = 0.007185, dt = 5.70121, ct = 0.578053, ndl = 328051', bdl = 23178194', odl = 169608', odf = 5629223', bsi = 1878', cnt = 36117335', bdch = 1692423640', odch = 273322300', lcp = 55004908', #sols = 150
<DWph=0> <it= 13> <et=2092.58> <Mt= 0.01> <Spt= 6.37> <nCl=150> <al=0.27> <DB= 2321.9669> <Mlp= 2969.2896> <PB=10000000> 
1 bl.dch (4529)...    RCSP exact solver info for graph G_0 : TT = 8.69567, pt = 0.008891, dt = 8.09591, ct = 0.588403, ndl = 335228', bdl = 23805072', odl = 171044', odf = 5765537', bsi = 1894', cnt = 32213851', bdch = 1762224476', odch = 268610854', lcp = 53545827', #sols = 150
<DWph=0> <it= 14> <et=2100.17> <Mt= 0.69> <Spt= 6.91> <nCl=124> <al=0.17> <DB= 2656.4867> <Mlp= 2969.0494> <PB=10000000> 
1 bl.dch (4508)...    RCSP exact solver info for graph G_0 : TT = 7.10733, pt = 0.009251, dt = 6.50882, ct = 0.586514, ndl = 337756', bdl = 24040471', odl = 169245', odf = 5806752', bsi = 1885', cnt = 31297032', bdch = 1789987960', odch = 283505512', lcp = 55328946', #sols = 150
<DWph=0> <it= 15> <et=2107.73> <Mt= 0.41> <Spt= 7.14> <nCl= 44> <al=0.25> <DB= 2820.5694> <Mlp= 2969.0223> <PB=10000000> 
1 bl.dch (4490)...    RCSP exact solver info for graph G_0 : TT = 6.97139, pt = 0.009633, dt = 6.35933, ct = 0.599722, ndl = 341245', bdl = 24292591', odl = 170639', odf = 5877766', bsi = 1826', cnt = 31063982', bdch = 1831892955', odch = 292080015', lcp = 56777188', #sols = 150
<DWph=0> <it= 16> <et=2114.96> <Mt= 0.23> <Spt= 7.01> <nCl= 40> <al=0.33> <DB= 2858.6769> <Mlp= 2969.0204> <PB=10000000> 
1 bl.dch (4498)...    RCSP exact solver info for graph G_0 : TT = 7.2555, pt = 0.00943, dt = 6.654, ct = 0.589427, ndl = 341399', bdl = 24257778', odl = 170550', odf = 5879534', bsi = 1838', cnt = 31609920', bdch = 1826919899', odch = 291607691', lcp = 56936197', #sols = 150
<DWph=0> <it= 17> <et=2122.28> <Mt= 0.04> <Spt= 7.27> <nCl= 14> <al=0.39> <DB= 2858.6307> <Mlp= 2969.0198> <PB=10000000> 
1 bl.dch (4498)...    RCSP exact solver info for graph G_0 : TT = 7.31012, pt = 0.008888, dt = 6.70512, ct = 0.593357, ndl = 340609', bdl = 24215924', odl = 170486', odf = 5872117', bsi = 1821', cnt = 30998712', bdch = 1818476258', odch = 290883740', lcp = 56762828', #sols = 150
1 bl.dch (4501)...    RCSP exact solver info for graph G_0 : TT = 8.68208, pt = 0.008347, dt = 8.14169, ct = 0.529464, ndl = 339445', bdl = 24131521', odl = 170422', odf = 5853616', bsi = 1783', cnt = 30693734', bdch = 1806045637', odch = 288863557', lcp = 56509669', #sols = 150
<DWph=0> <it= 18> <et=2136.45> <Mt= 0.03> <Spt=14.14> <nCl= 16> <al=0.00> <DB= 2843.3808> <Mlp= 2969.0198> <PB=10000000> 
1 bl.dch (4498)...    RCSP exact solver info for graph G_0 : TT = 7.2881, pt = 0.009519, dt = 6.70201, ct = 0.573845, ndl = 341333', bdl = 24242008', odl = 170752', odf = 5888051', bsi = 1824', cnt = 31042215', bdch = 1825931913', odch = 293601698', lcp = 57156567', #sols = 150
1 bl.dch (4498)...    RCSP exact solver info for graph G_0 : TT = 6.56173, pt = 0.008143, dt = 6.05371, ct = 0.497015, ndl = 340663', bdl = 24219749', odl = 170620', odf = 5872322', bsi = 1800', cnt = 30935934', bdch = 1819213793', odch = 293801232', lcp = 57140763', #sols = 150
<DWph=0> <it= 19> <et=2150.34> <Mt= 0.01> <Spt=13.87> <nCl=  8> <al=0.00> <DB= 2969.0198> <Mlp= 2969.0198> <PB=10000000> 
RCSP solver dynamic params and stats :  bidir.bord. = 375 aver.obdmd = 98.0984 aver.buck.num. = 101 nbR1C = 232 with avMem = 17.4914
@@ 832 4 2969.02 7.33973 8.68431 92.453 2150.34
    Full reduced cost fixing is not called (gap ratio is 0.999992)
ColGenEvalAlg final dual bound: 2969.02 (rounded: 2970)
False gap improvement since the last cut separation : 0.00267008 (2968.23)
Cut generation tailing off counter increased to 2
Current active cuts : CAP(9,97.9084) R1C(36+196,417.528) 1rowPackR1C(36) 3rowPackR1C(84) 4rowPackR1C(77) 5rowPackR1C(35)
102 Rank-1 3-rows pack. cuts added ,  max viol. = 0.0720136, aver. viol. = 0.0358845
Building structures for heuristic rank-1 packing cut separation...done!
100 Rank-1 4-rows pack. cuts added ,  max viol. = 0.106958, aver. viol. = 0.0513597
100 Rank-1 5-rows pack. cuts added ,  max viol. = 0.144504, aver. viol. = 0.086654
Shrinking heuristic shrunk 33 edges
In total 2 RCC cut(s) are found by the greedy construction heuristic 
In total 5 RCC cut(s) are found by the global pool greedy search heuristic 
----- Add fac. cuts : CAP(7) R1C(302), max.viol = 0.196217, aver.viol = 0.0594652, sep/add took 0.83947/1.0567 sec. -----
20704 columns (8632 active), 1491 dyn. constrs. (563 active), 2464 art. vars. (805 active)
<DWph=2> <it=  1> <et=2153.10> <Mt= 0.32> <Spt= 0.43> <nCl= 11> <al=0.00> <DB= 2849.6930> <Mlp= 2969.8211> <PB=10000000> 
<DWph=2> <it=  2> <et=2153.59> <Mt= 0.06> <Spt= 0.43> <nCl=  3> <al=0.00> <DB= 2966.9425> <Mlp= 2969.8132> <PB=10000000> 
<DWph=2> <it=  3> <et=2154.01> <Mt= 0.01> <Spt= 0.41> <nCl=  1> <al=0.00> <DB= 2969.8132> <Mlp= 2969.8132> <PB=10000000> 
<DWph=1> <it=  4> <et=2154.39> <Mt= 0.00> <Spt= 0.37> <nCl= 10> <al=0.20> <DB= 2861.6292> <Mlp= 2969.8132> <PB=10000000> 
<DWph=1> <it=  5> <et=2154.87> <Mt= 0.08> <Spt= 0.39> <nCl=  3> <al=0.28> <DB= 2849.8010> <Mlp= 2969.7963> <PB=10000000> 
<DWph=1> <it=  6> <et=2155.68> <Mt= 0.05> <Spt= 0.77> <nCl=  3> <al=0.00> <DB= 2969.7909> <Mlp= 2969.7909> <PB=10000000> 
1 bl.dch (4386)...2 bl.dch (5254)...    RCSP exact solver info for graph G_0 : TT = 7.65449, pt = 0.008358, dt = 6.99404, ct = 0.649466, ndl = 367330', bdl = 25864819', odl = 181041', odf = 6406094', bsi = 1867', cnt = 39912540', bdch = 2068595044', odch = 346882490', lcp = 68558633', #sols = 150
<DWph=0> <it=  7> <et=2163.43> <Mt= 0.01> <Spt= 7.74> <nCl=150> <al=0.25> <DB= 2730.0166> <Mlp= 2969.7909> <PB=10000000> 
1 bl.dch (4435)...    RCSP exact solver info for graph G_0 : TT = 7.6051, pt = 0.008821, dt = 6.98291, ct = 0.610692, ndl = 356539', bdl = 25175567', odl = 179346', odf = 6218115', bsi = 1854', cnt = 34314034', bdch = 1977814947', odch = 321063731', lcp = 63811449', #sols = 150
<DWph=0> <it=  8> <et=2171.30> <Mt= 0.23> <Spt= 7.64> <nCl= 28> <al=0.33> <DB= 2891.3465> <Mlp= 2969.6629> <PB=10000000> 
1 bl.dch (4447)...    RCSP exact solver info for graph G_0 : TT = 7.17702, pt = 0.009498, dt = 6.58759, ct = 0.577388, ndl = 353856', bdl = 24951921', odl = 176823', odf = 6154249', bsi = 1802', cnt = 35281039', bdch = 1941933585', odch = 318959398', lcp = 62580390', #sols = 150
<DWph=0> <it=  9> <et=2178.55> <Mt= 0.06> <Spt= 7.19> <nCl= 10> <al=0.23> <DB= 2952.9131> <Mlp= 2969.6597> <PB=10000000> 
1 bl.dch (4447)...    RCSP exact solver info for graph G_0 : TT = 7.21238, pt = 0.008874, dt = 6.61397, ct = 0.586946, ndl = 353851', bdl = 24972406', odl = 176402', odf = 6157745', bsi = 1802', cnt = 35045673', bdch = 1940117758', odch = 318817631', lcp = 62498921', #sols = 150
<DWph=0> <it= 10> <et=2185.80> <Mt= 0.02> <Spt= 7.22> <nCl=  5> <al=0.30> <DB= 2963.2524> <Mlp= 2969.6594> <PB=10000000> 
1 bl.dch (4450)...    RCSP exact solver info for graph G_0 : TT = 7.4132, pt = 0.009377, dt = 6.79673, ct = 0.604386, ndl = 353414', bdl = 24935231', odl = 175739', odf = 6153508', bsi = 1797', cnt = 34878000', bdch = 1934785239', odch = 317591989', lcp = 62265353', #sols = 150
<DWph=0> <it= 11> <et=2193.24> <Mt= 0.02> <Spt= 7.42> <nCl=  4> <al=0.37> <DB= 2967.2650> <Mlp= 2969.6594> <PB=10000000> 
1 bl.dch (4447)...    RCSP exact solver info for graph G_0 : TT = 9.73323, pt = 0.009153, dt = 9.09114, ct = 0.629685, ndl = 353951', bdl = 24984803', odl = 175842', odf = 6163403', bsi = 1777', cnt = 35035545', bdch = 1938657237', odch = 320025675', lcp = 62699254', #sols = 150
<DWph=0> <it= 12> <et=2200.97> <Mt= 0.01> <Spt= 7.73> <nCl=  3> <al=0.27> <DB= 2969.0040> <Mlp= 2969.6594> <PB=10000000> 
1 bl.dch (4447)...    RCSP exact solver info for graph G_0 : TT = 7.30908, pt = 0.009333, dt = 6.73636, ct = 0.560803, ndl = 353607', bdl = 24972799', odl = 175604', odf = 6153496', bsi = 1813', cnt = 34909501', bdch = 1934477073', odch = 318723414', lcp = 62455214', #sols = 150
1 bl.dch (4445)...    RCSP exact solver info for graph G_0 : TT = 6.88759, pt = 0.008166, dt = 6.31927, ct = 0.557425, ndl = 354801', bdl = 25019906', odl = 175836', odf = 6173182', bsi = 1764', cnt = 35480740', bdch = 1946177986', odch = 321439987', lcp = 62954765', #sols = 150
<DWph=0> <it= 13> <et=2215.21> <Mt= 0.01> <Spt=14.22> <nCl=  5> <al=0.00> <DB= 2969.6594> <Mlp= 2969.6594> <PB=10000000> 
RCSP solver dynamic params and stats :  bidir.bord. = 375 aver.obdmd = 98.0984 aver.buck.num. = 101 nbR1C = 243 with avMem = 17.6584
@@ 832 5 2969.66 7.61235 9.72083 92.453 2215.21
    Full reduced cost fixing is not called (gap ratio is 0.999992)
ColGenEvalAlg final dual bound: 2969.66 (rounded: 2970)
False gap improvement since the last cut separation : 0.00215421 (2969.02)
----- Cut generation is stopped due to tailing off -----
Current active cuts : CAP(1+8,111.061) R1C(35+208,425.811) 1rowPackR1C(35) 3rowPackR1C(81) 4rowPackR1C(84) 5rowPackR1C(43)
**** SB phase 3 evaluation of candidate 1, branch 2 ( Psi[4,5] >= 1 ), value = 2957.95
<DWph=2> <it=  1> <et=2217.09> <Mt= 0.79> <Spt= 0.44> <nCl=  3> <al=0.00> <DB= 2957.9482> <Mlp= 2957.9482> <PB=10000000> 
<DWph=1> <it=  2> <et=2217.49> <Mt= 0.00> <Spt= 0.39> <nCl=  2> <al=0.40> <DB= 2686.0917> <Mlp= 2957.9482> <PB=10000000> 
<DWph=1> <it=  3> <et=2217.89> <Mt= 0.02> <Spt= 0.39> <nCl=  4> <al=0.46> <DB= 2832.8942> <Mlp= 2957.9482> <PB=10000000> 
<DWph=1> <it=  4> <et=2218.69> <Mt= 0.00> <Spt= 0.79> <nCl=  2> <al=0.00> <DB= 2945.2310> <Mlp= 2957.9482> <PB=10000000> 
<DWph=1> <it=  5> <et=2219.54> <Mt= 0.01> <Spt= 0.83> <nCl=  0> <al=0.00> <DB= 2957.9482> <Mlp= 2957.9482> <PB=10000000> 
1 bl.dch (4252)...2 bl.dch (4814)...    RCSP exact solver info for graph G_0 : TT = 12.3114, pt = 0.008979, dt = 11.1567, ct = 1.14311, ndl = 419780', bdl = 28582444', odl = 185515', odf = 7395745', bsi = 1956', cnt = 69478874', bdch = 2611176770', odch = 634189991', lcp = 97621822', #sols = 150
<DWph=0> <it=  6> <et=2229.76> <Mt= 0.01> <Spt=10.22> <nCl= 61> <al=0.16> <DB= 2676.0866> <Mlp= 2957.9482> <PB=10000000> 
1 bl.dch (4253)...2 bl.dch (4815)...    RCSP exact solver info for graph G_0 : TT = 10.2209, pt = 0.009585, dt = 9.24758, ct = 0.961258, ndl = 419417', bdl = 28669054', odl = 181578', odf = 7384722', bsi = 1998', cnt = 65719408', bdch = 2566373028', odch = 633853164', lcp = 98378893', #sols = 150
<DWph=0> <it=  7> <et=2240.18> <Mt= 0.15> <Spt=10.27> <nCl=140> <al=0.06> <DB= 2327.7221> <Mlp= 2957.9366> <PB=10000000> 
1 bl.dch (4242)...2 bl.dch (4802)...    RCSP exact solver info for graph G_0 : TT = 9.65425, pt = 0.008262, dt = 8.65431, ct = 0.98915, ndl = 424094', bdl = 28951558', odl = 183789', odf = 7463796', bsi = 1933', cnt = 65376163', bdch = 2637690628', odch = 633070796', lcp = 98024114', #sols = 150
<DWph=0> <it=  8> <et=2249.88> <Mt= 0.03> <Spt= 9.66> <nCl=  7> <al=0.15> <DB= 2829.2636> <Mlp= 2957.9364> <PB=10000000> 
1 bl.dch (4243)...2 bl.dch (4807)...    RCSP exact solver info for graph G_0 : TT = 10.2333, pt = 0.008265, dt = 9.16291, ct = 1.0595, ndl = 423797', bdl = 28897841', odl = 183115', odf = 7468857', bsi = 1963', cnt = 66515781', bdch = 2623624816', odch = 634305672', lcp = 98107677', #sols = 150
<DWph=0> <it=  9> <et=2260.14> <Mt= 0.02> <Spt=10.25> <nCl= 12> <al=0.24> <DB= 2927.2351> <Mlp= 2957.9364> <PB=10000000> 
1 bl.dch (4244)...2 bl.dch (4814)...    RCSP exact solver info for graph G_0 : TT = 12.528, pt = 0.009691, dt = 11.5252, ct = 0.990285, ndl = 422331', bdl = 28833302', odl = 182436', odf = 7442181', bsi = 1970', cnt = 65459823', bdch = 2603878844', odch = 627959422', lcp = 97109609', #sols = 150
<DWph=0> <it= 10> <et=2270.56> <Mt= 0.01> <Spt=10.41> <nCl= 16> <al=0.14> <DB= 2816.8152> <Mlp= 2957.9364> <PB=10000000> 
1 bl.dch (4253)...2 bl.dch (4814)...    RCSP exact solver info for graph G_0 : TT = 9.60202, pt = 0.009483, dt = 8.56475, ct = 1.02519, ndl = 420530', bdl = 28687319', odl = 182876', odf = 7417907', bsi = 1986', cnt = 66598867', bdch = 2582774754', odch = 624885725', lcp = 96695327', #sols = 150
1 bl.dch (4253)...2 bl.dch (4815)...    RCSP exact solver info for graph G_0 : TT = 9.86979, pt = 0.008777, dt = 8.7817, ct = 1.07649, ndl = 419598', bdl = 28630685', odl = 182327', odf = 7401446', bsi = 1994', cnt = 66927610', bdch = 2568826539', odch = 625878696', lcp = 96641519', #sols = 150
<DWph=0> <it= 11> <et=2290.07> <Mt= 0.01> <Spt=19.49> <nCl= 10> <al=0.00> <DB= 2956.7973> <Mlp= 2957.9364> <PB=10000000> 
1 bl.dch (4253)...2 bl.dch (4815)...    RCSP exact solver info for graph G_0 : TT = 12.6942, pt = 0.009162, dt = 11.5944, ct = 1.08809, ndl = 419660', bdl = 28639420', odl = 182316', odf = 7401081', bsi = 1983', cnt = 67060964', bdch = 2570717755', odch = 625291034', lcp = 96586053', #sols = 150
1 bl.dch (4253)...2 bl.dch (4815)...    RCSP exact solver info for graph G_0 : TT = 9.81683, pt = 0.009172, dt = 8.79911, ct = 1.00612, ndl = 419771', bdl = 28641980', odl = 182297', odf = 7403472', bsi = 1996', cnt = 66984928', bdch = 2571591410', odch = 626094448', lcp = 96746176', #sols = 150
<DWph=0> <it= 12> <et=2310.48> <Mt= 0.01> <Spt=20.40> <nCl=  3> <al=0.00> <DB= 2957.9364> <Mlp= 2957.9364> <PB=10000000> 
RCSP solver dynamic params and stats :  bidir.bord. = 375 aver.obdmd = 98.0984 aver.buck.num. = 101 nbR1C = 251 with avMem = 17.7331
@@ 833 0 2957.94 10.7584 12.6825 92.453 2310.48
    Full reduced cost fixing is not called (gap ratio is 0.999993)
ColGenEvalAlg final dual bound: 2957.94 (rounded: 2958)
Current active cuts : CAP(6,301.872) R1C(31+220,484.46) 1rowPackR1C(31) 3rowPackR1C(87) 4rowPackR1C(68) 5rowPackR1C(65)
1 Rank-1 1-rows pack. cuts added ,  max viol. = 0.0320296, aver. viol. = 0.0320296
49 Rank-1 3-rows pack. cuts added ,  max viol. = 0.108483, aver. viol. = 0.0432883
Building structures for heuristic rank-1 packing cut separation...done!
39 Rank-1 4-rows pack. cuts added ,  max viol. = 0.122163, aver. viol. = 0.0375354
100 Rank-1 5-rows pack. cuts added ,  max viol. = 0.12349, aver. viol. = 0.0748362
Shrinking heuristic shrunk 29 edges
In total 1 RCC cut(s) are found by the global pool greedy search heuristic 
----- Add fac. cuts : CAP(1) R1C(189), max.viol = 0.142189, aver.viol = 0.0763243, sep/add took 0.771506/0.566438 sec. -----
20469 columns (7978 active), 1061 dyn. constrs. (464 active), 1303 art. vars. (706 active)
Shrinking heuristic shrunk 111 edges
<DWph=2> <it=  1> <et=2311.92> <Mt= 0.04> <Spt= 0.00> <nCl=  0> <al=0.50> <DB= 2957.9364> <Mlp= 2958.0000> <PB=2958> 
ColGenEvalAlg final dual bound: 2957.94 (rounded: 2958)
Gap improvement since the last cut separation : 1 (2957.94)
----- Cut generation stopped by the pricing solver
Current active cuts : CAP(6,300.708) R1C(31+235,484.438) 1rowPackR1C(31) 3rowPackR1C(95) 4rowPackR1C(72) 5rowPackR1C(68)
SB exact phase 3 branch on Psi[4,5] (lhs=0.912928) : [2969.6594, 2958], tree depth = 1e+12, tree size = 1e+12, score = -0.3678 (h)
SB with phases chosed candidate Psi[4,5] (lhs=0.912928)
New model incumbent solution 2958, TIME = 0h38m31s98t = 231198
************************************************************************************************
Search is finished, global bounds : [ 2958 , 2958 ], TIME = 0h38m31s99t = 231199
************************************************************************************************
[32mBaPCod : solution defined.[00m
statistics_cols: instance & :Optimal & cutoff & :bcRecRootDb & :bcTimeRootEval & :bcCountNodeProc & :bcRecBestDb & :bcRecBestInc & :bcTimeMain \\
statistics: instance_30-triangle & 1 & 1.0e7 & 2949.00 & 132.29 & 9 & 2958.00 & 2958 & 2311.99 \\
########################################################
Route #1: 4 34 41 2 111 32 38 6 36 93 80 60 119 110 102 
Route #2: 16 112 49 31 88 90 64 104 11 3 13 115 37 70 5 28 68 
Route #3: 22 82 72 114 58 44 10 69 47 87 99 106 27 40 30 
Route #4: 33 85 65 100 117 15 8 14 42 53 57 43 29 79 52 94 
Route #5: 46 101 73 12 105 7 95 97 23 1 18 116 113 
Route #6: 54 86 83 45 9 50 24 75 67 21 98 25 89 84 48 109 
Route #7: 55 17 26 76 71 120 74 35 92 63 19 81 
Route #8: 96 62 118 91 77 61 59 51 39 103 66 56 78 20 108 
Route #9: 107 
Cost 2958
########################################################

end_time=2026-04-19 23:59:58
exit_code=0
