instance_file=/mnt/c/Users/porin/OneDrive/Documentos/Python-Mestrado/Modelagem Matemática/Programação Inteira - Uchoa/Problema VRPRDL/instancias_turco/VRPRDL-triangle/vrp_convertidos/instance_37-triangle.vrp
instance_name=instance_37-triangle
start_time=2026-04-20 01:13:31

  Activating project at `~/VRPSolver/VRPSolverDemos`
Application parameters:
  batch  =>  nothing
  instance  =>  "/mnt/c/Users/porin/OneDrive/Documentos/Python-Mestrado/Modelagem Matemática/Programação Inteira - Uchoa/Problema VRPRDL/instancias_turco/VRPRDL-triangle/vrp_convertidos/instance_37-triangle.vrp"
  noround  =>  false
  cfg  =>  "/home/poringman/VRPSolver/VRPSolverDemos/src/../config/CVRP.cfg"
  edge_cuts  =>  false
  out  =>  nothing
  ub  =>  1.0e7
  cluster_branching  =>  1.0
  sol  =>  nothing
  single_resource  =>  false
  strong_kpath_cuts  =>  false
  tikz  =>  nothing
  maxr  =>  999
  update  =>  false
  show_complete_form  =>  false
  nosolve  =>  false
  minr  =>  1
  low_edge_priority  =>  false
~~~~~~~~~~~~~~~~~~~~~~~~~~~~~~~~~~~~~~~~~~~~~~~~~~~~~~~~~~~~~~~~~~~~~~~~~~~~~~~~~~~~~
GIT VERSION RCSP: 
GIT BRANCH: 
~~~~~~~~~~~~~~~~~~~~~~~~~~~~~~~~~~~~~~~~~~~~~~~~~~~~~~~~~~~~~~~~~~~~~~~~~~~~~~~~~~~~~
VRPSolver v0.6.16, 10/11/2025, © Inria Bordeaux, France, vrpsolver.math.u-bordeaux.fr
      Corresponds to the solver by Pessoa, Sadykov, Uchoa and Vanderbeck (2020)
                 Paper: dx.doi.org/10.1007/s10107-020-01523-z
~~~~~~~~~~~~~~~~~~~~~~~~~~~~~~~~~~~~~~~~~~~~~~~~~~~~~~~~~~~~~~~~~~~~~~~~~~~~~~~~~~~~~
GIT VERSION BAPCOD: a7cb21f19424236c9d0da5dcf94961797a519470
GIT BRANCH: main
~~~~~~~~~~~~~~~~~~~~~~~~~~~~~~~~~~~~~~~~~~~~~~~~~~~~~~~~~~~~~~~~~~~~~~~~~~~~~~~~~~~~~
   BaPCod v0.84, 10/11/2025, © Inria Bordeaux, France, bapcod.math.u-bordeaux.fr 
           THIS CODE IS PROVIDED AS IS, USE IT AT YOUR OWN RISK
~~~~~~~~~~~~~~~~~~~~~~~~~~~~~~~~~~~~~~~~~~~~~~~~~~~~~~~~~~~~~~~~~~~~~~~~~~~~~~~~~~~~~
--- MAIN PARAMETERS ---
GlobalTimeLimitInTick = 2147483645
GlobalTimeLimit = 21474836
ClockType = 0
MaxNbOfBBtreeNodeTreated = 100000
optimalityGapTolerance = 1e-06
relOptimalityGapTolerance = 1e-09
ApplyPreprocessing = false
PreprocessVariablesLocalBounds = false
treeSearchStrategy = 1
OpenNodesLimit = 1000
DEFAULTPRINTLEVEL = 0
--- MIP SOLVER PARAMETERS ---
solverName = CPLEX_SOLVER
MipSolverMaxBBNodes = 2000000
MipSolverMaxTime = 360000
MipSolverMultiThread = 1
--- COLUMN GENERATION PARAMETERS ---
SolverSelectForMast = a
  colGenSubProbSolMode = customSolver
mastInitMode = localArtCol
ArtVarPenaltyUpdateFactor = 2
ArtVarMaxNbOfPenaltyUpdates = 5
MaxNbOfStagesInColGenProcedure = 3
GenerateProperColumns = false
InsertAllGeneratedColumnsInFormRatherThanInPool = true
InsertNewNonNegColumnsDirectlyInFormRatherThanInPool = true
ColumnCleanupThreshold = 10000
ColumnCleanupRatio = 0.66
ReducedCostFixingThreshold = 0.9
--- CUT GENERATION PARAMETERS ---
MasterCuttingPlanesDepthLimit = 1000
MaxNbOfCutGeneratedAtEachIter = 1000
CutTailingOffThreshold = 0.015
CutTailingOffCounterThreshold = 3
CutCleanupThreshold = 1
CutCleanupRatio = 0.66
ColGenSpRelaxationImprovementPriority = 0
--- STABILIZATION PARAMETERS ---
colGenDualPriceSmoothingAlphaFactor = 1
colGenDualPriceSmoothingBetaFactor = 0
colGenStabilizationFunctionType = none
colGenProximalStabilizationRule = undefined
StabilFuncKappa = 1
colGenStabilizationMaxTreeDepth = 10000
StabilizationMinPhaseOfStage = 0
--- PRIMAL HEURISTIC PARAMETERS ---
UseInitialPrimalHeur = false
MaxTimeForRestrictedMasterIpHeur = -1
CallFrequencyOfRestrictedMasterIpHeur = 5
MIPemphasisInRestrictedMasterIpHeur = 1
PolishingAfterTimeInRestrictedMasterIpHeur = -1
DivingHeurUseDepthLimit = -1
CallFrequencyOfDivingHeur = 1
LeastFractional
Closest2RoundUp
LeastGreedyCost
LeastCost
FixIntValBeforeRoundingHeur = true
MaxNbOfCgIteDuringRh = 5000
MaxLDSbreadth = 0
MaxLDSdepth = 0
DivingHeurStopsWithFirstFeasSol = false
DivingHeurPreprocessBeforeChoosingVar = false
StrongDivingCandidatesNumber = 1
EvalAlgParamsInDiving = max#cand. = 1 max#cg.iters = 10000 min.lvl.sp.restr. = 1 min#cut.rounds = 0 max#cut.rounds = 0 red.cost.fix&enum. = false tree.size.ratio = 1
LocalSearchHeurUseDepthLimit = -1
LeastFractional
Closest2RoundUp
LeastGreedyCost
LeastCost
MaxFactorOfColFixedByLocalSearchHeur = 0.8
MaxLocalSearchIterationCounter = 3
--- STRONG BRANCHING PARAMETERS ---
SimplifiedStrongBranchingParameterisation = true
StrongBranchingPhaseOneCandidatesNumber = 100
StrongBranchingPhaseOneTreeSizeEstimRatio = 0.2
StrongBranchingPhaseTwoCandidatesNumber = 3
StrongBranchingPhaseTwoTreeSizeEstimRatio = 0.02
SafeDualBoundScaleFactor = -1
StrongBranchingPhaseOne = max#cand. = 100 max#cg.iters = 0 min.lvl.sp.restr. = 0 min#cut.rounds = 0 max#cut.rounds = 0 red.cost.fix&enum. = false tree.size.ratio = 0.2
StrongBranchingPhaseTwo = max#cand. = 3 max#cg.iters = 10000 min.lvl.sp.restr. = 1 min#cut.rounds = 0 max#cut.rounds = 0 red.cost.fix&enum. = false tree.size.ratio = 0.02
StrongBranchingPhaseThree = max#cand. = 1 max#cg.iters = 10000 min.lvl.sp.restr. = 0 min#cut.rounds = 0 max#cut.rounds = 10000 red.cost.fix&enum. = true tree.size.ratio = 1
StrongBranchingPhaseFour =not active
--- DEBUG OUTPUT PARAMETERS ---
printMasterPrimalSols = 0
--- VRPSOLVER PARAMETERS ---
RCSPstopCutGenTimeThresholdInPricing = 10
RCSPhardTimeThresholdInPricing = 25
RCSPredCostFixingTimeThreshold = 100
RCSPnumberOfBucketsPerVertex = 25
RCSPdynamicBucketSteps = 1
RCSPuseBidirectionalSearch = 2
RCSPapplyReducedCostFixing = 1
RCSPmaxNumOfColsPerIteration = 30
RCSPmaxNumOfColsPerExactIteration = 150
RCSPmaxNumOfLabelsInEnumeration = 500000
RCSPmaxNumOfLabelsInHeurEnumeration = 0
RCSPmaxNumOfEnumeratedSolutions = 5000000
RCSPmaxNumOfEnumSolutionsForMIP = 10000
RCSPmaxNumOfEnumSolsForEndOfNodeMIP = 10000
RCSPinitNGneighbourhoodSize = 8
RCSPmaxNGneighbourhoodSize = 8
RCSPrankOneCutsMaxNumRows = 5
RCSPrankOneCutsMaxNumPerRound = 100
RCSPrankOneCutsMemoryType = 0
RCSPrankOneCutsLSnumIterations = 1000
RCSPallowRoutesWithSameVerticesSet = true
RCSPredCostFixingFalseGap = 0
SafeDualBoundScaleFactor = -1
RCSPmaxNumOfLabelsInHeurEnumeration = 0
MaxNumEnumSolsInRestrictedMasterIpHeur = 5000

prName & bcTimeMain \\ 
New model incumbent solution 1e+07, TIME = 0h0m0s40t = 40
RCSP solver info : size of non-robust cut bitmask in a label is 640 bits
Bucket steps were recalculated for graph G_0 : [30]
RCSP solver info : symmetric case is detected for graph G_0! 
Bidirectional border value is initialised to 375
RCSP solver info : number of forw. reachable buckets / buck. strongly connected components is 3128( 98.6129% ) / 1653( 52.8453% )
RCSP solver info: std. label size is 56, ext. label size is 136
Generating neighbourhoods for rank-1 cuts separation
Building structures for 4- and 5-row rank-1 packing cut separation...done!
Model is built TIME = 0h0m0s45t = 45
************************************************************************************************
**** BaB tree root node
**** Local DB = -1e+12, global bounds : [ -1e+12 , 1e+07 ], TIME = 0h0m0s45t = 45
**** 1 open nodes, 0 columns (0 active), 0 dyn. constrs. (0 active), 242 art. vars. (242 active)
************************************************************************************************
--------------------------------------------------------------------------
BaPCod info : first we run the root node with rank-1 cuts with node memory
--------------------------------------------------------------------------
#<DWph=2> <it=  1> <et=0.46> <Mt= 0.00> <Spt= 0.00> <nCl= 30> <al=0.00> <DB=-152639784480.0000> <Mlp=2976000000.0000> <PB=10000000> 
#<DWph=2> <it=  2> <et=0.47> <Mt= 0.00> <Spt= 0.01> <nCl= 30> <al=0.55> <DB=-106574389903.1999> <Mlp=2922260944.0000> <PB=10000000> 
#<DWph=2> <it=  3> <et=0.48> <Mt= 0.00> <Spt= 0.01> <nCl= 30> <al=0.45> <DB=-105523269978.4960> <Mlp=2903717894.6147> <PB=10000000> 
#<DWph=2> <it=  4> <et=0.49> <Mt= 0.00> <Spt= 0.01> <nCl= 30> <al=0.35> <DB=-88617943228.7756> <Mlp=2891947936.0256> <PB=10000000> 
#<DWph=2> <it=  5> <et=0.50> <Mt= 0.00> <Spt= 0.01> <nCl= 30> <al=0.25> <DB=-79233200376.0290> <Mlp=2875855725.6086> <PB=10000000> 
#<DWph=2> <it=  6> <et=0.51> <Mt= 0.00> <Spt= 0.01> <nCl= 30> <al=0.33> <DB=-70401008122.3572> <Mlp=2838239887.2899> <PB=10000000> 
#<DWph=2> <it=  7> <et=0.52> <Mt= 0.00> <Spt= 0.01> <nCl= 30> <al=0.39> <DB=-74423301031.0294> <Mlp=2630126743.1446> <PB=10000000> 
#<DWph=2> <it=  8> <et=0.53> <Mt= 0.00> <Spt= 0.01> <nCl= 30> <al=0.45> <DB=-71423521337.9688> <Mlp=2630126743.1446> <PB=10000000> 
#<DWph=2> <it=  9> <et=0.54> <Mt= 0.00> <Spt= 0.01> <nCl= 30> <al=0.51> <DB=-66507439943.3235> <Mlp=2559453431.8903> <PB=10000000> 
#<DWph=2> <it= 10> <et=0.54> <Mt= 0.00> <Spt= 0.00> <nCl= 30> <al=0.56> <DB=-66607532007.7514> <Mlp=2482194475.2048> <PB=10000000> 
#<DWph=2> <it= 11> <et=0.55> <Mt= 0.00> <Spt= 0.01> <nCl= 30> <al=0.60> <DB=-60940595133.8985> <Mlp=2449004463.7617> <PB=10000000> 
#<DWph=2> <it= 12> <et=0.56> <Mt= 0.00> <Spt= 0.01> <nCl= 30> <al=0.50> <DB=-62856293550.3873> <Mlp=2422585776.8065> <PB=10000000> 
#<DWph=2> <it= 13> <et=0.57> <Mt= 0.00> <Spt= 0.01> <nCl= 30> <al=0.55> <DB=-62572922394.7611> <Mlp=2386781998.3107> <PB=10000000> 
#<DWph=2> <it= 14> <et=0.58> <Mt= 0.00> <Spt= 0.01> <nCl= 30> <al=0.60> <DB=-50959795440.7022> <Mlp=2362678099.7529> <PB=10000000> 
#<DWph=2> <it= 15> <et=0.59> <Mt= 0.00> <Spt= 0.00> <nCl= 30> <al=0.64> <DB=-48688122077.0179> <Mlp=2353337618.5978> <PB=10000000> 
#<DWph=2> <it= 16> <et=0.59> <Mt= 0.00> <Spt= 0.01> <nCl= 30> <al=0.67> <DB=-50042896714.9039> <Mlp=2321686528.5926> <PB=10000000> 
#<DWph=2> <it= 17> <et=0.60> <Mt= 0.00> <Spt= 0.01> <nCl= 30> <al=0.71> <DB=-46766066822.8259> <Mlp=2255889779.8673> <PB=10000000> 
#<DWph=2> <it= 18> <et=0.61> <Mt= 0.00> <Spt= 0.01> <nCl= 30> <al=0.61> <DB=-50554215919.8114> <Mlp=2176832214.0268> <PB=10000000> 
#<DWph=2> <it= 19> <et=0.62> <Mt= 0.00> <Spt= 0.01> <nCl= 30> <al=0.65> <DB=-50218643817.5920> <Mlp=2142243091.0469> <PB=10000000> 
#<DWph=2> <it= 20> <et=0.63> <Mt= 0.00> <Spt= 0.01> <nCl= 30> <al=0.68> <DB=-47889042558.6309> <Mlp=2108833244.7897> <PB=10000000> 
#<DWph=2> <it= 21> <et=0.64> <Mt= 0.00> <Spt= 0.00> <nCl= 30> <al=0.71> <DB=-50195173650.3766> <Mlp=2063110714.6396> <PB=10000000> 
#<DWph=2> <it= 22> <et=0.65> <Mt= 0.00> <Spt= 0.01> <nCl= 30> <al=0.61> <DB=-47770194096.1049> <Mlp=1990229456.0904> <PB=10000000> 
#<DWph=2> <it= 23> <et=0.66> <Mt= 0.01> <Spt= 0.01> <nCl= 30> <al=0.65> <DB=-46902767203.1853> <Mlp=1940893700.7058> <PB=10000000> 
#<DWph=2> <it= 24> <et=0.67> <Mt= 0.00> <Spt= 0.01> <nCl= 30> <al=0.69> <DB=-48045554167.6476> <Mlp=1928745989.0533> <PB=10000000> 
#<DWph=2> <it= 25> <et=0.68> <Mt= 0.00> <Spt= 0.01> <nCl= 30> <al=0.59> <DB=-41340409952.9592> <Mlp=1841668864.3783> <PB=10000000> 
#<DWph=2> <it= 26> <et=0.69> <Mt= 0.00> <Spt= 0.01> <nCl= 30> <al=0.63> <DB=-47543313865.5622> <Mlp=1835764488.3355> <PB=10000000> 
#<DWph=2> <it= 27> <et=0.70> <Mt= 0.00> <Spt= 0.01> <nCl= 30> <al=0.66> <DB=-44602885398.8125> <Mlp=1766417513.5681> <PB=10000000> 
#<DWph=2> <it= 28> <et=0.71> <Mt= 0.00> <Spt= 0.01> <nCl= 30> <al=0.70> <DB=-43116998965.1236> <Mlp=1713890211.2874> <PB=10000000> 
#<DWph=2> <it= 29> <et=0.72> <Mt= 0.00> <Spt= 0.01> <nCl= 30> <al=0.60> <DB=-44244118563.2019> <Mlp=1670895138.6297> <PB=10000000> 
#<DWph=2> <it= 30> <et=0.74> <Mt= 0.00> <Spt= 0.01> <nCl= 30> <al=0.64> <DB=-42144935098.5224> <Mlp=1583434164.8008> <PB=10000000> 
#<DWph=2> <it= 31> <et=0.75> <Mt= 0.00> <Spt= 0.01> <nCl= 30> <al=0.54> <DB=-44556140542.4965> <Mlp=1486832314.9514> <PB=10000000> 
#<DWph=2> <it= 32> <et=0.76> <Mt= 0.00> <Spt= 0.01> <nCl= 30> <al=0.58> <DB=-43299582359.6958> <Mlp=1450247178.1894> <PB=10000000> 
#<DWph=2> <it= 33> <et=0.77> <Mt= 0.01> <Spt= 0.01> <nCl= 30> <al=0.48> <DB=-44960166064.2805> <Mlp=1419417097.1997> <PB=10000000> 
#<DWph=2> <it= 34> <et=0.78> <Mt= 0.00> <Spt= 0.01> <nCl= 30> <al=0.54> <DB=-44491131665.8481> <Mlp=1394349802.2098> <PB=10000000> 
#<DWph=2> <it= 35> <et=0.79> <Mt= 0.00> <Spt= 0.01> <nCl= 30> <al=0.58> <DB=-42792607917.7462> <Mlp=1366590956.2861> <PB=10000000> 
#<DWph=2> <it= 36> <et=0.80> <Mt= 0.00> <Spt= 0.01> <nCl= 30> <al=0.62> <DB=-42528308328.3479> <Mlp=1345416779.3096> <PB=10000000> 
#<DWph=2> <it= 37> <et=0.81> <Mt= 0.00> <Spt= 0.01> <nCl= 30> <al=0.52> <DB=-40560926018.0307> <Mlp=1330930479.6151> <PB=10000000> 
#<DWph=2> <it= 38> <et=0.82> <Mt= 0.00> <Spt= 0.01> <nCl= 30> <al=0.57> <DB=-40925287732.0148> <Mlp=1313541122.2647> <PB=10000000> 
#<DWph=2> <it= 39> <et=0.83> <Mt= 0.00> <Spt= 0.00> <nCl= 30> <al=0.61> <DB=-37657679351.8908> <Mlp=1267332983.0861> <PB=10000000> 
#<DWph=2> <it= 40> <et=0.84> <Mt= 0.01> <Spt= 0.01> <nCl= 30> <al=0.65> <DB=-38664364343.4242> <Mlp=1209116361.5062> <PB=10000000> 
#<DWph=2> <it= 41> <et=0.85> <Mt= 0.00> <Spt= 0.01> <nCl= 30> <al=0.55> <DB=-37777790256.2991> <Mlp=1000265883.5801> <PB=10000000> 
#<DWph=2> <it= 42> <et=0.87> <Mt= 0.00> <Spt= 0.01> <nCl= 30> <al=0.60> <DB=-37640814347.0626> <Mlp=890033707.6070> <PB=10000000> 
#<DWph=2> <it= 43> <et=0.88> <Mt= 0.00> <Spt= 0.01> <nCl= 30> <al=0.64> <DB=-35713889075.6105> <Mlp=804862681.7198> <PB=10000000> 
#<DWph=2> <it= 44> <et=0.89> <Mt= 0.01> <Spt= 0.01> <nCl= 30> <al=0.67> <DB=-35367531852.9707> <Mlp=651434237.3075> <PB=10000000> 
#<DWph=2> <it= 45> <et=0.90> <Mt= 0.00> <Spt= 0.00> <nCl= 30> <al=0.71> <DB=-35455150170.9444> <Mlp=562905990.4759> <PB=10000000> 
#<DWph=2> <it= 46> <et=0.91> <Mt= 0.00> <Spt= 0.01> <nCl= 30> <al=0.74> <DB=-34898253006.4166> <Mlp=499521644.5571> <PB=10000000> 
#<DWph=2> <it= 47> <et=0.92> <Mt= 0.01> <Spt= 0.01> <nCl= 30> <al=0.76> <DB=-35252508049.0182> <Mlp=431319387.8571> <PB=10000000> 
#<DWph=2> <it= 48> <et=0.93> <Mt= 0.00> <Spt= 0.01> <nCl= 30> <al=0.79> <DB=-34632724974.3647> <Mlp=403770032.1888> <PB=10000000> 
#<DWph=2> <it= 49> <et=0.94> <Mt= 0.00> <Spt= 0.00> <nCl= 30> <al=0.81> <DB=-34755568455.7336> <Mlp=366118714.4096> <PB=10000000> 
#<DWph=2> <it= 50> <et=0.95> <Mt= 0.01> <Spt= 0.01> <nCl= 30> <al=0.83> <DB=-32965609406.8702> <Mlp=338845793.8747> <PB=10000000> 
#<DWph=2> <it= 51> <et=0.96> <Mt= 0.00> <Spt= 0.01> <nCl= 30> <al=0.73> <DB=-32633709323.7015> <Mlp=310501889.9615> <PB=10000000> 
#<DWph=2> <it= 52> <et=0.98> <Mt= 0.00> <Spt= 0.01> <nCl= 30> <al=0.75> <DB=-32358441004.6523> <Mlp=280705597.5732> <PB=10000000> 
#<DWph=2> <it= 53> <et=0.99> <Mt= 0.01> <Spt= 0.00> <nCl= 30> <al=0.78> <DB=-31651728707.1920> <Mlp=242053675.4166> <PB=10000000> 
#<DWph=2> <it= 54> <et=1.00> <Mt= 0.00> <Spt= 0.01> <nCl= 30> <al=0.80> <DB=-30122729393.5519> <Mlp=213643513.0330> <PB=10000000> 
#<DWph=2> <it= 55> <et=1.02> <Mt= 0.01> <Spt= 0.01> <nCl= 30> <al=0.70> <DB=-28885425564.1494> <Mlp=163667122.5947> <PB=10000000> 
#<DWph=2> <it= 56> <et=1.03> <Mt= 0.00> <Spt= 0.01> <nCl= 30> <al=0.60> <DB=-26543997846.3863> <Mlp=96269521.4012> <PB=10000000> 
#<DWph=2> <it= 57> <et=1.04> <Mt= 0.01> <Spt= 0.01> <nCl= 30> <al=0.64> <DB=-23202484465.9560> <Mlp=66170191.1667> <PB=10000000> 
#<DWph=2> <it= 58> <et=1.06> <Mt= 0.00> <Spt= 0.01> <nCl= 30> <al=0.68> <DB=-19194098364.8039> <Mlp=19839801.0161> <PB=10000000> 
#<DWph=2> <it= 59> <et=1.07> <Mt= 0.01> <Spt= 0.01> <nCl= 30> <al=0.58> <DB=-10969698370.4667> <Mlp=4667634.5040> <PB=10000000> 
#<DWph=2> <it= 60> <et=1.09> <Mt= 0.01> <Spt= 0.01> <nCl= 30> <al=0.48> <DB=-4548361212.1459> <Mlp=4411656.5395> <PB=10000000> 
#<DWph=2> <it= 61> <et=1.11> <Mt= 0.00> <Spt= 0.01> <nCl= 30> <al=0.38> <DB=-1050237090.5346> <Mlp=3876440.2067> <PB=10000000> 
#<DWph=2> <it= 62> <et=1.11> <Mt= 0.00> <Spt= 0.00> <nCl= 30> <al=0.28> <DB=-87443039.8097> <Mlp=3762121.5067> <PB=10000000> 
<DWph=2> <it= 63> <et=1.14> <Mt= 0.02> <Spt= 0.02> <nCl= 30> <al=0.00> <DB=-589651.6721> <Mlp=10008.7769> <PB=10000000> 
<DWph=2> <it= 64> <et=1.15> <Mt= 0.00> <Spt= 0.01> <nCl= 30> <al=0.25> <DB=-458841.1341> <Mlp= 9808.4961> <PB=10000000> 
<DWph=2> <it= 65> <et=1.17> <Mt= 0.01> <Spt= 0.01> <nCl= 30> <al=0.32> <DB=-305336.9126> <Mlp= 9564.0033> <PB=10000000> 
<DWph=2> <it= 66> <et=1.18> <Mt= 0.00> <Spt= 0.01> <nCl= 30> <al=0.22> <DB=-365041.0524> <Mlp= 9430.0249> <PB=10000000> 
<DWph=2> <it= 67> <et=1.20> <Mt= 0.00> <Spt= 0.01> <nCl= 30> <al=0.30> <DB=-325925.8647> <Mlp= 9348.6822> <PB=10000000> 
<DWph=2> <it= 68> <et=1.21> <Mt= 0.01> <Spt= 0.01> <nCl= 30> <al=0.37> <DB=-283995.9806> <Mlp= 9258.2068> <PB=10000000> 
<DWph=2> <it= 69> <et=1.22> <Mt= 0.00> <Spt= 0.01> <nCl= 30> <al=0.43> <DB=-264573.7293> <Mlp= 9080.9674> <PB=10000000> 
<DWph=2> <it= 70> <et=1.24> <Mt= 0.00> <Spt= 0.01> <nCl= 30> <al=0.49> <DB=-298169.6686> <Mlp= 8815.7332> <PB=10000000> 
<DWph=2> <it= 71> <et=1.25> <Mt= 0.01> <Spt= 0.01> <nCl= 30> <al=0.54> <DB=-224905.7795> <Mlp= 8780.7984> <PB=10000000> 
<DWph=2> <it= 72> <et=1.26> <Mt= 0.00> <Spt= 0.01> <nCl= 30> <al=0.59> <DB=-227182.3932> <Mlp= 8647.3564> <PB=10000000> 
<DWph=2> <it= 73> <et=1.28> <Mt= 0.01> <Spt= 0.01> <nCl= 30> <al=0.63> <DB=-213880.7386> <Mlp= 8450.4518> <PB=10000000> 
<DWph=2> <it= 74> <et=1.30> <Mt= 0.00> <Spt= 0.01> <nCl= 30> <al=0.67> <DB=-223238.6923> <Mlp= 8141.4384> <PB=10000000> 
<DWph=2> <it= 75> <et=1.31> <Mt= 0.01> <Spt= 0.00> <nCl= 30> <al=0.70> <DB=-179616.4995> <Mlp= 7926.2489> <PB=10000000> 
<DWph=2> <it= 76> <et=1.32> <Mt= 0.00> <Spt= 0.01> <nCl= 30> <al=0.60> <DB=-211556.7336> <Mlp= 7812.7955> <PB=10000000> 
<DWph=2> <it= 77> <et=1.34> <Mt= 0.01> <Spt= 0.01> <nCl= 30> <al=0.64> <DB=-176836.7457> <Mlp= 7339.4052> <PB=10000000> 
<DWph=2> <it= 78> <et=1.35> <Mt= 0.00> <Spt= 0.01> <nCl= 30> <al=0.68> <DB=-172059.4012> <Mlp= 7185.6294> <PB=10000000> 
<DWph=2> <it= 79> <et=1.37> <Mt= 0.01> <Spt= 0.01> <nCl= 30> <al=0.71> <DB=-171033.4809> <Mlp= 7075.5076> <PB=10000000> 
<DWph=2> <it= 80> <et=1.38> <Mt= 0.00> <Spt= 0.01> <nCl= 30> <al=0.74> <DB=-159278.4429> <Mlp= 6938.0255> <PB=10000000> 
<DWph=2> <it= 81> <et=1.39> <Mt= 0.00> <Spt= 0.01> <nCl= 30> <al=0.76> <DB=-139374.6320> <Mlp= 6890.3426> <PB=10000000> 
<DWph=2> <it= 82> <et=1.41> <Mt= 0.01> <Spt= 0.01> <nCl= 30> <al=0.79> <DB=-128440.0142> <Mlp= 6614.8236> <PB=10000000> 
<DWph=2> <it= 83> <et=1.43> <Mt= 0.01> <Spt= 0.01> <nCl= 30> <al=0.81> <DB=-124270.7483> <Mlp= 6487.3377> <PB=10000000> 
<DWph=2> <it= 84> <et=1.44> <Mt= 0.00> <Spt= 0.01> <nCl= 30> <al=0.83> <DB=-116872.9055> <Mlp= 6338.4104> <PB=10000000> 
<DWph=2> <it= 85> <et=1.46> <Mt= 0.01> <Spt= 0.01> <nCl= 30> <al=0.84> <DB=-111842.6858> <Mlp= 6172.0828> <PB=10000000> 
<DWph=2> <it= 86> <et=1.47> <Mt= 0.00> <Spt= 0.01> <nCl= 30> <al=0.86> <DB=-103795.0335> <Mlp= 6029.5007> <PB=10000000> 
<DWph=2> <it= 87> <et=1.49> <Mt= 0.01> <Spt= 0.01> <nCl= 30> <al=0.76> <DB=-103706.0791> <Mlp= 5875.4369> <PB=10000000> 
<DWph=2> <it= 88> <et=1.50> <Mt= 0.01> <Spt= 0.01> <nCl= 30> <al=0.78> <DB=-104560.7555> <Mlp= 5699.2944> <PB=10000000> 
<DWph=2> <it= 89> <et=1.52> <Mt= 0.00> <Spt= 0.01> <nCl= 30> <al=0.81> <DB=-91338.7977> <Mlp= 5545.8886> <PB=10000000> 
<DWph=2> <it= 90> <et=1.54> <Mt= 0.01> <Spt= 0.01> <nCl= 30> <al=0.71> <DB=-89385.4638> <Mlp= 5389.9473> <PB=10000000> 
<DWph=2> <it= 91> <et=1.55> <Mt= 0.00> <Spt= 0.01> <nCl= 30> <al=0.74> <DB=-90732.9241> <Mlp= 5318.1831> <PB=10000000> 
<DWph=2> <it= 92> <et=1.57> <Mt= 0.01> <Spt= 0.01> <nCl= 30> <al=0.76> <DB=-81654.6172> <Mlp= 5196.9793> <PB=10000000> 
<DWph=2> <it= 93> <et=1.58> <Mt= 0.00> <Spt= 0.01> <nCl= 30> <al=0.66> <DB=-93731.3901> <Mlp= 5100.8509> <PB=10000000> 
<DWph=2> <it= 94> <et=1.59> <Mt= 0.01> <Spt= 0.00> <nCl= 30> <al=0.70> <DB=-90617.8014> <Mlp= 5068.2671> <PB=10000000> 
<DWph=2> <it= 95> <et=1.61> <Mt= 0.00> <Spt= 0.01> <nCl= 30> <al=0.73> <DB=-75446.7750> <Mlp= 4981.9618> <PB=10000000> 
<DWph=2> <it= 96> <et=1.62> <Mt= 0.01> <Spt= 0.01> <nCl= 30> <al=0.75> <DB=-75417.3710> <Mlp= 4840.8505> <PB=10000000> 
<DWph=2> <it= 97> <et=1.64> <Mt= 0.00> <Spt= 0.01> <nCl= 30> <al=0.78> <DB=-74528.2213> <Mlp= 4764.2275> <PB=10000000> 
<DWph=2> <it= 98> <et=1.65> <Mt= 0.01> <Spt= 0.01> <nCl= 30> <al=0.80> <DB=-64654.2066> <Mlp= 4704.9569> <PB=10000000> 
<DWph=2> <it= 99> <et=1.67> <Mt= 0.00> <Spt= 0.01> <nCl= 30> <al=0.82> <DB=-61632.7670> <Mlp= 4679.9710> <PB=10000000> 
<DWph=2> <it=100> <et=1.68> <Mt= 0.01> <Spt= 0.01> <nCl= 30> <al=0.84> <DB=-58321.2508> <Mlp= 4619.9566> <PB=10000000> 
<DWph=2> <it=101> <et=1.70> <Mt= 0.01> <Spt= 0.01> <nCl= 30> <al=0.74> <DB=-52678.0316> <Mlp= 4522.0315> <PB=10000000> 
<DWph=2> <it=102> <et=1.71> <Mt= 0.00> <Spt= 0.01> <nCl= 30> <al=0.76> <DB=-47899.8965> <Mlp= 4474.5388> <PB=10000000> 
<DWph=2> <it=103> <et=1.73> <Mt= 0.01> <Spt= 0.01> <nCl= 30> <al=0.79> <DB=-45467.2297> <Mlp= 4436.9511> <PB=10000000> 
<DWph=2> <it=104> <et=1.74> <Mt= 0.00> <Spt= 0.01> <nCl= 30> <al=0.81> <DB=-46135.8156> <Mlp= 4349.2384> <PB=10000000> 
<DWph=2> <it=105> <et=1.76> <Mt= 0.01> <Spt= 0.01> <nCl= 30> <al=0.83> <DB=-43676.3792> <Mlp= 4211.5870> <PB=10000000> 
<DWph=2> <it=106> <et=1.78> <Mt= 0.01> <Spt= 0.01> <nCl= 30> <al=0.85> <DB=-41964.4307> <Mlp= 4134.8534> <PB=10000000> 
<DWph=2> <it=107> <et=1.79> <Mt= 0.00> <Spt= 0.01> <nCl= 30> <al=0.86> <DB=-38082.6530> <Mlp= 4045.8728> <PB=10000000> 
<DWph=2> <it=108> <et=1.81> <Mt= 0.01> <Spt= 0.00> <nCl= 30> <al=0.87> <DB=-34450.7013> <Mlp= 3988.3798> <PB=10000000> 
<DWph=2> <it=109> <et=1.83> <Mt= 0.01> <Spt= 0.01> <nCl= 30> <al=0.77> <DB=-30157.7814> <Mlp= 3921.9828> <PB=10000000> 
<DWph=2> <it=110> <et=1.84> <Mt= 0.01> <Spt= 0.01> <nCl= 30> <al=0.80> <DB=-27093.0472> <Mlp= 3854.9790> <PB=10000000> 
<DWph=2> <it=111> <et=1.86> <Mt= 0.00> <Spt= 0.01> <nCl= 30> <al=0.82> <DB=-25771.0929> <Mlp= 3800.4555> <PB=10000000> 
<DWph=2> <it=112> <et=1.87> <Mt= 0.01> <Spt= 0.01> <nCl= 30> <al=0.84> <DB=-23277.3342> <Mlp= 3756.5798> <PB=10000000> 
<DWph=2> <it=113> <et=1.89> <Mt= 0.00> <Spt= 0.01> <nCl= 30> <al=0.85> <DB=-20986.0898> <Mlp= 3716.7165> <PB=10000000> 
<DWph=2> <it=114> <et=1.90> <Mt= 0.01> <Spt= 0.01> <nCl= 30> <al=0.87> <DB=-19718.3678> <Mlp= 3694.4851> <PB=10000000> 
<DWph=2> <it=115> <et=1.92> <Mt= 0.01> <Spt= 0.01> <nCl= 30> <al=0.88> <DB=-21266.0542> <Mlp= 3635.7988> <PB=10000000> 
<DWph=2> <it=116> <et=1.93> <Mt= 0.00> <Spt= 0.01> <nCl= 30> <al=0.89> <DB=-17583.7769> <Mlp= 3626.6904> <PB=10000000> 
<DWph=2> <it=117> <et=1.95> <Mt= 0.00> <Spt= 0.01> <nCl= 30> <al=0.79> <DB=-18107.6209> <Mlp= 3610.6612> <PB=10000000> 
<DWph=2> <it=118> <et=1.97> <Mt= 0.01> <Spt= 0.01> <nCl= 30> <al=0.81> <DB=-17574.0994> <Mlp= 3559.0170> <PB=10000000> 
<DWph=2> <it=119> <et=1.99> <Mt= 0.01> <Spt= 0.01> <nCl= 30> <al=0.83> <DB=-16410.0321> <Mlp= 3504.0806> <PB=10000000> 
<DWph=2> <it=120> <et=2.00> <Mt= 0.01> <Spt= 0.01> <nCl= 30> <al=0.85> <DB=-14911.7667> <Mlp= 3474.8636> <PB=10000000> 
<DWph=2> <it=121> <et=2.02> <Mt= 0.00> <Spt= 0.01> <nCl= 28> <al=0.86> <DB=-12701.8169> <Mlp= 3441.2121> <PB=10000000> 
<DWph=2> <it=122> <et=2.03> <Mt= 0.01> <Spt= 0.01> <nCl= 30> <al=0.88> <DB=-15730.3848> <Mlp= 3392.6738> <PB=10000000> 
<DWph=2> <it=123> <et=2.05> <Mt= 0.00> <Spt= 0.01> <nCl= 30> <al=0.89> <DB=-12440.1928> <Mlp= 3373.6179> <PB=10000000> 
<DWph=2> <it=124> <et=2.07> <Mt= 0.01> <Spt= 0.01> <nCl= 30> <al=0.79> <DB=-11371.8662> <Mlp= 3335.9906> <PB=10000000> 
<DWph=2> <it=125> <et=2.09> <Mt= 0.01> <Spt= 0.01> <nCl= 30> <al=0.69> <DB=-13914.8046> <Mlp= 3300.8374> <PB=10000000> 
<DWph=2> <it=126> <et=2.10> <Mt= 0.00> <Spt= 0.01> <nCl= 30> <al=0.72> <DB=-9973.7332> <Mlp= 3294.2966> <PB=10000000> 
<DWph=2> <it=127> <et=2.12> <Mt= 0.01> <Spt= 0.01> <nCl= 30> <al=0.75> <DB=-9433.1967> <Mlp= 3265.3365> <PB=10000000> 
<DWph=2> <it=128> <et=2.13> <Mt= 0.00> <Spt= 0.01> <nCl= 30> <al=0.77> <DB=-7951.6402> <Mlp= 3246.1545> <PB=10000000> 
<DWph=2> <it=129> <et=2.15> <Mt= 0.01> <Spt= 0.01> <nCl= 30> <al=0.67> <DB=-9538.8369> <Mlp= 3217.6450> <PB=10000000> 
<DWph=2> <it=130> <et=2.17> <Mt= 0.01> <Spt= 0.01> <nCl= 30> <al=0.71> <DB=-8436.7004> <Mlp= 3203.1845> <PB=10000000> 
<DWph=2> <it=131> <et=2.18> <Mt= 0.00> <Spt= 0.01> <nCl= 30> <al=0.74> <DB=-7152.5511> <Mlp= 3189.8679> <PB=10000000> 
<DWph=2> <it=132> <et=2.20> <Mt= 0.02> <Spt= 0.01> <nCl= 30> <al=0.76> <DB=-6369.0123> <Mlp= 3166.5576> <PB=10000000> 
<DWph=2> <it=133> <et=2.22> <Mt= 0.01> <Spt= 0.01> <nCl= 30> <al=0.79> <DB=-5334.6675> <Mlp= 3148.8424> <PB=10000000> 
<DWph=2> <it=134> <et=2.24> <Mt= 0.00> <Spt= 0.01> <nCl= 30> <al=0.81> <DB=-3962.1089> <Mlp= 3141.3859> <PB=10000000> 
<DWph=2> <it=135> <et=2.26> <Mt= 0.01> <Spt= 0.01> <nCl= 30> <al=0.83> <DB=-4597.4242> <Mlp= 3123.7716> <PB=10000000> 
<DWph=2> <it=136> <et=2.28> <Mt= 0.01> <Spt= 0.01> <nCl= 29> <al=0.84> <DB=-2785.0243> <Mlp= 3097.9232> <PB=10000000> 
<DWph=2> <it=137> <et=2.30> <Mt= 0.00> <Spt= 0.01> <nCl= 30> <al=0.74> <DB=-3178.9526> <Mlp= 3088.6850> <PB=10000000> 
<DWph=2> <it=138> <et=2.31> <Mt= 0.01> <Spt= 0.01> <nCl= 30> <al=0.77> <DB=-2417.5602> <Mlp= 3076.4989> <PB=10000000> 
<DWph=2> <it=139> <et=2.34> <Mt= 0.01> <Spt= 0.01> <nCl= 30> <al=0.67> <DB=-3951.8668> <Mlp= 3052.2086> <PB=10000000> 
<DWph=2> <it=140> <et=2.36> <Mt= 0.01> <Spt= 0.01> <nCl= 30> <al=0.70> <DB=-5081.8017> <Mlp= 3048.5076> <PB=10000000> 
<DWph=2> <it=141> <et=2.37> <Mt= 0.01> <Spt= 0.01> <nCl= 30> <al=0.73> <DB=-2148.7259> <Mlp= 3048.5076> <PB=10000000> 
<DWph=2> <it=142> <et=2.40> <Mt= 0.01> <Spt= 0.01> <nCl= 30> <al=0.76> <DB=-2071.7700> <Mlp= 3028.3537> <PB=10000000> 
<DWph=2> <it=143> <et=2.43> <Mt= 0.02> <Spt= 0.01> <nCl= 29> <al=0.78> <DB=-1235.2035> <Mlp= 3021.5978> <PB=10000000> 
<DWph=2> <it=144> <et=2.45> <Mt= 0.01> <Spt= 0.01> <nCl= 30> <al=0.68> <DB=-3811.8152> <Mlp= 3014.9386> <PB=10000000> 
<DWph=2> <it=145> <et=2.46> <Mt= 0.01> <Spt= 0.01> <nCl= 30> <al=0.71> <DB=-1811.6267> <Mlp= 3011.6427> <PB=10000000> 
<DWph=2> <it=146> <et=2.49> <Mt= 0.02> <Spt= 0.01> <nCl= 29> <al=0.74> <DB= -264.7245> <Mlp= 3003.6126> <PB=10000000> 
<DWph=2> <it=147> <et=2.51> <Mt= 0.01> <Spt= 0.01> <nCl= 30> <al=0.77> <DB= -659.9834> <Mlp= 3001.6735> <PB=10000000> 
<DWph=2> <it=148> <et=2.54> <Mt= 0.01> <Spt= 0.01> <nCl= 30> <al=0.79> <DB= -774.4089> <Mlp= 2996.1552> <PB=10000000> 
<DWph=2> <it=149> <et=2.55> <Mt= 0.01> <Spt= 0.01> <nCl= 24> <al=0.81> <DB=  -17.8183> <Mlp= 2995.9083> <PB=10000000> 
<DWph=2> <it=150> <et=2.58> <Mt= 0.01> <Spt= 0.01> <nCl= 28> <al=0.83> <DB=  126.9699> <Mlp= 2992.1585> <PB=10000000> 
<DWph=2> <it=151> <et=2.60> <Mt= 0.01> <Spt= 0.01> <nCl= 27> <al=0.85> <DB=  854.2497> <Mlp= 2989.4594> <PB=10000000> 
<DWph=2> <it=152> <et=2.63> <Mt= 0.02> <Spt= 0.02> <nCl= 28> <al=0.86> <DB=   93.9732> <Mlp= 2986.6057> <PB=10000000> 
<DWph=2> <it=153> <et=2.65> <Mt= 0.01> <Spt= 0.01> <nCl= 23> <al=0.76> <DB=  595.2192> <Mlp= 2985.6925> <PB=10000000> 
<DWph=2> <it=154> <et=2.67> <Mt= 0.00> <Spt= 0.01> <nCl= 24> <al=0.79> <DB=  714.0239> <Mlp= 2985.4136> <PB=10000000> 
<DWph=2> <it=155> <et=2.68> <Mt= 0.01> <Spt= 0.01> <nCl= 19> <al=0.81> <DB=  884.3217> <Mlp= 2984.6890> <PB=10000000> 
<DWph=2> <it=156> <et=2.71> <Mt= 0.01> <Spt= 0.01> <nCl= 29> <al=0.83> <DB=  330.9632> <Mlp= 2984.0856> <PB=10000000> 
<DWph=2> <it=157> <et=2.73> <Mt= 0.01> <Spt= 0.02> <nCl= 20> <al=0.84> <DB= 1124.4094> <Mlp= 2983.2346> <PB=10000000> 
<DWph=2> <it=158> <et=2.74> <Mt= 0.00> <Spt= 0.01> <nCl= 25> <al=0.74> <DB=  987.8516> <Mlp= 2982.8287> <PB=10000000> 
<DWph=2> <it=159> <et=2.76> <Mt= 0.01> <Spt= 0.01> <nCl= 21> <al=0.77> <DB= 1614.0700> <Mlp= 2982.3439> <PB=10000000> 
<DWph=2> <it=160> <et=2.78> <Mt= 0.01> <Spt= 0.01> <nCl= 29> <al=0.67> <DB=  492.7761> <Mlp= 2979.5968> <PB=10000000> 
<DWph=2> <it=161> <et=2.80> <Mt= 0.01> <Spt= 0.01> <nCl= 19> <al=0.70> <DB= 1503.2720> <Mlp= 2979.0108> <PB=10000000> 
<DWph=2> <it=162> <et=2.83> <Mt= 0.02> <Spt= 0.01> <nCl= 26> <al=0.60> <DB= 1221.3928> <Mlp= 2976.8015> <PB=10000000> 
<DWph=2> <it=163> <et=2.86> <Mt= 0.01> <Spt= 0.01> <nCl= 27> <al=0.64> <DB= 1128.2283> <Mlp= 2975.5251> <PB=10000000> 
<DWph=2> <it=164> <et=2.87> <Mt= 0.01> <Spt= 0.01> <nCl= 21> <al=0.68> <DB= 1466.1817> <Mlp= 2974.7576> <PB=10000000> 
<DWph=2> <it=165> <et=2.89> <Mt= 0.00> <Spt= 0.01> <nCl= 23> <al=0.58> <DB= 1682.3016> <Mlp= 2974.1817> <PB=10000000> 
<DWph=2> <it=166> <et=2.91> <Mt= 0.02> <Spt= 0.01> <nCl= 30> <al=0.48> <DB= -984.0974> <Mlp= 2972.8656> <PB=10000000> 
<DWph=2> <it=167> <et=2.93> <Mt= 0.00> <Spt= 0.02> <nCl= 29> <al=0.53> <DB= 1133.4032> <Mlp= 2972.8656> <PB=10000000> 
<DWph=2> <it=168> <et=2.97> <Mt= 0.03> <Spt= 0.01> <nCl= 26> <al=0.58> <DB= 1390.9970> <Mlp= 2972.5274> <PB=10000000> 
<DWph=2> <it=169> <et=2.98> <Mt= 0.00> <Spt= 0.01> <nCl= 22> <al=0.62> <DB= 1512.8765> <Mlp= 2972.5216> <PB=10000000> 
<DWph=2> <it=170> <et=3.02> <Mt= 0.02> <Spt= 0.01> <nCl= 30> <al=0.66> <DB=  783.7653> <Mlp= 2971.8780> <PB=10000000> 
<DWph=2> <it=171> <et=3.03> <Mt= 0.00> <Spt= 0.01> <nCl= 25> <al=0.69> <DB= 1667.3725> <Mlp= 2971.5406> <PB=10000000> 
<DWph=2> <it=172> <et=3.04> <Mt= 0.01> <Spt= 0.01> <nCl= 27> <al=0.59> <DB= 1836.3978> <Mlp= 2971.3445> <PB=10000000> 
<DWph=2> <it=173> <et=3.08> <Mt= 0.02> <Spt= 0.01> <nCl= 30> <al=0.63> <DB= 1738.3563> <Mlp= 2970.9746> <PB=10000000> 
<DWph=2> <it=174> <et=3.09> <Mt= 0.00> <Spt= 0.02> <nCl= 24> <al=0.67> <DB= 1962.8643> <Mlp= 2970.9652> <PB=10000000> 
<DWph=2> <it=175> <et=3.11> <Mt= 0.00> <Spt= 0.01> <nCl= 27> <al=0.57> <DB= 1857.3506> <Mlp= 2970.5543> <PB=10000000> 
<DWph=2> <it=176> <et=3.12> <Mt= 0.01> <Spt= 0.01> <nCl= 25> <al=0.61> <DB= 2082.0489> <Mlp= 2970.5473> <PB=10000000> 
<DWph=2> <it=177> <et=3.13> <Mt= 0.00> <Spt= 0.01> <nCl= 30> <al=0.51> <DB= 1117.5192> <Mlp= 2970.1687> <PB=10000000> 
<DWph=2> <it=178> <et=3.16> <Mt= 0.02> <Spt= 0.01> <nCl= 30> <al=0.56> <DB= 1924.5986> <Mlp= 2968.6107> <PB=10000000> 
<DWph=2> <it=179> <et=3.19> <Mt= 0.02> <Spt= 0.01> <nCl= 28> <al=0.61> <DB= 1574.5626> <Mlp= 2967.9557> <PB=10000000> 
<DWph=2> <it=180> <et=3.20> <Mt= 0.00> <Spt= 0.01> <nCl= 24> <al=0.64> <DB= 2628.6304> <Mlp= 2967.8903> <PB=10000000> 
<DWph=2> <it=181> <et=3.22> <Mt= 0.00> <Spt= 0.01> <nCl= 29> <al=0.54> <DB= 2109.3776> <Mlp= 2967.2462> <PB=10000000> 
<DWph=2> <it=182> <et=3.23> <Mt= 0.01> <Spt= 0.01> <nCl= 25> <al=0.59> <DB= 2238.1874> <Mlp= 2967.2370> <PB=10000000> 
<DWph=2> <it=183> <et=3.25> <Mt= 0.00> <Spt= 0.01> <nCl= 18> <al=0.49> <DB= 2229.6281> <Mlp= 2967.0349> <PB=10000000> 
<DWph=2> <it=184> <et=3.26> <Mt= 0.00> <Spt= 0.01> <nCl= 26> <al=0.54> <DB= 2182.2163> <Mlp= 2966.3635> <PB=10000000> 
<DWph=2> <it=185> <et=3.28> <Mt= 0.01> <Spt= 0.01> <nCl= 18> <al=0.59> <DB= 1558.0806> <Mlp= 2966.3596> <PB=10000000> 
<DWph=2> <it=186> <et=3.29> <Mt= 0.00> <Spt= 0.01> <nCl= 19> <al=0.63> <DB= 2626.0481> <Mlp= 2966.3596> <PB=10000000> 
<DWph=2> <it=187> <et=3.30> <Mt= 0.00> <Spt= 0.02> <nCl= 15> <al=0.53> <DB= 2765.3390> <Mlp= 2966.3596> <PB=10000000> 
<DWph=2> <it=188> <et=3.34> <Mt= 0.02> <Spt= 0.01> <nCl= 26> <al=0.58> <DB= 2630.4521> <Mlp= 2966.3596> <PB=10000000> 
<DWph=2> <it=189> <et=3.37> <Mt= 0.02> <Spt= 0.01> <nCl= 16> <al=0.62> <DB= 2700.8573> <Mlp= 2966.2662> <PB=10000000> 
<DWph=2> <it=190> <et=3.38> <Mt= 0.01> <Spt= 0.01> <nCl= 15> <al=0.66> <DB= 2859.3329> <Mlp= 2966.1560> <PB=10000000> 
<DWph=2> <it=191> <et=3.39> <Mt= 0.00> <Spt= 0.01> <nCl= 20> <al=0.56> <DB= 2864.3179> <Mlp= 2966.0713> <PB=10000000> 
<DWph=2> <it=192> <et=3.40> <Mt= 0.00> <Spt= 0.01> <nCl= 20> <al=0.60> <DB= 2240.6115> <Mlp= 2966.0681> <PB=10000000> 
<DWph=2> <it=193> <et=3.42> <Mt= 0.00> <Spt= 0.01> <nCl= 21> <al=0.64> <DB= 2705.0797> <Mlp= 2966.0300> <PB=10000000> 
<DWph=2> <it=194> <et=3.43> <Mt= 0.00> <Spt= 0.01> <nCl= 23> <al=0.54> <DB= 2285.3015> <Mlp= 2965.5183> <PB=10000000> 
<DWph=2> <it=195> <et=3.44> <Mt= 0.01> <Spt= 0.01> <nCl= 16> <al=0.59> <DB= 2899.8061> <Mlp= 2965.5042> <PB=10000000> 
<DWph=2> <it=196> <et=3.45> <Mt= 0.00> <Spt= 0.01> <nCl= 30> <al=0.49> <DB= 1666.6390> <Mlp= 2965.5042> <PB=10000000> 
<DWph=2> <it=197> <et=3.47> <Mt= 0.00> <Spt= 0.01> <nCl= 22> <al=0.54> <DB= 1778.8000> <Mlp= 2965.5042> <PB=10000000> 
<DWph=2> <it=198> <et=3.49> <Mt= 0.01> <Spt= 0.01> <nCl= 29> <al=0.58> <DB= 1827.8088> <Mlp= 2965.4983> <PB=10000000> 
<DWph=2> <it=199> <et=3.50> <Mt= 0.01> <Spt= 0.01> <nCl= 12> <al=0.63> <DB= 2776.2931> <Mlp= 2965.4875> <PB=10000000> 
<DWph=2> <it=200> <et=3.52> <Mt= 0.00> <Spt= 0.01> <nCl=  8> <al=0.66> <DB= 2667.4734> <Mlp= 2965.3892> <PB=10000000> 
<DWph=2> <it=201> <et=3.54> <Mt= 0.00> <Spt= 0.02> <nCl= 20> <al=0.39> <DB= 2038.1098> <Mlp= 2965.3752> <PB=10000000> 
<DWph=2> <it=202> <et=3.56> <Mt= 0.00> <Spt= 0.03> <nCl= 19> <al=0.19> <DB= 2068.0130> <Mlp= 2965.3752> <PB=10000000> 
<DWph=2> <it=203> <et=3.58> <Mt= 0.00> <Spt= 0.01> <nCl= 12> <al=0.50> <DB= 2729.3910> <Mlp= 2965.3088> <PB=10000000> 
<DWph=2> <it=204> <et=3.59> <Mt= 0.00> <Spt= 0.01> <nCl= 23> <al=0.40> <DB= 2356.8781> <Mlp= 2965.0963> <PB=10000000> 
<DWph=2> <it=205> <et=3.61> <Mt= 0.01> <Spt= 0.01> <nCl=  9> <al=0.46> <DB= 2556.2602> <Mlp= 2965.0963> <PB=10000000> 
<DWph=2> <it=206> <et=3.62> <Mt= 0.00> <Spt= 0.01> <nCl=  8> <al=0.51> <DB= 2814.0447> <Mlp= 2965.0963> <PB=10000000> 
<DWph=2> <it=207> <et=3.63> <Mt= 0.00> <Spt= 0.01> <nCl=  3> <al=0.56> <DB= 2829.3704> <Mlp= 2965.0963> <PB=10000000> 
<DWph=2> <it=208> <et=3.64> <Mt= 0.00> <Spt= 0.01> <nCl=  3> <al=0.46> <DB= 2837.2996> <Mlp= 2965.0963> <PB=10000000> 
<DWph=2> <it=209> <et=3.66> <Mt= 0.00> <Spt= 0.02> <nCl= 31> <al=0.03> <DB= 1803.0188> <Mlp= 2965.0963> <PB=10000000> 
<DWph=2> <it=210> <et=3.67> <Mt= 0.01> <Spt= 0.01> <nCl= 16> <al=0.41> <DB= 1791.0695> <Mlp= 2965.0963> <PB=10000000> 
<DWph=2> <it=211> <et=3.68> <Mt= 0.00> <Spt= 0.01> <nCl= 11> <al=0.47> <DB= 2803.2281> <Mlp= 2965.0963> <PB=10000000> 
<DWph=2> <it=212> <et=3.70> <Mt= 0.00> <Spt= 0.01> <nCl=  5> <al=0.37> <DB= 2852.7424> <Mlp= 2965.0963> <PB=10000000> 
<DWph=2> <it=213> <et=3.71> <Mt= 0.00> <Spt= 0.01> <nCl= 11> <al=0.27> <DB= 2276.6762> <Mlp= 2965.0963> <PB=10000000> 
<DWph=2> <it=214> <et=3.73> <Mt= 0.00> <Spt= 0.01> <nCl= 21> <al=0.00> <DB= 2209.6288> <Mlp= 2965.0963> <PB=10000000> 
<DWph=2> <it=215> <et=3.74> <Mt= 0.01> <Spt= 0.01> <nCl= 18> <al=0.25> <DB= 2462.9553> <Mlp= 2965.0963> <PB=10000000> 
<DWph=2> <it=216> <et=3.75> <Mt= 0.00> <Spt= 0.01> <nCl=  8> <al=0.15> <DB= 2870.9555> <Mlp= 2965.0963> <PB=10000000> 
<DWph=2> <it=217> <et=3.76> <Mt= 0.00> <Spt= 0.01> <nCl=  6> <al=0.23> <DB= 2869.8675> <Mlp= 2965.0963> <PB=10000000> 
<DWph=2> <it=218> <et=3.77> <Mt= 0.00> <Spt= 0.01> <nCl= 12> <al=0.31> <DB= 2738.8342> <Mlp= 2965.0963> <PB=10000000> 
<DWph=2> <it=219> <et=3.79> <Mt= 0.00> <Spt= 0.02> <nCl= 17> <al=0.00> <DB= 2283.8868> <Mlp= 2965.0963> <PB=10000000> 
<DWph=2> <it=220> <et=3.81> <Mt= 0.01> <Spt= 0.01> <nCl= 12> <al=0.28> <DB= 2359.1698> <Mlp= 2965.0963> <PB=10000000> 
<DWph=2> <it=221> <et=3.82> <Mt= 0.00> <Spt= 0.01> <nCl=  9> <al=0.35> <DB= 1949.4325> <Mlp= 2965.0963> <PB=10000000> 
<DWph=2> <it=222> <et=3.83> <Mt= 0.00> <Spt= 0.01> <nCl= 13> <al=0.41> <DB= 2722.7179> <Mlp= 2965.0963> <PB=10000000> 
<DWph=2> <it=223> <et=3.84> <Mt= 0.00> <Spt= 0.01> <nCl=  9> <al=0.47> <DB= 2415.7860> <Mlp= 2965.0963> <PB=10000000> 
<DWph=2> <it=224> <et=3.85> <Mt= 0.00> <Spt= 0.01> <nCl=  5> <al=0.53> <DB= 2706.7205> <Mlp= 2965.0963> <PB=10000000> 
<DWph=2> <it=225> <et=3.86> <Mt= 0.00> <Spt= 0.01> <nCl=  3> <al=0.57> <DB= 2554.4796> <Mlp= 2965.0963> <PB=10000000> 
<DWph=2> <it=226> <et=3.87> <Mt= 0.01> <Spt= 0.01> <nCl=  3> <al=0.47> <DB= 2662.3942> <Mlp= 2965.0963> <PB=10000000> 
<DWph=2> <it=227> <et=3.88> <Mt= 0.00> <Spt= 0.00> <nCl=  4> <al=0.37> <DB= 2689.4906> <Mlp= 2965.0963> <PB=10000000> 
<DWph=2> <it=228> <et=3.90> <Mt= 0.00> <Spt= 0.01> <nCl=  1> <al=0.44> <DB= 2871.7217> <Mlp= 2965.0963> <PB=10000000> 
<DWph=2> <it=229> <et=3.91> <Mt= 0.00> <Spt= 0.02> <nCl= 18> <al=0.00> <DB= 2005.8680> <Mlp= 2965.0963> <PB=10000000> 
<DWph=2> <it=230> <et=3.93> <Mt= 0.00> <Spt= 0.01> <nCl= 13> <al=0.39> <DB= 2952.3348> <Mlp= 2965.0963> <PB=10000000> 
<DWph=2> <it=231> <et=3.94> <Mt= 0.00> <Spt= 0.01> <nCl= 12> <al=0.45> <DB= 2700.2491> <Mlp= 2965.0963> <PB=10000000> 
<DWph=2> <it=232> <et=3.95> <Mt= 0.01> <Spt= 0.01> <nCl=  7> <al=0.51> <DB= 2620.1389> <Mlp= 2965.0963> <PB=10000000> 
<DWph=2> <it=233> <et=3.97> <Mt= 0.00> <Spt= 0.02> <nCl= 12> <al=0.11> <DB= 2198.5526> <Mlp= 2965.0963> <PB=10000000> 
<DWph=2> <it=234> <et=3.99> <Mt= 0.00> <Spt= 0.02> <nCl= 12> <al=0.00> <DB= 2593.7649> <Mlp= 2965.0963> <PB=10000000> 
<DWph=2> <it=235> <et=4.01> <Mt= 0.00> <Spt= 0.02> <nCl=  7> <al=0.00> <DB= 2485.0963> <Mlp= 2965.0963> <PB=10000000> 
<DWph=2> <it=236> <et=4.02> <Mt= 0.00> <Spt= 0.01> <nCl=  1> <al=0.26> <DB= 2638.9336> <Mlp= 2965.0963> <PB=10000000> 
<DWph=2> <it=237> <et=4.04> <Mt= 0.00> <Spt= 0.02> <nCl=  8> <al=0.00> <DB= 2680.4907> <Mlp= 2965.0963> <PB=10000000> 
<DWph=2> <it=238> <et=4.06> <Mt= 0.01> <Spt= 0.02> <nCl=  3> <al=0.00> <DB= 2965.0963> <Mlp= 2965.0963> <PB=10000000> 
<DWph=1> <it=239> <et=4.11> <Mt= 0.00> <Spt= 0.04> <nCl= 27> <al=0.13> <DB= 2280.2045> <Mlp= 2965.0963> <PB=10000000> 
<DWph=1> <it=240> <et=4.16> <Mt= 0.01> <Spt= 0.04> <nCl= 30> <al=0.03> <DB=    3.3961> <Mlp= 2964.4592> <PB=10000000> 
<DWph=1> <it=241> <et=4.20> <Mt= 0.01> <Spt= 0.03> <nCl= 30> <al=0.13> <DB= 2056.2796> <Mlp= 2964.4592> <PB=10000000> 
<DWph=1> <it=242> <et=4.24> <Mt= 0.00> <Spt= 0.04> <nCl= 17> <al=0.22> <DB= 1500.8900> <Mlp= 2964.4232> <PB=10000000> 
<DWph=1> <it=243> <et=4.30> <Mt= 0.01> <Spt= 0.04> <nCl= 25> <al=0.29> <DB= 2024.9284> <Mlp= 2963.6854> <PB=10000000> 
<DWph=1> <it=244> <et=4.35> <Mt= 0.01> <Spt= 0.04> <nCl= 17> <al=0.36> <DB= 2329.0228> <Mlp= 2963.4881> <PB=10000000> 
<DWph=1> <it=245> <et=4.39> <Mt= 0.00> <Spt= 0.04> <nCl= 25> <al=0.43> <DB= 2156.1582> <Mlp= 2963.1940> <PB=10000000> 
<DWph=1> <it=246> <et=4.43> <Mt= 0.00> <Spt= 0.04> <nCl= 16> <al=0.49> <DB= 2500.3818> <Mlp= 2963.1791> <PB=10000000> 
<DWph=1> <it=247> <et=4.47> <Mt= 0.01> <Spt= 0.04> <nCl= 12> <al=0.54> <DB= 2714.6475> <Mlp= 2962.8059> <PB=10000000> 
<DWph=1> <it=248> <et=4.51> <Mt= 0.00> <Spt= 0.03> <nCl= 16> <al=0.44> <DB= 2654.7798> <Mlp= 2962.6542> <PB=10000000> 
<DWph=1> <it=249> <et=4.55> <Mt= 0.00> <Spt= 0.04> <nCl=  5> <al=0.49> <DB= 2844.0295> <Mlp= 2962.6505> <PB=10000000> 
<DWph=1> <it=250> <et=4.59> <Mt= 0.00> <Spt= 0.04> <nCl= 11> <al=0.39> <DB= 2573.9133> <Mlp= 2962.6182> <PB=10000000> 
<DWph=1> <it=251> <et=4.66> <Mt= 0.01> <Spt= 0.07> <nCl= 13> <al=0.00> <DB= 2511.7491> <Mlp= 2962.6182> <PB=10000000> 
<DWph=1> <it=252> <et=4.70> <Mt= 0.00> <Spt= 0.04> <nCl=  1> <al=0.35> <DB= 2942.7496> <Mlp= 2962.6173> <PB=10000000> 
<DWph=1> <it=253> <et=4.74> <Mt= 0.00> <Spt= 0.04> <nCl=  1> <al=0.42> <DB= 2937.6277> <Mlp= 2962.6173> <PB=10000000> 
<DWph=1> <it=254> <et=4.82> <Mt= 0.00> <Spt= 0.08> <nCl=  9> <al=0.00> <DB= 2527.6150> <Mlp= 2962.6173> <PB=10000000> 
<DWph=1> <it=255> <et=4.86> <Mt= 0.00> <Spt= 0.03> <nCl=  1> <al=0.38> <DB= 2843.6483> <Mlp= 2962.6134> <PB=10000000> 
<DWph=1> <it=256> <et=4.94> <Mt= 0.00> <Spt= 0.08> <nCl=  1> <al=0.00> <DB= 2962.6134> <Mlp= 2962.6134> <PB=10000000> 
    RCSP exact solver info for graph G_0 : TT = 0.218644, pt = 2.7e-05, dt = 0.212144, ct = 0.005887, ndl = 24979', bdl = 2178629', odl = 12242', odf = 106803', bsi = 1600', cnt = 106738', bdch = 38244044', odch = 649414', lcp = 603415', #sols = 150
<DWph=0> <it=257> <et=5.16> <Mt= 0.00> <Spt= 0.22> <nCl=150> <al=0.18> <DB= 1883.4952> <Mlp= 2962.6134> <PB=10000000> 
    RCSP exact solver info for graph G_0 : TT = 0.191147, pt = 6e-05, dt = 0.183417, ct = 0.006955, ndl = 25368', bdl = 2193090', odl = 11998', odf = 105769', bsi = 1618', cnt = 141671', bdch = 38921351', odch = 640752', lcp = 601586', #sols = 150
<DWph=0> <it=258> <et=5.37> <Mt= 0.02> <Spt= 0.20> <nCl=132> <al=0.26> <DB= 2423.8082> <Mlp= 2961.1141> <PB=10000000> 
    RCSP exact solver info for graph G_0 : TT = 0.181935, pt = 4.5e-05, dt = 0.174411, ct = 0.006756, ndl = 24988', bdl = 2163162', odl = 12192', odf = 105291', bsi = 1620', cnt = 141121', bdch = 37765020', odch = 632092', lcp = 582997', #sols = 150
<DWph=0> <it=259> <et=5.56> <Mt= 0.00> <Spt= 0.18> <nCl= 93> <al=0.33> <DB= 2436.2794> <Mlp= 2960.3119> <PB=10000000> 
    RCSP exact solver info for graph G_0 : TT = 0.189437, pt = 4.8e-05, dt = 0.18179, ct = 0.006874, ndl = 25168', bdl = 2196282', odl = 12220', odf = 106032', bsi = 1629', cnt = 131088', bdch = 38663195', odch = 646856', lcp = 591054', #sols = 150
<DWph=0> <it=260> <et=5.76> <Mt= 0.01> <Spt= 0.20> <nCl=124> <al=0.40> <DB= 2555.8434> <Mlp= 2959.8899> <PB=10000000> 
    RCSP exact solver info for graph G_0 : TT = 0.185256, pt = 4.5e-05, dt = 0.178399, ct = 0.006109, ndl = 25207', bdl = 2204142', odl = 12322', odf = 106680', bsi = 1564', cnt = 125819', bdch = 38838564', odch = 645629', lcp = 593942', #sols = 150
<DWph=0> <it=261> <et=5.95> <Mt= 0.00> <Spt= 0.19> <nCl= 34> <al=0.46> <DB= 2728.8966> <Mlp= 2959.8723> <PB=10000000> 
    RCSP exact solver info for graph G_0 : TT = 0.191913, pt = 5.4e-05, dt = 0.184016, ct = 0.007105, ndl = 25340', bdl = 2212854', odl = 12287', odf = 107103', bsi = 1546', cnt = 125573', bdch = 39138678', odch = 650594', lcp = 594211', #sols = 150
<DWph=0> <it=262> <et=6.15> <Mt= 0.00> <Spt= 0.20> <nCl= 24> <al=0.51> <DB= 2841.2145> <Mlp= 2959.8713> <PB=10000000> 
    RCSP exact solver info for graph G_0 : TT = 0.18101, pt = 4.3e-05, dt = 0.174058, ct = 0.00622, ndl = 25547', bdl = 2229862', odl = 12330', odf = 107950', bsi = 1528', cnt = 127564', bdch = 39796912', odch = 662271', lcp = 605030', #sols = 150
<DWph=0> <it=263> <et=6.34> <Mt= 0.00> <Spt= 0.18> <nCl= 20> <al=0.41> <DB= 2910.7804> <Mlp= 2959.8713> <PB=10000000> 
    RCSP exact solver info for graph G_0 : TT = 0.182924, pt = 4.8e-05, dt = 0.175591, ct = 0.006528, ndl = 25284', bdl = 2209424', odl = 12133', odf = 106522', bsi = 1490', cnt = 124101', bdch = 38854113', odch = 647250', lcp = 585419', #sols = 150
<DWph=0> <it=264> <et=6.53> <Mt= 0.00> <Spt= 0.19> <nCl= 14> <al=0.31> <DB= 2944.4677> <Mlp= 2959.8673> <PB=10000000> 
    RCSP exact solver info for graph G_0 : TT = 0.186637, pt = 4.3e-05, dt = 0.178185, ct = 0.007335, ndl = 25368', bdl = 2216711', odl = 12233', odf = 106989', bsi = 1493', cnt = 123258', bdch = 39210641', odch = 650349', lcp = 590445', #sols = 150
<DWph=0> <it=265> <et=6.72> <Mt= 0.00> <Spt= 0.19> <nCl= 21> <al=0.21> <DB= 2931.9097> <Mlp= 2959.8673> <PB=10000000> 
    RCSP exact solver info for graph G_0 : TT = 0.187989, pt = 5e-05, dt = 0.180566, ct = 0.0066, ndl = 25733', bdl = 2246374', odl = 12143', odf = 107722', bsi = 1508', cnt = 127818', bdch = 40116671', odch = 663712', lcp = 602993', #sols = 150
<DWph=0> <it=266> <et=6.91> <Mt= 0.01> <Spt= 0.19> <nCl=  5> <al=0.29> <DB= 2955.3651> <Mlp= 2959.8671> <PB=10000000> 
    RCSP exact solver info for graph G_0 : TT = 0.185029, pt = 4.3e-05, dt = 0.177917, ct = 0.006349, ndl = 25596', bdl = 2237287', odl = 12216', odf = 107403', bsi = 1494', cnt = 125914', bdch = 39843583', odch = 657884', lcp = 600292', #sols = 150
    RCSP exact solver info for graph G_0 : TT = 0.178922, pt = 4e-05, dt = 0.171923, ct = 0.006252, ndl = 24757', bdl = 2164293', odl = 12323', odf = 105246', bsi = 1499', cnt = 119063', bdch = 37590021', odch = 627000', lcp = 570369', #sols = 150
<DWph=0> <it=267> <et=7.29> <Mt= 0.00> <Spt= 0.37> <nCl= 24> <al=0.00> <DB= 2959.8670> <Mlp= 2959.8670> <PB=10000000> 
RCSP solver dynamic params and stats :  bidir.bord. = 375 aver.obdmd = 24.6475 aver.buck.num. = 26
@@ 1 0 2959.87 0.187616 0.218031 92.1338 7.29
RCSP      solver labels distribution in 1437 buckets (bucket size) : largest - 122, top 0.1% - 118, top 0.5% - 91, top 2% - 69, top 10% - 42, top 50% - 10
Reduced cost fixing for graph G_0...  TT = 0.651638, pt = 0.042385, dt = 0.608662, ct = 0, ndl = 77789', bdl = 6044610', odl = 16287', odf = 271046', lpcb = 389359', cnt = 22786831', bdch = 152652487', odch = 4166528', lcp = 2218636'
340698 buck. arcs remain (99.3% from prev., 91.5% from max.) + 0 jump buck. arcs (0% from max.)
 TT = 0.864466, pt = 0.042385, dt = 0.608662, ct = 0.212748, ndl = 77789', bdl = 6044610', odl = 16287', odf = 271046', lpcb = 389359', cnt = 23553275', bdch = 152652487', odch = 4166528', lcp = 2218636'
RCSP      solver labels distribution in 2785 buckets (bucket size) : largest - 331, top 0.1% - 320, top 0.5% - 226, top 2% - 124, top 10% - 64, top 50% - 17
Run forward enumeration with border = 375... not succeeded (ratio 0.991598) lpt = 0.012966, ndl = 10117', dl = 0', lpcb = 0', dch = 3860'
 TT = 0.016504, pt = 0.001054, dt = 0.012966, ct = 0, ndl = 10117', bdl = 0', cnt = 56926', bdch = 3860', odch = 0', lcp = 0'
Bucket graph for G_0 is regenerated as bucket steps were adjusted for 122 vertices
RCSP solver info : number of forw. reachable buckets / buck. strongly connected components is 6027( 96.866% ) / 5877( 97.5112% )
664330 forw. buck. arcs remain (92.6386% from max.) + 0 jump buck. arcs
ColGenEvalAlg final dual bound: 2959.87 (rounded: 2960)
In total 1 RCC cut(s) are found by the connected components heuristic 
Shrinking heuristic shrunk 51 edges
In total 30 RCC cut(s) are found by the Fractional capacity min-cut heuristic 
In total 267 RCC cut(s) are found by the greedy construction heuristic 
----- Add fac. cuts : CAP(100), max.viol = 0.707174, aver.viol = 0.396799, sep/add took 0.0257823/0.427445 sec. -----
6966 columns (6966 active), 100 dyn. constrs. (100 active), 342 art. vars. (342 active)
<DWph=2> <it=  1> <et=8.82> <Mt= 0.05> <Spt= 0.02> <nCl= 30> <al=0.50> <DB= -343.3404> <Mlp= 2975.5403> <PB=10000000> 
<DWph=2> <it=  2> <et=8.88> <Mt= 0.04> <Spt= 0.03> <nCl= 18> <al=0.55> <DB= 2868.7114> <Mlp= 2972.1348> <PB=10000000> 
<DWph=2> <it=  3> <et=8.93> <Mt= 0.02> <Spt= 0.02> <nCl= 10> <al=0.60> <DB= 2945.3115> <Mlp= 2970.9168> <PB=10000000> 
<DWph=2> <it=  4> <et=8.97> <Mt= 0.01> <Spt= 0.02> <nCl=  5> <al=0.64> <DB= 2963.8418> <Mlp= 2970.7717> <PB=10000000> 
<DWph=2> <it=  5> <et=9.00> <Mt= 0.01> <Spt= 0.02> <nCl= 27> <al=0.54> <DB= 2544.3632> <Mlp= 2970.5977> <PB=10000000> 
<DWph=2> <it=  6> <et=9.02> <Mt= 0.01> <Spt= 0.02> <nCl= 16> <al=0.58> <DB= 2782.6865> <Mlp= 2970.4375> <PB=10000000> 
<DWph=2> <it=  7> <et=9.08> <Mt= 0.04> <Spt= 0.02> <nCl= 15> <al=0.62> <DB= 2668.5562> <Mlp= 2969.6894> <PB=10000000> 
<DWph=2> <it=  8> <et=9.10> <Mt= 0.00> <Spt= 0.01> <nCl=  5> <al=0.66> <DB= 2965.8219> <Mlp= 2969.6894> <PB=10000000> 
<DWph=2> <it=  9> <et=9.12> <Mt= 0.01> <Spt= 0.02> <nCl= 11> <al=0.56> <DB= 2915.4566> <Mlp= 2969.6893> <PB=10000000> 
<DWph=2> <it= 10> <et=9.14> <Mt= 0.00> <Spt= 0.02> <nCl=  5> <al=0.61> <DB= 2967.3384> <Mlp= 2969.6635> <PB=10000000> 
<DWph=2> <it= 11> <et=9.17> <Mt= 0.01> <Spt= 0.02> <nCl= 18> <al=0.51> <DB= 2786.7607> <Mlp= 2969.6635> <PB=10000000> 
<DWph=2> <it= 12> <et=9.19> <Mt= 0.00> <Spt= 0.02> <nCl= 14> <al=0.55> <DB= 2742.3740> <Mlp= 2969.3035> <PB=10000000> 
<DWph=2> <it= 13> <et=9.22> <Mt= 0.01> <Spt= 0.01> <nCl=  9> <al=0.60> <DB= 2931.0057> <Mlp= 2969.1147> <PB=10000000> 
<DWph=2> <it= 14> <et=9.27> <Mt= 0.01> <Spt= 0.04> <nCl= 18> <al=0.28> <DB= 2888.8726> <Mlp= 2969.1055> <PB=10000000> 
<DWph=2> <it= 15> <et=9.29> <Mt= 0.01> <Spt= 0.02> <nCl=  8> <al=0.54> <DB= 2953.2352> <Mlp= 2969.1004> <PB=10000000> 
<DWph=2> <it= 16> <et=9.32> <Mt= 0.00> <Spt= 0.02> <nCl=  8> <al=0.59> <DB= 2860.9315> <Mlp= 2969.0119> <PB=10000000> 
<DWph=2> <it= 17> <et=9.36> <Mt= 0.01> <Spt= 0.03> <nCl= 15> <al=0.25> <DB= 2801.4776> <Mlp= 2969.0099> <PB=10000000> 
<DWph=2> <it= 18> <et=9.40> <Mt= 0.00> <Spt= 0.04> <nCl= 18> <al=0.05> <DB= 2723.0343> <Mlp= 2968.8834> <PB=10000000> 
<DWph=2> <it= 19> <et=9.43> <Mt= 0.01> <Spt= 0.02> <nCl=  9> <al=0.43> <DB= 2565.2900> <Mlp= 2968.8834> <PB=10000000> 
<DWph=2> <it= 20> <et=9.45> <Mt= 0.01> <Spt= 0.02> <nCl=  3> <al=0.48> <DB= 2965.1878> <Mlp= 2968.8834> <PB=10000000> 
<DWph=2> <it= 21> <et=9.48> <Mt= 0.00> <Spt= 0.02> <nCl=  4> <al=0.38> <DB= 2858.3382> <Mlp= 2968.8834> <PB=10000000> 
<DWph=2> <it= 22> <et=9.53> <Mt= 0.01> <Spt= 0.04> <nCl= 28> <al=0.00> <DB= 2111.9966> <Mlp= 2968.8834> <PB=10000000> 
<DWph=2> <it= 23> <et=9.55> <Mt= 0.00> <Spt= 0.02> <nCl= 12> <al=0.35> <DB= 2637.3526> <Mlp= 2968.8834> <PB=10000000> 
<DWph=2> <it= 24> <et=9.57> <Mt= 0.01> <Spt= 0.02> <nCl=  2> <al=0.41> <DB= 2940.6159> <Mlp= 2968.5281> <PB=10000000> 
<DWph=2> <it= 25> <et=9.61> <Mt= 0.01> <Spt= 0.03> <nCl= 28> <al=0.00> <DB= 2690.6244> <Mlp= 2968.5231> <PB=10000000> 
<DWph=2> <it= 26> <et=9.64> <Mt= 0.00> <Spt= 0.02> <nCl= 11> <al=0.37> <DB= 2952.5866> <Mlp= 2968.5231> <PB=10000000> 
<DWph=2> <it= 27> <et=9.67> <Mt= 0.01> <Spt= 0.03> <nCl= 22> <al=0.00> <DB= 2282.3917> <Mlp= 2968.5228> <PB=10000000> 
<DWph=2> <it= 28> <et=9.70> <Mt= 0.00> <Spt= 0.02> <nCl=  5> <al=0.33> <DB= 2928.3628> <Mlp= 2968.5216> <PB=10000000> 
<DWph=2> <it= 29> <et=9.72> <Mt= 0.01> <Spt= 0.01> <nCl=  9> <al=0.40> <DB= 2904.3687> <Mlp= 2968.5216> <PB=10000000> 
<DWph=2> <it= 30> <et=9.76> <Mt= 0.00> <Spt= 0.04> <nCl=  9> <al=0.00> <DB= 2731.4516> <Mlp= 2968.5216> <PB=10000000> 
<DWph=2> <it= 31> <et=9.79> <Mt= 0.00> <Spt= 0.03> <nCl=  4> <al=0.00> <DB= 2892.0680> <Mlp= 2968.5216> <PB=10000000> 
<DWph=2> <it= 32> <et=9.82> <Mt= 0.01> <Spt= 0.02> <nCl=  2> <al=0.26> <DB= 2968.4977> <Mlp= 2968.5216> <PB=10000000> 
<DWph=2> <it= 33> <et=9.86> <Mt= 0.00> <Spt= 0.04> <nCl=  1> <al=0.00> <DB= 2968.5216> <Mlp= 2968.5216> <PB=10000000> 
<DWph=1> <it= 34> <et=9.92> <Mt= 0.01> <Spt= 0.05> <nCl= 20> <al=0.06> <DB= 2557.2676> <Mlp= 2968.5216> <PB=10000000> 
<DWph=1> <it= 35> <et=9.98> <Mt= 0.00> <Spt= 0.06> <nCl= 19> <al=0.00> <DB= 2466.1882> <Mlp= 2968.5195> <PB=10000000> 
<DWph=1> <it= 36> <et=10.03> <Mt= 0.01> <Spt= 0.05> <nCl= 14> <al=0.00> <DB= 2608.5195> <Mlp= 2968.5195> <PB=10000000> 
<DWph=1> <it= 37> <et=10.10> <Mt= 0.00> <Spt= 0.05> <nCl= 13> <al=0.00> <DB= 2663.3761> <Mlp= 2968.5152> <PB=10000000> 
<DWph=1> <it= 38> <et=10.16> <Mt= 0.01> <Spt= 0.06> <nCl= 18> <al=0.00> <DB= 2845.9633> <Mlp= 2968.5132> <PB=10000000> 
<DWph=1> <it= 39> <et=10.22> <Mt= 0.01> <Spt= 0.06> <nCl=  6> <al=0.00> <DB= 2914.3783> <Mlp= 2968.5075> <PB=10000000> 
<DWph=1> <it= 40> <et=10.28> <Mt= 0.00> <Spt= 0.05> <nCl=  0> <al=0.00> <DB= 2968.5075> <Mlp= 2968.5075> <PB=10000000> 
    RCSP exact solver info for graph G_0 : TT = 0.138069, pt = 8.3e-05, dt = 0.131509, ct = 0.005687, ndl = 22497', bdl = 1950218', odl = 20410', odf = 195448', bsi = 1538', cnt = 131930', bdch = 21604835', odch = 721365', lcp = 428253', #sols = 150
<DWph=0> <it= 41> <et=10.44> <Mt= 0.00> <Spt= 0.15> <nCl=146> <al=0.00> <DB= 2498.6217> <Mlp= 2968.5075> <PB=10000000> 
    RCSP exact solver info for graph G_0 : TT = 0.153493, pt = 0.000222, dt = 0.145485, ct = 0.006918, ndl = 23526', bdl = 2035020', odl = 20491', odf = 199152', bsi = 1435', cnt = 147817', bdch = 23458813', odch = 776284', lcp = 450538', #sols = 150
<DWph=0> <it= 42> <et=10.61> <Mt= 0.01> <Spt= 0.17> <nCl= 88> <al=0.00> <DB= 2801.2800> <Mlp= 2968.3451> <PB=10000000> 
    RCSP exact solver info for graph G_0 : TT = 0.155252, pt = 0.000106, dt = 0.14406, ct = 0.010184, ndl = 23593', bdl = 2038767', odl = 20523', odf = 200796', bsi = 1359', cnt = 151633', bdch = 23540017', odch = 775220', lcp = 450346', #sols = 150
<DWph=0> <it= 43> <et=10.79> <Mt= 0.01> <Spt= 0.16> <nCl= 57> <al=0.00> <DB= 2924.4980> <Mlp= 2968.3317> <PB=10000000> 
    RCSP exact solver info for graph G_0 : TT = 0.155737, pt = 0.000103, dt = 0.148244, ct = 0.006553, ndl = 23498', bdl = 2029044', odl = 20499', odf = 201181', bsi = 1476', cnt = 152159', bdch = 23386182', odch = 789924', lcp = 454070', #sols = 150
<DWph=0> <it= 44> <et=10.96> <Mt= 0.01> <Spt= 0.17> <nCl= 37> <al=0.00> <DB= 2947.8553> <Mlp= 2968.3122> <PB=10000000> 
    RCSP exact solver info for graph G_0 : TT = 0.149443, pt = 0.0001, dt = 0.142342, ct = 0.006099, ndl = 23468', bdl = 2026002', odl = 20508', odf = 200911', bsi = 1488', cnt = 151446', bdch = 23331354', odch = 785713', lcp = 453174', #sols = 150
<DWph=0> <it= 45> <et=11.12> <Mt= 0.00> <Spt= 0.15> <nCl=  6> <al=0.00> <DB= 2968.3122> <Mlp= 2968.3122> <PB=10000000> 
RCSP solver dynamic params and stats :  bidir.bord. = 375 aver.obdmd = 49.2951 aver.buck.num. = 51
@@ 1 1 2968.31 0.149416 0.154797 92.6386 11.12
    Full reduced cost fixing is not called (gap ratio is 0.999999)
Bucket graph for G_0 is regenerated as bucket steps were adjusted for 122 vertices
RCSP solver info : number of forw. reachable buckets / buck. strongly connected components is 11885( 96.4535% ) / 11885( 100% )
1314474 forw. buck. arcs remain (92.9561% from max.) + 0 jump buck. arcs
ColGenEvalAlg final dual bound: 2968.31 (rounded: 2969)
False gap improvement since the last cut separation : 0.0285323 (2959.87)
Current active cuts : CAP(11,575.814)
In total 1 RCC cut(s) are found by the connected components heuristic 
Shrinking heuristic shrunk 51 edges
In total 12 RCC cut(s) are found by the Fractional capacity min-cut heuristic 
In total 23 RCC cut(s) are found by the greedy construction heuristic 
In total 8 RCC cut(s) are found by the global pool greedy search heuristic 
----- Add fac. cuts : CAP(44), max.viol = 0.37102, aver.viol = 0.13347, sep/add took 0.0242233/0.260931 sec. -----
7789 columns (7789 active), 144 dyn. constrs. (102 active), 386 art. vars. (344 active)
<DWph=2> <it=  1> <et=11.74> <Mt= 0.05> <Spt= 0.04> <nCl= 12> <al=0.50> <DB= 2739.8891> <Mlp= 2971.7079> <PB=10000000> 
<DWph=2> <it=  2> <et=11.79> <Mt= 0.01> <Spt= 0.03> <nCl=  8> <al=0.55> <DB= 2969.6978> <Mlp= 2971.3914> <PB=10000000> 
<DWph=2> <it=  3> <et=11.83> <Mt= 0.01> <Spt= 0.04> <nCl= 16> <al=0.45> <DB= 2852.9453> <Mlp= 2971.3914> <PB=10000000> 
<DWph=2> <it=  4> <et=11.87> <Mt= 0.01> <Spt= 0.03> <nCl= 15> <al=0.51> <DB= 2898.7312> <Mlp= 2971.1802> <PB=10000000> 
<DWph=2> <it=  5> <et=11.92> <Mt= 0.00> <Spt= 0.04> <nCl=  9> <al=0.55> <DB= 2948.1319> <Mlp= 2971.1544> <PB=10000000> 
<DWph=2> <it=  6> <et=11.95> <Mt= 0.01> <Spt= 0.03> <nCl=  2> <al=0.60> <DB= 2914.4515> <Mlp= 2971.1280> <PB=10000000> 
<DWph=2> <it=  7> <et=12.04> <Mt= 0.00> <Spt= 0.07> <nCl= 10> <al=0.28> <DB= 2963.9127> <Mlp= 2971.0873> <PB=10000000> 
<DWph=2> <it=  8> <et=12.10> <Mt= 0.01> <Spt= 0.06> <nCl= 16> <al=0.08> <DB= 2884.9548> <Mlp= 2971.0835> <PB=10000000> 
<DWph=2> <it=  9> <et=12.19> <Mt= 0.01> <Spt= 0.08> <nCl= 11> <al=0.00> <DB= 2971.0736> <Mlp= 2971.0736> <PB=10000000> 
<DWph=1> <it= 10> <et=12.27> <Mt= 0.00> <Spt= 0.08> <nCl= 15> <al=0.34> <DB= 2731.0736> <Mlp= 2971.0736> <PB=10000000> 
<DWph=1> <it= 11> <et=12.37> <Mt= 0.01> <Spt= 0.09> <nCl= 11> <al=0.41> <DB= 2873.7554> <Mlp= 2970.9679> <PB=10000000> 
<DWph=1> <it= 12> <et=12.45> <Mt= 0.01> <Spt= 0.07> <nCl= 13> <al=0.31> <DB= 2881.0225> <Mlp= 2970.9510> <PB=10000000> 
<DWph=1> <it= 13> <et=12.62> <Mt= 0.01> <Spt= 0.16> <nCl= 15> <al=0.00> <DB= 2955.4718> <Mlp= 2970.9502> <PB=10000000> 
<DWph=1> <it= 14> <et=12.71> <Mt= 0.00> <Spt= 0.08> <nCl=  2> <al=0.27> <DB= 2948.6411> <Mlp= 2970.9502> <PB=10000000> 
<DWph=1> <it= 15> <et=12.87> <Mt= 0.01> <Spt= 0.16> <nCl= 12> <al=0.00> <DB= 2970.9494> <Mlp= 2970.9494> <PB=10000000> 
    RCSP exact solver info for graph G_0 : TT = 0.145067, pt = 0.000159, dt = 0.137439, ct = 0.006266, ndl = 22995', bdl = 2006049', odl = 33036', odf = 395769', bsi = 1203', cnt = 130390', bdch = 15137003', odch = 878618', lcp = 358601', #sols = 150
<DWph=0> <it= 16> <et=13.04> <Mt= 0.00> <Spt= 0.17> <nCl=133> <al=0.17> <DB= 2501.1078> <Mlp= 2970.9494> <PB=10000000> 
    RCSP exact solver info for graph G_0 : TT = 0.142597, pt = 0.000207, dt = 0.135036, ct = 0.006012, ndl = 22809', bdl = 1986875', odl = 32817', odf = 400582', bsi = 1408', cnt = 157195', bdch = 14860329', odch = 864686', lcp = 351442', #sols = 150
<DWph=0> <it= 17> <et=13.20> <Mt= 0.01> <Spt= 0.15> <nCl= 55> <al=0.07> <DB= 2906.7368> <Mlp= 2970.9064> <PB=10000000> 
    RCSP exact solver info for graph G_0 : TT = 0.141648, pt = 0.000214, dt = 0.134286, ct = 0.005854, ndl = 22772', bdl = 1985923', odl = 32715', odf = 400273', bsi = 1424', cnt = 152681', bdch = 14830478', odch = 866510', lcp = 350732', #sols = 150
    RCSP exact solver info for graph G_0 : TT = 0.140039, pt = 0.000148, dt = 0.132572, ct = 0.005983, ndl = 22717', bdl = 1985675', odl = 32766', odf = 397775', bsi = 1443', cnt = 148485', bdch = 14777502', odch = 857310', lcp = 350181', #sols = 150
<DWph=0> <it= 18> <et=13.50> <Mt= 0.01> <Spt= 0.30> <nCl= 28> <al=0.00> <DB= 2970.9064> <Mlp= 2970.9064> <PB=10000000> 
RCSP solver dynamic params and stats :  bidir.bord. = 375 aver.obdmd = 98.5902 aver.buck.num. = 101
@@ 1 2 2970.91 0.140862 0.143705 92.9561 13.5
    Full reduced cost fixing is not called (gap ratio is 0.999999)
ColGenEvalAlg final dual bound: 2970.91 (rounded: 2971)
False gap improvement since the last cut separation : 0.00873981 (2968.31)
Cut generation tailing off counter increased to 1
Current active cuts : CAP(1+19,815.729)
Shrinking heuristic shrunk 54 edges
In total 3 RCC cut(s) are found by the Fractional capacity min-cut heuristic 
In total 18 RCC cut(s) are found by the greedy construction heuristic 
In total 10 RCC cut(s) are found by the global pool greedy search heuristic 
----- Add fac. cuts : CAP(31), max.viol = 0.282691, aver.viol = 0.0666328, sep/add took 0.0215762/0.108128 sec. -----
8172 columns (8172 active), 133 dyn. constrs. (99 active), 417 art. vars. (341 active)
<DWph=2> <it=  1> <et=13.79> <Mt= 0.03> <Spt= 0.03> <nCl=  8> <al=0.50> <DB= 2913.9480> <Mlp= 2972.1093> <PB=10000000> 
<DWph=2> <it=  2> <et=13.88> <Mt= 0.01> <Spt= 0.09> <nCl= 17> <al=0.10> <DB= 2781.8626> <Mlp= 2972.1093> <PB=10000000> 
<DWph=2> <it=  3> <et=13.95> <Mt= 0.00> <Spt= 0.07> <nCl=  5> <al=0.00> <DB= 2928.9679> <Mlp= 2972.0852> <PB=10000000> 
<DWph=2> <it=  4> <et=14.03> <Mt= 0.01> <Spt= 0.07> <nCl=  1> <al=0.00> <DB= 2972.0852> <Mlp= 2972.0852> <PB=10000000> 
<DWph=1> <it=  5> <et=14.11> <Mt= 0.00> <Spt= 0.08> <nCl= 16> <al=0.25> <DB= 2564.5393> <Mlp= 2972.0852> <PB=10000000> 
<DWph=1> <it=  6> <et=14.23> <Mt= 0.04> <Spt= 0.08> <nCl= 30> <al=0.15> <DB=-1115.3581> <Mlp= 2972.0526> <PB=10000000> 
<DWph=1> <it=  7> <et=14.32> <Mt= 0.01> <Spt= 0.08> <nCl= 30> <al=0.24> <DB= 1772.9236> <Mlp= 2972.0526> <PB=10000000> 
<DWph=1> <it=  8> <et=14.42> <Mt= 0.01> <Spt= 0.08> <nCl= 15> <al=0.31> <DB= 2799.5915> <Mlp= 2972.0526> <PB=10000000> 
<DWph=1> <it=  9> <et=14.50> <Mt= 0.01> <Spt= 0.08> <nCl= 10> <al=0.38> <DB= 2649.6949> <Mlp= 2972.0526> <PB=10000000> 
<DWph=1> <it= 10> <et=14.59> <Mt= 0.00> <Spt= 0.08> <nCl=  4> <al=0.44> <DB= 2894.5127> <Mlp= 2972.0526> <PB=10000000> 
<DWph=1> <it= 11> <et=14.67> <Mt= 0.01> <Spt= 0.08> <nCl=  7> <al=0.34> <DB= 2732.8182> <Mlp= 2972.0511> <PB=10000000> 
<DWph=1> <it= 12> <et=14.76> <Mt= 0.01> <Spt= 0.08> <nCl=  3> <al=0.41> <DB= 2940.9222> <Mlp= 2972.0511> <PB=10000000> 
<DWph=1> <it= 13> <et=14.84> <Mt= 0.00> <Spt= 0.08> <nCl=  4> <al=0.31> <DB= 2804.9691> <Mlp= 2972.0511> <PB=10000000> 
<DWph=1> <it= 14> <et=14.93> <Mt= 0.01> <Spt= 0.08> <nCl=  5> <al=0.38> <DB= 2899.7380> <Mlp= 2972.0511> <PB=10000000> 
<DWph=1> <it= 15> <et=15.01> <Mt= 0.00> <Spt= 0.08> <nCl=  2> <al=0.28> <DB= 2843.0480> <Mlp= 2972.0511> <PB=10000000> 
<DWph=1> <it= 16> <et=15.18> <Mt= 0.01> <Spt= 0.16> <nCl=  8> <al=0.00> <DB= 2915.8738> <Mlp= 2972.0511> <PB=10000000> 
<DWph=1> <it= 17> <et=15.35> <Mt= 0.00> <Spt= 0.16> <nCl=  1> <al=0.00> <DB= 2972.0511> <Mlp= 2972.0511> <PB=10000000> 
    RCSP exact solver info for graph G_0 : TT = 0.154446, pt = 0.000174, dt = 0.146444, ct = 0.00658, ndl = 23774', bdl = 2046256', odl = 32090', odf = 414552', bsi = 1546', cnt = 177956', bdch = 15432672', odch = 945938', lcp = 363941', #sols = 150
<DWph=0> <it= 18> <et=15.52> <Mt= 0.01> <Spt= 0.17> <nCl=141> <al=0.15> <DB= 2483.4937> <Mlp= 2972.0511> <PB=10000000> 
    RCSP exact solver info for graph G_0 : TT = 0.150472, pt = 0.000207, dt = 0.141086, ct = 0.007812, ndl = 22874', bdl = 1963477', odl = 32235', odf = 406386', bsi = 1455', cnt = 193570', bdch = 14464454', odch = 878592', lcp = 344355', #sols = 150
<DWph=0> <it= 19> <et=15.70> <Mt= 0.02> <Spt= 0.16> <nCl= 57> <al=0.05> <DB= 2824.2642> <Mlp= 2972.0297> <PB=10000000> 
    RCSP exact solver info for graph G_0 : TT = 0.147702, pt = 0.000198, dt = 0.139269, ct = 0.007017, ndl = 23723', bdl = 2037638', odl = 32844', odf = 405186', bsi = 1249', cnt = 208254', bdch = 15514650', odch = 921346', lcp = 359625', #sols = 150
<DWph=0> <it= 20> <et=15.86> <Mt= 0.00> <Spt= 0.16> <nCl= 35> <al=0.14> <DB= 2949.0454> <Mlp= 2972.0285> <PB=10000000> 
    RCSP exact solver info for graph G_0 : TT = 0.141028, pt = 0.000196, dt = 0.133188, ct = 0.006411, ndl = 23432', bdl = 2008110', odl = 32487', odf = 413149', bsi = 1460', cnt = 205028', bdch = 15102386', odch = 917535', lcp = 355585', #sols = 150
    RCSP exact solver info for graph G_0 : TT = 0.136551, pt = 0.000141, dt = 0.128674, ct = 0.00653, ndl = 22788', bdl = 1956707', odl = 32362', odf = 408842', bsi = 1560', cnt = 204320', bdch = 14436122', odch = 896788', lcp = 350797', #sols = 150
<DWph=0> <it= 21> <et=16.16> <Mt= 0.01> <Spt= 0.29> <nCl= 13> <al=0.00> <DB= 2972.0284> <Mlp= 2972.0284> <PB=10000000> 
RCSP solver dynamic params and stats :  bidir.bord. = 375 aver.obdmd = 98.5902 aver.buck.num. = 101
@@ 1 3 2972.03 0.144602 0.153024 92.9561 16.16
    Full reduced cost fixing is not called (gap ratio is 0.999999)
ColGenEvalAlg final dual bound: 2972.03 (rounded: 2973)
False gap improvement since the last cut separation : 0.00377646 (2970.91)
Cut generation tailing off counter increased to 2
Current active cuts : CAP(1+21,1478.82)
Shrinking heuristic shrunk 48 edges
In total 2 RCC cut(s) are found by the greedy construction heuristic 
In total 11 RCC cut(s) are found by the global pool greedy search heuristic 
----- Add fac. cuts : CAP(13), max.viol = 0.0943625, aver.viol = 0.0549911, sep/add took 0.0257736/0.0614317 sec. -----
8584 columns (8584 active), 112 dyn. constrs. (76 active), 430 art. vars. (318 active)
<DWph=2> <it=  1> <et=16.41> <Mt= 0.02> <Spt= 0.07> <nCl=  9> <al=0.00> <DB= 2969.5556> <Mlp= 2972.4052> <PB=10000000> 
<DWph=2> <it=  2> <et=16.48> <Mt= 0.00> <Spt= 0.06> <nCl=  9> <al=0.00> <DB= 2969.5556> <Mlp= 2972.4052> <PB=10000000> 
<DWph=2> <it=  3> <et=16.55> <Mt= 0.00> <Spt= 0.07> <nCl= 11> <al=0.00> <DB= 2972.4041> <Mlp= 2972.4041> <PB=10000000> 
<DWph=1> <it=  4> <et=16.63> <Mt= 0.01> <Spt= 0.07> <nCl= 13> <al=0.20> <DB= 2885.4966> <Mlp= 2972.4041> <PB=10000000> 
<DWph=1> <it=  5> <et=16.71> <Mt= 0.00> <Spt= 0.08> <nCl=  7> <al=0.28> <DB= 2934.7766> <Mlp= 2972.3888> <PB=10000000> 
<DWph=1> <it=  6> <et=16.86> <Mt= 0.01> <Spt= 0.14> <nCl=  2> <al=0.00> <DB= 2965.3186> <Mlp= 2972.3888> <PB=10000000> 
<DWph=1> <it=  7> <et=17.01> <Mt= 0.00> <Spt= 0.15> <nCl=  0> <al=0.00> <DB= 2972.3888> <Mlp= 2972.3888> <PB=10000000> 
    RCSP exact solver info for graph G_0 : TT = 0.132784, pt = 0.000154, dt = 0.124829, ct = 0.006456, ndl = 22040', bdl = 1885362', odl = 32490', odf = 391199', bsi = 1302', cnt = 173553', bdch = 13858373', odch = 830786', lcp = 339526', #sols = 150
<DWph=0> <it=  8> <et=17.16> <Mt= 0.00> <Spt= 0.15> <nCl= 63> <al=0.15> <DB= 2858.0975> <Mlp= 2972.3888> <PB=10000000> 
    RCSP exact solver info for graph G_0 : TT = 0.131033, pt = 0.000204, dt = 0.12338, ct = 0.006246, ndl = 22191', bdl = 1894239', odl = 32501', odf = 392702', bsi = 1297', cnt = 184251', bdch = 13988862', odch = 839827', lcp = 340936', #sols = 150
    RCSP exact solver info for graph G_0 : TT = 0.134388, pt = 0.00014, dt = 0.126039, ct = 0.007028, ndl = 22184', bdl = 1893347', odl = 32509', odf = 392691', bsi = 1314', cnt = 180617', bdch = 13978268', odch = 839917', lcp = 340873', #sols = 150
<DWph=0> <it=  9> <et=17.44> <Mt= 0.01> <Spt= 0.27> <nCl=  4> <al=0.00> <DB= 2972.3888> <Mlp= 2972.3888> <PB=10000000> 
RCSP solver dynamic params and stats :  bidir.bord. = 375 aver.obdmd = 98.5902 aver.buck.num. = 101
@@ 1 4 2972.39 0.131326 0.133067 92.9561 17.44
    Full reduced cost fixing is not called (gap ratio is 0.999999)
ColGenEvalAlg final dual bound: 2972.39 (rounded: 2973)
False gap improvement since the last cut separation : 0.00121283 (2972.03)
----- Cut separators priority level decreased to 1-----
Current active cuts : CAP(1+22,1470.87)
Shrinking heuristic shrunk 49 edges
In total 1 RCC cut(s) are found by the global pool greedy search heuristic 
25 Rank-1 1-rows pack. cuts added ,  max viol. = 0.269714, aver. viol. = 0.114161
150 Rank-1 3-rows pack. cuts added ,  max viol. = 0.356536, aver. viol. = 0.227521
----- Add fac. cuts : CAP(1) R1C(175), max.viol = 0.358098, aver.viol = 0.217242, sep/add took 0.0267459/0.353361 sec. -----
8702 columns (8702 active), 252 dyn. constrs. (239 active), 606 art. vars. (481 active)
<DWph=2> <it=  1> <et=18.05> <Mt= 0.10> <Spt= 0.05> <nCl= 28> <al=0.50> <DB= 1942.8102> <Mlp= 2980.3661> <PB=10000000> 
<DWph=2> <it=  2> <et=18.12> <Mt= 0.04> <Spt= 0.04> <nCl= 23> <al=0.55> <DB= 2597.7182> <Mlp= 2979.5366> <PB=10000000> 
<DWph=2> <it=  3> <et=18.18> <Mt= 0.00> <Spt= 0.05> <nCl= 12> <al=0.60> <DB= 2737.5237> <Mlp= 2979.5275> <PB=10000000> 
<DWph=2> <it=  4> <et=18.23> <Mt= 0.01> <Spt= 0.05> <nCl= 11> <al=0.64> <DB= 2964.7575> <Mlp= 2979.4183> <PB=10000000> 
<DWph=2> <it=  5> <et=18.33> <Mt= 0.01> <Spt= 0.09> <nCl= 25> <al=0.34> <DB= 2625.0663> <Mlp= 2979.4176> <PB=10000000> 
<DWph=2> <it=  6> <et=18.52> <Mt= 0.14> <Spt= 0.05> <nCl= 29> <al=0.57> <DB= 1436.5543> <Mlp= 2978.7879> <PB=10000000> 
<DWph=2> <it=  7> <et=18.66> <Mt= 0.10> <Spt= 0.04> <nCl= 10> <al=0.61> <DB= 2466.5432> <Mlp= 2978.7879> <PB=10000000> 
<DWph=2> <it=  8> <et=18.83> <Mt= 0.11> <Spt= 0.05> <nCl= 22> <al=0.65> <DB= 2013.1226> <Mlp= 2978.7578> <PB=10000000> 
<DWph=2> <it=  9> <et=18.93> <Mt= 0.06> <Spt= 0.05> <nCl= 25> <al=0.69> <DB= 1783.2382> <Mlp= 2978.7578> <PB=10000000> 
<DWph=2> <it= 10> <et=19.07> <Mt= 0.09> <Spt= 0.04> <nCl=  7> <al=0.72> <DB= 2795.8365> <Mlp= 2978.7578> <PB=10000000> 
<DWph=2> <it= 11> <et=19.20> <Mt= 0.08> <Spt= 0.04> <nCl=  4> <al=0.75> <DB= 2975.7206> <Mlp= 2978.7538> <PB=10000000> 
<DWph=2> <it= 12> <et=19.25> <Mt= 0.01> <Spt= 0.05> <nCl= 13> <al=0.65> <DB= 2483.8183> <Mlp= 2978.7538> <PB=10000000> 
<DWph=2> <it= 13> <et=19.30> <Mt= 0.01> <Spt= 0.04> <nCl= 10> <al=0.68> <DB= 2375.1686> <Mlp= 2978.7538> <PB=10000000> 
<DWph=2> <it= 14> <et=19.35> <Mt= 0.01> <Spt= 0.05> <nCl=  2> <al=0.71> <DB= 2976.5873> <Mlp= 2978.7538> <PB=10000000> 
<DWph=2> <it= 15> <et=19.40> <Mt= 0.00> <Spt= 0.04> <nCl= 14> <al=0.61> <DB= 2748.5929> <Mlp= 2978.7538> <PB=10000000> 
<DWph=2> <it= 16> <et=19.47> <Mt= 0.02> <Spt= 0.05> <nCl=  4> <al=0.65> <DB= 2977.2840> <Mlp= 2978.5943> <PB=10000000> 
<DWph=2> <it= 17> <et=19.53> <Mt= 0.01> <Spt= 0.05> <nCl= 15> <al=0.55> <DB= 2456.5015> <Mlp= 2978.5844> <PB=10000000> 
<DWph=2> <it= 18> <et=19.69> <Mt= 0.11> <Spt= 0.05> <nCl= 12> <al=0.60> <DB= 2685.8328> <Mlp= 2978.5231> <PB=10000000> 
<DWph=2> <it= 19> <et=19.75> <Mt= 0.01> <Spt= 0.05> <nCl=  3> <al=0.64> <DB= 2896.6492> <Mlp= 2978.4877> <PB=10000000> 
<DWph=2> <it= 20> <et=19.86> <Mt= 0.01> <Spt= 0.09> <nCl= 18> <al=0.35> <DB= 2771.6179> <Mlp= 2978.4058> <PB=10000000> 
<DWph=2> <it= 21> <et=20.11> <Mt= 0.16> <Spt= 0.09> <nCl= 21> <al=0.15> <DB= 2423.0562> <Mlp= 2978.4009> <PB=10000000> 
<DWph=2> <it= 22> <et=20.18> <Mt= 0.03> <Spt= 0.05> <nCl=  3> <al=0.47> <DB= 2909.8652> <Mlp= 2978.3869> <PB=10000000> 
<DWph=2> <it= 23> <et=20.23> <Mt= 0.00> <Spt= 0.04> <nCl=  8> <al=0.37> <DB= 2896.2236> <Mlp= 2978.3869> <PB=10000000> 
<DWph=2> <it= 24> <et=20.39> <Mt= 0.11> <Spt= 0.05> <nCl= 13> <al=0.44> <DB= 2914.9039> <Mlp= 2978.3102> <PB=10000000> 
<DWph=2> <it= 25> <et=20.45> <Mt= 0.01> <Spt= 0.05> <nCl=  4> <al=0.49> <DB= 2965.6601> <Mlp= 2978.3102> <PB=10000000> 
<DWph=2> <it= 26> <et=20.56> <Mt= 0.01> <Spt= 0.11> <nCl= 30> <al=0.00> <DB= 1465.5036> <Mlp= 2978.3102> <PB=10000000> 
<DWph=2> <it= 27> <et=20.66> <Mt= 0.05> <Spt= 0.05> <nCl= 11> <al=0.29> <DB= 2385.0718> <Mlp= 2978.2829> <PB=10000000> 
<DWph=2> <it= 28> <et=20.72> <Mt= 0.01> <Spt= 0.05> <nCl=  3> <al=0.36> <DB= 2887.5269> <Mlp= 2978.2829> <PB=10000000> 
<DWph=2> <it= 29> <et=20.78> <Mt= 0.01> <Spt= 0.04> <nCl=  2> <al=0.43> <DB= 2936.9862> <Mlp= 2978.2582> <PB=10000000> 
<DWph=2> <it= 30> <et=20.84> <Mt= 0.01> <Spt= 0.06> <nCl=  2> <al=0.33> <DB= 2932.0325> <Mlp= 2978.2582> <PB=10000000> 
<DWph=2> <it= 31> <et=20.90> <Mt= 0.00> <Spt= 0.05> <nCl=  4> <al=0.23> <DB= 2778.8539> <Mlp= 2978.2582> <PB=10000000> 
<DWph=2> <it= 32> <et=20.96> <Mt= 0.01> <Spt= 0.06> <nCl=  1> <al=0.30> <DB= 2935.2427> <Mlp= 2978.2582> <PB=10000000> 
<DWph=2> <it= 33> <et=21.02> <Mt= 0.00> <Spt= 0.05> <nCl=  3> <al=0.20> <DB= 2949.3663> <Mlp= 2978.2582> <PB=10000000> 
<DWph=2> <it= 34> <et=21.08> <Mt= 0.01> <Spt= 0.05> <nCl=  4> <al=0.10> <DB= 2928.9464> <Mlp= 2978.2582> <PB=10000000> 
<DWph=2> <it= 35> <et=21.18> <Mt= 0.00> <Spt= 0.10> <nCl= 16> <al=0.00> <DB= 2788.4477> <Mlp= 2978.2582> <PB=10000000> 
<DWph=2> <it= 36> <et=21.24> <Mt= 0.01> <Spt= 0.05> <nCl=  9> <al=0.09> <DB= 2964.9666> <Mlp= 2978.2581> <PB=10000000> 
<DWph=2> <it= 37> <et=21.28> <Mt= 0.01> <Spt= 0.04> <nCl=  7> <al=0.00> <DB= 2582.2039> <Mlp= 2978.2574> <PB=10000000> 
<DWph=2> <it= 38> <et=21.34> <Mt= 0.00> <Spt= 0.05> <nCl=  3> <al=0.09> <DB= 2778.4685> <Mlp= 2978.2574> <PB=10000000> 
<DWph=2> <it= 39> <et=21.39> <Mt= 0.01> <Spt= 0.05> <nCl=  2> <al=0.19> <DB= 2835.7671> <Mlp= 2978.2574> <PB=10000000> 
<DWph=2> <it= 40> <et=21.48> <Mt= 0.00> <Spt= 0.08> <nCl=  8> <al=0.00> <DB= 2892.2454> <Mlp= 2978.2574> <PB=10000000> 
<DWph=2> <it= 41> <et=21.58> <Mt= 0.01> <Spt= 0.09> <nCl=  2> <al=0.00> <DB= 2978.2574> <Mlp= 2978.2574> <PB=10000000> 
<DWph=1> <it= 42> <et=21.68> <Mt= 0.00> <Spt= 0.10> <nCl= 10> <al=0.07> <DB= 2645.4390> <Mlp= 2978.2574> <PB=10000000> 
<DWph=1> <it= 43> <et=21.80> <Mt= 0.01> <Spt= 0.11> <nCl= 12> <al=0.16> <DB= 2850.1948> <Mlp= 2978.2206> <PB=10000000> 
<DWph=1> <it= 44> <et=22.00> <Mt= 0.01> <Spt= 0.20> <nCl=  4> <al=0.00> <DB= 2978.2075> <Mlp= 2978.2075> <PB=10000000> 
    RCSP exact solver info for graph G_0 : TT = 0.270452, pt = 0.000643, dt = 0.256815, ct = 0.011757, ndl = 29896', bdl = 2496045', odl = 35363', odf = 500136', bsi = 1416', cnt = 282890', bdch = 22210218', odch = 1471526', lcp = 526653', #sols = 150
<DWph=0> <it= 45> <et=22.30> <Mt= 0.00> <Spt= 0.29> <nCl=107> <al=0.00> <DB= 2620.5161> <Mlp= 2978.2075> <PB=10000000> 
    RCSP exact solver info for graph G_0 : TT = 0.216056, pt = 0.000842, dt = 0.199902, ct = 0.014102, ndl = 31576', bdl = 2619515', odl = 36195', odf = 518745', bsi = 1499', cnt = 330927', bdch = 24448639', odch = 1632050', lcp = 590782', #sols = 150
<DWph=0> <it= 46> <et=22.55> <Mt= 0.02> <Spt= 0.23> <nCl= 98> <al=0.06> <DB= 2574.4694> <Mlp= 2978.1510> <PB=10000000> 
    RCSP exact solver info for graph G_0 : TT = 0.207418, pt = 0.000822, dt = 0.192459, ct = 0.012998, ndl = 31484', bdl = 2634247', odl = 36504', odf = 528070', bsi = 1452', cnt = 321398', bdch = 24300422', odch = 1652573', lcp = 588094', #sols = 150
<DWph=0> <it= 47> <et=22.78> <Mt= 0.01> <Spt= 0.23> <nCl= 77> <al=0.16> <DB= 2795.3872> <Mlp= 2978.1475> <PB=10000000> 
    RCSP exact solver info for graph G_0 : TT = 0.203555, pt = 0.000838, dt = 0.188925, ct = 0.012542, ndl = 31728', bdl = 2649194', odl = 36510', odf = 529146', bsi = 1474', cnt = 323242', bdch = 24530103', odch = 1663832', lcp = 592673', #sols = 150
<DWph=0> <it= 48> <et=23.01> <Mt= 0.01> <Spt= 0.21> <nCl= 30> <al=0.24> <DB= 2900.7346> <Mlp= 2978.1475> <PB=10000000> 
    RCSP exact solver info for graph G_0 : TT = 0.202853, pt = 0.000805, dt = 0.188065, ct = 0.012819, ndl = 31857', bdl = 2673099', odl = 36609', odf = 528996', bsi = 1460', cnt = 316503', bdch = 24927915', odch = 1661959', lcp = 597732', #sols = 150
<DWph=0> <it= 49> <et=23.23> <Mt= 0.00> <Spt= 0.21> <nCl= 33> <al=0.14> <DB= 2921.2743> <Mlp= 2978.1386> <PB=10000000> 
    RCSP exact solver info for graph G_0 : TT = 0.218502, pt = 0.000833, dt = 0.201988, ct = 0.014319, ndl = 32421', bdl = 2711435', odl = 36531', odf = 534400', bsi = 1509', cnt = 333687', bdch = 25451099', odch = 1721643', lcp = 613979', #sols = 150
    RCSP exact solver info for graph G_0 : TT = 0.209823, pt = 0.000805, dt = 0.194081, ct = 0.013661, ndl = 32566', bdl = 2731736', odl = 36765', odf = 537114', bsi = 1447', cnt = 329399', bdch = 25792468', odch = 1726703', lcp = 614798', #sols = 150
<DWph=0> <it= 50> <et=23.68> <Mt= 0.01> <Spt= 0.45> <nCl= 53> <al=0.00> <DB= 2978.1385> <Mlp= 2978.1385> <PB=10000000> 
RCSP solver dynamic params and stats :  bidir.bord. = 375 aver.obdmd = 98.5902 aver.buck.num. = 101 nbR1C = 22 with avMem = 12.9091
@@ 1 5 2978.14 0.216348 0.268572 92.9561 23.68
    Full reduced cost fixing is not called (gap ratio is 0.999998)
ColGenEvalAlg final dual bound: 2978.14 (rounded: 2979)
False gap improvement since the last cut separation : 0.0193436 (2972.39)
Current active cuts : CAP(1+15,916.157) R1C(8+14,75.6473) 1rowPackR1C(8) 3rowPackR1C(14)
In total 2 RCC cut(s) are found by the connected components heuristic 
Shrinking heuristic shrunk 62 edges
In total 13 RCC cut(s) are found by the Fractional capacity min-cut heuristic 
In total 43 RCC cut(s) are found by the greedy construction heuristic 
In total 21 RCC cut(s) are found by the global pool greedy search heuristic 
7 Rank-1 1-rows pack. cuts added ,  max viol. = 0.0969303, aver. viol. = 0.0655697
150 Rank-1 3-rows pack. cuts added ,  max viol. = 0.401428, aver. viol. = 0.220364
----- Add fac. cuts : CAP(79) R1C(157), max.viol = 0.421426, aver.viol = 0.198651, sep/add took 0.0275811/0.885445 sec. -----
9569 columns (9569 active), 475 dyn. constrs. (316 active), 842 art. vars. (558 active)
<DWph=2> <it=  1> <et=24.82> <Mt= 0.13> <Spt= 0.06> <nCl= 22> <al=0.50> <DB= 2385.4592> <Mlp= 2988.5343> <PB=10000000> 
<DWph=2> <it=  2> <et=24.97> <Mt= 0.09> <Spt= 0.06> <nCl= 19> <al=0.55> <DB= 2237.0479> <Mlp= 2987.1704> <PB=10000000> 
<DWph=2> <it=  3> <et=25.12> <Mt= 0.09> <Spt= 0.05> <nCl=  4> <al=0.60> <DB= 2932.6724> <Mlp= 2985.8766> <PB=10000000> 
<DWph=2> <it=  4> <et=25.20> <Mt= 0.03> <Spt= 0.05> <nCl=  7> <al=0.64> <DB= 2976.9343> <Mlp= 2985.7525> <PB=10000000> 
<DWph=2> <it=  5> <et=25.31> <Mt= 0.01> <Spt= 0.10> <nCl= 23> <al=0.34> <DB= 2216.2530> <Mlp= 2985.7504> <PB=10000000> 
<DWph=2> <it=  6> <et=25.38> <Mt= 0.01> <Spt= 0.06> <nCl= 12> <al=0.57> <DB= 2982.8250> <Mlp= 2985.7504> <PB=10000000> 
<DWph=2> <it=  7> <et=25.47> <Mt= 0.04> <Spt= 0.05> <nCl= 24> <al=0.47> <DB= 2501.7671> <Mlp= 2985.4684> <PB=10000000> 
<DWph=2> <it=  8> <et=25.54> <Mt= 0.02> <Spt= 0.05> <nCl= 11> <al=0.52> <DB= 2891.0251> <Mlp= 2985.3964> <PB=10000000> 
<DWph=2> <it=  9> <et=25.63> <Mt= 0.03> <Spt= 0.06> <nCl=  8> <al=0.57> <DB= 2969.4811> <Mlp= 2985.1438> <PB=10000000> 
<DWph=2> <it= 10> <et=25.69> <Mt= 0.01> <Spt= 0.05> <nCl=  6> <al=0.62> <DB= 2983.7154> <Mlp= 2985.1380> <PB=10000000> 
<DWph=2> <it= 11> <et=25.75> <Mt= 0.01> <Spt= 0.05> <nCl=  4> <al=0.52> <DB= 2977.2457> <Mlp= 2985.1380> <PB=10000000> 
<DWph=2> <it= 12> <et=25.87> <Mt= 0.02> <Spt= 0.10> <nCl= 12> <al=0.13> <DB= 2813.0173> <Mlp= 2985.1272> <PB=10000000> 
<DWph=2> <it= 13> <et=25.98> <Mt= 0.01> <Spt= 0.10> <nCl= 13> <al=0.00> <DB= 2860.9724> <Mlp= 2985.1272> <PB=10000000> 
<DWph=2> <it= 14> <et=26.04> <Mt= 0.00> <Spt= 0.05> <nCl=  2> <al=0.36> <DB= 2951.9680> <Mlp= 2985.1272> <PB=10000000> 
<DWph=2> <it= 15> <et=26.15> <Mt= 0.01> <Spt= 0.11> <nCl=  5> <al=0.00> <DB= 2965.9325> <Mlp= 2985.1272> <PB=10000000> 
<DWph=2> <it= 16> <et=26.26> <Mt= 0.01> <Spt= 0.10> <nCl=  1> <al=0.00> <DB= 2985.1272> <Mlp= 2985.1272> <PB=10000000> 
<DWph=1> <it= 17> <et=26.38> <Mt= 0.00> <Spt= 0.12> <nCl= 17> <al=0.23> <DB= 2786.3792> <Mlp= 2985.1272> <PB=10000000> 
<DWph=1> <it= 18> <et=26.51> <Mt= 0.02> <Spt= 0.11> <nCl= 10> <al=0.13> <DB= 2921.4565> <Mlp= 2985.1243> <PB=10000000> 
<DWph=1> <it= 19> <et=26.63> <Mt= 0.01> <Spt= 0.11> <nCl=  8> <al=0.21> <DB= 2951.4502> <Mlp= 2985.1237> <PB=10000000> 
<DWph=1> <it= 20> <et=26.76> <Mt= 0.01> <Spt= 0.11> <nCl= 11> <al=0.11> <DB= 2747.6833> <Mlp= 2985.1234> <PB=10000000> 
<DWph=1> <it= 21> <et=26.88> <Mt= 0.02> <Spt= 0.11> <nCl=  4> <al=0.20> <DB= 2881.0781> <Mlp= 2985.0959> <PB=10000000> 
<DWph=1> <it= 22> <et=27.11> <Mt= 0.01> <Spt= 0.22> <nCl=  2> <al=0.00> <DB= 2968.6662> <Mlp= 2985.0959> <PB=10000000> 
<DWph=1> <it= 23> <et=27.35> <Mt= 0.01> <Spt= 0.23> <nCl=  0> <al=0.00> <DB= 2985.0959> <Mlp= 2985.0959> <PB=10000000> 
    RCSP exact solver info for graph G_0 : TT = 0.233687, pt = 0.001031, dt = 0.217805, ct = 0.013582, ndl = 33876', bdl = 2884722', odl = 38653', odf = 536967', bsi = 1398', cnt = 342856', bdch = 27750835', odch = 1867023', lcp = 694190', #sols = 150
<DWph=0> <it= 24> <et=27.63> <Mt= 0.00> <Spt= 0.27> <nCl=150> <al=0.00> <DB= 2362.5070> <Mlp= 2985.0959> <PB=10000000> 
    RCSP exact solver info for graph G_0 : TT = 0.269555, pt = 0.001198, dt = 0.253187, ct = 0.013886, ndl = 37823', bdl = 3211073', odl = 38685', odf = 564249', bsi = 1758', cnt = 334112', bdch = 33686853', odch = 2232612', lcp = 804645', #sols = 150
<DWph=0> <it= 25> <et=28.15> <Mt= 0.22> <Spt= 0.30> <nCl=150> <al=0.00> <DB= 1249.0130> <Mlp= 2983.0489> <PB=10000000> 
    RCSP exact solver info for graph G_0 : TT = 0.248415, pt = 0.001022, dt = 0.231795, ct = 0.014235, ndl = 38757', bdl = 3272504', odl = 39197', odf = 582337', bsi = 1395', cnt = 391508', bdch = 34752729', odch = 2488676', lcp = 837217', #sols = 150
<DWph=0> <it= 26> <et=28.46> <Mt= 0.01> <Spt= 0.28> <nCl=150> <al=0.01> <DB= 2401.8037> <Mlp= 2983.0489> <PB=10000000> 
    RCSP exact solver info for graph G_0 : TT = 0.242883, pt = 0.001078, dt = 0.226053, ct = 0.014348, ndl = 37395', bdl = 3165056', odl = 38840', odf = 580206', bsi = 1467', cnt = 382156', bdch = 32308068', odch = 2301838', lcp = 770056', #sols = 150
<DWph=0> <it= 27> <et=28.76> <Mt= 0.03> <Spt= 0.28> <nCl=117> <al=0.11> <DB= 2888.8891> <Mlp= 2983.0005> <PB=10000000> 
    RCSP exact solver info for graph G_0 : TT = 0.240578, pt = 0.001293, dt = 0.222605, ct = 0.015246, ndl = 35545', bdl = 3029402', odl = 39304', odf = 567380', bsi = 1394', cnt = 343226', bdch = 30174627', odch = 2074356', lcp = 697671', #sols = 150
<DWph=0> <it= 28> <et=29.04> <Mt= 0.02> <Spt= 0.26> <nCl= 57> <al=0.20> <DB= 2746.1137> <Mlp= 2982.9585> <PB=10000000> 
    RCSP exact solver info for graph G_0 : TT = 0.25231, pt = 0.001118, dt = 0.234811, ct = 0.014912, ndl = 36020', bdl = 3064569', odl = 38730', odf = 570550', bsi = 1376', cnt = 363658', bdch = 30465605', odch = 2143819', lcp = 712727', #sols = 150
    RCSP exact solver info for graph G_0 : TT = 0.223427, pt = 0.000955, dt = 0.208945, ct = 0.012317, ndl = 34899', bdl = 2989297', odl = 38823', odf = 552157', bsi = 1317', cnt = 336863', bdch = 29255763', odch = 2019697', lcp = 679107', #sols = 150
<DWph=0> <it= 29> <et=29.56> <Mt= 0.01> <Spt= 0.50> <nCl=116> <al=0.00> <DB= 2982.9584> <Mlp= 2982.9584> <PB=10000000> 
RCSP solver dynamic params and stats :  bidir.bord. = 375 aver.obdmd = 98.5902 aver.buck.num. = 101 nbR1C = 27 with avMem = 13.1111
@@ 1 6 2982.96 0.241961 0.267073 92.9561 29.56
    Full reduced cost fixing is not called (gap ratio is 0.999998)
ColGenEvalAlg final dual bound: 2982.96 (rounded: 2983)
False gap improvement since the last cut separation : 0.0161841 (2978.14)
Current active cuts : CAP(1+18,937.933) R1C(8+19,116.441) 1rowPackR1C(8) 3rowPackR1C(19)
In total 1 RCC cut(s) are found by the connected components heuristic 
Shrinking heuristic shrunk 47 edges
In total 11 RCC cut(s) are found by the greedy construction heuristic 
In total 3 RCC cut(s) are found by the global pool greedy search heuristic 
19 Rank-1 1-rows pack. cuts added ,  max viol. = 0.109564, aver. viol. = 0.0632708
150 Rank-1 3-rows pack. cuts added ,  max viol. = 0.36582, aver. viol. = 0.178952
----- Add fac. cuts : CAP(15) R1C(169), max.viol = 0.371557, aver.viol = 0.17183, sep/add took 0.0299569/0.362212 sec. -----
10532 columns (7102 active), 510 dyn. constrs. (271 active), 1026 art. vars. (513 active)
<DWph=2> <it=  1> <et=30.17> <Mt= 0.11> <Spt= 0.08> <nCl= 18> <al=0.50> <DB= 2689.7909> <Mlp= 2986.8237> <PB=10000000> 
<DWph=2> <it=  2> <et=30.31> <Mt= 0.08> <Spt= 0.06> <nCl= 11> <al=0.55> <DB= 2960.4927> <Mlp= 2986.4600> <PB=10000000> 
<DWph=2> <it=  3> <et=30.38> <Mt= 0.01> <Spt= 0.06> <nCl=  2> <al=0.60> <DB= 2984.3758> <Mlp= 2986.4581> <PB=10000000> 
<DWph=2> <it=  4> <et=30.46> <Mt= 0.00> <Spt= 0.07> <nCl= 15> <al=0.50> <DB= 2070.1405> <Mlp= 2986.4581> <PB=10000000> 
<DWph=2> <it=  5> <et=30.53> <Mt= 0.01> <Spt= 0.06> <nCl= 10> <al=0.55> <DB= 2925.9079> <Mlp= 2986.4581> <PB=10000000> 
<DWph=2> <it=  6> <et=30.66> <Mt= 0.01> <Spt= 0.12> <nCl= 17> <al=0.18> <DB= 2320.8462> <Mlp= 2986.4581> <PB=10000000> 
<DWph=2> <it=  7> <et=30.75> <Mt= 0.03> <Spt= 0.06> <nCl=  9> <al=0.49> <DB= 2792.3537> <Mlp= 2986.4162> <PB=10000000> 
<DWph=2> <it=  8> <et=30.81> <Mt= 0.01> <Spt= 0.06> <nCl=  2> <al=0.54> <DB= 2834.8081> <Mlp= 2986.4153> <PB=10000000> 
<DWph=2> <it=  9> <et=30.95> <Mt= 0.00> <Spt= 0.13> <nCl= 20> <al=0.18> <DB= 2557.9419> <Mlp= 2986.4153> <PB=10000000> 
<DWph=2> <it= 10> <et=31.07> <Mt= 0.05> <Spt= 0.07> <nCl= 15> <al=0.49> <DB= 2742.1888> <Mlp= 2986.2662> <PB=10000000> 
<DWph=2> <it= 11> <et=31.16> <Mt= 0.02> <Spt= 0.07> <nCl= 12> <al=0.54> <DB= 2762.5894> <Mlp= 2986.2275> <PB=10000000> 
<DWph=2> <it= 12> <et=31.24> <Mt= 0.02> <Spt= 0.06> <nCl=  2> <al=0.59> <DB= 2702.0112> <Mlp= 2986.2161> <PB=10000000> 
<DWph=2> <it= 13> <et=31.38> <Mt= 0.02> <Spt= 0.12> <nCl=  5> <al=0.25> <DB= 2564.8518> <Mlp= 2986.2043> <PB=10000000> 
<DWph=2> <it= 14> <et=31.45> <Mt= 0.00> <Spt= 0.07> <nCl=  1> <al=0.53> <DB= 2986.0436> <Mlp= 2986.2043> <PB=10000000> 
<DWph=2> <it= 15> <et=31.57> <Mt= 0.01> <Spt= 0.11> <nCl= 12> <al=0.00> <DB= 2660.3974> <Mlp= 2986.2043> <PB=10000000> 
<DWph=2> <it= 16> <et=31.63> <Mt= 0.01> <Spt= 0.06> <nCl=  3> <al=0.33> <DB= 2956.7355> <Mlp= 2986.2040> <PB=10000000> 
<DWph=2> <it= 17> <et=31.76> <Mt= 0.00> <Spt= 0.12> <nCl= 11> <al=0.00> <DB= 2986.2039> <Mlp= 2986.2039> <PB=10000000> 
<DWph=1> <it= 18> <et=31.88> <Mt= 0.01> <Spt= 0.12> <nCl= 15> <al=0.29> <DB= 2762.1161> <Mlp= 2986.2039> <PB=10000000> 
<DWph=1> <it= 19> <et=32.04> <Mt= 0.03> <Spt= 0.12> <nCl= 14> <al=0.36> <DB= 2868.1169> <Mlp= 2986.1481> <PB=10000000> 
<DWph=1> <it= 20> <et=32.16> <Mt= 0.00> <Spt= 0.11> <nCl=  3> <al=0.26> <DB= 2919.9354> <Mlp= 2986.1481> <PB=10000000> 
<DWph=1> <it= 21> <et=32.28> <Mt= 0.01> <Spt= 0.12> <nCl=  7> <al=0.34> <DB= 2808.8507> <Mlp= 2986.1481> <PB=10000000> 
<DWph=1> <it= 22> <et=32.44> <Mt= 0.04> <Spt= 0.12> <nCl=  8> <al=0.40> <DB= 2781.9092> <Mlp= 2986.0759> <PB=10000000> 
<DWph=1> <it= 23> <et=32.57> <Mt= 0.01> <Spt= 0.12> <nCl=  2> <al=0.46> <DB= 2947.4971> <Mlp= 2986.0750> <PB=10000000> 
<DWph=1> <it= 24> <et=32.70> <Mt= 0.00> <Spt= 0.13> <nCl=  9> <al=0.52> <DB= 2943.9674> <Mlp= 2986.0750> <PB=10000000> 
<DWph=1> <it= 25> <et=32.95> <Mt= 0.01> <Spt= 0.24> <nCl=  7> <al=0.00> <DB= 2800.2921> <Mlp= 2986.0750> <PB=10000000> 
<DWph=1> <it= 26> <et=33.10> <Mt= 0.01> <Spt= 0.13> <nCl=  4> <al=0.32> <DB= 2883.2786> <Mlp= 2986.0708> <PB=10000000> 
<DWph=1> <it= 27> <et=33.23> <Mt= 0.01> <Spt= 0.13> <nCl=  7> <al=0.22> <DB= 2841.3424> <Mlp= 2986.0708> <PB=10000000> 
<DWph=1> <it= 28> <et=33.48> <Mt= 0.00> <Spt= 0.24> <nCl=  9> <al=0.00> <DB= 2785.5727> <Mlp= 2986.0708> <PB=10000000> 
<DWph=1> <it= 29> <et=33.62> <Mt= 0.01> <Spt= 0.14> <nCl=  1> <al=0.20> <DB= 2959.0820> <Mlp= 2986.0708> <PB=10000000> 
<DWph=1> <it= 30> <et=33.75> <Mt= 0.01> <Spt= 0.12> <nCl= 12> <al=0.10> <DB= 2945.9435> <Mlp= 2986.0708> <PB=10000000> 
<DWph=1> <it= 31> <et=34.00> <Mt= 0.00> <Spt= 0.24> <nCl=  0> <al=0.00> <DB= 2986.0707> <Mlp= 2986.0707> <PB=10000000> 
    RCSP exact solver info for graph G_0 : TT = 0.347728, pt = 0.001492, dt = 0.32381, ct = 0.021015, ndl = 45046', bdl = 3729554', odl = 42016', odf = 705015', bsi = 1353', cnt = 934872', bdch = 42832373', odch = 3921794', lcp = 1147239', #sols = 150
<DWph=0> <it= 32> <et=34.39> <Mt= 0.00> <Spt= 0.39> <nCl=143> <al=0.09> <DB= 2643.1039> <Mlp= 2986.0707> <PB=10000000> 
    RCSP exact solver info for graph G_0 : TT = 0.33575, pt = 0.001511, dt = 0.312728, ct = 0.020124, ndl = 44089', bdl = 3674766', odl = 41705', odf = 704499', bsi = 1475', cnt = 824710', bdch = 41415167', odch = 3857562', lcp = 1117780', #sols = 150
<DWph=0> <it= 33> <et=34.77> <Mt= 0.02> <Spt= 0.36> <nCl= 94> <al=0.00> <DB= 2620.4470> <Mlp= 2986.0475> <PB=10000000> 
    RCSP exact solver info for graph G_0 : TT = 0.333992, pt = 0.001686, dt = 0.312127, ct = 0.018718, ndl = 43153', bdl = 3590968', odl = 41549', odf = 687405', bsi = 1352', cnt = 730751', bdch = 40180336', odch = 3506975', lcp = 1034801', #sols = 150
<DWph=0> <it= 34> <et=35.14> <Mt= 0.02> <Spt= 0.36> <nCl= 67> <al=0.09> <DB= 2823.1235> <Mlp= 2986.0365> <PB=10000000> 
    RCSP exact solver info for graph G_0 : TT = 0.337356, pt = 0.001639, dt = 0.313156, ct = 0.020576, ndl = 43610', bdl = 3635297', odl = 42141', odf = 691837', bsi = 1257', cnt = 713003', bdch = 41300870', odch = 3486755', lcp = 1042495', #sols = 150
    RCSP exact solver info for graph G_0 : TT = 0.315557, pt = 0.001521, dt = 0.292895, ct = 0.019724, ndl = 42339', bdl = 3525312', odl = 41299', odf = 684389', bsi = 1479', cnt = 721692', bdch = 38766521', odch = 3395993', lcp = 1016312', #sols = 150
<DWph=0> <it= 35> <et=35.83> <Mt= 0.01> <Spt= 0.67> <nCl= 49> <al=0.00> <DB= 2974.8346> <Mlp= 2986.0365> <PB=10000000> 
    RCSP exact solver info for graph G_0 : TT = 0.328965, pt = 0.001743, dt = 0.30784, ct = 0.017938, ndl = 43535', bdl = 3623351', odl = 41612', odf = 696206', bsi = 1363', cnt = 731074', bdch = 40805342', odch = 3519050', lcp = 1043335', #sols = 150
    RCSP exact solver info for graph G_0 : TT = 0.306247, pt = 0.001483, dt = 0.285254, ct = 0.018113, ndl = 42265', bdl = 3519021', odl = 41267', odf = 683596', bsi = 1453', cnt = 719062', bdch = 38644495', odch = 3385879', lcp = 1012584', #sols = 150
<DWph=0> <it= 36> <et=36.49> <Mt= 0.00> <Spt= 0.66> <nCl= 28> <al=0.00> <DB= 2986.0365> <Mlp= 2986.0365> <PB=10000000> 
RCSP solver dynamic params and stats :  bidir.bord. = 375 aver.obdmd = 98.5902 aver.buck.num. = 101 nbR1C = 50 with avMem = 13.58
@@ 1 7 2986.04 0.326288 0.344825 92.9561 36.49
    Full reduced cost fixing is not called (gap ratio is 0.999997)
ColGenEvalAlg final dual bound: 2986.04 (rounded: 2987)
False gap improvement since the last cut separation : 0.010319 (2982.96)
Separator R1C not in maximum phase
Cut generation tailing off counter increased to 0
Current active cuts : CAP(19,1033.99) R1C(12+38,133.637) 1rowPackR1C(12) 3rowPackR1C(38)
Shrinking heuristic shrunk 42 edges
In total 3 RCC cut(s) are found by the Fractional capacity min-cut heuristic 
In total 3 RCC cut(s) are found by the greedy construction heuristic 
In total 10 RCC cut(s) are found by the global pool greedy search heuristic 
19 Rank-1 1-rows pack. cuts added ,  max viol. = 0.13988, aver. viol. = 0.0719541
150 Rank-1 3-rows pack. cuts added ,  max viol. = 0.134696, aver. viol. = 0.0729161
Building structures for heuristic rank-1 packing cut separation...done!
100 Rank-1 4-rows pack. cuts added ,  max viol. = 0.217943, aver. viol. = 0.0549842
----- Add fac. cuts : CAP(16) R1C(269), max.viol = 0.289586, aver.viol = 0.0812851, sep/add took 0.078827/0.661263 sec. -----
11176 columns (7746 active), 568 dyn. constrs. (404 active), 1311 art. vars. (646 active)
<DWph=2> <it=  1> <et=37.62> <Mt= 0.15> <Spt= 0.09> <nCl= 17> <al=0.50> <DB= 1896.9372> <Mlp= 2988.4435> <PB=10000000> 
<DWph=2> <it=  2> <et=37.72> <Mt= 0.03> <Spt= 0.06> <nCl=  5> <al=0.55> <DB= 2975.2273> <Mlp= 2988.3625> <PB=10000000> 
<DWph=2> <it=  3> <et=37.82> <Mt= 0.03> <Spt= 0.08> <nCl=  7> <al=0.60> <DB= 2893.5306> <Mlp= 2988.2937> <PB=10000000> 
<DWph=2> <it=  4> <et=37.95> <Mt= 0.06> <Spt= 0.07> <nCl=  4> <al=0.64> <DB= 2952.3506> <Mlp= 2988.1197> <PB=10000000> 
<DWph=2> <it=  5> <et=38.04> <Mt= 0.02> <Spt= 0.08> <nCl= 10> <al=0.67> <DB= 2823.7818> <Mlp= 2988.1145> <PB=10000000> 
<DWph=2> <it=  6> <et=38.22> <Mt= 0.02> <Spt= 0.15> <nCl= 14> <al=0.41> <DB= 2987.2147> <Mlp= 2988.0319> <PB=10000000> 
<DWph=2> <it=  7> <et=38.31> <Mt= 0.01> <Spt= 0.07> <nCl=  7> <al=0.60> <DB= 2931.0637> <Mlp= 2988.0297> <PB=10000000> 
<DWph=2> <it=  8> <et=38.41> <Mt= 0.01> <Spt= 0.09> <nCl= 12> <al=0.64> <DB= 2976.7891> <Mlp= 2988.0251> <PB=10000000> 
<DWph=2> <it=  9> <et=38.50> <Mt= 0.02> <Spt= 0.08> <nCl=  4> <al=0.68> <DB= 2987.4731> <Mlp= 2988.0217> <PB=10000000> 
<DWph=2> <it= 10> <et=38.59> <Mt= 0.01> <Spt= 0.08> <nCl=  7> <al=0.58> <DB= 2681.1499> <Mlp= 2988.0217> <PB=10000000> 
<DWph=2> <it= 11> <et=38.78> <Mt= 0.03> <Spt= 0.16> <nCl= 17> <al=0.24> <DB= 2883.8577> <Mlp= 2987.9639> <PB=10000000> 
<DWph=2> <it= 12> <et=38.89> <Mt= 0.02> <Spt= 0.09> <nCl=  1> <al=0.52> <DB= 2870.9579> <Mlp= 2987.9631> <PB=10000000> 
<DWph=2> <it= 13> <et=39.05> <Mt= 0.00> <Spt= 0.15> <nCl=  5> <al=0.14> <DB= 2802.9754> <Mlp= 2987.9631> <PB=10000000> 
<DWph=2> <it= 14> <et=39.14> <Mt= 0.01> <Spt= 0.08> <nCl=  6> <al=0.47> <DB= 2985.2650> <Mlp= 2987.9631> <PB=10000000> 
<DWph=2> <it= 15> <et=39.29> <Mt= 0.01> <Spt= 0.15> <nCl=  3> <al=0.05> <DB= 2981.2845> <Mlp= 2987.9631> <PB=10000000> 
<DWph=2> <it= 16> <et=39.46> <Mt= 0.00> <Spt= 0.16> <nCl= 13> <al=0.00> <DB= 2987.9631> <Mlp= 2987.9631> <PB=10000000> 
<DWph=1> <it= 17> <et=39.62> <Mt= 0.01> <Spt= 0.16> <nCl= 20> <al=0.32> <DB= 2504.5797> <Mlp= 2987.9631> <PB=10000000> 
<DWph=1> <it= 18> <et=39.88> <Mt= 0.10> <Spt= 0.15> <nCl=  9> <al=0.39> <DB= 2772.2276> <Mlp= 2987.6367> <PB=10000000> 
<DWph=1> <it= 19> <et=40.05> <Mt= 0.02> <Spt= 0.16> <nCl=  4> <al=0.29> <DB= 2244.9286> <Mlp= 2987.6254> <PB=10000000> 
<DWph=1> <it= 20> <et=40.22> <Mt= 0.01> <Spt= 0.15> <nCl=  5> <al=0.36> <DB= 2909.7802> <Mlp= 2987.6235> <PB=10000000> 
<DWph=1> <it= 21> <et=40.39> <Mt= 0.01> <Spt= 0.16> <nCl=  4> <al=0.26> <DB= 2967.2755> <Mlp= 2987.6235> <PB=10000000> 
<DWph=1> <it= 22> <et=40.56> <Mt= 0.01> <Spt= 0.17> <nCl= 13> <al=0.16> <DB= 2883.0906> <Mlp= 2987.6234> <PB=10000000> 
<DWph=1> <it= 23> <et=40.89> <Mt= 0.00> <Spt= 0.31> <nCl= 11> <al=0.00> <DB= 2987.6233> <Mlp= 2987.6233> <PB=10000000> 
    RCSP exact solver info for graph G_0 : TT = 0.732812, pt = 0.002232, dt = 0.692983, ct = 0.035895, ndl = 72174', bdl = 5809966', odl = 50800', odf = 1062762', bsi = 1375', cnt = 2910700', bdch = 92693122', odch = 13205577', lcp = 3016177', #sols = 150
<DWph=0> <it= 24> <et=41.68> <Mt= 0.01> <Spt= 0.79> <nCl=150> <al=0.15> <DB= 2354.0462> <Mlp= 2987.6233> <PB=10000000> 
    RCSP exact solver info for graph G_0 : TT = 0.665053, pt = 0.002704, dt = 0.623164, ct = 0.037475, ndl = 71247', bdl = 5724603', odl = 49872', odf = 1007121', bsi = 1320', cnt = 3411020', bdch = 91114958', odch = 11478801', lcp = 2771737', #sols = 150
<DWph=0> <it= 25> <et=42.50> <Mt= 0.11> <Spt= 0.70> <nCl= 76> <al=0.23> <DB= 2822.9631> <Mlp= 2987.3797> <PB=10000000> 
    RCSP exact solver info for graph G_0 : TT = 0.689532, pt = 0.003629, dt = 0.644851, ct = 0.039482, ndl = 73127', bdl = 5857668', odl = 50442', odf = 1037257', bsi = 1329', cnt = 4077452', bdch = 95351964', odch = 11335063', lcp = 2950797', #sols = 150
<DWph=0> <it= 26> <et=43.29> <Mt= 0.08> <Spt= 0.72> <nCl= 74> <al=0.31> <DB= 2714.9049> <Mlp= 2987.2990> <PB=10000000> 
    RCSP exact solver info for graph G_0 : TT = 0.639974, pt = 0.003045, dt = 0.597157, ct = 0.038081, ndl = 69264', bdl = 5558882', odl = 48788', odf = 980807', bsi = 1287', cnt = 3583027', bdch = 86552504', odch = 10219485', lcp = 2646918', #sols = 150
<DWph=0> <it= 27> <et=43.97> <Mt= 0.02> <Spt= 0.66> <nCl= 29> <al=0.38> <DB= 2925.3569> <Mlp= 2987.2907> <PB=10000000> 
    RCSP exact solver info for graph G_0 : TT = 0.65006, pt = 0.002917, dt = 0.60762, ct = 0.03788, ndl = 70138', bdl = 5633631', odl = 49144', odf = 979331', bsi = 1397', cnt = 3893536', bdch = 89032046', odch = 10185488', lcp = 2707037', #sols = 150
<DWph=0> <it= 28> <et=44.65> <Mt= 0.01> <Spt= 0.66> <nCl= 14> <al=0.28> <DB= 2936.0966> <Mlp= 2987.2905> <PB=10000000> 
    RCSP exact solver info for graph G_0 : TT = 0.650576, pt = 0.002741, dt = 0.608618, ct = 0.037673, ndl = 70058', bdl = 5619083', odl = 49469', odf = 975328', bsi = 1285', cnt = 3902587', bdch = 89077042', odch = 10037968', lcp = 2668735', #sols = 150
    RCSP exact solver info for graph G_0 : TT = 0.583403, pt = 0.002102, dt = 0.544363, ct = 0.035435, ndl = 68679', bdl = 5511711', odl = 49391', odf = 953668', bsi = 1332', cnt = 3746031', bdch = 86440123', odch = 9602664', lcp = 2614771', #sols = 150
<DWph=0> <it= 29> <et=45.94> <Mt= 0.01> <Spt= 1.28> <nCl=120> <al=0.00> <DB= 2976.7636> <Mlp= 2987.2905> <PB=10000000> 
    RCSP exact solver info for graph G_0 : TT = 0.601699, pt = 0.002492, dt = 0.55944, ct = 0.038264, ndl = 68681', bdl = 5511609', odl = 49390', odf = 953672', bsi = 1333', cnt = 3746514', bdch = 86449340', odch = 9602814', lcp = 2614715', #sols = 150
    RCSP exact solver info for graph G_0 : TT = 0.598649, pt = 0.002154, dt = 0.555593, ct = 0.039459, ndl = 68678', bdl = 5511653', odl = 49385', odf = 953619', bsi = 1327', cnt = 3746134', bdch = 86440539', odch = 9602604', lcp = 2614593', #sols = 150
<DWph=0> <it= 30> <et=47.16> <Mt= 0.00> <Spt= 1.22> <nCl= 15> <al=0.00> <DB= 2987.2905> <Mlp= 2987.2905> <PB=10000000> 
RCSP solver dynamic params and stats :  bidir.bord. = 375 aver.obdmd = 98.5902 aver.buck.num. = 101 nbR1C = 70 with avMem = 16.0143
@@ 1 8 2987.29 0.641493 0.728878 92.9561 47.16
    Full reduced cost fixing is not called (gap ratio is 0.999997)
ColGenEvalAlg final dual bound: 2987.29 (rounded: 2988)
False gap improvement since the last cut separation : 0.00419978 (2986.04)
Separator R1C not in maximum phase
Cut generation tailing off counter increased to 0
Current active cuts : CAP(20,1026.55) R1C(15+55,150.731) 1rowPackR1C(15) 3rowPackR1C(41) 4rowPackR1C(14)
In total 1 RCC cut(s) are found by the connected components heuristic 
Shrinking heuristic shrunk 45 edges
In total 5 RCC cut(s) are found by the Fractional capacity min-cut heuristic 
In total 9 RCC cut(s) are found by the greedy construction heuristic 
In total 5 RCC cut(s) are found by the global pool greedy search heuristic 
7 Rank-1 1-rows pack. cuts added ,  max viol. = 0.0505382, aver. viol. = 0.0396155
150 Rank-1 3-rows pack. cuts added ,  max viol. = 0.393614, aver. viol. = 0.124513
Building structures for heuristic rank-1 packing cut separation...done!
100 Rank-1 4-rows pack. cuts added ,  max viol. = 0.351836, aver. viol. = 0.0788341
100 Rank-1 5-rows pack. cuts added ,  max viol. = 0.378535, aver. viol. = 0.195881
----- Add fac. cuts : CAP(20) R1C(357), max.viol = 0.458514, aver.viol = 0.154863, sep/add took 0.482278/0.997832 sec. -----
11852 columns (8422 active), 795 dyn. constrs. (514 active), 1688 art. vars. (756 active)
<DWph=2> <it=  1> <et=49.07> <Mt= 0.26> <Spt= 0.10> <nCl=  6> <al=0.50> <DB= 2971.3985> <Mlp= 2989.5219> <PB=10000000> 
<DWph=2> <it=  2> <et=49.20> <Mt= 0.03> <Spt= 0.10> <nCl=  2> <al=0.55> <DB= 2988.2878> <Mlp= 2989.5067> <PB=10000000> 
<DWph=2> <it=  3> <et=49.36> <Mt= 0.05> <Spt= 0.11> <nCl= 12> <al=0.45> <DB= 2758.1412> <Mlp= 2989.4630> <PB=10000000> 
<DWph=2> <it=  4> <et=49.53> <Mt= 0.06> <Spt= 0.12> <nCl= 18> <al=0.35> <DB= 2340.9914> <Mlp= 2989.4058> <PB=10000000> 
<DWph=2> <it=  5> <et=49.73> <Mt= 0.09> <Spt= 0.11> <nCl= 11> <al=0.42> <DB= 2715.1666> <Mlp= 2989.2793> <PB=10000000> 
<DWph=2> <it=  6> <et=49.98> <Mt= 0.05> <Spt= 0.19> <nCl= 25> <al=0.00> <DB= 1952.8003> <Mlp= 2989.2599> <PB=10000000> 
<DWph=2> <it=  7> <et=50.18> <Mt= 0.09> <Spt= 0.11> <nCl= 14> <al=0.37> <DB= 2597.8738> <Mlp= 2989.1767> <PB=10000000> 
<DWph=2> <it=  8> <et=50.31> <Mt= 0.02> <Spt= 0.10> <nCl=  6> <al=0.44> <DB= 2774.1325> <Mlp= 2989.1693> <PB=10000000> 
<DWph=2> <it=  9> <et=50.45> <Mt= 0.04> <Spt= 0.11> <nCl=  2> <al=0.49> <DB= 2981.0978> <Mlp= 2989.1279> <PB=10000000> 
<DWph=2> <it= 10> <et=50.66> <Mt= 0.02> <Spt= 0.19> <nCl= 14> <al=0.00> <DB= 2782.2370> <Mlp= 2989.1273> <PB=10000000> 
<DWph=2> <it= 11> <et=50.81> <Mt= 0.02> <Spt= 0.12> <nCl=  6> <al=0.29> <DB= 2862.8221> <Mlp= 2989.1270> <PB=10000000> 
<DWph=2> <it= 12> <et=50.93> <Mt= 0.02> <Spt= 0.10> <nCl=  2> <al=0.36> <DB= 2989.0792> <Mlp= 2989.1252> <PB=10000000> 
<DWph=2> <it= 13> <et=51.06> <Mt= 0.01> <Spt= 0.12> <nCl=  4> <al=0.26> <DB= 2986.1056> <Mlp= 2989.1252> <PB=10000000> 
<DWph=2> <it= 14> <et=51.30> <Mt= 0.02> <Spt= 0.22> <nCl=  2> <al=0.00> <DB= 2989.1248> <Mlp= 2989.1248> <PB=10000000> 
<DWph=1> <it= 15> <et=51.52> <Mt= 0.01> <Spt= 0.21> <nCl= 15> <al=0.24> <DB= 2569.4685> <Mlp= 2989.1248> <PB=10000000> 
<DWph=1> <it= 16> <et=51.76> <Mt= 0.04> <Spt= 0.21> <nCl= 15> <al=0.31> <DB= 2639.1106> <Mlp= 2989.0657> <PB=10000000> 
<DWph=1> <it= 17> <et=52.16> <Mt= 0.02> <Spt= 0.38> <nCl= 14> <al=0.00> <DB= 2884.8149> <Mlp= 2989.0588> <PB=10000000> 
<DWph=1> <it= 18> <et=52.55> <Mt= 0.01> <Spt= 0.37> <nCl=  2> <al=0.00> <DB= 2989.0588> <Mlp= 2989.0588> <PB=10000000> 
    RCSP exact solver info for graph G_0 : TT = 0.93403, pt = 0.003161, dt = 0.878012, ct = 0.05099, ndl = 90933', bdl = 7255619', odl = 60882', odf = 1335271', bsi = 1460', cnt = 4543143', bdch = 144124941', odch = 15746751', lcp = 4181948', #sols = 150
<DWph=0> <it= 19> <et=53.56> <Mt= 0.01> <Spt= 1.00> <nCl=150> <al=0.18> <DB= 2423.4498> <Mlp= 2989.0588> <PB=10000000> 
    RCSP exact solver info for graph G_0 : TT = 0.998865, pt = 0.003494, dt = 0.937061, ct = 0.056691, ndl = 94400', bdl = 7448603', odl = 60432', odf = 1352341', bsi = 1376', cnt = 4696998', bdch = 152437788', odch = 16927912', lcp = 4347673', #sols = 150
<DWph=0> <it= 20> <et=54.80> <Mt= 0.20> <Spt= 1.04> <nCl= 97> <al=0.26> <DB= 2675.9605> <Mlp= 2988.7688> <PB=10000000> 
    RCSP exact solver info for graph G_0 : TT = 0.966598, pt = 0.003463, dt = 0.901556, ct = 0.059865, ndl = 93262', bdl = 7362399', odl = 58946', odf = 1337790', bsi = 1515', cnt = 4823957', bdch = 147958499', odch = 16803757', lcp = 4305195', #sols = 150
<DWph=0> <it= 21> <et=55.82> <Mt= 0.03> <Spt= 0.99> <nCl= 31> <al=0.34> <DB= 2905.6518> <Mlp= 2988.7567> <PB=10000000> 
    RCSP exact solver info for graph G_0 : TT = 0.901552, pt = 0.003623, dt = 0.841677, ct = 0.054507, ndl = 86991', bdl = 6879868', odl = 57882', odf = 1273350', bsi = 1434', cnt = 4085573', bdch = 131739530', odch = 14445642', lcp = 3756988', #sols = 150
<DWph=0> <it= 22> <et=56.76> <Mt= 0.02> <Spt= 0.92> <nCl= 27> <al=0.24> <DB= 2965.4628> <Mlp= 2988.7566> <PB=10000000> 
    RCSP exact solver info for graph G_0 : TT = 0.931464, pt = 0.003794, dt = 0.872466, ct = 0.053404, ndl = 88050', bdl = 6957882', odl = 58545', odf = 1263320', bsi = 1376', cnt = 4124749', bdch = 135626194', odch = 14581779', lcp = 3785300', #sols = 150
    RCSP exact solver info for graph G_0 : TT = 0.862511, pt = 0.005285, dt = 0.805248, ct = 0.050363, ndl = 87287', bdl = 6902731', odl = 57958', odf = 1243231', bsi = 1430', cnt = 4050388', bdch = 132806266', odch = 14334170', lcp = 3722033', #sols = 150
<DWph=0> <it= 23> <et=58.65> <Mt= 0.01> <Spt= 1.88> <nCl=156> <al=0.00> <DB= 2988.7566> <Mlp= 2988.7566> <PB=10000000> 
RCSP solver dynamic params and stats :  bidir.bord. = 375 aver.obdmd = 98.5902 aver.buck.num. = 101 nbR1C = 94 with avMem = 16.9574
@@ 1 9 2988.76 0.926973 0.993752 92.9561 58.65
    Full reduced cost fixing is not called (gap ratio is 0.999997)
ColGenEvalAlg final dual bound: 2988.76 (rounded: 2989)
False gap improvement since the last cut separation : 0.00490759 (2987.29)
Cut generation tailing off counter increased to 1
Current active cuts : CAP(22,1009.97) R1C(16+78,185.439) 1rowPackR1C(16) 3rowPackR1C(45) 4rowPackR1C(29) 5rowPackR1C(4)
In total 1 RCC cut(s) are found by the connected components heuristic 
Shrinking heuristic shrunk 31 edges
In total 6 RCC cut(s) are found by the greedy construction heuristic 
In total 6 RCC cut(s) are found by the global pool greedy search heuristic 
7 Rank-1 1-rows pack. cuts added ,  max viol. = 0.077914, aver. viol. = 0.0466586
150 Rank-1 3-rows pack. cuts added ,  max viol. = 0.182198, aver. viol. = 0.0708387
Building structures for heuristic rank-1 packing cut separation...done!
100 Rank-1 4-rows pack. cuts added ,  max viol. = 0.12798, aver. viol. = 0.0643473
100 Rank-1 5-rows pack. cuts added ,  max viol. = 0.132094, aver. viol. = 0.10579
----- Add fac. cuts : CAP(13) R1C(357), max.viol = 0.26036, aver.viol = 0.0916092, sep/add took 0.686589/1.07469 sec. -----
12483 columns (9053 active), 899 dyn. constrs. (540 active), 2058 art. vars. (782 active)
<DWph=2> <it=  1> <et=60.98> <Mt= 0.34> <Spt= 0.13> <nCl= 30> <al=0.50> <DB= -628.5015> <Mlp= 2991.6051> <PB=10000000> 
<DWph=2> <it=  2> <et=61.37> <Mt= 0.26> <Spt= 0.13> <nCl= 28> <al=0.55> <DB= 2251.0394> <Mlp= 2991.4436> <PB=10000000> 
<DWph=2> <it=  3> <et=61.68> <Mt= 0.18> <Spt= 0.12> <nCl= 20> <al=0.60> <DB= 2587.1814> <Mlp= 2991.2494> <PB=10000000> 
<DWph=2> <it=  4> <et=61.99> <Mt= 0.19> <Spt= 0.13> <nCl= 12> <al=0.64> <DB= 2817.0810> <Mlp= 2991.1547> <PB=10000000> 
<DWph=2> <it=  5> <et=62.25> <Mt= 0.13> <Spt= 0.12> <nCl= 11> <al=0.67> <DB= 2945.0928> <Mlp= 2991.0348> <PB=10000000> 
<DWph=2> <it=  6> <et=62.51> <Mt= 0.15> <Spt= 0.12> <nCl= 30> <al=0.70> <DB= 1399.4398> <Mlp= 2990.8444> <PB=10000000> 
<DWph=2> <it=  7> <et=62.64> <Mt= 0.02> <Spt= 0.11> <nCl= 11> <al=0.73> <DB= 2943.1620> <Mlp= 2990.8444> <PB=10000000> 
<DWph=2> <it=  8> <et=62.89> <Mt= 0.02> <Spt= 0.22> <nCl= 20> <al=0.52> <DB= 2261.8919> <Mlp= 2990.8444> <PB=10000000> 
<DWph=2> <it=  9> <et=63.11> <Mt= 0.09> <Spt= 0.12> <nCl= 10> <al=0.66> <DB= 2615.9419> <Mlp= 2990.7672> <PB=10000000> 
<DWph=2> <it= 10> <et=63.41> <Mt= 0.19> <Spt= 0.12> <nCl= 11> <al=0.69> <DB= 2980.5194> <Mlp= 2990.6661> <PB=10000000> 
<DWph=2> <it= 11> <et=63.59> <Mt= 0.08> <Spt= 0.11> <nCl=  9> <al=0.73> <DB= 2988.5006> <Mlp= 2990.6311> <PB=10000000> 
<DWph=2> <it= 12> <et=63.75> <Mt= 0.03> <Spt= 0.12> <nCl= 10> <al=0.75> <DB= 2940.6718> <Mlp= 2990.6298> <PB=10000000> 
<DWph=2> <it= 13> <et=64.23> <Mt= 0.25> <Spt= 0.23> <nCl= 13> <al=0.55> <DB= 2987.8404> <Mlp= 2990.4630> <PB=10000000> 
<DWph=2> <it= 14> <et=64.37> <Mt= 0.03> <Spt= 0.11> <nCl= 12> <al=0.68> <DB= 2336.5742> <Mlp= 2990.4615> <PB=10000000> 
<DWph=2> <it= 15> <et=64.52> <Mt= 0.03> <Spt= 0.11> <nCl=  4> <al=0.71> <DB= 2915.2650> <Mlp= 2990.4613> <PB=10000000> 
<DWph=2> <it= 16> <et=64.70> <Mt= 0.08> <Spt= 0.11> <nCl=  2> <al=0.74> <DB= 2980.8632> <Mlp= 2990.4203> <PB=10000000> 
<DWph=2> <it= 17> <et=65.01> <Mt= 0.06> <Spt= 0.25> <nCl= 23> <al=0.53> <DB= 2442.2273> <Mlp= 2990.4024> <PB=10000000> 
<DWph=2> <it= 18> <et=65.18> <Mt= 0.03> <Spt= 0.13> <nCl= 11> <al=0.66> <DB= 2739.7265> <Mlp= 2990.4024> <PB=10000000> 
<DWph=2> <it= 19> <et=65.49> <Mt= 0.05> <Spt= 0.26> <nCl= 16> <al=0.40> <DB= 2512.0457> <Mlp= 2990.4016> <PB=10000000> 
<DWph=2> <it= 20> <et=65.69> <Mt= 0.07> <Spt= 0.13> <nCl= 10> <al=0.60> <DB= 2850.1861> <Mlp= 2990.3672> <PB=10000000> 
<DWph=2> <it= 21> <et=65.88> <Mt= 0.06> <Spt= 0.14> <nCl= 10> <al=0.64> <DB= 2983.8583> <Mlp= 2990.3575> <PB=10000000> 
<DWph=2> <it= 22> <et=66.03> <Mt= 0.01> <Spt= 0.13> <nCl= 14> <al=0.54> <DB= 2514.4126> <Mlp= 2990.3575> <PB=10000000> 
<DWph=2> <it= 23> <et=66.21> <Mt= 0.04> <Spt= 0.14> <nCl=  4> <al=0.58> <DB= 2736.6059> <Mlp= 2990.3566> <PB=10000000> 
<DWph=2> <it= 24> <et=66.49> <Mt= 0.03> <Spt= 0.25> <nCl= 16> <al=0.25> <DB= 2515.6932> <Mlp= 2990.3564> <PB=10000000> 
<DWph=2> <it= 25> <et=66.68> <Mt= 0.06> <Spt= 0.13> <nCl=  2> <al=0.53> <DB= 2984.9987> <Mlp= 2990.3515> <PB=10000000> 
<DWph=2> <it= 26> <et=66.81> <Mt= 0.01> <Spt= 0.12> <nCl=  3> <al=0.43> <DB= 2838.7194> <Mlp= 2990.3515> <PB=10000000> 
<DWph=2> <it= 27> <et=66.96> <Mt= 0.03> <Spt= 0.12> <nCl=  2> <al=0.48> <DB= 2916.5346> <Mlp= 2990.3497> <PB=10000000> 
<DWph=2> <it= 28> <et=67.10> <Mt= 0.02> <Spt= 0.12> <nCl=  3> <al=0.54> <DB= 2882.7990> <Mlp= 2990.3497> <PB=10000000> 
<DWph=2> <it= 29> <et=67.36> <Mt= 0.01> <Spt= 0.24> <nCl= 18> <al=0.16> <DB= 2585.8959> <Mlp= 2990.3497> <PB=10000000> 
<DWph=2> <it= 30> <et=67.60> <Mt= 0.02> <Spt= 0.23> <nCl= 16> <al=0.00> <DB= 2343.4642> <Mlp= 2990.3497> <PB=10000000> 
<DWph=2> <it= 31> <et=67.77> <Mt= 0.04> <Spt= 0.12> <nCl=  4> <al=0.38> <DB= 2939.4688> <Mlp= 2990.3368> <PB=10000000> 
<DWph=2> <it= 32> <et=68.03> <Mt= 0.03> <Spt= 0.24> <nCl= 23> <al=0.00> <DB= 2929.3045> <Mlp= 2990.3332> <PB=10000000> 
<DWph=2> <it= 33> <et=68.17> <Mt= 0.02> <Spt= 0.12> <nCl=  2> <al=0.34> <DB= 2869.0396> <Mlp= 2990.3331> <PB=10000000> 
<DWph=2> <it= 34> <et=68.41> <Mt= 0.01> <Spt= 0.22> <nCl=  9> <al=0.00> <DB= 2990.3331> <Mlp= 2990.3331> <PB=10000000> 
<DWph=1> <it= 35> <et=68.63> <Mt= 0.01> <Spt= 0.22> <nCl= 11> <al=0.31> <DB= 2706.0744> <Mlp= 2990.3331> <PB=10000000> 
<DWph=1> <it= 36> <et=68.87> <Mt= 0.02> <Spt= 0.21> <nCl= 12> <al=0.21> <DB= 1955.2127> <Mlp= 2990.3330> <PB=10000000> 
<DWph=1> <it= 37> <et=69.09> <Mt= 0.01> <Spt= 0.21> <nCl=  5> <al=0.29> <DB= 2848.6790> <Mlp= 2990.3330> <PB=10000000> 
<DWph=1> <it= 38> <et=69.33> <Mt= 0.03> <Spt= 0.21> <nCl= 11> <al=0.19> <DB= 2445.5686> <Mlp= 2990.3329> <PB=10000000> 
<DWph=1> <it= 39> <et=69.59> <Mt= 0.02> <Spt= 0.23> <nCl= 11> <al=0.27> <DB= 2890.3345> <Mlp= 2990.3329> <PB=10000000> 
<DWph=1> <it= 40> <et=69.84> <Mt= 0.02> <Spt= 0.24> <nCl=  9> <al=0.34> <DB= 2902.1465> <Mlp= 2990.3325> <PB=10000000> 
<DWph=1> <it= 41> <et=70.09> <Mt= 0.03> <Spt= 0.22> <nCl= 12> <al=0.41> <DB= 2400.1432> <Mlp= 2990.3299> <PB=10000000> 
<DWph=1> <it= 42> <et=70.33> <Mt= 0.01> <Spt= 0.22> <nCl=  8> <al=0.47> <DB= 2869.8029> <Mlp= 2990.3299> <PB=10000000> 
<DWph=1> <it= 43> <et=70.57> <Mt= 0.02> <Spt= 0.23> <nCl= 13> <al=0.52> <DB= 2645.4063> <Mlp= 2990.3285> <PB=10000000> 
<DWph=1> <it= 44> <et=71.04> <Mt= 0.01> <Spt= 0.45> <nCl= 21> <al=0.14> <DB= 2659.6449> <Mlp= 2990.3285> <PB=10000000> 
<DWph=1> <it= 45> <et=71.31> <Mt= 0.05> <Spt= 0.23> <nCl= 12> <al=0.47> <DB= 2696.5180> <Mlp= 2990.3264> <PB=10000000> 
<DWph=1> <it= 46> <et=71.84> <Mt= 0.05> <Spt= 0.47> <nCl= 17> <al=0.04> <DB= 2889.9979> <Mlp= 2990.3237> <PB=10000000> 
<DWph=1> <it= 47> <et=72.10> <Mt= 0.02> <Spt= 0.24> <nCl=  9> <al=0.42> <DB= 2844.1161> <Mlp= 2990.3225> <PB=10000000> 
<DWph=1> <it= 48> <et=72.34> <Mt= 0.02> <Spt= 0.22> <nCl=  3> <al=0.32> <DB= 2752.9181> <Mlp= 2990.3224> <PB=10000000> 
<DWph=1> <it= 49> <et=72.80> <Mt= 0.01> <Spt= 0.44> <nCl=  9> <al=0.00> <DB= 2747.9430> <Mlp= 2990.3224> <PB=10000000> 
<DWph=1> <it= 50> <et=73.26> <Mt= 0.02> <Spt= 0.45> <nCl=  5> <al=0.00> <DB= 2990.3224> <Mlp= 2990.3224> <PB=10000000> 
    RCSP exact solver info for graph G_0 : TT = 4.21544, pt = 0.003724, dt = 3.93111, ct = 0.278676, ndl = 251580', bdl = 19005927', odl = 115513', odf = 3982265', bsi = 1671', cnt = 44936569', bdch = 797924921', odch = 194845792', lcp = 39364587', #sols = 150
<DWph=0> <it= 51> <et=77.56> <Mt= 0.01> <Spt= 4.29> <nCl=150> <al=0.19> <DB= 1957.5698> <Mlp= 2990.3224> <PB=10000000> 
    RCSP exact solver info for graph G_0 : TT = 4.11275, pt = 0.004066, dt = 3.79262, ct = 0.314123, ndl = 258877', bdl = 19287310', odl = 111868', odf = 4073128', bsi = 1579', cnt = 62258148', bdch = 826814912', odch = 236758135', lcp = 44998292', #sols = 150
<DWph=0> <it= 52> <et=81.81> <Mt= 0.06> <Spt= 4.19> <nCl=136> <al=0.27> <DB= 2631.9505> <Mlp= 2990.2814> <PB=10000000> 
    RCSP exact solver info for graph G_0 : TT = 5.95562, pt = 0.004618, dt = 5.63802, ct = 0.310745, ndl = 238713', bdl = 17843485', odl = 103655', odf = 3698248', bsi = 1524', cnt = 53917395', bdch = 721870905', odch = 205306217', lcp = 40743099', #sols = 150
<DWph=0> <it= 53> <et=85.95> <Mt= 0.12> <Spt= 4.02> <nCl=104> <al=0.34> <DB= 2717.1913> <Mlp= 2990.2176> <PB=10000000> 
    RCSP exact solver info for graph G_0 : TT = 3.55081, pt = 0.004961, dt = 3.29971, ct = 0.244117, ndl = 214925', bdl = 16050331', odl = 98582', odf = 3308908', bsi = 1527', cnt = 44542300', bdch = 601063258', odch = 174343971', lcp = 33234898', #sols = 150
<DWph=0> <it= 54> <et=89.72> <Mt= 0.11> <Spt= 3.62> <nCl=137> <al=0.41> <DB= 1905.1188> <Mlp= 2990.1707> <PB=10000000> 
    RCSP exact solver info for graph G_0 : TT = 3.44642, pt = 0.00548, dt = 3.20143, ct = 0.237411, ndl = 214383', bdl = 16069670', odl = 99230', odf = 3316726', bsi = 1488', cnt = 42371370', bdch = 599620808', odch = 172812036', lcp = 31934093', #sols = 150
<DWph=0> <it= 55> <et=93.24> <Mt= 0.04> <Spt= 3.49> <nCl= 51> <al=0.47> <DB= 2827.3386> <Mlp= 2990.1607> <PB=10000000> 
    RCSP exact solver info for graph G_0 : TT = 3.28099, pt = 0.004855, dt = 3.03582, ct = 0.238293, ndl = 206649', bdl = 15438388', odl = 96851', odf = 3185732', bsi = 1582', cnt = 35011595', bdch = 564435876', odch = 161750657', lcp = 29711257', #sols = 150
<DWph=0> <it= 56> <et=96.59> <Mt= 0.03> <Spt= 3.31> <nCl= 42> <al=0.52> <DB= 2753.7382> <Mlp= 2990.1586> <PB=10000000> 
    RCSP exact solver info for graph G_0 : TT = 3.47659, pt = 0.005158, dt = 3.23592, ct = 0.233521, ndl = 213646', bdl = 15787136', odl = 96543', odf = 3367066', bsi = 1533', cnt = 32176731', bdch = 587824748', odch = 183156871', lcp = 32926581', #sols = 150
<DWph=0> <it= 57> <et=100.15> <Mt= 0.07> <Spt= 3.50> <nCl= 20> <al=0.57> <DB= 2909.2726> <Mlp= 2990.1347> <PB=10000000> 
    RCSP exact solver info for graph G_0 : TT = 3.22237, pt = 0.005039, dt = 2.9985, ct = 0.216571, ndl = 204210', bdl = 15186585', odl = 94285', odf = 3196577', bsi = 1517', cnt = 23936876', bdch = 548305302', odch = 158486992', lcp = 29163156', #sols = 150
<DWph=0> <it= 58> <et=103.46> <Mt= 0.05> <Spt= 3.25> <nCl= 52> <al=0.61> <DB= 2743.4645> <Mlp= 2990.1297> <PB=10000000> 
    RCSP exact solver info for graph G_0 : TT = 3.28502, pt = 0.004922, dt = 3.07365, ct = 0.204363, ndl = 204975', bdl = 15267621', odl = 94870', odf = 3210077', bsi = 1470', cnt = 24152426', bdch = 548691528', odch = 156531793', lcp = 29267131', #sols = 150
    RCSP exact solver info for graph G_0 : TT = 3.00036, pt = 0.005189, dt = 2.80683, ct = 0.186269, ndl = 190721', bdl = 14383741', odl = 92634', odf = 2969452', bsi = 1407', cnt = 18166449', bdch = 487672689', odch = 123795182', lcp = 24133728', #sols = 150
<DWph=0> <it= 59> <et=109.81> <Mt= 0.02> <Spt= 6.33> <nCl= 51> <al=0.30> <DB= 2722.0189> <Mlp= 2990.1297> <PB=10000000> 
    RCSP exact solver info for graph G_0 : TT = 3.5725, pt = 0.005492, dt = 3.32547, ct = 0.23939, ndl = 211725', bdl = 15745999', odl = 96667', odf = 3284439', bsi = 1485', cnt = 35045863', bdch = 574696173', odch = 164687425', lcp = 30849589', #sols = 150
<DWph=0> <it= 60> <et=113.43> <Mt= 0.03> <Spt= 3.59> <nCl=  6> <al=0.55> <DB= 2961.1124> <Mlp= 2990.1295> <PB=10000000> 
    RCSP exact solver info for graph G_0 : TT = 5.38225, pt = 0.005952, dt = 5.1181, ct = 0.256133, ndl = 207240', bdl = 15553741', odl = 95836', odf = 3190813', bsi = 1518', cnt = 33727903', bdch = 559861233', odch = 146960203', lcp = 28698079', #sols = 150
<DWph=0> <it= 61> <et=116.95> <Mt= 0.01> <Spt= 3.51> <nCl= 22> <al=0.45> <DB= 2767.0789> <Mlp= 2990.1295> <PB=10000000> 
    RCSP exact solver info for graph G_0 : TT = 3.48122, pt = 0.005651, dt = 3.24447, ct = 0.229026, ndl = 202522', bdl = 15222492', odl = 94253', odf = 3082765', bsi = 1516', cnt = 30107871', bdch = 540639527', odch = 135053568', lcp = 27072165', #sols = 150
    RCSP exact solver info for graph G_0 : TT = 3.20987, pt = 0.005565, dt = 2.97967, ct = 0.222541, ndl = 196318', bdl = 14813965', odl = 92019', odf = 2962647', bsi = 1542', cnt = 25159616', bdch = 521609118', odch = 115891070', lcp = 24638696', #sols = 150
<DWph=0> <it= 62> <et=123.72> <Mt= 0.03> <Spt= 6.74> <nCl= 66> <al=0.01> <DB= 2788.3712> <Mlp= 2990.1286> <PB=10000000> 
    RCSP exact solver info for graph G_0 : TT = 3.30999, pt = 0.005656, dt = 3.08306, ct = 0.219149, ndl = 202495', bdl = 15214787', odl = 94007', odf = 3070931', bsi = 1440', cnt = 28385866', bdch = 547652055', odch = 129805065', lcp = 26747070', #sols = 150
    RCSP exact solver info for graph G_0 : TT = 2.52295, pt = 0.003866, dt = 2.34107, ct = 0.176319, ndl = 189980', bdl = 14234950', odl = 93034', odf = 2883236', bsi = 1371', cnt = 23994491', bdch = 494739470', odch = 111700845', lcp = 23747906', #sols = 150
<DWph=0> <it= 63> <et=129.64> <Mt= 0.01> <Spt= 5.91> <nCl=133> <al=0.00> <DB= 2954.4121> <Mlp= 2990.1286> <PB=10000000> 
    RCSP exact solver info for graph G_0 : TT = 3.23486, pt = 0.005125, dt = 3.01067, ct = 0.217233, ndl = 200891', bdl = 15109433', odl = 93566', odf = 3043847', bsi = 1480', cnt = 27326263', bdch = 541873971', odch = 125639009', lcp = 26174512', #sols = 150
    RCSP exact solver info for graph G_0 : TT = 2.4266, pt = 0.003653, dt = 2.25544, ct = 0.1658, ndl = 189409', bdl = 14235623', odl = 92933', odf = 2876847', bsi = 1365', cnt = 24009022', bdch = 493033030', odch = 111180767', lcp = 23636882', #sols = 150
<DWph=0> <it= 64> <et=135.33> <Mt= 0.01> <Spt= 5.68> <nCl= 13> <al=0.00> <DB= 2990.1286> <Mlp= 2990.1286> <PB=10000000> 
RCSP solver dynamic params and stats :  bidir.bord. = 375 aver.obdmd = 98.5902 aver.buck.num. = 101 nbR1C = 112 with avMem = 17.8304
@@ 1 10 2990.13 3.58674 5.94876 92.9561 135.33
    Full reduced cost fixing is not called (gap ratio is 0.999997)
ColGenEvalAlg final dual bound: 2990.13 (rounded: 2991)
False gap improvement since the last cut separation : 0.00459066 (2988.76)
Cut generation tailing off counter increased to 2
Current active cuts : CAP(16,699.404) R1C(14+98,257.177) 1rowPackR1C(14) 3rowPackR1C(44) 4rowPackR1C(41) 5rowPackR1C(13)
Shrinking heuristic shrunk 27 edges
In total 3 RCC cut(s) are found by the Fractional capacity min-cut heuristic 
In total 3 RCC cut(s) are found by the greedy construction heuristic 
In total 5 RCC cut(s) are found by the global pool greedy search heuristic 
10 Rank-1 1-rows pack. cuts added ,  max viol. = 0.100345, aver. viol. = 0.0623871
141 Rank-1 3-rows pack. cuts added ,  max viol. = 0.171759, aver. viol. = 0.0546897
Building structures for heuristic rank-1 packing cut separation...done!
21 Rank-1 4-rows pack. cuts added ,  max viol. = 0.0665345, aver. viol. = 0.032123
100 Rank-1 5-rows pack. cuts added ,  max viol. = 0.186077, aver. viol. = 0.0477744
----- Add fac. cuts : CAP(11) R1C(272), max.viol = 0.411677, aver.viol = 0.094423, sep/add took 0.621778/0.697172 sec. -----
13961 columns (7212 active), 838 dyn. constrs. (462 active), 2341 art. vars. (704 active)
<DWph=2> <it=  1> <et=137.22> <Mt= 0.22> <Spt= 0.24> <nCl= 24> <al=0.00> <DB= 2733.2932> <Mlp= 2991.1195> <PB=10000000> 
<DWph=2> <it=  2> <et=137.40> <Mt= 0.05> <Spt= 0.12> <nCl= 13> <al=0.40> <DB= 2931.9423> <Mlp= 2991.1038> <PB=10000000> 
<DWph=2> <it=  3> <et=137.60> <Mt= 0.07> <Spt= 0.13> <nCl=  6> <al=0.46> <DB= 2960.8969> <Mlp= 2991.0585> <PB=10000000> 
<DWph=2> <it=  4> <et=137.75> <Mt= 0.03> <Spt= 0.12> <nCl=  4> <al=0.51> <DB= 2989.5573> <Mlp= 2991.0523> <PB=10000000> 
<DWph=2> <it=  5> <et=138.02> <Mt= 0.01> <Spt= 0.26> <nCl=  4> <al=0.13> <DB= 2965.6350> <Mlp= 2991.0523> <PB=10000000> 
<DWph=2> <it=  6> <et=138.15> <Mt= 0.00> <Spt= 0.12> <nCl=  6> <al=0.46> <DB= 2929.3271> <Mlp= 2991.0523> <PB=10000000> 
<DWph=2> <it=  7> <et=138.29> <Mt= 0.01> <Spt= 0.13> <nCl=  3> <al=0.52> <DB= 2963.1828> <Mlp= 2991.0520> <PB=10000000> 
<DWph=2> <it=  8> <et=138.65> <Mt= 0.02> <Spt= 0.35> <nCl=  8> <al=0.00> <DB= 2963.2204> <Mlp= 2991.0501> <PB=10000000> 
<DWph=2> <it=  9> <et=138.79> <Mt= 0.01> <Spt= 0.12> <nCl=  3> <al=0.46> <DB= 2979.2201> <Mlp= 2991.0501> <PB=10000000> 
<DWph=2> <it= 10> <et=139.16> <Mt= 0.02> <Spt= 0.36> <nCl= 13> <al=0.00> <DB= 2943.0296> <Mlp= 2991.0499> <PB=10000000> 
<DWph=2> <it= 11> <et=139.38> <Mt= 0.00> <Spt= 0.21> <nCl=  7> <al=0.00> <DB= 2991.0499> <Mlp= 2991.0499> <PB=10000000> 
<DWph=1> <it= 12> <et=139.61> <Mt= 0.01> <Spt= 0.23> <nCl= 10> <al=0.32> <DB= 2744.8705> <Mlp= 2991.0499> <PB=10000000> 
<DWph=1> <it= 13> <et=139.88> <Mt= 0.03> <Spt= 0.24> <nCl=  8> <al=0.22> <DB= 2937.3169> <Mlp= 2991.0397> <PB=10000000> 
<DWph=1> <it= 14> <et=140.15> <Mt= 0.02> <Spt= 0.24> <nCl=  3> <al=0.12> <DB= 2814.4239> <Mlp= 2991.0364> <PB=10000000> 
<DWph=1> <it= 15> <et=140.62> <Mt= 0.03> <Spt= 0.44> <nCl= 12> <al=0.00> <DB= 2861.2018> <Mlp= 2991.0319> <PB=10000000> 
<DWph=1> <it= 16> <et=140.89> <Mt= 0.03> <Spt= 0.24> <nCl=  3> <al=0.11> <DB= 2835.8828> <Mlp= 2991.0166> <PB=10000000> 
<DWph=1> <it= 17> <et=141.15> <Mt= 0.02> <Spt= 0.25> <nCl=  2> <al=0.01> <DB= 2916.6119> <Mlp= 2991.0166> <PB=10000000> 
<DWph=1> <it= 18> <et=141.41> <Mt= 0.02> <Spt= 0.24> <nCl=  3> <al=0.00> <DB= 2964.6152> <Mlp= 2991.0158> <PB=10000000> 
<DWph=1> <it= 19> <et=141.90> <Mt= 0.02> <Spt= 0.46> <nCl=  0> <al=0.00> <DB= 2991.0155> <Mlp= 2991.0155> <PB=10000000> 
    RCSP exact solver info for graph G_0 : TT = 4.14792, pt = 0.003996, dt = 3.81836, ct = 0.323598, ndl = 268942', bdl = 20182256', odl = 125790', odf = 4341470', bsi = 1610', cnt = 45021291', bdch = 890187585', odch = 216671780', lcp = 45159711', #sols = 150
<DWph=0> <it= 20> <et=146.12> <Mt= 0.00> <Spt= 4.22> <nCl=150> <al=0.00> <DB= 2444.2843> <Mlp= 2991.0155> <PB=10000000> 
    RCSP exact solver info for graph G_0 : TT = 5.65312, pt = 0.004442, dt = 5.35957, ct = 0.28695, ndl = 242904', bdl = 18250798', odl = 115539', odf = 3892009', bsi = 1615', cnt = 39897874', bdch = 743230411', odch = 179761697', lcp = 36719084', #sols = 150
<DWph=0> <it= 21> <et=150.02> <Mt= 0.10> <Spt= 3.80> <nCl=150> <al=0.00> <DB= 2722.6360> <Mlp= 2990.9111> <PB=10000000> 
    RCSP exact solver info for graph G_0 : TT = 4.14521, pt = 0.00661, dt = 3.84741, ct = 0.289261, ndl = 254327', bdl = 19163526', odl = 117919', odf = 4083080', bsi = 1599', cnt = 39979496', bdch = 796592453', odch = 199003894', lcp = 41726599', #sols = 150
<DWph=0> <it= 22> <et=154.31> <Mt= 0.09> <Spt= 4.20> <nCl=111> <al=0.02> <DB= 2842.7668> <Mlp= 2990.8688> <PB=10000000> 
    RCSP exact solver info for graph G_0 : TT = 4.17409, pt = 0.004925, dt = 3.87794, ct = 0.289396, ndl = 262143', bdl = 19772301', odl = 117288', odf = 4182124', bsi = 1561', cnt = 43327474', bdch = 835533054', odch = 212852351', lcp = 43531306', #sols = 150
<DWph=0> <it= 23> <et=158.54> <Mt= 0.03> <Spt= 4.20> <nCl= 45> <al=0.12> <DB= 2972.8307> <Mlp= 2990.8653> <PB=10000000> 
    RCSP exact solver info for graph G_0 : TT = 3.93124, pt = 0.004849, dt = 3.64417, ct = 0.280326, ndl = 250394', bdl = 18848926', odl = 117214', odf = 4022514', bsi = 1570', cnt = 39017681', bdch = 776186363', odch = 192010146', lcp = 40315349', #sols = 150
    RCSP exact solver info for graph G_0 : TT = 3.63157, pt = 0.00712, dt = 3.37011, ct = 0.252464, ndl = 247416', bdl = 18630947', odl = 116854', odf = 3973242', bsi = 1391', cnt = 38325415', bdch = 764138287', odch = 187761203', lcp = 39421018', #sols = 150
<DWph=0> <it= 24> <et=166.17> <Mt= 0.02> <Spt= 7.61> <nCl= 73> <al=0.00> <DB= 2990.8650> <Mlp= 2990.8650> <PB=10000000> 
RCSP solver dynamic params and stats :  bidir.bord. = 375 aver.obdmd = 98.5902 aver.buck.num. = 101 nbR1C = 130 with avMem = 18.0154
@@ 1 11 2990.87 4.27326 5.64652 92.9561 166.17
    Full reduced cost fixing is not called (gap ratio is 0.999997)
ColGenEvalAlg final dual bound: 2990.87 (rounded: 2991)
False gap improvement since the last cut separation : 0.00246279 (2990.13)
----- Cut generation is stopped due to tailing off -----
Current active cuts : CAP(19,752.217) R1C(17+113,279.912) 1rowPackR1C(17) 3rowPackR1C(53) 4rowPackR1C(38) 5rowPackR1C(22)
**** Strong branching phase 1 is started *****
SB phase 1 cand.  1 branch on colGenSp (9.2321)                           : [ 2990.8650,  2990.8650], score = 0.00      <et=166.45>
SB phase 1 cand.  2 branch on omega[3] (lhs=24.5340)                      : [ 2990.8650,  2990.8650], score = 0.00      <et=166.49>
SB phase 1 cand.  3 branch on omega[4] (lhs=2.0935)                       : [ 2991.0207,  2999.1184], score = 1.29      <et=166.8>
SB phase 1 cand.  4 branch on Psi[3,4] (lhs=1.0816)                       : [ 2990.9464,  3000.5042], score = 0.78      <et=167.07>
SB phase 1 cand.  5 branch on Psi[2,4] (lhs=0.0117)                       : [ 2990.8839, 1851499.6403], score = 34985.45      <et=167.57>
SB phase 1 cand.  6 branch on Psi[2,3] (lhs=1.9883)                       : [ 2990.8839, 1851499.6403], score = 34985.45      <et=168.03>
SB phase 1 cand.  7 branch on Psi[1,3] (lhs=0.9999)                       : [ 2990.8650, 6259065.4157], score = 41.04      <et=168.4>
SB phase 1 cand.  8 branch on Psi[1,4] (lhs=1.0001)                       : [ 2990.8650, 6259065.4157], score = 41.04      <et=168.73>
SB phase 1 cand.  9 branch on var x[(0, 44)]_0_4257_0_OspV (lhs=1.4959)   : [ 2990.8650,  2990.8650], score = 0.00      <et=168.76>
SB phase 1 cand. 10 branch on var x[(80, 83)]_0_6402_0_OspV (lhs=0.4932)  : [ 2991.5420,  2992.0438], score = 0.80      <et=169.02>
SB phase 1 cand. 11 branch on var x[(0, 103)]_0_7089_0_OspV (lhs=0.4777)  : [ 2991.4342,  2992.0587], score = 0.68      <et=169.27>
SB phase 1 cand. 12 branch on var x[(0, 120)]_0_7259_0_OspV (lhs=0.5253)  : [ 2991.2703,  2991.4945], score = 0.26      <et=169.5>
SB phase 1 cand. 13 branch on var x[(78, 80)]_0_6316_0_OspV (lhs=0.4719)  : [ 2991.2792,  2992.2742], score = 0.58      <et=169.75>
SB phase 1 cand. 14 branch on var x[(0, 104)]_0_7107_0_OspV (lhs=0.5294)  : [ 2991.4688,  2991.6729], score = 0.49      <et=170.06>
SB phase 1 cand. 15 branch on var x[(61, 118)]_0_5487_0_OspV (lhs=0.5360) : [ 2991.6552,  2991.6817], score = 0.65      <et=170.33>
SB phase 1 cand. 16 branch on var x[(83, 119)]_0_6555_0_OspV (lhs=0.4625) : [ 2991.1793,  2993.2662], score = 0.75      <et=170.61>
SB phase 1 cand. 17 branch on var x[(58, 106)]_0_5292_0_OspV (lhs=0.5427) : [ 2991.8744,  2991.8875], score = 1.03      <et=170.88>
SB phase 1 cand. 18 branch on var x[(0, 72)]_0_6035_0_OspV (lhs=0.4503)   : [ 2991.1019,  2991.9943], score = 0.27      <et=171.14>
SB phase 1 cand. 19 branch on var x[(63, 103)]_0_5589_0_OspV (lhs=0.5550) : [ 2991.8366,  2991.8550], score = 0.96      <et=171.45>
SB phase 1 cand. 20 branch on var x[(32, 106)]_0_3329_0_OspV (lhs=0.5679) : [ 2991.3505,  2991.8575], score = 0.48      <et=171.73>
SB phase 1 cand. 21 branch on var x[(14, 32)]_0_1500_0_OspV (lhs=0.4270)  : [ 2991.4365,  2994.3333], score = 1.98      <et=172.05>
SB phase 1 cand. 22 branch on var x[(14, 61)]_0_1529_0_OspV (lhs=0.4199)  : [ 2991.4390,  2992.5245], score = 0.95      <et=172.34>
SB phase 1 cand. 23 branch on var x[(0, 107)]_0_7155_0_OspV (lhs=0.5860)  : [ 2991.2287,  2991.8179], score = 0.35      <et=172.56>
SB phase 1 cand. 24 branch on var x[(107, 113)]_0_7161_0_OspV (lhs=0.4140): [ 2990.9808,  2992.6046], score = 0.20      <et=172.78>
SB phase 1 cand. 25 branch on var x[(16, 38)]_0_1717_0_OspV (lhs=0.6115)  : [ 2991.5723,  2992.8360], score = 1.39      <et=173.1>
SB phase 1 cand. 26 branch on var x[(0, 77)]_0_6270_0_OspV (lhs=0.3751)   : [ 2991.3426,  2991.4240], score = 0.27      <et=173.33>
SB phase 1 cand. 27 branch on var x[(43, 78)]_0_4214_0_OspV (lhs=0.3726)  : [ 2991.8431,  2992.3841], score = 1.49      <et=173.65>
SB phase 1 cand. 28 branch on var x[(33, 38)]_0_3349_0_OspV (lhs=0.6386)  : [ 2990.9684,  2991.6982], score = 0.09      <et=173.84>
SB phase 1 cand. 29 branch on var x[(0, 66)]_0_5720_0_OspV (lhs=0.6408)   : [ 2991.3175,  2992.4761], score = 0.73      <et=174.1>
SB phase 1 cand. 30 branch on var x[(13, 66)]_0_1427_0_OspV (lhs=0.3592)  : [ 2991.3255,  2992.5147], score = 0.76      <et=174.38>
SB phase 1 cand. 31 branch on var x[(58, 103)]_0_5289_0_OspV (lhs=0.3524) : [ 2991.4425,  2992.3355], score = 0.85      <et=174.67>
SB phase 1 cand. 32 branch on var x[(32, 118)]_0_3341_0_OspV (lhs=0.3504) : [ 2991.1988,  2992.7118], score = 0.62      <et=174.9>
SB phase 1 cand. 33 branch on var x[(13, 113)]_0_1474_0_OspV (lhs=0.3500) : [ 2991.1544,  2991.3468], score = 0.14      <et=175.14>
SB phase 1 cand. 34 branch on var x[(0, 113)]_0_7224_0_OspV (lhs=0.6511)  : [ 2990.8650,  2990.9457], score = 0.00      <et=175.23>
SB phase 1 cand. 35 branch on var x[(13, 104)]_0_1465_0_OspV (lhs=0.3471) : [ 2990.9045,  2993.9817], score = 0.12      <et=175.46>
SB phase 1 cand. 36 branch on var x[(43, 118)]_0_4254_0_OspV (lhs=0.6544) : [ 2991.3767,  2992.2770], score = 0.72      <et=175.75>
SB phase 1 cand. 37 branch on var x[(12, 96)]_0_1349_0_OspV (lhs=0.6609)  : [ 2992.1522,  2992.5969], score = 2.23      <et=176.07>
SB phase 1 cand. 38 branch on var x[(0, 60)]_0_5369_0_OspV (lhs=0.6633)   : [ 2991.2920,  2992.1165], score = 0.53      <et=176.31>
SB phase 1 cand. 39 branch on var x[(33, 77)]_0_3388_0_OspV (lhs=0.3338)  : [ 2990.9391,  2991.9164], score = 0.08      <et=176.49>
SB phase 1 cand. 40 branch on var x[(38, 77)]_0_3813_0_OspV (lhs=0.3335)  : [ 2991.2776,  2991.4638], score = 0.25      <et=176.7>
SB phase 1 cand. 41 branch on var x[(47, 54)]_0_4492_0_OspV (lhs=0.6713)  : [ 2990.8650,  2990.8650], score = 0.00      <et=176.73>
SB phase 1 cand. 42 branch on var x[(66, 96)]_0_5750_0_OspV (lhs=0.6722)  : [ 2992.0040,  2992.5290], score = 1.90      <et=177.02>
SB phase 1 cand. 43 branch on var x[(72, 107)]_0_6070_0_OspV (lhs=0.3217) : [ 2991.2303,  2991.9123], score = 0.38      <et=177.28>
SB phase 1 cand. 44 branch on var x[(0, 38)]_0_3774_0_OspV (lhs=0.3191)   : [ 2990.9512,  2991.7816], score = 0.08      <et=177.47>
SB phase 1 cand. 45 branch on var x[(103, 106)]_0_7092_0_OspV (lhs=0.3167): [ 2991.6046,  2992.4761], score = 1.19      <et=177.76>
SB phase 1 cand. 46 branch on var x[(0, 33)]_0_3344_0_OspV (lhs=0.6897)   : [ 2990.8650,  2991.3680], score = 0.00      <et=177.88>
SB phase 1 cand. 47 branch on var x[(0, 119)]_0_7257_0_OspV (lhs=0.6993)  : [ 2990.8650,  2991.6801], score = 0.00      <et=178.05>
SB phase 1 cand. 48 branch on var x[(41, 101)]_0_4080_0_OspV (lhs=0.7037) : [ 2991.9933,  2993.0922], score = 2.51      <et=178.42>
SB phase 1 cand. 49 branch on var x[(0, 14)]_0_1482_0_OspV (lhs=0.7126)   : [ 2991.5663,  2992.1258], score = 0.88      <et=178.72>
SB phase 1 cand. 50 branch on var x[(44, 113)]_0_4326_0_OspV (lhs=0.2750) : [ 2990.8650,  2990.9522], score = 0.00      <et=178.81>
SB phase 1 cand. 51 branch on var x[(47, 119)]_0_4557_0_OspV (lhs=0.2715) : [ 2990.8650,  2991.9145], score = 0.00      <et=178.99>
SB phase 1 cand. 52 branch on var x[(107, 120)]_0_7168_0_OspV (lhs=0.2700): [ 2990.9295,  2992.9716], score = 0.14      <et=179.2>
SB phase 1 cand. 53 branch on var x[(41, 114)]_0_4093_0_OspV (lhs=0.7348) : [ 2992.1499,  2993.4854], score = 3.37      <et=179.59>
SB phase 1 cand. 54 branch on var x[(0, 118)]_0_7254_0_OspV (lhs=0.2631)  : [ 2990.9790,  2992.3929], score = 0.17      <et=179.82>
SB phase 1 cand. 55 branch on var x[(0, 47)]_0_4485_0_OspV (lhs=0.7460)   : [ 2990.8650,  2990.8650], score = 0.00      <et=179.85>
SB phase 1 cand. 56 branch on var x[(72, 80)]_0_6043_0_OspV (lhs=0.7637)  : [ 2991.1041,  2992.3661], score = 0.36      <et=180.12>
SB phase 1 cand. 57 branch on var x[(66, 113)]_0_5767_0_OspV (lhs=0.2360) : [ 2991.0157,  2993.5949], score = 0.41      <et=180.35>
SB phase 1 cand. 58 branch on var x[(43, 106)]_0_4242_0_OspV (lhs=0.2342) : [ 2991.0065,  2997.2889], score = 0.91      <et=180.7>
SB phase 1 cand. 59 branch on var x[(0, 16)]_0_1695_0_OspV (lhs=0.2301)   : [ 2991.4759,  2992.8302], score = 1.20      <et=181.02>
SB phase 1 cand. 60 branch on var x[(72, 119)]_0_6082_0_OspV (lhs=0.2280) : [ 2991.0901,  2992.1290], score = 0.28      <et=181.28>
SB phase 1 cand. 61 branch on var x[(7, 74)]_0_772_0_OspV (lhs=0.7881)    : [ 2991.6448,  2993.4805], score = 2.04      <et=181.65>
SB phase 1 cand. 62 branch on var x[(41, 96)]_0_4075_0_OspV (lhs=0.2069)  : [ 2991.4426,  2993.4150], score = 1.47      <et=182.01>
SB phase 1 cand. 63 branch on var x[(37, 45)]_0_3698_0_OspV (lhs=0.7934)  : [ 2991.5628,  2995.2153], score = 3.04      <et=182.43>
SB phase 1 cand. 64 branch on var x[(45, 114)]_0_4403_0_OspV (lhs=0.2066) : [ 2991.5236,  2995.3567], score = 2.96      <et=182.83>
SB phase 1 cand. 65 branch on var x[(5, 97)]_0_566_0_OspV (lhs=0.7967)    : [ 2991.3905,  2993.4229], score = 1.34      <et=183.14>
SB phase 1 cand. 66 branch on var x[(67, 79)]_0_5787_0_OspV (lhs=0.7973)  : [ 2991.2882,  2993.0376], score = 0.92      <et=183.44>
SB phase 1 cand. 67 branch on var x[(78, 79)]_0_6315_0_OspV (lhs=0.2021)  : [ 2990.9458,  2996.1213], score = 0.42      <et=183.74>
SB phase 1 cand. 68 branch on var x[(32, 103)]_0_3326_0_OspV (lhs=0.2003) : [ 2990.9604,  2992.2833], score = 0.14      <et=183.96>
SB phase 1 cand. 69 branch on var x[(33, 47)]_0_3358_0_OspV (lhs=0.2000)  : [ 2990.8650,  2991.5033], score = 0.00      <et=184.09>
SB phase 1 cand. 70 branch on var x[(12, 41)]_0_1294_0_OspV (lhs=0.1995)  : [ 2991.2208,  2994.5089], score = 1.30      <et=184.42>
SB phase 1 cand. 71 branch on var x[(37, 74)]_0_3727_0_OspV (lhs=0.1992)  : [ 2991.5942,  2995.3211], score = 3.25      <et=184.81>
SB phase 1 cand. 72 branch on var x[(32, 63)]_0_3286_0_OspV (lhs=0.1927)  : [ 2990.9841,  2994.1267], score = 0.39      <et=185.08>
SB phase 1 cand. 73 branch on var x[(0, 54)]_0_4982_0_OspV (lhs=1.1919)   : [ 2990.8650,  2990.8650], score = 0.00      <et=185.1>
SB phase 1 cand. 74 branch on var x[(86, 104)]_0_6648_0_OspV (lhs=0.8111) : [ 2991.2880,  2994.1518], score = 1.39      <et=185.45>
SB phase 1 cand. 75 branch on var x[(101, 116)]_0_7065_0_OspV (lhs=0.8168): [ 2991.3188,  2994.4694], score = 1.64      <et=185.8>
SB phase 1 cand. 76 branch on var x[(0, 84)]_0_6557_0_OspV (lhs=0.8199)   : [ 2990.9573,  2991.8445], score = 0.09      <et=186.06>
SB phase 1 cand. 77 branch on var x[(79, 84)]_0_6362_0_OspV (lhs=0.8201)  : [ 2991.0228,  2993.5624], score = 0.43      <et=186.35>
SB phase 1 cand. 78 branch on var x[(22, 60)]_0_2348_0_OspV (lhs=0.8224)  : [ 2991.1749,  2994.1916], score = 1.03      <et=186.64>
SB phase 1 cand. 79 branch on var x[(60, 67)]_0_5376_0_OspV (lhs=0.1776)  : [ 2991.1749,  2994.1916], score = 1.03      <et=186.95>
SB phase 1 cand. 80 branch on var x[(30, 120)]_0_3164_0_OspV (lhs=0.8230) : [ 2991.2921,  2994.4603], score = 1.54      <et=187.32>
SB phase 1 cand. 81 branch on var x[(93, 99)]_0_6860_0_OspV (lhs=0.8277)  : [ 2991.2736,  2994.8423], score = 1.63      <et=187.64>
SB phase 1 cand. 82 branch on var x[(99, 120)]_0_7028_0_OspV (lhs=0.1723) : [ 2991.2111,  2994.8177], score = 1.37      <et=187.96>
SB phase 1 cand. 83 branch on var x[(0, 96)]_0_6935_0_OspV (lhs=0.1716)   : [ 2991.1509,  2993.3936], score = 0.72      <et=188.27>
SB phase 1 cand. 84 branch on var x[(0, 22)]_0_2310_0_OspV (lhs=0.1632)   : [ 2991.0499,  2994.7285], score = 0.71      <et=188.55>
SB phase 1 cand. 85 branch on var x[(60, 84)]_0_5393_0_OspV (lhs=0.1591)  : [ 2990.9610,  2994.0289], score = 0.30      <et=188.8>
SB phase 1 cand. 86 branch on var x[(53, 59)]_0_4920_0_OspV (lhs=0.8471)  : [ 2991.4456,  2994.1059], score = 1.88      <et=189.09>
SB phase 1 cand. 87 branch on var x[(0, 86)]_0_6630_0_OspV (lhs=0.1472)   : [ 2991.1154,  2995.2702], score = 1.10      <et=189.37>
SB phase 1 cand. 88 branch on var x[(13, 77)]_0_1438_0_OspV (lhs=0.8562)  : [ 2990.9497,  2991.5891], score = 0.06      <et=189.58>
SB phase 1 cand. 89 branch on var x[(0, 59)]_0_5307_0_OspV (lhs=0.1437)   : [ 2991.2187,  2995.7192], score = 1.72      <et=189.89>
SB phase 1 cand. 90 branch on var x[(0, 106)]_0_7140_0_OspV (lhs=0.1435)  : [ 2990.9336,  2993.2742], score = 0.17      <et=190.13>
SB phase 1 cand. 91 branch on var x[(43, 83)]_0_4219_0_OspV (lhs=0.1408)  : [ 2990.9017,  2995.7026], score = 0.18      <et=190.4>
SB phase 1 cand. 92 branch on var x[(78, 83)]_0_6319_0_OspV (lhs=0.8592)  : [ 2990.9294,  2996.6063], score = 0.37      <et=190.69>
SB phase 1 cand. 93 branch on var x[(63, 106)]_0_5592_0_OspV (lhs=0.1406) : [ 2990.9378,  2993.6830], score = 0.21      <et=190.94>
SB phase 1 cand. 94 branch on var x[(59, 111)]_0_5359_0_OspV (lhs=0.8603) : [ 2990.9851,  2995.0165], score = 0.50      <et=191.2>
SB phase 1 cand. 95 branch on var x[(11, 111)]_0_1255_0_OspV (lhs=0.8632) : [ 2991.1175,  2994.8846], score = 1.01      <et=191.48>
SB phase 1 cand. 96 branch on var x[(60, 79)]_0_5388_0_OspV (lhs=0.1317)  : [ 2991.0660,  2994.4834], score = 0.73      <et=191.73>
SB phase 1 cand. 97 branch on var x[(43, 107)]_0_4243_0_OspV (lhs=0.1315) : [ 2990.9418,  2997.3254], score = 0.50      <et=192.02>
SB phase 1 cand. 98 branch on var x[(84, 119)]_0_6592_0_OspV (lhs=0.1292) : [ 2990.9053,  2993.1474], score = 0.09      <et=192.25>
SB phase 1 cand. 99 branch on var x[(14, 107)]_0_1575_0_OspV (lhs=0.1291) : [ 2990.9214,  2993.7372], score = 0.16      <et=192.48>
SB phase 1 cand. 100 branch on var x[(0, 5)]_0_474_0_OspV (lhs=0.8736)     : [ 2990.9324,  2994.0143], score = 0.21      <et=192.72>
**** Strong branching phase 2 is started *****
#<DWph=1> <it= 38> <et=200.25> <Mt= 2.27> <Spt= 5.23> <nCl=471> <al=0.00> <DB= 3024.6751> <Mlp= 3024.6751> <PB=10000000> 
<DWph=1> <it=  4> <et=201.83> <Mt= 0.02> <Spt= 1.15> <nCl= 24> <al=0.00> <DB= 2990.8834> <Mlp= 2990.8834> <PB=10000000> 
SB phase 2 cand.  1 branch on Psi[2,4] (lhs=0.0117): [ 2990.8834,  3024.6751], score = 0.62      <et=201.87>
##<DWph=1> <it= 48> <et=213.12> <Mt= 2.39> <Spt= 8.64> <nCl=585> <al=0.00> <DB= 3023.3615> <Mlp= 3023.3615> <PB=10000000> 
<DWph=1> <it=  4> <et=214.64> <Mt= 0.03> <Spt= 1.22> <nCl= 16> <al=0.00> <DB= 2990.8834> <Mlp= 2990.8834> <PB=10000000> 
SB phase 2 cand.  2 branch on Psi[2,3] (lhs=1.9883): [ 2990.8834,  3023.3615], score = 0.60      <et=214.68>
#BaPCod info: Cplex status is 'Optimal solution found, unscaled infeasibilities'
##<DWph=1> <it= 64> <et=226.97> <Mt= 2.17> <Spt= 9.84> <nCl=918> <al=0.00> <DB= 3044.0226> <Mlp= 3044.0226> <PB=10000000> 
<DWph=1> <it=  2> <et=227.98> <Mt= 0.01> <Spt= 0.72> <nCl= 20> <al=0.00> <DB= 2990.8650> <Mlp= 2990.8650> <PB=10000000> 
SB phase 2 cand.  3 branch on Psi[1,4] (lhs=1.0001): [ 2990.8650,  3044.0226], score = 0.00      <et=228.02>
**** Strong branching phase 3 is started *****
**** SB phase 3 evaluation of candidate 1, branch 1 ( Psi[2,4] >= 1 ), value = 3024.68
<DWph=2> <it=  1> <et=228.36> <Mt= 0.01> <Spt= 0.11> <nCl=  8> <al=0.50> <DB= 2515.9736> <Mlp= 3024.6751> <PB=10000000> 
<DWph=2> <it=  2> <et=228.68> <Mt= 0.00> <Spt= 0.32> <nCl=  1> <al=0.00> <DB= 3024.6751> <Mlp= 3024.6751> <PB=10000000> 
<DWph=1> <it=  3> <et=229.10> <Mt= 0.01> <Spt= 0.41> <nCl=  1> <al=0.00> <DB= 3024.6751> <Mlp= 3024.6751> <PB=10000000> 
    RCSP exact solver info for graph G_0 : TT = 1.92148, pt = 0.002996, dt = 1.77187, ct = 0.144692, ndl = 166756', bdl = 12668768', odl = 76627', odf = 2492113', bsi = 1499', cnt = 22521467', bdch = 379563348', odch = 97782840', lcp = 19353988', #sols = 150
<DWph=0> <it=  4> <et=231.05> <Mt= 0.00> <Spt= 1.95> <nCl=150> <al=0.35> <DB= 2039.6531> <Mlp= 3024.6751> <PB=10000000> 
    RCSP exact solver info for graph G_0 : TT = 2.38681, pt = 0.003246, dt = 2.1968, ct = 0.184815, ndl = 188964', bdl = 13983717', odl = 79154', odf = 2813537', bsi = 1294', cnt = 36522781', bdch = 471015911', odch = 137610862', lcp = 27706228', #sols = 150
<DWph=0> <it=  5> <et=233.66> <Mt= 0.19> <Spt= 2.42> <nCl=132> <al=0.25> <DB= 2618.2972> <Mlp= 3023.0486> <PB=10000000> 
    RCSP exact solver info for graph G_0 : TT = 2.02635, pt = 0.002986, dt = 1.86945, ct = 0.151968, ndl = 163743', bdl = 12191116', odl = 75009', odf = 2444212', bsi = 1342', cnt = 24340108', bdch = 369178279', odch = 100738638', lcp = 20776878', #sols = 150
<DWph=0> <it=  6> <et=235.83> <Mt= 0.12> <Spt= 2.04> <nCl= 72> <al=0.33> <DB= 2703.7188> <Mlp= 3022.8961> <PB=10000000> 
    RCSP exact solver info for graph G_0 : TT = 2.22513, pt = 0.003923, dt = 2.05291, ct = 0.165972, ndl = 171402', bdl = 12835704', odl = 76637', odf = 2534070', bsi = 1421', cnt = 31225651', bdch = 402184338', odch = 118311074', lcp = 23798980', #sols = 150
<DWph=0> <it=  7> <et=238.15> <Mt= 0.07> <Spt= 2.25> <nCl= 66> <al=0.39> <DB= 2863.2514> <Mlp= 3022.8825> <PB=10000000> 
    RCSP exact solver info for graph G_0 : TT = 2.33483, pt = 0.00354, dt = 2.14053, ct = 0.188514, ndl = 177018', bdl = 13169014', odl = 77891', odf = 2636874', bsi = 1568', cnt = 35524071', bdch = 422446851', odch = 130816556', lcp = 26001358', #sols = 150
<DWph=0> <it=  8> <et=240.50> <Mt= 0.01> <Spt= 2.35> <nCl= 27> <al=0.45> <DB= 2950.5296> <Mlp= 3022.8824> <PB=10000000> 
    RCSP exact solver info for graph G_0 : TT = 2.26997, pt = 0.003658, dt = 2.08693, ct = 0.177219, ndl = 175430', bdl = 13076091', odl = 77620', odf = 2610239', bsi = 1500', cnt = 34917232', bdch = 418716007', odch = 126759452', lcp = 25149135', #sols = 150
<DWph=0> <it=  9> <et=242.79> <Mt= 0.01> <Spt= 2.28> <nCl= 30> <al=0.35> <DB= 2950.0986> <Mlp= 3022.8824> <PB=10000000> 
    RCSP exact solver info for graph G_0 : TT = 4.33859, pt = 0.003522, dt = 4.15033, ct = 0.182614, ndl = 173699', bdl = 12956255', odl = 77664', odf = 2591722', bsi = 1395', cnt = 34104038', bdch = 411306993', odch = 124464999', lcp = 24816006', #sols = 150
<DWph=0> <it= 10> <et=245.13> <Mt= 0.01> <Spt= 2.32> <nCl= 12> <al=0.42> <DB= 2992.6444> <Mlp= 3022.8824> <PB=10000000> 
    RCSP exact solver info for graph G_0 : TT = 2.35764, pt = 0.003557, dt = 2.16974, ct = 0.182099, ndl = 171551', bdl = 12802104', odl = 77438', odf = 2552716', bsi = 1496', cnt = 32872253', bdch = 402251159', odch = 120242374', lcp = 23984832', #sols = 150
<DWph=0> <it= 11> <et=247.50> <Mt= 0.01> <Spt= 2.37> <nCl= 25> <al=0.32> <DB= 3003.1332> <Mlp= 3022.8824> <PB=10000000> 
    RCSP exact solver info for graph G_0 : TT = 2.29224, pt = 0.003497, dt = 2.11138, ct = 0.175284, ndl = 173052', bdl = 12867816', odl = 77785', odf = 2575481', bsi = 1487', cnt = 33347646', bdch = 408852651', odch = 122064696', lcp = 24400869', #sols = 150
    RCSP exact solver info for graph G_0 : TT = 2.17621, pt = 0.003172, dt = 1.99503, ct = 0.176043, ndl = 172193', bdl = 12820784', odl = 77028', odf = 2559881', bsi = 1507', cnt = 33890421', bdch = 403545832', odch = 122440594', lcp = 24427940', #sols = 150
<DWph=0> <it= 12> <et=252.00> <Mt= 0.00> <Spt= 4.49> <nCl= 24> <al=0.00> <DB= 3022.8824> <Mlp= 3022.8824> <PB=10000000> 
RCSP solver dynamic params and stats :  bidir.bord. = 375 aver.obdmd = 98.5902 aver.buck.num. = 101 nbR1C = 80 with avMem = 17.7875
@@ 208 0 3022.88 2.42742 4.33294 92.9561 252
    Full reduced cost fixing is not called (gap ratio is 0.999994)
ColGenEvalAlg final dual bound: 3022.88 (rounded: 3023)
Current active cuts : CAP(10,300.731) R1C(10+70,220.323) 1rowPackR1C(10) 3rowPackR1C(34) 4rowPackR1C(25) 5rowPackR1C(11)
23 Rank-1 1-rows pack. cuts added ,  max viol. = 0.16525, aver. viol. = 0.0803098
150 Rank-1 3-rows pack. cuts added ,  max viol. = 0.300937, aver. viol. = 0.22671
Shrinking heuristic shrunk 45 edges
In total 11 RCC cut(s) are found by the Fractional capacity min-cut heuristic 
In total 15 RCC cut(s) are found by the greedy construction heuristic 
In total 11 RCC cut(s) are found by the global pool greedy search heuristic 
----- Add fac. cuts : CAP(37) R1C(173), max.viol = 0.447762, aver.viol = 0.223529, sep/add took 0.0353074/0.6375 sec. -----
10455 columns (8892 active), 415 dyn. constrs. (344 active), 661 art. vars. (586 active)
<DWph=2> <it=  1> <et=253.07> <Mt= 0.23> <Spt= 0.11> <nCl= 19> <al=0.50> <DB= 1954.9920> <Mlp= 3034.7389> <PB=10000000> 
<DWph=2> <it=  2> <et=253.31> <Mt= 0.12> <Spt= 0.12> <nCl=  9> <al=0.55> <DB= 2363.0543> <Mlp= 3033.6371> <PB=10000000> 
<DWph=2> <it=  3> <et=253.47> <Mt= 0.05> <Spt= 0.11> <nCl=  7> <al=0.60> <DB= 3015.1394> <Mlp= 3033.2227> <PB=10000000> 
<DWph=2> <it=  4> <et=253.66> <Mt= 0.07> <Spt= 0.12> <nCl=  4> <al=0.64> <DB= 3026.4900> <Mlp= 3032.7797> <PB=10000000> 
<DWph=2> <it=  5> <et=253.79> <Mt= 0.01> <Spt= 0.11> <nCl= 12> <al=0.54> <DB= 2327.6459> <Mlp= 3032.7797> <PB=10000000> 
<DWph=2> <it=  6> <et=253.95> <Mt= 0.05> <Spt= 0.12> <nCl=  8> <al=0.58> <DB= 2929.3743> <Mlp= 3032.6008> <PB=10000000> 
<DWph=2> <it=  7> <et=254.12> <Mt= 0.05> <Spt= 0.12> <nCl=  4> <al=0.62> <DB= 2961.3217> <Mlp= 3032.3062> <PB=10000000> 
<DWph=2> <it=  8> <et=254.25> <Mt= 0.01> <Spt= 0.12> <nCl=  2> <al=0.66> <DB= 3028.4363> <Mlp= 3032.2378> <PB=10000000> 
<DWph=2> <it=  9> <et=254.38> <Mt= 0.02> <Spt= 0.11> <nCl=  3> <al=0.56> <DB= 3021.0528> <Mlp= 3032.1968> <PB=10000000> 
<DWph=2> <it= 10> <et=254.61> <Mt= 0.01> <Spt= 0.21> <nCl= 31> <al=0.21> <DB= 1026.1410> <Mlp= 3032.1919> <PB=10000000> 
<DWph=2> <it= 11> <et=254.73> <Mt= 0.01> <Spt= 0.12> <nCl=  9> <al=0.51> <DB= 2491.6259> <Mlp= 3032.1919> <PB=10000000> 
<DWph=2> <it= 12> <et=254.85> <Mt= 0.01> <Spt= 0.11> <nCl=  1> <al=0.55> <DB= 3023.9996> <Mlp= 3032.1919> <PB=10000000> 
<DWph=2> <it= 13> <et=254.97> <Mt= 0.01> <Spt= 0.11> <nCl=  6> <al=0.60> <DB= 3030.8248> <Mlp= 3032.1795> <PB=10000000> 
<DWph=2> <it= 14> <et=255.10> <Mt= 0.00> <Spt= 0.11> <nCl= 14> <al=0.50> <DB= 3020.1515> <Mlp= 3032.1795> <PB=10000000> 
<DWph=2> <it= 15> <et=255.35> <Mt= 0.02> <Spt= 0.24> <nCl= 19> <al=0.10> <DB= 2630.9702> <Mlp= 3032.1766> <PB=10000000> 
<DWph=2> <it= 16> <et=255.48> <Mt= 0.01> <Spt= 0.12> <nCl=  9> <al=0.45> <DB= 2775.5314> <Mlp= 3032.1656> <PB=10000000> 
<DWph=2> <it= 17> <et=255.61> <Mt= 0.02> <Spt= 0.11> <nCl=  4> <al=0.50> <DB= 3030.4732> <Mlp= 3032.1654> <PB=10000000> 
<DWph=2> <it= 18> <et=255.73> <Mt= 0.00> <Spt= 0.12> <nCl=  2> <al=0.40> <DB= 2994.3798> <Mlp= 3032.1650> <PB=10000000> 
<DWph=2> <it= 19> <et=255.96> <Mt= 0.01> <Spt= 0.22> <nCl= 17> <al=0.00> <DB= 2400.3695> <Mlp= 3032.1647> <PB=10000000> 
<DWph=2> <it= 20> <et=256.17> <Mt= 0.10> <Spt= 0.12> <nCl= 15> <al=0.36> <DB= 2554.1995> <Mlp= 3031.8672> <PB=10000000> 
<DWph=2> <it= 21> <et=256.30> <Mt= 0.01> <Spt= 0.11> <nCl=  6> <al=0.43> <DB= 2551.4656> <Mlp= 3031.8612> <PB=10000000> 
<DWph=2> <it= 22> <et=256.43> <Mt= 0.01> <Spt= 0.12> <nCl= 10> <al=0.48> <DB= 2642.0381> <Mlp= 3031.8589> <PB=10000000> 
<DWph=2> <it= 23> <et=256.48> <Mt= 0.05> <Spt= 0.00> <nCl=  0> <al=0.54> <DB= 2642.0381> <Mlp= 3031.6315> <PB=10000000> 
<DWph=1> <it= 24> <et=256.69> <Mt= 0.01> <Spt= 0.20> <nCl=  9> <al=0.54> <DB= 2821.5575> <Mlp= 3031.6315> <PB=10000000> 
<DWph=1> <it= 25> <et=256.92> <Mt= 0.02> <Spt= 0.21> <nCl=  4> <al=0.58> <DB= 2909.2074> <Mlp= 3031.5919> <PB=10000000> 
<DWph=1> <it= 26> <et=257.14> <Mt= 0.00> <Spt= 0.21> <nCl=  7> <al=0.48> <DB= 2602.8300> <Mlp= 3031.5897> <PB=10000000> 
<DWph=1> <it= 27> <et=257.38> <Mt= 0.04> <Spt= 0.21> <nCl=  2> <al=0.53> <DB= 2966.1443> <Mlp= 3031.4995> <PB=10000000> 
<DWph=1> <it= 28> <et=257.60> <Mt= 0.01> <Spt= 0.21> <nCl=  6> <al=0.43> <DB= 2707.8858> <Mlp= 3031.4995> <PB=10000000> 
<DWph=1> <it= 29> <et=257.81> <Mt= 0.01> <Spt= 0.20> <nCl=  2> <al=0.49> <DB= 2803.9417> <Mlp= 3031.4990> <PB=10000000> 
<DWph=1> <it= 30> <et=258.04> <Mt= 0.02> <Spt= 0.21> <nCl= 11> <al=0.39> <DB= 2958.9791> <Mlp= 3031.4770> <PB=10000000> 
<DWph=1> <it= 31> <et=258.45> <Mt= 0.01> <Spt= 0.40> <nCl= 10> <al=0.00> <DB= 2581.7154> <Mlp= 3031.4756> <PB=10000000> 
<DWph=1> <it= 32> <et=258.85> <Mt= 0.01> <Spt= 0.38> <nCl=  2> <al=0.00> <DB= 3031.4756> <Mlp= 3031.4756> <PB=10000000> 
    RCSP exact solver info for graph G_0 : TT = 1.37761, pt = 0.002461, dt = 1.26962, ct = 0.104086, ndl = 132341', bdl = 10235398', odl = 71961', odf = 1939437', bsi = 1445', cnt = 14456718', bdch = 264506404', odch = 52590316', lcp = 11572093', #sols = 150
<DWph=0> <it= 33> <et=260.27> <Mt= 0.00> <Spt= 1.42> <nCl=150> <al=0.09> <DB= 2307.5581> <Mlp= 3031.4756> <PB=10000000> 
    RCSP exact solver info for graph G_0 : TT = 1.62113, pt = 0.002602, dt = 1.50005, ct = 0.116966, ndl = 149996', bdl = 11369211', odl = 76789', odf = 2234334', bsi = 1392', cnt = 15382848', bdch = 323296330', odch = 66227089', lcp = 14415941', #sols = 150
<DWph=0> <it= 34> <et=262.05> <Mt= 0.11> <Spt= 1.67> <nCl=150> <al=0.00> <DB= 1348.8438> <Mlp= 3030.7214> <PB=10000000> 
    RCSP exact solver info for graph G_0 : TT = 1.671, pt = 0.002878, dt = 1.53423, ct = 0.132151, ndl = 148747', bdl = 11242747', odl = 75985', odf = 2208474', bsi = 1652', cnt = 16985161', bdch = 318329305', odch = 65469558', lcp = 14228287', #sols = 150
<DWph=0> <it= 35> <et=263.78> <Mt= 0.01> <Spt= 1.72> <nCl=148> <al=0.09> <DB= 2327.6912> <Mlp= 3030.7214> <PB=10000000> 
    RCSP exact solver info for graph G_0 : TT = 1.58672, pt = 0.00308, dt = 1.46714, ct = 0.11486, ndl = 142286', bdl = 10722737', odl = 74068', odf = 2089164', bsi = 1437', cnt = 16438145', bdch = 294266987', odch = 61656260', lcp = 13095683', #sols = 150
<DWph=0> <it= 36> <et=265.45> <Mt= 0.06> <Spt= 1.61> <nCl= 75> <al=0.18> <DB= 2879.1144> <Mlp= 3030.5079> <PB=10000000> 
    RCSP exact solver info for graph G_0 : TT = 1.66262, pt = 0.003032, dt = 1.53087, ct = 0.126925, ndl = 146511', bdl = 11019913', odl = 74962', odf = 2155265', bsi = 1581', cnt = 18815410', bdch = 307405248', odch = 68393108', lcp = 14138493', #sols = 150
<DWph=0> <it= 37> <et=267.16> <Mt= 0.03> <Spt= 1.68> <nCl= 40> <al=0.26> <DB= 2883.0626> <Mlp= 3030.4663> <PB=10000000> 
    RCSP exact solver info for graph G_0 : TT = 1.71287, pt = 0.003185, dt = 1.57657, ct = 0.13119, ndl = 150968', bdl = 11349876', odl = 76557', odf = 2218324', bsi = 1362', cnt = 19102753', bdch = 326565103', odch = 71258747', lcp = 14822249', #sols = 150
<DWph=0> <it= 38> <et=268.90> <Mt= 0.01> <Spt= 1.73> <nCl= 17> <al=0.34> <DB= 2980.6458> <Mlp= 3030.4648> <PB=10000000> 
    RCSP exact solver info for graph G_0 : TT = 1.68052, pt = 0.002986, dt = 1.54859, ct = 0.127162, ndl = 147799', bdl = 11130293', odl = 76104', odf = 2174201', bsi = 1514', cnt = 18826551', bdch = 315728286', odch = 69226217', lcp = 14471400', #sols = 150
<DWph=0> <it= 39> <et=270.60> <Mt= 0.01> <Spt= 1.69> <nCl=  9> <al=0.24> <DB= 3014.4080> <Mlp= 3030.4634> <PB=10000000> 
    RCSP exact solver info for graph G_0 : TT = 1.72234, pt = 0.003375, dt = 1.58484, ct = 0.132383, ndl = 149380', bdl = 11222333', odl = 76255', odf = 2197683', bsi = 1533', cnt = 19119773', bdch = 321126085', odch = 70519128', lcp = 14735440', #sols = 150
<DWph=0> <it= 40> <et=272.35> <Mt= 0.01> <Spt= 1.73> <nCl= 11> <al=0.31> <DB= 3021.0647> <Mlp= 3030.4634> <PB=10000000> 
    RCSP exact solver info for graph G_0 : TT = 1.68873, pt = 0.00323, dt = 1.55862, ct = 0.125107, ndl = 148776', bdl = 11180858', odl = 76348', odf = 2194207', bsi = 1553', cnt = 19003145', bdch = 319022925', odch = 70309101', lcp = 14681728', #sols = 150
    RCSP exact solver info for graph G_0 : TT = 1.71174, pt = 0.002816, dt = 1.57214, ct = 0.135031, ndl = 153457', bdl = 11529031', odl = 76265', odf = 2251472', bsi = 1577', cnt = 20510092', bdch = 335098598', odch = 75484998', lcp = 15559744', #sols = 150
<DWph=0> <it= 41> <et=275.77> <Mt= 0.01> <Spt= 3.42> <nCl= 19> <al=0.00> <DB= 3030.4634> <Mlp= 3030.4634> <PB=10000000> 
RCSP solver dynamic params and stats :  bidir.bord. = 375 aver.obdmd = 98.5902 aver.buck.num. = 101 nbR1C = 81 with avMem = 16.716
@@ 208 1 3030.46 1.63885 1.71722 92.9561 275.77
    Full reduced cost fixing is not called (gap ratio is 0.999993)
ColGenEvalAlg final dual bound: 3030.46 (rounded: 3031)
False gap improvement since the last cut separation : 0.0250786 (3022.88)
Current active cuts : CAP(1+12,603.294) R1C(13+68,225.986) 1rowPackR1C(13) 3rowPackR1C(37) 4rowPackR1C(22) 5rowPackR1C(9)
8 Rank-1 1-rows pack. cuts added ,  max viol. = 0.156142, aver. viol. = 0.0636823
150 Rank-1 3-rows pack. cuts added ,  max viol. = 0.30823, aver. viol. = 0.244698
In total 1 RCC cut(s) are found by the connected components heuristic 
Shrinking heuristic shrunk 33 edges
In total 4 RCC cut(s) are found by the Fractional capacity min-cut heuristic 
In total 9 RCC cut(s) are found by the greedy construction heuristic 
In total 10 RCC cut(s) are found by the global pool greedy search heuristic 
----- Add fac. cuts : CAP(24) R1C(158), max.viol = 0.449018, aver.viol = 0.22227, sep/add took 0.0486617/0.636999 sec. -----
11338 columns (9775 active), 597 dyn. constrs. (320 active), 843 art. vars. (562 active)
<DWph=2> <it=  1> <et=276.91> <Mt= 0.26> <Spt= 0.14> <nCl=  8> <al=0.50> <DB= 2818.3967> <Mlp= 3036.5855> <PB=10000000> 
<DWph=2> <it=  2> <et=277.14> <Mt= 0.09> <Spt= 0.13> <nCl=  7> <al=0.55> <DB= 3033.0554> <Mlp= 3036.2233> <PB=10000000> 
<DWph=2> <it=  3> <et=277.28> <Mt= 0.01> <Spt= 0.13> <nCl=  6> <al=0.45> <DB= 2956.5463> <Mlp= 3036.2231> <PB=10000000> 
<DWph=2> <it=  4> <et=277.43> <Mt= 0.02> <Spt= 0.13> <nCl=  3> <al=0.51> <DB= 3019.2674> <Mlp= 3036.2021> <PB=10000000> 
<DWph=2> <it=  5> <et=277.57> <Mt= 0.01> <Spt= 0.13> <nCl=  3> <al=0.55> <DB= 3034.4572> <Mlp= 3036.2021> <PB=10000000> 
<DWph=2> <it=  6> <et=277.73> <Mt= 0.03> <Spt= 0.13> <nCl= 10> <al=0.45> <DB= 2679.6831> <Mlp= 3036.1750> <PB=10000000> 
<DWph=2> <it=  7> <et=277.88> <Mt= 0.02> <Spt= 0.13> <nCl=  5> <al=0.51> <DB= 2946.2785> <Mlp= 3036.1676> <PB=10000000> 
<DWph=2> <it=  8> <et=278.03> <Mt= 0.01> <Spt= 0.13> <nCl=  9> <al=0.56> <DB= 2944.6615> <Mlp= 3036.1586> <PB=10000000> 
<DWph=2> <it=  9> <et=278.30> <Mt= 0.02> <Spt= 0.25> <nCl=  2> <al=0.20> <DB= 3025.6411> <Mlp= 3036.1329> <PB=10000000> 
<DWph=2> <it= 10> <et=278.67> <Mt= 0.01> <Spt= 0.36> <nCl=  6> <al=0.00> <DB= 3036.1326> <Mlp= 3036.1326> <PB=10000000> 
<DWph=1> <it= 11> <et=278.89> <Mt= 0.01> <Spt= 0.22> <nCl= 14> <al=0.40> <DB= 2663.2690> <Mlp= 3036.1326> <PB=10000000> 
<DWph=1> <it= 12> <et=279.16> <Mt= 0.05> <Spt= 0.22> <nCl= 10> <al=0.30> <DB= 2911.2235> <Mlp= 3035.8442> <PB=10000000> 
<DWph=1> <it= 13> <et=279.40> <Mt= 0.02> <Spt= 0.21> <nCl= 13> <al=0.37> <DB= 2795.9491> <Mlp= 3035.7991> <PB=10000000> 
<DWph=1> <it= 14> <et=279.65> <Mt= 0.03> <Spt= 0.23> <nCl=  4> <al=0.43> <DB= 2591.8718> <Mlp= 3035.7663> <PB=10000000> 
<DWph=1> <it= 15> <et=279.90> <Mt= 0.02> <Spt= 0.22> <nCl=  5> <al=0.33> <DB= 2851.1144> <Mlp= 3035.6603> <PB=10000000> 
<DWph=1> <it= 16> <et=280.17> <Mt= 0.06> <Spt= 0.21> <nCl= 11> <al=0.23> <DB= 2330.9646> <Mlp= 3035.5655> <PB=10000000> 
<DWph=1> <it= 17> <et=280.59> <Mt= 0.01> <Spt= 0.41> <nCl=  4> <al=0.00> <DB= 2842.3198> <Mlp= 3035.5655> <PB=10000000> 
<DWph=1> <it= 18> <et=280.82> <Mt= 0.01> <Spt= 0.22> <nCl=  4> <al=0.21> <DB= 2412.8306> <Mlp= 3035.5638> <PB=10000000> 
<DWph=1> <it= 19> <et=281.03> <Mt= 0.01> <Spt= 0.20> <nCl=  4> <al=0.29> <DB= 2936.5348> <Mlp= 3035.5638> <PB=10000000> 
<DWph=1> <it= 20> <et=281.45> <Mt= 0.00> <Spt= 0.41> <nCl=  5> <al=0.00> <DB= 2782.2736> <Mlp= 3035.5638> <PB=10000000> 
<DWph=1> <it= 21> <et=281.88> <Mt= 0.02> <Spt= 0.42> <nCl=  8> <al=0.00> <DB= 2988.0778> <Mlp= 3035.5532> <PB=10000000> 
<DWph=1> <it= 22> <et=282.30> <Mt= 0.01> <Spt= 0.40> <nCl=  2> <al=0.00> <DB= 3035.5521> <Mlp= 3035.5521> <PB=10000000> 
    RCSP exact solver info for graph G_0 : TT = 1.99313, pt = 0.002799, dt = 1.78251, ct = 0.206249, ndl = 168349', bdl = 12610176', odl = 84230', odf = 2718437', bsi = 1584', cnt = 19623068', bdch = 377366364', odch = 92468893', lcp = 19134747', #sols = 150
<DWph=0> <it= 23> <et=284.34> <Mt= 0.01> <Spt= 2.03> <nCl=150> <al=0.06> <DB= 2507.2737> <Mlp= 3035.5521> <PB=10000000> 
    RCSP exact solver info for graph G_0 : TT = 2.08968, pt = 0.004014, dt = 1.87909, ct = 0.20463, ndl = 178642', bdl = 13375821', odl = 86908', odf = 2809154', bsi = 1459', cnt = 24881078', bdch = 424419224', odch = 102894613', lcp = 20815158', #sols = 150
<DWph=0> <it= 24> <et=286.60> <Mt= 0.07> <Spt= 2.13> <nCl=116> <al=0.16> <DB= 2568.7323> <Mlp= 3035.2521> <PB=10000000> 
    RCSP exact solver info for graph G_0 : TT = 1.84979, pt = 0.003059, dt = 1.66673, ct = 0.178136, ndl = 163054', bdl = 12254973', odl = 82736', odf = 2524047', bsi = 1411', cnt = 21542366', bdch = 369209575', odch = 81631986', lcp = 16834052', #sols = 150
<DWph=0> <it= 25> <et=288.51> <Mt= 0.03> <Spt= 1.88> <nCl= 87> <al=0.24> <DB= 2652.5920> <Mlp= 3035.2081> <PB=10000000> 
    RCSP exact solver info for graph G_0 : TT = 1.80623, pt = 0.003319, dt = 1.6379, ct = 0.163178, ndl = 160100', bdl = 12046276', odl = 80976', odf = 2469671', bsi = 1537', cnt = 19858507', bdch = 354994103', odch = 78432809', lcp = 16219482', #sols = 150
    RCSP exact solver info for graph G_0 : TT = 1.77733, pt = 0.002876, dt = 1.60232, ct = 0.170085, ndl = 158970', bdl = 11963201', odl = 81256', odf = 2450828', bsi = 1531', cnt = 19412925', bdch = 351757448', odch = 77398188', lcp = 16158870', #sols = 150
<DWph=0> <it= 26> <et=292.15> <Mt= 0.02> <Spt= 3.62> <nCl= 47> <al=0.00> <DB= 3031.4031> <Mlp= 3035.2015> <PB=10000000> 
    RCSP exact solver info for graph G_0 : TT = 1.8311, pt = 0.003285, dt = 1.66206, ct = 0.163843, ndl = 158165', bdl = 11925764', odl = 81538', odf = 2439261', bsi = 1315', cnt = 19013624', bdch = 350249119', odch = 76513804', lcp = 15990352', #sols = 150
<DWph=0> <it= 27> <et=294.00> <Mt= 0.01> <Spt= 1.84> <nCl= 37> <al=0.22> <DB= 3034.3824> <Mlp= 3035.2015> <PB=10000000> 
    RCSP exact solver info for graph G_0 : TT = 1.84743, pt = 0.003213, dt = 1.67673, ct = 0.165318, ndl = 159292', bdl = 12026344', odl = 81190', odf = 2456746', bsi = 1454', cnt = 19545249', bdch = 353408560', odch = 77732308', lcp = 16144692', #sols = 150
    RCSP exact solver info for graph G_0 : TT = 1.83295, pt = 0.002961, dt = 1.65794, ct = 0.170147, ndl = 159308', bdl = 11997482', odl = 81135', odf = 2456916', bsi = 1513', cnt = 19396579', bdch = 352590256', odch = 77621531', lcp = 16113012', #sols = 150
<DWph=0> <it= 28> <et=297.71> <Mt= 0.00> <Spt= 3.70> <nCl= 23> <al=0.00> <DB= 3035.2015> <Mlp= 3035.2015> <PB=10000000> 
RCSP solver dynamic params and stats :  bidir.bord. = 375 aver.obdmd = 98.5902 aver.buck.num. = 101 nbR1C = 93 with avMem = 16.5806
@@ 208 2 3035.2 1.87336 2.08372 92.9561 297.71
    Full reduced cost fixing is not called (gap ratio is 0.999992)
ColGenEvalAlg final dual bound: 3035.2 (rounded: 3036)
False gap improvement since the last cut separation : 0.015635 (3030.46)
Current active cuts : CAP(1+18,608.01) R1C(17+76,259.174) 1rowPackR1C(17) 3rowPackR1C(51) 4rowPackR1C(18) 5rowPackR1C(7)
13 Rank-1 1-rows pack. cuts added ,  max viol. = 0.120963, aver. viol. = 0.0526506
150 Rank-1 3-rows pack. cuts added ,  max viol. = 0.340258, aver. viol. = 0.178024
In total 1 RCC cut(s) are found by the connected components heuristic 
Shrinking heuristic shrunk 30 edges
In total 3 RCC cut(s) are found by the Fractional capacity min-cut heuristic 
In total 15 RCC cut(s) are found by the greedy construction heuristic 
In total 2 RCC cut(s) are found by the global pool greedy search heuristic 
----- Add fac. cuts : CAP(21) R1C(163), max.viol = 0.363622, aver.viol = 0.160444, sep/add took 0.058125/0.440758 sec. -----
10382 columns (6954 active), 593 dyn. constrs. (338 active), 1027 art. vars. (580 active)
<DWph=2> <it=  1> <et=298.64> <Mt= 0.18> <Spt= 0.14> <nCl= 18> <al=0.50> <DB= 2346.8150> <Mlp= 3039.6152> <PB=10000000> 
<DWph=2> <it=  2> <et=298.82> <Mt= 0.06> <Spt= 0.12> <nCl=  5> <al=0.55> <DB= 2872.3979> <Mlp= 3039.3438> <PB=10000000> 
<DWph=2> <it=  3> <et=298.98> <Mt= 0.03> <Spt= 0.13> <nCl= 10> <al=0.60> <DB= 2893.2768> <Mlp= 3039.2767> <PB=10000000> 
<DWph=2> <it=  4> <et=299.26> <Mt= 0.03> <Spt= 0.25> <nCl= 20> <al=0.27> <DB= 1703.4354> <Mlp= 3039.1619> <PB=10000000> 
<DWph=2> <it=  5> <et=299.43> <Mt= 0.04> <Spt= 0.13> <nCl=  6> <al=0.54> <DB= 2949.8028> <Mlp= 3039.0792> <PB=10000000> 
<DWph=2> <it=  6> <et=299.58> <Mt= 0.03> <Spt= 0.13> <nCl=  3> <al=0.58> <DB= 3037.6317> <Mlp= 3039.0052> <PB=10000000> 
<DWph=2> <it=  7> <et=299.72> <Mt= 0.01> <Spt= 0.13> <nCl= 10> <al=0.48> <DB= 2639.0222> <Mlp= 3039.0050> <PB=10000000> 
<DWph=2> <it=  8> <et=299.87> <Mt= 0.02> <Spt= 0.12> <nCl= 20> <al=0.53> <DB= 2092.4528> <Mlp= 3038.9819> <PB=10000000> 
<DWph=2> <it=  9> <et=300.12> <Mt= 0.00> <Spt= 0.25> <nCl= 10> <al=0.16> <DB= 2932.7773> <Mlp= 3038.9819> <PB=10000000> 
<DWph=2> <it= 10> <et=300.40> <Mt= 0.02> <Spt= 0.26> <nCl= 23> <al=0.00> <DB= 2312.1416> <Mlp= 3038.9690> <PB=10000000> 
<DWph=2> <it= 11> <et=300.70> <Mt= 0.04> <Spt= 0.26> <nCl= 16> <al=0.00> <DB= 2792.4154> <Mlp= 3038.8892> <PB=10000000> 
<DWph=2> <it= 12> <et=300.97> <Mt= 0.03> <Spt= 0.25> <nCl= 20> <al=0.00> <DB= 1910.6584> <Mlp= 3038.8709> <PB=10000000> 
<DWph=2> <it= 13> <et=301.06> <Mt= 0.08> <Spt= 0.00> <nCl=  0> <al=0.18> <DB= 1910.6584> <Mlp= 3038.5390> <PB=10000000> 
<DWph=1> <it= 14> <et=301.30> <Mt= 0.00> <Spt= 0.23> <nCl= 12> <al=0.18> <DB= 2829.5647> <Mlp= 3038.5390> <PB=10000000> 
<DWph=1> <it= 15> <et=301.57> <Mt= 0.05> <Spt= 0.23> <nCl=  7> <al=0.08> <DB= 2654.1340> <Mlp= 3038.4802> <PB=10000000> 
<DWph=1> <it= 16> <et=301.82> <Mt= 0.02> <Spt= 0.23> <nCl=  5> <al=0.17> <DB= 2689.7516> <Mlp= 3038.4766> <PB=10000000> 
<DWph=1> <it= 17> <et=302.07> <Mt= 0.02> <Spt= 0.23> <nCl=  6> <al=0.07> <DB= 2925.2308> <Mlp= 3038.4457> <PB=10000000> 
<DWph=1> <it= 18> <et=302.31> <Mt= 0.01> <Spt= 0.23> <nCl=  3> <al=0.17> <DB= 3016.1068> <Mlp= 3038.4419> <PB=10000000> 
<DWph=1> <it= 19> <et=302.75> <Mt= 0.01> <Spt= 0.43> <nCl=  4> <al=0.00> <DB= 2999.9329> <Mlp= 3038.4419> <PB=10000000> 
<DWph=1> <it= 20> <et=303.21> <Mt= 0.01> <Spt= 0.45> <nCl=  7> <al=0.00> <DB= 3038.4419> <Mlp= 3038.4419> <PB=10000000> 
    RCSP exact solver info for graph G_0 : TT = 2.05294, pt = 0.003252, dt = 1.85142, ct = 0.196393, ndl = 176873', bdl = 13342845', odl = 90556', odf = 2770845', bsi = 1608', cnt = 18647117', bdch = 438103187', odch = 80508044', lcp = 17794787', #sols = 150
<DWph=0> <it= 21> <et=305.32> <Mt= 0.00> <Spt= 2.10> <nCl=150> <al=0.05> <DB= 1426.8803> <Mlp= 3038.4419> <PB=10000000> 
    RCSP exact solver info for graph G_0 : TT = 2.0643, pt = 0.0035, dt = 1.88075, ct = 0.178082, ndl = 176922', bdl = 13467942', odl = 92167', odf = 2800838', bsi = 1259', cnt = 20051546', bdch = 433849499', odch = 84244890', lcp = 17935749', #sols = 150
<DWph=0> <it= 22> <et=307.54> <Mt= 0.11> <Spt= 2.11> <nCl=150> <al=0.00> <DB= 2551.7390> <Mlp= 3037.5740> <PB=10000000> 
    RCSP exact solver info for graph G_0 : TT = 4.24986, pt = 0.003643, dt = 4.04569, ct = 0.198542, ndl = 186768', bdl = 14214070', odl = 94682', odf = 2924067', bsi = 1240', cnt = 22240799', bdch = 474838494', odch = 95498125', lcp = 20180775', #sols = 150
<DWph=0> <it= 23> <et=309.89> <Mt= 0.05> <Spt= 2.30> <nCl=118> <al=0.05> <DB= 2560.4231> <Mlp= 3037.4779> <PB=10000000> 
    RCSP exact solver info for graph G_0 : TT = 2.34291, pt = 0.003496, dt = 2.13567, ct = 0.201367, ndl = 191645', bdl = 14556902', odl = 94956', odf = 2992918', bsi = 1532', cnt = 23850548', bdch = 495007260', odch = 101414360', lcp = 21552981', #sols = 150
<DWph=0> <it= 24> <et=312.28> <Mt= 0.03> <Spt= 2.37> <nCl= 27> <al=0.15> <DB= 2966.6680> <Mlp= 3037.4398> <PB=10000000> 
    RCSP exact solver info for graph G_0 : TT = 2.34143, pt = 0.00364, dt = 2.13461, ct = 0.201022, ndl = 192339', bdl = 14586949', odl = 94330', odf = 3001504', bsi = 1366', cnt = 23927290', bdch = 498259383', odch = 101974079', lcp = 21844232', #sols = 150
<DWph=0> <it= 25> <et=314.65> <Mt= 0.01> <Spt= 2.35> <nCl= 17> <al=0.05> <DB= 3008.6998> <Mlp= 3037.4398> <PB=10000000> 
    RCSP exact solver info for graph G_0 : TT = 2.36624, pt = 0.003758, dt = 2.16726, ct = 0.192909, ndl = 197172', bdl = 14929997', odl = 94672', odf = 3081203', bsi = 1332', cnt = 24840264', bdch = 518670630', odch = 107497093', lcp = 22698379', #sols = 150
<DWph=0> <it= 26> <et=317.04> <Mt= 0.01> <Spt= 2.38> <nCl= 12> <al=0.14> <DB= 3033.3148> <Mlp= 3037.4398> <PB=10000000> 
    RCSP exact solver info for graph G_0 : TT = 2.23373, pt = 0.003716, dt = 2.04151, ct = 0.186544, ndl = 192643', bdl = 14592769', odl = 95295', odf = 3001506', bsi = 1221', cnt = 23927117', bdch = 502532479', odch = 102119140', lcp = 21767635', #sols = 150
    RCSP exact solver info for graph G_0 : TT = 2.24601, pt = 0.00313, dt = 2.04552, ct = 0.195392, ndl = 197208', bdl = 14909862', odl = 94264', odf = 3081493', bsi = 1293', cnt = 24952957', bdch = 518243992', odch = 107118899', lcp = 22699167', #sols = 150
<DWph=0> <it= 27> <et=321.55> <Mt= 0.00> <Spt= 4.51> <nCl= 51> <al=0.00> <DB= 3037.4398> <Mlp= 3037.4398> <PB=10000000> 
RCSP solver dynamic params and stats :  bidir.bord. = 375 aver.obdmd = 98.5902 aver.buck.num. = 101 nbR1C = 103 with avMem = 16.3301
@@ 208 3 3037.44 2.48159 4.24423 92.9561 321.55
    Full reduced cost fixing is not called (gap ratio is 0.999992)
ColGenEvalAlg final dual bound: 3037.44 (rounded: 3038)
False gap improvement since the last cut separation : 0.0073744 (3035.2)
Separator R1C not in maximum phase
Cut generation tailing off counter increased to 0
Current active cuts : CAP(2+18,647.831) R1C(21+82,283.121) 1rowPackR1C(21) 3rowPackR1C(60) 4rowPackR1C(17) 5rowPackR1C(5)
15 Rank-1 1-rows pack. cuts added ,  max viol. = 0.0894097, aver. viol. = 0.0443318
150 Rank-1 3-rows pack. cuts added ,  max viol. = 0.174075, aver. viol. = 0.120776
Building structures for heuristic rank-1 packing cut separation...done!
100 Rank-1 4-rows pack. cuts added ,  max viol. = 0.20822, aver. viol. = 0.125085
Shrinking heuristic shrunk 32 edges
In total 3 RCC cut(s) are found by the Fractional capacity min-cut heuristic 
In total 8 RCC cut(s) are found by the greedy construction heuristic 
----- Add fac. cuts : CAP(11) R1C(265), max.viol = 0.257125, aver.viol = 0.124295, sep/add took 0.107782/0.679347 sec. -----
11112 columns (7684 active), 713 dyn. constrs. (446 active), 1303 art. vars. (688 active)
<DWph=2> <it=  1> <et=322.85> <Mt= 0.27> <Spt= 0.14> <nCl= 30> <al=0.50> <DB=-3817.5311> <Mlp= 3043.9709> <PB=10000000> 
<DWph=2> <it=  2> <et=323.18> <Mt= 0.18> <Spt= 0.14> <nCl= 30> <al=0.55> <DB=  805.6836> <Mlp= 3043.8032> <PB=10000000> 
<DWph=2> <it=  3> <et=323.39> <Mt= 0.08> <Spt= 0.14> <nCl= 23> <al=0.60> <DB= 1888.8025> <Mlp= 3043.4561> <PB=10000000> 
<DWph=2> <it=  4> <et=323.54> <Mt= 0.01> <Spt= 0.13> <nCl= 11> <al=0.64> <DB= 2833.7883> <Mlp= 3043.4561> <PB=10000000> 
<DWph=2> <it=  5> <et=323.72> <Mt= 0.05> <Spt= 0.14> <nCl=  9> <al=0.67> <DB= 3039.3964> <Mlp= 3043.4042> <PB=10000000> 
<DWph=2> <it=  6> <et=323.91> <Mt= 0.04> <Spt= 0.14> <nCl= 16> <al=0.57> <DB= 1755.3944> <Mlp= 3043.2913> <PB=10000000> 
<DWph=2> <it=  7> <et=324.10> <Mt= 0.05> <Spt= 0.14> <nCl= 16> <al=0.61> <DB= 2366.9543> <Mlp= 3043.2530> <PB=10000000> 
<DWph=2> <it=  8> <et=324.28> <Mt= 0.04> <Spt= 0.14> <nCl=  5> <al=0.65> <DB= 3040.7240> <Mlp= 3043.2254> <PB=10000000> 
<DWph=2> <it=  9> <et=324.47> <Mt= 0.04> <Spt= 0.15> <nCl= 21> <al=0.55> <DB= 1573.4135> <Mlp= 3043.1812> <PB=10000000> 
<DWph=2> <it= 10> <et=324.66> <Mt= 0.05> <Spt= 0.14> <nCl=  8> <al=0.60> <DB= 2903.3547> <Mlp= 3043.1151> <PB=10000000> 
<DWph=2> <it= 11> <et=324.82> <Mt= 0.03> <Spt= 0.14> <nCl=  4> <al=0.64> <DB= 2581.4007> <Mlp= 3043.0808> <PB=10000000> 
<DWph=2> <it= 12> <et=325.15> <Mt= 0.04> <Spt= 0.28> <nCl= 14> <al=0.35> <DB= 2449.2356> <Mlp= 3043.0192> <PB=10000000> 
<DWph=2> <it= 13> <et=325.32> <Mt= 0.04> <Spt= 0.14> <nCl=  4> <al=0.57> <DB= 2497.4322> <Mlp= 3042.9820> <PB=10000000> 
<DWph=2> <it= 14> <et=325.50> <Mt= 0.02> <Spt= 0.15> <nCl= 29> <al=0.62> <DB= 1352.3254> <Mlp= 3042.9643> <PB=10000000> 
<DWph=2> <it= 15> <et=325.66> <Mt= 0.01> <Spt= 0.15> <nCl=  1> <al=0.66> <DB= 2445.1746> <Mlp= 3042.9643> <PB=10000000> 
<DWph=2> <it= 16> <et=325.85> <Mt= 0.05> <Spt= 0.14> <nCl=  4> <al=0.69> <DB= 2704.7009> <Mlp= 3042.8697> <PB=10000000> 
<DWph=2> <it= 17> <et=326.16> <Mt= 0.03> <Spt= 0.28> <nCl=  8> <al=0.44> <DB= 2814.6991> <Mlp= 3042.8379> <PB=10000000> 
<DWph=2> <it= 18> <et=326.32> <Mt= 0.01> <Spt= 0.14> <nCl=  3> <al=0.62> <DB= 3041.9885> <Mlp= 3042.8346> <PB=10000000> 
<DWph=2> <it= 19> <et=326.47> <Mt= 0.01> <Spt= 0.14> <nCl=  6> <al=0.52> <DB= 2911.0759> <Mlp= 3042.8346> <PB=10000000> 
<DWph=2> <it= 20> <et=326.64> <Mt= 0.03> <Spt= 0.15> <nCl=  4> <al=0.57> <DB= 2968.9951> <Mlp= 3042.8297> <PB=10000000> 
<DWph=2> <it= 21> <et=326.97> <Mt= 0.03> <Spt= 0.30> <nCl=  9> <al=0.22> <DB= 2035.1501> <Mlp= 3042.8070> <PB=10000000> 
<DWph=2> <it= 22> <et=327.13> <Mt= 0.01> <Spt= 0.14> <nCl=  5> <al=0.51> <DB= 2986.5779> <Mlp= 3042.8070> <PB=10000000> 
<DWph=2> <it= 23> <et=327.45> <Mt= 0.03> <Spt= 0.29> <nCl= 11> <al=0.12> <DB= 3007.3262> <Mlp= 3042.7930> <PB=10000000> 
<DWph=2> <it= 24> <et=327.61> <Mt= 0.02> <Spt= 0.15> <nCl=  1> <al=0.46> <DB= 2829.0079> <Mlp= 3042.7888> <PB=10000000> 
<DWph=2> <it= 25> <et=327.77> <Mt= 0.02> <Spt= 0.13> <nCl=  3> <al=0.51> <DB= 2525.3402> <Mlp= 3042.7838> <PB=10000000> 
<DWph=2> <it= 26> <et=327.93> <Mt= 0.02> <Spt= 0.14> <nCl=  7> <al=0.56> <DB= 2944.9205> <Mlp= 3042.7693> <PB=10000000> 
<DWph=2> <it= 27> <et=328.10> <Mt= 0.03> <Spt= 0.14> <nCl=  3> <al=0.46> <DB= 3000.6429> <Mlp= 3042.7623> <PB=10000000> 
<DWph=2> <it= 28> <et=328.26> <Mt= 0.01> <Spt= 0.15> <nCl=  2> <al=0.52> <DB= 2966.5282> <Mlp= 3042.7623> <PB=10000000> 
<DWph=2> <it= 29> <et=328.53> <Mt= 0.01> <Spt= 0.26> <nCl=  6> <al=0.00> <DB= 2693.6728> <Mlp= 3042.7620> <PB=10000000> 
<DWph=2> <it= 30> <et=328.79> <Mt= 0.01> <Spt= 0.25> <nCl=  4> <al=0.00> <DB= 3042.7620> <Mlp= 3042.7620> <PB=10000000> 
<DWph=1> <it= 31> <et=329.02> <Mt= 0.01> <Spt= 0.22> <nCl= 17> <al=0.22> <DB= 2325.0184> <Mlp= 3042.7620> <PB=10000000> 
<DWph=1> <it= 32> <et=329.36> <Mt= 0.08> <Spt= 0.25> <nCl= 15> <al=0.12> <DB= 2828.7127> <Mlp= 3042.5757> <PB=10000000> 
<DWph=1> <it= 33> <et=329.66> <Mt= 0.06> <Spt= 0.25> <nCl= 17> <al=0.02> <DB= 2713.5761> <Mlp= 3042.5645> <PB=10000000> 
<DWph=1> <it= 34> <et=329.97> <Mt= 0.05> <Spt= 0.26> <nCl= 18> <al=0.12> <DB= 1869.5389> <Mlp= 3042.5545> <PB=10000000> 
<DWph=1> <it= 35> <et=330.25> <Mt= 0.03> <Spt= 0.25> <nCl=  5> <al=0.20> <DB= 2899.5618> <Mlp= 3042.5518> <PB=10000000> 
<DWph=1> <it= 36> <et=330.54> <Mt= 0.03> <Spt= 0.26> <nCl=  5> <al=0.28> <DB= 2947.9007> <Mlp= 3042.5481> <PB=10000000> 
<DWph=1> <it= 37> <et=330.82> <Mt= 0.02> <Spt= 0.25> <nCl=  8> <al=0.35> <DB= 2989.1853> <Mlp= 3042.5479> <PB=10000000> 
<DWph=1> <it= 38> <et=331.08> <Mt= 0.01> <Spt= 0.25> <nCl=  1> <al=0.42> <DB= 2946.2034> <Mlp= 3042.5479> <PB=10000000> 
<DWph=1> <it= 39> <et=331.57> <Mt= 0.01> <Spt= 0.48> <nCl=  9> <al=0.00> <DB= 3042.5479> <Mlp= 3042.5479> <PB=10000000> 
    RCSP exact solver info for graph G_0 : TT = 7.303, pt = 0.003637, dt = 5.47226, ct = 1.82533, ndl = 305672', bdl = 22399195', odl = 130178', odf = 5380766', bsi = 1474', cnt = 74114758', bdch = 999856985', odch = 366219774', lcp = 73704503', #sols = 150
<DWph=0> <it= 40> <et=338.95> <Mt= 0.00> <Spt= 7.38> <nCl=150> <al=0.38> <DB= 1817.3952> <Mlp= 3042.5479> <PB=10000000> 
1 bl.dch (5192)...    RCSP exact solver info for graph G_0 : TT = 8.73507, pt = 0.004383, dt = 7.4939, ct = 1.23434, ndl = 310967', bdl = 22829890', odl = 131195', odf = 5429586', bsi = 1355', cnt = 65931535', bdch = 1058197579', odch = 365099490', lcp = 73537413', #sols = 150
<DWph=0> <it= 41> <et=345.83> <Mt= 0.18> <Spt= 6.70> <nCl=114> <al=0.44> <DB= 2452.9061> <Mlp= 3042.2160> <PB=10000000> 
    RCSP exact solver info for graph G_0 : TT = 5.97623, pt = 0.004775, dt = 4.84066, ct = 1.12878, ndl = 294465', bdl = 21725129', odl = 126963', odf = 5140416', bsi = 1265', cnt = 55252353', bdch = 953940315', odch = 318751535', lcp = 64423119', #sols = 150
<DWph=0> <it= 42> <et=351.98> <Mt= 0.13> <Spt= 6.02> <nCl= 92> <al=0.50> <DB= 2706.0802> <Mlp= 3041.9308> <PB=10000000> 
    RCSP exact solver info for graph G_0 : TT = 6.16017, pt = 0.004682, dt = 4.89312, ct = 1.26042, ndl = 294783', bdl = 21740078', odl = 126077', odf = 5121471', bsi = 1673', cnt = 57347825', bdch = 961704628', odch = 318999606', lcp = 63953102', #sols = 150
<DWph=0> <it= 43> <et=358.26> <Mt= 0.07> <Spt= 6.20> <nCl= 64> <al=0.55> <DB= 2858.4716> <Mlp= 3041.8785> <PB=10000000> 
    RCSP exact solver info for graph G_0 : TT = 5.41702, pt = 0.004511, dt = 4.27233, ct = 1.13827, ndl = 276765', bdl = 20559036', odl = 123188', odf = 4756507', bsi = 1262', cnt = 46595306', bdch = 874525278', odch = 263523002', lcp = 53843579', #sols = 150
<DWph=0> <it= 44> <et=363.74> <Mt= 0.04> <Spt= 5.45> <nCl= 44> <al=0.45> <DB= 2843.1555> <Mlp= 3041.8725> <PB=10000000> 
    RCSP exact solver info for graph G_0 : TT = 5.73929, pt = 0.005242, dt = 4.56568, ct = 1.16654, ndl = 277807', bdl = 20610342', odl = 123480', odf = 4766348', bsi = 1351', cnt = 47851797', bdch = 876729835', odch = 265763936', lcp = 54681308', #sols = 150
<DWph=0> <it= 45> <et=369.52> <Mt= 0.02> <Spt= 5.75> <nCl= 20> <al=0.50> <DB= 2864.0149> <Mlp= 3041.8681> <PB=10000000> 
    RCSP exact solver info for graph G_0 : TT = 7.84166, pt = 0.005002, dt = 6.61613, ct = 1.21854, ndl = 275880', bdl = 20515531', odl = 123992', odf = 4726000', bsi = 1556', cnt = 46689893', bdch = 872934790', odch = 259729209', lcp = 53681016', #sols = 150
<DWph=0> <it= 46> <et=375.37> <Mt= 0.02> <Spt= 5.83> <nCl= 28> <al=0.55> <DB= 2943.7985> <Mlp= 3041.8680> <PB=10000000> 
    RCSP exact solver info for graph G_0 : TT = 5.1608, pt = 0.004908, dt = 4.14275, ct = 1.01129, ndl = 259147', bdl = 19421157', odl = 120245', odf = 4415418', bsi = 1447', cnt = 40314265', bdch = 784281866', odch = 219647801', lcp = 46064819', #sols = 150
<DWph=0> <it= 47> <et=380.57> <Mt= 0.02> <Spt= 5.18> <nCl= 28> <al=0.45> <DB= 2997.5982> <Mlp= 3041.8671> <PB=10000000> 
    RCSP exact solver info for graph G_0 : TT = 4.74614, pt = 0.004527, dt = 3.77228, ct = 0.967382, ndl = 253079', bdl = 18950712', odl = 119516', odf = 4296123', bsi = 1302', cnt = 39128429', bdch = 755466499', odch = 207250189', lcp = 43830410', #sols = 150
<DWph=0> <it= 48> <et=385.36> <Mt= 0.03> <Spt= 4.77> <nCl= 20> <al=0.35> <DB= 3002.2808> <Mlp= 3041.8657> <PB=10000000> 
    RCSP exact solver info for graph G_0 : TT = 4.78968, pt = 0.004983, dt = 3.81717, ct = 0.965608, ndl = 254338', bdl = 19052162', odl = 119489', odf = 4328715', bsi = 1397', cnt = 39327206', bdch = 760715417', odch = 211419797', lcp = 44536637', #sols = 150
<DWph=0> <it= 49> <et=390.18> <Mt= 0.02> <Spt= 4.80> <nCl=  4> <al=0.42> <DB= 3025.3876> <Mlp= 3041.8654> <PB=10000000> 
    RCSP exact solver info for graph G_0 : TT = 4.74498, pt = 0.005059, dt = 3.79843, ct = 0.939499, ndl = 252249', bdl = 18932063', odl = 118827', odf = 4290182', bsi = 1347', cnt = 38031340', bdch = 751095981', odch = 206339065', lcp = 43722873', #sols = 150
    RCSP exact solver info for graph G_0 : TT = 4.30158, pt = 0.004212, dt = 3.58349, ct = 0.712295, ndl = 253665', bdl = 19042279', odl = 119811', odf = 4303778', bsi = 1244', cnt = 38538763', bdch = 762246790', odch = 208504971', lcp = 44046710', #sols = 150
<DWph=0> <it= 50> <et=399.29> <Mt= 0.01> <Spt= 9.10> <nCl=120> <al=0.00> <DB= 3041.8654> <Mlp= 3041.8654> <PB=10000000> 
RCSP solver dynamic params and stats :  bidir.bord. = 375 aver.obdmd = 98.5902 aver.buck.num. = 101 nbR1C = 130 with avMem = 15.9385
@@ 208 4 3041.87 5.90304 8.72825 92.9561 399.29
    Full reduced cost fixing is not called (gap ratio is 0.999992)
ColGenEvalAlg final dual bound: 3041.87 (rounded: 3042)
False gap improvement since the last cut separation : 0.0145701 (3037.44)
Separator R1C not in maximum phase
Cut generation tailing off counter increased to 0
Current active cuts : CAP(4+15,518.459) R1C(23+107,324.409) 1rowPackR1C(23) 3rowPackR1C(67) 4rowPackR1C(35) 5rowPackR1C(5)
3 Rank-1 1-rows pack. cuts added ,  max viol. = 0.0340226, aver. viol. = 0.0273917
150 Rank-1 3-rows pack. cuts added ,  max viol. = 0.359656, aver. viol. = 0.109138
Building structures for heuristic rank-1 packing cut separation...done!
100 Rank-1 4-rows pack. cuts added ,  max viol. = 0.409174, aver. viol. = 0.0853478
100 Rank-1 5-rows pack. cuts added ,  max viol. = 0.409174, aver. viol. = 0.163809
Shrinking heuristic shrunk 27 edges
In total 1 RCC cut(s) are found by the Fractional capacity min-cut heuristic 
In total 1 RCC cut(s) are found by the greedy construction heuristic 
In total 7 RCC cut(s) are found by the global pool greedy search heuristic 
----- Add fac. cuts : CAP(9) R1C(353), max.viol = 0.446395, aver.viol = 0.139625, sep/add took 0.704253/1.17063 sec. -----
12188 columns (8760 active), 916 dyn. constrs. (558 active), 1665 art. vars. (800 active)
<DWph=2> <it=  1> <et=401.84> <Mt= 0.40> <Spt= 0.16> <nCl=  9> <al=0.50> <DB= 2612.7182> <Mlp= 3043.8485> <PB=10000000> 
<DWph=2> <it=  2> <et=402.02> <Mt= 0.03> <Spt= 0.15> <nCl=  5> <al=0.55> <DB= 3042.7578> <Mlp= 3043.8485> <PB=10000000> 
<DWph=2> <it=  3> <et=402.20> <Mt= 0.01> <Spt= 0.16> <nCl= 30> <al=0.45> <DB=  808.4702> <Mlp= 3043.8485> <PB=10000000> 
<DWph=2> <it=  4> <et=402.40> <Mt= 0.04> <Spt= 0.17> <nCl= 14> <al=0.51> <DB= 2644.8382> <Mlp= 3043.8485> <PB=10000000> 
<DWph=2> <it=  5> <et=402.62> <Mt= 0.05> <Spt= 0.17> <nCl=  8> <al=0.41> <DB= 2731.6354> <Mlp= 3043.8447> <PB=10000000> 
<DWph=2> <it=  6> <et=402.98> <Mt= 0.04> <Spt= 0.32> <nCl= 17> <al=0.00> <DB= 2548.5035> <Mlp= 3043.8447> <PB=10000000> 
<DWph=2> <it=  7> <et=403.32> <Mt= 0.02> <Spt= 0.31> <nCl= 16> <al=0.00> <DB= 1644.1623> <Mlp= 3043.8419> <PB=10000000> 
<DWph=2> <it=  8> <et=403.71> <Mt= 0.21> <Spt= 0.18> <nCl= 13> <al=0.26> <DB= 2937.1541> <Mlp= 3043.7267> <PB=10000000> 
<DWph=2> <it=  9> <et=403.96> <Mt= 0.09> <Spt= 0.17> <nCl=  7> <al=0.34> <DB= 2943.2184> <Mlp= 3043.7032> <PB=10000000> 
<DWph=2> <it= 10> <et=404.29> <Mt= 0.01> <Spt= 0.31> <nCl= 14> <al=0.00> <DB= 2840.9376> <Mlp= 3043.7032> <PB=10000000> 
<DWph=2> <it= 11> <et=404.63> <Mt= 0.02> <Spt= 0.32> <nCl=  1> <al=0.00> <DB= 3043.7032> <Mlp= 3043.7032> <PB=10000000> 
<DWph=1> <it= 12> <et=404.91> <Mt= 0.01> <Spt= 0.27> <nCl=  7> <al=0.20> <DB= 2664.0918> <Mlp= 3043.7032> <PB=10000000> 
<DWph=1> <it= 13> <et=405.25> <Mt= 0.05> <Spt= 0.29> <nCl= 10> <al=0.10> <DB= 2901.3818> <Mlp= 3043.6992> <PB=10000000> 
<DWph=1> <it= 14> <et=405.58> <Mt= 0.02> <Spt= 0.31> <nCl= 16> <al=0.00> <DB= 2928.1179> <Mlp= 3043.6971> <PB=10000000> 
<DWph=1> <it= 15> <et=405.95> <Mt= 0.10> <Spt= 0.28> <nCl= 14> <al=0.10> <DB= 2809.8137> <Mlp= 3043.6814> <PB=10000000> 
<DWph=1> <it= 16> <et=406.32> <Mt= 0.08> <Spt= 0.28> <nCl= 15> <al=0.19> <DB= 2507.1614> <Mlp= 3043.6565> <PB=10000000> 
<DWph=1> <it= 17> <et=406.64> <Mt= 0.04> <Spt= 0.29> <nCl=  3> <al=0.27> <DB= 2913.2537> <Mlp= 3043.6535> <PB=10000000> 
<DWph=1> <it= 18> <et=407.23> <Mt= 0.01> <Spt= 0.57> <nCl= 10> <al=0.00> <DB= 2792.0637> <Mlp= 3043.6535> <PB=10000000> 
<DWph=1> <it= 19> <et=407.42> <Mt= 0.18> <Spt= 0.00> <nCl=  0> <al=0.25> <DB= 2792.0637> <Mlp= 3043.5691> <PB=10000000> 
1 bl.dch (4686)...    RCSP exact solver info for graph G_0 : TT = 9.4652, pt = 0.006023, dt = 8.09852, ct = 1.35858, ndl = 391205', bdl = 28439802', odl = 150237', odf = 7104827', bsi = 1313', cnt = 76528681', bdch = 1510573232', odch = 580855899', lcp = 111120961', #sols = 150
<DWph=0> <it= 20> <et=416.97> <Mt= 0.01> <Spt= 9.54> <nCl=150> <al=0.25> <DB= 2413.2993> <Mlp= 3043.5691> <PB=10000000> 
1 bl.dch (4617)...    RCSP exact solver info for graph G_0 : TT = 9.7709, pt = 0.006356, dt = 8.32822, ct = 1.43399, ndl = 409897', bdl = 29473939', odl = 151771', odf = 7409015', bsi = 1331', cnt = 80200590', bdch = 1651710887', odch = 607366044', lcp = 114570112', #sols = 150
<DWph=0> <it= 21> <et=427.01> <Mt= 0.20> <Spt= 9.85> <nCl=128> <al=0.32> <DB= 1980.6951> <Mlp= 3043.4866> <PB=10000000> 
1 bl.dch (4616)...    RCSP exact solver info for graph G_0 : TT = 10.1408, pt = 0.006076, dt = 8.4785, ct = 1.65397, ndl = 409781', bdl = 29492588', odl = 153810', odf = 7491493', bsi = 1287', cnt = 82271030', bdch = 1647859149', odch = 609873739', lcp = 116120310', #sols = 150
<DWph=0> <it= 22> <et=437.43> <Mt= 0.23> <Spt=10.18> <nCl= 53> <al=0.39> <DB= 2627.5795> <Mlp= 3043.4359> <PB=10000000> 
1 bl.dch (4671)...    RCSP exact solver info for graph G_0 : TT = 11.8716, pt = 0.007105, dt = 10.3959, ct = 1.46649, ndl = 398380', bdl = 28662059', odl = 148607', odf = 7212980', bsi = 1477', cnt = 78436037', bdch = 1567480424', odch = 574026526', lcp = 108372968', #sols = 150
<DWph=0> <it= 23> <et=447.37> <Mt= 0.11> <Spt= 9.84> <nCl= 96> <al=0.29> <DB= 2594.3122> <Mlp= 3043.4161> <PB=10000000> 
1 bl.dch (4671)...    RCSP exact solver info for graph G_0 : TT = 9.24986, pt = 0.006096, dt = 7.84249, ct = 1.39922, ndl = 398186', bdl = 28663742', odl = 148392', odf = 7175051', bsi = 1580', cnt = 78288185', bdch = 1564867928', odch = 571912597', lcp = 109258663', #sols = 150
<DWph=0> <it= 24> <et=456.71> <Mt= 0.06> <Spt= 9.27> <nCl= 29> <al=0.36> <DB= 2893.3657> <Mlp= 3043.4120> <PB=10000000> 
1 bl.dch (4681)...    RCSP exact solver info for graph G_0 : TT = 9.65222, pt = 0.006511, dt = 8.14751, ct = 1.49605, ndl = 393680', bdl = 28326636', odl = 146740', odf = 7096084', bsi = 1594', cnt = 78511750', bdch = 1538564627', odch = 567954498', lcp = 108245872', #sols = 150
<DWph=0> <it= 25> <et=466.44> <Mt= 0.05> <Spt= 9.68> <nCl= 45> <al=0.26> <DB= 2978.6602> <Mlp= 3043.4109> <PB=10000000> 
1 bl.dch (4671)...    RCSP exact solver info for graph G_0 : TT = 12.1603, pt = 0.006355, dt = 10.59, ct = 1.56169, ndl = 396443', bdl = 28535883', odl = 148046', odf = 7148491', bsi = 1520', cnt = 79773193', bdch = 1560159409', odch = 577469556', lcp = 109637080', #sols = 150
<DWph=0> <it= 26> <et=476.55> <Mt= 0.05> <Spt=10.07> <nCl=  7> <al=0.33> <DB= 3021.7352> <Mlp= 3043.4103> <PB=10000000> 
1 bl.dch (4686)...    RCSP exact solver info for graph G_0 : TT = 9.12198, pt = 0.00655, dt = 7.65459, ct = 1.4586, ndl = 390224', bdl = 28161155', odl = 146918', odf = 7030121', bsi = 1315', cnt = 76886179', bdch = 1520195076', odch = 554159185', lcp = 105004663', #sols = 150
<DWph=0> <it= 27> <et=485.70> <Mt= 0.01> <Spt= 9.13> <nCl=  2> <al=0.23> <DB= 3038.3221> <Mlp= 3043.4103> <PB=10000000> 
1 bl.dch (4686)...    RCSP exact solver info for graph G_0 : TT = 9.41686, pt = 0.006332, dt = 7.92433, ct = 1.48391, ndl = 391877', bdl = 28230920', odl = 147513', odf = 7058207', bsi = 1312', cnt = 77321978', bdch = 1530583111', odch = 559274014', lcp = 105628948', #sols = 150
1 bl.dch (4688)...    RCSP exact solver info for graph G_0 : TT = 11.1627, pt = 0.005462, dt = 9.82931, ct = 1.32564, ndl = 389073', bdl = 28109880', odl = 146954', odf = 7017190', bsi = 1357', cnt = 75938125', bdch = 1511524563', odch = 552090829', lcp = 104876062', #sols = 150
<DWph=0> <it= 28> <et=504.16> <Mt= 0.01> <Spt=18.45> <nCl= 28> <al=0.00> <DB= 3043.4103> <Mlp= 3043.4103> <PB=10000000> 
RCSP solver dynamic params and stats :  bidir.bord. = 375 aver.obdmd = 98.5902 aver.buck.num. = 101 nbR1C = 160 with avMem = 17.5437
@@ 208 5 3043.41 10.1928 12.1517 92.9561 504.16
    Full reduced cost fixing is not called (gap ratio is 0.999992)
ColGenEvalAlg final dual bound: 3043.41 (rounded: 3044)
False gap improvement since the last cut separation : 0.00507893 (3041.87)
----- Cut generation stopped by the pricing solver
Current active cuts : CAP(3+13,435.658) R1C(25+135,379.285) 1rowPackR1C(25) 3rowPackR1C(77) 4rowPackR1C(46) 5rowPackR1C(12)
**** SB phase 3 evaluation of candidate 1, branch 2 ( Psi[2,4] <= 0 ), value = 2990.88
<DWph=2> <it=  1> <et=505.50> <Mt= 0.51> <Spt= 0.13> <nCl= 30> <al=0.50> <DB=-14399665640.0006> <Mlp= 2990.8834> <PB=10000000> 
<DWph=2> <it=  2> <et=505.64> <Mt= 0.01> <Spt= 0.13> <nCl= 30> <al=0.55> <DB=-16248.3233> <Mlp= 2990.8834> <PB=10000000> 
<DWph=2> <it=  3> <et=505.78> <Mt= 0.00> <Spt= 0.13> <nCl= 30> <al=0.60> <DB=-5863.8206> <Mlp= 2990.8834> <PB=10000000> 
<DWph=2> <it=  4> <et=505.93> <Mt= 0.01> <Spt= 0.14> <nCl= 30> <al=0.64> <DB=-3016.4526> <Mlp= 2990.8834> <PB=10000000> 
<DWph=2> <it=  5> <et=506.08> <Mt= 0.01> <Spt= 0.14> <nCl=  7> <al=0.67> <DB= 2990.8835> <Mlp= 2990.8834> <PB=10000000> 
<DWph=1> <it=  6> <et=506.35> <Mt= 0.01> <Spt= 0.26> <nCl=  1> <al=0.67> <DB= 2819.2412> <Mlp= 2990.8834> <PB=10000000> 
<DWph=1> <it=  7> <et=506.61> <Mt= 0.01> <Spt= 0.26> <nCl=  3> <al=0.57> <DB= 2892.7126> <Mlp= 2990.8834> <PB=10000000> 
<DWph=1> <it=  8> <et=506.88> <Mt= 0.01> <Spt= 0.26> <nCl= 12> <al=0.47> <DB= 2989.8608> <Mlp= 2990.8834> <PB=10000000> 
<DWph=1> <it=  9> <et=507.15> <Mt= 0.00> <Spt= 0.26> <nCl= 13> <al=0.37> <DB= 2237.6854> <Mlp= 2990.8834> <PB=10000000> 
<DWph=1> <it= 10> <et=507.68> <Mt= 0.01> <Spt= 0.52> <nCl=  2> <al=0.00> <DB= 2990.8834> <Mlp= 2990.8834> <PB=10000000> 
    RCSP exact solver info for graph G_0 : TT = 3.79585, pt = 0.004305, dt = 3.53151, ct = 0.25782, ndl = 255868', bdl = 19147012', odl = 120621', odf = 4144831', bsi = 1465', cnt = 39652707', bdch = 845251541', odch = 197014635', lcp = 40654135', #sols = 150
<DWph=0> <it= 11> <et=511.50> <Mt= 0.01> <Spt= 3.81> <nCl= 70> <al=0.33> <DB= 2191.6168> <Mlp= 2990.8834> <PB=10000000> 
    RCSP exact solver info for graph G_0 : TT = 3.61633, pt = 0.004035, dt = 3.35732, ct = 0.252901, ndl = 248356', bdl = 18577274', odl = 122163', odf = 4060431', bsi = 1490', cnt = 36525426', bdch = 807287284', odch = 184483940', lcp = 38515386', #sols = 150
<DWph=0> <it= 12> <et=515.14> <Mt= 0.01> <Spt= 3.63> <nCl= 26> <al=0.23> <DB= 2803.2515> <Mlp= 2990.8833> <PB=10000000> 
    RCSP exact solver info for graph G_0 : TT = 3.61854, pt = 0.004298, dt = 3.36821, ct = 0.243917, ndl = 247808', bdl = 18572775', odl = 121911', odf = 4055194', bsi = 1600', cnt = 36122183', bdch = 798972926', odch = 184193671', lcp = 38921388', #sols = 150
    RCSP exact solver info for graph G_0 : TT = 3.91141, pt = 0.005221, dt = 3.63478, ct = 0.269446, ndl = 260049', bdl = 19468902', odl = 122629', odf = 4226120', bsi = 1412', cnt = 40675603', bdch = 868312299', odch = 204847794', lcp = 42274612', #sols = 150
<DWph=0> <it= 13> <et=522.70> <Mt= 0.00> <Spt= 7.55> <nCl= 17> <al=0.00> <DB= 2990.8833> <Mlp= 2990.8833> <PB=10000000> 
RCSP solver dynamic params and stats :  bidir.bord. = 375 aver.obdmd = 98.5902 aver.buck.num. = 101 nbR1C = 126 with avMem = 17.9841
@@ 209 0 2990.88 3.72897 3.90422 92.9561 522.7
    Full reduced cost fixing is not called (gap ratio is 0.999997)
ColGenEvalAlg final dual bound: 2990.88 (rounded: 2991)
Current active cuts : CAP(19,778.611) R1C(18+108,275.814) 1rowPackR1C(18) 3rowPackR1C(49) 4rowPackR1C(38) 5rowPackR1C(21)
1 Rank-1 1-rows pack. cuts added ,  max viol. = 0.0303046, aver. viol. = 0.0303046
150 Rank-1 3-rows pack. cuts added ,  max viol. = 0.161688, aver. viol. = 0.0519797
Shrinking heuristic shrunk 26 edges
In total 3 RCC cut(s) are found by the global pool greedy search heuristic 
----- Add fac. cuts : CAP(3) R1C(151), max.viol = 0.164424, aver.viol = 0.0544085, sep/add took 0.0593065/0.422519 sec. -----
12548 columns (8168 active), 496 dyn. constrs. (347 active), 738 art. vars. (589 active)
<DWph=2> <it=  1> <et=523.63> <Mt= 0.10> <Spt= 0.30> <nCl= 18> <al=0.00> <DB= 2976.2009> <Mlp= 2991.0653> <PB=10000000> 
<DWph=2> <it=  2> <et=523.92> <Mt= 0.02> <Spt= 0.27> <nCl= 13> <al=0.00> <DB= 2948.1771> <Mlp= 2991.0627> <PB=10000000> 
<DWph=2> <it=  3> <et=524.07> <Mt= 0.02> <Spt= 0.14> <nCl=  8> <al=0.30> <DB= 2976.3590> <Mlp= 2991.0624> <PB=10000000> 
<DWph=2> <it=  4> <et=524.35> <Mt= 0.02> <Spt= 0.26> <nCl=  7> <al=0.00> <DB= 2952.7564> <Mlp= 2991.0620> <PB=10000000> 
<DWph=2> <it=  5> <et=524.64> <Mt= 0.00> <Spt= 0.28> <nCl=  2> <al=0.00> <DB= 2991.0620> <Mlp= 2991.0620> <PB=10000000> 
<DWph=1> <it=  6> <et=524.89> <Mt= 0.01> <Spt= 0.24> <nCl=  3> <al=0.17> <DB= 2887.4250> <Mlp= 2991.0620> <PB=10000000> 
<DWph=1> <it=  7> <et=525.46> <Mt= 0.04> <Spt= 0.53> <nCl= 15> <al=0.00> <DB= 2991.0486> <Mlp= 2991.0486> <PB=10000000> 
    RCSP exact solver info for graph G_0 : TT = 4.19237, pt = 0.004344, dt = 3.89315, ct = 0.292719, ndl = 268905', bdl = 20072402', odl = 130043', odf = 4398185', bsi = 1630', cnt = 45212314', bdch = 916912477', odch = 218744526', lcp = 46370478', #sols = 150
<DWph=0> <it=  8> <et=529.69> <Mt= 0.01> <Spt= 4.22> <nCl= 80> <al=0.00> <DB= 2802.0332> <Mlp= 2991.0486> <PB=10000000> 
    RCSP exact solver info for graph G_0 : TT = 4.02393, pt = 0.004358, dt = 3.71578, ct = 0.301563, ndl = 257883', bdl = 19275651', odl = 124477', odf = 4210359', bsi = 1458', cnt = 42192790', bdch = 859734623', odch = 199047268', lcp = 41754866', #sols = 150
<DWph=0> <it=  9> <et=533.78> <Mt= 0.04> <Spt= 4.05> <nCl= 50> <al=0.00> <DB= 2896.9384> <Mlp= 2991.0416> <PB=10000000> 
    RCSP exact solver info for graph G_0 : TT = 6.12849, pt = 0.004705, dt = 5.85649, ct = 0.265311, ndl = 253948', bdl = 18984497', odl = 124240', odf = 4117248', bsi = 1431', cnt = 39640258', bdch = 836566750', odch = 190474103', lcp = 40012140', #sols = 150
<DWph=0> <it= 10> <et=537.87> <Mt= 0.01> <Spt= 4.08> <nCl= 81> <al=0.00> <DB= 2991.0415> <Mlp= 2991.0415> <PB=10000000> 
RCSP solver dynamic params and stats :  bidir.bord. = 375 aver.obdmd = 98.5902 aver.buck.num. = 101 nbR1C = 129 with avMem = 17.7519
@@ 209 1 2991.04 4.775 6.1218 92.9561 537.87
    Full reduced cost fixing is not called (gap ratio is 0.999997)
ColGenEvalAlg final dual bound: 2991.04 (rounded: 2992)
False gap improvement since the last cut separation : 0.000528924 (2990.88)
Separator R1C not in maximum phase
Cut generation tailing off counter increased to 0
Current active cuts : CAP(21,742.883) R1C(16+113,280.274) 1rowPackR1C(16) 3rowPackR1C(61) 4rowPackR1C(33) 5rowPackR1C(19)
8 Rank-1 1-rows pack. cuts added ,  max viol. = 0.0818031, aver. viol. = 0.0483575
48 Rank-1 3-rows pack. cuts added ,  max viol. = 0.0818022, aver. viol. = 0.0411955
Building structures for heuristic rank-1 packing cut separation...done!
3 Rank-1 4-rows pack. cuts added ,  max viol. = 0.0673626, aver. viol. = 0.0361074
36 Rank-1 5-rows pack. cuts added ,  max viol. = 0.0390999, aver. viol. = 0.0256166
Shrinking heuristic shrunk 26 edges
In total 1 RCC cut(s) are found by the greedy construction heuristic 
In total 5 RCC cut(s) are found by the global pool greedy search heuristic 
----- Add fac. cuts : CAP(6) R1C(95), max.viol = 0.108998, aver.viol = 0.0458454, sep/add took 0.681947/0.289293 sec. -----
12825 columns (8445 active), 597 dyn. constrs. (302 active), 839 art. vars. (544 active)
<DWph=2> <it=  1> <et=539.22> <Mt= 0.16> <Spt= 0.16> <nCl= 10> <al=0.50> <DB= 2991.1913> <Mlp= 2991.3411> <PB=10000000> 
<DWph=2> <it=  2> <et=539.38> <Mt= 0.00> <Spt= 0.16> <nCl= 12> <al=0.40> <DB= 2583.3234> <Mlp= 2991.3411> <PB=10000000> 
<DWph=2> <it=  3> <et=539.55> <Mt= 0.02> <Spt= 0.15> <nCl=  9> <al=0.46> <DB= 2883.9225> <Mlp= 2991.3410> <PB=10000000> 
<DWph=2> <it=  4> <et=539.76> <Mt= 0.03> <Spt= 0.17> <nCl=  8> <al=0.36> <DB= 2601.7768> <Mlp= 2991.3230> <PB=10000000> 
<DWph=2> <it=  5> <et=540.08> <Mt= 0.02> <Spt= 0.31> <nCl=  6> <al=0.00> <DB= 2989.6172> <Mlp= 2991.3224> <PB=10000000> 
<DWph=2> <it=  6> <et=540.24> <Mt= 0.00> <Spt= 0.15> <nCl=  2> <al=0.32> <DB= 2988.3246> <Mlp= 2991.3224> <PB=10000000> 
<DWph=2> <it=  7> <et=540.42> <Mt= 0.02> <Spt= 0.17> <nCl=  1> <al=0.39> <DB= 2988.0919> <Mlp= 2991.3221> <PB=10000000> 
<DWph=2> <it=  8> <et=540.75> <Mt= 0.01> <Spt= 0.31> <nCl=  7> <al=0.00> <DB= 2991.3221> <Mlp= 2991.3221> <PB=10000000> 
<DWph=1> <it=  9> <et=541.03> <Mt= 0.00> <Spt= 0.28> <nCl= 12> <al=0.35> <DB= 2352.3641> <Mlp= 2991.3221> <PB=10000000> 
<DWph=1> <it= 10> <et=541.33> <Mt= 0.02> <Spt= 0.28> <nCl=  9> <al=0.25> <DB= 2941.0129> <Mlp= 2991.3179> <PB=10000000> 
<DWph=1> <it= 11> <et=541.87> <Mt= 0.01> <Spt= 0.53> <nCl= 13> <al=0.00> <DB= 2829.2927> <Mlp= 2991.3179> <PB=10000000> 
<DWph=1> <it= 12> <et=542.42> <Mt= 0.02> <Spt= 0.53> <nCl=  5> <al=0.00> <DB= 2991.3178> <Mlp= 2991.3178> <PB=10000000> 
1 bl.dch (5123)...    RCSP exact solver info for graph G_0 : TT = 4.88281, pt = 0.004546, dt = 4.54393, ct = 0.332475, ndl = 304454', bdl = 22466681', odl = 139420', odf = 5045672', bsi = 1663', cnt = 64163208', bdch = 1109141760', odch = 303453144', lcp = 59590760', #sols = 150
<DWph=0> <it= 13> <et=547.35> <Mt= 0.00> <Spt= 4.92> <nCl=150> <al=0.13> <DB= 2350.0942> <Mlp= 2991.3178> <PB=10000000> 
1 bl.dch (5131)...    RCSP exact solver info for graph G_0 : TT = 4.96916, pt = 0.004783, dt = 4.62418, ct = 0.338095, ndl = 298060', bdl = 22150821', odl = 136877', odf = 4870588', bsi = 1492', cnt = 54849028', bdch = 1102630812', odch = 271897704', lcp = 55881824', #sols = 150
<DWph=0> <it= 14> <et=552.41> <Mt= 0.06> <Spt= 5.01> <nCl=140> <al=0.03> <DB= 2458.8869> <Mlp= 2991.2652> <PB=10000000> 
1 bl.dch (5308)...    RCSP exact solver info for graph G_0 : TT = 4.65195, pt = 0.004504, dt = 4.29558, ct = 0.349683, ndl = 289084', bdl = 21351030', odl = 135823', odf = 4763894', bsi = 1485', cnt = 51242964', bdch = 1032786562', odch = 255553733', lcp = 52884163', #sols = 150
<DWph=0> <it= 15> <et=557.12> <Mt= 0.03> <Spt= 4.68> <nCl= 68> <al=0.00> <DB= 2450.7958> <Mlp= 2991.2346> <PB=10000000> 
1 bl.dch (5133)...    RCSP exact solver info for graph G_0 : TT = 5.20868, pt = 0.007174, dt = 4.852, ct = 0.347219, ndl = 298204', bdl = 22107784', odl = 135591', odf = 4815572', bsi = 1433', cnt = 57642009', bdch = 1100824134', odch = 276553614', lcp = 56016635', #sols = 150
    RCSP exact solver info for graph G_0 : TT = 4.83292, pt = 0.004898, dt = 4.47372, ct = 0.35218, ndl = 281109', bdl = 20768396', odl = 133184', odf = 4570798', bsi = 1402', cnt = 51058711', bdch = 984785510', odch = 246060988', lcp = 50692377', #sols = 150
<DWph=0> <it= 16> <et=567.21> <Mt= 0.02> <Spt=10.07> <nCl= 56> <al=0.00> <DB= 2991.2343> <Mlp= 2991.2343> <PB=10000000> 
RCSP solver dynamic params and stats :  bidir.bord. = 375 aver.obdmd = 98.5902 aver.buck.num. = 101 nbR1C = 133 with avMem = 18.2632
@@ 209 2 2991.23 4.90181 5.19922 92.9561 567.21
    Full reduced cost fixing is not called (gap ratio is 0.999997)
ColGenEvalAlg final dual bound: 2991.23 (rounded: 2992)
False gap improvement since the last cut separation : 0.000644638 (2991.04)
Cut generation tailing off counter increased to 1
Current active cuts : CAP(22,763.734) R1C(17+116,291.067) 1rowPackR1C(17) 3rowPackR1C(64) 4rowPackR1C(31) 5rowPackR1C(21)
7 Rank-1 1-rows pack. cuts added ,  max viol. = 0.0500037, aver. viol. = 0.0420753
91 Rank-1 3-rows pack. cuts added ,  max viol. = 0.0539601, aver. viol. = 0.0253376
Building structures for heuristic rank-1 packing cut separation...done!
57 Rank-1 4-rows pack. cuts added ,  max viol. = 0.0716168, aver. viol. = 0.0303936
100 Rank-1 5-rows pack. cuts added ,  max viol. = 0.108476, aver. viol. = 0.0364031
Shrinking heuristic shrunk 25 edges
In total 5 RCC cut(s) are found by the global pool greedy search heuristic 
----- Add fac. cuts : CAP(5) R1C(255), max.viol = 0.17624, aver.viol = 0.0389092, sep/add took 0.799094/0.77282 sec. -----
13333 columns (8953 active), 725 dyn. constrs. (466 active), 1099 art. vars. (708 active)
<DWph=2> <it=  1> <et=569.29> <Mt= 0.24> <Spt= 0.17> <nCl=  2> <al=0.50> <DB= 2991.4036> <Mlp= 2991.5729> <PB=10000000> 
<DWph=2> <it=  2> <et=569.48> <Mt= 0.02> <Spt= 0.17> <nCl=  9> <al=0.40> <DB= 2617.0813> <Mlp= 2991.5715> <PB=10000000> 
<DWph=2> <it=  3> <et=569.86> <Mt= 0.05> <Spt= 0.33> <nCl=  4> <al=0.00> <DB= 2608.8806> <Mlp= 2991.5572> <PB=10000000> 
<DWph=2> <it=  4> <et=570.04> <Mt= 0.03> <Spt= 0.16> <nCl=  3> <al=0.36> <DB= 2781.6380> <Mlp= 2991.5557> <PB=10000000> 
<DWph=2> <it=  5> <et=570.40> <Mt= 0.02> <Spt= 0.32> <nCl=  8> <al=0.00> <DB= 2828.4897> <Mlp= 2991.5542> <PB=10000000> 
<DWph=2> <it=  6> <et=570.77> <Mt= 0.03> <Spt= 0.34> <nCl=  2> <al=0.00> <DB= 2991.5513> <Mlp= 2991.5513> <PB=10000000> 
<DWph=1> <it=  7> <et=571.08> <Mt= 0.01> <Spt= 0.31> <nCl= 12> <al=0.22> <DB= 2660.5298> <Mlp= 2991.5513> <PB=10000000> 
<DWph=1> <it=  8> <et=571.44> <Mt= 0.05> <Spt= 0.30> <nCl=  6> <al=0.30> <DB= 2840.5776> <Mlp= 2991.5418> <PB=10000000> 
<DWph=1> <it=  9> <et=571.78> <Mt= 0.04> <Spt= 0.30> <nCl=  3> <al=0.37> <DB= 2772.9870> <Mlp= 2991.5390> <PB=10000000> 
<DWph=1> <it= 10> <et=572.13> <Mt= 0.03> <Spt= 0.31> <nCl=  4> <al=0.27> <DB= 2721.4216> <Mlp= 2991.5366> <PB=10000000> 
<DWph=1> <it= 11> <et=572.46> <Mt= 0.03> <Spt= 0.31> <nCl=  8> <al=0.34> <DB= 2939.5617> <Mlp= 2991.5361> <PB=10000000> 
<DWph=1> <it= 12> <et=572.78> <Mt= 0.01> <Spt= 0.31> <nCl=  8> <al=0.24> <DB= 2982.8130> <Mlp= 2991.5361> <PB=10000000> 
<DWph=1> <it= 13> <et=573.09> <Mt= 0.02> <Spt= 0.30> <nCl=  2> <al=0.14> <DB= 2988.7485> <Mlp= 2991.5361> <PB=10000000> 
<DWph=1> <it= 14> <et=573.68> <Mt= 0.01> <Spt= 0.57> <nCl=  4> <al=0.00> <DB= 2987.7042> <Mlp= 2991.5361> <PB=10000000> 
<DWph=1> <it= 15> <et=573.96> <Mt= 0.00> <Spt= 0.27> <nCl=  0> <al=0.00> <DB= 2991.5361> <Mlp= 2991.5361> <PB=10000000> 
1 bl.dch (4667)...    RCSP exact solver info for graph G_0 : TT = 7.2317, pt = 0.004856, dt = 6.64083, ct = 0.583832, ndl = 378618', bdl = 27722710', odl = 159275', odf = 6386602', bsi = 1742', cnt = 101865718', bdch = 1629521857', odch = 471073051', lcp = 93505673', #sols = 150
<DWph=0> <it= 16> <et=581.24> <Mt= 0.01> <Spt= 7.28> <nCl= 87> <al=0.00> <DB= 2789.6077> <Mlp= 2991.5361> <PB=10000000> 
1 bl.dch (4644)...    RCSP exact solver info for graph G_0 : TT = 7.38347, pt = 0.005303, dt = 6.80382, ct = 0.571933, ndl = 382622', bdl = 27874302', odl = 162132', odf = 6438333', bsi = 1525', cnt = 101301705', bdch = 1678902702', odch = 477750736', lcp = 95452681', #sols = 150
<DWph=0> <it= 17> <et=588.71> <Mt= 0.07> <Spt= 7.40> <nCl= 41> <al=0.00> <DB= 2864.1208> <Mlp= 2991.5268> <PB=10000000> 
1 bl.dch (4676)...    RCSP exact solver info for graph G_0 : TT = 7.58916, pt = 0.00518, dt = 7.01309, ct = 0.568336, ndl = 375073', bdl = 27385585', odl = 158624', odf = 6296762', bsi = 1548', cnt = 99106099', bdch = 1617593925', odch = 465069733', lcp = 93120249', #sols = 150
<DWph=0> <it= 18> <et=596.34> <Mt= 0.02> <Spt= 7.61> <nCl= 16> <al=0.00> <DB= 2961.6272> <Mlp= 2991.5267> <PB=10000000> 
1 bl.dch (4667)...    RCSP exact solver info for graph G_0 : TT = 9.90761, pt = 0.005258, dt = 9.33264, ct = 0.567011, ndl = 377218', bdl = 27516097', odl = 160774', odf = 6330782', bsi = 1515', cnt = 98815608', bdch = 1643238543', odch = 467702348', lcp = 93633832', #sols = 150
1 bl.dch (4667)...    RCSP exact solver info for graph G_0 : TT = 7.14119, pt = 0.00606, dt = 6.60973, ct = 0.523659, ndl = 377972', bdl = 27583793', odl = 160103', odf = 6306614', bsi = 1455', cnt = 99116522', bdch = 1647057190', odch = 468734874', lcp = 94118752', #sols = 150
<DWph=0> <it= 19> <et=611.45> <Mt= 0.01> <Spt=15.09> <nCl= 84> <al=0.00> <DB= 2991.5267> <Mlp= 2991.5267> <PB=10000000> 
RCSP solver dynamic params and stats :  bidir.bord. = 375 aver.obdmd = 98.5902 aver.buck.num. = 101 nbR1C = 150 with avMem = 18.6533
@@ 209 3 2991.53 7.84298 9.89965 92.9561 611.45
    Full reduced cost fixing is not called (gap ratio is 0.999997)
ColGenEvalAlg final dual bound: 2991.53 (rounded: 2992)
False gap improvement since the last cut separation : 0.000977445 (2991.23)
Cut generation tailing off counter increased to 2
Current active cuts : CAP(20,806.586) R1C(20+130,318.71) 1rowPackR1C(20) 3rowPackR1C(63) 4rowPackR1C(35) 5rowPackR1C(32)
1 Rank-1 1-rows pack. cuts added ,  max viol. = 0.0380299, aver. viol. = 0.0380299
66 Rank-1 3-rows pack. cuts added ,  max viol. = 0.140146, aver. viol. = 0.0541587
Building structures for heuristic rank-1 packing cut separation...done!
15 Rank-1 4-rows pack. cuts added ,  max viol. = 0.0997258, aver. viol. = 0.0453493
100 Rank-1 5-rows pack. cuts added ,  max viol. = 0.116609, aver. viol. = 0.0455368
Shrinking heuristic shrunk 24 edges
In total 7 RCC cut(s) are found by the global pool greedy search heuristic 
----- Add fac. cuts : CAP(7) R1C(182), max.viol = 0.166392, aver.viol = 0.0697844, sep/add took 0.673182/0.646879 sec. -----
13636 columns (9256 active), 826 dyn. constrs. (410 active), 1288 art. vars. (652 active)
<DWph=2> <it=  1> <et=613.22> <Mt= 0.19> <Spt= 0.18> <nCl= 13> <al=0.50> <DB= 2986.0593> <Mlp= 2991.6854> <PB=10000000> 
<DWph=2> <it=  2> <et=613.43> <Mt= 0.03> <Spt= 0.18> <nCl= 10> <al=0.55> <DB= 2991.5978> <Mlp= 2991.6847> <PB=10000000> 
<DWph=2> <it=  3> <et=613.60> <Mt= 0.01> <Spt= 0.16> <nCl=  6> <al=0.45> <DB= 2956.6406> <Mlp= 2991.6847> <PB=10000000> 
<DWph=2> <it=  4> <et=613.96> <Mt= 0.04> <Spt= 0.31> <nCl=  6> <al=0.01> <DB= 2980.6345> <Mlp= 2991.6818> <PB=10000000> 
<DWph=2> <it=  5> <et=614.12> <Mt= 0.01> <Spt= 0.15> <nCl=  1> <al=0.41> <DB= 2985.9452> <Mlp= 2991.6818> <PB=10000000> 
<DWph=2> <it=  6> <et=614.48> <Mt= 0.04> <Spt= 0.32> <nCl=  5> <al=0.00> <DB= 2991.6809> <Mlp= 2991.6809> <PB=10000000> 
<DWph=1> <it=  7> <et=614.80> <Mt= 0.01> <Spt= 0.31> <nCl=  6> <al=0.36> <DB= 2972.6817> <Mlp= 2991.6809> <PB=10000000> 
<DWph=1> <it=  8> <et=615.43> <Mt= 0.01> <Spt= 0.62> <nCl=  3> <al=0.00> <DB= 2991.6809> <Mlp= 2991.6809> <PB=10000000> 
1 bl.dch (4475)...2 bl.dch (5308)...    RCSP exact solver info for graph G_0 : TT = 9.62505, pt = 0.005546, dt = 8.82239, ct = 0.794822, ndl = 434608', bdl = 31208166', odl = 173391', odf = 7338216', bsi = 1566', cnt = 141523245', bdch = 2071731128', odch = 641393964', lcp = 126323497', #sols = 150
<DWph=0> <it=  9> <et=625.12> <Mt= 0.01> <Spt= 9.68> <nCl=118> <al=0.16> <DB= 2816.9746> <Mlp= 2991.6809> <PB=10000000> 
1 bl.dch (4502)...2 bl.dch (5653)...    RCSP exact solver info for graph G_0 : TT = 12.0782, pt = 0.00692, dt = 11.316, ct = 0.752293, ndl = 426338', bdl = 30641950', odl = 171665', odf = 7227473', bsi = 1778', cnt = 121238623', bdch = 2001736699', odch = 596447579', lcp = 117550567', #sols = 150
<DWph=0> <it= 10> <et=634.77> <Mt= 0.06> <Spt= 9.59> <nCl= 24> <al=0.06> <DB= 2891.2699> <Mlp= 2991.6725> <PB=10000000> 
1 bl.dch (4505)...    RCSP exact solver info for graph G_0 : TT = 9.30279, pt = 0.006721, dt = 8.58715, ct = 0.706467, ndl = 420374', bdl = 30314422', odl = 171627', odf = 7107207', bsi = 1509', cnt = 117194442', bdch = 1963400565', odch = 577021585', lcp = 114046321', #sols = 150
<DWph=0> <it= 11> <et=644.13> <Mt= 0.04> <Spt= 9.33> <nCl= 29> <al=0.16> <DB= 2900.1030> <Mlp= 2991.6722> <PB=10000000> 
1 bl.dch (4502)...    RCSP exact solver info for graph G_0 : TT = 9.48849, pt = 0.006432, dt = 8.77686, ct = 0.702937, ndl = 424032', bdl = 30498285', odl = 171601', odf = 7210723', bsi = 1503', cnt = 118661742', bdch = 1993366000', odch = 587859565', lcp = 116293161', #sols = 150
1 bl.dch (4505)...    RCSP exact solver info for graph G_0 : TT = 9.15955, pt = 0.006288, dt = 8.43288, ct = 0.717936, ndl = 421454', bdl = 30270813', odl = 171498', odf = 7174667', bsi = 1423', cnt = 118258743', bdch = 1971934493', odch = 581762441', lcp = 114911354', #sols = 150
<DWph=0> <it= 12> <et=662.83> <Mt= 0.01> <Spt=18.67> <nCl= 35> <al=0.00> <DB= 2991.6722> <Mlp= 2991.6722> <PB=10000000> 
RCSP solver dynamic params and stats :  bidir.bord. = 375 aver.obdmd = 98.5902 aver.buck.num. = 101 nbR1C = 162 with avMem = 20.2037
@@ 209 4 2991.67 9.92194 12.0682 92.9561 662.83
    Full reduced cost fixing is not called (gap ratio is 0.999997)
ColGenEvalAlg final dual bound: 2991.67 (rounded: 2992)
False gap improvement since the last cut separation : 0.000486182 (2991.53)
----- Cut generation is stopped due to tailing off -----
Current active cuts : CAP(21,829.842) R1C(20+142,329.807) 1rowPackR1C(20) 3rowPackR1C(64) 4rowPackR1C(35) 5rowPackR1C(43)
SB exact phase 3 branch on Psi[2,4] (lhs=0.0117366) : [3043.4103, 2991.6722], tree depth = 1e+12, tree size = 1e+12, score = -0.08445
SB with phases chosed candidate Psi[2,4] (lhs=0.0117366)
************************************************************************************************
**** BaB tree node (N° 3, parent N° 1, depth 1, treatOrderId 209)
**** Local DB = 2991.67, global bounds : [ 2992 , 1e+07 ], TIME = 0h11m3s0t = 66300
**** 2 open nodes, 13892 columns (9512 active), 423 dyn. constrs. (237 active), 665 art. vars. (479 active)
************************************************************************************************
**** Strong branching phase 1 is started *****
SB phase 1 cand.  1 branch on Psi[1,4] (lhs=1.0086)                       : [ 2991.6994, 7046092.6763], score = 191791.15 (h)  <et=663.9>
SB phase 1 cand.  2 branch on colGenSp (9.1957)                           : [ 2991.6722,  2991.6722], score = 0.00      <et=664.42>
SB phase 1 cand.  3 branch on Psi[1,3] (lhs=0.9914)                       : [ 2991.6994, 7046092.6763], score = 191791.15 (h)  <et=665.56>
SB phase 1 cand.  4 branch on omega[3] (lhs=24.4390)                      : [ 2991.6722,  2991.6722], score = 0.00      <et=665.62>
SB phase 1 cand.  5 branch on var x[(41, 114)]_0_4093_0_OspV (lhs=0.7196) : [ 2992.5000,  2994.4071], score = 2.26 (h)  <et=666.06>
SB phase 1 cand.  6 branch on var x[(0, 120)]_0_7259_0_OspV (lhs=0.4913)  : [ 2991.9338,  2992.5171], score = 0.22      <et=666.42>
SB phase 1 cand.  7 branch on var x[(37, 74)]_0_3727_0_OspV (lhs=0.2027)  : [ 2992.2678,  2995.9334], score = 2.54 (h)  <et=666.95>
SB phase 1 cand.  8 branch on var x[(72, 107)]_0_6070_0_OspV (lhs=0.4528) : [ 2991.8518,  2992.7027], score = 0.19      <et=667.3>
SB phase 1 cand.  9 branch on var x[(37, 45)]_0_3698_0_OspV (lhs=0.7887)  : [ 2992.2674,  2995.8090], score = 2.46 (h)  <et=667.88>
SB phase 1 cand. 10 branch on var x[(0, 119)]_0_7257_0_OspV (lhs=0.5645)  : [ 2991.6914,  2992.2601], score = 0.01      <et=668.18>
SB phase 1 cand. 11 branch on var x[(45, 114)]_0_4403_0_OspV (lhs=0.2113) : [ 2992.2638,  2995.8826], score = 2.49 (h)  <et=668.82>
SB phase 1 cand. 12 branch on var x[(0, 104)]_0_7107_0_OspV (lhs=0.5712)  : [ 2992.2856,  2992.2898], score = 0.38      <et=669.28>
SB phase 1 cand. 13 branch on var x[(41, 101)]_0_4080_0_OspV (lhs=0.6864) : [ 2992.5000,  2993.8968], score = 1.84 (h)  <et=669.75>
SB phase 1 cand. 14 branch on var x[(0, 113)]_0_7224_0_OspV (lhs=0.6135)  : [ 2991.6896,  2991.8098], score = 0.00      <et=669.95>
SB phase 1 cand. 15 branch on var x[(12, 96)]_0_1349_0_OspV (lhs=0.6283)  : [ 2992.5000,  2993.8785], score = 1.83 (h)  <et=670.35>
SB phase 1 cand. 16 branch on var x[(33, 38)]_0_3349_0_OspV (lhs=0.6317)  : [ 2991.8333,  2992.2515], score = 0.09      <et=670.69>
SB phase 1 cand. 17 branch on var x[(7, 74)]_0_772_0_OspV (lhs=0.7744)    : [ 2992.2693,  2994.0682], score = 1.43 (h)  <et=671.16>
SB phase 1 cand. 18 branch on var x[(47, 54)]_0_4492_0_OspV (lhs=0.6342)  : [ 2991.6722,  2991.6725], score = 0.00      <et=671.2>
SB phase 1 cand. 19 branch on var x[(66, 96)]_0_5750_0_OspV (lhs=0.6186)  : [ 2992.5000,  2993.8598], score = 1.81 (h)  <et=671.58>
SB phase 1 cand. 20 branch on var x[(33, 77)]_0_3388_0_OspV (lhs=0.3658)  : [ 2991.7629,  2992.5951], score = 0.08      <et=671.92>
SB phase 1 cand. 21 branch on var x[(14, 32)]_0_1500_0_OspV (lhs=0.4495)  : [ 2992.6453,  2994.2500], score = 2.51 (h)  <et=672.37>
SB phase 1 cand. 22 branch on var x[(0, 38)]_0_3774_0_OspV (lhs=0.3464)   : [ 2991.7991,  2992.4035], score = 0.09      <et=672.67>
SB phase 1 cand. 23 branch on var x[(53, 59)]_0_4920_0_OspV (lhs=0.8383)  : [ 2991.9474,  2995.0210], score = 0.92 (h)  <et=673.04>
SB phase 1 cand. 24 branch on var x[(0, 72)]_0_6035_0_OspV (lhs=0.3459)   : [ 2991.8282,  2992.8267], score = 0.18      <et=673.38>
SB phase 1 cand. 25 branch on var x[(101, 116)]_0_7065_0_OspV (lhs=0.8038): [ 2991.9474,  2995.5460], score = 1.07 (h)  <et=673.75>
SB phase 1 cand. 26 branch on var x[(0, 44)]_0_4257_0_OspV (lhs=1.6596)   : [ 2991.6722,  2991.6725], score = 0.00      <et=673.79>
SB phase 1 cand. 27 branch on var x[(93, 99)]_0_6860_0_OspV (lhs=0.8180)  : [ 2991.9474,  2995.8687], score = 1.15 (h)  <et=674.2>
SB phase 1 cand. 28 branch on var x[(0, 77)]_0_6270_0_OspV (lhs=0.3402)   : [ 2992.1413,  2992.1670], score = 0.23      <et=674.52>
SB phase 1 cand. 29 branch on var x[(30, 120)]_0_3164_0_OspV (lhs=0.8146) : [ 2991.9474,  2995.6094], score = 1.08 (h)  <et=674.89>
SB phase 1 cand. 30 branch on var x[(32, 106)]_0_3329_0_OspV (lhs=0.6610) : [ 2992.0266,  2992.9712], score = 0.46      <et=675.26>
SB phase 1 cand. 31 branch on var x[(86, 104)]_0_6648_0_OspV (lhs=0.7853) : [ 2992.1165,  2994.4587], score = 1.24 (h)  <et=675.75>
SB phase 1 cand. 32 branch on var x[(38, 77)]_0_3813_0_OspV (lhs=0.3160)  : [ 2991.8859,  2992.0000], score = 0.07      <et=676.04>
SB phase 1 cand. 33 branch on var x[(43, 78)]_0_4214_0_OspV (lhs=0.3789)  : [ 2992.4715,  2993.5699], score = 1.52 (h)  <et=676.49>
SB phase 1 cand. 34 branch on var x[(13, 113)]_0_1474_0_OspV (lhs=0.3151) : [ 2992.0299,  2992.1012], score = 0.15      <et=676.83>
SB phase 1 cand. 35 branch on var x[(0, 59)]_0_5307_0_OspV (lhs=0.1192)   : [ 2991.8930,  2996.4183], score = 1.05 (h)  <et=677.32>
SB phase 1 cand. 36 branch on var x[(0, 107)]_0_7155_0_OspV (lhs=0.6923)  : [ 2991.8640,  2992.9050], score = 0.24      <et=677.66>
SB phase 1 cand. 37 branch on var x[(41, 96)]_0_4075_0_OspV (lhs=0.2052)  : [ 2991.9474,  2995.4033], score = 1.03 (h)  <et=678.08>
SB phase 1 cand. 38 branch on var x[(107, 120)]_0_7168_0_OspV (lhs=0.3047): [ 2991.7305,  2993.6736], score = 0.12      <et=678.47>
SB phase 1 cand. 39 branch on var x[(5, 97)]_0_566_0_OspV (lhs=0.7721)    : [ 2992.0000,  2994.0954], score = 0.79 (h)  <et=678.83>
SB phase 1 cand. 40 branch on var x[(0, 47)]_0_4485_0_OspV (lhs=0.7096)   : [ 2991.6722,  2991.6722], score = 0.00      <et=678.87>
SB phase 1 cand. 41 branch on var x[(16, 38)]_0_1717_0_OspV (lhs=0.5539)  : [ 2992.2502,  2993.2661], score = 0.92 (h)  <et=679.33>
SB phase 1 cand. 42 branch on var x[(107, 113)]_0_7161_0_OspV (lhs=0.2888): [ 2991.7619,  2993.5842], score = 0.17      <et=679.72>
SB phase 1 cand. 43 branch on var x[(99, 120)]_0_7028_0_OspV (lhs=0.1777) : [ 2991.9474,  2995.9581], score = 1.18 (h)  <et=680.16>
SB phase 1 cand. 44 branch on var x[(13, 104)]_0_1465_0_OspV (lhs=0.2864) : [ 2991.7262,  2993.6390], score = 0.11      <et=680.64>
SB phase 1 cand. 45 branch on var x[(0, 16)]_0_1695_0_OspV (lhs=0.2887)   : [ 2991.8975,  2993.1519], score = 0.33 (h)  <et=681.08>
SB phase 1 cand. 46 branch on var x[(47, 113)]_0_4551_0_OspV (lhs=0.2803) : [ 2991.6722,  2991.8303], score = 0.00      <et=681.25>
SB phase 1 cand. 47 branch on var x[(12, 41)]_0_1294_0_OspV (lhs=0.2082)  : [ 2992.0480,  2995.1062], score = 1.29 (h)  <et=681.73>
SB phase 1 cand. 48 branch on var x[(13, 77)]_0_1438_0_OspV (lhs=0.7321)  : [ 2991.8648,  2992.2084], score = 0.10      <et=682.1>
SB phase 1 cand. 49 branch on var x[(0, 86)]_0_6630_0_OspV (lhs=0.1576)   : [ 2991.9991,  2995.9616], score = 1.40 (h)  <et=682.56>
SB phase 1 cand. 50 branch on var x[(32, 103)]_0_3326_0_OspV (lhs=0.2598) : [ 2991.8221,  2993.3023], score = 0.24      <et=682.91>
SB phase 1 cand. 51 branch on var x[(103, 106)]_0_7092_0_OspV (lhs=0.2851): [ 2992.0000,  2993.5889], score = 0.63 (h)  <et=683.27>
SB phase 1 cand. 52 branch on var x[(0, 33)]_0_3344_0_OspV (lhs=0.7489)   : [ 2991.6725,  2992.0999], score = 0.00      <et=683.47>
SB phase 1 cand. 53 branch on var x[(58, 106)]_0_5292_0_OspV (lhs=0.5447) : [ 2992.4000,  2992.8884], score = 0.89 (h)  <et=683.86>
SB phase 1 cand. 54 branch on var x[(0, 118)]_0_7254_0_OspV (lhs=0.2508)  : [ 2991.7437,  2993.4946], score = 0.13      <et=684.25>
SB phase 1 cand. 55 branch on var x[(63, 103)]_0_5589_0_OspV (lhs=0.5609) : [ 2992.4000,  2992.9940], score = 0.96 (h)  <et=684.65>
SB phase 1 cand. 56 branch on var x[(0, 43)]_0_4179_0_OspV (lhs=0.2355)   : [ 2991.7485,  2996.0000], score = 0.33      <et=685.02>
SB phase 1 cand. 57 branch on var x[(0, 14)]_0_1482_0_OspV (lhs=0.6729)   : [ 2991.9750,  2993.1286], score = 0.44 (h)  <et=685.45>
SB phase 1 cand. 58 branch on var x[(60, 84)]_0_5393_0_OspV (lhs=0.2304)  : [ 2991.7999,  2994.5286], score = 0.36      <et=685.83>
SB phase 1 cand. 59 branch on var x[(60, 67)]_0_5376_0_OspV (lhs=0.1598)  : [ 2991.9699,  2995.3202], score = 1.09 (h)  <et=686.33>
SB phase 1 cand. 60 branch on var x[(78, 79)]_0_6315_0_OspV (lhs=0.2241)  : [ 2991.7736,  2996.5842], score = 0.50      <et=686.77>
SB phase 1 cand. 61 branch on var x[(22, 60)]_0_2348_0_OspV (lhs=0.8402)  : [ 2991.9699,  2995.3202], score = 1.09 (h)  <et=687.26>
SB phase 1 cand. 62 branch on var x[(0, 32)]_0_3255_0_OspV (lhs=0.2215)   : [ 2991.7574,  2993.6831], score = 0.17      <et=687.65>
SB phase 1 cand. 63 branch on omega[4] (lhs=2.0649)                       : [ 2991.7742,  3001.2549], score = 0.98 (h)  <et=688.08>
SB phase 1 cand. 64 branch on var x[(66, 113)]_0_5767_0_OspV (lhs=0.2118) : [ 2991.8197,  2994.7144], score = 0.45      <et=688.5>
SB phase 1 cand. 65 branch on var x[(14, 61)]_0_1529_0_OspV (lhs=0.3779)  : [ 2992.0000,  2993.7658], score = 0.69 (h)  <et=688.93>
SB phase 1 cand. 66 branch on var x[(32, 118)]_0_3341_0_OspV (lhs=0.2079) : [ 2991.8999,  2994.5169], score = 0.65      <et=689.36>
SB phase 1 cand. 67 branch on var x[(11, 111)]_0_1255_0_OspV (lhs=0.8788) : [ 2991.8858,  2995.0474], score = 0.72 (h)  <et=689.8>
SB phase 1 cand. 68 branch on var x[(78, 83)]_0_6319_0_OspV (lhs=0.7978)  : [ 2991.7913,  2995.0000], score = 0.40      <et=690.09>
SB phase 1 cand. 69 branch on var x[(67, 79)]_0_5787_0_OspV (lhs=0.8003)  : [ 2992.0000,  2994.2284], score = 0.84 (h)  <et=690.49>
SB phase 1 cand. 70 branch on var x[(0, 13)]_0_1374_0_OspV (lhs=0.2020)   : [ 2991.7196,  2992.7147], score = 0.05      <et=690.87>
SB phase 1 cand. 71 branch on var x[(58, 103)]_0_5289_0_OspV (lhs=0.3605) : [ 2992.2119,  2993.5384], score = 1.01 (h)  <et=691.28>
SB phase 1 cand. 72 branch on var x[(72, 119)]_0_6082_0_OspV (lhs=0.2012) : [ 2991.8562,  2992.8397], score = 0.21      <et=691.65>
SB phase 1 cand. 73 branch on var x[(80, 83)]_0_6402_0_OspV (lhs=0.4930)  : [ 2992.3876,  2992.5000], score = 0.59 (h)  <et=692.06>
SB phase 1 cand. 74 branch on var x[(47, 119)]_0_4557_0_OspV (lhs=0.1944) : [ 2991.6722,  2992.5000], score = 0.00      <et=692.22>
SB phase 1 cand. 75 branch on var x[(60, 79)]_0_5388_0_OspV (lhs=0.1408)  : [ 2991.8626,  2995.4734], score = 0.72 (h)  <et=692.68>
SB phase 1 cand. 76 branch on var x[(113, 119)]_0_7230_0_OspV (lhs=0.1839): [ 2991.7052,  2992.8438], score = 0.04      <et=693.03>
SB phase 1 cand. 77 branch on var x[(13, 66)]_0_1427_0_OspV (lhs=0.3622)  : [ 2992.0791,  2993.8430], score = 0.88 (h)  <et=693.54>
SB phase 1 cand. 78 branch on var x[(72, 80)]_0_6043_0_OspV (lhs=0.8168)  : [ 2991.7676,  2993.5515], score = 0.18      <et=693.91>
SB phase 1 cand. 79 branch on var x[(83, 119)]_0_6555_0_OspV (lhs=0.4765) : [ 2992.0565,  2993.4119], score = 0.67 (h)  <et=694.41>
SB phase 1 cand. 80 branch on var x[(43, 83)]_0_4219_0_OspV (lhs=0.1790)  : [ 2991.7354,  2996.6547], score = 0.32      <et=694.84>
SB phase 1 cand. 81 branch on var x[(43, 118)]_0_4254_0_OspV (lhs=0.6372) : [ 2992.0000,  2993.3638], score = 0.55 (h)  <et=695.25>
SB phase 1 cand. 82 branch on var x[(33, 54)]_0_3365_0_OspV (lhs=0.1737)  : [ 2991.6722,  2992.1186], score = 0.00      <et=695.42>
SB phase 1 cand. 83 branch on var x[(0, 66)]_0_5720_0_OspV (lhs=0.6378)   : [ 2992.0466,  2993.7309], score = 0.77 (h)  <et=695.86>
SB phase 1 cand. 84 branch on var x[(44, 54)]_0_4267_0_OspV (lhs=0.1716)  : [ 2991.6722,  2991.6725], score = 0.00      <et=695.91>
SB phase 1 cand. 85 branch on var x[(0, 22)]_0_2310_0_OspV (lhs=0.1533)   : [ 2991.9024,  2996.0000], score = 1.00 (h)  <et=696.39>
SB phase 1 cand. 86 branch on var x[(14, 66)]_0_1534_0_OspV (lhs=0.1696)  : [ 2991.8267,  2996.0473], score = 0.68      <et=696.87>
SB phase 1 cand. 87 branch on var x[(0, 103)]_0_7089_0_OspV (lhs=0.4668)  : [ 2992.4000,  2992.5015], score = 0.60 (h)  <et=697.2>
SB phase 1 cand. 88 branch on var x[(63, 106)]_0_5592_0_OspV (lhs=0.1688) : [ 2991.7605,  2994.4371], score = 0.24      <et=697.59>
SB phase 1 cand. 89 branch on var x[(61, 118)]_0_5487_0_OspV (lhs=0.6100) : [ 2992.0000,  2992.8042], score = 0.37 (h)  <et=697.96>
SB phase 1 cand. 90 branch on var x[(0, 5)]_0_474_0_OspV (lhs=0.8323)     : [ 2991.8963,  2994.6293], score = 0.66      <et=698.4>
SB phase 1 cand. 91 branch on var x[(0, 96)]_0_6935_0_OspV (lhs=0.1413)   : [ 2991.8891,  2994.4888], score = 0.61 (h)  <et=698.83>
SB phase 1 cand. 92 branch on var x[(0, 84)]_0_6557_0_OspV (lhs=0.8336)   : [ 2991.7559,  2992.6321], score = 0.08      <et=699.15>
SB phase 1 cand. 93 branch on var x[(78, 80)]_0_6316_0_OspV (lhs=0.4997)  : [ 2992.1738,  2992.7532], score = 0.54 (h)  <et=699.58>
SB phase 1 cand. 94 branch on var x[(0, 106)]_0_7140_0_OspV (lhs=0.1645)  : [ 2991.7507,  2994.1341], score = 0.19      <et=699.95>
SB phase 1 cand. 95 branch on var x[(0, 60)]_0_5369_0_OspV (lhs=0.6097)   : [ 2992.1992,  2993.0483], score = 0.73 (h)  <et=700.39>
SB phase 1 cand. 96 branch on var x[(12, 101)]_0_1354_0_OspV (lhs=0.1593) : [ 2991.9203,  2996.3832], score = 1.17      <et=700.82>
SB phase 1 cand. 97 branch on Psi[3,4] (lhs=1.0563)                       : [ 2991.7692,  3001.6925], score = 0.97 (h)  <et=701.25>
SB phase 1 cand. 98 branch on var x[(96, 104)]_0_6943_0_OspV (lhs=0.1590) : [ 2991.8890,  2996.2631], score = 1.00      <et=701.71>
SB phase 1 cand. 99 branch on var x[(79, 84)]_0_6362_0_OspV (lhs=0.7527)  : [ 2991.8079,  2994.0822], score = 0.33 (h)  <et=702.08>
SB phase 1 cand. 100 branch on var x[(0, 97)]_0_6960_0_OspV (lhs=0.1569)   : [ 2991.8673,  2995.1262], score = 0.67      <et=702.52>
**** Strong branching phase 2 is started *****
#####<DWph=1> <it= 59> <et=718.03> <Mt= 3.16> <Spt=12.28> <nCl=925> <al=0.00> <DB= 3045.4678> <Mlp= 3045.4678> <PB=10000000> 
<DWph=1> <it=  2> <et=719.49> <Mt= 0.01> <Spt= 0.95> <nCl=  4> <al=0.00> <DB= 2991.6994> <Mlp= 2991.6994> <PB=10000000> 
SB phase 2 cand.  1 branch on Psi[1,3] (lhs=0.9914)                     : [ 2991.6994,  3045.4678], score = 1.46 (h)  <et=719.54>
##BaPCod info: Cplex status is 'Optimal solution found, unscaled infeasibilities'
####BaPCod info: Cplex status is 'Optimal solution found, unscaled infeasibilities'
BaPCod info: Cplex status is 'Optimal solution found, unscaled infeasibilities'
BaPCod info: Cplex status is 'Optimal solution found, unscaled infeasibilities'
BaPCod info: Cplex status is 'Optimal solution found, unscaled infeasibilities'
<DWph=1> <it= 71> <et=736.33> <Mt= 2.53> <Spt=13.91> <nCl=1050> <al=0.00> <DB= 3045.6121> <Mlp= 3045.6121> <PB=10000000> 
<DWph=1> <it=  2> <et=737.74> <Mt= 0.01> <Spt= 0.95> <nCl= 11> <al=0.00> <DB= 2991.6994> <Mlp= 2991.6994> <PB=10000000> 
SB phase 2 cand.  2 branch on Psi[1,4] (lhs=1.0086)                     : [ 2991.6994,  3045.6121], score = 1.47 (h)  <et=737.79>
<DWph=1> <it= 19> <et=742.92> <Mt= 0.28> <Spt= 4.57> <nCl=134> <al=0.00> <DB= 2995.7617> <Mlp= 2995.7617> <PB=10000000> 
<DWph=2> <it= 36> <et=751.41> <Mt= 0.60> <Spt= 7.52> <nCl=258> <al=0.19> <DB= 2371.2393> <Mlp= 2992.2274> <PB=10000000> 
<DWph=1> <it= 45> <et=754.90> <Mt= 0.19> <Spt= 3.30> <nCl= 99> <al=0.00> <DB= 2992.2157> <Mlp= 2992.2157> <PB=10000000> 
SB phase 2 cand.  3 branch on var x[(37, 74)]_0_3727_0_OspV (lhs=0.2027): [ 2992.2157,  2995.7617], score = 2.22 (h)  <et=754.95>
**** Strong branching phase 3 is started *****
**** SB phase 3 evaluation of candidate 1, branch 1 ( x[(37, 74)]_0_3727_0_OspV >= 1 ), value = 2995.76
<DWph=2> <it=  1> <et=755.40> <Mt= 0.00> <Spt= 0.14> <nCl=  5> <al=0.50> <DB= 2897.5474> <Mlp= 2995.7617> <PB=10000000> 
<DWph=2> <it=  2> <et=755.69> <Mt= 0.03> <Spt= 0.27> <nCl=  5> <al=0.10> <DB= 2985.9308> <Mlp= 2995.7512> <PB=10000000> 
<DWph=2> <it=  3> <et=755.96> <Mt= 0.01> <Spt= 0.25> <nCl=  2> <al=0.00> <DB= 2995.7512> <Mlp= 2995.7512> <PB=10000000> 
<DWph=1> <it=  4> <et=756.21> <Mt= 0.00> <Spt= 0.25> <nCl=  2> <al=0.35> <DB= 2795.6901> <Mlp= 2995.7512> <PB=10000000> 
<DWph=1> <it=  5> <et=756.52> <Mt= 0.05> <Spt= 0.26> <nCl=  8> <al=0.42> <DB= 2899.9662> <Mlp= 2995.7239> <PB=10000000> 
<DWph=1> <it=  6> <et=756.78> <Mt= 0.01> <Spt= 0.25> <nCl=  5> <al=0.32> <DB= 2932.3901> <Mlp= 2995.7234> <PB=10000000> 
<DWph=1> <it=  7> <et=757.06> <Mt= 0.02> <Spt= 0.25> <nCl=  8> <al=0.22> <DB= 2902.3265> <Mlp= 2995.7115> <PB=10000000> 
<DWph=1> <it=  8> <et=757.56> <Mt= 0.02> <Spt= 0.50> <nCl=  7> <al=0.00> <DB= 2751.4705> <Mlp= 2995.7106> <PB=10000000> 
<DWph=1> <it=  9> <et=757.82> <Mt= 0.00> <Spt= 0.25> <nCl=  4> <al=0.19> <DB= 2953.0834> <Mlp= 2995.7106> <PB=10000000> 
<DWph=1> <it= 10> <et=758.08> <Mt= 0.02> <Spt= 0.25> <nCl=  6> <al=0.27> <DB= 2980.2715> <Mlp= 2995.7065> <PB=10000000> 
<DWph=1> <it= 11> <et=758.58> <Mt= 0.01> <Spt= 0.48> <nCl=  6> <al=0.00> <DB= 2995.7065> <Mlp= 2995.7065> <PB=10000000> 
1 bl.dch (5308)...    RCSP exact solver info for graph G_0 : TT = 7.13392, pt = 0.003842, dt = 6.72235, ct = 0.405561, ndl = 299896', bdl = 22038653', odl = 126209', odf = 4824817', bsi = 1635', cnt = 67927200', bdch = 1037549846', odch = 328906566', lcp = 66932860', #sols = 150
<DWph=0> <it= 12> <et=763.69> <Mt= 0.00> <Spt= 5.11> <nCl=150> <al=0.25> <DB= 2311.3956> <Mlp= 2995.7065> <PB=10000000> 
1 bl.dch (5147)...    RCSP exact solver info for graph G_0 : TT = 5.55243, pt = 0.004317, dt = 5.12114, ct = 0.424819, ndl = 311749', bdl = 22794379', odl = 129161', odf = 5035525', bsi = 1467', cnt = 74556206', bdch = 1087991050', odch = 365056557', lcp = 72607977', #sols = 150
<DWph=0> <it= 13> <et=769.33> <Mt= 0.06> <Spt= 5.58> <nCl= 98> <al=0.32> <DB= 2744.4364> <Mlp= 2995.6049> <PB=10000000> 
1 bl.dch (4998)...    RCSP exact solver info for graph G_0 : TT = 5.82662, pt = 0.004389, dt = 5.38166, ct = 0.438301, ndl = 319999', bdl = 23443027', odl = 132497', odf = 5221338', bsi = 1582', cnt = 82339098', bdch = 1162783594', odch = 383674747', lcp = 73861341', #sols = 150
<DWph=0> <it= 14> <et=775.26> <Mt= 0.08> <Spt= 5.85> <nCl= 64> <al=0.39> <DB= 2647.8871> <Mlp= 2995.4365> <PB=10000000> 
1 bl.dch (4980)...    RCSP exact solver info for graph G_0 : TT = 6.02532, pt = 0.005489, dt = 5.55717, ct = 0.460467, ndl = 326354', bdl = 23837105', odl = 133079', odf = 5319543', bsi = 1627', cnt = 80470525', bdch = 1189453723', odch = 398399513', lcp = 76437091', #sols = 150
<DWph=0> <it= 15> <et=781.40> <Mt= 0.03> <Spt= 6.05> <nCl= 33> <al=0.45> <DB= 2882.2604> <Mlp= 2995.4223> <PB=10000000> 
1 bl.dch (4980)...    RCSP exact solver info for graph G_0 : TT = 6.00016, pt = 0.004618, dt = 5.54821, ct = 0.444889, ndl = 324895', bdl = 23714834', odl = 133556', odf = 5291660', bsi = 1758', cnt = 82594403', bdch = 1194365806', odch = 399682008', lcp = 75844745', #sols = 150
<DWph=0> <it= 16> <et=787.44> <Mt= 0.02> <Spt= 6.01> <nCl= 32> <al=0.35> <DB= 2819.8755> <Mlp= 2995.4198> <PB=10000000> 
1 bl.dch (4980)...    RCSP exact solver info for graph G_0 : TT = 8.0185, pt = 0.004463, dt = 5.52371, ct = 2.4881, ndl = 324887', bdl = 23708956', odl = 133510', odf = 5294924', bsi = 1481', cnt = 80161622', bdch = 1193983661', odch = 395949294', lcp = 75607518', #sols = 150
<DWph=0> <it= 17> <et=793.43> <Mt= 0.02> <Spt= 5.97> <nCl=  2> <al=0.42> <DB= 2948.3680> <Mlp= 2995.4163> <PB=10000000> 
1 bl.dch (4982)...    RCSP exact solver info for graph G_0 : TT = 5.98367, pt = 0.004929, dt = 5.54173, ct = 0.434691, ndl = 323170', bdl = 23651309', odl = 133219', odf = 5264096', bsi = 1665', cnt = 78452463', bdch = 1186931870', odch = 387628097', lcp = 73899197', #sols = 150
<DWph=0> <it= 18> <et=799.44> <Mt= 0.01> <Spt= 6.00> <nCl= 28> <al=0.32> <DB= 2967.5182> <Mlp= 2995.4157> <PB=10000000> 
1 bl.dch (4997)...    RCSP exact solver info for graph G_0 : TT = 5.85636, pt = 0.004297, dt = 5.41577, ct = 0.433594, ndl = 319363', bdl = 23443212', odl = 132724', odf = 5206927', bsi = 1720', cnt = 78266294', bdch = 1163567487', odch = 378927941', lcp = 72476903', #sols = 150
1 bl.dch (4995)...    RCSP exact solver info for graph G_0 : TT = 5.61286, pt = 0.005521, dt = 5.20784, ct = 0.397797, ndl = 318102', bdl = 23337924', odl = 133871', odf = 5186965', bsi = 1313', cnt = 75710381', bdch = 1167677067', odch = 374218639', lcp = 71778038', #sols = 150
<DWph=0> <it= 19> <et=810.96> <Mt= 0.01> <Spt=11.51> <nCl=109> <al=0.00> <DB= 2995.2722> <Mlp= 2995.4155> <PB=10000000> 
1 bl.dch (4997)...    RCSP exact solver info for graph G_0 : TT = 5.63578, pt = 0.004071, dt = 5.22134, ct = 0.408399, ndl = 318591', bdl = 23394352', odl = 133224', odf = 5188857', bsi = 1379', cnt = 75927110', bdch = 1163968721', odch = 374363090', lcp = 72105686', #sols = 150
1 bl.dch (4997)...    RCSP exact solver info for graph G_0 : TT = 5.67449, pt = 0.004312, dt = 5.25895, ct = 0.408997, ndl = 319358', bdl = 23404219', odl = 133220', odf = 5200097', bsi = 1335', cnt = 76262364', bdch = 1166919617', odch = 377251217', lcp = 72184445', #sols = 150
<DWph=0> <it= 20> <et=822.30> <Mt= 0.01> <Spt=11.33> <nCl= 37> <al=0.00> <DB= 2995.4155> <Mlp= 2995.4155> <PB=10000000> 
RCSP solver dynamic params and stats :  bidir.bord. = 375 aver.obdmd = 98.5902 aver.buck.num. = 101 nbR1C = 113 with avMem = 19.0265
@@ 416 0 2995.42 6.11323 8.0118 92.9561 822.3
    Full reduced cost fixing is not called (gap ratio is 0.999996)
ColGenEvalAlg final dual bound: 2995.42 (rounded: 2996)
Current active cuts : CAP(12,910.478) R1C(13+100,304.305) 1rowPackR1C(13) 3rowPackR1C(45) 4rowPackR1C(27) 5rowPackR1C(28)
2 Rank-1 1-rows pack. cuts added ,  max viol. = 0.0309481, aver. viol. = 0.0287435
150 Rank-1 3-rows pack. cuts added ,  max viol. = 0.14056, aver. viol. = 0.0697947
In total 1 RCC cut(s) are found by the connected components heuristic 
Shrinking heuristic shrunk 26 edges
In total 4 RCC cut(s) are found by the Fractional capacity min-cut heuristic 
In total 3 RCC cut(s) are found by the greedy construction heuristic 
In total 12 RCC cut(s) are found by the global pool greedy search heuristic 
----- Add fac. cuts : CAP(20) R1C(152), max.viol = 0.249056, aver.viol = 0.0719092, sep/add took 0.065988/0.500759 sec. -----
14978 columns (6851 active), 559 dyn. constrs. (346 active), 805 art. vars. (588 active)
<DWph=2> <it=  1> <et=823.27> <Mt= 0.18> <Spt= 0.16> <nCl=  3> <al=0.50> <DB= 2987.3891> <Mlp= 2996.3752> <PB=10000000> 
<DWph=2> <it=  2> <et=823.48> <Mt= 0.05> <Spt= 0.16> <nCl= 10> <al=0.55> <DB= 2960.7623> <Mlp= 2996.3513> <PB=10000000> 
<DWph=2> <it=  3> <et=823.86> <Mt= 0.07> <Spt= 0.31> <nCl= 31> <al=0.19> <DB= 1134.0008> <Mlp= 2996.2937> <PB=10000000> 
<DWph=2> <it=  4> <et=824.05> <Mt= 0.03> <Spt= 0.15> <nCl=  7> <al=0.50> <DB= 2975.5605> <Mlp= 2996.2868> <PB=10000000> 
<DWph=2> <it=  5> <et=824.25> <Mt= 0.05> <Spt= 0.16> <nCl=  3> <al=0.55> <DB= 2996.0013> <Mlp= 2996.2775> <PB=10000000> 
<DWph=2> <it=  6> <et=824.60> <Mt= 0.04> <Spt= 0.30> <nCl= 14> <al=0.00> <DB= 2818.0677> <Mlp= 2996.2739> <PB=10000000> 
<DWph=2> <it=  7> <et=824.80> <Mt= 0.04> <Spt= 0.17> <nCl=  9> <al=0.35> <DB= 2865.6102> <Mlp= 2996.2686> <PB=10000000> 
<DWph=2> <it=  8> <et=825.03> <Mt= 0.05> <Spt= 0.17> <nCl=  4> <al=0.25> <DB= 2977.9335> <Mlp= 2996.2496> <PB=10000000> 
<DWph=2> <it=  9> <et=825.21> <Mt= 0.03> <Spt= 0.15> <nCl=  1> <al=0.32> <DB= 2911.4198> <Mlp= 2996.2490> <PB=10000000> 
<DWph=2> <it= 10> <et=825.52> <Mt= 0.01> <Spt= 0.31> <nCl=  7> <al=0.00> <DB= 2834.9825> <Mlp= 2996.2490> <PB=10000000> 
<DWph=2> <it= 11> <et=825.85> <Mt= 0.01> <Spt= 0.30> <nCl=  2> <al=0.00> <DB= 2988.6794> <Mlp= 2996.2443> <PB=10000000> 
<DWph=2> <it= 12> <et=826.02> <Mt= 0.02> <Spt= 0.16> <nCl=  2> <al=0.19> <DB= 2975.4026> <Mlp= 2996.2442> <PB=10000000> 
<DWph=2> <it= 13> <et=826.33> <Mt= 0.01> <Spt= 0.30> <nCl=  1> <al=0.00> <DB= 2996.2442> <Mlp= 2996.2442> <PB=10000000> 
<DWph=1> <it= 14> <et=826.61> <Mt= 0.00> <Spt= 0.28> <nCl= 10> <al=0.17> <DB= 2452.8066> <Mlp= 2996.2442> <PB=10000000> 
<DWph=1> <it= 15> <et=826.96> <Mt= 0.05> <Spt= 0.29> <nCl=  5> <al=0.07> <DB= 2738.9817> <Mlp= 2996.2310> <PB=10000000> 
<DWph=1> <it= 16> <et=827.27> <Mt= 0.02> <Spt= 0.29> <nCl= 10> <al=0.16> <DB= 2885.8770> <Mlp= 2996.2307> <PB=10000000> 
<DWph=1> <it= 17> <et=827.58> <Mt= 0.01> <Spt= 0.30> <nCl=  4> <al=0.25> <DB= 2982.5398> <Mlp= 2996.2302> <PB=10000000> 
<DWph=1> <it= 18> <et=828.16> <Mt= 0.01> <Spt= 0.57> <nCl=  4> <al=0.00> <DB= 2996.2300> <Mlp= 2996.2300> <PB=10000000> 
1 bl.dch (4985)...    RCSP exact solver info for graph G_0 : TT = 6.56262, pt = 0.004291, dt = 5.72755, ct = 0.828559, ndl = 323099', bdl = 23097541', odl = 128123', odf = 5444236', bsi = 1746', cnt = 129558544', bdch = 1175057118', odch = 472201984', lcp = 86193756', #sols = 150
<DWph=0> <it= 19> <et=834.79> <Mt= 0.01> <Spt= 6.63> <nCl=150> <al=0.22> <DB= 2296.8809> <Mlp= 2996.2300> <PB=10000000> 
1 bl.dch (4938)...    RCSP exact solver info for graph G_0 : TT = 6.94967, pt = 0.005039, dt = 6.22802, ct = 0.714621, ndl = 326892', bdl = 23539945', odl = 134670', odf = 5613125', bsi = 1979', cnt = 110310357', bdch = 1226709022', odch = 474348718', lcp = 84782800', #sols = 150
<DWph=0> <it= 20> <et=842.00> <Mt= 0.19> <Spt= 7.01> <nCl=150> <al=0.12> <DB= 1884.6614> <Mlp= 2996.1384> <PB=10000000> 
1 bl.dch (4818)...    RCSP exact solver info for graph G_0 : TT = 7.20296, pt = 0.005669, dt = 6.48263, ct = 0.712292, ndl = 347595', bdl = 24773551', odl = 136808', odf = 5848008', bsi = 1545', cnt = 125601472', bdch = 1342075659', odch = 515796660', lcp = 94667085', #sols = 150
<DWph=0> <it= 21> <et=849.29> <Mt= 0.04> <Spt= 7.25> <nCl=104> <al=0.21> <DB= 2849.4293> <Mlp= 2996.1384> <PB=10000000> 
1 bl.dch (4947)...    RCSP exact solver info for graph G_0 : TT = 6.67867, pt = 0.005103, dt = 6.01763, ct = 0.653604, ndl = 328831', bdl = 23583780', odl = 133618', odf = 5513641', bsi = 1799', cnt = 110247855', bdch = 1220974059', odch = 468517580', lcp = 84220155', #sols = 150
<DWph=0> <it= 22> <et=856.15> <Mt= 0.16> <Spt= 6.70> <nCl= 39> <al=0.11> <DB= 2898.9554> <Mlp= 2996.1153> <PB=10000000> 
1 bl.dch (4998)...    RCSP exact solver info for graph G_0 : TT = 8.40245, pt = 0.005089, dt = 7.73276, ct = 0.662391, ndl = 317877', bdl = 22987852', odl = 130585', odf = 5304650', bsi = 1762', cnt = 97266114', bdch = 1159484383', odch = 411674414', lcp = 75544099', #sols = 150
<DWph=0> <it= 23> <et=862.54> <Mt= 0.03> <Spt= 6.36> <nCl= 32> <al=0.20> <DB= 2888.7992> <Mlp= 2996.1115> <PB=10000000> 
1 bl.dch (4985)...    RCSP exact solver info for graph G_0 : TT = 6.36887, pt = 0.005059, dt = 5.75082, ct = 0.610773, ndl = 320100', bdl = 23120485', odl = 131315', odf = 5364480', bsi = 1519', cnt = 96500039', bdch = 1172116348', odch = 421385708', lcp = 77094198', #sols = 150
<DWph=0> <it= 24> <et=868.93> <Mt= 0.01> <Spt= 6.38> <nCl= 13> <al=0.28> <DB= 2967.0065> <Mlp= 2996.1114> <PB=10000000> 
1 bl.dch (5023)...    RCSP exact solver info for graph G_0 : TT = 6.18287, pt = 0.005316, dt = 5.56868, ct = 0.60588, ndl = 315113', bdl = 22823287', odl = 129570', odf = 5264034', bsi = 1565', cnt = 92160581', bdch = 1142736300', odch = 401381084', lcp = 73737460', #sols = 150
<DWph=0> <it= 25> <et=875.14> <Mt= 0.01> <Spt= 6.20> <nCl= 15> <al=0.35> <DB= 2957.0908> <Mlp= 2996.1114> <PB=10000000> 
1 bl.dch (4996)...    RCSP exact solver info for graph G_0 : TT = 6.21966, pt = 0.004981, dt = 5.59683, ct = 0.61566, ndl = 318471', bdl = 23018597', odl = 130160', odf = 5337856', bsi = 1599', cnt = 95190878', bdch = 1163584674', odch = 413255931', lcp = 75371209', #sols = 150
1 bl.dch (5036)...    RCSP exact solver info for graph G_0 : TT = 5.87788, pt = 0.005359, dt = 5.31682, ct = 0.553827, ndl = 314659', bdl = 22797028', odl = 129681', odf = 5279352', bsi = 1447', cnt = 92846548', bdch = 1139534147', odch = 404452108', lcp = 74003775', #sols = 150
<DWph=0> <it= 26> <et=887.28> <Mt= 0.02> <Spt=12.13> <nCl= 45> <al=0.00> <DB= 2996.1113> <Mlp= 2996.1113> <PB=10000000> 
RCSP solver dynamic params and stats :  bidir.bord. = 375 aver.obdmd = 98.5902 aver.buck.num. = 101 nbR1C = 117 with avMem = 19.0171
@@ 416 1 2996.11 6.70881 8.39515 92.9561 887.28
    Full reduced cost fixing is not called (gap ratio is 0.999996)
ColGenEvalAlg final dual bound: 2996.11 (rounded: 2997)
False gap improvement since the last cut separation : 0.00232297 (2995.42)
Separator R1C not in maximum phase
Cut generation tailing off counter increased to 0
Current active cuts : CAP(18,930.446) R1C(15+102,323.421) 1rowPackR1C(15) 3rowPackR1C(55) 4rowPackR1C(23) 5rowPackR1C(24)
2 Rank-1 1-rows pack. cuts added ,  max viol. = 0.0464336, aver. viol. = 0.0346919
150 Rank-1 3-rows pack. cuts added ,  max viol. = 0.0774299, aver. viol. = 0.0371438
Building structures for heuristic rank-1 packing cut separation...done!
67 Rank-1 4-rows pack. cuts added ,  max viol. = 0.107552, aver. viol. = 0.0437758
100 Rank-1 5-rows pack. cuts added ,  max viol. = 0.157636, aver. viol. = 0.0778999
Shrinking heuristic shrunk 26 edges
In total 1 RCC cut(s) are found by the greedy construction heuristic 
In total 4 RCC cut(s) are found by the global pool greedy search heuristic 
----- Add fac. cuts : CAP(5) R1C(319), max.viol = 0.304206, aver.viol = 0.0605437, sep/add took 0.619423/0.88201 sec. -----
15653 columns (7526 active), 883 dyn. constrs. (508 active), 1129 art. vars. (750 active)
<DWph=2> <it=  1> <et=889.21> <Mt= 0.19> <Spt= 0.16> <nCl= 14> <al=0.50> <DB= 2350.1722> <Mlp= 2997.0932> <PB=10000000> 
<DWph=2> <it=  2> <et=889.45> <Mt= 0.07> <Spt= 0.17> <nCl=  6> <al=0.55> <DB= 2712.1265> <Mlp= 2997.0575> <PB=10000000> 
<DWph=2> <it=  3> <et=889.64> <Mt= 0.02> <Spt= 0.16> <nCl=  7> <al=0.60> <DB= 2984.0252> <Mlp= 2997.0575> <PB=10000000> 
<DWph=2> <it=  4> <et=890.02> <Mt= 0.06> <Spt= 0.33> <nCl= 15> <al=0.27> <DB= 2327.1554> <Mlp= 2997.0270> <PB=10000000> 
<DWph=2> <it=  5> <et=890.26> <Mt= 0.06> <Spt= 0.17> <nCl=  6> <al=0.54> <DB= 2791.3973> <Mlp= 2997.0018> <PB=10000000> 
<DWph=2> <it=  6> <et=890.47> <Mt= 0.04> <Spt= 0.17> <nCl=  5> <al=0.58> <DB= 2718.0931> <Mlp= 2996.9941> <PB=10000000> 
<DWph=2> <it=  7> <et=890.83> <Mt= 0.01> <Spt= 0.35> <nCl= 13> <al=0.25> <DB= 2768.8548> <Mlp= 2996.9941> <PB=10000000> 
<DWph=2> <it=  8> <et=891.05> <Mt= 0.05> <Spt= 0.18> <nCl=  7> <al=0.52> <DB= 2881.5415> <Mlp= 2996.9820> <PB=10000000> 
<DWph=2> <it=  9> <et=891.25> <Mt= 0.01> <Spt= 0.18> <nCl=  2> <al=0.57> <DB= 2996.7932> <Mlp= 2996.9820> <PB=10000000> 
<DWph=2> <it= 10> <et=891.47> <Mt= 0.03> <Spt= 0.18> <nCl=  4> <al=0.47> <DB= 2960.2463> <Mlp= 2996.9807> <PB=10000000> 
<DWph=2> <it= 11> <et=891.67> <Mt= 0.04> <Spt= 0.18> <nCl=  3> <al=0.52> <DB= 2782.0692> <Mlp= 2996.9799> <PB=10000000> 
<DWph=2> <it= 12> <et=891.87> <Mt= 0.01> <Spt= 0.18> <nCl=  2> <al=0.57> <DB= 2996.8732> <Mlp= 2996.9799> <PB=10000000> 
<DWph=2> <it= 13> <et=892.06> <Mt= 0.01> <Spt= 0.18> <nCl= 14> <al=0.47> <DB= 2465.6598> <Mlp= 2996.9799> <PB=10000000> 
<DWph=2> <it= 14> <et=892.28> <Mt= 0.02> <Spt= 0.19> <nCl=  1> <al=0.52> <DB= 2957.5981> <Mlp= 2996.9792> <PB=10000000> 
<DWph=2> <it= 15> <et=892.49> <Mt= 0.02> <Spt= 0.19> <nCl=  1> <al=0.57> <DB= 2986.1125> <Mlp= 2996.9788> <PB=10000000> 
<DWph=2> <it= 16> <et=892.70> <Mt= 0.03> <Spt= 0.19> <nCl=  2> <al=0.61> <DB= 2834.8803> <Mlp= 2996.9784> <PB=10000000> 
<DWph=2> <it= 17> <et=893.07> <Mt= 0.01> <Spt= 0.35> <nCl=  9> <al=0.31> <DB= 2475.2522> <Mlp= 2996.9784> <PB=10000000> 
<DWph=2> <it= 18> <et=893.25> <Mt= 0.02> <Spt= 0.17> <nCl=  3> <al=0.55> <DB= 2828.7758> <Mlp= 2996.9784> <PB=10000000> 
<DWph=2> <it= 19> <et=893.46> <Mt= 0.02> <Spt= 0.17> <nCl=  4> <al=0.45> <DB= 2400.8480> <Mlp= 2996.9760> <PB=10000000> 
<DWph=2> <it= 20> <et=893.82> <Mt= 0.02> <Spt= 0.36> <nCl=  5> <al=0.02> <DB= 2539.4386> <Mlp= 2996.9760> <PB=10000000> 
<DWph=2> <it= 21> <et=894.19> <Mt= 0.01> <Spt= 0.34> <nCl=  4> <al=0.00> <DB= 2996.9760> <Mlp= 2996.9760> <PB=10000000> 
<DWph=1> <it= 22> <et=894.50> <Mt= 0.01> <Spt= 0.31> <nCl= 21> <al=0.31> <DB= 2634.3747> <Mlp= 2996.9760> <PB=10000000> 
<DWph=1> <it= 23> <et=894.89> <Mt= 0.08> <Spt= 0.31> <nCl=  8> <al=0.21> <DB= 2864.9991> <Mlp= 2996.9531> <PB=10000000> 
<DWph=1> <it= 24> <et=895.27> <Mt= 0.06> <Spt= 0.32> <nCl= 13> <al=0.11> <DB= 2719.1649> <Mlp= 2996.9355> <PB=10000000> 
<DWph=1> <it= 25> <et=895.65> <Mt= 0.06> <Spt= 0.32> <nCl= 12> <al=0.20> <DB= 2343.2357> <Mlp= 2996.9276> <PB=10000000> 
<DWph=1> <it= 26> <et=896.28> <Mt= 0.02> <Spt= 0.61> <nCl=  6> <al=0.00> <DB= 2543.9115> <Mlp= 2996.9276> <PB=10000000> 
<DWph=1> <it= 27> <et=896.61> <Mt= 0.01> <Spt= 0.32> <nCl= 10> <al=0.18> <DB= 2664.6473> <Mlp= 2996.9276> <PB=10000000> 
<DWph=1> <it= 28> <et=896.93> <Mt= 0.01> <Spt= 0.31> <nCl=  8> <al=0.26> <DB= 2793.3546> <Mlp= 2996.9276> <PB=10000000> 
<DWph=1> <it= 29> <et=897.57> <Mt= 0.01> <Spt= 0.63> <nCl=  2> <al=0.00> <DB= 2954.1957> <Mlp= 2996.9276> <PB=10000000> 
<DWph=1> <it= 30> <et=898.17> <Mt= 0.00> <Spt= 0.59> <nCl=  2> <al=0.00> <DB= 2970.5296> <Mlp= 2996.9276> <PB=10000000> 
1 bl.dch (4469)...2 bl.dch (5248)...    RCSP exact solver info for graph G_0 : TT = 11.5136, pt = 0.004953, dt = 10.2019, ct = 1.30489, ndl = 456178', bdl = 31689709', odl = 161858', odf = 8102154', bsi = 1844', cnt = 202441109', bdch = 2105274726', odch = 933337950', lcp = 157146595', #sols = 150
<DWph=0> <it= 31> <et=909.76> <Mt= 0.01> <Spt=11.58> <nCl=150> <al=0.13> <DB= 2289.3394> <Mlp= 2996.9276> <PB=10000000> 
1 bl.dch (4514)...    RCSP exact solver info for graph G_0 : TT = 10.6133, pt = 0.00564, dt = 9.28967, ct = 1.31621, ndl = 431654', bdl = 30272011', odl = 159255', odf = 7608995', bsi = 1817', cnt = 176274255', bdch = 1866492606', odch = 794266970', lcp = 136172934', #sols = 150
<DWph=0> <it= 32> <et=920.54> <Mt= 0.11> <Spt=10.68> <nCl=144> <al=0.22> <DB= 2470.8371> <Mlp= 2996.8785> <PB=10000000> 
1 bl.dch (4537)...    RCSP exact solver info for graph G_0 : TT = 12.1199, pt = 0.005904, dt = 10.9097, ct = 1.20244, ndl = 415884', bdl = 29322763', odl = 152966', odf = 7226394', bsi = 1765', cnt = 165436459', bdch = 1784349368', odch = 737324471', lcp = 126194318', #sols = 150
<DWph=0> <it= 33> <et=930.80> <Mt= 0.14> <Spt=10.11> <nCl=103> <al=0.30> <DB= 2762.0797> <Mlp= 2996.8239> <PB=10000000> 
1 bl.dch (4548)...    RCSP exact solver info for graph G_0 : TT = 10.2811, pt = 0.008256, dt = 9.06433, ct = 1.20647, ndl = 415288', bdl = 28995972', odl = 152053', odf = 7254823', bsi = 1527', cnt = 163144594', bdch = 1781138064', odch = 740304026', lcp = 127145532', #sols = 150
<DWph=0> <it= 34> <et=941.24> <Mt= 0.12> <Spt=10.32> <nCl= 66> <al=0.37> <DB= 2884.2514> <Mlp= 2996.7663> <PB=10000000> 
1 bl.dch (4644)...    RCSP exact solver info for graph G_0 : TT = 9.84595, pt = 0.006372, dt = 8.70695, ct = 1.13062, ndl = 400667', bdl = 27930419', odl = 147234', odf = 6953605', bsi = 1433', cnt = 157902826', bdch = 1688027297', odch = 716005879', lcp = 121420247', #sols = 150
<DWph=0> <it= 35> <et=951.21> <Mt= 0.10> <Spt= 9.86> <nCl= 24> <al=0.43> <DB= 2948.1861> <Mlp= 2996.7547> <PB=10000000> 
1 bl.dch (4680)...    RCSP exact solver info for graph G_0 : TT = 11.6308, pt = 0.006291, dt = 10.5247, ct = 1.09775, ndl = 390131', bdl = 27201643', odl = 143038', odf = 6765353', bsi = 1478', cnt = 155942456', bdch = 1610060222', odch = 693740145', lcp = 116898760', #sols = 150
<DWph=0> <it= 36> <et=960.82> <Mt= 0.03> <Spt= 9.59> <nCl=  8> <al=0.33> <DB= 2866.6698> <Mlp= 2996.7542> <PB=10000000> 
1 bl.dch (4667)...    RCSP exact solver info for graph G_0 : TT = 9.69059, pt = 0.006245, dt = 8.55881, ct = 1.12336, ndl = 396911', bdl = 27683478', odl = 146026', odf = 6884066', bsi = 1390', cnt = 158030124', bdch = 1659672455', odch = 702896002', lcp = 119107796', #sols = 150
<DWph=0> <it= 37> <et=970.54> <Mt= 0.01> <Spt= 9.70> <nCl=  6> <al=0.40> <DB= 2979.7069> <Mlp= 2996.7542> <PB=10000000> 
1 bl.dch (4667)...    RCSP exact solver info for graph G_0 : TT = 9.71719, pt = 0.006975, dt = 8.56139, ct = 1.14681, ndl = 396869', bdl = 27678453', odl = 146053', odf = 6867941', bsi = 1385', cnt = 159882709', bdch = 1666728238', odch = 699205058', lcp = 118604620', #sols = 150
<DWph=0> <it= 38> <et=980.28> <Mt= 0.01> <Spt= 9.73> <nCl= 12> <al=0.30> <DB= 2969.2862> <Mlp= 2996.7542> <PB=10000000> 
1 bl.dch (4642)...    RCSP exact solver info for graph G_0 : TT = 11.8292, pt = 0.006502, dt = 10.6569, ct = 1.16381, ndl = 401928', bdl = 28027879', odl = 146867', odf = 6957837', bsi = 1679', cnt = 160531273', bdch = 1692158794', odch = 711777734', lcp = 121161368', #sols = 150
1 bl.dch (4654)...    RCSP exact solver info for graph G_0 : TT = 9.12557, pt = 0.005488, dt = 8.11113, ct = 1.00707, ndl = 398945', bdl = 27850812', odl = 145642', odf = 6890060', bsi = 1413', cnt = 158226996', bdch = 1672947011', odch = 700863015', lcp = 119088014', #sols = 150
<DWph=0> <it= 39> <et=999.33> <Mt= 0.03> <Spt=19.02> <nCl=112> <al=0.00> <DB= 2949.6024> <Mlp= 2996.7541> <PB=10000000> 
1 bl.dch (4638)...    RCSP exact solver info for graph G_0 : TT = 9.8404, pt = 0.006797, dt = 8.6649, ct = 1.16675, ndl = 402616', bdl = 28108404', odl = 147254', odf = 6960487', bsi = 1360', cnt = 159292853', bdch = 1705374694', odch = 708266724', lcp = 120467196', #sols = 150
1 bl.dch (4667)...    RCSP exact solver info for graph G_0 : TT = 9.17034, pt = 0.005576, dt = 8.12445, ct = 1.03823, ndl = 397765', bdl = 27748857', odl = 145116', odf = 6873849', bsi = 1409', cnt = 158055357', bdch = 1662746791', odch = 699737063', lcp = 118752775', #sols = 150
<DWph=0> <it= 40> <et=1018.40> <Mt= 0.02> <Spt=19.06> <nCl= 78> <al=0.00> <DB= 2996.7541> <Mlp= 2996.7541> <PB=10000000> 
RCSP solver dynamic params and stats :  bidir.bord. = 375 aver.obdmd = 98.5902 aver.buck.num. = 101 nbR1C = 141 with avMem = 19.2695
@@ 416 2 2996.75 10.4399 12.1121 92.9561 1018.4
    Full reduced cost fixing is not called (gap ratio is 0.999996)
ColGenEvalAlg final dual bound: 2996.75 (rounded: 2997)
False gap improvement since the last cut separation : 0.00214547 (2996.11)
----- Cut generation stopped by the pricing solver
Current active cuts : CAP(16,1010.83) R1C(13+128,342.102) 1rowPackR1C(13) 3rowPackR1C(63) 4rowPackR1C(33) 5rowPackR1C(32)
**** SB phase 3 evaluation of candidate 1, branch 2 ( x[(37, 74)]_0_3727_0_OspV <= 0 ), value = 2992.22
<DWph=2> <it=  1> <et=1020.99> <Mt= 1.80> <Spt= 0.15> <nCl= 30> <al=0.50> <DB=-21599479226.7440> <Mlp= 2992.2157> <PB=10000000> 
<DWph=2> <it=  2> <et=1021.15> <Mt= 0.01> <Spt= 0.14> <nCl= 30> <al=0.55> <DB=-165080.1689> <Mlp= 2992.2157> <PB=10000000> 
<DWph=2> <it=  3> <et=1021.30> <Mt= 0.01> <Spt= 0.14> <nCl= 30> <al=0.60> <DB=-68615.5259> <Mlp= 2992.2157> <PB=10000000> 
<DWph=2> <it=  4> <et=1021.47> <Mt= 0.01> <Spt= 0.16> <nCl=  5> <al=0.64> <DB= 2503.1190> <Mlp= 2992.2157> <PB=10000000> 
<DWph=2> <it=  5> <et=1021.87> <Mt= 0.07> <Spt= 0.33> <nCl= 19> <al=0.27> <DB= 2353.7641> <Mlp= 2992.2102> <PB=10000000> 
<DWph=1> <it=  6> <et=1022.18> <Mt= 0.01> <Spt= 0.30> <nCl=  7> <al=0.54> <DB= 2753.9420> <Mlp= 2992.2102> <PB=10000000> 
<DWph=1> <it=  7> <et=1022.49> <Mt= 0.02> <Spt= 0.29> <nCl=  7> <al=0.44> <DB= 2888.4444> <Mlp= 2992.2102> <PB=10000000> 
<DWph=1> <it=  8> <et=1022.79> <Mt= 0.00> <Spt= 0.30> <nCl=  8> <al=0.34> <DB= 2627.4945> <Mlp= 2992.2102> <PB=10000000> 
<DWph=1> <it=  9> <et=1023.15> <Mt= 0.01> <Spt= 0.31> <nCl=  6> <al=0.40> <DB= 2950.5015> <Mlp= 2992.2102> <PB=10000000> 
<DWph=1> <it= 10> <et=1023.47> <Mt= 0.01> <Spt= 0.32> <nCl=  4> <al=0.30> <DB= 2842.8117> <Mlp= 2992.2102> <PB=10000000> 
<DWph=1> <it= 11> <et=1023.79> <Mt= 0.01> <Spt= 0.31> <nCl=  6> <al=0.37> <DB= 2756.4186> <Mlp= 2992.2102> <PB=10000000> 
<DWph=1> <it= 12> <et=1024.44> <Mt= 0.01> <Spt= 0.63> <nCl=  4> <al=0.00> <DB= 2752.2102> <Mlp= 2992.2102> <PB=10000000> 
<DWph=1> <it= 13> <et=1024.76> <Mt= 0.01> <Spt= 0.31> <nCl=  5> <al=0.33> <DB= 2790.8881> <Mlp= 2992.2101> <PB=10000000> 
<DWph=1> <it= 14> <et=1025.37> <Mt= 0.00> <Spt= 0.62> <nCl= 14> <al=0.00> <DB= 2814.6359> <Mlp= 2992.2101> <PB=10000000> 
<DWph=1> <it= 15> <et=1025.71> <Mt= 0.04> <Spt= 0.30> <nCl=  5> <al=0.30> <DB= 2928.2332> <Mlp= 2992.2099> <PB=10000000> 
<DWph=1> <it= 16> <et=1026.36> <Mt= 0.01> <Spt= 0.63> <nCl= 14> <al=0.00> <DB= 2727.7229> <Mlp= 2992.2099> <PB=10000000> 
<DWph=1> <it= 17> <et=1026.98> <Mt= 0.00> <Spt= 0.62> <nCl=  5> <al=0.00> <DB= 2822.7145> <Mlp= 2992.2099> <PB=10000000> 
<DWph=1> <it= 18> <et=1027.30> <Mt= 0.01> <Spt= 0.31> <nCl=  1> <al=0.17> <DB= 2938.7838> <Mlp= 2992.2099> <PB=10000000> 
<DWph=1> <it= 19> <et=1027.94> <Mt= 0.01> <Spt= 0.64> <nCl=  0> <al=0.00> <DB= 2992.2099> <Mlp= 2992.2099> <PB=10000000> 
1 bl.dch (4479)...2 bl.dch (5467)...    RCSP exact solver info for graph G_0 : TT = 8.3268, pt = 0.005069, dt = 7.77243, ct = 0.547134, ndl = 400859', bdl = 28988197', odl = 178709', odf = 7031874', bsi = 1703', cnt = 119597998', bdch = 2015684472', odch = 582410222', lcp = 114030764', #sols = 150
<DWph=0> <it= 20> <et=1036.31> <Mt= 0.00> <Spt= 8.36> <nCl=150> <al=0.15> <DB= 1905.9838> <Mlp= 2992.2099> <PB=10000000> 
1 bl.dch (4596)...    RCSP exact solver info for graph G_0 : TT = 7.59954, pt = 0.005646, dt = 7.03998, ct = 0.551697, ndl = 372367', bdl = 26778496', odl = 170873', odf = 6497339', bsi = 1588', cnt = 104367363', bdch = 1745315236', odch = 504491931', lcp = 101223501', #sols = 150
<DWph=0> <it= 21> <et=1043.98> <Mt= 0.03> <Spt= 7.64> <nCl=150> <al=0.05> <DB= 2342.7604> <Mlp= 2992.2038> <PB=10000000> 
1 bl.dch (4596)...    RCSP exact solver info for graph G_0 : TT = 9.4061, pt = 0.00532, dt = 6.91046, ct = 2.48804, ndl = 365047', bdl = 26391606', odl = 165000', odf = 6171012', bsi = 1478', cnt = 103173838', bdch = 1732322554', odch = 465851391', lcp = 95873844', #sols = 150
<DWph=0> <it= 22> <et=1051.50> <Mt= 0.04> <Spt= 7.48> <nCl=110> <al=0.15> <DB= 2757.5395> <Mlp= 2992.1931> <PB=10000000> 
1 bl.dch (4680)...    RCSP exact solver info for graph G_0 : TT = 6.7891, pt = 0.00583, dt = 6.30486, ct = 0.476162, ndl = 349212', bdl = 25251502', odl = 159382', odf = 5944559', bsi = 1444', cnt = 91690257', bdch = 1584233227', odch = 409520576', lcp = 84562931', #sols = 150
<DWph=0> <it= 23> <et=1058.44> <Mt= 0.13> <Spt= 6.81> <nCl= 65> <al=0.23> <DB= 2837.3443> <Mlp= 2992.1555> <PB=10000000> 
1 bl.dch (4728)...    RCSP exact solver info for graph G_0 : TT = 6.35906, pt = 0.005554, dt = 5.88167, ct = 0.469482, ndl = 334231', bdl = 24218050', odl = 155494', odf = 5665060', bsi = 1584', cnt = 78971271', bdch = 1479055536', odch = 361223123', lcp = 75368150', #sols = 150
<DWph=0> <it= 24> <et=1064.87> <Mt= 0.04> <Spt= 6.38> <nCl= 37> <al=0.31> <DB= 2821.6264> <Mlp= 2992.1492> <PB=10000000> 
1 bl.dch (4707)...    RCSP exact solver info for graph G_0 : TT = 6.79726, pt = 0.005431, dt = 6.29296, ct = 0.496531, ndl = 342770', bdl = 24695462', odl = 156929', odf = 5793263', bsi = 1427', cnt = 83994232', bdch = 1548471711', odch = 385685679', lcp = 79631570', #sols = 150
<DWph=0> <it= 25> <et=1071.69> <Mt= 0.01> <Spt= 6.81> <nCl= 10> <al=0.38> <DB= 2935.3575> <Mlp= 2992.1492> <PB=10000000> 
1 bl.dch (4731)...    RCSP exact solver info for graph G_0 : TT = 6.42542, pt = 0.006274, dt = 5.96485, ct = 0.45199, ndl = 333033', bdl = 24075474', odl = 155385', odf = 5630327', bsi = 1428', cnt = 77469683', bdch = 1478687817', odch = 358759894', lcp = 74361642', #sols = 150
<DWph=0> <it= 26> <et=1078.13> <Mt= 0.01> <Spt= 6.44> <nCl= 16> <al=0.28> <DB= 2961.0944> <Mlp= 2992.1492> <PB=10000000> 
1 bl.dch (4738)...    RCSP exact solver info for graph G_0 : TT = 8.6026, pt = 0.005886, dt = 8.12864, ct = 0.465722, ndl = 332615', bdl = 24034598', odl = 154428', odf = 5629094', bsi = 1582', cnt = 77579723', bdch = 1470146321', odch = 357887158', lcp = 74048165', #sols = 150
<DWph=0> <it= 27> <et=1084.63> <Mt= 0.01> <Spt= 6.48> <nCl=  8> <al=0.35> <DB= 2970.2814> <Mlp= 2992.1492> <PB=10000000> 
1 bl.dch (4728)...    RCSP exact solver info for graph G_0 : TT = 6.38988, pt = 0.005464, dt = 5.93794, ct = 0.444071, ndl = 333147', bdl = 24092687', odl = 154967', odf = 5649026', bsi = 1411', cnt = 76245462', bdch = 1478958276', odch = 357216428', lcp = 73695102', #sols = 150
<DWph=0> <it= 28> <et=1091.03> <Mt= 0.01> <Spt= 6.40> <nCl=  5> <al=0.42> <DB= 2983.0477> <Mlp= 2992.1492> <PB=10000000> 
1 bl.dch (4740)...    RCSP exact solver info for graph G_0 : TT = 6.23121, pt = 0.005491, dt = 5.77498, ct = 0.448434, ndl = 331020', bdl = 23952869', odl = 155196', odf = 5598807', bsi = 1465', cnt = 75777048', bdch = 1466886642', odch = 351436639', lcp = 72955038', #sols = 150
<DWph=0> <it= 29> <et=1097.28> <Mt= 0.00> <Spt= 6.24> <nCl= 10> <al=0.32> <DB= 2989.2712> <Mlp= 2992.1492> <PB=10000000> 
1 bl.dch (4743)...    RCSP exact solver info for graph G_0 : TT = 6.24519, pt = 0.005594, dt = 5.78464, ct = 0.452709, ndl = 330776', bdl = 23940797', odl = 155038', odf = 5598547', bsi = 1448', cnt = 75869755', bdch = 1462224665', odch = 351947388', lcp = 73000990', #sols = 150
<DWph=0> <it= 30> <et=1103.55> <Mt= 0.01> <Spt= 6.26> <nCl=  7> <al=0.22> <DB= 2982.4323> <Mlp= 2992.1492> <PB=10000000> 
1 bl.dch (4743)...    RCSP exact solver info for graph G_0 : TT = 6.29083, pt = 0.005524, dt = 5.83193, ct = 0.451014, ndl = 331405', bdl = 23946624', odl = 154472', odf = 5610247', bsi = 1591', cnt = 76535079', bdch = 1460702116', odch = 354568046', lcp = 73452479', #sols = 150
1 bl.dch (4773)...    RCSP exact solver info for graph G_0 : TT = 8.15141, pt = 0.006419, dt = 5.63531, ct = 2.50754, ndl = 326970', bdl = 23700805', odl = 152751', odf = 5514757', bsi = 1453', cnt = 75039879', bdch = 1422076875', odch = 346509340', lcp = 72110317', #sols = 150
<DWph=0> <it= 31> <et=1115.94> <Mt= 0.01> <Spt=12.39> <nCl= 43> <al=0.00> <DB= 2992.1492> <Mlp= 2992.1492> <PB=10000000> 
RCSP solver dynamic params and stats :  bidir.bord. = 375 aver.obdmd = 98.5902 aver.buck.num. = 101 nbR1C = 134 with avMem = 19.9179
@@ 417 0 2992.15 7.19317 9.3985 92.9561 1115.94
    Full reduced cost fixing is not called (gap ratio is 0.999997)
ColGenEvalAlg final dual bound: 2992.15 (rounded: 2993)
Current active cuts : CAP(11,799.498) R1C(19+115,301.475) 1rowPackR1C(19) 3rowPackR1C(50) 4rowPackR1C(31) 5rowPackR1C(34)
7 Rank-1 1-rows pack. cuts added ,  max viol. = 0.176357, aver. viol. = 0.0899861
104 Rank-1 3-rows pack. cuts added ,  max viol. = 0.171075, aver. viol. = 0.0604158
Building structures for heuristic rank-1 packing cut separation...done!
12 Rank-1 4-rows pack. cuts added ,  max viol. = 0.0931312, aver. viol. = 0.0543242
83 Rank-1 5-rows pack. cuts added ,  max viol. = 0.227527, aver. viol. = 0.0513019
Shrinking heuristic shrunk 34 edges
In total 15 RCC cut(s) are found by the global pool greedy search heuristic 
----- Add fac. cuts : CAP(15) R1C(206), max.viol = 0.286776, aver.viol = 0.115161, sep/add took 0.60892/0.648008 sec. -----
17239 columns (7278 active), 668 dyn. constrs. (414 active), 910 art. vars. (656 active)
<DWph=2> <it=  1> <et=1117.56> <Mt= 0.12> <Spt= 0.17> <nCl=  3> <al=0.50> <DB= 2990.4249> <Mlp= 2992.3750> <PB=10000000> 
<DWph=2> <it=  2> <et=1118.41> <Mt= 0.66> <Spt= 0.18> <nCl= 11> <al=0.55> <DB= 2953.0990> <Mlp= 2992.3750> <PB=10000000> 
<DWph=2> <it=  3> <et=1119.16> <Mt= 0.57> <Spt= 0.18> <nCl=  8> <al=0.60> <DB= 2992.2407> <Mlp= 2992.3750> <PB=10000000> 
<DWph=2> <it=  4> <et=1119.93> <Mt= 0.59> <Spt= 0.18> <nCl=  4> <al=0.50> <DB= 2992.3085> <Mlp= 2992.3750> <PB=10000000> 
<DWph=2> <it=  5> <et=1120.69> <Mt= 0.58> <Spt= 0.18> <nCl=  9> <al=0.40> <DB= 2989.6869> <Mlp= 2992.3750> <PB=10000000> 
<DWph=2> <it=  6> <et=1121.38> <Mt= 0.51> <Spt= 0.18> <nCl=  7> <al=0.46> <DB= 2960.0996> <Mlp= 2992.3750> <PB=10000000> 
<DWph=2> <it=  7> <et=1122.19> <Mt= 0.63> <Spt= 0.18> <nCl=  3> <al=0.51> <DB= 2989.0269> <Mlp= 2992.3750> <PB=10000000> 
<DWph=2> <it=  8> <et=1122.38> <Mt= 0.01> <Spt= 0.18> <nCl=  1> <al=0.56> <DB= 2992.3378> <Mlp= 2992.3750> <PB=10000000> 
<DWph=2> <it=  9> <et=1122.74> <Mt= 0.01> <Spt= 0.35> <nCl= 16> <al=0.00> <DB= 2992.3750> <Mlp= 2992.3750> <PB=10000000> 
<DWph=1> <it= 10> <et=1123.06> <Mt= 0.00> <Spt= 0.32> <nCl=  7> <al=0.36> <DB= 2828.3298> <Mlp= 2992.3750> <PB=10000000> 
<DWph=1> <it= 11> <et=1124.01> <Mt= 0.62> <Spt= 0.32> <nCl=  9> <al=0.26> <DB= 2905.9768> <Mlp= 2992.3750> <PB=10000000> 
<DWph=1> <it= 12> <et=1125.22> <Mt= 0.58> <Spt= 0.64> <nCl= 10> <al=0.00> <DB= 2976.0334> <Mlp= 2992.3750> <PB=10000000> 
<DWph=1> <it= 13> <et=1125.85> <Mt= 0.02> <Spt= 0.61> <nCl=  1> <al=0.00> <DB= 2992.3750> <Mlp= 2992.3750> <PB=10000000> 
1 bl.dch (4654)...    RCSP exact solver info for graph G_0 : TT = 7.46205, pt = 0.00504, dt = 6.86848, ct = 0.586338, ndl = 367794', bdl = 26147139', odl = 160074', odf = 6369906', bsi = 1508', cnt = 106169147', bdch = 1692448477', odch = 499982425', lcp = 100027344', #sols = 150
<DWph=0> <it= 14> <et=1133.39> <Mt= 0.01> <Spt= 7.52> <nCl=150> <al=0.13> <DB= 2648.1481> <Mlp= 2992.3750> <PB=10000000> 
1 bl.dch (4667)...    RCSP exact solver info for graph G_0 : TT = 7.53239, pt = 0.005976, dt = 6.95226, ct = 0.571768, ndl = 365124', bdl = 26109273', odl = 162349', odf = 6421286', bsi = 1422', cnt = 101845071', bdch = 1675261649', odch = 490779578', lcp = 98969897', #sols = 150
<DWph=0> <it= 15> <et=1141.77> <Mt= 0.82> <Spt= 7.57> <nCl= 72> <al=0.22> <DB= 2834.3509> <Mlp= 2992.3616> <PB=10000000> 
1 bl.dch (4667)...    RCSP exact solver info for graph G_0 : TT = 9.66424, pt = 0.006331, dt = 9.12703, ct = 0.528824, ndl = 362819', bdl = 26062565', odl = 167879', odf = 6424262', bsi = 1570', cnt = 97415788', bdch = 1677649136', odch = 477279259', lcp = 97682188', #sols = 150
<DWph=0> <it= 16> <et=1149.50> <Mt= 0.10> <Spt= 7.63> <nCl= 92> <al=0.30> <DB= 2872.2315> <Mlp= 2992.3496> <PB=10000000> 
1 bl.dch (4678)...    RCSP exact solver info for graph G_0 : TT = 7.65401, pt = 0.006102, dt = 7.0841, ct = 0.561777, ndl = 360868', bdl = 25960727', odl = 168777', odf = 6399352', bsi = 1421', cnt = 97004246', bdch = 1637893892', odch = 470799466', lcp = 96113080', #sols = 150
<DWph=0> <it= 17> <et=1157.21> <Mt= 0.02> <Spt= 7.69> <nCl=104> <al=0.37> <DB= 2816.6228> <Mlp= 2992.3493> <PB=10000000> 
1 bl.dch (4682)...    RCSP exact solver info for graph G_0 : TT = 7.391, pt = 0.006042, dt = 6.84366, ct = 0.539318, ndl = 358340', bdl = 25769750', odl = 165703', odf = 6311569', bsi = 1340', cnt = 94333949', bdch = 1615341687', odch = 461305307', lcp = 94736590', #sols = 150
<DWph=0> <it= 18> <et=1164.65> <Mt= 0.02> <Spt= 7.41> <nCl= 42> <al=0.43> <DB= 2942.4996> <Mlp= 2992.3493> <PB=10000000> 
1 bl.dch (4682)...    RCSP exact solver info for graph G_0 : TT = 7.39233, pt = 0.006154, dt = 6.84126, ct = 0.542351, ndl = 357983', bdl = 25741188', odl = 166966', odf = 6326047', bsi = 1360', cnt = 93818014', bdch = 1616388461', odch = 460096248', lcp = 94300025', #sols = 150
<DWph=0> <it= 19> <et=1172.07> <Mt= 0.01> <Spt= 7.42> <nCl= 27> <al=0.33> <DB= 2963.1103> <Mlp= 2992.3493> <PB=10000000> 
1 bl.dch (4652)...    RCSP exact solver info for graph G_0 : TT = 7.61665, pt = 0.006333, dt = 7.03477, ct = 0.573431, ndl = 362741', bdl = 26050039', odl = 170901', odf = 6365559', bsi = 1562', cnt = 96614472', bdch = 1685669353', odch = 466681838', lcp = 95386611', #sols = 150
1 bl.dch (4682)...    RCSP exact solver info for graph G_0 : TT = 9.0734, pt = 0.004906, dt = 8.53195, ct = 0.534291, ndl = 357536', bdl = 25684169', odl = 166566', odf = 6292512', bsi = 1402', cnt = 95533752', bdch = 1614594635', odch = 461284327', lcp = 94712328', #sols = 150
<DWph=0> <it= 20> <et=1186.74> <Mt= 0.01> <Spt=14.66> <nCl= 72> <al=0.00> <DB= 2987.1604> <Mlp= 2992.3493> <PB=10000000> 
1 bl.dch (4679)...    RCSP exact solver info for graph G_0 : TT = 7.0167, pt = 0.004997, dt = 6.4992, ct = 0.510509, ndl = 359318', bdl = 25803297', odl = 167816', odf = 6287734', bsi = 1500', cnt = 94787898', bdch = 1640181196', odch = 461454761', lcp = 95047232', #sols = 150
1 bl.dch (4682)...    RCSP exact solver info for graph G_0 : TT = 6.91307, pt = 0.004931, dt = 6.38703, ct = 0.518915, ndl = 356373', bdl = 25613015', odl = 166058', odf = 6269083', bsi = 1324', cnt = 94085360', bdch = 1606080044', odch = 456427585', lcp = 93658394', #sols = 150
<DWph=0> <it= 21> <et=1200.74> <Mt= 0.01> <Spt=13.99> <nCl=136> <al=0.00> <DB= 2992.3493> <Mlp= 2992.3493> <PB=10000000> 
RCSP solver dynamic params and stats :  bidir.bord. = 375 aver.obdmd = 98.5902 aver.buck.num. = 101 nbR1C = 135 with avMem = 18.9333
@@ 417 1 2992.35 7.76372 9.65586 92.9561 1200.74
    Full reduced cost fixing is not called (gap ratio is 0.999997)
ColGenEvalAlg final dual bound: 2992.35 (rounded: 2993)
False gap improvement since the last cut separation : 0.000668681 (2992.15)
Cut generation tailing off counter increased to 1
Current active cuts : CAP(18,842.269) R1C(21+114,316.059) 1rowPackR1C(21) 3rowPackR1C(57) 4rowPackR1C(31) 5rowPackR1C(26)
49 Rank-1 3-rows pack. cuts added ,  max viol. = 0.188078, aver. viol. = 0.0609465
Building structures for heuristic rank-1 packing cut separation...done!
16 Rank-1 4-rows pack. cuts added ,  max viol. = 0.172248, aver. viol. = 0.0544242
100 Rank-1 5-rows pack. cuts added ,  max viol. = 0.2209, aver. viol. = 0.0981892
Shrinking heuristic shrunk 32 edges
In total 7 RCC cut(s) are found by the global pool greedy search heuristic 
----- Add fac. cuts : CAP(7) R1C(165), max.viol = 0.279485, aver.viol = 0.116428, sep/add took 0.609422/0.616521 sec. -----
18023 columns (8062 active), 840 dyn. constrs. (375 active), 1082 art. vars. (617 active)
<DWph=2> <it=  1> <et=1202.35> <Mt= 0.14> <Spt= 0.17> <nCl=  5> <al=0.50> <DB= 2988.9826> <Mlp= 2992.4146> <PB=10000000> 
<DWph=2> <it=  2> <et=1202.87> <Mt= 0.02> <Spt= 0.49> <nCl= 19> <al=0.00> <DB= 2991.5068> <Mlp= 2992.4125> <PB=10000000> 
<DWph=2> <it=  3> <et=1203.04> <Mt= 0.01> <Spt= 0.16> <nCl=  3> <al=0.45> <DB= 2965.5620> <Mlp= 2992.4125> <PB=10000000> 
<DWph=2> <it=  4> <et=1203.56> <Mt= 0.01> <Spt= 0.50> <nCl=  6> <al=0.00> <DB= 2992.4125> <Mlp= 2992.4125> <PB=10000000> 
<DWph=1> <it=  5> <et=1204.18> <Mt= 0.01> <Spt= 0.62> <nCl=  3> <al=0.00> <DB= 2992.4125> <Mlp= 2992.4125> <PB=10000000> 
1 bl.dch (4649)...    RCSP exact solver info for graph G_0 : TT = 7.22816, pt = 0.005161, dt = 6.68884, ct = 0.531843, ndl = 362117', bdl = 25970016', odl = 166848', odf = 6342125', bsi = 1465', cnt = 96585183', bdch = 1683245464', odch = 452613074', lcp = 93038795', #sols = 150
<DWph=0> <it=  6> <et=1211.45> <Mt= 0.01> <Spt= 7.26> <nCl= 87> <al=0.31> <DB= 2775.2741> <Mlp= 2992.4125> <PB=10000000> 
1 bl.dch (4681)...    RCSP exact solver info for graph G_0 : TT = 9.19996, pt = 0.005287, dt = 8.66463, ct = 0.527798, ndl = 354924', bdl = 25454754', odl = 164890', odf = 6207593', bsi = 1396', cnt = 91983585', bdch = 1611319714', odch = 436125930', lcp = 89620460', #sols = 150
<DWph=0> <it=  7> <et=1218.63> <Mt= 0.03> <Spt= 7.15> <nCl= 33> <al=0.37> <DB= 2911.0893> <Mlp= 2992.4047> <PB=10000000> 
1 bl.dch (4676)...    RCSP exact solver info for graph G_0 : TT = 7.0697, pt = 0.005945, dt = 6.55315, ct = 0.508287, ndl = 356734', bdl = 25668068', odl = 161310', odf = 6178716', bsi = 1546', cnt = 91157600', bdch = 1630548139', odch = 440207005', lcp = 90231594', #sols = 150
<DWph=0> <it=  8> <et=1225.74> <Mt= 0.03> <Spt= 7.08> <nCl=  7> <al=0.27> <DB= 2970.0829> <Mlp= 2992.4038> <PB=10000000> 
1 bl.dch (4696)...    RCSP exact solver info for graph G_0 : TT = 6.82398, pt = 0.005698, dt = 6.31589, ct = 0.500152, ndl = 348660', bdl = 25112728', odl = 159470', odf = 6035444', bsi = 1646', cnt = 87197232', bdch = 1569967330', odch = 418793222', lcp = 86197833', #sols = 150
<DWph=0> <it=  9> <et=1232.59> <Mt= 0.01> <Spt= 6.83> <nCl= 14> <al=0.17> <DB= 2971.5293> <Mlp= 2992.4038> <PB=10000000> 
1 bl.dch (4679)...    RCSP exact solver info for graph G_0 : TT = 7.10039, pt = 0.005842, dt = 6.5798, ct = 0.512281, ndl = 354119', bdl = 25502397', odl = 161079', odf = 6120506', bsi = 1305', cnt = 88184136', bdch = 1619716032', odch = 431319071', lcp = 87874369', #sols = 150
1 bl.dch (4648)...    RCSP exact solver info for graph G_0 : TT = 9.35084, pt = 0.005379, dt = 8.82045, ct = 0.522953, ndl = 359695', bdl = 25915059', odl = 162764', odf = 6201222', bsi = 1355', cnt = 91431349', bdch = 1671207608', odch = 446311774', lcp = 91143905', #sols = 150
<DWph=0> <it= 10> <et=1247.01> <Mt= 0.01> <Spt=14.42> <nCl= 77> <al=0.00> <DB= 2992.4038> <Mlp= 2992.4038> <PB=10000000> 
RCSP solver dynamic params and stats :  bidir.bord. = 375 aver.obdmd = 98.5902 aver.buck.num. = 101 nbR1C = 141 with avMem = 20.0851
@@ 417 2 2992.4 7.78768 9.34341 92.9561 1247.01
    Full reduced cost fixing is not called (gap ratio is 0.999997)
ColGenEvalAlg final dual bound: 2992.4 (rounded: 2993)
False gap improvement since the last cut separation : 0.000182065 (2992.35)
Cut generation tailing off counter increased to 2
Current active cuts : CAP(18,919.143) R1C(20+121,307.407) 1rowPackR1C(20) 3rowPackR1C(57) 4rowPackR1C(33) 5rowPackR1C(31)
20 Rank-1 3-rows pack. cuts added ,  max viol. = 0.0611658, aver. viol. = 0.0349603
Building structures for heuristic rank-1 packing cut separation...done!
16 Rank-1 4-rows pack. cuts added ,  max viol. = 0.106264, aver. viol. = 0.0483725
100 Rank-1 5-rows pack. cuts added ,  max viol. = 0.12308, aver. viol. = 0.0443796
Shrinking heuristic shrunk 30 edges
In total 7 RCC cut(s) are found by the global pool greedy search heuristic 
----- Add fac. cuts : CAP(7) R1C(136), max.viol = 0.128164, aver.viol = 0.0543847, sep/add took 0.683308/0.571637 sec. -----
18277 columns (8316 active), 791 dyn. constrs. (350 active), 1225 art. vars. (592 active)
<DWph=2> <it=  1> <et=1248.68> <Mt= 0.13> <Spt= 0.17> <nCl=  2> <al=0.50> <DB= 2992.4624> <Mlp= 2992.5211> <PB=10000000> 
<DWph=2> <it=  2> <et=1248.87> <Mt= 0.01> <Spt= 0.18> <nCl=  3> <al=0.40> <DB= 2982.6780> <Mlp= 2992.5210> <PB=10000000> 
<DWph=2> <it=  3> <et=1249.07> <Mt= 0.02> <Spt= 0.18> <nCl=  4> <al=0.46> <DB= 2966.0102> <Mlp= 2992.5206> <PB=10000000> 
<DWph=2> <it=  4> <et=1249.54> <Mt= 0.10> <Spt= 0.37> <nCl=  7> <al=0.03> <DB= 2920.5372> <Mlp= 2992.5173> <PB=10000000> 
<DWph=2> <it=  5> <et=1249.75> <Mt= 0.02> <Spt= 0.19> <nCl=  3> <al=0.41> <DB= 2970.8917> <Mlp= 2992.5171> <PB=10000000> 
<DWph=2> <it=  6> <et=1250.13> <Mt= 0.01> <Spt= 0.37> <nCl=  8> <al=0.00> <DB= 2992.5171> <Mlp= 2992.5171> <PB=10000000> 
<DWph=1> <it=  7> <et=1250.48> <Mt= 0.01> <Spt= 0.34> <nCl=  8> <al=0.21> <DB= 2744.3363> <Mlp= 2992.5171> <PB=10000000> 
<DWph=1> <it=  8> <et=1250.84> <Mt= 0.03> <Spt= 0.33> <nCl= 11> <al=0.11> <DB= 2916.2741> <Mlp= 2992.5167> <PB=10000000> 
<DWph=1> <it=  9> <et=1251.52> <Mt= 0.01> <Spt= 0.66> <nCl=  1> <al=0.00> <DB= 2985.1710> <Mlp= 2992.5167> <PB=10000000> 
<DWph=1> <it= 10> <et=1252.19> <Mt= 0.02> <Spt= 0.66> <nCl=  6> <al=0.00> <DB= 2992.5167> <Mlp= 2992.5167> <PB=10000000> 
1 bl.dch (4531)...    RCSP exact solver info for graph G_0 : TT = 7.79021, pt = 0.005467, dt = 7.19698, ct = 0.58527, ndl = 382992', bdl = 27095696', odl = 174974', odf = 6734814', bsi = 1478', cnt = 104029091', bdch = 1876127430', odch = 502083263', lcp = 102461764', #sols = 150
<DWph=0> <it= 11> <et=1260.03> <Mt= 0.01> <Spt= 7.83> <nCl=101> <al=0.00> <DB= 2745.9569> <Mlp= 2992.5167> <PB=10000000> 
1 bl.dch (4539)...RCSP solver dynamic params and stats :  bidir.bord. = 375 aver.obdmd = 98.5902 aver.buck.num. = 101 nbR1C = 138 with avMem = 20.7609
@@ 417 3 2992.4 7.78225 7.78225 92.9561 1266.01
ColGenEvalAlg final dual bound: 2992.4 (rounded: 2993)
----- Column generation is interrupted by the pricing solver, we do rollback to the point before the latest cut generation round
Current active cuts : CAP(18,919.143) R1C(20+121,307.407) 1rowPackR1C(20) 3rowPackR1C(57) 4rowPackR1C(33) 5rowPackR1C(31)
SB exact phase 3 branch on var x[(37, 74)]_0_3727_0_OspV (lhs=0.20272) : [2996.7541, 2992.4038], tree depth = 1e+12, tree size = 1e+12, score = -0.4508 (h)
SB with phases chosed candidate var x[(37, 74)]_0_3727_0_OspV (lhs=0.20272)
************************************************************************************************
**** BaB tree node (N° 5, parent N° 3, depth 2, treatOrderId 417)
**** Local DB = 2992.4, global bounds : [ 2993 , 1e+07 ], TIME = 0h21m6s14t = 126614
**** 3 open nodes, 18431 columns (8470 active), 627 dyn. constrs. (350 active), 869 art. vars. (592 active)
************************************************************************************************
**** Strong branching phase 1 is started *****
SB phase 1 cand.  1 branch on Psi[1,3] (lhs=0.9995)                       : [ 2992.4049, 6003044.3383], score = 6624.38 (h)  <et=1267.88>
SB phase 1 cand.  2 branch on colGenSp (8.9786)                           : [ 2992.4038,  2992.6379], score = 0.00      <et=1268.86>
SB phase 1 cand.  3 branch on Psi[1,4] (lhs=1.0005)                       : [ 2992.4049, 6003044.3383], score = 6624.48 (h)  <et=1269.23>
SB phase 1 cand.  4 branch on omega[3] (lhs=23.9654)                      : [ 2992.4038,  2992.4038], score = 0.00      <et=1269.31>
SB phase 1 cand.  5 branch on var x[(14, 32)]_0_1500_0_OspV (lhs=0.3292)  : [ 2992.9027,  2994.0000], score = 0.80 (h)  <et=1269.64>
SB phase 1 cand.  6 branch on omega[4] (lhs=2.0093)                       : [ 2992.4182,  3002.0404], score = 0.14      <et=1269.96>
SB phase 1 cand.  7 branch on var x[(41, 101)]_0_4080_0_OspV (lhs=0.7672) : [ 2992.5000,  2995.0025], score = 0.25 (h)  <et=1270.21>
SB phase 1 cand.  8 branch on Psi[3,4] (lhs=1.0088)                       : [ 2992.4152,  3002.1953], score = 0.11      <et=1270.5>
SB phase 1 cand.  9 branch on var x[(66, 96)]_0_5750_0_OspV (lhs=0.6909)  : [ 2992.8000,  2993.4141], score = 0.40 (h)  <et=1270.73>
SB phase 1 cand. 10 branch on var x[(0, 77)]_0_6270_0_OspV (lhs=0.5410)   : [ 2992.7574,  2993.0505], score = 0.23      <et=1271.01>
SB phase 1 cand. 11 branch on var x[(12, 96)]_0_1349_0_OspV (lhs=0.7604)  : [ 2992.5000,  2994.9041], score = 0.24 (h)  <et=1271.23>
SB phase 1 cand. 12 branch on var x[(0, 120)]_0_7259_0_OspV (lhs=0.5433)  : [ 2992.6857,  2993.2136], score = 0.23      <et=1271.51>
SB phase 1 cand. 13 branch on var x[(41, 114)]_0_4093_0_OspV (lhs=0.8808) : [ 2992.5000,  2996.3862], score = 0.38 (h)  <et=1271.78>
SB phase 1 cand. 14 branch on var x[(0, 72)]_0_6035_0_OspV (lhs=0.4513)   : [ 2992.6581,  2993.7631], score = 0.35      <et=1272.05>
SB phase 1 cand. 15 branch on var x[(93, 99)]_0_6860_0_OspV (lhs=0.8164)  : [ 2992.5000,  2996.9434], score = 0.44 (h)  <et=1272.29>
SB phase 1 cand. 16 branch on var x[(38, 77)]_0_3813_0_OspV (lhs=0.4474)  : [ 2992.5785,  2992.6807], score = 0.05      <et=1272.51>
SB phase 1 cand. 17 branch on var x[(30, 120)]_0_3164_0_OspV (lhs=0.8016) : [ 2992.5000,  2996.7278], score = 0.42 (h)  <et=1272.8>
SB phase 1 cand. 18 branch on var x[(13, 77)]_0_1438_0_OspV (lhs=0.5697)  : [ 2992.8612,  2992.9562], score = 0.25      <et=1273.1>
SB phase 1 cand. 19 branch on var x[(101, 116)]_0_7065_0_OspV (lhs=0.8057): [ 2992.5000,  2996.6247], score = 0.41 (h)  <et=1273.36>
SB phase 1 cand. 20 branch on var x[(0, 32)]_0_3255_0_OspV (lhs=0.3466)   : [ 2992.6724,  2994.0000], score = 0.43      <et=1273.62>
SB phase 1 cand. 21 branch on var x[(41, 96)]_0_4075_0_OspV (lhs=0.2113)  : [ 2992.5000,  2995.6579], score = 0.31 (h)  <et=1273.89>
SB phase 1 cand. 22 branch on var x[(13, 113)]_0_1474_0_OspV (lhs=0.3347) : [ 2992.6681,  2992.7734], score = 0.10      <et=1274.18>
SB phase 1 cand. 23 branch on var x[(53, 59)]_0_4920_0_OspV (lhs=0.8544)  : [ 2992.5000,  2996.1220], score = 0.36 (h)  <et=1274.47>
SB phase 1 cand. 24 branch on var x[(0, 118)]_0_7254_0_OspV (lhs=0.3275)  : [ 2992.4964,  2993.9563], score = 0.14      <et=1274.76>
SB phase 1 cand. 25 branch on var x[(99, 120)]_0_7028_0_OspV (lhs=0.1832) : [ 2992.5000,  2997.0333], score = 0.45 (h)  <et=1274.99>
SB phase 1 cand. 26 branch on var x[(0, 107)]_0_7155_0_OspV (lhs=0.6745)  : [ 2992.5124,  2993.4748], score = 0.12      <et=1275.24>
SB phase 1 cand. 27 branch on var x[(43, 78)]_0_4214_0_OspV (lhs=0.2724)  : [ 2992.5000,  2994.8505], score = 0.24 (h)  <et=1275.46>
SB phase 1 cand. 28 branch on var x[(72, 107)]_0_6070_0_OspV (lhs=0.3248) : [ 2992.5220,  2993.2377], score = 0.10      <et=1275.7>
SB phase 1 cand. 29 branch on var x[(12, 101)]_0_1354_0_OspV (lhs=0.1746) : [ 2992.5000,  2995.8820], score = 0.33 (h)  <et=1275.97>
SB phase 1 cand. 30 branch on var x[(107, 120)]_0_7168_0_OspV (lhs=0.2935): [ 2992.4919,  2994.0392], score = 0.14      <et=1276.22>
SB phase 1 cand. 31 branch on var x[(16, 38)]_0_1717_0_OspV (lhs=0.6828)  : [ 2992.8335,  2993.7351], score = 0.57 (h)  <et=1276.58>
SB phase 1 cand. 32 branch on var x[(0, 113)]_0_7224_0_OspV (lhs=0.7075)  : [ 2992.4822,  2992.5195], score = 0.01      <et=1276.74>
SB phase 1 cand. 33 branch on var x[(63, 103)]_0_5589_0_OspV (lhs=0.5711) : [ 2992.8333,  2993.6448], score = 0.53 (h)  <et=1276.98>
SB phase 1 cand. 34 branch on var x[(33, 38)]_0_3349_0_OspV (lhs=0.7086)  : [ 2992.5623,  2992.6667], score = 0.04      <et=1277.15>
SB phase 1 cand. 35 branch on var x[(58, 106)]_0_5292_0_OspV (lhs=0.5555) : [ 2992.8333,  2993.4915], score = 0.47 (h)  <et=1277.39>
SB phase 1 cand. 36 branch on var x[(107, 113)]_0_7161_0_OspV (lhs=0.2739): [ 2992.4271,  2993.8987], score = 0.03      <et=1277.66>
SB phase 1 cand. 37 branch on var x[(22, 60)]_0_2348_0_OspV (lhs=0.8502)  : [ 2992.4921,  2995.9163], score = 0.31 (h)  <et=1277.97>
SB phase 1 cand. 38 branch on var x[(77, 104)]_0_6297_0_OspV (lhs=0.2678) : [ 2992.4853,  2994.0622], score = 0.14      <et=1278.25>
SB phase 1 cand. 39 branch on var x[(60, 67)]_0_5376_0_OspV (lhs=0.1498)  : [ 2992.4921,  2995.9163], score = 0.31 (h)  <et=1278.55>
SB phase 1 cand. 40 branch on var x[(32, 103)]_0_3326_0_OspV (lhs=0.2672) : [ 2992.5881,  2993.6889], score = 0.24      <et=1278.84>
SB phase 1 cand. 41 branch on var x[(58, 103)]_0_5289_0_OspV (lhs=0.3636) : [ 2992.7775,  2993.9689], score = 0.58 (h)  <et=1279.16>
SB phase 1 cand. 42 branch on var x[(0, 13)]_0_1374_0_OspV (lhs=0.2351)   : [ 2992.4561,  2993.6523], score = 0.07      <et=1279.4>
SB phase 1 cand. 43 branch on var x[(43, 106)]_0_4242_0_OspV (lhs=0.2237) : [ 2992.4701,  2996.0000], score = 0.24 (h)  <et=1279.65>
SB phase 1 cand. 44 branch on var x[(13, 104)]_0_1465_0_OspV (lhs=0.2193) : [ 2992.4796,  2995.4959], score = 0.23      <et=1279.94>
SB phase 1 cand. 45 branch on var x[(0, 16)]_0_1695_0_OspV (lhs=0.3060)   : [ 2992.6739,  2993.9501], score = 0.42 (h)  <et=1280.24>
SB phase 1 cand. 46 branch on var x[(0, 47)]_0_4485_0_OspV (lhs=0.2177)   : [ 2992.4038,  2992.4038], score = 0.00      <et=1280.27>
SB phase 1 cand. 47 branch on var x[(103, 106)]_0_7092_0_OspV (lhs=0.2595): [ 2992.5000,  2994.1147], score = 0.16 (h)  <et=1280.48>
SB phase 1 cand. 48 branch on var x[(0, 37)]_0_3690_0_OspV (lhs=0.7830)   : [ 2992.7778,  2993.5000], score = 0.41      <et=1280.72>
SB phase 1 cand. 49 branch on var x[(14, 61)]_0_1529_0_OspV (lhs=0.4020)  : [ 2992.5000,  2994.1759], score = 0.17 (h)  <et=1280.94>
SB phase 1 cand. 50 branch on var x[(60, 84)]_0_5393_0_OspV (lhs=0.2133)  : [ 2992.6112,  2996.4900], score = 0.85      <et=1281.24>
SB phase 1 cand. 51 branch on var x[(0, 14)]_0_1482_0_OspV (lhs=0.5051)   : [ 2992.5000,  2993.8269], score = 0.14 (h)  <et=1281.45>
SB phase 1 cand. 52 branch on var x[(44, 47)]_0_4260_0_OspV (lhs=0.7897)  : [ 2992.4038,  2992.4038], score = 0.00      <et=1281.48>
SB phase 1 cand. 53 branch on var x[(13, 66)]_0_1427_0_OspV (lhs=0.3528)  : [ 2992.7647,  2993.5346], score = 0.41 (h)  <et=1281.71>
SB phase 1 cand. 54 branch on var x[(14, 107)]_0_1575_0_OspV (lhs=0.1845) : [ 2992.4319,  2994.5000], score = 0.06      <et=1281.91>
SB phase 1 cand. 55 branch on var x[(0, 96)]_0_6935_0_OspV (lhs=0.2025)   : [ 2992.6806,  2993.5000], score = 0.30 (h)  <et=1282.16>
SB phase 1 cand. 56 branch on var x[(63, 106)]_0_5592_0_OspV (lhs=0.1802) : [ 2992.4816,  2994.5000], score = 0.16      <et=1282.38>
SB phase 1 cand. 57 branch on var x[(0, 22)]_0_2310_0_OspV (lhs=0.1471)   : [ 2992.4768,  2996.0000], score = 0.26 (h)  <et=1282.6>
SB phase 1 cand. 58 branch on var x[(0, 106)]_0_7140_0_OspV (lhs=0.1707)  : [ 2992.4734,  2994.5000], score = 0.15      <et=1282.83>
SB phase 1 cand. 59 branch on var x[(60, 79)]_0_5388_0_OspV (lhs=0.1479)  : [ 2992.4781,  2996.0000], score = 0.27 (h)  <et=1283.08>
SB phase 1 cand. 60 branch on var x[(72, 80)]_0_6043_0_OspV (lhs=0.8297)  : [ 2992.6237,  2994.3214], score = 0.42      <et=1283.39>
SB phase 1 cand. 61 branch on var x[(0, 66)]_0_5720_0_OspV (lhs=0.6472)   : [ 2992.6631,  2993.5124], score = 0.29 (h)  <et=1283.68>
SB phase 1 cand. 62 branch on var x[(43, 83)]_0_4219_0_OspV (lhs=0.1690)  : [ 2992.4687,  2997.9137], score = 0.36      <et=1283.99>
SB phase 1 cand. 63 branch on var x[(67, 79)]_0_5787_0_OspV (lhs=0.8441)  : [ 2992.4956,  2994.9960], score = 0.24 (h)  <et=1284.27>
SB phase 1 cand. 64 branch on var x[(13, 14)]_0_1375_0_OspV (lhs=0.1677)  : [ 2992.4188,  2996.0000], score = 0.05      <et=1284.43>
SB phase 1 cand. 65 branch on var x[(83, 119)]_0_6555_0_OspV (lhs=0.5819) : [ 2993.0000,  2993.1903], score = 0.47 (h)  <et=1284.69>
SB phase 1 cand. 66 branch on var x[(0, 43)]_0_4179_0_OspV (lhs=0.1669)   : [ 2992.4775,  2996.0000], score = 0.27      <et=1284.94>
SB phase 1 cand. 67 branch on var x[(0, 60)]_0_5369_0_OspV (lhs=0.4720)   : [ 2992.9596,  2993.3640], score = 0.53 (h)  <et=1285.24>
SB phase 1 cand. 68 branch on var x[(0, 83)]_0_6519_0_OspV (lhs=0.1622)   : [ 2992.5542,  2995.0000], score = 0.39      <et=1285.49>
SB phase 1 cand. 69 branch on var x[(0, 103)]_0_7089_0_OspV (lhs=0.4680)  : [ 2992.8333,  2993.1392], score = 0.32 (h)  <et=1285.7>
SB phase 1 cand. 70 branch on var x[(0, 80)]_0_6399_0_OspV (lhs=0.1603)   : [ 2992.5431,  2994.9762], score = 0.36      <et=1286.01>
SB phase 1 cand. 71 branch on var x[(43, 118)]_0_4254_0_OspV (lhs=0.6526) : [ 2992.5000,  2993.9251], score = 0.15 (h)  <et=1286.25>
SB phase 1 cand. 72 branch on var x[(32, 63)]_0_3286_0_OspV (lhs=0.1547)  : [ 2992.4314,  2995.5000], score = 0.09      <et=1286.46>
SB phase 1 cand. 73 branch on var x[(12, 41)]_0_1294_0_OspV (lhs=0.0867)  : [ 2992.4918,  2996.6944], score = 0.38 (h)  <et=1286.76>
SB phase 1 cand. 74 branch on var x[(33, 77)]_0_3388_0_OspV (lhs=0.1537)  : [ 2992.4455,  2993.6878], score = 0.05      <et=1287.02>
SB phase 1 cand. 75 branch on var x[(0, 59)]_0_5307_0_OspV (lhs=0.0555)   : [ 2992.5000,  2996.6285], score = 0.41 (h)  <et=1287.32>
SB phase 1 cand. 76 branch on var x[(14, 43)]_0_1511_0_OspV (lhs=0.1506)  : [ 2992.5059,  2994.0000], score = 0.16      <et=1287.49>
SB phase 1 cand. 77 branch on var x[(32, 118)]_0_3341_0_OspV (lhs=0.2341) : [ 2992.5000,  2994.7452], score = 0.23 (h)  <et=1287.75>
SB phase 1 cand. 78 branch on var x[(0, 38)]_0_3774_0_OspV (lhs=0.1492)   : [ 2992.4808,  2993.0378], score = 0.05      <et=1287.98>
SB phase 1 cand. 79 branch on var x[(78, 83)]_0_6319_0_OspV (lhs=0.7088)  : [ 2992.7318,  2995.0000], score = 0.85 (h)  <et=1288.21>
SB phase 1 cand. 80 branch on var x[(113, 119)]_0_7230_0_OspV (lhs=0.1394): [ 2992.4553,  2993.6995], score = 0.07      <et=1288.46>
SB phase 1 cand. 81 branch on var x[(80, 83)]_0_6402_0_OspV (lhs=0.2481)  : [ 2992.6250,  2993.8016], score = 0.31 (h)  <et=1288.71>
SB phase 1 cand. 82 branch on var x[(44, 113)]_0_4326_0_OspV (lhs=0.1327) : [ 2992.4038,  2992.6381], score = 0.00      <et=1288.84>
SB phase 1 cand. 83 branch on var x[(61, 118)]_0_5487_0_OspV (lhs=0.6254) : [ 2992.5000,  2993.6406], score = 0.12 (h)  <et=1289.04>
SB phase 1 cand. 84 branch on var x[(43, 72)]_0_4208_0_OspV (lhs=0.1308)  : [ 2992.5468,  3002.4508], score = 1.44      <et=1289.37>
SB phase 1 cand. 85 branch on var x[(32, 106)]_0_3329_0_OspV (lhs=0.5420) : [ 2992.7143,  2993.4273], score = 0.32 (h)  <et=1289.64>
SB phase 1 cand. 86 branch on var x[(60, 83)]_0_5392_0_OspV (lhs=0.1221)  : [ 2992.5000,  2995.0000], score = 0.25      <et=1289.77>
SB phase 1 cand. 87 branch on var x[(66, 113)]_0_5767_0_OspV (lhs=0.2602) : [ 2992.5952,  2994.3710], score = 0.38 (h)  <et=1290.05>
SB phase 1 cand. 88 branch on var x[(0, 111)]_0_7205_0_OspV (lhs=0.1146)  : [ 2992.5000,  2998.5136], score = 0.59      <et=1290.33>
SB phase 1 cand. 89 branch on var x[(78, 80)]_0_6316_0_OspV (lhs=0.7068)  : [ 2992.8269,  2993.3473], score = 0.40 (h)  <et=1290.61>
SB phase 1 cand. 90 branch on var x[(72, 119)]_0_6082_0_OspV (lhs=0.1131) : [ 2992.4777,  2993.9358], score = 0.11      <et=1290.86>
SB phase 1 cand. 91 branch on var x[(78, 79)]_0_6315_0_OspV (lhs=0.2152)  : [ 2992.5282,  2997.3211], score = 0.61 (h)  <et=1291.16>
SB phase 1 cand. 92 branch on var x[(72, 113)]_0_6076_0_OspV (lhs=0.1108) : [ 2992.4163,  2995.5000], score = 0.04      <et=1291.39>
SB phase 1 cand. 93 branch on var x[(59, 111)]_0_5359_0_OspV (lhs=0.8722) : [ 2992.5000,  2996.9566], score = 0.44 (h)  <et=1291.65>
SB phase 1 cand. 94 branch on var x[(30, 116)]_0_3160_0_OspV (lhs=0.1036) : [ 2992.5000,  2999.7247], score = 0.70      <et=1291.94>
SB phase 1 cand. 95 branch on var x[(11, 111)]_0_1255_0_OspV (lhs=0.9366) : [ 2992.5000,  2997.0428], score = 0.45 (h)  <et=1292.23>
SB phase 1 cand. 96 branch on var x[(69, 81)]_0_5894_0_OspV (lhs=0.9014)  : [ 2992.5000,  2997.4118], score = 0.48      <et=1292.5>
SB phase 1 cand. 97 branch on var x[(0, 104)]_0_7107_0_OspV (lhs=0.4709)  : [ 2992.6299,  2993.2316], score = 0.19 (h)  <et=1292.79>
SB phase 1 cand. 98 branch on var x[(30, 31)]_0_3075_0_OspV (lhs=0.0978)  : [ 2992.5000,  2999.1356], score = 0.65      <et=1293.1>
SB phase 1 cand. 99 branch on var x[(79, 84)]_0_6362_0_OspV (lhs=0.7799)  : [ 2992.6137,  2996.0443], score = 0.76 (h)  <et=1293.45>
SB phase 1 cand. 100 branch on var x[(94, 99)]_0_6887_0_OspV (lhs=0.9027)  : [ 2992.5000,  2999.4038], score = 0.67      <et=1293.72>
**** Strong branching phase 2 is started *****
#######BaPCod info: Cplex status is 'Optimal solution found, unscaled infeasibilities'
BaPCod info: Cplex status is 'Optimal solution found, unscaled infeasibilities'
BaPCod info: Cplex status is 'Optimal solution found, unscaled infeasibilities'
<DWph=1> <it= 81> <et=1317.00> <Mt= 2.76> <Spt=20.46> <nCl=1177> <al=0.00> <DB= 3048.4602> <Mlp= 3048.4602> <PB=10000000> 
<DWph=1> <it=  2> <et=1318.90> <Mt= 0.01> <Spt= 1.26> <nCl=  7> <al=0.00> <DB= 2992.4049> <Mlp= 2992.4049> <PB=10000000> 
SB phase 2 cand.  1 branch on Psi[1,4] (lhs=1.0005)                     : [ 2992.4049,  3048.4602], score = 0.06 (h)  <et=1318.97>
#######<DWph=1> <it= 80> <et=1343.50> <Mt= 2.64> <Spt=21.48> <nCl=1254> <al=0.00> <DB= 3048.5824> <Mlp= 3048.5824> <PB=10000000> 
BaPCod info: Cplex status is 'Optimal solution found, unscaled infeasibilities'
<DWph=1> <it= 16> <et=1350.06> <Mt= 0.16> <Spt= 5.91> <nCl=300> <al=0.00> <DB= 2992.4049> <Mlp= 2992.4049> <PB=10000000> 
SB phase 2 cand.  2 branch on Psi[1,3] (lhs=0.9995)                     : [ 2992.4049,  3048.5824], score = 0.06 (h)  <et=1350.13>
Shrinking heuristic shrunk 111 edges
<DWph=1> <it= 26> <et=1363.81> <Mt= 2.40> <Spt=10.87> <nCl=220> <al=0.00> <DB= 2994.0000> <Mlp= 2994.0000> <PB=2994> 
<DWph=1> <it=  6> <et=1367.72> <Mt= 0.06> <Spt= 3.29> <nCl= 24> <al=0.00> <DB= 2992.5466> <Mlp= 2992.5466> <PB=2994> 
SB phase 2 cand.  3 branch on var x[(43, 72)]_0_4208_0_OspV (lhs=0.1308): [ 2992.5466,  2994.0000], score = 0.23      <et=1367.8>
**** Strong branching phase 3 is started *****
**** SB phase 3 evaluation of candidate 1, branch 1 ( x[(43, 72)]_0_4208_0_OspV >= 1 ), value = 2994
<DWph=2> <it=  1> <et=1368.51> <Mt= 0.01> <Spt= 0.25> <nCl=  3> <al=0.50> <DB= 2876.8680> <Mlp= 2994.0000> <PB=2994> 
<DWph=2> <it=  2> <et=1369.00> <Mt= 0.02> <Spt= 0.47> <nCl=  2> <al=0.00> <DB= 2994.0000> <Mlp= 2994.0000> <PB=2994> 
<DWph=1> <it=  3> <et=1369.44> <Mt= 0.00> <Spt= 0.43> <nCl=  4> <al=0.30> <DB= 2970.5161> <Mlp= 2994.0000> <PB=2994> 
<DWph=1> <it=  4> <et=1369.92> <Mt= 0.02> <Spt= 0.47> <nCl=  7> <al=0.37> <DB= 2858.5717> <Mlp= 2994.0000> <PB=2994> 
<DWph=1> <it=  5> <et=1370.39> <Mt= 0.01> <Spt= 0.46> <nCl=  7> <al=0.43> <DB= 2835.7637> <Mlp= 2994.0000> <PB=2994> 
<DWph=1> <it=  6> <et=1370.86> <Mt= 0.01> <Spt= 0.45> <nCl=  6> <al=0.49> <DB= 2982.4999> <Mlp= 2994.0000> <PB=2994> 
<DWph=1> <it=  7> <et=1371.31> <Mt= 0.01> <Spt= 0.45> <nCl=  1> <al=0.39> <DB= 2887.9092> <Mlp= 2994.0000> <PB=2994> 
<DWph=1> <it=  8> <et=1371.76> <Mt= 0.02> <Spt= 0.43> <nCl=  4> <al=0.29> <DB= 2991.6072> <Mlp= 2994.0000> <PB=2994> 
<DWph=1> <it=  9> <et=1372.17> <Mt= 0.00> <Spt= 0.40> <nCl=  6> <al=0.36> <DB= 2971.3524> <Mlp= 2994.0000> <PB=2994> 
<DWph=1> <it= 10> <et=1372.95> <Mt= 0.01> <Spt= 0.77> <nCl=  4> <al=0.00> <DB= 2930.9383> <Mlp= 2994.0000> <PB=2994> 
<DWph=1> <it= 11> <et=1373.71> <Mt= 0.01> <Spt= 0.76> <nCl=  7> <al=0.00> <DB= 2991.1207> <Mlp= 2994.0000> <PB=2994> 
<DWph=1> <it= 12> <et=1374.11> <Mt= 0.01> <Spt= 0.39> <nCl=  4> <al=0.22> <DB= 2992.5616> <Mlp= 2994.0000> <PB=2994> 
<DWph=1> <it= 13> <et=1374.88> <Mt= 0.01> <Spt= 0.75> <nCl=  5> <al=0.00> <DB= 2993.5101> <Mlp= 2994.0000> <PB=2994> 
<DWph=1> <it= 14> <et=1375.61> <Mt= 0.00> <Spt= 0.73> <nCl=  1> <al=0.00> <DB= 2994.0000> <Mlp= 2994.0000> <PB=2994> 
1 bl.dch (4596)...    RCSP exact solver info for graph G_0 : TT = 7.55061, pt = 0.004549, dt = 6.9683, ct = 0.575014, ndl = 369645', bdl = 26716248', odl = 155857', odf = 6146526', bsi = 1708', cnt = 103797085', bdch = 1757678816', odch = 471794392', lcp = 96874096', #sols = 150
<DWph=0> <it= 15> <et=1383.22> <Mt= 0.01> <Spt= 7.61> <nCl=150> <al=0.00> <DB= 2600.8274> <Mlp= 2994.0000> <PB=2994> 
1 bl.dch (4640)...    RCSP exact solver info for graph G_0 : TT = 10.1623, pt = 0.006196, dt = 9.56028, ct = 0.592494, ndl = 357636', bdl = 26075631', odl = 155079', odf = 6016288', bsi = 1663', cnt = 83900701', bdch = 1674789642', odch = 408697768', lcp = 84878898', #sols = 150
<DWph=0> <it= 16> <et=1391.48> <Mt= 0.32> <Spt= 7.93> <nCl=148> <al=0.03> <DB= 2771.2377> <Mlp= 2993.0000> <PB=2994> 
1 bl.dch (4586)...    RCSP exact solver info for graph G_0 : TT = 8.36452, pt = 0.006906, dt = 7.74713, ct = 0.606984, ndl = 369390', bdl = 26741762', odl = 156871', odf = 6277470', bsi = 1488', cnt = 101988046', bdch = 1740694421', odch = 472076461', lcp = 95351720', #sols = 150
<DWph=0> <it= 17> <et=1400.22> <Mt= 0.36> <Spt= 8.39> <nCl= 24> <al=0.13> <DB= 2884.9409> <Mlp= 2993.0000> <PB=2994> 
1 bl.dch (4562)...    RCSP exact solver info for graph G_0 : TT = 8.04043, pt = 0.006508, dt = 7.41033, ct = 0.620607, ndl = 373802', bdl = 26980888', odl = 159160', odf = 6390493', bsi = 1456', cnt = 105948314', bdch = 1774554043', odch = 486330071', lcp = 97039846', #sols = 150
<DWph=0> <it= 18> <et=1408.61> <Mt= 0.33> <Spt= 8.05> <nCl= 27> <al=0.22> <DB= 2879.9697> <Mlp= 2993.0000> <PB=2994> 
1 bl.dch (4532)...    RCSP exact solver info for graph G_0 : TT = 8.52363, pt = 0.006667, dt = 7.82809, ct = 0.685941, ndl = 380757', bdl = 27368942', odl = 160015', odf = 6473163', bsi = 1442', cnt = 112328954', bdch = 1856637612', odch = 507407779', lcp = 102685530', #sols = 150
<DWph=0> <it= 19> <et=1417.47> <Mt= 0.31> <Spt= 8.55> <nCl= 50> <al=0.29> <DB= 2925.0727> <Mlp= 2993.0000> <PB=2994> 
1 bl.dch (4539)...    RCSP exact solver info for graph G_0 : TT = 9.03, pt = 0.006397, dt = 8.28167, ct = 0.738767, ndl = 376845', bdl = 27175410', odl = 158171', odf = 6380254', bsi = 1558', cnt = 111506142', bdch = 1810549326', odch = 504982018', lcp = 101752090', #sols = 150
<DWph=0> <it= 20> <et=1426.80> <Mt= 0.29> <Spt= 9.05> <nCl= 18> <al=0.37> <DB= 2968.2051> <Mlp= 2993.0000> <PB=2994> 
1 bl.dch (4538)...    RCSP exact solver info for graph G_0 : TT = 9.08765, pt = 0.007401, dt = 8.37974, ct = 0.697837, ndl = 379154', bdl = 27312312', odl = 157821', odf = 6395445', bsi = 1467', cnt = 113703373', bdch = 1822778038', odch = 518500754', lcp = 103603792', #sols = 150
<DWph=0> <it= 21> <et=1435.95> <Mt= 0.01> <Spt= 9.12> <nCl=146> <al=0.27> <DB= 2986.4288> <Mlp= 2993.0000> <PB=2994> 
1 bl.dch (4532)...    RCSP exact solver info for graph G_0 : TT = 12.8224, pt = 0.007107, dt = 12.0172, ct = 0.794816, ndl = 379764', bdl = 27348111', odl = 159275', odf = 6439712', bsi = 1560', cnt = 113693687', bdch = 1842130337', odch = 515887188', lcp = 102996008', #sols = 150
<DWph=0> <it= 22> <et=1445.93> <Mt= 0.01> <Spt= 9.98> <nCl= 49> <al=0.17> <DB= 2990.1638> <Mlp= 2993.0000> <PB=2994> 
1 bl.dch (4532)...    RCSP exact solver info for graph G_0 : TT = 10.1511, pt = 0.007614, dt = 9.40239, ct = 0.737934, ndl = 379856', bdl = 27336512', odl = 158901', odf = 6438548', bsi = 1586', cnt = 113553636', bdch = 1841701505', odch = 515826758', lcp = 102937493', #sols = 150
<DWph=0> <it= 23> <et=1456.11> <Mt= 0.01> <Spt=10.17> <nCl= 12> <al=0.25> <DB= 2990.9898> <Mlp= 2993.0000> <PB=2994> 
1 bl.dch (4539)...    RCSP exact solver info for graph G_0 : TT = 8.5284, pt = 0.00681, dt = 7.85678, ct = 0.661727, ndl = 376929', bdl = 27167056', odl = 158289', odf = 6393521', bsi = 1578', cnt = 111647063', bdch = 1813157831', odch = 508181517', lcp = 101573665', #sols = 150
1 bl.dch (4548)...    RCSP exact solver info for graph G_0 : TT = 8.24695, pt = 0.006012, dt = 7.61941, ct = 0.6182, ndl = 375533', bdl = 27048401', odl = 156652', odf = 6308011', bsi = 1570', cnt = 111590760', bdch = 1785339937', odch = 509244782', lcp = 102020024', #sols = 150
<DWph=0> <it= 24> <et=1472.93> <Mt= 0.01> <Spt=16.80> <nCl= 21> <al=0.00> <DB= 2993.0000> <Mlp= 2993.0000> <PB=2994> 
RCSP solver dynamic params and stats :  bidir.bord. = 375 aver.obdmd = 98.5902 aver.buck.num. = 101 nbR1C = 128 with avMem = 19.5703
@@ 624 0 2993 9.12742 12.812 92.9561 1472.93
RCSP      solver labels distribution in 4934 buckets (bucket size) : largest - 2354, top 0.1% - 1960, top 0.5% - 1231, top 2% - 705, top 10% - 193, top 50% - 16
Reduced cost fixing for graph G_0... 1 bl.dch (0)... TT = 5.9331, pt = 3.45171, dt = 2.47037, ct = 0, ndl = 553422', bdl = 16155264', odl = 80353', odf = 3849047', lpcb = 20707401', cnt = 54508593', bdch = 1582796232', odch = 670697612', lcp = 85987100'
15720 buck. arcs remain (1.2% from prev., 1.11% from max.) + 35450 jump buck. arcs (2.51% from max.)
 TT = 7.87903, pt = 3.45171, dt = 2.47037, ct = 1.94582, ndl = 553422', bdl = 16155264', odl = 80353', odf = 3849047', lpcb = 20707401', cnt = 392552576', bdch = 1582796232', odch = 670697612', lcp = 85987100'
RCSP      solver labels distribution in 7370 buckets (bucket size) : largest - 2938, top 0.1% - 2396, top 0.5% - 1429, top 2% - 764, top 10% - 182, top 50% - 9
Run forward enumeration with border = 375... succeeded! lpt = 0.034855, ndl = 3963', dl = 672', lpcb = 11337', dch = 3349'
Run enumeration concatenation with time limit 247.309 sec.... succeeded!
Sorting and storing enumerated solutions ... done!
 TT = 0.0614, pt = 0, dt = 0.034855, ct = 0.004961, ndl = 3963', bdl = 672', lpcb = 11337', cnt = 883695', bdch = 3349', odch = 0', lcp = 0'
Enumeration succeeded!, number of elem. solutions is 407
Estimating inspection time...     TT = 0.003456, performed by inspection with 407 solutions, nbR1C = 128, nbDiscC = 0
Inspection time is low enough. Pricing will be done by inspection.
Added 0 columns in the formulation 
Removed 9242 columns (not in the enumerated set) from the formulation
Added 407 columns in the formulation 
ColGenEvalAlg final dual bound: 2993 (rounded: 2993)
Current active cuts : CAP(20,820.103) R1C(17+111,310.667) 1rowPackR1C(17) 3rowPackR1C(51) 4rowPackR1C(32) 5rowPackR1C(28)
----- Terminating the node by MIP -----
Version identifier: 22.1.2.0 | 2024-11-26 | 0edbb82fd
CPXPARAM_Advance                                 0
CPXPARAM_Preprocessing_Linear                    0
CPXPARAM_Threads                                 1
CPXPARAM_MIP_Strategy_CallbackReducedLP          0
CPXPARAM_MIP_Limits_Nodes                        2000000
CPXPARAM_Simplex_Tolerances_Optimality           9.9999999999999995e-08
CPXPARAM_Simplex_Tolerances_Feasibility          9.9999999999999995e-08
CPXPARAM_TimeLimit                               360000
CPXPARAM_MIP_Tolerances_UpperCutoff              2993.0000009999999
CPXPARAM_MIP_Tolerances_MIPGap                   1.0000000000000001e-09
Legacy callback                                  L
Warning: Control callbacks may disable some MIP features.
Tried aggregator 1 time.
MIP Presolve eliminated 320 rows and 392 columns.
MIP Presolve modified 7348 coefficients.
Reduced MIP has 10 rows, 15 columns, and 100 nonzeros.
Reduced MIP has 15 binaries, 0 generals, 0 SOSs, and 0 indicators.
Presolve time = 0.02 sec. (29.58 ticks)
Probing time = 0.00 sec. (0.03 ticks)
Clique table members: 10.
MIP emphasis: balance optimality and feasibility.
MIP search method: traditional branch-and-cut.
Parallel mode: none, using 1 thread.
Root relaxation solution time = 0.00 sec. (0.02 ticks)
Shrinking heuristic shrunk 110 edges

        Nodes                                         Cuts/
   Node  Left     Objective  IInf  Best Integer    Best Bound    ItCnt     Gap         Variable B NodeID Parent  Depth

*     0     0      integral     0     2993.0000     2993.0000        1    0.00%                        0             0
Elapsed time = 0.02 sec. (29.69 ticks, tree = 0.00 MB, solutions = 1)

Root node processing (before b&c):
  Real time             =    0.02 sec. (29.70 ticks)
Sequential b&c:
  Real time             =    0.00 sec. (0.00 ticks)
                          ------------
Total (root+branch&cut) =    0.02 sec. (29.70 ticks)
Solution status = Optimum
Shrinking heuristic shrunk 110 edges
**** SB phase 3 evaluation of candidate 1, branch 2 ( x[(43, 72)]_0_4208_0_OspV <= 0 ), value = 2992.55
<DWph=2> <it=  1> <et=1481.92> <Mt= 0.01> <Spt= 0.00> <nCl=  0> <al=0.50> <DB= 2992.4038> <Mlp= 2992.5466> <PB=2993> 
ColGenEvalAlg final dual bound: 2992.4 (rounded: 2993)
Current active cuts : CAP(16,937.502) R1C(19+114,305.268) 1rowPackR1C(19) 3rowPackR1C(53) 4rowPackR1C(31) 5rowPackR1C(30)
 SB phase 3 candidate 1 is conquered !
SB with phases chosed candidate var x[(43, 72)]_0_4208_0_OspV (lhs=0.130766)
New model incumbent solution 2993, TIME = 0h24m42s2t = 148202
************************************************************************************************
Search is finished, global bounds : [ 2993 , 2993 ], TIME = 0h24m42s4t = 148204
************************************************************************************************
[32mBaPCod : solution defined.[00m
statistics_cols: instance & :Optimal & cutoff & :bcRecRootDb & :bcTimeRootEval & :bcCountNodeProc & :bcRecBestDb & :bcRecBestInc & :bcTimeMain \\
statistics: instance_37-triangle & 1 & 1.0e7 & 2991.00 & 166.39 & 7 & 2993.00 & 2993 & 1482.05 \\
########################################################
Route #1: 5 97 90 42 102 17 48 2 52 4 34 71 76 3 73 8 87 74 7 
Route #2: 14 32 106 58 105 28 92 55 10 65 25 89 117 22 60 
Route #3: 19 36 68 26 24 6 108 1 56 40 115 98 95 88 23 
Route #4: 33 38 16 15 18 100 85 21 82 110 91 49 67 79 84 
Route #5: 37 45 29 109 62 51 31 20 27 70 81 69 12 96 66 
Route #6: 44 47 
Route #7: 54 
Route #8: 72 43 118 61 53 59 111 11 116 101 41 114 46 86 104 77 
Route #9: 103 63 93 99 94 9 75 57 50 35 39 112 64 30 120 
Route #10: 113 13 107 80 78 83 119 
Cost 2993
########################################################

end_time=2026-04-20 06:37:12
exit_code=0
