instance_file=/mnt/c/Users/porin/OneDrive/Documentos/Python-Mestrado/Modelagem Matemática/Programação Inteira - Uchoa/Problema VRPRDL/instancias_turco/VRPRDL-triangle/vrptw_convertidos/instance_30-triangle.txt
instance_name=instance_30-triangle
start_time=2026-04-20 14:16:39

  Activating project at `~/VRPSolver/VRPSolverDemos/other/VRPTW`
Application parameters:
  batch  =>  nothing
  update  =>  false
  tikz  =>  nothing
  instance  =>  "/mnt/c/Users/porin/OneDrive/Documentos/Python-Mestrado/Modelagem Matemática/Programação Inteira - Uchoa/Problema VRPRDL/instancias_turco/VRPRDL-triangle/vrptw_convertidos/instance_30-triangle.txt"
  out  =>  nothing
  nosolve  =>  false
  ub  =>  1.0e7
  sol  =>  nothing
  cfg  =>  "/home/poringman/VRPSolver/VRPSolverDemos/other/VRPTW/config/VRPTW_set_2.cfg"
  enable_cap_res  =>  false
~~~~~~~~~~~~~~~~~~~~~~~~~~~~~~~~~~~~~~~~~~~~~~~~~~~~~~~~~~~~~~~~~~~~~~~~~~~~~~~~~~~~~
GIT VERSION RCSP: 
GIT BRANCH: 
~~~~~~~~~~~~~~~~~~~~~~~~~~~~~~~~~~~~~~~~~~~~~~~~~~~~~~~~~~~~~~~~~~~~~~~~~~~~~~~~~~~~~
VRPSolver v0.6.16, 10/11/2025, © Inria Bordeaux, France, vrpsolver.math.u-bordeaux.fr
      Corresponds to the solver by Pessoa, Sadykov, Uchoa and Vanderbeck (2020)
                 Paper: dx.doi.org/10.1007/s10107-020-01523-z
~~~~~~~~~~~~~~~~~~~~~~~~~~~~~~~~~~~~~~~~~~~~~~~~~~~~~~~~~~~~~~~~~~~~~~~~~~~~~~~~~~~~~
GIT VERSION BAPCOD: a7cb21f19424236c9d0da5dcf94961797a519470
GIT BRANCH: main
~~~~~~~~~~~~~~~~~~~~~~~~~~~~~~~~~~~~~~~~~~~~~~~~~~~~~~~~~~~~~~~~~~~~~~~~~~~~~~~~~~~~~
   BaPCod v0.84, 10/11/2025, © Inria Bordeaux, France, bapcod.math.u-bordeaux.fr 
           THIS CODE IS PROVIDED AS IS, USE IT AT YOUR OWN RISK
~~~~~~~~~~~~~~~~~~~~~~~~~~~~~~~~~~~~~~~~~~~~~~~~~~~~~~~~~~~~~~~~~~~~~~~~~~~~~~~~~~~~~
--- MAIN PARAMETERS ---
GlobalTimeLimitInTick = 2147483645
GlobalTimeLimit = 21474836
ClockType = 0
MaxNbOfBBtreeNodeTreated = 100000
optimalityGapTolerance = 1e-06
relOptimalityGapTolerance = 1e-09
ApplyPreprocessing = true
PreprocessVariablesLocalBounds = false
treeSearchStrategy = 1
OpenNodesLimit = 1000
DEFAULTPRINTLEVEL = 0
--- MIP SOLVER PARAMETERS ---
solverName = CPLEX_SOLVER
MipSolverMaxBBNodes = 2000000
MipSolverMaxTime = 360000
MipSolverMultiThread = 1
--- COLUMN GENERATION PARAMETERS ---
SolverSelectForMast = a
  colGenSubProbSolMode = customSolver
mastInitMode = localArtCol
ArtVarPenaltyUpdateFactor = 2
ArtVarMaxNbOfPenaltyUpdates = 5
MaxNbOfStagesInColGenProcedure = 3
GenerateProperColumns = false
InsertAllGeneratedColumnsInFormRatherThanInPool = true
InsertNewNonNegColumnsDirectlyInFormRatherThanInPool = true
ColumnCleanupThreshold = 10000
ColumnCleanupRatio = 0.66
ReducedCostFixingThreshold = 0.9
--- CUT GENERATION PARAMETERS ---
MasterCuttingPlanesDepthLimit = 1000
MaxNbOfCutGeneratedAtEachIter = 1000
CutTailingOffThreshold = 0.015
CutTailingOffCounterThreshold = 3
CutCleanupThreshold = 1
CutCleanupRatio = 0.66
ColGenSpRelaxationImprovementPriority = 2
--- STABILIZATION PARAMETERS ---
colGenDualPriceSmoothingAlphaFactor = 1
colGenDualPriceSmoothingBetaFactor = 0
colGenStabilizationFunctionType = none
colGenProximalStabilizationRule = undefined
StabilFuncKappa = 1
colGenStabilizationMaxTreeDepth = 10000
StabilizationMinPhaseOfStage = 0
--- PRIMAL HEURISTIC PARAMETERS ---
UseInitialPrimalHeur = false
MaxTimeForRestrictedMasterIpHeur = -1
CallFrequencyOfRestrictedMasterIpHeur = 5
MIPemphasisInRestrictedMasterIpHeur = 1
PolishingAfterTimeInRestrictedMasterIpHeur = -1
DivingHeurUseDepthLimit = -1
CallFrequencyOfDivingHeur = 1
LeastFractional
Closest2RoundUp
LeastGreedyCost
LeastCost
FixIntValBeforeRoundingHeur = true
MaxNbOfCgIteDuringRh = 5000
MaxLDSbreadth = 0
MaxLDSdepth = 0
DivingHeurStopsWithFirstFeasSol = false
DivingHeurPreprocessBeforeChoosingVar = false
StrongDivingCandidatesNumber = 1
EvalAlgParamsInDiving = max#cand. = 1 max#cg.iters = 10000 min.lvl.sp.restr. = 1 min#cut.rounds = 0 max#cut.rounds = 0 red.cost.fix&enum. = false tree.size.ratio = 1
LocalSearchHeurUseDepthLimit = -1
LeastFractional
Closest2RoundUp
LeastGreedyCost
LeastCost
MaxFactorOfColFixedByLocalSearchHeur = 0.8
MaxLocalSearchIterationCounter = 3
--- STRONG BRANCHING PARAMETERS ---
SimplifiedStrongBranchingParameterisation = true
StrongBranchingPhaseOneCandidatesNumber = 50
StrongBranchingPhaseOneTreeSizeEstimRatio = 100
StrongBranchingPhaseTwoCandidatesNumber = 3
StrongBranchingPhaseTwoTreeSizeEstimRatio = 100
SafeDualBoundScaleFactor = -1
StrongBranchingPhaseOne = max#cand. = 50 max#cg.iters = 0 min.lvl.sp.restr. = 0 min#cut.rounds = 0 max#cut.rounds = 0 red.cost.fix&enum. = false tree.size.ratio = 100
StrongBranchingPhaseTwo = max#cand. = 3 max#cg.iters = 10000 min.lvl.sp.restr. = 1 min#cut.rounds = 0 max#cut.rounds = 0 red.cost.fix&enum. = false tree.size.ratio = 100
StrongBranchingPhaseThree = max#cand. = 1 max#cg.iters = 10000 min.lvl.sp.restr. = 0 min#cut.rounds = 0 max#cut.rounds = 10000 red.cost.fix&enum. = true tree.size.ratio = 1
StrongBranchingPhaseFour =not active
--- DEBUG OUTPUT PARAMETERS ---
printMasterPrimalSols = 0
--- VRPSOLVER PARAMETERS ---
RCSPstopCutGenTimeThresholdInPricing = 30
RCSPhardTimeThresholdInPricing = 20
RCSPredCostFixingTimeThreshold = 100
RCSPnumberOfBucketsPerVertex = 25
RCSPdynamicBucketSteps = 1
RCSPuseBidirectionalSearch = 1
RCSPapplyReducedCostFixing = 1
RCSPmaxNumOfColsPerIteration = 30
RCSPmaxNumOfColsPerExactIteration = 150
RCSPmaxNumOfLabelsInEnumeration = 1000000
RCSPmaxNumOfLabelsInHeurEnumeration = 0
RCSPmaxNumOfEnumeratedSolutions = 5000000
RCSPmaxNumOfEnumSolutionsForMIP = 10000
RCSPmaxNumOfEnumSolsForEndOfNodeMIP = 10000
RCSPinitNGneighbourhoodSize = 8
RCSPmaxNGneighbourhoodSize = 16
RCSPrankOneCutsMaxNumRows = 5
RCSPrankOneCutsMaxNumPerRound = 100
RCSPrankOneCutsMemoryType = 1
RCSPrankOneCutsLSnumIterations = 1000
RCSPallowRoutesWithSameVerticesSet = true
RCSPredCostFixingFalseGap = 0
SafeDualBoundScaleFactor = -1
RCSPmaxNumOfLabelsInHeurEnumeration = 0
MaxNumEnumSolsInRestrictedMasterIpHeur = 5000

prName & bcTimeMain \\ 
New model incumbent solution 1e+07, TIME = 0h0m0s46t = 46
RCSP solver info : size of non-robust cut bitmask in a label is 640 bits
Bucket steps were recalculated for graph G_0 : [28.8]
RCSP solver info : non-symmetric case as associated vars of the reverse arc of 0->120 are not the same
Bidirectional border value is initialised to 430
RCSP solver info : number of forw. reachable buckets / buck. strongly connected components is 1275( 93.9573% ) / 387( 30.3529% )
RCSP solver info : number of back. reachable buckets / buck. strongly connected components is 1284( 94.6205% ) / 395( 30.7632% )
RCSP solver info: std. label size is 56, ext. label size is 136
Generating neighbourhoods for rank-1 cuts separation
Building structures for 4- and 5-row rank-1 packing cut separation...done!
Model is built TIME = 0h0m0s55t = 55
************************************************************************************************
**** BaB tree root node
**** Local DB = -1e+12, global bounds : [ -1e+12 , 1e+07 ], TIME = 0h0m0s55t = 55
**** 1 open nodes, 0 columns (0 active), 0 dyn. constrs. (0 active), 242 art. vars. (242 active)
************************************************************************************************
#<DWph=2> <it=  1> <et=0.57> <Mt= 0.00> <Spt= 0.01> <nCl= 30> <al=0.00> <DB=-99359913816.0000> <Mlp=1452000000.0000> <PB=10000000> 
#<DWph=2> <it=  2> <et=0.59> <Mt= 0.00> <Spt= 0.01> <nCl= 30> <al=0.55> <DB=-68398497746.9850> <Mlp=1327200138.7000> <PB=10000000> 
#<DWph=2> <it=  3> <et=0.60> <Mt= 0.00> <Spt= 0.01> <nCl= 30> <al=0.45> <DB=-54001712685.4261> <Mlp=1238571683.7429> <PB=10000000> 
#<DWph=2> <it=  4> <et=0.60> <Mt= 0.00> <Spt= 0.01> <nCl= 30> <al=0.51> <DB=-43332875219.0597> <Mlp=1173000353.8000> <PB=10000000> 
#<DWph=2> <it=  5> <et=0.61> <Mt= 0.00> <Spt= 0.01> <nCl= 30> <al=0.55> <DB=-37720279142.7747> <Mlp=1034677943.8519> <PB=10000000> 
#<DWph=2> <it=  6> <et=0.63> <Mt= 0.00> <Spt= 0.01> <nCl= 30> <al=0.60> <DB=-32203463010.9290> <Mlp=967395631.3728> <PB=10000000> 
#<DWph=2> <it=  7> <et=0.63> <Mt= 0.00> <Spt= 0.01> <nCl= 30> <al=0.50> <DB=-28497617206.0718> <Mlp=741579446.6945> <PB=10000000> 
#<DWph=2> <it=  8> <et=0.65> <Mt= 0.00> <Spt= 0.01> <nCl= 30> <al=0.55> <DB=-27106450424.3788> <Mlp=689100354.5933> <PB=10000000> 
#<DWph=2> <it=  9> <et=0.65> <Mt= 0.00> <Spt= 0.00> <nCl= 30> <al=0.59> <DB=-23007279600.5395> <Mlp=647451689.8506> <PB=10000000> 
#<DWph=2> <it= 10> <et=0.67> <Mt= 0.00> <Spt= 0.02> <nCl= 30> <al=0.63> <DB=-22956688644.7157> <Mlp=554438123.4729> <PB=10000000> 
#<DWph=2> <it= 11> <et=0.68> <Mt= 0.00> <Spt= 0.01> <nCl= 30> <al=0.67> <DB=-20941175128.1868> <Mlp=508730834.9480> <PB=10000000> 
#<DWph=2> <it= 12> <et=0.69> <Mt= 0.00> <Spt= 0.01> <nCl= 30> <al=0.70> <DB=-19240540076.1903> <Mlp=477322973.5745> <PB=10000000> 
#<DWph=2> <it= 13> <et=0.70> <Mt= 0.01> <Spt= 0.00> <nCl= 30> <al=0.73> <DB=-17408656195.3493> <Mlp=423243408.5894> <PB=10000000> 
#<DWph=2> <it= 14> <et=0.71> <Mt= 0.00> <Spt= 0.01> <nCl= 30> <al=0.76> <DB=-15317675230.8380> <Mlp=352059680.4016> <PB=10000000> 
#<DWph=2> <it= 15> <et=0.73> <Mt= 0.00> <Spt= 0.02> <nCl= 30> <al=0.66> <DB=-14510078043.3767> <Mlp=290406414.4340> <PB=10000000> 
#<DWph=2> <it= 16> <et=0.74> <Mt= 0.00> <Spt= 0.00> <nCl= 30> <al=0.69> <DB=-14680693967.8836> <Mlp=275610440.6058> <PB=10000000> 
#<DWph=2> <it= 17> <et=0.75> <Mt= 0.01> <Spt= 0.01> <nCl= 30> <al=0.72> <DB=-12190067946.5178> <Mlp=257349873.3285> <PB=10000000> 
#<DWph=2> <it= 18> <et=0.76> <Mt= 0.00> <Spt= 0.01> <nCl= 30> <al=0.75> <DB=-13263793434.6628> <Mlp=235125917.7816> <PB=10000000> 
#<DWph=2> <it= 19> <et=0.78> <Mt= 0.00> <Spt= 0.01> <nCl= 30> <al=0.78> <DB=-11596149686.7544> <Mlp=219731106.8982> <PB=10000000> 
#<DWph=2> <it= 20> <et=0.79> <Mt= 0.00> <Spt= 0.01> <nCl= 30> <al=0.80> <DB=-10444934180.5724> <Mlp=189185506.0627> <PB=10000000> 
#<DWph=2> <it= 21> <et=0.80> <Mt= 0.01> <Spt= 0.01> <nCl= 30> <al=0.82> <DB=-9224407626.3832> <Mlp=166697778.8106> <PB=10000000> 
#<DWph=2> <it= 22> <et=0.81> <Mt= 0.00> <Spt= 0.01> <nCl= 30> <al=0.84> <DB=-8812358016.3388> <Mlp=149382649.1724> <PB=10000000> 
#<DWph=2> <it= 23> <et=0.82> <Mt= 0.00> <Spt= 0.01> <nCl= 30> <al=0.74> <DB=-9267596072.2784> <Mlp=131992873.3186> <PB=10000000> 
#<DWph=2> <it= 24> <et=0.83> <Mt= 0.01> <Spt= 0.00> <nCl= 30> <al=0.76> <DB=-7765452848.7156> <Mlp=111856807.2434> <PB=10000000> 
#<DWph=2> <it= 25> <et=0.84> <Mt= 0.00> <Spt= 0.01> <nCl= 30> <al=0.79> <DB=-7837414412.9787> <Mlp=94900397.6724> <PB=10000000> 
#<DWph=2> <it= 26> <et=0.85> <Mt= 0.00> <Spt= 0.01> <nCl= 30> <al=0.81> <DB=-6779402723.9277> <Mlp=85353939.6400> <PB=10000000> 
#<DWph=2> <it= 27> <et=0.87> <Mt= 0.01> <Spt= 0.01> <nCl= 30> <al=0.71> <DB=-7517995236.5266> <Mlp=72913525.5446> <PB=10000000> 
#<DWph=2> <it= 28> <et=0.88> <Mt= 0.00> <Spt= 0.01> <nCl= 30> <al=0.74> <DB=-6790855363.3319> <Mlp=65102611.5648> <PB=10000000> 
#<DWph=2> <it= 29> <et=0.89> <Mt= 0.00> <Spt= 0.01> <nCl= 30> <al=0.76> <DB=-5902697019.2473> <Mlp=55217835.9067> <PB=10000000> 
#<DWph=2> <it= 30> <et=0.91> <Mt= 0.01> <Spt= 0.00> <nCl= 30> <al=0.79> <DB=-5243049779.1853> <Mlp=35744480.3151> <PB=10000000> 
#<DWph=2> <it= 31> <et=0.92> <Mt= 0.01> <Spt= 0.01> <nCl= 30> <al=0.81> <DB=-5012484067.7270> <Mlp=27052593.4376> <PB=10000000> 
#<DWph=2> <it= 32> <et=0.94> <Mt= 0.00> <Spt= 0.01> <nCl= 30> <al=0.83> <DB=-4660463394.6935> <Mlp=15375028.0253> <PB=10000000> 
#<DWph=2> <it= 33> <et=0.95> <Mt= 0.01> <Spt= 0.01> <nCl= 30> <al=0.85> <DB=-4124758372.3911> <Mlp=10605588.8460> <PB=10000000> 
#<DWph=2> <it= 34> <et=0.96> <Mt= 0.00> <Spt= 0.01> <nCl= 30> <al=0.86> <DB=-3809697957.7831> <Mlp=7117888.5205> <PB=10000000> 
#<DWph=2> <it= 35> <et=0.98> <Mt= 0.01> <Spt= 0.01> <nCl= 30> <al=0.76> <DB=-3215350000.7761> <Mlp=3339544.8804> <PB=10000000> 
<DWph=2> <it= 36> <et=1.01> <Mt= 0.01> <Spt= 0.02> <nCl= 30> <al=0.00> <DB=-123236.8460> <Mlp= 5756.3417> <PB=10000000> 
<DWph=2> <it= 37> <et=1.03> <Mt= 0.00> <Spt= 0.01> <nCl= 30> <al=0.56> <DB=-106890.2931> <Mlp= 5679.6598> <PB=10000000> 
<DWph=2> <it= 38> <et=1.04> <Mt= 0.01> <Spt= 0.01> <nCl= 30> <al=0.46> <DB=-63852.3415> <Mlp= 5584.4724> <PB=10000000> 
<DWph=2> <it= 39> <et=1.06> <Mt= 0.00> <Spt= 0.01> <nCl= 30> <al=0.36> <DB=-65729.1200> <Mlp= 5526.1343> <PB=10000000> 
<DWph=2> <it= 40> <et=1.07> <Mt= 0.01> <Spt= 0.01> <nCl= 30> <al=0.42> <DB=-53158.5122> <Mlp= 5485.0148> <PB=10000000> 
<DWph=2> <it= 41> <et=1.09> <Mt= 0.00> <Spt= 0.01> <nCl= 30> <al=0.48> <DB=-44464.3656> <Mlp= 5438.7972> <PB=10000000> 
<DWph=2> <it= 42> <et=1.10> <Mt= 0.01> <Spt= 0.01> <nCl= 30> <al=0.53> <DB=-36353.2508> <Mlp= 5354.7874> <PB=10000000> 
<DWph=2> <it= 43> <et=1.12> <Mt= 0.00> <Spt= 0.01> <nCl= 30> <al=0.58> <DB=-37838.8104> <Mlp= 5313.2031> <PB=10000000> 
<DWph=2> <it= 44> <et=1.13> <Mt= 0.01> <Spt= 0.01> <nCl= 30> <al=0.62> <DB=-30456.9129> <Mlp= 5228.4779> <PB=10000000> 
<DWph=2> <it= 45> <et=1.15> <Mt= 0.01> <Spt= 0.01> <nCl= 30> <al=0.66> <DB=-32894.9774> <Mlp= 5140.0910> <PB=10000000> 
<DWph=2> <it= 46> <et=1.17> <Mt= 0.00> <Spt= 0.01> <nCl= 30> <al=0.69> <DB=-24999.4965> <Mlp= 5087.0925> <PB=10000000> 
<DWph=2> <it= 47> <et=1.18> <Mt= 0.01> <Spt= 0.01> <nCl= 30> <al=0.59> <DB=-31693.5973> <Mlp= 5003.6337> <PB=10000000> 
<DWph=2> <it= 48> <et=1.20> <Mt= 0.01> <Spt= 0.01> <nCl= 30> <al=0.63> <DB=-22191.7687> <Mlp= 4958.5298> <PB=10000000> 
<DWph=2> <it= 49> <et=1.21> <Mt= 0.00> <Spt= 0.00> <nCl= 30> <al=0.67> <DB=-24989.1276> <Mlp= 4900.2299> <PB=10000000> 
<DWph=2> <it= 50> <et=1.23> <Mt= 0.01> <Spt= 0.01> <nCl= 30> <al=0.70> <DB=-17631.5839> <Mlp= 4830.7508> <PB=10000000> 
<DWph=2> <it= 51> <et=1.24> <Mt= 0.01> <Spt= 0.01> <nCl= 30> <al=0.73> <DB=-19826.4077> <Mlp= 4766.1099> <PB=10000000> 
<DWph=2> <it= 52> <et=1.26> <Mt= 0.00> <Spt= 0.01> <nCl= 30> <al=0.76> <DB=-14718.6524> <Mlp= 4736.0077> <PB=10000000> 
<DWph=2> <it= 53> <et=1.28> <Mt= 0.01> <Spt= 0.01> <nCl= 30> <al=0.66> <DB=-16278.6579> <Mlp= 4706.3951> <PB=10000000> 
<DWph=2> <it= 54> <et=1.29> <Mt= 0.01> <Spt= 0.01> <nCl= 30> <al=0.69> <DB=-16206.6893> <Mlp= 4656.6034> <PB=10000000> 
<DWph=2> <it= 55> <et=1.31> <Mt= 0.00> <Spt= 0.01> <nCl= 30> <al=0.72> <DB=-11129.6271> <Mlp= 4641.9175> <PB=10000000> 
<DWph=2> <it= 56> <et=1.32> <Mt= 0.01> <Spt= 0.01> <nCl= 30> <al=0.62> <DB=-15867.6265> <Mlp= 4618.7851> <PB=10000000> 
<DWph=2> <it= 57> <et=1.34> <Mt= 0.01> <Spt= 0.00> <nCl= 30> <al=0.66> <DB=-10084.6538> <Mlp= 4593.4264> <PB=10000000> 
<DWph=2> <it= 58> <et=1.35> <Mt= 0.00> <Spt= 0.01> <nCl= 30> <al=0.70> <DB=-14859.1336> <Mlp= 4568.7237> <PB=10000000> 
<DWph=2> <it= 59> <et=1.36> <Mt= 0.01> <Spt= 0.01> <nCl= 30> <al=0.73> <DB=-7570.1495> <Mlp= 4547.1791> <PB=10000000> 
<DWph=2> <it= 60> <et=1.38> <Mt= 0.00> <Spt= 0.01> <nCl= 30> <al=0.63> <DB=-10142.0501> <Mlp= 4524.6183> <PB=10000000> 
<DWph=2> <it= 61> <et=1.39> <Mt= 0.01> <Spt= 0.01> <nCl= 30> <al=0.66> <DB=-9527.9279> <Mlp= 4501.5501> <PB=10000000> 
<DWph=2> <it= 62> <et=1.41> <Mt= 0.00> <Spt= 0.01> <nCl= 30> <al=0.70> <DB=-6463.0878> <Mlp= 4480.8060> <PB=10000000> 
<DWph=2> <it= 63> <et=1.43> <Mt= 0.01> <Spt= 0.00> <nCl= 30> <al=0.60> <DB=-9289.7971> <Mlp= 4454.4954> <PB=10000000> 
<DWph=2> <it= 64> <et=1.44> <Mt= 0.01> <Spt= 0.01> <nCl= 30> <al=0.64> <DB=-7125.3110> <Mlp= 4437.7470> <PB=10000000> 
<DWph=2> <it= 65> <et=1.45> <Mt= 0.00> <Spt= 0.01> <nCl= 30> <al=0.67> <DB=-4162.8668> <Mlp= 4422.3414> <PB=10000000> 
<DWph=2> <it= 66> <et=1.47> <Mt= 0.02> <Spt= 0.01> <nCl= 30> <al=0.57> <DB=-13240.2504> <Mlp= 4389.1013> <PB=10000000> 
<DWph=2> <it= 67> <et=1.49> <Mt= 0.00> <Spt= 0.01> <nCl= 30> <al=0.62> <DB=-4050.8950> <Mlp= 4386.7412> <PB=10000000> 
<DWph=2> <it= 68> <et=1.50> <Mt= 0.01> <Spt= 0.01> <nCl= 30> <al=0.65> <DB=-7185.8492> <Mlp= 4371.3353> <PB=10000000> 
<DWph=2> <it= 69> <et=1.52> <Mt= 0.00> <Spt= 0.01> <nCl= 30> <al=0.69> <DB=-4188.0850> <Mlp= 4363.6792> <PB=10000000> 
<DWph=2> <it= 70> <et=1.54> <Mt= 0.01> <Spt= 0.01> <nCl= 30> <al=0.72> <DB=-5442.6889> <Mlp= 4354.9149> <PB=10000000> 
<DWph=2> <it= 71> <et=1.55> <Mt= 0.00> <Spt= 0.01> <nCl= 30> <al=0.62> <DB=-2076.7729> <Mlp= 4338.7486> <PB=10000000> 
<DWph=2> <it= 72> <et=1.58> <Mt= 0.02> <Spt= 0.01> <nCl= 30> <al=0.66> <DB=-2895.6728> <Mlp= 4312.8655> <PB=10000000> 
<DWph=2> <it= 73> <et=1.60> <Mt= 0.01> <Spt= 0.01> <nCl= 30> <al=0.69> <DB=-4011.4918> <Mlp= 4293.8719> <PB=10000000> 
<DWph=2> <it= 74> <et=1.62> <Mt= 0.01> <Spt= 0.01> <nCl= 30> <al=0.72> <DB=-1055.1730> <Mlp= 4267.0761> <PB=10000000> 
<DWph=2> <it= 75> <et=1.64> <Mt= 0.01> <Spt= 0.01> <nCl= 30> <al=0.75> <DB=-1168.5658> <Mlp= 4262.6227> <PB=10000000> 
<DWph=2> <it= 76> <et=1.65> <Mt= 0.01> <Spt= 0.01> <nCl= 30> <al=0.78> <DB= -375.4997> <Mlp= 4250.2475> <PB=10000000> 
<DWph=2> <it= 77> <et=1.67> <Mt= 0.00> <Spt= 0.00> <nCl= 29> <al=0.80> <DB=-1069.0946> <Mlp= 4243.4747> <PB=10000000> 
<DWph=2> <it= 78> <et=1.69> <Mt= 0.02> <Spt= 0.01> <nCl= 29> <al=0.70> <DB= -110.4684> <Mlp= 4237.2722> <PB=10000000> 
<DWph=2> <it= 79> <et=1.71> <Mt= 0.00> <Spt= 0.01> <nCl= 30> <al=0.60> <DB=  234.6909> <Mlp= 4230.9872> <PB=10000000> 
<DWph=2> <it= 80> <et=1.73> <Mt= 0.02> <Spt= 0.01> <nCl= 30> <al=0.64> <DB= 1325.5965> <Mlp= 4223.4951> <PB=10000000> 
<DWph=2> <it= 81> <et=1.75> <Mt= 0.00> <Spt= 0.01> <nCl= 30> <al=0.67> <DB=  450.0235> <Mlp= 4222.3140> <PB=10000000> 
<DWph=2> <it= 82> <et=1.77> <Mt= 0.01> <Spt= 0.01> <nCl= 30> <al=0.71> <DB=  930.0553> <Mlp= 4218.2263> <PB=10000000> 
<DWph=2> <it= 83> <et=1.78> <Mt= 0.01> <Spt= 0.01> <nCl= 30> <al=0.61> <DB=-5685.4193> <Mlp= 4216.7056> <PB=10000000> 
<DWph=2> <it= 84> <et=1.81> <Mt= 0.02> <Spt= 0.01> <nCl= 26> <al=0.65> <DB=  892.0012> <Mlp= 4210.0743> <PB=10000000> 
<DWph=2> <it= 85> <et=1.83> <Mt= 0.00> <Spt= 0.01> <nCl= 29> <al=0.55> <DB=  973.7214> <Mlp= 4207.0423> <PB=10000000> 
<DWph=2> <it= 86> <et=1.85> <Mt= 0.01> <Spt= 0.01> <nCl= 29> <al=0.59> <DB=-2332.7802> <Mlp= 4204.5777> <PB=10000000> 
<DWph=2> <it= 87> <et=1.87> <Mt= 0.01> <Spt= 0.02> <nCl= 30> <al=0.49> <DB= 1988.7303> <Mlp= 4197.7556> <PB=10000000> 
<DWph=2> <it= 88> <et=1.88> <Mt= 0.01> <Spt= 0.00> <nCl= 30> <al=0.54> <DB= 2117.1716> <Mlp= 4191.3126> <PB=10000000> 
<DWph=2> <it= 89> <et=1.90> <Mt= 0.00> <Spt= 0.01> <nCl= 28> <al=0.59> <DB=  620.5336> <Mlp= 4186.3914> <PB=10000000> 
<DWph=2> <it= 90> <et=1.92> <Mt= 0.01> <Spt= 0.01> <nCl= 21> <al=0.63> <DB= 2882.5211> <Mlp= 4183.0505> <PB=10000000> 
<DWph=2> <it= 91> <et=1.93> <Mt= 0.01> <Spt= 0.01> <nCl= 28> <al=0.53> <DB= 2827.0456> <Mlp= 4182.3997> <PB=10000000> 
<DWph=2> <it= 92> <et=1.95> <Mt= 0.00> <Spt= 0.01> <nCl= 18> <al=0.58> <DB= 3311.9461> <Mlp= 4181.3545> <PB=10000000> 
<DWph=2> <it= 93> <et=1.96> <Mt= 0.00> <Spt= 0.01> <nCl= 30> <al=0.48> <DB= 2349.9222> <Mlp= 4181.1747> <PB=10000000> 
<DWph=2> <it= 94> <et=1.97> <Mt= 0.00> <Spt= 0.01> <nCl= 28> <al=0.53> <DB= 2478.5399> <Mlp= 4179.4065> <PB=10000000> 
<DWph=2> <it= 95> <et=1.99> <Mt= 0.01> <Spt= 0.00> <nCl= 29> <al=0.43> <DB= 2852.2246> <Mlp= 4176.4975> <PB=10000000> 
<DWph=2> <it= 96> <et=2.00> <Mt= 0.01> <Spt= 0.01> <nCl= 30> <al=0.33> <DB=-1076.8566> <Mlp= 4174.7425> <PB=10000000> 
<DWph=2> <it= 97> <et=2.01> <Mt= 0.00> <Spt= 0.01> <nCl= 25> <al=0.40> <DB= 2954.2418> <Mlp= 4173.0382> <PB=10000000> 
<DWph=2> <it= 98> <et=2.03> <Mt= 0.01> <Spt= 0.01> <nCl= 29> <al=0.30> <DB= 2004.0498> <Mlp= 4170.1270> <PB=10000000> 
<DWph=2> <it= 99> <et=2.06> <Mt= 0.03> <Spt= 0.00> <nCl= 30> <al=0.37> <DB= -600.1702> <Mlp= 4164.4667> <PB=10000000> 
<DWph=2> <it=100> <et=2.09> <Mt= 0.01> <Spt= 0.01> <nCl= 30> <al=0.43> <DB= 1975.1553> <Mlp= 4163.6625> <PB=10000000> 
<DWph=2> <it=101> <et=2.12> <Mt= 0.03> <Spt= 0.01> <nCl= 25> <al=0.49> <DB= 3533.4007> <Mlp= 4161.6556> <PB=10000000> 
<DWph=2> <it=102> <et=2.14> <Mt= 0.01> <Spt= 0.01> <nCl= 30> <al=0.54> <DB=   -4.6454> <Mlp= 4159.3500> <PB=10000000> 
<DWph=2> <it=103> <et=2.17> <Mt= 0.02> <Spt= 0.01> <nCl= 21> <al=0.58> <DB=  397.5445> <Mlp= 4159.3500> <PB=10000000> 
<DWph=2> <it=104> <et=2.21> <Mt= 0.03> <Spt= 0.01> <nCl= 26> <al=0.48> <DB= 3373.1385> <Mlp= 4159.3500> <PB=10000000> 
<DWph=2> <it=105> <et=2.24> <Mt= 0.03> <Spt= 0.01> <nCl= 26> <al=0.54> <DB= 2996.6504> <Mlp= 4159.0500> <PB=10000000> 
<DWph=2> <it=106> <et=2.27> <Mt= 0.02> <Spt= 0.00> <nCl= 26> <al=0.58> <DB= 3094.2277> <Mlp= 4158.8500> <PB=10000000> 
<DWph=2> <it=107> <et=2.28> <Mt= 0.00> <Spt= 0.01> <nCl= 26> <al=0.48> <DB= 3973.9134> <Mlp= 4158.8500> <PB=10000000> 
<DWph=2> <it=108> <et=2.32> <Mt= 0.02> <Spt= 0.01> <nCl= 26> <al=0.38> <DB= 3005.2761> <Mlp= 4158.8500> <PB=10000000> 
<DWph=2> <it=109> <et=2.33> <Mt= 0.01> <Spt= 0.01> <nCl= 23> <al=0.44> <DB= 1565.4556> <Mlp= 4158.6125> <PB=10000000> 
<DWph=2> <it=110> <et=2.34> <Mt= 0.00> <Spt= 0.01> <nCl= 27> <al=0.50> <DB= 3477.7231> <Mlp= 4158.6125> <PB=10000000> 
<DWph=2> <it=111> <et=2.35> <Mt= 0.00> <Spt= 0.01> <nCl= 17> <al=0.55> <DB= 3507.1556> <Mlp= 4158.6125> <PB=10000000> 
<DWph=2> <it=112> <et=2.37> <Mt= 0.01> <Spt= 0.01> <nCl= 18> <al=0.59> <DB= 3806.0880> <Mlp= 4158.6125> <PB=10000000> 
<DWph=2> <it=113> <et=2.38> <Mt= 0.00> <Spt= 0.01> <nCl= 14> <al=0.64> <DB= 3788.8620> <Mlp= 4158.6125> <PB=10000000> 
<DWph=2> <it=114> <et=2.39> <Mt= 0.00> <Spt= 0.00> <nCl= 10> <al=0.54> <DB= 3854.6142> <Mlp= 4158.6125> <PB=10000000> 
<DWph=2> <it=115> <et=2.39> <Mt= 0.00> <Spt= 0.01> <nCl= 12> <al=0.44> <DB= 3829.1006> <Mlp= 4158.6125> <PB=10000000> 
<DWph=2> <it=116> <et=2.40> <Mt= 0.00> <Spt= 0.01> <nCl= 16> <al=0.49> <DB= 3934.7478> <Mlp= 4158.1500> <PB=10000000> 
<DWph=2> <it=117> <et=2.42> <Mt= 0.01> <Spt= 0.01> <nCl= 15> <al=0.54> <DB= 4060.4630> <Mlp= 4158.0750> <PB=10000000> 
<DWph=2> <it=118> <et=2.42> <Mt= 0.00> <Spt= 0.00> <nCl= 23> <al=0.44> <DB= 3065.6679> <Mlp= 4158.0750> <PB=10000000> 
<DWph=2> <it=119> <et=2.44> <Mt= 0.00> <Spt= 0.01> <nCl= 25> <al=0.34> <DB= 3616.1446> <Mlp= 4158.0250> <PB=10000000> 
<DWph=2> <it=120> <et=2.45> <Mt= 0.00> <Spt= 0.01> <nCl= 22> <al=0.41> <DB= 3904.8862> <Mlp= 4158.0250> <PB=10000000> 
<DWph=2> <it=121> <et=2.46> <Mt= 0.01> <Spt= 0.01> <nCl= 13> <al=0.47> <DB= 3936.3260> <Mlp= 4158.0250> <PB=10000000> 
<DWph=2> <it=122> <et=2.47> <Mt= 0.00> <Spt= 0.01> <nCl= 18> <al=0.37> <DB= 3938.8609> <Mlp= 4158.0250> <PB=10000000> 
<DWph=2> <it=123> <et=2.48> <Mt= 0.00> <Spt= 0.00> <nCl=  9> <al=0.43> <DB= 4109.2744> <Mlp= 4158.0250> <PB=10000000> 
<DWph=2> <it=124> <et=2.49> <Mt= 0.00> <Spt= 0.01> <nCl= 19> <al=0.49> <DB= 3852.6402> <Mlp= 4158.0250> <PB=10000000> 
<DWph=2> <it=125> <et=2.50> <Mt= 0.00> <Spt= 0.01> <nCl=  6> <al=0.54> <DB= 4067.0871> <Mlp= 4158.0250> <PB=10000000> 
<DWph=2> <it=126> <et=2.51> <Mt= 0.01> <Spt= 0.01> <nCl= 20> <al=0.44> <DB= 4031.3197> <Mlp= 4157.9750> <PB=10000000> 
<DWph=2> <it=127> <et=2.52> <Mt= 0.00> <Spt= 0.01> <nCl= 11> <al=0.49> <DB= 3935.1328> <Mlp= 4157.9750> <PB=10000000> 
<DWph=2> <it=128> <et=2.53> <Mt= 0.00> <Spt= 0.00> <nCl=  2> <al=0.55> <DB= 4128.7433> <Mlp= 4157.9750> <PB=10000000> 
<DWph=2> <it=129> <et=2.54> <Mt= 0.00> <Spt= 0.01> <nCl= 10> <al=0.45> <DB= 4099.8774> <Mlp= 4157.9750> <PB=10000000> 
<DWph=2> <it=130> <et=2.55> <Mt= 0.00> <Spt= 0.01> <nCl= 12> <al=0.50> <DB= 4112.0129> <Mlp= 4157.9000> <PB=10000000> 
<DWph=2> <it=131> <et=2.55> <Mt= 0.00> <Spt= 0.01> <nCl= 17> <al=0.40> <DB= 3793.7173> <Mlp= 4157.8250> <PB=10000000> 
<DWph=2> <it=132> <et=2.57> <Mt= 0.01> <Spt= 0.01> <nCl= 13> <al=0.46> <DB= 3621.4348> <Mlp= 4157.7250> <PB=10000000> 
<DWph=2> <it=133> <et=2.58> <Mt= 0.00> <Spt= 0.00> <nCl=  9> <al=0.51> <DB= 4097.0344> <Mlp= 4157.7000> <PB=10000000> 
<DWph=2> <it=134> <et=2.59> <Mt= 0.00> <Spt= 0.01> <nCl=  7> <al=0.56> <DB= 4087.5935> <Mlp= 4157.7000> <PB=10000000> 
<DWph=2> <it=135> <et=2.60> <Mt= 0.00> <Spt= 0.01> <nCl=  4> <al=0.46> <DB= 4082.2182> <Mlp= 4157.7000> <PB=10000000> 
<DWph=2> <it=136> <et=2.61> <Mt= 0.00> <Spt= 0.01> <nCl=  8> <al=0.52> <DB= 4121.1013> <Mlp= 4157.7000> <PB=10000000> 
<DWph=2> <it=137> <et=2.62> <Mt= 0.01> <Spt= 0.01> <nCl=  6> <al=0.42> <DB= 4107.7208> <Mlp= 4157.6583> <PB=10000000> 
<DWph=2> <it=138> <et=2.63> <Mt= 0.00> <Spt= 0.00> <nCl= 10> <al=0.32> <DB= 3950.8274> <Mlp= 4157.6000> <PB=10000000> 
<DWph=2> <it=139> <et=2.64> <Mt= 0.00> <Spt= 0.01> <nCl=  4> <al=0.39> <DB= 4101.0998> <Mlp= 4157.6000> <PB=10000000> 
<DWph=2> <it=140> <et=2.65> <Mt= 0.00> <Spt= 0.01> <nCl=  4> <al=0.29> <DB= 4115.7651> <Mlp= 4157.6000> <PB=10000000> 
<DWph=2> <it=141> <et=2.65> <Mt= 0.00> <Spt= 0.01> <nCl=  9> <al=0.19> <DB= 4107.2039> <Mlp= 4157.6000> <PB=10000000> 
<DWph=2> <it=142> <et=2.66> <Mt= 0.00> <Spt= 0.00> <nCl= 19> <al=0.09> <DB= 4057.1185> <Mlp= 4157.6000> <PB=10000000> 
<DWph=2> <it=143> <et=2.67> <Mt= 0.01> <Spt= 0.01> <nCl= 11> <al=0.18> <DB= 4131.6808> <Mlp= 4157.6000> <PB=10000000> 
<DWph=2> <it=144> <et=2.69> <Mt= 0.00> <Spt= 0.01> <nCl= 17> <al=0.08> <DB= 4136.1510> <Mlp= 4157.6000> <PB=10000000> 
<DWph=2> <it=145> <et=2.69> <Mt= 0.00> <Spt= 0.01> <nCl=  3> <al=0.17> <DB= 4110.7930> <Mlp= 4157.6000> <PB=10000000> 
<DWph=2> <it=146> <et=2.71> <Mt= 0.00> <Spt= 0.01> <nCl= 27> <al=0.00> <DB= 4145.6000> <Mlp= 4157.6000> <PB=10000000> 
<DWph=2> <it=147> <et=2.73> <Mt= 0.00> <Spt= 0.02> <nCl=  5> <al=0.00> <DB= 4157.6000> <Mlp= 4157.6000> <PB=10000000> 
<DWph=1> <it=148> <et=2.74> <Mt= 0.00> <Spt= 0.01> <nCl= 30> <al=0.05> <DB= 2264.9523> <Mlp= 4157.6000> <PB=10000000> 
<DWph=1> <it=149> <et=2.76> <Mt= 0.02> <Spt= 0.01> <nCl= 30> <al=0.00> <DB= 2486.4178> <Mlp= 4157.6000> <PB=10000000> 
<DWph=1> <it=150> <et=2.79> <Mt= 0.02> <Spt= 0.01> <nCl= 30> <al=0.06> <DB= 1366.6100> <Mlp= 4157.6000> <PB=10000000> 
<DWph=1> <it=151> <et=2.83> <Mt= 0.02> <Spt= 0.01> <nCl= 30> <al=0.15> <DB= 1826.9976> <Mlp= 4155.2250> <PB=10000000> 
<DWph=1> <it=152> <et=2.86> <Mt= 0.02> <Spt= 0.02> <nCl= 30> <al=0.24> <DB= 3173.4564> <Mlp= 4155.2250> <PB=10000000> 
<DWph=1> <it=153> <et=2.90> <Mt= 0.03> <Spt= 0.01> <nCl= 30> <al=0.31> <DB= 3211.4911> <Mlp= 4154.7060> <PB=10000000> 
<DWph=1> <it=154> <et=2.91> <Mt= 0.00> <Spt= 0.01> <nCl= 30> <al=0.38> <DB= 3215.3276> <Mlp= 4154.7060> <PB=10000000> 
<DWph=1> <it=155> <et=2.93> <Mt= 0.01> <Spt= 0.01> <nCl= 23> <al=0.44> <DB= 3703.7407> <Mlp= 4154.5113> <PB=10000000> 
<DWph=1> <it=156> <et=2.95> <Mt= 0.00> <Spt= 0.01> <nCl= 29> <al=0.50> <DB= 3269.8607> <Mlp= 4153.9500> <PB=10000000> 
<DWph=1> <it=157> <et=2.99> <Mt= 0.03> <Spt= 0.01> <nCl= 23> <al=0.55> <DB= 3888.1236> <Mlp= 4152.7583> <PB=10000000> 
<DWph=1> <it=158> <et=3.02> <Mt= 0.01> <Spt= 0.02> <nCl= 30> <al=0.45> <DB= 3598.8519> <Mlp= 4152.5500> <PB=10000000> 
<DWph=1> <it=159> <et=3.03> <Mt= 0.01> <Spt= 0.00> <nCl= 29> <al=0.50> <DB= 3763.1597> <Mlp= 4151.9083> <PB=10000000> 
<DWph=1> <it=160> <et=3.05> <Mt= 0.00> <Spt= 0.02> <nCl= 22> <al=0.55> <DB= 3913.5578> <Mlp= 4151.8375> <PB=10000000> 
<DWph=1> <it=161> <et=3.06> <Mt= 0.01> <Spt= 0.01> <nCl= 29> <al=0.60> <DB= 3798.6198> <Mlp= 4151.8375> <PB=10000000> 
<DWph=1> <it=162> <et=3.08> <Mt= 0.00> <Spt= 0.01> <nCl= 15> <al=0.64> <DB= 4002.2454> <Mlp= 4151.6500> <PB=10000000> 
<DWph=1> <it=163> <et=3.09> <Mt= 0.00> <Spt= 0.01> <nCl= 28> <al=0.67> <DB= 4021.5014> <Mlp= 4151.6500> <PB=10000000> 
<DWph=1> <it=164> <et=3.11> <Mt= 0.01> <Spt= 0.01> <nCl= 28> <al=0.71> <DB= 3506.4528> <Mlp= 4151.6500> <PB=10000000> 
<DWph=1> <it=165> <et=3.13> <Mt= 0.01> <Spt= 0.01> <nCl= 11> <al=0.74> <DB= 4024.5232> <Mlp= 4151.6500> <PB=10000000> 
<DWph=1> <it=166> <et=3.15> <Mt= 0.01> <Spt= 0.01> <nCl=  4> <al=0.76> <DB= 4054.5668> <Mlp= 4151.1750> <PB=10000000> 
<DWph=1> <it=167> <et=3.16> <Mt= 0.00> <Spt= 0.02> <nCl= 16> <al=0.66> <DB= 3410.6644> <Mlp= 4151.1750> <PB=10000000> 
<DWph=1> <it=168> <et=3.19> <Mt= 0.01> <Spt= 0.01> <nCl=  2> <al=0.70> <DB= 3981.8852> <Mlp= 4151.1750> <PB=10000000> 
<DWph=1> <it=169> <et=3.20> <Mt= 0.00> <Spt= 0.01> <nCl=  2> <al=0.60> <DB= 4048.2448> <Mlp= 4151.1750> <PB=10000000> 
<DWph=1> <it=170> <et=3.22> <Mt= 0.00> <Spt= 0.01> <nCl=  5> <al=0.50> <DB= 4065.4625> <Mlp= 4151.1000> <PB=10000000> 
<DWph=1> <it=171> <et=3.23> <Mt= 0.01> <Spt= 0.02> <nCl= 28> <al=0.40> <DB= 3872.9766> <Mlp= 4151.1000> <PB=10000000> 
<DWph=1> <it=172> <et=3.25> <Mt= 0.00> <Spt= 0.01> <nCl= 26> <al=0.46> <DB= 4111.9759> <Mlp= 4151.1000> <PB=10000000> 
<DWph=1> <it=173> <et=3.26> <Mt= 0.00> <Spt= 0.01> <nCl= 25> <al=0.36> <DB= 4036.9870> <Mlp= 4151.1000> <PB=10000000> 
<DWph=1> <it=174> <et=3.28> <Mt= 0.00> <Spt= 0.01> <nCl= 25> <al=0.42> <DB= 4021.8657> <Mlp= 4151.1000> <PB=10000000> 
<DWph=1> <it=175> <et=3.29> <Mt= 0.01> <Spt= 0.01> <nCl= 23> <al=0.48> <DB= 4100.5049> <Mlp= 4151.1000> <PB=10000000> 
<DWph=1> <it=176> <et=3.31> <Mt= 0.00> <Spt= 0.02> <nCl= 11> <al=0.53> <DB= 4130.3193> <Mlp= 4151.1000> <PB=10000000> 
<DWph=1> <it=177> <et=3.32> <Mt= 0.00> <Spt= 0.01> <nCl= 12> <al=0.43> <DB= 4126.4012> <Mlp= 4151.1000> <PB=10000000> 
<DWph=1> <it=178> <et=3.33> <Mt= 0.00> <Spt= 0.01> <nCl=  6> <al=0.49> <DB= 4135.2715> <Mlp= 4151.1000> <PB=10000000> 
<DWph=1> <it=179> <et=3.35> <Mt= 0.00> <Spt= 0.01> <nCl= 15> <al=0.39> <DB= 4137.2162> <Mlp= 4151.1000> <PB=10000000> 
<DWph=1> <it=180> <et=3.36> <Mt= 0.00> <Spt= 0.01> <nCl=  5> <al=0.45> <DB= 4144.8630> <Mlp= 4151.1000> <PB=10000000> 
<DWph=1> <it=181> <et=3.37> <Mt= 0.01> <Spt= 0.01> <nCl=  4> <al=0.35> <DB= 4139.4846> <Mlp= 4151.1000> <PB=10000000> 
<DWph=1> <it=182> <et=3.39> <Mt= 0.00> <Spt= 0.02> <nCl= 23> <al=0.00> <DB= 2927.1000> <Mlp= 4151.1000> <PB=10000000> 
<DWph=1> <it=183> <et=3.41> <Mt= 0.00> <Spt= 0.02> <nCl= 22> <al=0.00> <DB= 3864.6835> <Mlp= 4151.1000> <PB=10000000> 
<DWph=1> <it=184> <et=3.42> <Mt= 0.00> <Spt= 0.01> <nCl= 17> <al=0.21> <DB= 4113.3819> <Mlp= 4151.1000> <PB=10000000> 
<DWph=1> <it=185> <et=3.45> <Mt= 0.00> <Spt= 0.02> <nCl= 17> <al=0.00> <DB= 4103.1000> <Mlp= 4151.1000> <PB=10000000> 
<DWph=1> <it=186> <et=3.46> <Mt= 0.01> <Spt= 0.01> <nCl=  1> <al=0.19> <DB= 4121.2259> <Mlp= 4151.1000> <PB=10000000> 
<DWph=1> <it=187> <et=3.48> <Mt= 0.00> <Spt= 0.02> <nCl=  8> <al=0.00> <DB= 4103.1000> <Mlp= 4151.1000> <PB=10000000> 
<DWph=1> <it=188> <et=3.50> <Mt= 0.00> <Spt= 0.02> <nCl= 12> <al=0.00> <DB= 4097.1000> <Mlp= 4151.1000> <PB=10000000> 
<DWph=1> <it=189> <et=3.52> <Mt= 0.00> <Spt= 0.02> <nCl=  4> <al=0.00> <DB= 4103.1000> <Mlp= 4151.1000> <PB=10000000> 
<DWph=1> <it=190> <et=3.53> <Mt= 0.00> <Spt= 0.00> <nCl=  0> <al=0.00> <DB= 4103.1000> <Mlp= 4150.9750> <PB=10000000> 
    RCSP exact solver info for graph G_0 : TT = 0.010344, pt = 3.8e-05, dt = 0.008725, ct = 0.000735, ndl = 3078', bdl = 70696', odl = 7369', odf = 36759', bsi = 1127', cnt = 949', bdch = 286466', odch = 54295', lcp = 59773', #sols = 150
<DWph=0> <it=191> <et=3.54> <Mt= 0.00> <Spt= 0.02> <nCl=150> <al=0.00> <DB= 1383.2750> <Mlp= 4150.9750> <PB=10000000> 
    RCSP exact solver info for graph G_0 : TT = 0.011427, pt = 6.1e-05, dt = 0.009778, ct = 0.000658, ndl = 3338', bdl = 74076', odl = 7315', odf = 35728', bsi = 1134', cnt = 1396', bdch = 310911', odch = 61734', lcp = 69368', #sols = 149
<DWph=0> <it=192> <et=3.59> <Mt= 0.02> <Spt= 0.02> <nCl=149> <al=0.00> <DB= 1971.0129> <Mlp= 4149.4000> <PB=10000000> 
    RCSP exact solver info for graph G_0 : TT = 0.01198, pt = 6.1e-05, dt = 0.01008, ct = 0.000925, ndl = 3386', bdl = 73859', odl = 6877', odf = 34439', bsi = 1138', cnt = 1583', bdch = 304586', odch = 51488', lcp = 65367', #sols = 150
<DWph=0> <it=193> <et=3.64> <Mt= 0.03> <Spt= 0.02> <nCl=150> <al=0.00> <DB= -361.5750> <Mlp= 4142.9250> <PB=10000000> 
    RCSP exact solver info for graph G_0 : TT = 0.009263, pt = 5.4e-05, dt = 0.00751, ct = 0.000743, ndl = 3537', bdl = 68999', odl = 7007', odf = 35305', bsi = 1143', cnt = 1217', bdch = 294711', odch = 58819', lcp = 68217', #sols = 150
<DWph=0> <it=194> <et=3.66> <Mt= 0.01> <Spt= 0.02> <nCl=150> <al=0.09> <DB= 2706.5771> <Mlp= 4142.9250> <PB=10000000> 
    RCSP exact solver info for graph G_0 : TT = 0.012267, pt = 8.6e-05, dt = 0.01012, ct = 0.000969, ndl = 3595', bdl = 71813', odl = 7189', odf = 35907', bsi = 1226', cnt = 929', bdch = 300618', odch = 58495', lcp = 70497', #sols = 149
<DWph=0> <it=195> <et=3.69> <Mt= 0.01> <Spt= 0.02> <nCl=149> <al=0.18> <DB= 2637.2953> <Mlp= 4141.3625> <PB=10000000> 
    RCSP exact solver info for graph G_0 : TT = 0.012285, pt = 0.000102, dt = 0.010097, ct = 0.000966, ndl = 3842', bdl = 77425', odl = 7148', odf = 35592', bsi = 1081', cnt = 782', bdch = 344709', odch = 64350', lcp = 78451', #sols = 150
<DWph=0> <it=196> <et=3.74> <Mt= 0.02> <Spt= 0.02> <nCl=141> <al=0.26> <DB= 3512.0145> <Mlp= 4136.1125> <PB=10000000> 
    RCSP exact solver info for graph G_0 : TT = 0.011209, pt = 6e-05, dt = 0.009033, ct = 0.000997, ndl = 3424', bdl = 66090', odl = 6612', odf = 33141', bsi = 1165', cnt = 773', bdch = 273613', odch = 53773', lcp = 64241', #sols = 150
<DWph=0> <it=197> <et=3.76> <Mt= 0.01> <Spt= 0.02> <nCl=108> <al=0.16> <DB= 3634.6517> <Mlp= 4135.5750> <PB=10000000> 
    RCSP exact solver info for graph G_0 : TT = 0.01067, pt = 6e-05, dt = 0.008529, ct = 0.001073, ndl = 3554', bdl = 69141', odl = 7009', odf = 34571', bsi = 1170', cnt = 757', bdch = 296304', odch = 55641', lcp = 69208', #sols = 150
<DWph=0> <it=198> <et=3.79> <Mt= 0.01> <Spt= 0.02> <nCl=111> <al=0.24> <DB= 3916.5973> <Mlp= 4135.4000> <PB=10000000> 
    RCSP exact solver info for graph G_0 : TT = 0.012516, pt = 6.7e-05, dt = 0.010607, ct = 0.000803, ndl = 3301', bdl = 69154', odl = 7291', odf = 36215', bsi = 1103', cnt = 1277', bdch = 293468', odch = 60856', lcp = 65149', #sols = 150
<DWph=0> <it=199> <et=3.82> <Mt= 0.00> <Spt= 0.02> <nCl= 86> <al=0.32> <DB= 3943.7080> <Mlp= 4135.3250> <PB=10000000> 
    RCSP exact solver info for graph G_0 : TT = 0.009869, pt = 5.6e-05, dt = 0.007888, ct = 0.000969, ndl = 3342', bdl = 67437', odl = 6879', odf = 34179', bsi = 1070', cnt = 910', bdch = 284052', odch = 52218', lcp = 63855', #sols = 150
<DWph=0> <it=200> <et=3.85> <Mt= 0.02> <Spt= 0.02> <nCl= 88> <al=0.39> <DB= 4084.9303> <Mlp= 4135.3250> <PB=10000000> 
    RCSP exact solver info for graph G_0 : TT = 0.010672, pt = 7e-05, dt = 0.008576, ct = 0.001029, ndl = 3402', bdl = 66570', odl = 6984', odf = 35084', bsi = 1117', cnt = 951', bdch = 283412', odch = 53615', lcp = 64032', #sols = 150
<DWph=0> <it=201> <et=3.87> <Mt= 0.00> <Spt= 0.01> <nCl= 45> <al=0.29> <DB= 4106.4202> <Mlp= 4135.3250> <PB=10000000> 
    RCSP exact solver info for graph G_0 : TT = 0.010431, pt = 5e-05, dt = 0.008497, ct = 0.000988, ndl = 3477', bdl = 67418', odl = 6971', odf = 35002', bsi = 1108', cnt = 961', bdch = 289946', odch = 55557', lcp = 66041', #sols = 150
<DWph=0> <it=202> <et=3.89> <Mt= 0.00> <Spt= 0.02> <nCl= 35> <al=0.19> <DB= 4121.3508> <Mlp= 4135.3250> <PB=10000000> 
    RCSP exact solver info for graph G_0 : TT = 0.010498, pt = 6.7e-05, dt = 0.008421, ct = 0.000958, ndl = 3501', bdl = 67912', odl = 6971', odf = 35073', bsi = 1121', cnt = 1003', bdch = 292257', odch = 56122', lcp = 66262', #sols = 150
<DWph=0> <it=203> <et=3.90> <Mt= 0.01> <Spt= 0.02> <nCl= 36> <al=0.09> <DB= 4123.1506> <Mlp= 4135.3250> <PB=10000000> 
    RCSP exact solver info for graph G_0 : TT = 0.009989, pt = 5.8e-05, dt = 0.008198, ct = 0.000861, ndl = 2840', bdl = 55072', odl = 6137', odf = 30050', bsi = 1059', cnt = 832', bdch = 214582', odch = 41260', lcp = 49063', #sols = 150
<DWph=0> <it=204> <et=3.92> <Mt= 0.00> <Spt= 0.01> <nCl= 90> <al=0.00> <DB= 4135.2750> <Mlp= 4135.2750> <PB=10000000> 
RCSP solver dynamic params and stats :  bidir.bord. = 461.4 aver.obdmd = 9.53279 aver.buck.num. = 11.123
@@ 1 0 4135.28 0.0099095 0.01141 53.3978 3.92
RCSP      solver labels distribution in 513 buckets (bucket size) : largest - 56, top 0.1% - 56, top 0.5% - 37, top 2% - 27, top 10% - 13, top 50% - 3
Reduced cost fixing for graph G_0...  TT = 0.019617, pt = 0.002391, dt = 0.016436, ct = 0, ndl = 5326', bdl = 242266', odl = 10955', odf = 51444', lpcb = 30754', cnt = 270868', bdch = 767527', odch = 70458', lcp = 96715'
71878 buck. arcs remain (85% from prev., 48% from max.) + 3636 jump buck. arcs (2.43% from max.)
Backward reduced cost fixing... 62918 buck. arcs remain (82.7% from prev., 41.7% from max.) + 8244 jump buck. arcs (5.46% from max.)
 TT = 0.079143, pt = 0.002391, dt = 0.016436, ct = 0.059358, ndl = 5326', bdl = 242266', odl = 10955', odf = 51444', lpcb = 30754', cnt = 425115', bdch = 767527', odch = 70458', lcp = 96715'
RCSP      solver labels distribution in 1085 buckets (bucket size) : largest - 56, top 0.1% - 53, top 0.5% - 37, top 2% - 25, top 10% - 11, top 50% - 3
Run forward enumeration with border = 461.4... not succeeded (ratio 0.963479) lpt = 0.128072, ndl = 60021', dl = 17808', lpcb = 1791', dch = 3299541'
 TT = 0.152024, pt = 0.019608, dt = 0.128072, ct = 0, ndl = 60021', bdl = 17808', lpcb = 1791', cnt = 300491', bdch = 3299541', odch = 0', lcp = 0'
ColGenEvalAlg final dual bound: 4135.28 (rounded: 4135.28)
In total 1 RCC cut(s) are found by the connected components heuristic 
Shrinking heuristic shrunk 82 edges
In total 2 RCC cut(s) are found by the shrinking heuristic 
In total 14 RCC cut(s) are found by the Fractional capacity min-cut heuristic 
In total 14 RCC cut(s) are found by the greedy construction heuristic 
----- Add fac. cuts : CAP(31), max.viol = 1, aver.viol = 0.467742, sep/add took 0.00917535/0.0913393 sec. -----
5957 columns (5957 active), 31 dyn. constrs. (31 active), 273 art. vars. (273 active)
<DWph=2> <it=  1> <et=4.31> <Mt= 0.03> <Spt= 0.01> <nCl= 25> <al=0.50> <DB= 2730.5716> <Mlp= 4146.6593> <PB=10000000> 
<DWph=2> <it=  2> <et=4.33> <Mt= 0.01> <Spt= 0.01> <nCl= 21> <al=0.55> <DB= 4047.3584> <Mlp= 4144.2037> <PB=10000000> 
<DWph=2> <it=  3> <et=4.35> <Mt= 0.00> <Spt= 0.01> <nCl= 10> <al=0.60> <DB= 4091.6698> <Mlp= 4144.2019> <PB=10000000> 
<DWph=2> <it=  4> <et=4.38> <Mt= 0.01> <Spt= 0.03> <nCl= 33> <al=0.27> <DB= 3998.8435> <Mlp= 4144.1766> <PB=10000000> 
<DWph=2> <it=  5> <et=4.40> <Mt= 0.01> <Spt= 0.01> <nCl= 20> <al=0.54> <DB= 4118.0686> <Mlp= 4142.4917> <PB=10000000> 
<DWph=2> <it=  6> <et=4.42> <Mt= 0.00> <Spt= 0.02> <nCl= 28> <al=0.16> <DB= 3685.6908> <Mlp= 4142.4917> <PB=10000000> 
<DWph=2> <it=  7> <et=4.45> <Mt= 0.01> <Spt= 0.01> <nCl= 11> <al=0.48> <DB= 4124.2499> <Mlp= 4141.6250> <PB=10000000> 
<DWph=2> <it=  8> <et=4.46> <Mt= 0.01> <Spt= 0.01> <nCl=  4> <al=0.53> <DB= 4140.8538> <Mlp= 4141.6250> <PB=10000000> 
<DWph=2> <it=  9> <et=4.47> <Mt= 0.00> <Spt= 0.01> <nCl= 11> <al=0.43> <DB= 3822.2645> <Mlp= 4141.6250> <PB=10000000> 
<DWph=2> <it= 10> <et=4.49> <Mt= 0.00> <Spt= 0.01> <nCl=  7> <al=0.49> <DB= 4141.2383> <Mlp= 4141.6083> <PB=10000000> 
<DWph=2> <it= 11> <et=4.50> <Mt= 0.00> <Spt= 0.01> <nCl= 18> <al=0.39> <DB= 4053.3131> <Mlp= 4141.6083> <PB=10000000> 
<DWph=2> <it= 12> <et=4.51> <Mt= 0.01> <Spt= 0.02> <nCl=  5> <al=0.45> <DB= 4137.7282> <Mlp= 4141.6083> <PB=10000000> 
<DWph=2> <it= 13> <et=4.53> <Mt= 0.00> <Spt= 0.01> <nCl=  3> <al=0.51> <DB= 4141.4210> <Mlp= 4141.6083> <PB=10000000> 
<DWph=2> <it= 14> <et=4.54> <Mt= 0.00> <Spt= 0.01> <nCl=  8> <al=0.41> <DB= 4079.2259> <Mlp= 4141.6083> <PB=10000000> 
<DWph=2> <it= 15> <et=4.55> <Mt= 0.00> <Spt= 0.01> <nCl=  5> <al=0.47> <DB= 4138.9784> <Mlp= 4141.6083> <PB=10000000> 
<DWph=2> <it= 16> <et=4.57> <Mt= 0.00> <Spt= 0.02> <nCl= 14> <al=0.04> <DB= 3546.7655> <Mlp= 4141.6083> <PB=10000000> 
<DWph=2> <it= 17> <et=4.59> <Mt= 0.01> <Spt= 0.01> <nCl=  8> <al=0.42> <DB= 3938.5786> <Mlp= 4141.6083> <PB=10000000> 
<DWph=2> <it= 18> <et=4.60> <Mt= 0.00> <Spt= 0.00> <nCl=  9> <al=0.32> <DB= 3987.0311> <Mlp= 4141.6083> <PB=10000000> 
<DWph=2> <it= 19> <et=4.62> <Mt= 0.00> <Spt= 0.03> <nCl= 24> <al=0.00> <DB= 3209.6083> <Mlp= 4141.6083> <PB=10000000> 
<DWph=2> <it= 20> <et=4.63> <Mt= 0.01> <Spt= 0.00> <nCl=  0> <al=0.12> <DB= 3209.6083> <Mlp= 4141.2700> <PB=10000000> 
<DWph=1> <it= 21> <et=4.64> <Mt= 0.00> <Spt= 0.01> <nCl= 30> <al=0.12> <DB= 3222.1217> <Mlp= 4141.2700> <PB=10000000> 
<DWph=1> <it= 22> <et=4.66> <Mt= 0.00> <Spt= 0.01> <nCl= 30> <al=0.02> <DB= 3741.7528> <Mlp= 4140.0500> <PB=10000000> 
<DWph=1> <it= 23> <et=4.67> <Mt= 0.01> <Spt= 0.01> <nCl= 25> <al=0.12> <DB= 3978.4934> <Mlp= 4140.0500> <PB=10000000> 
<DWph=1> <it= 24> <et=4.69> <Mt= 0.00> <Spt= 0.01> <nCl= 24> <al=0.21> <DB= 4022.1405> <Mlp= 4140.0500> <PB=10000000> 
<DWph=1> <it= 25> <et=4.71> <Mt= 0.00> <Spt= 0.03> <nCl= 16> <al=0.00> <DB= 4140.0500> <Mlp= 4140.0500> <PB=10000000> 
    RCSP exact solver info for graph G_0 : TT = 0.007578, pt = 4.6e-05, dt = 0.006131, ct = 0.00041, ndl = 2223', bdl = 43803', odl = 6173', odf = 31984', bsi = 1102', cnt = 1100', bdch = 160511', odch = 38410', lcp = 37132', #sols = 149
<DWph=0> <it= 26> <et=4.73> <Mt= 0.01> <Spt= 0.01> <nCl=111> <al=0.18> <DB= 2197.9775> <Mlp= 4140.0500> <PB=10000000> 
    RCSP exact solver info for graph G_0 : TT = 0.007504, pt = 6.1e-05, dt = 0.006233, ct = 0.000425, ndl = 2508', bdl = 51002', odl = 7184', odf = 36568', bsi = 1167', cnt = 1095', bdch = 196970', odch = 49405', lcp = 44830', #sols = 150
<DWph=0> <it= 27> <et=4.76> <Mt= 0.00> <Spt= 0.02> <nCl=130> <al=0.08> <DB= 3571.2529> <Mlp= 4140.0500> <PB=10000000> 
    RCSP exact solver info for graph G_0 : TT = 0.009135, pt = 7.9e-05, dt = 0.007555, ct = 0.0006, ndl = 2566', bdl = 50286', odl = 6875', odf = 35051', bsi = 1295', cnt = 1029', bdch = 186402', odch = 42676', lcp = 42942', #sols = 150
<DWph=0> <it= 28> <et=4.79> <Mt= 0.01> <Spt= 0.02> <nCl= 90> <al=0.18> <DB= 3972.4224> <Mlp= 4140.0500> <PB=10000000> 
    RCSP exact solver info for graph G_0 : TT = 0.008202, pt = 5.5e-05, dt = 0.006772, ct = 0.00047, ndl = 2560', bdl = 49531', odl = 6560', odf = 33076', bsi = 1305', cnt = 985', bdch = 179762', odch = 42248', lcp = 42592', #sols = 150
<DWph=0> <it= 29> <et=4.81> <Mt= 0.01> <Spt= 0.02> <nCl= 57> <al=0.08> <DB= 3981.2643> <Mlp= 4140.0500> <PB=10000000> 
    RCSP exact solver info for graph G_0 : TT = 0.008512, pt = 9.2e-05, dt = 0.006929, ct = 0.000499, ndl = 2445', bdl = 49511', odl = 6485', odf = 32679', bsi = 1341', cnt = 969', bdch = 168813', odch = 35047', lcp = 35688', #sols = 150
<DWph=0> <it= 30> <et=4.84> <Mt= 0.00> <Spt= 0.02> <nCl= 42> <al=0.17> <DB= 4113.2556> <Mlp= 4140.0500> <PB=10000000> 
    RCSP exact solver info for graph G_0 : TT = 0.007739, pt = 5.3e-05, dt = 0.006351, ct = 0.00054, ndl = 2519', bdl = 52229', odl = 6588', odf = 33482', bsi = 1398', cnt = 1058', bdch = 170612', odch = 35529', lcp = 34859', #sols = 150
<DWph=0> <it= 31> <et=4.86> <Mt= 0.00> <Spt= 0.02> <nCl= 15> <al=0.07> <DB= 4116.6154> <Mlp= 4140.0500> <PB=10000000> 
    RCSP exact solver info for graph G_0 : TT = 0.009461, pt = 7.7e-05, dt = 0.007307, ct = 0.000787, ndl = 2513', bdl = 51768', odl = 6577', odf = 33427', bsi = 1386', cnt = 1058', bdch = 169134', odch = 35455', lcp = 34674', #sols = 150
    RCSP exact solver info for graph G_0 : TT = 0.008023, pt = 4.8e-05, dt = 0.006432, ct = 0.000543, ndl = 2143', bdl = 44428', odl = 6198', odf = 31193', bsi = 1263', cnt = 904', bdch = 137569', odch = 29348', lcp = 28178', #sols = 150
<DWph=0> <it= 32> <et=4.89> <Mt= 0.00> <Spt= 0.04> <nCl= 81> <al=0.00> <DB= 4140.0500> <Mlp= 4140.0500> <PB=10000000> 
RCSP solver dynamic params and stats :  bidir.bord. = 502.1 aver.obdmd = 9.53279 aver.buck.num. = 11.123
@@ 1 1 4140.05 0.007248 0.008155 48.7555 4.89
    Full reduced cost fixing is not called (gap ratio is 1)
ColGenEvalAlg final dual bound: 4140.05 (rounded: 4140.05)
False gap improvement since the last cut separation : 0.011547 (4135.28)
Cut generation tailing off counter increased to 1
Current active cuts : CAP(2,25.3103)
In total 1 RCC cut(s) are found by the connected components heuristic 
Shrinking heuristic shrunk 84 edges
In total 1 RCC cut(s) are found by the shrinking heuristic 
In total 10 RCC cut(s) are found by the Fractional capacity min-cut heuristic 
In total 10 RCC cut(s) are found by the greedy construction heuristic 
In total 4 RCC cut(s) are found by the global pool greedy search heuristic 
----- Add fac. cuts : CAP(26), max.viol = 1, aver.viol = 0.538462, sep/add took 0.00957644/0.109596 sec. -----
6872 columns (6872 active), 57 dyn. constrs. (28 active), 299 art. vars. (270 active)
<DWph=2> <it=  1> <et=5.08> <Mt= 0.05> <Spt= 0.01> <nCl= 25> <al=0.50> <DB= 4081.8187> <Mlp= 4143.5875> <PB=10000000> 
<DWph=2> <it=  2> <et=5.10> <Mt= 0.00> <Spt= 0.01> <nCl= 25> <al=0.55> <DB= 4103.2419> <Mlp= 4143.5875> <PB=10000000> 
<DWph=2> <it=  3> <et=5.11> <Mt= 0.01> <Spt= 0.01> <nCl= 18> <al=0.60> <DB= 4136.6227> <Mlp= 4143.5875> <PB=10000000> 
<DWph=2> <it=  4> <et=5.13> <Mt= 0.00> <Spt= 0.01> <nCl=  8> <al=0.64> <DB= 4136.9654> <Mlp= 4143.5875> <PB=10000000> 
<DWph=2> <it=  5> <et=5.15> <Mt= 0.00> <Spt= 0.02> <nCl= 15> <al=0.67> <DB= 4140.7457> <Mlp= 4143.5824> <PB=10000000> 
<DWph=2> <it=  6> <et=5.17> <Mt= 0.01> <Spt= 0.02> <nCl= 29> <al=0.14> <DB= 4061.9465> <Mlp= 4143.5824> <PB=10000000> 
<DWph=2> <it=  7> <et=5.19> <Mt= 0.00> <Spt= 0.01> <nCl= 20> <al=0.47> <DB= 4139.9807> <Mlp= 4143.5269> <PB=10000000> 
<DWph=2> <it=  8> <et=5.22> <Mt= 0.00> <Spt= 0.03> <nCl= 32> <al=0.05> <DB= 4118.6922> <Mlp= 4143.4356> <PB=10000000> 
<DWph=2> <it=  9> <et=5.23> <Mt= 0.01> <Spt= 0.01> <nCl= 16> <al=0.42> <DB= 4100.4792> <Mlp= 4143.4069> <PB=10000000> 
<DWph=2> <it= 10> <et=5.24> <Mt= 0.00> <Spt= 0.01> <nCl=  5> <al=0.48> <DB= 4107.8237> <Mlp= 4143.4063> <PB=10000000> 
<DWph=2> <it= 11> <et=5.26> <Mt= 0.00> <Spt= 0.01> <nCl=  9> <al=0.53> <DB= 4111.4110> <Mlp= 4143.4063> <PB=10000000> 
<DWph=2> <it= 12> <et=5.27> <Mt= 0.00> <Spt= 0.01> <nCl=  5> <al=0.58> <DB= 4114.6396> <Mlp= 4143.4063> <PB=10000000> 
<DWph=2> <it= 13> <et=5.29> <Mt= 0.01> <Spt= 0.01> <nCl=  5> <al=0.62> <DB= 4143.0067> <Mlp= 4143.3472> <PB=10000000> 
<DWph=2> <it= 14> <et=5.30> <Mt= 0.00> <Spt= 0.02> <nCl= 12> <al=0.52> <DB= 4122.6916> <Mlp= 4143.3472> <PB=10000000> 
<DWph=2> <it= 15> <et=5.32> <Mt= 0.00> <Spt= 0.01> <nCl= 16> <al=0.57> <DB= 4134.0685> <Mlp= 4143.3419> <PB=10000000> 
<DWph=2> <it= 16> <et=5.35> <Mt= 0.01> <Spt= 0.02> <nCl= 14> <al=0.23> <DB= 4142.0933> <Mlp= 4143.3368> <PB=10000000> 
<DWph=2> <it= 17> <et=5.39> <Mt= 0.00> <Spt= 0.04> <nCl= 19> <al=0.00> <DB= 4143.3368> <Mlp= 4143.3368> <PB=10000000> 
<DWph=1> <it= 18> <et=5.40> <Mt= 0.00> <Spt= 0.01> <nCl= 28> <al=0.41> <DB= 3993.3368> <Mlp= 4143.3368> <PB=10000000> 
<DWph=1> <it= 19> <et=5.42> <Mt= 0.01> <Spt= 0.02> <nCl= 21> <al=0.47> <DB= 4035.0699> <Mlp= 4142.9197> <PB=10000000> 
<DWph=1> <it= 20> <et=5.44> <Mt= 0.00> <Spt= 0.01> <nCl= 18> <al=0.37> <DB= 4081.0705> <Mlp= 4142.8976> <PB=10000000> 
<DWph=1> <it= 21> <et=5.46> <Mt= 0.01> <Spt= 0.02> <nCl= 19> <al=0.27> <DB= 4109.9610> <Mlp= 4142.8909> <PB=10000000> 
<DWph=1> <it= 22> <et=5.48> <Mt= 0.00> <Spt= 0.02> <nCl= 12> <al=0.34> <DB= 4131.7588> <Mlp= 4142.8909> <PB=10000000> 
<DWph=1> <it= 23> <et=5.50> <Mt= 0.00> <Spt= 0.01> <nCl=  5> <al=0.41> <DB= 4134.0606> <Mlp= 4142.8841> <PB=10000000> 
<DWph=1> <it= 24> <et=5.53> <Mt= 0.00> <Spt= 0.03> <nCl= 14> <al=0.00> <DB= 4142.8841> <Mlp= 4142.8841> <PB=10000000> 
    RCSP exact solver info for graph G_0 : TT = 0.010123, pt = 5.5e-05, dt = 0.008499, ct = 0.000568, ndl = 2340', bdl = 51871', odl = 5869', odf = 28917', bsi = 1288', cnt = 785', bdch = 161702', odch = 29563', lcp = 32475', #sols = 150
<DWph=0> <it= 25> <et=5.56> <Mt= 0.00> <Spt= 0.03> <nCl= 85> <al=0.21> <DB= 3621.3205> <Mlp= 4142.8841> <PB=10000000> 
    RCSP exact solver info for graph G_0 : TT = 0.010817, pt = 6.1e-05, dt = 0.008986, ct = 0.000683, ndl = 2489', bdl = 54622', odl = 6349', odf = 31979', bsi = 1341', cnt = 972', bdch = 174127', odch = 34272', lcp = 34220', #sols = 150
<DWph=0> <it= 26> <et=5.59> <Mt= 0.02> <Spt= 0.02> <nCl= 71> <al=0.29> <DB= 3788.1763> <Mlp= 4142.5650> <PB=10000000> 
    RCSP exact solver info for graph G_0 : TT = 0.01046, pt = 8.3e-05, dt = 0.008781, ct = 0.000519, ndl = 2394', bdl = 51070', odl = 6110', odf = 31448', bsi = 1353', cnt = 971', bdch = 160080', odch = 32397', lcp = 32010', #sols = 150
<DWph=0> <it= 27> <et=5.64> <Mt= 0.02> <Spt= 0.02> <nCl= 40> <al=0.19> <DB= 4075.0149> <Mlp= 4141.9750> <PB=10000000> 
    RCSP exact solver info for graph G_0 : TT = 0.00804, pt = 5.1e-05, dt = 0.006521, ct = 0.000638, ndl = 2437', bdl = 51892', odl = 6083', odf = 31154', bsi = 1355', cnt = 960', bdch = 161882', odch = 32737', lcp = 32381', #sols = 150
    RCSP exact solver info for graph G_0 : TT = 0.010053, pt = 5.1e-05, dt = 0.008468, ct = 0.000584, ndl = 1978', bdl = 41485', odl = 5192', odf = 26136', bsi = 1166', cnt = 751', bdch = 117781', odch = 23066', lcp = 23220', #sols = 150
<DWph=0> <it= 28> <et=5.68> <Mt= 0.01> <Spt= 0.03> <nCl= 66> <al=0.00> <DB= 4141.9750> <Mlp= 4141.9750> <PB=10000000> 
RCSP solver dynamic params and stats :  bidir.bord. = 502.1 aver.obdmd = 9.53279 aver.buck.num. = 11.123
@@ 1 2 4141.98 0.0088494 0.009669 48.7555 5.68
    Full reduced cost fixing is not called (gap ratio is 0.999999)
ColGenEvalAlg final dual bound: 4141.98 (rounded: 4141.98)
False gap improvement since the last cut separation : 0.0046497 (4140.05)
Cut generation tailing off counter increased to 2
Current active cuts : CAP(6,65.45)
Shrinking heuristic shrunk 74 edges
In total 6 RCC cut(s) are found by the Fractional capacity min-cut heuristic 
In total 6 RCC cut(s) are found by the greedy construction heuristic 
In total 1 RCC cut(s) are found by the global pool greedy search heuristic 
----- Add fac. cuts : CAP(13), max.viol = 0.25, aver.viol = 0.25, sep/add took 0.0115465/0.0643491 sec. -----
7524 columns (7524 active), 41 dyn. constrs. (20 active), 312 art. vars. (262 active)
<DWph=2> <it=  1> <et=5.82> <Mt= 0.02> <Spt= 0.02> <nCl= 18> <al=0.50> <DB= 4118.4750> <Mlp= 4142.9750> <PB=10000000> 
<DWph=2> <it=  2> <et=5.86> <Mt= 0.00> <Spt= 0.03> <nCl= 12> <al=0.00> <DB= 4142.9750> <Mlp= 4142.9750> <PB=10000000> 
<DWph=1> <it=  3> <et=5.87> <Mt= 0.00> <Spt= 0.01> <nCl= 10> <al=0.45> <DB= 4099.1489> <Mlp= 4142.9750> <PB=10000000> 
<DWph=1> <it=  4> <et=5.90> <Mt= 0.01> <Spt= 0.03> <nCl= 10> <al=0.00> <DB= 4142.9750> <Mlp= 4142.9750> <PB=10000000> 
    RCSP exact solver info for graph G_0 : TT = 0.008804, pt = 4.4e-05, dt = 0.007425, ct = 0.000514, ndl = 2041', bdl = 43215', odl = 5517', odf = 27710', bsi = 1217', cnt = 778', bdch = 125382', odch = 25537', lcp = 25302', #sols = 150
<DWph=0> <it=  5> <et=5.92> <Mt= 0.00> <Spt= 0.01> <nCl= 43> <al=0.25> <DB= 4097.9750> <Mlp= 4142.9750> <PB=10000000> 
    RCSP exact solver info for graph G_0 : TT = 0.008446, pt = 7.2e-05, dt = 0.006737, ct = 0.000474, ndl = 2100', bdl = 44501', odl = 5804', odf = 29007', bsi = 1246', cnt = 821', bdch = 134801', odch = 28059', lcp = 27647', #sols = 150
<DWph=0> <it=  6> <et=5.94> <Mt= 0.00> <Spt= 0.02> <nCl= 22> <al=0.33> <DB= 4102.9250> <Mlp= 4142.9750> <PB=10000000> 
    RCSP exact solver info for graph G_0 : TT = 0.007528, pt = 5e-05, dt = 0.006045, ct = 0.000478, ndl = 2169', bdl = 47048', odl = 5920', odf = 29643', bsi = 1292', cnt = 837', bdch = 144684', odch = 28957', lcp = 29647', #sols = 150
<DWph=0> <it=  7> <et=5.96> <Mt= 0.00> <Spt= 0.02> <nCl= 15> <al=0.39> <DB= 4101.7404> <Mlp= 4142.9750> <PB=10000000> 
    RCSP exact solver info for graph G_0 : TT = 0.008906, pt = 8.5e-05, dt = 0.007241, ct = 0.000556, ndl = 2209', bdl = 49279', odl = 5985', odf = 29960', bsi = 1334', cnt = 849', bdch = 155106', odch = 29374', lcp = 31831', #sols = 150
    RCSP exact solver info for graph G_0 : TT = 0.007431, pt = 5.1e-05, dt = 0.005886, ct = 0.000592, ndl = 1953', bdl = 41821', odl = 5191', odf = 26084', bsi = 1196', cnt = 736', bdch = 119263', odch = 22959', lcp = 23770', #sols = 150
<DWph=0> <it=  8> <et=5.99> <Mt= 0.01> <Spt= 0.03> <nCl= 60> <al=0.00> <DB= 4142.8000> <Mlp= 4142.8000> <PB=10000000> 
RCSP solver dynamic params and stats :  bidir.bord. = 502.1 aver.obdmd = 9.53279 aver.buck.num. = 11.123
@@ 1 3 4142.8 0.0071896 0.007939 48.7555 5.99
    Full reduced cost fixing is not called (gap ratio is 0.999999)
ColGenEvalAlg final dual bound: 4142.8 (rounded: 4142.8)
False gap improvement since the last cut separation : 0.0019918 (4141.98)
----- Cut separators priority level decreased to 2-----
Current active cuts : CAP(4,93.8459)
Shrinking heuristic shrunk 81 edges
In total 3 RCC cut(s) are found by the Fractional capacity min-cut heuristic 
In total 1 RCC cut(s) are found by the greedy construction heuristic 
avgVertexMem: 8 , colsForbidden = 0, phase-I = 0, phase-II = 0, colNonElem = 0, colElem = 18, TT =  0.006098
----- Add fac. cuts : CAP(4), max.viol = 0.5, aver.viol = 0.5, sep/add took 0.0120426/0.0230652 sec. -----
7714 columns (7714 active), 24 dyn. constrs. (9 active), 316 art. vars. (251 active)
<DWph=2> <it=  1> <et=6.09> <Mt= 0.01> <Spt= 0.02> <nCl=  8> <al=0.00> <DB= 4143.0250> <Mlp= 4143.0250> <PB=10000000> 
<DWph=1> <it=  2> <et=6.12> <Mt= 0.00> <Spt= 0.02> <nCl=  0> <al=0.00> <DB= 4143.0250> <Mlp= 4143.0250> <PB=10000000> 
    RCSP exact solver info for graph G_0 : TT = 0.007235, pt = 4.2e-05, dt = 0.005899, ct = 0.00045, ndl = 1962', bdl = 42150', odl = 5210', odf = 26190', bsi = 1199', cnt = 738', bdch = 120743', odch = 23127', lcp = 24136', #sols = 150
    RCSP exact solver info for graph G_0 : TT = 0.009088, pt = 7.2e-05, dt = 0.007378, ct = 0.000448, ndl = 1962', bdl = 42150', odl = 5210', odf = 26190', bsi = 1199', cnt = 738', bdch = 120743', odch = 23127', lcp = 24136', #sols = 150
<DWph=0> <it=  3> <et=6.15> <Mt= 0.00> <Spt= 0.03> <nCl=  5> <al=0.00> <DB= 4143.0250> <Mlp= 4143.0250> <PB=10000000> 
RCSP solver dynamic params and stats :  bidir.bord. = 502.1 aver.obdmd = 9.53279 aver.buck.num. = 11.123
@@ 1 4 4143.02 0.0070875 0.007826 48.7555 6.15
    Full reduced cost fixing is not called (gap ratio is 0.999999)
ColGenEvalAlg final dual bound: 4143.02 (rounded: 4143.02)
False gap improvement since the last cut separation : 0.000543111 (4142.8)
Cut generation tailing off counter increased to 1
Current active cuts : CAP(5,96.95)
Shrinking heuristic shrunk 76 edges
In total 4 RCC cut(s) are found by the Fractional capacity min-cut heuristic 
In total 2 RCC cut(s) are found by the greedy construction heuristic 
ng-neighbourhood is not increased: max avg neigh size is reached 
----- Add fac. cuts : CAP(6), max.viol = 0.5, aver.viol = 0.416667, sep/add took 0.0102469/0.0353498 sec. -----
7727 columns (7727 active), 15 dyn. constrs. (11 active), 322 art. vars. (253 active)
<DWph=2> <it=  1> <et=6.26> <Mt= 0.02> <Spt= 0.02> <nCl=  4> <al=0.00> <DB= 4143.1250> <Mlp= 4143.1250> <PB=10000000> 
<DWph=1> <it=  2> <et=6.28> <Mt= 0.00> <Spt= 0.02> <nCl=  0> <al=0.00> <DB= 4143.1250> <Mlp= 4143.1250> <PB=10000000> 
    RCSP exact solver info for graph G_0 : TT = 0.006851, pt = 3.8e-05, dt = 0.005516, ct = 0.000451, ndl = 1967', bdl = 41054', odl = 5105', odf = 25710', bsi = 1201', cnt = 750', bdch = 116817', odch = 22756', lcp = 23601', #sols = 150
<DWph=0> <it=  3> <et=6.30> <Mt= 0.00> <Spt= 0.01> <nCl= 16> <al=0.30> <DB= 4131.1250> <Mlp= 4143.1250> <PB=10000000> 
    RCSP exact solver info for graph G_0 : TT = 0.008492, pt = 5.9e-05, dt = 0.006847, ct = 0.000555, ndl = 1969', bdl = 41059', odl = 5106', odf = 25721', bsi = 1201', cnt = 750', bdch = 116896', odch = 22794', lcp = 23620', #sols = 150
    RCSP exact solver info for graph G_0 : TT = 0.008021, pt = 5.8e-05, dt = 0.006324, ct = 0.00063, ndl = 1967', bdl = 41059', odl = 5107', odf = 25723', bsi = 1197', cnt = 747', bdch = 116860', odch = 22793', lcp = 23590', #sols = 150
<DWph=0> <it=  4> <et=6.33> <Mt= 0.01> <Spt= 0.03> <nCl=  2> <al=0.00> <DB= 4143.0750> <Mlp= 4143.0750> <PB=10000000> 
RCSP solver dynamic params and stats :  bidir.bord. = 502.1 aver.obdmd = 9.53279 aver.buck.num. = 11.123
@@ 1 5 4143.08 0.00677433 0.007402 48.7555 6.33
    Full reduced cost fixing is not called (gap ratio is 0.999999)
ColGenEvalAlg final dual bound: 4143.08 (rounded: 4143.08)
False gap improvement since the last cut separation : 0.000120685 (4143.02)
Cut generation tailing off counter increased to 2
Current active cuts : CAP(6,104.85)
Shrinking heuristic shrunk 74 edges
In total 1 RCC cut(s) are found by the Fractional capacity min-cut heuristic 
ng-neighbourhood is not increased: max avg neigh size is reached 
----- Add fac. cuts : CAP(1), max.viol = 0.5, aver.viol = 0.5, sep/add took 0.00668696/0.00866792 sec. -----
7749 columns (7749 active), 12 dyn. constrs. (7 active), 323 art. vars. (249 active)
<DWph=2> <it=  1> <et=6.39> <Mt= 0.02> <Spt= 0.01> <nCl= 12> <al=0.50> <DB= 4138.0917> <Mlp= 4143.1083> <PB=10000000> 
<DWph=2> <it=  2> <et=6.41> <Mt= 0.00> <Spt= 0.01> <nCl= 13> <al=0.55> <DB= 4139.4900> <Mlp= 4143.1083> <PB=10000000> 
<DWph=2> <it=  3> <et=6.44> <Mt= 0.01> <Spt= 0.03> <nCl=  6> <al=0.00> <DB= 4143.1000> <Mlp= 4143.1000> <PB=10000000> 
<DWph=1> <it=  4> <et=6.46> <Mt= 0.00> <Spt= 0.02> <nCl=  0> <al=0.00> <DB= 4143.1000> <Mlp= 4143.1000> <PB=10000000> 
    RCSP exact solver info for graph G_0 : TT = 0.008283, pt = 5.1e-05, dt = 0.006564, ct = 0.000563, ndl = 1936', bdl = 40822', odl = 5121', odf = 25668', bsi = 1189', cnt = 738', bdch = 116016', odch = 22471', lcp = 23329', #sols = 150
    RCSP exact solver info for graph G_0 : TT = 0.00853, pt = 7.2e-05, dt = 0.006934, ct = 0.000459, ndl = 1936', bdl = 40822', odl = 5121', odf = 25668', bsi = 1189', cnt = 738', bdch = 116016', odch = 22471', lcp = 23329', #sols = 150
<DWph=0> <it=  5> <et=6.49> <Mt= 0.00> <Spt= 0.03> <nCl= 14> <al=0.00> <DB= 4143.1000> <Mlp= 4143.1000> <PB=10000000> 
RCSP solver dynamic params and stats :  bidir.bord. = 502.1 aver.obdmd = 9.53279 aver.buck.num. = 11.123
@@ 1 6 4143.1 0.00726 0.007393 48.7555 6.49
    Full reduced cost fixing is not called (gap ratio is 0.999999)
ColGenEvalAlg final dual bound: 4143.1 (rounded: 4143.1)
False gap improvement since the last cut separation : 6.03417e-05 (4143.08)
----- Cut separators priority level decreased to 1-----
Current active cuts : CAP(7,103.733)
Shrinking heuristic shrunk 73 edges
ng-neighbourhood is not increased: max avg neigh size is reached 
150 Rank-1 3-rows pack. cuts added ,  max viol. = 0.5, aver. viol. = 0.5
----- Add fac. cuts : R1C(150), max.viol = 0.5, aver.viol = 0.5, sep/add took 0.00804118/0.317428 sec. -----
7794 columns (7794 active), 157 dyn. constrs. (157 active), 473 art. vars. (399 active)
<DWph=2> <it=  1> <et=6.93> <Mt= 0.08> <Spt= 0.01> <nCl= 18> <al=0.50> <DB= 2952.8972> <Mlp= 4175.8025> <PB=10000000> 
<DWph=2> <it=  2> <et=7.00> <Mt= 0.06> <Spt= 0.02> <nCl= 13> <al=0.55> <DB= 3985.9738> <Mlp= 4169.0594> <PB=10000000> 
<DWph=2> <it=  3> <et=7.02> <Mt= 0.01> <Spt= 0.01> <nCl= 27> <al=0.60> <DB= 3055.4923> <Mlp= 4168.6542> <PB=10000000> 
<DWph=2> <it=  4> <et=7.04> <Mt= 0.00> <Spt= 0.01> <nCl= 16> <al=0.64> <DB= 4014.9522> <Mlp= 4168.5975> <PB=10000000> 
<DWph=2> <it=  5> <et=7.06> <Mt= 0.01> <Spt= 0.02> <nCl= 18> <al=0.67> <DB= 4011.7341> <Mlp= 4167.3453> <PB=10000000> 
<DWph=2> <it=  6> <et=7.10> <Mt= 0.03> <Spt= 0.01> <nCl= 12> <al=0.70> <DB= 4146.5272> <Mlp= 4166.7081> <PB=10000000> 
<DWph=2> <it=  7> <et=7.11> <Mt= 0.00> <Spt= 0.01> <nCl= 22> <al=0.60> <DB= 4063.5442> <Mlp= 4166.7081> <PB=10000000> 
<DWph=2> <it=  8> <et=7.14> <Mt= 0.01> <Spt= 0.01> <nCl= 19> <al=0.64> <DB= 4120.1610> <Mlp= 4165.5527> <PB=10000000> 
<DWph=2> <it=  9> <et=7.23> <Mt= 0.07> <Spt= 0.02> <nCl= 28> <al=0.36> <DB= 4152.7599> <Mlp= 4163.7222> <PB=10000000> 
<DWph=2> <it= 10> <et=7.24> <Mt= 0.00> <Spt= 0.01> <nCl= 11> <al=0.58> <DB= 4155.2155> <Mlp= 4163.7222> <PB=10000000> 
<DWph=2> <it= 11> <et=7.26> <Mt= 0.00> <Spt= 0.02> <nCl= 18> <al=0.62> <DB= 3917.1383> <Mlp= 4163.7000> <PB=10000000> 
<DWph=2> <it= 12> <et=7.33> <Mt= 0.04> <Spt= 0.03> <nCl= 33> <al=0.00> <DB= 3023.7000> <Mlp= 4163.7000> <PB=10000000> 
<DWph=2> <it= 13> <et=7.37> <Mt= 0.03> <Spt= 0.01> <nCl=  9> <al=0.56> <DB= 4162.7420> <Mlp= 4163.7000> <PB=10000000> 
<DWph=2> <it= 14> <et=7.39> <Mt= 0.01> <Spt= 0.01> <nCl= 14> <al=0.46> <DB= 3872.1951> <Mlp= 4163.7000> <PB=10000000> 
<DWph=2> <it= 15> <et=7.43> <Mt= 0.02> <Spt= 0.02> <nCl= 14> <al=0.51> <DB= 3949.9257> <Mlp= 4163.6235> <PB=10000000> 
<DWph=2> <it= 16> <et=7.47> <Mt= 0.02> <Spt= 0.02> <nCl= 21> <al=0.12> <DB= 3446.5337> <Mlp= 4163.3992> <PB=10000000> 
<DWph=2> <it= 17> <et=7.49> <Mt= 0.01> <Spt= 0.01> <nCl=  3> <al=0.46> <DB= 4101.9407> <Mlp= 4163.3275> <PB=10000000> 
<DWph=2> <it= 18> <et=7.50> <Mt= 0.00> <Spt= 0.01> <nCl=  9> <al=0.52> <DB= 4102.9447> <Mlp= 4163.1333> <PB=10000000> 
<DWph=2> <it= 19> <et=7.52> <Mt= 0.01> <Spt= 0.01> <nCl=  9> <al=0.56> <DB= 4148.5944> <Mlp= 4163.1333> <PB=10000000> 
<DWph=2> <it= 20> <et=7.55> <Mt= 0.00> <Spt= 0.02> <nCl= 15> <al=0.22> <DB= 3958.9504> <Mlp= 4163.1333> <PB=10000000> 
<DWph=2> <it= 21> <et=7.58> <Mt= 0.01> <Spt= 0.02> <nCl= 12> <al=0.02> <DB= 4108.0205> <Mlp= 4163.1333> <PB=10000000> 
<DWph=2> <it= 22> <et=7.60> <Mt= 0.00> <Spt= 0.03> <nCl= 23> <al=0.00> <DB= 3293.1333> <Mlp= 4163.1333> <PB=10000000> 
<DWph=2> <it= 23> <et=7.65> <Mt= 0.05> <Spt= 0.00> <nCl=  0> <al=0.31> <DB= 3293.1333> <Mlp= 4162.8104> <PB=10000000> 
<DWph=1> <it= 24> <et=7.67> <Mt= 0.00> <Spt= 0.01> <nCl= 30> <al=0.31> <DB= 2648.3089> <Mlp= 4162.8104> <PB=10000000> 
<DWph=1> <it= 25> <et=7.70> <Mt= 0.02> <Spt= 0.02> <nCl= 30> <al=0.38> <DB= 3722.5234> <Mlp= 4161.7636> <PB=10000000> 
<DWph=1> <it= 26> <et=7.79> <Mt= 0.07> <Spt= 0.02> <nCl= 26> <al=0.44> <DB= 3021.6910> <Mlp= 4158.4667> <PB=10000000> 
<DWph=1> <it= 27> <et=7.89> <Mt= 0.08> <Spt= 0.02> <nCl= 12> <al=0.50> <DB= 3921.6908> <Mlp= 4158.3833> <PB=10000000> 
<DWph=1> <it= 28> <et=7.99> <Mt= 0.08> <Spt= 0.02> <nCl= 29> <al=0.40> <DB= 3710.5322> <Mlp= 4158.2611> <PB=10000000> 
<DWph=1> <it= 29> <et=8.09> <Mt= 0.08> <Spt= 0.01> <nCl= 11> <al=0.46> <DB= 3923.2985> <Mlp= 4158.0555> <PB=10000000> 
<DWph=1> <it= 30> <et=8.11> <Mt= 0.01> <Spt= 0.02> <nCl= 13> <al=0.36> <DB= 4064.0681> <Mlp= 4158.0219> <PB=10000000> 
<DWph=1> <it= 31> <et=8.13> <Mt= 0.00> <Spt= 0.01> <nCl=  7> <al=0.42> <DB= 4035.5791> <Mlp= 4158.0202> <PB=10000000> 
<DWph=1> <it= 32> <et=8.17> <Mt= 0.01> <Spt= 0.03> <nCl= 32> <al=0.00> <DB= 3769.8096> <Mlp= 4158.0202> <PB=10000000> 
<DWph=1> <it= 33> <et=8.18> <Mt= 0.00> <Spt= 0.02> <nCl=  2> <al=0.38> <DB= 4130.8768> <Mlp= 4158.0202> <PB=10000000> 
<DWph=1> <it= 34> <et=8.20> <Mt= 0.00> <Spt= 0.01> <nCl=  4> <al=0.44> <DB= 4146.0621> <Mlp= 4158.0202> <PB=10000000> 
<DWph=1> <it= 35> <et=8.23> <Mt= 0.01> <Spt= 0.03> <nCl= 30> <al=0.00> <DB= 3769.8096> <Mlp= 4158.0202> <PB=10000000> 
<DWph=1> <it= 36> <et=8.29> <Mt= 0.04> <Spt= 0.02> <nCl=  8> <al=0.24> <DB= 4148.6983> <Mlp= 4157.8211> <PB=10000000> 
<DWph=1> <it= 37> <et=8.33> <Mt= 0.01> <Spt= 0.02> <nCl= 28> <al=0.00> <DB= 3821.1842> <Mlp= 4157.8158> <PB=10000000> 
<DWph=1> <it= 38> <et=8.41> <Mt= 0.04> <Spt= 0.04> <nCl= 18> <al=0.00> <DB= 3821.1842> <Mlp= 4157.8158> <PB=10000000> 
<DWph=1> <it= 39> <et=8.51> <Mt= 0.11> <Spt= 0.00> <nCl=  0> <al=0.12> <DB= 3821.1842> <Mlp= 4156.4579> <PB=10000000> 
    RCSP exact solver info for graph G_0 : TT = 0.016865, pt = 0.001188, dt = 0.013555, ct = 0.001071, ndl = 3481', bdl = 72259', odl = 7736', odf = 38393', bsi = 1437', cnt = 1514', bdch = 279792', odch = 61793', lcp = 61538', #sols = 150
<DWph=0> <it= 40> <et=8.55> <Mt= 0.00> <Spt= 0.04> <nCl=150> <al=0.12> <DB= 3378.8372> <Mlp= 4156.4579> <PB=10000000> 
    RCSP exact solver info for graph G_0 : TT = 0.013944, pt = 0.001121, dt = 0.010558, ct = 0.001116, ndl = 3034', bdl = 66693', odl = 6854', odf = 33493', bsi = 1284', cnt = 1267', bdch = 234861', odch = 43837', lcp = 48217', #sols = 149
<DWph=0> <it= 41> <et=8.66> <Mt= 0.07> <Spt= 0.03> <nCl=145> <al=0.20> <DB= 3408.9477> <Mlp= 4156.4342> <PB=10000000> 
    RCSP exact solver info for graph G_0 : TT = 0.013372, pt = 0.001007, dt = 0.010118, ct = 0.001225, ndl = 3537', bdl = 71880', odl = 7923', odf = 39361', bsi = 1298', cnt = 1540', bdch = 283876', odch = 63296', lcp = 60409', #sols = 150
<DWph=0> <it= 42> <et=8.83> <Mt= 0.14> <Spt= 0.03> <nCl= 90> <al=0.10> <DB= 3864.7533> <Mlp= 4155.0250> <PB=10000000> 
    RCSP exact solver info for graph G_0 : TT = 0.012719, pt = 0.001018, dt = 0.009759, ct = 0.000929, ndl = 3410', bdl = 69394', odl = 7467', odf = 36738', bsi = 1327', cnt = 1753', bdch = 263014', odch = 54855', lcp = 55792', #sols = 150
<DWph=0> <it= 43> <et=8.86> <Mt= 0.01> <Spt= 0.03> <nCl= 45> <al=0.19> <DB= 3873.0228> <Mlp= 4155.0250> <PB=10000000> 
    RCSP exact solver info for graph G_0 : TT = 0.013881, pt = 0.00112, dt = 0.010751, ct = 0.001007, ndl = 3229', bdl = 68097', odl = 7293', odf = 35851', bsi = 1314', cnt = 1469', bdch = 246625', odch = 50240', lcp = 50738', #sols = 150
<DWph=0> <it= 44> <et=8.90> <Mt= 0.00> <Spt= 0.03> <nCl=102> <al=0.27> <DB= 4050.2470> <Mlp= 4155.0250> <PB=10000000> 
    RCSP exact solver info for graph G_0 : TT = 0.01572, pt = 0.001828, dt = 0.011606, ct = 0.001145, ndl = 3185', bdl = 66325', odl = 7219', odf = 35469', bsi = 1307', cnt = 1482', bdch = 239199', odch = 49201', lcp = 49334', #sols = 150
    RCSP exact solver info for graph G_0 : TT = 0.012741, pt = 0.000954, dt = 0.00989, ct = 0.000948, ndl = 2507', bdl = 51830', odl = 5829', odf = 27968', bsi = 1208', cnt = 1019', bdch = 163826', odch = 30691', lcp = 34291', #sols = 150
<DWph=0> <it= 45> <et=8.95> <Mt= 0.01> <Spt= 0.05> <nCl= 87> <al=0.00> <DB= 4155.0250> <Mlp= 4155.0250> <PB=10000000> 
RCSP solver dynamic params and stats :  bidir.bord. = 513 aver.obdmd = 9.53279 aver.buck.num. = 11.123 nbR1C = 18 with avMem = 19
@@ 1 7 4155.03 0.011954 0.014626 48.7555 8.95
    Full reduced cost fixing is not called (gap ratio is 0.999998)
ColGenEvalAlg final dual bound: 4155.03 (rounded: 4155.03)
False gap improvement since the last cut separation : 0.0287828 (4143.1)
Current active cuts : CAP(5,95.05) R1C(18,84.4036) 3rowPackR1C(18)
In total 4 RCC cut(s) are found by the connected components heuristic 
Shrinking heuristic shrunk 88 edges
In total 9 RCC cut(s) are found by the Fractional capacity min-cut heuristic 
In total 4 RCC cut(s) are found by the greedy construction heuristic 
In total 9 RCC cut(s) are found by the global pool greedy search heuristic 
1 Rank-1 1-rows pack. cuts added ,  max viol. = 0.25, aver. viol. = 0.25
150 Rank-1 3-rows pack. cuts added ,  max viol. = 0.5, aver. viol. = 0.5
----- Add fac. cuts : CAP(26) R1C(151), max.viol = 1, aver.viol = 0.507062, sep/add took 0.018991/0.631544 sec. -----
9057 columns (9057 active), 334 dyn. constrs. (201 active), 650 art. vars. (443 active)
<DWph=2> <it=  1> <et=9.78> <Mt= 0.14> <Spt= 0.01> <nCl= 17> <al=0.50> <DB= 3811.0240> <Mlp= 4166.7731> <PB=10000000> 
<DWph=2> <it=  2> <et=9.80> <Mt= 0.00> <Spt= 0.02> <nCl= 11> <al=0.55> <DB= 3714.8491> <Mlp= 4166.7731> <PB=10000000> 
<DWph=2> <it=  3> <et=9.86> <Mt= 0.04> <Spt= 0.02> <nCl= 12> <al=0.60> <DB= 4159.1610> <Mlp= 4165.2374> <PB=10000000> 
<DWph=2> <it=  4> <et=9.89> <Mt= 0.02> <Spt= 0.02> <nCl= 24> <al=0.50> <DB= 4023.6209> <Mlp= 4164.9736> <PB=10000000> 
<DWph=2> <it=  5> <et=9.93> <Mt= 0.02> <Spt= 0.01> <nCl= 18> <al=0.55> <DB= 3993.5619> <Mlp= 4164.0403> <PB=10000000> 
<DWph=2> <it=  6> <et=9.95> <Mt= 0.01> <Spt= 0.02> <nCl=  6> <al=0.59> <DB= 4150.4615> <Mlp= 4163.9472> <PB=10000000> 
<DWph=2> <it=  7> <et=9.99> <Mt= 0.00> <Spt= 0.03> <nCl= 25> <al=0.26> <DB= 3345.1128> <Mlp= 4163.9449> <PB=10000000> 
<DWph=2> <it=  8> <et=10.03> <Mt= 0.01> <Spt= 0.03> <nCl= 23> <al=0.06> <DB= 3832.4750> <Mlp= 4163.9405> <PB=10000000> 
<DWph=2> <it=  9> <et=10.06> <Mt= 0.01> <Spt= 0.03> <nCl= 28> <al=0.00> <DB= 4079.9405> <Mlp= 4163.9405> <PB=10000000> 
<DWph=2> <it= 10> <et=10.08> <Mt= 0.00> <Spt= 0.01> <nCl=  7> <al=0.33> <DB= 4161.7029> <Mlp= 4163.9405> <PB=10000000> 
<DWph=2> <it= 11> <et=10.12> <Mt= 0.00> <Spt= 0.03> <nCl= 10> <al=0.00> <DB= 4163.9405> <Mlp= 4163.9405> <PB=10000000> 
<DWph=1> <it= 12> <et=10.14> <Mt= 0.01> <Spt= 0.02> <nCl= 27> <al=0.30> <DB= 3244.4239> <Mlp= 4163.9405> <PB=10000000> 
<DWph=1> <it= 13> <et=10.27> <Mt= 0.11> <Spt= 0.03> <nCl= 16> <al=0.37> <DB= 3690.1040> <Mlp= 4161.5272> <PB=10000000> 
<DWph=1> <it= 14> <et=10.30> <Mt= 0.01> <Spt= 0.01> <nCl= 15> <al=0.27> <DB= 4006.1318> <Mlp= 4161.1708> <PB=10000000> 
<DWph=1> <it= 15> <et=10.33> <Mt= 0.00> <Spt= 0.02> <nCl= 10> <al=0.34> <DB= 4108.1458> <Mlp= 4161.1500> <PB=10000000> 
<DWph=1> <it= 16> <et=10.35> <Mt= 0.01> <Spt= 0.02> <nCl= 30> <al=0.24> <DB= 3797.2752> <Mlp= 4161.0941> <PB=10000000> 
<DWph=1> <it= 17> <et=10.38> <Mt= 0.01> <Spt= 0.02> <nCl= 14> <al=0.32> <DB= 4131.1153> <Mlp= 4161.0941> <PB=10000000> 
<DWph=1> <it= 18> <et=10.40> <Mt= 0.00> <Spt= 0.02> <nCl=  7> <al=0.39> <DB= 4127.5785> <Mlp= 4161.0895> <PB=10000000> 
<DWph=1> <it= 19> <et=10.43> <Mt= 0.01> <Spt= 0.02> <nCl= 20> <al=0.45> <DB= 2718.6872> <Mlp= 4161.0895> <PB=10000000> 
<DWph=1> <it= 20> <et=10.46> <Mt= 0.01> <Spt= 0.02> <nCl= 22> <al=0.50> <DB= 3318.8833> <Mlp= 4161.0895> <PB=10000000> 
<DWph=1> <it= 21> <et=10.48> <Mt= 0.00> <Spt= 0.02> <nCl=  6> <al=0.40> <DB= 4133.1386> <Mlp= 4161.0895> <PB=10000000> 
<DWph=1> <it= 22> <et=10.50> <Mt= 0.01> <Spt= 0.01> <nCl=  9> <al=0.46> <DB= 4096.5024> <Mlp= 4161.0895> <PB=10000000> 
<DWph=1> <it= 23> <et=10.52> <Mt= 0.00> <Spt= 0.02> <nCl=  2> <al=0.52> <DB= 4154.7986> <Mlp= 4161.0895> <PB=10000000> 
<DWph=1> <it= 24> <et=10.57> <Mt= 0.01> <Spt= 0.04> <nCl= 17> <al=0.00> <DB= 3879.9076> <Mlp= 4161.0818> <PB=10000000> 
<DWph=1> <it= 25> <et=10.61> <Mt= 0.00> <Spt= 0.03> <nCl= 12> <al=0.00> <DB= 3893.3755> <Mlp= 4161.0818> <PB=10000000> 
<DWph=1> <it= 26> <et=10.65> <Mt= 0.01> <Spt= 0.04> <nCl= 11> <al=0.00> <DB= 3904.4076> <Mlp= 4161.0818> <PB=10000000> 
<DWph=1> <it= 27> <et=10.69> <Mt= 0.00> <Spt= 0.04> <nCl= 11> <al=0.00> <DB= 3971.5378> <Mlp= 4161.0818> <PB=10000000> 
<DWph=1> <it= 28> <et=10.73> <Mt= 0.01> <Spt= 0.03> <nCl=  3> <al=0.00> <DB= 4161.0818> <Mlp= 4161.0818> <PB=10000000> 
    RCSP exact solver info for graph G_0 : TT = 0.011058, pt = 0.000651, dt = 0.008643, ct = 0.000856, ndl = 2648', bdl = 57630', odl = 6208', odf = 29352', bsi = 1247', cnt = 1403', bdch = 183473', odch = 33401', lcp = 36238', #sols = 150
<DWph=0> <it= 29> <et=10.77> <Mt= 0.00> <Spt= 0.03> <nCl=100> <al=0.00> <DB= 3861.0818> <Mlp= 4161.0818> <PB=10000000> 
    RCSP exact solver info for graph G_0 : TT = 0.012741, pt = 0.000657, dt = 0.010295, ct = 0.000968, ndl = 2685', bdl = 53428', odl = 6840', odf = 33763', bsi = 1336', cnt = 1677', bdch = 183510', odch = 38412', lcp = 38653', #sols = 150
<DWph=0> <it= 30> <et=10.82> <Mt= 0.01> <Spt= 0.04> <nCl= 92> <al=0.00> <DB= 3788.7684> <Mlp= 4160.7684> <PB=10000000> 
    RCSP exact solver info for graph G_0 : TT = 0.013369, pt = 0.000884, dt = 0.010335, ct = 0.000992, ndl = 2705', bdl = 54312', odl = 6659', odf = 32833', bsi = 1262', cnt = 1347', bdch = 185739', odch = 38778', lcp = 38817', #sols = 150
<DWph=0> <it= 31> <et=10.87> <Mt= 0.02> <Spt= 0.03> <nCl= 65> <al=0.02> <DB= 4043.6407> <Mlp= 4160.6895> <PB=10000000> 
    RCSP exact solver info for graph G_0 : TT = 0.012787, pt = 0.000786, dt = 0.010211, ct = 0.000827, ndl = 2801', bdl = 55901', odl = 6758', odf = 33421', bsi = 1296', cnt = 1649', bdch = 194802', odch = 40335', lcp = 41036', #sols = 150
    RCSP exact solver info for graph G_0 : TT = 0.010324, pt = 0.000588, dt = 0.007995, ct = 0.000721, ndl = 2612', bdl = 52707', odl = 6835', odf = 33500', bsi = 1258', cnt = 1312', bdch = 183161', odch = 38572', lcp = 37892', #sols = 150
<DWph=0> <it= 32> <et=10.92> <Mt= 0.00> <Spt= 0.06> <nCl= 79> <al=0.00> <DB= 4160.6895> <Mlp= 4160.6895> <PB=10000000> 
RCSP solver dynamic params and stats :  bidir.bord. = 487.4 aver.obdmd = 9.53279 aver.buck.num. = 11.123 nbR1C = 13 with avMem = 15.2308
@@ 1 8 4160.69 0.0103686 0.011327 48.7555 10.92
    Full reduced cost fixing is not called (gap ratio is 0.999997)
ColGenEvalAlg final dual bound: 4160.69 (rounded: 4160.69)
False gap improvement since the last cut separation : 0.0136328 (4155.03)
Separator R1C not in maximum phase
Cut generation tailing off counter increased to 0
Current active cuts : CAP(6,112.258) R1C(1+12,81.4579) 1rowPackR1C(1) 3rowPackR1C(12)
Shrinking heuristic shrunk 61 edges
In total 9 RCC cut(s) are found by the Fractional capacity min-cut heuristic 
In total 6 RCC cut(s) are found by the greedy construction heuristic 
In total 6 RCC cut(s) are found by the global pool greedy search heuristic 
7 Rank-1 1-rows pack. cuts added ,  max viol. = 0.0263158, aver. viol. = 0.0263158
150 Rank-1 3-rows pack. cuts added ,  max viol. = 0.5, aver. viol. = 0.333684
Building structures for heuristic rank-1 packing cut separation...done!
100 Rank-1 4-rows pack. cuts added ,  max viol. = 0.5, aver. viol. = 0.271579
----- Add fac. cuts : CAP(21) R1C(257), max.viol = 0.842105, aver.viol = 0.317493, sep/add took 0.0497722/0.863235 sec. -----
9806 columns (9806 active), 479 dyn. constrs. (298 active), 928 art. vars. (540 active)
<DWph=2> <it=  1> <et=12.05> <Mt= 0.16> <Spt= 0.02> <nCl= 13> <al=0.50> <DB= 3876.6831> <Mlp= 4174.6767> <PB=10000000> 
<DWph=2> <it=  2> <et=12.08> <Mt= 0.01> <Spt= 0.01> <nCl= 13> <al=0.55> <DB= 3923.6837> <Mlp= 4174.6767> <PB=10000000> 
<DWph=2> <it=  3> <et=12.11> <Mt= 0.02> <Spt= 0.02> <nCl=  9> <al=0.60> <DB= 3980.2643> <Mlp= 4174.6767> <PB=10000000> 
<DWph=2> <it=  4> <et=12.14> <Mt= 0.01> <Spt= 0.02> <nCl=  4> <al=0.64> <DB= 4019.3068> <Mlp= 4174.6767> <PB=10000000> 
<DWph=2> <it=  5> <et=12.30> <Mt= 0.11> <Spt= 0.04> <nCl= 42> <al=0.34> <DB= 2543.6771> <Mlp= 4174.2567> <PB=10000000> 
<DWph=2> <it=  6> <et=12.39> <Mt= 0.08> <Spt= 0.02> <nCl= 10> <al=0.57> <DB= 3972.0002> <Mlp= 4174.2136> <PB=10000000> 
<DWph=2> <it=  7> <et=12.47> <Mt= 0.05> <Spt= 0.02> <nCl= 10> <al=0.61> <DB= 4087.7933> <Mlp= 4173.4356> <PB=10000000> 
<DWph=2> <it=  8> <et=12.50> <Mt= 0.02> <Spt= 0.02> <nCl= 11> <al=0.65> <DB= 4074.1220> <Mlp= 4173.0437> <PB=10000000> 
<DWph=2> <it=  9> <et=12.54> <Mt= 0.01> <Spt= 0.02> <nCl=  8> <al=0.69> <DB= 4167.5740> <Mlp= 4172.9398> <PB=10000000> 
<DWph=2> <it= 10> <et=12.57> <Mt= 0.01> <Spt= 0.02> <nCl= 16> <al=0.59> <DB= 3255.7198> <Mlp= 4172.9398> <PB=10000000> 
<DWph=2> <it= 11> <et=12.60> <Mt= 0.02> <Spt= 0.02> <nCl=  4> <al=0.63> <DB= 4094.3520> <Mlp= 4172.0565> <PB=10000000> 
<DWph=2> <it= 12> <et=12.63> <Mt= 0.00> <Spt= 0.02> <nCl=  5> <al=0.53> <DB= 4106.7026> <Mlp= 4172.0565> <PB=10000000> 
<DWph=2> <it= 13> <et=12.67> <Mt= 0.02> <Spt= 0.02> <nCl=  7> <al=0.43> <DB= 4118.9025> <Mlp= 4171.7926> <PB=10000000> 
<DWph=2> <it= 14> <et=12.69> <Mt= 0.01> <Spt= 0.02> <nCl=  3> <al=0.33> <DB= 4131.2019> <Mlp= 4171.7556> <PB=10000000> 
<DWph=2> <it= 15> <et=12.72> <Mt= 0.00> <Spt= 0.02> <nCl= 12> <al=0.23> <DB= 4131.9615> <Mlp= 4171.7296> <PB=10000000> 
<DWph=2> <it= 16> <et=12.74> <Mt= 0.01> <Spt= 0.02> <nCl=  3> <al=0.31> <DB= 4134.0072> <Mlp= 4171.7296> <PB=10000000> 
<DWph=2> <it= 17> <et=12.79> <Mt= 0.01> <Spt= 0.03> <nCl= 36> <al=0.00> <DB= 3896.1252> <Mlp= 4171.7198> <PB=10000000> 
<DWph=2> <it= 18> <et=12.84> <Mt= 0.00> <Spt= 0.02> <nCl=  3> <al=0.11> <DB= 4158.6342> <Mlp= 4171.7198> <PB=10000000> 
<DWph=2> <it= 19> <et=12.86> <Mt= 0.01> <Spt= 0.02> <nCl=  5> <al=0.01> <DB= 4021.1027> <Mlp= 4171.7198> <PB=10000000> 
<DWph=2> <it= 20> <et=12.91> <Mt= 0.00> <Spt= 0.04> <nCl= 17> <al=0.00> <DB= 4159.7198> <Mlp= 4171.7198> <PB=10000000> 
<DWph=2> <it= 21> <et=12.93> <Mt= 0.00> <Spt= 0.02> <nCl=  3> <al=0.01> <DB= 4160.4700> <Mlp= 4171.7198> <PB=10000000> 
<DWph=2> <it= 22> <et=12.97> <Mt= 0.01> <Spt= 0.03> <nCl= 16> <al=0.00> <DB= 4159.7111> <Mlp= 4171.7111> <PB=10000000> 
<DWph=2> <it= 23> <et=13.01> <Mt= 0.00> <Spt= 0.03> <nCl=  6> <al=0.00> <DB= 4171.7099> <Mlp= 4171.7099> <PB=10000000> 
<DWph=1> <it= 24> <et=13.03> <Mt= 0.00> <Spt= 0.03> <nCl= 30> <al=0.00> <DB= 2927.8658> <Mlp= 4171.7099> <PB=10000000> 
<DWph=1> <it= 25> <et=13.10> <Mt= 0.05> <Spt= 0.02> <nCl= 30> <al=0.00> <DB= 3742.6455> <Mlp= 4171.3727> <PB=10000000> 
<DWph=1> <it= 26> <et=13.14> <Mt= 0.01> <Spt= 0.03> <nCl= 26> <al=0.01> <DB= 3908.6044> <Mlp= 4171.3545> <PB=10000000> 
<DWph=1> <it= 27> <et=13.18> <Mt= 0.01> <Spt= 0.02> <nCl= 30> <al=0.11> <DB= 3948.4575> <Mlp= 4171.3545> <PB=10000000> 
<DWph=1> <it= 28> <et=13.21> <Mt= 0.01> <Spt= 0.02> <nCl= 23> <al=0.01> <DB= 3817.9898> <Mlp= 4171.3545> <PB=10000000> 
<DWph=1> <it= 29> <et=13.26> <Mt= 0.02> <Spt= 0.03> <nCl= 30> <al=0.11> <DB= 3962.8656> <Mlp= 4171.2870> <PB=10000000> 
<DWph=1> <it= 30> <et=13.29> <Mt= 0.02> <Spt= 0.02> <nCl= 14> <al=0.20> <DB= 4065.6947> <Mlp= 4171.2697> <PB=10000000> 
<DWph=1> <it= 31> <et=13.32> <Mt= 0.00> <Spt= 0.03> <nCl= 15> <al=0.10> <DB= 4145.6268> <Mlp= 4171.2667> <PB=10000000> 
<DWph=1> <it= 32> <et=13.35> <Mt= 0.01> <Spt= 0.02> <nCl=  6> <al=0.00> <DB= 4159.2509> <Mlp= 4171.2515> <PB=10000000> 
<DWph=1> <it= 33> <et=13.37> <Mt= 0.00> <Spt= 0.02> <nCl= 10> <al=0.00> <DB= 4111.2515> <Mlp= 4171.2515> <PB=10000000> 
<DWph=1> <it= 34> <et=13.39> <Mt= 0.00> <Spt= 0.02> <nCl=  9> <al=0.01> <DB= 4159.2515> <Mlp= 4171.2515> <PB=10000000> 
<DWph=1> <it= 35> <et=13.43> <Mt= 0.02> <Spt= 0.02> <nCl= 14> <al=0.00> <DB= 4104.7485> <Mlp= 4171.2485> <PB=10000000> 
<DWph=1> <it= 36> <et=13.46> <Mt= 0.00> <Spt= 0.02> <nCl=  6> <al=0.02> <DB= 4168.2594> <Mlp= 4171.2000> <PB=10000000> 
<DWph=1> <it= 37> <et=13.50> <Mt= 0.01> <Spt= 0.04> <nCl=  4> <al=0.00> <DB= 4171.2000> <Mlp= 4171.2000> <PB=10000000> 
    RCSP exact solver info for graph G_0 : TT = 0.011758, pt = 0.001018, dt = 0.008895, ct = 0.000915, ndl = 3039', bdl = 60148', odl = 6452', odf = 32109', bsi = 1379', cnt = 1858', bdch = 225103', odch = 42266', lcp = 48418', #sols = 150
<DWph=0> <it= 38> <et=13.55> <Mt= 0.00> <Spt= 0.04> <nCl=113> <al=0.02> <DB= 3295.2000> <Mlp= 4171.2000> <PB=10000000> 
    RCSP exact solver info for graph G_0 : TT = 0.014275, pt = 0.001654, dt = 0.010279, ct = 0.001335, ndl = 3208', bdl = 66789', odl = 6973', odf = 35278', bsi = 1498', cnt = 2058', bdch = 239010', odch = 44443', lcp = 48329', #sols = 150
<DWph=0> <it= 39> <et=13.73> <Mt= 0.12> <Spt= 0.06> <nCl=142> <al=0.12> <DB= 3775.7573> <Mlp= 4170.3163> <PB=10000000> 
    RCSP exact solver info for graph G_0 : TT = 0.015169, pt = 0.001565, dt = 0.011442, ct = 0.001077, ndl = 3403', bdl = 69641', odl = 6809', odf = 34686', bsi = 1549', cnt = 2235', bdch = 257035', odch = 47478', lcp = 50410', #sols = 150
<DWph=0> <it= 40> <et=13.79> <Mt= 0.03> <Spt= 0.04> <nCl= 90> <al=0.20> <DB= 3998.2962> <Mlp= 4169.9500> <PB=10000000> 
    RCSP exact solver info for graph G_0 : TT = 0.015425, pt = 0.001649, dt = 0.011372, ct = 0.001383, ndl = 3474', bdl = 66555', odl = 6761', odf = 34619', bsi = 1466', cnt = 2275', bdch = 256156', odch = 51238', lcp = 54237', #sols = 150
<DWph=0> <it= 41> <et=13.84> <Mt= 0.01> <Spt= 0.04> <nCl= 67> <al=0.28> <DB= 4121.2176> <Mlp= 4169.9233> <PB=10000000> 
    RCSP exact solver info for graph G_0 : TT = 0.014856, pt = 0.002379, dt = 0.010464, ct = 0.000986, ndl = 3074', bdl = 62804', odl = 6379', odf = 32296', bsi = 1376', cnt = 1874', bdch = 225845', odch = 45096', lcp = 47075', #sols = 150
<DWph=0> <it= 42> <et=13.88> <Mt= 0.00> <Spt= 0.03> <nCl= 35> <al=0.18> <DB= 4157.4891> <Mlp= 4169.9200> <PB=10000000> 
    RCSP exact solver info for graph G_0 : TT = 0.013447, pt = 0.001349, dt = 0.010154, ct = 0.000962, ndl = 3059', bdl = 66117', odl = 6419', odf = 32379', bsi = 1434', cnt = 1785', bdch = 233739', odch = 42906', lcp = 46497', #sols = 150
    RCSP exact solver info for graph G_0 : TT = 0.012899, pt = 0.001634, dt = 0.009371, ct = 0.000754, ndl = 2828', bdl = 54645', odl = 6095', odf = 30125', bsi = 1323', cnt = 1574', bdch = 194004', odch = 39270', lcp = 42069', #sols = 150
<DWph=0> <it= 43> <et=13.95> <Mt= 0.01> <Spt= 0.07> <nCl= 81> <al=0.00> <DB= 4169.9200> <Mlp= 4169.9200> <PB=10000000> 
RCSP solver dynamic params and stats :  bidir.bord. = 496.4 aver.obdmd = 9.53279 aver.buck.num. = 11.123 nbR1C = 31 with avMem = 19.0968
@@ 1 9 4169.92 0.0113413 0.012755 48.7555 13.95
    Full reduced cost fixing is not called (gap ratio is 0.999997)
ColGenEvalAlg final dual bound: 4169.92 (rounded: 4169.92)
False gap improvement since the last cut separation : 0.0221851 (4160.69)
Current active cuts : CAP(5,140.93) R1C(3+28,162.08) 1rowPackR1C(3) 3rowPackR1C(16) 4rowPackR1C(12)
Shrinking heuristic shrunk 45 edges
In total 2 RCC cut(s) are found by the global pool greedy search heuristic 
6 Rank-1 1-rows pack. cuts added ,  max viol. = 0.3, aver. viol. = 0.133333
150 Rank-1 3-rows pack. cuts added ,  max viol. = 0.4, aver. viol. = 0.241333
Building structures for heuristic rank-1 packing cut separation...done!
100 Rank-1 4-rows pack. cuts added ,  max viol. = 0.3, aver. viol. = 0.218
----- Add fac. cuts : CAP(2) R1C(256), max.viol = 0.4, aver.viol = 0.233721, sep/add took 0.0635664/0.54441 sec. -----
10833 columns (7432 active), 556 dyn. constrs. (298 active), 1186 art. vars. (540 active)
<DWph=2> <it=  1> <et=14.78> <Mt= 0.11> <Spt= 0.02> <nCl= 18> <al=0.50> <DB= 4092.4905> <Mlp= 4173.4610> <PB=10000000> 
<DWph=2> <it=  2> <et=14.81> <Mt= 0.01> <Spt= 0.02> <nCl= 12> <al=0.55> <DB= 4112.2335> <Mlp= 4173.4610> <PB=10000000> 
<DWph=2> <it=  3> <et=14.84> <Mt= 0.02> <Spt= 0.02> <nCl= 10> <al=0.60> <DB= 4148.0087> <Mlp= 4173.4180> <PB=10000000> 
<DWph=2> <it=  4> <et=14.87> <Mt= 0.00> <Spt= 0.02> <nCl=  6> <al=0.64> <DB= 4160.6974> <Mlp= 4173.4180> <PB=10000000> 
<DWph=2> <it=  5> <et=14.90> <Mt= 0.01> <Spt= 0.01> <nCl=  9> <al=0.67> <DB= 4167.1281> <Mlp= 4173.4095> <PB=10000000> 
<DWph=2> <it=  6> <et=14.92> <Mt= 0.01> <Spt= 0.02> <nCl=  3> <al=0.70> <DB= 4153.9300> <Mlp= 4173.3616> <PB=10000000> 
<DWph=2> <it=  7> <et=14.98> <Mt= 0.01> <Spt= 0.05> <nCl= 35> <al=0.00> <DB= 3851.7576> <Mlp= 4173.3576> <PB=10000000> 
<DWph=2> <it=  8> <et=15.00> <Mt= 0.01> <Spt= 0.01> <nCl=  8> <al=0.63> <DB= 4169.7582> <Mlp= 4173.3576> <PB=10000000> 
<DWph=2> <it=  9> <et=15.05> <Mt= 0.00> <Spt= 0.05> <nCl= 22> <al=0.00> <DB= 3969.3576> <Mlp= 4173.3576> <PB=10000000> 
<DWph=2> <it= 10> <et=15.11> <Mt= 0.01> <Spt= 0.05> <nCl=  7> <al=0.00> <DB= 4173.3576> <Mlp= 4173.3576> <PB=10000000> 
<DWph=1> <it= 11> <et=15.13> <Mt= 0.00> <Spt= 0.02> <nCl= 17> <al=0.47> <DB= 3938.7144> <Mlp= 4173.3576> <PB=10000000> 
<DWph=1> <it= 12> <et=15.33> <Mt= 0.17> <Spt= 0.03> <nCl= 20> <al=0.37> <DB= 4086.2308> <Mlp= 4173.1843> <PB=10000000> 
<DWph=1> <it= 13> <et=15.37> <Mt= 0.02> <Spt= 0.02> <nCl= 22> <al=0.27> <DB= 4054.6568> <Mlp= 4173.1664> <PB=10000000> 
<DWph=1> <it= 14> <et=15.40> <Mt= 0.01> <Spt= 0.02> <nCl=  9> <al=0.34> <DB= 4143.2688> <Mlp= 4173.1480> <PB=10000000> 
<DWph=1> <it= 15> <et=15.44> <Mt= 0.00> <Spt= 0.03> <nCl=  8> <al=0.00> <DB= 4173.1477> <Mlp= 4173.1477> <PB=10000000> 
    RCSP exact solver info for graph G_0 : TT = 0.016077, pt = 0.001658, dt = 0.012275, ct = 0.001146, ndl = 3452', bdl = 70128', odl = 6872', odf = 34085', bsi = 1481', cnt = 2320', bdch = 257972', odch = 50471', lcp = 52123', #sols = 150
<DWph=0> <it= 16> <et=15.49> <Mt= 0.00> <Spt= 0.06> <nCl=120> <al=0.14> <DB= 3572.0568> <Mlp= 4173.1477> <PB=10000000> 
    RCSP exact solver info for graph G_0 : TT = 0.01975, pt = 0.002836, dt = 0.014677, ct = 0.001194, ndl = 3521', bdl = 72632', odl = 7196', odf = 35359', bsi = 1546', cnt = 2664', bdch = 281650', odch = 54559', lcp = 58072', #sols = 150
<DWph=0> <it= 17> <et=15.64> <Mt= 0.09> <Spt= 0.06> <nCl=150> <al=0.04> <DB= 3440.6198> <Mlp= 4172.7889> <PB=10000000> 
    RCSP exact solver info for graph G_0 : TT = 0.015967, pt = 0.0024, dt = 0.011102, ct = 0.001253, ndl = 3542', bdl = 72901', odl = 6802', odf = 34064', bsi = 1412', cnt = 2468', bdch = 269053', odch = 48873', lcp = 53612', #sols = 150
<DWph=0> <it= 18> <et=15.71> <Mt= 0.01> <Spt= 0.06> <nCl=120> <al=0.14> <DB= 3967.7940> <Mlp= 4172.7889> <PB=10000000> 
    RCSP exact solver info for graph G_0 : TT = 0.014615, pt = 0.001947, dt = 0.010603, ct = 0.001057, ndl = 3666', bdl = 79645', odl = 7295', odf = 36444', bsi = 1446', cnt = 2320', bdch = 299441', odch = 54870', lcp = 57615', #sols = 150
<DWph=0> <it= 19> <et=15.85> <Mt= 0.07> <Spt= 0.06> <nCl=141> <al=0.23> <DB= 3862.9382> <Mlp= 4172.6476> <PB=10000000> 
    RCSP exact solver info for graph G_0 : TT = 0.016915, pt = 0.002189, dt = 0.012383, ct = 0.001112, ndl = 3470', bdl = 73048', odl = 6801', odf = 34221', bsi = 1418', cnt = 2242', bdch = 264472', odch = 49909', lcp = 52750', #sols = 150
<DWph=0> <it= 20> <et=15.96> <Mt= 0.07> <Spt= 0.04> <nCl= 79> <al=0.30> <DB= 4108.1984> <Mlp= 4172.6125> <PB=10000000> 
    RCSP exact solver info for graph G_0 : TT = 0.017441, pt = 0.002218, dt = 0.013011, ct = 0.001026, ndl = 3563', bdl = 75283', odl = 7667', odf = 38606', bsi = 1451', cnt = 2373', bdch = 278352', odch = 59279', lcp = 54554', #sols = 150
<DWph=0> <it= 21> <et=16.09> <Mt= 0.07> <Spt= 0.06> <nCl= 86> <al=0.20> <DB= 4109.0484> <Mlp= 4172.4773> <PB=10000000> 
    RCSP exact solver info for graph G_0 : TT = 0.017989, pt = 0.002499, dt = 0.013125, ct = 0.001186, ndl = 3819', bdl = 76468', odl = 7965', odf = 39819', bsi = 1481', cnt = 2908', bdch = 302096', odch = 66397', lcp = 61666', #sols = 150
<DWph=0> <it= 22> <et=16.16> <Mt= 0.02> <Spt= 0.05> <nCl=134> <al=0.28> <DB= 4146.8688> <Mlp= 4172.3500> <PB=10000000> 
    RCSP exact solver info for graph G_0 : TT = 0.015762, pt = 0.002077, dt = 0.011379, ct = 0.001026, ndl = 3822', bdl = 82230', odl = 7739', odf = 38307', bsi = 1436', cnt = 2737', bdch = 322211', odch = 62337', lcp = 63343', #sols = 150
<DWph=0> <it= 23> <et=16.22> <Mt= 0.01> <Spt= 0.05> <nCl=104> <al=0.18> <DB= 4158.5525> <Mlp= 4172.3500> <PB=10000000> 
    RCSP exact solver info for graph G_0 : TT = 0.017918, pt = 0.002273, dt = 0.012408, ct = 0.001772, ndl = 3582', bdl = 75160', odl = 7103', odf = 35346', bsi = 1479', cnt = 2787', bdch = 279717', odch = 52202', lcp = 55622', #sols = 150
<DWph=0> <it= 24> <et=16.25> <Mt= 0.00> <Spt= 0.04> <nCl= 24> <al=0.08> <DB= 4158.9828> <Mlp= 4172.3000> <PB=10000000> 
    RCSP exact solver info for graph G_0 : TT = 0.016784, pt = 0.002221, dt = 0.01216, ct = 0.001067, ndl = 3570', bdl = 74975', odl = 7065', odf = 35124', bsi = 1474', cnt = 2754', bdch = 279063', odch = 51691', lcp = 55436', #sols = 150
    RCSP exact solver info for graph G_0 : TT = 0.014789, pt = 0.001716, dt = 0.010431, ct = 0.00134, ndl = 3115', bdl = 65760', odl = 6771', odf = 33139', bsi = 1411', cnt = 2069', bdch = 229980', odch = 41049', lcp = 44650', #sols = 150
<DWph=0> <it= 25> <et=16.33> <Mt= 0.00> <Spt= 0.06> <nCl= 91> <al=0.00> <DB= 4172.3000> <Mlp= 4172.3000> <PB=10000000> 
RCSP solver dynamic params and stats :  bidir.bord. = 518.2 aver.obdmd = 9.53279 aver.buck.num. = 11.123 nbR1C = 46 with avMem = 21.9565
@@ 1 10 4172.3 0.0133394 0.015871 48.7555 16.33
    Full reduced cost fixing is not called (gap ratio is 0.999996)
ColGenEvalAlg final dual bound: 4172.3 (rounded: 4172.3)
False gap improvement since the last cut separation : 0.00570754 (4169.92)
Separator R1C not in maximum phase
Cut generation tailing off counter increased to 0
Current active cuts : CAP(6,160.062) R1C(4+42,167.348) 1rowPackR1C(4) 3rowPackR1C(26) 4rowPackR1C(16)
In total 7 RCC cut(s) are found by the connected components heuristic 
Shrinking heuristic shrunk 103 edges
In total 16 RCC cut(s) are found by the Fractional capacity min-cut heuristic 
In total 10 RCC cut(s) are found by the greedy construction heuristic 
In total 11 RCC cut(s) are found by the global pool greedy search heuristic 
150 Rank-1 3-rows pack. cuts added ,  max viol. = 0.5, aver. viol. = 0.5
Building structures for heuristic rank-1 packing cut separation...done!
47 Rank-1 4-rows pack. cuts added ,  max viol. = 0.5, aver. viol. = 0.5
100 Rank-1 5-rows pack. cuts added ,  max viol. = 0.5, aver. viol. = 0.5
----- Add fac. cuts : CAP(44) R1C(297), max.viol = 1, aver.viol = 0.536657, sep/add took 0.157359/1.23037 sec. -----
12088 columns (8687 active), 639 dyn. constrs. (393 active), 1527 art. vars. (635 active)
<DWph=2> <it=  1> <et=17.91> <Mt= 0.10> <Spt= 0.03> <nCl= 18> <al=0.50> <DB= 4170.7500> <Mlp= 4172.6286> <PB=10000000> 
<DWph=2> <it=  2> <et=17.95> <Mt= 0.03> <Spt= 0.02> <nCl= 17> <al=0.55> <DB= 4169.6338> <Mlp= 4172.6286> <PB=10000000> 
<DWph=2> <it=  3> <et=18.01> <Mt= 0.01> <Spt= 0.04> <nCl= 14> <al=0.19> <DB= 4172.5661> <Mlp= 4172.6286> <PB=10000000> 
<DWph=2> <it=  4> <et=18.06> <Mt= 0.01> <Spt= 0.04> <nCl= 11> <al=0.00> <DB= 4172.6286> <Mlp= 4172.6286> <PB=10000000> 
<DWph=1> <it=  5> <et=18.09> <Mt= 0.00> <Spt= 0.03> <nCl= 11> <al=0.40> <DB= 4170.9611> <Mlp= 4172.6286> <PB=10000000> 
<DWph=1> <it=  6> <et=18.14> <Mt= 0.00> <Spt= 0.05> <nCl= 21> <al=0.00> <DB= 4172.6129> <Mlp= 4172.6286> <PB=10000000> 
<DWph=1> <it=  7> <et=18.19> <Mt= 0.01> <Spt= 0.04> <nCl=  6> <al=0.00> <DB= 4172.6286> <Mlp= 4172.6286> <PB=10000000> 
    RCSP exact solver info for graph G_0 : TT = 0.015667, pt = 0.001884, dt = 0.011233, ct = 0.001225, ndl = 3663', bdl = 78085', odl = 7316', odf = 36839', bsi = 1552', cnt = 2591', bdch = 295218', odch = 56492', lcp = 57084', #sols = 150
<DWph=0> <it=  8> <et=18.27> <Mt= 0.00> <Spt= 0.08> <nCl=150> <al=0.26> <DB= 4144.4545> <Mlp= 4172.6286> <PB=10000000> 
    RCSP exact solver info for graph G_0 : TT = 0.014176, pt = 0.001451, dt = 0.010322, ct = 0.001063, ndl = 3579', bdl = 77278', odl = 7297', odf = 36519', bsi = 1497', cnt = 2501', bdch = 290888', odch = 55121', lcp = 55735', #sols = 150
    RCSP exact solver info for graph G_0 : TT = 0.014415, pt = 0.001467, dt = 0.010881, ct = 0.000992, ndl = 3168', bdl = 65735', odl = 6745', odf = 33209', bsi = 1358', cnt = 2012', bdch = 231279', odch = 43020', lcp = 44975', #sols = 150
<DWph=0> <it=  9> <et=18.38> <Mt= 0.03> <Spt= 0.09> <nCl=102> <al=0.00> <DB= 4172.6125> <Mlp= 4172.6125> <PB=10000000> 
RCSP solver dynamic params and stats :  bidir.bord. = 518.2 aver.obdmd = 9.53279 aver.buck.num. = 11.123 nbR1C = 41 with avMem = 19.7073
@@ 1 11 4172.61 0.0119053 0.012458 48.7555 18.38
    Full reduced cost fixing is not called (gap ratio is 0.999996)
ColGenEvalAlg final dual bound: 4172.61 (rounded: 4172.61)
False gap improvement since the last cut separation : 0.000748987 (4172.3)
Cut generation tailing off counter increased to 1
Current active cuts : CAP(8,168.508) R1C(4+37,174.19) 1rowPackR1C(4) 3rowPackR1C(23) 4rowPackR1C(14)
Shrinking heuristic shrunk 52 edges
In total 5 RCC cut(s) are found by the Fractional capacity min-cut heuristic 
In total 3 RCC cut(s) are found by the global pool greedy search heuristic 
2 Rank-1 1-rows pack. cuts added ,  max viol. = 0.125, aver. viol. = 0.125
150 Rank-1 3-rows pack. cuts added ,  max viol. = 0.25, aver. viol. = 0.126667
Building structures for heuristic rank-1 packing cut separation...done!
100 Rank-1 4-rows pack. cuts added ,  max viol. = 0.25, aver. viol. = 0.1325
100 Rank-1 5-rows pack. cuts added ,  max viol. = 0.25, aver. viol. = 0.1625
----- Add fac. cuts : CAP(8) R1C(352), max.viol = 0.375, aver.viol = 0.147049, sep/add took 0.253528/1.05366 sec. -----
12438 columns (9037 active), 753 dyn. constrs. (415 active), 1887 art. vars. (657 active)
<DWph=2> <it=  1> <et=19.97> <Mt= 0.20> <Spt= 0.02> <nCl= 23> <al=0.50> <DB= 4160.4914> <Mlp= 4173.5095> <PB=10000000> 
<DWph=2> <it=  2> <et=20.02> <Mt= 0.02> <Spt= 0.03> <nCl= 15> <al=0.55> <DB= 4141.0101> <Mlp= 4173.5045> <PB=10000000> 
<DWph=2> <it=  3> <et=20.06> <Mt= 0.01> <Spt= 0.02> <nCl=  6> <al=0.60> <DB= 4156.2542> <Mlp= 4173.5040> <PB=10000000> 
<DWph=2> <it=  4> <et=20.10> <Mt= 0.01> <Spt= 0.04> <nCl=  5> <al=0.27> <DB= 4173.2624> <Mlp= 4173.5040> <PB=10000000> 
<DWph=2> <it=  5> <et=20.14> <Mt= 0.01> <Spt= 0.03> <nCl= 16> <al=0.54> <DB= 4119.2760> <Mlp= 4173.4942> <PB=10000000> 
<DWph=2> <it=  6> <et=20.19> <Mt= 0.03> <Spt= 0.02> <nCl= 12> <al=0.58> <DB= 4173.3526> <Mlp= 4173.4781> <PB=10000000> 
<DWph=2> <it=  7> <et=20.23> <Mt= 0.00> <Spt= 0.03> <nCl= 20> <al=0.48> <DB= 4155.9837> <Mlp= 4173.4781> <PB=10000000> 
<DWph=2> <it=  8> <et=20.26> <Mt= 0.02> <Spt= 0.02> <nCl= 11> <al=0.53> <DB= 4160.9260> <Mlp= 4173.4742> <PB=10000000> 
<DWph=2> <it=  9> <et=20.34> <Mt= 0.00> <Spt= 0.07> <nCl= 14> <al=0.00> <DB= 4173.4711> <Mlp= 4173.4711> <PB=10000000> 
<DWph=1> <it= 10> <et=20.38> <Mt= 0.01> <Spt= 0.03> <nCl= 25> <al=0.48> <DB= 4072.4184> <Mlp= 4173.4711> <PB=10000000> 
<DWph=1> <it= 11> <et=20.43> <Mt= 0.02> <Spt= 0.03> <nCl= 16> <al=0.38> <DB= 4132.7749> <Mlp= 4173.4686> <PB=10000000> 
<DWph=1> <it= 12> <et=20.45> <Mt= 0.00> <Spt= 0.02> <nCl=  5> <al=0.28> <DB= 4159.5597> <Mlp= 4173.4682> <PB=10000000> 
<DWph=1> <it= 13> <et=20.51> <Mt= 0.01> <Spt= 0.05> <nCl=  3> <al=0.00> <DB= 4173.4682> <Mlp= 4173.4682> <PB=10000000> 
    RCSP exact solver info for graph G_0 : TT = 0.015862, pt = 0.001711, dt = 0.011291, ct = 0.001529, ndl = 3876', bdl = 83654', odl = 7227', odf = 35446', bsi = 1505', cnt = 3006', bdch = 330169', odch = 59986', lcp = 64246', #sols = 150
<DWph=0> <it= 14> <et=20.59> <Mt= 0.00> <Spt= 0.09> <nCl=150> <al=0.25> <DB= 3859.1318> <Mlp= 4173.4682> <PB=10000000> 
    RCSP exact solver info for graph G_0 : TT = 0.014881, pt = 0.001731, dt = 0.010511, ct = 0.001277, ndl = 3633', bdl = 78077', odl = 6869', odf = 33863', bsi = 1440', cnt = 2488', bdch = 290169', odch = 52613', lcp = 56332', #sols = 150
<DWph=0> <it= 15> <et=20.72> <Mt= 0.04> <Spt= 0.08> <nCl=146> <al=0.15> <DB= 3161.4961> <Mlp= 4173.3677> <PB=10000000> 
    RCSP exact solver info for graph G_0 : TT = 0.019099, pt = 0.002579, dt = 0.013625, ct = 0.001472, ndl = 4118', bdl = 87911', odl = 7471', odf = 36887', bsi = 1502', cnt = 3006', bdch = 357588', odch = 65497', lcp = 70101', #sols = 150
<DWph=0> <it= 16> <et=20.89> <Mt= 0.09> <Spt= 0.08> <nCl=111> <al=0.24> <DB= 4098.8336> <Mlp= 4173.3331> <PB=10000000> 
    RCSP exact solver info for graph G_0 : TT = 0.020275, pt = 0.0029, dt = 0.014839, ct = 0.001096, ndl = 3787', bdl = 79650', odl = 7517', odf = 37045', bsi = 1383', cnt = 2949', bdch = 313711', odch = 62914', lcp = 62027', #sols = 150
<DWph=0> <it= 17> <et=21.03> <Mt= 0.06> <Spt= 0.08> <nCl=129> <al=0.14> <DB= 4094.2841> <Mlp= 4173.3234> <PB=10000000> 
    RCSP exact solver info for graph G_0 : TT = 0.018011, pt = 0.002825, dt = 0.012506, ct = 0.001218, ndl = 3965', bdl = 85487', odl = 7324', odf = 36121', bsi = 1394', cnt = 2900', bdch = 336838', odch = 62355', lcp = 67359', #sols = 150
<DWph=0> <it= 18> <et=21.14> <Mt= 0.04> <Spt= 0.06> <nCl= 77> <al=0.22> <DB= 4146.4535> <Mlp= 4173.2807> <PB=10000000> 
    RCSP exact solver info for graph G_0 : TT = 0.020625, pt = 0.002859, dt = 0.015266, ct = 0.001147, ndl = 3753', bdl = 83353', odl = 7331', odf = 36026', bsi = 1350', cnt = 2465', bdch = 321864', odch = 58331', lcp = 63512', #sols = 150
<DWph=0> <it= 19> <et=21.27> <Mt= 0.07> <Spt= 0.06> <nCl= 55> <al=0.30> <DB= 4161.9893> <Mlp= 4173.2715> <PB=10000000> 
    RCSP exact solver info for graph G_0 : TT = 0.017512, pt = 0.002573, dt = 0.012559, ct = 0.00106, ndl = 3953', bdl = 86548', odl = 7676', odf = 37412', bsi = 1356', cnt = 2604', bdch = 353118', odch = 65259', lcp = 71379', #sols = 150
<DWph=0> <it= 20> <et=21.35> <Mt= 0.03> <Spt= 0.05> <nCl= 44> <al=0.37> <DB= 4169.8163> <Mlp= 4173.2000> <PB=10000000> 
    RCSP exact solver info for graph G_0 : TT = 0.018916, pt = 0.00283, dt = 0.013334, ct = 0.001217, ndl = 3755', bdl = 83448', odl = 7400', odf = 36277', bsi = 1345', cnt = 2513', bdch = 326180', odch = 59176', lcp = 65264', #sols = 150
    RCSP exact solver info for graph G_0 : TT = 0.015182, pt = 0.001734, dt = 0.010969, ct = 0.001179, ndl = 3593', bdl = 75676', odl = 7004', odf = 33943', bsi = 1345', cnt = 2178', bdch = 291083', odch = 52963', lcp = 58704', #sols = 150
<DWph=0> <it= 21> <et=21.45> <Mt= 0.01> <Spt= 0.10> <nCl= 97> <al=0.00> <DB= 4173.2000> <Mlp= 4173.2000> <PB=10000000> 
RCSP solver dynamic params and stats :  bidir.bord. = 518.2 aver.obdmd = 9.53279 aver.buck.num. = 11.123 nbR1C = 46 with avMem = 23.0435
@@ 1 12 4173.2 0.0140106 0.016413 48.7555 21.45
    Full reduced cost fixing is not called (gap ratio is 0.999996)
ColGenEvalAlg final dual bound: 4173.2 (rounded: 4173.2)
False gap improvement since the last cut separation : 0.00140799 (4172.61)
Cut generation tailing off counter increased to 2
Current active cuts : CAP(9,196.588) R1C(3+43,175.57) 1rowPackR1C(3) 3rowPackR1C(24) 4rowPackR1C(15) 5rowPackR1C(4)
In total 11 RCC cut(s) are found by the connected components heuristic 
Shrinking heuristic shrunk 103 edges
In total 16 RCC cut(s) are found by the Fractional capacity min-cut heuristic 
In total 4 RCC cut(s) are found by the greedy construction heuristic 
In total 16 RCC cut(s) are found by the global pool greedy search heuristic 
8 Rank-1 3-rows pack. cuts added ,  max viol. = 0.5, aver. viol. = 0.5
Building structures for heuristic rank-1 packing cut separation...done!
5 Rank-1 4-rows pack. cuts added ,  max viol. = 0.5, aver. viol. = 0.5
100 Rank-1 5-rows pack. cuts added ,  max viol. = 0.5, aver. viol. = 0.2925
----- Add fac. cuts : CAP(47) R1C(113), max.viol = 1, aver.viol = 0.59375, sep/add took 0.165256/0.86109 sec. -----
13418 columns (10017 active), 575 dyn. constrs. (219 active), 2047 art. vars. (461 active)
<DWph=2> <it=  1> <et=22.82> <Mt= 0.11> <Spt= 0.03> <nCl= 24> <al=0.50> <DB= 4167.3110> <Mlp= 4173.4220> <PB=10000000> 
<DWph=2> <it=  2> <et=22.91> <Mt= 0.01> <Spt= 0.07> <nCl= 33> <al=0.00> <DB= 4173.4185> <Mlp= 4173.4185> <PB=10000000> 
<DWph=1> <it=  3> <et=22.96> <Mt= 0.00> <Spt= 0.05> <nCl=  2> <al=0.00> <DB= 4173.4185> <Mlp= 4173.4185> <PB=10000000> 
    RCSP exact solver info for graph G_0 : TT = 0.015009, pt = 0.001637, dt = 0.010782, ct = 0.001366, ndl = 3434', bdl = 74926', odl = 6986', odf = 33691', bsi = 1352', cnt = 1993', bdch = 277020', odch = 50291', lcp = 54183', #sols = 150
    RCSP exact solver info for graph G_0 : TT = 0.016198, pt = 0.001667, dt = 0.012139, ct = 0.001072, ndl = 3434', bdl = 74926', odl = 6986', odf = 33691', bsi = 1352', cnt = 1993', bdch = 277020', odch = 50291', lcp = 54183', #sols = 150
<DWph=0> <it=  4> <et=23.04> <Mt= 0.01> <Spt= 0.08> <nCl= 50> <al=0.00> <DB= 4173.4185> <Mlp= 4173.4185> <PB=10000000> 
RCSP solver dynamic params and stats :  bidir.bord. = 518.2 aver.obdmd = 9.53279 aver.buck.num. = 11.123 nbR1C = 44 with avMem = 22.7273
@@ 1 13 4173.42 0.0126795 0.013211 48.7555 23.04
    Full reduced cost fixing is not called (gap ratio is 0.999996)
ColGenEvalAlg final dual bound: 4173.42 (rounded: 4173.42)
False gap improvement since the last cut separation : 0.00052347 (4173.2)
----- Cut generation is stopped due to tailing off -----
Current active cuts : CAP(10,199.235) R1C(3+41,173.865) 1rowPackR1C(3) 3rowPackR1C(23) 4rowPackR1C(15) 5rowPackR1C(3)
**** Strong branching phase 3 is started *****
**** SB phase 3 evaluation of candidate 1, branch 1 ( [ colGenSp ] >= 9 ), value = 1e+12
<DWph=2> <it=  1> <et=23.38> <Mt= 0.02> <Spt= 0.02> <nCl=  5> <al=0.50> <DB= 4173.3420> <Mlp= 4173.4436> <PB=10000000> 
<DWph=2> <it=  2> <et=23.40> <Mt= 0.00> <Spt= 0.03> <nCl=  7> <al=0.40> <DB= 4173.3267> <Mlp= 4173.4436> <PB=10000000> 
<DWph=2> <it=  3> <et=23.43> <Mt= 0.01> <Spt= 0.02> <nCl= 10> <al=0.30> <DB= 4173.1868> <Mlp= 4173.4436> <PB=10000000> 
<DWph=2> <it=  4> <et=23.46> <Mt= 0.00> <Spt= 0.03> <nCl=  6> <al=0.20> <DB= 4173.3400> <Mlp= 4173.4436> <PB=10000000> 
<DWph=2> <it=  5> <et=23.49> <Mt= 0.00> <Spt= 0.02> <nCl=  2> <al=0.10> <DB= 4173.2809> <Mlp= 4173.4436> <PB=10000000> 
<DWph=2> <it=  6> <et=23.52> <Mt= 0.01> <Spt= 0.03> <nCl=  6> <al=0.00> <DB= 4173.2656> <Mlp= 4173.4436> <PB=10000000> 
<DWph=2> <it=  7> <et=23.54> <Mt= 0.00> <Spt= 0.02> <nCl=  2> <al=0.00> <DB= 4173.4430> <Mlp= 4173.4430> <PB=10000000> 
<DWph=1> <it=  8> <et=23.57> <Mt= 0.00> <Spt= 0.03> <nCl=  6> <al=0.00> <DB= 4173.4430> <Mlp= 4173.4430> <PB=10000000> 
    RCSP exact solver info for graph G_0 : TT = 0.024408, pt = 0.001715, dt = 0.020509, ct = 0.001158, ndl = 3323', bdl = 71792', odl = 6796', odf = 33041', bsi = 1368', cnt = 2326', bdch = 264437', odch = 48766', lcp = 51661', #sols = 141
<DWph=0> <it=  9> <et=23.61> <Mt= 0.01> <Spt= 0.03> <nCl= 55> <al=0.00> <DB= 4173.4430> <Mlp= 4173.4430> <PB=10000000> 
RCSP solver dynamic params and stats :  bidir.bord. = 518.2 aver.obdmd = 9.53279 aver.buck.num. = 11.123 nbR1C = 44 with avMem = 22.7273
@@ 2 0 4173.44 0.021667 0.021667 44.8065 23.61
    Full reduced cost fixing is not called (gap ratio is 0.999996)
ColGenEvalAlg final dual bound: 4173.44 (rounded: 4173.44)
Current active cuts : CAP(10,200.989) R1C(3+41,173.259) 1rowPackR1C(3) 3rowPackR1C(23) 4rowPackR1C(15) 5rowPackR1C(3)
5 Rank-1 1-rows pack. cuts added ,  max viol. = 0.103597, aver. viol. = 0.0503597
150 Rank-1 3-rows pack. cuts added ,  max viol. = 0.328777, aver. viol. = 0.146175
In total 1 RCC cut(s) are found by the connected components heuristic 
Shrinking heuristic shrunk 43 edges
In total 3 RCC cut(s) are found by the Fractional capacity min-cut heuristic 
In total 2 RCC cut(s) are found by the greedy construction heuristic 
In total 5 RCC cut(s) are found by the global pool greedy search heuristic 
----- Add fac. cuts : CAP(11) R1C(155), max.viol = 0.328777, aver.viol = 0.13923, sep/add took 0.0442934/0.374538 sec. -----
6819 columns (6819 active), 222 dyn. constrs. (220 active), 464 art. vars. (462 active)
<DWph=2> <it=  1> <et=24.19> <Mt= 0.09> <Spt= 0.06> <nCl= 18> <al=0.00> <DB= 4164.0013> <Mlp= 4173.5823> <PB=10000000> 
<DWph=2> <it=  2> <et=24.25> <Mt= 0.00> <Spt= 0.05> <nCl=  9> <al=0.00> <DB= 4164.0430> <Mlp= 4173.5823> <PB=10000000> 
<DWph=2> <it=  3> <et=24.30> <Mt= 0.01> <Spt= 0.05> <nCl= 10> <al=0.00> <DB= 4164.4152> <Mlp= 4173.5823> <PB=10000000> 
<DWph=2> <it=  4> <et=24.34> <Mt= 0.00> <Spt= 0.02> <nCl=  5> <al=0.20> <DB= 4164.7437> <Mlp= 4173.5823> <PB=10000000> 
<DWph=2> <it=  5> <et=24.34> <Mt= 0.01> <Spt= 0.00> <nCl=  0> <al=0.28> <DB= 4164.7437> <Mlp= 4173.5724> <PB=10000000> 
<DWph=1> <it=  6> <et=24.40> <Mt= 0.00> <Spt= 0.06> <nCl= 19> <al=0.00> <DB= 4173.5724> <Mlp= 4173.5724> <PB=10000000> 
    RCSP exact solver info for graph G_0 : TT = 0.027374, pt = 0.001744, dt = 0.023153, ct = 0.001156, ndl = 3536', bdl = 74818', odl = 6931', odf = 33675', bsi = 1379', cnt = 2465', bdch = 285262', odch = 52641', lcp = 56464', #sols = 150
<DWph=0> <it=  7> <et=24.46> <Mt= 0.00> <Spt= 0.06> <nCl= 89> <al=0.18> <DB= 4169.8066> <Mlp= 4173.5724> <PB=10000000> 
    RCSP exact solver info for graph G_0 : TT = 0.026336, pt = 0.002541, dt = 0.021484, ct = 0.000998, ndl = 3507', bdl = 76237', odl = 7146', odf = 34690', bsi = 1273', cnt = 2158', bdch = 299044', odch = 53452', lcp = 60137', #sols = 150
<DWph=0> <it=  8> <et=24.52> <Mt= 0.01> <Spt= 0.04> <nCl= 45> <al=0.26> <DB= 4171.0993> <Mlp= 4173.5613> <PB=10000000> 
    RCSP exact solver info for graph G_0 : TT = 0.023373, pt = 0.001871, dt = 0.019248, ct = 0.001002, ndl = 3486', bdl = 76858', odl = 7047', odf = 33994', bsi = 1301', cnt = 2188', bdch = 297503', odch = 54161', lcp = 58687', #sols = 150
<DWph=0> <it=  9> <et=24.57> <Mt= 0.00> <Spt= 0.05> <nCl= 51> <al=0.16> <DB= 4171.7694> <Mlp= 4173.5582> <PB=10000000> 
    RCSP exact solver info for graph G_0 : TT = 0.022756, pt = 0.001619, dt = 0.019033, ct = 0.000976, ndl = 3525', bdl = 77960', odl = 7194', odf = 34607', bsi = 1310', cnt = 2285', bdch = 304132', odch = 56355', lcp = 60071', #sols = 150
<DWph=0> <it= 10> <et=24.61> <Mt= 0.01> <Spt= 0.04> <nCl= 16> <al=0.06> <DB= 4172.2822> <Mlp= 4173.5543> <PB=10000000> 
    RCSP exact solver info for graph G_0 : TT = 0.024242, pt = 0.001652, dt = 0.020119, ct = 0.001093, ndl = 3844', bdl = 85413', odl = 7530', odf = 36675', bsi = 1376', cnt = 2452', bdch = 341807', odch = 63489', lcp = 67685', #sols = 150
    RCSP exact solver info for graph G_0 : TT = 0.024023, pt = 0.001516, dt = 0.020118, ct = 0.001098, ndl = 3323', bdl = 73714', odl = 6796', odf = 32875', bsi = 1309', cnt = 1965', bdch = 270420', odch = 48421', lcp = 52434', #sols = 150
<DWph=0> <it= 11> <et=24.72> <Mt= 0.00> <Spt= 0.10> <nCl=148> <al=0.00> <DB= 4173.5543> <Mlp= 4173.5543> <PB=10000000> 
RCSP solver dynamic params and stats :  bidir.bord. = 518.2 aver.obdmd = 9.53279 aver.buck.num. = 11.123 nbR1C = 44 with avMem = 22
@@ 2 1 4173.55 0.0215797 0.024309 44.8065 24.72
    Full reduced cost fixing is not called (gap ratio is 0.999996)
ColGenEvalAlg final dual bound: 4173.55 (rounded: 4173.55)
False gap improvement since the last cut separation : 0.000266732 (4173.44)
Separator R1C not in maximum phase
Cut generation tailing off counter increased to 0
Current active cuts : CAP(11,194.764) R1C(4+40,175.822) 1rowPackR1C(4) 3rowPackR1C(25) 4rowPackR1C(12) 5rowPackR1C(3)
3 Rank-1 1-rows pack. cuts added ,  max viol. = 0.115756, aver. viol. = 0.0932476
150 Rank-1 3-rows pack. cuts added ,  max viol. = 0.199357, aver. viol. = 0.0908253
Building structures for heuristic rank-1 packing cut separation...done!
87 Rank-1 4-rows pack. cuts added ,  max viol. = 0.221865, aver. viol. = 0.090143
100 Rank-1 5-rows pack. cuts added ,  max viol. = 0.221865, aver. viol. = 0.16455
In total 1 RCC cut(s) are found by the connected components heuristic 
Shrinking heuristic shrunk 42 edges
In total 1 RCC cut(s) are found by the Fractional capacity min-cut heuristic 
In total 3 RCC cut(s) are found by the global pool greedy search heuristic 
----- Add fac. cuts : CAP(5) R1C(340), max.viol = 0.266881, aver.viol = 0.113085, sep/add took 0.420335/0.814189 sec. -----
7229 columns (7229 active), 567 dyn. constrs. (405 active), 809 art. vars. (647 active)
<DWph=2> <it=  1> <et=26.20> <Mt= 0.20> <Spt= 0.03> <nCl= 18> <al=0.50> <DB= 4169.4695> <Mlp= 4174.0833> <PB=10000000> 
<DWph=2> <it=  2> <et=26.46> <Mt= 0.20> <Spt= 0.05> <nCl= 20> <al=0.55> <DB= 4172.0948> <Mlp= 4174.0291> <PB=10000000> 
<DWph=2> <it=  3> <et=26.51> <Mt= 0.02> <Spt= 0.04> <nCl= 18> <al=0.60> <DB= 4171.0694> <Mlp= 4174.0291> <PB=10000000> 
<DWph=2> <it=  4> <et=27.07> <Mt= 0.52> <Spt= 0.04> <nCl= 19> <al=0.64> <DB= 4172.3191> <Mlp= 4173.8333> <PB=10000000> 
<DWph=2> <it=  5> <et=27.41> <Mt= 0.27> <Spt= 0.06> <nCl= 25> <al=0.34> <DB= 4172.2475> <Mlp= 4173.8333> <PB=10000000> 
<DWph=2> <it=  6> <et=27.47> <Mt= 0.03> <Spt= 0.04> <nCl= 12> <al=0.57> <DB= 4173.5436> <Mlp= 4173.8333> <PB=10000000> 
<DWph=2> <it=  7> <et=27.52> <Mt= 0.01> <Spt= 0.03> <nCl= 14> <al=0.47> <DB= 4173.4285> <Mlp= 4173.8333> <PB=10000000> 
<DWph=2> <it=  8> <et=27.57> <Mt= 0.02> <Spt= 0.03> <nCl=  5> <al=0.52> <DB= 4173.7350> <Mlp= 4173.8333> <PB=10000000> 
<DWph=2> <it=  9> <et=27.60> <Mt= 0.01> <Spt= 0.03> <nCl= 13> <al=0.42> <DB= 4173.1518> <Mlp= 4173.8333> <PB=10000000> 
<DWph=2> <it= 10> <et=27.68> <Mt= 0.01> <Spt= 0.07> <nCl= 23> <al=0.00> <DB= 4171.7241> <Mlp= 4173.8333> <PB=10000000> 
<DWph=2> <it= 11> <et=28.00> <Mt= 0.24> <Spt= 0.07> <nCl= 17> <al=0.00> <DB= 4171.0860> <Mlp= 4173.8333> <PB=10000000> 
<DWph=2> <it= 12> <et=28.38> <Mt= 0.33> <Spt= 0.06> <nCl= 20> <al=0.00> <DB= 4173.8333> <Mlp= 4173.8333> <PB=10000000> 
<DWph=1> <it= 13> <et=28.42> <Mt= 0.00> <Spt= 0.04> <nCl= 15> <al=0.18> <DB= 4171.8093> <Mlp= 4173.8333> <PB=10000000> 
<DWph=1> <it= 14> <et=28.79> <Mt= 0.29> <Spt= 0.07> <nCl= 32> <al=0.00> <DB= 4173.8333> <Mlp= 4173.8333> <PB=10000000> 
    RCSP exact solver info for graph G_0 : TT = 0.027116, pt = 0.001963, dt = 0.02296, ct = 0.000925, ndl = 3544', bdl = 72628', odl = 7026', odf = 34513', bsi = 1343', cnt = 2272', bdch = 285017', odch = 52769', lcp = 59540', #sols = 150
<DWph=0> <it= 15> <et=28.89> <Mt= 0.00> <Spt= 0.10> <nCl=150> <al=0.16> <DB= 4154.0333> <Mlp= 4173.8333> <PB=10000000> 
    RCSP exact solver info for graph G_0 : TT = 0.02643, pt = 0.002783, dt = 0.021078, ct = 0.001302, ndl = 3758', bdl = 74942', odl = 6873', odf = 34237', bsi = 1501', cnt = 3084', bdch = 291974', odch = 53513', lcp = 60890', #sols = 150
<DWph=0> <it= 16> <et=29.33> <Mt= 0.35> <Spt= 0.09> <nCl=139> <al=0.06> <DB= 4169.6728> <Mlp= 4173.8333> <PB=10000000> 
    RCSP exact solver info for graph G_0 : TT = 0.026976, pt = 0.002426, dt = 0.022226, ct = 0.001162, ndl = 3952', bdl = 81164', odl = 7434', odf = 36723', bsi = 1460', cnt = 2861', bdch = 328958', odch = 59405', lcp = 68047', #sols = 150
<DWph=0> <it= 17> <et=29.73> <Mt= 0.32> <Spt= 0.08> <nCl=112> <al=0.16> <DB= 4172.0717> <Mlp= 4173.8333> <PB=10000000> 
    RCSP exact solver info for graph G_0 : TT = 0.026946, pt = 0.002678, dt = 0.021738, ct = 0.001301, ndl = 3958', bdl = 82916', odl = 7526', odf = 37232', bsi = 1429', cnt = 2994', bdch = 340409', odch = 62915', lcp = 71266', #sols = 150
<DWph=0> <it= 18> <et=30.16> <Mt= 0.35> <Spt= 0.08> <nCl= 98> <al=0.24> <DB= 4172.3789> <Mlp= 4173.8333> <PB=10000000> 
    RCSP exact solver info for graph G_0 : TT = 0.028868, pt = 0.003212, dt = 0.023088, ct = 0.00124, ndl = 4109', bdl = 88825', odl = 7763', odf = 38481', bsi = 1454', cnt = 3222', bdch = 368434', odch = 67772', lcp = 75684', #sols = 150
<DWph=0> <it= 19> <et=30.62> <Mt= 0.37> <Spt= 0.09> <nCl=139> <al=0.32> <DB= 4171.8857> <Mlp= 4173.8328> <PB=10000000> 
    RCSP exact solver info for graph G_0 : TT = 0.031933, pt = 0.003181, dt = 0.025691, ct = 0.0014, ndl = 4270', bdl = 92426', odl = 8385', odf = 40820', bsi = 1533', cnt = 3922', bdch = 423129', odch = 80539', lcp = 86577', #sols = 150
<DWph=0> <it= 20> <et=30.74> <Mt= 0.02> <Spt= 0.10> <nCl=138> <al=0.39> <DB= 4171.5028> <Mlp= 4173.8265> <PB=10000000> 
    RCSP exact solver info for graph G_0 : TT = 0.031307, pt = 0.002646, dt = 0.025916, ct = 0.001305, ndl = 4184', bdl = 96135', odl = 8027', odf = 38845', bsi = 1494', cnt = 3491', bdch = 379631', odch = 71072', lcp = 76105', #sols = 150
<DWph=0> <it= 21> <et=30.86> <Mt= 0.02> <Spt= 0.09> <nCl=113> <al=0.45> <DB= 4171.5484> <Mlp= 4173.8265> <PB=10000000> 
    RCSP exact solver info for graph G_0 : TT = 0.029456, pt = 0.003077, dt = 0.023881, ct = 0.001201, ndl = 4051', bdl = 90328', odl = 7953', odf = 38665', bsi = 1477', cnt = 3092', bdch = 358182', odch = 66476', lcp = 72634', #sols = 150
<DWph=0> <it= 22> <et=30.94> <Mt= 0.02> <Spt= 0.06> <nCl= 45> <al=0.50> <DB= 4172.7020> <Mlp= 4173.8265> <PB=10000000> 
    RCSP exact solver info for graph G_0 : TT = 0.029661, pt = 0.003219, dt = 0.023494, ct = 0.001587, ndl = 4198', bdl = 94658', odl = 8042', odf = 39195', bsi = 1537', cnt = 3540', bdch = 381542', odch = 73637', lcp = 77826', #sols = 150
<DWph=0> <it= 23> <et=31.01> <Mt= 0.02> <Spt= 0.06> <nCl= 55> <al=0.40> <DB= 4171.4459> <Mlp= 4173.8200> <PB=10000000> 
    RCSP exact solver info for graph G_0 : TT = 0.027982, pt = 0.003017, dt = 0.022309, ct = 0.001157, ndl = 4124', bdl = 91675', odl = 7914', odf = 38539', bsi = 1509', cnt = 3238', bdch = 362713', odch = 68023', lcp = 73684', #sols = 150
<DWph=0> <it= 24> <et=31.08> <Mt= 0.01> <Spt= 0.06> <nCl= 26> <al=0.46> <DB= 4173.2924> <Mlp= 4173.8000> <PB=10000000> 
    RCSP exact solver info for graph G_0 : TT = 0.029694, pt = 0.003157, dt = 0.023645, ct = 0.00135, ndl = 4073', bdl = 91086', odl = 7847', odf = 38241', bsi = 1498', cnt = 3321', bdch = 356367', odch = 66470', lcp = 70838', #sols = 150
<DWph=0> <it= 25> <et=31.14> <Mt= 0.00> <Spt= 0.05> <nCl= 38> <al=0.36> <DB= 4173.0396> <Mlp= 4173.8000> <PB=10000000> 
    RCSP exact solver info for graph G_0 : TT = 0.030439, pt = 0.003706, dt = 0.023988, ct = 0.001258, ndl = 4012', bdl = 90098', odl = 7736', odf = 37731', bsi = 1463', cnt = 3259', bdch = 347846', odch = 64786', lcp = 68919', #sols = 150
    RCSP exact solver info for graph G_0 : TT = 0.025333, pt = 0.002015, dt = 0.020779, ct = 0.001035, ndl = 3549', bdl = 78652', odl = 7051', odf = 33828', bsi = 1419', cnt = 2650', bdch = 281765', odch = 52792', lcp = 53908', #sols = 150
<DWph=0> <it= 26> <et=31.26> <Mt= 0.01> <Spt= 0.12> <nCl= 88> <al=0.00> <DB= 4173.2320> <Mlp= 4173.8000> <PB=10000000> 
    RCSP exact solver info for graph G_0 : TT = 0.029298, pt = 0.002667, dt = 0.023726, ct = 0.001538, ndl = 4026', bdl = 90349', odl = 7834', odf = 38027', bsi = 1497', cnt = 3273', bdch = 353118', odch = 67081', lcp = 71122', #sols = 150
    RCSP exact solver info for graph G_0 : TT = 0.027051, pt = 0.002216, dt = 0.022507, ct = 0.001073, ndl = 3486', bdl = 74559', odl = 7028', odf = 33722', bsi = 1404', cnt = 2476', bdch = 269662', odch = 51620', lcp = 52800', #sols = 150
<DWph=0> <it= 27> <et=31.40> <Mt= 0.02> <Spt= 0.12> <nCl=110> <al=0.00> <DB= 4173.8000> <Mlp= 4173.8000> <PB=10000000> 
RCSP solver dynamic params and stats :  bidir.bord. = 528.3 aver.obdmd = 9.53279 aver.buck.num. = 11.123 nbR1C = 56 with avMem = 27.3214
@@ 2 2 4173.8 0.0243907 0.027221 48.7555 31.4
    Full reduced cost fixing is not called (gap ratio is 0.999996)
ColGenEvalAlg final dual bound: 4173.8 (rounded: 4173.8)
False gap improvement since the last cut separation : 0.000588609 (4173.55)
Cut generation tailing off counter increased to 1
Current active cuts : CAP(11,208.333) R1C(4+52,183.422) 1rowPackR1C(4) 3rowPackR1C(34) 4rowPackR1C(15) 5rowPackR1C(3)
150 Rank-1 3-rows pack. cuts added ,  max viol. = 0.333333, aver. viol. = 0.333333
Building structures for heuristic rank-1 packing cut separation...done!
22 Rank-1 4-rows pack. cuts added ,  max viol. = 0.333333, aver. viol. = 0.333333
100 Rank-1 5-rows pack. cuts added ,  max viol. = 0.333333, aver. viol. = 0.313333
Shrinking heuristic shrunk 87 edges
In total 9 RCC cut(s) are found by the Fractional capacity min-cut heuristic 
In total 10 RCC cut(s) are found by the greedy construction heuristic 
In total 21 RCC cut(s) are found by the global pool greedy search heuristic 
----- Add fac. cuts : CAP(40) R1C(272), max.viol = 0.666667, aver.viol = 0.33547, sep/add took 0.190414/1.12683 sec. -----
8731 columns (8731 active), 724 dyn. constrs. (385 active), 1121 art. vars. (627 active)
<DWph=2> <it=  1> <et=32.97> <Mt= 0.11> <Spt= 0.08> <nCl= 25> <al=0.00> <DB= 4168.8419> <Mlp= 4174.0017> <PB=10000000> 
<DWph=2> <it=  2> <et=33.03> <Mt= 0.02> <Spt= 0.04> <nCl= 12> <al=0.40> <DB= 4173.2048> <Mlp= 4174.0017> <PB=10000000> 
<DWph=2> <it=  3> <et=33.12> <Mt= 0.01> <Spt= 0.08> <nCl=  6> <al=0.00> <DB= 4174.0017> <Mlp= 4174.0017> <PB=10000000> 
<DWph=1> <it=  4> <et=33.21> <Mt= 0.01> <Spt= 0.08> <nCl= 10> <al=0.00> <DB= 4174.0017> <Mlp= 4174.0017> <PB=10000000> 
    RCSP exact solver info for graph G_0 : TT = 0.025983, pt = 0.001879, dt = 0.021727, ct = 0.001112, ndl = 4078', bdl = 94461', odl = 8254', odf = 39554', bsi = 1455', cnt = 3095', bdch = 378165', odch = 71048', lcp = 75278', #sols = 150
<DWph=0> <it=  5> <et=33.31> <Mt= 0.00> <Spt= 0.09> <nCl=109> <al=0.26> <DB= 4169.4612> <Mlp= 4174.0017> <PB=10000000> 
    RCSP exact solver info for graph G_0 : TT = 0.025587, pt = 0.001976, dt = 0.020788, ct = 0.001493, ndl = 4084', bdl = 92189', odl = 8060', odf = 39240', bsi = 1485', cnt = 2866', bdch = 371397', odch = 70247', lcp = 72699', #sols = 150
<DWph=0> <it=  6> <et=33.44> <Mt= 0.05> <Spt= 0.08> <nCl= 87> <al=0.16> <DB= 4165.1331> <Mlp= 4173.9728> <PB=10000000> 
    RCSP exact solver info for graph G_0 : TT = 0.026165, pt = 0.001846, dt = 0.021586, ct = 0.00139, ndl = 4100', bdl = 88737', odl = 8161', odf = 39239', bsi = 1386', cnt = 3273', bdch = 355218', odch = 72876', lcp = 72824', #sols = 150
<DWph=0> <it=  7> <et=33.57> <Mt= 0.06> <Spt= 0.08> <nCl= 87> <al=0.24> <DB= 4171.1599> <Mlp= 4173.9625> <PB=10000000> 
    RCSP exact solver info for graph G_0 : TT = 0.026784, pt = 0.001863, dt = 0.022133, ct = 0.001492, ndl = 4572', bdl = 103964', odl = 8601', odf = 42084', bsi = 1478', cnt = 3881', bdch = 431349', odch = 81938', lcp = 86126', #sols = 150
<DWph=0> <it=  8> <et=33.68> <Mt= 0.04> <Spt= 0.07> <nCl= 54> <al=0.14> <DB= 4171.0551> <Mlp= 4173.9625> <PB=10000000> 
    RCSP exact solver info for graph G_0 : TT = 0.025989, pt = 0.001851, dt = 0.021619, ct = 0.001244, ndl = 4400', bdl = 89830', odl = 8424', odf = 41713', bsi = 1474', cnt = 3075', bdch = 405357', odch = 85142', lcp = 87966', #sols = 150
    RCSP exact solver info for graph G_0 : TT = 0.024193, pt = 0.00163, dt = 0.020247, ct = 0.001171, ndl = 3809', bdl = 76820', odl = 7528', odf = 36925', bsi = 1393', cnt = 2798', bdch = 318673', odch = 63475', lcp = 65102', #sols = 149
<DWph=0> <it=  9> <et=33.88> <Mt= 0.04> <Spt= 0.15> <nCl=112> <al=0.00> <DB= 4173.5508> <Mlp= 4173.9592> <PB=10000000> 
    RCSP exact solver info for graph G_0 : TT = 0.025381, pt = 0.001732, dt = 0.021219, ct = 0.001134, ndl = 3627', bdl = 75687', odl = 7444', odf = 36325', bsi = 1396', cnt = 2582', bdch = 305687', odch = 61835', lcp = 61437', #sols = 147
<DWph=0> <it= 10> <et=33.95> <Mt= 0.01> <Spt= 0.07> <nCl= 56> <al=0.00> <DB= 4173.7841> <Mlp= 4173.9592> <PB=10000000> 
    RCSP exact solver info for graph G_0 : TT = 0.027515, pt = 0.002038, dt = 0.022647, ct = 0.001535, ndl = 4356', bdl = 86736', odl = 8286', odf = 41228', bsi = 1452', cnt = 3430', bdch = 388345', odch = 82109', lcp = 82553', #sols = 150
    RCSP exact solver info for graph G_0 : TT = 0.024188, pt = 0.001883, dt = 0.019789, ct = 0.001213, ndl = 3827', bdl = 77298', odl = 7639', odf = 37367', bsi = 1412', cnt = 2817', bdch = 322736', odch = 67911', lcp = 66003', #sols = 147
<DWph=0> <it= 11> <et=34.08> <Mt= 0.01> <Spt= 0.11> <nCl= 64> <al=0.00> <DB= 4173.9592> <Mlp= 4173.9592> <PB=10000000> 
RCSP solver dynamic params and stats :  bidir.bord. = 512.8 aver.obdmd = 9.53279 aver.buck.num. = 11.123 nbR1C = 50 with avMem = 26.16
@@ 2 3 4173.96 0.0226154 0.024182 48.7555 34.08
    Full reduced cost fixing is not called (gap ratio is 0.999996)
ColGenEvalAlg final dual bound: 4173.96 (rounded: 4173.96)
False gap improvement since the last cut separation : 0.000381388 (4173.8)
Cut generation tailing off counter increased to 2
Current active cuts : CAP(13,212.934) R1C(4+46,182.335) 1rowPackR1C(4) 3rowPackR1C(30) 4rowPackR1C(13) 5rowPackR1C(3)
1 Rank-1 1-rows pack. cuts added ,  max viol. = 0.0306122, aver. viol. = 0.0306122
150 Rank-1 3-rows pack. cuts added ,  max viol. = 0.285714, aver. viol. = 0.16102
Building structures for heuristic rank-1 packing cut separation...done!
100 Rank-1 4-rows pack. cuts added ,  max viol. = 0.571429, aver. viol. = 0.124796
100 Rank-1 5-rows pack. cuts added ,  max viol. = 0.571429, aver. viol. = 0.294694
In total 1 RCC cut(s) are found by the connected components heuristic 
Shrinking heuristic shrunk 65 edges
In total 9 RCC cut(s) are found by the Fractional capacity min-cut heuristic 
In total 6 RCC cut(s) are found by the greedy construction heuristic 
In total 26 RCC cut(s) are found by the global pool greedy search heuristic 
----- Add fac. cuts : CAP(42) R1C(351), max.viol = 0.785714, aver.viol = 0.205432, sep/add took 0.298018/1.52658 sec. -----
9353 columns (9353 active), 790 dyn. constrs. (465 active), 1514 art. vars. (707 active)
<DWph=2> <it=  1> <et=36.30> <Mt= 0.22> <Spt= 0.11> <nCl= 24> <al=0.00> <DB= 4174.1357> <Mlp= 4174.1357> <PB=10000000> 
<DWph=1> <it=  2> <et=36.37> <Mt= 0.00> <Spt= 0.06> <nCl= 10> <al=0.40> <DB= 4171.7571> <Mlp= 4174.1357> <PB=10000000> 
<DWph=1> <it=  3> <et=36.48> <Mt= 0.01> <Spt= 0.10> <nCl=  7> <al=0.00> <DB= 4174.1357> <Mlp= 4174.1357> <PB=10000000> 
    RCSP exact solver info for graph G_0 : TT = 0.026469, pt = 0.001846, dt = 0.02174, ct = 0.001472, ndl = 3944', bdl = 81186', odl = 7778', odf = 38468', bsi = 1374', cnt = 2675', bdch = 327606', odch = 65239', lcp = 67302', #sols = 150
<DWph=0> <it=  4> <et=36.59> <Mt= 0.00> <Spt= 0.11> <nCl=117> <al=0.20> <DB= 4169.5071> <Mlp= 4174.1357> <PB=10000000> 
    RCSP exact solver info for graph G_0 : TT = 0.024757, pt = 0.001616, dt = 0.020592, ct = 0.00135, ndl = 3982', bdl = 81198', odl = 8099', odf = 40391', bsi = 1468', cnt = 2950', bdch = 357693', odch = 76119', lcp = 77620', #sols = 150
<DWph=0> <it=  5> <et=36.71> <Mt= 0.02> <Spt= 0.10> <nCl= 75> <al=0.28> <DB= 4171.5789> <Mlp= 4174.1346> <PB=10000000> 
    RCSP exact solver info for graph G_0 : TT = 0.024658, pt = 0.001826, dt = 0.02023, ct = 0.00105, ndl = 3626', bdl = 73308', odl = 7460', odf = 36936', bsi = 1370', cnt = 2226', bdch = 299614', odch = 63055', lcp = 64507', #sols = 150
    RCSP exact solver info for graph G_0 : TT = 0.026068, pt = 0.002324, dt = 0.021142, ct = 0.001082, ndl = 3750', bdl = 76368', odl = 7411', odf = 36679', bsi = 1353', cnt = 2334', bdch = 296647', odch = 59211', lcp = 61396', #sols = 150
<DWph=0> <it=  6> <et=36.92> <Mt= 0.01> <Spt= 0.19> <nCl=146> <al=0.00> <DB= 4173.9841> <Mlp= 4174.1346> <PB=10000000> 
    RCSP exact solver info for graph G_0 : TT = 0.023934, pt = 0.002033, dt = 0.019645, ct = 0.00103, ndl = 3624', bdl = 73460', odl = 7252', odf = 35653', bsi = 1312', cnt = 2204', bdch = 284329', odch = 57014', lcp = 58687', #sols = 150
<DWph=0> <it=  7> <et=37.00> <Mt= 0.01> <Spt= 0.07> <nCl= 27> <al=0.25> <DB= 4173.9841> <Mlp= 4174.1346> <PB=10000000> 
    RCSP exact solver info for graph G_0 : TT = 0.025121, pt = 0.001751, dt = 0.020927, ct = 0.001117, ndl = 3768', bdl = 76308', odl = 7416', odf = 36822', bsi = 1371', cnt = 2483', bdch = 298727', odch = 59711', lcp = 61957', #sols = 150
    RCSP exact solver info for graph G_0 : TT = 0.024308, pt = 0.002004, dt = 0.019693, ct = 0.001171, ndl = 3708', bdl = 74071', odl = 7344', odf = 36263', bsi = 1343', cnt = 2285', bdch = 293514', odch = 59578', lcp = 60972', #sols = 150
<DWph=0> <it=  8> <et=37.14> <Mt= 0.01> <Spt= 0.14> <nCl= 33> <al=0.00> <DB= 4174.1346> <Mlp= 4174.1346> <PB=10000000> 
RCSP solver dynamic params and stats :  bidir.bord. = 509.9 aver.obdmd = 9.53279 aver.buck.num. = 11.123 nbR1C = 50 with avMem = 26.56
@@ 2 4 4174.13 0.0217487 0.023212 48.7555 37.14
    Full reduced cost fixing is not called (gap ratio is 0.999996)
ColGenEvalAlg final dual bound: 4174.13 (rounded: 4174.13)
False gap improvement since the last cut separation : 0.000420221 (4173.96)
----- Cut generation is stopped due to tailing off -----
Current active cuts : CAP(15,227.579) R1C(4+46,184.267) 1rowPackR1C(4) 3rowPackR1C(31) 4rowPackR1C(12) 5rowPackR1C(3)
**** SB phase 3 evaluation of candidate 1, branch 2 ( [ colGenSp ] <= 8 ), value = 1e+12
#<DWph=2> <it=  1> <et=38.15> <Mt= 0.66> <Spt= 0.03> <nCl= 30> <al=0.50> <DB=-236565662.5823> <Mlp=6861338.5214> <PB=10000000> 
#<DWph=2> <it=  2> <et=38.26> <Mt= 0.08> <Spt= 0.03> <nCl= 30> <al=0.55> <DB=-66416283.6813> <Mlp=6004243.7691> <PB=10000000> 
#<DWph=2> <it=  3> <et=38.31> <Mt= 0.03> <Spt= 0.02> <nCl= 30> <al=0.60> <DB=-59203567.2985> <Mlp=5836781.0904> <PB=10000000> 
#<DWph=2> <it=  4> <et=38.36> <Mt= 0.02> <Spt= 0.03> <nCl= 30> <al=0.64> <DB=-72747896.9236> <Mlp=4966133.8120> <PB=10000000> 
#<DWph=2> <it=  5> <et=38.40> <Mt= 0.01> <Spt= 0.03> <nCl= 30> <al=0.67> <DB=-46102933.0076> <Mlp=4457634.9613> <PB=10000000> 
#<DWph=2> <it=  6> <et=38.45> <Mt= 0.02> <Spt= 0.02> <nCl= 30> <al=0.70> <DB=-40285109.2765> <Mlp=3909161.9250> <PB=10000000> 
#<DWph=2> <it=  7> <et=38.50> <Mt= 0.03> <Spt= 0.03> <nCl= 30> <al=0.73> <DB=-34926501.3942> <Mlp=2581523.8702> <PB=10000000> 
#<DWph=2> <it=  8> <et=38.55> <Mt= 0.02> <Spt= 0.03> <nCl= 30> <al=0.76> <DB=-26697359.4558> <Mlp=2241751.2926> <PB=10000000> 
#<DWph=2> <it=  9> <et=38.59> <Mt= 0.01> <Spt= 0.03> <nCl= 30> <al=0.78> <DB=-12786630.0263> <Mlp=2073913.4704> <PB=10000000> 
#<DWph=2> <it= 10> <et=38.64> <Mt= 0.03> <Spt= 0.02> <nCl= 30> <al=0.81> <DB=-15312155.8437> <Mlp=1742968.6782> <PB=10000000> 
#<DWph=2> <it= 11> <et=38.68> <Mt= 0.01> <Spt= 0.03> <nCl= 30> <al=0.83> <DB=-8296377.6220> <Mlp=1559358.2621> <PB=10000000> 
#<DWph=2> <it= 12> <et=38.73> <Mt= 0.02> <Spt= 0.03> <nCl= 30> <al=0.84> <DB=-12407527.0974> <Mlp=600978.5995> <PB=10000000> 
#<DWph=2> <it= 13> <et=38.78> <Mt= 0.02> <Spt= 0.03> <nCl= 30> <al=0.86> <DB=-6849393.7087> <Mlp=208655.2404> <PB=10000000> 
<DWph=2> <it= 14> <et=38.82> <Mt= 0.01> <Spt= 0.03> <nCl= 30> <al=0.87> <DB= 3798.1741> <Mlp= 4470.1466> <PB=10000000> 
<DWph=2> <it= 15> <et=38.87> <Mt= 0.02> <Spt= 0.02> <nCl= 29> <al=0.89> <DB= 4019.5152> <Mlp= 4350.7121> <PB=10000000> 
<DWph=2> <it= 16> <et=38.92> <Mt= 0.02> <Spt= 0.03> <nCl= 24> <al=0.90> <DB= 4074.0834> <Mlp= 4299.5006> <PB=10000000> 
<DWph=2> <it= 17> <et=38.96> <Mt= 0.02> <Spt= 0.03> <nCl= 24> <al=0.91> <DB= 4182.4808> <Mlp= 4287.2301> <PB=10000000> 
<DWph=2> <it= 18> <et=39.00> <Mt= 0.01> <Spt= 0.03> <nCl= 30> <al=0.81> <DB= 3753.2469> <Mlp= 4284.9185> <PB=10000000> 
<DWph=2> <it= 19> <et=39.04> <Mt= 0.01> <Spt= 0.03> <nCl= 30> <al=0.83> <DB= 3898.2734> <Mlp= 4278.9417> <PB=10000000> 
<DWph=2> <it= 20> <et=39.07> <Mt= 0.00> <Spt= 0.02> <nCl= 27> <al=0.84> <DB= 4156.3419> <Mlp= 4278.9417> <PB=10000000> 
<DWph=2> <it= 21> <et=39.10> <Mt= 0.01> <Spt= 0.03> <nCl= 25> <al=0.86> <DB= 4111.0057> <Mlp= 4275.0169> <PB=10000000> 
<DWph=2> <it= 22> <et=39.14> <Mt= 0.01> <Spt= 0.03> <nCl= 22> <al=0.87> <DB= 4190.6209> <Mlp= 4269.7033> <PB=10000000> 
<DWph=2> <it= 23> <et=39.17> <Mt= 0.01> <Spt= 0.02> <nCl= 25> <al=0.77> <DB= 4082.8514> <Mlp= 4268.6983> <PB=10000000> 
<DWph=2> <it= 24> <et=39.22> <Mt= 0.01> <Spt= 0.03> <nCl= 25> <al=0.80> <DB= 4154.6103> <Mlp= 4254.5996> <PB=10000000> 
<DWph=2> <it= 25> <et=39.26> <Mt= 0.01> <Spt= 0.03> <nCl= 15> <al=0.82> <DB= 4187.3325> <Mlp= 4252.4845> <PB=10000000> 
<DWph=2> <it= 26> <et=39.29> <Mt= 0.01> <Spt= 0.03> <nCl= 21> <al=0.72> <DB= 4196.3061> <Mlp= 4252.1830> <PB=10000000> 
<DWph=2> <it= 27> <et=39.33> <Mt= 0.00> <Spt= 0.03> <nCl= 30> <al=0.62> <DB= 3979.7657> <Mlp= 4251.0395> <PB=10000000> 
<DWph=2> <it= 28> <et=39.39> <Mt= 0.03> <Spt= 0.03> <nCl= 25> <al=0.65> <DB= 3947.8190> <Mlp= 4238.4603> <PB=10000000> 
<DWph=2> <it= 29> <et=39.42> <Mt= 0.01> <Spt= 0.03> <nCl= 22> <al=0.69> <DB= 4115.7422> <Mlp= 4238.4603> <PB=10000000> 
<DWph=2> <it= 30> <et=39.46> <Mt= 0.01> <Spt= 0.03> <nCl= 30> <al=0.72> <DB= 3912.2320> <Mlp= 4238.1201> <PB=10000000> 
<DWph=2> <it= 31> <et=39.51> <Mt= 0.02> <Spt= 0.02> <nCl= 30> <al=0.75> <DB= 3331.0439> <Mlp= 4233.7603> <PB=10000000> 
<DWph=2> <it= 32> <et=39.54> <Mt= 0.01> <Spt= 0.03> <nCl= 17> <al=0.77> <DB= 4204.7851> <Mlp= 4233.7603> <PB=10000000> 
<DWph=2> <it= 33> <et=39.57> <Mt= 0.00> <Spt= 0.03> <nCl= 20> <al=0.67> <DB= 4142.6200> <Mlp= 4233.7603> <PB=10000000> 
<DWph=2> <it= 34> <et=39.61> <Mt= 0.00> <Spt= 0.03> <nCl= 13> <al=0.71> <DB= 4195.4532> <Mlp= 4233.0309> <PB=10000000> 
<DWph=2> <it= 35> <et=39.65> <Mt= 0.02> <Spt= 0.02> <nCl= 24> <al=0.74> <DB= 4131.1895> <Mlp= 4231.7920> <PB=10000000> 
<DWph=2> <it= 36> <et=39.68> <Mt= 0.00> <Spt= 0.03> <nCl=  2> <al=0.76> <DB= 4211.3312> <Mlp= 4231.4973> <PB=10000000> 
<DWph=2> <it= 37> <et=39.71> <Mt= 0.01> <Spt= 0.03> <nCl=  9> <al=0.66> <DB= 4161.4714> <Mlp= 4231.4973> <PB=10000000> 
<DWph=2> <it= 38> <et=39.75> <Mt= 0.00> <Spt= 0.02> <nCl=  1> <al=0.70> <DB= 4205.4856> <Mlp= 4231.4438> <PB=10000000> 
<DWph=2> <it= 39> <et=39.80> <Mt= 0.01> <Spt= 0.06> <nCl= 16> <al=0.45> <DB= 4177.5586> <Mlp= 4231.2217> <PB=10000000> 
<DWph=2> <it= 40> <et=39.84> <Mt= 0.00> <Spt= 0.03> <nCl= 11> <al=0.63> <DB= 4222.5220> <Mlp= 4230.9844> <PB=10000000> 
<DWph=2> <it= 41> <et=39.87> <Mt= 0.00> <Spt= 0.03> <nCl= 14> <al=0.53> <DB= 4224.0457> <Mlp= 4230.9819> <PB=10000000> 
<DWph=2> <it= 42> <et=39.91> <Mt= 0.01> <Spt= 0.03> <nCl=  4> <al=0.57> <DB= 4201.4783> <Mlp= 4230.9079> <PB=10000000> 
<DWph=2> <it= 43> <et=39.96> <Mt= 0.00> <Spt= 0.05> <nCl= 28> <al=0.23> <DB= 4225.3446> <Mlp= 4230.9079> <PB=10000000> 
<DWph=2> <it= 44> <et=39.99> <Mt= 0.00> <Spt= 0.03> <nCl=  6> <al=0.52> <DB= 4227.4814> <Mlp= 4230.9076> <PB=10000000> 
<DWph=2> <it= 45> <et=40.02> <Mt= 0.01> <Spt= 0.03> <nCl= 13> <al=0.56> <DB= 4228.9730> <Mlp= 4230.9076> <PB=10000000> 
<DWph=2> <it= 46> <et=40.06> <Mt= 0.00> <Spt= 0.02> <nCl= 18> <al=0.46> <DB= 4229.2330> <Mlp= 4230.8910> <PB=10000000> 
<DWph=2> <it= 47> <et=40.09> <Mt= 0.00> <Spt= 0.03> <nCl= 29> <al=0.36> <DB= 4142.1505> <Mlp= 4230.8842> <PB=10000000> 
<DWph=2> <it= 48> <et=40.12> <Mt= 0.01> <Spt= 0.03> <nCl= 21> <al=0.43> <DB= 4194.4976> <Mlp= 4230.8725> <PB=10000000> 
<DWph=2> <it= 49> <et=40.18> <Mt= 0.00> <Spt= 0.05> <nCl= 28> <al=0.00> <DB= 4218.0771> <Mlp= 4230.8473> <PB=10000000> 
<DWph=2> <it= 50> <et=40.21> <Mt= 0.01> <Spt= 0.03> <nCl= 18> <al=0.23> <DB= 4142.6646> <Mlp= 4230.8377> <PB=10000000> 
<DWph=2> <it= 51> <et=40.24> <Mt= 0.00> <Spt= 0.03> <nCl=  8> <al=0.13> <DB= 4138.5978> <Mlp= 4230.6011> <PB=10000000> 
<DWph=2> <it= 52> <et=40.30> <Mt= 0.00> <Spt= 0.05> <nCl= 27> <al=0.00> <DB= 4180.1286> <Mlp= 4230.6011> <PB=10000000> 
<DWph=2> <it= 53> <et=40.33> <Mt= 0.01> <Spt= 0.03> <nCl= 23> <al=0.12> <DB= 4211.7072> <Mlp= 4230.4967> <PB=10000000> 
<DWph=2> <it= 54> <et=40.36> <Mt= 0.00> <Spt= 0.02> <nCl=  9> <al=0.20> <DB= 4213.2576> <Mlp= 4230.4967> <PB=10000000> 
<DWph=2> <it= 55> <et=40.42> <Mt= 0.00> <Spt= 0.06> <nCl= 13> <al=0.00> <DB= 4230.4931> <Mlp= 4230.4931> <PB=10000000> 
<DWph=1> <it= 56> <et=40.46> <Mt= 0.00> <Spt= 0.04> <nCl= 30> <al=0.00> <DB= 3774.2161> <Mlp= 4230.4931> <PB=10000000> 
<DWph=1> <it= 57> <et=40.51> <Mt= 0.01> <Spt= 0.04> <nCl= 30> <al=0.10> <DB= 3874.4837> <Mlp= 4229.8140> <PB=10000000> 
<DWph=1> <it= 58> <et=40.57> <Mt= 0.03> <Spt= 0.03> <nCl= 30> <al=0.00> <DB= 3866.5164> <Mlp= 4225.8709> <PB=10000000> 
<DWph=1> <it= 59> <et=40.61> <Mt= 0.01> <Spt= 0.04> <nCl= 30> <al=0.10> <DB= 3949.9513> <Mlp= 4223.9469> <PB=10000000> 
<DWph=1> <it= 60> <et=40.65> <Mt= 0.00> <Spt= 0.03> <nCl= 30> <al=0.19> <DB= 4038.4679> <Mlp= 4223.6552> <PB=10000000> 
<DWph=1> <it= 61> <et=40.69> <Mt= 0.01> <Spt= 0.04> <nCl= 30> <al=0.27> <DB= 4094.1416> <Mlp= 4223.6552> <PB=10000000> 
<DWph=1> <it= 62> <et=40.73> <Mt= 0.00> <Spt= 0.03> <nCl= 30> <al=0.35> <DB= 4140.5613> <Mlp= 4223.0055> <PB=10000000> 
<DWph=1> <it= 63> <et=40.77> <Mt= 0.01> <Spt= 0.03> <nCl= 30> <al=0.41> <DB= 4156.5646> <Mlp= 4222.6316> <PB=10000000> 
<DWph=1> <it= 64> <et=40.81> <Mt= 0.01> <Spt= 0.04> <nCl= 30> <al=0.31> <DB= 4109.2345> <Mlp= 4222.4333> <PB=10000000> 
<DWph=1> <it= 65> <et=40.85> <Mt= 0.00> <Spt= 0.03> <nCl= 25> <al=0.38> <DB= 4157.5314> <Mlp= 4222.2449> <PB=10000000> 
<DWph=1> <it= 66> <et=40.90> <Mt= 0.02> <Spt= 0.03> <nCl= 26> <al=0.44> <DB= 4169.5317> <Mlp= 4221.1382> <PB=10000000> 
<DWph=1> <it= 67> <et=40.94> <Mt= 0.01> <Spt= 0.04> <nCl= 26> <al=0.50> <DB= 4189.1877> <Mlp= 4220.9822> <PB=10000000> 
<DWph=1> <it= 68> <et=40.98> <Mt= 0.00> <Spt= 0.03> <nCl= 22> <al=0.55> <DB= 4173.7549> <Mlp= 4220.9461> <PB=10000000> 
<DWph=1> <it= 69> <et=41.02> <Mt= 0.01> <Spt= 0.03> <nCl= 13> <al=0.59> <DB= 4201.6506> <Mlp= 4220.7567> <PB=10000000> 
<DWph=1> <it= 70> <et=41.06> <Mt= 0.00> <Spt= 0.03> <nCl= 20> <al=0.63> <DB= 4185.3604> <Mlp= 4220.7070> <PB=10000000> 
<DWph=1> <it= 71> <et=41.10> <Mt= 0.01> <Spt= 0.04> <nCl= 11> <al=0.53> <DB= 4205.5321> <Mlp= 4220.1921> <PB=10000000> 
<DWph=1> <it= 72> <et=41.14> <Mt= 0.01> <Spt= 0.03> <nCl= 30> <al=0.43> <DB= 4205.3821> <Mlp= 4220.1508> <PB=10000000> 
<DWph=1> <it= 73> <et=41.20> <Mt= 0.02> <Spt= 0.04> <nCl= 16> <al=0.49> <DB= 4212.8940> <Mlp= 4219.9875> <PB=10000000> 
<DWph=1> <it= 74> <et=41.24> <Mt= 0.01> <Spt= 0.03> <nCl=  9> <al=0.39> <DB= 4212.8826> <Mlp= 4219.9477> <PB=10000000> 
<DWph=1> <it= 75> <et=41.28> <Mt= 0.00> <Spt= 0.04> <nCl=  4> <al=0.45> <DB= 4216.1322> <Mlp= 4219.9477> <PB=10000000> 
<DWph=1> <it= 76> <et=41.32> <Mt= 0.00> <Spt= 0.03> <nCl= 14> <al=0.35> <DB= 4215.5518> <Mlp= 4219.9477> <PB=10000000> 
<DWph=1> <it= 77> <et=41.38> <Mt= 0.01> <Spt= 0.06> <nCl= 24> <al=0.00> <DB= 4210.8239> <Mlp= 4219.9239> <PB=10000000> 
<DWph=1> <it= 78> <et=41.45> <Mt= 0.00> <Spt= 0.07> <nCl= 18> <al=0.00> <DB= 4219.5237> <Mlp= 4219.9238> <PB=10000000> 
<DWph=1> <it= 79> <et=41.52> <Mt= 0.01> <Spt= 0.06> <nCl=  4> <al=0.00> <DB= 4219.9237> <Mlp= 4219.9237> <PB=10000000> 
    RCSP exact solver info for graph G_0 : TT = 0.033265, pt = 0.001045, dt = 0.028496, ct = 0.002463, ndl = 5965', bdl = 140408', odl = 7928', odf = 36780', bsi = 1785', cnt = 2192', bdch = 634317', odch = 76330', lcp = 114336', #sols = 150
<DWph=0> <it= 80> <et=41.58> <Mt= 0.00> <Spt= 0.05> <nCl=150> <al=0.12> <DB= 4075.4417> <Mlp= 4219.9238> <PB=10000000> 
    RCSP exact solver info for graph G_0 : TT = 0.033817, pt = 0.001422, dt = 0.028823, ct = 0.002247, ndl = 6223', bdl = 136771', odl = 8777', odf = 40947', bsi = 1965', cnt = 2528', bdch = 678146', odch = 81113', lcp = 125067', #sols = 150
<DWph=0> <it= 81> <et=41.66> <Mt= 0.02> <Spt= 0.07> <nCl=149> <al=0.02> <DB= 4163.1775> <Mlp= 4217.7607> <PB=10000000> 
    RCSP exact solver info for graph G_0 : TT = 0.030185, pt = 0.00119, dt = 0.025855, ct = 0.001958, ndl = 5734', bdl = 122989', odl = 8144', odf = 37663', bsi = 1916', cnt = 2529', bdch = 565363', odch = 68314', lcp = 108457', #sols = 150
<DWph=0> <it= 82> <et=41.72> <Mt= 0.01> <Spt= 0.04> <nCl=124> <al=0.11> <DB= 4183.3235> <Mlp= 4216.8722> <PB=10000000> 
    RCSP exact solver info for graph G_0 : TT = 0.031694, pt = 0.0012, dt = 0.027152, ct = 0.002058, ndl = 5804', bdl = 123319', odl = 8188', odf = 38510', bsi = 1921', cnt = 2691', bdch = 558185', odch = 70702', lcp = 108486', #sols = 150
<DWph=0> <it= 83> <et=41.78> <Mt= 0.02> <Spt= 0.05> <nCl= 85> <al=0.20> <DB= 4198.6795> <Mlp= 4216.6967> <PB=10000000> 
    RCSP exact solver info for graph G_0 : TT = 0.031896, pt = 0.001468, dt = 0.027419, ct = 0.001823, ndl = 5849', bdl = 125282', odl = 8627', odf = 40405', bsi = 1865', cnt = 2910', bdch = 590763', odch = 78866', lcp = 114402', #sols = 150
<DWph=0> <it= 84> <et=41.84> <Mt= 0.01> <Spt= 0.05> <nCl= 88> <al=0.28> <DB= 4206.9580> <Mlp= 4216.5022> <PB=10000000> 
    RCSP exact solver info for graph G_0 : TT = 0.028753, pt = 0.001163, dt = 0.024553, ct = 0.001817, ndl = 5523', bdl = 116737', odl = 8056', odf = 37617', bsi = 1810', cnt = 2709', bdch = 514664', odch = 67752', lcp = 97671', #sols = 150
<DWph=0> <it= 85> <et=41.89> <Mt= 0.00> <Spt= 0.04> <nCl= 57> <al=0.18> <DB= 4214.3626> <Mlp= 4216.4322> <PB=10000000> 
    RCSP exact solver info for graph G_0 : TT = 0.030826, pt = 0.001268, dt = 0.025638, ct = 0.002476, ndl = 5629', bdl = 122463', odl = 8218', odf = 38144', bsi = 1839', cnt = 2801', bdch = 539166', odch = 72372', lcp = 101010', #sols = 150
<DWph=0> <it= 86> <et=41.94> <Mt= 0.01> <Spt= 0.05> <nCl= 52> <al=0.08> <DB= 4214.6925> <Mlp= 4216.4170> <PB=10000000> 
    RCSP exact solver info for graph G_0 : TT = 0.030005, pt = 0.001103, dt = 0.025188, ct = 0.002353, ndl = 5525', bdl = 120235', odl = 8124', odf = 37795', bsi = 1813', cnt = 2692', bdch = 522306', odch = 68902', lcp = 97819', #sols = 150
<DWph=0> <it= 87> <et=41.99> <Mt= 0.00> <Spt= 0.04> <nCl= 10> <al=0.17> <DB= 4215.5756> <Mlp= 4216.4065> <PB=10000000> 
    RCSP exact solver info for graph G_0 : TT = 0.030816, pt = 0.001234, dt = 0.026282, ct = 0.001935, ndl = 5518', bdl = 119283', odl = 8070', odf = 37639', bsi = 1827', cnt = 2677', bdch = 517434', odch = 68519', lcp = 96252', #sols = 150
    RCSP exact solver info for graph G_0 : TT = 0.027632, pt = 0.00079, dt = 0.023615, ct = 0.002052, ndl = 4854', bdl = 105774', odl = 8017', odf = 36321', bsi = 1842', cnt = 2792', bdch = 449919', odch = 59577', lcp = 84708', #sols = 150
<DWph=0> <it= 88> <et=42.08> <Mt= 0.01> <Spt= 0.08> <nCl= 92> <al=0.00> <DB= 4216.3765> <Mlp= 4216.3765> <PB=10000000> 
RCSP solver dynamic params and stats :  bidir.bord. = 492.3 aver.obdmd = 9.53279 aver.buck.num. = 11.123 nbR1C = 17 with avMem = 19.8824
@@ 3 0 4216.38 0.0284203 0.03107 48.7555 42.08
    Full reduced cost fixing is not called (gap ratio is 0.999992)
ColGenEvalAlg final dual bound: 4216.38 (rounded: 4216.38)
Current active cuts : CAP(2,15.208) R1C(1+16,131.822) 1rowPackR1C(1) 3rowPackR1C(10) 4rowPackR1C(6)
18 Rank-1 1-rows pack. cuts added ,  max viol. = 0.287449, aver. viol. = 0.106725
150 Rank-1 3-rows pack. cuts added ,  max viol. = 0.380567, aver. viol. = 0.227476
Shrinking heuristic shrunk 37 edges
In total 11 RCC cut(s) are found by the Fractional capacity min-cut heuristic 
In total 5 RCC cut(s) are found by the greedy construction heuristic 
In total 3 RCC cut(s) are found by the global pool greedy search heuristic 
----- Add fac. cuts : CAP(19) R1C(168), max.viol = 0.396761, aver.viol = 0.220085, sep/add took 0.0519922/0.791071 sec. -----
12357 columns (9285 active), 274 dyn. constrs. (206 active), 516 art. vars. (448 active)
<DWph=2> <it=  1> <et=43.16> <Mt= 0.17> <Spt= 0.05> <nCl= 27> <al=0.50> <DB= 4141.8917> <Mlp= 4253.7281> <PB=10000000> 
<DWph=2> <it=  2> <et=43.24> <Mt= 0.05> <Spt= 0.03> <nCl= 19> <al=0.55> <DB= 4230.2863> <Mlp= 4247.2872> <PB=10000000> 
<DWph=2> <it=  3> <et=43.28> <Mt= 0.00> <Spt= 0.04> <nCl= 21> <al=0.45> <DB= 4153.7383> <Mlp= 4247.2171> <PB=10000000> 
<DWph=2> <it=  4> <et=43.35> <Mt= 0.04> <Spt= 0.03> <nCl= 20> <al=0.51> <DB= 4193.3641> <Mlp= 4245.2173> <PB=10000000> 
<DWph=2> <it=  5> <et=43.43> <Mt= 0.01> <Spt= 0.07> <nCl= 32> <al=0.11> <DB= 4210.3398> <Mlp= 4245.0232> <PB=10000000> 
<DWph=2> <it=  6> <et=43.48> <Mt= 0.01> <Spt= 0.04> <nCl= 17> <al=0.45> <DB= 4235.2070> <Mlp= 4244.9093> <PB=10000000> 
<DWph=2> <it=  7> <et=43.52> <Mt= 0.01> <Spt= 0.03> <nCl= 14> <al=0.51> <DB= 4240.3762> <Mlp= 4244.7600> <PB=10000000> 
<DWph=2> <it=  8> <et=43.57> <Mt= 0.01> <Spt= 0.03> <nCl=  7> <al=0.41> <DB= 4243.0928> <Mlp= 4244.7254> <PB=10000000> 
<DWph=2> <it=  9> <et=43.62> <Mt= 0.01> <Spt= 0.04> <nCl=  5> <al=0.31> <DB= 4242.3486> <Mlp= 4244.6294> <PB=10000000> 
<DWph=2> <it= 10> <et=43.66> <Mt= 0.00> <Spt= 0.04> <nCl= 11> <al=0.38> <DB= 4244.0472> <Mlp= 4244.6276> <PB=10000000> 
<DWph=2> <it= 11> <et=43.73> <Mt= 0.01> <Spt= 0.06> <nCl= 26> <al=0.00> <DB= 4243.4275> <Mlp= 4244.6275> <PB=10000000> 
<DWph=2> <it= 12> <et=43.76> <Mt= 0.00> <Spt= 0.03> <nCl=  9> <al=0.18> <DB= 4243.6567> <Mlp= 4244.6275> <PB=10000000> 
<DWph=2> <it= 13> <et=43.82> <Mt= 0.01> <Spt= 0.06> <nCl=  2> <al=0.00> <DB= 4244.6275> <Mlp= 4244.6275> <PB=10000000> 
<DWph=1> <it= 14> <et=43.87> <Mt= 0.00> <Spt= 0.04> <nCl= 30> <al=0.16> <DB= 3964.9836> <Mlp= 4244.6275> <PB=10000000> 
<DWph=1> <it= 15> <et=43.95> <Mt= 0.04> <Spt= 0.04> <nCl= 30> <al=0.06> <DB= 4079.6297> <Mlp= 4242.6328> <PB=10000000> 
<DWph=1> <it= 16> <et=44.03> <Mt= 0.04> <Spt= 0.04> <nCl= 30> <al=0.00> <DB= 3897.1796> <Mlp= 4239.6731> <PB=10000000> 
<DWph=1> <it= 17> <et=44.13> <Mt= 0.06> <Spt= 0.04> <nCl= 30> <al=0.06> <DB= 4177.3957> <Mlp= 4233.2378> <PB=10000000> 
<DWph=1> <it= 18> <et=44.19> <Mt= 0.01> <Spt= 0.05> <nCl= 28> <al=0.16> <DB= 4185.1828> <Mlp= 4233.0848> <PB=10000000> 
<DWph=1> <it= 19> <et=44.25> <Mt= 0.01> <Spt= 0.04> <nCl= 27> <al=0.24> <DB= 4208.6177> <Mlp= 4232.8294> <PB=10000000> 
<DWph=1> <it= 20> <et=44.30> <Mt= 0.02> <Spt= 0.04> <nCl= 14> <al=0.32> <DB= 4221.4777> <Mlp= 4232.7165> <PB=10000000> 
<DWph=1> <it= 21> <et=44.35> <Mt= 0.00> <Spt= 0.04> <nCl=  8> <al=0.22> <DB= 4228.5088> <Mlp= 4232.5874> <PB=10000000> 
<DWph=1> <it= 22> <et=44.39> <Mt= 0.01> <Spt= 0.04> <nCl= 13> <al=0.12> <DB= 4229.1914> <Mlp= 4232.5804> <PB=10000000> 
<DWph=1> <it= 23> <et=44.45> <Mt= 0.01> <Spt= 0.04> <nCl= 14> <al=0.02> <DB= 4231.7621> <Mlp= 4232.5517> <PB=10000000> 
<DWph=1> <it= 24> <et=44.52> <Mt= 0.01> <Spt= 0.07> <nCl= 18> <al=0.00> <DB= 4232.5517> <Mlp= 4232.5517> <PB=10000000> 
    RCSP exact solver info for graph G_0 : TT = 0.028632, pt = 0.001, dt = 0.02455, ct = 0.002153, ndl = 5914', bdl = 122562', odl = 8143', odf = 38801', bsi = 1934', cnt = 2618', bdch = 590489', odch = 78107', lcp = 105880', #sols = 150
<DWph=0> <it= 25> <et=44.59> <Mt= 0.00> <Spt= 0.07> <nCl=150> <al=0.02> <DB= 4043.8096> <Mlp= 4232.5517> <PB=10000000> 
    RCSP exact solver info for graph G_0 : TT = 0.027351, pt = 0.001053, dt = 0.023558, ct = 0.001743, ndl = 5573', bdl = 109877', odl = 7361', odf = 34679', bsi = 1901', cnt = 2916', bdch = 473630', odch = 59784', lcp = 86173', #sols = 150
<DWph=0> <it= 26> <et=44.72> <Mt= 0.07> <Spt= 0.06> <nCl=148> <al=0.00> <DB= 4127.5140> <Mlp= 4230.6618> <PB=10000000> 
    RCSP exact solver info for graph G_0 : TT = 0.034752, pt = 0.00164, dt = 0.029397, ct = 0.002184, ndl = 6375', bdl = 130521', odl = 8566', odf = 41135', bsi = 2057', cnt = 3628', bdch = 649870', odch = 80655', lcp = 120849', #sols = 150
<DWph=0> <it= 27> <et=44.92> <Mt= 0.08> <Spt= 0.08> <nCl=136> <al=0.02> <DB= 4209.2142> <Mlp= 4228.9947> <PB=10000000> 
    RCSP exact solver info for graph G_0 : TT = 0.035157, pt = 0.00149, dt = 0.029715, ct = 0.002509, ndl = 6388', bdl = 132077', odl = 8695', odf = 41133', bsi = 1952', cnt = 2907', bdch = 641706', odch = 77703', lcp = 116538', #sols = 150
<DWph=0> <it= 28> <et=45.02> <Mt= 0.03> <Spt= 0.06> <nCl= 70> <al=0.12> <DB= 4225.7263> <Mlp= 4228.8132> <PB=10000000> 
    RCSP exact solver info for graph G_0 : TT = 0.036806, pt = 0.001561, dt = 0.031541, ct = 0.002225, ndl = 6689', bdl = 139280', odl = 8791', odf = 41570', bsi = 2001', cnt = 3040', bdch = 696372', odch = 86189', lcp = 125637', #sols = 150
<DWph=0> <it= 29> <et=45.08> <Mt= 0.01> <Spt= 0.06> <nCl= 35> <al=0.02> <DB= 4223.3852> <Mlp= 4228.8132> <PB=10000000> 
    RCSP exact solver info for graph G_0 : TT = 0.036037, pt = 0.001622, dt = 0.03104, ct = 0.002024, ndl = 6376', bdl = 132688', odl = 8595', odf = 40427', bsi = 1999', cnt = 2981', bdch = 642990', odch = 77990', lcp = 114720', #sols = 150
    RCSP exact solver info for graph G_0 : TT = 0.031432, pt = 0.001244, dt = 0.027056, ct = 0.001945, ndl = 5725', bdl = 116804', odl = 8081', odf = 37510', bsi = 2034', cnt = 2958', bdch = 552619', odch = 70009', lcp = 104567', #sols = 150
<DWph=0> <it= 30> <et=45.20> <Mt= 0.00> <Spt= 0.11> <nCl= 98> <al=0.00> <DB= 4228.8132> <Mlp= 4228.8132> <PB=10000000> 
RCSP solver dynamic params and stats :  bidir.bord. = 492.3 aver.obdmd = 9.53279 aver.buck.num. = 11.123 nbR1C = 31 with avMem = 21.871
@@ 3 1 4228.81 0.0302343 0.033766 48.7555 45.2
    Full reduced cost fixing is not called (gap ratio is 0.999991)
ColGenEvalAlg final dual bound: 4228.81 (rounded: 4228.81)
False gap improvement since the last cut separation : 0.029496 (4216.38)
Current active cuts : CAP(1,32.4) R1C(7+24,134.368) 1rowPackR1C(7) 3rowPackR1C(20) 4rowPackR1C(4)
12 Rank-1 1-rows pack. cuts added ,  max viol. = 0.236842, aver. viol. = 0.0921053
150 Rank-1 3-rows pack. cuts added ,  max viol. = 0.421053, aver. viol. = 0.207018
Shrinking heuristic shrunk 39 edges
In total 1 RCC cut(s) are found by the Fractional capacity min-cut heuristic 
In total 1 RCC cut(s) are found by the global pool greedy search heuristic 
----- Add fac. cuts : CAP(2) R1C(162), max.viol = 0.421053, aver.viol = 0.198973, sep/add took 0.0392837/0.410716 sec. -----
13265 columns (6962 active), 438 dyn. constrs. (200 active), 680 art. vars. (442 active)
<DWph=2> <it=  1> <et=45.82> <Mt= 0.12> <Spt= 0.04> <nCl= 24> <al=0.50> <DB= 4172.7279> <Mlp= 4243.7786> <PB=10000000> 
<DWph=2> <it=  2> <et=45.89> <Mt= 0.03> <Spt= 0.04> <nCl= 22> <al=0.55> <DB= 4234.2903> <Mlp= 4241.7845> <PB=10000000> 
<DWph=2> <it=  3> <et=45.93> <Mt= 0.01> <Spt= 0.03> <nCl= 23> <al=0.45> <DB= 4117.2095> <Mlp= 4241.7845> <PB=10000000> 
<DWph=2> <it=  4> <et=45.99> <Mt= 0.02> <Spt= 0.03> <nCl= 13> <al=0.51> <DB= 4237.7425> <Mlp= 4240.8972> <PB=10000000> 
<DWph=2> <it=  5> <et=46.03> <Mt= 0.00> <Spt= 0.04> <nCl= 21> <al=0.41> <DB= 4233.1077> <Mlp= 4240.8972> <PB=10000000> 
<DWph=2> <it=  6> <et=46.07> <Mt= 0.01> <Spt= 0.03> <nCl= 11> <al=0.46> <DB= 4235.2452> <Mlp= 4240.8402> <PB=10000000> 
<DWph=2> <it=  7> <et=46.13> <Mt= 0.00> <Spt= 0.06> <nCl= 20> <al=0.04> <DB= 4231.3319> <Mlp= 4240.7750> <PB=10000000> 
<DWph=2> <it=  8> <et=46.21> <Mt= 0.01> <Spt= 0.07> <nCl= 24> <al=0.00> <DB= 4240.7578> <Mlp= 4240.7578> <PB=10000000> 
<DWph=1> <it=  9> <et=46.25> <Mt= 0.00> <Spt= 0.04> <nCl= 30> <al=0.32> <DB= 4103.0956> <Mlp= 4240.7578> <PB=10000000> 
<DWph=1> <it= 10> <et=46.32> <Mt= 0.03> <Spt= 0.04> <nCl= 27> <al=0.22> <DB= 4179.0669> <Mlp= 4238.6769> <PB=10000000> 
<DWph=1> <it= 11> <et=46.37> <Mt= 0.01> <Spt= 0.04> <nCl= 17> <al=0.30> <DB= 4220.0357> <Mlp= 4238.4276> <PB=10000000> 
<DWph=1> <it= 12> <et=46.41> <Mt= 0.00> <Spt= 0.04> <nCl= 20> <al=0.20> <DB= 4227.6083> <Mlp= 4238.4240> <PB=10000000> 
<DWph=1> <it= 13> <et=46.46> <Mt= 0.01> <Spt= 0.04> <nCl= 14> <al=0.10> <DB= 4183.4330> <Mlp= 4238.4043> <PB=10000000> 
<DWph=1> <it= 14> <et=46.52> <Mt= 0.02> <Spt= 0.04> <nCl= 24> <al=0.19> <DB= 4212.8487> <Mlp= 4238.1439> <PB=10000000> 
<DWph=1> <it= 15> <et=46.57> <Mt= 0.00> <Spt= 0.04> <nCl= 10> <al=0.09> <DB= 4236.7560> <Mlp= 4238.0665> <PB=10000000> 
<DWph=1> <it= 16> <et=46.61> <Mt= 0.01> <Spt= 0.04> <nCl= 13> <al=0.00> <DB= 4224.2902> <Mlp= 4238.0646> <PB=10000000> 
<DWph=1> <it= 17> <et=46.65> <Mt= 0.00> <Spt= 0.03> <nCl=  3> <al=0.09> <DB= 4237.7573> <Mlp= 4238.0646> <PB=10000000> 
<DWph=1> <it= 18> <et=46.73> <Mt= 0.01> <Spt= 0.08> <nCl=  9> <al=0.00> <DB= 4238.0644> <Mlp= 4238.0644> <PB=10000000> 
    RCSP exact solver info for graph G_0 : TT = 0.036862, pt = 0.001674, dt = 0.031215, ct = 0.00271, ndl = 6971', bdl = 145778', odl = 9355', odf = 45117', bsi = 2407', cnt = 3914', bdch = 768388', odch = 99493', lcp = 146930', #sols = 150
<DWph=0> <it= 19> <et=46.81> <Mt= 0.00> <Spt= 0.07> <nCl=150> <al=0.08> <DB= 4076.2523> <Mlp= 4238.0644> <PB=10000000> 
    RCSP exact solver info for graph G_0 : TT = 0.046567, pt = 0.001531, dt = 0.040515, ct = 0.003208, ndl = 7573', bdl = 151509', odl = 9307', odf = 47321', bsi = 2078', cnt = 3944', bdch = 857762', odch = 120380', lcp = 162661', #sols = 150
<DWph=0> <it= 20> <et=46.97> <Mt= 0.07> <Spt= 0.09> <nCl=110> <al=0.17> <DB= 4193.2463> <Mlp= 4233.8441> <PB=10000000> 
    RCSP exact solver info for graph G_0 : TT = 0.034101, pt = 0.001618, dt = 0.028348, ct = 0.002907, ndl = 7370', bdl = 141881', odl = 9299', odf = 47641', bsi = 1977', cnt = 4224', bdch = 806996', odch = 117608', lcp = 152634', #sols = 150
<DWph=0> <it= 21> <et=47.05> <Mt= 0.02> <Spt= 0.07> <nCl= 62> <al=0.07> <DB= 4221.0299> <Mlp= 4233.4833> <PB=10000000> 
    RCSP exact solver info for graph G_0 : TT = 0.037093, pt = 0.001962, dt = 0.031588, ct = 0.002205, ndl = 7313', bdl = 138775', odl = 9594', odf = 48993', bsi = 1913', cnt = 4483', bdch = 803834', odch = 121424', lcp = 157127', #sols = 150
<DWph=0> <it= 22> <et=47.13> <Mt= 0.01> <Spt= 0.06> <nCl= 65> <al=0.16> <DB= 4224.5628> <Mlp= 4233.3886> <PB=10000000> 
    RCSP exact solver info for graph G_0 : TT = 0.033839, pt = 0.001632, dt = 0.029101, ct = 0.002041, ndl = 6845', bdl = 131551', odl = 9076', odf = 45218', bsi = 1933', cnt = 4185', bdch = 695772', odch = 104354', lcp = 127987', #sols = 148
<DWph=0> <it= 23> <et=47.20> <Mt= 0.01> <Spt= 0.06> <nCl= 51> <al=0.25> <DB= 4231.6918> <Mlp= 4233.3480> <PB=10000000> 
    RCSP exact solver info for graph G_0 : TT = 0.034278, pt = 0.001636, dt = 0.029197, ct = 0.002228, ndl = 6718', bdl = 131818', odl = 8758', odf = 43612', bsi = 1864', cnt = 3541', bdch = 685257', odch = 94568', lcp = 123225', #sols = 147
<DWph=0> <it= 24> <et=47.26> <Mt= 0.00> <Spt= 0.06> <nCl= 19> <al=0.15> <DB= 4232.7485> <Mlp= 4233.3389> <PB=10000000> 
    RCSP exact solver info for graph G_0 : TT = 0.039434, pt = 0.00186, dt = 0.033784, ct = 0.002446, ndl = 6712', bdl = 132369', odl = 8711', odf = 43466', bsi = 1914', cnt = 3395', bdch = 685575', odch = 93505', lcp = 122013', #sols = 149
<DWph=0> <it= 25> <et=47.32> <Mt= 0.00> <Spt= 0.06> <nCl= 15> <al=0.23> <DB= 4232.7283> <Mlp= 4233.3389> <PB=10000000> 
    RCSP exact solver info for graph G_0 : TT = 0.034599, pt = 0.001723, dt = 0.029672, ct = 0.001933, ndl = 6787', bdl = 133287', odl = 8811', odf = 44111', bsi = 1883', cnt = 3666', bdch = 693804', odch = 97001', lcp = 124088', #sols = 147
    RCSP exact solver info for graph G_0 : TT = 0.028896, pt = 0.001183, dt = 0.024926, ct = 0.001644, ndl = 6043', bdl = 119900', odl = 8142', odf = 39747', bsi = 2031', cnt = 3964', bdch = 575902', odch = 77923', lcp = 101171', #sols = 150
<DWph=0> <it= 26> <et=47.43> <Mt= 0.01> <Spt= 0.10> <nCl= 82> <al=0.00> <DB= 4233.3389> <Mlp= 4233.3389> <PB=10000000> 
RCSP solver dynamic params and stats :  bidir.bord. = 492.3 aver.obdmd = 9.53279 aver.buck.num. = 11.123 nbR1C = 32 with avMem = 22.4375
@@ 3 2 4233.34 0.0332964 0.043723 48.7555 47.43
    Full reduced cost fixing is not called (gap ratio is 0.99999)
ColGenEvalAlg final dual bound: 4233.34 (rounded: 4233.34)
False gap improvement since the last cut separation : 0.0107021 (4228.81)
Separator R1C not in maximum phase
Cut generation tailing off counter increased to 0
Current active cuts : CAP(2,69.7059) R1C(8+24,141.06) 1rowPackR1C(8) 3rowPackR1C(19) 4rowPackR1C(5)
16 Rank-1 1-rows pack. cuts added ,  max viol. = 0.138889, aver. viol. = 0.0763889
150 Rank-1 3-rows pack. cuts added ,  max viol. = 0.305556, aver. viol. = 0.147778
Building structures for heuristic rank-1 packing cut separation...done!
100 Rank-1 4-rows pack. cuts added ,  max viol. = 0.222222, aver. viol. = 0.1475
Shrinking heuristic shrunk 35 edges
----- Add fac. cuts : R1C(266), max.viol = 0.361111, aver.viol = 0.164265, sep/add took 0.0797905/0.784459 sec. -----
14144 columns (7841 active), 538 dyn. constrs. (307 active), 946 art. vars. (549 active)
<DWph=2> <it=  1> <et=48.57> <Mt= 0.15> <Spt= 0.05> <nCl= 22> <al=0.50> <DB= 4234.1710> <Mlp= 4240.5011> <PB=10000000> 
<DWph=2> <it=  2> <et=48.62> <Mt= 0.03> <Spt= 0.03> <nCl= 17> <al=0.55> <DB= 4168.7230> <Mlp= 4240.3590> <PB=10000000> 
<DWph=2> <it=  3> <et=48.69> <Mt= 0.03> <Spt= 0.03> <nCl= 18> <al=0.60> <DB= 4210.7114> <Mlp= 4239.4872> <PB=10000000> 
<DWph=2> <it=  4> <et=48.75> <Mt= 0.03> <Spt= 0.03> <nCl= 11> <al=0.50> <DB= 4215.6726> <Mlp= 4239.2008> <PB=10000000> 
<DWph=2> <it=  5> <et=48.78> <Mt= 0.01> <Spt= 0.03> <nCl=  2> <al=0.40> <DB= 4220.4221> <Mlp= 4239.1947> <PB=10000000> 
<DWph=2> <it=  6> <et=48.82> <Mt= 0.01> <Spt= 0.03> <nCl=  3> <al=0.30> <DB= 4225.1745> <Mlp= 4239.1945> <PB=10000000> 
<DWph=2> <it=  7> <et=48.86> <Mt= 0.00> <Spt= 0.03> <nCl= 19> <al=0.20> <DB= 4109.3820> <Mlp= 4239.1918> <PB=10000000> 
<DWph=2> <it=  8> <et=48.90> <Mt= 0.01> <Spt= 0.03> <nCl= 24> <al=0.28> <DB= 4205.4733> <Mlp= 4239.1866> <PB=10000000> 
<DWph=2> <it=  9> <et=48.94> <Mt= 0.01> <Spt= 0.03> <nCl= 14> <al=0.35> <DB= 4222.6529> <Mlp= 4239.1866> <PB=10000000> 
<DWph=2> <it= 10> <et=48.97> <Mt= 0.00> <Spt= 0.03> <nCl=  9> <al=0.25> <DB= 4227.4035> <Mlp= 4239.1851> <PB=10000000> 
<DWph=2> <it= 11> <et=49.02> <Mt= 0.02> <Spt= 0.03> <nCl= 13> <al=0.15> <DB= 4232.1353> <Mlp= 4239.1618> <PB=10000000> 
<DWph=2> <it= 12> <et=49.06> <Mt= 0.01> <Spt= 0.04> <nCl= 23> <al=0.05> <DB= 4201.6762> <Mlp= 4239.1343> <PB=10000000> 
<DWph=2> <it= 13> <et=49.10> <Mt= 0.00> <Spt= 0.03> <nCl= 15> <al=0.14> <DB= 4232.3394> <Mlp= 4239.1343> <PB=10000000> 
<DWph=2> <it= 14> <et=49.14> <Mt= 0.01> <Spt= 0.03> <nCl= 13> <al=0.04> <DB= 4235.4408> <Mlp= 4239.1300> <PB=10000000> 
<DWph=2> <it= 15> <et=49.18> <Mt= 0.00> <Spt= 0.04> <nCl= 19> <al=0.14> <DB= 4237.6831> <Mlp= 4239.1216> <PB=10000000> 
<DWph=2> <it= 16> <et=49.22> <Mt= 0.01> <Spt= 0.03> <nCl= 16> <al=0.22> <DB= 4237.5123> <Mlp= 4239.1140> <PB=10000000> 
<DWph=2> <it= 17> <et=49.25> <Mt= 0.00> <Spt= 0.03> <nCl=  2> <al=0.12> <DB= 4237.5858> <Mlp= 4239.1140> <PB=10000000> 
<DWph=2> <it= 18> <et=49.29> <Mt= 0.01> <Spt= 0.03> <nCl= 11> <al=0.21> <DB= 4231.1493> <Mlp= 4239.1121> <PB=10000000> 
<DWph=2> <it= 19> <et=49.35> <Mt= 0.00> <Spt= 0.05> <nCl= 22> <al=0.00> <DB= 4238.3107> <Mlp= 4239.1107> <PB=10000000> 
<DWph=2> <it= 20> <et=49.40> <Mt= 0.01> <Spt= 0.05> <nCl=  0> <al=0.00> <DB= 4239.1107> <Mlp= 4239.1107> <PB=10000000> 
<DWph=1> <it= 21> <et=49.44> <Mt= 0.00> <Spt= 0.04> <nCl= 30> <al=0.00> <DB= 4084.3361> <Mlp= 4239.1107> <PB=10000000> 
<DWph=1> <it= 22> <et=49.50> <Mt= 0.01> <Spt= 0.04> <nCl= 30> <al=0.00> <DB= 4198.6982> <Mlp= 4238.8949> <PB=10000000> 
<DWph=1> <it= 23> <et=49.55> <Mt= 0.01> <Spt= 0.05> <nCl= 28> <al=0.02> <DB= 4222.1509> <Mlp= 4238.7338> <PB=10000000> 
<DWph=1> <it= 24> <et=49.60> <Mt= 0.01> <Spt= 0.03> <nCl= 13> <al=0.12> <DB= 4236.6897> <Mlp= 4238.6552> <PB=10000000> 
<DWph=1> <it= 25> <et=49.68> <Mt= 0.01> <Spt= 0.07> <nCl= 12> <al=0.00> <DB= 4238.6552> <Mlp= 4238.6552> <PB=10000000> 
    RCSP exact solver info for graph G_0 : TT = 0.03652, pt = 0.001542, dt = 0.031556, ct = 0.002364, ndl = 7276', bdl = 147248', odl = 8799', odf = 44811', bsi = 2580', cnt = 5333', bdch = 760106', odch = 109913', lcp = 140863', #sols = 150
<DWph=0> <it= 26> <et=49.77> <Mt= 0.00> <Spt= 0.09> <nCl=150> <al=0.00> <DB= 4136.6605> <Mlp= 4238.6552> <PB=10000000> 
    RCSP exact solver info for graph G_0 : TT = 0.033995, pt = 0.001464, dt = 0.029096, ct = 0.002227, ndl = 6496', bdl = 136470', odl = 8182', odf = 40844', bsi = 2270', cnt = 4477', bdch = 623759', odch = 82590', lcp = 104513', #sols = 148
<DWph=0> <it= 27> <et=49.93> <Mt= 0.07> <Spt= 0.09> <nCl=148> <al=0.00> <DB= 4142.5014> <Mlp= 4237.0303> <PB=10000000> 
    RCSP exact solver info for graph G_0 : TT = 0.034852, pt = 0.001893, dt = 0.029868, ct = 0.001898, ndl = 6445', bdl = 132470', odl = 8401', odf = 41802', bsi = 2364', cnt = 4474', bdch = 605796', odch = 84698', lcp = 104131', #sols = 133
<DWph=0> <it= 28> <et=50.03> <Mt= 0.02> <Spt= 0.09> <nCl=133> <al=0.00> <DB= 4202.7225> <Mlp= 4236.9797> <PB=10000000> 
    RCSP exact solver info for graph G_0 : TT = 0.032026, pt = 0.001331, dt = 0.027239, ct = 0.002219, ndl = 5954', bdl = 127209', odl = 7990', odf = 38531', bsi = 2179', cnt = 3718', bdch = 564263', odch = 77293', lcp = 95176', #sols = 150
<DWph=0> <it= 29> <et=50.15> <Mt= 0.05> <Spt= 0.07> <nCl=132> <al=0.00> <DB= 4216.0354> <Mlp= 4236.7394> <PB=10000000> 
    RCSP exact solver info for graph G_0 : TT = 0.033559, pt = 0.001374, dt = 0.028239, ct = 0.002572, ndl = 6342', bdl = 128209', odl = 8210', odf = 40484', bsi = 2263', cnt = 3908', bdch = 589420', odch = 81591', lcp = 102264', #sols = 150
<DWph=0> <it= 30> <et=50.25> <Mt= 0.02> <Spt= 0.08> <nCl=104> <al=0.00> <DB= 4228.8094> <Mlp= 4236.6190> <PB=10000000> 
    RCSP exact solver info for graph G_0 : TT = 0.033802, pt = 0.001678, dt = 0.029011, ct = 0.001909, ndl = 6114', bdl = 133720', odl = 8327', odf = 40454', bsi = 2226', cnt = 3988', bdch = 607903', odch = 80774', lcp = 102119', #sols = 150
<DWph=0> <it= 31> <et=50.34> <Mt= 0.02> <Spt= 0.07> <nCl= 82> <al=0.06> <DB= 4202.4790> <Mlp= 4236.5085> <PB=10000000> 
    RCSP exact solver info for graph G_0 : TT = 0.034541, pt = 0.001693, dt = 0.029513, ct = 0.002124, ndl = 6151', bdl = 130111', odl = 8218', odf = 39159', bsi = 2204', cnt = 3988', bdch = 589970', odch = 78870', lcp = 101358', #sols = 150
<DWph=0> <it= 32> <et=50.42> <Mt= 0.01> <Spt= 0.06> <nCl= 54> <al=0.15> <DB= 4231.1431> <Mlp= 4236.4778> <PB=10000000> 
    RCSP exact solver info for graph G_0 : TT = 0.034472, pt = 0.001622, dt = 0.029601, ct = 0.001864, ndl = 6182', bdl = 132476', odl = 8355', odf = 40788', bsi = 2172', cnt = 4117', bdch = 612725', odch = 82251', lcp = 103843', #sols = 150
<DWph=0> <it= 33> <et=50.48> <Mt= 0.01> <Spt= 0.06> <nCl= 25> <al=0.24> <DB= 4234.7705> <Mlp= 4236.4726> <PB=10000000> 
    RCSP exact solver info for graph G_0 : TT = 0.034632, pt = 0.001677, dt = 0.029386, ct = 0.002303, ndl = 6665', bdl = 140490', odl = 8633', odf = 42035', bsi = 2154', cnt = 4213', bdch = 673425', odch = 94182', lcp = 118474', #sols = 150
<DWph=0> <it= 34> <et=50.55> <Mt= 0.00> <Spt= 0.06> <nCl= 61> <al=0.14> <DB= 4235.9077> <Mlp= 4236.4579> <PB=10000000> 
    RCSP exact solver info for graph G_0 : TT = 0.032868, pt = 0.001712, dt = 0.027624, ct = 0.002171, ndl = 6308', bdl = 134149', odl = 8197', odf = 39928', bsi = 2156', cnt = 4138', bdch = 607982', odch = 82994', lcp = 101817', #sols = 150
    RCSP exact solver info for graph G_0 : TT = 0.032754, pt = 0.001315, dt = 0.028302, ct = 0.001943, ndl = 6062', bdl = 125121', odl = 8243', odf = 39392', bsi = 2187', cnt = 3718', bdch = 570920', odch = 78731', lcp = 98193', #sols = 150
<DWph=0> <it= 35> <et=50.66> <Mt= 0.00> <Spt= 0.11> <nCl= 76> <al=0.00> <DB= 4236.4579> <Mlp= 4236.4579> <PB=10000000> 
RCSP solver dynamic params and stats :  bidir.bord. = 503.7 aver.obdmd = 9.53279 aver.buck.num. = 11.123 nbR1C = 33 with avMem = 25.8788
@@ 3 3 4236.46 0.0311845 0.03392 48.7555 50.66
    Full reduced cost fixing is not called (gap ratio is 0.99999)
ColGenEvalAlg final dual bound: 4236.46 (rounded: 4236.46)
False gap improvement since the last cut separation : 0.00736778 (4233.34)
Separator R1C not in maximum phase
Cut generation tailing off counter increased to 0
Current active cuts : CAP(2,91) R1C(6+27,227.915) 1rowPackR1C(6) 3rowPackR1C(21) 4rowPackR1C(6)
13 Rank-1 1-rows pack. cuts added ,  max viol. = 0.310231, aver. viol. = 0.107134
150 Rank-1 3-rows pack. cuts added ,  max viol. = 0.435644, aver. viol. = 0.2822
Building structures for heuristic rank-1 packing cut separation...done!
100 Rank-1 4-rows pack. cuts added ,  max viol. = 0.409241, aver. viol. = 0.230363
100 Rank-1 5-rows pack. cuts added ,  max viol. = 0.409241, aver. viol. = 0.311386
Shrinking heuristic shrunk 35 edges
In total 3 RCC cut(s) are found by the Fractional capacity min-cut heuristic 
In total 1 RCC cut(s) are found by the greedy construction heuristic 
In total 2 RCC cut(s) are found by the global pool greedy search heuristic 
----- Add fac. cuts : CAP(6) R1C(363), max.viol = 0.458746, aver.viol = 0.287996, sep/add took 0.441737/1.38433 sec. -----
15495 columns (9192 active), 749 dyn. constrs. (412 active), 1315 art. vars. (654 active)
<DWph=2> <it=  1> <et=52.68> <Mt= 0.12> <Spt= 0.04> <nCl= 22> <al=0.50> <DB= 4237.5703> <Mlp= 4238.9482> <PB=10000000> 
<DWph=2> <it=  2> <et=52.72> <Mt= 0.01> <Spt= 0.03> <nCl=  8> <al=0.55> <DB= 4238.1854> <Mlp= 4238.9371> <PB=10000000> 
<DWph=2> <it=  3> <et=52.79> <Mt= 0.00> <Spt= 0.07> <nCl= 33> <al=0.00> <DB= 4238.9371> <Mlp= 4238.9371> <PB=10000000> 
<DWph=1> <it=  4> <et=52.84> <Mt= 0.00> <Spt= 0.03> <nCl= 16> <al=0.35> <DB= 4230.1623> <Mlp= 4238.9371> <PB=10000000> 
<DWph=1> <it=  5> <et=52.89> <Mt= 0.01> <Spt= 0.04> <nCl=  9> <al=0.42> <DB= 4234.8267> <Mlp= 4238.9357> <PB=10000000> 
<DWph=1> <it=  6> <et=52.93> <Mt= 0.02> <Spt= 0.04> <nCl=  8> <al=0.32> <DB= 4237.6398> <Mlp= 4238.9333> <PB=10000000> 
<DWph=1> <it=  7> <et=53.01> <Mt= 0.00> <Spt= 0.06> <nCl=  1> <al=0.00> <DB= 4238.9333> <Mlp= 4238.9333> <PB=10000000> 
    RCSP exact solver info for graph G_0 : TT = 0.034228, pt = 0.00178, dt = 0.02945, ct = 0.001774, ndl = 6412', bdl = 129895', odl = 8041', odf = 41191', bsi = 2147', cnt = 5020', bdch = 641906', odch = 100253', lcp = 105982', #sols = 150
<DWph=0> <it=  8> <et=53.10> <Mt= 0.00> <Spt= 0.09> <nCl=104> <al=0.12> <DB= 4188.9333> <Mlp= 4238.9333> <PB=10000000> 
    RCSP exact solver info for graph G_0 : TT = 0.036055, pt = 0.002054, dt = 0.03058, ct = 0.002228, ndl = 6721', bdl = 136970', odl = 8320', odf = 42462', bsi = 2255', cnt = 4994', bdch = 656350', odch = 102293', lcp = 111025', #sols = 150
<DWph=0> <it=  9> <et=53.31> <Mt= 0.15> <Spt= 0.07> <nCl= 61> <al=0.20> <DB= 4225.1755> <Mlp= 4238.8714> <PB=10000000> 
    RCSP exact solver info for graph G_0 : TT = 0.038845, pt = 0.002151, dt = 0.03256, ct = 0.002709, ndl = 7095', bdl = 148450', odl = 8670', odf = 44726', bsi = 2257', cnt = 4654', bdch = 763119', odch = 113268', lcp = 125014', #sols = 150
<DWph=0> <it= 10> <et=53.52> <Mt= 0.13> <Spt= 0.07> <nCl= 54> <al=0.10> <DB= 4214.7731> <Mlp= 4238.7152> <PB=10000000> 
    RCSP exact solver info for graph G_0 : TT = 0.03512, pt = 0.002044, dt = 0.02965, ct = 0.002209, ndl = 6840', bdl = 138679', odl = 8156', odf = 41817', bsi = 2266', cnt = 5323', bdch = 672890', odch = 104136', lcp = 118836', #sols = 150
<DWph=0> <it= 11> <et=53.60> <Mt= 0.02> <Spt= 0.07> <nCl= 44> <al=0.19> <DB= 4227.2461> <Mlp= 4238.6841> <PB=10000000> 
    RCSP exact solver info for graph G_0 : TT = 0.034706, pt = 0.00196, dt = 0.028951, ct = 0.00247, ndl = 6963', bdl = 141158', odl = 8283', odf = 42841', bsi = 2233', cnt = 5617', bdch = 683747', odch = 102078', lcp = 118367', #sols = 150
<DWph=0> <it= 12> <et=53.67> <Mt= 0.01> <Spt= 0.05> <nCl= 18> <al=0.27> <DB= 4235.5520> <Mlp= 4238.6841> <PB=10000000> 
    RCSP exact solver info for graph G_0 : TT = 0.037663, pt = 0.002334, dt = 0.031297, ct = 0.002258, ndl = 6851', bdl = 138497', odl = 8122', odf = 42276', bsi = 2230', cnt = 5356', bdch = 671904', odch = 105241', lcp = 117736', #sols = 150
<DWph=0> <it= 13> <et=53.73> <Mt= 0.00> <Spt= 0.06> <nCl= 31> <al=0.17> <DB= 4231.6650> <Mlp= 4238.6841> <PB=10000000> 
    RCSP exact solver info for graph G_0 : TT = 0.034084, pt = 0.001892, dt = 0.028561, ct = 0.002214, ndl = 6852', bdl = 139380', odl = 8142', odf = 42124', bsi = 2232', cnt = 5327', bdch = 681795', odch = 104667', lcp = 118017', #sols = 150
    RCSP exact solver info for graph G_0 : TT = 0.035781, pt = 0.001733, dt = 0.030211, ct = 0.002002, ndl = 7216', bdl = 141907', odl = 8510', odf = 44968', bsi = 2395', cnt = 5196', bdch = 739075', odch = 116069', lcp = 124063', #sols = 150
<DWph=0> <it= 14> <et=53.87> <Mt= 0.01> <Spt= 0.13> <nCl= 74> <al=0.00> <DB= 4238.6841> <Mlp= 4238.6841> <PB=10000000> 
RCSP solver dynamic params and stats :  bidir.bord. = 503.7 aver.obdmd = 9.53279 aver.buck.num. = 11.123 nbR1C = 47 with avMem = 27.1064
@@ 3 4 4238.68 0.0323905 0.035269 48.7555 53.87
    Full reduced cost fixing is not called (gap ratio is 0.99999)
ColGenEvalAlg final dual bound: 4238.68 (rounded: 4238.68)
False gap improvement since the last cut separation : 0.00525488 (4236.46)
Cut generation tailing off counter increased to 1
Current active cuts : CAP(4,94.6217) R1C(12+35,221.83) 1rowPackR1C(12) 3rowPackR1C(20) 4rowPackR1C(11) 5rowPackR1C(4)
14 Rank-1 1-rows pack. cuts added ,  max viol. = 0.331601, aver. viol. = 0.0927357
150 Rank-1 3-rows pack. cuts added ,  max viol. = 0.444025, aver. viol. = 0.325048
Building structures for heuristic rank-1 packing cut separation...done!
100 Rank-1 4-rows pack. cuts added ,  max viol. = 0.444025, aver. viol. = 0.152283
100 Rank-1 5-rows pack. cuts added ,  max viol. = 0.444025, aver. viol. = 0.294167
Shrinking heuristic shrunk 33 edges
In total 10 RCC cut(s) are found by the greedy construction heuristic 
In total 1 RCC cut(s) are found by the global pool greedy search heuristic 
----- Add fac. cuts : CAP(11) R1C(364), max.viol = 0.515588, aver.viol = 0.295766, sep/add took 0.503654/1.56566 sec. -----
15978 columns (9675 active), 863 dyn. constrs. (433 active), 1690 art. vars. (675 active)
<DWph=2> <it=  1> <et=56.25> <Mt= 0.21> <Spt= 0.04> <nCl= 20> <al=0.50> <DB= 4230.0483> <Mlp= 4240.9678> <PB=10000000> 
<DWph=2> <it=  2> <et=56.32> <Mt= 0.03> <Spt= 0.03> <nCl= 21> <al=0.55> <DB= 4239.1470> <Mlp= 4240.9270> <PB=10000000> 
<DWph=2> <it=  3> <et=56.37> <Mt= 0.02> <Spt= 0.04> <nCl=  4> <al=0.45> <DB= 4236.5896> <Mlp= 4240.9222> <PB=10000000> 
<DWph=2> <it=  4> <et=56.44> <Mt= 0.00> <Spt= 0.06> <nCl= 27> <al=0.01> <DB= 4235.8862> <Mlp= 4240.9222> <PB=10000000> 
<DWph=2> <it=  5> <et=56.50> <Mt= 0.02> <Spt= 0.04> <nCl= 20> <al=0.41> <DB= 4240.6695> <Mlp= 4240.9199> <PB=10000000> 
<DWph=2> <it=  6> <et=56.54> <Mt= 0.01> <Spt= 0.04> <nCl=  9> <al=0.31> <DB= 4240.7506> <Mlp= 4240.9199> <PB=10000000> 
<DWph=2> <it=  7> <et=56.61> <Mt= 0.00> <Spt= 0.06> <nCl= 23> <al=0.00> <DB= 4240.9120> <Mlp= 4240.9199> <PB=10000000> 
<DWph=2> <it=  8> <et=56.68> <Mt= 0.01> <Spt= 0.07> <nCl= 19> <al=0.00> <DB= 4240.9199> <Mlp= 4240.9199> <PB=10000000> 
<DWph=1> <it=  9> <et=56.73> <Mt= 0.00> <Spt= 0.04> <nCl= 25> <al=0.17> <DB= 4227.8780> <Mlp= 4240.9199> <PB=10000000> 
<DWph=1> <it= 10> <et=56.80> <Mt= 0.03> <Spt= 0.05> <nCl= 22> <al=0.07> <DB= 4237.6198> <Mlp= 4240.9071> <PB=10000000> 
<DWph=1> <it= 11> <et=56.87> <Mt= 0.02> <Spt= 0.04> <nCl=  2> <al=0.17> <DB= 4240.5570> <Mlp= 4240.9037> <PB=10000000> 
<DWph=1> <it= 12> <et=56.96> <Mt= 0.01> <Spt= 0.08> <nCl= 20> <al=0.00> <DB= 4240.9037> <Mlp= 4240.9037> <PB=10000000> 
    RCSP exact solver info for graph G_0 : TT = 0.038045, pt = 0.002029, dt = 0.03241, ct = 0.002438, ndl = 8142', bdl = 178398', odl = 10045', odf = 50714', bsi = 2411', cnt = 7217', bdch = 924268', odch = 149352', lcp = 170740', #sols = 150
<DWph=0> <it= 13> <et=57.08> <Mt= 0.00> <Spt= 0.12> <nCl=150> <al=0.00> <DB= 4072.9426> <Mlp= 4240.9037> <PB=10000000> 
    RCSP exact solver info for graph G_0 : TT = 0.044516, pt = 0.001816, dt = 0.037683, ct = 0.003451, ndl = 9048', bdl = 185813', odl = 9932', odf = 51905', bsi = 2416', cnt = 7441', bdch = 1133648', odch = 183939', lcp = 212036', #sols = 150
<DWph=0> <it= 14> <et=57.33> <Mt= 0.07> <Spt= 0.13> <nCl=150> <al=0.00> <DB= 4198.0547> <Mlp= 4240.5392> <PB=10000000> 
    RCSP exact solver info for graph G_0 : TT = 0.050274, pt = 0.002056, dt = 0.043791, ct = 0.002969, ndl = 8183', bdl = 165639', odl = 9486', odf = 48679', bsi = 2140', cnt = 5773', bdch = 918850', odch = 143093', lcp = 173510', #sols = 150
<DWph=0> <it= 15> <et=57.50> <Mt= 0.02> <Spt= 0.14> <nCl=149> <al=0.07> <DB= 4218.5500> <Mlp= 4240.4826> <PB=10000000> 
    RCSP exact solver info for graph G_0 : TT = 0.035307, pt = 0.001674, dt = 0.029112, ct = 0.002763, ndl = 6893', bdl = 136660', odl = 8418', odf = 42384', bsi = 2036', cnt = 5028', bdch = 673660', odch = 104405', lcp = 120793', #sols = 150
<DWph=0> <it= 16> <et=57.66> <Mt= 0.06> <Spt= 0.11> <nCl=107> <al=0.00> <DB= 4214.6367> <Mlp= 4240.2367> <PB=10000000> 
    RCSP exact solver info for graph G_0 : TT = 0.040387, pt = 0.002166, dt = 0.034123, ct = 0.002778, ndl = 7791', bdl = 161675', odl = 9309', odf = 47938', bsi = 2087', cnt = 5494', bdch = 861734', odch = 133564', lcp = 158295', #sols = 150
<DWph=0> <it= 17> <et=57.80> <Mt= 0.03> <Spt= 0.10> <nCl=105> <al=0.07> <DB= 4231.6571> <Mlp= 4240.2019> <PB=10000000> 
    RCSP exact solver info for graph G_0 : TT = 0.04477, pt = 0.003333, dt = 0.037465, ct = 0.002407, ndl = 7462', bdl = 157842', odl = 9136', odf = 46961', bsi = 1983', cnt = 5087', bdch = 815155', odch = 119797', lcp = 144322', #sols = 150
<DWph=0> <it= 18> <et=57.97> <Mt= 0.04> <Spt= 0.13> <nCl=148> <al=0.17> <DB= 4233.0811> <Mlp= 4240.1000> <PB=10000000> 
    RCSP exact solver info for graph G_0 : TT = 0.047153, pt = 0.004614, dt = 0.036788, ct = 0.003734, ndl = 8582', bdl = 178514', odl = 9596', odf = 51119', bsi = 2081', cnt = 7410', bdch = 1023035', odch = 161009', lcp = 180288', #sols = 150
<DWph=0> <it= 19> <et=58.54> <Mt= 0.48> <Spt= 0.09> <nCl= 75> <al=0.25> <DB= 4235.4260> <Mlp= 4239.9083> <PB=10000000> 
    RCSP exact solver info for graph G_0 : TT = 0.046888, pt = 0.004172, dt = 0.038103, ct = 0.002692, ndl = 9570', bdl = 190490', odl = 10189', odf = 58420', bsi = 2119', cnt = 7733', bdch = 1266153', odch = 220580', lcp = 229570', #sols = 150
<DWph=0> <it= 20> <et=58.68> <Mt= 0.02> <Spt= 0.12> <nCl=111> <al=0.32> <DB= 4233.5989> <Mlp= 4239.8750> <PB=10000000> 
    RCSP exact solver info for graph G_0 : TT = 0.043264, pt = 0.003129, dt = 0.035885, ct = 0.00276, ndl = 8822', bdl = 182820', odl = 9458', odf = 51882', bsi = 2271', cnt = 7752', bdch = 1107988', odch = 175745', lcp = 196261', #sols = 150
<DWph=0> <it= 21> <et=59.05> <Mt= 0.28> <Spt= 0.09> <nCl= 52> <al=0.39> <DB= 4237.7643> <Mlp= 4239.8750> <PB=10000000> 
    RCSP exact solver info for graph G_0 : TT = 0.045604, pt = 0.003586, dt = 0.037007, ct = 0.003278, ndl = 8683', bdl = 174480', odl = 9440', odf = 50946', bsi = 2239', cnt = 8085', bdch = 1037211', odch = 160583', lcp = 188693', #sols = 150
<DWph=0> <it= 22> <et=59.19> <Mt= 0.04> <Spt= 0.11> <nCl=110> <al=0.29> <DB= 4236.1452> <Mlp= 4239.8750> <PB=10000000> 
    RCSP exact solver info for graph G_0 : TT = 0.046541, pt = 0.004218, dt = 0.037735, ct = 0.003027, ndl = 8803', bdl = 179352', odl = 9314', odf = 51816', bsi = 2201', cnt = 7767', bdch = 1110742', odch = 179083', lcp = 204358', #sols = 150
<DWph=0> <it= 23> <et=59.31> <Mt= 0.04> <Spt= 0.08> <nCl= 37> <al=0.36> <DB= 4239.1590> <Mlp= 4239.8750> <PB=10000000> 
    RCSP exact solver info for graph G_0 : TT = 0.04447, pt = 0.004235, dt = 0.034342, ct = 0.003487, ndl = 8517', bdl = 172743', odl = 9012', odf = 49763', bsi = 2197', cnt = 7117', bdch = 1015385', odch = 160549', lcp = 181643', #sols = 150
<DWph=0> <it= 24> <et=59.40> <Mt= 0.02> <Spt= 0.06> <nCl= 21> <al=0.26> <DB= 4239.1984> <Mlp= 4239.8750> <PB=10000000> 
    RCSP exact solver info for graph G_0 : TT = 0.046601, pt = 0.004856, dt = 0.035813, ct = 0.004093, ndl = 8675', bdl = 175562', odl = 9145', odf = 50974', bsi = 2199', cnt = 7351', bdch = 1060011', odch = 171225', lcp = 191979', #sols = 150
<DWph=0> <it= 25> <et=59.49> <Mt= 0.02> <Spt= 0.07> <nCl= 14> <al=0.34> <DB= 4239.6473> <Mlp= 4239.8750> <PB=10000000> 
    RCSP exact solver info for graph G_0 : TT = 0.060737, pt = 0.004925, dt = 0.049546, ct = 0.004101, ndl = 8668', bdl = 176419', odl = 9092', odf = 50617', bsi = 2198', cnt = 7072', bdch = 1046222', odch = 163344', lcp = 186640', #sols = 150
<DWph=0> <it= 26> <et=59.57> <Mt= 0.00> <Spt= 0.08> <nCl=  9> <al=0.24> <DB= 4239.8211> <Mlp= 4239.8750> <PB=10000000> 
    RCSP exact solver info for graph G_0 : TT = 0.043475, pt = 0.00346, dt = 0.035584, ct = 0.002844, ndl = 8660', bdl = 175743', odl = 9088', odf = 50593', bsi = 2194', cnt = 7033', bdch = 1043736', odch = 164405', lcp = 186458', #sols = 150
<DWph=0> <it= 27> <et=59.64> <Mt= 0.01> <Spt= 0.06> <nCl=  1> <al=0.14> <DB= 4239.8554> <Mlp= 4239.8750> <PB=10000000> 
    RCSP exact solver info for graph G_0 : TT = 0.04565, pt = 0.003572, dt = 0.036717, ct = 0.003421, ndl = 8625', bdl = 173916', odl = 9022', odf = 50034', bsi = 2209', cnt = 6881', bdch = 1026933', odch = 160508', lcp = 182608', #sols = 150
    RCSP exact solver info for graph G_0 : TT = 0.039676, pt = 0.002369, dt = 0.033081, ct = 0.002822, ndl = 8250', bdl = 159373', odl = 8800', odf = 48665', bsi = 2173', cnt = 6229', bdch = 957547', odch = 154818', lcp = 183982', #sols = 150
<DWph=0> <it= 28> <et=59.80> <Mt= 0.00> <Spt= 0.15> <nCl= 92> <al=0.00> <DB= 4239.8750> <Mlp= 4239.8750> <PB=10000000> 
RCSP solver dynamic params and stats :  bidir.bord. = 490.6 aver.obdmd = 9.53279 aver.buck.num. = 11.123 nbR1C = 57 with avMem = 36.3158
@@ 3 5 4239.87 0.0398971 0.053647 48.7555 59.8
    Full reduced cost fixing is not called (gap ratio is 0.99999)
ColGenEvalAlg final dual bound: 4239.87 (rounded: 4239.87)
False gap improvement since the last cut separation : 0.00280953 (4238.68)
Cut generation tailing off counter increased to 2
Current active cuts : CAP(3,102.777) R1C(11+46,222.478) 1rowPackR1C(11) 3rowPackR1C(25) 4rowPackR1C(19) 5rowPackR1C(2)
150 Rank-1 3-rows pack. cuts added ,  max viol. = 0.5, aver. viol. = 0.373333
Building structures for heuristic rank-1 packing cut separation...done!
86 Rank-1 4-rows pack. cuts added ,  max viol. = 0.5, aver. viol. = 0.372093
100 Rank-1 5-rows pack. cuts added ,  max viol. = 0.5, aver. viol. = 0.5
Shrinking heuristic shrunk 65 edges
In total 2 RCC cut(s) are found by the Fractional capacity min-cut heuristic 
In total 1 RCC cut(s) are found by the greedy construction heuristic 
----- Add fac. cuts : CAP(3) R1C(336), max.viol = 0.5, aver.viol = 0.409292, sep/add took 0.215643/1.05162 sec. -----
16723 columns (7805 active), 848 dyn. constrs. (408 active), 2029 art. vars. (650 active)
<DWph=2> <it=  1> <et=61.28> <Mt= 0.10> <Spt= 0.04> <nCl= 16> <al=0.50> <DB= 4239.4375> <Mlp= 4240.6000> <PB=10000000> 
<DWph=2> <it=  2> <et=61.32> <Mt= 0.01> <Spt= 0.03> <nCl=  1> <al=0.55> <DB= 4239.4812> <Mlp= 4240.6000> <PB=10000000> 
<DWph=2> <it=  3> <et=61.38> <Mt= 0.03> <Spt= 0.04> <nCl= 14> <al=0.60> <DB= 4239.8446> <Mlp= 4240.6000> <PB=10000000> 
<DWph=2> <it=  4> <et=61.46> <Mt= 0.00> <Spt= 0.07> <nCl= 33> <al=0.27> <DB= 4240.3373> <Mlp= 4240.6000> <PB=10000000> 
<DWph=2> <it=  5> <et=61.56> <Mt= 0.01> <Spt= 0.09> <nCl= 15> <al=0.00> <DB= 4240.6000> <Mlp= 4240.6000> <PB=10000000> 
<DWph=1> <it=  6> <et=61.60> <Mt= 0.00> <Spt= 0.04> <nCl=  8> <al=0.44> <DB= 4240.4691> <Mlp= 4240.6000> <PB=10000000> 
<DWph=1> <it=  7> <et=61.68> <Mt= 0.01> <Spt= 0.07> <nCl=  5> <al=0.00> <DB= 4240.6000> <Mlp= 4240.6000> <PB=10000000> 
    RCSP exact solver info for graph G_0 : TT = 0.039479, pt = 0.00246, dt = 0.032802, ct = 0.002459, ndl = 7225', bdl = 144615', odl = 8146', odf = 43293', bsi = 2088', cnt = 4718', bdch = 754646', odch = 112661', lcp = 133721', #sols = 150
<DWph=0> <it=  8> <et=61.76> <Mt= 0.00> <Spt= 0.09> <nCl= 65> <al=0.39> <DB= 4237.4000> <Mlp= 4240.6000> <PB=10000000> 
    RCSP exact solver info for graph G_0 : TT = 0.042765, pt = 0.003066, dt = 0.03583, ct = 0.00247, ndl = 7911', bdl = 159246', odl = 8584', odf = 47614', bsi = 2077', cnt = 5476', bdch = 913749', odch = 146964', lcp = 163995', #sols = 150
<DWph=0> <it=  9> <et=62.03> <Mt= 0.18> <Spt= 0.07> <nCl= 46> <al=0.29> <DB= 4236.7591> <Mlp= 4240.5000> <PB=10000000> 
    RCSP exact solver info for graph G_0 : TT = -0.532877, pt = 0.002312, dt = -0.539108, ct = 0.002284, ndl = 7414', bdl = 148719', odl = 8443', odf = 44897', bsi = 2042', cnt = 5001', bdch = 793381', odch = 117369', lcp = 143986', #sols = 150
<DWph=0> <it= 10> <et=62.16> <Mt= 0.07> <Spt= 0.06> <nCl= 29> <al=0.36> <DB= 4239.3755> <Mlp= 4240.5000> <PB=10000000> 
    RCSP exact solver info for graph G_0 : TT = 0.039978, pt = 0.002518, dt = 0.033611, ct = 0.002389, ndl = 7960', bdl = 158150', odl = 8664', odf = 47552', bsi = 2079', cnt = 5922', bdch = 916174', odch = 143647', lcp = 166000', #sols = 150
<DWph=0> <it= 11> <et=62.35> <Mt= 0.13> <Spt= 0.07> <nCl= 23> <al=0.26> <DB= 4239.1105> <Mlp= 4240.5000> <PB=10000000> 
    RCSP exact solver info for graph G_0 : TT = 0.039674, pt = 0.002277, dt = 0.033428, ct = 0.002585, ndl = 8084', bdl = 165553', odl = 8904', odf = 46829', bsi = 2430', cnt = 6848', bdch = 855721', odch = 134888', lcp = 156636', #sols = 150
<DWph=0> <it= 12> <et=62.44> <Mt= 0.01> <Spt= 0.07> <nCl= 27> <al=0.34> <DB= 4239.8962> <Mlp= 4240.4500> <PB=10000000> 
    RCSP exact solver info for graph G_0 : TT = 0.041028, pt = 0.00244, dt = 0.0346, ct = 0.00242, ndl = 8238', bdl = 165359', odl = 9008', odf = 47677', bsi = 2402', cnt = 7517', bdch = 878339', odch = 139604', lcp = 160028', #sols = 150
<DWph=0> <it= 13> <et=62.51> <Mt= 0.01> <Spt= 0.06> <nCl= 15> <al=0.24> <DB= 4240.0397> <Mlp= 4240.4500> <PB=10000000> 
    RCSP exact solver info for graph G_0 : TT = 0.038524, pt = 0.00245, dt = 0.03155, ct = 0.002865, ndl = 7723', bdl = 160131', odl = 8432', odf = 44681', bsi = 2431', cnt = 6775', bdch = 796216', odch = 126068', lcp = 142600', #sols = 150
<DWph=0> <it= 14> <et=62.59> <Mt= 0.02> <Spt= 0.06> <nCl= 18> <al=0.31> <DB= 4240.1727> <Mlp= 4240.4500> <PB=10000000> 
    RCSP exact solver info for graph G_0 : TT = 0.039576, pt = 0.002944, dt = 0.032271, ct = 0.002993, ndl = 7831', bdl = 162389', odl = 8535', odf = 45340', bsi = 2477', cnt = 6953', bdch = 811895', odch = 127524', lcp = 146170', #sols = 150
    RCSP exact solver info for graph G_0 : TT = 0.03921, pt = 0.002216, dt = 0.03266, ct = 0.002866, ndl = 8274', bdl = 170694', odl = 9453', odf = 49551', bsi = 2582', cnt = 7994', bdch = 963552', odch = 155754', lcp = 171138', #sols = 150
<DWph=0> <it= 15> <et=62.73> <Mt= 0.01> <Spt= 0.13> <nCl= 55> <al=0.00> <DB= 4240.4500> <Mlp= 4240.4500> <PB=10000000> 
RCSP solver dynamic params and stats :  bidir.bord. = 502.1 aver.obdmd = 9.53279 aver.buck.num. = 11.123 nbR1C = 56 with avMem = 34.1071
@@ 3 6 4240.45 -0.0276694 0.0383 48.7555 62.73
    Full reduced cost fixing is not called (gap ratio is 0.999989)
ColGenEvalAlg final dual bound: 4240.45 (rounded: 4240.45)
False gap improvement since the last cut separation : 0.00135617 (4239.87)
----- Cut generation is stopped due to tailing off -----
Current active cuts : CAP(2,101.9) R1C(10+46,216.094) 1rowPackR1C(10) 3rowPackR1C(26) 4rowPackR1C(17) 5rowPackR1C(3)
SB exact phase 3 branch on colGenSp (8.96415) : [4174.1346, 4240.45], tree depth = 1e+12, tree size = 1e+12, score = -0.07207
SB with phases chosed candidate colGenSp (8.96415)
************************************************************************************************
**** BaB tree node (N° 2, parent N° 1, depth 1, treatOrderId 2)
**** Local DB = 4174.13, branch: [ colGenSp ] >= 9 , global bounds : [ 4174.13 , 1e+07 ], TIME = 0h1m2s93t = 6293
**** 2 open nodes, 15291 columns (8175 active), 140 dyn. constrs. (62 active), 382 art. vars. (304 active)
************************************************************************************************
**** Strong branching phase 1 is started *****
SB phase 1 cand.  1 branch on var x[(116, 76)]_0_13992_0_OspV (lhs=0.5504) : [ 4174.4000,  4175.2336], score = 0.29      <et=63.57>
SB phase 1 cand.  2 branch on var x[(0, 109)]_0_13068_0_OspV (lhs=0.4323)  : [ 4174.1687,  4174.7767], score = 0.02      <et=63.83>
SB phase 1 cand.  3 branch on var x[(82, 109)]_0_9910_0_OspV (lhs=0.5677)  : [ 4174.1687,  4174.8286], score = 0.02      <et=64.23>
SB phase 1 cand.  4 branch on var x[(0, 75)]_0_8954_0_OspV (lhs=0.5994)    : [ 4174.2000,  4174.5579], score = 0.03      <et=64.53>
SB phase 1 cand.  5 branch on var x[(106, 30)]_0_12736_0_OspV (lhs=0.4006) : [ 4174.1733,  4175.1708], score = 0.04      <et=64.82>
SB phase 1 cand.  6 branch on var x[(27, 0)]_0_3147_0_OspV (lhs=0.4006)    : [ 4174.1733,  4175.1708], score = 0.04      <et=65.13>
SB phase 1 cand.  7 branch on var x[(27, 30)]_0_3176_0_OspV (lhs=0.5994)   : [ 4174.1733,  4175.1708], score = 0.04      <et=65.39>
SB phase 1 cand.  8 branch on var x[(46, 0)]_0_5446_0_OspV (lhs=0.5994)    : [ 4174.1733,  4175.5111], score = 0.05      <et=65.69>
SB phase 1 cand.  9 branch on var x[(46, 27)]_0_5473_0_OspV (lhs=0.4006)   : [ 4174.1733,  4175.5722], score = 0.06      <et=65.99>
SB phase 1 cand. 10 branch on var x[(113, 18)]_0_13571_0_OspV (lhs=0.6282) : [ 4174.3200,  4174.5000], score = 0.07      <et=66.3>
SB phase 1 cand. 11 branch on var x[(113, 76)]_0_13629_0_OspV (lhs=0.3718) : [ 4174.2778,  4176.7000], score = 0.37      <et=66.7>
SB phase 1 cand. 12 branch on var x[(33, 94)]_0_3966_0_OspV (lhs=0.6282)   : [ 4174.4250,  4177.1075], score = 0.86      <et=67.1>
SB phase 1 cand. 13 branch on var x[(0, 82)]_0_9801_0_OspV (lhs=0.6542)    : [ 4174.4522,  4174.9048], score = 0.24      <et=67.46>
SB phase 1 cand. 14 branch on var x[(10, 37)]_0_1126_0_OspV (lhs=0.6542)   : [ 4174.2202,  4174.7333], score = 0.05      <et=67.77>
SB phase 1 cand. 15 branch on var x[(28, 10)]_0_3278_0_OspV (lhs=0.6542)   : [ 4174.2796,  4176.0167], score = 0.27      <et=68.09>
SB phase 1 cand. 16 branch on var x[(72, 22)]_0_8614_0_OspV (lhs=0.3458)   : [ 4174.3498,  4175.7953], score = 0.36      <et=68.44>
SB phase 1 cand. 17 branch on var x[(72, 82)]_0_8673_0_OspV (lhs=0.3458)   : [ 4174.3765,  4177.6424], score = 0.85      <et=68.83>
SB phase 1 cand. 18 branch on var x[(82, 22)]_0_9824_0_OspV (lhs=0.3458)   : [ 4174.4501,  4174.9048], score = 0.24      <et=69.24>
SB phase 1 cand. 19 branch on var x[(112, 120)]_0_13551_0_OspV (lhs=0.3429): [ 4174.4250,  4178.8606], score = 1.37      <et=69.62>
SB phase 1 cand. 20 branch on var x[(112, 99)]_0_13531_0_OspV (lhs=0.6571) : [ 4174.4250,  4178.2308], score = 1.19      <et=70.01>
SB phase 1 cand. 21 branch on var x[(29, 79)]_0_3467_0_OspV (lhs=0.6571)   : [ 4174.4250,  4179.3193], score = 1.51      <et=70.39>
SB phase 1 cand. 22 branch on var x[(31, 112)]_0_3742_0_OspV (lhs=0.3429)  : [ 4174.4250,  4178.8606], score = 1.37      <et=70.76>
SB phase 1 cand. 23 branch on var x[(31, 120)]_0_3750_0_OspV (lhs=0.6571)  : [ 4174.4250,  4178.8606], score = 1.37      <et=71.12>
SB phase 1 cand. 24 branch on var x[(49, 112)]_0_5920_0_OspV (lhs=0.6571)  : [ 4174.4250,  4178.8606], score = 1.37      <et=71.48>
SB phase 1 cand. 25 branch on var x[(49, 79)]_0_5887_0_OspV (lhs=0.3429)   : [ 4174.4250,  4179.7235], score = 1.62      <et=71.8>
SB phase 1 cand. 26 branch on var x[(79, 69)]_0_9508_0_OspV (lhs=0.6571)   : [ 4174.4250,  4179.3193], score = 1.51      <et=72.21>
SB phase 1 cand. 27 branch on var x[(79, 94)]_0_9532_0_OspV (lhs=0.3429)   : [ 4174.3833,  4180.1000], score = 1.48      <et=72.51>
SB phase 1 cand. 28 branch on var x[(29, 69)]_0_3457_0_OspV (lhs=0.3285)   : [ 4174.3286,  4179.7235], score = 1.08      <et=72.9>
SB phase 1 cand. 29 branch on var x[(99, 106)]_0_11964_0_OspV (lhs=0.6715) : [ 4174.3388,  4176.6000], score = 0.50      <et=73.22>
SB phase 1 cand. 30 branch on var x[(0, 106)]_0_12705_0_OspV (lhs=0.3141)  : [ 4174.2951,  4177.7600], score = 0.58      <et=73.54>
SB phase 1 cand. 31 branch on var x[(1, 18)]_0_18_0_OspV (lhs=0.3141)      : [ 4174.2611,  4174.5000], score = 0.05      <et=73.84>
SB phase 1 cand. 32 branch on var x[(1, 7)]_0_7_0_OspV (lhs=0.6859)        : [ 4174.2800,  4174.5000], score = 0.05      <et=74.05>
SB phase 1 cand. 33 branch on var x[(106, 99)]_0_12805_0_OspV (lhs=0.3141) : [ 4174.2951,  4180.1000], score = 0.96      <et=74.35>
SB phase 1 cand. 34 branch on var x[(116, 46)]_0_13962_0_OspV (lhs=0.3141) : [ 4174.7071,  4176.6500], score = 1.44      <et=74.78>
SB phase 1 cand. 35 branch on var x[(119, 36)]_0_14315_0_OspV (lhs=0.3141) : [ 4175.0167,  4178.9305], score = 4.23      <et=75.28>
SB phase 1 cand. 36 branch on var x[(119, 80)]_0_14359_0_OspV (lhs=0.6859) : [ 4175.0167,  4178.8275], score = 4.14      <et=75.61>
SB phase 1 cand. 37 branch on var x[(26, 1)]_0_3027_0_OspV (lhs=0.6859)    : [ 4174.2611,  4174.3979], score = 0.03      <et=75.86>
SB phase 1 cand. 38 branch on var x[(28, 37)]_0_3304_0_OspV (lhs=0.3141)   : [ 4174.2193,  4177.8800], score = 0.32      <et=76.19>
SB phase 1 cand. 39 branch on var x[(34, 36)]_0_4029_0_OspV (lhs=0.6859)   : [ 4175.0167,  4178.8275], score = 4.14      <et=76.55>
SB phase 1 cand. 40 branch on var x[(93, 60)]_0_11193_0_OspV (lhs=0.6859)  : [ 4175.0167,  4178.8275], score = 4.14      <et=76.98>
SB phase 1 cand. 41 branch on var x[(93, 80)]_0_11213_0_OspV (lhs=0.3141)  : [ 4175.0167,  4178.9305], score = 4.23      <et=77.45>
SB phase 1 cand. 42 branch on var x[(94, 27)]_0_11281_0_OspV (lhs=0.3141)  : [ 4175.0167,  4176.4571], score = 2.05      <et=77.8>
SB phase 1 cand. 43 branch on var x[(94, 46)]_0_11300_0_OspV (lhs=0.6859)  : [ 4175.0167,  4176.4571], score = 2.05      <et=78.17>
SB phase 1 cand. 44 branch on var x[(99, 10)]_0_11869_0_OspV (lhs=0.3141)  : [ 4174.2555,  4180.1000], score = 0.72      <et=78.46>
SB phase 1 cand. 45 branch on var x[(96, 22)]_0_11518_0_OspV (lhs=0.3084)  : [ 4174.4111,  4174.5493], score = 0.11      <et=78.75>
SB phase 1 cand. 46 branch on var x[(96, 81)]_0_11577_0_OspV (lhs=0.6916)  : [ 4174.3099,  4175.1667], score = 0.18      <et=79.1>
SB phase 1 cand. 47 branch on var x[(26, 7)]_0_3033_0_OspV (lhs=0.2997)    : [ 4174.1929,  4174.5000], score = 0.02      <et=79.36>
SB phase 1 cand. 48 branch on var x[(106, 27)]_0_12733_0_OspV (lhs=0.2853) : [ 4174.9239,  4175.0667], score = 0.74      <et=79.65>
SB phase 1 cand. 49 branch on var x[(34, 102)]_0_4095_0_OspV (lhs=0.2853)  : [ 4174.7681,  4179.6067], score = 3.47      <et=80.03>
SB phase 1 cand. 50 branch on var x[(80, 102)]_0_9661_0_OspV (lhs=0.7147)  : [ 4174.9011,  4179.3616], score = 4.01      <et=80.4>
**** Strong branching phase 2 is started *****
<DWph=2> <it= 20> <et=81.21> <Mt= 0.20> <Spt= 0.60> <nCl=181> <al=0.29> <DB= 4173.4588> <Mlp= 4178.7226> <PB=10000000> 
<DWph=1> <it= 24> <et=81.45> <Mt= 0.04> <Spt= 0.16> <nCl= 59> <al=0.00> <DB= 4178.6688> <Mlp= 4178.6688> <PB=10000000> 
<DWph=1> <it= 14> <et=82.36> <Mt= 0.23> <Spt= 0.50> <nCl=149> <al=0.00> <DB= 4174.8167> <Mlp= 4174.8167> <PB=10000000> 
SB phase 2 cand.  1 branch on var x[(119, 36)]_0_14315_0_OspV (lhs=0.3141): [ 4174.8167,  4178.6688], score = 3.09      <et=82.38>
<DWph=1> <it= 24> <et=83.57> <Mt= 0.26> <Spt= 0.81> <nCl=230> <al=0.00> <DB= 4178.5189> <Mlp= 4178.5189> <PB=10000000> 
<DWph=1> <it= 10> <et=84.26> <Mt= 0.14> <Spt= 0.40> <nCl=161> <al=0.00> <DB= 4174.8567> <Mlp= 4174.8567> <PB=10000000> 
SB phase 2 cand.  2 branch on var x[(34, 36)]_0_4029_0_OspV (lhs=0.6859)  : [ 4174.8567,  4178.5189], score = 3.17      <et=84.28>
<DWph=1> <it= 22> <et=85.41> <Mt= 0.20> <Spt= 0.81> <nCl=309> <al=0.00> <DB= 4179.0966> <Mlp= 4179.0966> <PB=10000000> 
<DWph=1> <it= 11> <et=86.03> <Mt= 0.06> <Spt= 0.41> <nCl=103> <al=0.00> <DB= 4174.8167> <Mlp= 4174.8167> <PB=10000000> 
SB phase 2 cand.  3 branch on var x[(80, 102)]_0_9661_0_OspV (lhs=0.7147) : [ 4174.8167,  4179.0966], score = 3.38      <et=86.04>
**** Strong branching phase 3 is started *****
**** SB phase 3 evaluation of candidate 1, branch 1 ( x[(80, 102)]_0_9661_0_OspV <= 0 ), value = 4179.1
<DWph=2> <it=  1> <et=86.19> <Mt= 0.00> <Spt= 0.03> <nCl=  6> <al=0.50> <DB= 4167.3663> <Mlp= 4179.0966> <PB=10000000> 
<DWph=2> <it=  2> <et=86.27> <Mt= 0.00> <Spt= 0.07> <nCl= 15> <al=0.00> <DB= 4179.0912> <Mlp= 4179.0912> <PB=10000000> 
<DWph=1> <it=  3> <et=86.33> <Mt= 0.00> <Spt= 0.06> <nCl=  3> <al=0.00> <DB= 4179.0912> <Mlp= 4179.0912> <PB=10000000> 
    RCSP exact solver info for graph G_0 : TT = 0.03033, pt = 0.001542, dt = 0.026423, ct = 0.001116, ndl = 3435', bdl = 79618', odl = 7057', odf = 34052', bsi = 1372', cnt = 1870', bdch = 284685', odch = 50058', lcp = 55593', #sols = 150
<DWph=0> <it=  4> <et=86.38> <Mt= 0.00> <Spt= 0.04> <nCl=150> <al=0.35> <DB= 2893.9632> <Mlp= 4179.0912> <PB=10000000> 
    RCSP exact solver info for graph G_0 : TT = 0.033503, pt = 0.002205, dt = 0.028468, ct = 0.001377, ndl = 3769', bdl = 86941', odl = 7162', odf = 34842', bsi = 1372', cnt = 2222', bdch = 330265', odch = 57667', lcp = 62729', #sols = 150
<DWph=0> <it=  5> <et=86.49> <Mt= 0.06> <Spt= 0.05> <nCl=127> <al=0.25> <DB= 3749.3818> <Mlp= 4178.2333> <PB=10000000> 
    RCSP exact solver info for graph G_0 : TT = 0.031353, pt = 0.002073, dt = 0.026839, ct = 0.001153, ndl = 3833', bdl = 82442', odl = 7187', odf = 35706', bsi = 1332', cnt = 2463', bdch = 319593', odch = 59132', lcp = 63696', #sols = 150
<DWph=0> <it=  6> <et=86.58> <Mt= 0.05> <Spt= 0.05> <nCl= 84> <al=0.15> <DB= 4140.4461> <Mlp= 4178.2333> <PB=10000000> 
    RCSP exact solver info for graph G_0 : TT = 0.031817, pt = 0.00213, dt = 0.026762, ct = 0.001474, ndl = 4083', bdl = 84023', odl = 7485', odf = 36951', bsi = 1356', cnt = 3190', bdch = 353175', odch = 65887', lcp = 73078', #sols = 150
<DWph=0> <it=  7> <et=86.69> <Mt= 0.06> <Spt= 0.05> <nCl=149> <al=0.05> <DB= 4169.5581> <Mlp= 4178.2333> <PB=10000000> 
    RCSP exact solver info for graph G_0 : TT = 0.031153, pt = 0.001928, dt = 0.026538, ct = 0.001319, ndl = 4044', bdl = 88074', odl = 7609', odf = 37018', bsi = 1357', cnt = 2974', bdch = 369780', odch = 69185', lcp = 74172', #sols = 150
<DWph=0> <it=  8> <et=86.78> <Mt= 0.05> <Spt= 0.04> <nCl= 99> <al=0.15> <DB= 4174.4104> <Mlp= 4178.2333> <PB=10000000> 
    RCSP exact solver info for graph G_0 : TT = 0.031956, pt = 0.002025, dt = 0.027142, ct = 0.001355, ndl = 3803', bdl = 82819', odl = 7391', odf = 36027', bsi = 1391', cnt = 2917', bdch = 351261', odch = 64562', lcp = 67911', #sols = 150
<DWph=0> <it=  9> <et=86.91> <Mt= 0.07> <Spt= 0.05> <nCl=122> <al=0.05> <DB= 4174.5922> <Mlp= 4178.0250> <PB=10000000> 
    RCSP exact solver info for graph G_0 : TT = 0.031567, pt = 0.001909, dt = 0.027182, ct = 0.001144, ndl = 3732', bdl = 84212', odl = 7251', odf = 35031', bsi = 1414', cnt = 2708', bdch = 347054', odch = 59607', lcp = 64859', #sols = 150
    RCSP exact solver info for graph G_0 : TT = 0.032026, pt = 0.002219, dt = 0.027285, ct = 0.001152, ndl = 3533', bdl = 76411', odl = 7135', odf = 34582', bsi = 1394', cnt = 2325', bdch = 297323', odch = 52897', lcp = 57686', #sols = 150
<DWph=0> <it= 10> <et=87.02> <Mt= 0.02> <Spt= 0.10> <nCl= 95> <al=0.00> <DB= 4178.0167> <Mlp= 4178.0167> <PB=10000000> 
RCSP solver dynamic params and stats :  bidir.bord. = 520.4 aver.obdmd = 9.53279 aver.buck.num. = 11.123 nbR1C = 47 with avMem = 24.0851
@@ 110 0 4178.02 0.0283411 0.029845 48.7555 87.02
    Full reduced cost fixing is not called (gap ratio is 0.999996)
ColGenEvalAlg final dual bound: 4178.02 (rounded: 4178.02)
Current active cuts : CAP(13,183.9) R1C(4+43,192.142) 1rowPackR1C(4) 3rowPackR1C(28) 4rowPackR1C(13) 5rowPackR1C(2)
45 Rank-1 3-rows pack. cuts added ,  max viol. = 0.166667, aver. viol. = 0.166667
Building structures for heuristic rank-1 packing cut separation...done!
20 Rank-1 4-rows pack. cuts added ,  max viol. = 0.166667, aver. viol. = 0.166667
100 Rank-1 5-rows pack. cuts added ,  max viol. = 0.166667, aver. viol. = 0.1225
In total 4 RCC cut(s) are found by the connected components heuristic 
Shrinking heuristic shrunk 94 edges
In total 1 RCC cut(s) are found by the shrinking heuristic 
In total 21 RCC cut(s) are found by the Fractional capacity min-cut heuristic 
In total 2 RCC cut(s) are found by the greedy construction heuristic 
In total 40 RCC cut(s) are found by the global pool greedy search heuristic 
----- Add fac. cuts : CAP(68) R1C(165), max.viol = 1, aver.viol = 0.262518, sep/add took 0.216268/1.23845 sec. -----
17318 columns (7548 active), 361 dyn. constrs. (299 active), 607 art. vars. (541 active)
<DWph=2> <it=  1> <et=88.77> <Mt= 0.19> <Spt= 0.08> <nCl= 25> <al=0.00> <DB= 4106.1914> <Mlp= 4179.1644> <PB=10000000> 
<DWph=2> <it=  2> <et=88.82> <Mt= 0.01> <Spt= 0.04> <nCl= 12> <al=0.40> <DB= 4178.9349> <Mlp= 4179.1644> <PB=10000000> 
<DWph=2> <it=  3> <et=88.87> <Mt= 0.01> <Spt= 0.04> <nCl= 15> <al=0.46> <DB= 4178.8212> <Mlp= 4179.1644> <PB=10000000> 
<DWph=2> <it=  4> <et=88.92> <Mt= 0.00> <Spt= 0.04> <nCl=  4> <al=0.51> <DB= 4178.8866> <Mlp= 4179.1644> <PB=10000000> 
<DWph=2> <it=  5> <et=88.96> <Mt= 0.01> <Spt= 0.04> <nCl=  5> <al=0.56> <DB= 4178.9454> <Mlp= 4179.1644> <PB=10000000> 
<DWph=2> <it=  6> <et=89.01> <Mt= 0.00> <Spt= 0.04> <nCl=  9> <al=0.61> <DB= 4178.6773> <Mlp= 4179.1644> <PB=10000000> 
<DWph=2> <it=  7> <et=89.06> <Mt= 0.01> <Spt= 0.04> <nCl=  5> <al=0.65> <DB= 4178.7041> <Mlp= 4179.1644> <PB=10000000> 
<DWph=2> <it=  8> <et=89.10> <Mt= 0.01> <Spt= 0.04> <nCl=  6> <al=0.68> <DB= 4179.0131> <Mlp= 4179.1577> <PB=10000000> 
<DWph=2> <it=  9> <et=89.15> <Mt= 0.00> <Spt= 0.04> <nCl=  4> <al=0.71> <DB= 4179.0546> <Mlp= 4179.1577> <PB=10000000> 
<DWph=2> <it= 10> <et=89.19> <Mt= 0.01> <Spt= 0.04> <nCl=  6> <al=0.74> <DB= 4179.0812> <Mlp= 4179.1577> <PB=10000000> 
<DWph=2> <it= 11> <et=89.35> <Mt= 0.00> <Spt= 0.15> <nCl= 21> <al=0.00> <DB= 4179.1577> <Mlp= 4179.1577> <PB=10000000> 
<DWph=1> <it= 12> <et=89.40> <Mt= 0.01> <Spt= 0.04> <nCl= 23> <al=0.67> <DB= 4028.2632> <Mlp= 4179.1577> <PB=10000000> 
<DWph=1> <it= 13> <et=89.47> <Mt= 0.03> <Spt= 0.04> <nCl=  2> <al=0.57> <DB= 4119.7826> <Mlp= 4179.1235> <PB=10000000> 
<DWph=1> <it= 14> <et=89.57> <Mt= 0.01> <Spt= 0.09> <nCl= 17> <al=0.00> <DB= 4179.1235> <Mlp= 4179.1235> <PB=10000000> 
    RCSP exact solver info for graph G_0 : TT = 0.030831, pt = 0.001865, dt = 0.026209, ct = 0.00133, ndl = 3513', bdl = 79337', odl = 6981', odf = 32838', bsi = 1343', cnt = 2191', bdch = 287636', odch = 51197', lcp = 53980', #sols = 150
<DWph=0> <it= 15> <et=89.66> <Mt= 0.00> <Spt= 0.09> <nCl=142> <al=0.37> <DB= 4003.7153> <Mlp= 4179.1235> <PB=10000000> 
    RCSP exact solver info for graph G_0 : TT = 0.031509, pt = 0.001957, dt = 0.026991, ct = 0.001109, ndl = 3711', bdl = 81032', odl = 7057', odf = 34250', bsi = 1309', cnt = 2137', bdch = 305086', odch = 55933', lcp = 58887', #sols = 150
<DWph=0> <it= 16> <et=89.82> <Mt= 0.07> <Spt= 0.08> <nCl=118> <al=0.27> <DB= 3977.8051> <Mlp= 4178.9929> <PB=10000000> 
    RCSP exact solver info for graph G_0 : TT = 0.028603, pt = 0.001899, dt = 0.024197, ct = 0.001067, ndl = 3638', bdl = 79174', odl = 6982', odf = 33662', bsi = 1307', cnt = 2107', bdch = 291977', odch = 52464', lcp = 56304', #sols = 150
<DWph=0> <it= 17> <et=89.89> <Mt= 0.01> <Spt= 0.07> <nCl= 82> <al=0.34> <DB= 4057.6641> <Mlp= 4178.9929> <PB=10000000> 
    RCSP exact solver info for graph G_0 : TT = 0.032208, pt = 0.001781, dt = 0.027398, ct = 0.001541, ndl = 3938', bdl = 84088', odl = 7374', odf = 36331', bsi = 1363', cnt = 2342', bdch = 325424', odch = 60368', lcp = 63803', #sols = 150
<DWph=0> <it= 18> <et=90.01> <Mt= 0.02> <Spt= 0.09> <nCl=142> <al=0.24> <DB= 4043.6247> <Mlp= 4178.9529> <PB=10000000> 
    RCSP exact solver info for graph G_0 : TT = 0.031089, pt = 0.001917, dt = 0.026743, ct = 0.001111, ndl = 3763', bdl = 82042', odl = 7188', odf = 35524', bsi = 1333', cnt = 1939', bdch = 306574', odch = 55543', lcp = 57401', #sols = 150
<DWph=0> <it= 19> <et=90.09> <Mt= 0.01> <Spt= 0.07> <nCl= 87> <al=0.32> <DB= 4138.1871> <Mlp= 4178.9529> <PB=10000000> 
    RCSP exact solver info for graph G_0 : TT = 0.031045, pt = 0.001846, dt = 0.026563, ct = 0.001246, ndl = 3892', bdl = 84937', odl = 7333', odf = 36218', bsi = 1377', cnt = 2384', bdch = 327209', odch = 60058', lcp = 62264', #sols = 150
<DWph=0> <it= 20> <et=90.17> <Mt= 0.01> <Spt= 0.08> <nCl=106> <al=0.22> <DB= 4159.0056> <Mlp= 4178.9529> <PB=10000000> 
    RCSP exact solver info for graph G_0 : TT = 0.031369, pt = 0.001911, dt = 0.026923, ct = 0.00121, ndl = 3919', bdl = 84506', odl = 7355', odf = 36328', bsi = 1348', cnt = 2351', bdch = 326340', odch = 60002', lcp = 62821', #sols = 150
<DWph=0> <it= 21> <et=90.25> <Mt= 0.00> <Spt= 0.07> <nCl= 80> <al=0.12> <DB= 4169.4017> <Mlp= 4178.9529> <PB=10000000> 
    RCSP exact solver info for graph G_0 : TT = 0.032641, pt = 0.002031, dt = 0.027804, ct = 0.001443, ndl = 3852', bdl = 82838', odl = 7202', odf = 35619', bsi = 1345', cnt = 2283', bdch = 316596', odch = 58105', lcp = 60933', #sols = 150
<DWph=0> <it= 22> <et=90.33> <Mt= 0.01> <Spt= 0.07> <nCl= 64> <al=0.21> <DB= 4172.0359> <Mlp= 4178.9529> <PB=10000000> 
    RCSP exact solver info for graph G_0 : TT = 0.031042, pt = 0.001778, dt = 0.026536, ct = 0.001441, ndl = 4009', bdl = 84882', odl = 7445', odf = 37042', bsi = 1398', cnt = 2314', bdch = 335796', odch = 61410', lcp = 64368', #sols = 150
    RCSP exact solver info for graph G_0 : TT = 0.029972, pt = 0.001457, dt = 0.025765, ct = 0.001456, ndl = 3707', bdl = 77182', odl = 7110', odf = 34866', bsi = 1390', cnt = 2446', bdch = 291633', odch = 50785', lcp = 58525', #sols = 140
<DWph=0> <it= 23> <et=90.46> <Mt= 0.01> <Spt= 0.13> <nCl=105> <al=0.00> <DB= 4178.9529> <Mlp= 4178.9529> <PB=10000000> 
RCSP solver dynamic params and stats :  bidir.bord. = 520.4 aver.obdmd = 9.53279 aver.buck.num. = 11.123 nbR1C = 40 with avMem = 24.35
@@ 110 1 4178.95 0.0278083 0.029247 48.7555 90.46
    Full reduced cost fixing is not called (gap ratio is 0.999996)
ColGenEvalAlg final dual bound: 4178.95 (rounded: 4178.95)
False gap improvement since the last cut separation : 0.00224095 (4178.02)
Cut generation tailing off counter increased to 1
Current active cuts : CAP(12,147.076) R1C(3+37,204.487) 1rowPackR1C(3) 3rowPackR1C(24) 4rowPackR1C(12) 5rowPackR1C(1)
2 Rank-1 1-rows pack. cuts added ,  max viol. = 0.0588235, aver. viol. = 0.0588235
150 Rank-1 3-rows pack. cuts added ,  max viol. = 0.156863, aver. viol. = 0.099085
Building structures for heuristic rank-1 packing cut separation...done!
100 Rank-1 4-rows pack. cuts added ,  max viol. = 0.156863, aver. viol. = 0.0862745
100 Rank-1 5-rows pack. cuts added ,  max viol. = 0.156863, aver. viol. = 0.106471
In total 2 RCC cut(s) are found by the connected components heuristic 
Shrinking heuristic shrunk 54 edges
In total 10 RCC cut(s) are found by the Fractional capacity min-cut heuristic 
In total 26 RCC cut(s) are found by the greedy construction heuristic 
In total 23 RCC cut(s) are found by the global pool greedy search heuristic 
----- Add fac. cuts : CAP(61) R1C(352), max.viol = 0.764706, aver.viol = 0.124294, sep/add took 0.317825/2.07983 sec. -----
18398 columns (8628 active), 774 dyn. constrs. (466 active), 1020 art. vars. (708 active)
<DWph=2> <it=  1> <et=93.31> <Mt= 0.32> <Spt= 0.10> <nCl= 23> <al=0.00> <DB= 4177.7500> <Mlp= 4181.3500> <PB=10000000> 
<DWph=2> <it=  2> <et=93.37> <Mt= 0.01> <Spt= 0.05> <nCl= 10> <al=0.40> <DB= 4180.8456> <Mlp= 4181.3500> <PB=10000000> 
<DWph=2> <it=  3> <et=93.43> <Mt= 0.01> <Spt= 0.05> <nCl=  8> <al=0.30> <DB= 4180.6756> <Mlp= 4181.3500> <PB=10000000> 
<DWph=2> <it=  4> <et=93.49> <Mt= 0.01> <Spt= 0.04> <nCl=  8> <al=0.20> <DB= 4181.2180> <Mlp= 4181.3500> <PB=10000000> 
<DWph=2> <it=  5> <et=93.55> <Mt= 0.01> <Spt= 0.05> <nCl=  3> <al=0.10> <DB= 4181.3051> <Mlp= 4181.3500> <PB=10000000> 
<DWph=2> <it=  6> <et=93.60> <Mt= 0.01> <Spt= 0.05> <nCl= 12> <al=0.00> <DB= 4181.3500> <Mlp= 4181.3500> <PB=10000000> 
<DWph=1> <it=  7> <et=93.66> <Mt= 0.00> <Spt= 0.05> <nCl= 12> <al=0.00> <DB= 4162.2480> <Mlp= 4181.3500> <PB=10000000> 
<DWph=1> <it=  8> <et=93.86> <Mt= 0.15> <Spt= 0.05> <nCl=  7> <al=0.00> <DB= 4181.3500> <Mlp= 4181.3500> <PB=10000000> 
    RCSP exact solver info for graph G_0 : TT = 0.027971, pt = 0.001872, dt = 0.0238, ct = 0.001124, ndl = 3942', bdl = 70364', odl = 7321', odf = 37147', bsi = 1419', cnt = 3995', bdch = 312447', odch = 66320', lcp = 72579', #sols = 150
<DWph=0> <it=  9> <et=93.94> <Mt= 0.01> <Spt= 0.08> <nCl= 60> <al=0.00> <DB= 4160.5375> <Mlp= 4181.3500> <PB=10000000> 
    RCSP exact solver info for graph G_0 : TT = 0.029374, pt = 0.001827, dt = 0.025253, ct = 0.001148, ndl = 3825', bdl = 72458', odl = 7373', odf = 37029', bsi = 1390', cnt = 3581', bdch = 300122', odch = 61400', lcp = 67056', #sols = 150
<DWph=0> <it= 10> <et=94.25> <Mt= 0.22> <Spt= 0.08> <nCl= 47> <al=0.00> <DB= 4174.8800> <Mlp= 4181.3500> <PB=10000000> 
    RCSP exact solver info for graph G_0 : TT = 0.028898, pt = 0.001826, dt = 0.0247, ct = 0.001164, ndl = 3694', bdl = 71601', odl = 7247', odf = 36436', bsi = 1337', cnt = 3095', bdch = 291444', odch = 59175', lcp = 64610', #sols = 150
<DWph=0> <it= 11> <et=94.53> <Mt= 0.22> <Spt= 0.07> <nCl= 30> <al=0.00> <DB= 4179.5500> <Mlp= 4181.3500> <PB=10000000> 
    RCSP exact solver info for graph G_0 : TT = 0.029833, pt = 0.001827, dt = 0.025676, ct = 0.001231, ndl = 3709', bdl = 74519', odl = 7085', odf = 35519', bsi = 1351', cnt = 3139', bdch = 295611', odch = 54110', lcp = 62120', #sols = 150
<DWph=0> <it= 12> <et=94.63> <Mt= 0.02> <Spt= 0.08> <nCl= 33> <al=0.00> <DB= 4181.2016> <Mlp= 4181.3500> <PB=10000000> 
    RCSP exact solver info for graph G_0 : TT = 0.029142, pt = 0.002114, dt = 0.024752, ct = 0.001069, ndl = 3688', bdl = 75037', odl = 7185', odf = 35941', bsi = 1378', cnt = 3048', bdch = 294339', odch = 54534', lcp = 62275', #sols = 150
<DWph=0> <it= 13> <et=94.72> <Mt= 0.02> <Spt= 0.07> <nCl= 44> <al=0.00> <DB= 4181.3471> <Mlp= 4181.3500> <PB=10000000> 
    RCSP exact solver info for graph G_0 : TT = 0.031737, pt = 0.002025, dt = 0.027292, ct = 0.001088, ndl = 3578', bdl = 71348', odl = 7161', odf = 35747', bsi = 1348', cnt = 2776', bdch = 275071', odch = 51606', lcp = 57835', #sols = 150
<DWph=0> <it= 14> <et=94.80> <Mt= 0.01> <Spt= 0.07> <nCl= 25> <al=0.00> <DB= 4181.3500> <Mlp= 4181.3500> <PB=10000000> 
RCSP solver dynamic params and stats :  bidir.bord. = 516.4 aver.obdmd = 9.53279 aver.buck.num. = 11.123 nbR1C = 52 with avMem = 31.4231
@@ 110 2 4181.35 0.0263828 0.02838 48.7555 94.8
    Full reduced cost fixing is not called (gap ratio is 0.999995)
ColGenEvalAlg final dual bound: 4181.35 (rounded: 4181.35)
False gap improvement since the last cut separation : 0.00573603 (4178.95)
Cut generation tailing off counter increased to 2
Current active cuts : CAP(17,201.993) R1C(3+49,193.334) 1rowPackR1C(3) 3rowPackR1C(31) 4rowPackR1C(13) 5rowPackR1C(5)
1 Rank-1 1-rows pack. cuts added ,  max viol. = 0.166667, aver. viol. = 0.166667
150 Rank-1 3-rows pack. cuts added ,  max viol. = 0.25, aver. viol. = 0.171667
Building structures for heuristic rank-1 packing cut separation...done!
94 Rank-1 4-rows pack. cuts added ,  max viol. = 0.416667, aver. viol. = 0.150709
100 Rank-1 5-rows pack. cuts added ,  max viol. = 0.416667, aver. viol. = 0.21
Shrinking heuristic shrunk 70 edges
In total 5 RCC cut(s) are found by the Fractional capacity min-cut heuristic 
In total 2 RCC cut(s) are found by the greedy construction heuristic 
In total 8 RCC cut(s) are found by the global pool greedy search heuristic 
----- Add fac. cuts : CAP(15) R1C(345), max.viol = 0.416667, aver.viol = 0.181481, sep/add took 0.250916/1.41865 sec. -----
18720 columns (8950 active), 903 dyn. constrs. (442 active), 1380 art. vars. (684 active)
<DWph=2> <it=  1> <et=96.78> <Mt= 0.11> <Spt= 0.04> <nCl=  5> <al=0.50> <DB= 4180.9844> <Mlp= 4181.5187> <PB=10000000> 
<DWph=2> <it=  2> <et=96.82> <Mt= 0.01> <Spt= 0.03> <nCl=  2> <al=0.40> <DB= 4180.9113> <Mlp= 4181.5187> <PB=10000000> 
<DWph=2> <it=  3> <et=96.90> <Mt= 0.00> <Spt= 0.07> <nCl=  5> <al=0.00> <DB= 4181.5187> <Mlp= 4181.5187> <PB=10000000> 
<DWph=1> <it=  4> <et=96.95> <Mt= 0.01> <Spt= 0.05> <nCl=  9> <al=0.20> <DB= 4180.6188> <Mlp= 4181.5187> <PB=10000000> 
<DWph=1> <it=  5> <et=97.03> <Mt= 0.03> <Spt= 0.04> <nCl= 12> <al=0.10> <DB= 4181.0969> <Mlp= 4181.5100> <PB=10000000> 
<DWph=1> <it=  6> <et=97.09> <Mt= 0.02> <Spt= 0.05> <nCl=  8> <al=0.00> <DB= 4180.9857> <Mlp= 4181.5000> <PB=10000000> 
<DWph=1> <it=  7> <et=97.14> <Mt= 0.00> <Spt= 0.04> <nCl= 10> <al=0.10> <DB= 4180.9554> <Mlp= 4181.5000> <PB=10000000> 
<DWph=1> <it=  8> <et=97.19> <Mt= 0.01> <Spt= 0.05> <nCl=  3> <al=0.00> <DB= 4180.9857> <Mlp= 4181.5000> <PB=10000000> 
<DWph=1> <it=  9> <et=97.24> <Mt= 0.00> <Spt= 0.04> <nCl=  3> <al=0.10> <DB= 4180.9968> <Mlp= 4181.5000> <PB=10000000> 
<DWph=1> <it= 10> <et=97.30> <Mt= 0.02> <Spt= 0.04> <nCl=  7> <al=0.19> <DB= 4181.4234> <Mlp= 4181.5000> <PB=10000000> 
<DWph=1> <it= 11> <et=97.39> <Mt= 0.00> <Spt= 0.09> <nCl= 19> <al=0.00> <DB= 4181.5000> <Mlp= 4181.5000> <PB=10000000> 
    RCSP exact solver info for graph G_0 : TT = 0.029304, pt = 0.001973, dt = 0.024843, ct = 0.001135, ndl = 3531', bdl = 72275', odl = 6905', odf = 34967', bsi = 1334', cnt = 2520', bdch = 275226', odch = 50198', lcp = 56529', #sols = 150
<DWph=0> <it= 12> <et=97.47> <Mt= 0.01> <Spt= 0.07> <nCl= 63> <al=0.17> <DB= 4175.5987> <Mlp= 4181.5000> <PB=10000000> 
    RCSP exact solver info for graph G_0 : TT = 0.02897, pt = 0.001854, dt = 0.024677, ct = 0.001056, ndl = 3494', bdl = 72458', odl = 7072', odf = 35430', bsi = 1303', cnt = 2487', bdch = 280597', odch = 52447', lcp = 58172', #sols = 150
    RCSP exact solver info for graph G_0 : TT = 0.030851, pt = 0.001903, dt = 0.02648, ct = 0.001199, ndl = 3786', bdl = 77855', odl = 7247', odf = 36959', bsi = 1333', cnt = 2949', bdch = 313079', odch = 57340', lcp = 65284', #sols = 150
<DWph=0> <it= 13> <et=97.61> <Mt= 0.01> <Spt= 0.13> <nCl= 74> <al=0.00> <DB= 4181.5000> <Mlp= 4181.5000> <PB=10000000> 
RCSP solver dynamic params and stats :  bidir.bord. = 516.4 aver.obdmd = 9.53279 aver.buck.num. = 11.123 nbR1C = 47 with avMem = 27.1064
@@ 110 3 4181.5 0.0264633 0.027679 48.7555 97.61
    Full reduced cost fixing is not called (gap ratio is 0.999995)
ColGenEvalAlg final dual bound: 4181.5 (rounded: 4181.5)
False gap improvement since the last cut separation : 0.000358736 (4181.35)
----- Cut generation is stopped due to tailing off -----
Current active cuts : CAP(15,208.651) R1C(3+44,193.724) 1rowPackR1C(3) 3rowPackR1C(28) 4rowPackR1C(14) 5rowPackR1C(2)
**** SB phase 3 evaluation of candidate 1, branch 2 ( x[(80, 102)]_0_9661_0_OspV >= 1 ), value = 4174.82
<DWph=2> <it=  1> <et=98.46> <Mt= 0.41> <Spt= 0.03> <nCl= 30> <al=0.50> <DB=-5039947085.8814> <Mlp= 4174.8167> <PB=10000000> 
<DWph=2> <it=  2> <et=98.56> <Mt= 0.07> <Spt= 0.03> <nCl= 30> <al=0.55> <DB=-1295971192.2296> <Mlp= 4174.8167> <PB=10000000> 
<DWph=2> <it=  3> <et=98.66> <Mt= 0.07> <Spt= 0.03> <nCl= 30> <al=0.60> <DB=-1361.2075> <Mlp= 4174.8167> <PB=10000000> 
<DWph=2> <it=  4> <et=98.74> <Mt= 0.05> <Spt= 0.03> <nCl= 30> <al=0.64> <DB=  707.2882> <Mlp= 4174.8167> <PB=10000000> 
<DWph=2> <it=  5> <et=98.87> <Mt= 0.04> <Spt= 0.05> <nCl=  6> <al=0.34> <DB= 4173.1705> <Mlp= 4174.8167> <PB=10000000> 
<DWph=1> <it=  6> <et=98.95> <Mt= 0.02> <Spt= 0.07> <nCl= 17> <al=0.14> <DB= 4159.5166> <Mlp= 4174.8167> <PB=10000000> 
    RCSP exact solver info for graph G_0 : TT = 0.031407, pt = 0.00205, dt = 0.026889, ct = 0.001249, ndl = 3926', bdl = 82168', odl = 7753', odf = 38220', bsi = 1310', cnt = 2409', bdch = 328353', odch = 61472', lcp = 67914', #sols = 150
<DWph=0> <it=  7> <et=99.03> <Mt= 0.03> <Spt= 0.04> <nCl=119> <al=0.47> <DB= 3591.6321> <Mlp= 4174.8167> <PB=10000000> 
    RCSP exact solver info for graph G_0 : TT = 0.049247, pt = 0.002578, dt = 0.043091, ct = 0.001836, ndl = 3988', bdl = 86181', odl = 8165', odf = 39906', bsi = 1293', cnt = 2569', bdch = 354394', odch = 67670', lcp = 71691', #sols = 144
<DWph=0> <it=  8> <et=99.17> <Mt= 0.06> <Spt= 0.07> <nCl=144> <al=0.52> <DB= 2968.2208> <Mlp= 4174.6903> <PB=10000000> 
    RCSP exact solver info for graph G_0 : TT = 0.032122, pt = 0.002041, dt = 0.027468, ct = 0.001268, ndl = 4001', bdl = 84852', odl = 7844', odf = 38509', bsi = 1361', cnt = 2706', bdch = 339249', odch = 64981', lcp = 68684', #sols = 150
<DWph=0> <it=  9> <et=99.24> <Mt= 0.03> <Spt= 0.05> <nCl= 41> <al=0.57> <DB= 3955.6403> <Mlp= 4174.6903> <PB=10000000> 
    RCSP exact solver info for graph G_0 : TT = 0.032689, pt = 0.002036, dt = 0.028302, ct = 0.001117, ndl = 4075', bdl = 85954', odl = 8231', odf = 40687', bsi = 1325', cnt = 2983', bdch = 358265', odch = 72270', lcp = 73998', #sols = 150
<DWph=0> <it= 10> <et=99.29> <Mt= 0.01> <Spt= 0.04> <nCl= 41> <al=0.47> <DB= 4157.2164> <Mlp= 4174.6763> <PB=10000000> 
    RCSP exact solver info for graph G_0 : TT = 0.032688, pt = 0.002388, dt = 0.027394, ct = 0.0013, ndl = 4217', bdl = 89171', odl = 8068', odf = 39570', bsi = 1364', cnt = 3272', bdch = 377961', odch = 75584', lcp = 79075', #sols = 150
<DWph=0> <it= 11> <et=99.36> <Mt= 0.02> <Spt= 0.05> <nCl= 34> <al=0.37> <DB= 4168.1714> <Mlp= 4174.6684> <PB=10000000> 
    RCSP exact solver info for graph G_0 : TT = 0.032985, pt = 0.002157, dt = 0.028483, ct = 0.001084, ndl = 3979', bdl = 89868', odl = 7794', odf = 37450', bsi = 1354', cnt = 2728', bdch = 360760', odch = 65512', lcp = 70940', #sols = 150
<DWph=0> <it= 12> <et=99.42> <Mt= 0.01> <Spt= 0.05> <nCl= 39> <al=0.27> <DB= 4172.8994> <Mlp= 4174.6684> <PB=10000000> 
    RCSP exact solver info for graph G_0 : TT = 0.034985, pt = 0.002175, dt = 0.030054, ct = 0.001433, ndl = 3987', bdl = 88277', odl = 7649', odf = 37238', bsi = 1367', cnt = 2654', bdch = 348281', odch = 62841', lcp = 68251', #sols = 150
    RCSP exact solver info for graph G_0 : TT = 0.034183, pt = 0.002059, dt = 0.029105, ct = 0.00153, ndl = 3974', bdl = 85957', odl = 7495', odf = 36367', bsi = 1385', cnt = 2750', bdch = 340014', odch = 56197', lcp = 64743', #sols = 150
<DWph=0> <it= 13> <et=99.52> <Mt= 0.00> <Spt= 0.10> <nCl=124> <al=0.00> <DB= 4174.6684> <Mlp= 4174.6684> <PB=10000000> 
RCSP solver dynamic params and stats :  bidir.bord. = 520.4 aver.obdmd = 9.53279 aver.buck.num. = 11.123 nbR1C = 49 with avMem = 25.102
@@ 111 0 4174.67 0.0314504 0.044927 48.7555 99.52
    Full reduced cost fixing is not called (gap ratio is 0.999996)
ColGenEvalAlg final dual bound: 4174.67 (rounded: 4174.67)
Current active cuts : CAP(10,232.431) R1C(4+45,181.492) 1rowPackR1C(4) 3rowPackR1C(30) 4rowPackR1C(12) 5rowPackR1C(3)
4 Rank-1 1-rows pack. cuts added ,  max viol. = 0.0526316, aver. viol. = 0.0328947
150 Rank-1 3-rows pack. cuts added ,  max viol. = 0.236842, aver. viol. = 0.0752632
Shrinking heuristic shrunk 65 edges
In total 4 RCC cut(s) are found by the Fractional capacity min-cut heuristic 
In total 13 RCC cut(s) are found by the greedy construction heuristic 
In total 6 RCC cut(s) are found by the global pool greedy search heuristic 
----- Add fac. cuts : CAP(23) R1C(154), max.viol = 0.526316, aver.viol = 0.0970859, sep/add took 0.0281601/0.609692 sec. -----
18734 columns (7174 active), 324 dyn. constrs. (239 active), 566 art. vars. (481 active)
<DWph=2> <it=  1> <et=100.35> <Mt= 0.09> <Spt= 0.07> <nCl= 14> <al=0.00> <DB= 4174.7500> <Mlp= 4174.7500> <PB=10000000> 
<DWph=1> <it=  2> <et=100.42> <Mt= 0.00> <Spt= 0.07> <nCl=  9> <al=0.00> <DB= 4174.7500> <Mlp= 4174.7500> <PB=10000000> 
    RCSP exact solver info for graph G_0 : TT = 0.032315, pt = 0.001919, dt = 0.028085, ct = 0.001058, ndl = 3747', bdl = 72505', odl = 7389', odf = 35971', bsi = 1407', cnt = 2852', bdch = 310747', odch = 64777', lcp = 69940', #sols = 145
<DWph=0> <it=  3> <et=100.48> <Mt= 0.00> <Spt= 0.06> <nCl= 80> <al=0.30> <DB= 4174.1875> <Mlp= 4174.7500> <PB=10000000> 
    RCSP exact solver info for graph G_0 : TT = 0.03059, pt = 0.001712, dt = 0.025696, ct = 0.001797, ndl = 3887', bdl = 75319', odl = 7434', odf = 36154', bsi = 1336', cnt = 2879', bdch = 311575', odch = 62886', lcp = 66891', #sols = 145
<DWph=0> <it=  4> <et=100.56> <Mt= 0.01> <Spt= 0.07> <nCl= 94> <al=0.20> <DB= 4174.6375> <Mlp= 4174.7500> <PB=10000000> 
    RCSP exact solver info for graph G_0 : TT = 0.033651, pt = 0.00197, dt = 0.028758, ct = 0.001645, ndl = 3919', bdl = 76430', odl = 7565', odf = 36849', bsi = 1343', cnt = 2600', bdch = 318081', odch = 60865', lcp = 67037', #sols = 150
<DWph=0> <it=  5> <et=100.62> <Mt= 0.00> <Spt= 0.06> <nCl= 46> <al=0.10> <DB= 4174.7277> <Mlp= 4174.7500> <PB=10000000> 
    RCSP exact solver info for graph G_0 : TT = 0.032628, pt = 0.001918, dt = 0.027338, ct = 0.001795, ndl = 3698', bdl = 73218', odl = 7250', odf = 35406', bsi = 1292', cnt = 2575', bdch = 291118', odch = 59040', lcp = 62511', #sols = 150
<DWph=0> <it=  6> <et=100.69> <Mt= 0.01> <Spt= 0.06> <nCl= 77> <al=0.19> <DB= 4174.7277> <Mlp= 4174.7500> <PB=10000000> 
    RCSP exact solver info for graph G_0 : TT = 0.03342, pt = 0.002177, dt = 0.028731, ct = 0.001317, ndl = 4315', bdl = 83220', odl = 7870', odf = 38574', bsi = 1388', cnt = 3323', bdch = 358478', odch = 68601', lcp = 75279', #sols = 144
    RCSP exact solver info for graph G_0 : TT = 0.028417, pt = 0.00179, dt = 0.024142, ct = 0.001075, ndl = 3800', bdl = 76529', odl = 7201', odf = 35291', bsi = 1308', cnt = 2516', bdch = 301354', odch = 58384', lcp = 62537', #sols = 150
<DWph=0> <it=  7> <et=100.81> <Mt= 0.00> <Spt= 0.11> <nCl=167> <al=0.00> <DB= 4174.7500> <Mlp= 4174.7500> <PB=10000000> 
RCSP solver dynamic params and stats :  bidir.bord. = 505.7 aver.obdmd = 9.53279 aver.buck.num. = 11.123 nbR1C = 49 with avMem = 24.0408
@@ 111 1 4174.75 0.0285728 0.030403 48.7555 100.81
    Full reduced cost fixing is not called (gap ratio is 0.999996)
ColGenEvalAlg final dual bound: 4174.75 (rounded: 4174.75)
False gap improvement since the last cut separation : 0.000195414 (4174.67)
Separator R1C not in maximum phase
Cut generation tailing off counter increased to 0
Current active cuts : CAP(12,227.655) R1C(4+45,181.603) 1rowPackR1C(4) 3rowPackR1C(31) 4rowPackR1C(12) 5rowPackR1C(2)
130 Rank-1 3-rows pack. cuts added ,  max viol. = 0.333333, aver. viol. = 0.176923
Building structures for heuristic rank-1 packing cut separation...done!
47 Rank-1 4-rows pack. cuts added ,  max viol. = 0.333333, aver. viol. = 0.173759
100 Rank-1 5-rows pack. cuts added ,  max viol. = 0.333333, aver. viol. = 0.175
Shrinking heuristic shrunk 81 edges
----- Add fac. cuts : R1C(277), max.viol = 0.333333, aver.viol = 0.180505, sep/add took 0.189308/0.827253 sec. -----
19221 columns (7661 active), 601 dyn. constrs. (347 active), 843 art. vars. (589 active)
<DWph=2> <it=  1> <et=102.01> <Mt= 0.13> <Spt= 0.04> <nCl= 19> <al=0.50> <DB= 4173.9380> <Mlp= 4174.9261> <PB=10000000> 
<DWph=2> <it=  2> <et=102.05> <Mt= 0.00> <Spt= 0.03> <nCl=  4> <al=0.40> <DB= 4174.6757> <Mlp= 4174.9261> <PB=10000000> 
<DWph=2> <it=  3> <et=102.13> <Mt= 0.01> <Spt= 0.07> <nCl= 16> <al=0.00> <DB= 4174.4761> <Mlp= 4174.9261> <PB=10000000> 
<DWph=2> <it=  4> <et=102.19> <Mt= 0.00> <Spt= 0.06> <nCl=  4> <al=0.00> <DB= 4174.9261> <Mlp= 4174.9261> <PB=10000000> 
<DWph=1> <it=  5> <et=102.23> <Mt= 0.01> <Spt= 0.04> <nCl=  2> <al=0.10> <DB= 4174.0261> <Mlp= 4174.9261> <PB=10000000> 
<DWph=1> <it=  6> <et=102.27> <Mt= 0.00> <Spt= 0.03> <nCl=  0> <al=0.00> <DB= 4174.9261> <Mlp= 4174.9261> <PB=10000000> 
    RCSP exact solver info for graph G_0 : TT = 0.029923, pt = 0.001911, dt = 0.025685, ct = 0.001055, ndl = 3732', bdl = 78456', odl = 7306', odf = 35757', bsi = 1314', cnt = 2400', bdch = 301906', odch = 56816', lcp = 61240', #sols = 150
<DWph=0> <it=  7> <et=102.34> <Mt= 0.01> <Spt= 0.06> <nCl= 53> <al=0.00> <DB= 4170.4261> <Mlp= 4174.9261> <PB=10000000> 
    RCSP exact solver info for graph G_0 : TT = 0.032233, pt = 0.001897, dt = 0.028052, ct = 0.001003, ndl = 3782', bdl = 75168', odl = 7676', odf = 37267', bsi = 1301', cnt = 2709', bdch = 312594', odch = 62766', lcp = 67463', #sols = 150
<DWph=0> <it=  8> <et=102.45> <Mt= 0.04> <Spt= 0.07> <nCl= 73> <al=0.00> <DB= 4173.5651> <Mlp= 4174.8726> <PB=10000000> 
    RCSP exact solver info for graph G_0 : TT = 0.033606, pt = 0.002149, dt = 0.028543, ct = 0.00125, ndl = 3913', bdl = 79963', odl = 7785', odf = 37799', bsi = 1335', cnt = 2865', bdch = 337715', odch = 67991', lcp = 71673', #sols = 150
<DWph=0> <it=  9> <et=102.53> <Mt= 0.02> <Spt= 0.06> <nCl= 72> <al=0.01> <DB= 4173.8256> <Mlp= 4174.8694> <PB=10000000> 
    RCSP exact solver info for graph G_0 : TT = 0.033291, pt = 0.002118, dt = 0.028679, ct = 0.001151, ndl = 3912', bdl = 79601', odl = 7692', odf = 37400', bsi = 1288', cnt = 2789', bdch = 328818', odch = 66760', lcp = 69815', #sols = 150
<DWph=0> <it= 10> <et=102.59> <Mt= 0.01> <Spt= 0.05> <nCl= 15> <al=0.11> <DB= 4174.4550> <Mlp= 4174.8661> <PB=10000000> 
    RCSP exact solver info for graph G_0 : TT = 0.032498, pt = 0.001958, dt = 0.028107, ct = 0.001134, ndl = 3950', bdl = 82521', odl = 7914', odf = 38450', bsi = 1317', cnt = 2682', bdch = 345590', odch = 69265', lcp = 72956', #sols = 150
<DWph=0> <it= 11> <et=102.66> <Mt= 0.01> <Spt= 0.06> <nCl= 45> <al=0.01> <DB= 4174.6437> <Mlp= 4174.8622> <PB=10000000> 
    RCSP exact solver info for graph G_0 : TT = 0.032761, pt = 0.002097, dt = 0.028183, ct = 0.001127, ndl = 3866', bdl = 80076', odl = 7803', odf = 37972', bsi = 1299', cnt = 2744', bdch = 334724', odch = 67022', lcp = 70754', #sols = 150
<DWph=0> <it= 12> <et=102.72> <Mt= 0.01> <Spt= 0.05> <nCl= 18> <al=0.11> <DB= 4174.7547> <Mlp= 4174.8619> <PB=10000000> 
    RCSP exact solver info for graph G_0 : TT = 0.033369, pt = 0.001857, dt = 0.029105, ct = 0.001061, ndl = 3971', bdl = 80670', odl = 7832', odf = 38167', bsi = 1290', cnt = 2783', bdch = 340933', odch = 69457', lcp = 72627', #sols = 150
<DWph=0> <it= 13> <et=102.79> <Mt= 0.01> <Spt= 0.07> <nCl= 64> <al=0.01> <DB= 4174.7548> <Mlp= 4174.8619> <PB=10000000> 
    RCSP exact solver info for graph G_0 : TT = 0.030935, pt = 0.00173, dt = 0.026774, ct = 0.001078, ndl = 3933', bdl = 80345', odl = 7714', odf = 37456', bsi = 1354', cnt = 2991', bdch = 334259', odch = 62910', lcp = 69345', #sols = 150
<DWph=0> <it= 14> <et=102.87> <Mt= 0.01> <Spt= 0.07> <nCl=109> <al=0.00> <DB= 4174.8616> <Mlp= 4174.8616> <PB=10000000> 
RCSP solver dynamic params and stats :  bidir.bord. = 505.7 aver.obdmd = 9.53279 aver.buck.num. = 11.123 nbR1C = 48 with avMem = 23.7083
@@ 111 2 4174.86 0.0289984 0.030166 48.7555 102.87
    Full reduced cost fixing is not called (gap ratio is 0.999996)
ColGenEvalAlg final dual bound: 4174.86 (rounded: 4174.86)
False gap improvement since the last cut separation : 0.000267405 (4174.75)
Cut generation tailing off counter increased to 1
Current active cuts : CAP(11,222.801) R1C(4+44,186.687) 1rowPackR1C(4) 3rowPackR1C(31) 4rowPackR1C(11) 5rowPackR1C(2)
7 Rank-1 1-rows pack. cuts added ,  max viol. = 0.0504177, aver. viol. = 0.0393369
150 Rank-1 3-rows pack. cuts added ,  max viol. = 0.139021, aver. viol. = 0.0825321
Building structures for heuristic rank-1 packing cut separation...done!
63 Rank-1 4-rows pack. cuts added ,  max viol. = 0.166169, aver. viol. = 0.0806211
100 Rank-1 5-rows pack. cuts added ,  max viol. = 0.166169, aver. viol. = 0.123953
Shrinking heuristic shrunk 58 edges
In total 1 RCC cut(s) are found by the Fractional capacity min-cut heuristic 
In total 2 RCC cut(s) are found by the global pool greedy search heuristic 
----- Add fac. cuts : CAP(3) R1C(320), max.viol = 0.21614, aver.viol = 0.0989838, sep/add took 0.345427/1.14912 sec. -----
19715 columns (8155 active), 758 dyn. constrs. (392 active), 1166 art. vars. (634 active)
<DWph=2> <it=  1> <et=104.73> <Mt= 0.26> <Spt= 0.04> <nCl= 11> <al=0.50> <DB= 4174.6548> <Mlp= 4175.0762> <PB=10000000> 
<DWph=2> <it=  2> <et=104.78> <Mt= 0.00> <Spt= 0.03> <nCl= 11> <al=0.55> <DB= 4174.7136> <Mlp= 4175.0762> <PB=10000000> 
<DWph=2> <it=  3> <et=104.82> <Mt= 0.01> <Spt= 0.04> <nCl=  6> <al=0.60> <DB= 4173.9185> <Mlp= 4175.0762> <PB=10000000> 
<DWph=2> <it=  4> <et=104.87> <Mt= 0.01> <Spt= 0.04> <nCl= 13> <al=0.64> <DB= 4171.6337> <Mlp= 4175.0762> <PB=10000000> 
<DWph=2> <it=  5> <et=105.02> <Mt= 0.06> <Spt= 0.10> <nCl= 21> <al=0.00> <DB= 4172.5036> <Mlp= 4175.0355> <PB=10000000> 
<DWph=2> <it=  6> <et=105.06> <Mt= 0.00> <Spt= 0.03> <nCl=  6> <al=0.57> <DB= 4172.9674> <Mlp= 4175.0355> <PB=10000000> 
<DWph=2> <it=  7> <et=105.15> <Mt= 0.02> <Spt= 0.06> <nCl= 13> <al=0.23> <DB= 4174.6268> <Mlp= 4175.0176> <PB=10000000> 
<DWph=2> <it=  8> <et=105.22> <Mt= 0.02> <Spt= 0.06> <nCl= 12> <al=0.03> <DB= 4174.9349> <Mlp= 4175.0125> <PB=10000000> 
<DWph=2> <it=  9> <et=105.29> <Mt= 0.01> <Spt= 0.06> <nCl=  5> <al=0.00> <DB= 4175.0125> <Mlp= 4175.0125> <PB=10000000> 
<DWph=1> <it= 10> <et=105.33> <Mt= 0.00> <Spt= 0.03> <nCl=  7> <al=0.31> <DB= 4174.7875> <Mlp= 4175.0125> <PB=10000000> 
<DWph=1> <it= 11> <et=105.37> <Mt= 0.00> <Spt= 0.03> <nCl=  6> <al=0.21> <DB= 4174.7875> <Mlp= 4175.0125> <PB=10000000> 
<DWph=1> <it= 12> <et=105.43> <Mt= 0.01> <Spt= 0.07> <nCl=  0> <al=0.00> <DB= 4175.0125> <Mlp= 4175.0125> <PB=10000000> 
    RCSP exact solver info for graph G_0 : TT = 0.035139, pt = 0.002383, dt = 0.029561, ct = 0.001522, ndl = 4095', bdl = 82226', odl = 8147', odf = 39815', bsi = 1367', cnt = 3154', bdch = 341736', odch = 69176', lcp = 73438', #sols = 150
<DWph=0> <it= 13> <et=105.52> <Mt= 0.00> <Spt= 0.08> <nCl= 90> <al=0.01> <DB= 4169.7250> <Mlp= 4175.0125> <PB=10000000> 
    RCSP exact solver info for graph G_0 : TT = 0.03547, pt = 0.002528, dt = 0.030295, ct = 0.001288, ndl = 4339', bdl = 93696', odl = 8912', odf = 43911', bsi = 1431', cnt = 3696', bdch = 410598', odch = 83085', lcp = 81725', #sols = 150
<DWph=0> <it= 14> <et=105.75> <Mt= 0.13> <Spt= 0.10> <nCl=115> <al=0.11> <DB= 4174.1808> <Mlp= 4174.9437> <PB=10000000> 
    RCSP exact solver info for graph G_0 : TT = 0.034364, pt = 0.002339, dt = 0.029518, ct = 0.001188, ndl = 4289', bdl = 96033', odl = 8394', odf = 41450', bsi = 1424', cnt = 3506', bdch = 405169', odch = 75465', lcp = 78731', #sols = 150
<DWph=0> <it= 15> <et=105.85> <Mt= 0.02> <Spt= 0.08> <nCl= 51> <al=0.20> <DB= 4174.7847> <Mlp= 4174.9375> <PB=10000000> 
    RCSP exact solver info for graph G_0 : TT = 0.032393, pt = 0.002582, dt = 0.027226, ct = 0.00115, ndl = 4311', bdl = 96500', odl = 8620', odf = 42506', bsi = 1431', cnt = 3741', bdch = 412430', odch = 77372', lcp = 80546', #sols = 150
<DWph=0> <it= 16> <et=105.94> <Mt= 0.01> <Spt= 0.08> <nCl= 88> <al=0.10> <DB= 4174.6480> <Mlp= 4174.9375> <PB=10000000> 
    RCSP exact solver info for graph G_0 : TT = 0.032885, pt = 0.002453, dt = 0.027713, ct = 0.001193, ndl = 4138', bdl = 93108', odl = 8526', odf = 42114', bsi = 1421', cnt = 3436', bdch = 388622', odch = 73340', lcp = 75192', #sols = 150
<DWph=0> <it= 17> <et=106.03> <Mt= 0.01> <Spt= 0.08> <nCl= 76> <al=0.19> <DB= 4174.8646> <Mlp= 4174.9375> <PB=10000000> 
    RCSP exact solver info for graph G_0 : TT = 0.034354, pt = 0.002464, dt = 0.029276, ct = 0.001192, ndl = 4244', bdl = 93883', odl = 8557', odf = 42262', bsi = 1379', cnt = 3691', bdch = 406847', odch = 76293', lcp = 80115', #sols = 150
<DWph=0> <it= 18> <et=106.12> <Mt= 0.01> <Spt= 0.08> <nCl= 91> <al=0.27> <DB= 4174.7836> <Mlp= 4174.9375> <PB=10000000> 
    RCSP exact solver info for graph G_0 : TT = 0.03487, pt = 0.002781, dt = 0.029412, ct = 0.001299, ndl = 4280', bdl = 94690', odl = 8637', odf = 42731', bsi = 1425', cnt = 3735', bdch = 405928', odch = 79768', lcp = 80233', #sols = 150
    RCSP exact solver info for graph G_0 : TT = 0.033, pt = 0.002507, dt = 0.028096, ct = 0.001109, ndl = 4107', bdl = 90177', odl = 8452', odf = 42424', bsi = 1369', cnt = 3360', bdch = 381462', odch = 70654', lcp = 73233', #sols = 148
<DWph=0> <it= 19> <et=106.25> <Mt= 0.00> <Spt= 0.12> <nCl= 79> <al=0.00> <DB= 4174.9375> <Mlp= 4174.9375> <PB=10000000> 
RCSP solver dynamic params and stats :  bidir.bord. = 516.4 aver.obdmd = 9.53279 aver.buck.num. = 11.123 nbR1C = 61 with avMem = 25.4426
@@ 111 3 4174.94 0.0301297 0.031583 48.7555 106.25
    Full reduced cost fixing is not called (gap ratio is 0.999996)
ColGenEvalAlg final dual bound: 4174.94 (rounded: 4174.94)
False gap improvement since the last cut separation : 0.000181719 (4174.86)
Cut generation tailing off counter increased to 2
Current active cuts : CAP(11,223.648) R1C(5+56,192.891) 1rowPackR1C(5) 3rowPackR1C(36) 4rowPackR1C(14) 5rowPackR1C(6)
69 Rank-1 3-rows pack. cuts added ,  max viol. = 0.375, aver. viol. = 0.179348
Building structures for heuristic rank-1 packing cut separation...done!
18 Rank-1 4-rows pack. cuts added ,  max viol. = 0.375, aver. viol. = 0.208333
100 Rank-1 5-rows pack. cuts added ,  max viol. = 0.375, aver. viol. = 0.21375
Shrinking heuristic shrunk 82 edges
In total 4 RCC cut(s) are found by the Fractional capacity min-cut heuristic 
In total 5 RCC cut(s) are found by the greedy construction heuristic 
In total 4 RCC cut(s) are found by the global pool greedy search heuristic 
----- Add fac. cuts : CAP(13) R1C(187), max.viol = 0.5, aver.viol = 0.29125, sep/add took 0.197063/0.79529 sec. -----
20416 columns (8856 active), 686 dyn. constrs. (280 active), 1366 art. vars. (522 active)
<DWph=2> <it=  1> <et=107.57> <Mt= 0.21> <Spt= 0.07> <nCl= 16> <al=0.00> <DB= 4175.0267> <Mlp= 4175.0267> <PB=10000000> 
<DWph=1> <it=  2> <et=107.61> <Mt= 0.00> <Spt= 0.03> <nCl=  6> <al=0.40> <DB= 4166.1767> <Mlp= 4175.0267> <PB=10000000> 
<DWph=1> <it=  3> <et=107.75> <Mt= 0.10> <Spt= 0.04> <nCl=  5> <al=0.46> <DB= 4168.3961> <Mlp= 4175.0267> <PB=10000000> 
<DWph=1> <it=  4> <et=107.85> <Mt= 0.03> <Spt= 0.07> <nCl= 23> <al=0.00> <DB= 4175.0263> <Mlp= 4175.0263> <PB=10000000> 
    RCSP exact solver info for graph G_0 : TT = 0.031541, pt = 0.002065, dt = 0.026923, ct = 0.001131, ndl = 4193', bdl = 88721', odl = 8119', odf = 39893', bsi = 1358', cnt = 3519', bdch = 362637', odch = 70803', lcp = 71639', #sols = 149
<DWph=0> <it=  5> <et=107.92> <Mt= 0.00> <Spt= 0.07> <nCl= 80> <al=0.26> <DB= 4166.7856> <Mlp= 4175.0263> <PB=10000000> 
    RCSP exact solver info for graph G_0 : TT = 0.034472, pt = 0.002254, dt = 0.029716, ct = 0.001154, ndl = 4102', bdl = 85224', odl = 7897', odf = 39132', bsi = 1258', cnt = 2815', bdch = 341041', odch = 66611', lcp = 69147', #sols = 150
    RCSP exact solver info for graph G_0 : TT = 0.032532, pt = 0.00218, dt = 0.027491, ct = 0.00135, ndl = 4100', bdl = 88342', odl = 8163', odf = 40074', bsi = 1302', cnt = 3026', bdch = 358578', odch = 71408', lcp = 72186', #sols = 146
<DWph=0> <it=  6> <et=108.04> <Mt= 0.02> <Spt= 0.11> <nCl=101> <al=0.00> <DB= 4175.0260> <Mlp= 4175.0260> <PB=10000000> 
RCSP solver dynamic params and stats :  bidir.bord. = 516.4 aver.obdmd = 9.53279 aver.buck.num. = 11.123 nbR1C = 56 with avMem = 25.5
@@ 111 4 4175.03 0.029255 0.03087 48.7555 108.04
    Full reduced cost fixing is not called (gap ratio is 0.999996)
ColGenEvalAlg final dual bound: 4175.03 (rounded: 4175.03)
False gap improvement since the last cut separation : 0.000212081 (4174.94)
----- Cut generation is stopped due to tailing off -----
Current active cuts : CAP(13,230.297) R1C(5+51,197.584) 1rowPackR1C(5) 3rowPackR1C(34) 4rowPackR1C(13) 5rowPackR1C(4)
SB exact phase 3 branch on var x[(80, 102)]_0_9661_0_OspV (lhs=0.714697) : [4181.5, 4175.026], tree depth = 1e+12, tree size = 1e+12, score = -0.3307
SB with phases chosed candidate var x[(80, 102)]_0_9661_0_OspV (lhs=0.714697)
************************************************************************************************
**** BaB tree node (N° 5, parent N° 2, depth 2, treatOrderId 111)
**** Local DB = 4175.03, global bounds : [ 4175.03 , 1e+07 ], TIME = 0h1m48s17t = 10817
**** 3 open nodes, 20647 columns (9087 active), 181 dyn. constrs. (83 active), 423 art. vars. (325 active)
************************************************************************************************
**** Strong branching phase 1 is started *****
SB phase 1 cand.  1 branch on var x[(34, 36)]_0_4029_0_OspV (lhs=0.9422)   : [ 4175.0750, 1504195.7875], score = 73437.80 (h)  <et=108.55>
SB phase 1 cand.  2 branch on var x[(96, 22)]_0_11518_0_OspV (lhs=0.4911)  : [ 4175.3444,  4175.3500], score = 0.10      <et=108.71>
SB phase 1 cand.  3 branch on var x[(119, 36)]_0_14315_0_OspV (lhs=0.0542) : [ 4175.0750, 1504195.7875], score = 73437.80 (h)  <et=108.99>
SB phase 1 cand.  4 branch on var x[(96, 81)]_0_11577_0_OspV (lhs=0.5089)  : [ 4175.2349,  4176.1000], score = 0.22      <et=109.25>
SB phase 1 cand.  5 branch on var x[(94, 27)]_0_11281_0_OspV (lhs=0.2777)  : [ 4175.3167,  4176.5875], score = 0.45 (h)  <et=109.54>
SB phase 1 cand.  6 branch on var x[(1, 105)]_0_105_0_OspV (lhs=0.5150)    : [ 4175.2642,  4175.3167], score = 0.07      <et=109.76>
SB phase 1 cand.  7 branch on var x[(94, 46)]_0_11300_0_OspV (lhs=0.7223)  : [ 4175.3167,  4176.5875], score = 0.45 (h)  <et=110.14>
SB phase 1 cand.  8 branch on var x[(12, 7)]_0_1339_0_OspV (lhs=0.5150)    : [ 4175.2632,  4175.3167], score = 0.07      <et=110.4>
SB phase 1 cand.  9 branch on var x[(49, 79)]_0_5887_0_OspV (lhs=0.2881)   : [ 4175.3167,  4176.8094], score = 0.52 (h)  <et=110.71>
SB phase 1 cand. 10 branch on var x[(72, 0)]_0_8592_0_OspV (lhs=0.4726)    : [ 4175.1149,  4175.3444], score = 0.03      <et=110.92>
SB phase 1 cand. 11 branch on var x[(79, 69)]_0_9508_0_OspV (lhs=0.7101)   : [ 4175.3167,  4176.8094], score = 0.52 (h)  <et=111.31>
SB phase 1 cand. 12 branch on var x[(1, 7)]_0_7_0_OspV (lhs=0.4546)        : [ 4175.2500,  4175.3167], score = 0.07      <et=111.58>
SB phase 1 cand. 13 branch on var x[(29, 79)]_0_3467_0_OspV (lhs=0.7110)   : [ 4175.3167,  4176.8094], score = 0.52 (h)  <et=111.84>
SB phase 1 cand. 14 branch on var x[(7, 105)]_0_831_0_OspV (lhs=0.4546)    : [ 4175.3167,  4175.8108], score = 0.23      <et=112.09>
SB phase 1 cand. 15 branch on var x[(79, 94)]_0_9532_0_OspV (lhs=0.2560)   : [ 4175.3167,  4176.8094], score = 0.52 (h)  <et=112.46>
SB phase 1 cand. 16 branch on var x[(7, 33)]_0_759_0_OspV (lhs=0.5454)     : [ 4175.3145,  4175.3167], score = 0.08      <et=112.73>
SB phase 1 cand. 17 branch on var x[(31, 120)]_0_3750_0_OspV (lhs=0.7119)  : [ 4175.3167,  4176.8094], score = 0.52 (h)  <et=113.12>
SB phase 1 cand. 18 branch on var x[(23, 95)]_0_2757_0_OspV (lhs=0.4537)   : [ 4175.1750,  4176.0879], score = 0.16      <et=113.33>
SB phase 1 cand. 19 branch on var x[(112, 120)]_0_13551_0_OspV (lhs=0.2881): [ 4175.3167,  4176.8094], score = 0.52 (h)  <et=113.69>
SB phase 1 cand. 20 branch on var x[(55, 23)]_0_6558_0_OspV (lhs=0.4537)   : [ 4175.1250,  4176.0879], score = 0.11      <et=113.9>
SB phase 1 cand. 21 branch on var x[(31, 112)]_0_3742_0_OspV (lhs=0.2881)  : [ 4175.3167,  4176.8094], score = 0.52 (h)  <et=114.27>
SB phase 1 cand. 22 branch on var x[(97, 113)]_0_11729_0_OspV (lhs=0.4537) : [ 4175.1750,  4175.4000], score = 0.06      <et=114.42>
SB phase 1 cand. 23 branch on var x[(49, 112)]_0_5920_0_OspV (lhs=0.7119)  : [ 4175.3167,  4176.8094], score = 0.52 (h)  <et=114.76>
SB phase 1 cand. 24 branch on var x[(97, 23)]_0_11640_0_OspV (lhs=0.5463)  : [ 4175.1750,  4175.3957], score = 0.06      <et=114.93>
SB phase 1 cand. 25 branch on var x[(112, 99)]_0_13531_0_OspV (lhs=0.7110) : [ 4175.3167,  4176.1875], score = 0.34 (h)  <et=115.24>
SB phase 1 cand. 26 branch on var x[(82, 75)]_0_9877_0_OspV (lhs=0.4387)   : [ 4175.1474,  4175.3444], score = 0.04      <et=115.46>
SB phase 1 cand. 27 branch on var x[(93, 60)]_0_11193_0_OspV (lhs=0.9422)  : [ 4175.0750, 1504195.7875], score = 73437.80 (h)  <et=115.72>
SB phase 1 cand. 28 branch on var x[(12, 33)]_0_1364_0_OspV (lhs=0.4346)   : [ 4175.3167,  4175.9560], score = 0.27      <et=116.06>
SB phase 1 cand. 29 branch on var x[(93, 80)]_0_11213_0_OspV (lhs=0.0542)  : [ 4175.0750, 1504195.7875], score = 73437.80 (h)  <et=116.35>
SB phase 1 cand. 30 branch on var x[(55, 95)]_0_6629_0_OspV (lhs=0.4318)   : [ 4175.0667,  4175.8845], score = 0.03      <et=116.61>
SB phase 1 cand. 31 branch on var x[(119, 80)]_0_14359_0_OspV (lhs=0.9458) : [ 4175.0750, 1004193.9625], score = 48958.78 (h)  <et=116.91>
SB phase 1 cand. 32 branch on var x[(35, 0)]_0_4115_0_OspV (lhs=0.5959)    : [ 4175.2600,  4175.3752], score = 0.08      <et=117.17>
SB phase 1 cand. 33 branch on var x[(29, 69)]_0_3457_0_OspV (lhs=0.2369)   : [ 4175.1600,  4176.8094], score = 0.24 (h)  <et=117.58>
SB phase 1 cand. 34 branch on var x[(23, 113)]_0_2775_0_OspV (lhs=0.3784)  : [ 4175.1518,  4175.1750], score = 0.02      <et=117.71>
SB phase 1 cand. 35 branch on var x[(33, 94)]_0_3966_0_OspV (lhs=0.6085)   : [ 4175.3167,  4176.5370], score = 0.44 (h)  <et=117.93>
SB phase 1 cand. 36 branch on var x[(19, 78)]_0_2256_0_OspV (lhs=0.6359)   : [ 4175.2333,  4175.4316], score = 0.08      <et=118.16>
SB phase 1 cand. 37 branch on var x[(106, 99)]_0_12805_0_OspV (lhs=0.2551) : [ 4175.1795,  4176.9000], score = 0.29 (h)  <et=118.4>
SB phase 1 cand. 38 branch on var x[(0, 75)]_0_8954_0_OspV (lhs=0.3271)    : [ 4175.0672,  4175.4842], score = 0.02      <et=118.62>
SB phase 1 cand. 39 branch on var x[(72, 82)]_0_8673_0_OspV (lhs=0.2545)   : [ 4175.2971,  4177.8000], score = 0.75 (h)  <et=118.85>
SB phase 1 cand. 40 branch on var x[(0, 109)]_0_13068_0_OspV (lhs=0.6878)  : [ 4175.0672,  4175.6518], score = 0.03      <et=119.1>
SB phase 1 cand. 41 branch on var x[(99, 10)]_0_11869_0_OspV (lhs=0.2342)  : [ 4175.1763,  4176.9000], score = 0.28 (h)  <et=119.32>
SB phase 1 cand. 42 branch on var x[(82, 109)]_0_9910_0_OspV (lhs=0.3069)  : [ 4175.0672,  4175.6568], score = 0.03      <et=119.55>
SB phase 1 cand. 43 branch on var x[(0, 106)]_0_12705_0_OspV (lhs=0.2551)  : [ 4175.1795,  4176.9000], score = 0.29 (h)  <et=119.8>
SB phase 1 cand. 44 branch on var x[(0, 19)]_0_2178_0_OspV (lhs=0.7110)    : [ 4175.2262,  4175.9875], score = 0.19      <et=120.06>
SB phase 1 cand. 45 branch on var x[(99, 106)]_0_11964_0_OspV (lhs=0.7128) : [ 4175.3167,  4176.9000], score = 0.54 (h)  <et=120.34>
SB phase 1 cand. 46 branch on var x[(19, 81)]_0_2259_0_OspV (lhs=0.2890)   : [ 4175.2262,  4176.1767], score = 0.23      <et=120.63>
SB phase 1 cand. 47 branch on var x[(116, 46)]_0_13962_0_OspV (lhs=0.0542) : [ 4175.0750,  4179.1167], score = 0.20 (h)  <et=120.86>
SB phase 1 cand. 48 branch on var x[(46, 0)]_0_5446_0_OspV (lhs=0.2890)    : [ 4175.1135,  4175.3167], score = 0.03      <et=121.07>
SB phase 1 cand. 49 branch on var x[(72, 22)]_0_8614_0_OspV (lhs=0.2545)   : [ 4175.2513,  4176.9000], score = 0.42 (h)  <et=121.28>
SB phase 1 cand. 50 branch on var x[(46, 27)]_0_5473_0_OspV (lhs=0.7110)   : [ 4175.1135,  4175.3167], score = 0.03      <et=121.51>
**** Strong branching phase 2 is started *****
#######<DWph=1> <it= 40> <et=124.14> <Mt= 1.07> <Spt= 1.55> <nCl=802> <al=0.00> <DB= 4183.3950> <Mlp= 4183.3950> <PB=10000000> 
<DWph=1> <it=  5> <et=124.76> <Mt= 0.14> <Spt= 0.28> <nCl= 41> <al=0.00> <DB= 4175.0750> <Mlp= 4175.0750> <PB=10000000> 
SB phase 2 cand.  1 branch on var x[(34, 36)]_0_4029_0_OspV (lhs=0.9422)  : [ 4175.0750,  4183.3950], score = 0.41 (h)  <et=124.78>
########<DWph=1> <it= 40> <et=127.40> <Mt= 1.02> <Spt= 1.49> <nCl=728> <al=0.00> <DB= 4182.7417> <Mlp= 4182.7417> <PB=10000000> 
<DWph=1> <it=  5> <et=127.90> <Mt= 0.10> <Spt= 0.29> <nCl= 41> <al=0.00> <DB= 4175.0750> <Mlp= 4175.0750> <PB=10000000> 
SB phase 2 cand.  2 branch on var x[(93, 60)]_0_11193_0_OspV (lhs=0.9422) : [ 4175.0750,  4182.7417], score = 0.38 (h)  <et=127.93>
########<DWph=1> <it= 51> <et=130.91> <Mt= 0.88> <Spt= 1.97> <nCl=984> <al=0.00> <DB= 4188.9605> <Mlp= 4188.9605> <PB=10000000> 
<DWph=1> <it=  3> <et=131.25> <Mt= 0.01> <Spt= 0.18> <nCl= 37> <al=0.00> <DB= 4175.0750> <Mlp= 4175.0750> <PB=10000000> 
SB phase 2 cand.  3 branch on var x[(119, 36)]_0_14315_0_OspV (lhs=0.0542): [ 4175.0750,  4188.9605], score = 0.68 (h)  <et=131.27>
**** Strong branching phase 3 is started *****
**** SB phase 3 evaluation of candidate 1, branch 1 ( x[(119, 36)]_0_14315_0_OspV >= 1 ), value = 4188.96
<DWph=2> <it=  1> <et=131.44> <Mt= 0.00> <Spt= 0.02> <nCl=  4> <al=0.50> <DB= 4184.4605> <Mlp= 4188.9605> <PB=10000000> 
<DWph=2> <it=  2> <et=131.51> <Mt= 0.00> <Spt= 0.06> <nCl=  4> <al=0.00> <DB= 4188.9605> <Mlp= 4188.9605> <PB=10000000> 
<DWph=1> <it=  3> <et=131.57> <Mt= 0.01> <Spt= 0.07> <nCl=  4> <al=0.00> <DB= 4188.9605> <Mlp= 4188.9605> <PB=10000000> 
    RCSP exact solver info for graph G_0 : TT = 0.036882, pt = 0.001467, dt = 0.033317, ct = 0.000955, ndl = 3425', bdl = 81449', odl = 7278', odf = 33536', bsi = 1169', cnt = 3023', bdch = 282535', odch = 47974', lcp = 53225', #sols = 147
<DWph=0> <it=  4> <et=131.63> <Mt= 0.00> <Spt= 0.05> <nCl=147> <al=0.20> <DB= 3348.6605> <Mlp= 4188.9605> <PB=10000000> 
    RCSP exact solver info for graph G_0 : TT = 0.035202, pt = 0.001853, dt = 0.030476, ct = 0.00149, ndl = 3574', bdl = 84089', odl = 7339', odf = 33780', bsi = 1212', cnt = 3065', bdch = 300235', odch = 51852', lcp = 56304', #sols = 150
<DWph=0> <it=  5> <et=131.70> <Mt= 0.01> <Spt= 0.06> <nCl=150> <al=0.28> <DB= 3734.9921> <Mlp= 4188.7076> <PB=10000000> 
    RCSP exact solver info for graph G_0 : TT = 0.036578, pt = 0.001752, dt = 0.032282, ct = 0.001362, ndl = 3644', bdl = 84059', odl = 7608', odf = 35103', bsi = 1158', cnt = 3141', bdch = 317300', odch = 54248', lcp = 61475', #sols = 150
<DWph=0> <it=  6> <et=131.76> <Mt= 0.00> <Spt= 0.06> <nCl=142> <al=0.35> <DB= 4133.2858> <Mlp= 4188.6869> <PB=10000000> 
    RCSP exact solver info for graph G_0 : TT = 0.034215, pt = 0.001913, dt = 0.029966, ct = 0.001075, ndl = 3697', bdl = 86026', odl = 7675', odf = 35360', bsi = 1211', cnt = 3096', bdch = 325638', odch = 56842', lcp = 62351', #sols = 150
<DWph=0> <it=  7> <et=131.82> <Mt= 0.01> <Spt= 0.05> <nCl= 60> <al=0.42> <DB= 4177.5207> <Mlp= 4188.5529> <PB=10000000> 
    RCSP exact solver info for graph G_0 : TT = 0.035933, pt = 0.001789, dt = 0.031562, ct = 0.001101, ndl = 3703', bdl = 86822', odl = 7807', odf = 36267', bsi = 1208', cnt = 3505', bdch = 330960', odch = 56857', lcp = 63756', #sols = 150
<DWph=0> <it=  8> <et=131.87> <Mt= 0.00> <Spt= 0.04> <nCl= 38> <al=0.32> <DB= 4185.0401> <Mlp= 4188.5268> <PB=10000000> 
    RCSP exact solver info for graph G_0 : TT = 0.036594, pt = 0.001745, dt = 0.032223, ct = 0.001428, ndl = 3712', bdl = 90849', odl = 7743', odf = 35642', bsi = 1143', cnt = 2752', bdch = 344869', odch = 57287', lcp = 65567', #sols = 150
<DWph=0> <it=  9> <et=131.92> <Mt= 0.01> <Spt= 0.05> <nCl= 48> <al=0.22> <DB= 4184.2562> <Mlp= 4188.5076> <PB=10000000> 
    RCSP exact solver info for graph G_0 : TT = 0.035599, pt = 0.001911, dt = 0.031242, ct = 0.001185, ndl = 3892', bdl = 92083', odl = 7924', odf = 36782', bsi = 1234', cnt = 3454', bdch = 359035', odch = 64315', lcp = 69364', #sols = 150
<DWph=0> <it= 10> <et=131.98> <Mt= 0.00> <Spt= 0.05> <nCl= 50> <al=0.30> <DB= 4183.0092> <Mlp= 4188.4161> <PB=10000000> 
    RCSP exact solver info for graph G_0 : TT = 0.03373, pt = 0.001877, dt = 0.029305, ct = 0.001231, ndl = 3726', bdl = 89462', odl = 7781', odf = 35693', bsi = 1189', cnt = 3383', bdch = 342310', odch = 60069', lcp = 65961', #sols = 150
<DWph=0> <it= 11> <et=132.03> <Mt= 0.01> <Spt= 0.05> <nCl= 41> <al=0.37> <DB= 4186.1007> <Mlp= 4188.4137> <PB=10000000> 
    RCSP exact solver info for graph G_0 : TT = 0.03436, pt = 0.00231, dt = 0.029785, ct = 0.001048, ndl = 3632', bdl = 86547', odl = 7702', odf = 35418', bsi = 1298', cnt = 3550', bdch = 332625', odch = 56602', lcp = 64189', #sols = 150
<DWph=0> <it= 12> <et=132.08> <Mt= 0.00> <Spt= 0.05> <nCl= 32> <al=0.27> <DB= 4187.3386> <Mlp= 4188.4099> <PB=10000000> 
    RCSP exact solver info for graph G_0 : TT = 0.037199, pt = 0.001742, dt = 0.033006, ct = 0.001176, ndl = 4033', bdl = 93800', odl = 8351', odf = 38369', bsi = 1280', cnt = 3693', bdch = 377980', odch = 70780', lcp = 74479', #sols = 150
    RCSP exact solver info for graph G_0 : TT = 0.032522, pt = 0.001479, dt = 0.028871, ct = 0.000949, ndl = 3943', bdl = 91426', odl = 8421', odf = 38823', bsi = 1228', cnt = 3506', bdch = 402279', odch = 76112', lcp = 83104', #sols = 150
<DWph=0> <it= 13> <et=132.19> <Mt= 0.01> <Spt= 0.10> <nCl= 98> <al=0.00> <DB= 4188.4099> <Mlp= 4188.4099> <PB=10000000> 
RCSP solver dynamic params and stats :  bidir.bord. = 500.3 aver.obdmd = 9.53279 aver.buck.num. = 11.123 nbR1C = 41 with avMem = 22.5366
@@ 218 0 4188.41 0.0322759 0.034272 48.7555 132.19
    Full reduced cost fixing is not called (gap ratio is 0.999995)
ColGenEvalAlg final dual bound: 4188.41 (rounded: 4188.41)
Current active cuts : CAP(7,147.634) R1C(5+36,218.586) 1rowPackR1C(5) 3rowPackR1C(25) 4rowPackR1C(10) 5rowPackR1C(1)
5 Rank-1 1-rows pack. cuts added ,  max viol. = 0.368771, aver. viol. = 0.222148
150 Rank-1 3-rows pack. cuts added ,  max viol. = 0.499446, aver. viol. = 0.252728
In total 1 RCC cut(s) are found by the connected components heuristic 
Shrinking heuristic shrunk 41 edges
In total 9 RCC cut(s) are found by the Fractional capacity min-cut heuristic 
In total 2 RCC cut(s) are found by the greedy construction heuristic 
In total 6 RCC cut(s) are found by the global pool greedy search heuristic 
----- Add fac. cuts : CAP(18) R1C(155), max.viol = 0.499446, aver.viol = 0.243024, sep/add took 0.0508925/0.621484 sec. -----
22336 columns (7487 active), 344 dyn. constrs. (225 active), 590 art. vars. (467 active)
<DWph=2> <it=  1> <et=133.02> <Mt= 0.08> <Spt= 0.05> <nCl= 13> <al=0.50> <DB= 4185.8961> <Mlp= 4191.3672> <PB=10000000> 
<DWph=2> <it=  2> <et=133.09> <Mt= 0.00> <Spt= 0.06> <nCl= 12> <al=0.10> <DB= 4184.9693> <Mlp= 4191.3672> <PB=10000000> 
<DWph=2> <it=  3> <et=133.13> <Mt= 0.01> <Spt= 0.03> <nCl=  4> <al=0.45> <DB= 4190.5662> <Mlp= 4191.2417> <PB=10000000> 
<DWph=2> <it=  4> <et=133.17> <Mt= 0.01> <Spt= 0.04> <nCl=  6> <al=0.51> <DB= 4190.9006> <Mlp= 4191.2417> <PB=10000000> 
<DWph=2> <it=  5> <et=133.27> <Mt= 0.00> <Spt= 0.09> <nCl= 16> <al=0.00> <DB= 4191.2417> <Mlp= 4191.2417> <PB=10000000> 
<DWph=1> <it=  6> <et=133.31> <Mt= 0.00> <Spt= 0.04> <nCl= 25> <al=0.45> <DB= 4173.5667> <Mlp= 4191.2417> <PB=10000000> 
<DWph=1> <it=  7> <et=133.36> <Mt= 0.01> <Spt= 0.04> <nCl= 13> <al=0.35> <DB= 4184.1209> <Mlp= 4191.2417> <PB=10000000> 
<DWph=1> <it=  8> <et=133.44> <Mt= 0.01> <Spt= 0.07> <nCl= 15> <al=0.00> <DB= 4191.2000> <Mlp= 4191.2000> <PB=10000000> 
    RCSP exact solver info for graph G_0 : TT = 0.034141, pt = 0.001734, dt = 0.030024, ct = 0.001019, ndl = 3604', bdl = 79083', odl = 6935', odf = 32931', bsi = 1242', cnt = 3304', bdch = 292663', odch = 53987', lcp = 58052', #sols = 150
<DWph=0> <it=  9> <et=133.50> <Mt= 0.00> <Spt= 0.06> <nCl=118> <al=0.15> <DB= 4087.3476> <Mlp= 4191.2000> <PB=10000000> 
    RCSP exact solver info for graph G_0 : TT = 0.03417, pt = 0.002251, dt = 0.028893, ct = 0.0016, ndl = 4250', bdl = 94995', odl = 7896', odf = 37810', bsi = 1279', cnt = 4334', bdch = 400038', odch = 79178', lcp = 78749', #sols = 150
<DWph=0> <it= 10> <et=133.65> <Mt= 0.07> <Spt= 0.08> <nCl=150> <al=0.05> <DB= 4013.6204> <Mlp= 4191.1370> <PB=10000000> 
    RCSP exact solver info for graph G_0 : TT = 0.032721, pt = 0.001764, dt = 0.028492, ct = 0.001236, ndl = 3698', bdl = 83565', odl = 7023', odf = 33199', bsi = 1404', cnt = 3243', bdch = 319611', odch = 55699', lcp = 59474', #sols = 150
<DWph=0> <it= 11> <et=133.76> <Mt= 0.05> <Spt= 0.07> <nCl= 88> <al=0.15> <DB= 4181.4450> <Mlp= 4191.1370> <PB=10000000> 
    RCSP exact solver info for graph G_0 : TT = 0.034496, pt = 0.002175, dt = 0.029895, ct = 0.001136, ndl = 4193', bdl = 99022', odl = 7925', odf = 37844', bsi = 1451', cnt = 4194', bdch = 406247', odch = 71554', lcp = 75114', #sols = 150
<DWph=0> <it= 12> <et=133.94> <Mt= 0.10> <Spt= 0.07> <nCl=150> <al=0.05> <DB= 4181.8081> <Mlp= 4190.8042> <PB=10000000> 
    RCSP exact solver info for graph G_0 : TT = 0.035129, pt = 0.002044, dt = 0.030666, ct = 0.001043, ndl = 4024', bdl = 94745', odl = 7383', odf = 35203', bsi = 1255', cnt = 3541', bdch = 374087', odch = 66387', lcp = 67078', #sols = 150
<DWph=0> <it= 13> <et=134.10> <Mt= 0.08> <Spt= 0.08> <nCl=150> <al=0.14> <DB= 4181.7082> <Mlp= 4190.8007> <PB=10000000> 
    RCSP exact solver info for graph G_0 : TT = 0.036667, pt = 0.002396, dt = 0.031632, ct = 0.001093, ndl = 4082', bdl = 96659', odl = 7657', odf = 36398', bsi = 1341', cnt = 4234', bdch = 389616', odch = 69743', lcp = 71088', #sols = 150
<DWph=0> <it= 14> <et=134.22> <Mt= 0.05> <Spt= 0.07> <nCl=105> <al=0.23> <DB= 4188.5972> <Mlp= 4190.6792> <PB=10000000> 
    RCSP exact solver info for graph G_0 : TT = 0.039221, pt = 0.002294, dt = 0.034466, ct = 0.001076, ndl = 4111', bdl = 95023', odl = 7418', odf = 35042', bsi = 1325', cnt = 4305', bdch = 384285', odch = 66978', lcp = 70915', #sols = 150
<DWph=0> <it= 15> <et=134.29> <Mt= 0.01> <Spt= 0.06> <nCl= 87> <al=0.13> <DB= 4189.7834> <Mlp= 4190.6792> <PB=10000000> 
    RCSP exact solver info for graph G_0 : TT = 0.038297, pt = 0.002431, dt = 0.03341, ct = 0.001145, ndl = 4095', bdl = 95029', odl = 7448', odf = 34852', bsi = 1315', cnt = 4199', bdch = 390432', odch = 66415', lcp = 73466', #sols = 150
<DWph=0> <it= 16> <et=134.36> <Mt= 0.00> <Spt= 0.06> <nCl= 78> <al=0.22> <DB= 4189.7533> <Mlp= 4190.6292> <PB=10000000> 
    RCSP exact solver info for graph G_0 : TT = 0.038941, pt = 0.00289, dt = 0.033386, ct = 0.001286, ndl = 4408', bdl = 100794', odl = 7741', odf = 36442', bsi = 1408', cnt = 5457', bdch = 432036', odch = 77677', lcp = 81760', #sols = 150
<DWph=0> <it= 17> <et=134.42> <Mt= 0.01> <Spt= 0.06> <nCl= 29> <al=0.30> <DB= 4190.3796> <Mlp= 4190.6292> <PB=10000000> 
    RCSP exact solver info for graph G_0 : TT = 0.037165, pt = 0.002452, dt = 0.031899, ct = 0.00117, ndl = 4034', bdl = 94085', odl = 7269', odf = 34218', bsi = 1360', cnt = 4393', bdch = 378625', odch = 64483', lcp = 68774', #sols = 150
    RCSP exact solver info for graph G_0 : TT = 0.034642, pt = 0.002005, dt = 0.030235, ct = 0.001141, ndl = 3628', bdl = 82468', odl = 6893', odf = 31679', bsi = 1314', cnt = 3736', bdch = 316081', odch = 54287', lcp = 59020', #sols = 150
<DWph=0> <it= 18> <et=134.54> <Mt= 0.00> <Spt= 0.11> <nCl=129> <al=0.00> <DB= 4190.6292> <Mlp= 4190.6292> <PB=10000000> 
RCSP solver dynamic params and stats :  bidir.bord. = 521.7 aver.obdmd = 9.53279 aver.buck.num. = 11.123 nbR1C = 54 with avMem = 22.5556
@@ 218 1 4190.63 0.0323585 0.035542 48.7555 134.54
    Full reduced cost fixing is not called (gap ratio is 0.999994)
ColGenEvalAlg final dual bound: 4190.63 (rounded: 4190.63)
False gap improvement since the last cut separation : 0.00529856 (4188.41)
Separator R1C not in maximum phase
Cut generation tailing off counter increased to 0
Current active cuts : CAP(9,147.794) R1C(7+47,225.107) 1rowPackR1C(7) 3rowPackR1C(36) 4rowPackR1C(10) 5rowPackR1C(1)
150 Rank-1 3-rows pack. cuts added ,  max viol. = 0.5, aver. viol. = 0.26
Building structures for heuristic rank-1 packing cut separation...done!
58 Rank-1 4-rows pack. cuts added ,  max viol. = 0.5, aver. viol. = 0.200431
100 Rank-1 5-rows pack. cuts added ,  max viol. = 0.5, aver. viol. = 0.275
Shrinking heuristic shrunk 75 edges
In total 1 RCC cut(s) are found by the Fractional capacity min-cut heuristic 
In total 1 RCC cut(s) are found by the global pool greedy search heuristic 
----- Add fac. cuts : CAP(2) R1C(308), max.viol = 0.5, aver.viol = 0.265457, sep/add took 0.184141/1.07736 sec. -----
23524 columns (8675 active), 654 dyn. constrs. (378 active), 900 art. vars. (620 active)
In total 20 RCC cut(s) are found by the connected components heuristic 
Shrinking heuristic shrunk 111 edges
In total 8 RCC cut(s) are found by the Fractional capacity min-cut heuristic 
In total 12 RCC cut(s) are found by the global pool greedy search heuristic 
----- Add core cuts : CAP(40), max.viol = 1, aver.viol = 1, sep/add took 0.0292094/0.793048 sec. -----
<DWph=2> <it=  1> <et=136.85> <Mt= 0.16> <Spt= 0.04> <nCl= 11> <al=0.50> <DB= 4188.6083> <Mlp= 4191.5625> <PB=10000000> 
<DWph=2> <it=  2> <et=137.01> <Mt= 0.12> <Spt= 0.05> <nCl=  9> <al=0.55> <DB= 4189.4207> <Mlp= 4191.5625> <PB=10000000> 
<DWph=2> <it=  3> <et=137.07> <Mt= 0.01> <Spt= 0.04> <nCl=  9> <al=0.60> <DB= 4190.3197> <Mlp= 4191.5625> <PB=10000000> 
<DWph=2> <it=  4> <et=137.19> <Mt= 0.04> <Spt= 0.08> <nCl=  7> <al=0.27> <DB= 4190.9548> <Mlp= 4191.5625> <PB=10000000> 
<DWph=2> <it=  5> <et=137.33> <Mt= 0.10> <Spt= 0.04> <nCl=  4> <al=0.54> <DB= 4191.2371> <Mlp= 4191.5625> <PB=10000000> 
<DWph=2> <it=  6> <et=137.43> <Mt= 0.02> <Spt= 0.08> <nCl= 16> <al=0.00> <DB= 4189.7625> <Mlp= 4191.5625> <PB=10000000> 
<DWph=2> <it=  7> <et=137.51> <Mt= 0.00> <Spt= 0.08> <nCl=  1> <al=0.00> <DB= 4191.5625> <Mlp= 4191.5625> <PB=10000000> 
<DWph=1> <it=  8> <et=137.55> <Mt= 0.00> <Spt= 0.04> <nCl= 11> <al=0.24> <DB= 4185.8745> <Mlp= 4191.5625> <PB=10000000> 
<DWph=1> <it=  9> <et=137.62> <Mt= 0.02> <Spt= 0.04> <nCl= 11> <al=0.31> <DB= 4188.6975> <Mlp= 4191.5625> <PB=10000000> 
<DWph=1> <it= 10> <et=137.67> <Mt= 0.01> <Spt= 0.05> <nCl=  9> <al=0.38> <DB= 4189.8311> <Mlp= 4191.5625> <PB=10000000> 
<DWph=1> <it= 11> <et=137.77> <Mt= 0.01> <Spt= 0.08> <nCl=  1> <al=0.00> <DB= 4191.5625> <Mlp= 4191.5625> <PB=10000000> 
    RCSP exact solver info for graph G_0 : TT = 0.03986, pt = 0.001743, dt = 0.033084, ct = 0.003453, ndl = 3781', bdl = 90081', odl = 7377', odf = 34233', bsi = 1299', cnt = 2922', bdch = 339595', odch = 57632', lcp = 63357', #sols = 150
<DWph=0> <it= 12> <et=137.86> <Mt= 0.01> <Spt= 0.09> <nCl=102> <al=0.18> <DB= 4170.3544> <Mlp= 4191.5625> <PB=10000000> 
    RCSP exact solver info for graph G_0 : TT = 0.034947, pt = 0.001983, dt = 0.030421, ct = 0.001156, ndl = 3913', bdl = 91127', odl = 7425', odf = 35044', bsi = 1296', cnt = 3128', bdch = 349818', odch = 58313', lcp = 65554', #sols = 150
<DWph=0> <it= 13> <et=138.00> <Mt= 0.04> <Spt= 0.09> <nCl=121> <al=0.08> <DB= 4185.4835> <Mlp= 4191.4583> <PB=10000000> 
    RCSP exact solver info for graph G_0 : TT = 0.039442, pt = 0.002485, dt = 0.033857, ct = 0.001536, ndl = 4161', bdl = 101315', odl = 7814', odf = 37168', bsi = 1366', cnt = 3529', bdch = 393610', odch = 69887', lcp = 72825', #sols = 150
<DWph=0> <it= 14> <et=138.25> <Mt= 0.17> <Spt= 0.08> <nCl= 75> <al=0.17> <DB= 4182.6924> <Mlp= 4191.4056> <PB=10000000> 
    RCSP exact solver info for graph G_0 : TT = 0.039736, pt = 0.002197, dt = 0.034814, ct = 0.001398, ndl = 3979', bdl = 95015', odl = 7487', odf = 35052', bsi = 1323', cnt = 3424', bdch = 367289', odch = 61812', lcp = 66634', #sols = 150
<DWph=0> <it= 15> <et=138.49> <Mt= 0.16> <Spt= 0.09> <nCl= 62> <al=0.26> <DB= 4188.4308> <Mlp= 4191.3583> <PB=10000000> 
    RCSP exact solver info for graph G_0 : TT = 0.038016, pt = 0.002653, dt = 0.032323, ct = 0.001323, ndl = 4177', bdl = 103568', odl = 7859', odf = 36789', bsi = 1430', cnt = 3784', bdch = 405573', odch = 73083', lcp = 72181', #sols = 150
<DWph=0> <it= 16> <et=138.82> <Mt= 0.24> <Spt= 0.08> <nCl= 67> <al=0.16> <DB= 4188.9354> <Mlp= 4191.3583> <PB=10000000> 
    RCSP exact solver info for graph G_0 : TT = 0.039099, pt = 0.00276, dt = 0.033625, ct = 0.001327, ndl = 4321', bdl = 103328', odl = 8005', odf = 37673', bsi = 1443', cnt = 4032', bdch = 418405', odch = 72697', lcp = 77312', #sols = 150
<DWph=0> <it= 17> <et=138.93> <Mt= 0.04> <Spt= 0.08> <nCl= 52> <al=0.24> <DB= 4188.8841> <Mlp= 4191.3583> <PB=10000000> 
    RCSP exact solver info for graph G_0 : TT = 0.038618, pt = 0.003219, dt = 0.032474, ct = 0.00132, ndl = 4194', bdl = 103175', odl = 7871', odf = 36893', bsi = 1441', cnt = 3959', bdch = 412995', odch = 74270', lcp = 73815', #sols = 150
    RCSP exact solver info for graph G_0 : TT = 0.036343, pt = 0.001939, dt = 0.031784, ct = 0.001247, ndl = 3948', bdl = 92919', odl = 7394', odf = 34806', bsi = 1369', cnt = 3678', bdch = 370691', odch = 69923', lcp = 66195', #sols = 150
<DWph=0> <it= 18> <et=139.16> <Mt= 0.10> <Spt= 0.13> <nCl= 73> <al=0.00> <DB= 4191.3292> <Mlp= 4191.3292> <PB=10000000> 
RCSP solver dynamic params and stats :  bidir.bord. = 521.7 aver.obdmd = 9.53279 aver.buck.num. = 11.123 nbR1C = 56 with avMem = 22.3571
@@ 218 2 4191.33 0.0343928 0.036537 48.7555 139.16
    Full reduced cost fixing is not called (gap ratio is 0.999994)
ColGenEvalAlg final dual bound: 4191.33 (rounded: 4191.33)
False gap improvement since the last cut separation : 0.00167039 (4190.63)
Cut generation tailing off counter increased to 1
Current active cuts : CAP(8,146.598) R1C(7+49,229.002) 1rowPackR1C(7) 3rowPackR1C(34) 4rowPackR1C(12) 5rowPackR1C(3)
150 Rank-1 3-rows pack. cuts added ,  max viol. = 0.5, aver. viol. = 0.26
Building structures for heuristic rank-1 packing cut separation...done!
70 Rank-1 4-rows pack. cuts added ,  max viol. = 0.5, aver. viol. = 0.257143
100 Rank-1 5-rows pack. cuts added ,  max viol. = 0.5, aver. viol. = 0.275
Shrinking heuristic shrunk 75 edges
----- Add fac. cuts : R1C(320), max.viol = 0.5, aver.viol = 0.275, sep/add took 0.210546/1.28559 sec. -----
24165 columns (9316 active), 820 dyn. constrs. (404 active), 1260 art. vars. (646 active)
In total 20 RCC cut(s) are found by the connected components heuristic 
Shrinking heuristic shrunk 111 edges
In total 8 RCC cut(s) are found by the Fractional capacity min-cut heuristic 
In total 12 RCC cut(s) are found by the global pool greedy search heuristic 
----- Add core cuts : CAP(40), max.viol = 1, aver.viol = 1, sep/add took 0.0295701/0.819285 sec. -----
<DWph=2> <it=  1> <et=142.11> <Mt= 0.37> <Spt= 0.08> <nCl= 27> <al=0.00> <DB= 4184.5477> <Mlp= 4192.1773> <PB=10000000> 
<DWph=2> <it=  2> <et=142.21> <Mt= 0.01> <Spt= 0.08> <nCl= 26> <al=0.00> <DB= 4184.5477> <Mlp= 4192.1773> <PB=10000000> 
<DWph=2> <it=  3> <et=142.36> <Mt= 0.07> <Spt= 0.08> <nCl= 29> <al=0.00> <DB= 4191.4620> <Mlp= 4192.1488> <PB=10000000> 
<DWph=2> <it=  4> <et=142.44> <Mt= 0.01> <Spt= 0.08> <nCl= 22> <al=0.00> <DB= 4192.1488> <Mlp= 4192.1488> <PB=10000000> 
<DWph=1> <it=  5> <et=142.49> <Mt= 0.00> <Spt= 0.05> <nCl= 12> <al=0.10> <DB= 4182.9646> <Mlp= 4192.1488> <PB=10000000> 
<DWph=1> <it=  6> <et=142.61> <Mt= 0.03> <Spt= 0.09> <nCl= 27> <al=0.00> <DB= 4192.1486> <Mlp= 4192.1486> <PB=10000000> 
    RCSP exact solver info for graph G_0 : TT = 0.037209, pt = 0.002139, dt = 0.03286, ct = 0.001021, ndl = 3513', bdl = 82745', odl = 6727', odf = 31499', bsi = 1170', cnt = 2373', bdch = 295007', odch = 48187', lcp = 53701', #sols = 150
<DWph=0> <it=  7> <et=142.70> <Mt= 0.00> <Spt= 0.09> <nCl= 91> <al=0.09> <DB= 4191.4673> <Mlp= 4192.1486> <PB=10000000> 
    RCSP exact solver info for graph G_0 : TT = 0.033685, pt = 0.001657, dt = 0.029551, ct = 0.001173, ndl = 3956', bdl = 87197', odl = 7545', odf = 34997', bsi = 1335', cnt = 4325', bdch = 365933', odch = 67263', lcp = 75784', #sols = 150
<DWph=0> <it=  8> <et=142.86> <Mt= 0.02> <Spt= 0.13> <nCl=145> <al=0.18> <DB= 4190.4943> <Mlp= 4192.1450> <PB=10000000> 
    RCSP exact solver info for graph G_0 : TT = 0.032708, pt = 0.001679, dt = 0.028745, ct = 0.001035, ndl = 3535', bdl = 77523', odl = 6616', odf = 31532', bsi = 1130', cnt = 2223', bdch = 281492', odch = 48004', lcp = 55667', #sols = 150
<DWph=0> <it=  9> <et=142.94> <Mt= 0.01> <Spt= 0.08> <nCl= 41> <al=0.08> <DB= 4191.4866> <Mlp= 4192.1446> <PB=10000000> 
    RCSP exact solver info for graph G_0 : TT = 0.034856, pt = 0.001984, dt = 0.030398, ct = 0.001145, ndl = 3772', bdl = 79519', odl = 7000', odf = 32948', bsi = 1199', cnt = 3408', bdch = 310260', odch = 56542', lcp = 62472', #sols = 150
<DWph=0> <it= 10> <et=143.05> <Mt= 0.01> <Spt= 0.10> <nCl=116> <al=0.00> <DB= 4192.1446> <Mlp= 4192.1446> <PB=10000000> 
RCSP solver dynamic params and stats :  bidir.bord. = 506.8 aver.obdmd = 9.53279 aver.buck.num. = 11.123 nbR1C = 46 with avMem = 21.3913
@@ 218 3 4192.14 0.031482 0.033881 48.7555 143.05
    Full reduced cost fixing is not called (gap ratio is 0.999994)
ColGenEvalAlg final dual bound: 4192.14 (rounded: 4192.14)
False gap improvement since the last cut separation : 0.00194561 (4191.33)
Cut generation tailing off counter increased to 2
Current active cuts : CAP(12,179.495) R1C(7+39,225.951) 1rowPackR1C(7) 3rowPackR1C(28) 4rowPackR1C(9) 5rowPackR1C(2)
3 Rank-1 1-rows pack. cuts added ,  max viol. = 0.0439025, aver. viol. = 0.0439025
150 Rank-1 3-rows pack. cuts added ,  max viol. = 0.126829, aver. viol. = 0.064826
Building structures for heuristic rank-1 packing cut separation...done!
88 Rank-1 4-rows pack. cuts added ,  max viol. = 0.126829, aver. viol. = 0.0508426
100 Rank-1 5-rows pack. cuts added ,  max viol. = 0.126829, aver. viol. = 0.093561
In total 3 RCC cut(s) are found by the connected components heuristic 
Shrinking heuristic shrunk 63 edges
In total 13 RCC cut(s) are found by the Fractional capacity min-cut heuristic 
In total 14 RCC cut(s) are found by the greedy construction heuristic 
In total 39 RCC cut(s) are found by the global pool greedy search heuristic 
----- Add fac. cuts : CAP(69) R1C(341), max.viol = 0.517073, aver.viol = 0.113254, sep/add took 0.32429/2.80654 sec. -----
24701 columns (9852 active), 940 dyn. constrs. (473 active), 1710 art. vars. (715 active)
<DWph=2> <it=  1> <et=146.70> <Mt= 0.32> <Spt= 0.06> <nCl= 26> <al=0.50> <DB= 3905.3663> <Mlp= 4192.5175> <PB=10000000> 
<DWph=2> <it=  2> <et=146.81> <Mt= 0.02> <Spt= 0.09> <nCl= 15> <al=0.00> <DB= 4186.1558> <Mlp= 4192.5175> <PB=10000000> 
<DWph=2> <it=  3> <et=147.18> <Mt= 0.31> <Spt= 0.05> <nCl= 20> <al=0.30> <DB= 4126.5381> <Mlp= 4192.5175> <PB=10000000> 
<DWph=2> <it=  4> <et=147.24> <Mt= 0.01> <Spt= 0.05> <nCl= 11> <al=0.20> <DB= 4181.1764> <Mlp= 4192.5175> <PB=10000000> 
<DWph=2> <it=  5> <et=147.49> <Mt= 0.20> <Spt= 0.05> <nCl= 12> <al=0.10> <DB= 4187.2254> <Mlp= 4192.5175> <PB=10000000> 
<DWph=2> <it=  6> <et=148.01> <Mt= 0.47> <Spt= 0.04> <nCl=  8> <al=0.00> <DB= 4189.1942> <Mlp= 4192.4942> <PB=10000000> 
<DWph=2> <it=  7> <et=148.37> <Mt= 0.32> <Spt= 0.04> <nCl=  9> <al=0.00> <DB= 4190.6775> <Mlp= 4192.4775> <PB=10000000> 
<DWph=2> <it=  8> <et=148.44> <Mt= 0.02> <Spt= 0.05> <nCl=  3> <al=0.00> <DB= 4190.6775> <Mlp= 4192.4775> <PB=10000000> 
<DWph=2> <it=  9> <et=148.53> <Mt= 0.05> <Spt= 0.05> <nCl= 16> <al=0.00> <DB= 4191.5575> <Mlp= 4192.4575> <PB=10000000> 
<DWph=2> <it= 10> <et=148.58> <Mt= 0.01> <Spt= 0.04> <nCl=  6> <al=0.00> <DB= 4192.4575> <Mlp= 4192.4575> <PB=10000000> 
<DWph=1> <it= 11> <et=148.64> <Mt= 0.00> <Spt= 0.05> <nCl=  3> <al=0.00> <DB= 4192.0542> <Mlp= 4192.4575> <PB=10000000> 
<DWph=1> <it= 12> <et=148.71> <Mt= 0.03> <Spt= 0.05> <nCl=  7> <al=0.00> <DB= 4192.4575> <Mlp= 4192.4575> <PB=10000000> 
    RCSP exact solver info for graph G_0 : TT = 0.036905, pt = 0.002125, dt = 0.031653, ct = 0.001535, ndl = 3762', bdl = 81496', odl = 6997', odf = 33434', bsi = 1360', cnt = 3855', bdch = 311240', odch = 57091', lcp = 60693', #sols = 150
<DWph=0> <it= 13> <et=148.83> <Mt= 0.00> <Spt= 0.11> <nCl=103> <al=0.00> <DB= 4191.5575> <Mlp= 4192.4575> <PB=10000000> 
    RCSP exact solver info for graph G_0 : TT = 0.037117, pt = 0.001969, dt = 0.032645, ct = 0.001205, ndl = 3710', bdl = 80582', odl = 6858', odf = 32749', bsi = 1324', cnt = 3253', bdch = 308703', odch = 55012', lcp = 61025', #sols = 150
<DWph=0> <it= 14> <et=149.02> <Mt= 0.03> <Spt= 0.09> <nCl= 43> <al=0.00> <DB= 4191.8080> <Mlp= 4192.4575> <PB=10000000> 
    RCSP exact solver info for graph G_0 : TT = 0.034649, pt = 0.001937, dt = 0.030205, ct = 0.001275, ndl = 3719', bdl = 82858', odl = 6951', odf = 32998', bsi = 1321', cnt = 3379', bdch = 312295', odch = 55547', lcp = 60555', #sols = 150
<DWph=0> <it= 15> <et=149.10> <Mt= 0.01> <Spt= 0.07> <nCl= 26> <al=0.00> <DB= 4192.4575> <Mlp= 4192.4575> <PB=10000000> 
RCSP solver dynamic params and stats :  bidir.bord. = 506.8 aver.obdmd = 9.53279 aver.buck.num. = 11.123 nbR1C = 52 with avMem = 22.2308
@@ 218 4 4192.46 0.0328393 0.03385 48.7555 149.1
    Full reduced cost fixing is not called (gap ratio is 0.999994)
ColGenEvalAlg final dual bound: 4192.46 (rounded: 4192.46)
False gap improvement since the last cut separation : 0.000746315 (4192.14)
----- Cut generation is stopped due to tailing off -----
Current active cuts : CAP(10,182.618) R1C(7+45,230.309) 1rowPackR1C(7) 3rowPackR1C(32) 4rowPackR1C(10) 5rowPackR1C(3)
**** SB phase 3 evaluation of candidate 1, branch 2 ( x[(119, 36)]_0_14315_0_OspV <= 0 ), value = 4175.08
<DWph=2> <it=  1> <et=149.69> <Mt= 0.04> <Spt= 0.03> <nCl=  6> <al=0.50> <DB= 4173.9500> <Mlp= 4175.0750> <PB=10000000> 
<DWph=2> <it=  2> <et=149.77> <Mt= 0.04> <Spt= 0.03> <nCl=  2> <al=0.55> <DB= 4174.0799> <Mlp= 4175.0750> <PB=10000000> 
<DWph=2> <it=  3> <et=149.82> <Mt= 0.03> <Spt= 0.04> <nCl=  3> <al=0.45> <DB= 4173.8864> <Mlp= 4175.0750> <PB=10000000> 
<DWph=2> <it=  4> <et=149.92> <Mt= 0.03> <Spt= 0.06> <nCl= 10> <al=0.00> <DB= 4175.0750> <Mlp= 4175.0750> <PB=10000000> 
<DWph=1> <it=  5> <et=150.00> <Mt= 0.01> <Spt= 0.07> <nCl= 19> <al=0.00> <DB= 4175.0750> <Mlp= 4175.0750> <PB=10000000> 
    RCSP exact solver info for graph G_0 : TT = 0.035818, pt = 0.002249, dt = 0.031123, ct = 0.00115, ndl = 4011', bdl = 86120', odl = 8228', odf = 39822', bsi = 1283', cnt = 2786', bdch = 337552', odch = 64614', lcp = 65885', #sols = 144
<DWph=0> <it=  6> <et=150.05> <Mt= 0.00> <Spt= 0.05> <nCl= 48> <al=0.15> <DB= 4172.8456> <Mlp= 4175.0750> <PB=10000000> 
    RCSP exact solver info for graph G_0 : TT = 0.036053, pt = 0.002054, dt = 0.031698, ct = 0.001113, ndl = 3919', bdl = 84977', odl = 8185', odf = 39272', bsi = 1275', cnt = 2603', bdch = 331037', odch = 63799', lcp = 65638', #sols = 147
<DWph=0> <it=  7> <et=150.11> <Mt= 0.02> <Spt= 0.05> <nCl= 22> <al=0.05> <DB= 4174.9574> <Mlp= 4175.0750> <PB=10000000> 
    RCSP exact solver info for graph G_0 : TT = 0.036463, pt = 0.002331, dt = 0.031459, ct = 0.001269, ndl = 3879', bdl = 83600', odl = 8042', odf = 38678', bsi = 1238', cnt = 2731', bdch = 325016', odch = 64726', lcp = 64921', #sols = 150
    RCSP exact solver info for graph G_0 : TT = 0.037855, pt = 0.002217, dt = 0.032872, ct = 0.001397, ndl = 4156', bdl = 86638', odl = 8463', odf = 40606', bsi = 1360', cnt = 3247', bdch = 351137', odch = 73103', lcp = 70877', #sols = 146
<DWph=0> <it=  8> <et=150.23> <Mt= 0.00> <Spt= 0.10> <nCl=139> <al=0.00> <DB= 4175.0750> <Mlp= 4175.0750> <PB=10000000> 
RCSP solver dynamic params and stats :  bidir.bord. = 526.6 aver.obdmd = 9.53279 aver.buck.num. = 11.123 nbR1C = 50 with avMem = 24.64
@@ 219 0 4175.07 0.0330203 0.034269 44.8065 150.23
    Full reduced cost fixing is not called (gap ratio is 0.999996)
ColGenEvalAlg final dual bound: 4175.07 (rounded: 4175.07)
Current active cuts : CAP(13,233.202) R1C(4+46,195.483) 1rowPackR1C(4) 3rowPackR1C(29) 4rowPackR1C(13) 5rowPackR1C(4)
Building structures for heuristic rank-1 packing cut separation...done!
26 Rank-1 5-rows pack. cuts added ,  max viol. = 0.125, aver. viol. = 0.125
Shrinking heuristic shrunk 85 edges
In total 9 RCC cut(s) are found by the Fractional capacity min-cut heuristic 
In total 6 RCC cut(s) are found by the greedy construction heuristic 
In total 104 RCC cut(s) are found by the global pool greedy search heuristic 
----- Add fac. cuts : CAP(100) R1C(26), max.viol = 0.5, aver.viol = 0.327381, sep/add took 0.251095/1.9535 sec. -----
22483 columns (9373 active), 321 dyn. constrs. (199 active), 563 art. vars. (441 active)
<DWph=2> <it=  1> <et=152.73> <Mt= 0.21> <Spt= 0.06> <nCl= 30> <al=0.50> <DB= 4138.8683> <Mlp= 4175.1706> <PB=10000000> 
<DWph=2> <it=  2> <et=152.79> <Mt= 0.01> <Spt= 0.06> <nCl=  7> <al=0.55> <DB= 4167.8516> <Mlp= 4175.1706> <PB=10000000> 
<DWph=2> <it=  3> <et=152.98> <Mt= 0.02> <Spt= 0.16> <nCl= 28> <al=0.00> <DB= 4174.2706> <Mlp= 4175.1706> <PB=10000000> 
<DWph=2> <it=  4> <et=153.09> <Mt= 0.01> <Spt= 0.11> <nCl=  4> <al=0.00> <DB= 4175.1706> <Mlp= 4175.1706> <PB=10000000> 
<DWph=1> <it=  5> <et=153.16> <Mt= 0.01> <Spt= 0.06> <nCl= 30> <al=0.40> <DB= 3543.6331> <Mlp= 4175.1706> <PB=10000000> 
<DWph=1> <it=  6> <et=153.26> <Mt= 0.03> <Spt= 0.07> <nCl= 30> <al=0.46> <DB= 3878.5600> <Mlp= 4175.1631> <PB=10000000> 
<DWph=1> <it=  7> <et=153.33> <Mt= 0.01> <Spt= 0.06> <nCl= 24> <al=0.36> <DB= 4069.7205> <Mlp= 4175.1629> <PB=10000000> 
<DWph=1> <it=  8> <et=153.40> <Mt= 0.01> <Spt= 0.06> <nCl=  6> <al=0.26> <DB= 4148.6774> <Mlp= 4175.1530> <PB=10000000> 
<DWph=1> <it=  9> <et=153.46> <Mt= 0.00> <Spt= 0.05> <nCl= 16> <al=0.16> <DB= 4165.1409> <Mlp= 4175.1530> <PB=10000000> 
<DWph=1> <it= 10> <et=153.59> <Mt= 0.01> <Spt= 0.12> <nCl= 17> <al=0.00> <DB= 4175.1530> <Mlp= 4175.1530> <PB=10000000> 
    RCSP exact solver info for graph G_0 : TT = 0.03438, pt = 0.001722, dt = 0.03015, ct = 0.001106, ndl = 3998', bdl = 84392', odl = 8095', odf = 39240', bsi = 1389', cnt = 3488', bdch = 342654', odch = 66872', lcp = 70214', #sols = 150
<DWph=0> <it= 11> <et=153.67> <Mt= 0.00> <Spt= 0.08> <nCl= 78> <al=0.14> <DB= 4079.1893> <Mlp= 4175.1530> <PB=10000000> 
    RCSP exact solver info for graph G_0 : TT = 0.036632, pt = 0.001855, dt = 0.032516, ct = 0.00105, ndl = 3958', bdl = 83816', odl = 7965', odf = 38960', bsi = 1411', cnt = 3221', bdch = 339675', odch = 64802', lcp = 69104', #sols = 150
<DWph=0> <it= 12> <et=153.78> <Mt= 0.03> <Spt= 0.08> <nCl= 68> <al=0.23> <DB= 4153.4478> <Mlp= 4175.1250> <PB=10000000> 
    RCSP exact solver info for graph G_0 : TT = 0.03603, pt = 0.001841, dt = 0.031702, ct = 0.001235, ndl = 4345', bdl = 91104', odl = 8647', odf = 42278', bsi = 1433', cnt = 3979', bdch = 385205', odch = 75316', lcp = 79826', #sols = 147
<DWph=0> <it= 13> <et=153.86> <Mt= 0.01> <Spt= 0.07> <nCl= 56> <al=0.13> <DB= 4160.4864> <Mlp= 4175.1250> <PB=10000000> 
    RCSP exact solver info for graph G_0 : TT = 0.036203, pt = 0.00195, dt = 0.031878, ct = 0.001046, ndl = 4019', bdl = 84978', odl = 8049', odf = 39346', bsi = 1382', cnt = 3123', bdch = 343900', odch = 64116', lcp = 70101', #sols = 150
<DWph=0> <it= 14> <et=153.95> <Mt= 0.02> <Spt= 0.08> <nCl= 63> <al=0.21> <DB= 4172.0017> <Mlp= 4175.1250> <PB=10000000> 
    RCSP exact solver info for graph G_0 : TT = 0.036547, pt = 0.002126, dt = 0.03158, ct = 0.001239, ndl = 4003', bdl = 83761', odl = 7935', odf = 38683', bsi = 1364', cnt = 3052', bdch = 338259', odch = 64351', lcp = 69093', #sols = 150
<DWph=0> <it= 15> <et=154.04> <Mt= 0.01> <Spt= 0.07> <nCl= 38> <al=0.11> <DB= 4173.7066> <Mlp= 4175.1250> <PB=10000000> 
    RCSP exact solver info for graph G_0 : TT = 0.034885, pt = 0.001897, dt = 0.030484, ct = 0.001077, ndl = 3880', bdl = 83406', odl = 7809', odf = 37931', bsi = 1355', cnt = 3344', bdch = 336923', odch = 63750', lcp = 68117', #sols = 150
<DWph=0> <it= 16> <et=154.13> <Mt= 0.01> <Spt= 0.07> <nCl= 41> <al=0.20> <DB= 4174.2092> <Mlp= 4175.1250> <PB=10000000> 
    RCSP exact solver info for graph G_0 : TT = 0.035631, pt = 0.002012, dt = 0.031138, ct = 0.001112, ndl = 3949', bdl = 82013', odl = 7900', odf = 38458', bsi = 1348', cnt = 3244', bdch = 334879', odch = 64232', lcp = 68747', #sols = 150
<DWph=0> <it= 17> <et=154.21> <Mt= 0.01> <Spt= 0.08> <nCl= 50> <al=0.10> <DB= 4174.3025> <Mlp= 4175.1250> <PB=10000000> 
    RCSP exact solver info for graph G_0 : TT = 0.038066, pt = 0.001961, dt = 0.033679, ct = 0.001225, ndl = 4205', bdl = 95094', odl = 8250', odf = 40669', bsi = 1282', cnt = 2941', bdch = 391183', odch = 70661', lcp = 74013', #sols = 150
<DWph=0> <it= 18> <et=154.28> <Mt= 0.01> <Spt= 0.07> <nCl= 13> <al=0.00> <DB= 4173.5170> <Mlp= 4175.1250> <PB=10000000> 
    RCSP exact solver info for graph G_0 : TT = 0.036345, pt = 0.00201, dt = 0.03196, ct = 0.001139, ndl = 4046', bdl = 85679', odl = 8019', odf = 39050', bsi = 1359', cnt = 3132', bdch = 346176', odch = 66955', lcp = 71144', #sols = 146
    RCSP exact solver info for graph G_0 : TT = 0.035293, pt = 0.001938, dt = 0.030725, ct = 0.001266, ndl = 3912', bdl = 83580', odl = 7884', odf = 38624', bsi = 1342', cnt = 2849', bdch = 325981', odch = 58614', lcp = 63561', #sols = 150
<DWph=0> <it= 19> <et=154.42> <Mt= 0.01> <Spt= 0.13> <nCl= 27> <al=0.00> <DB= 4175.1250> <Mlp= 4175.1250> <PB=10000000> 
RCSP solver dynamic params and stats :  bidir.bord. = 526.6 aver.obdmd = 9.53279 aver.buck.num. = 11.123 nbR1C = 49 with avMem = 23.9184
@@ 219 1 4175.12 0.0327307 0.034904 44.8065 154.42
    Full reduced cost fixing is not called (gap ratio is 0.999996)
ColGenEvalAlg final dual bound: 4175.12 (rounded: 4175.12)
False gap improvement since the last cut separation : 0.000119758 (4175.07)
Cut generation tailing off counter increased to 1
Current active cuts : CAP(14,232.107) R1C(4+45,197.782) 1rowPackR1C(4) 3rowPackR1C(30) 4rowPackR1C(12) 5rowPackR1C(3)
23 Rank-1 3-rows pack. cuts added ,  max viol. = 0.5, aver. viol. = 0.413043
Building structures for heuristic rank-1 packing cut separation...done!
9 Rank-1 4-rows pack. cuts added ,  max viol. = 0.5, aver. viol. = 0.444444
100 Rank-1 5-rows pack. cuts added ,  max viol. = 0.5, aver. viol. = 0.295
Shrinking heuristic shrunk 85 edges
----- Add fac. cuts : R1C(132), max.viol = 0.5, aver.viol = 0.473485, sep/add took 0.159909/0.641215 sec. -----
23109 columns (9999 active), 453 dyn. constrs. (198 active), 695 art. vars. (440 active)
<DWph=2> <it=  1> <et=155.41> <Mt= 0.05> <Spt= 0.10> <nCl=  5> <al=0.00> <DB= 4175.1250> <Mlp= 4175.1250> <PB=10000000> 
<DWph=1> <it=  2> <et=155.55> <Mt= 0.00> <Spt= 0.11> <nCl=  0> <al=0.00> <DB= 4175.1250> <Mlp= 4175.1250> <PB=10000000> 
<DWph=0> <it=  3> <et=155.55> <Mt= 0.00> <Spt= 0.00> <nCl=  0> <al=0.30> <DB= 4175.1250> <Mlp= 4175.1250> <PB=10000000> 
@@ 219 2 4175.12 0 0 44.8065 155.55
ColGenEvalAlg final dual bound: 4175.12 (rounded: 4175.12)
False gap improvement since the last cut separation : 4.35673e-15 (4175.12)
Cut generation tailing off counter increased to 2
Current active cuts : CAP(14,232.107) R1C(4+45,197.782) 1rowPackR1C(4) 3rowPackR1C(30) 4rowPackR1C(12) 5rowPackR1C(3)
15 Rank-1 3-rows pack. cuts added ,  max viol. = 0.5, aver. viol. = 0.5
Building structures for heuristic rank-1 packing cut separation...done!
3 Rank-1 4-rows pack. cuts added ,  max viol. = 0.5, aver. viol. = 0.5
47 Rank-1 5-rows pack. cuts added ,  max viol. = 0.5, aver. viol. = 0.276596
Shrinking heuristic shrunk 85 edges
----- Add fac. cuts : R1C(65), max.viol = 0.5, aver.viol = 0.5, sep/add took 0.175767/0.187049 sec. -----
23114 columns (6602 active), 518 dyn. constrs. (263 active), 760 art. vars. (505 active)
<DWph=2> <it=  1> <et=156.05> <Mt= 0.02> <Spt= 0.09> <nCl=  0> <al=0.00> <DB= 4175.1250> <Mlp= 4175.1250> <PB=10000000> 
<DWph=1> <it=  2> <et=156.17> <Mt= 0.00> <Spt= 0.12> <nCl=  0> <al=0.00> <DB= 4175.1250> <Mlp= 4175.1250> <PB=10000000> 
<DWph=0> <it=  3> <et=156.17> <Mt= 0.00> <Spt= 0.00> <nCl=  0> <al=0.30> <DB= 4175.1250> <Mlp= 4175.1250> <PB=10000000> 
@@ 219 3 4175.12 0 0 44.8065 156.17
ColGenEvalAlg final dual bound: 4175.12 (rounded: 4175.12)
False gap improvement since the last cut separation : 4.35673e-15 (4175.12)
----- Cut generation is stopped due to tailing off -----
Current active cuts : CAP(14,232.107) R1C(4+45,197.782) 1rowPackR1C(4) 3rowPackR1C(30) 4rowPackR1C(12) 5rowPackR1C(3)
SB exact phase 3 branch on var x[(119, 36)]_0_14315_0_OspV (lhs=0.0541989) : [4192.4575, 4175.125], tree depth = 1e+12, tree size = 1e+12, score = -0.3176 (h)
SB with phases chosed candidate var x[(119, 36)]_0_14315_0_OspV (lhs=0.0541989)
************************************************************************************************
**** BaB tree node (N° 7, parent N° 5, depth 3, treatOrderId 219)
**** Local DB = 4175.12, global bounds : [ 4175.12 , 1e+07 ], TIME = 0h2m36s40t = 15640
**** 4 open nodes, 22990 columns (6602 active), 395 dyn. constrs. (263 active), 637 art. vars. (505 active)
************************************************************************************************
**** Strong branching phase 1 is started *****
SB phase 1 cand.  1 branch on var x[(94, 46)]_0_11300_0_OspV (lhs=0.5000)  : [ 4175.4062,  4175.4250], score = 0.08 (h)  <et=156.6>
SB phase 1 cand.  2 branch on var x[(0, 26)]_0_3025_0_OspV (lhs=0.5000)    : [ 4175.2214,  4175.2654], score = 0.01      <et=156.77>
SB phase 1 cand.  3 branch on var x[(94, 27)]_0_11281_0_OspV (lhs=0.5000)  : [ 4175.4062,  4175.4250], score = 0.08 (h)  <et=156.98>
SB phase 1 cand.  4 branch on var x[(0, 78)]_0_9317_0_OspV (lhs=0.5000)    : [ 4175.2112,  4175.3250], score = 0.02      <et=157.14>
SB phase 1 cand.  5 branch on var x[(79, 94)]_0_9532_0_OspV (lhs=0.5000)   : [ 4175.4250,  4175.8533], score = 0.22 (h)  <et=157.39>
SB phase 1 cand.  6 branch on var x[(0, 95)]_0_11374_0_OspV (lhs=0.5000)   : [ 4175.1490,  4175.4879], score = 0.01      <et=157.57>
SB phase 1 cand.  7 branch on var x[(49, 79)]_0_5887_0_OspV (lhs=0.5000)   : [ 4175.4250, 448627.1391], score = 133335.60 (h)  <et=157.75>
SB phase 1 cand.  8 branch on var x[(1, 105)]_0_105_0_OspV (lhs=0.5000)    : [ 4175.3533,  4184.3250], score = 2.10      <et=157.98>
SB phase 1 cand.  9 branch on var x[(29, 79)]_0_3467_0_OspV (lhs=0.5000)   : [ 4175.4250, 735886.9537], score = 219513.55 (h)  <et=158.23>
SB phase 1 cand. 10 branch on var x[(1, 7)]_0_7_0_OspV (lhs=0.5000)        : [ 4175.3750,  4175.4750], score = 0.09      <et=158.32>
SB phase 1 cand. 11 branch on var x[(79, 69)]_0_9508_0_OspV (lhs=0.5000)   : [ 4175.4250, 754178.0625], score = 225000.88 (h)  <et=158.55>
SB phase 1 cand. 12 branch on var x[(106, 30)]_0_12736_0_OspV (lhs=0.5000) : [ 4175.1750,  4175.5506], score = 0.02      <et=158.69>
SB phase 1 cand. 13 branch on var x[(31, 120)]_0_3750_0_OspV (lhs=0.5000)  : [ 4175.4250,  4176.2389], score = 0.33 (h)  <et=158.89>
SB phase 1 cand. 14 branch on var x[(12, 7)]_0_1339_0_OspV (lhs=0.5000)    : [ 4175.3533,  4184.3250], score = 2.10      <et=159.03>
SB phase 1 cand. 15 branch on var x[(112, 120)]_0_13551_0_OspV (lhs=0.5000): [ 4175.4250,  4176.2389], score = 0.33 (h)  <et=159.26>
SB phase 1 cand. 16 branch on var x[(19, 78)]_0_2256_0_OspV (lhs=0.5000)   : [ 4175.2833,  4175.3250], score = 0.03      <et=159.43>
SB phase 1 cand. 17 branch on var x[(31, 112)]_0_3742_0_OspV (lhs=0.5000)  : [ 4175.4250,  4176.2389], score = 0.33 (h)  <et=159.64>
SB phase 1 cand. 18 branch on var x[(23, 113)]_0_2775_0_OspV (lhs=0.5000)  : [ 4175.3200,  4175.4125], score = 0.06      <et=159.84>
SB phase 1 cand. 19 branch on var x[(49, 112)]_0_5920_0_OspV (lhs=0.5000)  : [ 4175.4250, 448627.1391], score = 133335.60 (h)  <et=160.05>
SB phase 1 cand. 20 branch on var x[(23, 95)]_0_2757_0_OspV (lhs=0.5000)   : [ 4175.3648,  4175.4250], score = 0.07      <et=160.21>
SB phase 1 cand. 21 branch on var x[(112, 99)]_0_13531_0_OspV (lhs=0.5000) : [ 4175.4250, 448627.1391], score = 133335.60 (h)  <et=160.4>
SB phase 1 cand. 22 branch on var x[(27, 0)]_0_3147_0_OspV (lhs=0.5000)    : [ 4175.1750,  4175.5008], score = 0.02      <et=160.54>
SB phase 1 cand. 23 branch on var x[(106, 99)]_0_12805_0_OspV (lhs=0.5000) : [ 4175.3764,  4175.4250], score = 0.08 (h)  <et=160.72>
SB phase 1 cand. 24 branch on var x[(27, 30)]_0_3176_0_OspV (lhs=0.5000)   : [ 4175.1750,  4175.5008], score = 0.02      <et=160.91>
SB phase 1 cand. 25 branch on var x[(29, 69)]_0_3457_0_OspV (lhs=0.5000)   : [ 4175.4250, 251599.1695], score = 74227.21 (h)  <et=161.11>
SB phase 1 cand. 26 branch on var x[(33, 46)]_0_3918_0_OspV (lhs=0.5000)   : [ 4175.4062,  4175.4250], score = 0.08      <et=161.32>
SB phase 1 cand. 27 branch on var x[(72, 82)]_0_8673_0_OspV (lhs=0.2500)   : [ 4175.3500,  4177.8000], score = 0.60 (h)  <et=161.56>
SB phase 1 cand. 28 branch on var x[(35, 0)]_0_4115_0_OspV (lhs=0.5000)    : [ 4175.2500,  4175.5295], score = 0.05      <et=161.7>
SB phase 1 cand. 29 branch on var x[(33, 94)]_0_3966_0_OspV (lhs=0.5000)   : [ 4175.4250,  4176.0083], score = 0.27 (h)  <et=161.95>
SB phase 1 cand. 30 branch on var x[(46, 0)]_0_5446_0_OspV (lhs=0.5000)    : [ 4175.1750,  4176.0333], score = 0.05      <et=162.12>
SB phase 1 cand. 31 branch on var x[(99, 106)]_0_11964_0_OspV (lhs=0.5000) : [ 4175.4080,  4175.4250], score = 0.08 (h)  <et=162.28>
SB phase 1 cand. 32 branch on var x[(46, 27)]_0_5473_0_OspV (lhs=0.5000)   : [ 4175.1750,  4176.0333], score = 0.05      <et=162.48>
SB phase 1 cand. 33 branch on var x[(0, 106)]_0_12705_0_OspV (lhs=0.5000)  : [ 4175.3764,  4175.4250], score = 0.08 (h)  <et=162.65>
SB phase 1 cand. 34 branch on var x[(55, 23)]_0_6558_0_OspV (lhs=0.5000)   : [ 4175.2727,  4175.4250], score = 0.04      <et=162.75>
SB phase 1 cand. 35 branch on var x[(99, 10)]_0_11869_0_OspV (lhs=0.2500)  : [ 4175.2553,  4176.9000], score = 0.23 (h)  <et=162.98>
SB phase 1 cand. 36 branch on var x[(55, 26)]_0_6561_0_OspV (lhs=0.5000)   : [ 4175.1492,  4175.7023], score = 0.01      <et=163.15>
SB phase 1 cand. 37 branch on var x[(72, 22)]_0_8614_0_OspV (lhs=0.2500)   : [ 4175.3288,  4176.9000], score = 0.36 (h)  <et=163.35>
SB phase 1 cand. 38 branch on var x[(7, 33)]_0_759_0_OspV (lhs=0.5000)     : [ 4175.3750,  4184.3250], score = 2.30      <et=163.55>
SB phase 1 cand. 39 branch on var x[(28, 37)]_0_3304_0_OspV (lhs=0.2500)   : [ 4175.2447,  4177.0143], score = 0.23 (h)  <et=163.77>
SB phase 1 cand. 40 branch on var x[(72, 0)]_0_8592_0_OspV (lhs=0.5000)    : [ 4175.2159,  4175.3500], score = 0.02      <et=163.87>
SB phase 1 cand. 41 branch on var x[(12, 33)]_0_1364_0_OspV (lhs=0.5000)   : [ 4175.4250,  4177.4233], score = 0.69 (h)  <et=164.02>
SB phase 1 cand. 42 branch on var x[(82, 75)]_0_9877_0_OspV (lhs=0.5000)   : [ 4175.2204,  4175.3500], score = 0.02      <et=164.16>
SB phase 1 cand. 43 branch on var x[(0, 19)]_0_2178_0_OspV (lhs=0.5000)    : [ 4175.2833,  4175.3250], score = 0.03 (h)  <et=164.32>
SB phase 1 cand. 44 branch on var x[(96, 22)]_0_11518_0_OspV (lhs=0.5000)  : [ 4175.3500,  4175.3500], score = 0.05      <et=164.4>
SB phase 1 cand. 45 branch on var x[(7, 105)]_0_831_0_OspV (lhs=0.5000)    : [ 4175.4250,  4177.0939], score = 0.59 (h)  <et=164.58>
SB phase 1 cand. 46 branch on var x[(97, 113)]_0_11729_0_OspV (lhs=0.5000) : [ 4175.3533,  4175.3750], score = 0.06      <et=164.72>
SB phase 1 cand. 47 branch on var x[(96, 81)]_0_11577_0_OspV (lhs=0.5000)  : [ 4175.2500,  4176.0500], score = 0.12 (h)  <et=164.87>
SB phase 1 cand. 48 branch on var x[(97, 23)]_0_11640_0_OspV (lhs=0.5000)  : [ 4175.3667,  4175.3750], score = 0.06      <et=165.06>
SB phase 1 cand. 49 branch on var x[(28, 10)]_0_3278_0_OspV (lhs=0.7500)   : [ 4175.2716,  4176.5917], score = 0.21 (h)  <et=165.31>
SB phase 1 cand. 50 branch on var x[(0, 109)]_0_13068_0_OspV (lhs=0.7500)  : [ 4175.1333,  4175.7387], score = 0.01      <et=165.54>
**** Strong branching phase 2 is started *****
#######<DWph=1> <it= 41> <et=168.21> <Mt= 0.96> <Spt= 1.68> <nCl=781> <al=0.00> <DB= 4175.9000> <Mlp= 4175.9000> <PB=10000000> 
<DWph=1> <it=  4> <et=168.74> <Mt= 0.02> <Spt= 0.29> <nCl= 46> <al=0.00> <DB= 4175.4250> <Mlp= 4175.4250> <PB=10000000> 
SB phase 2 cand.  1 branch on var x[(79, 69)]_0_9508_0_OspV (lhs=0.5000) : [ 4175.4250,  4175.9000], score = 0.23 (h)  <et=168.77>
########<DWph=1> <it= 48> <et=172.02> <Mt= 0.92> <Spt= 2.20> <nCl=871> <al=0.00> <DB= 4175.9000> <Mlp= 4175.9000> <PB=10000000> 
<DWph=1> <it=  2> <et=172.30> <Mt= 0.01> <Spt= 0.15> <nCl= 16> <al=0.00> <DB= 4175.4250> <Mlp= 4175.4250> <PB=10000000> 
SB phase 2 cand.  2 branch on var x[(29, 79)]_0_3467_0_OspV (lhs=0.5000) : [ 4175.4250,  4175.9000], score = 0.23 (h)  <et=172.33>
#######<DWph=1> <it= 39> <et=174.95> <Mt= 0.65> <Spt= 1.86> <nCl=843> <al=0.00> <DB= 4175.7234> <Mlp= 4175.7234> <PB=10000000> 
<DWph=1> <it=  4> <et=175.33> <Mt= 0.02> <Spt= 0.23> <nCl= 12> <al=0.00> <DB= 4175.4250> <Mlp= 4175.4250> <PB=10000000> 
SB phase 2 cand.  3 branch on var x[(49, 112)]_0_5920_0_OspV (lhs=0.5000): [ 4175.4250,  4175.7234], score = 0.18 (h)  <et=175.35>
**** Strong branching phase 3 is started *****
**** SB phase 3 evaluation of candidate 1, branch 1 ( x[(29, 79)]_0_3467_0_OspV >= 1 ), value = 4175.9
<DWph=2> <it=  1> <et=175.58> <Mt= 0.00> <Spt= 0.07> <nCl= 19> <al=0.00> <DB= 4175.9000> <Mlp= 4175.9000> <PB=10000000> 
<DWph=1> <it=  2> <et=175.66> <Mt= 0.00> <Spt= 0.08> <nCl= 11> <al=0.00> <DB= 4175.9000> <Mlp= 4175.9000> <PB=10000000> 
    RCSP exact solver info for graph G_0 : TT = 0.040128, pt = 0.001824, dt = 0.035873, ct = 0.001162, ndl = 3515', bdl = 77877', odl = 7147', odf = 35081', bsi = 1265', cnt = 2183', bdch = 288784', odch = 50825', lcp = 60328', #sols = 150
<DWph=0> <it=  3> <et=175.74> <Mt= 0.00> <Spt= 0.07> <nCl= 89> <al=0.30> <DB= 3569.2109> <Mlp= 4175.9000> <PB=10000000> 
    RCSP exact solver info for graph G_0 : TT = 0.040374, pt = 0.002133, dt = 0.035841, ct = 0.001019, ndl = 3572', bdl = 79529', odl = 7091', odf = 35080', bsi = 1379', cnt = 2192', bdch = 294358', odch = 50812', lcp = 60689', #sols = 150
<DWph=0> <it=  4> <et=175.88> <Mt= 0.08> <Spt= 0.06> <nCl= 42> <al=0.37> <DB= 4012.4016> <Mlp= 4175.9000> <PB=10000000> 
    RCSP exact solver info for graph G_0 : TT = 0.040894, pt = 0.002107, dt = 0.03608, ct = 0.001264, ndl = 4104', bdl = 90509', odl = 7577', odf = 37493', bsi = 1276', cnt = 2187', bdch = 363683', odch = 65294', lcp = 73182', #sols = 150
<DWph=0> <it=  5> <et=176.04> <Mt= 0.08> <Spt= 0.08> <nCl=100> <al=0.27> <DB= 4165.5938> <Mlp= 4175.9000> <PB=10000000> 
    RCSP exact solver info for graph G_0 : TT = 0.040862, pt = 0.00231, dt = 0.035872, ct = 0.001209, ndl = 3926', bdl = 86233', odl = 7379', odf = 36749', bsi = 1325', cnt = 2141', bdch = 331076', odch = 57848', lcp = 67731', #sols = 150
<DWph=0> <it=  6> <et=176.17> <Mt= 0.07> <Spt= 0.07> <nCl= 65> <al=0.17> <DB= 4169.4186> <Mlp= 4175.9000> <PB=10000000> 
    RCSP exact solver info for graph G_0 : TT = 0.051577, pt = 0.002078, dt = 0.045396, ct = 0.002799, ndl = 7902', bdl = 156847', odl = 7838', odf = 40694', bsi = 2735', cnt = 2746', bdch = 836205', odch = 60006', lcp = 139765', #sols = 150
<DWph=0> <it=  7> <et=176.38> <Mt= 0.13> <Spt= 0.08> <nCl=150> <al=0.25> <DB=-6454004844.7169> <Mlp= 4175.7451> <PB=10000000> 
    RCSP exact solver info for graph G_0 : TT = 0.044477, pt = 0.001881, dt = 0.039041, ct = 0.002252, ndl = 6944', bdl = 137122', odl = 8095', odf = 40560', bsi = 2139', cnt = 1321', bdch = 660103', odch = 88841', lcp = 139934', #sols = 150
<DWph=0> <it=  8> <et=176.51> <Mt= 0.03> <Spt= 0.10> <nCl=150> <al=0.33> <DB=-2904286088.8454> <Mlp= 4175.7451> <PB=10000000> 
    RCSP exact solver info for graph G_0 : TT = 0.040129, pt = 0.002607, dt = 0.034896, ct = 0.001274, ndl = 5493', bdl = 104091', odl = 8272', odf = 43470', bsi = 1606', cnt = 1312', bdch = 531412', odch = 115426', lcp = 127057', #sols = 150
<DWph=0> <it=  9> <et=176.64> <Mt= 0.03> <Spt= 0.09> <nCl=150> <al=0.39> <DB=-7934.2553> <Mlp= 4175.7451> <PB=10000000> 
    RCSP exact solver info for graph G_0 : TT = 0.037416, pt = 0.002094, dt = 0.032815, ct = 0.001145, ndl = 4630', bdl = 88400', odl = 7399', odf = 39424', bsi = 1627', cnt = 4591', bdch = 413413', odch = 85270', lcp = 96282', #sols = 150
<DWph=0> <it= 10> <et=176.74> <Mt= 0.01> <Spt= 0.09> <nCl=150> <al=0.46> <DB=-1859.2589> <Mlp= 4175.7451> <PB=10000000> 
    RCSP exact solver info for graph G_0 : TT = 0.037527, pt = 0.002315, dt = 0.032976, ct = 0.000951, ndl = 4463', bdl = 88879', odl = 7565', odf = 37452', bsi = 1697', cnt = 2360', bdch = 398763', odch = 78029', lcp = 89858', #sols = 150
<DWph=0> <it= 11> <et=176.85> <Mt= 0.02> <Spt= 0.09> <nCl=150> <al=0.51> <DB=-5138.6109> <Mlp= 4175.7451> <PB=10000000> 
    RCSP exact solver info for graph G_0 : TT = 0.039202, pt = 0.001914, dt = 0.034856, ct = 0.001203, ndl = 4429', bdl = 86445', odl = 7747', odf = 39807', bsi = 1414', cnt = 4066', bdch = 390310', odch = 77837', lcp = 88012', #sols = 150
<DWph=0> <it= 12> <et=176.96> <Mt= 0.03> <Spt= 0.08> <nCl= 53> <al=0.56> <DB= 4036.7458> <Mlp= 4175.7451> <PB=10000000> 
    RCSP exact solver info for graph G_0 : TT = 0.037921, pt = 0.002039, dt = 0.03334, ct = 0.001214, ndl = 4180', bdl = 87300', odl = 7379', odf = 37524', bsi = 1458', cnt = 3440', bdch = 359946', odch = 62532', lcp = 76753', #sols = 150
<DWph=0> <it= 13> <et=177.17> <Mt= 0.13> <Spt= 0.08> <nCl= 72> <al=0.60> <DB= 3180.1995> <Mlp= 4175.6500> <PB=10000000> 
    RCSP exact solver info for graph G_0 : TT = 0.038777, pt = 0.002135, dt = 0.033898, ct = 0.001275, ndl = 3805', bdl = 81348', odl = 6825', odf = 34640', bsi = 1366', cnt = 2511', bdch = 312602', odch = 51945', lcp = 64640', #sols = 150
<DWph=0> <it= 14> <et=177.37> <Mt= 0.15> <Spt= 0.06> <nCl= 36> <al=0.64> <DB= 4171.6450> <Mlp= 4175.6500> <PB=10000000> 
    RCSP exact solver info for graph G_0 : TT = 0.037612, pt = 0.00233, dt = 0.032756, ct = 0.001141, ndl = 3902', bdl = 83959', odl = 7070', odf = 35727', bsi = 1442', cnt = 2858', bdch = 332841', odch = 57211', lcp = 69046', #sols = 150
    RCSP exact solver info for graph G_0 : TT = 0.041241, pt = 0.002028, dt = 0.036245, ct = 0.001611, ndl = 4119', bdl = 85226', odl = 7230', odf = 36716', bsi = 1360', cnt = 3419', bdch = 351653', odch = 62350', lcp = 73457', #sols = 150
<DWph=0> <it= 15> <et=177.52> <Mt= 0.04> <Spt= 0.11> <nCl= 59> <al=0.09> <DB= 3879.4877> <Mlp= 4175.6000> <PB=10000000> 
    RCSP exact solver info for graph G_0 : TT = 0.041168, pt = 0.002563, dt = 0.035868, ct = 0.001264, ndl = 4020', bdl = 85789', odl = 7030', odf = 35496', bsi = 1345', cnt = 2738', bdch = 341273', odch = 58417', lcp = 70061', #sols = 150
    RCSP exact solver info for graph G_0 : TT = 0.040033, pt = 0.002064, dt = 0.035037, ct = 0.001388, ndl = 4178', bdl = 84085', odl = 7379', odf = 37045', bsi = 1355', cnt = 3250', bdch = 345558', odch = 63395', lcp = 70830', #sols = 150
<DWph=0> <it= 16> <et=177.79> <Mt= 0.14> <Spt= 0.12> <nCl= 99> <al=0.00> <DB= 4075.2049> <Mlp= 4175.6000> <PB=10000000> 
    RCSP exact solver info for graph G_0 : TT = 0.040982, pt = 0.002212, dt = 0.035994, ct = 0.00142, ndl = 4300', bdl = 89941', odl = 7578', odf = 37848', bsi = 1380', cnt = 3400', bdch = 375391', odch = 68278', lcp = 78008', #sols = 150
<DWph=0> <it= 17> <et=178.01> <Mt= 0.16> <Spt= 0.06> <nCl= 25> <al=0.34> <DB= 4175.0258> <Mlp= 4175.6000> <PB=10000000> 
    RCSP exact solver info for graph G_0 : TT = 0.040749, pt = 0.002356, dt = 0.035761, ct = 0.001077, ndl = 3931', bdl = 84289', odl = 7107', odf = 35505', bsi = 1292', cnt = 2800', bdch = 337099', odch = 59601', lcp = 69316', #sols = 150
    RCSP exact solver info for graph G_0 : TT = 0.038895, pt = 0.001682, dt = 0.034948, ct = 0.001068, ndl = 3906', bdl = 87431', odl = 7653', odf = 37430', bsi = 1318', cnt = 2961', bdch = 342868', odch = 63318', lcp = 67025', #sols = 150
<DWph=0> <it= 18> <et=178.17> <Mt= 0.01> <Spt= 0.15> <nCl=149> <al=0.00> <DB= 4175.5448> <Mlp= 4175.6000> <PB=10000000> 
    RCSP exact solver info for graph G_0 : TT = 0.038454, pt = 0.001925, dt = 0.033964, ct = 0.001106, ndl = 3850', bdl = 83439', odl = 7468', odf = 36650', bsi = 1309', cnt = 2917', bdch = 314480', odch = 59556', lcp = 63540', #sols = 150
    RCSP exact solver info for graph G_0 : TT = 0.039774, pt = 0.002117, dt = 0.035087, ct = 0.001139, ndl = 3799', bdl = 82531', odl = 7733', odf = 37854', bsi = 1322', cnt = 2885', bdch = 319117', odch = 58887', lcp = 64751', #sols = 150
<DWph=0> <it= 19> <et=178.30> <Mt= 0.01> <Spt= 0.12> <nCl=136> <al=0.00> <DB= 4175.6000> <Mlp= 4175.6000> <PB=10000000> 
RCSP solver dynamic params and stats :  bidir.bord. = 530.6 aver.obdmd = 9.53279 aver.buck.num. = 11.123 nbR1C = 48 with avMem = 23.6667
@@ 326 0 4175.6 0.0368821 0.048195 48.7555 178.3
    Full reduced cost fixing is not called (gap ratio is 0.999996)
ColGenEvalAlg final dual bound: 4175.6 (rounded: 4175.6)
Current active cuts : CAP(12,248.578) R1C(4+44,206.978) 1rowPackR1C(4) 3rowPackR1C(30) 4rowPackR1C(11) 5rowPackR1C(3)
Building structures for heuristic rank-1 packing cut separation...done!
In total 15 RCC cut(s) are found by the connected components heuristic 
Shrinking heuristic shrunk 102 edges
In total 19 RCC cut(s) are found by the Fractional capacity min-cut heuristic 
In total 38 RCC cut(s) are found by the global pool greedy search heuristic 
----- Add fac. cuts : CAP(72), max.viol = 1, aver.viol = 0.638889, sep/add took 0.186901/1.43642 sec. -----
25548 columns (9178 active), 451 dyn. constrs. (138 active), 697 art. vars. (380 active)
<DWph=2> <it=  1> <et=180.22> <Mt= 0.16> <Spt= 0.10> <nCl= 28> <al=0.00> <DB= 4173.0493> <Mlp= 4176.3833> <PB=10000000> 
<DWph=2> <it=  2> <et=180.34> <Mt= 0.02> <Spt= 0.10> <nCl= 34> <al=0.00> <DB= 4176.3833> <Mlp= 4176.3833> <PB=10000000> 
<DWph=1> <it=  3> <et=180.45> <Mt= 0.00> <Spt= 0.10> <nCl= 24> <al=0.00> <DB= 4176.3833> <Mlp= 4176.3833> <PB=10000000> 
    RCSP exact solver info for graph G_0 : TT = 0.038194, pt = 0.001798, dt = 0.034227, ct = 0.000922, ndl = 3519', bdl = 77779', odl = 7340', odf = 34994', bsi = 1209', cnt = 2586', bdch = 293522', odch = 52849', lcp = 60502', #sols = 150
<DWph=0> <it=  4> <et=180.52> <Mt= 0.01> <Spt= 0.07> <nCl= 34> <al=0.20> <DB= 4175.1833> <Mlp= 4176.3833> <PB=10000000> 
    RCSP exact solver info for graph G_0 : TT = 0.037717, pt = 0.001732, dt = 0.033614, ct = 0.00114, ndl = 3763', bdl = 86054', odl = 7412', odf = 35634', bsi = 1249', cnt = 2604', bdch = 334758', odch = 59463', lcp = 66445', #sols = 150
    RCSP exact solver info for graph G_0 : TT = 0.036881, pt = 0.001773, dt = 0.032719, ct = 0.001056, ndl = 3822', bdl = 88703', odl = 7633', odf = 36608', bsi = 1270', cnt = 2587', bdch = 361370', odch = 64050', lcp = 71481', #sols = 150
<DWph=0> <it=  5> <et=180.68> <Mt= 0.02> <Spt= 0.14> <nCl=172> <al=0.00> <DB= 4176.3833> <Mlp= 4176.3833> <PB=10000000> 
RCSP solver dynamic params and stats :  bidir.bord. = 530.6 aver.obdmd = 9.53279 aver.buck.num. = 11.123 nbR1C = 43 with avMem = 22.7907
@@ 326 1 4176.38 0.0345593 0.035149 48.7555 180.68
    Full reduced cost fixing is not called (gap ratio is 0.999996)
ColGenEvalAlg final dual bound: 4176.38 (rounded: 4176.38)
False gap improvement since the last cut separation : 0.00187598 (4175.6)
Separator R1C not in maximum phase
Cut generation tailing off counter increased to 0
Current active cuts : CAP(14,283.798) R1C(4+39,201.612) 1rowPackR1C(4) 3rowPackR1C(26) 4rowPackR1C(11) 5rowPackR1C(2)
82 Rank-1 3-rows pack. cuts added ,  max viol. = 0.333333, aver. viol. = 0.251016
Building structures for heuristic rank-1 packing cut separation...done!
34 Rank-1 4-rows pack. cuts added ,  max viol. = 0.333333, aver. viol. = 0.272059
100 Rank-1 5-rows pack. cuts added ,  max viol. = 0.333333, aver. viol. = 0.248333
Shrinking heuristic shrunk 86 edges
In total 5 RCC cut(s) are found by the Fractional capacity min-cut heuristic 
In total 23 RCC cut(s) are found by the global pool greedy search heuristic 
----- Add fac. cuts : CAP(28) R1C(216), max.viol = 0.333333, aver.viol = 0.282104, sep/add took 0.192323/1.48756 sec. -----
25840 columns (9470 active), 695 dyn. constrs. (308 active), 941 art. vars. (550 active)
<DWph=2> <it=  1> <et=182.74> <Mt= 0.28> <Spt= 0.07> <nCl= 27> <al=0.50> <DB= 4173.7850> <Mlp= 4177.0366> <PB=10000000> 
<DWph=2> <it=  2> <et=182.81> <Mt= 0.02> <Spt= 0.05> <nCl= 13> <al=0.55> <DB= 4176.5821> <Mlp= 4177.0292> <PB=10000000> 
<DWph=2> <it=  3> <et=182.93> <Mt= 0.01> <Spt= 0.11> <nCl= 26> <al=0.19> <DB= 4175.8938> <Mlp= 4177.0292> <PB=10000000> 
<DWph=2> <it=  4> <et=183.04> <Mt= 0.00> <Spt= 0.11> <nCl= 23> <al=0.00> <DB= 4177.0292> <Mlp= 4177.0292> <PB=10000000> 
<DWph=1> <it=  5> <et=183.11> <Mt= 0.01> <Spt= 0.06> <nCl= 24> <al=0.40> <DB= 4164.3740> <Mlp= 4177.0292> <PB=10000000> 
<DWph=1> <it=  6> <et=183.17> <Mt= 0.00> <Spt= 0.06> <nCl=  6> <al=0.46> <DB= 4171.2606> <Mlp= 4177.0216> <PB=10000000> 
<DWph=1> <it=  7> <et=183.30> <Mt= 0.01> <Spt= 0.11> <nCl= 21> <al=0.00> <DB= 4177.0162> <Mlp= 4177.0162> <PB=10000000> 
    RCSP exact solver info for graph G_0 : TT = 0.036311, pt = 0.00173, dt = 0.032029, ct = 0.001122, ndl = 3711', bdl = 85268', odl = 7563', odf = 36178', bsi = 1443', cnt = 2787', bdch = 326322', odch = 57766', lcp = 64660', #sols = 150
<DWph=0> <it=  8> <et=183.40> <Mt= 0.00> <Spt= 0.10> <nCl=118> <al=0.26> <DB= 4168.7297> <Mlp= 4177.0162> <PB=10000000> 
    RCSP exact solver info for graph G_0 : TT = 0.037364, pt = 0.001763, dt = 0.033035, ct = 0.001195, ndl = 3796', bdl = 87879', odl = 7716', odf = 37893', bsi = 1454', cnt = 2487', bdch = 340722', odch = 59691', lcp = 66427', #sols = 150
<DWph=0> <it=  9> <et=183.53> <Mt= 0.04> <Spt= 0.09> <nCl=106> <al=0.33> <DB= 4173.9832> <Mlp= 4176.9391> <PB=10000000> 
    RCSP exact solver info for graph G_0 : TT = 0.037884, pt = 0.00187, dt = 0.033812, ct = 0.000937, ndl = 3838', bdl = 88843', odl = 7627', odf = 37747', bsi = 1487', cnt = 2966', bdch = 344004', odch = 59661', lcp = 67745', #sols = 150
<DWph=0> <it= 10> <et=183.63> <Mt= 0.02> <Spt= 0.09> <nCl= 68> <al=0.23> <DB= 4176.2480> <Mlp= 4176.9243> <PB=10000000> 
    RCSP exact solver info for graph G_0 : TT = 0.038298, pt = 0.001882, dt = 0.033992, ct = 0.001052, ndl = 4037', bdl = 95155', odl = 8089', odf = 39886', bsi = 1496', cnt = 3070', bdch = 385596', odch = 67571', lcp = 78187', #sols = 150
<DWph=0> <it= 11> <et=183.72> <Mt= 0.00> <Spt= 0.08> <nCl= 44> <al=0.13> <DB= 4176.4589> <Mlp= 4176.9243> <PB=10000000> 
    RCSP exact solver info for graph G_0 : TT = 0.03974, pt = 0.001843, dt = 0.035508, ct = 0.001107, ndl = 3788', bdl = 88824', odl = 7740', odf = 38157', bsi = 1463', cnt = 2577', bdch = 341279', odch = 58870', lcp = 67695', #sols = 150
    RCSP exact solver info for graph G_0 : TT = 0.040106, pt = 0.001919, dt = 0.035561, ct = 0.001234, ndl = 3469', bdl = 77669', odl = 7184', odf = 35291', bsi = 1351', cnt = 2499', bdch = 286767', odch = 50067', lcp = 56075', #sols = 142
<DWph=0> <it= 12> <et=183.87> <Mt= 0.01> <Spt= 0.15> <nCl= 59> <al=0.00> <DB= 4176.9242> <Mlp= 4176.9242> <PB=10000000> 
RCSP solver dynamic params and stats :  bidir.bord. = 530.6 aver.obdmd = 9.53279 aver.buck.num. = 11.123 nbR1C = 45 with avMem = 23.7778
@@ 326 2 4176.92 0.0350973 0.036795 48.7555 183.87
    Full reduced cost fixing is not called (gap ratio is 0.999996)
ColGenEvalAlg final dual bound: 4176.92 (rounded: 4176.92)
False gap improvement since the last cut separation : 0.00129508 (4176.38)
Cut generation tailing off counter increased to 1
Current active cuts : CAP(18,288.148) R1C(4+41,201.32) 1rowPackR1C(4) 3rowPackR1C(26) 4rowPackR1C(11) 5rowPackR1C(4)
5 Rank-1 1-rows pack. cuts added ,  max viol. = 0.13037, aver. viol. = 0.0610963
150 Rank-1 3-rows pack. cuts added ,  max viol. = 0.168889, aver. viol. = 0.0697719
Building structures for heuristic rank-1 packing cut separation...done!
100 Rank-1 4-rows pack. cuts added ,  max viol. = 0.10963, aver. viol. = 0.0418993
100 Rank-1 5-rows pack. cuts added ,  max viol. = 0.112, aver. viol. = 0.0688918
Shrinking heuristic shrunk 41 edges
In total 17 RCC cut(s) are found by the global pool greedy search heuristic 
----- Add fac. cuts : CAP(17) R1C(355), max.viol = 0.237333, aver.viol = 0.0742987, sep/add took 0.496472/2.06027 sec. -----
26375 columns (10005 active), 1000 dyn. constrs. (439 active), 1313 art. vars. (681 active)
<DWph=2> <it=  1> <et=186.99> <Mt= 0.20> <Spt= 0.10> <nCl= 28> <al=0.00> <DB= 4176.6123> <Mlp= 4177.7249> <PB=10000000> 
<DWph=2> <it=  2> <et=187.05> <Mt= 0.01> <Spt= 0.05> <nCl= 10> <al=0.40> <DB= 4177.4363> <Mlp= 4177.7246> <PB=10000000> 
<DWph=2> <it=  3> <et=187.11> <Mt= 0.02> <Spt= 0.04> <nCl=  3> <al=0.46> <DB= 4177.4581> <Mlp= 4177.7167> <PB=10000000> 
<DWph=2> <it=  4> <et=187.17> <Mt= 0.02> <Spt= 0.05> <nCl=  3> <al=0.51> <DB= 4177.3919> <Mlp= 4177.7167> <PB=10000000> 
<DWph=2> <it=  5> <et=187.33> <Mt= 0.00> <Spt= 0.14> <nCl= 25> <al=0.00> <DB= 4177.2885> <Mlp= 4177.7167> <PB=10000000> 
<DWph=2> <it=  6> <et=187.43> <Mt= 0.02> <Spt= 0.10> <nCl= 15> <al=0.00> <DB= 4177.2436> <Mlp= 4177.7167> <PB=10000000> 
<DWph=2> <it=  7> <et=187.53> <Mt= 0.00> <Spt= 0.09> <nCl= 15> <al=0.00> <DB= 4177.2412> <Mlp= 4177.7167> <PB=10000000> 
<DWph=2> <it=  8> <et=187.62> <Mt= 0.01> <Spt= 0.08> <nCl= 14> <al=0.00> <DB= 4177.7167> <Mlp= 4177.7167> <PB=10000000> 
<DWph=1> <it=  9> <et=187.68> <Mt= 0.00> <Spt= 0.06> <nCl= 30> <al=0.16> <DB= 4168.0603> <Mlp= 4177.7167> <PB=10000000> 
<DWph=1> <it= 10> <et=187.93> <Mt= 0.19> <Spt= 0.06> <nCl= 26> <al=0.25> <DB= 4167.2015> <Mlp= 4177.7144> <PB=10000000> 
<DWph=1> <it= 11> <et=188.08> <Mt= 0.04> <Spt= 0.10> <nCl= 41> <al=0.00> <DB= 4175.8455> <Mlp= 4177.6864> <PB=10000000> 
<DWph=1> <it= 12> <et=188.14> <Mt= 0.01> <Spt= 0.06> <nCl= 22> <al=0.22> <DB= 4175.8455> <Mlp= 4177.6864> <PB=10000000> 
<DWph=1> <it= 13> <et=188.25> <Mt= 0.01> <Spt= 0.10> <nCl= 31> <al=0.00> <DB= 4177.6864> <Mlp= 4177.6864> <PB=10000000> 
    RCSP exact solver info for graph G_0 : TT = 0.03992, pt = 0.00215, dt = 0.035294, ct = 0.001046, ndl = 3567', bdl = 79966', odl = 7100', odf = 34275', bsi = 1304', cnt = 2756', bdch = 298084', odch = 55512', lcp = 57552', #sols = 150
<DWph=0> <it= 14> <et=188.38> <Mt= 0.00> <Spt= 0.12> <nCl=150> <al=0.02> <DB= 3885.9457> <Mlp= 4177.6864> <PB=10000000> 
    RCSP exact solver info for graph G_0 : TT = 0.044851, pt = 0.003414, dt = 0.037833, ct = 0.001821, ndl = 4758', bdl = 103227', odl = 8300', odf = 41021', bsi = 1540', cnt = 5301', bdch = 453604', odch = 86405', lcp = 89523', #sols = 150
<DWph=0> <it= 15> <et=188.75> <Mt= 0.25> <Spt= 0.13> <nCl=150> <al=0.00> <DB= 4168.4571> <Mlp= 4177.5680> <PB=10000000> 
    RCSP exact solver info for graph G_0 : TT = 0.042748, pt = 0.003645, dt = 0.035965, ct = 0.001429, ndl = 4287', bdl = 96339', odl = 7661', odf = 37342', bsi = 1442', cnt = 4963', bdch = 396292', odch = 71729', lcp = 75633', #sols = 150
<DWph=0> <it= 16> <et=189.19> <Mt= 0.30> <Spt= 0.13> <nCl=149> <al=0.03> <DB= 4174.0930> <Mlp= 4177.4000> <PB=10000000> 
    RCSP exact solver info for graph G_0 : TT = 0.045434, pt = 0.003873, dt = 0.038691, ct = 0.001279, ndl = 4539', bdl = 102622', odl = 8003', odf = 39343', bsi = 1410', cnt = 5089', bdch = 442902', odch = 81093', lcp = 84157', #sols = 150
    RCSP exact solver info for graph G_0 : TT = 0.042152, pt = 0.002149, dt = 0.037233, ct = 0.00105, ndl = 3962', bdl = 89923', odl = 7351', odf = 35773', bsi = 1299', cnt = 3221', bdch = 338734', odch = 59512', lcp = 64250', #sols = 150
<DWph=0> <it= 17> <et=189.75> <Mt= 0.31> <Spt= 0.25> <nCl=274> <al=0.00> <DB= 4177.4000> <Mlp= 4177.4000> <PB=10000000> 
RCSP solver dynamic params and stats :  bidir.bord. = 530.6 aver.obdmd = 9.53279 aver.buck.num. = 11.123 nbR1C = 58 with avMem = 28.2069
@@ 326 3 4177.4 0.0383282 0.03997 48.7555 189.75
    Full reduced cost fixing is not called (gap ratio is 0.999996)
ColGenEvalAlg final dual bound: 4177.4 (rounded: 4177.4)
False gap improvement since the last cut separation : 0.0011391 (4176.92)
Cut generation tailing off counter increased to 2
Current active cuts : CAP(18,315.753) R1C(5+53,205.075) 1rowPackR1C(5) 3rowPackR1C(37) 4rowPackR1C(12) 5rowPackR1C(4)
Building structures for heuristic rank-1 packing cut separation...done!
32 Rank-1 5-rows pack. cuts added ,  max viol. = 0.25, aver. viol. = 0.25
In total 5 RCC cut(s) are found by the connected components heuristic 
Shrinking heuristic shrunk 97 edges
In total 9 RCC cut(s) are found by the Fractional capacity min-cut heuristic 
In total 2 RCC cut(s) are found by the greedy construction heuristic 
In total 47 RCC cut(s) are found by the global pool greedy search heuristic 
----- Add fac. cuts : CAP(63) R1C(32), max.viol = 1, aver.viol = 0.531579, sep/add took 0.192196/1.27588 sec. -----
25679 columns (7589 active), 860 dyn. constrs. (237 active), 1408 art. vars. (479 active)
<DWph=2> <it=  1> <et=191.73> <Mt= 0.34> <Spt= 0.05> <nCl= 19> <al=0.50> <DB= 4176.9667> <Mlp= 4177.5833> <PB=10000000> 
<DWph=2> <it=  2> <et=191.92> <Mt= 0.12> <Spt= 0.06> <nCl=  9> <al=0.55> <DB= 4176.9564> <Mlp= 4177.5714> <PB=10000000> 
<DWph=2> <it=  3> <et=192.24> <Mt= 0.16> <Spt= 0.16> <nCl= 32> <al=0.00> <DB= 4176.4143> <Mlp= 4177.5714> <PB=10000000> 
<DWph=2> <it=  4> <et=192.54> <Mt= 0.20> <Spt= 0.11> <nCl=  8> <al=0.00> <DB= 4177.5556> <Mlp= 4177.5556> <PB=10000000> 
<DWph=1> <it=  5> <et=192.67> <Mt= 0.01> <Spt= 0.11> <nCl= 16> <al=0.00> <DB= 4177.5556> <Mlp= 4177.5556> <PB=10000000> 
    RCSP exact solver info for graph G_0 : TT = 0.03903, pt = 0.002365, dt = 0.034196, ct = 0.001154, ndl = 3965', bdl = 87659', odl = 7677', odf = 38202', bsi = 1387', cnt = 3581', bdch = 363809', odch = 65167', lcp = 70387', #sols = 150
<DWph=0> <it=  6> <et=192.76> <Mt= 0.00> <Spt= 0.09> <nCl= 86> <al=0.30> <DB= 4174.8710> <Mlp= 4177.5556> <PB=10000000> 
    RCSP exact solver info for graph G_0 : TT = 0.040203, pt = 0.002439, dt = 0.03519, ct = 0.001265, ndl = 4069', bdl = 89802', odl = 7679', odf = 37724', bsi = 1448', cnt = 4433', bdch = 369580', odch = 67597', lcp = 74017', #sols = 150
<DWph=0> <it=  7> <et=193.04> <Mt= 0.20> <Spt= 0.09> <nCl= 74> <al=0.20> <DB= 4177.0035> <Mlp= 4177.5200> <PB=10000000> 
    RCSP exact solver info for graph G_0 : TT = 0.041557, pt = 0.002716, dt = 0.036278, ct = 0.001081, ndl = 4428', bdl = 92107', odl = 7834', odf = 39524', bsi = 1438', cnt = 4503', bdch = 407203', odch = 77406', lcp = 84335', #sols = 150
<DWph=0> <it=  8> <et=193.24> <Mt= 0.10> <Spt= 0.09> <nCl= 59> <al=0.10> <DB= 4177.3861> <Mlp= 4177.5200> <PB=10000000> 
    RCSP exact solver info for graph G_0 : TT = 0.039383, pt = 0.002512, dt = 0.034198, ct = 0.001302, ndl = 4151', bdl = 83551', odl = 7516', odf = 37776', bsi = 1431', cnt = 4337', bdch = 366918', odch = 68810', lcp = 76989', #sols = 150
    RCSP exact solver info for graph G_0 : TT = 0.037372, pt = 0.001737, dt = 0.033191, ct = 0.001077, ndl = 4103', bdl = 86818', odl = 7287', odf = 35952', bsi = 1435', cnt = 4122', bdch = 357635', odch = 67167', lcp = 70551', #sols = 150
<DWph=0> <it=  9> <et=193.62> <Mt= 0.17> <Spt= 0.21> <nCl=199> <al=0.00> <DB= 4177.5167> <Mlp= 4177.5167> <PB=10000000> 
RCSP solver dynamic params and stats :  bidir.bord. = 525.2 aver.obdmd = 9.53279 aver.buck.num. = 11.123 nbR1C = 55 with avMem = 25.6
@@ 326 4 4177.52 0.0357864 0.037359 48.7555 193.62
    Full reduced cost fixing is not called (gap ratio is 0.999996)
ColGenEvalAlg final dual bound: 4177.52 (rounded: 4177.52)
False gap improvement since the last cut separation : 0.000279281 (4177.4)
----- Cut generation is stopped due to tailing off -----
Current active cuts : CAP(18,315.343) R1C(5+50,204.188) 1rowPackR1C(5) 3rowPackR1C(34) 4rowPackR1C(11) 5rowPackR1C(5)
**** SB phase 3 evaluation of candidate 1, branch 2 ( x[(29, 79)]_0_3467_0_OspV <= 0 ), value = 4175.43
<DWph=2> <it=  1> <et=194.36> <Mt= 0.17> <Spt= 0.05> <nCl= 30> <al=0.50> <DB=-5039964834.3386> <Mlp= 4175.4250> <PB=10000000> 
<DWph=2> <it=  2> <et=194.50> <Mt= 0.09> <Spt= 0.05> <nCl= 30> <al=0.55> <DB=-3239947154.4832> <Mlp= 4175.4250> <PB=10000000> 
<DWph=2> <it=  3> <et=194.67> <Mt= 0.13> <Spt= 0.04> <nCl= 30> <al=0.60> <DB=-2915966713.0870> <Mlp= 4175.4250> <PB=10000000> 
<DWph=2> <it=  4> <et=194.83> <Mt= 0.11> <Spt= 0.04> <nCl= 30> <al=0.64> <DB=-3845.9358> <Mlp= 4175.4250> <PB=10000000> 
<DWph=2> <it=  5> <et=194.96> <Mt= 0.09> <Spt= 0.04> <nCl= 30> <al=0.67> <DB=-5056.4946> <Mlp= 4175.4250> <PB=10000000> 
<DWph=2> <it=  6> <et=195.09> <Mt= 0.09> <Spt= 0.04> <nCl= 30> <al=0.70> <DB=  690.1154> <Mlp= 4175.4250> <PB=10000000> 
<DWph=2> <it=  7> <et=195.22> <Mt= 0.09> <Spt= 0.05> <nCl= 18> <al=0.73> <DB= 2824.8814> <Mlp= 4175.4250> <PB=10000000> 
<DWph=2> <it=  8> <et=195.37> <Mt= 0.10> <Spt= 0.04> <nCl= 17> <al=0.76> <DB= 4172.0876> <Mlp= 4175.4250> <PB=10000000> 
<DWph=2> <it=  9> <et=195.52> <Mt= 0.08> <Spt= 0.08> <nCl=  6> <al=0.57> <DB= 3709.3839> <Mlp= 4175.4250> <PB=10000000> 
<DWph=1> <it= 10> <et=195.71> <Mt= 0.09> <Spt= 0.09> <nCl= 37> <al=0.37> <DB= 2931.1390> <Mlp= 4175.4250> <PB=10000000> 
<DWph=1> <it= 11> <et=195.88> <Mt= 0.06> <Spt= 0.11> <nCl= 40> <al=0.17> <DB= 1167.0873> <Mlp= 4175.4250> <PB=10000000> 
<DWph=1> <it= 12> <et=196.00> <Mt= 0.07> <Spt= 0.04> <nCl= 17> <al=0.48> <DB= 3815.5786> <Mlp= 4175.4250> <PB=10000000> 
<DWph=1> <it= 13> <et=196.18> <Mt= 0.09> <Spt= 0.09> <nCl= 21> <al=0.07> <DB= 3921.6216> <Mlp= 4175.4250> <PB=10000000> 
<DWph=1> <it= 14> <et=196.34> <Mt= 0.07> <Spt= 0.09> <nCl= 13> <al=0.00> <DB= 4174.4478> <Mlp= 4175.4250> <PB=10000000> 
    RCSP exact solver info for graph G_0 : TT = 0.04321, pt = 0.002582, dt = 0.037936, ct = 0.001471, ndl = 4144', bdl = 88653', odl = 8143', odf = 41572', bsi = 1331', cnt = 2752', bdch = 346423', odch = 68038', lcp = 66775', #sols = 150
<DWph=0> <it= 15> <et=196.44> <Mt= 0.02> <Spt= 0.09> <nCl=150> <al=0.34> <DB= 1633.8242> <Mlp= 4175.4250> <PB=10000000> 
    RCSP exact solver info for graph G_0 : TT = 0.041102, pt = 0.002493, dt = 0.036285, ct = 0.001105, ndl = 4081', bdl = 81371', odl = 8474', odf = 43802', bsi = 1518', cnt = 3793', bdch = 354785', odch = 77957', lcp = 76403', #sols = 150
<DWph=0> <it= 16> <et=196.63> <Mt= 0.10> <Spt= 0.09> <nCl=109> <al=0.40> <DB= 3433.8690> <Mlp= 4175.4250> <PB=10000000> 
    RCSP exact solver info for graph G_0 : TT = 0.040237, pt = 0.002506, dt = 0.035306, ct = 0.001183, ndl = 3879', bdl = 78664', odl = 8017', odf = 41523', bsi = 1475', cnt = 3060', bdch = 316348', odch = 63462', lcp = 65570', #sols = 150
<DWph=0> <it= 17> <et=196.82> <Mt= 0.11> <Spt= 0.07> <nCl= 32> <al=0.30> <DB= 4017.3068> <Mlp= 4175.4250> <PB=10000000> 
    RCSP exact solver info for graph G_0 : TT = 0.041722, pt = 0.002441, dt = 0.036815, ct = 0.001242, ndl = 4085', bdl = 83191', odl = 8441', odf = 44233', bsi = 1453', cnt = 3133', bdch = 345654', odch = 67610', lcp = 71060', #sols = 128
<DWph=0> <it= 18> <et=196.97> <Mt= 0.09> <Spt= 0.07> <nCl= 39> <al=0.20> <DB= 4170.7851> <Mlp= 4175.4250> <PB=10000000> 
    RCSP exact solver info for graph G_0 : TT = 0.043584, pt = 0.002716, dt = 0.038267, ct = 0.001176, ndl = 3748', bdl = 77250', odl = 7625', odf = 39773', bsi = 1340', cnt = 2626', bdch = 300456', odch = 58811', lcp = 61025', #sols = 150
    RCSP exact solver info for graph G_0 : TT = 0.03866, pt = 0.001892, dt = 0.033662, ct = 0.001559, ndl = 3869', bdl = 79361', odl = 8355', odf = 43823', bsi = 1429', cnt = 2930', bdch = 330170', odch = 64680', lcp = 66601', #sols = 150
<DWph=0> <it= 19> <et=197.16> <Mt= 0.05> <Spt= 0.13> <nCl=124> <al=0.00> <DB= 4175.4250> <Mlp= 4175.4250> <PB=10000000> 
RCSP solver dynamic params and stats :  bidir.bord. = 511.3 aver.obdmd = 9.53279 aver.buck.num. = 11.123 nbR1C = 48 with avMem = 24.875
@@ 327 0 4175.42 0.0376678 0.039443 48.7555 197.16
    Full reduced cost fixing is not called (gap ratio is 0.999996)
ColGenEvalAlg final dual bound: 4175.42 (rounded: 4175.42)
Current active cuts : CAP(11,214.465) R1C(4+44,187.09) 1rowPackR1C(4) 3rowPackR1C(27) 4rowPackR1C(12) 5rowPackR1C(5)
Building structures for heuristic rank-1 packing cut separation...done!
In total 6 RCC cut(s) are found by the connected components heuristic 
Shrinking heuristic shrunk 99 edges
In total 1 RCC cut(s) are found by the shrinking heuristic 
In total 16 RCC cut(s) are found by the Fractional capacity min-cut heuristic 
In total 48 RCC cut(s) are found by the global pool greedy search heuristic 
----- Add fac. cuts : CAP(71), max.viol = 1, aver.viol = 0.711268, sep/add took 0.229098/1.33799 sec. -----
25288 columns (7421 active), 528 dyn. constrs. (160 active), 770 art. vars. (402 active)
<DWph=2> <it=  1> <et=198.97> <Mt= 0.15> <Spt= 0.06> <nCl= 20> <al=0.50> <DB= 3083.4127> <Mlp= 4179.5846> <PB=10000000> 
<DWph=2> <it=  2> <et=199.07> <Mt= 0.05> <Spt= 0.06> <nCl= 21> <al=0.55> <DB= 3942.3779> <Mlp= 4179.5846> <PB=10000000> 
<DWph=2> <it=  3> <et=199.18> <Mt= 0.04> <Spt= 0.06> <nCl= 23> <al=0.60> <DB= 2858.9614> <Mlp= 4179.5846> <PB=10000000> 
<DWph=2> <it=  4> <et=199.27> <Mt= 0.04> <Spt= 0.05> <nCl= 21> <al=0.64> <DB= 2908.9660> <Mlp= 4179.5846> <PB=10000000> 
<DWph=2> <it=  5> <et=199.39> <Mt= 0.06> <Spt= 0.06> <nCl= 24> <al=0.67> <DB= 3164.7610> <Mlp= 4179.5417> <PB=10000000> 
<DWph=2> <it=  6> <et=199.49> <Mt= 0.04> <Spt= 0.06> <nCl= 16> <al=0.70> <DB= 3464.5039> <Mlp= 4178.8778> <PB=10000000> 
<DWph=2> <it=  7> <et=199.67> <Mt= 0.11> <Spt= 0.07> <nCl= 16> <al=0.73> <DB= 4173.8772> <Mlp= 4177.2500> <PB=10000000> 
<DWph=2> <it=  8> <et=199.84> <Mt= 0.12> <Spt= 0.05> <nCl= 17> <al=0.76> <DB= 4175.0005> <Mlp= 4177.2500> <PB=10000000> 
<DWph=2> <it=  9> <et=199.89> <Mt= 0.00> <Spt= 0.05> <nCl= 11> <al=0.78> <DB= 4175.4304> <Mlp= 4177.2500> <PB=10000000> 
<DWph=2> <it= 10> <et=199.96> <Mt= 0.02> <Spt= 0.06> <nCl=  4> <al=0.81> <DB= 4175.7239> <Mlp= 4177.2500> <PB=10000000> 
<DWph=2> <it= 11> <et=200.24> <Mt= 0.11> <Spt= 0.15> <nCl= 14> <al=0.30> <DB= 4170.1556> <Mlp= 4176.7500> <PB=10000000> 
<DWph=2> <it= 12> <et=200.47> <Mt= 0.08> <Spt= 0.16> <nCl= 11> <al=0.00> <DB= 4135.9744> <Mlp= 4176.7500> <PB=10000000> 
<DWph=2> <it= 13> <et=200.73> <Mt= 0.10> <Spt= 0.16> <nCl=  8> <al=0.00> <DB= 4176.7500> <Mlp= 4176.7500> <PB=10000000> 
<DWph=1> <it= 14> <et=200.79> <Mt= 0.00> <Spt= 0.05> <nCl= 10> <al=0.53> <DB= 4104.7953> <Mlp= 4176.7500> <PB=10000000> 
<DWph=1> <it= 15> <et=201.00> <Mt= 0.10> <Spt= 0.12> <nCl= 17> <al=0.00> <DB= 4176.7500> <Mlp= 4176.7500> <PB=10000000> 
    RCSP exact solver info for graph G_0 : TT = 0.037398, pt = 0.001722, dt = 0.033261, ct = 0.00108, ndl = 3791', bdl = 74387', odl = 7755', odf = 40367', bsi = 1403', cnt = 3092', bdch = 295705', odch = 59682', lcp = 60790', #sols = 150
<DWph=0> <it= 16> <et=201.09> <Mt= 0.01> <Spt= 0.07> <nCl=105> <al=0.33> <DB= 3382.6716> <Mlp= 4176.7500> <PB=10000000> 
    RCSP exact solver info for graph G_0 : TT = 0.03843, pt = 0.001813, dt = 0.034301, ct = 0.001075, ndl = 3801', bdl = 76898', odl = 8088', odf = 41414', bsi = 1356', cnt = 3094', bdch = 314099', odch = 61467', lcp = 64533', #sols = 142
<DWph=0> <it= 17> <et=201.29> <Mt= 0.13> <Spt= 0.08> <nCl= 59> <al=0.39> <DB= 3864.6020> <Mlp= 4176.7500> <PB=10000000> 
    RCSP exact solver info for graph G_0 : TT = 0.039599, pt = 0.001776, dt = 0.035147, ct = 0.001441, ndl = 3860', bdl = 77007', odl = 8082', odf = 41262', bsi = 1400', cnt = 3344', bdch = 314624', odch = 63743', lcp = 65351', #sols = 140
RCSP solver WARNING : the best solution could not be retrieved
RCSP solver WARNING : the best solution could not be retrieved
    RCSP exact solver info for graph G_0 : TT = 0.039008, pt = 0.001975, dt = 0.034439, ct = 0.001287, ndl = 3527', bdl = 70216', odl = 7759', odf = 39497', bsi = 1352', cnt = 2922', bdch = 275321', odch = 56308', lcp = 57967', #sols = 146
<DWph=0> <it= 18> <et=201.53> <Mt= 0.10> <Spt= 0.14> <nCl= 98> <al=0.00> <DB= 4176.7500> <Mlp= 4176.7500> <PB=10000000> 
RCSP solver dynamic params and stats :  bidir.bord. = 511.3 aver.obdmd = 9.53279 aver.buck.num. = 11.123 nbR1C = 46 with avMem = 25.1304
@@ 327 1 4176.75 0.0355078 0.036588 48.7555 201.53
    Full reduced cost fixing is not called (gap ratio is 0.999996)
ColGenEvalAlg final dual bound: 4176.75 (rounded: 4176.75)
False gap improvement since the last cut separation : 0.00317333 (4175.42)
Separator R1C not in maximum phase
Cut generation tailing off counter increased to 0
Current active cuts : CAP(9,187.501) R1C(4+42,190.613) 1rowPackR1C(4) 3rowPackR1C(26) 4rowPackR1C(11) 5rowPackR1C(5)
Building structures for heuristic rank-1 packing cut separation...done!
In total 17 RCC cut(s) are found by the connected components heuristic 
Shrinking heuristic shrunk 106 edges
In total 16 RCC cut(s) are found by the Fractional capacity min-cut heuristic 
In total 57 RCC cut(s) are found by the global pool greedy search heuristic 
----- Add fac. cuts : CAP(90), max.viol = 1, aver.viol = 0.677778, sep/add took 0.202386/1.80283 sec. -----
25783 columns (7916 active), 618 dyn. constrs. (158 active), 860 art. vars. (400 active)
<DWph=2> <it=  1> <et=203.83> <Mt= 0.18> <Spt= 0.08> <nCl= 22> <al=0.50> <DB= 3847.6298> <Mlp= 4178.0645> <PB=10000000> 
<DWph=2> <it=  2> <et=203.93> <Mt= 0.02> <Spt= 0.07> <nCl= 15> <al=0.55> <DB= 3997.8699> <Mlp= 4177.9391> <PB=10000000> 
<DWph=2> <it=  3> <et=204.02> <Mt= 0.02> <Spt= 0.08> <nCl= 11> <al=0.60> <DB= 4107.7778> <Mlp= 4177.8409> <PB=10000000> 
<DWph=2> <it=  4> <et=204.12> <Mt= 0.03> <Spt= 0.07> <nCl=  4> <al=0.64> <DB= 4175.3448> <Mlp= 4177.5667> <PB=10000000> 
<DWph=2> <it=  5> <et=204.20> <Mt= 0.01> <Spt= 0.07> <nCl=  3> <al=0.67> <DB= 4175.7103> <Mlp= 4177.5667> <PB=10000000> 
<DWph=2> <it=  6> <et=204.42> <Mt= 0.00> <Spt= 0.21> <nCl= 13> <al=0.00> <DB= 4069.8074> <Mlp= 4177.5667> <PB=10000000> 
<DWph=2> <it=  7> <et=204.64> <Mt= 0.01> <Spt= 0.22> <nCl=  1> <al=0.00> <DB= 4177.5667> <Mlp= 4177.5667> <PB=10000000> 
<DWph=1> <it=  8> <et=204.72> <Mt= 0.00> <Spt= 0.08> <nCl= 10> <al=0.50> <DB= 3759.4198> <Mlp= 4177.5667> <PB=10000000> 
<DWph=1> <it=  9> <et=204.81> <Mt= 0.01> <Spt= 0.08> <nCl=  4> <al=0.40> <DB= 4001.1449> <Mlp= 4177.5133> <PB=10000000> 
<DWph=1> <it= 10> <et=204.90> <Mt= 0.01> <Spt= 0.07> <nCl=  4> <al=0.30> <DB= 4123.7634> <Mlp= 4177.5122> <PB=10000000> 
<DWph=1> <it= 11> <et=205.06> <Mt= 0.00> <Spt= 0.16> <nCl=  3> <al=0.00> <DB= 4177.5111> <Mlp= 4177.5111> <PB=10000000> 
    RCSP exact solver info for graph G_0 : TT = 0.038711, pt = 0.001795, dt = 0.03456, ct = 0.001092, ndl = 4145', bdl = 83137', odl = 7926', odf = 40695', bsi = 1567', cnt = 3593', bdch = 353729', odch = 69382', lcp = 74184', #sols = 150
<DWph=0> <it= 12> <et=205.18> <Mt= 0.01> <Spt= 0.11> <nCl=150> <al=0.10> <DB= 3402.3817> <Mlp= 4177.5111> <PB=10000000> 
    RCSP exact solver info for graph G_0 : TT = 0.039135, pt = 0.001697, dt = 0.034806, ct = 0.001173, ndl = 4142', bdl = 87357', odl = 8124', odf = 41039', bsi = 1453', cnt = 3346', bdch = 376251', odch = 70340', lcp = 76905', #sols = 150
<DWph=0> <it= 13> <et=205.33> <Mt= 0.04> <Spt= 0.11> <nCl= 80> <al=0.00> <DB= 3710.0518> <Mlp= 4177.3460> <PB=10000000> 
    RCSP exact solver info for graph G_0 : TT = 0.038418, pt = 0.001637, dt = 0.034404, ct = 0.001175, ndl = 3881', bdl = 85085', odl = 7666', odf = 38484', bsi = 1337', cnt = 2742', bdch = 340096', odch = 58676', lcp = 65719', #sols = 150
<DWph=0> <it= 14> <et=205.46> <Mt= 0.01> <Spt= 0.12> <nCl= 86> <al=0.00> <DB= 3672.1688> <Mlp= 4177.3371> <PB=10000000> 
    RCSP exact solver info for graph G_0 : TT = 0.045266, pt = 0.001969, dt = 0.040604, ct = 0.001465, ndl = 3848', bdl = 80185', odl = 7579', odf = 39194', bsi = 1449', cnt = 2905', bdch = 316337', odch = 58364', lcp = 64388', #sols = 150
<DWph=0> <it= 15> <et=205.72> <Mt= 0.15> <Spt= 0.11> <nCl=150> <al=0.01> <DB= 1767.2424> <Mlp= 4176.9000> <PB=10000000> 
    RCSP exact solver info for graph G_0 : TT = 0.042415, pt = 0.00197, dt = 0.037878, ct = 0.001299, ndl = 4421', bdl = 90245', odl = 8059', odf = 41374', bsi = 1555', cnt = 3631', bdch = 388555', odch = 71380', lcp = 79144', #sols = 150
<DWph=0> <it= 16> <et=205.92> <Mt= 0.10> <Spt= 0.10> <nCl=150> <al=0.11> <DB= 3100.0637> <Mlp= 4176.9000> <PB=10000000> 
    RCSP exact solver info for graph G_0 : TT = 0.041929, pt = 0.002304, dt = 0.035595, ct = 0.001664, ndl = 4260', bdl = 90789', odl = 7931', odf = 40619', bsi = 1541', cnt = 3410', bdch = 378819', odch = 67691', lcp = 75445', #sols = 150
<DWph=0> <it= 17> <et=206.11> <Mt= 0.09> <Spt= 0.10> <nCl= 68> <al=0.20> <DB= 4172.2064> <Mlp= 4176.9000> <PB=10000000> 
    RCSP exact solver info for graph G_0 : TT = 0.043119, pt = 0.002121, dt = 0.037838, ct = 0.001846, ndl = 4510', bdl = 93184', odl = 8205', odf = 41380', bsi = 1555', cnt = 3552', bdch = 404157', odch = 73263', lcp = 82578', #sols = 150
<DWph=0> <it= 18> <et=206.26> <Mt= 0.04> <Spt= 0.11> <nCl= 58> <al=0.10> <DB= 4175.9640> <Mlp= 4176.9000> <PB=10000000> 
    RCSP exact solver info for graph G_0 : TT = 0.039512, pt = 0.001978, dt = 0.035019, ct = 0.00124, ndl = 4187', bdl = 87306', odl = 7733', odf = 39647', bsi = 1457', cnt = 3148', bdch = 361108', odch = 64458', lcp = 75113', #sols = 150
<DWph=0> <it= 19> <et=206.43> <Mt= 0.08> <Spt= 0.10> <nCl= 51> <al=0.00> <DB= 4175.5122> <Mlp= 4176.9000> <PB=10000000> 
    RCSP exact solver info for graph G_0 : TT = 0.039167, pt = 0.002175, dt = 0.034336, ct = 0.001194, ndl = 3932', bdl = 84870', odl = 7764', odf = 39283', bsi = 1414', cnt = 2698', bdch = 339619', odch = 60649', lcp = 68909', #sols = 150
<DWph=0> <it= 20> <et=206.61> <Mt= 0.08> <Spt= 0.08> <nCl= 34> <al=0.10> <DB= 4176.3389> <Mlp= 4176.9000> <PB=10000000> 
    RCSP exact solver info for graph G_0 : TT = 0.044701, pt = 0.002104, dt = 0.039447, ct = 0.001537, ndl = 4111', bdl = 91179', odl = 7842', odf = 39970', bsi = 1526', cnt = 2836', bdch = 366322', odch = 64866', lcp = 72546', #sols = 150
<DWph=0> <it= 21> <et=206.81> <Mt= 0.09> <Spt= 0.11> <nCl= 93> <al=0.00> <DB= 4176.0007> <Mlp= 4176.9000> <PB=10000000> 
    RCSP exact solver info for graph G_0 : TT = 0.041258, pt = 0.001889, dt = 0.037004, ct = 0.001157, ndl = 4227', bdl = 83046', odl = 8101', odf = 41902', bsi = 1411', cnt = 3284', bdch = 370507', odch = 75435', lcp = 80694', #sols = 150
<DWph=0> <it= 22> <et=206.93> <Mt= 0.02> <Spt= 0.11> <nCl= 25> <al=0.10> <DB= 4176.0546> <Mlp= 4176.9000> <PB=10000000> 
    RCSP exact solver info for graph G_0 : TT = 0.041682, pt = 0.002088, dt = 0.036054, ct = 0.001665, ndl = 4193', bdl = 87164', odl = 8033', odf = 41475', bsi = 1512', cnt = 3189', bdch = 361830', odch = 72249', lcp = 75605', #sols = 150
    RCSP exact solver info for graph G_0 : TT = 0.040427, pt = 0.001998, dt = 0.035245, ct = 0.001652, ndl = 4087', bdl = 71979', odl = 7971', odf = 41675', bsi = 1372', cnt = 3365', bdch = 311014', odch = 68071', lcp = 70843', #sols = 144
<DWph=0> <it= 23> <et=207.21> <Mt= 0.08> <Spt= 0.20> <nCl= 58> <al=0.00> <DB= 4176.8500> <Mlp= 4176.8500> <PB=10000000> 
RCSP solver dynamic params and stats :  bidir.bord. = 506.8 aver.obdmd = 9.53279 aver.buck.num. = 11.123 nbR1C = 49 with avMem = 24.9388
@@ 327 2 4176.85 0.0377653 0.042069 48.7555 207.21
    Full reduced cost fixing is not called (gap ratio is 0.999996)
ColGenEvalAlg final dual bound: 4176.85 (rounded: 4176.85)
False gap improvement since the last cut separation : 0.000239421 (4176.75)
Separator R1C not in maximum phase
Cut generation tailing off counter increased to 0
Current active cuts : CAP(12,199.104) R1C(4+45,200.213) 1rowPackR1C(4) 3rowPackR1C(28) 4rowPackR1C(11) 5rowPackR1C(6)
24 Rank-1 3-rows pack. cuts added ,  max viol. = 0.5, aver. viol. = 0.5
Building structures for heuristic rank-1 packing cut separation...done!
5 Rank-1 4-rows pack. cuts added ,  max viol. = 0.5, aver. viol. = 0.5
100 Rank-1 5-rows pack. cuts added ,  max viol. = 0.5, aver. viol. = 0.3025
In total 12 RCC cut(s) are found by the connected components heuristic 
Shrinking heuristic shrunk 102 edges
In total 25 RCC cut(s) are found by the Fractional capacity min-cut heuristic 
In total 6 RCC cut(s) are found by the greedy construction heuristic 
In total 60 RCC cut(s) are found by the global pool greedy search heuristic 
----- Add fac. cuts : CAP(100) R1C(129), max.viol = 1, aver.viol = 0.598253, sep/add took 0.251807/2.68604 sec. -----
26876 columns (9009 active), 778 dyn. constrs. (298 active), 1089 art. vars. (540 active)
<DWph=2> <it=  1> <et=210.53> <Mt= 0.13> <Spt= 0.08> <nCl=  5> <al=0.50> <DB= 4176.3776> <Mlp= 4177.2552> <PB=10000000> 
<DWph=2> <it=  2> <et=210.62> <Mt= 0.01> <Spt= 0.09> <nCl=  4> <al=0.55> <DB= 4176.4249> <Mlp= 4177.2552> <PB=10000000> 
<DWph=2> <it=  3> <et=210.72> <Mt= 0.01> <Spt= 0.08> <nCl=  2> <al=0.60> <DB= 4176.4655> <Mlp= 4177.2506> <PB=10000000> 
<DWph=2> <it=  4> <et=210.98> <Mt= 0.02> <Spt= 0.24> <nCl= 11> <al=0.00> <DB= 4177.2467> <Mlp= 4177.2467> <PB=10000000> 
<DWph=1> <it=  5> <et=211.07> <Mt= 0.00> <Spt= 0.09> <nCl= 10> <al=0.54> <DB= 4175.8967> <Mlp= 4177.2467> <PB=10000000> 
<DWph=1> <it=  6> <et=211.24> <Mt= 0.01> <Spt= 0.16> <nCl=  0> <al=0.00> <DB= 4177.2467> <Mlp= 4177.2467> <PB=10000000> 
    RCSP exact solver info for graph G_0 : TT = 0.038104, pt = 0.001719, dt = 0.034147, ct = 0.001006, ndl = 3934', bdl = 71164', odl = 7288', odf = 37951', bsi = 1397', cnt = 3056', bdch = 298716', odch = 62300', lcp = 66610', #sols = 150
<DWph=0> <it=  7> <et=211.36> <Mt= 0.01> <Spt= 0.11> <nCl= 48> <al=0.34> <DB= 4175.2085> <Mlp= 4177.2467> <PB=10000000> 
    RCSP exact solver info for graph G_0 : TT = 0.039747, pt = 0.002033, dt = 0.035535, ct = 0.001031, ndl = 3849', bdl = 74178', odl = 7139', odf = 36948', bsi = 1371', cnt = 2864', bdch = 300917', odch = 54339', lcp = 63927', #sols = 150
<DWph=0> <it=  8> <et=211.50> <Mt= 0.01> <Spt= 0.13> <nCl= 39> <al=0.40> <DB= 4175.8832> <Mlp= 4177.2241> <PB=10000000> 
    RCSP exact solver info for graph G_0 : TT = 0.038608, pt = 0.00195, dt = 0.034314, ct = 0.001086, ndl = 3834', bdl = 75990', odl = 7223', odf = 36983', bsi = 1398', cnt = 2650', bdch = 310112', odch = 55777', lcp = 66299', #sols = 150
<DWph=0> <it=  9> <et=211.62> <Mt= 0.02> <Spt= 0.10> <nCl= 14> <al=0.46> <DB= 4175.8704> <Mlp= 4177.2095> <PB=10000000> 
    RCSP exact solver info for graph G_0 : TT = 0.037847, pt = 0.001921, dt = 0.033165, ct = 0.001316, ndl = 3813', bdl = 74280', odl = 7013', odf = 36348', bsi = 1409', cnt = 2815', bdch = 296961', odch = 54023', lcp = 62777', #sols = 147
<DWph=0> <it= 10> <et=211.76> <Mt= 0.04> <Spt= 0.10> <nCl= 31> <al=0.36> <DB= 4176.2662> <Mlp= 4177.1924> <PB=10000000> 
    RCSP exact solver info for graph G_0 : TT = 0.040014, pt = 0.002036, dt = 0.035269, ct = 0.001273, ndl = 3870', bdl = 76803', odl = 7182', odf = 37020', bsi = 1433', cnt = 2902', bdch = 305153', odch = 55292', lcp = 63332', #sols = 147
<DWph=0> <it= 11> <et=211.94> <Mt= 0.07> <Spt= 0.10> <nCl= 34> <al=0.26> <DB= 4176.9377> <Mlp= 4177.1757> <PB=10000000> 
    RCSP exact solver info for graph G_0 : TT = 0.041412, pt = 0.002175, dt = 0.036636, ct = 0.001258, ndl = 3910', bdl = 77324', odl = 7253', odf = 37461', bsi = 1369', cnt = 2911', bdch = 312022', odch = 56937', lcp = 65052', #sols = 144
<DWph=0> <it= 12> <et=212.06> <Mt= 0.01> <Spt= 0.12> <nCl= 49> <al=0.34> <DB= 4177.0589> <Mlp= 4177.1757> <PB=10000000> 
    RCSP exact solver info for graph G_0 : TT = 0.039427, pt = 0.001987, dt = 0.035152, ct = 0.001051, ndl = 3925', bdl = 78819', odl = 7292', odf = 37546', bsi = 1366', cnt = 3043', bdch = 316551', odch = 57343', lcp = 65647', #sols = 143
    RCSP exact solver info for graph G_0 : TT = 0.041194, pt = 0.002039, dt = 0.036634, ct = 0.001171, ndl = 3953', bdl = 77885', odl = 7415', odf = 38535', bsi = 1419', cnt = 3082', bdch = 318107', odch = 60182', lcp = 65437', #sols = 138
<DWph=0> <it= 13> <et=212.30> <Mt= 0.01> <Spt= 0.22> <nCl= 97> <al=0.00> <DB= 4177.1757> <Mlp= 4177.1757> <PB=10000000> 
RCSP solver dynamic params and stats :  bidir.bord. = 517.5 aver.obdmd = 9.53279 aver.buck.num. = 11.123 nbR1C = 52 with avMem = 24.3846
@@ 327 3 4177.18 0.0362555 0.037894 48.7555 212.3
    Full reduced cost fixing is not called (gap ratio is 0.999996)
ColGenEvalAlg final dual bound: 4177.18 (rounded: 4177.18)
False gap improvement since the last cut separation : 0.000779842 (4176.85)
Cut generation tailing off counter increased to 1
Current active cuts : CAP(13,206.634) R1C(4+48,198.206) 1rowPackR1C(4) 3rowPackR1C(29) 4rowPackR1C(11) 5rowPackR1C(8)
1 Rank-1 1-rows pack. cuts added ,  max viol. = 0.0582524, aver. viol. = 0.0582524
150 Rank-1 3-rows pack. cuts added ,  max viol. = 0.291262, aver. viol. = 0.0894498
Building structures for heuristic rank-1 packing cut separation...done!
66 Rank-1 4-rows pack. cuts added ,  max viol. = 0.291262, aver. viol. = 0.100029
100 Rank-1 5-rows pack. cuts added ,  max viol. = 0.291262, aver. viol. = 0.18568
Shrinking heuristic shrunk 66 edges
In total 9 RCC cut(s) are found by the Fractional capacity min-cut heuristic 
In total 15 RCC cut(s) are found by the greedy construction heuristic 
In total 46 RCC cut(s) are found by the global pool greedy search heuristic 
----- Add fac. cuts : CAP(70) R1C(317), max.viol = 0.805825, aver.viol = 0.159053, sep/add took 0.350542/2.70337 sec. -----
27220 columns (9353 active), 1079 dyn. constrs. (456 active), 1476 art. vars. (698 active)
<DWph=2> <it=  1> <et=215.94> <Mt= 0.30> <Spt= 0.08> <nCl=  7> <al=0.50> <DB= 4178.2129> <Mlp= 4179.2500> <PB=10000000> 
<DWph=2> <it=  2> <et=216.03> <Mt= 0.01> <Spt= 0.08> <nCl= 10> <al=0.55> <DB= 4178.6796> <Mlp= 4179.2500> <PB=10000000> 
<DWph=2> <it=  3> <et=216.30> <Mt= 0.03> <Spt= 0.23> <nCl= 26> <al=0.00> <DB= 4178.3500> <Mlp= 4179.2500> <PB=10000000> 
<DWph=2> <it=  4> <et=216.41> <Mt= 0.03> <Spt= 0.08> <nCl= 10> <al=0.50> <DB= 4178.3591> <Mlp= 4179.2500> <PB=10000000> 
<DWph=2> <it=  5> <et=216.52> <Mt= 0.03> <Spt= 0.08> <nCl=  8> <al=0.55> <DB= 4178.8764> <Mlp= 4179.2500> <PB=10000000> 
<DWph=2> <it=  6> <et=217.04> <Mt= 0.27> <Spt= 0.24> <nCl= 33> <al=0.00> <DB= 4176.6541> <Mlp= 4179.2500> <PB=10000000> 
<DWph=2> <it=  7> <et=217.49> <Mt= 0.30> <Spt= 0.16> <nCl= 10> <al=0.00> <DB= 4179.2500> <Mlp= 4179.2500> <PB=10000000> 
<DWph=1> <it=  8> <et=217.58> <Mt= 0.00> <Spt= 0.08> <nCl=  4> <al=0.39> <DB= 4178.5525> <Mlp= 4179.2500> <PB=10000000> 
<DWph=1> <it=  9> <et=218.03> <Mt= 0.29> <Spt= 0.16> <nCl= 11> <al=0.00> <DB= 4179.2500> <Mlp= 4179.2500> <PB=10000000> 
    RCSP exact solver info for graph G_0 : TT = 0.042429, pt = 0.002407, dt = 0.037097, ct = 0.001453, ndl = 4097', bdl = 81461', odl = 8499', odf = 44142', bsi = 1515', cnt = 3735', bdch = 354478', odch = 67209', lcp = 71885', #sols = 128
<DWph=0> <it= 10> <et=218.18> <Mt= 0.01> <Spt= 0.14> <nCl= 86> <al=0.35> <DB= 4178.2375> <Mlp= 4179.2500> <PB=10000000> 
    RCSP exact solver info for graph G_0 : TT = 0.041807, pt = 0.002633, dt = 0.036648, ct = 0.001184, ndl = 4146', bdl = 86862', odl = 8503', odf = 44319', bsi = 1408', cnt = 3660', bdch = 371238', odch = 68877', lcp = 72067', #sols = 150
<DWph=0> <it= 11> <et=218.62> <Mt= 0.30> <Spt= 0.14> <nCl= 80> <al=0.42> <DB= 4178.3500> <Mlp= 4179.2500> <PB=10000000> 
    RCSP exact solver info for graph G_0 : TT = 0.046328, pt = 0.003107, dt = 0.040323, ct = 0.001287, ndl = 4236', bdl = 90935', odl = 8544', odf = 43824', bsi = 1407', cnt = 3624', bdch = 393990', odch = 76777', lcp = 78484', #sols = 147
<DWph=0> <it= 12> <et=219.03> <Mt= 0.27> <Spt= 0.15> <nCl= 92> <al=0.32> <DB= 4171.0971> <Mlp= 4179.2500> <PB=10000000> 
    RCSP exact solver info for graph G_0 : TT = 0.043194, pt = 0.002891, dt = 0.037856, ct = 0.001107, ndl = 4059', bdl = 88944', odl = 8190', odf = 41722', bsi = 1423', cnt = 3350', bdch = 367553', odch = 67753', lcp = 72089', #sols = 144
<DWph=0> <it= 13> <et=219.46> <Mt= 0.29> <Spt= 0.13> <nCl= 47> <al=0.39> <DB= 4178.6965> <Mlp= 4179.2500> <PB=10000000> 
    RCSP exact solver info for graph G_0 : TT = 0.046411, pt = 0.003028, dt = 0.040372, ct = 0.001413, ndl = 4158', bdl = 89277', odl = 8240', odf = 42024', bsi = 1439', cnt = 3528', bdch = 376243', odch = 70854', lcp = 75553', #sols = 150
<DWph=0> <it= 14> <et=219.62> <Mt= 0.03> <Spt= 0.14> <nCl= 83> <al=0.45> <DB= 4178.6194> <Mlp= 4179.2500> <PB=10000000> 
    RCSP exact solver info for graph G_0 : TT = 0.0429, pt = 0.003086, dt = 0.036968, ct = 0.001339, ndl = 4279', bdl = 91225', odl = 8478', odf = 43745', bsi = 1458', cnt = 3765', bdch = 388448', odch = 71013', lcp = 75846', #sols = 134
    RCSP exact solver info for graph G_0 : TT = 0.043829, pt = 0.002919, dt = 0.037871, ct = 0.001607, ndl = 4253', bdl = 90896', odl = 8496', odf = 44018', bsi = 1481', cnt = 3513', bdch = 384923', odch = 70794', lcp = 76139', #sols = 136
    RCSP exact solver info for graph G_0 : TT = 0.042037, pt = 0.002522, dt = 0.035852, ct = 0.001946, ndl = 4397', bdl = 88010', odl = 8554', odf = 44403', bsi = 1463', cnt = 3499', bdch = 384721', odch = 71661', lcp = 77593', #sols = 144
<DWph=0> <it= 15> <et=220.06> <Mt= 0.10> <Spt= 0.34> <nCl=127> <al=0.00> <DB= 4179.2500> <Mlp= 4179.2500> <PB=10000000> 
RCSP solver dynamic params and stats :  bidir.bord. = 517.5 aver.obdmd = 9.53279 aver.buck.num. = 11.123 nbR1C = 62 with avMem = 26
@@ 327 4 4179.25 0.0392904 0.041785 48.7555 220.06
    Full reduced cost fixing is not called (gap ratio is 0.999996)
ColGenEvalAlg final dual bound: 4179.25 (rounded: 4179.25)
False gap improvement since the last cut separation : 0.00496573 (4177.18)
Cut generation tailing off counter increased to 2
Current active cuts : CAP(11,199.688) R1C(4+58,198.75) 1rowPackR1C(4) 3rowPackR1C(35) 4rowPackR1C(15) 5rowPackR1C(8)
Building structures for heuristic rank-1 packing cut separation...done!
In total 5 RCC cut(s) are found by the connected components heuristic 
Shrinking heuristic shrunk 98 edges
In total 11 RCC cut(s) are found by the Fractional capacity min-cut heuristic 
In total 1 RCC cut(s) are found by the greedy construction heuristic 
In total 49 RCC cut(s) are found by the global pool greedy search heuristic 
----- Add fac. cuts : CAP(66), max.viol = 1, aver.viol = 0.568182, sep/add took 0.22327/1.47509 sec. -----
27854 columns (9987 active), 922 dyn. constrs. (185 active), 1542 art. vars. (427 active)
<DWph=2> <it=  1> <et=222.31> <Mt= 0.13> <Spt= 0.13> <nCl= 21> <al=0.00> <DB= 4159.5512> <Mlp= 4179.3195> <PB=10000000> 
<DWph=2> <it=  2> <et=222.44> <Mt= 0.03> <Spt= 0.07> <nCl=  3> <al=0.40> <DB= 4174.1156> <Mlp= 4179.3195> <PB=10000000> 
<DWph=2> <it=  3> <et=222.55> <Mt= 0.03> <Spt= 0.07> <nCl=  6> <al=0.46> <DB= 4174.7300> <Mlp= 4179.3195> <PB=10000000> 
<DWph=2> <it=  4> <et=222.66> <Mt= 0.04> <Spt= 0.07> <nCl= 15> <al=0.51> <DB= 4179.2060> <Mlp= 4179.2958> <PB=10000000> 
<DWph=2> <it=  5> <et=222.89> <Mt= 0.02> <Spt= 0.21> <nCl= 18> <al=0.00> <DB= 4179.2958> <Mlp= 4179.2958> <PB=10000000> 
<DWph=1> <it=  6> <et=223.04> <Mt= 0.00> <Spt= 0.15> <nCl= 13> <al=0.00> <DB= 4179.2958> <Mlp= 4179.2958> <PB=10000000> 
    RCSP exact solver info for graph G_0 : TT = 0.04312, pt = 0.002197, dt = 0.038257, ct = 0.001306, ndl = 4185', bdl = 83060', odl = 8205', odf = 42644', bsi = 1498', cnt = 4024', bdch = 346793', odch = 62553', lcp = 69919', #sols = 150
<DWph=0> <it=  7> <et=223.15> <Mt= 0.01> <Spt= 0.10> <nCl= 79> <al=0.36> <DB= 4140.2958> <Mlp= 4179.2958> <PB=10000000> 
    RCSP exact solver info for graph G_0 : TT = 0.041915, pt = 0.002111, dt = 0.037131, ct = 0.001352, ndl = 4096', bdl = 82460', odl = 8147', odf = 42493', bsi = 1500', cnt = 3641', bdch = 339277', odch = 61638', lcp = 67793', #sols = 150
    RCSP exact solver info for graph G_0 : TT = 0.043382, pt = 0.002255, dt = 0.038241, ct = 0.001293, ndl = 4093', bdl = 83383', odl = 8184', odf = 42671', bsi = 1502', cnt = 3595', bdch = 342955', odch = 61515', lcp = 68782', #sols = 150
<DWph=0> <it=  8> <et=223.34> <Mt= 0.00> <Spt= 0.19> <nCl= 52> <al=0.00> <DB= 4179.2958> <Mlp= 4179.2958> <PB=10000000> 
RCSP solver dynamic params and stats :  bidir.bord. = 517.5 aver.obdmd = 9.53279 aver.buck.num. = 11.123 nbR1C = 55 with avMem = 25.6727
@@ 327 5 4179.3 0.0391933 0.039563 48.7555 223.34
    Full reduced cost fixing is not called (gap ratio is 0.999996)
ColGenEvalAlg final dual bound: 4179.3 (rounded: 4179.3)
False gap improvement since the last cut separation : 0.000109669 (4179.25)
----- Cut generation is stopped due to tailing off -----
Current active cuts : CAP(11,198.735) R1C(4+51,197.449) 1rowPackR1C(4) 3rowPackR1C(31) 4rowPackR1C(13) 5rowPackR1C(7)
SB exact phase 3 branch on var x[(29, 79)]_0_3467_0_OspV (lhs=0.5) : [4177.5167, 4179.2958], tree depth = 1e+12, tree size = 1e+12, score = -0.3129 (h)
SB with phases chosed candidate var x[(29, 79)]_0_3467_0_OspV (lhs=0.5)
************************************************************************************************
**** BaB tree node (N° 8, parent N° 7, depth 4, treatOrderId 326)
**** Local DB = 4177.52, global bounds : [ 4177.52 , 1e+07 ], TIME = 0h3m43s76t = 22376
**** 5 open nodes, 26514 columns (6791 active), 485 dyn. constrs. (82 active), 727 art. vars. (324 active)
************************************************************************************************
**** Strong branching phase 1 is started *****
SB phase 1 cand.  1 branch on var x[(7, 33)]_0_759_0_OspV (lhs=0.5000)     : [ 4177.7600,  4181.0000], score = 0.85 (h)  <et=224.55>
SB phase 1 cand.  2 branch on var x[(0, 109)]_0_13068_0_OspV (lhs=0.5000)  : [ 4177.5500,  4178.1000], score = 0.02      <et=225.16>
SB phase 1 cand.  3 branch on var x[(1, 105)]_0_105_0_OspV (lhs=0.5000)    : [ 4177.5200,  4183.6333], score = 0.02 (h)  <et=225.93>
SB phase 1 cand.  4 branch on var x[(0, 75)]_0_8954_0_OspV (lhs=0.5000)    : [ 4177.5500,  4178.1000], score = 0.02      <et=226.75>
SB phase 1 cand.  5 branch on var x[(12, 7)]_0_1339_0_OspV (lhs=0.5000)    : [ 4177.7600,  4198.8098], score = 5.18 (h)  <et=227.54>
SB phase 1 cand.  6 branch on var x[(110, 113)]_0_13302_0_OspV (lhs=0.5000): [ 4177.8500,  4178.3000], score = 0.26      <et=227.96>
SB phase 1 cand.  7 branch on var x[(72, 82)]_0_8673_0_OspV (lhs=0.4167)   : [ 4177.7000,  4178.9000], score = 0.25 (h)  <et=228.49>
SB phase 1 cand.  8 branch on var x[(113, 97)]_0_13650_0_OspV (lhs=0.5000) : [ 4177.7483,  4178.3000], score = 0.18      <et=229>
SB phase 1 cand.  9 branch on var x[(94, 46)]_0_11300_0_OspV (lhs=0.5000)  : [ 4177.6000,  4178.3000], score = 0.07 (h)  <et=229.57>
SB phase 1 cand. 10 branch on var x[(12, 73)]_0_1404_0_OspV (lhs=0.5000)   : [ 4177.8367,  4178.3000], score = 0.25      <et=230.32>
SB phase 1 cand. 11 branch on var x[(94, 27)]_0_11281_0_OspV (lhs=0.5000)  : [ 4177.6000,  4178.3000], score = 0.07 (h)  <et=230.8>
SB phase 1 cand. 12 branch on var x[(55, 95)]_0_6629_0_OspV (lhs=0.5000)   : [ 4177.5583,  4178.3000], score = 0.03      <et=231.62>
SB phase 1 cand. 13 branch on var x[(33, 94)]_0_3966_0_OspV (lhs=0.5000)   : [ 4177.8500,  4178.3000], score = 0.26 (h)  <et=232.34>
SB phase 1 cand. 14 branch on var x[(60, 12)]_0_7152_0_OspV (lhs=0.5000)   : [ 4177.7483,  4178.3000], score = 0.18      <et=233.37>
SB phase 1 cand. 15 branch on var x[(7, 105)]_0_831_0_OspV (lhs=0.5000)    : [ 4177.8500,  4178.3000], score = 0.26 (h)  <et=234.04>
SB phase 1 cand. 16 branch on var x[(60, 97)]_0_7236_0_OspV (lhs=0.5000)   : [ 4177.8500,  4178.3000], score = 0.26      <et=234.84>
SB phase 1 cand. 17 branch on var x[(106, 27)]_0_12733_0_OspV (lhs=0.1667) : [ 4177.5500,  4177.8500], score = 0.01 (h)  <et=235.81>
SB phase 1 cand. 18 branch on var x[(69, 73)]_0_8301_0_OspV (lhs=0.5000)   : [ 4177.8500,  4178.3000], score = 0.26      <et=236.53>
SB phase 1 cand. 19 branch on var x[(72, 22)]_0_8614_0_OspV (lhs=0.4167)   : [ 4177.7000,  4179.4500], score = 0.35 (h)  <et=237.15>
SB phase 1 cand. 20 branch on var x[(69, 94)]_0_8322_0_OspV (lhs=0.5000)   : [ 4177.8500,  4178.3000], score = 0.26      <et=238.16>
SB phase 1 cand. 21 branch on var x[(28, 37)]_0_3304_0_OspV (lhs=0.2500)   : [ 4177.6333,  4179.0000], score = 0.17 (h)  <et=238.74>
SB phase 1 cand. 22 branch on var x[(73, 12)]_0_8725_0_OspV (lhs=0.5000)   : [ 4177.8367,  4178.3000], score = 0.25      <et=239.26>
SB phase 1 cand. 23 branch on var x[(0, 82)]_0_9801_0_OspV (lhs=0.5833)    : [ 4177.7000,  4178.1200], score = 0.11 (h)  <et=239.89>
SB phase 1 cand. 24 branch on var x[(73, 33)]_0_8746_0_OspV (lhs=0.5000)   : [ 4177.7483,  4178.3000], score = 0.18      <et=240.77>
SB phase 1 cand. 25 branch on var x[(82, 22)]_0_9824_0_OspV (lhs=0.3333)   : [ 4177.5400,  4178.3000], score = 0.02 (h)  <et=241.68>
SB phase 1 cand. 26 branch on var x[(82, 109)]_0_9910_0_OspV (lhs=0.5000)  : [ 4177.5500,  4178.1000], score = 0.02      <et=243.01>
SB phase 1 cand. 27 branch on var x[(28, 10)]_0_3278_0_OspV (lhs=0.7500)   : [ 4177.6333,  4179.0000], score = 0.17 (h)  <et=243.6>
SB phase 1 cand. 28 branch on var x[(10, 5)]_0_1095_0_OspV (lhs=0.3333)    : [ 4177.5500,  4178.1000], score = 0.02      <et=244.5>
SB phase 1 cand. 29 branch on var x[(116, 76)]_0_13992_0_OspV (lhs=0.7500) : [ 4177.6444,  4177.7600], score = 0.03 (h)  <et=245.29>
SB phase 1 cand. 30 branch on var x[(46, 0)]_0_5446_0_OspV (lhs=0.6667)    : [ 4177.5750,  4177.6400], score = 0.01      <et=245.94>
SB phase 1 cand. 31 branch on var x[(96, 81)]_0_11577_0_OspV (lhs=0.7500)  : [ 4177.6200,  4178.5000], score = 0.10 (h)  <et=246.51>
SB phase 1 cand. 32 branch on var x[(46, 27)]_0_5473_0_OspV (lhs=0.3333)   : [ 4177.5750,  4177.6400], score = 0.01      <et=247.31>
SB phase 1 cand. 33 branch on var x[(23, 95)]_0_2757_0_OspV (lhs=0.5000)   : [ 4177.6833,  4180.3714], score = 0.48 (h)  <et=247.83>
SB phase 1 cand. 34 branch on var x[(5, 44)]_0_528_0_OspV (lhs=0.6667)     : [ 4177.5500,  4178.1000], score = 0.02      <et=248.24>
SB phase 1 cand. 35 branch on var x[(33, 46)]_0_3918_0_OspV (lhs=0.5000)   : [ 4177.6000,  4178.3000], score = 0.07 (h)  <et=248.98>
SB phase 1 cand. 36 branch on var x[(5, 75)]_0_559_0_OspV (lhs=0.3333)     : [ 4177.5500,  4178.9000], score = 0.05      <et=249.96>
SB phase 1 cand. 37 branch on var x[(113, 18)]_0_13571_0_OspV (lhs=0.5000) : [ 4177.6167,  4178.4141], score = 0.09 (h)  <et=250.49>
SB phase 1 cand. 38 branch on var x[(70, 44)]_0_8394_0_OspV (lhs=0.3333)   : [ 4177.5500,  4178.1000], score = 0.02      <et=251.14>
SB phase 1 cand. 39 branch on var x[(96, 22)]_0_11518_0_OspV (lhs=0.2500)  : [ 4177.7000,  4177.7583], score = 0.04 (h)  <et=251.64>
SB phase 1 cand. 40 branch on var x[(70, 5)]_0_8355_0_OspV (lhs=0.6667)    : [ 4177.5500,  4178.1000], score = 0.02      <et=252.07>
SB phase 1 cand. 41 branch on var x[(55, 23)]_0_6558_0_OspV (lhs=0.2500)   : [ 4177.5417,  4180.6548], score = 0.08 (h)  <et=252.68>
SB phase 1 cand. 42 branch on var x[(0, 101)]_0_12100_0_OspV (lhs=0.7500)  : [ 4177.6600,  4178.0000], score = 0.07      <et=253.33>
SB phase 1 cand. 43 branch on var x[(97, 23)]_0_11640_0_OspV (lhs=0.5000)  : [ 4177.7583,  4177.7798], score = 0.06 (h)  <et=253.84>
SB phase 1 cand. 44 branch on var x[(0, 16)]_0_1815_0_OspV (lhs=0.2500)    : [ 4177.6333,  4179.0000], score = 0.17      <et=254.44>
SB phase 1 cand. 45 branch on var x[(97, 113)]_0_11729_0_OspV (lhs=0.5000) : [ 4177.7111,  4178.1235], score = 0.12 (h)  <et=255>
SB phase 1 cand. 46 branch on var x[(0, 23)]_0_2662_0_OspV (lhs=0.2500)    : [ 4177.5200,  4180.5308], score = 0.01      <et=255.88>
SB phase 1 cand. 47 branch on var x[(10, 37)]_0_1126_0_OspV (lhs=0.5833)   : [ 4177.7000,  4178.1000], score = 0.11 (h)  <et=256.83>
SB phase 1 cand. 48 branch on var x[(1, 18)]_0_18_0_OspV (lhs=0.2500)      : [ 4177.7333,  4177.8184], score = 0.07      <et=257.41>
SB phase 1 cand. 49 branch on var x[(1, 7)]_0_7_0_OspV (lhs=0.2500)        : [ 4177.5600,  4178.0667], score = 0.02 (h)  <et=258.79>
SB phase 1 cand. 50 branch on var x[(110, 0)]_0_13190_0_OspV (lhs=0.2500)  : [ 4177.6333,  4177.9500], score = 0.05      <et=259.64>
**** Strong branching phase 2 is started *****
In total 23 RCC cut(s) are found by the connected components heuristic 
Shrinking heuristic shrunk 111 edges
In total 1 RCC cut(s) are found by the shrinking heuristic 
In total 9 RCC cut(s) are found by the Fractional capacity min-cut heuristic 
In total 22 RCC cut(s) are found by the global pool greedy search heuristic 
----- Add core cuts : CAP(55), max.viol = 1, aver.viol = 1, sep/add took 0.0584957/1.32918 sec. -----
<DWph=1> <it= 36> <et=265.52> <Mt= 2.02> <Spt= 2.45> <nCl=599> <al=0.00> <DB= 4187.4625> <Mlp= 4187.4625> <PB=10000000> 
<DWph=1> <it=  2> <et=266.03> <Mt= 0.01> <Spt= 0.23> <nCl= 42> <al=0.00> <DB= 4177.7600> <Mlp= 4177.7600> <PB=10000000> 
SB phase 2 cand.  1 branch on var x[(12, 7)]_0_1339_0_OspV (lhs=0.5000) : [ 4177.7600,  4187.4625], score = 2.42 (h)  <et=266.08>
<DWph=1> <it= 19> <et=268.93> <Mt= 1.16> <Spt= 1.54> <nCl=296> <al=0.00> <DB= 4178.9000> <Mlp= 4178.9000> <PB=10000000> 
<DWph=1> <it=  3> <et=269.39> <Mt= 0.01> <Spt= 0.28> <nCl= 26> <al=0.00> <DB= 4177.7600> <Mlp= 4177.7600> <PB=10000000> 
SB phase 2 cand.  2 branch on var x[(7, 33)]_0_759_0_OspV (lhs=0.5000)  : [ 4177.7600,  4178.9000], score = 0.34 (h)  <et=269.44>
<DWph=1> <it= 15> <et=270.92> <Mt= 0.19> <Spt= 1.16> <nCl=173> <al=0.00> <DB= 4179.9811> <Mlp= 4179.9811> <PB=10000000> 
<DWph=1> <it=  2> <et=271.31> <Mt= 0.00> <Spt= 0.23> <nCl= 49> <al=0.00> <DB= 4177.6833> <Mlp= 4177.6833> <PB=10000000> 
SB phase 2 cand.  3 branch on var x[(23, 95)]_0_2757_0_OspV (lhs=0.5000): [ 4177.6833,  4179.9811], score = 0.41 (h)  <et=271.35>
**** Strong branching phase 3 is started *****
**** SB phase 3 evaluation of candidate 1, branch 1 ( x[(12, 7)]_0_1339_0_OspV >= 1 ), value = 4187.46
<DWph=2> <it=  1> <et=273.39> <Mt= 1.68> <Spt= 0.07> <nCl= 30> <al=0.50> <DB=-2159959299.2437> <Mlp= 4187.4625> <PB=10000000> 
<DWph=2> <it=  2> <et=273.65> <Mt= 0.19> <Spt= 0.07> <nCl= 28> <al=0.55> <DB= 2855.3708> <Mlp= 4187.4625> <PB=10000000> 
<DWph=2> <it=  3> <et=273.95> <Mt= 0.17> <Spt= 0.12> <nCl= 43> <al=0.19> <DB= -998.4744> <Mlp= 4187.4625> <PB=10000000> 
<DWph=2> <it=  4> <et=274.18> <Mt= 0.17> <Spt= 0.06> <nCl= 22> <al=0.50> <DB= 2156.7908> <Mlp= 4187.4625> <PB=10000000> 
<DWph=2> <it=  5> <et=274.47> <Mt= 0.18> <Spt= 0.12> <nCl= 10> <al=0.09> <DB= 4185.9462> <Mlp= 4187.4625> <PB=10000000> 
<DWph=2> <it=  6> <et=274.75> <Mt= 0.16> <Spt= 0.11> <nCl= 17> <al=0.00> <DB= 4186.5625> <Mlp= 4187.4625> <PB=10000000> 
<DWph=2> <it=  7> <et=274.92> <Mt= 0.11> <Spt= 0.07> <nCl=  9> <al=0.35> <DB= 4187.1964> <Mlp= 4187.4125> <PB=10000000> 
<DWph=2> <it=  8> <et=275.05> <Mt= 0.01> <Spt= 0.11> <nCl=  5> <al=0.00> <DB= 4187.4125> <Mlp= 4187.4125> <PB=10000000> 
<DWph=1> <it=  9> <et=275.11> <Mt= 0.00> <Spt= 0.06> <nCl=  8> <al=0.15> <DB= 4151.7114> <Mlp= 4187.4125> <PB=10000000> 
<DWph=1> <it= 10> <et=275.25> <Mt= 0.02> <Spt= 0.12> <nCl= 10> <al=0.00> <DB= 4187.4125> <Mlp= 4187.4125> <PB=10000000> 
    RCSP exact solver info for graph G_0 : TT = 0.046375, pt = 0.002142, dt = 0.041591, ct = 0.001277, ndl = 4013', bdl = 81764', odl = 8138', odf = 41653', bsi = 1360', cnt = 3203', bdch = 339192', odch = 67716', lcp = 70623', #sols = 150
<DWph=0> <it= 11> <et=275.35> <Mt= 0.00> <Spt= 0.09> <nCl=150> <al=0.00> <DB= 3368.7086> <Mlp= 4187.4125> <PB=10000000> 
    RCSP exact solver info for graph G_0 : TT = 0.04521, pt = 0.002171, dt = 0.040445, ct = 0.001241, ndl = 4253', bdl = 83580', odl = 8477', odf = 43545', bsi = 1352', cnt = 3264', bdch = 372456', odch = 74425', lcp = 81679', #sols = 150
<DWph=0> <it= 12> <et=275.57> <Mt= 0.14> <Spt= 0.09> <nCl= 89> <al=0.05> <DB= 4178.5791> <Mlp= 4187.4125> <PB=10000000> 
    RCSP exact solver info for graph G_0 : TT = 0.046661, pt = 0.001921, dt = 0.041908, ct = 0.001342, ndl = 4133', bdl = 83398', odl = 8376', odf = 42219', bsi = 1396', cnt = 3305', bdch = 373760', odch = 73986', lcp = 80240', #sols = 150
<DWph=0> <it= 13> <et=275.84> <Mt= 0.18> <Spt= 0.09> <nCl= 72> <al=0.00> <DB= 4186.3156> <Mlp= 4187.4125> <PB=10000000> 
    RCSP exact solver info for graph G_0 : TT = 0.04303, pt = 0.002015, dt = 0.03848, ct = 0.001191, ndl = 4138', bdl = 79196', odl = 8244', odf = 41950', bsi = 1326', cnt = 3330', bdch = 354401', odch = 72332', lcp = 78192', #sols = 150
    RCSP exact solver info for graph G_0 : TT = 0.043536, pt = 0.001714, dt = 0.038957, ct = 0.001457, ndl = 3891', bdl = 76615', odl = 8027', odf = 40813', bsi = 1343', cnt = 2768', bdch = 325424', odch = 64416', lcp = 69986', #sols = 150
<DWph=0> <it= 14> <et=276.09> <Mt= 0.10> <Spt= 0.15> <nCl= 84> <al=0.00> <DB= 4187.4125> <Mlp= 4187.4125> <PB=10000000> 
RCSP solver dynamic params and stats :  bidir.bord. = 525.2 aver.obdmd = 9.53279 aver.buck.num. = 11.123 nbR1C = 43 with avMem = 28.0465
@@ 434 0 4187.41 0.0415778 0.04325 44.8065 276.09
    Full reduced cost fixing is not called (gap ratio is 0.999995)
ColGenEvalAlg final dual bound: 4187.41 (rounded: 4187.41)
Current active cuts : CAP(12,311.629) R1C(5+38,199.501) 1rowPackR1C(5) 3rowPackR1C(22) 4rowPackR1C(12) 5rowPackR1C(4)
73 Rank-1 3-rows pack. cuts added ,  max viol. = 0.125, aver. viol. = 0.125
Building structures for heuristic rank-1 packing cut separation...done!
33 Rank-1 4-rows pack. cuts added ,  max viol. = 0.125, aver. viol. = 0.125
100 Rank-1 5-rows pack. cuts added ,  max viol. = 0.125, aver. viol. = 0.125
In total 3 RCC cut(s) are found by the connected components heuristic 
Shrinking heuristic shrunk 93 edges
In total 1 RCC cut(s) are found by the shrinking heuristic 
In total 22 RCC cut(s) are found by the Fractional capacity min-cut heuristic 
In total 4 RCC cut(s) are found by the greedy construction heuristic 
In total 49 RCC cut(s) are found by the global pool greedy search heuristic 
----- Add fac. cuts : CAP(79) R1C(206), max.viol = 1, aver.viol = 0.254825, sep/add took 0.25355/3.27462 sec. -----
27954 columns (9267 active), 623 dyn. constrs. (369 active), 869 art. vars. (611 active)
<DWph=2> <it=  1> <et=280.14> <Mt= 0.38> <Spt= 0.08> <nCl=  7> <al=0.50> <DB= 4188.2040> <Mlp= 4190.7955> <PB=10000000> 
<DWph=2> <it=  2> <et=280.22> <Mt= 0.01> <Spt= 0.07> <nCl=  7> <al=0.55> <DB= 3330.5387> <Mlp= 4190.7905> <PB=10000000> 
<DWph=2> <it=  3> <et=280.32> <Mt= 0.03> <Spt= 0.08> <nCl=  3> <al=0.60> <DB= 3915.0654> <Mlp= 4190.7905> <PB=10000000> 
<DWph=2> <it=  4> <et=280.51> <Mt= 0.01> <Spt= 0.17> <nCl= 10> <al=0.00> <DB= 3967.1712> <Mlp= 4190.7900> <PB=10000000> 
<DWph=2> <it=  5> <et=280.59> <Mt= 0.01> <Spt= 0.07> <nCl=  3> <al=0.40> <DB= 4019.6991> <Mlp= 4190.7900> <PB=10000000> 
<DWph=2> <it=  6> <et=280.74> <Mt= 0.00> <Spt= 0.15> <nCl= 19> <al=0.00> <DB= 4189.2587> <Mlp= 4190.7900> <PB=10000000> 
<DWph=2> <it=  7> <et=280.83> <Mt= 0.01> <Spt= 0.07> <nCl=  2> <al=0.20> <DB= 4189.8754> <Mlp= 4190.7900> <PB=10000000> 
<DWph=2> <it=  8> <et=280.98> <Mt= 0.01> <Spt= 0.14> <nCl=  3> <al=0.00> <DB= 4190.7900> <Mlp= 4190.7900> <PB=10000000> 
<DWph=1> <it=  9> <et=281.07> <Mt= 0.01> <Spt= 0.09> <nCl= 30> <al=0.00> <DB= 3421.2738> <Mlp= 4190.7900> <PB=10000000> 
<DWph=1> <it= 10> <et=281.34> <Mt= 0.17> <Spt= 0.09> <nCl= 30> <al=0.00> <DB= 3970.6278> <Mlp= 4189.7944> <PB=10000000> 
<DWph=1> <it= 11> <et=281.53> <Mt= 0.10> <Spt= 0.10> <nCl= 23> <al=0.10> <DB= 4186.2371> <Mlp= 4189.7944> <PB=10000000> 
<DWph=1> <it= 12> <et=281.64> <Mt= 0.02> <Spt= 0.09> <nCl= 14> <al=0.00> <DB= 4189.0429> <Mlp= 4189.7944> <PB=10000000> 
<DWph=1> <it= 13> <et=281.81> <Mt= 0.01> <Spt= 0.16> <nCl= 21> <al=0.00> <DB= 4189.7944> <Mlp= 4189.7944> <PB=10000000> 
    RCSP exact solver info for graph G_0 : TT = 0.040176, pt = 0.001726, dt = 0.036052, ct = 0.001106, ndl = 3765', bdl = 79003', odl = 7614', odf = 38051', bsi = 1467', cnt = 2513', bdch = 317899', odch = 60350', lcp = 66411', #sols = 150
<DWph=0> <it= 14> <et=281.94> <Mt= 0.01> <Spt= 0.12> <nCl=107> <al=0.00> <DB= 3416.5867> <Mlp= 4189.7944> <PB=10000000> 
    RCSP exact solver info for graph G_0 : TT = 0.040006, pt = 0.002228, dt = 0.035143, ct = 0.001176, ndl = 3616', bdl = 74867', odl = 7333', odf = 36976', bsi = 1451', cnt = 2472', bdch = 292564', odch = 54818', lcp = 59643', #sols = 150
<DWph=0> <it= 15> <et=282.11> <Mt= 0.06> <Spt= 0.11> <nCl= 72> <al=0.10> <DB= 4182.5357> <Mlp= 4189.7944> <PB=10000000> 
    RCSP exact solver info for graph G_0 : TT = 0.04587, pt = 0.002191, dt = 0.040762, ct = 0.001661, ndl = 3929', bdl = 83257', odl = 7992', odf = 39665', bsi = 1522', cnt = 2666', bdch = 347126', odch = 64610', lcp = 73060', #sols = 150
<DWph=0> <it= 16> <et=282.29> <Mt= 0.03> <Spt= 0.14> <nCl=116> <al=0.00> <DB= 4188.8944> <Mlp= 4189.7944> <PB=10000000> 
    RCSP exact solver info for graph G_0 : TT = 0.050764, pt = 0.002613, dt = 0.045179, ct = 0.001298, ndl = 3726', bdl = 77261', odl = 7927', odf = 39777', bsi = 1473', cnt = 2541', bdch = 318322', odch = 59654', lcp = 68627', #sols = 150
<DWph=0> <it= 17> <et=282.42> <Mt= 0.02> <Spt= 0.11> <nCl= 49> <al=0.00> <DB= 4189.7944> <Mlp= 4189.7944> <PB=10000000> 
RCSP solver dynamic params and stats :  bidir.bord. = 525.2 aver.obdmd = 9.53279 aver.buck.num. = 11.123 nbR1C = 40 with avMem = 28.7
@@ 434 1 4189.79 0.0405943 0.046477 44.8065 282.42
    Full reduced cost fixing is not called (gap ratio is 0.999995)
ColGenEvalAlg final dual bound: 4189.79 (rounded: 4189.79)
False gap improvement since the last cut separation : 0.00568834 (4187.41)
Cut generation tailing off counter increased to 1
Current active cuts : CAP(11,318.656) R1C(5+35,187.669) 1rowPackR1C(5) 3rowPackR1C(19) 4rowPackR1C(12) 5rowPackR1C(4)
1 Rank-1 1-rows pack. cuts added ,  max viol. = 0.166667, aver. viol. = 0.166667
150 Rank-1 3-rows pack. cuts added ,  max viol. = 0.333333, aver. viol. = 0.191111
Building structures for heuristic rank-1 packing cut separation...done!
46 Rank-1 4-rows pack. cuts added ,  max viol. = 0.333333, aver. viol. = 0.202899
100 Rank-1 5-rows pack. cuts added ,  max viol. = 0.333333, aver. viol. = 0.2375
Shrinking heuristic shrunk 72 edges
In total 3 RCC cut(s) are found by the Fractional capacity min-cut heuristic 
In total 8 RCC cut(s) are found by the greedy construction heuristic 
In total 33 RCC cut(s) are found by the global pool greedy search heuristic 
----- Add fac. cuts : CAP(44) R1C(297), max.viol = 0.5, aver.viol = 0.230857, sep/add took 0.295104/2.92956 sec. -----
28470 columns (9783 active), 912 dyn. constrs. (401 active), 1210 art. vars. (643 active)
<DWph=2> <it=  1> <et=286.24> <Mt= 0.35> <Spt= 0.08> <nCl=  9> <al=0.50> <DB= 4183.5472> <Mlp= 4191.3000> <PB=10000000> 
<DWph=2> <it=  2> <et=286.97> <Mt= 0.59> <Spt= 0.14> <nCl=  5> <al=0.10> <DB= 4178.2628> <Mlp= 4190.5333> <PB=10000000> 
<DWph=2> <it=  3> <et=287.27> <Mt= 0.21> <Spt= 0.08> <nCl= 12> <al=0.45> <DB= 4188.2645> <Mlp= 4190.5333> <PB=10000000> 
<DWph=2> <it=  4> <et=287.38> <Mt= 0.03> <Spt= 0.09> <nCl=  9> <al=0.51> <DB= 4190.3281> <Mlp= 4190.5333> <PB=10000000> 
<DWph=2> <it=  5> <et=287.46> <Mt= 0.00> <Spt= 0.08> <nCl=  6> <al=0.55> <DB= 4190.4195> <Mlp= 4190.5333> <PB=10000000> 
<DWph=2> <it=  6> <et=287.60> <Mt= 0.07> <Spt= 0.07> <nCl= 11> <al=0.60> <DB= 4190.1314> <Mlp= 4190.5333> <PB=10000000> 
<DWph=2> <it=  7> <et=287.69> <Mt= 0.01> <Spt= 0.08> <nCl=  9> <al=0.64> <DB= 4190.4606> <Mlp= 4190.5333> <PB=10000000> 
<DWph=2> <it=  8> <et=287.87> <Mt= 0.03> <Spt= 0.14> <nCl= 10> <al=0.35> <DB= 4190.5078> <Mlp= 4190.5333> <PB=10000000> 
<DWph=2> <it=  9> <et=288.02> <Mt= 0.01> <Spt= 0.15> <nCl=  3> <al=0.15> <DB= 4187.2031> <Mlp= 4190.5333> <PB=10000000> 
<DWph=2> <it= 10> <et=288.18> <Mt= 0.02> <Spt= 0.14> <nCl=  8> <al=0.00> <DB= 4189.8597> <Mlp= 4190.5333> <PB=10000000> 
<DWph=2> <it= 11> <et=288.33> <Mt= 0.01> <Spt= 0.13> <nCl=  9> <al=0.00> <DB= 4190.4382> <Mlp= 4190.5333> <PB=10000000> 
<DWph=2> <it= 12> <et=288.48> <Mt= 0.01> <Spt= 0.15> <nCl= 11> <al=0.00> <DB= 4190.5333> <Mlp= 4190.5333> <PB=10000000> 
<DWph=1> <it= 13> <et=288.57> <Mt= 0.00> <Spt= 0.08> <nCl= 25> <al=0.18> <DB= 4115.1369> <Mlp= 4190.5333> <PB=10000000> 
<DWph=1> <it= 14> <et=288.80> <Mt= 0.14> <Spt= 0.09> <nCl= 25> <al=0.08> <DB= 4168.6139> <Mlp= 4190.5333> <PB=10000000> 
<DWph=1> <it= 15> <et=289.11> <Mt= 0.22> <Spt= 0.10> <nCl= 28> <al=0.17> <DB= 4182.5570> <Mlp= 4190.2750> <PB=10000000> 
<DWph=1> <it= 16> <et=289.42> <Mt= 0.20> <Spt= 0.10> <nCl= 22> <al=0.07> <DB= 4188.2898> <Mlp= 4190.1667> <PB=10000000> 
<DWph=1> <it= 17> <et=289.62> <Mt= 0.03> <Spt= 0.17> <nCl= 33> <al=0.00> <DB= 4190.1667> <Mlp= 4190.1667> <PB=10000000> 
    RCSP exact solver info for graph G_0 : TT = 0.043383, pt = 0.002051, dt = 0.038648, ct = 0.001298, ndl = 3982', bdl = 81560', odl = 7051', odf = 36209', bsi = 1376', cnt = 2871', bdch = 323718', odch = 60706', lcp = 64642', #sols = 150
<DWph=0> <it= 18> <et=289.83> <Mt= 0.00> <Spt= 0.15> <nCl=105> <al=0.06> <DB= 4182.8641> <Mlp= 4190.1667> <PB=10000000> 
    RCSP exact solver info for graph G_0 : TT = 0.04691, pt = 0.002711, dt = 0.041279, ct = 0.001301, ndl = 3790', bdl = 80143', odl = 7445', odf = 37483', bsi = 1354', cnt = 2448', bdch = 329540', odch = 61914', lcp = 66675', #sols = 150
    RCSP exact solver info for graph G_0 : TT = 0.042812, pt = 0.002069, dt = 0.038345, ct = 0.00113, ndl = 3792', bdl = 81204', odl = 7603', odf = 37804', bsi = 1324', cnt = 2476', bdch = 351654', odch = 64409', lcp = 72074', #sols = 150
<DWph=0> <it= 19> <et=290.29> <Mt= 0.16> <Spt= 0.30> <nCl=228> <al=0.00> <DB= 4190.1667> <Mlp= 4190.1667> <PB=10000000> 
RCSP solver dynamic params and stats :  bidir.bord. = 525.2 aver.obdmd = 9.53279 aver.buck.num. = 11.123 nbR1C = 51 with avMem = 29.5294
@@ 434 2 4190.17 0.040667 0.04258 44.8065 290.29
    Full reduced cost fixing is not called (gap ratio is 0.999995)
ColGenEvalAlg final dual bound: 4190.17 (rounded: 4190.17)
False gap improvement since the last cut separation : 0.000888402 (4189.79)
Cut generation tailing off counter increased to 2
Current active cuts : CAP(15,338.84) R1C(5+46,190.28) 1rowPackR1C(5) 3rowPackR1C(24) 4rowPackR1C(14) 5rowPackR1C(8)
41 Rank-1 3-rows pack. cuts added ,  max viol. = 0.5, aver. viol. = 0.376016
Building structures for heuristic rank-1 packing cut separation...done!
22 Rank-1 4-rows pack. cuts added ,  max viol. = 0.5, aver. viol. = 0.409091
100 Rank-1 5-rows pack. cuts added ,  max viol. = 0.5, aver. viol. = 0.3125
In total 5 RCC cut(s) are found by the connected components heuristic 
Shrinking heuristic shrunk 95 edges
In total 11 RCC cut(s) are found by the Fractional capacity min-cut heuristic 
In total 8 RCC cut(s) are found by the greedy construction heuristic 
In total 43 RCC cut(s) are found by the global pool greedy search heuristic 
----- Add fac. cuts : CAP(67) R1C(163), max.viol = 1, aver.viol = 0.417029, sep/add took 0.246317/2.13212 sec. -----
28491 columns (6944 active), 860 dyn. constrs. (334 active), 1440 art. vars. (576 active)
<DWph=2> <it=  1> <et=293.52> <Mt= 0.49> <Spt= 0.10> <nCl= 30> <al=0.50> <DB=-4319968368.6084> <Mlp= 4192.8000> <PB=10000000> 
<DWph=2> <it=  2> <et=293.69> <Mt= 0.09> <Spt= 0.08> <nCl= 30> <al=0.55> <DB=-3887944518.1933> <Mlp= 4192.8000> <PB=10000000> 
<DWph=2> <it=  3> <et=293.86> <Mt= 0.09> <Spt= 0.08> <nCl= 30> <al=0.60> <DB=-4082346820.0216> <Mlp= 4192.8000> <PB=10000000> 
<DWph=2> <it=  4> <et=294.06> <Mt= 0.12> <Spt= 0.08> <nCl= 30> <al=0.64> <DB=-524865733.0495> <Mlp= 4192.8000> <PB=10000000> 
<DWph=2> <it=  5> <et=294.23> <Mt= 0.09> <Spt= 0.08> <nCl= 30> <al=0.67> <DB= 1057.6706> <Mlp= 4192.8000> <PB=10000000> 
<DWph=2> <it=  6> <et=294.39> <Mt= 0.08> <Spt= 0.08> <nCl= 30> <al=0.70> <DB= 2370.7152> <Mlp= 4192.8000> <PB=10000000> 
<DWph=2> <it=  7> <et=294.57> <Mt= 0.09> <Spt= 0.08> <nCl= 30> <al=0.73> <DB=-30099.2218> <Mlp= 4192.8000> <PB=10000000> 
<DWph=2> <it=  8> <et=294.73> <Mt= 0.09> <Spt= 0.08> <nCl= 30> <al=0.76> <DB=-5890.8165> <Mlp= 4192.8000> <PB=10000000> 
<DWph=2> <it=  9> <et=294.91> <Mt= 0.11> <Spt= 0.07> <nCl= 22> <al=0.78> <DB= 3632.8853> <Mlp= 4192.8000> <PB=10000000> 
<DWph=2> <it= 10> <et=295.07> <Mt= 0.08> <Spt= 0.07> <nCl= 12> <al=0.81> <DB= 4186.2645> <Mlp= 4192.7978> <PB=10000000> 
<DWph=2> <it= 11> <et=295.18> <Mt= 0.04> <Spt= 0.08> <nCl=  9> <al=0.83> <DB= 4190.6019> <Mlp= 4192.6632> <PB=10000000> 
<DWph=2> <it= 12> <et=295.28> <Mt= 0.02> <Spt= 0.07> <nCl= 12> <al=0.84> <DB= 3538.9477> <Mlp= 4192.6599> <PB=10000000> 
<DWph=2> <it= 13> <et=295.46> <Mt= 0.11> <Spt= 0.07> <nCl=  6> <al=0.86> <DB= 4189.0101> <Mlp= 4192.1907> <PB=10000000> 
<DWph=2> <it= 14> <et=295.62> <Mt= 0.02> <Spt= 0.15> <nCl= 20> <al=0.75> <DB= 3916.8897> <Mlp= 4192.1551> <PB=10000000> 
<DWph=2> <it= 15> <et=295.70> <Mt= 0.01> <Spt= 0.07> <nCl=  7> <al=0.77> <DB= 3935.6414> <Mlp= 4192.1551> <PB=10000000> 
<DWph=2> <it= 16> <et=295.86> <Mt= 0.02> <Spt= 0.13> <nCl= 27> <al=0.59> <DB= 3620.7212> <Mlp= 4192.1325> <PB=10000000> 
<DWph=2> <it= 17> <et=296.06> <Mt= 0.05> <Spt= 0.15> <nCl= 30> <al=0.39> <DB= 2518.3688> <Mlp= 4191.9695> <PB=10000000> 
<DWph=2> <it= 18> <et=296.19> <Mt= 0.06> <Spt= 0.07> <nCl=  4> <al=0.60> <DB= 4179.5248> <Mlp= 4191.5938> <PB=10000000> 
<DWph=2> <it= 19> <et=296.34> <Mt= 0.01> <Spt= 0.14> <nCl= 13> <al=0.27> <DB= 4187.5671> <Mlp= 4191.5938> <PB=10000000> 
<DWph=2> <it= 20> <et=296.48> <Mt= 0.00> <Spt= 0.13> <nCl=  4> <al=0.07> <DB= 4189.4833> <Mlp= 4191.5938> <PB=10000000> 
<DWph=2> <it= 21> <et=296.62> <Mt= 0.01> <Spt= 0.13> <nCl= 30> <al=0.00> <DB= 2497.0710> <Mlp= 4191.5938> <PB=10000000> 
<DWph=2> <it= 22> <et=296.77> <Mt= 0.01> <Spt= 0.14> <nCl= 19> <al=0.00> <DB= 3895.1264> <Mlp= 4191.5938> <PB=10000000> 
<DWph=2> <it= 23> <et=296.85> <Mt= 0.01> <Spt= 0.07> <nCl=  4> <al=0.24> <DB= 4097.9343> <Mlp= 4191.5938> <PB=10000000> 
<DWph=2> <it= 24> <et=296.99> <Mt= 0.01> <Spt= 0.14> <nCl= 20> <al=0.00> <DB= 4191.5938> <Mlp= 4191.5938> <PB=10000000> 
<DWph=1> <it= 25> <et=297.08> <Mt= 0.00> <Spt= 0.08> <nCl= 30> <al=0.21> <DB= 1218.9621> <Mlp= 4191.5938> <PB=10000000> 
<DWph=1> <it= 26> <et=297.17> <Mt= 0.01> <Spt= 0.08> <nCl= 29> <al=0.11> <DB= 3863.2062> <Mlp= 4191.5938> <PB=10000000> 
<DWph=1> <it= 27> <et=297.30> <Mt= 0.05> <Spt= 0.09> <nCl= 30> <al=0.01> <DB=-26796.3808> <Mlp= 4191.4794> <PB=10000000> 
<DWph=1> <it= 28> <et=297.42> <Mt= 0.03> <Spt= 0.08> <nCl= 30> <al=0.11> <DB=  406.3799> <Mlp= 4191.4794> <PB=10000000> 
<DWph=1> <it= 29> <et=297.54> <Mt= 0.03> <Spt= 0.08> <nCl= 29> <al=0.20> <DB= 4122.6205> <Mlp= 4191.4794> <PB=10000000> 
<DWph=1> <it= 30> <et=297.63> <Mt= 0.02> <Spt= 0.09> <nCl= 29> <al=0.28> <DB= 4173.3031> <Mlp= 4191.4794> <PB=10000000> 
<DWph=1> <it= 31> <et=297.76> <Mt= 0.04> <Spt= 0.08> <nCl= 17> <al=0.18> <DB= 4184.8792> <Mlp= 4191.3676> <PB=10000000> 
<DWph=1> <it= 32> <et=297.86> <Mt= 0.02> <Spt= 0.08> <nCl= 20> <al=0.08> <DB= 4187.6743> <Mlp= 4191.3436> <PB=10000000> 
<DWph=1> <it= 33> <et=297.96> <Mt= 0.02> <Spt= 0.07> <nCl= 20> <al=0.17> <DB= 4188.5570> <Mlp= 4191.3274> <PB=10000000> 
<DWph=1> <it= 34> <et=298.07> <Mt= 0.03> <Spt= 0.09> <nCl= 27> <al=0.07> <DB= 4189.5561> <Mlp= 4191.2452> <PB=10000000> 
<DWph=1> <it= 35> <et=298.17> <Mt= 0.02> <Spt= 0.08> <nCl= 18> <al=0.00> <DB= 4184.5246> <Mlp= 4191.2452> <PB=10000000> 
<DWph=1> <it= 36> <et=298.26> <Mt= 0.01> <Spt= 0.07> <nCl= 12> <al=0.07> <DB= 4190.1645> <Mlp= 4191.2452> <PB=10000000> 
<DWph=1> <it= 37> <et=298.42> <Mt= 0.02> <Spt= 0.15> <nCl= 25> <al=0.00> <DB= 4159.4452> <Mlp= 4191.2452> <PB=10000000> 
<DWph=1> <it= 38> <et=298.54> <Mt= 0.04> <Spt= 0.08> <nCl= 13> <al=0.07> <DB= 4191.0040> <Mlp= 4191.2452> <PB=10000000> 
<DWph=1> <it= 39> <et=298.63> <Mt= 0.01> <Spt= 0.07> <nCl=  6> <al=0.16> <DB= 4191.1970> <Mlp= 4191.2452> <PB=10000000> 
<DWph=1> <it= 40> <et=298.71> <Mt= 0.01> <Spt= 0.08> <nCl= 10> <al=0.24> <DB= 4191.0707> <Mlp= 4191.2452> <PB=10000000> 
<DWph=1> <it= 41> <et=298.88> <Mt= 0.01> <Spt= 0.15> <nCl= 19> <al=0.00> <DB= 4191.2452> <Mlp= 4191.2452> <PB=10000000> 
    RCSP exact solver info for graph G_0 : TT = 0.040662, pt = 0.001925, dt = 0.036522, ct = 0.001197, ndl = 3647', bdl = 71960', odl = 7405', odf = 37320', bsi = 1451', cnt = 2775', bdch = 287824', odch = 55824', lcp = 60243', #sols = 150
<DWph=0> <it= 42> <et=299.01> <Mt= 0.01> <Spt= 0.13> <nCl=150> <al=0.22> <DB= 2647.3829> <Mlp= 4191.2452> <PB=10000000> 
    RCSP exact solver info for graph G_0 : TT = 0.044072, pt = 0.002103, dt = 0.039385, ct = 0.00143, ndl = 4156', bdl = 84917', odl = 7835', odf = 40094', bsi = 1668', cnt = 4165', bdch = 358988', odch = 71211', lcp = 74187', #sols = 150
<DWph=0> <it= 43> <et=299.30> <Mt= 0.14> <Spt= 0.14> <nCl=120> <al=0.30> <DB= 3840.2975> <Mlp= 4191.2452> <PB=10000000> 
    RCSP exact solver info for graph G_0 : TT = 0.043345, pt = 0.002134, dt = 0.038504, ct = 0.001382, ndl = 3915', bdl = 76501', odl = 7506', odf = 38631', bsi = 1439', cnt = 3359', bdch = 313720', odch = 58930', lcp = 64356', #sols = 150
<DWph=0> <it= 44> <et=299.59> <Mt= 0.18> <Spt= 0.11> <nCl= 77> <al=0.20> <DB= 4144.3289> <Mlp= 4191.2452> <PB=10000000> 
    RCSP exact solver info for graph G_0 : TT = 0.041418, pt = 0.001959, dt = 0.036884, ct = 0.001304, ndl = 4132', bdl = 80616', odl = 7919', odf = 40239', bsi = 1444', cnt = 3866', bdch = 367267', odch = 74989', lcp = 81414', #sols = 150
<DWph=0> <it= 45> <et=299.87> <Mt= 0.17> <Spt= 0.12> <nCl= 44> <al=0.28> <DB= 4186.4465> <Mlp= 4191.2452> <PB=10000000> 
    RCSP exact solver info for graph G_0 : TT = 0.040682, pt = 0.002283, dt = 0.035558, ct = 0.001504, ndl = 3875', bdl = 75352', odl = 7809', odf = 39887', bsi = 1454', cnt = 3721', bdch = 327049', odch = 66065', lcp = 72608', #sols = 150
<DWph=0> <it= 46> <et=299.99> <Mt= 0.00> <Spt= 0.11> <nCl= 48> <al=0.18> <DB= 4186.1810> <Mlp= 4191.2452> <PB=10000000> 
    RCSP exact solver info for graph G_0 : TT = 0.040359, pt = 0.002078, dt = 0.035941, ct = 0.001253, ndl = 3963', bdl = 76983', odl = 7844', odf = 40137', bsi = 1434', cnt = 3656', bdch = 334696', odch = 67098', lcp = 73244', #sols = 150
<DWph=0> <it= 47> <et=300.23> <Mt= 0.15> <Spt= 0.09> <nCl= 25> <al=0.26> <DB= 4189.9953> <Mlp= 4191.2452> <PB=10000000> 
    RCSP exact solver info for graph G_0 : TT = 0.041633, pt = 0.002268, dt = 0.036766, ct = 0.001423, ndl = 4148', bdl = 76100', odl = 7832', odf = 40523', bsi = 1427', cnt = 3969', bdch = 338265', odch = 71374', lcp = 75303', #sols = 150
<DWph=0> <it= 48> <et=300.36> <Mt= 0.03> <Spt= 0.10> <nCl= 35> <al=0.16> <DB= 4190.7820> <Mlp= 4191.2435> <PB=10000000> 
    RCSP exact solver info for graph G_0 : TT = 0.041882, pt = 0.002145, dt = 0.037137, ct = 0.001403, ndl = 4188', bdl = 81044', odl = 8022', odf = 41519', bsi = 1456', cnt = 3912', bdch = 357998', odch = 72203', lcp = 78018', #sols = 150
    RCSP exact solver info for graph G_0 : TT = 0.041559, pt = 0.00186, dt = 0.037255, ct = 0.001206, ndl = 3896', bdl = 79252', odl = 7733', odf = 39403', bsi = 1422', cnt = 3060', bdch = 334516', odch = 65694', lcp = 71022', #sols = 150
<DWph=0> <it= 49> <et=300.57> <Mt= 0.01> <Spt= 0.20> <nCl=113> <al=0.00> <DB= 4191.2435> <Mlp= 4191.2435> <PB=10000000> 
RCSP solver dynamic params and stats :  bidir.bord. = 510 aver.obdmd = 9.53279 aver.buck.num. = 11.123 nbR1C = 46 with avMem = 26.9565
@@ 434 3 4191.24 0.0384504 0.040815 48.7555 300.57
    Full reduced cost fixing is not called (gap ratio is 0.999994)
ColGenEvalAlg final dual bound: 4191.24 (rounded: 4191.24)
False gap improvement since the last cut separation : 0.00256995 (4190.17)
----- Cut generation is stopped due to tailing off -----
Current active cuts : CAP(16,355.505) R1C(5+41,209.683) 1rowPackR1C(5) 3rowPackR1C(22) 4rowPackR1C(13) 5rowPackR1C(6)
**** SB phase 3 evaluation of candidate 1, branch 2 ( x[(12, 7)]_0_1339_0_OspV <= 0 ), value = 4177.76
<DWph=2> <it=  1> <et=301.38> <Mt= 0.07> <Spt= 0.09> <nCl= 25> <al=0.00> <DB= 4177.7600> <Mlp= 4177.7600> <PB=10000000> 
<DWph=1> <it=  2> <et=301.48> <Mt= 0.00> <Spt= 0.09> <nCl= 12> <al=0.00> <DB= 4177.7600> <Mlp= 4177.7600> <PB=10000000> 
    RCSP exact solver info for graph G_0 : TT = 0.042888, pt = 0.002412, dt = 0.037338, ct = 0.001299, ndl = 3788', bdl = 82216', odl = 7169', odf = 35316', bsi = 1375', cnt = 3624', bdch = 322119', odch = 59447', lcp = 63585', #sols = 150
<DWph=0> <it=  3> <et=301.55> <Mt= 0.01> <Spt= 0.07> <nCl= 78> <al=0.30> <DB= 4175.9600> <Mlp= 4177.7600> <PB=10000000> 
    RCSP exact solver info for graph G_0 : TT = 0.045807, pt = 0.002317, dt = 0.040862, ct = 0.001252, ndl = 3697', bdl = 80492', odl = 7247', odf = 35846', bsi = 1342', cnt = 3068', bdch = 306877', odch = 54404', lcp = 60161', #sols = 150
<DWph=0> <it=  4> <et=301.71> <Mt= 0.07> <Spt= 0.07> <nCl= 78> <al=0.37> <DB= 4175.9600> <Mlp= 4177.7600> <PB=10000000> 
    RCSP exact solver info for graph G_0 : TT = 0.046455, pt = 0.002172, dt = 0.04159, ct = 0.001274, ndl = 4001', bdl = 90245', odl = 7327', odf = 35886', bsi = 1383', cnt = 3737', bdch = 353223', odch = 62669', lcp = 68124', #sols = 150
    RCSP exact solver info for graph G_0 : TT = 0.045818, pt = 0.00219, dt = 0.040925, ct = 0.001225, ndl = 3738', bdl = 81582', odl = 7244', odf = 35658', bsi = 1337', cnt = 3129', bdch = 321346', odch = 57977', lcp = 63042', #sols = 150
<DWph=0> <it=  5> <et=301.92> <Mt= 0.07> <Spt= 0.15> <nCl=177> <al=0.00> <DB= 4177.7200> <Mlp= 4177.7200> <PB=10000000> 
RCSP solver dynamic params and stats :  bidir.bord. = 525.2 aver.obdmd = 9.53279 aver.buck.num. = 11.123 nbR1C = 51 with avMem = 26.5098
@@ 435 0 4177.72 0.0414413 0.042864 44.8065 301.92
    Full reduced cost fixing is not called (gap ratio is 0.999996)
ColGenEvalAlg final dual bound: 4177.72 (rounded: 4177.72)
Current active cuts : CAP(18,317.617) R1C(5+46,201.715) 1rowPackR1C(5) 3rowPackR1C(31) 4rowPackR1C(12) 5rowPackR1C(3)
21 Rank-1 3-rows pack. cuts added ,  max viol. = 0.2, aver. viol. = 0.2
Building structures for heuristic rank-1 packing cut separation...done!
10 Rank-1 4-rows pack. cuts added ,  max viol. = 0.2, aver. viol. = 0.2
100 Rank-1 5-rows pack. cuts added ,  max viol. = 0.2, aver. viol. = 0.124
Shrinking heuristic shrunk 81 edges
In total 2 RCC cut(s) are found by the Fractional capacity min-cut heuristic 
In total 5 RCC cut(s) are found by the greedy construction heuristic 
In total 4 RCC cut(s) are found by the global pool greedy search heuristic 
----- Add fac. cuts : CAP(11) R1C(131), max.viol = 0.2, aver.viol = 0.2, sep/add took 0.232765/0.720511 sec. -----
29459 columns (8503 active), 453 dyn. constrs. (253 active), 695 art. vars. (495 active)
<DWph=2> <it=  1> <et=303.85> <Mt= 0.89> <Spt= 0.05> <nCl= 30> <al=0.50> <DB=-5759937673.6190> <Mlp= 4177.8250> <PB=10000000> 
<DWph=2> <it=  2> <et=303.99> <Mt= 0.08> <Spt= 0.06> <nCl= 30> <al=0.55> <DB=-1943965214.4065> <Mlp= 4177.8250> <PB=10000000> 
<DWph=2> <it=  3> <et=304.13> <Mt= 0.09> <Spt= 0.05> <nCl= 30> <al=0.60> <DB=-2332742004.6993> <Mlp= 4177.8250> <PB=10000000> 
<DWph=2> <it=  4> <et=304.30> <Mt= 0.11> <Spt= 0.06> <nCl= 30> <al=0.64> <DB=-1469602239.5111> <Mlp= 4177.8250> <PB=10000000> 
<DWph=2> <it=  5> <et=304.45> <Mt= 0.11> <Spt= 0.05> <nCl= 30> <al=0.67> <DB=-472379699.3345> <Mlp= 4177.8250> <PB=10000000> 
<DWph=2> <it=  6> <et=304.59> <Mt= 0.08> <Spt= 0.05> <nCl= 30> <al=0.70> <DB= 1364.4296> <Mlp= 4177.8250> <PB=10000000> 
<DWph=2> <it=  7> <et=304.73> <Mt= 0.08> <Spt= 0.05> <nCl= 30> <al=0.73> <DB= 3154.6767> <Mlp= 4177.8250> <PB=10000000> 
<DWph=2> <it=  8> <et=304.87> <Mt= 0.09> <Spt= 0.06> <nCl= 30> <al=0.76> <DB= 3320.6611> <Mlp= 4177.8250> <PB=10000000> 
<DWph=2> <it=  9> <et=305.05> <Mt= 0.08> <Spt= 0.09> <nCl= 17> <al=0.57> <DB= 3574.8874> <Mlp= 4177.8250> <PB=10000000> 
<DWph=2> <it= 10> <et=305.28> <Mt= 0.09> <Spt= 0.14> <nCl= 40> <al=0.00> <DB= 4177.8250> <Mlp= 4177.8250> <PB=10000000> 
<DWph=1> <it= 11> <et=305.33> <Mt= 0.01> <Spt= 0.05> <nCl= 12> <al=0.58> <DB= 3690.0250> <Mlp= 4177.8250> <PB=10000000> 
<DWph=1> <it= 12> <et=305.56> <Mt= 0.06> <Spt= 0.16> <nCl= 50> <al=0.00> <DB= 4177.8250> <Mlp= 4177.8250> <PB=10000000> 
    RCSP exact solver info for graph G_0 : TT = 0.048003, pt = 0.002097, dt = 0.042949, ct = 0.001382, ndl = 3689', bdl = 75356', odl = 7259', odf = 35429', bsi = 1315', cnt = 2983', bdch = 296513', odch = 59230', lcp = 59870', #sols = 150
    RCSP exact solver info for graph G_0 : TT = 0.044515, pt = 0.001769, dt = 0.04004, ct = 0.001332, ndl = 3947', bdl = 79422', odl = 7833', odf = 38540', bsi = 1340', cnt = 3330', bdch = 346767', odch = 71210', lcp = 73612', #sols = 150
    RCSP exact solver info for graph G_0 : TT = 0.04331, pt = 0.001866, dt = 0.039019, ct = 0.001196, ndl = 3913', bdl = 79916', odl = 7721', odf = 38269', bsi = 1329', cnt = 3395', bdch = 332102', odch = 66111', lcp = 69929', #sols = 150
<DWph=0> <it= 13> <et=305.85> <Mt= 0.01> <Spt= 0.29> <nCl=243> <al=0.00> <DB= 4177.8250> <Mlp= 4177.8250> <PB=10000000> 
RCSP solver dynamic params and stats :  bidir.bord. = 510 aver.obdmd = 9.53279 aver.buck.num. = 11.123 nbR1C = 49 with avMem = 25.8776
@@ 435 1 4177.82 0.0419727 0.044331 48.7555 305.85
    Full reduced cost fixing is not called (gap ratio is 0.999996)
ColGenEvalAlg final dual bound: 4177.82 (rounded: 4177.82)
False gap improvement since the last cut separation : 0.000251333 (4177.72)
Cut generation tailing off counter increased to 1
Current active cuts : CAP(18,321.993) R1C(5+44,203.878) 1rowPackR1C(5) 3rowPackR1C(29) 4rowPackR1C(11) 5rowPackR1C(4)
61 Rank-1 3-rows pack. cuts added ,  max viol. = 0.25, aver. viol. = 0.25
Building structures for heuristic rank-1 packing cut separation...done!
11 Rank-1 4-rows pack. cuts added ,  max viol. = 0.25, aver. viol. = 0.25
100 Rank-1 5-rows pack. cuts added ,  max viol. = 0.25, aver. viol. = 0.16125
Shrinking heuristic shrunk 84 edges
----- Add fac. cuts : R1C(172), max.viol = 0.25, aver.viol = 0.25, sep/add took 0.203493/0.79558 sec. -----
30061 columns (9105 active), 625 dyn. constrs. (274 active), 867 art. vars. (516 active)
<DWph=2> <it=  1> <et=307.51> <Mt= 0.57> <Spt= 0.05> <nCl= 30> <al=0.50> <DB=-2160032792.5732> <Mlp= 4177.8250> <PB=10000000> 
<DWph=2> <it=  2> <et=307.78> <Mt= 0.21> <Spt= 0.05> <nCl= 30> <al=0.55> <DB=-18458.1299> <Mlp= 4177.8250> <PB=10000000> 
<DWph=2> <it=  3> <et=308.04> <Mt= 0.22> <Spt= 0.05> <nCl= 10> <al=0.60> <DB=  967.0725> <Mlp= 4177.8250> <PB=10000000> 
<DWph=2> <it=  4> <et=308.29> <Mt= 0.19> <Spt= 0.05> <nCl= 30> <al=0.64> <DB= -133.1913> <Mlp= 4177.8250> <PB=10000000> 
<DWph=2> <it=  5> <et=308.56> <Mt= 0.22> <Spt= 0.05> <nCl= 30> <al=0.67> <DB= 1204.6166> <Mlp= 4177.8250> <PB=10000000> 
<DWph=2> <it=  6> <et=308.86> <Mt= 0.21> <Spt= 0.10> <nCl= 34> <al=0.41> <DB=-781818054.7922> <Mlp= 4177.8250> <PB=10000000> 
<DWph=1> <it=  7> <et=309.18> <Mt= 0.25> <Spt= 0.05> <nCl= 30> <al=0.60> <DB= 2212.7255> <Mlp= 4177.8250> <PB=10000000> 
<DWph=1> <it=  8> <et=309.41> <Mt= 0.18> <Spt= 0.06> <nCl= 30> <al=0.64> <DB= 1496.9091> <Mlp= 4177.8250> <PB=10000000> 
<DWph=1> <it=  9> <et=309.76> <Mt= 0.24> <Spt= 0.11> <nCl= 16> <al=0.36> <DB= 3121.5473> <Mlp= 4177.8250> <PB=10000000> 
<DWph=1> <it= 10> <et=309.99> <Mt= 0.18> <Spt= 0.05> <nCl= 11> <al=0.58> <DB= 3876.6619> <Mlp= 4177.8250> <PB=10000000> 
<DWph=1> <it= 11> <et=310.34> <Mt= 0.18> <Spt= 0.16> <nCl= 45> <al=0.00> <DB= 1295.9215> <Mlp= 4177.8250> <PB=10000000> 
<DWph=1> <it= 12> <et=310.60> <Mt= 0.20> <Spt= 0.06> <nCl= 20> <al=0.52> <DB= 4162.4684> <Mlp= 4177.8250> <PB=10000000> 
<DWph=1> <it= 13> <et=310.95> <Mt= 0.20> <Spt= 0.16> <nCl= 44> <al=0.00> <DB= 4177.8250> <Mlp= 4177.8250> <PB=10000000> 
<DWph=0> <it= 14> <et=310.95> <Mt= 0.00> <Spt= 0.00> <nCl=  0> <al=0.47> <DB= 4177.8250> <Mlp= 4177.8250> <PB=10000000> 
@@ 435 2 4177.82 0 0 48.7555 310.95
ColGenEvalAlg final dual bound: 4177.82 (rounded: 4177.82)
False gap improvement since the last cut separation : 4.35391e-15 (4177.83)
Cut generation tailing off counter increased to 2
Current active cuts : CAP(18,321.32) R1C(5+44,218.701) 1rowPackR1C(5) 3rowPackR1C(28) 4rowPackR1C(12) 5rowPackR1C(4)
15 Rank-1 3-rows pack. cuts added ,  max viol. = 0.25, aver. viol. = 0.25
Building structures for heuristic rank-1 packing cut separation...done!
18 Rank-1 4-rows pack. cuts added ,  max viol. = 0.25, aver. viol. = 0.25
100 Rank-1 5-rows pack. cuts added ,  max viol. = 0.25, aver. viol. = 0.2075
Shrinking heuristic shrunk 82 edges
----- Add fac. cuts : R1C(133), max.viol = 0.25, aver.viol = 0.25, sep/add took 0.203911/0.858785 sec. -----
30421 columns (9465 active), 758 dyn. constrs. (407 active), 1000 art. vars. (649 active)
<DWph=2> <it=  1> <et=312.44> <Mt= 0.35> <Spt= 0.05> <nCl= 30> <al=0.50> <DB=-719988573.4029> <Mlp= 4177.8250> <PB=10000000> 
<DWph=2> <it=  2> <et=312.94> <Mt= 0.39> <Spt= 0.10> <nCl= 31> <al=0.10> <DB= 3428.8339> <Mlp= 4177.8250> <PB=10000000> 
<DWph=1> <it=  3> <et=313.33> <Mt= 0.28> <Spt= 0.12> <nCl= 11> <al=0.00> <DB= 4177.8250> <Mlp= 4177.8250> <PB=10000000> 
<DWph=0> <it=  4> <et=313.33> <Mt= 0.00> <Spt= 0.00> <nCl=  0> <al=0.35> <DB= 4177.8250> <Mlp= 4177.8250> <PB=10000000> 
@@ 435 3 4177.82 0 0 48.7555 313.34
ColGenEvalAlg final dual bound: 4177.82 (rounded: 4177.82)
False gap improvement since the last cut separation : -1.08848e-14 (4177.83)
----- Cut generation is stopped due to tailing off -----
Current active cuts : CAP(19,320.461) R1C(5+48,219.867) 1rowPackR1C(5) 3rowPackR1C(30) 4rowPackR1C(13) 5rowPackR1C(5)
SB exact phase 3 branch on var x[(12, 7)]_0_1339_0_OspV (lhs=0.5) : [4191.2435, 4177.825], tree depth = 1e+12, tree size = 1e+12, score = -0.2941 (h)
SB with phases chosed candidate var x[(12, 7)]_0_1339_0_OspV (lhs=0.5)
************************************************************************************************
**** BaB tree node (N° 11, parent N° 8, depth 5, treatOrderId 435)
**** Local DB = 4177.82, global bounds : [ 4177.82 , 1e+07 ], TIME = 0h5m13s41t = 31341
**** 6 open nodes, 30493 columns (9537 active), 619 dyn. constrs. (407 active), 861 art. vars. (649 active)
************************************************************************************************
**** Strong branching phase 1 is started *****
SB phase 1 cand.  1 branch on var x[(23, 95)]_0_2757_0_OspV (lhs=0.5000)   : [ 4177.8500,  4180.2617], score = 0.06 (h)  <et=314.22>
SB phase 1 cand.  2 branch on var x[(105, 15)]_0_12600_0_OspV (lhs=0.5000) : [ 4178.3000,  4180.2000], score = 1.13      <et=315.35>
SB phase 1 cand.  3 branch on var x[(33, 94)]_0_3966_0_OspV (lhs=0.5000)   : [ 4178.3000,  4179.2500], score = 0.68 (h)  <et=316.8>
SB phase 1 cand.  4 branch on var x[(105, 33)]_0_12618_0_OspV (lhs=0.5000) : [ 4178.3000,  4187.2221], score = 4.46      <et=317.52>
SB phase 1 cand.  5 branch on var x[(94, 46)]_0_11300_0_OspV (lhs=0.5000)  : [ 4177.9333,  4178.3000], score = 0.05 (h)  <et=318.31>
SB phase 1 cand.  6 branch on var x[(12, 105)]_0_1436_0_OspV (lhs=0.5000)  : [ 4178.3000,  4187.5000], score = 4.60      <et=319.01>
SB phase 1 cand.  7 branch on var x[(94, 27)]_0_11281_0_OspV (lhs=0.5000)  : [ 4177.9333,  4178.3000], score = 0.05 (h)  <et=319.5>
SB phase 1 cand.  8 branch on var x[(33, 46)]_0_3918_0_OspV (lhs=0.5000)   : [ 4177.9333,  4178.3000], score = 0.05      <et=320.12>
SB phase 1 cand.  9 branch on var x[(72, 82)]_0_8673_0_OspV (lhs=0.2500)   : [ 4177.9500,  4179.6500], score = 0.23 (h)  <et=321.07>
SB phase 1 cand. 10 branch on var x[(35, 0)]_0_4115_0_OspV (lhs=0.5000)    : [ 4177.9000,  4178.1466], score = 0.02      <et=322.14>
SB phase 1 cand. 11 branch on var x[(7, 105)]_0_831_0_OspV (lhs=0.5000)    : [ 4178.3000,  4178.4625], score = 0.30 (h)  <et=323.04>
SB phase 1 cand. 12 branch on var x[(7, 15)]_0_741_0_OspV (lhs=0.5000)     : [ 4178.3000,  4180.2000], score = 1.13      <et=324.18>
SB phase 1 cand. 13 branch on var x[(72, 22)]_0_8614_0_OspV (lhs=0.2500)   : [ 4177.9500,  4179.7500], score = 0.24 (h)  <et=325.33>
SB phase 1 cand. 14 branch on var x[(72, 0)]_0_8592_0_OspV (lhs=0.5000)    : [ 4177.8375,  4177.9500], score = 0.00      <et=326.26>
SB phase 1 cand. 15 branch on var x[(69, 73)]_0_8301_0_OspV (lhs=0.5000)   : [ 4178.3000,  4178.6100], score = 0.37 (h)  <et=327>
SB phase 1 cand. 16 branch on var x[(82, 75)]_0_9877_0_OspV (lhs=0.5000)   : [ 4177.8375,  4177.9500], score = 0.00      <et=328.16>
SB phase 1 cand. 17 branch on var x[(69, 94)]_0_8322_0_OspV (lhs=0.5000)   : [ 4178.3000,  4178.5390], score = 0.34 (h)  <et=329.46>
SB phase 1 cand. 18 branch on var x[(96, 22)]_0_11518_0_OspV (lhs=0.5000)  : [ 4177.9500,  4178.0583], score = 0.03      <et=330.72>
SB phase 1 cand. 19 branch on var x[(60, 97)]_0_7236_0_OspV (lhs=0.5000)   : [ 4178.3000,  4179.2500], score = 0.68 (h)  <et=331.54>
SB phase 1 cand. 20 branch on var x[(97, 113)]_0_11729_0_OspV (lhs=0.5000) : [ 4178.0250,  4179.2500], score = 0.29      <et=332.41>
SB phase 1 cand. 21 branch on var x[(110, 113)]_0_13302_0_OspV (lhs=0.5000): [ 4178.3000,  4178.6277], score = 0.38 (h)  <et=333.49>
SB phase 1 cand. 22 branch on var x[(97, 23)]_0_11640_0_OspV (lhs=0.5000)  : [ 4178.0250,  4178.1500], score = 0.07      <et=334.27>
SB phase 1 cand. 23 branch on var x[(28, 37)]_0_3304_0_OspV (lhs=0.2500)   : [ 4177.8500,  4180.2000], score = 0.06 (h)  <et=335.18>
SB phase 1 cand. 24 branch on var x[(0, 101)]_0_12100_0_OspV (lhs=0.7500)  : [ 4177.8500,  4178.4250], score = 0.02      <et=336.06>
SB phase 1 cand. 25 branch on var x[(73, 12)]_0_8725_0_OspV (lhs=0.5000)   : [ 4178.2500,  4178.3000], score = 0.20 (h)  <et=336.76>
SB phase 1 cand. 26 branch on var x[(0, 109)]_0_13068_0_OspV (lhs=0.7500)  : [ 4177.8450,  4178.3500], score = 0.01      <et=337.52>
SB phase 1 cand. 27 branch on var x[(12, 73)]_0_1404_0_OspV (lhs=0.5000)   : [ 4178.2500,  4178.3000], score = 0.20 (h)  <et=338.13>
SB phase 1 cand. 28 branch on var x[(0, 19)]_0_2178_0_OspV (lhs=0.7500)    : [ 4177.8500,  4177.9500], score = 0.00      <et=339.18>
SB phase 1 cand. 29 branch on var x[(106, 27)]_0_12733_0_OspV (lhs=0.2500) : [ 4177.8300,  4178.0802], score = 0.00 (h)  <et=339.97>
SB phase 1 cand. 30 branch on var x[(0, 75)]_0_8954_0_OspV (lhs=0.2500)    : [ 4177.8450,  4178.3351], score = 0.01      <et=340.92>
SB phase 1 cand. 31 branch on var x[(19, 81)]_0_2259_0_OspV (lhs=0.2500)   : [ 4177.8500,  4177.9500], score = 0.00 (h)  <et=341.65>
SB phase 1 cand. 32 branch on var x[(0, 78)]_0_9317_0_OspV (lhs=0.2500)    : [ 4177.8500,  4177.9500], score = 0.00      <et=342.78>
SB phase 1 cand. 33 branch on var x[(28, 10)]_0_3278_0_OspV (lhs=0.7500)   : [ 4177.8500,  4180.0701], score = 0.06 (h)  <et=343.84>
SB phase 1 cand. 34 branch on var x[(0, 95)]_0_11374_0_OspV (lhs=0.2500)   : [ 4177.8333,  4177.9500], score = 0.00      <et=344.78>
SB phase 1 cand. 35 branch on var x[(96, 81)]_0_11577_0_OspV (lhs=0.5000)  : [ 4177.9000,  4178.8000], score = 0.07 (h)  <et=346.03>
SB phase 1 cand. 36 branch on var x[(1, 18)]_0_18_0_OspV (lhs=0.2500)      : [ 4177.9500,  4178.1000], score = 0.03      <et=346.77>
SB phase 1 cand. 37 branch on var x[(73, 33)]_0_8746_0_OspV (lhs=0.5000)   : [ 4178.2263,  4178.3000], score = 0.19 (h)  <et=347.53>
SB phase 1 cand. 38 branch on var x[(1, 7)]_0_7_0_OspV (lhs=0.7500)        : [ 4177.9500,  4178.1000], score = 0.03      <et=348.38>
SB phase 1 cand. 39 branch on var x[(113, 97)]_0_13650_0_OspV (lhs=0.5000) : [ 4178.2263,  4178.3000], score = 0.19 (h)  <et=349.27>
SB phase 1 cand. 40 branch on var x[(10, 37)]_0_1126_0_OspV (lhs=0.7500)   : [ 4177.9500,  4178.4611], score = 0.08      <et=350.38>
SB phase 1 cand. 41 branch on var x[(60, 12)]_0_7152_0_OspV (lhs=0.5000)   : [ 4178.2263,  4178.3000], score = 0.19 (h)  <et=351.19>
SB phase 1 cand. 42 branch on var x[(10, 75)]_0_1164_0_OspV (lhs=0.2500)   : [ 4177.8250,  4181.5000], score = 0.00      <et=351.96>
SB phase 1 cand. 43 branch on var x[(0, 16)]_0_1815_0_OspV (lhs=0.2500)    : [ 4177.8500,  4180.2000], score = 0.06 (h)  <et=352.85>
SB phase 1 cand. 44 branch on var x[(106, 30)]_0_12736_0_OspV (lhs=0.7500) : [ 4177.8300,  4178.0767], score = 0.00      <et=353.64>
SB phase 1 cand. 45 branch on var x[(0, 82)]_0_9801_0_OspV (lhs=0.7500)    : [ 4177.9500,  4178.4000], score = 0.07 (h)  <et=354.48>
SB phase 1 cand. 46 branch on var x[(110, 0)]_0_13190_0_OspV (lhs=0.2500)  : [ 4177.9500,  4182.3750], score = 0.57      <et=355.56>
SB phase 1 cand. 47 branch on var x[(55, 23)]_0_6558_0_OspV (lhs=0.5000)   : [ 4177.8500,  4180.3000], score = 0.06 (h)  <et=356.81>
SB phase 1 cand. 48 branch on var x[(110, 76)]_0_13266_0_OspV (lhs=0.2500) : [ 4177.8500,  4179.3500], score = 0.04      <et=357.81>
SB phase 1 cand. 49 branch on var x[(113, 18)]_0_13571_0_OspV (lhs=0.5000) : [ 4177.9250,  4178.8365], score = 0.10 (h)  <et=358.58>
SB phase 1 cand. 50 branch on var x[(116, 0)]_0_13916_0_OspV (lhs=0.2500)  : [ 4177.8500,  4178.2250], score = 0.01      <et=359.67>
**** Strong branching phase 2 is started *****
<DWph=1> <it=  9> <et=361.72> <Mt= 1.32> <Spt= 0.70> <nCl=127> <al=0.00> <DB= 4187.2833> <Mlp= 4187.2833> <PB=10000000> 
In total 16 RCC cut(s) are found by the connected components heuristic 
Shrinking heuristic shrunk 111 edges
In total 8 RCC cut(s) are found by the Fractional capacity min-cut heuristic 
In total 7 RCC cut(s) are found by the global pool greedy search heuristic 
----- Add core cuts : CAP(31), max.viol = 1, aver.viol = 1, sep/add took 0.032499/0.707788 sec. -----
<DWph=1> <it=  7> <et=364.04> <Mt= 0.67> <Spt= 0.70> <nCl= 79> <al=0.00> <DB= 4178.7151> <Mlp= 4178.7151> <PB=10000000> 
SB phase 2 cand.  1 branch on var x[(12, 105)]_0_1436_0_OspV (lhs=0.5000) : [ 4178.7151,  4187.2833], score = 8.42      <et=364.07>
<DWph=1> <it= 22> <et=366.94> <Mt= 0.91> <Spt= 1.81> <nCl=365> <al=0.00> <DB= 4185.2800> <Mlp= 4185.2800> <PB=10000000> 
In total 16 RCC cut(s) are found by the connected components heuristic 
Shrinking heuristic shrunk 111 edges
In total 8 RCC cut(s) are found by the Fractional capacity min-cut heuristic 
In total 7 RCC cut(s) are found by the global pool greedy search heuristic 
----- Add core cuts : CAP(31), max.viol = 1, aver.viol = 1, sep/add took 0.0280103/0.71927 sec. -----
<DWph=1> <it=  9> <et=370.91> <Mt= 2.10> <Spt= 0.95> <nCl=188> <al=0.00> <DB= 4178.3550> <Mlp= 4178.3550> <PB=10000000> 
SB phase 2 cand.  2 branch on var x[(105, 33)]_0_12618_0_OspV (lhs=0.5000): [ 4178.3550,  4185.2800], score = 3.95      <et=370.96>
In total 16 RCC cut(s) are found by the connected components heuristic 
Shrinking heuristic shrunk 111 edges
In total 8 RCC cut(s) are found by the Fractional capacity min-cut heuristic 
In total 11 RCC cut(s) are found by the global pool greedy search heuristic 
----- Add core cuts : CAP(35), max.viol = 1, aver.viol = 1, sep/add took 0.0334581/0.797348 sec. -----
<DWph=1> <it= 29> <et=380.34> <Mt= 5.51> <Spt= 2.90> <nCl=441> <al=0.00> <DB= 4180.6714> <Mlp= 4180.6714> <PB=10000000> 
In total 16 RCC cut(s) are found by the connected components heuristic 
Shrinking heuristic shrunk 111 edges
In total 8 RCC cut(s) are found by the Fractional capacity min-cut heuristic 
In total 8 RCC cut(s) are found by the global pool greedy search heuristic 
----- Add core cuts : CAP(32), max.viol = 1, aver.viol = 1, sep/add took 0.0277649/0.686533 sec. -----
<DWph=1> <it=  8> <et=382.89> <Mt= 0.76> <Spt= 0.90> <nCl=167> <al=0.00> <DB= 4178.8750> <Mlp= 4178.8750> <PB=10000000> 
SB phase 2 cand.  3 branch on var x[(105, 15)]_0_12600_0_OspV (lhs=0.5000): [ 4178.8750,  4180.6714], score = 2.99      <et=382.95>
**** Strong branching phase 3 is started *****
**** SB phase 3 evaluation of candidate 1, branch 1 ( x[(12, 105)]_0_1436_0_OspV >= 1 ), value = 4187.28
<DWph=2> <it=  1> <et=383.21> <Mt= 0.00> <Spt= 0.13> <nCl=  1> <al=0.00> <DB= 4187.2833> <Mlp= 4187.2833> <PB=10000000> 
<DWph=1> <it=  2> <et=383.36> <Mt= 0.00> <Spt= 0.15> <nCl=  5> <al=0.00> <DB= 4187.2833> <Mlp= 4187.2833> <PB=10000000> 
    RCSP exact solver info for graph G_0 : TT = 0.047336, pt = 0.001753, dt = 0.042774, ct = 0.001344, ndl = 4458', bdl = 89269', odl = 8466', odf = 43077', bsi = 1484', cnt = 3782', bdch = 417887', odch = 88576', lcp = 88707', #sols = 150
<DWph=0> <it=  3> <et=383.51> <Mt= 0.01> <Spt= 0.14> <nCl=150> <al=0.30> <DB= 3729.4833> <Mlp= 4187.2833> <PB=10000000> 
    RCSP exact solver info for graph G_0 : TT = 0.043808, pt = 0.002009, dt = 0.039317, ct = 0.001256, ndl = 4456', bdl = 88356', odl = 8473', odf = 43665', bsi = 1391', cnt = 3635', bdch = 401335', odch = 85629', lcp = 87061', #sols = 150
<DWph=0> <it=  4> <et=383.75> <Mt= 0.13> <Spt= 0.12> <nCl= 67> <al=0.20> <DB= 4176.7533> <Mlp= 4187.2833> <PB=10000000> 
    RCSP exact solver info for graph G_0 : TT = 0.04948, pt = 0.002004, dt = 0.044691, ct = 0.001458, ndl = 4669', bdl = 91389', odl = 8263', odf = 42868', bsi = 1437', cnt = 3626', bdch = 430594', odch = 85752', lcp = 91628', #sols = 150
<DWph=0> <it=  5> <et=384.02> <Mt= 0.14> <Spt= 0.12> <nCl= 42> <al=0.10> <DB= 4186.2303> <Mlp= 4187.2833> <PB=10000000> 
    RCSP exact solver info for graph G_0 : TT = 0.046076, pt = 0.002034, dt = 0.041014, ct = 0.001633, ndl = 4447', bdl = 95735', odl = 8092', odf = 41211', bsi = 1443', cnt = 3282', bdch = 430298', odch = 84744', lcp = 87465', #sols = 150
<DWph=0> <it=  6> <et=384.18> <Mt= 0.02> <Spt= 0.14> <nCl=116> <al=0.00> <DB= 4186.8335> <Mlp= 4187.2500> <PB=10000000> 
    RCSP exact solver info for graph G_0 : TT = 0.046793, pt = 0.001902, dt = 0.042187, ct = 0.00139, ndl = 4386', bdl = 90921', odl = 8212', odf = 42122', bsi = 1467', cnt = 3593', bdch = 414174', odch = 79928', lcp = 85666', #sols = 150
<DWph=0> <it=  7> <et=384.38> <Mt= 0.01> <Spt= 0.12> <nCl= 63> <al=0.00> <DB= 4186.8000> <Mlp= 4187.2500> <PB=10000000> 
    RCSP exact solver info for graph G_0 : TT = 0.045454, pt = 0.001952, dt = 0.040731, ct = 0.001461, ndl = 4500', bdl = 95528', odl = 8251', odf = 42011', bsi = 1480', cnt = 3153', bdch = 427974', odch = 83235', lcp = 88270', #sols = 150
    RCSP exact solver info for graph G_0 : TT = 0.046169, pt = 0.002356, dt = 0.041389, ct = 0.001225, ndl = 4271', bdl = 86343', odl = 7992', odf = 40936', bsi = 1415', cnt = 3225', bdch = 382703', odch = 74797', lcp = 79268', #sols = 150
<DWph=0> <it=  8> <et=384.61> <Mt= 0.01> <Spt= 0.22> <nCl=120> <al=0.00> <DB= 4187.2500> <Mlp= 4187.2500> <PB=10000000> 
RCSP solver dynamic params and stats :  bidir.bord. = 520.5 aver.obdmd = 9.53279 aver.buck.num. = 11.123 nbR1C = 48 with avMem = 27.5417
@@ 542 0 4187.25 0.0431243 0.046149 48.7555 384.61
    Full reduced cost fixing is not called (gap ratio is 0.999995)
ColGenEvalAlg final dual bound: 4187.25 (rounded: 4187.25)
Current active cuts : CAP(13,311.477) R1C(5+43,196.906) 1rowPackR1C(5) 3rowPackR1C(26) 4rowPackR1C(12) 5rowPackR1C(5)
55 Rank-1 3-rows pack. cuts added ,  max viol. = 0.333333, aver. viol. = 0.251515
Building structures for heuristic rank-1 packing cut separation...done!
23 Rank-1 4-rows pack. cuts added ,  max viol. = 0.333333, aver. viol. = 0.311594
100 Rank-1 5-rows pack. cuts added ,  max viol. = 0.333333, aver. viol. = 0.28
In total 1 RCC cut(s) are found by the connected components heuristic 
Shrinking heuristic shrunk 85 edges
In total 16 RCC cut(s) are found by the Fractional capacity min-cut heuristic 
In total 16 RCC cut(s) are found by the greedy construction heuristic 
In total 54 RCC cut(s) are found by the global pool greedy search heuristic 
----- Add fac. cuts : CAP(87) R1C(178), max.viol = 0.666667, aver.viol = 0.308805, sep/add took 0.255354/2.61342 sec. -----
31116 columns (6812 active), 891 dyn. constrs. (352 active), 1235 art. vars. (594 active)
#<DWph=2> <it=  1> <et=388.20> <Mt= 0.44> <Spt= 0.09> <nCl= 30> <al=0.50> <DB=-4211165114.4512> <Mlp=2713864.1718> <PB=10000000> 
#<DWph=2> <it=  2> <et=388.33> <Mt= 0.04> <Spt= 0.08> <nCl= 30> <al=0.55> <DB=-6357242659.9623> <Mlp=2693859.8216> <PB=10000000> 
#<DWph=2> <it=  3> <et=388.44> <Mt= 0.03> <Spt= 0.08> <nCl= 30> <al=0.60> <DB=-4163894658.2748> <Mlp=2098878.6251> <PB=10000000> 
#<DWph=2> <it=  4> <et=388.56> <Mt= 0.04> <Spt= 0.08> <nCl= 30> <al=0.64> <DB=-1870281137.7663> <Mlp=1804862.7865> <PB=10000000> 
#<DWph=2> <it=  5> <et=388.67> <Mt= 0.03> <Spt= 0.08> <nCl= 30> <al=0.67> <DB=-2745590437.9364> <Mlp=1165266.4751> <PB=10000000> 
#<DWph=2> <it=  6> <et=388.77> <Mt= 0.01> <Spt= 0.09> <nCl= 30> <al=0.70> <DB=-1887984676.3653> <Mlp=666927.2881> <PB=10000000> 
<DWph=2> <it=  7> <et=388.88> <Mt= 0.03> <Spt= 0.08> <nCl= 30> <al=0.73> <DB=-1530529210.0649> <Mlp= 4284.3295> <PB=10000000> 
<DWph=2> <it=  8> <et=389.02> <Mt= 0.05> <Spt= 0.08> <nCl= 30> <al=0.76> <DB=-1033070987.7189> <Mlp= 4229.4153> <PB=10000000> 
<DWph=2> <it=  9> <et=389.16> <Mt= 0.06> <Spt= 0.09> <nCl= 30> <al=0.78> <DB=-309926247.6817> <Mlp= 4229.4153> <PB=10000000> 
<DWph=2> <it= 10> <et=389.32> <Mt= 0.08> <Spt= 0.08> <nCl= 30> <al=0.81> <DB=  289.0655> <Mlp= 4229.4153> <PB=10000000> 
<DWph=2> <it= 11> <et=389.57> <Mt= 0.16> <Spt= 0.08> <nCl= 30> <al=0.83> <DB=-1201.6354> <Mlp= 4210.2910> <PB=10000000> 
<DWph=2> <it= 12> <et=389.78> <Mt= 0.13> <Spt= 0.08> <nCl= 30> <al=0.84> <DB=   54.4478> <Mlp= 4195.6181> <PB=10000000> 
<DWph=2> <it= 13> <et=389.88> <Mt= 0.01> <Spt= 0.09> <nCl= 30> <al=0.86> <DB= 1503.5702> <Mlp= 4195.6181> <PB=10000000> 
<DWph=2> <it= 14> <et=389.97> <Mt= 0.02> <Spt= 0.08> <nCl= 18> <al=0.87> <DB= 4188.3135> <Mlp= 4195.6181> <PB=10000000> 
<DWph=2> <it= 15> <et=390.07> <Mt= 0.01> <Spt= 0.07> <nCl= 30> <al=0.77> <DB= 1537.5035> <Mlp= 4195.6181> <PB=10000000> 
<DWph=2> <it= 16> <et=390.16> <Mt= 0.01> <Spt= 0.09> <nCl= 24> <al=0.80> <DB= 3911.0413> <Mlp= 4195.6181> <PB=10000000> 
<DWph=2> <it= 17> <et=390.26> <Mt= 0.02> <Spt= 0.07> <nCl= 18> <al=0.82> <DB= 3965.4744> <Mlp= 4195.2756> <PB=10000000> 
<DWph=2> <it= 18> <et=390.41> <Mt= 0.07> <Spt= 0.08> <nCl= 14> <al=0.83> <DB= 4179.4849> <Mlp= 4193.0190> <PB=10000000> 
<DWph=2> <it= 19> <et=390.59> <Mt= 0.11> <Spt= 0.08> <nCl= 17> <al=0.85> <DB= 4170.3180> <Mlp= 4191.7113> <PB=10000000> 
<DWph=2> <it= 20> <et=390.79> <Mt= 0.12> <Spt= 0.08> <nCl= 17> <al=0.87> <DB= 4188.7375> <Mlp= 4191.4750> <PB=10000000> 
<DWph=2> <it= 21> <et=391.06> <Mt= 0.19> <Spt= 0.07> <nCl=  8> <al=0.88> <DB= 4185.7493> <Mlp= 4191.4750> <PB=10000000> 
<DWph=2> <it= 22> <et=391.50> <Mt= 0.37> <Spt= 0.07> <nCl=  6> <al=0.89> <DB= 4188.9425> <Mlp= 4190.6253> <PB=10000000> 
<DWph=2> <it= 23> <et=391.59> <Mt= 0.02> <Spt= 0.07> <nCl=  8> <al=0.90> <DB= 4050.7651> <Mlp= 4190.6187> <PB=10000000> 
<DWph=2> <it= 24> <et=391.73> <Mt= 0.06> <Spt= 0.08> <nCl=  8> <al=0.91> <DB= 3841.1672> <Mlp= 4190.6110> <PB=10000000> 
<DWph=2> <it= 25> <et=391.80> <Mt= 0.01> <Spt= 0.07> <nCl=  6> <al=0.92> <DB= 4189.0746> <Mlp= 4190.6110> <PB=10000000> 
<DWph=2> <it= 26> <et=391.88> <Mt= 0.01> <Spt= 0.07> <nCl=  9> <al=0.93> <DB= 2667.4320> <Mlp= 4190.6062> <PB=10000000> 
<DWph=2> <it= 27> <et=392.06> <Mt= 0.02> <Spt= 0.15> <nCl= 18> <al=0.87> <DB= 3896.0763> <Mlp= 4190.4525> <PB=10000000> 
<DWph=2> <it= 28> <et=392.16> <Mt= 0.03> <Spt= 0.08> <nCl=  5> <al=0.84> <DB= 4189.3008> <Mlp= 4190.4525> <PB=10000000> 
<DWph=2> <it= 29> <et=392.30> <Mt= 0.06> <Spt= 0.07> <nCl=  7> <al=0.85> <DB= 4186.9573> <Mlp= 4190.4525> <PB=10000000> 
<DWph=2> <it= 30> <et=392.48> <Mt= 0.02> <Spt= 0.16> <nCl=  8> <al=0.73> <DB= 4177.8521> <Mlp= 4190.4525> <PB=10000000> 
<DWph=2> <it= 31> <et=392.57> <Mt= 0.01> <Spt= 0.08> <nCl= 13> <al=0.77> <DB= 4186.7542> <Mlp= 4190.4525> <PB=10000000> 
<DWph=2> <it= 32> <et=392.71> <Mt= 0.06> <Spt= 0.08> <nCl= 12> <al=0.67> <DB= 3618.9060> <Mlp= 4190.4333> <PB=10000000> 
<DWph=2> <it= 33> <et=392.83> <Mt= 0.05> <Spt= 0.07> <nCl= 10> <al=0.70> <DB= 4183.1699> <Mlp= 4190.4280> <PB=10000000> 
<DWph=2> <it= 34> <et=392.99> <Mt= 0.07> <Spt= 0.09> <nCl= 30> <al=0.73> <DB=-1445.7500> <Mlp= 4190.2809> <PB=10000000> 
<DWph=2> <it= 35> <et=393.22> <Mt= 0.07> <Spt= 0.16> <nCl= 20> <al=0.51> <DB= 4175.4545> <Mlp= 4190.2809> <PB=10000000> 
<DWph=2> <it= 36> <et=393.39> <Mt= 0.03> <Spt= 0.14> <nCl= 15> <al=0.31> <DB= 4181.1961> <Mlp= 4190.2500> <PB=10000000> 
<DWph=2> <it= 37> <et=393.56> <Mt= 0.02> <Spt= 0.15> <nCl= 19> <al=0.11> <DB= 3329.2482> <Mlp= 4190.2500> <PB=10000000> 
<DWph=2> <it= 38> <et=393.87> <Mt= 0.16> <Spt= 0.14> <nCl= 17> <al=0.00> <DB= 4166.2500> <Mlp= 4190.2500> <PB=10000000> 
<DWph=2> <it= 39> <et=394.03> <Mt= 0.02> <Spt= 0.15> <nCl= 20> <al=0.00> <DB= 4188.8587> <Mlp= 4190.2500> <PB=10000000> 
<DWph=2> <it= 40> <et=394.20> <Mt= 0.01> <Spt= 0.15> <nCl= 17> <al=0.00> <DB= 4189.7947> <Mlp= 4190.2500> <PB=10000000> 
<DWph=2> <it= 41> <et=394.28> <Mt= 0.01> <Spt= 0.08> <nCl= 21> <al=0.16> <DB= 4189.7303> <Mlp= 4190.2500> <PB=10000000> 
<DWph=2> <it= 42> <et=394.37> <Mt= 0.01> <Spt= 0.07> <nCl= 15> <al=0.24> <DB= 4189.8261> <Mlp= 4190.2500> <PB=10000000> 
<DWph=2> <it= 43> <et=394.45> <Mt= 0.01> <Spt= 0.07> <nCl=  2> <al=0.14> <DB= 4189.7335> <Mlp= 4190.2500> <PB=10000000> 
<DWph=2> <it= 44> <et=394.60> <Mt= 0.01> <Spt= 0.14> <nCl=  8> <al=0.00> <DB= 4190.2500> <Mlp= 4190.2500> <PB=10000000> 
<DWph=1> <it= 45> <et=394.70> <Mt= 0.00> <Spt= 0.10> <nCl= 30> <al=0.13> <DB= 3852.4540> <Mlp= 4190.2500> <PB=10000000> 
<DWph=1> <it= 46> <et=395.03> <Mt= 0.25> <Spt= 0.09> <nCl= 30> <al=0.03> <DB= 3851.2248> <Mlp= 4190.2500> <PB=10000000> 
<DWph=1> <it= 47> <et=395.37> <Mt= 0.25> <Spt= 0.08> <nCl= 30> <al=0.12> <DB= 3806.8561> <Mlp= 4190.2500> <PB=10000000> 
<DWph=1> <it= 48> <et=395.93> <Mt= 0.47> <Spt= 0.09> <nCl= 27> <al=0.21> <DB= 4179.7742> <Mlp= 4189.9486> <PB=10000000> 
<DWph=1> <it= 49> <et=396.09> <Mt= 0.08> <Spt= 0.08> <nCl= 20> <al=0.11> <DB= 3727.2657> <Mlp= 4189.8271> <PB=10000000> 
<DWph=1> <it= 50> <et=396.17> <Mt= 0.01> <Spt= 0.07> <nCl=  9> <al=0.20> <DB= 4181.8170> <Mlp= 4189.8271> <PB=10000000> 
<DWph=1> <it= 51> <et=396.25> <Mt= 0.00> <Spt= 0.07> <nCl=  3> <al=0.28> <DB= 4187.7295> <Mlp= 4189.8271> <PB=10000000> 
<DWph=1> <it= 52> <et=396.34> <Mt= 0.01> <Spt= 0.08> <nCl= 21> <al=0.18> <DB= 4183.1682> <Mlp= 4189.8271> <PB=10000000> 
<DWph=1> <it= 53> <et=396.50> <Mt= 0.01> <Spt= 0.15> <nCl= 28> <al=0.00> <DB= 4178.1374> <Mlp= 4189.8271> <PB=10000000> 
<DWph=1> <it= 54> <et=396.65> <Mt= 0.01> <Spt= 0.15> <nCl= 14> <al=0.00> <DB= 4187.1271> <Mlp= 4189.8271> <PB=10000000> 
<DWph=1> <it= 55> <et=396.74> <Mt= 0.00> <Spt= 0.08> <nCl=  1> <al=0.06> <DB= 4188.5559> <Mlp= 4189.8271> <PB=10000000> 
<DWph=1> <it= 56> <et=396.89> <Mt= 0.01> <Spt= 0.14> <nCl=  6> <al=0.00> <DB= 4188.4929> <Mlp= 4189.8271> <PB=10000000> 
<DWph=1> <it= 57> <et=397.05> <Mt= 0.00> <Spt= 0.15> <nCl= 22> <al=0.00> <DB= 4188.4929> <Mlp= 4189.8271> <PB=10000000> 
<DWph=1> <it= 58> <et=397.13> <Mt= 0.02> <Spt= 0.08> <nCl= 17> <al=0.00> <DB= 4189.8224> <Mlp= 4189.8224> <PB=10000000> 
    RCSP exact solver info for graph G_0 : TT = 0.041732, pt = 0.001539, dt = 0.038151, ct = 0.001016, ndl = 3593', bdl = 77007', odl = 7192', odf = 35831', bsi = 1286', cnt = 1792', bdch = 292279', odch = 54986', lcp = 58465', #sols = 150
<DWph=0> <it= 59> <et=397.27> <Mt= 0.00> <Spt= 0.13> <nCl=150> <al=0.00> <DB= 1963.9155> <Mlp= 4189.8224> <PB=10000000> 
    RCSP exact solver info for graph G_0 : TT = 0.043493, pt = 0.001514, dt = 0.039486, ct = 0.001341, ndl = 3949', bdl = 86612', odl = 7576', odf = 37245', bsi = 1485', cnt = 2267', bdch = 351698', odch = 67258', lcp = 68119', #sols = 150
<DWph=0> <it= 60> <et=397.46> <Mt= 0.05> <Spt= 0.14> <nCl=150> <al=0.00> <DB= 3560.9369> <Mlp= 4189.6068> <PB=10000000> 
    RCSP exact solver info for graph G_0 : TT = 0.041251, pt = 0.001564, dt = 0.037588, ct = 0.001079, ndl = 4005', bdl = 86980', odl = 9142', odf = 44864', bsi = 1382', cnt = 3193', bdch = 415689', odch = 83128', lcp = 91209', #sols = 150
<DWph=0> <it= 61> <et=397.67> <Mt= 0.08> <Spt= 0.13> <nCl=150> <al=0.07> <DB= 3032.0084> <Mlp= 4189.2667> <PB=10000000> 
    RCSP exact solver info for graph G_0 : TT = 0.043962, pt = 0.001726, dt = 0.039692, ct = 0.001314, ndl = 4391', bdl = 89035', odl = 9737', odf = 47534', bsi = 1461', cnt = 4076', bdch = 468436', odch = 99893', lcp = 109245', #sols = 150
<DWph=0> <it= 62> <et=397.89> <Mt= 0.09> <Spt= 0.13> <nCl= 76> <al=0.17> <DB= 4153.2968> <Mlp= 4189.2667> <PB=10000000> 
    RCSP exact solver info for graph G_0 : TT = 0.045375, pt = 0.002043, dt = 0.040226, ct = 0.001631, ndl = 4410', bdl = 89965', odl = 9623', odf = 47696', bsi = 1456', cnt = 3318', bdch = 468319', odch = 98266', lcp = 108412', #sols = 150
<DWph=0> <it= 63> <et=398.12> <Mt= 0.08> <Spt= 0.15> <nCl=109> <al=0.25> <DB= 4181.3217> <Mlp= 4189.1571> <PB=10000000> 
    RCSP exact solver info for graph G_0 : TT = 0.050544, pt = 0.002501, dt = 0.045292, ct = 0.001358, ndl = 4408', bdl = 94132', odl = 9612', odf = 47320', bsi = 1444', cnt = 3515', bdch = 467966', odch = 94529', lcp = 105539', #sols = 150
<DWph=0> <it= 64> <et=398.27> <Mt= 0.04> <Spt= 0.11> <nCl= 46> <al=0.32> <DB= 4186.5930> <Mlp= 4189.1286> <PB=10000000> 
    RCSP exact solver info for graph G_0 : TT = 0.047299, pt = 0.002197, dt = 0.042565, ct = 0.001321, ndl = 4530', bdl = 97161', odl = 9308', odf = 46270', bsi = 1471', cnt = 3520', bdch = 471470', odch = 94988', lcp = 104059', #sols = 150
<DWph=0> <it= 65> <et=398.42> <Mt= 0.04> <Spt= 0.11> <nCl= 62> <al=0.22> <DB= 4188.2507> <Mlp= 4189.1286> <PB=10000000> 
    RCSP exact solver info for graph G_0 : TT = 0.046627, pt = 0.002132, dt = 0.041774, ct = 0.001419, ndl = 4533', bdl = 96617', odl = 9362', odf = 46149', bsi = 1528', cnt = 3993', bdch = 484038', odch = 98055', lcp = 107092', #sols = 150
<DWph=0> <it= 66> <et=398.53> <Mt= 0.01> <Spt= 0.10> <nCl= 53> <al=0.12> <DB= 4189.0190> <Mlp= 4189.1286> <PB=10000000> 
    RCSP exact solver info for graph G_0 : TT = 0.048313, pt = 0.002057, dt = 0.043752, ct = 0.001335, ndl = 4453', bdl = 97439', odl = 9440', odf = 46180', bsi = 1464', cnt = 3490', bdch = 462078', odch = 93758', lcp = 100918', #sols = 150
    RCSP exact solver info for graph G_0 : TT = 0.045797, pt = 0.001738, dt = 0.04174, ct = 0.001157, ndl = 4123', bdl = 87214', odl = 8543', odf = 41660', bsi = 1427', cnt = 3125', bdch = 379634', odch = 75495', lcp = 78760', #sols = 150
<DWph=0> <it= 67> <et=398.77> <Mt= 0.01> <Spt= 0.23> <nCl=104> <al=0.00> <DB= 4189.1286> <Mlp= 4189.1286> <PB=10000000> 
RCSP solver dynamic params and stats :  bidir.bord. = 526.7 aver.obdmd = 9.53279 aver.buck.num. = 11.123 nbR1C = 41 with avMem = 26.6829
@@ 542 1 4189.13 0.0423237 0.04665 48.7555 398.77
    Full reduced cost fixing is not called (gap ratio is 0.999995)
ColGenEvalAlg final dual bound: 4189.13 (rounded: 4189.13)
False gap improvement since the last cut separation : 0.00448641 (4187.25)
Cut generation tailing off counter increased to 1
Current active cuts : CAP(14,348.27) R1C(5+36,188.224) 1rowPackR1C(5) 3rowPackR1C(20) 4rowPackR1C(13) 5rowPackR1C(3)
150 Rank-1 3-rows pack. cuts added ,  max viol. = 0.204082, aver. viol. = 0.151156
Building structures for heuristic rank-1 packing cut separation...done!
82 Rank-1 4-rows pack. cuts added ,  max viol. = 0.285714, aver. viol. = 0.161772
100 Rank-1 5-rows pack. cuts added ,  max viol. = 0.285714, aver. viol. = 0.186122
Shrinking heuristic shrunk 71 edges
In total 1 RCC cut(s) are found by the Fractional capacity min-cut heuristic 
In total 1 RCC cut(s) are found by the greedy construction heuristic 
In total 9 RCC cut(s) are found by the global pool greedy search heuristic 
----- Add fac. cuts : CAP(11) R1C(332), max.viol = 0.336735, aver.viol = 0.164188, sep/add took 0.22016/1.67883 sec. -----
33104 columns (8800 active), 1234 dyn. constrs. (411 active), 1578 art. vars. (653 active)
<DWph=2> <it=  1> <et=401.07> <Mt= 0.29> <Spt= 0.07> <nCl= 13> <al=0.50> <DB= 4189.1710> <Mlp= 4189.6519> <PB=10000000> 
<DWph=2> <it=  2> <et=401.15> <Mt= 0.00> <Spt= 0.08> <nCl=  8> <al=0.55> <DB= 4189.3490> <Mlp= 4189.6519> <PB=10000000> 
<DWph=2> <it=  3> <et=401.24> <Mt= 0.01> <Spt= 0.07> <nCl= 11> <al=0.60> <DB= 4185.9831> <Mlp= 4189.6519> <PB=10000000> 
<DWph=2> <it=  4> <et=401.47> <Mt= 0.01> <Spt= 0.23> <nCl=  8> <al=0.00> <DB= 4189.3671> <Mlp= 4189.6350> <PB=10000000> 
<DWph=2> <it=  5> <et=401.70> <Mt= 0.01> <Spt= 0.21> <nCl=  9> <al=0.00> <DB= 4189.6328> <Mlp= 4189.6328> <PB=10000000> 
<DWph=1> <it=  6> <et=401.79> <Mt= 0.01> <Spt= 0.08> <nCl= 16> <al=0.44> <DB= 4188.7328> <Mlp= 4189.6328> <PB=10000000> 
<DWph=1> <it=  7> <et=401.88> <Mt= 0.01> <Spt= 0.08> <nCl=  5> <al=0.34> <DB= 4189.0378> <Mlp= 4189.6300> <PB=10000000> 
<DWph=1> <it=  8> <et=402.04> <Mt= 0.01> <Spt= 0.16> <nCl= 21> <al=0.00> <DB= 4189.6285> <Mlp= 4189.6285> <PB=10000000> 
    RCSP exact solver info for graph G_0 : TT = 0.048639, pt = 0.002714, dt = 0.043193, ct = 0.001315, ndl = 4014', bdl = 88359', odl = 8355', odf = 41131', bsi = 1491', cnt = 3059', bdch = 370393', odch = 77945', lcp = 74798', #sols = 150
<DWph=0> <it=  9> <et=402.17> <Mt= 0.00> <Spt= 0.12> <nCl= 76> <al=0.14> <DB= 4183.7010> <Mlp= 4189.6285> <PB=10000000> 
    RCSP exact solver info for graph G_0 : TT = 0.045598, pt = 0.002022, dt = 0.041134, ct = 0.001216, ndl = 4156', bdl = 92714', odl = 8455', odf = 41662', bsi = 1485', cnt = 3182', bdch = 397819', odch = 80478', lcp = 81228', #sols = 150
<DWph=0> <it= 10> <et=402.32> <Mt= 0.02> <Spt= 0.13> <nCl= 88> <al=0.04> <DB= 4178.0811> <Mlp= 4189.6129> <PB=10000000> 
    RCSP exact solver info for graph G_0 : TT = 0.049698, pt = 0.002303, dt = 0.044306, ct = 0.00154, ndl = 3793', bdl = 84286', odl = 8033', odf = 39760', bsi = 1440', cnt = 2621', bdch = 344753', odch = 70207', lcp = 68864', #sols = 150
<DWph=0> <it= 11> <et=402.48> <Mt= 0.02> <Spt= 0.14> <nCl= 87> <al=0.13> <DB= 4185.3707> <Mlp= 4189.6109> <PB=10000000> 
    RCSP exact solver info for graph G_0 : TT = 0.048766, pt = 0.002198, dt = 0.044071, ct = 0.001151, ndl = 3860', bdl = 85618', odl = 8020', odf = 39650', bsi = 1463', cnt = 2887', bdch = 347429', odch = 70507', lcp = 69223', #sols = 150
    RCSP exact solver info for graph G_0 : TT = 0.044645, pt = 0.001788, dt = 0.040399, ct = 0.001208, ndl = 3849', bdl = 84976', odl = 8080', odf = 40060', bsi = 1407', cnt = 2700', bdch = 354019', odch = 70710', lcp = 70198', #sols = 150
<DWph=0> <it= 12> <et=402.72> <Mt= 0.02> <Spt= 0.21> <nCl=104> <al=0.00> <DB= 4189.6048> <Mlp= 4189.6048> <PB=10000000> 
RCSP solver dynamic params and stats :  bidir.bord. = 526.7 aver.obdmd = 9.53279 aver.buck.num. = 11.123 nbR1C = 43 with avMem = 26.7907
@@ 542 2 4189.6 0.0439066 0.045846 48.7555 402.72
    Full reduced cost fixing is not called (gap ratio is 0.999995)
ColGenEvalAlg final dual bound: 4189.6 (rounded: 4189.6)
False gap improvement since the last cut separation : 0.00113686 (4189.13)
Cut generation tailing off counter increased to 2
Current active cuts : CAP(14,344.168) R1C(5+38,185.615) 1rowPackR1C(5) 3rowPackR1C(23) 4rowPackR1C(11) 5rowPackR1C(4)
1 Rank-1 1-rows pack. cuts added ,  max viol. = 0.043388, aver. viol. = 0.043388
150 Rank-1 3-rows pack. cuts added ,  max viol. = 0.171165, aver. viol. = 0.0993375
Building structures for heuristic rank-1 packing cut separation...done!
93 Rank-1 4-rows pack. cuts added ,  max viol. = 0.175611, aver. viol. = 0.0813855
100 Rank-1 5-rows pack. cuts added ,  max viol. = 0.179975, aver. viol. = 0.128785
Shrinking heuristic shrunk 39 edges
In total 4 RCC cut(s) are found by the Fractional capacity min-cut heuristic 
In total 2 RCC cut(s) are found by the greedy construction heuristic 
In total 4 RCC cut(s) are found by the global pool greedy search heuristic 
----- Add fac. cuts : CAP(10) R1C(344), max.viol = 0.245809, aver.viol = 0.109288, sep/add took 0.583477/1.98562 sec. -----
33550 columns (9246 active), 1330 dyn. constrs. (427 active), 1932 art. vars. (669 active)
<DWph=2> <it=  1> <et=405.84> <Mt= 0.25> <Spt= 0.07> <nCl=  9> <al=0.50> <DB= 4189.8109> <Mlp= 4190.0170> <PB=10000000> 
<DWph=2> <it=  2> <et=405.91> <Mt= 0.01> <Spt= 0.06> <nCl=  6> <al=0.40> <DB= 4189.7188> <Mlp= 4190.0170> <PB=10000000> 
<DWph=2> <it=  3> <et=406.05> <Mt= 0.02> <Spt= 0.12> <nCl= 24> <al=0.00> <DB= 4183.8994> <Mlp= 4190.0148> <PB=10000000> 
<DWph=2> <it=  4> <et=406.11> <Mt= 0.01> <Spt= 0.06> <nCl=  6> <al=0.36> <DB= 4189.1930> <Mlp= 4190.0148> <PB=10000000> 
<DWph=2> <it=  5> <et=406.20> <Mt= 0.03> <Spt= 0.05> <nCl=  8> <al=0.42> <DB= 4189.9750> <Mlp= 4190.0148> <PB=10000000> 
<DWph=2> <it=  6> <et=406.37> <Mt= 0.01> <Spt= 0.16> <nCl= 23> <al=0.00> <DB= 4190.0148> <Mlp= 4190.0148> <PB=10000000> 
<DWph=1> <it=  7> <et=406.45> <Mt= 0.00> <Spt= 0.08> <nCl= 27> <al=0.22> <DB= 4181.1327> <Mlp= 4190.0148> <PB=10000000> 
<DWph=1> <it=  8> <et=406.74> <Mt= 0.21> <Spt= 0.07> <nCl= 30> <al=0.12> <DB= 4094.3172> <Mlp= 4190.0132> <PB=10000000> 
<DWph=1> <it=  9> <et=406.93> <Mt= 0.12> <Spt= 0.07> <nCl= 16> <al=0.21> <DB= 4186.0364> <Mlp= 4190.0132> <PB=10000000> 
<DWph=1> <it= 10> <et=407.34> <Mt= 0.34> <Spt= 0.07> <nCl= 10> <al=0.29> <DB= 4188.1328> <Mlp= 4189.9774> <PB=10000000> 
<DWph=1> <it= 11> <et=407.42> <Mt= 0.01> <Spt= 0.07> <nCl=  7> <al=0.36> <DB= 4179.5100> <Mlp= 4189.9774> <PB=10000000> 
<DWph=1> <it= 12> <et=407.52> <Mt= 0.02> <Spt= 0.09> <nCl=  5> <al=0.43> <DB= 4188.9821> <Mlp= 4189.9774> <PB=10000000> 
<DWph=1> <it= 13> <et=407.60> <Mt= 0.01> <Spt= 0.06> <nCl=  6> <al=0.48> <DB= 4187.4650> <Mlp= 4189.9774> <PB=10000000> 
<DWph=1> <it= 14> <et=407.71> <Mt= 0.04> <Spt= 0.08> <nCl=  9> <al=0.53> <DB= 4186.2414> <Mlp= 4189.9417> <PB=10000000> 
<DWph=1> <it= 15> <et=407.80> <Mt= 0.02> <Spt= 0.07> <nCl=  1> <al=0.58> <DB= 4189.3841> <Mlp= 4189.9417> <PB=10000000> 
<DWph=1> <it= 16> <et=407.88> <Mt= 0.00> <Spt= 0.06> <nCl=  2> <al=0.48> <DB= 4189.2607> <Mlp= 4189.9417> <PB=10000000> 
<DWph=1> <it= 17> <et=408.03> <Mt= 0.01> <Spt= 0.15> <nCl= 22> <al=0.00> <DB= 4189.9417> <Mlp= 4189.9417> <PB=10000000> 
    RCSP exact solver info for graph G_0 : TT = 0.045012, pt = 0.002357, dt = 0.039964, ct = 0.001257, ndl = 4034', bdl = 85930', odl = 8192', odf = 40220', bsi = 1493', cnt = 2598', bdch = 369616', odch = 73768', lcp = 73598', #sols = 150
<DWph=0> <it= 18> <et=408.14> <Mt= 0.01> <Spt= 0.10> <nCl= 63> <al=0.28> <DB= 4180.0417> <Mlp= 4189.9417> <PB=10000000> 
BaPCod info: Cplex status is 'Optimal solution found, unscaled infeasibilities'
    RCSP exact solver info for graph G_0 : TT = 0.047804, pt = 0.003037, dt = 0.041353, ct = 0.001652, ndl = 4692', bdl = 104546', odl = 8864', odf = 42784', bsi = 1429', cnt = 3323', bdch = 487791', odch = 92621', lcp = 96447', #sols = 150
<DWph=0> <it= 19> <et=408.48> <Mt= 0.21> <Spt= 0.13> <nCl=105> <al=0.35> <DB= 4181.5322> <Mlp= 4189.9417> <PB=10000000> 
    RCSP exact solver info for graph G_0 : TT = 0.049369, pt = 0.002904, dt = 0.042918, ct = 0.001852, ndl = 4726', bdl = 102274', odl = 8605', odf = 42625', bsi = 1524', cnt = 3584', bdch = 464482', odch = 94330', lcp = 91636', #sols = 150
<DWph=0> <it= 20> <et=408.66> <Mt= 0.04> <Spt= 0.14> <nCl=117> <al=0.42> <DB= 4188.1987> <Mlp= 4189.9417> <PB=10000000> 
    RCSP exact solver info for graph G_0 : TT = 0.047533, pt = 0.003157, dt = 0.041515, ct = 0.00126, ndl = 4412', bdl = 100053', odl = 8017', odf = 38806', bsi = 1465', cnt = 3188', bdch = 420299', odch = 80282', lcp = 81997', #sols = 150
<DWph=0> <it= 21> <et=409.13> <Mt= 0.34> <Spt= 0.13> <nCl=113> <al=0.32> <DB= 4188.8005> <Mlp= 4189.9417> <PB=10000000> 
    RCSP exact solver info for graph G_0 : TT = 0.048504, pt = 0.003558, dt = 0.041957, ct = 0.001475, ndl = 4085', bdl = 90055', odl = 7787', odf = 37614', bsi = 1436', cnt = 3110', bdch = 372779', odch = 69187', lcp = 73827', #sols = 150
<DWph=0> <it= 22> <et=409.29> <Mt= 0.05> <Spt= 0.10> <nCl= 50> <al=0.39> <DB= 4187.8432> <Mlp= 4189.9417> <PB=10000000> 
    RCSP exact solver info for graph G_0 : TT = 0.047408, pt = 0.003791, dt = 0.040779, ct = 0.001402, ndl = 4105', bdl = 89640', odl = 7736', odf = 37406', bsi = 1434', cnt = 3105', bdch = 367166', odch = 68799', lcp = 73300', #sols = 150
<DWph=0> <it= 23> <et=409.40> <Mt= 0.01> <Spt= 0.10> <nCl= 42> <al=0.45> <DB= 4187.9389> <Mlp= 4189.9417> <PB=10000000> 
    RCSP exact solver info for graph G_0 : TT = 0.051354, pt = 0.003718, dt = 0.044178, ct = 0.001361, ndl = 4485', bdl = 98948', odl = 8130', odf = 39600', bsi = 1433', cnt = 3354', bdch = 423151', odch = 79919', lcp = 84502', #sols = 150
<DWph=0> <it= 24> <et=409.53> <Mt= 0.02> <Spt= 0.12> <nCl= 68> <al=0.50> <DB= 4189.3682> <Mlp= 4189.9417> <PB=10000000> 
    RCSP exact solver info for graph G_0 : TT = 0.051851, pt = 0.003978, dt = 0.044551, ct = 0.001532, ndl = 4615', bdl = 92773', odl = 8124', odf = 40300', bsi = 1470', cnt = 4354', bdch = 435710', odch = 89091', lcp = 92664', #sols = 150
<DWph=0> <it= 25> <et=409.68> <Mt= 0.01> <Spt= 0.10> <nCl= 28> <al=0.40> <DB= 4188.5463> <Mlp= 4189.9417> <PB=10000000> 
    RCSP exact solver info for graph G_0 : TT = 0.047042, pt = 0.003069, dt = 0.040358, ct = 0.001771, ndl = 4396', bdl = 90623', odl = 7912', odf = 39162', bsi = 1484', cnt = 3756', bdch = 400634', odch = 79410', lcp = 82781', #sols = 150
    RCSP exact solver info for graph G_0 : TT = 0.042536, pt = 0.002273, dt = 0.037445, ct = 0.001208, ndl = 4364', bdl = 86626', odl = 7841', odf = 38961', bsi = 1417', cnt = 3708', bdch = 392468', odch = 78043', lcp = 83737', #sols = 150
<DWph=0> <it= 26> <et=409.91> <Mt= 0.01> <Spt= 0.22> <nCl=122> <al=0.00> <DB= 4188.4689> <Mlp= 4189.9417> <PB=10000000> 
    RCSP exact solver info for graph G_0 : TT = 0.04583, pt = 0.003099, dt = 0.039918, ct = 0.001498, ndl = 4629', bdl = 93811', odl = 8107', odf = 40303', bsi = 1516', cnt = 4255', bdch = 426487', odch = 87074', lcp = 90609', #sols = 150
    RCSP exact solver info for graph G_0 : TT = 0.043839, pt = 0.00253, dt = 0.038383, ct = 0.00134, ndl = 4319', bdl = 89353', odl = 7933', odf = 39139', bsi = 1322', cnt = 3523', bdch = 414456', odch = 79851', lcp = 86845', #sols = 150
<DWph=0> <it= 27> <et=410.11> <Mt= 0.01> <Spt= 0.19> <nCl= 87> <al=0.00> <DB= 4189.9417> <Mlp= 4189.9417> <PB=10000000> 
RCSP solver dynamic params and stats :  bidir.bord. = 511.4 aver.obdmd = 9.53279 aver.buck.num. = 11.123 nbR1C = 51 with avMem = 26.7451
@@ 542 3 4189.94 0.0425773 0.046083 48.7555 410.11
    Full reduced cost fixing is not called (gap ratio is 0.999995)
ColGenEvalAlg final dual bound: 4189.94 (rounded: 4189.94)
False gap improvement since the last cut separation : 0.000804015 (4189.6)
----- Cut generation is stopped due to tailing off -----
Current active cuts : CAP(14,358.902) R1C(5+46,201.818) 1rowPackR1C(5) 3rowPackR1C(24) 4rowPackR1C(17) 5rowPackR1C(5)
**** SB phase 3 evaluation of candidate 1, branch 2 ( x[(12, 105)]_0_1436_0_OspV <= 0 ), value = 4178.72
<DWph=2> <it=  1> <et=412.22> <Mt= 1.25> <Spt= 0.12> <nCl= 16> <al=0.00> <DB= 3780.0024> <Mlp= 4178.7151> <PB=10000000> 
<DWph=2> <it=  2> <et=412.34> <Mt= 0.01> <Spt= 0.10> <nCl=  5> <al=0.00> <DB= 4178.7151> <Mlp= 4178.7151> <PB=10000000> 
<DWph=1> <it=  3> <et=412.41> <Mt= 0.00> <Spt= 0.07> <nCl= 21> <al=0.30> <DB= 3335.4954> <Mlp= 4178.7151> <PB=10000000> 
<DWph=1> <it=  4> <et=412.54> <Mt= 0.01> <Spt= 0.12> <nCl= 13> <al=0.00> <DB= 4172.4159> <Mlp= 4178.7122> <PB=10000000> 
<DWph=1> <it=  5> <et=412.67> <Mt= 0.01> <Spt= 0.12> <nCl=  9> <al=0.00> <DB= 4178.7122> <Mlp= 4178.7122> <PB=10000000> 
    RCSP exact solver info for graph G_0 : TT = 0.043794, pt = 0.001992, dt = 0.039395, ct = 0.001173, ndl = 3781', bdl = 77647', odl = 6824', odf = 34138', bsi = 1567', cnt = 3413', bdch = 312492', odch = 55138', lcp = 65676', #sols = 150
<DWph=0> <it=  6> <et=412.80> <Mt= 0.01> <Spt= 0.12> <nCl=150> <al=0.00> <DB= 1968.1011> <Mlp= 4178.7122> <PB=10000000> 
    RCSP exact solver info for graph G_0 : TT = 0.042464, pt = 0.001895, dt = 0.038023, ct = 0.0013, ndl = 3822', bdl = 79681', odl = 6865', odf = 34165', bsi = 1534', cnt = 3336', bdch = 320099', odch = 56016', lcp = 67286', #sols = 150
<DWph=0> <it=  7> <et=412.93> <Mt= 0.01> <Spt= 0.11> <nCl=149> <al=0.10> <DB= 2936.2158> <Mlp= 4178.7122> <PB=10000000> 
    RCSP exact solver info for graph G_0 : TT = 0.048001, pt = 0.002163, dt = 0.042757, ct = 0.001487, ndl = 3833', bdl = 81743', odl = 7032', odf = 34984', bsi = 1559', cnt = 3489', bdch = 328999', odch = 58317', lcp = 66843', #sols = 150
<DWph=0> <it=  8> <et=413.05> <Mt= 0.01> <Spt= 0.11> <nCl= 99> <al=0.19> <DB= 4140.4399> <Mlp= 4178.7122> <PB=10000000> 
    RCSP exact solver info for graph G_0 : TT = 0.04411, pt = 0.002223, dt = 0.039258, ct = 0.001223, ndl = 3700', bdl = 77265', odl = 6892', odf = 34509', bsi = 1501', cnt = 3402', bdch = 308349', odch = 55204', lcp = 63042', #sols = 150
<DWph=0> <it=  9> <et=413.24> <Mt= 0.03> <Spt= 0.11> <nCl= 77> <al=0.09> <DB= 4175.7127> <Mlp= 4178.7074> <PB=10000000> 
    RCSP exact solver info for graph G_0 : TT = 0.042987, pt = 0.002182, dt = 0.03827, ct = 0.00118, ndl = 3931', bdl = 79609', odl = 6716', odf = 33949', bsi = 1481', cnt = 3674', bdch = 314833', odch = 59918', lcp = 66116', #sols = 150
<DWph=0> <it= 10> <et=413.48> <Mt= 0.13> <Spt= 0.12> <nCl=116> <al=0.00> <DB= 4175.3557> <Mlp= 4178.7034> <PB=10000000> 
    RCSP exact solver info for graph G_0 : TT = 0.051561, pt = 0.00274, dt = 0.045292, ct = 0.001688, ndl = 4210', bdl = 87577', odl = 7306', odf = 36999', bsi = 1635', cnt = 4270', bdch = 364973', odch = 69558', lcp = 75258', #sols = 150
<DWph=0> <it= 11> <et=413.66> <Mt= 0.05> <Spt= 0.12> <nCl= 85> <al=0.09> <DB= 4177.5637> <Mlp= 4178.6750> <PB=10000000> 
    RCSP exact solver info for graph G_0 : TT = 0.047821, pt = 0.002571, dt = 0.042259, ct = 0.001422, ndl = 3940', bdl = 84387', odl = 6919', odf = 35029', bsi = 1589', cnt = 3392', bdch = 331592', odch = 59594', lcp = 65563', #sols = 150
<DWph=0> <it= 12> <et=413.77> <Mt= 0.02> <Spt= 0.10> <nCl= 64> <al=0.18> <DB= 4178.4728> <Mlp= 4178.6750> <PB=10000000> 
    RCSP exact solver info for graph G_0 : TT = 0.045413, pt = 0.002311, dt = 0.040356, ct = 0.001266, ndl = 3873', bdl = 80171', odl = 6976', odf = 35186', bsi = 1509', cnt = 3378', bdch = 317271', odch = 59783', lcp = 66653', #sols = 150
<DWph=0> <it= 13> <et=413.86> <Mt= 0.00> <Spt= 0.08> <nCl= 26> <al=0.08> <DB= 4178.6584> <Mlp= 4178.6750> <PB=10000000> 
    RCSP exact solver info for graph G_0 : TT = 0.045662, pt = 0.002008, dt = 0.041111, ct = 0.001257, ndl = 3831', bdl = 75246', odl = 6920', odf = 34619', bsi = 1470', cnt = 3766', bdch = 307897', odch = 59382', lcp = 66588', #sols = 150
<DWph=0> <it= 14> <et=413.96> <Mt= 0.01> <Spt= 0.10> <nCl= 71> <al=0.00> <DB= 4178.6584> <Mlp= 4178.6750> <PB=10000000> 
    RCSP exact solver info for graph G_0 : TT = 0.045727, pt = 0.002333, dt = 0.040386, ct = 0.001514, ndl = 4042', bdl = 81896', odl = 7110', odf = 35902', bsi = 1562', cnt = 3974', bdch = 337642', odch = 63284', lcp = 70764', #sols = 150
<DWph=0> <it= 15> <et=414.04> <Mt= 0.00> <Spt= 0.07> <nCl= 12> <al=0.08> <DB= 4178.6612> <Mlp= 4178.6750> <PB=10000000> 
    RCSP exact solver info for graph G_0 : TT = 0.048103, pt = 0.002621, dt = 0.041923, ct = 0.001532, ndl = 3797', bdl = 82930', odl = 6928', odf = 34188', bsi = 1477', cnt = 3204', bdch = 315605', odch = 56783', lcp = 63223', #sols = 150
<DWph=0> <it= 16> <et=414.14> <Mt= 0.01> <Spt= 0.09> <nCl= 48> <al=0.18> <DB= 4178.6545> <Mlp= 4178.6750> <PB=10000000> 
    RCSP exact solver info for graph G_0 : TT = 0.04746, pt = 0.002265, dt = 0.042443, ct = 0.00132, ndl = 3909', bdl = 83406', odl = 6996', odf = 34785', bsi = 1473', cnt = 3265', bdch = 323438', odch = 58779', lcp = 64600', #sols = 150
    RCSP exact solver info for graph G_0 : TT = 0.043232, pt = 0.001917, dt = 0.038779, ct = 0.001119, ndl = 3701', bdl = 72525', odl = 6771', odf = 33751', bsi = 1402', cnt = 3443', bdch = 289617', odch = 56009', lcp = 63293', #sols = 150
<DWph=0> <it= 17> <et=414.32> <Mt= 0.01> <Spt= 0.17> <nCl= 80> <al=0.00> <DB= 4178.6750> <Mlp= 4178.6750> <PB=10000000> 
RCSP solver dynamic params and stats :  bidir.bord. = 510 aver.obdmd = 9.53279 aver.buck.num. = 11.123 nbR1C = 44 with avMem = 26.5909
@@ 543 0 4178.67 0.0421333 0.04698 44.8065 414.32
    Full reduced cost fixing is not called (gap ratio is 0.999996)
ColGenEvalAlg final dual bound: 4178.67 (rounded: 4178.67)
Current active cuts : CAP(13,314.95) R1C(5+39,182.64) 1rowPackR1C(5) 3rowPackR1C(23) 4rowPackR1C(11) 5rowPackR1C(5)
Building structures for heuristic rank-1 packing cut separation...done!
2 Rank-1 5-rows pack. cuts added ,  max viol. = 0.125, aver. viol. = 0.125
In total 4 RCC cut(s) are found by the connected components heuristic 
Shrinking heuristic shrunk 104 edges
In total 12 RCC cut(s) are found by the Fractional capacity min-cut heuristic 
In total 2 RCC cut(s) are found by the greedy construction heuristic 
In total 14 RCC cut(s) are found by the global pool greedy search heuristic 
----- Add fac. cuts : CAP(32) R1C(2), max.viol = 1, aver.viol = 0.529412, sep/add took 0.196442/0.777375 sec. -----
33449 columns (7230 active), 690 dyn. constrs. (102 active), 932 art. vars. (344 active)
<DWph=2> <it=  1> <et=415.49> <Mt= 0.08> <Spt= 0.06> <nCl= 30> <al=0.50> <DB=-2879976264.9504> <Mlp= 4178.7479> <PB=10000000> 
<DWph=2> <it=  2> <et=415.63> <Mt= 0.06> <Spt= 0.09> <nCl= 30> <al=0.55> <DB=-3239960612.5571> <Mlp= 4178.7479> <PB=10000000> 
<DWph=2> <it=  3> <et=415.74> <Mt= 0.05> <Spt= 0.06> <nCl= 30> <al=0.60> <DB=-3499162208.2050> <Mlp= 4178.7479> <PB=10000000> 
<DWph=2> <it=  4> <et=415.84> <Mt= 0.03> <Spt= 0.06> <nCl= 30> <al=0.64> <DB=-918511162.2564> <Mlp= 4178.7479> <PB=10000000> 
<DWph=2> <it=  5> <et=415.94> <Mt= 0.04> <Spt= 0.06> <nCl= 30> <al=0.67> <DB=-2735.8947> <Mlp= 4178.7479> <PB=10000000> 
<DWph=2> <it=  6> <et=416.05> <Mt= 0.04> <Spt= 0.07> <nCl= 30> <al=0.70> <DB= 2245.0702> <Mlp= 4178.7479> <PB=10000000> 
<DWph=2> <it=  7> <et=416.16> <Mt= 0.04> <Spt= 0.06> <nCl= 30> <al=0.73> <DB= 1870.4802> <Mlp= 4178.7479> <PB=10000000> 
<DWph=2> <it=  8> <et=416.26> <Mt= 0.04> <Spt= 0.07> <nCl= 30> <al=0.76> <DB=  309.6848> <Mlp= 4178.7479> <PB=10000000> 
<DWph=2> <it=  9> <et=416.39> <Mt= 0.05> <Spt= 0.08> <nCl= 30> <al=0.78> <DB= 2324.9941> <Mlp= 4178.7479> <PB=10000000> 
<DWph=2> <it= 10> <et=416.49> <Mt= 0.04> <Spt= 0.06> <nCl= 13> <al=0.81> <DB= 4175.0061> <Mlp= 4178.7479> <PB=10000000> 
<DWph=2> <it= 11> <et=416.70> <Mt= 0.04> <Spt= 0.17> <nCl= 24> <al=0.30> <DB= 4090.9002> <Mlp= 4178.7479> <PB=10000000> 
<DWph=2> <it= 12> <et=416.93> <Mt= 0.04> <Spt= 0.19> <nCl= 49> <al=0.00> <DB= 2163.6979> <Mlp= 4178.7479> <PB=10000000> 
<DWph=2> <it= 13> <et=417.14> <Mt= 0.03> <Spt= 0.18> <nCl= 13> <al=0.00> <DB= 4178.0964> <Mlp= 4178.7479> <PB=10000000> 
<DWph=2> <it= 14> <et=417.32> <Mt= 0.01> <Spt= 0.17> <nCl=  3> <al=0.00> <DB= 4178.7479> <Mlp= 4178.7479> <PB=10000000> 
<DWph=1> <it= 15> <et=417.40> <Mt= 0.00> <Spt= 0.08> <nCl= 23> <al=0.43> <DB= 4169.6901> <Mlp= 4178.7479> <PB=10000000> 
<DWph=1> <it= 16> <et=417.57> <Mt= 0.02> <Spt= 0.15> <nCl= 40> <al=0.00> <DB= 4178.7479> <Mlp= 4178.7479> <PB=10000000> 
    RCSP exact solver info for graph G_0 : TT = 0.040817, pt = 0.001737, dt = 0.036857, ct = 0.001119, ndl = 3797', bdl = 80926', odl = 6832', odf = 34464', bsi = 1512', cnt = 2895', bdch = 317188', odch = 58654', lcp = 63054', #sols = 150
<DWph=0> <it= 17> <et=417.65> <Mt= 0.00> <Spt= 0.07> <nCl=107> <al=0.38> <DB= 3676.8229> <Mlp= 4178.7479> <PB=10000000> 
    RCSP exact solver info for graph G_0 : TT = 0.050478, pt = 0.001758, dt = 0.045346, ct = 0.001914, ndl = 3741', bdl = 77523', odl = 6784', odf = 34583', bsi = 1516', cnt = 3392', bdch = 308271', odch = 58605', lcp = 63262', #sols = 150
<DWph=0> <it= 18> <et=417.78> <Mt= 0.05> <Spt= 0.09> <nCl= 62> <al=0.44> <DB= 4091.0825> <Mlp= 4178.7479> <PB=10000000> 
    RCSP exact solver info for graph G_0 : TT = 0.040366, pt = 0.001934, dt = 0.03587, ct = 0.001323, ndl = 3795', bdl = 74637', odl = 6940', odf = 35117', bsi = 1426', cnt = 3537', bdch = 314727', odch = 60337', lcp = 68416', #sols = 150
    RCSP exact solver info for graph G_0 : TT = 0.043724, pt = 0.001802, dt = 0.039593, ct = 0.001171, ndl = 3778', bdl = 73972', odl = 6839', odf = 34669', bsi = 1357', cnt = 3665', bdch = 307951', odch = 59782', lcp = 66667', #sols = 150
<DWph=0> <it= 19> <et=417.93> <Mt= 0.00> <Spt= 0.14> <nCl= 84> <al=0.00> <DB= 4178.7479> <Mlp= 4178.7479> <PB=10000000> 
RCSP solver dynamic params and stats :  bidir.bord. = 510 aver.obdmd = 9.53279 aver.buck.num. = 11.123 nbR1C = 42 with avMem = 27
@@ 543 1 4178.75 0.0407983 0.04726 44.8065 417.93
    Full reduced cost fixing is not called (gap ratio is 0.999996)
ColGenEvalAlg final dual bound: 4178.75 (rounded: 4178.75)
False gap improvement since the last cut separation : 0.000174497 (4178.68)
Cut generation tailing off counter increased to 1
Current active cuts : CAP(14,311.668) R1C(5+37,172.515) 1rowPackR1C(5) 3rowPackR1C(22) 4rowPackR1C(11) 5rowPackR1C(4)
150 Rank-1 3-rows pack. cuts added ,  max viol. = 0.166667, aver. viol. = 0.0956945
Building structures for heuristic rank-1 packing cut separation...done!
84 Rank-1 4-rows pack. cuts added ,  max viol. = 0.166667, aver. viol. = 0.078373
100 Rank-1 5-rows pack. cuts added ,  max viol. = 0.166667, aver. viol. = 0.125625
Shrinking heuristic shrunk 82 edges
In total 3 RCC cut(s) are found by the greedy construction heuristic 
In total 2 RCC cut(s) are found by the global pool greedy search heuristic 
----- Add fac. cuts : CAP(5) R1C(334), max.viol = 0.166667, aver.viol = 0.109513, sep/add took 0.285152/1.5726 sec. -----
34137 columns (7918 active), 1002 dyn. constrs. (406 active), 1271 art. vars. (648 active)
<DWph=2> <it=  1> <et=420.16> <Mt= 0.14> <Spt= 0.11> <nCl= 27> <al=0.00> <DB= 4176.8500> <Mlp= 4178.8000> <PB=10000000> 
<DWph=2> <it=  2> <et=420.30> <Mt= 0.08> <Spt= 0.07> <nCl= 18> <al=0.40> <DB= 4177.8429> <Mlp= 4178.8000> <PB=10000000> 
<DWph=2> <it=  3> <et=420.64> <Mt= 0.23> <Spt= 0.11> <nCl= 22> <al=0.00> <DB= 4178.8000> <Mlp= 4178.8000> <PB=10000000> 
<DWph=1> <it=  4> <et=420.77> <Mt= 0.00> <Spt= 0.12> <nCl= 25> <al=0.00> <DB= 4178.8000> <Mlp= 4178.8000> <PB=10000000> 
    RCSP exact solver info for graph G_0 : TT = 0.044553, pt = 0.002009, dt = 0.039733, ct = 0.001619, ndl = 4127', bdl = 86106', odl = 7407', odf = 37740', bsi = 1460', cnt = 4015', bdch = 358563', odch = 69144', lcp = 73508', #sols = 150
<DWph=0> <it=  5> <et=420.90> <Mt= 0.01> <Spt= 0.13> <nCl=109> <al=0.26> <DB= 4177.0000> <Mlp= 4178.8000> <PB=10000000> 
    RCSP exact solver info for graph G_0 : TT = 0.052248, pt = 0.002382, dt = 0.04652, ct = 0.001781, ndl = 4200', bdl = 86129', odl = 7435', odf = 38090', bsi = 1577', cnt = 4376', bdch = 364800', odch = 70987', lcp = 75928', #sols = 150
    RCSP exact solver info for graph G_0 : TT = 0.047707, pt = 0.002197, dt = 0.042724, ct = 0.001228, ndl = 3781', bdl = 81895', odl = 7067', odf = 35515', bsi = 1481', cnt = 3359', bdch = 322080', odch = 60114', lcp = 65523', #sols = 150
<DWph=0> <it=  6> <et=421.24> <Mt= 0.09> <Spt= 0.24> <nCl=171> <al=0.00> <DB= 4178.8000> <Mlp= 4178.8000> <PB=10000000> 
RCSP solver dynamic params and stats :  bidir.bord. = 510 aver.obdmd = 9.53279 aver.buck.num. = 11.123 nbR1C = 48 with avMem = 25.7917
@@ 543 2 4178.8 0.044535 0.048301 44.8065 421.24
    Full reduced cost fixing is not called (gap ratio is 0.999996)
ColGenEvalAlg final dual bound: 4178.8 (rounded: 4178.8)
False gap improvement since the last cut separation : 0.000124639 (4178.75)
Cut generation tailing off counter increased to 2
Current active cuts : CAP(14,313.353) R1C(5+43,174.359) 1rowPackR1C(5) 3rowPackR1C(24) 4rowPackR1C(16) 5rowPackR1C(3)
Building structures for heuristic rank-1 packing cut separation...done!
Shrinking heuristic shrunk 97 edges
In total 1 RCC cut(s) are found by the Fractional capacity min-cut heuristic 
In total 2 RCC cut(s) are found by the greedy construction heuristic 
In total 11 RCC cut(s) are found by the global pool greedy search heuristic 
----- Add fac. cuts : CAP(14), max.viol = 0.25, aver.viol = 0.25, sep/add took 0.201268/0.236074 sec. -----
34509 columns (8290 active), 984 dyn. constrs. (137 active), 1285 art. vars. (379 active)
<DWph=2> <it=  1> <et=422.17> <Mt= 0.30> <Spt= 0.06> <nCl= 30> <al=0.50> <DB=-2159978703.6033> <Mlp= 4178.8326> <PB=10000000> 
<DWph=2> <it=  2> <et=422.30> <Mt= 0.06> <Spt= 0.06> <nCl= 30> <al=0.55> <DB=-647984240.7545> <Mlp= 4178.8326> <PB=10000000> 
<DWph=2> <it=  3> <et=422.45> <Mt= 0.10> <Spt= 0.06> <nCl= 30> <al=0.60> <DB= 2722.5842> <Mlp= 4178.8326> <PB=10000000> 
<DWph=2> <it=  4> <et=422.59> <Mt= 0.07> <Spt= 0.06> <nCl= 30> <al=0.64> <DB= 2913.6422> <Mlp= 4178.8326> <PB=10000000> 
<DWph=2> <it=  5> <et=422.69> <Mt= 0.05> <Spt= 0.06> <nCl= 30> <al=0.67> <DB= 3515.0942> <Mlp= 4178.8326> <PB=10000000> 
<DWph=2> <it=  6> <et=422.87> <Mt= 0.07> <Spt= 0.10> <nCl= 16> <al=0.41> <DB= 3871.1451> <Mlp= 4178.8326> <PB=10000000> 
<DWph=2> <it=  7> <et=423.04> <Mt= 0.06> <Spt= 0.11> <nCl= 27> <al=0.21> <DB= 4134.6188> <Mlp= 4178.8326> <PB=10000000> 
<DWph=2> <it=  8> <et=423.15> <Mt= 0.06> <Spt= 0.06> <nCl=  8> <al=0.50> <DB= 4177.8094> <Mlp= 4178.8326> <PB=10000000> 
<DWph=2> <it=  9> <et=423.38> <Mt= 0.06> <Spt= 0.16> <nCl= 17> <al=0.00> <DB= 4177.9282> <Mlp= 4178.8290> <PB=10000000> 
<DWph=2> <it= 10> <et=423.50> <Mt= 0.01> <Spt= 0.11> <nCl= 16> <al=0.00> <DB= 4178.8290> <Mlp= 4178.8290> <PB=10000000> 
<DWph=1> <it= 11> <et=423.56> <Mt= 0.00> <Spt= 0.06> <nCl= 23> <al=0.35> <DB= 4168.9290> <Mlp= 4178.8290> <PB=10000000> 
<DWph=1> <it= 12> <et=423.62> <Mt= 0.01> <Spt= 0.06> <nCl= 20> <al=0.25> <DB= 4176.3117> <Mlp= 4178.8290> <PB=10000000> 
<DWph=1> <it= 13> <et=423.69> <Mt= 0.00> <Spt= 0.06> <nCl= 10> <al=0.15> <DB= 4178.1248> <Mlp= 4178.8290> <PB=10000000> 
<DWph=1> <it= 14> <et=423.75> <Mt= 0.00> <Spt= 0.06> <nCl=  9> <al=0.24> <DB= 4178.1248> <Mlp= 4178.8290> <PB=10000000> 
<DWph=1> <it= 15> <et=423.86> <Mt= 0.01> <Spt= 0.10> <nCl= 17> <al=0.00> <DB= 4178.8290> <Mlp= 4178.8290> <PB=10000000> 
    RCSP exact solver info for graph G_0 : TT = 0.043389, pt = 0.00205, dt = 0.038684, ct = 0.001205, ndl = 3722', bdl = 77977', odl = 6703', odf = 33416', bsi = 1503', cnt = 3851', bdch = 301678', odch = 54107', lcp = 60059', #sols = 143
<DWph=0> <it= 16> <et=423.94> <Mt= 0.00> <Spt= 0.08> <nCl= 99> <al=0.21> <DB= 3414.1166> <Mlp= 4178.8290> <PB=10000000> 
    RCSP exact solver info for graph G_0 : TT = 0.044752, pt = 0.002229, dt = 0.04003, ct = 0.001145, ndl = 3696', bdl = 78097', odl = 6854', odf = 34201', bsi = 1459', cnt = 3340', bdch = 303582', odch = 55762', lcp = 61358', #sols = 150
<DWph=0> <it= 17> <et=424.04> <Mt= 0.03> <Spt= 0.08> <nCl= 82> <al=0.29> <DB= 4150.4710> <Mlp= 4178.8288> <PB=10000000> 
    RCSP exact solver info for graph G_0 : TT = 0.043802, pt = 0.002427, dt = 0.038574, ct = 0.001418, ndl = 3602', bdl = 75002', odl = 6683', odf = 33197', bsi = 1414', cnt = 3347', bdch = 283817', odch = 52106', lcp = 56846', #sols = 150
    RCSP exact solver info for graph G_0 : TT = 0.045261, pt = 0.002248, dt = 0.039615, ct = 0.001636, ndl = 3609', bdl = 73199', odl = 6811', odf = 33612', bsi = 1413', cnt = 3451', bdch = 287068', odch = 52413', lcp = 59365', #sols = 150
<DWph=0> <it= 18> <et=424.20> <Mt= 0.01> <Spt= 0.14> <nCl=115> <al=0.00> <DB= 4178.8287> <Mlp= 4178.8287> <PB=10000000> 
RCSP solver dynamic params and stats :  bidir.bord. = 510 aver.obdmd = 9.53279 aver.buck.num. = 11.123 nbR1C = 49 with avMem = 25.4694
@@ 543 3 4178.83 0.0405768 0.041251 44.8065 424.2
    Full reduced cost fixing is not called (gap ratio is 0.999996)
ColGenEvalAlg final dual bound: 4178.83 (rounded: 4178.83)
False gap improvement since the last cut separation : 6.87994e-05 (4178.8)
----- Cut generation is stopped due to tailing off -----
Current active cuts : CAP(15,310.31) R1C(5+44,206.582) 1rowPackR1C(5) 3rowPackR1C(26) 4rowPackR1C(16) 5rowPackR1C(2)
SB exact phase 3 branch on var x[(12, 105)]_0_1436_0_OspV (lhs=0.5) : [4189.9417, 4178.8288], tree depth = 1e+12, tree size = 1e+12, score = -0.2284
SB with phases chosed candidate var x[(12, 105)]_0_1436_0_OspV (lhs=0.5)
************************************************************************************************
**** BaB tree node (N° 13, parent N° 11, depth 6, treatOrderId 543)
**** Local DB = 4178.83, global bounds : [ 4178.83 , 1e+07 ], TIME = 0h7m4s33t = 42433
**** 7 open nodes, 35118 columns (8899 active), 648 dyn. constrs. (78 active), 890 art. vars. (320 active)
************************************************************************************************
**** Strong branching phase 1 is started *****
SB phase 1 cand.  1 branch on var x[(23, 95)]_0_2757_0_OspV (lhs=0.4536)   : [ 4178.9055,  4179.0572], score = 0.02 (h)  <et=424.63>
SB phase 1 cand.  2 branch on var x[(23, 18)]_0_2681_0_OspV (lhs=0.5464)   : [ 4179.0167,  4179.0194], score = 0.04      <et=424.99>
SB phase 1 cand.  3 branch on var x[(105, 15)]_0_12600_0_OspV (lhs=0.9714) : [ 4178.8750,  4180.5167], score = 0.08 (h)  <et=425.41>
SB phase 1 cand.  4 branch on var x[(97, 23)]_0_11640_0_OspV (lhs=0.5464)  : [ 4178.9067,  4179.0560], score = 0.02      <et=425.72>
SB phase 1 cand.  5 branch on var x[(34, 36)]_0_4029_0_OspV (lhs=0.9821)   : [ 4178.8468,  4204.5705], score = 0.46 (h)  <et=426.1>
SB phase 1 cand.  6 branch on var x[(35, 0)]_0_4115_0_OspV (lhs=0.4429)    : [ 4179.0477,  4179.2756], score = 0.10      <et=426.39>
SB phase 1 cand.  7 branch on var x[(93, 60)]_0_11193_0_OspV (lhs=0.9821)  : [ 4178.8471,  4187.8667], score = 0.17 (h)  <et=426.77>
SB phase 1 cand.  8 branch on var x[(96, 22)]_0_11518_0_OspV (lhs=0.5750)  : [ 4179.0260,  4179.1720], score = 0.07      <et=427.18>
SB phase 1 cand.  9 branch on var x[(105, 33)]_0_12618_0_OspV (lhs=0.0036) : [ 4178.8294, 3004219.0916], score = 1824.20 (h)  <et=427.45>
SB phase 1 cand. 10 branch on var x[(97, 18)]_0_11635_0_OspV (lhs=0.3750)  : [ 4178.8663,  4179.2500], score = 0.02      <et=427.76>
SB phase 1 cand. 11 branch on var x[(7, 33)]_0_759_0_OspV (lhs=0.0250)     : [ 4178.8660, 3004219.1379], score = 111795.06 (h)  <et=428.04>
SB phase 1 cand. 12 branch on var x[(72, 0)]_0_8592_0_OspV (lhs=0.3679)    : [ 4178.8585,  4179.0311], score = 0.01      <et=428.35>
SB phase 1 cand. 13 branch on var x[(79, 69)]_0_9508_0_OspV (lhs=0.9929)   : [ 4178.8400,  4232.3778], score = 0.60 (h)  <et=428.67>
SB phase 1 cand. 14 branch on var x[(82, 75)]_0_9877_0_OspV (lhs=0.6411)   : [ 4178.8792,  4179.0258], score = 0.01      <et=428.94>
SB phase 1 cand. 15 branch on var x[(119, 80)]_0_14359_0_OspV (lhs=0.9893) : [ 4178.8471,  4190.4500], score = 0.21 (h)  <et=429.72>
SB phase 1 cand. 16 branch on var x[(0, 26)]_0_3025_0_OspV (lhs=0.6500)    : [ 4178.8884,  4178.9865], score = 0.01      <et=430.13>
SB phase 1 cand. 17 branch on var x[(112, 99)]_0_13531_0_OspV (lhs=0.9964) : [ 4178.8291,  4183.9738], score = 0.00 (h)  <et=430.64>
SB phase 1 cand. 18 branch on var x[(0, 95)]_0_11374_0_OspV (lhs=0.3250)   : [ 4178.9249,  4178.9297], score = 0.01      <et=431.11>
SB phase 1 cand. 19 branch on var x[(72, 82)]_0_8673_0_OspV (lhs=0.2125)   : [ 4179.0193,  4181.2500], score = 0.46 (h)  <et=431.46>
SB phase 1 cand. 20 branch on var x[(55, 26)]_0_6561_0_OspV (lhs=0.3214)   : [ 4178.9218,  4178.9562], score = 0.01      <et=431.73>
SB phase 1 cand. 21 branch on var x[(72, 22)]_0_8614_0_OspV (lhs=0.2125)   : [ 4179.0106,  4180.7238], score = 0.34 (h)  <et=432.13>
SB phase 1 cand. 22 branch on var x[(0, 19)]_0_2178_0_OspV (lhs=0.7036)    : [ 4178.8750,  4179.0333], score = 0.01      <et=432.39>
SB phase 1 cand. 23 branch on var x[(12, 33)]_0_1364_0_OspV (lhs=0.0821)   : [ 4178.8750,  4180.0550], score = 0.06 (h)  <et=432.79>
SB phase 1 cand. 24 branch on var x[(19, 78)]_0_2256_0_OspV (lhs=0.7036)   : [ 4178.8750,  4179.0333], score = 0.01      <et=433.12>
SB phase 1 cand. 25 branch on var x[(96, 81)]_0_11577_0_OspV (lhs=0.4250)  : [ 4179.0184,  4179.9288], score = 0.21 (h)  <et=433.42>
SB phase 1 cand. 26 branch on var x[(19, 81)]_0_2259_0_OspV (lhs=0.2964)   : [ 4178.8750,  4180.3462], score = 0.07      <et=433.67>
SB phase 1 cand. 27 branch on var x[(113, 76)]_0_13629_0_OspV (lhs=0.1107) : [ 4178.8750,  4179.8333], score = 0.05 (h)  <et=434.06>
SB phase 1 cand. 28 branch on var x[(0, 78)]_0_9317_0_OspV (lhs=0.2786)    : [ 4178.8750,  4179.0333], score = 0.01      <et=434.32>
SB phase 1 cand. 29 branch on var x[(116, 46)]_0_13962_0_OspV (lhs=0.0286) : [ 4178.8511,  4185.8402], score = 0.16 (h)  <et=434.57>
SB phase 1 cand. 30 branch on var x[(118, 4)]_0_14162_0_OspV (lhs=0.2786)  : [ 4178.9556,  4179.2500], score = 0.05      <et=434.89>
SB phase 1 cand. 31 branch on var x[(94, 46)]_0_11300_0_OspV (lhs=0.0929)  : [ 4178.8750,  4179.7817], score = 0.04 (h)  <et=435.22>
SB phase 1 cand. 32 branch on var x[(118, 91)]_0_14249_0_OspV (lhs=0.7214) : [ 4179.2500,  4179.3533], score = 0.22      <et=435.57>
SB phase 1 cand. 33 branch on var x[(94, 27)]_0_11281_0_OspV (lhs=0.9071)  : [ 4178.8750,  4179.7817], score = 0.04 (h)  <et=435.88>
SB phase 1 cand. 34 branch on var x[(35, 19)]_0_4134_0_OspV (lhs=0.2786)   : [ 4178.8750,  4180.8500], score = 0.09      <et=436.07>
SB phase 1 cand. 35 branch on var x[(55, 23)]_0_6558_0_OspV (lhs=0.4536)   : [ 4178.8908,  4179.5533], score = 0.04 (h)  <et=436.33>
SB phase 1 cand. 36 branch on var x[(35, 81)]_0_4195_0_OspV (lhs=0.2786)   : [ 4179.1759,  4179.2500], score = 0.15      <et=436.64>
SB phase 1 cand. 37 branch on var x[(33, 94)]_0_3966_0_OspV (lhs=0.0429)   : [ 4178.8750, 604190.7894], score = 27750.72 (h)  <et=437>
SB phase 1 cand. 38 branch on var x[(77, 91)]_0_9287_0_OspV (lhs=0.2786)   : [ 4178.9686,  4179.2500], score = 0.06      <et=437.28>
SB phase 1 cand. 39 branch on var x[(69, 73)]_0_8301_0_OspV (lhs=0.0821)   : [ 4178.8750,  4180.8700], score = 0.09 (h)  <et=437.86>
SB phase 1 cand. 40 branch on var x[(77, 96)]_0_9292_0_OspV (lhs=0.7214)   : [ 4179.2500,  4179.3533], score = 0.22      <et=438.28>
SB phase 1 cand. 41 branch on var x[(0, 82)]_0_9801_0_OspV (lhs=0.7875)    : [ 4179.0254,  4179.6978], score = 0.17 (h)  <et=438.66>
SB phase 1 cand. 42 branch on var x[(91, 4)]_0_10895_0_OspV (lhs=0.7214)   : [ 4179.2500,  4179.3533], score = 0.22      <et=439.03>
SB phase 1 cand. 43 branch on var x[(69, 94)]_0_8322_0_OspV (lhs=0.9179)   : [ 4178.8750,  4180.2119], score = 0.06 (h)  <et=439.26>
SB phase 1 cand. 44 branch on var x[(91, 96)]_0_10986_0_OspV (lhs=0.2786)  : [ 4179.2500,  4179.3533], score = 0.22      <et=439.58>
SB phase 1 cand. 45 branch on var x[(82, 22)]_0_9824_0_OspV (lhs=0.2125)   : [ 4179.0251,  4179.6978], score = 0.17 (h)  <et=439.94>
SB phase 1 cand. 46 branch on var x[(55, 95)]_0_6629_0_OspV (lhs=0.2214)   : [ 4178.8393,  4179.2081], score = 0.00      <et=440.29>
SB phase 1 cand. 47 branch on var x[(60, 97)]_0_7236_0_OspV (lhs=0.0429)   : [ 4178.8750, 379192.3786], score = 17344.48 (h)  <et=440.67>
SB phase 1 cand. 48 branch on var x[(0, 37)]_0_4356_0_OspV (lhs=0.2125)    : [ 4178.9735,  4180.7116], score = 0.27      <et=441.01>
SB phase 1 cand. 49 branch on var x[(110, 113)]_0_13302_0_OspV (lhs=0.9321): [ 4178.8750,  4180.1167], score = 0.06 (h)  <et=441.24>
SB phase 1 cand. 50 branch on var x[(10, 37)]_0_1126_0_OspV (lhs=0.7875)   : [ 4179.0043,  4179.5054], score = 0.12      <et=441.59>
**** Strong branching phase 2 is started *****
####<DWph=2> <it= 27> <et=444.44> <Mt= 1.01> <Spt= 1.82> <nCl=468> <al=0.29> <DB= 3639.0104> <Mlp= 4188.7833> <PB=10000000> 
<DWph=1> <it= 41> <et=445.72> <Mt= 0.30> <Spt= 0.97> <nCl=209> <al=0.00> <DB= 4188.7833> <Mlp= 4188.7833> <PB=10000000> 
<DWph=1> <it= 15> <et=447.43> <Mt= 0.26> <Spt= 1.09> <nCl=176> <al=0.00> <DB= 4178.8407> <Mlp= 4178.8407> <PB=10000000> 
SB phase 2 cand.  1 branch on var x[(7, 33)]_0_759_0_OspV (lhs=0.0250)  : [ 4178.8407,  4188.7833], score = 0.12 (h)  <et=447.47>
###<DWph=1> <it= 26> <et=450.05> <Mt= 0.57> <Spt= 1.85> <nCl=491> <al=0.00> <DB= 4181.8667> <Mlp= 4181.8667> <PB=10000000> 
<DWph=1> <it=  7> <et=451.09> <Mt= 0.23> <Spt= 0.64> <nCl=126> <al=0.00> <DB= 4178.8750> <Mlp= 4178.8750> <PB=10000000> 
SB phase 2 cand.  2 branch on var x[(33, 94)]_0_3966_0_OspV (lhs=0.0429): [ 4178.8750,  4181.8667], score = 0.14 (h)  <et=451.12>
##<DWph=1> <it= 30> <et=454.34> <Mt= 1.09> <Spt= 1.97> <nCl=458> <al=0.00> <DB= 4180.9967> <Mlp= 4180.9967> <PB=10000000> 
<DWph=1> <it=  6> <et=455.21> <Mt= 0.24> <Spt= 0.45> <nCl=142> <al=0.00> <DB= 4178.8750> <Mlp= 4178.8750> <PB=10000000> 
SB phase 2 cand.  3 branch on var x[(60, 97)]_0_7236_0_OspV (lhs=0.0429): [ 4178.8750,  4180.9967], score = 0.10 (h)  <et=455.25>
**** Strong branching phase 3 is started *****
**** SB phase 3 evaluation of candidate 1, branch 1 ( x[(33, 94)]_0_3966_0_OspV >= 1 ), value = 4181.87
<DWph=2> <it=  1> <et=455.55> <Mt= 0.00> <Spt= 0.12> <nCl=  7> <al=0.00> <DB= 4181.8667> <Mlp= 4181.8667> <PB=10000000> 
<DWph=1> <it=  2> <et=455.66> <Mt= 0.00> <Spt= 0.10> <nCl= 10> <al=0.00> <DB= 4181.8667> <Mlp= 4181.8667> <PB=10000000> 
    RCSP exact solver info for graph G_0 : TT = 0.045811, pt = 0.001717, dt = 0.041132, ct = 0.001353, ndl = 3522', bdl = 69413', odl = 6838', odf = 34677', bsi = 1389', cnt = 2677', bdch = 274597', odch = 54552', lcp = 57957', #sols = 150
<DWph=0> <it=  3> <et=455.73> <Mt= 0.00> <Spt= 0.07> <nCl=120> <al=0.30> <DB= 2821.8667> <Mlp= 4181.8667> <PB=10000000> 
    RCSP exact solver info for graph G_0 : TT = 0.050078, pt = 0.001698, dt = 0.045506, ct = 0.001413, ndl = 3938', bdl = 76261', odl = 6908', odf = 35919', bsi = 1428', cnt = 3388', bdch = 308963', odch = 60932', lcp = 66571', #sols = 150
<DWph=0> <it=  4> <et=455.82> <Mt= 0.02> <Spt= 0.08> <nCl= 85> <al=0.37> <DB= 3685.1284> <Mlp= 4181.8667> <PB=10000000> 
    RCSP exact solver info for graph G_0 : TT = 0.044538, pt = 0.001652, dt = 0.040466, ct = 0.001193, ndl = 3521', bdl = 68222', odl = 6907', odf = 35484', bsi = 1380', cnt = 3857', bdch = 279046', odch = 60148', lcp = 63138', #sols = 150
<DWph=0> <it=  5> <et=455.93> <Mt= 0.02> <Spt= 0.08> <nCl= 46> <al=0.27> <DB= 4114.1509> <Mlp= 4181.8667> <PB=10000000> 
    RCSP exact solver info for graph G_0 : TT = 0.04385, pt = 0.001836, dt = 0.038959, ct = 0.001335, ndl = 3577', bdl = 71443', odl = 6864', odf = 34736', bsi = 1493', cnt = 3645', bdch = 286285', odch = 56670', lcp = 62500', #sols = 150
    RCSP exact solver info for graph G_0 : TT = 0.044587, pt = 0.001805, dt = 0.040399, ct = 0.001066, ndl = 3513', bdl = 68277', odl = 6734', odf = 34477', bsi = 1398', cnt = 3625', bdch = 273598', odch = 56136', lcp = 60429', #sols = 150
<DWph=0> <it=  6> <et=456.08> <Mt= 0.01> <Spt= 0.14> <nCl=115> <al=0.00> <DB= 4181.8667> <Mlp= 4181.8667> <PB=10000000> 
RCSP solver dynamic params and stats :  bidir.bord. = 496.3 aver.obdmd = 9.53279 aver.buck.num. = 11.123 nbR1C = 40 with avMem = 24.85
@@ 650 0 4181.87 0.0425644 0.046919 48.7555 456.08
    Full reduced cost fixing is not called (gap ratio is 0.999995)
ColGenEvalAlg final dual bound: 4181.87 (rounded: 4181.87)
Current active cuts : CAP(9,331.589) R1C(5+35,199.049) 1rowPackR1C(5) 3rowPackR1C(21) 4rowPackR1C(12) 5rowPackR1C(2)
13 Rank-1 3-rows pack. cuts added ,  max viol. = 0.166667, aver. viol. = 0.166667
Building structures for heuristic rank-1 packing cut separation...done!
2 Rank-1 4-rows pack. cuts added ,  max viol. = 0.166667, aver. viol. = 0.166667
40 Rank-1 5-rows pack. cuts added ,  max viol. = 0.166667, aver. viol. = 0.110417
In total 6 RCC cut(s) are found by the connected components heuristic 
Shrinking heuristic shrunk 97 edges
In total 1 RCC cut(s) are found by the shrinking heuristic 
In total 18 RCC cut(s) are found by the Fractional capacity min-cut heuristic 
In total 8 RCC cut(s) are found by the greedy construction heuristic 
In total 52 RCC cut(s) are found by the global pool greedy search heuristic 
----- Add fac. cuts : CAP(85) R1C(55), max.viol = 1, aver.viol = 0.435714, sep/add took 0.259496/3.06163 sec. -----
36397 columns (9773 active), 454 dyn. constrs. (196 active), 700 art. vars. (438 active)
<DWph=2> <it=  1> <et=459.62> <Mt= 0.11> <Spt= 0.07> <nCl=  6> <al=0.50> <DB= 3999.1111> <Mlp= 4183.1300> <PB=10000000> 
<DWph=2> <it=  2> <et=459.84> <Mt= 0.08> <Spt= 0.14> <nCl= 24> <al=0.10> <DB= 3980.6523> <Mlp= 4183.1300> <PB=10000000> 
<DWph=2> <it=  3> <et=459.99> <Mt= 0.08> <Spt= 0.08> <nCl=  7> <al=0.45> <DB= 4166.0258> <Mlp= 4183.1300> <PB=10000000> 
<DWph=2> <it=  4> <et=460.10> <Mt= 0.03> <Spt= 0.07> <nCl= 13> <al=0.51> <DB= 4177.4569> <Mlp= 4183.1300> <PB=10000000> 
<DWph=2> <it=  5> <et=460.24> <Mt= 0.07> <Spt= 0.07> <nCl=  8> <al=0.55> <DB= 4182.4233> <Mlp= 4183.1300> <PB=10000000> 
<DWph=2> <it=  6> <et=460.35> <Mt= 0.04> <Spt= 0.08> <nCl=  5> <al=0.60> <DB= 4182.2268> <Mlp= 4183.1300> <PB=10000000> 
<DWph=2> <it=  7> <et=460.51> <Mt= 0.00> <Spt= 0.15> <nCl=  7> <al=0.28> <DB= 4182.2584> <Mlp= 4183.1300> <PB=10000000> 
<DWph=2> <it=  8> <et=460.69> <Mt= 0.03> <Spt= 0.14> <nCl= 15> <al=0.08> <DB= 4131.1427> <Mlp= 4183.1300> <PB=10000000> 
<DWph=2> <it=  9> <et=460.77> <Mt= 0.02> <Spt= 0.07> <nCl=  3> <al=0.44> <DB= 4161.3910> <Mlp= 4183.1300> <PB=10000000> 
<DWph=2> <it= 10> <et=460.89> <Mt= 0.02> <Spt= 0.09> <nCl=  6> <al=0.50> <DB= 4182.7446> <Mlp= 4183.1300> <PB=10000000> 
<DWph=2> <it= 11> <et=460.96> <Mt= 0.01> <Spt= 0.07> <nCl=  4> <al=0.55> <DB= 4182.9093> <Mlp= 4183.1300> <PB=10000000> 
<DWph=2> <it= 12> <et=461.04> <Mt= 0.01> <Spt= 0.07> <nCl=  5> <al=0.59> <DB= 4182.8928> <Mlp= 4183.1300> <PB=10000000> 
<DWph=2> <it= 13> <et=461.18> <Mt= 0.00> <Spt= 0.14> <nCl=  8> <al=0.26> <DB= 4183.0616> <Mlp= 4183.1300> <PB=10000000> 
<DWph=2> <it= 14> <et=461.27> <Mt= 0.01> <Spt= 0.07> <nCl= 11> <al=0.53> <DB= 4183.0936> <Mlp= 4183.1300> <PB=10000000> 
<DWph=2> <it= 15> <et=461.35> <Mt= 0.01> <Spt= 0.07> <nCl=  3> <al=0.58> <DB= 4183.0795> <Mlp= 4183.1300> <PB=10000000> 
<DWph=2> <it= 16> <et=461.43> <Mt= 0.01> <Spt= 0.07> <nCl=  2> <al=0.62> <DB= 4183.1074> <Mlp= 4183.1300> <PB=10000000> 
<DWph=2> <it= 17> <et=461.50> <Mt= 0.01> <Spt= 0.07> <nCl=  2> <al=0.66> <DB= 4183.0697> <Mlp= 4183.1300> <PB=10000000> 
<DWph=2> <it= 18> <et=461.72> <Mt= 0.01> <Spt= 0.20> <nCl=  7> <al=0.00> <DB= 3910.9967> <Mlp= 4183.1300> <PB=10000000> 
<DWph=2> <it= 19> <et=461.85> <Mt= 0.06> <Spt= 0.07> <nCl=  3> <al=0.59> <DB= 4169.7844> <Mlp= 4183.1300> <PB=10000000> 
<DWph=2> <it= 20> <et=462.13> <Mt= 0.08> <Spt= 0.21> <nCl= 23> <al=0.00> <DB= 4183.1300> <Mlp= 4183.1300> <PB=10000000> 
<DWph=1> <it= 21> <et=462.22> <Mt= 0.00> <Spt= 0.08> <nCl= 30> <al=0.53> <DB= 4135.1300> <Mlp= 4183.1300> <PB=10000000> 
<DWph=1> <it= 22> <et=462.33> <Mt= 0.03> <Spt= 0.08> <nCl= 29> <al=0.58> <DB= 4135.1300> <Mlp= 4183.1300> <PB=10000000> 
<DWph=1> <it= 23> <et=462.44> <Mt= 0.03> <Spt= 0.09> <nCl= 29> <al=0.62> <DB= 4126.0569> <Mlp= 4183.1100> <PB=10000000> 
<DWph=1> <it= 24> <et=462.62> <Mt= 0.01> <Spt= 0.08> <nCl= 15> <al=0.66> <DB= 4139.0937> <Mlp= 4183.0900> <PB=10000000> 
<DWph=1> <it= 25> <et=462.83> <Mt= 0.06> <Spt= 0.16> <nCl= 35> <al=0.12> <DB= 4182.6941> <Mlp= 4183.0900> <PB=10000000> 
<DWph=1> <it= 26> <et=462.94> <Mt= 0.02> <Spt= 0.09> <nCl= 28> <al=0.46> <DB= 4182.7405> <Mlp= 4183.0900> <PB=10000000> 
<DWph=1> <it= 27> <et=463.11> <Mt= 0.02> <Spt= 0.15> <nCl= 47> <al=0.00> <DB= 4182.8500> <Mlp= 4183.0900> <PB=10000000> 
<DWph=1> <it= 28> <et=463.30> <Mt= 0.01> <Spt= 0.17> <nCl= 18> <al=0.00> <DB= 4183.0900> <Mlp= 4183.0900> <PB=10000000> 
    RCSP exact solver info for graph G_0 : TT = 0.040049, pt = 0.00149, dt = 0.036252, ct = 0.001093, ndl = 3657', bdl = 73027', odl = 6898', odf = 34627', bsi = 1617', cnt = 3463', bdch = 297878', odch = 60006', lcp = 65693', #sols = 150
<DWph=0> <it= 29> <et=463.39> <Mt= 0.01> <Spt= 0.09> <nCl= 88> <al=0.16> <DB= 4126.8057> <Mlp= 4183.0900> <PB=10000000> 
    RCSP exact solver info for graph G_0 : TT = 0.062576, pt = 0.001591, dt = 0.057768, ct = 0.001546, ndl = 3520', bdl = 73595', odl = 6847', odf = 34757', bsi = 1564', cnt = 2580', bdch = 281647', odch = 54820', lcp = 55766', #sols = 150
<DWph=0> <it= 30> <et=463.57> <Mt= 0.04> <Spt= 0.13> <nCl= 86> <al=0.24> <DB= 4181.6568> <Mlp= 4183.0486> <PB=10000000> 
    RCSP exact solver info for graph G_0 : TT = 0.046008, pt = 0.00155, dt = 0.041935, ct = 0.001212, ndl = 3692', bdl = 76030', odl = 6912', odf = 34702', bsi = 1631', cnt = 3035', bdch = 301287', odch = 58361', lcp = 60447', #sols = 150
<DWph=0> <it= 31> <et=463.67> <Mt= 0.01> <Spt= 0.10> <nCl= 92> <al=0.14> <DB= 4182.7839> <Mlp= 4183.0486> <PB=10000000> 
    RCSP exact solver info for graph G_0 : TT = 0.04477, pt = 0.001511, dt = 0.04029, ct = 0.001624, ndl = 3617', bdl = 77440', odl = 6963', odf = 35300', bsi = 1556', cnt = 2355', bdch = 299879', odch = 56086', lcp = 60759', #sols = 150
    RCSP exact solver info for graph G_0 : TT = 0.045393, pt = 0.001463, dt = 0.041234, ct = 0.001297, ndl = 3701', bdl = 72706', odl = 6965', odf = 35448', bsi = 1542', cnt = 4153', bdch = 301207', odch = 64754', lcp = 66795', #sols = 150
<DWph=0> <it= 32> <et=463.87> <Mt= 0.01> <Spt= 0.20> <nCl=100> <al=0.00> <DB= 4183.0486> <Mlp= 4183.0486> <PB=10000000> 
RCSP solver dynamic params and stats :  bidir.bord. = 482.1 aver.obdmd = 9.53279 aver.buck.num. = 11.123 nbR1C = 36 with avMem = 25.3333
@@ 650 1 4183.05 0.0448502 0.059314 48.7555 463.87
    Full reduced cost fixing is not called (gap ratio is 0.999995)
ColGenEvalAlg final dual bound: 4183.05 (rounded: 4183.05)
False gap improvement since the last cut separation : 0.00282636 (4181.87)
Cut generation tailing off counter increased to 1
Current active cuts : CAP(11,365.548) R1C(5+31,202.262) 1rowPackR1C(5) 3rowPackR1C(19) 4rowPackR1C(10) 5rowPackR1C(2)
1 Rank-1 1-rows pack. cuts added ,  max viol. = 0.166667, aver. viol. = 0.166667
150 Rank-1 3-rows pack. cuts added ,  max viol. = 0.305556, aver. viol. = 0.20463
Building structures for heuristic rank-1 packing cut separation...done!
60 Rank-1 4-rows pack. cuts added ,  max viol. = 0.305556, aver. viol. = 0.0898148
100 Rank-1 5-rows pack. cuts added ,  max viol. = 0.305556, aver. viol. = 0.188056
Shrinking heuristic shrunk 76 edges
In total 2 RCC cut(s) are found by the Fractional capacity min-cut heuristic 
In total 7 RCC cut(s) are found by the greedy construction heuristic 
In total 24 RCC cut(s) are found by the global pool greedy search heuristic 
----- Add fac. cuts : CAP(33) R1C(311), max.viol = 0.361111, aver.viol = 0.205749, sep/add took 0.271291/2.16464 sec. -----
35703 columns (7124 active), 798 dyn. constrs. (418 active), 1044 art. vars. (660 active)
<DWph=2> <it=  1> <et=466.68> <Mt= 0.22> <Spt= 0.10> <nCl= 30> <al=0.50> <DB=-719989475.6851> <Mlp= 4184.1167> <PB=10000000> 
<DWph=2> <it=  2> <et=467.00> <Mt= 0.24> <Spt= 0.08> <nCl= 30> <al=0.55> <DB=-1943966539.0812> <Mlp= 4184.1167> <PB=10000000> 
<DWph=2> <it=  3> <et=467.35> <Mt= 0.26> <Spt= 0.09> <nCl= 30> <al=0.60> <DB=-583186770.3346> <Mlp= 4184.1167> <PB=10000000> 
<DWph=2> <it=  4> <et=467.71> <Mt= 0.27> <Spt= 0.08> <nCl= 16> <al=0.64> <DB= 2491.4789> <Mlp= 4184.1167> <PB=10000000> 
<DWph=2> <it=  5> <et=468.10> <Mt= 0.30> <Spt= 0.09> <nCl= 30> <al=0.67> <DB=  399.9332> <Mlp= 4184.1167> <PB=10000000> 
<DWph=2> <it=  6> <et=468.46> <Mt= 0.20> <Spt= 0.17> <nCl= 38> <al=0.41> <DB=-521210785.5625> <Mlp= 4184.1167> <PB=10000000> 
<DWph=2> <it=  7> <et=468.82> <Mt= 0.27> <Spt= 0.09> <nCl= 30> <al=0.60> <DB=-1707406192.2538> <Mlp= 4184.1167> <PB=10000000> 
<DWph=2> <it=  8> <et=469.21> <Mt= 0.30> <Spt= 0.08> <nCl= 16> <al=0.64> <DB= 3431.0648> <Mlp= 4184.1167> <PB=10000000> 
<DWph=2> <it=  9> <et=469.55> <Mt= 0.25> <Spt= 0.09> <nCl= 21> <al=0.68> <DB= 4181.5179> <Mlp= 4183.9833> <PB=10000000> 
<DWph=2> <it= 10> <et=469.66> <Mt= 0.03> <Spt= 0.08> <nCl= 13> <al=0.71> <DB= 4181.7485> <Mlp= 4183.9833> <PB=10000000> 
<DWph=2> <it= 11> <et=469.84> <Mt= 0.02> <Spt= 0.16> <nCl= 34> <al=0.48> <DB=  390.5551> <Mlp= 4183.9167> <PB=10000000> 
<DWph=2> <it= 12> <et=470.23> <Mt= 0.23> <Spt= 0.16> <nCl= 26> <al=0.28> <DB= 4178.0859> <Mlp= 4183.9167> <PB=10000000> 
<DWph=2> <it= 13> <et=470.52> <Mt= 0.03> <Spt= 0.26> <nCl= 42> <al=0.00> <DB= 1364.4301> <Mlp= 4183.9143> <PB=10000000> 
<DWph=2> <it= 14> <et=470.77> <Mt= 0.16> <Spt= 0.08> <nCl= 10> <al=0.44> <DB= 3872.0813> <Mlp= 4183.9143> <PB=10000000> 
<DWph=2> <it= 15> <et=470.86> <Mt= 0.01> <Spt= 0.09> <nCl=  7> <al=0.34> <DB= 3957.8301> <Mlp= 4183.9143> <PB=10000000> 
<DWph=2> <it= 16> <et=470.95> <Mt= 0.01> <Spt= 0.07> <nCl=  3> <al=0.24> <DB= 4024.1927> <Mlp= 4183.9143> <PB=10000000> 
<DWph=2> <it= 17> <et=471.13> <Mt= 0.01> <Spt= 0.17> <nCl= 37> <al=0.00> <DB= 2550.3275> <Mlp= 4183.9143> <PB=10000000> 
<DWph=2> <it= 18> <et=471.42> <Mt= 0.20> <Spt= 0.09> <nCl=  7> <al=0.04> <DB= 4057.5644> <Mlp= 4183.9143> <PB=10000000> 
<DWph=2> <it= 19> <et=471.76> <Mt= 0.19> <Spt= 0.16> <nCl= 20> <al=0.00> <DB= 4183.9143> <Mlp= 4183.9143> <PB=10000000> 
<DWph=1> <it= 20> <et=471.85> <Mt= 0.00> <Spt= 0.08> <nCl= 30> <al=0.04> <DB=  326.0603> <Mlp= 4183.9143> <PB=10000000> 
<DWph=1> <it= 21> <et=472.16> <Mt= 0.21> <Spt= 0.10> <nCl= 19> <al=0.13> <DB= 4179.1302> <Mlp= 4183.9143> <PB=10000000> 
<DWph=1> <it= 22> <et=472.26> <Mt= 0.02> <Spt= 0.08> <nCl= 19> <al=0.22> <DB= 4181.5614> <Mlp= 4183.9143> <PB=10000000> 
<DWph=1> <it= 23> <et=472.35> <Mt= 0.01> <Spt= 0.09> <nCl=  9> <al=0.12> <DB= 4180.0593> <Mlp= 4183.9143> <PB=10000000> 
<DWph=1> <it= 24> <et=472.52> <Mt= 0.00> <Spt= 0.16> <nCl= 25> <al=0.00> <DB= 4183.9143> <Mlp= 4183.9143> <PB=10000000> 
    RCSP exact solver info for graph G_0 : TT = 0.046473, pt = 0.001976, dt = 0.042254, ct = 0.001197, ndl = 3722', bdl = 75163', odl = 7052', odf = 35884', bsi = 1548', cnt = 4025', bdch = 315528', odch = 66890', lcp = 69220', #sols = 150
<DWph=0> <it= 25> <et=472.65> <Mt= 0.01> <Spt= 0.13> <nCl= 74> <al=0.11> <DB= 4087.9143> <Mlp= 4183.9143> <PB=10000000> 
    RCSP exact solver info for graph G_0 : TT = 0.048606, pt = 0.002127, dt = 0.044, ct = 0.001176, ndl = 3812', bdl = 81310', odl = 7274', odf = 36300', bsi = 1753', cnt = 4249', bdch = 337687', odch = 62852', lcp = 68184', #sols = 150
<DWph=0> <it= 26> <et=472.83> <Mt= 0.02> <Spt= 0.15> <nCl= 88> <al=0.01> <DB= 4175.7597> <Mlp= 4183.9000> <PB=10000000> 
    RCSP exact solver info for graph G_0 : TT = 0.051709, pt = 0.002064, dt = 0.046507, ct = 0.001503, ndl = 3661', bdl = 74386', odl = 7057', odf = 34843', bsi = 1657', cnt = 4626', bdch = 316361', odch = 60686', lcp = 66868', #sols = 150
<DWph=0> <it= 27> <et=472.97> <Mt= 0.01> <Spt= 0.13> <nCl= 76> <al=0.00> <DB= 4183.9000> <Mlp= 4183.9000> <PB=10000000> 
RCSP solver dynamic params and stats :  bidir.bord. = 494 aver.obdmd = 9.53279 aver.buck.num. = 11.123 nbR1C = 44 with avMem = 25.5909
@@ 650 2 4183.9 0.0455457 0.04801 48.7555 472.97
    Full reduced cost fixing is not called (gap ratio is 0.999995)
ColGenEvalAlg final dual bound: 4183.9 (rounded: 4183.9)
False gap improvement since the last cut separation : 0.00203533 (4183.05)
Cut generation tailing off counter increased to 2
Current active cuts : CAP(14,367.299) R1C(5+39,204.987) 1rowPackR1C(5) 3rowPackR1C(22) 4rowPackR1C(14) 5rowPackR1C(3)
150 Rank-1 3-rows pack. cuts added ,  max viol. = 0.166667, aver. viol. = 0.166667
Building structures for heuristic rank-1 packing cut separation...done!
48 Rank-1 4-rows pack. cuts added ,  max viol. = 0.333333, aver. viol. = 0.173611
100 Rank-1 5-rows pack. cuts added ,  max viol. = 0.333333, aver. viol. = 0.191667
In total 1 RCC cut(s) are found by the connected components heuristic 
Shrinking heuristic shrunk 85 edges
In total 6 RCC cut(s) are found by the Fractional capacity min-cut heuristic 
In total 10 RCC cut(s) are found by the greedy construction heuristic 
In total 45 RCC cut(s) are found by the global pool greedy search heuristic 
----- Add fac. cuts : CAP(62) R1C(298), max.viol = 0.666667, aver.viol = 0.205556, sep/add took 0.295097/3.31291 sec. -----
36483 columns (7904 active), 1040 dyn. constrs. (432 active), 1404 art. vars. (674 active)
<DWph=2> <it=  1> <et=477.19> <Mt= 0.21> <Spt= 0.10> <nCl= 11> <al=0.50> <DB= 4178.1250> <Mlp= 4184.3500> <PB=10000000> 
<DWph=2> <it=  2> <et=477.30> <Mt= 0.02> <Spt= 0.09> <nCl= 13> <al=0.55> <DB= 4180.2620> <Mlp= 4184.3500> <PB=10000000> 
<DWph=2> <it=  3> <et=477.45> <Mt= 0.01> <Spt= 0.14> <nCl= 15> <al=0.19> <DB= 4152.2245> <Mlp= 4184.3500> <PB=10000000> 
<DWph=2> <it=  4> <et=477.53> <Mt= 0.01> <Spt= 0.07> <nCl=  2> <al=0.50> <DB= 4160.9576> <Mlp= 4184.3500> <PB=10000000> 
<DWph=2> <it=  5> <et=477.62> <Mt= 0.01> <Spt= 0.08> <nCl=  1> <al=0.55> <DB= 4163.4680> <Mlp= 4184.3500> <PB=10000000> 
<DWph=2> <it=  6> <et=478.02> <Mt= 0.32> <Spt= 0.07> <nCl=  7> <al=0.59> <DB= 4170.5815> <Mlp= 4184.2167> <PB=10000000> 
<DWph=2> <it=  7> <et=478.34> <Mt= 0.25> <Spt= 0.08> <nCl= 13> <al=0.63> <DB= 4181.9075> <Mlp= 4184.1750> <PB=10000000> 
<DWph=2> <it=  8> <et=478.43> <Mt= 0.01> <Spt= 0.08> <nCl=  3> <al=0.67> <DB= 4183.0635> <Mlp= 4184.1750> <PB=10000000> 
<DWph=2> <it=  9> <et=478.67> <Mt= 0.01> <Spt= 0.22> <nCl=  9> <al=0.00> <DB= 4184.1750> <Mlp= 4184.1750> <PB=10000000> 
<DWph=1> <it= 10> <et=478.75> <Mt= 0.00> <Spt= 0.08> <nCl= 12> <al=0.60> <DB= 4172.1750> <Mlp= 4184.1750> <PB=10000000> 
<DWph=1> <it= 11> <et=478.85> <Mt= 0.02> <Spt= 0.07> <nCl= 13> <al=0.64> <DB= 4171.8375> <Mlp= 4184.1667> <PB=10000000> 
<DWph=1> <it= 12> <et=478.94> <Mt= 0.02> <Spt= 0.08> <nCl=  3> <al=0.68> <DB= 4172.1197> <Mlp= 4184.1667> <PB=10000000> 
<DWph=1> <it= 13> <et=479.02> <Mt= 0.01> <Spt= 0.07> <nCl=  4> <al=0.71> <DB= 4174.9096> <Mlp= 4184.1667> <PB=10000000> 
<DWph=1> <it= 14> <et=479.11> <Mt= 0.00> <Spt= 0.09> <nCl= 19> <al=0.61> <DB= 4181.5739> <Mlp= 4184.1667> <PB=10000000> 
<DWph=1> <it= 15> <et=479.20> <Mt= 0.01> <Spt= 0.07> <nCl= 10> <al=0.51> <DB= 4179.4875> <Mlp= 4184.1667> <PB=10000000> 
<DWph=1> <it= 16> <et=479.43> <Mt= 0.01> <Spt= 0.23> <nCl= 31> <al=0.00> <DB= 4184.1667> <Mlp= 4184.1667> <PB=10000000> 
    RCSP exact solver info for graph G_0 : TT = 0.047693, pt = 0.00199, dt = 0.042988, ct = 0.001269, ndl = 3455', bdl = 65833', odl = 6325', odf = 32261', bsi = 1595', cnt = 3936', bdch = 260635', odch = 50652', lcp = 55568', #sols = 150
<DWph=0> <it= 17> <et=479.56> <Mt= 0.00> <Spt= 0.12> <nCl= 72> <al=0.46> <DB= 4105.0467> <Mlp= 4184.1667> <PB=10000000> 
    RCSP exact solver info for graph G_0 : TT = 0.051141, pt = 0.001984, dt = 0.046537, ct = 0.001276, ndl = 3389', bdl = 67808', odl = 6303', odf = 31883', bsi = 1582', cnt = 3609', bdch = 260065', odch = 50250', lcp = 53709', #sols = 150
<DWph=0> <it= 18> <et=479.72> <Mt= 0.02> <Spt= 0.14> <nCl= 60> <al=0.36> <DB= 4155.7829> <Mlp= 4184.1667> <PB=10000000> 
    RCSP exact solver info for graph G_0 : TT = 0.042967, pt = 0.002034, dt = 0.038596, ct = 0.001023, ndl = 3321', bdl = 66846', odl = 6244', odf = 31384', bsi = 1541', cnt = 3550', bdch = 254304', odch = 48239', lcp = 53328', #sols = 150
    RCSP exact solver info for graph G_0 : TT = 0.045619, pt = 0.001958, dt = 0.041074, ct = 0.00117, ndl = 3417', bdl = 68165', odl = 6539', odf = 33137', bsi = 1550', cnt = 3755', bdch = 267870', odch = 51333', lcp = 56852', #sols = 150
<DWph=0> <it= 19> <et=479.94> <Mt= 0.01> <Spt= 0.21> <nCl= 99> <al=0.00> <DB= 4184.1667> <Mlp= 4184.1667> <PB=10000000> 
RCSP solver dynamic params and stats :  bidir.bord. = 494 aver.obdmd = 9.53279 aver.buck.num. = 11.123 nbR1C = 44 with avMem = 24.8636
@@ 650 3 4184.17 0.0434833 0.047813 48.7555 479.94
    Full reduced cost fixing is not called (gap ratio is 0.999995)
ColGenEvalAlg final dual bound: 4184.17 (rounded: 4184.17)
False gap improvement since the last cut separation : 0.000637364 (4183.9)
----- Cut generation is stopped due to tailing off -----
Current active cuts : CAP(14,374.5) R1C(5+39,205.909) 1rowPackR1C(5) 3rowPackR1C(23) 4rowPackR1C(13) 5rowPackR1C(3)
**** SB phase 3 evaluation of candidate 1, branch 2 ( x[(33, 94)]_0_3966_0_OspV <= 0 ), value = 4178.88
<DWph=2> <it=  1> <et=480.83> <Mt= 0.26> <Spt= 0.06> <nCl= 30> <al=0.50> <DB=-719987322.9797> <Mlp= 4178.8750> <PB=10000000> 
<DWph=2> <it=  2> <et=480.94> <Mt= 0.06> <Spt= 0.05> <nCl=  1> <al=0.55> <DB= 4175.1660> <Mlp= 4178.8750> <PB=10000000> 
<DWph=2> <it=  3> <et=481.14> <Mt= 0.05> <Spt= 0.15> <nCl=  8> <al=0.00> <DB= 4178.7484> <Mlp= 4178.8750> <PB=10000000> 
<DWph=1> <it=  4> <et=481.24> <Mt= 0.00> <Spt= 0.10> <nCl= 15> <al=0.00> <DB= 4178.8750> <Mlp= 4178.8750> <PB=10000000> 
    RCSP exact solver info for graph G_0 : TT = 0.048958, pt = 0.002053, dt = 0.044109, ct = 0.001231, ndl = 3599', bdl = 71107', odl = 7031', odf = 34966', bsi = 1311', cnt = 3001', bdch = 282903', odch = 54474', lcp = 58618', #sols = 150
<DWph=0> <it=  5> <et=481.31> <Mt= 0.01> <Spt= 0.07> <nCl= 94> <al=0.40> <DB= 3384.7306> <Mlp= 4178.8750> <PB=10000000> 
    RCSP exact solver info for graph G_0 : TT = 0.061574, pt = 0.002536, dt = 0.055867, ct = 0.001354, ndl = 3594', bdl = 71766', odl = 7203', odf = 36240', bsi = 1334', cnt = 3059', bdch = 286382', odch = 55919', lcp = 59293', #sols = 150
<DWph=0> <it=  6> <et=481.45> <Mt= 0.05> <Spt= 0.08> <nCl= 62> <al=0.46> <DB= 3952.9580> <Mlp= 4178.8750> <PB=10000000> 
    RCSP exact solver info for graph G_0 : TT = 0.052483, pt = 0.00222, dt = 0.047309, ct = 0.00126, ndl = 3871', bdl = 79660', odl = 7048', odf = 35308', bsi = 1374', cnt = 3208', bdch = 313733', odch = 59786', lcp = 63106', #sols = 150
<DWph=0> <it=  7> <et=481.59> <Mt= 0.06> <Spt= 0.08> <nCl= 82> <al=0.36> <DB= 4166.5902> <Mlp= 4178.8750> <PB=10000000> 
    RCSP exact solver info for graph G_0 : TT = 0.050836, pt = 0.002116, dt = 0.045634, ct = 0.001477, ndl = 4210', bdl = 85114', odl = 7311', odf = 36859', bsi = 1399', cnt = 3725', bdch = 348606', odch = 68229', lcp = 70376', #sols = 150
    RCSP exact solver info for graph G_0 : TT = 0.047993, pt = 0.001798, dt = 0.043062, ct = 0.001551, ndl = 3949', bdl = 80426', odl = 7391', odf = 36970', bsi = 1392', cnt = 3632', bdch = 334593', odch = 64379', lcp = 69689', #sols = 150
<DWph=0> <it=  8> <et=481.77> <Mt= 0.02> <Spt= 0.15> <nCl=210> <al=0.00> <DB= 4178.8750> <Mlp= 4178.8750> <PB=10000000> 
RCSP solver dynamic params and stats :  bidir.bord. = 510 aver.obdmd = 9.53279 aver.buck.num. = 11.123 nbR1C = 45 with avMem = 26.0889
@@ 651 0 4178.87 0.0485708 0.057221 44.8065 481.77
    Full reduced cost fixing is not called (gap ratio is 0.999996)
ColGenEvalAlg final dual bound: 4178.87 (rounded: 4178.87)
Current active cuts : CAP(14,285.024) R1C(5+40,205.561) 1rowPackR1C(5) 3rowPackR1C(24) 4rowPackR1C(14) 5rowPackR1C(2)
9 Rank-1 3-rows pack. cuts added ,  max viol. = 0.5, aver. viol. = 0.472222
Building structures for heuristic rank-1 packing cut separation...done!
5 Rank-1 4-rows pack. cuts added ,  max viol. = 0.5, aver. viol. = 0.45
35 Rank-1 5-rows pack. cuts added ,  max viol. = 0.5, aver. viol. = 0.264286
Shrinking heuristic shrunk 98 edges
In total 1 RCC cut(s) are found by the Fractional capacity min-cut heuristic 
In total 2 RCC cut(s) are found by the greedy construction heuristic 
In total 6 RCC cut(s) are found by the global pool greedy search heuristic 
----- Add fac. cuts : CAP(9) R1C(49), max.viol = 0.5, aver.viol = 0.396552, sep/add took 0.208949/0.464812 sec. -----
37097 columns (9527 active), 395 dyn. constrs. (131 active), 637 art. vars. (373 active)
<DWph=2> <it=  1> <et=482.75> <Mt= 0.20> <Spt= 0.06> <nCl= 30> <al=0.50> <DB=  393.0472> <Mlp= 4178.9167> <PB=10000000> 
<DWph=2> <it=  2> <et=482.93> <Mt= 0.09> <Spt= 0.09> <nCl= 19> <al=0.10> <DB= 4178.1925> <Mlp= 4178.9167> <PB=10000000> 
<DWph=2> <it=  3> <et=483.05> <Mt= 0.02> <Spt= 0.11> <nCl= 24> <al=0.00> <DB= 4178.9167> <Mlp= 4178.9167> <PB=10000000> 
<DWph=1> <it=  4> <et=483.11> <Mt= 0.00> <Spt= 0.05> <nCl= 21> <al=0.35> <DB= 3980.5761> <Mlp= 4178.9167> <PB=10000000> 
<DWph=1> <it=  5> <et=483.26> <Mt= 0.09> <Spt= 0.06> <nCl= 16> <al=0.42> <DB= 4155.0056> <Mlp= 4178.9167> <PB=10000000> 
<DWph=1> <it=  6> <et=483.37> <Mt= 0.06> <Spt= 0.05> <nCl= 21> <al=0.32> <DB= 4171.4425> <Mlp= 4178.9167> <PB=10000000> 
<DWph=1> <it=  7> <et=483.48> <Mt= 0.05> <Spt= 0.06> <nCl= 13> <al=0.22> <DB= 4177.3097> <Mlp= 4178.9167> <PB=10000000> 
<DWph=1> <it=  8> <et=483.54> <Mt= 0.01> <Spt= 0.05> <nCl= 15> <al=0.12> <DB= 4177.8666> <Mlp= 4178.9167> <PB=10000000> 
<DWph=1> <it=  9> <et=483.65> <Mt= 0.00> <Spt= 0.11> <nCl= 21> <al=0.00> <DB= 4178.9167> <Mlp= 4178.9167> <PB=10000000> 
    RCSP exact solver info for graph G_0 : TT = 0.043991, pt = 0.001878, dt = 0.039421, ct = 0.001308, ndl = 3739', bdl = 72886', odl = 6801', odf = 33943', bsi = 1302', cnt = 3382', bdch = 290662', odch = 58444', lcp = 61954', #sols = 150
<DWph=0> <it= 10> <et=483.73> <Mt= 0.01> <Spt= 0.07> <nCl=121> <al=0.10> <DB= 4165.8179> <Mlp= 4178.9167> <PB=10000000> 
    RCSP exact solver info for graph G_0 : TT = 0.044927, pt = 0.001988, dt = 0.040323, ct = 0.00144, ndl = 3607', bdl = 72885', odl = 6821', odf = 33703', bsi = 1325', cnt = 3076', bdch = 282978', odch = 55209', lcp = 58084', #sols = 150
    RCSP exact solver info for graph G_0 : TT = 0.047859, pt = 0.002049, dt = 0.043386, ct = 0.001117, ndl = 3567', bdl = 73958', odl = 6983', odf = 34591', bsi = 1385', cnt = 3208', bdch = 285440', odch = 54160', lcp = 56336', #sols = 150
<DWph=0> <it= 11> <et=483.94> <Mt= 0.07> <Spt= 0.14> <nCl=119> <al=0.00> <DB= 4175.3124> <Mlp= 4178.8889> <PB=10000000> 
    RCSP exact solver info for graph G_0 : TT = 0.047024, pt = 0.001961, dt = 0.042586, ct = 0.001188, ndl = 3855', bdl = 75111', odl = 7184', odf = 35934', bsi = 1338', cnt = 3553', bdch = 307009', odch = 63040', lcp = 65067', #sols = 150
    RCSP exact solver info for graph G_0 : TT = 0.043765, pt = 0.001646, dt = 0.039858, ct = 0.001141, ndl = 3593', bdl = 77207', odl = 6823', odf = 33651', bsi = 1396', cnt = 3090', bdch = 295757', odch = 52827', lcp = 58377', #sols = 150
<DWph=0> <it= 12> <et=484.13> <Mt= 0.03> <Spt= 0.16> <nCl=118> <al=0.00> <DB= 4178.8889> <Mlp= 4178.8889> <PB=10000000> 
RCSP solver dynamic params and stats :  bidir.bord. = 520.5 aver.obdmd = 9.53279 aver.buck.num. = 11.123 nbR1C = 45 with avMem = 26.6222
@@ 651 1 4178.89 0.0423536 0.044503 48.7555 484.13
    Full reduced cost fixing is not called (gap ratio is 0.999996)
ColGenEvalAlg final dual bound: 4178.89 (rounded: 4178.89)
False gap improvement since the last cut separation : 3.32358e-05 (4178.88)
Cut generation tailing off counter increased to 1
Current active cuts : CAP(14,263.006) R1C(5+40,207.153) 1rowPackR1C(5) 3rowPackR1C(23) 4rowPackR1C(15) 5rowPackR1C(2)
16 Rank-1 3-rows pack. cuts added ,  max viol. = 0.111111, aver. viol. = 0.111111
Building structures for heuristic rank-1 packing cut separation...done!
8 Rank-1 4-rows pack. cuts added ,  max viol. = 0.111111, aver. viol. = 0.111111
100 Rank-1 5-rows pack. cuts added ,  max viol. = 0.111111, aver. viol. = 0.0677778
Shrinking heuristic shrunk 91 edges
In total 1 RCC cut(s) are found by the Fractional capacity min-cut heuristic 
----- Add fac. cuts : CAP(1) R1C(124), max.viol = 0.111111, aver.viol = 0.111111, sep/add took 0.190232/0.661304 sec. -----
37635 columns (10065 active), 520 dyn. constrs. (206 active), 762 art. vars. (448 active)
<DWph=2> <it=  1> <et=485.33> <Mt= 0.22> <Spt= 0.05> <nCl= 30> <al=0.50> <DB=-11207.6952> <Mlp= 4178.9167> <PB=10000000> 
<DWph=2> <it=  2> <et=485.48> <Mt= 0.09> <Spt= 0.06> <nCl= 30> <al=0.55> <DB=-26648.9176> <Mlp= 4178.9167> <PB=10000000> 
<DWph=2> <it=  3> <et=485.62> <Mt= 0.09> <Spt= 0.05> <nCl= 30> <al=0.60> <DB=-2232.1290> <Mlp= 4178.9167> <PB=10000000> 
<DWph=2> <it=  4> <et=485.77> <Mt= 0.09> <Spt= 0.06> <nCl= 15> <al=0.64> <DB= 3104.1627> <Mlp= 4178.9167> <PB=10000000> 
<DWph=2> <it=  5> <et=485.92> <Mt= 0.10> <Spt= 0.05> <nCl=  9> <al=0.67> <DB= 4166.2293> <Mlp= 4178.9167> <PB=10000000> 
<DWph=2> <it=  6> <et=486.15> <Mt= 0.08> <Spt= 0.15> <nCl= 39> <al=0.00> <DB= 4018.2167> <Mlp= 4178.9167> <PB=10000000> 
<DWph=2> <it=  7> <et=486.40> <Mt= 0.10> <Spt= 0.15> <nCl= 21> <al=0.00> <DB= 4178.9167> <Mlp= 4178.9167> <PB=10000000> 
<DWph=1> <it=  8> <et=486.46> <Mt= 0.00> <Spt= 0.06> <nCl= 26> <al=0.50> <DB= 3812.2166> <Mlp= 4178.9167> <PB=10000000> 
<DWph=1> <it=  9> <et=486.69> <Mt= 0.06> <Spt= 0.16> <nCl= 22> <al=0.00> <DB= 4178.9167> <Mlp= 4178.9167> <PB=10000000> 
    RCSP exact solver info for graph G_0 : TT = 0.046098, pt = 0.001889, dt = 0.041896, ct = 0.001085, ndl = 3589', bdl = 78099', odl = 6875', odf = 34438', bsi = 1460', cnt = 2876', bdch = 296947', odch = 51463', lcp = 57339', #sols = 150
<DWph=0> <it= 10> <et=486.76> <Mt= 0.01> <Spt= 0.07> <nCl= 64> <al=0.45> <DB= 4174.7392> <Mlp= 4178.9167> <PB=10000000> 
    RCSP exact solver info for graph G_0 : TT = 0.04477, pt = 0.001907, dt = 0.04084, ct = 0.001011, ndl = 3431', bdl = 75304', odl = 6640', odf = 33136', bsi = 1398', cnt = 2715', bdch = 278773', odch = 49121', lcp = 53320', #sols = 144
    RCSP exact solver info for graph G_0 : TT = 0.044207, pt = 0.002006, dt = 0.040005, ct = 0.001113, ndl = 3605', bdl = 75019', odl = 7021', odf = 35156', bsi = 1440', cnt = 3258', bdch = 295303', odch = 53448', lcp = 59390', #sols = 150
    RCSP exact solver info for graph G_0 : TT = 0.045993, pt = 0.002, dt = 0.041766, ct = 0.001073, ndl = 3571', bdl = 76102', odl = 6956', odf = 34413', bsi = 1433', cnt = 3209', bdch = 297989', odch = 52949', lcp = 60768', #sols = 150
<DWph=0> <it= 11> <et=487.01> <Mt= 0.02> <Spt= 0.22> <nCl=189> <al=0.00> <DB= 4178.9167> <Mlp= 4178.9167> <PB=10000000> 
RCSP solver dynamic params and stats :  bidir.bord. = 520.5 aver.obdmd = 9.53279 aver.buck.num. = 11.123 nbR1C = 43 with avMem = 26.2791
@@ 651 2 4178.92 0.0421973 0.042981 48.7555 487.01
    Full reduced cost fixing is not called (gap ratio is 0.999996)
ColGenEvalAlg final dual bound: 4178.92 (rounded: 4178.92)
False gap improvement since the last cut separation : 6.64717e-05 (4178.89)
Cut generation tailing off counter increased to 2
Current active cuts : CAP(14,276.774) R1C(5+38,201.407) 1rowPackR1C(5) 3rowPackR1C(20) 4rowPackR1C(14) 5rowPackR1C(4)
Building structures for heuristic rank-1 packing cut separation...done!
30 Rank-1 5-rows pack. cuts added ,  max viol. = 0.0833333, aver. viol. = 0.0833333
Shrinking heuristic shrunk 96 edges
----- Add fac. cuts : R1C(30), max.viol = 0.166667, aver.viol = 0.166667, sep/add took 0.187076/0.140446 sec. -----
38110 columns (7117 active), 504 dyn. constrs. (117 active), 792 art. vars. (359 active)
<DWph=2> <it=  1> <et=487.52> <Mt= 0.07> <Spt= 0.05> <nCl= 30> <al=0.50> <DB=-3298.5424> <Mlp= 4178.9167> <PB=10000000> 
<DWph=2> <it=  2> <et=487.72> <Mt= 0.07> <Spt= 0.13> <nCl=  5> <al=0.00> <DB= 4178.0167> <Mlp= 4178.9167> <PB=10000000> 
<DWph=1> <it=  3> <et=487.82> <Mt= 0.01> <Spt= 0.10> <nCl= 34> <al=0.00> <DB= 3995.8833> <Mlp= 4178.9167> <PB=10000000> 
<DWph=0> <it=  4> <et=487.88> <Mt= 0.05> <Spt= 0.00> <nCl=  0> <al=0.35> <DB= 4178.9167> <Mlp= 4178.9167> <PB=10000000> 
@@ 651 3 4178.92 0 0 48.7555 487.88
ColGenEvalAlg final dual bound: 4178.92 (rounded: 4178.92)
False gap improvement since the last cut separation : -8.9319e-11 (4178.92)
----- Cut generation is stopped due to tailing off -----
Current active cuts : CAP(14,272.875) R1C(5+35,203.8) 1rowPackR1C(5) 3rowPackR1C(20) 4rowPackR1C(13) 5rowPackR1C(2)
SB exact phase 3 branch on var x[(33, 94)]_0_3966_0_OspV (lhs=0.0428571) : [4184.1667, 4178.9167], tree depth = 1e+12, tree size = 1e+12, score = -0.8174 (h)
SB with phases chosed candidate var x[(33, 94)]_0_3966_0_OspV (lhs=0.0428571)
************************************************************************************************
**** BaB tree node (N° 15, parent N° 13, depth 7, treatOrderId 651)
**** Local DB = 4178.92, global bounds : [ 4178.92 , 1e+07 ], TIME = 0h8m7s96t = 48796
**** 8 open nodes, 37785 columns (7186 active), 392 dyn. constrs. (117 active), 634 art. vars. (359 active)
************************************************************************************************
**** Strong branching phase 1 is started *****
SB phase 1 cand.  1 branch on var x[(23, 95)]_0_2757_0_OspV (lhs=0.5000)  : [ 4179.0524,  4179.2329], score = 0.04 (h)  <et=488.36>
SB phase 1 cand.  2 branch on var x[(0, 26)]_0_3025_0_OspV (lhs=0.5000)   : [ 4178.9667,  4179.0586], score = 0.01      <et=488.68>
SB phase 1 cand.  3 branch on var x[(72, 82)]_0_8673_0_OspV (lhs=0.3333)  : [ 4179.1012,  4181.7000], score = 0.51 (h)  <et=489.17>
SB phase 1 cand.  4 branch on var x[(0, 95)]_0_11374_0_OspV (lhs=0.5000)  : [ 4178.9809,  4179.1333], score = 0.01      <et=489.46>
SB phase 1 cand.  5 branch on var x[(72, 22)]_0_8614_0_OspV (lhs=0.3333)  : [ 4179.0906,  4180.7500], score = 0.32 (h)  <et=489.78>
SB phase 1 cand.  6 branch on var x[(0, 109)]_0_13068_0_OspV (lhs=0.6667) : [ 4178.9250,  4179.4965], score = 0.00      <et=490.11>
SB phase 1 cand.  7 branch on var x[(0, 37)]_0_4356_0_OspV (lhs=0.3333)   : [ 4179.0415,  4180.7500], score = 0.23 (h)  <et=490.38>
SB phase 1 cand.  8 branch on var x[(0, 75)]_0_8954_0_OspV (lhs=0.3333)   : [ 4178.9250,  4179.4379], score = 0.00      <et=490.66>
SB phase 1 cand.  9 branch on var x[(91, 96)]_0_10986_0_OspV (lhs=0.3333) : [ 4178.9500,  4179.3500], score = 0.01 (h)  <et=490.86>
SB phase 1 cand. 10 branch on var x[(10, 5)]_0_1095_0_OspV (lhs=0.3333)   : [ 4179.0523,  4179.5500], score = 0.09      <et=491.17>
SB phase 1 cand. 11 branch on var x[(77, 96)]_0_9292_0_OspV (lhs=0.6667)  : [ 4178.9500,  4179.3500], score = 0.01 (h)  <et=491.48>
SB phase 1 cand. 12 branch on var x[(17, 0)]_0_1937_0_OspV (lhs=0.3333)   : [ 4178.9750,  4179.5000], score = 0.03      <et=491.82>
SB phase 1 cand. 13 branch on var x[(91, 4)]_0_10895_0_OspV (lhs=0.6667)  : [ 4178.9500,  4179.3500], score = 0.01 (h)  <et=492.09>
SB phase 1 cand. 14 branch on var x[(17, 68)]_0_2004_0_OspV (lhs=0.6667)  : [ 4178.9750,  4179.5000], score = 0.03      <et=492.4>
SB phase 1 cand. 15 branch on var x[(118, 91)]_0_14249_0_OspV (lhs=0.6667): [ 4178.9500,  4179.3500], score = 0.01 (h)  <et=492.66>
SB phase 1 cand. 16 branch on var x[(5, 44)]_0_528_0_OspV (lhs=0.6667)    : [ 4179.0523,  4179.5500], score = 0.09      <et=493>
SB phase 1 cand. 17 branch on var x[(82, 22)]_0_9824_0_OspV (lhs=0.3333)  : [ 4179.1115,  4179.8000], score = 0.17 (h)  <et=493.31>
SB phase 1 cand. 18 branch on var x[(70, 44)]_0_8394_0_OspV (lhs=0.3333)  : [ 4179.0523,  4179.5500], score = 0.09      <et=493.58>
SB phase 1 cand. 19 branch on var x[(35, 81)]_0_4195_0_OspV (lhs=0.3333)  : [ 4178.9500,  4179.3500], score = 0.01 (h)  <et=493.93>
SB phase 1 cand. 20 branch on var x[(70, 5)]_0_8355_0_OspV (lhs=0.6667)   : [ 4179.0523,  4179.5500], score = 0.09      <et=494.28>
SB phase 1 cand. 21 branch on var x[(0, 82)]_0_9801_0_OspV (lhs=0.6667)   : [ 4179.1120,  4179.8000], score = 0.17 (h)  <et=494.62>
SB phase 1 cand. 22 branch on var x[(72, 68)]_0_8660_0_OspV (lhs=0.3333)  : [ 4178.9750,  4182.5636], score = 0.21      <et=494.99>
SB phase 1 cand. 23 branch on var x[(96, 81)]_0_11577_0_OspV (lhs=0.6667) : [ 4179.1042,  4179.9500], score = 0.19 (h)  <et=495.29>
SB phase 1 cand. 24 branch on var x[(82, 75)]_0_9877_0_OspV (lhs=0.3333)  : [ 4178.9387,  4179.1120], score = 0.00      <et=495.73>
SB phase 1 cand. 25 branch on var x[(55, 23)]_0_6558_0_OspV (lhs=0.5000)  : [ 4179.0524,  4180.7095], score = 0.24 (h)  <et=496.09>
SB phase 1 cand. 26 branch on var x[(97, 18)]_0_11635_0_OspV (lhs=0.3333) : [ 4178.9333,  4179.3333], score = 0.01      <et=496.42>
SB phase 1 cand. 27 branch on var x[(10, 37)]_0_1126_0_OspV (lhs=0.6667)  : [ 4179.0757,  4179.5500], score = 0.10 (h)  <et=496.69>
SB phase 1 cand. 28 branch on var x[(26, 1)]_0_3027_0_OspV (lhs=0.8333)   : [ 4178.9333,  4179.2250], score = 0.01      <et=497.06>
SB phase 1 cand. 29 branch on var x[(96, 22)]_0_11518_0_OspV (lhs=0.3333) : [ 4179.1391,  4179.1833], score = 0.06 (h)  <et=497.49>
SB phase 1 cand. 30 branch on var x[(26, 7)]_0_3033_0_OspV (lhs=0.1667)   : [ 4178.9212,  4179.2250], score = 0.00      <et=497.87>
SB phase 1 cand. 31 branch on var x[(77, 91)]_0_9287_0_OspV (lhs=0.3333)  : [ 4178.9420,  4179.3500], score = 0.01 (h)  <et=498.22>
SB phase 1 cand. 32 branch on var x[(97, 1)]_0_11618_0_OspV (lhs=0.1667)  : [ 4178.9216,  4179.3250], score = 0.00      <et=498.55>
SB phase 1 cand. 33 branch on var x[(118, 4)]_0_14162_0_OspV (lhs=0.3333) : [ 4178.9410,  4179.3500], score = 0.01 (h)  <et=498.94>
SB phase 1 cand. 34 branch on var x[(35, 0)]_0_4115_0_OspV (lhs=0.6667)   : [ 4179.1365,  4179.5747], score = 0.14 (h)  <et=499.4>
SB phase 1 cand. 35 branch on var x[(97, 23)]_0_11640_0_OspV (lhs=0.5000) : [ 4179.0571,  4179.2051], score = 0.04 (h)  <et=499.69>
SB phase 1 cand. 36 branch on var x[(5, 75)]_0_559_0_OspV (lhs=0.3333)    : [ 4179.0523,  4180.7500], score = 0.25 (h)  <et=499.98>
SB phase 1 cand. 37 branch on var x[(1, 18)]_0_18_0_OspV (lhs=0.1667)     : [ 4178.9333,  4179.2250], score = 0.01 (h)  <et=500.36>
SB phase 1 cand. 38 branch on var x[(1, 7)]_0_7_0_OspV (lhs=0.8333)       : [ 4178.9333,  4179.2250], score = 0.01 (h)  <et=500.57>
SB phase 1 cand. 39 branch on var x[(23, 18)]_0_2681_0_OspV (lhs=0.5000)  : [ 4179.0750,  4179.1000], score = 0.03 (h)  <et=500.84>
SB phase 1 cand. 40 branch on var x[(55, 26)]_0_6561_0_OspV (lhs=0.5000)  : [ 4178.9667,  4179.2000], score = 0.01 (h)  <et=501.31>
SB phase 1 cand. 41 branch on var x[(82, 109)]_0_9910_0_OspV (lhs=0.3333) : [ 4178.9250,  4179.6462], score = 0.01 (h)  <et=501.63>
**** Strong branching phase 2 is started *****
In total 16 RCC cut(s) are found by the connected components heuristic 
Shrinking heuristic shrunk 111 edges
In total 5 RCC cut(s) are found by the Fractional capacity min-cut heuristic 
In total 10 RCC cut(s) are found by the global pool greedy search heuristic 
----- Add core cuts : CAP(31), max.viol = 1, aver.viol = 1, sep/add took 0.0304684/0.704444 sec. -----
<DWph=1> <it=  7> <et=503.60> <Mt= 0.61> <Spt= 0.62> <nCl=159> <al=0.00> <DB= 4181.0500> <Mlp= 4181.0500> <PB=10000000> 
<DWph=1> <it= 32> <et=506.32> <Mt= 0.22> <Spt= 2.21> <nCl=578> <al=0.00> <DB= 4179.0929> <Mlp= 4179.0929> <PB=10000000> 
SB phase 2 cand.  1 branch on var x[(72, 82)]_0_8673_0_OspV (lhs=0.3333): [ 4179.0929,  4181.0500], score = 0.38 (h)  <et=506.36>
<DWph=2> <it= 15> <et=508.60> <Mt= 0.96> <Spt= 1.12> <nCl=354> <al=0.26> <DB= 4170.2435> <Mlp= 4180.5500> <PB=10000000> 
<DWph=1> <it= 19> <et=509.14> <Mt= 0.16> <Spt= 0.38> <nCl= 63> <al=0.00> <DB= 4180.5500> <Mlp= 4180.5500> <PB=10000000> 
<DWph=1> <it=  8> <et=509.97> <Mt= 0.03> <Spt= 0.62> <nCl= 64> <al=0.00> <DB= 4179.0836> <Mlp= 4179.0836> <PB=10000000> 
SB phase 2 cand.  2 branch on var x[(72, 22)]_0_8614_0_OspV (lhs=0.3333): [ 4179.0836,  4180.5500], score = 0.27 (h)  <et=510.02>
<DWph=1> <it= 11> <et=511.12> <Mt= 0.06> <Spt= 0.92> <nCl= 65> <al=0.00> <DB= 4180.7500> <Mlp= 4180.7500> <PB=10000000> 
<DWph=1> <it=  6> <et=511.87> <Mt= 0.03> <Spt= 0.55> <nCl= 83> <al=0.00> <DB= 4179.0341> <Mlp= 4179.0341> <PB=10000000> 
SB phase 2 cand.  3 branch on var x[(5, 75)]_0_559_0_OspV (lhs=0.3333)  : [ 4179.0341,  4180.7500], score = 0.22 (h)  <et=511.92>
**** Strong branching phase 3 is started *****
**** SB phase 3 evaluation of candidate 1, branch 1 ( x[(72, 82)]_0_8673_0_OspV >= 1 ), value = 4181.05
<DWph=2> <it=  1> <et=512.78> <Mt= 0.55> <Spt= 0.06> <nCl= 30> <al=0.50> <DB=-4319945560.2096> <Mlp= 4181.0500> <PB=10000000> 
<DWph=2> <it=  2> <et=512.97> <Mt= 0.13> <Spt= 0.06> <nCl= 30> <al=0.55> <DB=-2915956170.8551> <Mlp= 4181.0500> <PB=10000000> 
<DWph=2> <it=  3> <et=513.17> <Mt= 0.14> <Spt= 0.06> <nCl= 30> <al=0.60> <DB=-1166357008.7139> <Mlp= 4181.0500> <PB=10000000> 
<DWph=2> <it=  4> <et=513.35> <Mt= 0.12> <Spt= 0.07> <nCl= 30> <al=0.64> <DB=-524870763.8752> <Mlp= 4181.0500> <PB=10000000> 
<DWph=2> <it=  5> <et=513.53> <Mt= 0.12> <Spt= 0.06> <nCl= 20> <al=0.67> <DB= 3285.1855> <Mlp= 4181.0500> <PB=10000000> 
<DWph=2> <it=  6> <et=513.79> <Mt= 0.15> <Spt= 0.11> <nCl=  8> <al=0.41> <DB= 3957.3880> <Mlp= 4181.0500> <PB=10000000> 
<DWph=1> <it=  7> <et=513.97> <Mt= 0.11> <Spt= 0.06> <nCl= 19> <al=0.60> <DB= 3508.6221> <Mlp= 4181.0500> <PB=10000000> 
<DWph=1> <it=  8> <et=514.20> <Mt= 0.08> <Spt= 0.16> <nCl= 17> <al=0.29> <DB= 2004.9626> <Mlp= 4181.0500> <PB=10000000> 
<DWph=1> <it=  9> <et=514.44> <Mt= 0.12> <Spt= 0.12> <nCl= 15> <al=0.09> <DB= 4174.0857> <Mlp= 4181.0500> <PB=10000000> 
<DWph=1> <it= 10> <et=514.65> <Mt= 0.08> <Spt= 0.11> <nCl= 22> <al=0.00> <DB= 4181.0500> <Mlp= 4181.0500> <PB=10000000> 
    RCSP exact solver info for graph G_0 : TT = 0.049336, pt = 0.001811, dt = 0.044974, ct = 0.001219, ndl = 3782', bdl = 77644', odl = 7073', odf = 35990', bsi = 1386', cnt = 3219', bdch = 303535', odch = 57732', lcp = 61016', #sols = 150
<DWph=0> <it= 11> <et=514.74> <Mt= 0.01> <Spt= 0.09> <nCl=120> <al=0.34> <DB= 4163.1550> <Mlp= 4181.0500> <PB=10000000> 
    RCSP exact solver info for graph G_0 : TT = 0.050207, pt = 0.001716, dt = 0.045864, ct = 0.001309, ndl = 3828', bdl = 77670', odl = 7112', odf = 35791', bsi = 1490', cnt = 3601', bdch = 305795', odch = 58961', lcp = 62114', #sols = 150
<DWph=0> <it= 12> <et=514.96> <Mt= 0.14> <Spt= 0.09> <nCl= 91> <al=0.41> <DB= 4171.2878> <Mlp= 4181.0352> <PB=10000000> 
    RCSP exact solver info for graph G_0 : TT = -0.514151, pt = 0.001893, dt = -0.518645, ct = 0.001195, ndl = 3796', bdl = 80361', odl = 7128', odf = 35949', bsi = 1481', cnt = 3418', bdch = 312732', odch = 57311', lcp = 61442', #sols = 143
    RCSP exact solver info for graph G_0 : TT = 0.052841, pt = 0.002056, dt = 0.047377, ct = 0.001573, ndl = 3633', bdl = 78083', odl = 6620', odf = 33678', bsi = 1386', cnt = 2858', bdch = 291728', odch = 51621', lcp = 55466', #sols = 150
<DWph=0> <it= 13> <et=515.22> <Mt= 0.07> <Spt= 0.18> <nCl=174> <al=0.00> <DB= 4164.2836> <Mlp= 4180.5500> <PB=10000000> 
    RCSP exact solver info for graph G_0 : TT = 0.066617, pt = 0.002009, dt = 0.061793, ct = 0.001352, ndl = 3957', bdl = 85353', odl = 7056', odf = 35509', bsi = 1483', cnt = 3861', bdch = 347697', odch = 64876', lcp = 68041', #sols = 145
    RCSP exact solver info for graph G_0 : TT = 0.051094, pt = 0.001756, dt = 0.046357, ct = 0.001399, ndl = 3721', bdl = 81503', odl = 7050', odf = 35341', bsi = 1309', cnt = 2915', bdch = 323981', odch = 58248', lcp = 62720', #sols = 150
<DWph=0> <it= 14> <et=515.49> <Mt= 0.07> <Spt= 0.20> <nCl=224> <al=0.00> <DB= 4180.5500> <Mlp= 4180.5500> <PB=10000000> 
RCSP solver dynamic params and stats :  bidir.bord. = 520.5 aver.obdmd = 9.53279 aver.buck.num. = 11.123 nbR1C = 41 with avMem = 25.7561
@@ 740 0 4180.55 -0.0440388 0.063145 44.8065 515.49
    Full reduced cost fixing is not called (gap ratio is 0.999995)
ColGenEvalAlg final dual bound: 4180.55 (rounded: 4180.55)
Current active cuts : CAP(12,280.794) R1C(5+36,200.225) 1rowPackR1C(5) 3rowPackR1C(19) 4rowPackR1C(14) 5rowPackR1C(3)
1 Rank-1 3-rows pack. cuts added ,  max viol. = 0.5, aver. viol. = 0.5
Building structures for heuristic rank-1 packing cut separation...done!
2 Rank-1 4-rows pack. cuts added ,  max viol. = 0.5, aver. viol. = 0.5
14 Rank-1 5-rows pack. cuts added ,  max viol. = 0.5, aver. viol. = 0.357143
Shrinking heuristic shrunk 98 edges
----- Add fac. cuts : R1C(17), max.viol = 0.5, aver.viol = 0.5, sep/add took 0.157578/0.0849665 sec. -----
39028 columns (8175 active), 427 dyn. constrs. (102 active), 673 art. vars. (344 active)
<DWph=2> <it=  1> <et=515.99> <Mt= 0.14> <Spt= 0.06> <nCl= 30> <al=0.50> <DB=-19718.7327> <Mlp= 4180.5500> <PB=10000000> 
<DWph=2> <it=  2> <et=516.10> <Mt= 0.06> <Spt= 0.06> <nCl= 30> <al=0.55> <DB= -111.6370> <Mlp= 4180.5500> <PB=10000000> 
<DWph=2> <it=  3> <et=516.21> <Mt= 0.05> <Spt= 0.06> <nCl= 26> <al=0.60> <DB= 2859.9748> <Mlp= 4180.5500> <PB=10000000> 
<DWph=2> <it=  4> <et=516.39> <Mt= 0.04> <Spt= 0.13> <nCl= 48> <al=0.27> <DB= 3849.0343> <Mlp= 4180.5500> <PB=10000000> 
<DWph=1> <it=  5> <et=516.64> <Mt= 0.06> <Spt= 0.20> <nCl= 53> <al=0.00> <DB= 4177.8500> <Mlp= 4180.5500> <PB=10000000> 
<DWph=0> <it=  6> <et=516.65> <Mt= 0.00> <Spt= 0.00> <nCl=  0> <al=0.44> <DB= 4180.5500> <Mlp= 4180.5500> <PB=10000000> 
@@ 740 1 4180.55 0 0 44.8065 516.65
ColGenEvalAlg final dual bound: 4180.55 (rounded: 4180.55)
False gap improvement since the last cut separation : -3.18738e-11 (4180.55)
Cut generation tailing off counter increased to 1
Current active cuts : CAP(12,289.826) R1C(5+36,214.363) 1rowPackR1C(5) 3rowPackR1C(19) 4rowPackR1C(14) 5rowPackR1C(3)
Building structures for heuristic rank-1 packing cut separation...done!
4 Rank-1 5-rows pack. cuts added ,  max viol. = 0.25, aver. viol. = 0.25
Shrinking heuristic shrunk 98 edges
----- Add fac. cuts : R1C(4), max.viol = 0.5, aver.viol = 0.5, sep/add took 0.150392/0.0275825 sec. -----
39215 columns (8362 active), 431 dyn. constrs. (106 active), 677 art. vars. (348 active)
<DWph=2> <it=  1> <et=517.02> <Mt= 0.12> <Spt= 0.06> <nCl= 14> <al=0.50> <DB= 4179.7000> <Mlp= 4180.6500> <PB=10000000> 
<DWph=2> <it=  2> <et=517.16> <Mt= 0.06> <Spt= 0.07> <nCl= 10> <al=0.55> <DB= 4179.7850> <Mlp= 4180.6500> <PB=10000000> 
<DWph=2> <it=  3> <et=517.30> <Mt= 0.03> <Spt= 0.11> <nCl= 47> <al=0.00> <DB= 2531.7399> <Mlp= 4180.5500> <PB=10000000> 
<DWph=1> <it=  4> <et=517.52> <Mt= 0.05> <Spt= 0.17> <nCl= 56> <al=0.00> <DB= 3921.7149> <Mlp= 4180.5500> <PB=10000000> 
<DWph=0> <it=  5> <et=517.57> <Mt= 0.04> <Spt= 0.00> <nCl=  0> <al=0.25> <DB= 4180.5500> <Mlp= 4180.5500> <PB=10000000> 
@@ 740 2 4180.55 0 0 44.8065 517.57
ColGenEvalAlg final dual bound: 4180.55 (rounded: 4180.55)
False gap improvement since the last cut separation : -1.91143e-11 (4180.55)
Cut generation tailing off counter increased to 2
Current active cuts : CAP(12,294.152) R1C(5+35,199.166) 1rowPackR1C(5) 3rowPackR1C(19) 4rowPackR1C(14) 5rowPackR1C(2)
Building structures for heuristic rank-1 packing cut separation...done!
Shrinking heuristic shrunk 98 edges
----- Add fac. cuts : sep. took 0.142369 sec.----- no cuts found  -----
Current active cuts : CAP(12,294.152) R1C(5+35,199.166) 1rowPackR1C(5) 3rowPackR1C(19) 4rowPackR1C(14) 5rowPackR1C(2)
**** SB phase 3 evaluation of candidate 1, branch 2 ( x[(72, 82)]_0_8673_0_OspV <= 0 ), value = 4179.09
<DWph=2> <it=  1> <et=518.39> <Mt= 0.34> <Spt= 0.06> <nCl= 30> <al=0.50> <DB=-3052.6143> <Mlp= 4179.0929> <PB=10000000> 
<DWph=2> <it=  2> <et=518.46> <Mt= 0.01> <Spt= 0.05> <nCl= 30> <al=0.55> <DB=-4200.9195> <Mlp= 4179.0929> <PB=10000000> 
<DWph=2> <it=  3> <et=518.54> <Mt= 0.03> <Spt= 0.07> <nCl=  6> <al=0.60> <DB= 4014.0448> <Mlp= 4179.0929> <PB=10000000> 
<DWph=2> <it=  4> <et=518.63> <Mt= 0.03> <Spt= 0.05> <nCl= 30> <al=0.64> <DB= 1984.6626> <Mlp= 4179.0929> <PB=10000000> 
<DWph=2> <it=  5> <et=518.70> <Mt= 0.02> <Spt= 0.05> <nCl=  7> <al=0.67> <DB= 4176.9752> <Mlp= 4179.0929> <PB=10000000> 
<DWph=2> <it=  6> <et=518.80> <Mt= 0.00> <Spt= 0.10> <nCl= 11> <al=0.41> <DB= 3372.0892> <Mlp= 4179.0929> <PB=10000000> 
<DWph=1> <it=  7> <et=518.93> <Mt= 0.01> <Spt= 0.12> <nCl= 31> <al=0.21> <DB= 3565.8059> <Mlp= 4179.0929> <PB=10000000> 
    RCSP exact solver info for graph G_0 : TT = 0.050197, pt = 0.001887, dt = 0.045696, ct = 0.001305, ndl = 3485', bdl = 70097', odl = 6540', odf = 32480', bsi = 1446', cnt = 3690', bdch = 266553', odch = 49200', lcp = 55473', #sols = 150
<DWph=0> <it=  8> <et=519.01> <Mt= 0.01> <Spt= 0.07> <nCl=113> <al=0.50> <DB= 3097.2968> <Mlp= 4179.0929> <PB=10000000> 
    RCSP exact solver info for graph G_0 : TT = 0.045667, pt = 0.001774, dt = 0.041258, ct = 0.00129, ndl = 3547', bdl = 73145', odl = 6740', odf = 33400', bsi = 1443', cnt = 3780', bdch = 278192', odch = 50699', lcp = 57812', #sols = 150
<DWph=0> <it=  9> <et=519.07> <Mt= 0.00> <Spt= 0.06> <nCl= 32> <al=0.55> <DB= 3915.4435> <Mlp= 4179.0895> <PB=10000000> 
    RCSP exact solver info for graph G_0 : TT = 0.048465, pt = 0.001834, dt = 0.044304, ct = 0.001173, ndl = 3437', bdl = 71317', odl = 6478', odf = 32382', bsi = 1424', cnt = 3310', bdch = 266318', odch = 47013', lcp = 53838', #sols = 150
<DWph=0> <it= 10> <et=519.14> <Mt= 0.01> <Spt= 0.06> <nCl= 25> <al=0.45> <DB= 3899.9987> <Mlp= 4179.0895> <PB=10000000> 
    RCSP exact solver info for graph G_0 : TT = 0.059764, pt = 0.001969, dt = 0.053942, ct = 0.00202, ndl = 3486', bdl = 71636', odl = 6516', odf = 32443', bsi = 1396', cnt = 3425', bdch = 271771', odch = 48152', lcp = 54726', #sols = 147
<DWph=0> <it= 11> <et=519.23> <Mt= 0.00> <Spt= 0.08> <nCl= 16> <al=0.51> <DB= 4158.3655> <Mlp= 4179.0894> <PB=10000000> 
    RCSP exact solver info for graph G_0 : TT = 0.048573, pt = 0.002143, dt = 0.043841, ct = 0.001091, ndl = 3423', bdl = 70896', odl = 6491', odf = 32132', bsi = 1344', cnt = 3247', bdch = 267316', odch = 47604', lcp = 54209', #sols = 150
<DWph=0> <it= 12> <et=519.31> <Mt= 0.01> <Spt= 0.07> <nCl= 64> <al=0.41> <DB= 4170.6164> <Mlp= 4179.0894> <PB=10000000> 
    RCSP exact solver info for graph G_0 : TT = 0.046445, pt = 0.001938, dt = 0.041662, ct = 0.001432, ndl = 3465', bdl = 72933', odl = 6325', odf = 31568', bsi = 1375', cnt = 3238', bdch = 269890', odch = 47625', lcp = 54022', #sols = 150
<DWph=0> <it= 13> <et=519.38> <Mt= 0.00> <Spt= 0.07> <nCl= 41> <al=0.31> <DB= 4176.4725> <Mlp= 4179.0894> <PB=10000000> 
    RCSP exact solver info for graph G_0 : TT = 0.047084, pt = 0.00184, dt = 0.042543, ct = 0.001335, ndl = 3587', bdl = 75194', odl = 6475', odf = 32448', bsi = 1436', cnt = 3673', bdch = 286633', odch = 50508', lcp = 56760', #sols = 150
<DWph=0> <it= 14> <et=519.45> <Mt= 0.01> <Spt= 0.07> <nCl= 64> <al=0.21> <DB= 4178.4231> <Mlp= 4179.0893> <PB=10000000> 
    RCSP exact solver info for graph G_0 : TT = 0.048216, pt = 0.002013, dt = 0.043883, ct = 0.001109, ndl = 3328', bdl = 69240', odl = 6543', odf = 32347', bsi = 1368', cnt = 3076', bdch = 258769', odch = 46664', lcp = 52045', #sols = 150
<DWph=0> <it= 15> <et=519.52> <Mt= 0.00> <Spt= 0.06> <nCl= 18> <al=0.29> <DB= 4178.6550> <Mlp= 4179.0893> <PB=10000000> 
    RCSP exact solver info for graph G_0 : TT = 0.053462, pt = 0.002173, dt = 0.04873, ct = 0.001152, ndl = 3385', bdl = 68825', odl = 6516', odf = 32452', bsi = 1347', cnt = 3129', bdch = 262698', odch = 47632', lcp = 53210', #sols = 150
    RCSP exact solver info for graph G_0 : TT = 0.050782, pt = 0.001581, dt = 0.046746, ct = 0.001333, ndl = 3575', bdl = 72193', odl = 7226', odf = 36320', bsi = 1809', cnt = 2491', bdch = 287395', odch = 50540', lcp = 58380', #sols = 150
<DWph=0> <it= 16> <et=519.68> <Mt= 0.00> <Spt= 0.15> <nCl=175> <al=0.00> <DB=  -10.5296> <Mlp= 4179.0893> <PB=10000000> 
    RCSP exact solver info for graph G_0 : TT = 0.048631, pt = 0.001787, dt = 0.044459, ct = 0.00122, ndl = 3449', bdl = 73791', odl = 6510', odf = 32354', bsi = 1366', cnt = 3146', bdch = 275425', odch = 48793', lcp = 53671', #sols = 147
RCSP solver WARNING : the best solution could not be retrieved
RCSP solver WARNING : the best solution could not be retrieved
    RCSP exact solver info for graph G_0 : TT = 0.049322, pt = 0.00171, dt = 0.045123, ct = 0.00114, ndl = 3695', bdl = 76233', odl = 7046', odf = 34896', bsi = 1381', cnt = 3758', bdch = 307895', odch = 58903', lcp = 62735', #sols = 144
<DWph=0> <it= 17> <et=519.82> <Mt= 0.01> <Spt= 0.14> <nCl=123> <al=0.00> <DB= 4179.0893> <Mlp= 4179.0893> <PB=10000000> 
RCSP solver dynamic params and stats :  bidir.bord. = 520.5 aver.obdmd = 9.53279 aver.buck.num. = 11.123 nbR1C = 39 with avMem = 24.5641
@@ 741 0 4179.09 0.0464823 0.055962 44.8065 519.82
    Full reduced cost fixing is not called (gap ratio is 0.999996)
ColGenEvalAlg final dual bound: 4179.09 (rounded: 4179.09)
Current active cuts : CAP(12,243.967) R1C(5+34,203.553) 1rowPackR1C(5) 3rowPackR1C(20) 4rowPackR1C(12) 5rowPackR1C(2)
1 Rank-1 1-rows pack. cuts added ,  max viol. = 0.0713666, aver. viol. = 0.0713666
150 Rank-1 3-rows pack. cuts added ,  max viol. = 0.0818981, aver. viol. = 0.0650613
In total 1 RCC cut(s) are found by the connected components heuristic 
Shrinking heuristic shrunk 46 edges
In total 7 RCC cut(s) are found by the Fractional capacity min-cut heuristic 
In total 6 RCC cut(s) are found by the greedy construction heuristic 
In total 34 RCC cut(s) are found by the global pool greedy search heuristic 
----- Add fac. cuts : CAP(48) R1C(151), max.viol = 0.759633, aver.viol = 0.127079, sep/add took 0.0962681/2.10596 sec. -----
39529 columns (8580 active), 600 dyn. constrs. (260 active), 842 art. vars. (502 active)
<DWph=2> <it=  1> <et=522.30> <Mt= 0.17> <Spt= 0.07> <nCl=  6> <al=0.50> <DB= 4176.9487> <Mlp= 4179.2500> <PB=10000000> 
<DWph=2> <it=  2> <et=522.40> <Mt= 0.03> <Spt= 0.07> <nCl=  7> <al=0.55> <DB= 4178.7270> <Mlp= 4179.2500> <PB=10000000> 
<DWph=2> <it=  3> <et=522.48> <Mt= 0.02> <Spt= 0.06> <nCl=  6> <al=0.60> <DB= 4178.9155> <Mlp= 4179.2500> <PB=10000000> 
<DWph=2> <it=  4> <et=522.57> <Mt= 0.02> <Spt= 0.07> <nCl= 10> <al=0.64> <DB= 4178.9292> <Mlp= 4179.2500> <PB=10000000> 
<DWph=2> <it=  5> <et=522.66> <Mt= 0.03> <Spt= 0.06> <nCl=  9> <al=0.67> <DB= 4179.1327> <Mlp= 4179.2500> <PB=10000000> 
<DWph=2> <it=  6> <et=522.74> <Mt= 0.01> <Spt= 0.07> <nCl=  8> <al=0.70> <DB= 4179.1620> <Mlp= 4179.2500> <PB=10000000> 
<DWph=2> <it=  7> <et=522.92> <Mt= 0.00> <Spt= 0.18> <nCl= 34> <al=0.00> <DB= 4179.1804> <Mlp= 4179.2500> <PB=10000000> 
<DWph=2> <it=  8> <et=523.05> <Mt= 0.01> <Spt= 0.12> <nCl= 10> <al=0.27> <DB= 4179.2216> <Mlp= 4179.2500> <PB=10000000> 
<DWph=2> <it=  9> <et=523.23> <Mt= 0.00> <Spt= 0.17> <nCl= 11> <al=0.00> <DB= 4179.2500> <Mlp= 4179.2500> <PB=10000000> 
<DWph=1> <it= 10> <et=523.31> <Mt= 0.01> <Spt= 0.07> <nCl= 14> <al=0.43> <DB= 4172.5014> <Mlp= 4179.2500> <PB=10000000> 
<DWph=1> <it= 11> <et=523.56> <Mt= 0.12> <Spt= 0.14> <nCl= 23> <al=0.00> <DB= 4179.2500> <Mlp= 4179.2500> <PB=10000000> 
    RCSP exact solver info for graph G_0 : TT = 0.053185, pt = 0.001775, dt = 0.048976, ct = 0.001002, ndl = 3423', bdl = 72643', odl = 6847', odf = 33984', bsi = 1372', cnt = 3321', bdch = 275891', odch = 48783', lcp = 55975', #sols = 150
<DWph=0> <it= 12> <et=523.67> <Mt= 0.01> <Spt= 0.10> <nCl= 97> <al=0.23> <DB= 4171.6000> <Mlp= 4179.2500> <PB=10000000> 
    RCSP exact solver info for graph G_0 : TT = 0.050472, pt = 0.002237, dt = 0.04534, ct = 0.001395, ndl = 3488', bdl = 75415', odl = 6784', odf = 33767', bsi = 1388', cnt = 3287', bdch = 292674', odch = 54219', lcp = 58915', #sols = 150
<DWph=0> <it= 13> <et=523.96> <Mt= 0.18> <Spt= 0.10> <nCl= 86> <al=0.13> <DB= 4170.8046> <Mlp= 4179.2477> <PB=10000000> 
    RCSP exact solver info for graph G_0 : TT = 0.05047, pt = 0.002084, dt = 0.045833, ct = 0.001172, ndl = 3446', bdl = 74772', odl = 6921', odf = 34552', bsi = 1343', cnt = 2937', bdch = 282128', odch = 50915', lcp = 56147', #sols = 150
<DWph=0> <it= 14> <et=524.06> <Mt= 0.01> <Spt= 0.09> <nCl= 59> <al=0.22> <DB= 4177.0353> <Mlp= 4179.2477> <PB=10000000> 
    RCSP exact solver info for graph G_0 : TT = 0.051322, pt = 0.001931, dt = 0.046715, ct = 0.001243, ndl = 3595', bdl = 77367', odl = 6983', odf = 34971', bsi = 1409', cnt = 3415', bdch = 298520', odch = 54865', lcp = 60167', #sols = 150
    RCSP exact solver info for graph G_0 : TT = 0.051832, pt = 0.002256, dt = 0.04695, ct = 0.001245, ndl = 3580', bdl = 77549', odl = 6873', odf = 33938', bsi = 1392', cnt = 3257', bdch = 294268', odch = 56194', lcp = 60307', #sols = 150
<DWph=0> <it= 15> <et=524.26> <Mt= 0.00> <Spt= 0.20> <nCl=145> <al=0.00> <DB= 4178.6515> <Mlp= 4179.2477> <PB=10000000> 
    RCSP exact solver info for graph G_0 : TT = 0.050095, pt = 0.002139, dt = 0.04534, ct = 0.001281, ndl = 3561', bdl = 76529', odl = 6817', odf = 33719', bsi = 1399', cnt = 3300', bdch = 287758', odch = 53139', lcp = 58746', #sols = 150
    RCSP exact solver info for graph G_0 : TT = 0.057066, pt = 0.002075, dt = 0.052371, ct = 0.001132, ndl = 3482', bdl = 75231', odl = 6913', odf = 34051', bsi = 1441', cnt = 3300', bdch = 282999', odch = 52670', lcp = 58730', #sols = 144
<DWph=0> <it= 16> <et=524.44> <Mt= 0.01> <Spt= 0.18> <nCl= 78> <al=0.00> <DB= 4179.2477> <Mlp= 4179.2477> <PB=10000000> 
RCSP solver dynamic params and stats :  bidir.bord. = 520.5 aver.obdmd = 9.53279 aver.buck.num. = 11.123 nbR1C = 44 with avMem = 24.8182
@@ 741 1 4179.25 0.0485707 0.053503 44.8065 524.44
    Full reduced cost fixing is not called (gap ratio is 0.999996)
ColGenEvalAlg final dual bound: 4179.25 (rounded: 4179.25)
False gap improvement since the last cut separation : 0.000378904 (4179.09)
Separator R1C not in maximum phase
Cut generation tailing off counter increased to 0
Current active cuts : CAP(15,270.967) R1C(5+39,201.983) 1rowPackR1C(5) 3rowPackR1C(25) 4rowPackR1C(12) 5rowPackR1C(2)
93 Rank-1 3-rows pack. cuts added ,  max viol. = 0.042602, aver. viol. = 0.0324536
Building structures for heuristic rank-1 packing cut separation...done!
39 Rank-1 4-rows pack. cuts added ,  max viol. = 0.0471899, aver. viol. = 0.037157
100 Rank-1 5-rows pack. cuts added ,  max viol. = 0.0471899, aver. viol. = 0.0379567
Shrinking heuristic shrunk 43 edges
In total 1 RCC cut(s) are found by the Fractional capacity min-cut heuristic 
In total 7 RCC cut(s) are found by the global pool greedy search heuristic 
----- Add fac. cuts : CAP(8) R1C(232), max.viol = 0.178765, aver.viol = 0.038565, sep/add took 0.543734/1.76233 sec. -----
40132 columns (9183 active), 840 dyn. constrs. (312 active), 1082 art. vars. (554 active)
<DWph=2> <it=  1> <et=526.92> <Mt= 0.00> <Spt= 0.12> <nCl= 15> <al=0.00> <DB= 4179.2500> <Mlp= 4179.2500> <PB=10000000> 
<DWph=1> <it=  2> <et=527.05> <Mt= 0.01> <Spt= 0.12> <nCl=  5> <al=0.00> <DB= 4179.2500> <Mlp= 4179.2500> <PB=10000000> 
    RCSP exact solver info for graph G_0 : TT = 0.05363, pt = 0.001701, dt = 0.049571, ct = 0.001097, ndl = 3413', bdl = 72534', odl = 6888', odf = 34071', bsi = 1380', cnt = 3175', bdch = 275780', odch = 51297', lcp = 56653', #sols = 150
    RCSP exact solver info for graph G_0 : TT = 0.049244, pt = 0.001826, dt = 0.04501, ct = 0.001036, ndl = 3399', bdl = 72265', odl = 6790', odf = 33453', bsi = 1353', cnt = 3196', bdch = 271131', odch = 50250', lcp = 56127', #sols = 150
<DWph=0> <it=  3> <et=527.22> <Mt= 0.00> <Spt= 0.16> <nCl= 48> <al=0.00> <DB= 4179.2500> <Mlp= 4179.2500> <PB=10000000> 
RCSP solver dynamic params and stats :  bidir.bord. = 520.5 aver.obdmd = 9.53279 aver.buck.num. = 11.123 nbR1C = 42 with avMem = 24.2857
@@ 741 2 4179.25 0.048357 0.050668 44.8065 527.22
    Full reduced cost fixing is not called (gap ratio is 0.999996)
ColGenEvalAlg final dual bound: 4179.25 (rounded: 4179.25)
False gap improvement since the last cut separation : 5.56728e-06 (4179.25)
Cut generation tailing off counter increased to 1
Current active cuts : CAP(16,271.019) R1C(5+37,202.034) 1rowPackR1C(5) 3rowPackR1C(23) 4rowPackR1C(12) 5rowPackR1C(2)
Building structures for heuristic rank-1 packing cut separation...done!
32 Rank-1 5-rows pack. cuts added ,  max viol. = 0.25, aver. viol. = 0.25
In total 1 RCC cut(s) are found by the connected components heuristic 
Shrinking heuristic shrunk 101 edges
In total 1 RCC cut(s) are found by the Fractional capacity min-cut heuristic 
In total 1 RCC cut(s) are found by the greedy construction heuristic 
In total 4 RCC cut(s) are found by the global pool greedy search heuristic 
----- Add fac. cuts : CAP(7) R1C(32), max.viol = 0.5, aver.viol = 0.470085, sep/add took 0.17221/0.366401 sec. -----
40200 columns (9251 active), 696 dyn. constrs. (116 active), 1121 art. vars. (358 active)
<DWph=2> <it=  1> <et=528.15> <Mt= 0.13> <Spt= 0.12> <nCl=  3> <al=0.00> <DB= 4179.2629> <Mlp= 4179.2629> <PB=10000000> 
<DWph=1> <it=  2> <et=528.21> <Mt= 0.00> <Spt= 0.06> <nCl=  2> <al=0.40> <DB= 4177.0819> <Mlp= 4179.2629> <PB=10000000> 
<DWph=1> <it=  3> <et=528.27> <Mt= 0.01> <Spt= 0.06> <nCl=  4> <al=0.46> <DB= 4177.0819> <Mlp= 4179.2629> <PB=10000000> 
<DWph=1> <it=  4> <et=528.40> <Mt= 0.00> <Spt= 0.12> <nCl=  3> <al=0.00> <DB= 4179.2629> <Mlp= 4179.2629> <PB=10000000> 
    RCSP exact solver info for graph G_0 : TT = 0.058674, pt = 0.002401, dt = 0.053351, ct = 0.001179, ndl = 3654', bdl = 78563', odl = 6915', odf = 34854', bsi = 1332', cnt = 3559', bdch = 302815', odch = 58354', lcp = 62109', #sols = 150
<DWph=0> <it=  5> <et=528.49> <Mt= 0.00> <Spt= 0.08> <nCl= 81> <al=0.26> <DB= 4172.4009> <Mlp= 4179.2629> <PB=10000000> 
    RCSP exact solver info for graph G_0 : TT = 0.052086, pt = 0.002225, dt = 0.047153, ct = 0.001271, ndl = 3629', bdl = 76960', odl = 6795', odf = 34190', bsi = 1341', cnt = 3398', bdch = 295431', odch = 55179', lcp = 60072', #sols = 150
<DWph=0> <it=  6> <et=528.57> <Mt= 0.01> <Spt= 0.08> <nCl= 48> <al=0.33> <DB= 4176.8902> <Mlp= 4179.2607> <PB=10000000> 
    RCSP exact solver info for graph G_0 : TT = 0.050839, pt = 0.002051, dt = 0.046226, ct = 0.001148, ndl = 3718', bdl = 80738', odl = 6852', odf = 34604', bsi = 1421', cnt = 3595', bdch = 305734', odch = 57409', lcp = 61018', #sols = 150
    RCSP exact solver info for graph G_0 : TT = 0.048638, pt = 0.002076, dt = 0.043216, ct = 0.001656, ndl = 3704', bdl = 78944', odl = 7012', odf = 35003', bsi = 1399', cnt = 3603', bdch = 308067', odch = 58904', lcp = 62190', #sols = 150
<DWph=0> <it=  7> <et=528.73> <Mt= 0.01> <Spt= 0.15> <nCl=123> <al=0.00> <DB= 4179.2607> <Mlp= 4179.2607> <PB=10000000> 
RCSP solver dynamic params and stats :  bidir.bord. = 520.5 aver.obdmd = 9.53279 aver.buck.num. = 11.123 nbR1C = 48 with avMem = 26
@@ 741 3 4179.26 0.0488 0.05453 44.8065 528.73
    Full reduced cost fixing is not called (gap ratio is 0.999996)
ColGenEvalAlg final dual bound: 4179.26 (rounded: 4179.26)
False gap improvement since the last cut separation : 2.55763e-05 (4179.25)
Cut generation tailing off counter increased to 2
Current active cuts : CAP(15,269.772) R1C(5+43,201.894) 1rowPackR1C(5) 3rowPackR1C(27) 4rowPackR1C(12) 5rowPackR1C(4)
81 Rank-1 3-rows pack. cuts added ,  max viol. = 0.0300574, aver. viol. = 0.0243661
Building structures for heuristic rank-1 packing cut separation...done!
45 Rank-1 4-rows pack. cuts added ,  max viol. = 0.0368119, aver. viol. = 0.0289617
100 Rank-1 5-rows pack. cuts added ,  max viol. = 0.0425532, aver. viol. = 0.0315687
Shrinking heuristic shrunk 42 edges
In total 2 RCC cut(s) are found by the global pool greedy search heuristic 
----- Add fac. cuts : CAP(2) R1C(226), max.viol = 0.077001, aver.viol = 0.0317742, sep/add took 0.612786/1.68201 sec. -----
40464 columns (9515 active), 689 dyn. constrs. (301 active), 1349 art. vars. (543 active)
<DWph=2> <it=  1> <et=531.37> <Mt= 0.19> <Spt= 0.06> <nCl= 10> <al=0.50> <DB= 4178.8202> <Mlp= 4179.2797> <PB=10000000> 
<DWph=2> <it=  2> <et=531.50> <Mt= 0.00> <Spt= 0.11> <nCl= 16> <al=0.10> <DB= 3710.6382> <Mlp= 4179.2797> <PB=10000000> 
<DWph=2> <it=  3> <et=531.58> <Mt= 0.02> <Spt= 0.08> <nCl=  5> <al=0.45> <DB= 4178.5977> <Mlp= 4179.2797> <PB=10000000> 
<DWph=2> <it=  4> <et=531.75> <Mt= 0.01> <Spt= 0.15> <nCl= 13> <al=0.00> <DB= 4179.2795> <Mlp= 4179.2795> <PB=10000000> 
<DWph=1> <it=  5> <et=531.81> <Mt= 0.00> <Spt= 0.06> <nCl= 10> <al=0.41> <DB= 4144.5630> <Mlp= 4179.2795> <PB=10000000> 
<DWph=1> <it=  6> <et=531.88> <Mt= 0.01> <Spt= 0.06> <nCl=  7> <al=0.31> <DB= 4175.7009> <Mlp= 4179.2795> <PB=10000000> 
<DWph=1> <it=  7> <et=532.01> <Mt= 0.01> <Spt= 0.12> <nCl= 10> <al=0.00> <DB= 4179.2795> <Mlp= 4179.2795> <PB=10000000> 
    RCSP exact solver info for graph G_0 : TT = 0.063426, pt = 0.002486, dt = 0.057407, ct = 0.001659, ndl = 3709', bdl = 77560', odl = 6782', odf = 34453', bsi = 1340', cnt = 3543', bdch = 297330', odch = 54400', lcp = 60557', #sols = 150
<DWph=0> <it=  8> <et=532.13> <Mt= 0.00> <Spt= 0.11> <nCl= 78> <al=0.11> <DB= 3969.6372> <Mlp= 4179.2795> <PB=10000000> 
    RCSP exact solver info for graph G_0 : TT = 0.054682, pt = 0.002021, dt = 0.049577, ct = 0.001491, ndl = 3774', bdl = 77214', odl = 6668', odf = 34020', bsi = 1422', cnt = 4133', bdch = 296379', odch = 56014', lcp = 60245', #sols = 150
<DWph=0> <it=  9> <et=532.24> <Mt= 0.02> <Spt= 0.10> <nCl= 41> <al=0.19> <DB= 4174.7274> <Mlp= 4179.2785> <PB=10000000> 
    RCSP exact solver info for graph G_0 : TT = 0.062489, pt = 0.002246, dt = 0.057062, ct = 0.001381, ndl = 3643', bdl = 76484', odl = 6531', odf = 33435', bsi = 1347', cnt = 3451', bdch = 285420', odch = 50620', lcp = 55884', #sols = 150
<DWph=0> <it= 10> <et=532.35> <Mt= 0.01> <Spt= 0.10> <nCl= 56> <al=0.09> <DB= 4178.4657> <Mlp= 4179.2785> <PB=10000000> 
    RCSP exact solver info for graph G_0 : TT = 0.049723, pt = 0.002134, dt = 0.045117, ct = 0.001011, ndl = 3677', bdl = 79522', odl = 6638', odf = 33725', bsi = 1350', cnt = 3498', bdch = 300355', odch = 54059', lcp = 58442', #sols = 150
<DWph=0> <it= 11> <et=532.44> <Mt= 0.00> <Spt= 0.08> <nCl= 46> <al=0.19> <DB= 4178.4180> <Mlp= 4179.2785> <PB=10000000> 
    RCSP exact solver info for graph G_0 : TT = 0.063909, pt = 0.002073, dt = 0.05916, ct = 0.001274, ndl = 3691', bdl = 77731', odl = 6639', odf = 33837', bsi = 1448', cnt = 3703', bdch = 288094', odch = 51469', lcp = 57678', #sols = 150
    RCSP exact solver info for graph G_0 : TT = 0.056539, pt = 0.001985, dt = 0.051571, ct = 0.001438, ndl = 3577', bdl = 76363', odl = 6678', odf = 33927', bsi = 1388', cnt = 3350', bdch = 278724', odch = 49549', lcp = 56174', #sols = 150
<DWph=0> <it= 12> <et=532.64> <Mt= 0.01> <Spt= 0.20> <nCl=103> <al=0.00> <DB= 4179.2785> <Mlp= 4179.2785> <PB=10000000> 
RCSP solver dynamic params and stats :  bidir.bord. = 520.5 aver.obdmd = 9.53279 aver.buck.num. = 11.123 nbR1C = 44 with avMem = 27.8636
@@ 741 4 4179.28 0.0546913 0.060434 44.8065 532.64
    Full reduced cost fixing is not called (gap ratio is 0.999996)
ColGenEvalAlg final dual bound: 4179.28 (rounded: 4179.28)
False gap improvement since the last cut separation : 4.2719e-05 (4179.26)
----- Cut generation is stopped due to tailing off -----
Current active cuts : CAP(14,276.083) R1C(5+39,201.055) 1rowPackR1C(5) 3rowPackR1C(21) 4rowPackR1C(11) 5rowPackR1C(7)
SB exact phase 3 branch on var x[(72, 82)]_0_8673_0_OspV (lhs=0.333333) : [4180.55, 4179.2785], tree depth = 1e+12, tree size = 1e+12, score = -1.194 (h)
SB with phases chosed candidate var x[(72, 82)]_0_8673_0_OspV (lhs=0.333333)
************************************************************************************************
**** BaB tree node (N° 17, parent N° 15, depth 8, treatOrderId 741)
**** Local DB = 4179.28, global bounds : [ 4179.28 , 1e+07 ], TIME = 0h8m52s82t = 53282
**** 9 open nodes, 40859 columns (9910 active), 420 dyn. constrs. (70 active), 662 art. vars. (312 active)
************************************************************************************************
**** Strong branching phase 1 is started *****
SB phase 1 cand.  1 branch on var x[(23, 95)]_0_2757_0_OspV (lhs=0.4950)  : [ 4179.5172,  4179.6293], score = 0.08 (h)  <et=533.04>
SB phase 1 cand.  2 branch on var x[(0, 26)]_0_3025_0_OspV (lhs=0.5239)   : [ 4179.3281,  4179.5912], score = 0.02      <et=533.27>
SB phase 1 cand.  3 branch on var x[(34, 36)]_0_4029_0_OspV (lhs=0.9955)  : [ 4179.2809,  4200.4530], score = 0.05 (h)  <et=533.54>
SB phase 1 cand.  4 branch on var x[(0, 95)]_0_11374_0_OspV (lhs=0.4761)  : [ 4179.4474,  4179.5327], score = 0.04      <et=533.83>
SB phase 1 cand.  5 branch on var x[(93, 60)]_0_11193_0_OspV (lhs=0.9937) : [ 4179.2856,  4189.2796], score = 0.07 (h)  <et=534.11>
SB phase 1 cand.  6 branch on var x[(55, 26)]_0_6561_0_OspV (lhs=0.4662)  : [ 4179.3246,  4179.6298], score = 0.02      <et=534.34>
SB phase 1 cand.  7 branch on var x[(72, 22)]_0_8614_0_OspV (lhs=0.0230)  : [ 4179.3107,  4180.7500], score = 0.05 (h)  <et=534.56>
SB phase 1 cand.  8 branch on var x[(26, 1)]_0_3027_0_OspV (lhs=0.5469)   : [ 4179.3293,  4179.5435], score = 0.01      <et=534.74>
SB phase 1 cand.  9 branch on var x[(60, 97)]_0_7236_0_OspV (lhs=0.0017)  : [ 4179.2793,  4184.1855], score = 0.00 (h)  <et=534.96>
SB phase 1 cand. 10 branch on var x[(26, 7)]_0_3033_0_OspV (lhs=0.4431)   : [ 4179.3200,  4179.5449], score = 0.01      <et=535.18>
SB phase 1 cand. 11 branch on var x[(79, 69)]_0_9508_0_OspV (lhs=0.9991)  : [ 4179.2788,  4217.5286], score = 0.01 (h)  <et=535.44>
SB phase 1 cand. 12 branch on var x[(97, 1)]_0_11618_0_OspV (lhs=0.4350)  : [ 4179.3220,  4179.6553], score = 0.02      <et=535.73>
SB phase 1 cand. 13 branch on var x[(93, 80)]_0_11213_0_OspV (lhs=0.0036) : [ 4179.2790,  4201.8287], score = 0.01 (h)  <et=535.94>
SB phase 1 cand. 14 branch on var x[(0, 78)]_0_9317_0_OspV (lhs=0.6453)   : [ 4179.3500,  4179.6000], score = 0.02      <et=536.07>
SB phase 1 cand. 15 branch on var x[(119, 80)]_0_14359_0_OspV (lhs=0.9964): [ 4179.2856,  4189.9504], score = 0.08 (h)  <et=536.28>
SB phase 1 cand. 16 branch on var x[(63, 0)]_0_7503_0_OspV (lhs=0.6774)   : [ 4179.3500,  4179.9120], score = 0.05      <et=536.46>
SB phase 1 cand. 17 branch on var x[(91, 96)]_0_10986_0_OspV (lhs=0.5000) : [ 4179.3500,  4179.7519], score = 0.03 (h)  <et=536.64>
SB phase 1 cand. 18 branch on var x[(19, 0)]_0_2179_0_OspV (lhs=0.2834)   : [ 4179.3500,  4180.2032], score = 0.07      <et=536.87>
SB phase 1 cand. 19 branch on var x[(91, 4)]_0_10895_0_OspV (lhs=0.5000)  : [ 4179.3500,  4179.9234], score = 0.05 (h)  <et=537.04>
SB phase 1 cand. 20 branch on var x[(63, 19)]_0_7522_0_OspV (lhs=0.2834)  : [ 4179.3500,  4179.9791], score = 0.05      <et=537.28>
SB phase 1 cand. 21 branch on var x[(118, 91)]_0_14249_0_OspV (lhs=0.5000): [ 4179.3500,  4179.9234], score = 0.05 (h)  <et=537.45>
SB phase 1 cand. 22 branch on var x[(35, 0)]_0_4115_0_OspV (lhs=0.0755)   : [ 4179.3500,  4180.7500], score = 0.11      <et=537.64>
SB phase 1 cand. 23 branch on var x[(77, 96)]_0_9292_0_OspV (lhs=0.4827)  : [ 4179.3500,  4179.9234], score = 0.05 (h)  <et=537.83>
SB phase 1 cand. 24 branch on var x[(97, 18)]_0_11635_0_OspV (lhs=0.0566) : [ 4179.2814,  4179.7411], score = 0.00      <et=538.03>
SB phase 1 cand. 25 branch on var x[(55, 23)]_0_6558_0_OspV (lhs=0.4950)  : [ 4179.5145,  4181.3626], score = 0.49 (h)  <et=538.35>
SB phase 1 cand. 26 branch on var x[(32, 39)]_0_3790_0_OspV (lhs=0.9440)  : [ 4179.3500,  4181.3941], score = 0.15      <et=538.55>
SB phase 1 cand. 27 branch on var x[(35, 19)]_0_4134_0_OspV (lhs=0.3853)  : [ 4179.3500,  4180.2502], score = 0.07 (h)  <et=538.75>
SB phase 1 cand. 28 branch on var x[(2, 32)]_0_153_0_OspV (lhs=0.9449)    : [ 4179.3500,  4181.5188], score = 0.16      <et=539.12>
SB phase 1 cand. 29 branch on var x[(35, 81)]_0_4195_0_OspV (lhs=0.5392)  : [ 4179.3500,  4179.6678], score = 0.03 (h)  <et=539.27>
SB phase 1 cand. 30 branch on var x[(72, 0)]_0_8592_0_OspV (lhs=0.9497)   : [ 4179.3465,  4179.8056], score = 0.04      <et=539.55>
SB phase 1 cand. 31 branch on var x[(19, 81)]_0_2259_0_OspV (lhs=0.3853)  : [ 4179.3500,  4180.0725], score = 0.06 (h)  <et=539.76>
SB phase 1 cand. 32 branch on var x[(51, 61)]_0_6111_0_OspV (lhs=0.9555)  : [ 4179.3500,  4181.6086], score = 0.17      <et=540.12>
SB phase 1 cand. 33 branch on var x[(1, 18)]_0_18_0_OspV (lhs=0.4376)     : [ 4179.3256,  4179.5452], score = 0.01 (h)  <et=540.48>
SB phase 1 cand. 34 branch on var x[(59, 6)]_0_7025_0_OspV (lhs=0.9598)   : [ 4179.3500,  4181.9143], score = 0.19      <et=540.71>
SB phase 1 cand. 35 branch on var x[(1, 7)]_0_7_0_OspV (lhs=0.5569)       : [ 4179.3267,  4179.5449], score = 0.01 (h)  <et=540.92>
SB phase 1 cand. 36 branch on var x[(9, 59)]_0_1027_0_OspV (lhs=0.9598)   : [ 4179.3500,  4181.9143], score = 0.19      <et=541.16>
SB phase 1 cand. 37 branch on var x[(97, 23)]_0_11640_0_OspV (lhs=0.5050) : [ 4179.5176,  4179.6287], score = 0.08 (h)  <et=541.45>
SB phase 1 cand. 38 branch on var x[(63, 81)]_0_7583_0_OspV (lhs=0.0392)  : [ 4179.2811,  4183.5100], score = 0.01      <et=541.73>
SB phase 1 cand. 39 branch on var x[(77, 91)]_0_9287_0_OspV (lhs=0.4955)  : [ 4179.3500,  4179.3872], score = 0.01 (h)  <et=541.77>
SB phase 1 cand. 40 branch on var x[(66, 20)]_0_7886_0_OspV (lhs=0.9608)  : [ 4179.3500,  4182.7631], score = 0.25      <et=541.98>
SB phase 1 cand. 41 branch on var x[(118, 4)]_0_14162_0_OspV (lhs=0.4869) : [ 4179.3500,  4179.3555], score = 0.01 (h)  <et=542.05>
SB phase 1 cand. 42 branch on var x[(78, 20)]_0_9338_0_OspV (lhs=0.0392)  : [ 4179.3020,  4182.7631], score = 0.08      <et=542.33>
SB phase 1 cand. 43 branch on var x[(0, 19)]_0_2178_0_OspV (lhs=0.3313)   : [ 4179.3500,  4179.6000], score = 0.02 (h)  <et=542.42>
SB phase 1 cand. 44 branch on var x[(78, 56)]_0_9374_0_OspV (lhs=0.9608)  : [ 4179.3020,  4182.5716], score = 0.08      <et=542.71>
SB phase 1 cand. 45 branch on var x[(19, 78)]_0_2256_0_OspV (lhs=0.3155)  : [ 4179.3500,  4179.4589], score = 0.01 (h)  <et=542.88>
SB phase 1 cand. 46 branch on var x[(96, 22)]_0_11518_0_OspV (lhs=0.9655) : [ 4179.3204,  4179.9595], score = 0.03      <et=543.16>
SB phase 1 cand. 47 branch on var x[(23, 18)]_0_2681_0_OspV (lhs=0.5041)  : [ 4179.3896,  4179.5298], score = 0.03 (h)  <et=543.41>
SB phase 1 cand. 48 branch on var x[(115, 13)]_0_13808_0_OspV (lhs=0.9663): [ 4179.3500,  4182.9235], score = 0.26      <et=543.72>
SB phase 1 cand. 49 branch on var x[(96, 81)]_0_11577_0_OspV (lhs=0.0345) : [ 4179.3092,  4180.7500], score = 0.05 (h)  <et=543.95>
SB phase 1 cand. 50 branch on var x[(115, 70)]_0_13865_0_OspV (lhs=0.0337): [ 4179.3500,  4182.9235], score = 0.26      <et=544.29>
**** Strong branching phase 2 is started *****
<DWph=1> <it= 12> <et=545.48> <Mt= 0.19> <Spt= 0.93> <nCl=109> <al=0.00> <DB= 4180.9312> <Mlp= 4180.9313> <PB=10000000> 
<DWph=1> <it=  7> <et=546.48> <Mt= 0.05> <Spt= 0.60> <nCl= 65> <al=0.00> <DB= 4179.4541> <Mlp= 4179.4541> <PB=10000000> 
SB phase 2 cand.  1 branch on var x[(55, 23)]_0_6558_0_OspV (lhs=0.4950)  : [ 4179.4541,  4180.9312], score = 0.29 (h)  <et=546.52>
<DWph=1> <it= 15> <et=548.06> <Mt= 0.19> <Spt= 1.14> <nCl=198> <al=0.00> <DB= 4181.6937> <Mlp= 4181.6937> <PB=10000000> 
<DWph=1> <it=  9> <et=549.68> <Mt= 0.44> <Spt= 0.88> <nCl=142> <al=0.00> <DB= 4179.3500> <Mlp= 4179.3500> <PB=10000000> 
SB phase 2 cand.  2 branch on var x[(115, 13)]_0_13808_0_OspV (lhs=0.9663): [ 4179.3500,  4181.6937], score = 0.17      <et=549.73>
<DWph=1> <it= 14> <et=551.09> <Mt= 0.14> <Spt= 0.98> <nCl=179> <al=0.00> <DB= 4181.6894> <Mlp= 4181.6894> <PB=10000000> 
<DWph=1> <it= 13> <et=553.10> <Mt= 0.62> <Spt= 1.08> <nCl=230> <al=0.00> <DB= 4179.3500> <Mlp= 4179.3500> <PB=10000000> 
SB phase 2 cand.  3 branch on var x[(115, 70)]_0_13865_0_OspV (lhs=0.0337): [ 4179.3500,  4181.6894], score = 0.17      <et=553.14>
**** Strong branching phase 3 is started *****
**** SB phase 3 evaluation of candidate 1, branch 1 ( x[(55, 23)]_0_6558_0_OspV >= 1 ), value = 4180.93
<DWph=2> <it=  1> <et=553.48> <Mt= 0.01> <Spt= 0.12> <nCl=  6> <al=0.00> <DB= 4180.9312> <Mlp= 4180.9313> <PB=10000000> 
<DWph=1> <it=  2> <et=553.61> <Mt= 0.00> <Spt= 0.13> <nCl=  3> <al=0.00> <DB= 4180.9312> <Mlp= 4180.9313> <PB=10000000> 
    RCSP exact solver info for graph G_0 : TT = 0.051581, pt = 0.001649, dt = 0.047261, ct = 0.001209, ndl = 3718', bdl = 80924', odl = 7080', odf = 35246', bsi = 1454', cnt = 3632', bdch = 317366', odch = 53095', lcp = 64949', #sols = 150
<DWph=0> <it=  3> <et=553.69> <Mt= 0.00> <Spt= 0.07> <nCl= 78> <al=0.30> <DB= 4168.4438> <Mlp= 4180.9313> <PB=10000000> 
    RCSP exact solver info for graph G_0 : TT = 0.04936, pt = 0.001711, dt = 0.044985, ct = 0.001342, ndl = 3773', bdl = 74350', odl = 6961', odf = 35237', bsi = 1489', cnt = 5109', bdch = 316605', odch = 62848', lcp = 70703', #sols = 150
    RCSP exact solver info for graph G_0 : TT = 0.04758, pt = 0.001646, dt = 0.043643, ct = 0.001103, ndl = 3468', bdl = 71555', odl = 6747', odf = 33774', bsi = 1400', cnt = 3458', bdch = 275247', odch = 53716', lcp = 57570', #sols = 150
<DWph=0> <it=  4> <et=553.90> <Mt= 0.03> <Spt= 0.19> <nCl=102> <al=0.00> <DB= 4180.8625> <Mlp= 4180.8625> <PB=10000000> 
RCSP solver dynamic params and stats :  bidir.bord. = 505.8 aver.obdmd = 9.53279 aver.buck.num. = 11.123 nbR1C = 38 with avMem = 25.2632
@@ 848 0 4180.86 0.0465143 0.04847 48.7555 553.9
    Full reduced cost fixing is not called (gap ratio is 0.999995)
ColGenEvalAlg final dual bound: 4180.86 (rounded: 4180.86)
Current active cuts : CAP(9,276.618) R1C(5+33,199.96) 1rowPackR1C(5) 3rowPackR1C(20) 4rowPackR1C(10) 5rowPackR1C(3)
132 Rank-1 3-rows pack. cuts added ,  max viol. = 0.25, aver. viol. = 0.178977
Building structures for heuristic rank-1 packing cut separation...done!
49 Rank-1 4-rows pack. cuts added ,  max viol. = 0.25, aver. viol. = 0.239796
100 Rank-1 5-rows pack. cuts added ,  max viol. = 0.5, aver. viol. = 0.2525
Shrinking heuristic shrunk 91 edges
In total 1 RCC cut(s) are found by the Fractional capacity min-cut heuristic 
In total 10 RCC cut(s) are found by the greedy construction heuristic 
In total 35 RCC cut(s) are found by the global pool greedy search heuristic 
----- Add fac. cuts : CAP(46) R1C(281), max.viol = 0.5, aver.viol = 0.220566, sep/add took 0.249775/2.80004 sec. -----
41883 columns (6807 active), 717 dyn. constrs. (386 active), 963 art. vars. (628 active)
<DWph=2> <it=  1> <et=557.51> <Mt= 0.44> <Spt= 0.07> <nCl= 30> <al=0.50> <DB=-4319923226.7711> <Mlp= 4181.3527> <PB=10000000> 
<DWph=2> <it=  2> <et=557.60> <Mt= 0.01> <Spt= 0.08> <nCl= 30> <al=0.55> <DB=-3239928178.9797> <Mlp= 4181.3527> <PB=10000000> 
<DWph=2> <it=  3> <et=557.70> <Mt= 0.02> <Spt= 0.08> <nCl= 30> <al=0.60> <DB=-3499120375.1520> <Mlp= 4181.3527> <PB=10000000> 
<DWph=2> <it=  4> <et=557.80> <Mt= 0.03> <Spt= 0.07> <nCl= 30> <al=0.64> <DB=-524895606.2368> <Mlp= 4181.3527> <PB=10000000> 
<DWph=2> <it=  5> <et=557.92> <Mt= 0.05> <Spt= 0.07> <nCl= 30> <al=0.67> <DB=-2361932376.8864> <Mlp= 4181.3527> <PB=10000000> 
<DWph=2> <it=  6> <et=558.03> <Mt= 0.03> <Spt= 0.09> <nCl= 30> <al=0.70> <DB=-850361696.2479> <Mlp= 4181.3527> <PB=10000000> 
<DWph=2> <it=  7> <et=558.14> <Mt= 0.03> <Spt= 0.06> <nCl= 30> <al=0.73> <DB=-765272472.8414> <Mlp= 4181.3527> <PB=10000000> 
<DWph=2> <it=  8> <et=558.23> <Mt= 0.02> <Spt= 0.08> <nCl= 30> <al=0.76> <DB=-24131.8683> <Mlp= 4181.3527> <PB=10000000> 
<DWph=2> <it=  9> <et=558.33> <Mt= 0.01> <Spt= 0.08> <nCl= 30> <al=0.78> <DB= 1383.7876> <Mlp= 4181.3527> <PB=10000000> 
<DWph=2> <it= 10> <et=558.43> <Mt= 0.02> <Spt= 0.09> <nCl= 18> <al=0.81> <DB= 3974.0983> <Mlp= 4181.3527> <PB=10000000> 
<DWph=2> <it= 11> <et=558.50> <Mt= 0.01> <Spt= 0.06> <nCl=  6> <al=0.83> <DB= 3941.9451> <Mlp= 4181.3527> <PB=10000000> 
<DWph=2> <it= 12> <et=558.66> <Mt= 0.01> <Spt= 0.14> <nCl= 13> <al=0.69> <DB= 3439.0337> <Mlp= 4181.3370> <PB=10000000> 
<DWph=2> <it= 13> <et=558.75> <Mt= 0.02> <Spt= 0.07> <nCl= 30> <al=0.74> <DB= 1388.8441> <Mlp= 4181.3370> <PB=10000000> 
<DWph=2> <it= 14> <et=558.85> <Mt= 0.02> <Spt= 0.08> <nCl= 30> <al=0.77> <DB=-5758.2077> <Mlp= 4181.3370> <PB=10000000> 
<DWph=2> <it= 15> <et=558.94> <Mt= 0.02> <Spt= 0.07> <nCl=  6> <al=0.79> <DB= 4181.0202> <Mlp= 4181.3370> <PB=10000000> 
<DWph=2> <it= 16> <et=559.06> <Mt= 0.03> <Spt= 0.10> <nCl= 30> <al=0.69> <DB=-328712444.5248> <Mlp= 4181.3175> <PB=10000000> 
<DWph=2> <it= 17> <et=559.18> <Mt= 0.04> <Spt= 0.08> <nCl= 30> <al=0.72> <DB=  191.7933> <Mlp= 4181.3175> <PB=10000000> 
<DWph=2> <it= 18> <et=559.28> <Mt= 0.01> <Spt= 0.07> <nCl= 30> <al=0.75> <DB= 2922.1627> <Mlp= 4181.3175> <PB=10000000> 
<DWph=2> <it= 19> <et=559.35> <Mt= 0.01> <Spt= 0.07> <nCl=  7> <al=0.78> <DB= 4176.1665> <Mlp= 4181.3175> <PB=10000000> 
<DWph=2> <it= 20> <et=559.49> <Mt= 0.01> <Spt= 0.13> <nCl=  3> <al=0.60> <DB= 4181.1404> <Mlp= 4181.3175> <PB=10000000> 
<DWph=2> <it= 21> <et=559.57> <Mt= 0.00> <Spt= 0.08> <nCl= 30> <al=0.70> <DB= 1794.4650> <Mlp= 4181.3175> <PB=10000000> 
<DWph=2> <it= 22> <et=559.64> <Mt= 0.01> <Spt= 0.06> <nCl=  3> <al=0.73> <DB= 4175.2715> <Mlp= 4181.3175> <PB=10000000> 
<DWph=2> <it= 23> <et=559.78> <Mt= 0.00> <Spt= 0.13> <nCl= 11> <al=0.51> <DB= 4163.1781> <Mlp= 4181.3175> <PB=10000000> 
<DWph=2> <it= 24> <et=559.86> <Mt= 0.01> <Spt= 0.07> <nCl=  7> <al=0.66> <DB= 3268.4904> <Mlp= 4181.3175> <PB=10000000> 
<DWph=2> <it= 25> <et=559.92> <Mt= 0.01> <Spt= 0.06> <nCl=  2> <al=0.69> <DB= 4168.3498> <Mlp= 4181.3175> <PB=10000000> 
<DWph=2> <it= 26> <et=560.06> <Mt= 0.00> <Spt= 0.13> <nCl= 11> <al=0.18> <DB= 4174.5115> <Mlp= 4181.3175> <PB=10000000> 
<DWph=2> <it= 27> <et=560.20> <Mt= 0.01> <Spt= 0.14> <nCl= 32> <al=0.00> <DB=-9390.8218> <Mlp= 4181.3175> <PB=10000000> 
<DWph=2> <it= 28> <et=560.28> <Mt= 0.01> <Spt= 0.06> <nCl=  9> <al=0.39> <DB= 4177.5463> <Mlp= 4181.3175> <PB=10000000> 
<DWph=2> <it= 29> <et=560.42> <Mt= 0.01> <Spt= 0.13> <nCl= 23> <al=0.00> <DB= 3629.7365> <Mlp= 4181.3175> <PB=10000000> 
<DWph=2> <it= 30> <et=560.55> <Mt= 0.00> <Spt= 0.13> <nCl= 19> <al=0.00> <DB= 1824.3702> <Mlp= 4181.3175> <PB=10000000> 
<DWph=2> <it= 31> <et=560.70> <Mt= 0.02> <Spt= 0.13> <nCl= 13> <al=0.00> <DB= 4176.1095> <Mlp= 4181.3175> <PB=10000000> 
<DWph=2> <it= 32> <et=560.83> <Mt= 0.00> <Spt= 0.13> <nCl=  1> <al=0.00> <DB= 4181.3175> <Mlp= 4181.3175> <PB=10000000> 
<DWph=1> <it= 33> <et=560.92> <Mt= 0.00> <Spt= 0.08> <nCl= 30> <al=0.05> <DB= 2973.2039> <Mlp= 4181.3175> <PB=10000000> 
<DWph=1> <it= 34> <et=561.00> <Mt= 0.01> <Spt= 0.08> <nCl= 28> <al=0.00> <DB= 3119.3742> <Mlp= 4181.3175> <PB=10000000> 
<DWph=1> <it= 35> <et=561.10> <Mt= 0.01> <Spt= 0.09> <nCl= 30> <al=0.06> <DB= 3837.4186> <Mlp= 4181.3175> <PB=10000000> 
<DWph=1> <it= 36> <et=561.19> <Mt= 0.01> <Spt= 0.08> <nCl= 13> <al=0.00> <DB= 4137.9548> <Mlp= 4181.3175> <PB=10000000> 
<DWph=1> <it= 37> <et=561.28> <Mt= 0.00> <Spt= 0.09> <nCl=  9> <al=0.00> <DB= 4151.6175> <Mlp= 4181.3175> <PB=10000000> 
<DWph=1> <it= 38> <et=561.38> <Mt= 0.01> <Spt= 0.09> <nCl= 27> <al=0.00> <DB= 4180.4175> <Mlp= 4181.3175> <PB=10000000> 
<DWph=1> <it= 39> <et=561.47> <Mt= 0.00> <Spt= 0.08> <nCl= 22> <al=0.00> <DB= 4181.3175> <Mlp= 4181.3175> <PB=10000000> 
    RCSP exact solver info for graph G_0 : TT = 0.081917, pt = 0.002257, dt = 0.0769, ct = 0.001432, ndl = 3912', bdl = 80242', odl = 7210', odf = 35995', bsi = 1490', cnt = 3975', bdch = 318533', odch = 62644', lcp = 67277', #sols = 150
<DWph=0> <it= 40> <et=561.65> <Mt= 0.01> <Spt= 0.18> <nCl=150> <al=0.00> <DB= 2345.7221> <Mlp= 4181.3175> <PB=10000000> 
    RCSP exact solver info for graph G_0 : TT = 0.067524, pt = 0.00205, dt = 0.062111, ct = 0.001748, ndl = 3917', bdl = 83164', odl = 7266', odf = 36072', bsi = 1437', cnt = 4280', bdch = 333246', odch = 65847', lcp = 69002', #sols = 150
<DWph=0> <it= 41> <et=561.83> <Mt= 0.00> <Spt= 0.17> <nCl=142> <al=0.00> <DB= 4160.3637> <Mlp= 4181.3175> <PB=10000000> 
    RCSP exact solver info for graph G_0 : TT = 0.066794, pt = 0.002267, dt = 0.061712, ct = 0.001323, ndl = 3726', bdl = 81340', odl = 6975', odf = 34948', bsi = 1413', cnt = 4275', bdch = 304939', odch = 58362', lcp = 60008', #sols = 150
<DWph=0> <it= 42> <et=562.03> <Mt= 0.04> <Spt= 0.17> <nCl= 85> <al=0.00> <DB= 4179.5291> <Mlp= 4181.2608> <PB=10000000> 
    RCSP exact solver info for graph G_0 : TT = 0.066957, pt = 0.002208, dt = 0.061384, ct = 0.001761, ndl = 3670', bdl = 77120', odl = 6800', odf = 34424', bsi = 1377', cnt = 4048', bdch = 289457', odch = 54715', lcp = 57959', #sols = 150
<DWph=0> <it= 43> <et=562.20> <Mt= 0.02> <Spt= 0.14> <nCl= 88> <al=0.00> <DB= 4181.1906> <Mlp= 4181.2588> <PB=10000000> 
    RCSP exact solver info for graph G_0 : TT = 0.066188, pt = 0.002325, dt = 0.061021, ct = 0.001274, ndl = 3637', bdl = 79277', odl = 6988', odf = 35114', bsi = 1384', cnt = 3734', bdch = 294801', odch = 53918', lcp = 59485', #sols = 150
<DWph=0> <it= 44> <et=562.35> <Mt= 0.00> <Spt= 0.15> <nCl= 98> <al=0.02> <DB= 4181.1912> <Mlp= 4181.2588> <PB=10000000> 
    RCSP exact solver info for graph G_0 : TT = 0.065388, pt = 0.001991, dt = 0.059867, ct = 0.001919, ndl = 3873', bdl = 82206', odl = 7257', odf = 36573', bsi = 1405', cnt = 4119', bdch = 321575', odch = 60842', lcp = 66317', #sols = 150
    RCSP exact solver info for graph G_0 : TT = 0.063287, pt = 0.00212, dt = 0.058289, ct = 0.001351, ndl = 3452', bdl = 74616', odl = 6662', odf = 33314', bsi = 1342', cnt = 3422', bdch = 269505', odch = 48633', lcp = 53376', #sols = 150
<DWph=0> <it= 45> <et=562.61> <Mt= 0.01> <Spt= 0.25> <nCl=114> <al=0.00> <DB= 4181.2588> <Mlp= 4181.2588> <PB=10000000> 
RCSP solver dynamic params and stats :  bidir.bord. = 516.5 aver.obdmd = 9.53279 aver.buck.num. = 11.123 nbR1C = 37 with avMem = 25.8378
@@ 848 1 4181.26 0.0645846 0.078332 48.7555 562.61
    Full reduced cost fixing is not called (gap ratio is 0.999995)
ColGenEvalAlg final dual bound: 4181.26 (rounded: 4181.26)
False gap improvement since the last cut separation : 0.000947953 (4180.86)
Cut generation tailing off counter increased to 1
Current active cuts : CAP(12,285.192) R1C(5+32,181.181) 1rowPackR1C(5) 3rowPackR1C(18) 4rowPackR1C(10) 5rowPackR1C(4)
2 Rank-1 1-rows pack. cuts added ,  max viol. = 0.0449115, aver. viol. = 0.0449115
150 Rank-1 3-rows pack. cuts added ,  max viol. = 0.182158, aver. viol. = 0.100739
Building structures for heuristic rank-1 packing cut separation...done!
88 Rank-1 4-rows pack. cuts added ,  max viol. = 0.19962, aver. viol. = 0.0803016
100 Rank-1 5-rows pack. cuts added ,  max viol. = 0.19962, aver. viol. = 0.158025
Shrinking heuristic shrunk 47 edges
In total 2 RCC cut(s) are found by the Fractional capacity min-cut heuristic 
In total 5 RCC cut(s) are found by the greedy construction heuristic 
In total 9 RCC cut(s) are found by the global pool greedy search heuristic 
----- Add fac. cuts : CAP(16) R1C(340), max.viol = 0.338276, aver.viol = 0.117701, sep/add took 0.490872/2.44722 sec. -----
43353 columns (8277 active), 1073 dyn. constrs. (418 active), 1319 art. vars. (660 active)
<DWph=2> <it=  1> <et=565.95> <Mt= 0.22> <Spt= 0.14> <nCl=  3> <al=0.00> <DB= 4181.4236> <Mlp= 4181.4236> <PB=10000000> 
<DWph=1> <it=  2> <et=566.03> <Mt= 0.00> <Spt= 0.07> <nCl=  5> <al=0.40> <DB= 4178.5465> <Mlp= 4181.4236> <PB=10000000> 
<DWph=1> <it=  3> <et=566.12> <Mt= 0.01> <Spt= 0.08> <nCl= 11> <al=0.46> <DB= 4178.5465> <Mlp= 4181.4236> <PB=10000000> 
<DWph=1> <it=  4> <et=566.28> <Mt= 0.01> <Spt= 0.14> <nCl=  4> <al=0.00> <DB= 4181.4236> <Mlp= 4181.4236> <PB=10000000> 
    RCSP exact solver info for graph G_0 : TT = 0.053537, pt = 0.002251, dt = 0.048674, ct = 0.001189, ndl = 3944', bdl = 83165', odl = 7026', odf = 36144', bsi = 1387', cnt = 4404', bdch = 326410', odch = 60172', lcp = 65115', #sols = 150
<DWph=0> <it=  5> <et=566.41> <Mt= 0.01> <Spt= 0.13> <nCl=113> <al=0.26> <DB= 4176.0531> <Mlp= 4181.4236> <PB=10000000> 
    RCSP exact solver info for graph G_0 : TT = 0.051158, pt = 0.002061, dt = 0.046324, ct = 0.001302, ndl = 4175', bdl = 91978', odl = 7348', odf = 37577', bsi = 1465', cnt = 5309', bdch = 364504', odch = 67841', lcp = 70944', #sols = 150
<DWph=0> <it=  6> <et=566.56> <Mt= 0.02> <Spt= 0.13> <nCl= 96> <al=0.16> <DB= 4178.2429> <Mlp= 4181.4167> <PB=10000000> 
    RCSP exact solver info for graph G_0 : TT = 0.057262, pt = 0.002395, dt = 0.052133, ct = 0.001273, ndl = 3922', bdl = 88167', odl = 7136', odf = 36364', bsi = 1398', cnt = 4109', bdch = 334895', odch = 59899', lcp = 65613', #sols = 150
<DWph=0> <it=  7> <et=566.72> <Mt= 0.02> <Spt= 0.14> <nCl=143> <al=0.06> <DB= 4181.2047> <Mlp= 4181.4167> <PB=10000000> 
    RCSP exact solver info for graph G_0 : TT = 0.059685, pt = 0.00206, dt = 0.054748, ct = 0.001303, ndl = 3959', bdl = 88112', odl = 7194', odf = 36362', bsi = 1445', cnt = 4415', bdch = 347077', odch = 64217', lcp = 68322', #sols = 150
<DWph=0> <it=  8> <et=566.87> <Mt= 0.00> <Spt= 0.14> <nCl=123> <al=0.00> <DB= 4181.4167> <Mlp= 4181.4167> <PB=10000000> 
RCSP solver dynamic params and stats :  bidir.bord. = 516.5 aver.obdmd = 9.53279 aver.buck.num. = 11.123 nbR1C = 43 with avMem = 26.3256
@@ 848 2 4181.42 0.0517365 0.056051 48.7555 566.87
    Full reduced cost fixing is not called (gap ratio is 0.999995)
ColGenEvalAlg final dual bound: 4181.42 (rounded: 4181.42)
False gap improvement since the last cut separation : 0.000377495 (4181.26)
Cut generation tailing off counter increased to 2
Current active cuts : CAP(11,299.931) R1C(5+38,184.95) 1rowPackR1C(5) 3rowPackR1C(19) 4rowPackR1C(14) 5rowPackR1C(5)
150 Rank-1 3-rows pack. cuts added ,  max viol. = 0.166667, aver. viol. = 0.0703333
Building structures for heuristic rank-1 packing cut separation...done!
83 Rank-1 4-rows pack. cuts added ,  max viol. = 0.116667, aver. viol. = 0.0548193
100 Rank-1 5-rows pack. cuts added ,  max viol. = 0.116667, aver. viol. = 0.0705
Shrinking heuristic shrunk 75 edges
In total 2 RCC cut(s) are found by the Fractional capacity min-cut heuristic 
In total 5 RCC cut(s) are found by the global pool greedy search heuristic 
----- Add fac. cuts : CAP(7) R1C(333), max.viol = 0.216667, aver.viol = 0.0718627, sep/add took 0.305705/2.49877 sec. -----
43851 columns (8775 active), 1097 dyn. constrs. (416 active), 1659 art. vars. (658 active)
<DWph=2> <it=  1> <et=570.30> <Mt= 0.34> <Spt= 0.09> <nCl= 30> <al=0.50> <DB=-2159973646.0677> <Mlp= 4181.6124> <PB=10000000> 
<DWph=2> <it=  2> <et=570.39> <Mt= 0.03> <Spt= 0.08> <nCl= 30> <al=0.55> <DB= 2892.1737> <Mlp= 4181.6124> <PB=10000000> 
<DWph=2> <it=  3> <et=570.53> <Mt= 0.01> <Spt= 0.12> <nCl= 22> <al=0.19> <DB= 4153.0183> <Mlp= 4181.6124> <PB=10000000> 
<DWph=2> <it=  4> <et=570.59> <Mt= 0.00> <Spt= 0.05> <nCl=  1> <al=0.50> <DB= 4180.4813> <Mlp= 4181.6124> <PB=10000000> 
<DWph=2> <it=  5> <et=570.73> <Mt= 0.03> <Spt= 0.12> <nCl=  4> <al=0.09> <DB= 4166.0339> <Mlp= 4181.6077> <PB=10000000> 
<DWph=2> <it=  6> <et=570.79> <Mt= 0.01> <Spt= 0.05> <nCl=  5> <al=0.45> <DB= 4181.0860> <Mlp= 4181.6077> <PB=10000000> 
<DWph=2> <it=  7> <et=570.93> <Mt= 0.01> <Spt= 0.13> <nCl=  2> <al=0.00> <DB= 4181.6070> <Mlp= 4181.6077> <PB=10000000> 
<DWph=2> <it=  8> <et=571.06> <Mt= 0.00> <Spt= 0.12> <nCl= 38> <al=0.00> <DB= 3985.3565> <Mlp= 4181.6077> <PB=10000000> 
<DWph=2> <it=  9> <et=571.17> <Mt= 0.01> <Spt= 0.11> <nCl=  1> <al=0.00> <DB= 4181.6077> <Mlp= 4181.6077> <PB=10000000> 
<DWph=1> <it= 10> <et=571.25> <Mt= 0.00> <Spt= 0.06> <nCl=  6> <al=0.20> <DB= 4180.7077> <Mlp= 4181.6077> <PB=10000000> 
<DWph=1> <it= 11> <et=571.37> <Mt= 0.01> <Spt= 0.12> <nCl=  4> <al=0.00> <DB= 4181.6077> <Mlp= 4181.6077> <PB=10000000> 
    RCSP exact solver info for graph G_0 : TT = 0.052656, pt = 0.002372, dt = 0.047254, ct = 0.001438, ndl = 3880', bdl = 80876', odl = 7308', odf = 36843', bsi = 1422', cnt = 3674', bdch = 316354', odch = 61818', lcp = 64315', #sols = 150
<DWph=0> <it= 12> <et=571.51> <Mt= 0.00> <Spt= 0.13> <nCl=150> <al=0.00> <DB= 3702.6048> <Mlp= 4181.6077> <PB=10000000> 
    RCSP exact solver info for graph G_0 : TT = 0.054527, pt = 0.002646, dt = 0.048931, ct = 0.001508, ndl = 4182', bdl = 93984', odl = 7640', odf = 39116', bsi = 1490', cnt = 4982', bdch = 375187', odch = 73344', lcp = 72320', #sols = 150
<DWph=0> <it= 13> <et=571.69> <Mt= 0.04> <Spt= 0.15> <nCl=148> <al=0.10> <DB= 4170.6551> <Mlp= 4181.5975> <PB=10000000> 
    RCSP exact solver info for graph G_0 : TT = 0.054406, pt = 0.003408, dt = 0.047656, ct = 0.001689, ndl = 3934', bdl = 86907', odl = 7384', odf = 37435', bsi = 1415', cnt = 3970', bdch = 338761', odch = 63603', lcp = 66588', #sols = 150
    RCSP exact solver info for graph G_0 : TT = 0.055768, pt = 0.002454, dt = 0.050516, ct = 0.001235, ndl = 3802', bdl = 83271', odl = 7097', odf = 35630', bsi = 1375', cnt = 3517', bdch = 308044', odch = 57795', lcp = 58823', #sols = 150
<DWph=0> <it= 14> <et=571.91> <Mt= 0.01> <Spt= 0.20> <nCl=101> <al=0.00> <DB= 4181.2507> <Mlp= 4181.5947> <PB=10000000> 
    RCSP exact solver info for graph G_0 : TT = 0.054364, pt = 0.002362, dt = 0.049085, ct = 0.001283, ndl = 3806', bdl = 84502', odl = 7273', odf = 36463', bsi = 1396', cnt = 3485', bdch = 316410', odch = 58571', lcp = 60838', #sols = 145
    RCSP exact solver info for graph G_0 : TT = 0.050805, pt = 0.002297, dt = 0.045287, ct = 0.001639, ndl = 3783', bdl = 83225', odl = 7166', odf = 36058', bsi = 1383', cnt = 3714', bdch = 310536', odch = 57731', lcp = 59584', #sols = 150
<DWph=0> <it= 15> <et=572.09> <Mt= 0.01> <Spt= 0.18> <nCl= 68> <al=0.00> <DB= 4181.5947> <Mlp= 4181.5947> <PB=10000000> 
RCSP solver dynamic params and stats :  bidir.bord. = 526.7 aver.obdmd = 9.53279 aver.buck.num. = 11.123 nbR1C = 52 with avMem = 27.4615
@@ 848 3 4181.59 0.0495868 0.051751 48.7555 572.09
    Full reduced cost fixing is not called (gap ratio is 0.999995)
ColGenEvalAlg final dual bound: 4181.59 (rounded: 4181.59)
False gap improvement since the last cut separation : 0.000425835 (4181.42)
----- Cut generation is stopped due to tailing off -----
Current active cuts : CAP(11,301.804) R1C(5+47,194.229) 1rowPackR1C(5) 3rowPackR1C(21) 4rowPackR1C(16) 5rowPackR1C(10)
**** SB phase 3 evaluation of candidate 1, branch 2 ( x[(55, 23)]_0_6558_0_OspV <= 0 ), value = 4179.45
<DWph=2> <it=  1> <et=572.96> <Mt= 0.28> <Spt= 0.05> <nCl= 30> <al=0.50> <DB=-2159974516.8170> <Mlp= 4179.4541> <PB=10000000> 
<DWph=2> <it=  2> <et=573.08> <Mt= 0.02> <Spt= 0.05> <nCl= 30> <al=0.55> <DB=-648004836.0270> <Mlp= 4179.4541> <PB=10000000> 
<DWph=2> <it=  3> <et=573.14> <Mt= 0.02> <Spt= 0.06> <nCl= 30> <al=0.60> <DB=-583198819.7824> <Mlp= 4179.4541> <PB=10000000> 
<DWph=2> <it=  4> <et=573.21> <Mt= 0.00> <Spt= 0.06> <nCl= 30> <al=0.64> <DB=-524869829.7045> <Mlp= 4179.4541> <PB=10000000> 
<DWph=2> <it=  5> <et=573.27> <Mt= 0.01> <Spt= 0.06> <nCl= 30> <al=0.67> <DB=-944760764.1346> <Mlp= 4179.4541> <PB=10000000> 
<DWph=2> <it=  6> <et=573.37> <Mt= 0.02> <Spt= 0.07> <nCl= 30> <al=0.70> <DB=-2692597706.0444> <Mlp= 4179.4541> <PB=10000000> 
<DWph=2> <it=  7> <et=573.44> <Mt= 0.01> <Spt= 0.06> <nCl= 30> <al=0.73> <DB=-1530517939.5955> <Mlp= 4179.4541> <PB=10000000> 
<DWph=2> <it=  8> <et=573.53> <Mt= 0.02> <Spt= 0.06> <nCl= 30> <al=0.76> <DB=-1721794904.0313> <Mlp= 4179.4541> <PB=10000000> 
<DWph=2> <it=  9> <et=573.61> <Mt= 0.02> <Spt= 0.07> <nCl= 30> <al=0.78> <DB=-619837053.7251> <Mlp= 4179.4541> <PB=10000000> 
<DWph=2> <it= 10> <et=573.69> <Mt= 0.01> <Spt= 0.06> <nCl= 30> <al=0.81> <DB=-9198.8245> <Mlp= 4179.4541> <PB=10000000> 
<DWph=2> <it= 11> <et=573.76> <Mt= 0.01> <Spt= 0.07> <nCl= 30> <al=0.83> <DB=  615.7411> <Mlp= 4179.4541> <PB=10000000> 
<DWph=2> <it= 12> <et=573.83> <Mt= 0.01> <Spt= 0.06> <nCl= 10> <al=0.84> <DB= 3982.9550> <Mlp= 4179.4541> <PB=10000000> 
<DWph=2> <it= 13> <et=573.94> <Mt= 0.01> <Spt= 0.11> <nCl= 32> <al=0.72> <DB= -483.4402> <Mlp= 4179.4541> <PB=10000000> 
<DWph=1> <it= 14> <et=574.01> <Mt= 0.00> <Spt= 0.06> <nCl= 30> <al=0.76> <DB=-1788.0141> <Mlp= 4179.4541> <PB=10000000> 
<DWph=1> <it= 15> <et=574.08> <Mt= 0.01> <Spt= 0.06> <nCl= 30> <al=0.78> <DB= -483.7584> <Mlp= 4179.4541> <PB=10000000> 
<DWph=1> <it= 16> <et=574.15> <Mt= 0.00> <Spt= 0.06> <nCl= 30> <al=0.68> <DB=-4692.5237> <Mlp= 4179.4541> <PB=10000000> 
<DWph=1> <it= 17> <et=574.21> <Mt= 0.00> <Spt= 0.06> <nCl= 30> <al=0.71> <DB=-1090.2091> <Mlp= 4179.4541> <PB=10000000> 
<DWph=1> <it= 18> <et=574.28> <Mt= 0.01> <Spt= 0.06> <nCl=  7> <al=0.74> <DB= 1134.3641> <Mlp= 4179.4541> <PB=10000000> 
<DWph=1> <it= 19> <et=574.35> <Mt= 0.01> <Spt= 0.07> <nCl= 23> <al=0.64> <DB= 1965.4709> <Mlp= 4179.4541> <PB=10000000> 
<DWph=1> <it= 20> <et=574.50> <Mt= 0.00> <Spt= 0.14> <nCl= 28> <al=0.36> <DB= 2685.3116> <Mlp= 4179.4541> <PB=10000000> 
<DWph=1> <it= 21> <et=574.56> <Mt= 0.01> <Spt= 0.06> <nCl= 15> <al=0.58> <DB= 3372.9219> <Mlp= 4179.4541> <PB=10000000> 
<DWph=1> <it= 22> <et=574.62> <Mt= 0.00> <Spt= 0.05> <nCl= 20> <al=0.48> <DB= 3847.7070> <Mlp= 4179.4541> <PB=10000000> 
<DWph=1> <it= 23> <et=574.70> <Mt= 0.01> <Spt= 0.07> <nCl= 21> <al=0.38> <DB= 3667.8022> <Mlp= 4179.4541> <PB=10000000> 
<DWph=1> <it= 24> <et=574.79> <Mt= 0.00> <Spt= 0.09> <nCl=  8> <al=0.44> <DB= 4000.8085> <Mlp= 4179.4541> <PB=10000000> 
<DWph=1> <it= 25> <et=574.88> <Mt= 0.01> <Spt= 0.09> <nCl=  7> <al=0.50> <DB= 4143.2614> <Mlp= 4179.4541> <PB=10000000> 
<DWph=1> <it= 26> <et=574.96> <Mt= 0.00> <Spt= 0.08> <nCl=  4> <al=0.40> <DB= 4175.2670> <Mlp= 4179.4541> <PB=10000000> 
<DWph=1> <it= 27> <et=575.05> <Mt= 0.00> <Spt= 0.08> <nCl=  8> <al=0.30> <DB= 4177.6476> <Mlp= 4179.4541> <PB=10000000> 
<DWph=1> <it= 28> <et=575.21> <Mt= 0.01> <Spt= 0.16> <nCl= 13> <al=0.00> <DB= 4178.9344> <Mlp= 4179.4541> <PB=10000000> 
<DWph=1> <it= 29> <et=575.34> <Mt= 0.00> <Spt= 0.12> <nCl= 17> <al=0.00> <DB= 4179.4541> <Mlp= 4179.4541> <PB=10000000> 
    RCSP exact solver info for graph G_0 : TT = 0.051985, pt = 0.001596, dt = 0.047863, ct = 0.001403, ndl = 3967', bdl = 82215', odl = 7261', odf = 36581', bsi = 1463', cnt = 3529', bdch = 329178', odch = 61294', lcp = 69360', #sols = 150
<DWph=0> <it= 30> <et=575.42> <Mt= 0.00> <Spt= 0.08> <nCl=150> <al=0.00> <DB=  339.9361> <Mlp= 4179.4541> <PB=10000000> 
    RCSP exact solver info for graph G_0 : TT = 0.05052, pt = 0.001645, dt = 0.046566, ct = 0.001133, ndl = 3754', bdl = 76929', odl = 6866', odf = 33830', bsi = 1370', cnt = 3578', bdch = 299211', odch = 55607', lcp = 63759', #sols = 150
<DWph=0> <it= 31> <et=575.51> <Mt= 0.01> <Spt= 0.08> <nCl=136> <al=0.00> <DB= 3767.2701> <Mlp= 4179.4541> <PB=10000000> 
    RCSP exact solver info for graph G_0 : TT = 0.053648, pt = 0.00177, dt = 0.049518, ct = 0.001091, ndl = 3730', bdl = 77110', odl = 6680', odf = 33632', bsi = 1335', cnt = 3401', bdch = 294000', odch = 53213', lcp = 60828', #sols = 150
<DWph=0> <it= 32> <et=575.59> <Mt= 0.00> <Spt= 0.07> <nCl= 75> <al=0.10> <DB= 4169.1980> <Mlp= 4179.4467> <PB=10000000> 
    RCSP exact solver info for graph G_0 : TT = 0.053022, pt = 0.001825, dt = 0.048842, ct = 0.00112, ndl = 3841', bdl = 81687', odl = 6938', odf = 34603', bsi = 1452', cnt = 3759', bdch = 320793', odch = 58788', lcp = 66311', #sols = 150
<DWph=0> <it= 33> <et=575.67> <Mt= 0.01> <Spt= 0.08> <nCl= 33> <al=0.19> <DB= 4177.9282> <Mlp= 4179.4241> <PB=10000000> 
    RCSP exact solver info for graph G_0 : TT = 0.057013, pt = 0.001805, dt = 0.0524, ct = 0.001462, ndl = 3804', bdl = 81082', odl = 6859', odf = 34233', bsi = 1430', cnt = 3689', bdch = 309644', odch = 56760', lcp = 64197', #sols = 150
    RCSP exact solver info for graph G_0 : TT = 0.060253, pt = 0.001832, dt = 0.055177, ct = 0.001741, ndl = 4114', bdl = 81775', odl = 7232', odf = 36280', bsi = 1423', cnt = 4220', bdch = 339674', odch = 67782', lcp = 73342', #sols = 150
<DWph=0> <it= 34> <et=575.83> <Mt= 0.00> <Spt= 0.15> <nCl=137> <al=0.00> <DB= 4179.4241> <Mlp= 4179.4241> <PB=10000000> 
RCSP solver dynamic params and stats :  bidir.bord. = 520.5 aver.obdmd = 9.53279 aver.buck.num. = 11.123 nbR1C = 37 with avMem = 26.7027
@@ 849 0 4179.42 0.051386 0.056918 44.8065 575.83
    Full reduced cost fixing is not called (gap ratio is 0.999996)
ColGenEvalAlg final dual bound: 4179.42 (rounded: 4179.42)
Current active cuts : CAP(12,278.079) R1C(5+32,208.541) 1rowPackR1C(5) 3rowPackR1C(17) 4rowPackR1C(11) 5rowPackR1C(4)
Building structures for heuristic rank-1 packing cut separation...done!
5 Rank-1 4-rows pack. cuts added ,  max viol. = 0.0328533, aver. viol. = 0.0279028
18 Rank-1 5-rows pack. cuts added ,  max viol. = 0.0366787, aver. viol. = 0.0276528
In total 1 RCC cut(s) are found by the connected components heuristic 
Shrinking heuristic shrunk 48 edges
In total 6 RCC cut(s) are found by the Fractional capacity min-cut heuristic 
In total 6 RCC cut(s) are found by the global pool greedy search heuristic 
----- Add fac. cuts : CAP(13) R1C(23), max.viol = 0.962646, aver.viol = 0.146446, sep/add took 0.530516/0.504531 sec. -----
44961 columns (7767 active), 460 dyn. constrs. (97 active), 702 art. vars. (339 active)
<DWph=2> <it=  1> <et=577.02> <Mt= 0.07> <Spt= 0.06> <nCl=  6> <al=0.50> <DB= 4179.0880> <Mlp= 4179.5198> <PB=10000000> 
<DWph=2> <it=  2> <et=577.08> <Mt= 0.00> <Spt= 0.05> <nCl= 10> <al=0.40> <DB= 4179.0207> <Mlp= 4179.5198> <PB=10000000> 
<DWph=2> <it=  3> <et=577.14> <Mt= 0.00> <Spt= 0.05> <nCl=  8> <al=0.30> <DB= 4178.9535> <Mlp= 4179.5198> <PB=10000000> 
<DWph=2> <it=  4> <et=577.24> <Mt= 0.01> <Spt= 0.11> <nCl=  3> <al=0.00> <DB= 4179.5198> <Mlp= 4179.5198> <PB=10000000> 
<DWph=1> <it=  5> <et=577.36> <Mt= 0.00> <Spt= 0.11> <nCl=  8> <al=0.00> <DB= 4179.5198> <Mlp= 4179.5198> <PB=10000000> 
    RCSP exact solver info for graph G_0 : TT = 0.054424, pt = 0.001897, dt = 0.049403, ct = 0.001345, ndl = 3877', bdl = 81309', odl = 6969', odf = 34619', bsi = 1443', cnt = 3940', bdch = 322861', odch = 59815', lcp = 66848', #sols = 150
<DWph=0> <it=  6> <et=577.44> <Mt= 0.00> <Spt= 0.08> <nCl= 59> <al=0.00> <DB= 4179.2937> <Mlp= 4179.5198> <PB=10000000> 
    RCSP exact solver info for graph G_0 : TT = 0.052992, pt = 0.001737, dt = 0.048346, ct = 0.001338, ndl = 3928', bdl = 79778', odl = 6847', odf = 34600', bsi = 1400', cnt = 3895', bdch = 317339', odch = 57539', lcp = 65963', #sols = 148
    RCSP exact solver info for graph G_0 : TT = 0.063502, pt = 0.001765, dt = 0.058997, ct = 0.001348, ndl = 3918', bdl = 79554', odl = 6971', odf = 35073', bsi = 1391', cnt = 3941', bdch = 320283', odch = 58276', lcp = 67495', #sols = 148
<DWph=0> <it=  7> <et=577.61> <Mt= 0.01> <Spt= 0.16> <nCl= 89> <al=0.00> <DB= 4179.5198> <Mlp= 4179.5198> <PB=10000000> 
RCSP solver dynamic params and stats :  bidir.bord. = 520.5 aver.obdmd = 9.53279 aver.buck.num. = 11.123 nbR1C = 39 with avMem = 27.0256
@@ 849 1 4179.52 0.0535923 0.060345 44.8065 577.61
    Full reduced cost fixing is not called (gap ratio is 0.999996)
ColGenEvalAlg final dual bound: 4179.52 (rounded: 4179.52)
False gap improvement since the last cut separation : 0.00022884 (4179.42)
Cut generation tailing off counter increased to 1
Current active cuts : CAP(13,278.436) R1C(5+34,207.722) 1rowPackR1C(5) 3rowPackR1C(19) 4rowPackR1C(11) 5rowPackR1C(4)
Building structures for heuristic rank-1 packing cut separation...done!
6 Rank-1 4-rows pack. cuts added ,  max viol. = 0.0260663, aver. viol. = 0.0260663
55 Rank-1 5-rows pack. cuts added ,  max viol. = 0.0260663, aver. viol. = 0.0260664
Shrinking heuristic shrunk 48 edges
----- Add fac. cuts : R1C(61), max.viol = 0.0260664, aver.viol = 0.0260664, sep/add took 0.481173/0.262043 sec. -----
45144 columns (7950 active), 521 dyn. constrs. (124 active), 763 art. vars. (366 active)
<DWph=2> <it=  1> <et=578.56> <Mt= 0.04> <Spt= 0.13> <nCl= 14> <al=0.00> <DB= 3767.1728> <Mlp= 4179.5450> <PB=10000000> 
<DWph=2> <it=  2> <et=578.68> <Mt= 0.01> <Spt= 0.11> <nCl=  9> <al=0.00> <DB= 3785.6915> <Mlp= 4179.5450> <PB=10000000> 
<DWph=2> <it=  3> <et=578.79> <Mt= 0.00> <Spt= 0.11> <nCl= 12> <al=0.00> <DB= 4179.5450> <Mlp= 4179.5450> <PB=10000000> 
<DWph=1> <it=  4> <et=578.85> <Mt= 0.00> <Spt= 0.06> <nCl= 15> <al=0.20> <DB= 3850.9984> <Mlp= 4179.5450> <PB=10000000> 
<DWph=1> <it=  5> <et=578.91> <Mt= 0.01> <Spt= 0.05> <nCl=  4> <al=0.28> <DB= 4167.5120> <Mlp= 4179.5376> <PB=10000000> 
<DWph=1> <it=  6> <et=578.98> <Mt= 0.00> <Spt= 0.06> <nCl= 18> <al=0.18> <DB= 4177.3729> <Mlp= 4179.5376> <PB=10000000> 
<DWph=1> <it=  7> <et=579.10> <Mt= 0.01> <Spt= 0.12> <nCl=  9> <al=0.00> <DB= 4179.5376> <Mlp= 4179.5376> <PB=10000000> 
    RCSP exact solver info for graph G_0 : TT = 0.053556, pt = 0.001789, dt = 0.048994, ct = 0.001448, ndl = 3811', bdl = 77888', odl = 7031', odf = 35096', bsi = 1376', cnt = 3187', bdch = 290310', odch = 58175', lcp = 59752', #sols = 150
<DWph=0> <it=  8> <et=579.18> <Mt= 0.00> <Spt= 0.08> <nCl= 88> <al=0.00> <DB= 4147.0518> <Mlp= 4179.5376> <PB=10000000> 
    RCSP exact solver info for graph G_0 : TT = 0.05427, pt = 0.001818, dt = 0.049888, ct = 0.001228, ndl = 3679', bdl = 80503', odl = 6947', odf = 34526', bsi = 1414', cnt = 3214', bdch = 298479', odch = 55228', lcp = 59036', #sols = 150
<DWph=0> <it=  9> <et=579.28> <Mt= 0.01> <Spt= 0.08> <nCl= 97> <al=0.00> <DB= 4173.9114> <Mlp= 4179.5231> <PB=10000000> 
    RCSP exact solver info for graph G_0 : TT = 0.051396, pt = 0.001857, dt = 0.046416, ct = 0.001435, ndl = 3683', bdl = 79823', odl = 7021', odf = 34638', bsi = 1476', cnt = 3302', bdch = 292849', odch = 55819', lcp = 58308', #sols = 150
<DWph=0> <it= 10> <et=579.36> <Mt= 0.00> <Spt= 0.08> <nCl= 90> <al=0.00> <DB= 4179.5231> <Mlp= 4179.5231> <PB=10000000> 
RCSP solver dynamic params and stats :  bidir.bord. = 530.5 aver.obdmd = 9.53279 aver.buck.num. = 11.123 nbR1C = 40 with avMem = 27.4
@@ 849 2 4179.52 0.049803 0.051116 48.7555 579.36
    Full reduced cost fixing is not called (gap ratio is 0.999996)
ColGenEvalAlg final dual bound: 4179.52 (rounded: 4179.52)
False gap improvement since the last cut separation : 7.94826e-06 (4179.52)
Cut generation tailing off counter increased to 2
Current active cuts : CAP(13,278.202) R1C(5+35,199.848) 1rowPackR1C(5) 3rowPackR1C(19) 4rowPackR1C(11) 5rowPackR1C(5)
Building structures for heuristic rank-1 packing cut separation...done!
Shrinking heuristic shrunk 50 edges
----- Add fac. cuts : sep. took 0.535662 sec.----- no cuts found  -----
Current active cuts : CAP(13,278.202) R1C(5+35,199.848) 1rowPackR1C(5) 3rowPackR1C(19) 4rowPackR1C(11) 5rowPackR1C(5)
SB exact phase 3 branch on var x[(55, 23)]_0_6558_0_OspV (lhs=0.495044) : [4181.5947, 4179.5231], tree depth = 1e+12, tree size = 1e+12, score = -1.102 (h)
SB with phases chosed candidate var x[(55, 23)]_0_6558_0_OspV (lhs=0.495044)
************************************************************************************************
**** BaB tree node (N° 19, parent N° 17, depth 9, treatOrderId 849)
**** Local DB = 4179.52, global bounds : [ 4179.3 , 1e+07 ], TIME = 0h9m39s98t = 57998
**** 10 open nodes, 45500 columns (8306 active), 428 dyn. constrs. (64 active), 670 art. vars. (306 active)
************************************************************************************************
**** Strong branching phase 1 is started *****
SB phase 1 cand.  1 branch on var x[(115, 13)]_0_13808_0_OspV (lhs=0.9694): [ 4179.6000,  4183.0284], score = 0.27 (h)  <et=580.24>
SB phase 1 cand.  2 branch on var x[(77, 91)]_0_9287_0_OspV (lhs=0.4949)  : [ 4179.6000,  4179.6092], score = 0.01      <et=580.3>
SB phase 1 cand.  3 branch on var x[(115, 70)]_0_13865_0_OspV (lhs=0.0306): [ 4179.6000,  4183.0284], score = 0.27 (h)  <et=580.54>
SB phase 1 cand.  4 branch on var x[(118, 4)]_0_14162_0_OspV (lhs=0.4883) : [ 4179.5863,  4179.6000], score = 0.00      <et=580.6>
SB phase 1 cand.  5 branch on var x[(34, 36)]_0_4029_0_OspV (lhs=0.9913)  : [ 4179.5281,  4199.8409], score = 0.10 (h)  <et=580.78>
SB phase 1 cand.  6 branch on var x[(0, 78)]_0_9317_0_OspV (lhs=0.6501)   : [ 4179.6000,  4179.8500], score = 0.03      <et=580.9>
SB phase 1 cand.  7 branch on var x[(93, 60)]_0_11193_0_OspV (lhs=0.9903) : [ 4179.5415,  4189.0429], score = 0.18 (h)  <et=581.19>
SB phase 1 cand.  8 branch on var x[(0, 19)]_0_2178_0_OspV (lhs=0.3436)   : [ 4179.6000,  4179.8500], score = 0.03      <et=581.35>
SB phase 1 cand.  9 branch on var x[(23, 95)]_0_2757_0_OspV (lhs=0.0175)  : [ 4179.5261,  4179.6648], score = 0.00 (h)  <et=581.5>
SB phase 1 cand. 10 branch on var x[(19, 78)]_0_2256_0_OspV (lhs=0.3116)  : [ 4179.6000,  4179.7299], score = 0.02      <et=581.72>
SB phase 1 cand. 11 branch on var x[(72, 22)]_0_8614_0_OspV (lhs=0.0231)  : [ 4179.5667,  4181.0000], score = 0.06 (h)  <et=581.97>
SB phase 1 cand. 12 branch on var x[(63, 0)]_0_7503_0_OspV (lhs=0.6976)   : [ 4179.6000,  4180.1603], score = 0.05      <et=582.16>
SB phase 1 cand. 13 branch on var x[(60, 97)]_0_7236_0_OspV (lhs=0.0078)  : [ 4179.5262,  4184.6067], score = 0.02 (h)  <et=582.32>
SB phase 1 cand. 14 branch on var x[(19, 0)]_0_2179_0_OspV (lhs=0.2641)   : [ 4179.5877,  4180.4108], score = 0.06      <et=582.56>
SB phase 1 cand. 15 branch on var x[(79, 69)]_0_9508_0_OspV (lhs=0.9961)  : [ 4179.5251,  4220.2000], score = 0.08 (h)  <et=582.73>
SB phase 1 cand. 16 branch on var x[(63, 19)]_0_7522_0_OspV (lhs=0.2641)  : [ 4179.6000,  4180.1767], score = 0.05      <et=582.93>
SB phase 1 cand. 17 branch on var x[(93, 80)]_0_11213_0_OspV (lhs=0.0048) : [ 4179.5240,  4200.9400], score = 0.02 (h)  <et=583.08>
SB phase 1 cand. 18 branch on var x[(0, 101)]_0_12100_0_OspV (lhs=0.1376) : [ 4179.5595,  4179.5895], score = 0.00      <et=583.27>
SB phase 1 cand. 19 branch on var x[(119, 80)]_0_14359_0_OspV (lhs=0.9952): [ 4179.5415,  4189.5355], score = 0.18 (h)  <et=583.49>
SB phase 1 cand. 20 branch on var x[(55, 101)]_0_6635_0_OspV (lhs=0.8624) : [ 4179.5595,  4179.5895], score = 0.00      <et=583.7>
SB phase 1 cand. 21 branch on var x[(66, 20)]_0_7886_0_OspV (lhs=0.9617)  : [ 4179.6000,  4183.5699], score = 0.31 (h)  <et=583.93>
SB phase 1 cand. 22 branch on var x[(0, 26)]_0_3025_0_OspV (lhs=0.9010)   : [ 4179.5243,  4179.5416], score = 0.00      <et=584.06>
SB phase 1 cand. 23 branch on var x[(59, 6)]_0_7025_0_OspV (lhs=0.9635)   : [ 4179.6000,  4182.7473], score = 0.25 (h)  <et=584.27>
SB phase 1 cand. 24 branch on var x[(35, 0)]_0_4115_0_OspV (lhs=0.0805)   : [ 4179.6000,  4180.9179], score = 0.11      <et=584.55>
SB phase 1 cand. 25 branch on var x[(9, 59)]_0_1027_0_OspV (lhs=0.9635)   : [ 4179.6000,  4182.7473], score = 0.25 (h)  <et=584.76>
SB phase 1 cand. 26 branch on var x[(55, 26)]_0_6561_0_OspV (lhs=0.0777)  : [ 4179.5373,  4179.6243], score = 0.00      <et=584.9>
SB phase 1 cand. 27 branch on var x[(51, 61)]_0_6111_0_OspV (lhs=0.9588)  : [ 4179.6000,  4182.4023], score = 0.22 (h)  <et=585.11>
SB phase 1 cand. 28 branch on var x[(0, 95)]_0_11374_0_OspV (lhs=0.9226)  : [ 4179.5295,  4179.6202], score = 0.00      <et=585.26>
SB phase 1 cand. 29 branch on var x[(32, 39)]_0_3790_0_OspV (lhs=0.9519)  : [ 4179.6000,  4182.0802], score = 0.20 (h)  <et=585.46>
SB phase 1 cand. 30 branch on var x[(55, 95)]_0_6629_0_OspV (lhs=0.0599)  : [ 4179.5273,  4180.3747], score = 0.00      <et=585.64>
SB phase 1 cand. 31 branch on var x[(2, 32)]_0_153_0_OspV (lhs=0.9554)    : [ 4179.6000,  4182.3697], score = 0.22 (h)  <et=585.85>
SB phase 1 cand. 32 branch on var x[(72, 0)]_0_8592_0_OspV (lhs=0.9520)   : [ 4179.6000,  4179.9901], score = 0.04      <et=586.08>
SB phase 1 cand. 33 branch on var x[(91, 4)]_0_10895_0_OspV (lhs=0.5000)  : [ 4179.6000,  4180.0356], score = 0.04 (h)  <et=586.18>
SB phase 1 cand. 34 branch on var x[(0, 75)]_0_8954_0_OspV (lhs=0.0463)   : [ 4179.5448,  4179.9056], score = 0.01      <et=586.35>
SB phase 1 cand. 35 branch on var x[(118, 91)]_0_14249_0_OspV (lhs=0.5000): [ 4179.6000,  4180.0356], score = 0.04 (h)  <et=586.45>
SB phase 1 cand. 36 branch on var x[(82, 75)]_0_9877_0_OspV (lhs=0.9537)  : [ 4179.5630,  4179.9056], score = 0.02      <et=586.63>
SB phase 1 cand. 37 branch on var x[(77, 96)]_0_9292_0_OspV (lhs=0.4943)  : [ 4179.6000,  4180.0256], score = 0.04 (h)  <et=586.8>
SB phase 1 cand. 38 branch on var x[(0, 109)]_0_13068_0_OspV (lhs=0.9607) : [ 4179.5601,  4179.9200], score = 0.01      <et=586.93>
SB phase 1 cand. 39 branch on var x[(91, 96)]_0_10986_0_OspV (lhs=0.5000) : [ 4179.6000,  4179.7586], score = 0.02 (h)  <et=587.01>
SB phase 1 cand. 40 branch on var x[(26, 1)]_0_3027_0_OspV (lhs=0.9612)   : [ 4179.5294,  4179.6433], score = 0.00      <et=587.25>
SB phase 1 cand. 41 branch on var x[(35, 19)]_0_4134_0_OspV (lhs=0.3923)  : [ 4179.6000,  4180.3977], score = 0.07 (h)  <et=587.43>
SB phase 1 cand. 42 branch on var x[(96, 22)]_0_11518_0_OspV (lhs=0.9615) : [ 4179.5863,  4180.1588], score = 0.04      <et=587.63>
SB phase 1 cand. 43 branch on var x[(19, 81)]_0_2259_0_OspV (lhs=0.3923)  : [ 4179.6000,  4180.2760], score = 0.06 (h)  <et=587.76>
SB phase 1 cand. 44 branch on var x[(96, 81)]_0_11577_0_OspV (lhs=0.0385) : [ 4179.5698,  4181.0000], score = 0.07      <et=587.96>
SB phase 1 cand. 45 branch on var x[(78, 20)]_0_9338_0_OspV (lhs=0.0383)  : [ 4179.5402,  4183.5699], score = 0.07 (h)  <et=588.22>
SB phase 1 cand. 46 branch on var x[(63, 81)]_0_7583_0_OspV (lhs=0.0383)  : [ 4179.5250,  4183.6167], score = 0.01      <et=588.44>
SB phase 1 cand. 47 branch on var x[(35, 81)]_0_4195_0_OspV (lhs=0.5272)  : [ 4179.6000,  4179.8209], score = 0.02 (h)  <et=588.53>
SB phase 1 cand. 48 branch on var x[(19, 56)]_0_2234_0_OspV (lhs=0.0321)  : [ 4179.5246,  4183.3443], score = 0.01      <et=588.69>
SB phase 1 cand. 49 branch on var x[(78, 56)]_0_9374_0_OspV (lhs=0.9617)  : [ 4179.5402,  4182.9560], score = 0.06 (h)  <et=588.9>
SB phase 1 cand. 50 branch on var x[(33, 46)]_0_3918_0_OspV (lhs=0.9691)  : [ 4179.6000,  4181.8839], score = 0.18      <et=589.13>
**** Strong branching phase 2 is started *****
<DWph=1> <it= 12> <et=590.18> <Mt= 0.08> <Spt= 0.97> <nCl=150> <al=0.00> <DB= 4183.3402> <Mlp= 4183.3402> <PB=10000000> 
In total 4 RCC cut(s) are found by the connected components heuristic 
Shrinking heuristic shrunk 111 edges
In total 1 RCC cut(s) are found by the Fractional capacity min-cut heuristic 
----- Add core cuts : CAP(5), max.viol = 1, aver.viol = 1, sep/add took 0.0067814/0.0802362 sec. -----
<DWph=1> <it= 13> <et=591.83> <Mt= 0.23> <Spt= 1.05> <nCl=194> <al=0.00> <DB= 4179.5809> <Mlp= 4179.5809> <PB=10000000> 
SB phase 2 cand.  1 branch on var x[(66, 20)]_0_7886_0_OspV (lhs=0.9617)  : [ 4179.5809,  4183.3402], score = 0.22 (h)  <et=591.88>
<DWph=1> <it= 11> <et=592.97> <Mt= 0.08> <Spt= 0.86> <nCl=103> <al=0.00> <DB= 4181.9238> <Mlp= 4181.9238> <PB=10000000> 
In total 4 RCC cut(s) are found by the connected components heuristic 
Shrinking heuristic shrunk 111 edges
In total 1 RCC cut(s) are found by the Fractional capacity min-cut heuristic 
----- Add core cuts : CAP(5), max.viol = 1, aver.viol = 1, sep/add took 0.00531526/0.0806565 sec. -----
<DWph=1> <it= 25> <et=595.29> <Mt= 0.16> <Spt= 1.88> <nCl=344> <al=0.00> <DB= 4136.4739> <Mlp= 4179.5948> <PB=10000000> 
<DWph=1> <it= 25> <et=595.29> <Mt= 0.00> <Spt= 0.00> <nCl=  0> <al=0.00> <DB= 4136.4739> <Mlp= 4179.5948> <PB=10000000> 
SB phase 2 cand.  2 branch on var x[(115, 13)]_0_13808_0_OspV (lhs=0.9694): [ 4179.5948,  4181.9238], score = 0.17 (h)  <et=595.33>
<DWph=1> <it= 14> <et=596.54> <Mt= 0.10> <Spt= 0.96> <nCl=163> <al=0.00> <DB= 4181.9238> <Mlp= 4181.9238> <PB=10000000> 
In total 4 RCC cut(s) are found by the connected components heuristic 
Shrinking heuristic shrunk 111 edges
In total 1 RCC cut(s) are found by the Fractional capacity min-cut heuristic 
----- Add core cuts : CAP(5), max.viol = 1, aver.viol = 1, sep/add took 0.00526964/0.0748886 sec. -----
<DWph=1> <it= 30> <et=599.12> <Mt= 0.26> <Spt= 2.05> <nCl=287> <al=0.00> <DB= 4179.5923> <Mlp= 4179.5923> <PB=10000000> 
SB phase 2 cand.  3 branch on var x[(115, 70)]_0_13865_0_OspV (lhs=0.0306): [ 4179.5923,  4181.9238], score = 0.17 (h)  <et=599.17>
**** Strong branching phase 3 is started *****
**** SB phase 3 evaluation of candidate 1, branch 1 ( x[(66, 20)]_0_7886_0_OspV <= 0 ), value = 4183.34
<DWph=2> <it=  1> <et=599.40> <Mt= 0.00> <Spt= 0.07> <nCl=  3> <al=0.50> <DB= 4177.3402> <Mlp= 4183.3402> <PB=10000000> 
<DWph=2> <it=  2> <et=599.46> <Mt= 0.00> <Spt= 0.06> <nCl=  4> <al=0.50> <DB= 4177.3402> <Mlp= 4183.3402> <PB=10000000> 
<DWph=2> <it=  3> <et=599.58> <Mt= 0.01> <Spt= 0.11> <nCl=  9> <al=0.00> <DB= 4183.3388> <Mlp= 4183.3388> <PB=10000000> 
<DWph=1> <it=  4> <et=599.70> <Mt= 0.00> <Spt= 0.12> <nCl= 30> <al=0.00> <DB= 4183.3388> <Mlp= 4183.3388> <PB=10000000> 
    RCSP exact solver info for graph G_0 : TT = 0.050484, pt = 0.001557, dt = 0.046534, ct = 0.001158, ndl = 3494', bdl = 71475', odl = 7186', odf = 35155', bsi = 1388', cnt = 3060', bdch = 278560', odch = 57059', lcp = 58888', #sols = 150
<DWph=0> <it=  5> <et=599.78> <Mt= 0.00> <Spt= 0.07> <nCl=120> <al=0.20> <DB= 3826.4226> <Mlp= 4183.3388> <PB=10000000> 
    RCSP exact solver info for graph G_0 : TT = 0.052903, pt = 0.00188, dt = 0.048253, ct = 0.00128, ndl = 3549', bdl = 72883', odl = 6964', odf = 34093', bsi = 1424', cnt = 2848', bdch = 279851', odch = 56924', lcp = 58172', #sols = 150
<DWph=0> <it=  6> <et=599.87> <Mt= 0.02> <Spt= 0.08> <nCl= 36> <al=0.28> <DB= 3757.8355> <Mlp= 4183.0331> <PB=10000000> 
    RCSP exact solver info for graph G_0 : TT = 0.04851, pt = 0.001563, dt = 0.044351, ct = 0.001196, ndl = 3609', bdl = 75168', odl = 7076', odf = 34679', bsi = 1348', cnt = 2739', bdch = 290752', odch = 58195', lcp = 60326', #sols = 146
<DWph=0> <it=  7> <et=599.94> <Mt= 0.01> <Spt= 0.06> <nCl= 23> <al=0.35> <DB= 4057.5062> <Mlp= 4183.0331> <PB=10000000> 
    RCSP exact solver info for graph G_0 : TT = 0.049987, pt = 0.00193, dt = 0.045547, ct = 0.001176, ndl = 3452', bdl = 71594', odl = 6886', odf = 33632', bsi = 1391', cnt = 2707', bdch = 271924', odch = 55036', lcp = 56506', #sols = 150
<DWph=0> <it=  8> <et=600.01> <Mt= 0.00> <Spt= 0.07> <nCl=  4> <al=0.25> <DB= 4131.9865> <Mlp= 4183.0331> <PB=10000000> 
    RCSP exact solver info for graph G_0 : TT = 0.047667, pt = 0.001579, dt = 0.043795, ct = 0.001052, ndl = 3529', bdl = 72434', odl = 7054', odf = 34319', bsi = 1405', cnt = 2890', bdch = 281389', odch = 55882', lcp = 58928', #sols = 150
<DWph=0> <it=  9> <et=600.09> <Mt= 0.01> <Spt= 0.07> <nCl= 29> <al=0.15> <DB= 4175.2365> <Mlp= 4182.9889> <PB=10000000> 
    RCSP exact solver info for graph G_0 : TT = 0.055071, pt = 0.001786, dt = 0.050607, ct = 0.001218, ndl = 3640', bdl = 76866', odl = 7188', odf = 35211', bsi = 1381', cnt = 2760', bdch = 296175', odch = 58703', lcp = 61343', #sols = 150
<DWph=0> <it= 10> <et=600.16> <Mt= 0.00> <Spt= 0.07> <nCl= 20> <al=0.05> <DB= 4181.9904> <Mlp= 4182.9877> <PB=10000000> 
    RCSP exact solver info for graph G_0 : TT = 0.049405, pt = 0.00165, dt = 0.045331, ct = 0.001169, ndl = 3641', bdl = 76787', odl = 7232', odf = 35351', bsi = 1391', cnt = 2884', bdch = 299899', odch = 58848', lcp = 62835', #sols = 150
    RCSP exact solver info for graph G_0 : TT = 0.050526, pt = 0.001708, dt = 0.045892, ct = 0.001247, ndl = 3635', bdl = 72802', odl = 7111', odf = 34720', bsi = 1414', cnt = 3193', bdch = 297293', odch = 61095', lcp = 65121', #sols = 150
<DWph=0> <it= 11> <et=600.30> <Mt= 0.01> <Spt= 0.13> <nCl= 32> <al=0.00> <DB= 4182.9877> <Mlp= 4182.9877> <PB=10000000> 
RCSP solver dynamic params and stats :  bidir.bord. = 504 aver.obdmd = 9.53279 aver.buck.num. = 11.123 nbR1C = 37 with avMem = 26.7027
@@ 956 0 4182.99 0.0474758 0.051825 44.8065 600.3
    Full reduced cost fixing is not called (gap ratio is 0.999995)
ColGenEvalAlg final dual bound: 4182.99 (rounded: 4182.99)
Current active cuts : CAP(8,210.397) R1C(5+32,193.934) 1rowPackR1C(5) 3rowPackR1C(19) 4rowPackR1C(9) 5rowPackR1C(4)
3 Rank-1 1-rows pack. cuts added ,  max viol. = 0.0701754, aver. viol. = 0.0584795
150 Rank-1 3-rows pack. cuts added ,  max viol. = 0.31579, aver. viol. = 0.240117
Shrinking heuristic shrunk 58 edges
In total 1 RCC cut(s) are found by the greedy construction heuristic 
In total 1 RCC cut(s) are found by the global pool greedy search heuristic 
----- Add fac. cuts : CAP(2) R1C(153), max.viol = 0.315789, aver.viol = 0.233843, sep/add took 0.0484239/0.857446 sec. -----
46155 columns (8766 active), 581 dyn. constrs. (210 active), 837 art. vars. (452 active)
<DWph=2> <it=  1> <et=601.55> <Mt= 0.16> <Spt= 0.13> <nCl=  8> <al=0.00> <DB= 4169.7960> <Mlp= 4184.7811> <PB=10000000> 
<DWph=2> <it=  2> <et=601.67> <Mt= 0.00> <Spt= 0.12> <nCl=  5> <al=0.00> <DB= 4169.7960> <Mlp= 4184.7811> <PB=10000000> 
<DWph=2> <it=  3> <et=601.79> <Mt= 0.00> <Spt= 0.11> <nCl= 11> <al=0.00> <DB= 4184.7809> <Mlp= 4184.7809> <PB=10000000> 
<DWph=1> <it=  4> <et=601.87> <Mt= 0.01> <Spt= 0.07> <nCl= 30> <al=0.20> <DB= 3033.8011> <Mlp= 4184.7809> <PB=10000000> 
<DWph=1> <it=  5> <et=601.95> <Mt= 0.01> <Spt= 0.07> <nCl= 30> <al=0.28> <DB= 3519.7147> <Mlp= 4184.7807> <PB=10000000> 
<DWph=1> <it=  6> <et=602.02> <Mt= 0.01> <Spt= 0.06> <nCl= 15> <al=0.35> <DB= 4065.2641> <Mlp= 4184.7669> <PB=10000000> 
<DWph=1> <it=  7> <et=602.08> <Mt= 0.00> <Spt= 0.06> <nCl=  5> <al=0.25> <DB= 3624.6875> <Mlp= 4184.7669> <PB=10000000> 
<DWph=1> <it=  8> <et=602.16> <Mt= 0.01> <Spt= 0.07> <nCl= 29> <al=0.33> <DB= 3226.4368> <Mlp= 4184.7461> <PB=10000000> 
<DWph=1> <it=  9> <et=602.31> <Mt= 0.08> <Spt= 0.07> <nCl= 24> <al=0.23> <DB= 4166.4457> <Mlp= 4184.4700> <PB=10000000> 
<DWph=1> <it= 10> <et=602.43> <Mt= 0.04> <Spt= 0.07> <nCl= 23> <al=0.30> <DB= 4178.9874> <Mlp= 4184.4684> <PB=10000000> 
<DWph=1> <it= 11> <et=602.49> <Mt= 0.01> <Spt= 0.06> <nCl= 14> <al=0.20> <DB= 4183.3496> <Mlp= 4184.4684> <PB=10000000> 
<DWph=1> <it= 12> <et=602.62> <Mt= 0.00> <Spt= 0.12> <nCl= 23> <al=0.00> <DB= 4184.4684> <Mlp= 4184.4684> <PB=10000000> 
    RCSP exact solver info for graph G_0 : TT = 0.054495, pt = 0.002216, dt = 0.04976, ct = 0.001271, ndl = 3720', bdl = 81385', odl = 7057', odf = 34488', bsi = 1392', cnt = 2934', bdch = 312125', odch = 58931', lcp = 63066', #sols = 150
<DWph=0> <it= 13> <et=602.73> <Mt= 0.01> <Spt= 0.11> <nCl=130> <al=0.00> <DB= 3655.1236> <Mlp= 4184.4684> <PB=10000000> 
    RCSP exact solver info for graph G_0 : TT = 0.05105, pt = 0.001861, dt = 0.046485, ct = 0.001447, ndl = 3257', bdl = 66375', odl = 6524', odf = 33025', bsi = 1350', cnt = 2722', bdch = 242730', odch = 47597', lcp = 48544', #sols = 150
<DWph=0> <it= 14> <et=602.88> <Mt= 0.06> <Spt= 0.09> <nCl=126> <al=0.00> <DB= 4166.7056> <Mlp= 4184.3956> <PB=10000000> 
    RCSP exact solver info for graph G_0 : TT = 0.04905, pt = 0.00193, dt = 0.044703, ct = 0.001177, ndl = 3995', bdl = 78638', odl = 7536', odf = 37803', bsi = 1461', cnt = 4873', bdch = 366700', odch = 75710', lcp = 82436', #sols = 150
<DWph=0> <it= 15> <et=603.10> <Mt= 0.10> <Spt= 0.12> <nCl=115> <al=0.01> <DB= 3947.4198> <Mlp= 4183.8929> <PB=10000000> 
    RCSP exact solver info for graph G_0 : TT = 0.048756, pt = 0.00202, dt = 0.044516, ct = 0.001107, ndl = 3629', bdl = 77314', odl = 7082', odf = 35123', bsi = 1465', cnt = 3287', bdch = 304326', odch = 60503', lcp = 64563', #sols = 150
<DWph=0> <it= 16> <et=603.26> <Mt= 0.06> <Spt= 0.10> <nCl= 51> <al=0.11> <DB= 4180.8611> <Mlp= 4183.8000> <PB=10000000> 
    RCSP exact solver info for graph G_0 : TT = 0.048421, pt = 0.00206, dt = 0.044094, ct = 0.001141, ndl = 3653', bdl = 75893', odl = 7154', odf = 35353', bsi = 1509', cnt = 3754', bdch = 306897', odch = 61079', lcp = 65481', #sols = 150
<DWph=0> <it= 17> <et=603.48> <Mt= 0.14> <Spt= 0.07> <nCl= 80> <al=0.20> <DB= 4176.2504> <Mlp= 4183.7783> <PB=10000000> 
    RCSP exact solver info for graph G_0 : TT = 0.048787, pt = 0.001996, dt = 0.044027, ct = 0.001435, ndl = 3636', bdl = 74891', odl = 7213', odf = 35714', bsi = 1460', cnt = 3450', bdch = 301874', odch = 61042', lcp = 65092', #sols = 150
    RCSP exact solver info for graph G_0 : TT = 0.0527, pt = 0.001566, dt = 0.048267, ct = 0.001601, ndl = 4058', bdl = 78311', odl = 7726', odf = 38459', bsi = 1488', cnt = 4478', bdch = 346692', odch = 72750', lcp = 77578', #sols = 150
<DWph=0> <it= 18> <et=603.65> <Mt= 0.01> <Spt= 0.16> <nCl= 96> <al=0.00> <DB= 4182.2000> <Mlp= 4183.7750> <PB=10000000> 
    RCSP exact solver info for graph G_0 : TT = 0.049818, pt = 0.002273, dt = 0.04524, ct = 0.001128, ndl = 3587', bdl = 74948', odl = 7303', odf = 35827', bsi = 1477', cnt = 3518', bdch = 300003', odch = 60805', lcp = 64966', #sols = 150
    RCSP exact solver info for graph G_0 : TT = 0.055542, pt = 0.002349, dt = 0.050334, ct = 0.001271, ndl = 3764', bdl = 72217', odl = 7297', odf = 36233', bsi = 1437', cnt = 4002', bdch = 298899', odch = 63184', lcp = 68226', #sols = 150
<DWph=0> <it= 19> <et=603.80> <Mt= 0.00> <Spt= 0.15> <nCl= 41> <al=0.00> <DB= 4183.7750> <Mlp= 4183.7750> <PB=10000000> 
RCSP solver dynamic params and stats :  bidir.bord. = 500.6 aver.obdmd = 9.53279 aver.buck.num. = 11.123 nbR1C = 40 with avMem = 26.55
@@ 956 1 4183.77 0.0476671 0.051605 48.7555 603.8
    Full reduced cost fixing is not called (gap ratio is 0.999995)
ColGenEvalAlg final dual bound: 4183.77 (rounded: 4183.77)
False gap improvement since the last cut separation : 0.0018821 (4182.99)
Separator R1C not in maximum phase
Cut generation tailing off counter increased to 0
Current active cuts : CAP(10,221.608) R1C(6+34,190.042) 1rowPackR1C(6) 3rowPackR1C(23) 4rowPackR1C(8) 5rowPackR1C(3)
2 Rank-1 1-rows pack. cuts added ,  max viol. = 0.0416667, aver. viol. = 0.0416667
150 Rank-1 3-rows pack. cuts added ,  max viol. = 0.166667, aver. viol. = 0.0688889
Building structures for heuristic rank-1 packing cut separation...done!
19 Rank-1 4-rows pack. cuts added ,  max viol. = 0.166667, aver. viol. = 0.105263
100 Rank-1 5-rows pack. cuts added ,  max viol. = 0.166667, aver. viol. = 0.09375
Shrinking heuristic shrunk 88 edges
In total 8 RCC cut(s) are found by the Fractional capacity min-cut heuristic 
In total 80 RCC cut(s) are found by the global pool greedy search heuristic 
----- Add fac. cuts : CAP(88) R1C(271), max.viol = 0.916667, aver.viol = 0.124768, sep/add took 0.266656/5.09651 sec. -----
47011 columns (9622 active), 940 dyn. constrs. (421 active), 1196 art. vars. (663 active)
<DWph=2> <it=  1> <et=609.64> <Mt= 0.36> <Spt= 0.08> <nCl= 30> <al=0.50> <DB=-720000510.2169> <Mlp= 4183.8445> <PB=10000000> 
<DWph=2> <it=  2> <et=609.85> <Mt= 0.12> <Spt= 0.08> <nCl= 30> <al=0.55> <DB=   -6.8527> <Mlp= 4183.8445> <PB=10000000> 
<DWph=2> <it=  3> <et=609.97> <Mt= 0.04> <Spt= 0.08> <nCl= 12> <al=0.60> <DB= 4178.6403> <Mlp= 4183.8445> <PB=10000000> 
<DWph=2> <it=  4> <et=610.13> <Mt= 0.02> <Spt= 0.15> <nCl= 18> <al=0.27> <DB= 3729.8010> <Mlp= 4183.8445> <PB=10000000> 
<DWph=2> <it=  5> <et=610.29> <Mt= 0.02> <Spt= 0.13> <nCl=  9> <al=0.07> <DB= 4138.6268> <Mlp= 4183.8445> <PB=10000000> 
<DWph=2> <it=  6> <et=610.46> <Mt= 0.01> <Spt= 0.16> <nCl= 26> <al=0.00> <DB= 4183.8445> <Mlp= 4183.8445> <PB=10000000> 
<DWph=1> <it=  7> <et=610.55> <Mt= 0.01> <Spt= 0.08> <nCl= 14> <al=0.34> <DB= 3651.0054> <Mlp= 4183.8445> <PB=10000000> 
<DWph=1> <it=  8> <et=610.72> <Mt= 0.02> <Spt= 0.15> <nCl=  8> <al=0.00> <DB= 4182.9445> <Mlp= 4183.8445> <PB=10000000> 
<DWph=1> <it=  9> <et=610.89> <Mt= 0.01> <Spt= 0.16> <nCl=  4> <al=0.00> <DB= 4183.8445> <Mlp= 4183.8445> <PB=10000000> 
    RCSP exact solver info for graph G_0 : TT = 0.05238, pt = 0.001735, dt = 0.047813, ct = 0.001345, ndl = 4003', bdl = 77924', odl = 7613', odf = 38623', bsi = 1524', cnt = 3955', bdch = 331065', odch = 68388', lcp = 76577', #sols = 150
<DWph=0> <it= 10> <et=611.01> <Mt= 0.01> <Spt= 0.11> <nCl= 83> <al=0.20> <DB= 2445.1997> <Mlp= 4183.8445> <PB=10000000> 
    RCSP exact solver info for graph G_0 : TT = 0.059165, pt = 0.002782, dt = 0.053504, ct = 0.001493, ndl = 3964', bdl = 79273', odl = 7599', odf = 38369', bsi = 1479', cnt = 3890', bdch = 329748', odch = 66948', lcp = 75668', #sols = 150
    RCSP exact solver info for graph G_0 : TT = 0.055069, pt = 0.001741, dt = 0.050466, ct = 0.00145, ndl = 3961', bdl = 79589', odl = 7601', odf = 38091', bsi = 1457', cnt = 3771', bdch = 332976', odch = 66001', lcp = 74351', #sols = 150
<DWph=0> <it= 11> <et=611.27> <Mt= 0.02> <Spt= 0.23> <nCl=124> <al=0.00> <DB= 4183.8423> <Mlp= 4183.8423> <PB=10000000> 
RCSP solver dynamic params and stats :  bidir.bord. = 500.6 aver.obdmd = 9.53279 aver.buck.num. = 11.123 nbR1C = 45 with avMem = 27.0222
@@ 956 2 4183.84 0.0520237 0.054997 48.7555 611.27
    Full reduced cost fixing is not called (gap ratio is 0.999995)
ColGenEvalAlg final dual bound: 4183.84 (rounded: 4183.84)
False gap improvement since the last cut separation : 0.000160786 (4183.77)
Cut generation tailing off counter increased to 1
Current active cuts : CAP(11,229.233) R1C(6+39,208.378) 1rowPackR1C(6) 3rowPackR1C(27) 4rowPackR1C(9) 5rowPackR1C(3)
3 Rank-1 1-rows pack. cuts added ,  max viol. = 0.0698254, aver. viol. = 0.0539182
150 Rank-1 3-rows pack. cuts added ,  max viol. = 0.106212, aver. viol. = 0.0484962
Building structures for heuristic rank-1 packing cut separation...done!
91 Rank-1 4-rows pack. cuts added ,  max viol. = 0.0792337, aver. viol. = 0.0375214
100 Rank-1 5-rows pack. cuts added ,  max viol. = 0.0964634, aver. viol. = 0.0671385
Shrinking heuristic shrunk 46 edges
In total 1 RCC cut(s) are found by the Fractional capacity min-cut heuristic 
In total 2 RCC cut(s) are found by the greedy construction heuristic 
In total 1 RCC cut(s) are found by the global pool greedy search heuristic 
----- Add fac. cuts : CAP(4) R1C(344), max.viol = 0.23124, aver.viol = 0.0588022, sep/add took 0.548045/2.71441 sec. -----
47369 columns (9980 active), 1145 dyn. constrs. (423 active), 1544 art. vars. (665 active)
<DWph=2> <it=  1> <et=615.26> <Mt= 0.57> <Spt= 0.09> <nCl= 14> <al=0.50> <DB= 4183.5883> <Mlp= 4184.1793> <PB=10000000> 
<DWph=2> <it=  2> <et=615.43> <Mt= 0.02> <Spt= 0.15> <nCl= 13> <al=0.10> <DB= 4183.2851> <Mlp= 4184.1775> <PB=10000000> 
<DWph=2> <it=  3> <et=615.67> <Mt= 0.01> <Spt= 0.17> <nCl= 13> <al=0.00> <DB= 4181.3650> <Mlp= 4184.1766> <PB=10000000> 
<DWph=2> <it=  4> <et=615.84> <Mt= 0.01> <Spt= 0.15> <nCl= 11> <al=0.00> <DB= 4182.0199> <Mlp= 4184.1760> <PB=10000000> 
<DWph=2> <it=  5> <et=616.01> <Mt= 0.01> <Spt= 0.16> <nCl=  4> <al=0.00> <DB= 4184.1760> <Mlp= 4184.1760> <PB=10000000> 
<DWph=1> <it=  6> <et=616.12> <Mt= 0.00> <Spt= 0.11> <nCl= 17> <al=0.15> <DB= 4096.1018> <Mlp= 4184.1760> <PB=10000000> 
<DWph=1> <it=  7> <et=616.21> <Mt= 0.01> <Spt= 0.08> <nCl=  6> <al=0.05> <DB= 4172.1140> <Mlp= 4184.1748> <PB=10000000> 
<DWph=1> <it=  8> <et=616.38> <Mt= 0.00> <Spt= 0.16> <nCl=  9> <al=0.00> <DB= 4184.1748> <Mlp= 4184.1748> <PB=10000000> 
    RCSP exact solver info for graph G_0 : TT = 0.055171, pt = 0.002789, dt = 0.048543, ct = 0.001914, ndl = 4715', bdl = 101312', odl = 8032', odf = 41002', bsi = 1536', cnt = 5257', bdch = 435299', odch = 86380', lcp = 91845', #sols = 150
<DWph=0> <it=  9> <et=616.54> <Mt= 0.01> <Spt= 0.16> <nCl=150> <al=0.05> <DB= 3978.5933> <Mlp= 4184.1748> <PB=10000000> 
    RCSP exact solver info for graph G_0 : TT = 0.057777, pt = 0.003309, dt = 0.05153, ct = 0.001265, ndl = 4182', bdl = 88729', odl = 7816', odf = 39208', bsi = 1514', cnt = 4390', bdch = 370829', odch = 75650', lcp = 79311', #sols = 150
<DWph=0> <it= 10> <et=617.01> <Mt= 0.31> <Spt= 0.15> <nCl=127> <al=0.00> <DB= 4180.9000> <Mlp= 4183.9000> <PB=10000000> 
    RCSP exact solver info for graph G_0 : TT = 0.056679, pt = 0.003044, dt = 0.050688, ct = 0.001238, ndl = 4299', bdl = 93597', odl = 7906', odf = 39868', bsi = 1567', cnt = 4118', bdch = 388865', odch = 76623', lcp = 81052', #sols = 150
<DWph=0> <it= 11> <et=617.55> <Mt= 0.38> <Spt= 0.17> <nCl=103> <al=0.00> <DB= 3983.3250> <Mlp= 4183.9000> <PB=10000000> 
    RCSP exact solver info for graph G_0 : TT = 0.05439, pt = 0.003164, dt = 0.048378, ct = 0.001361, ndl = 4374', bdl = 94249', odl = 7749', odf = 38979', bsi = 1634', cnt = 5460', bdch = 395942', odch = 79129', lcp = 82462', #sols = 150
<DWph=0> <it= 12> <et=618.04> <Mt= 0.34> <Spt= 0.15> <nCl=116> <al=0.00> <DB= 4182.9124> <Mlp= 4183.9000> <PB=10000000> 
    RCSP exact solver info for graph G_0 : TT = 0.054858, pt = 0.003346, dt = 0.048053, ct = 0.001735, ndl = 4295', bdl = 95806', odl = 7608', odf = 38526', bsi = 1432', cnt = 4583', bdch = 387173', odch = 75013', lcp = 79519', #sols = 150
<DWph=0> <it= 13> <et=618.22> <Mt= 0.05> <Spt= 0.13> <nCl= 93> <al=0.06> <DB= 4183.7054> <Mlp= 4183.9000> <PB=10000000> 
    RCSP exact solver info for graph G_0 : TT = 0.056552, pt = 0.00357, dt = 0.049741, ct = 0.001486, ndl = 4252', bdl = 93538', odl = 7339', odf = 37431', bsi = 1622', cnt = 4705', bdch = 372261', odch = 70753', lcp = 73510', #sols = 150
    RCSP exact solver info for graph G_0 : TT = 0.050028, pt = 0.002967, dt = 0.044003, ct = 0.00137, ndl = 4373', bdl = 92444', odl = 7604', odf = 38560', bsi = 1504', cnt = 4903', bdch = 388397', odch = 75844', lcp = 81274', #sols = 150
<DWph=0> <it= 14> <et=618.59> <Mt= 0.10> <Spt= 0.26> <nCl=165> <al=0.00> <DB= 4183.9000> <Mlp= 4183.9000> <PB=10000000> 
RCSP solver dynamic params and stats :  bidir.bord. = 511.6 aver.obdmd = 9.53279 aver.buck.num. = 11.123 nbR1C = 63 with avMem = 32.8889
@@ 956 3 4183.9 0.0501864 0.052795 48.7555 618.59
    Full reduced cost fixing is not called (gap ratio is 0.999995)
ColGenEvalAlg final dual bound: 4183.9 (rounded: 4183.9)
False gap improvement since the last cut separation : 0.000137985 (4183.84)
Cut generation tailing off counter increased to 2
Current active cuts : CAP(11,240.073) R1C(6+57,204.192) 1rowPackR1C(6) 3rowPackR1C(39) 4rowPackR1C(14) 5rowPackR1C(4)
Building structures for heuristic rank-1 packing cut separation...done!
In total 3 RCC cut(s) are found by the connected components heuristic 
Shrinking heuristic shrunk 106 edges
In total 2 RCC cut(s) are found by the Fractional capacity min-cut heuristic 
In total 3 RCC cut(s) are found by the global pool greedy search heuristic 
----- Add fac. cuts : CAP(8), max.viol = 1, aver.viol = 0.75, sep/add took 0.162128/0.194504 sec. -----
47313 columns (7418 active), 807 dyn. constrs. (160 active), 1552 art. vars. (402 active)
<DWph=2> <it=  1> <et=619.65> <Mt= 0.29> <Spt= 0.13> <nCl= 14> <al=0.00> <DB= 4184.0500> <Mlp= 4184.0500> <PB=10000000> 
<DWph=1> <it=  2> <et=619.80> <Mt= 0.00> <Spt= 0.14> <nCl= 29> <al=0.00> <DB= 4184.0500> <Mlp= 4184.0500> <PB=10000000> 
    RCSP exact solver info for graph G_0 : TT = 0.050154, pt = 0.002634, dt = 0.044415, ct = 0.001384, ndl = 4027', bdl = 85432', odl = 7307', odf = 37056', bsi = 1485', cnt = 3838', bdch = 343389', odch = 67184', lcp = 72147', #sols = 150
    RCSP exact solver info for graph G_0 : TT = 0.050166, pt = 0.00258, dt = 0.04428, ct = 0.001574, ndl = 4046', bdl = 87168', odl = 7226', odf = 36474', bsi = 1475', cnt = 3698', bdch = 343428', odch = 66609', lcp = 71609', #sols = 150
<DWph=0> <it=  3> <et=619.97> <Mt= 0.00> <Spt= 0.16> <nCl=158> <al=0.00> <DB= 4184.0500> <Mlp= 4184.0500> <PB=10000000> 
RCSP solver dynamic params and stats :  bidir.bord. = 511.6 aver.obdmd = 9.53279 aver.buck.num. = 11.123 nbR1C = 61 with avMem = 30.5902
@@ 956 4 4184.05 0.0458265 0.045854 48.7555 619.97
    Full reduced cost fixing is not called (gap ratio is 0.999995)
ColGenEvalAlg final dual bound: 4184.05 (rounded: 4184.05)
False gap improvement since the last cut separation : 0.000358517 (4183.9)
----- Cut generation is stopped due to tailing off -----
Current active cuts : CAP(12,254.269) R1C(6+55,200.637) 1rowPackR1C(6) 3rowPackR1C(36) 4rowPackR1C(13) 5rowPackR1C(6)
**** SB phase 3 evaluation of candidate 1, branch 2 ( x[(66, 20)]_0_7886_0_OspV >= 1 ), value = 4179.58
<DWph=2> <it=  1> <et=621.09> <Mt= 0.67> <Spt= 0.06> <nCl= 30> <al=0.50> <DB=-719996749.0442> <Mlp= 4179.5809> <PB=10000000> 
<DWph=2> <it=  2> <et=621.22> <Mt= 0.03> <Spt= 0.10> <nCl= 35> <al=0.10> <DB=  770.5020> <Mlp= 4179.5809> <PB=10000000> 
<DWph=1> <it=  3> <et=621.31> <Mt= 0.02> <Spt= 0.07> <nCl= 30> <al=0.45> <DB= 2968.7785> <Mlp= 4179.5809> <PB=10000000> 
<DWph=1> <it=  4> <et=621.45> <Mt= 0.01> <Spt= 0.13> <nCl= 16> <al=0.01> <DB= 4161.3669> <Mlp= 4179.5809> <PB=10000000> 
<DWph=1> <it=  5> <et=621.51> <Mt= 0.00> <Spt= 0.06> <nCl=  8> <al=0.41> <DB= 4172.2043> <Mlp= 4179.5809> <PB=10000000> 
<DWph=1> <it=  6> <et=621.64> <Mt= 0.01> <Spt= 0.12> <nCl= 32> <al=0.00> <DB=-8718.1359> <Mlp= 4179.5809> <PB=10000000> 
<DWph=1> <it=  7> <et=621.78> <Mt= 0.01> <Spt= 0.12> <nCl= 17> <al=0.00> <DB= 4151.3447> <Mlp= 4179.5809> <PB=10000000> 
<DWph=1> <it=  8> <et=621.90> <Mt= 0.01> <Spt= 0.12> <nCl= 19> <al=0.00> <DB= 4179.5809> <Mlp= 4179.5809> <PB=10000000> 
    RCSP exact solver info for graph G_0 : TT = 0.049756, pt = 0.001737, dt = 0.045357, ct = 0.001164, ndl = 3858', bdl = 82127', odl = 7390', odf = 37159', bsi = 1448', cnt = 3802', bdch = 327957', odch = 62081', lcp = 68492', #sols = 150
<DWph=0> <it=  9> <et=621.98> <Mt= 0.00> <Spt= 0.08> <nCl=119> <al=0.01> <DB= 3950.7014> <Mlp= 4179.5809> <PB=10000000> 
    RCSP exact solver info for graph G_0 : TT = 0.052542, pt = 0.001661, dt = 0.048156, ct = 0.001161, ndl = 3527', bdl = 79174', odl = 6994', odf = 34807', bsi = 1376', cnt = 2723', bdch = 297904', odch = 58097', lcp = 60310', #sols = 150
<DWph=0> <it= 10> <et=622.09> <Mt= 0.01> <Spt= 0.09> <nCl= 73> <al=0.00> <DB= 4161.9679> <Mlp= 4179.5798> <PB=10000000> 
    RCSP exact solver info for graph G_0 : TT = 0.048998, pt = 0.001679, dt = 0.044489, ct = 0.001355, ndl = 3526', bdl = 77927', odl = 7052', odf = 35585', bsi = 1375', cnt = 2713', bdch = 299998', odch = 59238', lcp = 60461', #sols = 150
<DWph=0> <it= 11> <et=622.16> <Mt= 0.01> <Spt= 0.07> <nCl= 28> <al=0.01> <DB= 4175.8089> <Mlp= 4179.5794> <PB=10000000> 
    RCSP exact solver info for graph G_0 : TT = 0.056464, pt = 0.001869, dt = 0.051969, ct = 0.001251, ndl = 3821', bdl = 85966', odl = 7583', odf = 38266', bsi = 1415', cnt = 2950', bdch = 346154', odch = 66484', lcp = 71850', #sols = 150
<DWph=0> <it= 12> <et=622.24> <Mt= 0.00> <Spt= 0.08> <nCl= 40> <al=0.11> <DB= 4177.3190> <Mlp= 4179.5794> <PB=10000000> 
    RCSP exact solver info for graph G_0 : TT = 0.050574, pt = 0.001722, dt = 0.046381, ct = 0.001179, ndl = 3838', bdl = 86926', odl = 7606', odf = 38368', bsi = 1421', cnt = 3102', bdch = 353527', odch = 69431', lcp = 71661', #sols = 150
RCSP solver WARNING : the best solution could not be retrieved
RCSP solver WARNING : the best solution could not be retrieved
    RCSP exact solver info for graph G_0 : TT = 0.051719, pt = 0.001664, dt = 0.047497, ct = 0.001047, ndl = 3509', bdl = 76811', odl = 7356', odf = 36642', bsi = 1324', cnt = 2760', bdch = 311820', odch = 62548', lcp = 63315', #sols = 147
<DWph=0> <it= 13> <et=622.39> <Mt= 0.01> <Spt= 0.14> <nCl= 41> <al=0.00> <DB= 4179.5774> <Mlp= 4179.5774> <PB=10000000> 
RCSP solver dynamic params and stats :  bidir.bord. = 514.8 aver.obdmd = 9.53279 aver.buck.num. = 11.123 nbR1C = 34 with avMem = 25.7647
@@ 957 0 4179.58 0.048501 0.05322 48.7555 622.39
    Full reduced cost fixing is not called (gap ratio is 0.999996)
ColGenEvalAlg final dual bound: 4179.58 (rounded: 4179.58)
Current active cuts : CAP(13,293.803) R1C(5+29,199.64) 1rowPackR1C(5) 3rowPackR1C(16) 4rowPackR1C(9) 5rowPackR1C(4)
7 Rank-1 3-rows pack. cuts added ,  max viol. = 0.0576923, aver. viol. = 0.0467033
Building structures for heuristic rank-1 packing cut separation...done!
5 Rank-1 5-rows pack. cuts added ,  max viol. = 0.0384615, aver. viol. = 0.0326923
Shrinking heuristic shrunk 63 edges
----- Add fac. cuts : R1C(12), max.viol = 0.0576923, aver.viol = 0.0496795, sep/add took 0.332877/0.0680569 sec. -----
47345 columns (8988 active), 500 dyn. constrs. (69 active), 742 art. vars. (311 active)
<DWph=2> <it=  1> <et=622.94> <Mt= 0.00> <Spt= 0.10> <nCl=  6> <al=0.00> <DB= 4179.5774> <Mlp= 4179.5774> <PB=10000000> 
<DWph=1> <it=  2> <et=623.05> <Mt= 0.00> <Spt= 0.11> <nCl= 10> <al=0.00> <DB= 4179.5774> <Mlp= 4179.5774> <PB=10000000> 
<DWph=0> <it=  3> <et=623.06> <Mt= 0.01> <Spt= 0.00> <nCl=  0> <al=0.30> <DB= 4179.5774> <Mlp= 4179.5774> <PB=10000000> 
@@ 957 1 4179.58 0 0 48.7555 623.06
ColGenEvalAlg final dual bound: 4179.58 (rounded: 4179.58)
False gap improvement since the last cut separation : -1.08802e-14 (4179.58)
Cut generation tailing off counter increased to 1
Current active cuts : CAP(13,293.803) R1C(5+29,199.64) 1rowPackR1C(5) 3rowPackR1C(16) 4rowPackR1C(9) 5rowPackR1C(4)
Building structures for heuristic rank-1 packing cut separation...done!
Shrinking heuristic shrunk 63 edges
----- Add fac. cuts : sep. took 0.311278 sec.----- no cuts found  -----
Current active cuts : CAP(13,293.803) R1C(5+29,199.64) 1rowPackR1C(5) 3rowPackR1C(16) 4rowPackR1C(9) 5rowPackR1C(4)
SB exact phase 3 branch on var x[(66, 20)]_0_7886_0_OspV (lhs=0.961668) : [4184.05, 4179.5774], tree depth = 1e+12, tree size = 1e+12, score = -1.039 (h)
SB with phases chosed candidate var x[(66, 20)]_0_7886_0_OspV (lhs=0.961668)
************************************************************************************************
**** BaB tree node (N° 21, parent N° 19, depth 10, treatOrderId 957)
**** Local DB = 4179.58, global bounds : [ 4179.3 , 1e+07 ], TIME = 0h10m23s43t = 62343
**** 11 open nodes, 47361 columns (9004 active), 495 dyn. constrs. (69 active), 737 art. vars. (311 active)
************************************************************************************************
**** Strong branching phase 1 is started *****
SB phase 1 cand.  1 branch on var x[(115, 13)]_0_13808_0_OspV (lhs=0.9423): [ 4179.5938,  4182.9250], score = 0.05 (h)  <et=623.61>
SB phase 1 cand.  2 branch on var x[(118, 4)]_0_14162_0_OspV (lhs=0.5000) : [ 4179.6000,  4179.8190], score = 0.01      <et=623.65>
SB phase 1 cand.  3 branch on var x[(115, 70)]_0_13865_0_OspV (lhs=0.0577): [ 4179.5937,  4182.9250], score = 0.05 (h)  <et=623.76>
SB phase 1 cand.  4 branch on var x[(26, 1)]_0_3027_0_OspV (lhs=0.4952)   : [ 4179.5800,  4179.6950], score = 0.00      <et=623.86>
SB phase 1 cand.  5 branch on var x[(105, 33)]_0_12618_0_OspV (lhs=0.0096): [ 4179.5800,  4292.1245], score = 0.29 (h)  <et=624.01>
SB phase 1 cand.  6 branch on var x[(55, 26)]_0_6561_0_OspV (lhs=0.5144)  : [ 4179.6000,  4179.6750], score = 0.00      <et=624.17>
SB phase 1 cand.  7 branch on var x[(105, 15)]_0_12600_0_OspV (lhs=0.9904): [ 4179.5800,  4180.6500], score = 0.00 (h)  <et=624.24>
SB phase 1 cand.  8 branch on var x[(77, 91)]_0_9287_0_OspV (lhs=0.4808)  : [ 4179.6000,  4179.7776], score = 0.00      <et=624.27>
SB phase 1 cand.  9 branch on var x[(34, 36)]_0_4029_0_OspV (lhs=0.9952)  : [ 4179.5779,  4199.9865], score = 0.01 (h)  <et=624.4>
SB phase 1 cand. 10 branch on var x[(116, 26)]_0_13942_0_OspV (lhs=0.4567): [ 4179.5800,  4180.0841], score = 0.00      <et=624.49>
SB phase 1 cand. 11 branch on var x[(23, 95)]_0_2757_0_OspV (lhs=0.0288)  : [ 4179.5800,  4179.6875], score = 0.00 (h)  <et=624.57>
SB phase 1 cand. 12 branch on var x[(0, 1)]_0_0_0_OspV (lhs=0.4471)       : [ 4179.5774,  4180.1000], score = 0.00      <et=624.7>
SB phase 1 cand. 13 branch on var x[(72, 22)]_0_8614_0_OspV (lhs=0.0385)  : [ 4179.5938,  4181.0000], score = 0.02 (h)  <et=624.79>
SB phase 1 cand. 14 branch on var x[(26, 76)]_0_3101_0_OspV (lhs=0.4471)  : [ 4179.5778,  4180.0950], score = 0.00      <et=624.9>
SB phase 1 cand. 15 branch on var x[(93, 60)]_0_11193_0_OspV (lhs=0.9952) : [ 4179.5800,  4189.4511], score = 0.03 (h)  <et=625.02>
SB phase 1 cand. 16 branch on var x[(0, 101)]_0_12100_0_OspV (lhs=0.5913) : [ 4179.6000,  4179.6091], score = 0.00      <et=625.12>
SB phase 1 cand. 17 branch on var x[(60, 97)]_0_7236_0_OspV (lhs=0.0096)  : [ 4179.5800,  4183.6500], score = 0.01 (h)  <et=625.22>
SB phase 1 cand. 18 branch on var x[(55, 101)]_0_6635_0_OspV (lhs=0.4087) : [ 4179.6000,  4179.6091], score = 0.00      <et=625.3>
SB phase 1 cand. 19 branch on var x[(119, 80)]_0_14359_0_OspV (lhs=0.9952): [ 4179.5800,  4189.8683], score = 0.03 (h)  <et=625.43>
SB phase 1 cand. 20 branch on var x[(0, 19)]_0_2178_0_OspV (lhs=0.3462)   : [ 4179.6000,  4179.8500], score = 0.01      <et=625.47>
SB phase 1 cand. 21 branch on var x[(93, 80)]_0_11213_0_OspV (lhs=0.0048) : [ 4179.5778,  4200.5500], score = 0.01 (h)  <et=625.61>
SB phase 1 cand. 22 branch on var x[(0, 78)]_0_9317_0_OspV (lhs=0.6538)   : [ 4179.6000,  4179.8500], score = 0.01      <et=625.65>
SB phase 1 cand. 23 branch on var x[(59, 6)]_0_7025_0_OspV (lhs=0.9615)   : [ 4179.5937,  4183.5411], score = 0.06 (h)  <et=625.82>
SB phase 1 cand. 24 branch on var x[(19, 78)]_0_2256_0_OspV (lhs=0.3462)  : [ 4179.6000,  4179.8500], score = 0.01      <et=625.87>
SB phase 1 cand. 25 branch on var x[(9, 59)]_0_1027_0_OspV (lhs=0.9615)   : [ 4179.5937,  4183.5411], score = 0.06 (h)  <et=626.06>
SB phase 1 cand. 26 branch on var x[(63, 0)]_0_7503_0_OspV (lhs=0.6923)   : [ 4179.6000,  4180.3884], score = 0.02      <et=626.24>
SB phase 1 cand. 27 branch on var x[(51, 61)]_0_6111_0_OspV (lhs=0.9615)  : [ 4179.5938,  4182.9875], score = 0.06 (h)  <et=626.4>
SB phase 1 cand. 28 branch on var x[(63, 19)]_0_7522_0_OspV (lhs=0.2885)  : [ 4179.6000,  4180.5000], score = 0.02      <et=626.52>
SB phase 1 cand. 29 branch on var x[(2, 32)]_0_153_0_OspV (lhs=0.9615)    : [ 4179.5938,  4183.2027], score = 0.06 (h)  <et=626.71>
SB phase 1 cand. 30 branch on var x[(35, 0)]_0_4115_0_OspV (lhs=0.0962)   : [ 4179.6000,  4181.0000], score = 0.03      <et=626.85>
SB phase 1 cand. 31 branch on var x[(116, 76)]_0_13992_0_OspV (lhs=0.5337): [ 4179.5800,  4179.9500], score = 0.00 (h)  <et=626.95>
SB phase 1 cand. 32 branch on var x[(72, 0)]_0_8592_0_OspV (lhs=0.9038)   : [ 4179.5938,  4180.0323], score = 0.01      <et=627.14>
SB phase 1 cand. 33 branch on var x[(32, 39)]_0_3790_0_OspV (lhs=0.9615)  : [ 4179.5937,  4182.9714], score = 0.06 (h)  <et=627.24>
SB phase 1 cand. 34 branch on var x[(0, 95)]_0_11374_0_OspV (lhs=0.9327)  : [ 4179.5800,  4179.6748], score = 0.00      <et=627.32>
SB phase 1 cand. 35 branch on var x[(118, 91)]_0_14249_0_OspV (lhs=0.5000): [ 4179.6000,  4179.9520], score = 0.01 (h)  <et=627.39>
SB phase 1 cand. 36 branch on var x[(21, 70)]_0_2490_0_OspV (lhs=0.9423)  : [ 4179.5938,  4182.9250], score = 0.05      <et=627.5>
SB phase 1 cand. 37 branch on var x[(91, 4)]_0_10895_0_OspV (lhs=0.5000)  : [ 4179.6000,  4179.9520], score = 0.01 (h)  <et=627.57>
SB phase 1 cand. 38 branch on var x[(96, 22)]_0_11518_0_OspV (lhs=0.9423) : [ 4179.5937,  4180.2000], score = 0.01      <et=627.72>
SB phase 1 cand. 39 branch on var x[(77, 96)]_0_9292_0_OspV (lhs=0.4808)  : [ 4179.6000,  4179.9679], score = 0.01 (h)  <et=627.79>
SB phase 1 cand. 40 branch on var x[(96, 81)]_0_11577_0_OspV (lhs=0.0577) : [ 4179.5938,  4181.0000], score = 0.02      <et=627.92>
SB phase 1 cand. 41 branch on var x[(35, 19)]_0_4134_0_OspV (lhs=0.3654)  : [ 4179.6000,  4180.3111], score = 0.02 (h)  <et=628>
SB phase 1 cand. 42 branch on var x[(0, 109)]_0_13068_0_OspV (lhs=0.9519) : [ 4179.6000,  4179.9042], score = 0.01      <et=628.09>
SB phase 1 cand. 43 branch on var x[(91, 96)]_0_10986_0_OspV (lhs=0.5000) : [ 4179.6000,  4179.8841], score = 0.01 (h)  <et=628.13>
SB phase 1 cand. 44 branch on var x[(0, 75)]_0_8954_0_OspV (lhs=0.0481)   : [ 4179.5802,  4179.9042], score = 0.00      <et=628.21>
SB phase 1 cand. 45 branch on var x[(19, 81)]_0_2259_0_OspV (lhs=0.3654)  : [ 4179.6000,  4180.2886], score = 0.02 (h)  <et=628.31>
SB phase 1 cand. 46 branch on var x[(82, 75)]_0_9877_0_OspV (lhs=0.9519)  : [ 4179.6000,  4179.9042], score = 0.01      <et=628.37>
SB phase 1 cand. 47 branch on var x[(19, 0)]_0_2179_0_OspV (lhs=0.2885)   : [ 4179.6000,  4180.5000], score = 0.02 (h)  <et=628.48>
SB phase 1 cand. 48 branch on var x[(0, 77)]_0_9196_0_OspV (lhs=0.0385)   : [ 4179.5938,  4186.5000], score = 0.11      <et=628.6>
SB phase 1 cand. 49 branch on var x[(35, 81)]_0_4195_0_OspV (lhs=0.5385)  : [ 4179.6000,  4179.9571], score = 0.01 (h)  <et=628.66>
SB phase 1 cand. 50 branch on var x[(104, 3)]_0_12467_0_OspV (lhs=0.0385) : [ 4179.5938,  4223.6133], score = 0.72      <et=628.82>
**** Strong branching phase 2 is started *****
<DWph=1> <it= 22> <et=631.20> <Mt= 0.52> <Spt= 1.84> <nCl=289> <al=0.00> <DB= 4189.6484> <Mlp= 4189.6484> <PB=10000000> 
<DWph=1> <it=  4> <et=631.86> <Mt= 0.02> <Spt= 0.38> <nCl= 33> <al=0.00> <DB= 4179.5937> <Mlp= 4179.5938> <PB=10000000> 
SB phase 2 cand.  1 branch on var x[(104, 3)]_0_12467_0_OspV (lhs=0.0385) : [ 4179.5938,  4189.6484], score = 0.16      <et=631.91>
In total 11 RCC cut(s) are found by the connected components heuristic 
Shrinking heuristic shrunk 111 edges
In total 3 RCC cut(s) are found by the Fractional capacity min-cut heuristic 
In total 4 RCC cut(s) are found by the global pool greedy search heuristic 
----- Add core cuts : CAP(18), max.viol = 1, aver.viol = 1, sep/add took 0.0193286/0.522345 sec. -----
<DWph=1> <it= 59> <et=638.24> <Mt= 1.26> <Spt= 4.35> <nCl=885> <al=0.00> <DB= 4193.9000> <Mlp= 4193.9000> <PB=10000000> 
<DWph=1> <it=  2> <et=638.73> <Mt= 0.00> <Spt= 0.28> <nCl=  5> <al=0.00> <DB= 4179.5800> <Mlp= 4179.5800> <PB=10000000> 
SB phase 2 cand.  2 branch on var x[(105, 33)]_0_12618_0_OspV (lhs=0.0096): [ 4179.5800,  4193.9000], score = 0.04 (h)  <et=638.78>
<DWph=1> <it=  8> <et=639.95> <Mt= 0.21> <Spt= 0.78> <nCl= 84> <al=0.00> <DB= 4183.4000> <Mlp= 4183.4000> <PB=10000000> 
<DWph=1> <it=  8> <et=641.04> <Mt= 0.09> <Spt= 0.82> <nCl= 99> <al=0.00> <DB= 4179.5937> <Mlp= 4179.5937> <PB=10000000> 
SB phase 2 cand.  3 branch on var x[(0, 77)]_0_9196_0_OspV (lhs=0.0385)   : [ 4179.5938,  4183.4000], score = 0.06      <et=641.08>
**** Strong branching phase 3 is started *****
**** SB phase 3 evaluation of candidate 1, branch 1 ( x[(104, 3)]_0_12467_0_OspV >= 1 ), value = 4189.65
<DWph=2> <it=  1> <et=641.34> <Mt= 0.00> <Spt= 0.10> <nCl= 18> <al=0.00> <DB= 4189.6484> <Mlp= 4189.6484> <PB=10000000> 
<DWph=1> <it=  2> <et=641.46> <Mt= 0.00> <Spt= 0.12> <nCl= 22> <al=0.00> <DB= 4189.6484> <Mlp= 4189.6484> <PB=10000000> 
    RCSP exact solver info for graph G_0 : TT = 0.050811, pt = 0.001524, dt = 0.046364, ct = 0.001441, ndl = 3255', bdl = 69151', odl = 6707', odf = 33748', bsi = 1446', cnt = 2254', bdch = 249236', odch = 47501', lcp = 50645', #sols = 150
<DWph=0> <it=  3> <et=641.54> <Mt= 0.00> <Spt= 0.08> <nCl= 94> <al=0.30> <DB= 3562.5516> <Mlp= 4189.6484> <PB=10000000> 
    RCSP exact solver info for graph G_0 : TT = 0.049369, pt = 0.001385, dt = 0.045442, ct = 0.001255, ndl = 3486', bdl = 71247', odl = 7019', odf = 35117', bsi = 1438', cnt = 2401', bdch = 275397', odch = 51488', lcp = 57936', #sols = 150
<DWph=0> <it=  4> <et=641.64> <Mt= 0.03> <Spt= 0.08> <nCl=118> <al=0.37> <DB= 3668.7791> <Mlp= 4189.4333> <PB=10000000> 
    RCSP exact solver info for graph G_0 : TT = 0.049723, pt = 0.001478, dt = 0.045907, ct = 0.00115, ndl = 3728', bdl = 78945', odl = 7218', odf = 35863', bsi = 1347', cnt = 3049', bdch = 324771', odch = 61455', lcp = 67132', #sols = 150
<DWph=0> <it=  5> <et=641.76> <Mt= 0.04> <Spt= 0.07> <nCl= 89> <al=0.27> <DB= 3868.4888> <Mlp= 4188.5500> <PB=10000000> 
    RCSP exact solver info for graph G_0 : TT = 0.056412, pt = 0.001542, dt = 0.051757, ct = 0.001519, ndl = 3508', bdl = 77174', odl = 7123', odf = 34703', bsi = 1431', cnt = 2679', bdch = 296131', odch = 53007', lcp = 60012', #sols = 150
    RCSP exact solver info for graph G_0 : TT = 0.051152, pt = 0.001413, dt = 0.047575, ct = 0.000985, ndl = 3041', bdl = 65848', odl = 6341', odf = 31138', bsi = 1338', cnt = 2098', bdch = 229000', odch = 40641', lcp = 46131', #sols = 150
<DWph=0> <it=  6> <et=641.98> <Mt= 0.04> <Spt= 0.18> <nCl= 67> <al=0.00> <DB= 4183.9750> <Mlp= 4188.4750> <PB=10000000> 
    RCSP exact solver info for graph G_0 : TT = 0.053911, pt = 0.001448, dt = 0.050174, ct = 0.000994, ndl = 3128', bdl = 65545', odl = 6635', odf = 33156', bsi = 1400', cnt = 2590', bdch = 238643', odch = 45937', lcp = 50450', #sols = 150
    RCSP exact solver info for graph G_0 : TT = 0.051708, pt = 0.001393, dt = 0.047958, ct = 0.001019, ndl = 3206', bdl = 66450', odl = 6442', odf = 32151', bsi = 1476', cnt = 2677', bdch = 240820', odch = 45750', lcp = 49876', #sols = 150
<DWph=0> <it=  7> <et=642.23> <Mt= 0.04> <Spt= 0.20> <nCl= 90> <al=0.00> <DB= 4187.4500> <Mlp= 4188.3500> <PB=10000000> 
    RCSP exact solver info for graph G_0 : TT = 0.046271, pt = 0.001509, dt = 0.042312, ct = 0.001193, ndl = 3333', bdl = 68578', odl = 6864', odf = 33903', bsi = 1419', cnt = 2876', bdch = 264876', odch = 51362', lcp = 56392', #sols = 150
    RCSP exact solver info for graph G_0 : TT = 0.049474, pt = 0.00135, dt = 0.045621, ct = 0.001046, ndl = 3267', bdl = 68797', odl = 6642', odf = 32811', bsi = 1441', cnt = 2586', bdch = 260123', odch = 46276', lcp = 53841', #sols = 146
<DWph=0> <it=  8> <et=642.39> <Mt= 0.01> <Spt= 0.16> <nCl=100> <al=0.00> <DB= 4188.3500> <Mlp= 4188.3500> <PB=10000000> 
RCSP solver dynamic params and stats :  bidir.bord. = 520.4 aver.obdmd = 9.53279 aver.buck.num. = 11.123 nbR1C = 29 with avMem = 23.4483
@@ 1064 0 4188.35 0.0481902 0.053276 48.7555 642.39
    Full reduced cost fixing is not called (gap ratio is 0.999995)
ColGenEvalAlg final dual bound: 4188.35 (rounded: 4188.35)
Current active cuts : CAP(8,218.76) R1C(5+24,216.635) 1rowPackR1C(5) 3rowPackR1C(14) 4rowPackR1C(8) 5rowPackR1C(2)
3 Rank-1 1-rows pack. cuts added ,  max viol. = 0.25, aver. viol. = 0.25
150 Rank-1 3-rows pack. cuts added ,  max viol. = 0.25, aver. viol. = 0.25
Shrinking heuristic shrunk 80 edges
In total 1 RCC cut(s) are found by the Fractional capacity min-cut heuristic 
In total 1 RCC cut(s) are found by the greedy construction heuristic 
In total 2 RCC cut(s) are found by the global pool greedy search heuristic 
----- Add fac. cuts : CAP(4) R1C(153), max.viol = 0.25, aver.viol = 0.247611, sep/add took 0.0214052/0.862416 sec. -----
49354 columns (9891 active), 651 dyn. constrs. (211 active), 915 art. vars. (453 active)
<DWph=2> <it=  1> <et=643.57> <Mt= 0.17> <Spt= 0.06> <nCl= 19> <al=0.50> <DB= 4167.4515> <Mlp= 4194.9096> <PB=10000000> 
<DWph=2> <it=  2> <et=643.63> <Mt= 0.00> <Spt= 0.05> <nCl=  8> <al=0.55> <DB= 4189.2768> <Mlp= 4194.9096> <PB=10000000> 
<DWph=2> <it=  3> <et=643.69> <Mt= 0.01> <Spt= 0.05> <nCl=  6> <al=0.60> <DB= 4192.2305> <Mlp= 4194.8523> <PB=10000000> 
<DWph=2> <it=  4> <et=643.75> <Mt= 0.00> <Spt= 0.06> <nCl=  8> <al=0.64> <DB= 4057.8400> <Mlp= 4194.8523> <PB=10000000> 
<DWph=2> <it=  5> <et=643.82> <Mt= 0.01> <Spt= 0.05> <nCl=  9> <al=0.67> <DB= 4108.6408> <Mlp= 4194.8378> <PB=10000000> 
<DWph=2> <it=  6> <et=643.90> <Mt= 0.03> <Spt= 0.06> <nCl=  7> <al=0.70> <DB= 4192.8176> <Mlp= 4194.2190> <PB=10000000> 
<DWph=2> <it=  7> <et=643.96> <Mt= 0.01> <Spt= 0.05> <nCl=  3> <al=0.73> <DB= 4192.8300> <Mlp= 4194.2190> <PB=10000000> 
<DWph=2> <it=  8> <et=644.12> <Mt= 0.00> <Spt= 0.16> <nCl= 23> <al=0.04> <DB= 4129.5927> <Mlp= 4194.2190> <PB=10000000> 
<DWph=2> <it=  9> <et=644.23> <Mt= 0.00> <Spt= 0.11> <nCl=  7> <al=0.32> <DB= 4192.7245> <Mlp= 4194.2190> <PB=10000000> 
<DWph=2> <it= 10> <et=644.40> <Mt= 0.01> <Spt= 0.16> <nCl= 19> <al=0.00> <DB= 4183.3569> <Mlp= 4194.2190> <PB=10000000> 
<DWph=2> <it= 11> <et=644.50> <Mt= 0.00> <Spt= 0.10> <nCl=  2> <al=0.00> <DB= 4194.2190> <Mlp= 4194.2190> <PB=10000000> 
<DWph=1> <it= 12> <et=644.62> <Mt= 0.01> <Spt= 0.06> <nCl= 30> <al=0.36> <DB= 2829.6328> <Mlp= 4194.2190> <PB=10000000> 
<DWph=1> <it= 13> <et=644.70> <Mt= 0.01> <Spt= 0.06> <nCl= 29> <al=0.26> <DB= 3550.4200> <Mlp= 4193.6714> <PB=10000000> 
<DWph=1> <it= 14> <et=644.77> <Mt= 0.01> <Spt= 0.06> <nCl=  7> <al=0.33> <DB= 3742.6841> <Mlp= 4193.6714> <PB=10000000> 
<DWph=1> <it= 15> <et=644.90> <Mt= 0.00> <Spt= 0.13> <nCl= 13> <al=0.00> <DB= 4193.6714> <Mlp= 4193.6714> <PB=10000000> 
    RCSP exact solver info for graph G_0 : TT = 0.046139, pt = 0.001314, dt = 0.042329, ct = 0.001024, ndl = 3689', bdl = 74601', odl = 6832', odf = 34100', bsi = 1503', cnt = 3058', bdch = 303489', odch = 55425', lcp = 66125', #sols = 150
<DWph=0> <it= 16> <et=644.99> <Mt= 0.00> <Spt= 0.09> <nCl=150> <al=0.13> <DB= 2325.1000> <Mlp= 4193.6714> <PB=10000000> 
    RCSP exact solver info for graph G_0 : TT = 0.049198, pt = 0.00148, dt = 0.045011, ct = 0.00114, ndl = 3464', bdl = 78340', odl = 6712', odf = 33350', bsi = 1389', cnt = 2746', bdch = 283869', odch = 49146', lcp = 55500', #sols = 150
<DWph=0> <it= 17> <et=645.14> <Mt= 0.03> <Spt= 0.11> <nCl=127> <al=0.22> <DB= 2966.6346> <Mlp= 4190.9591> <PB=10000000> 
    RCSP exact solver info for graph G_0 : TT = 0.051195, pt = 0.001919, dt = 0.046722, ct = 0.001201, ndl = 3438', bdl = 78791', odl = 6764', odf = 32750', bsi = 1392', cnt = 2848', bdch = 280169', odch = 49271', lcp = 54505', #sols = 150
<DWph=0> <it= 18> <et=645.26> <Mt= 0.04> <Spt= 0.09> <nCl=108> <al=0.30> <DB= 3563.0727> <Mlp= 4190.7353> <PB=10000000> 
    RCSP exact solver info for graph G_0 : TT = 0.049766, pt = 0.001891, dt = 0.045513, ct = 0.001097, ndl = 3605', bdl = 76966', odl = 6880', odf = 34144', bsi = 1411', cnt = 3673', bdch = 294057', odch = 56030', lcp = 60483', #sols = 150
<DWph=0> <it= 19> <et=645.39> <Mt= 0.03> <Spt= 0.10> <nCl= 39> <al=0.37> <DB= 3939.3141> <Mlp= 4190.4089> <PB=10000000> 
    RCSP exact solver info for graph G_0 : TT = 0.051566, pt = 0.002151, dt = 0.046706, ct = 0.00125, ndl = 3640', bdl = 75843', odl = 6805', odf = 34169', bsi = 1402', cnt = 4031', bdch = 291726', odch = 55530', lcp = 59926', #sols = 150
<DWph=0> <it= 20> <et=645.48> <Mt= 0.01> <Spt= 0.08> <nCl= 22> <al=0.43> <DB= 4081.8556> <Mlp= 4190.4089> <PB=10000000> 
    RCSP exact solver info for graph G_0 : TT = 0.048658, pt = 0.002065, dt = 0.04386, ct = 0.001243, ndl = 3725', bdl = 79667', odl = 7065', odf = 35064', bsi = 1419', cnt = 3820', bdch = 316877', odch = 60365', lcp = 65502', #sols = 150
<DWph=0> <it= 21> <et=645.59> <Mt= 0.04> <Spt= 0.07> <nCl= 27> <al=0.33> <DB= 4154.3313> <Mlp= 4190.4043> <PB=10000000> 
    RCSP exact solver info for graph G_0 : TT = 0.049734, pt = 0.001818, dt = 0.045071, ct = 0.001483, ndl = 3774', bdl = 79350', odl = 6880', odf = 34393', bsi = 1420', cnt = 3730', bdch = 319645', odch = 59326', lcp = 65241', #sols = 150
<DWph=0> <it= 22> <et=645.69> <Mt= 0.01> <Spt= 0.09> <nCl= 28> <al=0.23> <DB= 4149.4995> <Mlp= 4190.4000> <PB=10000000> 
    RCSP exact solver info for graph G_0 : TT = 0.048895, pt = 0.002084, dt = 0.044389, ct = 0.001127, ndl = 3824', bdl = 82228', odl = 6983', odf = 34834', bsi = 1464', cnt = 3983', bdch = 330644', odch = 60363', lcp = 66685', #sols = 150
    RCSP exact solver info for graph G_0 : TT = 0.04905, pt = 0.001684, dt = 0.044894, ct = 0.001127, ndl = 3369', bdl = 67979', odl = 6508', odf = 32703', bsi = 1350', cnt = 2628', bdch = 253555', odch = 47425', lcp = 52761', #sols = 150
<DWph=0> <it= 23> <et=645.84> <Mt= 0.01> <Spt= 0.14> <nCl= 47> <al=0.00> <DB= 4190.4000> <Mlp= 4190.4000> <PB=10000000> 
RCSP solver dynamic params and stats :  bidir.bord. = 514.7 aver.obdmd = 9.53279 aver.buck.num. = 11.123 nbR1C = 36 with avMem = 24.5
@@ 1064 1 4190.4 0.0461319 0.047956 48.7555 645.84
    Full reduced cost fixing is not called (gap ratio is 0.999994)
ColGenEvalAlg final dual bound: 4190.4 (rounded: 4190.4)
False gap improvement since the last cut separation : 0.00489453 (4188.35)
Separator R1C not in maximum phase
Cut generation tailing off counter increased to 0
Current active cuts : CAP(9,216.858) R1C(5+31,232.367) 1rowPackR1C(5) 3rowPackR1C(21) 4rowPackR1C(8) 5rowPackR1C(2)
3 Rank-1 1-rows pack. cuts added ,  max viol. = 0.142857, aver. viol. = 0.111111
150 Rank-1 3-rows pack. cuts added ,  max viol. = 0.285714, aver. viol. = 0.264127
Building structures for heuristic rank-1 packing cut separation...done!
44 Rank-1 4-rows pack. cuts added ,  max viol. = 0.190476, aver. viol. = 0.179654
100 Rank-1 5-rows pack. cuts added ,  max viol. = 0.190476, aver. viol. = 0.190476
Shrinking heuristic shrunk 79 edges
In total 2 RCC cut(s) are found by the Fractional capacity min-cut heuristic 
In total 1 RCC cut(s) are found by the greedy construction heuristic 
In total 2 RCC cut(s) are found by the global pool greedy search heuristic 
----- Add fac. cuts : CAP(5) R1C(297), max.viol = 0.285714, aver.viol = 0.266793, sep/add took 0.231414/1.08714 sec. -----
49019 columns (7228 active), 953 dyn. constrs. (364 active), 1217 art. vars. (606 active)
<DWph=2> <it=  1> <et=647.37> <Mt= 0.11> <Spt= 0.06> <nCl= 14> <al=0.50> <DB= 4174.3919> <Mlp= 4194.3838> <PB=10000000> 
<DWph=2> <it=  2> <et=647.49> <Mt= 0.01> <Spt= 0.11> <nCl= 27> <al=0.10> <DB= 4193.9854> <Mlp= 4194.3838> <PB=10000000> 
<DWph=2> <it=  3> <et=647.60> <Mt= 0.00> <Spt= 0.11> <nCl= 14> <al=0.00> <DB= 3852.6937> <Mlp= 4194.3838> <PB=10000000> 
<DWph=2> <it=  4> <et=647.68> <Mt= 0.02> <Spt= 0.06> <nCl= 14> <al=0.35> <DB= 3672.1532> <Mlp= 4194.3613> <PB=10000000> 
<DWph=2> <it=  5> <et=647.80> <Mt= 0.01> <Spt= 0.10> <nCl= 19> <al=0.00> <DB= 4194.3613> <Mlp= 4194.3613> <PB=10000000> 
<DWph=1> <it=  6> <et=647.87> <Mt= 0.00> <Spt= 0.07> <nCl= 23> <al=0.32> <DB= 2693.9742> <Mlp= 4194.3613> <PB=10000000> 
<DWph=1> <it=  7> <et=647.95> <Mt= 0.01> <Spt= 0.07> <nCl= 21> <al=0.38> <DB= 2741.7710> <Mlp= 4194.3613> <PB=10000000> 
<DWph=1> <it=  8> <et=648.05> <Mt= 0.04> <Spt= 0.06> <nCl=  7> <al=0.45> <DB= 3547.5085> <Mlp= 4193.9428> <PB=10000000> 
<DWph=1> <it=  9> <et=648.13> <Mt= 0.01> <Spt= 0.07> <nCl=  2> <al=0.35> <DB= 3970.8028> <Mlp= 4193.9074> <PB=10000000> 
<DWph=1> <it= 10> <et=648.19> <Mt= 0.01> <Spt= 0.06> <nCl=  5> <al=0.25> <DB= 4127.6798> <Mlp= 4193.9074> <PB=10000000> 
<DWph=1> <it= 11> <et=648.33> <Mt= 0.01> <Spt= 0.13> <nCl= 11> <al=0.00> <DB= 4193.8925> <Mlp= 4193.8925> <PB=10000000> 
    RCSP exact solver info for graph G_0 : TT = 0.05073, pt = 0.001989, dt = 0.046615, ct = 0.000975, ndl = 3316', bdl = 66636', odl = 6305', odf = 32571', bsi = 1514', cnt = 2510', bdch = 239941', odch = 44994', lcp = 49053', #sols = 150
<DWph=0> <it= 12> <et=648.44> <Mt= 0.00> <Spt= 0.11> <nCl=122> <al=0.05> <DB= 2871.7635> <Mlp= 4193.8925> <PB=10000000> 
    RCSP exact solver info for graph G_0 : TT = 0.047222, pt = 0.001798, dt = 0.043017, ct = 0.001015, ndl = 3502', bdl = 74169', odl = 6588', odf = 33363', bsi = 1430', cnt = 2838', bdch = 277965', odch = 49371', lcp = 57415', #sols = 150
<DWph=0> <it= 13> <et=648.59> <Mt= 0.04> <Spt= 0.10> <nCl=112> <al=0.00> <DB= 3011.6455> <Mlp= 4193.6974> <PB=10000000> 
    RCSP exact solver info for graph G_0 : TT = 0.049256, pt = 0.001601, dt = 0.045279, ct = 0.001076, ndl = 3731', bdl = 80072', odl = 6822', odf = 34125', bsi = 1452', cnt = 2993', bdch = 296906', odch = 52961', lcp = 60715', #sols = 150
<DWph=0> <it= 14> <et=648.77> <Mt= 0.04> <Spt= 0.13> <nCl=118> <al=0.00> <DB= 3501.2351> <Mlp= 4193.4423> <PB=10000000> 
    RCSP exact solver info for graph G_0 : TT = 0.051807, pt = 0.001947, dt = 0.047045, ct = 0.001456, ndl = 3732', bdl = 82003', odl = 6773', odf = 33821', bsi = 1414', cnt = 2740', bdch = 297375', odch = 52794', lcp = 59994', #sols = 150
<DWph=0> <it= 15> <et=648.96> <Mt= 0.09> <Spt= 0.11> <nCl=117> <al=0.00> <DB= 3772.5882> <Mlp= 4192.5882> <PB=10000000> 
    RCSP exact solver info for graph G_0 : TT = 0.050583, pt = 0.002308, dt = 0.045359, ct = 0.001403, ndl = 3562', bdl = 80563', odl = 6772', odf = 33927', bsi = 1391', cnt = 2631', bdch = 289799', odch = 48866', lcp = 56623', #sols = 146
<DWph=0> <it= 16> <et=649.07> <Mt= 0.02> <Spt= 0.09> <nCl= 69> <al=0.00> <DB= 3850.1033> <Mlp= 4192.4935> <PB=10000000> 
    RCSP exact solver info for graph G_0 : TT = 0.046164, pt = 0.00166, dt = 0.042399, ct = 0.000993, ndl = 3501', bdl = 73685', odl = 6618', odf = 33130', bsi = 1381', cnt = 2726', bdch = 270968', odch = 45737', lcp = 54433', #sols = 144
<DWph=0> <it= 17> <et=649.17> <Mt= 0.01> <Spt= 0.09> <nCl= 57> <al=0.00> <DB= 4030.8837> <Mlp= 4192.4935> <PB=10000000> 
    RCSP exact solver info for graph G_0 : TT = 0.048461, pt = 0.001703, dt = 0.044329, ct = 0.001167, ndl = 3357', bdl = 70353', odl = 6534', odf = 32328', bsi = 1314', cnt = 2397', bdch = 257709', odch = 46357', lcp = 53779', #sols = 150
<DWph=0> <it= 18> <et=649.30> <Mt= 0.04> <Spt= 0.09> <nCl=100> <al=0.00> <DB= 4121.3886> <Mlp= 4192.3523> <PB=10000000> 
    RCSP exact solver info for graph G_0 : TT = 0.048855, pt = 0.00172, dt = 0.044837, ct = 0.001146, ndl = 3399', bdl = 72034', odl = 6669', odf = 32765', bsi = 1342', cnt = 2370', bdch = 265702', odch = 47036', lcp = 56387', #sols = 150
<DWph=0> <it= 19> <et=649.39> <Mt= 0.00> <Spt= 0.09> <nCl= 57> <al=0.00> <DB= 4121.3886> <Mlp= 4192.3523> <PB=10000000> 
    RCSP exact solver info for graph G_0 : TT = 0.051962, pt = 0.001844, dt = 0.047685, ct = 0.001028, ndl = 3359', bdl = 72804', odl = 6581', odf = 32710', bsi = 1262', cnt = 2203', bdch = 261794', odch = 46199', lcp = 53541', #sols = 150
<DWph=0> <it= 20> <et=649.51> <Mt= 0.02> <Spt= 0.09> <nCl= 74> <al=0.10> <DB= 4172.3751> <Mlp= 4192.3468> <PB=10000000> 
    RCSP exact solver info for graph G_0 : TT = 0.049448, pt = 0.001821, dt = 0.045382, ct = 0.001086, ndl = 3406', bdl = 71439', odl = 6470', odf = 32502', bsi = 1333', cnt = 2414', bdch = 256969', odch = 46275', lcp = 52688', #sols = 150
<DWph=0> <it= 21> <et=649.60> <Mt= 0.01> <Spt= 0.09> <nCl= 58> <al=0.00> <DB= 4177.7705> <Mlp= 4192.3468> <PB=10000000> 
    RCSP exact solver info for graph G_0 : TT = 0.051947, pt = 0.001974, dt = 0.047506, ct = 0.001091, ndl = 3523', bdl = 76557', odl = 6637', odf = 33153', bsi = 1297', cnt = 2510', bdch = 277468', odch = 48198', lcp = 55807', #sols = 150
<DWph=0> <it= 22> <et=649.70> <Mt= 0.00> <Spt= 0.10> <nCl= 88> <al=0.10> <DB= 4177.7705> <Mlp= 4192.3468> <PB=10000000> 
    RCSP exact solver info for graph G_0 : TT = 0.050492, pt = 0.001846, dt = 0.046152, ct = 0.001165, ndl = 3452', bdl = 72500', odl = 6471', odf = 32373', bsi = 1314', cnt = 2454', bdch = 262497', odch = 46875', lcp = 53709', #sols = 150
<DWph=0> <it= 23> <et=649.79> <Mt= 0.00> <Spt= 0.09> <nCl= 69> <al=0.19> <DB= 4177.7705> <Mlp= 4192.3468> <PB=10000000> 
    RCSP exact solver info for graph G_0 : TT = 0.053779, pt = 0.001856, dt = 0.049533, ct = 0.000996, ndl = 3454', bdl = 73898', odl = 6515', odf = 32614', bsi = 1264', cnt = 2384', bdch = 266531', odch = 47508', lcp = 53913', #sols = 150
<DWph=0> <it= 24> <et=649.88> <Mt= 0.01> <Spt= 0.07> <nCl= 17> <al=0.27> <DB= 4177.7705> <Mlp= 4192.3468> <PB=10000000> 
    RCSP exact solver info for graph G_0 : TT = 0.053966, pt = 0.001943, dt = 0.049541, ct = 0.001111, ndl = 3420', bdl = 71219', odl = 6643', odf = 32956', bsi = 1293', cnt = 2244', bdch = 269039', odch = 48852', lcp = 57136', #sols = 150
<DWph=0> <it= 25> <et=649.95> <Mt= 0.00> <Spt= 0.08> <nCl= 11> <al=0.34> <DB= 4187.3743> <Mlp= 4192.3455> <PB=10000000> 
    RCSP exact solver info for graph G_0 : TT = 0.056444, pt = 0.001874, dt = 0.0519, ct = 0.001087, ndl = 3370', bdl = 69546', odl = 6498', odf = 32283', bsi = 1306', cnt = 2377', bdch = 256644', odch = 45614', lcp = 54426', #sols = 150
<DWph=0> <it= 26> <et=650.04> <Mt= 0.01> <Spt= 0.08> <nCl= 15> <al=0.24> <DB= 4186.7551> <Mlp= 4192.3455> <PB=10000000> 
    RCSP exact solver info for graph G_0 : TT = 0.055687, pt = 0.002012, dt = 0.050906, ct = 0.001072, ndl = 3316', bdl = 69324', odl = 6547', odf = 32513', bsi = 1297', cnt = 2183', bdch = 255646', odch = 45696', lcp = 53835', #sols = 150
<DWph=0> <it= 27> <et=650.12> <Mt= 0.01> <Spt= 0.07> <nCl=  3> <al=0.32> <DB= 4185.5027> <Mlp= 4192.3452> <PB=10000000> 
    RCSP exact solver info for graph G_0 : TT = 0.051897, pt = 0.001875, dt = 0.047308, ct = 0.001208, ndl = 3520', bdl = 73836', odl = 6625', odf = 33005', bsi = 1316', cnt = 2508', bdch = 275171', odch = 49851', lcp = 57979', #sols = 150
    RCSP exact solver info for graph G_0 : TT = 0.048779, pt = 0.00196, dt = 0.044601, ct = 0.001032, ndl = 3243', bdl = 67382', odl = 6270', odf = 31315', bsi = 1317', cnt = 2118', bdch = 235287', odch = 41507', lcp = 48564', #sols = 150
<DWph=0> <it= 28> <et=650.28> <Mt= 0.00> <Spt= 0.15> <nCl= 50> <al=0.00> <DB= 4192.3437> <Mlp= 4192.3437> <PB=10000000> 
RCSP solver dynamic params and stats :  bidir.bord. = 525 aver.obdmd = 9.53279 aver.buck.num. = 11.123 nbR1C = 39 with avMem = 25.9487
@@ 1064 2 4192.34 0.0477501 0.052987 48.7555 650.28
    Full reduced cost fixing is not called (gap ratio is 0.999994)
ColGenEvalAlg final dual bound: 4192.34 (rounded: 4192.34)
False gap improvement since the last cut separation : 0.00463851 (4190.4)
Cut generation tailing off counter increased to 1
Current active cuts : CAP(11,233.995) R1C(5+34,222.824) 1rowPackR1C(5) 3rowPackR1C(21) 4rowPackR1C(10) 5rowPackR1C(3)
2 Rank-1 1-rows pack. cuts added ,  max viol. = 0.13421, aver. viol. = 0.122449
150 Rank-1 3-rows pack. cuts added ,  max viol. = 0.306122, aver. viol. = 0.201393
Building structures for heuristic rank-1 packing cut separation...done!
100 Rank-1 4-rows pack. cuts added ,  max viol. = 0.319958, aver. viol. = 0.181577
100 Rank-1 5-rows pack. cuts added ,  max viol. = 0.319958, aver. viol. = 0.221017
Shrinking heuristic shrunk 57 edges
In total 3 RCC cut(s) are found by the global pool greedy search heuristic 
----- Add fac. cuts : CAP(3) R1C(352), max.viol = 0.319958, aver.viol = 0.201102, sep/add took 0.395095/1.52199 sec. -----
50313 columns (8522 active), 1163 dyn. constrs. (418 active), 1572 art. vars. (660 active)
<DWph=2> <it=  1> <et=652.55> <Mt= 0.24> <Spt= 0.06> <nCl=  5> <al=0.50> <DB= 4188.2858> <Mlp= 4194.5945> <PB=10000000> 
<DWph=2> <it=  2> <et=652.64> <Mt= 0.01> <Spt= 0.08> <nCl=  9> <al=0.55> <DB= 4191.9184> <Mlp= 4194.5845> <PB=10000000> 
<DWph=2> <it=  3> <et=652.77> <Mt= 0.01> <Spt= 0.11> <nCl= 14> <al=0.00> <DB= 4194.5733> <Mlp= 4194.5733> <PB=10000000> 
<DWph=1> <it=  4> <et=652.85> <Mt= 0.00> <Spt= 0.08> <nCl= 18> <al=0.35> <DB= 4091.4832> <Mlp= 4194.5733> <PB=10000000> 
<DWph=1> <it=  5> <et=652.99> <Mt= 0.01> <Spt= 0.13> <nCl= 21> <al=0.00> <DB= 4190.7015> <Mlp= 4194.5733> <PB=10000000> 
<DWph=1> <it=  6> <et=653.14> <Mt= 0.01> <Spt= 0.14> <nCl= 26> <al=0.00> <DB= 4057.5969> <Mlp= 4194.5733> <PB=10000000> 
<DWph=1> <it=  7> <et=653.22> <Mt= 0.02> <Spt= 0.06> <nCl=  8> <al=0.22> <DB= 4058.3936> <Mlp= 4194.5733> <PB=10000000> 
<DWph=1> <it=  8> <et=653.31> <Mt= 0.02> <Spt= 0.07> <nCl= 10> <al=0.12> <DB= 3371.0562> <Mlp= 4194.5569> <PB=10000000> 
<DWph=1> <it=  9> <et=653.43> <Mt= 0.05> <Spt= 0.07> <nCl= 18> <al=0.02> <DB= 3960.1612> <Mlp= 4194.4154> <PB=10000000> 
<DWph=1> <it= 10> <et=653.51> <Mt= 0.01> <Spt= 0.06> <nCl=  7> <al=0.11> <DB= 4005.5483> <Mlp= 4194.4101> <PB=10000000> 
<DWph=1> <it= 11> <et=653.66> <Mt= 0.02> <Spt= 0.14> <nCl= 25> <al=0.00> <DB= 4194.3869> <Mlp= 4194.3869> <PB=10000000> 
    RCSP exact solver info for graph G_0 : TT = 0.051339, pt = 0.002487, dt = 0.046368, ct = 0.001215, ndl = 3784', bdl = 80018', odl = 6776', odf = 33804', bsi = 1528', cnt = 4073', bdch = 305046', odch = 52398', lcp = 61964', #sols = 150
<DWph=0> <it= 12> <et=653.79> <Mt= 0.00> <Spt= 0.13> <nCl=138> <al=0.10> <DB= 3794.0687> <Mlp= 4194.3869> <PB=10000000> 
    RCSP exact solver info for graph G_0 : TT = 0.051002, pt = 0.002373, dt = 0.04601, ct = 0.00126, ndl = 3970', bdl = 81803', odl = 6933', odf = 35020', bsi = 1527', cnt = 4251', bdch = 319373', odch = 58044', lcp = 63580', #sols = 150
<DWph=0> <it= 13> <et=653.92> <Mt= 0.02> <Spt= 0.11> <nCl= 75> <al=0.00> <DB= 4107.3536> <Mlp= 4194.3718> <PB=10000000> 
    RCSP exact solver info for graph G_0 : TT = 0.053566, pt = 0.002593, dt = 0.048341, ct = 0.001357, ndl = 4160', bdl = 85266', odl = 7195', odf = 36237', bsi = 1499', cnt = 4256', bdch = 338349', odch = 61119', lcp = 67911', #sols = 150
<DWph=0> <it= 14> <et=654.03> <Mt= 0.01> <Spt= 0.09> <nCl= 44> <al=0.10> <DB= 4112.4629> <Mlp= 4194.3689> <PB=10000000> 
    RCSP exact solver info for graph G_0 : TT = 0.050998, pt = 0.002127, dt = 0.046336, ct = 0.001194, ndl = 3814', bdl = 78905', odl = 6683', odf = 33348', bsi = 1526', cnt = 3956', bdch = 306706', odch = 53151', lcp = 60959', #sols = 150
<DWph=0> <it= 15> <et=654.15> <Mt= 0.02> <Spt= 0.11> <nCl= 70> <al=0.00> <DB= 4144.8626> <Mlp= 4194.2884> <PB=10000000> 
    RCSP exact solver info for graph G_0 : TT = 0.056228, pt = 0.002459, dt = 0.050327, ct = 0.002029, ndl = 3779', bdl = 78358', odl = 6780', odf = 33768', bsi = 1519', cnt = 3708', bdch = 300969', odch = 52461', lcp = 59743', #sols = 150
    RCSP exact solver info for graph G_0 : TT = 0.052625, pt = 0.002128, dt = 0.047924, ct = 0.001122, ndl = 3660', bdl = 76022', odl = 6771', odf = 33637', bsi = 1530', cnt = 3421', bdch = 286094', odch = 50337', lcp = 57832', #sols = 150
<DWph=0> <it= 16> <et=654.36> <Mt= 0.01> <Spt= 0.19> <nCl=107> <al=0.00> <DB= 4194.2884> <Mlp= 4194.2884> <PB=10000000> 
RCSP solver dynamic params and stats :  bidir.bord. = 525 aver.obdmd = 9.53279 aver.buck.num. = 11.123 nbR1C = 45 with avMem = 28.2667
@@ 1064 3 4194.29 0.0489138 0.052356 48.7555 654.36
    Full reduced cost fixing is not called (gap ratio is 0.999994)
ColGenEvalAlg final dual bound: 4194.29 (rounded: 4194.29)
False gap improvement since the last cut separation : 0.00463868 (4192.34)
Cut generation tailing off counter increased to 2
Current active cuts : CAP(10,223.255) R1C(5+40,237.166) 1rowPackR1C(5) 3rowPackR1C(17) 4rowPackR1C(16) 5rowPackR1C(7)
4 Rank-1 1-rows pack. cuts added ,  max viol. = 0.120482, aver. viol. = 0.0618628
150 Rank-1 3-rows pack. cuts added ,  max viol. = 0.219648, aver. viol. = 0.143108
Building structures for heuristic rank-1 packing cut separation...done!
100 Rank-1 4-rows pack. cuts added ,  max viol. = 0.235403, aver. viol. = 0.0906673
100 Rank-1 5-rows pack. cuts added ,  max viol. = 0.235403, aver. viol. = 0.196715
Shrinking heuristic shrunk 45 edges
In total 3 RCC cut(s) are found by the global pool greedy search heuristic 
----- Add fac. cuts : CAP(3) R1C(354), max.viol = 0.300278, aver.viol = 0.144378, sep/add took 0.571565/1.79074 sec. -----
50908 columns (9117 active), 1224 dyn. constrs. (427 active), 1929 art. vars. (669 active)
In total 6 RCC cut(s) are found by the connected components heuristic 
Shrinking heuristic shrunk 111 edges
In total 2 RCC cut(s) are found by the Fractional capacity min-cut heuristic 
In total 2 RCC cut(s) are found by the global pool greedy search heuristic 
----- Add core cuts : CAP(10), max.viol = 1, aver.viol = 1, sep/add took 0.0109104/0.228171 sec. -----
<DWph=2> <it=  1> <et=657.41> <Mt= 0.31> <Spt= 0.07> <nCl= 15> <al=0.50> <DB= 4180.7192> <Mlp= 4194.8500> <PB=10000000> 
<DWph=2> <it=  2> <et=657.48> <Mt= 0.01> <Spt= 0.06> <nCl= 10> <al=0.40> <DB= 4183.5530> <Mlp= 4194.8500> <PB=10000000> 
<DWph=2> <it=  3> <et=657.63> <Mt= 0.01> <Spt= 0.13> <nCl= 25> <al=0.00> <DB= 4154.8500> <Mlp= 4194.8500> <PB=10000000> 
<DWph=2> <it=  4> <et=657.77> <Mt= 0.02> <Spt= 0.12> <nCl= 16> <al=0.00> <DB= 4194.8500> <Mlp= 4194.8500> <PB=10000000> 
<DWph=1> <it=  5> <et=657.84> <Mt= 0.01> <Spt= 0.07> <nCl= 19> <al=0.10> <DB= 4108.7082> <Mlp= 4194.8500> <PB=10000000> 
<DWph=1> <it=  6> <et=658.12> <Mt= 0.19> <Spt= 0.08> <nCl= 30> <al=0.19> <DB= 4106.1450> <Mlp= 4194.8500> <PB=10000000> 
<DWph=1> <it=  7> <et=658.52> <Mt= 0.32> <Spt= 0.08> <nCl= 27> <al=0.27> <DB= 4081.0963> <Mlp= 4194.6900> <PB=10000000> 
<DWph=1> <it=  8> <et=658.64> <Mt= 0.05> <Spt= 0.08> <nCl= 18> <al=0.17> <DB= 4115.8938> <Mlp= 4194.6000> <PB=10000000> 
<DWph=1> <it=  9> <et=658.74> <Mt= 0.02> <Spt= 0.08> <nCl= 30> <al=0.07> <DB= 4151.1596> <Mlp= 4194.6000> <PB=10000000> 
<DWph=1> <it= 10> <et=658.84> <Mt= 0.01> <Spt= 0.08> <nCl= 30> <al=0.16> <DB= 4174.9413> <Mlp= 4194.6000> <PB=10000000> 
<DWph=1> <it= 11> <et=658.92> <Mt= 0.01> <Spt= 0.08> <nCl= 18> <al=0.06> <DB= 4181.9823> <Mlp= 4194.6000> <PB=10000000> 
<DWph=1> <it= 12> <et=659.08> <Mt= 0.00> <Spt= 0.14> <nCl= 17> <al=0.00> <DB= 4194.5062> <Mlp= 4194.6000> <PB=10000000> 
<DWph=1> <it= 13> <et=659.15> <Mt= 0.01> <Spt= 0.08> <nCl= 18> <al=0.06> <DB= 4194.5065> <Mlp= 4194.6000> <PB=10000000> 
<DWph=1> <it= 14> <et=659.23> <Mt= 0.01> <Spt= 0.06> <nCl=  4> <al=0.00> <DB= 4194.6000> <Mlp= 4194.6000> <PB=10000000> 
    RCSP exact solver info for graph G_0 : TT = 0.050984, pt = 0.002759, dt = 0.045652, ct = 0.001222, ndl = 3822', bdl = 85456', odl = 7279', odf = 36162', bsi = 1477', cnt = 2910', bdch = 326858', odch = 57080', lcp = 68677', #sols = 150
<DWph=0> <it= 15> <et=659.38> <Mt= 0.00> <Spt= 0.15> <nCl=150> <al=0.00> <DB= 3557.8328> <Mlp= 4194.6000> <PB=10000000> 
    RCSP exact solver info for graph G_0 : TT = 0.050387, pt = 0.002947, dt = 0.044973, ct = 0.001248, ndl = 3436', bdl = 72834', odl = 6519', odf = 32286', bsi = 1437', cnt = 2899', bdch = 258072', odch = 45718', lcp = 51055', #sols = 150
<DWph=0> <it= 16> <et=659.79> <Mt= 0.28> <Spt= 0.13> <nCl=121> <al=0.00> <DB= 4064.2482> <Mlp= 4194.6000> <PB=10000000> 
    RCSP exact solver info for graph G_0 : TT = 0.053266, pt = 0.003254, dt = 0.047649, ct = 0.001189, ndl = 3560', bdl = 76693', odl = 6969', odf = 34817', bsi = 1371', cnt = 2828', bdch = 281394', odch = 49634', lcp = 57662', #sols = 150
<DWph=0> <it= 17> <et=660.20> <Mt= 0.31> <Spt= 0.10> <nCl= 56> <al=0.07> <DB= 4135.7598> <Mlp= 4194.6000> <PB=10000000> 
    RCSP exact solver info for graph G_0 : TT = 0.054005, pt = 0.003655, dt = 0.047787, ct = 0.001232, ndl = 3431', bdl = 72324', odl = 6531', odf = 32779', bsi = 1449', cnt = 3143', bdch = 258432', odch = 46436', lcp = 52203', #sols = 150
    RCSP exact solver info for graph G_0 : TT = 0.057796, pt = 0.003307, dt = 0.051907, ct = 0.001247, ndl = 3591', bdl = 74758', odl = 6717', odf = 33577', bsi = 1368', cnt = 2975', bdch = 279205', odch = 52334', lcp = 57645', #sols = 150
<DWph=0> <it= 18> <et=660.76> <Mt= 0.30> <Spt= 0.25> <nCl=211> <al=0.00> <DB= 4194.6000> <Mlp= 4194.6000> <PB=10000000> 
RCSP solver dynamic params and stats :  bidir.bord. = 525 aver.obdmd = 9.53279 aver.buck.num. = 11.123 nbR1C = 72 with avMem = 30.0556
@@ 1064 4 4194.6 0.0488212 0.053154 48.7555 660.76
    Full reduced cost fixing is not called (gap ratio is 0.999994)
ColGenEvalAlg final dual bound: 4194.6 (rounded: 4194.6)
False gap improvement since the last cut separation : 0.000742879 (4194.29)
----- Cut generation is stopped due to tailing off -----
Current active cuts : CAP(12,240.703) R1C(5+67,237.11) 1rowPackR1C(5) 3rowPackR1C(31) 4rowPackR1C(28) 5rowPackR1C(8)
**** SB phase 3 evaluation of candidate 1, branch 2 ( x[(104, 3)]_0_12467_0_OspV <= 0 ), value = 4179.59
<DWph=2> <it=  1> <et=661.39> <Mt= 0.13> <Spt= 0.06> <nCl= 30> <al=0.50> <DB=-9756.1259> <Mlp= 4179.5938> <PB=10000000> 
<DWph=2> <it=  2> <et=661.60> <Mt= 0.04> <Spt= 0.16> <nCl= 16> <al=0.00> <DB= 4179.2187> <Mlp= 4179.5938> <PB=10000000> 
<DWph=1> <it=  3> <et=661.66> <Mt= 0.00> <Spt= 0.06> <nCl=  3> <al=0.45> <DB= 4170.8935> <Mlp= 4179.5938> <PB=10000000> 
<DWph=1> <it=  4> <et=661.75> <Mt= 0.02> <Spt= 0.07> <nCl= 12> <al=0.51> <DB= 4169.9503> <Mlp= 4179.5937> <PB=10000000> 
<DWph=1> <it=  5> <et=661.91> <Mt= 0.02> <Spt= 0.14> <nCl= 19> <al=0.11> <DB= 4178.3796> <Mlp= 4179.5938> <PB=10000000> 
<DWph=1> <it=  6> <et=662.04> <Mt= 0.00> <Spt= 0.13> <nCl= 11> <al=0.00> <DB= 4179.0312> <Mlp= 4179.5937> <PB=10000000> 
<DWph=1> <it=  7> <et=662.11> <Mt= 0.01> <Spt= 0.06> <nCl=  8> <al=0.35> <DB= 4179.0350> <Mlp= 4179.5937> <PB=10000000> 
<DWph=1> <it=  8> <et=662.25> <Mt= 0.00> <Spt= 0.13> <nCl=  8> <al=0.00> <DB= 4179.0312> <Mlp= 4179.5937> <PB=10000000> 
<DWph=1> <it=  9> <et=662.38> <Mt= 0.00> <Spt= 0.13> <nCl=  1> <al=0.00> <DB= 4179.5937> <Mlp= 4179.5937> <PB=10000000> 
    RCSP exact solver info for graph G_0 : TT = 0.057285, pt = 0.002091, dt = 0.051955, ct = 0.001256, ndl = 3960', bdl = 87205', odl = 7385', odf = 37344', bsi = 1550', cnt = 3947', bdch = 358466', odch = 69969', lcp = 72652', #sols = 150
<DWph=0> <it= 10> <et=662.48> <Mt= 0.01> <Spt= 0.10> <nCl=144> <al=0.22> <DB= 3628.7937> <Mlp= 4179.5938> <PB=10000000> 
    RCSP exact solver info for graph G_0 : TT = 0.054705, pt = 0.001577, dt = 0.049386, ct = 0.001579, ndl = 3774', bdl = 81512', odl = 7193', odf = 36207', bsi = 1516', cnt = 3403', bdch = 328532', odch = 64686', lcp = 66087', #sols = 150
<DWph=0> <it= 11> <et=662.60> <Mt= 0.04> <Spt= 0.08> <nCl= 40> <al=0.12> <DB= 4169.7061> <Mlp= 4179.5893> <PB=10000000> 
    RCSP exact solver info for graph G_0 : TT = 0.059254, pt = 0.001828, dt = 0.054271, ct = 0.001322, ndl = 3709', bdl = 79618', odl = 7114', odf = 35705', bsi = 1537', cnt = 3585', bdch = 319346', odch = 63042', lcp = 64701', #sols = 147
<DWph=0> <it= 12> <et=662.70> <Mt= 0.02> <Spt= 0.08> <nCl= 46> <al=0.02> <DB= 4177.2070> <Mlp= 4179.5893> <PB=10000000> 
    RCSP exact solver info for graph G_0 : TT = 0.054141, pt = 0.001667, dt = 0.049565, ct = 0.001345, ndl = 3769', bdl = 79820', odl = 7040', odf = 35294', bsi = 1558', cnt = 3690', bdch = 325537', odch = 64190', lcp = 66427', #sols = 148
    RCSP exact solver info for graph G_0 : TT = 0.050956, pt = 0.001795, dt = 0.045957, ct = 0.001512, ndl = 3755', bdl = 78452', odl = 7018', odf = 35191', bsi = 1480', cnt = 3535', bdch = 317542', odch = 62226', lcp = 65699', #sols = 150
<DWph=0> <it= 13> <et=662.85> <Mt= 0.00> <Spt= 0.15> <nCl= 72> <al=0.00> <DB= 4179.5893> <Mlp= 4179.5893> <PB=10000000> 
RCSP solver dynamic params and stats :  bidir.bord. = 514.8 aver.obdmd = 9.53279 aver.buck.num. = 11.123 nbR1C = 33 with avMem = 25.2121
@@ 1065 0 4179.59 0.0516296 0.055593 44.8065 662.85
    Full reduced cost fixing is not called (gap ratio is 0.999996)
ColGenEvalAlg final dual bound: 4179.59 (rounded: 4179.59)
Current active cuts : CAP(13,296.753) R1C(5+28,225.501) 1rowPackR1C(5) 3rowPackR1C(15) 4rowPackR1C(9) 5rowPackR1C(4)
150 Rank-1 3-rows pack. cuts added ,  max viol. = 0.0595238, aver. viol. = 0.0269841
Shrinking heuristic shrunk 81 edges
In total 2 RCC cut(s) are found by the Fractional capacity min-cut heuristic 
In total 2 RCC cut(s) are found by the global pool greedy search heuristic 
----- Add fac. cuts : CAP(4) R1C(150), max.viol = 0.0714286, aver.viol = 0.027752, sep/add took 0.0311379/0.934781 sec. -----
51975 columns (9447 active), 742 dyn. constrs. (213 active), 984 art. vars. (455 active)
<DWph=2> <it=  1> <et=664.23> <Mt= 0.31> <Spt= 0.06> <nCl= 30> <al=0.50> <DB=-8800.0625> <Mlp= 4179.6000> <PB=10000000> 
<DWph=2> <it=  2> <et=664.56> <Mt= 0.19> <Spt= 0.13> <nCl= 16> <al=0.10> <DB= 4176.4939> <Mlp= 4179.6000> <PB=10000000> 
<DWph=2> <it=  3> <et=664.67> <Mt= 0.01> <Spt= 0.11> <nCl= 11> <al=0.00> <DB= 4179.6000> <Mlp= 4179.6000> <PB=10000000> 
<DWph=1> <it=  4> <et=664.81> <Mt= 0.00> <Spt= 0.14> <nCl= 11> <al=0.00> <DB= 4179.6000> <Mlp= 4179.6000> <PB=10000000> 
    RCSP exact solver info for graph G_0 : TT = 0.050687, pt = 0.001615, dt = 0.046309, ct = 0.001289, ndl = 3499', bdl = 75167', odl = 6770', odf = 33751', bsi = 1406', cnt = 3378', bdch = 280891', odch = 54479', lcp = 59361', #sols = 150
<DWph=0> <it=  5> <et=664.91> <Mt= 0.00> <Spt= 0.09> <nCl= 87> <al=0.25> <DB= 2848.8000> <Mlp= 4179.6000> <PB=10000000> 
    RCSP exact solver info for graph G_0 : TT = 0.04722, pt = 0.001648, dt = 0.043374, ct = 0.000991, ndl = 3337', bdl = 70631', odl = 6915', odf = 34171', bsi = 1347', cnt = 3062', bdch = 264755', odch = 52148', lcp = 56321', #sols = 150
<DWph=0> <it=  6> <et=665.13> <Mt= 0.15> <Spt= 0.08> <nCl= 45> <al=0.33> <DB= 3853.0500> <Mlp= 4179.6000> <PB=10000000> 
    RCSP exact solver info for graph G_0 : TT = 0.049714, pt = 0.00164, dt = 0.04534, ct = 0.001277, ndl = 3526', bdl = 73592', odl = 7055', odf = 35086', bsi = 1343', cnt = 2901', bdch = 280876', odch = 56555', lcp = 59008', #sols = 150
<DWph=0> <it=  7> <et=665.36> <Mt= 0.15> <Spt= 0.08> <nCl= 53> <al=0.23> <DB= 4172.5373> <Mlp= 4179.6000> <PB=10000000> 
    RCSP exact solver info for graph G_0 : TT = 0.045937, pt = 0.00175, dt = 0.041834, ct = 0.001128, ndl = 3481', bdl = 74203', odl = 6860', odf = 34083', bsi = 1414', cnt = 3069', bdch = 283540', odch = 56051', lcp = 60534', #sols = 150
    RCSP exact solver info for graph G_0 : TT = 0.04815, pt = 0.001552, dt = 0.044292, ct = 0.001064, ndl = 3532', bdl = 74546', odl = 7035', odf = 34808', bsi = 1418', cnt = 3165', bdch = 291393', odch = 57745', lcp = 62205', #sols = 150
<DWph=0> <it=  8> <et=665.68> <Mt= 0.16> <Spt= 0.16> <nCl=110> <al=0.00> <DB= 4179.6000> <Mlp= 4179.6000> <PB=10000000> 
RCSP solver dynamic params and stats :  bidir.bord. = 514.8 aver.obdmd = 9.53279 aver.buck.num. = 11.123 nbR1C = 35 with avMem = 24.5143
@@ 1065 1 4179.6 0.0453796 0.047598 44.8065 665.68
    Full reduced cost fixing is not called (gap ratio is 0.999996)
ColGenEvalAlg final dual bound: 4179.6 (rounded: 4179.6)
False gap improvement since the last cut separation : 2.56342e-05 (4179.59)
Separator R1C not in maximum phase
Cut generation tailing off counter increased to 0
Current active cuts : CAP(14,308.9) R1C(5+30,220.15) 1rowPackR1C(5) 3rowPackR1C(17) 4rowPackR1C(9) 5rowPackR1C(4)
Building structures for heuristic rank-1 packing cut separation...done!
In total 3 RCC cut(s) are found by the connected components heuristic 
Shrinking heuristic shrunk 108 edges
In total 2 RCC cut(s) are found by the Fractional capacity min-cut heuristic 
----- Add fac. cuts : CAP(5), max.viol = 1, aver.viol = 1, sep/add took 0.128249/0.0822656 sec. -----
52338 columns (9810 active), 747 dyn. constrs. (76 active), 989 art. vars. (318 active)
<DWph=2> <it=  1> <et=666.10> <Mt= 0.12> <Spt= 0.05> <nCl=  7> <al=0.50> <DB= 3287.5452> <Mlp= 4179.6087> <PB=10000000> 
<DWph=2> <it=  2> <et=666.16> <Mt= 0.00> <Spt= 0.05> <nCl= 12> <al=0.55> <DB= 3409.0848> <Mlp= 4179.6087> <PB=10000000> 
<DWph=2> <it=  3> <et=666.27> <Mt= 0.01> <Spt= 0.11> <nCl=  7> <al=0.19> <DB= 4177.8388> <Mlp= 4179.6087> <PB=10000000> 
<DWph=2> <it=  4> <et=666.38> <Mt= 0.00> <Spt= 0.11> <nCl= 16> <al=0.00> <DB= 4144.6668> <Mlp= 4179.6087> <PB=10000000> 
<DWph=2> <it=  5> <et=666.49> <Mt= 0.00> <Spt= 0.10> <nCl=  6> <al=0.00> <DB= 4179.1800> <Mlp= 4179.6087> <PB=10000000> 
<DWph=2> <it=  6> <et=666.61> <Mt= 0.01> <Spt= 0.11> <nCl=  8> <al=0.00> <DB= 4179.6087> <Mlp= 4179.6087> <PB=10000000> 
<DWph=1> <it=  7> <et=666.68> <Mt= 0.00> <Spt= 0.07> <nCl= 30> <al=0.20> <DB= 2803.3258> <Mlp= 4179.6087> <PB=10000000> 
<DWph=1> <it=  8> <et=666.74> <Mt= 0.00> <Spt= 0.06> <nCl= 14> <al=0.10> <DB= 3974.0926> <Mlp= 4179.6087> <PB=10000000> 
<DWph=1> <it=  9> <et=666.81> <Mt= 0.01> <Spt= 0.06> <nCl= 18> <al=0.00> <DB= 4175.1087> <Mlp= 4179.6087> <PB=10000000> 
<DWph=1> <it= 10> <et=666.88> <Mt= 0.01> <Spt= 0.06> <nCl= 12> <al=0.00> <DB= 4175.1068> <Mlp= 4179.6068> <PB=10000000> 
<DWph=1> <it= 11> <et=666.95> <Mt= 0.00> <Spt= 0.07> <nCl= 11> <al=0.01> <DB= 4175.1068> <Mlp= 4179.6068> <PB=10000000> 
<DWph=1> <it= 12> <et=667.02> <Mt= 0.01> <Spt= 0.06> <nCl=  6> <al=0.10> <DB= 4178.2806> <Mlp= 4179.6061> <PB=10000000> 
<DWph=1> <it= 13> <et=667.08> <Mt= 0.01> <Spt= 0.06> <nCl=  9> <al=0.00> <DB= 4178.9029> <Mlp= 4179.6059> <PB=10000000> 
<DWph=1> <it= 14> <et=667.15> <Mt= 0.00> <Spt= 0.06> <nCl= 11> <al=0.00> <DB= 4178.9893> <Mlp= 4179.6058> <PB=10000000> 
<DWph=1> <it= 15> <et=667.22> <Mt= 0.00> <Spt= 0.06> <nCl= 10> <al=0.00> <DB= 4179.2976> <Mlp= 4179.6058> <PB=10000000> 
<DWph=1> <it= 16> <et=667.28> <Mt= 0.01> <Spt= 0.06> <nCl= 11> <al=0.00> <DB= 4179.2976> <Mlp= 4179.6058> <PB=10000000> 
<DWph=1> <it= 17> <et=667.35> <Mt= 0.01> <Spt= 0.06> <nCl= 14> <al=0.00> <DB= 4178.9893> <Mlp= 4179.6058> <PB=10000000> 
<DWph=1> <it= 18> <et=667.45> <Mt= 0.00> <Spt= 0.06> <nCl=  8> <al=0.00> <DB= 4179.6056> <Mlp= 4179.6056> <PB=10000000> 
    RCSP exact solver info for graph G_0 : TT = 0.047384, pt = 0.001285, dt = 0.043709, ct = 0.00119, ndl = 3570', bdl = 78887', odl = 7134', odf = 35477', bsi = 1293', cnt = 2585', bdch = 309003', odch = 54915', lcp = 64444', #sols = 150
<DWph=0> <it= 19> <et=667.53> <Mt= 0.00> <Spt= 0.07> <nCl= 85> <al=0.00> <DB= 3709.0260> <Mlp= 4179.6056> <PB=10000000> 
    RCSP exact solver info for graph G_0 : TT = 0.048302, pt = 0.001506, dt = 0.044267, ct = 0.001232, ndl = 3441', bdl = 76185', odl = 6914', odf = 34276', bsi = 1334', cnt = 2821', bdch = 289399', odch = 52035', lcp = 60562', #sols = 150
<DWph=0> <it= 20> <et=667.63> <Mt= 0.03> <Spt= 0.08> <nCl= 78> <al=0.00> <DB= 3307.8056> <Mlp= 4179.6056> <PB=10000000> 
    RCSP exact solver info for graph G_0 : TT = 0.060383, pt = 0.001783, dt = 0.055427, ct = 0.001674, ndl = 3652', bdl = 80299', odl = 7238', odf = 35288', bsi = 1361', cnt = 3153', bdch = 316924', odch = 62590', lcp = 65833', #sols = 150
<DWph=0> <it= 21> <et=667.75> <Mt= 0.03> <Spt= 0.09> <nCl= 74> <al=0.00> <DB= 4161.4429> <Mlp= 4179.6056> <PB=10000000> 
    RCSP exact solver info for graph G_0 : TT = 0.049447, pt = 0.001706, dt = 0.045407, ct = 0.001145, ndl = 3766', bdl = 81382', odl = 7165', odf = 35472', bsi = 1386', cnt = 3430', bdch = 320141', odch = 63230', lcp = 67417', #sols = 150
<DWph=0> <it= 22> <et=667.85> <Mt= 0.03> <Spt= 0.08> <nCl= 79> <al=0.00> <DB= 4179.6056> <Mlp= 4179.6057> <PB=10000000> 
RCSP solver dynamic params and stats :  bidir.bord. = 514.8 aver.obdmd = 9.53279 aver.buck.num. = 11.123 nbR1C = 35 with avMem = 24.5143
@@ 1065 2 4179.61 0.0485128 0.057101 44.8065 667.85
    Full reduced cost fixing is not called (gap ratio is 0.999996)
ColGenEvalAlg final dual bound: 4179.61 (rounded: 4179.61)
False gap improvement since the last cut separation : 1.35191e-05 (4179.6)
Separator R1C not in maximum phase
Cut generation tailing off counter increased to 0
Current active cuts : CAP(15,308.821) R1C(5+30,199.071) 1rowPackR1C(5) 3rowPackR1C(17) 4rowPackR1C(9) 5rowPackR1C(4)
50 Rank-1 3-rows pack. cuts added ,  max viol. = 0.0451978, aver. viol. = 0.0289266
Building structures for heuristic rank-1 packing cut separation...done!
8 Rank-1 4-rows pack. cuts added ,  max viol. = 0.0225989, aver. viol. = 0.0225989
21 Rank-1 5-rows pack. cuts added ,  max viol. = 0.0338983, aver. viol. = 0.023675
Shrinking heuristic shrunk 74 edges
----- Add fac. cuts : R1C(79), max.viol = 0.0508475, aver.viol = 0.0278195, sep/add took 0.264499/0.266845 sec. -----
52857 columns (6931 active), 688 dyn. constrs. (145 active), 1068 art. vars. (387 active)
<DWph=2> <it=  1> <et=668.61> <Mt= 0.08> <Spt= 0.06> <nCl= 30> <al=0.50> <DB=-1439969211.2600> <Mlp= 4179.6163> <PB=10000000> 
<DWph=2> <it=  2> <et=668.69> <Mt= 0.03> <Spt= 0.05> <nCl= 30> <al=0.55> <DB=-2591948419.0033> <Mlp= 4179.6163> <PB=10000000> 
<DWph=2> <it=  3> <et=668.81> <Mt= 0.05> <Spt= 0.06> <nCl= 30> <al=0.60> <DB=-1749581671.0679> <Mlp= 4179.6163> <PB=10000000> 
<DWph=2> <it=  4> <et=668.89> <Mt= 0.03> <Spt= 0.06> <nCl= 30> <al=0.64> <DB=-1049742767.8262> <Mlp= 4179.6163> <PB=10000000> 
<DWph=2> <it=  5> <et=668.99> <Mt= 0.04> <Spt= 0.06> <nCl= 30> <al=0.67> <DB=-1417129203.1214> <Mlp= 4179.6163> <PB=10000000> 
<DWph=2> <it=  6> <et=669.09> <Mt= 0.04> <Spt= 0.06> <nCl= 30> <al=0.70> <DB=-2023.9385> <Mlp= 4179.6163> <PB=10000000> 
<DWph=2> <it=  7> <et=669.19> <Mt= 0.04> <Spt= 0.06> <nCl= 30> <al=0.73> <DB= 1759.5012> <Mlp= 4179.6163> <PB=10000000> 
<DWph=2> <it=  8> <et=669.27> <Mt= 0.02> <Spt= 0.06> <nCl=  9> <al=0.76> <DB= 3029.9689> <Mlp= 4179.6163> <PB=10000000> 
<DWph=2> <it=  9> <et=669.40> <Mt= 0.02> <Spt= 0.11> <nCl= 34> <al=0.57> <DB= 3365.3679> <Mlp= 4179.6163> <PB=10000000> 
<DWph=2> <it= 10> <et=669.55> <Mt= 0.02> <Spt= 0.12> <nCl= 31> <al=0.37> <DB= 3705.4907> <Mlp= 4179.6163> <PB=10000000> 
<DWph=2> <it= 11> <et=669.68> <Mt= 0.03> <Spt= 0.10> <nCl=  6> <al=0.17> <DB= 3739.9768> <Mlp= 4179.6163> <PB=10000000> 
<DWph=2> <it= 12> <et=669.80> <Mt= 0.03> <Spt= 0.11> <nCl= 31> <al=0.00> <DB=  894.4907> <Mlp= 4179.6163> <PB=10000000> 
<DWph=2> <it= 13> <et=669.95> <Mt= 0.02> <Spt= 0.12> <nCl= 12> <al=0.00> <DB= 4179.6163> <Mlp= 4179.6163> <PB=10000000> 
<DWph=1> <it= 14> <et=670.01> <Mt= 0.00> <Spt= 0.06> <nCl= 30> <al=0.28> <DB= 2899.9558> <Mlp= 4179.6163> <PB=10000000> 
<DWph=1> <it= 15> <et=670.11> <Mt= 0.03> <Spt= 0.06> <nCl= 15> <al=0.18> <DB= 4142.0306> <Mlp= 4179.6163> <PB=10000000> 
<DWph=1> <it= 16> <et=670.18> <Mt= 0.00> <Spt= 0.07> <nCl=  7> <al=0.08> <DB= 4171.4865> <Mlp= 4179.6163> <PB=10000000> 
<DWph=1> <it= 17> <et=670.33> <Mt= 0.03> <Spt= 0.12> <nCl= 24> <al=0.00> <DB= 4179.6163> <Mlp= 4179.6163> <PB=10000000> 
    RCSP exact solver info for graph G_0 : TT = 0.050781, pt = 0.001694, dt = 0.046646, ct = 0.001301, ndl = 3846', bdl = 84211', odl = 7732', odf = 38525', bsi = 1487', cnt = 3378', bdch = 339002', odch = 68311', lcp = 69438', #sols = 150
<DWph=0> <it= 18> <et=670.41> <Mt= 0.00> <Spt= 0.08> <nCl= 64> <al=0.08> <DB= 4178.1512> <Mlp= 4179.6163> <PB=10000000> 
    RCSP exact solver info for graph G_0 : TT = 0.049347, pt = 0.001589, dt = 0.045344, ct = 0.001213, ndl = 3635', bdl = 77920', odl = 7435', odf = 37169', bsi = 1366', cnt = 2994', bdch = 307661', odch = 58698', lcp = 63496', #sols = 150
<DWph=0> <it= 19> <et=670.49> <Mt= 0.01> <Spt= 0.07> <nCl= 28> <al=0.00> <DB= 4179.3651> <Mlp= 4179.6163> <PB=10000000> 
    RCSP exact solver info for graph G_0 : TT = 0.048857, pt = 0.001792, dt = 0.044158, ct = 0.001369, ndl = 3872', bdl = 84376', odl = 7719', odf = 38785', bsi = 1437', cnt = 3209', bdch = 343231', odch = 67218', lcp = 71718', #sols = 146
    RCSP exact solver info for graph G_0 : TT = 0.051066, pt = 0.001968, dt = 0.046673, ct = 0.001137, ndl = 3822', bdl = 83617', odl = 7696', odf = 38572', bsi = 1464', cnt = 3295', bdch = 337099', odch = 65604', lcp = 69354', #sols = 142
<DWph=0> <it= 20> <et=670.64> <Mt= 0.01> <Spt= 0.15> <nCl= 72> <al=0.00> <DB= 4179.6163> <Mlp= 4179.6163> <PB=10000000> 
RCSP solver dynamic params and stats :  bidir.bord. = 514.8 aver.obdmd = 9.53279 aver.buck.num. = 11.123 nbR1C = 34 with avMem = 23.5882
@@ 1065 3 4179.62 0.0469603 0.047947 44.8065 670.64
    Full reduced cost fixing is not called (gap ratio is 0.999996)
ColGenEvalAlg final dual bound: 4179.62 (rounded: 4179.62)
False gap improvement since the last cut separation : 2.54304e-05 (4179.61)
Cut generation tailing off counter increased to 1
Current active cuts : CAP(15,310.891) R1C(5+29,201.051) 1rowPackR1C(5) 3rowPackR1C(17) 4rowPackR1C(9) 5rowPackR1C(3)
4 Rank-1 3-rows pack. cuts added ,  max viol. = 0.0232558, aver. viol. = 0.0232558
Building structures for heuristic rank-1 packing cut separation...done!
3 Rank-1 4-rows pack. cuts added ,  max viol. = 0.0232558, aver. viol. = 0.0232558
9 Rank-1 5-rows pack. cuts added ,  max viol. = 0.0232558, aver. viol. = 0.0232558
Shrinking heuristic shrunk 58 edges
----- Add fac. cuts : R1C(16), max.viol = 0.0232558, aver.viol = 0.0232558, sep/add took 0.332111/0.0599293 sec. -----
53430 columns (7504 active), 694 dyn. constrs. (84 active), 1084 art. vars. (326 active)
<DWph=2> <it=  1> <et=671.23> <Mt= 0.04> <Spt= 0.10> <nCl=  4> <al=0.00> <DB= 4179.6175> <Mlp= 4179.6175> <PB=10000000> 
<DWph=1> <it=  2> <et=671.29> <Mt= 0.00> <Spt= 0.06> <nCl=  7> <al=0.40> <DB= 4179.5702> <Mlp= 4179.6175> <PB=10000000> 
<DWph=1> <it=  3> <et=671.40> <Mt= 0.00> <Spt= 0.11> <nCl= 15> <al=0.00> <DB= 4179.6175> <Mlp= 4179.6175> <PB=10000000> 
    RCSP exact solver info for graph G_0 : TT = 0.047476, pt = 0.001712, dt = 0.043725, ct = 0.001036, ndl = 3644', bdl = 80223', odl = 7356', odf = 36909', bsi = 1386', cnt = 3022', bdch = 311266', odch = 61075', lcp = 64822', #sols = 143
    RCSP exact solver info for graph G_0 : TT = 0.053512, pt = 0.002213, dt = 0.048612, ct = 0.001335, ndl = 3644', bdl = 80223', odl = 7356', odf = 36909', bsi = 1386', cnt = 3022', bdch = 311266', odch = 61075', lcp = 64822', #sols = 143
<DWph=0> <it=  4> <et=671.54> <Mt= 0.01> <Spt= 0.14> <nCl= 18> <al=0.00> <DB= 4179.6175> <Mlp= 4179.6175> <PB=10000000> 
RCSP solver dynamic params and stats :  bidir.bord. = 514.8 aver.obdmd = 9.53279 aver.buck.num. = 11.123 nbR1C = 36 with avMem = 23.2778
@@ 1065 4 4179.62 0.047354 0.049947 44.8065 671.54
    Full reduced cost fixing is not called (gap ratio is 0.999996)
ColGenEvalAlg final dual bound: 4179.62 (rounded: 4179.62)
False gap improvement since the last cut separation : 3.02594e-06 (4179.62)
Cut generation tailing off counter increased to 2
Current active cuts : CAP(15,311.493) R1C(5+31,201.234) 1rowPackR1C(5) 3rowPackR1C(18) 4rowPackR1C(10) 5rowPackR1C(3)
Building structures for heuristic rank-1 packing cut separation...done!
Shrinking heuristic shrunk 56 edges
----- Add fac. cuts : sep. took 0.356612 sec.----- no cuts found  -----
Current active cuts : CAP(15,311.493) R1C(5+31,201.234) 1rowPackR1C(5) 3rowPackR1C(18) 4rowPackR1C(10) 5rowPackR1C(3)
SB exact phase 3 branch on var x[(104, 3)]_0_12467_0_OspV (lhs=0.0384615) : [4194.6, 4179.6175], tree depth = 1e+12, tree size = 1e+12, score = -0.4264
SB with phases chosed candidate var x[(104, 3)]_0_12467_0_OspV (lhs=0.0384615)
************************************************************************************************
**** BaB tree node (N° 23, parent N° 21, depth 11, treatOrderId 1065)
**** Local DB = 4179.62, global bounds : [ 4179.3 , 1e+07 ], TIME = 0h11m11s98t = 67198
**** 12 open nodes, 53168 columns (7548 active), 600 dyn. constrs. (66 active), 842 art. vars. (308 active)
************************************************************************************************
**** Strong branching phase 1 is started *****
SB phase 1 cand.  1 branch on var x[(34, 36)]_0_4029_0_OspV (lhs=0.9912)  : [ 4179.6184,  4200.0240], score = 0.02 (h)  <et=672.13>
SB phase 1 cand.  2 branch on var x[(77, 91)]_0_9287_0_OspV (lhs=0.5088)  : [ 4179.7105,  4180.0000], score = 0.04      <et=672.28>
SB phase 1 cand.  3 branch on var x[(93, 60)]_0_11193_0_OspV (lhs=0.9868) : [ 4179.6283,  4188.7971], score = 0.10 (h)  <et=672.47>
SB phase 1 cand.  4 branch on var x[(118, 4)]_0_14162_0_OspV (lhs=0.5175) : [ 4179.7109,  4180.0000], score = 0.04      <et=672.71>
SB phase 1 cand.  5 branch on var x[(72, 22)]_0_8614_0_OspV (lhs=0.0614)  : [ 4179.6189,  4181.0000], score = 0.00 (h)  <et=672.85>
SB phase 1 cand.  6 branch on var x[(91, 96)]_0_10986_0_OspV (lhs=0.5175) : [ 4179.7159,  4180.0000], score = 0.04      <et=673.03>
SB phase 1 cand.  7 branch on var x[(105, 15)]_0_12600_0_OspV (lhs=0.9956): [ 4179.6271,  4180.3000], score = 0.01 (h)  <et=673.14>
SB phase 1 cand.  8 branch on var x[(35, 81)]_0_4195_0_OspV (lhs=0.5351)  : [ 4179.7159,  4180.0000], score = 0.04      <et=673.35>
SB phase 1 cand.  9 branch on var x[(23, 95)]_0_2757_0_OspV (lhs=0.0307)  : [ 4179.6218,  4179.7348], score = 0.00 (h)  <et=673.5>
SB phase 1 cand. 10 branch on var x[(26, 1)]_0_3027_0_OspV (lhs=0.5439)   : [ 4179.6276,  4179.7450], score = 0.00      <et=673.66>
SB phase 1 cand. 11 branch on var x[(115, 13)]_0_13808_0_OspV (lhs=0.9912): [ 4179.6183,  4184.1875], score = 0.00 (h)  <et=673.78>
SB phase 1 cand. 12 branch on var x[(55, 26)]_0_6561_0_OspV (lhs=0.5439)  : [ 4179.6463,  4179.7169], score = 0.00      <et=673.95>
SB phase 1 cand. 13 branch on var x[(115, 70)]_0_13865_0_OspV (lhs=0.0088): [ 4179.6183,  4184.1875], score = 0.00 (h)  <et=674.05>
SB phase 1 cand. 14 branch on var x[(0, 1)]_0_0_0_OspV (lhs=0.4298)       : [ 4179.6175,  4180.1421], score = 0.00      <et=674.25>
SB phase 1 cand. 15 branch on var x[(105, 33)]_0_12618_0_OspV (lhs=0.0044): [ 4179.6247,  4189.2500], score = 0.07 (h)  <et=674.43>
SB phase 1 cand. 16 branch on var x[(116, 26)]_0_13942_0_OspV (lhs=0.4211): [ 4179.6209,  4180.1272], score = 0.00      <et=674.58>
SB phase 1 cand. 17 branch on var x[(5, 75)]_0_559_0_OspV (lhs=0.0351)    : [ 4179.6178,  4181.0000], score = 0.00 (h)  <et=674.71>
SB phase 1 cand. 18 branch on var x[(26, 76)]_0_3101_0_OspV (lhs=0.3991)  : [ 4179.6175,  4180.1387], score = 0.00      <et=674.84>
SB phase 1 cand. 19 branch on var x[(60, 97)]_0_7236_0_OspV (lhs=0.0132)  : [ 4179.6283,  4183.6000], score = 0.04 (h)  <et=674.96>
SB phase 1 cand. 20 branch on var x[(0, 101)]_0_12100_0_OspV (lhs=0.6140) : [ 4179.6291,  4179.6500], score = 0.00      <et=675.13>
SB phase 1 cand. 21 branch on var x[(0, 77)]_0_9196_0_OspV (lhs=0.0175)   : [ 4179.6183,  4187.7000], score = 0.01 (h)  <et=675.24>
SB phase 1 cand. 22 branch on var x[(55, 101)]_0_6635_0_OspV (lhs=0.3860) : [ 4179.6291,  4179.6500], score = 0.00      <et=675.37>
SB phase 1 cand. 23 branch on var x[(79, 69)]_0_9508_0_OspV (lhs=0.9956)  : [ 4179.6184,  4216.7000], score = 0.03 (h)  <et=675.51>
SB phase 1 cand. 24 branch on var x[(0, 19)]_0_2178_0_OspV (lhs=0.3816)   : [ 4179.6284,  4179.9667], score = 0.00      <et=675.66>
SB phase 1 cand. 25 branch on var x[(119, 80)]_0_14359_0_OspV (lhs=0.9956): [ 4179.6283,  4189.0500], score = 0.10 (h)  <et=675.84>
SB phase 1 cand. 26 branch on var x[(0, 78)]_0_9317_0_OspV (lhs=0.6184)   : [ 4179.6284,  4179.9667], score = 0.00      <et=676.03>
SB phase 1 cand. 27 branch on var x[(93, 80)]_0_11213_0_OspV (lhs=0.0044) : [ 4179.6178,  4200.1333], score = 0.01 (h)  <et=676.17>
SB phase 1 cand. 28 branch on var x[(19, 78)]_0_2256_0_OspV (lhs=0.3816)  : [ 4179.6284,  4179.9667], score = 0.00      <et=676.28>
SB phase 1 cand. 29 branch on var x[(59, 6)]_0_7025_0_OspV (lhs=0.9737)   : [ 4179.6244,  4184.0914], score = 0.03 (h)  <et=676.46>
SB phase 1 cand. 30 branch on var x[(35, 19)]_0_4134_0_OspV (lhs=0.3553)  : [ 4179.8857,  4179.9667], score = 0.09      <et=676.64>
SB phase 1 cand. 31 branch on var x[(9, 59)]_0_1027_0_OspV (lhs=0.9737)   : [ 4179.6244,  4184.0914], score = 0.03 (h)  <et=676.82>
SB phase 1 cand. 32 branch on var x[(63, 0)]_0_7503_0_OspV (lhs=0.7193)   : [ 4179.6412,  4180.4247], score = 0.02      <et=677.03>
SB phase 1 cand. 33 branch on var x[(116, 76)]_0_13992_0_OspV (lhs=0.5702): [ 4179.6283,  4179.9787], score = 0.00 (h)  <et=677.16>
SB phase 1 cand. 34 branch on var x[(19, 0)]_0_2179_0_OspV (lhs=0.2632)   : [ 4179.6412,  4180.5000], score = 0.02      <et=677.27>
SB phase 1 cand. 35 branch on var x[(51, 61)]_0_6111_0_OspV (lhs=0.9737)  : [ 4179.6244,  4183.4211], score = 0.03 (h)  <et=677.44>
SB phase 1 cand. 36 branch on var x[(63, 19)]_0_7522_0_OspV (lhs=0.2412)  : [ 4179.6412,  4180.5000], score = 0.02      <et=677.56>
SB phase 1 cand. 37 branch on var x[(2, 32)]_0_153_0_OspV (lhs=0.9737)    : [ 4179.6244,  4183.6873], score = 0.03 (h)  <et=677.78>
SB phase 1 cand. 38 branch on var x[(72, 0)]_0_8592_0_OspV (lhs=0.8684)   : [ 4179.6189,  4180.0000], score = 0.00      <et=678.05>
SB phase 1 cand. 39 branch on var x[(32, 39)]_0_3790_0_OspV (lhs=0.9737)  : [ 4179.6244,  4183.0736], score = 0.02 (h)  <et=678.25>
SB phase 1 cand. 40 branch on var x[(35, 0)]_0_4115_0_OspV (lhs=0.1096)   : [ 4179.6412,  4181.0000], score = 0.03      <et=678.42>
SB phase 1 cand. 41 branch on var x[(118, 91)]_0_14249_0_OspV (lhs=0.4825): [ 4179.7159,  4180.0000], score = 0.04 (h)  <et=678.58>
SB phase 1 cand. 42 branch on var x[(0, 95)]_0_11374_0_OspV (lhs=0.8991)  : [ 4179.6254,  4179.7037], score = 0.00      <et=678.74>
SB phase 1 cand. 43 branch on var x[(91, 4)]_0_10895_0_OspV (lhs=0.4825)  : [ 4179.7159,  4180.0000], score = 0.04 (h)  <et=678.91>
SB phase 1 cand. 44 branch on var x[(55, 95)]_0_6629_0_OspV (lhs=0.0702)  : [ 4179.6223,  4180.2330], score = 0.00      <et=679.12>
SB phase 1 cand. 45 branch on var x[(77, 96)]_0_9292_0_OspV (lhs=0.4737)  : [ 4179.7159,  4180.0000], score = 0.04 (h)  <et=679.35>
SB phase 1 cand. 46 branch on var x[(96, 22)]_0_11518_0_OspV (lhs=0.9298) : [ 4179.6189,  4180.2000], score = 0.00      <et=679.51>
SB phase 1 cand. 47 branch on var x[(19, 81)]_0_2259_0_OspV (lhs=0.3553)  : [ 4179.8762,  4179.9667], score = 0.09 (h)  <et=679.67>
SB phase 1 cand. 48 branch on var x[(17, 0)]_0_1937_0_OspV (lhs=0.0614)   : [ 4179.6189,  4180.2500], score = 0.00      <et=679.8>
SB phase 1 cand. 49 branch on var x[(96, 81)]_0_11577_0_OspV (lhs=0.0702) : [ 4179.6189,  4181.0000], score = 0.00 (h)  <et=679.96>
SB phase 1 cand. 50 branch on var x[(17, 68)]_0_2004_0_OspV (lhs=0.9386)  : [ 4179.6189,  4180.2500], score = 0.00      <et=680.08>
**** Strong branching phase 2 is started *****
In total 23 RCC cut(s) are found by the connected components heuristic 
Shrinking heuristic shrunk 111 edges
In total 4 RCC cut(s) are found by the Fractional capacity min-cut heuristic 
In total 15 RCC cut(s) are found by the global pool greedy search heuristic 
----- Add core cuts : CAP(42), max.viol = 1, aver.viol = 1, sep/add took 0.0352985/1.36754 sec. -----
<DWph=1> <it= 29> <et=684.18> <Mt= 0.62> <Spt= 2.05> <nCl=501> <al=0.00> <DB= 4186.9500> <Mlp= 4186.9500> <PB=10000000> 
<DWph=1> <it=  2> <et=684.69> <Mt= 0.01> <Spt= 0.24> <nCl= 21> <al=0.00> <DB= 4179.6283> <Mlp= 4179.6283> <PB=10000000> 
SB phase 2 cand.  1 branch on var x[(119, 80)]_0_14359_0_OspV (lhs=0.9956): [ 4179.6283,  4186.9500], score = 0.08 (h)  <et=684.74>
<DWph=1> <it= 24> <et=687.21> <Mt= 0.41> <Spt= 1.90> <nCl=346> <al=0.00> <DB= 4186.9000> <Mlp= 4186.9000> <PB=10000000> 
<DWph=1> <it=  2> <et=687.65> <Mt= 0.01> <Spt= 0.23> <nCl= 22> <al=0.00> <DB= 4179.6283> <Mlp= 4179.6283> <PB=10000000> 
SB phase 2 cand.  2 branch on var x[(93, 60)]_0_11193_0_OspV (lhs=0.9868) : [ 4179.6283,  4186.9000], score = 0.08 (h)  <et=687.7>
<DWph=1> <it=  5> <et=688.29> <Mt= 0.03> <Spt= 0.44> <nCl= 40> <al=0.00> <DB= 4179.9667> <Mlp= 4179.9667> <PB=10000000> 
<DWph=1> <it=  9> <et=689.19> <Mt= 0.04> <Spt= 0.66> <nCl= 79> <al=0.00> <DB= 4179.8714> <Mlp= 4179.8714> <PB=10000000> 
SB phase 2 cand.  3 branch on var x[(35, 19)]_0_4134_0_OspV (lhs=0.3553)  : [ 4179.8714,  4179.9667], score = 0.09      <et=689.24>
**** Strong branching phase 3 is started *****
**** SB phase 3 evaluation of candidate 1, branch 1 ( x[(35, 19)]_0_4134_0_OspV <= 0 ), value = 4179.97
<DWph=2> <it=  1> <et=689.52> <Mt= 0.01> <Spt= 0.11> <nCl=  9> <al=0.00> <DB= 4179.9667> <Mlp= 4179.9667> <PB=10000000> 
<DWph=1> <it=  2> <et=689.67> <Mt= 0.00> <Spt= 0.14> <nCl=  1> <al=0.00> <DB= 4179.9667> <Mlp= 4179.9667> <PB=10000000> 
    RCSP exact solver info for graph G_0 : TT = 0.048753, pt = 0.001752, dt = 0.044271, ct = 0.001272, ndl = 3609', bdl = 74590', odl = 7490', odf = 37548', bsi = 1398', cnt = 3162', bdch = 296270', odch = 59618', lcp = 63526', #sols = 150
<DWph=0> <it=  3> <et=689.75> <Mt= 0.00> <Spt= 0.08> <nCl= 47> <al=0.30> <DB= 4178.9977> <Mlp= 4179.9667> <PB=10000000> 
    RCSP exact solver info for graph G_0 : TT = 0.050647, pt = 0.001771, dt = 0.045895, ct = 0.001326, ndl = 3799', bdl = 83765', odl = 7805', odf = 39138', bsi = 1456', cnt = 3365', bdch = 334896', odch = 66799', lcp = 69692', #sols = 150
<DWph=0> <it=  4> <et=689.83> <Mt= 0.01> <Spt= 0.08> <nCl= 44> <al=0.20> <DB= 4179.5145> <Mlp= 4179.9667> <PB=10000000> 
    RCSP exact solver info for graph G_0 : TT = 0.054308, pt = 0.001963, dt = 0.049138, ct = 0.001234, ndl = 3647', bdl = 79114', odl = 7654', odf = 38092', bsi = 1369', cnt = 3170', bdch = 312064', odch = 61207', lcp = 65517', #sols = 150
<DWph=0> <it=  5> <et=689.92> <Mt= 0.00> <Spt= 0.08> <nCl= 30> <al=0.10> <DB= 4179.6313> <Mlp= 4179.9667> <PB=10000000> 
    RCSP exact solver info for graph G_0 : TT = 0.048299, pt = 0.001715, dt = 0.043525, ct = 0.001427, ndl = 3743', bdl = 79369', odl = 7572', odf = 38186', bsi = 1441', cnt = 3431', bdch = 315563', odch = 61745', lcp = 65618', #sols = 150
<DWph=0> <it=  6> <et=690.00> <Mt= 0.01> <Spt= 0.07> <nCl= 16> <al=0.19> <DB= 4179.6011> <Mlp= 4179.9667> <PB=10000000> 
    RCSP exact solver info for graph G_0 : TT = 0.049513, pt = 0.001577, dt = 0.045234, ct = 0.001212, ndl = 3818', bdl = 83209', odl = 7572', odf = 38292', bsi = 1457', cnt = 3367', bdch = 329290', odch = 64827', lcp = 67836', #sols = 150
    RCSP exact solver info for graph G_0 : TT = 0.048185, pt = 0.001391, dt = 0.044252, ct = 0.001296, ndl = 3608', bdl = 76400', odl = 7513', odf = 37434', bsi = 1444', cnt = 3442', bdch = 301997', odch = 59783', lcp = 64206', #sols = 148
<DWph=0> <it=  7> <et=690.15> <Mt= 0.00> <Spt= 0.15> <nCl= 49> <al=0.00> <DB= 4179.9667> <Mlp= 4179.9667> <PB=10000000> 
RCSP solver dynamic params and stats :  bidir.bord. = 514.8 aver.obdmd = 9.53279 aver.buck.num. = 11.123 nbR1C = 35 with avMem = 23.4286
@@ 1172 0 4179.97 0.0466803 0.050372 44.8065 690.15
    Full reduced cost fixing is not called (gap ratio is 0.999996)
ColGenEvalAlg final dual bound: 4179.97 (rounded: 4179.97)
Current active cuts : CAP(12,291.307) R1C(5+30,199.847) 1rowPackR1C(5) 3rowPackR1C(18) 4rowPackR1C(9) 5rowPackR1C(3)
15 Rank-1 3-rows pack. cuts added ,  max viol. = 0.333333, aver. viol. = 0.12
Building structures for heuristic rank-1 packing cut separation...done!
7 Rank-1 4-rows pack. cuts added ,  max viol. = 0.333333, aver. viol. = 0.142857
100 Rank-1 5-rows pack. cuts added ,  max viol. = 0.333333, aver. viol. = 0.086
Shrinking heuristic shrunk 95 edges
----- Add fac. cuts : R1C(122), max.viol = 0.333333, aver.viol = 0.123497, sep/add took 0.197354/0.504966 sec. -----
53467 columns (7784 active), 710 dyn. constrs. (181 active), 998 art. vars. (423 active)
<DWph=2> <it=  1> <et=691.11> <Mt= 0.05> <Spt= 0.10> <nCl=  4> <al=0.00> <DB= 4179.9667> <Mlp= 4179.9667> <PB=10000000> 
<DWph=1> <it=  2> <et=691.24> <Mt= 0.00> <Spt= 0.12> <nCl= 17> <al=0.00> <DB= 4179.9667> <Mlp= 4179.9667> <PB=10000000> 
<DWph=0> <it=  3> <et=691.24> <Mt= 0.01> <Spt= 0.00> <nCl=  0> <al=0.30> <DB= 4179.9667> <Mlp= 4179.9667> <PB=10000000> 
@@ 1172 1 4179.97 0 0 44.8065 691.24
ColGenEvalAlg final dual bound: 4179.97 (rounded: 4179.97)
False gap improvement since the last cut separation : 2.17584e-15 (4179.97)
Cut generation tailing off counter increased to 1
Current active cuts : CAP(12,282.2) R1C(5+29,198.35) 1rowPackR1C(5) 3rowPackR1C(18) 4rowPackR1C(8) 5rowPackR1C(3)
8 Rank-1 3-rows pack. cuts added ,  max viol. = 0.333333, aver. viol. = 0.333333
Building structures for heuristic rank-1 packing cut separation...done!
3 Rank-1 4-rows pack. cuts added ,  max viol. = 0.333333, aver. viol. = 0.333333
23 Rank-1 5-rows pack. cuts added ,  max viol. = 0.333333, aver. viol. = 0.224638
Shrinking heuristic shrunk 96 edges
----- Add fac. cuts : R1C(34), max.viol = 0.333333, aver.viol = 0.333333, sep/add took 0.179777/0.139977 sec. -----
53488 columns (7805 active), 744 dyn. constrs. (215 active), 1032 art. vars. (457 active)
<DWph=2> <it=  1> <et=691.74> <Mt= 0.04> <Spt= 0.10> <nCl=  3> <al=0.00> <DB= 4179.9667> <Mlp= 4179.9667> <PB=10000000> 
<DWph=1> <it=  2> <et=691.85> <Mt= 0.00> <Spt= 0.12> <nCl=  3> <al=0.00> <DB= 4179.9667> <Mlp= 4179.9667> <PB=10000000> 
<DWph=0> <it=  3> <et=691.86> <Mt= 0.00> <Spt= 0.00> <nCl=  0> <al=0.30> <DB= 4179.9667> <Mlp= 4179.9667> <PB=10000000> 
@@ 1172 2 4179.97 0 0 44.8065 691.86
ColGenEvalAlg final dual bound: 4179.97 (rounded: 4179.97)
False gap improvement since the last cut separation : -2.70895e-10 (4179.97)
Cut generation tailing off counter increased to 2
Current active cuts : CAP(12,282.2) R1C(5+29,198.35) 1rowPackR1C(5) 3rowPackR1C(18) 4rowPackR1C(8) 5rowPackR1C(3)
Building structures for heuristic rank-1 packing cut separation...done!
Shrinking heuristic shrunk 96 edges
----- Add fac. cuts : sep. took 0.176489 sec.----- no cuts found  -----
Current active cuts : CAP(12,282.2) R1C(5+29,198.35) 1rowPackR1C(5) 3rowPackR1C(18) 4rowPackR1C(8) 5rowPackR1C(3)
**** SB phase 3 evaluation of candidate 1, branch 2 ( x[(35, 19)]_0_4134_0_OspV >= 1 ), value = 4179.87
<DWph=2> <it=  1> <et=692.39> <Mt= 0.03> <Spt= 0.10> <nCl= 13> <al=0.00> <DB= 4175.7143> <Mlp= 4179.8714> <PB=10000000> 
<DWph=1> <it=  2> <et=692.53> <Mt= 0.03> <Spt= 0.11> <nCl= 13> <al=0.00> <DB= 4178.6927> <Mlp= 4179.8714> <PB=10000000> 
    RCSP exact solver info for graph G_0 : TT = 0.050378, pt = 0.001928, dt = 0.045809, ct = 0.001208, ndl = 3577', bdl = 71560', odl = 7278', odf = 36415', bsi = 1260', cnt = 2915', bdch = 288634', odch = 57934', lcp = 62988', #sols = 150
<DWph=0> <it=  3> <et=692.61> <Mt= 0.00> <Spt= 0.07> <nCl= 87> <al=0.30> <DB= 4170.6717> <Mlp= 4179.8714> <PB=10000000> 
    RCSP exact solver info for graph G_0 : TT = 0.05362, pt = 0.001448, dt = 0.049481, ct = 0.001403, ndl = 3657', bdl = 78244', odl = 7217', odf = 36118', bsi = 1364', cnt = 2898', bdch = 298870', odch = 55225', lcp = 60669', #sols = 150
<DWph=0> <it=  4> <et=692.77> <Mt= 0.06> <Spt= 0.11> <nCl= 56> <al=0.37> <DB= 4178.1432> <Mlp= 4179.8286> <PB=10000000> 
    RCSP exact solver info for graph G_0 : TT = 0.05079, pt = 0.00181, dt = 0.046071, ct = 0.001352, ndl = 3627', bdl = 77071', odl = 7165', odf = 35712', bsi = 1397', cnt = 2911', bdch = 297526', odch = 55434', lcp = 61077', #sols = 150
<DWph=0> <it=  5> <et=692.85> <Mt= 0.01> <Spt= 0.07> <nCl= 48> <al=0.27> <DB= 4176.9260> <Mlp= 4179.8273> <PB=10000000> 
    RCSP exact solver info for graph G_0 : TT = 0.053315, pt = 0.001706, dt = 0.049033, ct = 0.001144, ndl = 3672', bdl = 77575', odl = 7218', odf = 36171', bsi = 1362', cnt = 2804', bdch = 296873', odch = 55785', lcp = 61591', #sols = 150
<DWph=0> <it=  6> <et=692.93> <Mt= 0.00> <Spt= 0.08> <nCl= 20> <al=0.34> <DB= 4179.2492> <Mlp= 4179.8267> <PB=10000000> 
    RCSP exact solver info for graph G_0 : TT = 0.052654, pt = 0.00162, dt = 0.048055, ct = 0.00136, ndl = 3716', bdl = 79461', odl = 7139', odf = 35847', bsi = 1403', cnt = 3034', bdch = 302566', odch = 57224', lcp = 61188', #sols = 150
    RCSP exact solver info for graph G_0 : TT = 0.051094, pt = 0.001845, dt = 0.046945, ct = 0.001018, ndl = 3383', bdl = 73249', odl = 7016', odf = 34725', bsi = 1343', cnt = 2591', bdch = 271341', odch = 51052', lcp = 54563', #sols = 150
<DWph=0> <it=  7> <et=693.08> <Mt= 0.00> <Spt= 0.14> <nCl= 57> <al=0.00> <DB= 4179.8220> <Mlp= 4179.8267> <PB=10000000> 
    RCSP exact solver info for graph G_0 : TT = 0.04854, pt = 0.001607, dt = 0.044155, ct = 0.001486, ndl = 3335', bdl = 73470', odl = 6942', odf = 34449', bsi = 1362', cnt = 2573', bdch = 268760', odch = 50665', lcp = 53888', #sols = 150
    RCSP exact solver info for graph G_0 : TT = 0.046598, pt = 0.001614, dt = 0.042435, ct = 0.001122, ndl = 3354', bdl = 72534', odl = 6914', odf = 34187', bsi = 1344', cnt = 2566', bdch = 264519', odch = 49509', lcp = 53137', #sols = 150
<DWph=0> <it=  8> <et=693.21> <Mt= 0.01> <Spt= 0.13> <nCl= 29> <al=0.00> <DB= 4179.8267> <Mlp= 4179.8267> <PB=10000000> 
RCSP solver dynamic params and stats :  bidir.bord. = 525.1 aver.obdmd = 9.53279 aver.buck.num. = 11.123 nbR1C = 36 with avMem = 24.8889
@@ 1173 0 4179.83 0.0477596 0.050884 48.7555 693.21
    Full reduced cost fixing is not called (gap ratio is 0.999996)
ColGenEvalAlg final dual bound: 4179.83 (rounded: 4179.83)
Current active cuts : CAP(13,301.761) R1C(5+31,205.264) 1rowPackR1C(5) 3rowPackR1C(17) 4rowPackR1C(10) 5rowPackR1C(4)
150 Rank-1 3-rows pack. cuts added ,  max viol. = 0.133333, aver. viol. = 0.0777778
In total 5 RCC cut(s) are found by the connected components heuristic 
Shrinking heuristic shrunk 90 edges
In total 11 RCC cut(s) are found by the Fractional capacity min-cut heuristic 
In total 40 RCC cut(s) are found by the global pool greedy search heuristic 
----- Add fac. cuts : CAP(56) R1C(150), max.viol = 1, aver.viol = 0.154045, sep/add took 0.0565718/2.45308 sec. -----
52927 columns (7950 active), 950 dyn. constrs. (268 active), 1192 art. vars. (510 active)
<DWph=2> <it=  1> <et=696.09> <Mt= 0.25> <Spt= 0.07> <nCl=  9> <al=0.50> <DB= 4180.1844> <Mlp= 4182.3289> <PB=10000000> 
<DWph=2> <it=  2> <et=696.26> <Mt= 0.04> <Spt= 0.13> <nCl= 15> <al=0.10> <DB= 4179.6261> <Mlp= 4182.3259> <PB=10000000> 
<DWph=2> <it=  3> <et=696.34> <Mt= 0.01> <Spt= 0.07> <nCl=  4> <al=0.45> <DB= 4179.9800> <Mlp= 4182.3238> <PB=10000000> 
BaPCod info: Cplex status is 'Optimal solution found, unscaled infeasibilities'
In total 5 RCC cut(s) are found by the connected components heuristic 
Shrinking heuristic shrunk 111 edges
In total 1 RCC cut(s) are found by the Fractional capacity min-cut heuristic 
----- Add core cuts : CAP(6), max.viol = 1, aver.viol = 1, sep/add took 0.00681329/0.0930595 sec. -----
<DWph=2> <it=  4> <et=696.88> <Mt= 0.38> <Spt= 0.06> <nCl=  4> <al=0.51> <DB= 4162.0157> <Mlp= 4182.6222> <PB=10000000> 
<DWph=2> <it=  5> <et=697.01> <Mt= 0.00> <Spt= 0.13> <nCl= 15> <al=0.11> <DB= 3592.3567> <Mlp= 4182.6222> <PB=10000000> 
<DWph=2> <it=  6> <et=697.26> <Mt= 0.12> <Spt= 0.13> <nCl=  9> <al=0.00> <DB= 4175.0700> <Mlp= 4182.4500> <PB=10000000> 
<DWph=2> <it=  7> <et=697.43> <Mt= 0.10> <Spt= 0.06> <nCl= 12> <al=0.35> <DB= 4168.2219> <Mlp= 4182.4500> <PB=10000000> 
<DWph=2> <it=  8> <et=697.65> <Mt= 0.08> <Spt= 0.14> <nCl= 18> <al=0.00> <DB= 4182.3000> <Mlp= 4182.4500> <PB=10000000> 
<DWph=2> <it=  9> <et=697.80> <Mt= 0.02> <Spt= 0.14> <nCl= 29> <al=0.00> <DB= 4182.4500> <Mlp= 4182.4500> <PB=10000000> 
<DWph=1> <it= 10> <et=697.88> <Mt= 0.00> <Spt= 0.07> <nCl= 13> <al=0.22> <DB= 3753.4500> <Mlp= 4182.4500> <PB=10000000> 
<DWph=1> <it= 11> <et=698.20> <Mt= 0.19> <Spt= 0.13> <nCl= 20> <al=0.00> <DB= 4168.9500> <Mlp= 4182.4500> <PB=10000000> 
<DWph=1> <it= 12> <et=698.40> <Mt= 0.13> <Spt= 0.08> <nCl= 11> <al=0.20> <DB= 4179.5060> <Mlp= 4182.4500> <PB=10000000> 
<DWph=1> <it= 13> <et=698.60> <Mt= 0.06> <Spt= 0.14> <nCl= 13> <al=0.00> <DB= 4182.4500> <Mlp= 4182.4500> <PB=10000000> 
    RCSP exact solver info for graph G_0 : TT = 0.050548, pt = 0.002078, dt = 0.046188, ct = 0.001009, ndl = 3302', bdl = 70214', odl = 6799', odf = 34977', bsi = 1387', cnt = 2575', bdch = 255268', odch = 51350', lcp = 50241', #sols = 150
<DWph=0> <it= 14> <et=698.72> <Mt= 0.00> <Spt= 0.11> <nCl= 98> <al=0.00> <DB= 3761.0500> <Mlp= 4182.4500> <PB=10000000> 
    RCSP exact solver info for graph G_0 : TT = 0.049166, pt = 0.001816, dt = 0.044861, ct = 0.00113, ndl = 3513', bdl = 77902', odl = 7237', odf = 35288', bsi = 1409', cnt = 2771', bdch = 285764', odch = 54419', lcp = 58410', #sols = 150
<DWph=0> <it= 15> <et=698.99> <Mt= 0.17> <Spt= 0.11> <nCl=124> <al=0.10> <DB= 3924.0302> <Mlp= 4181.4000> <PB=10000000> 
    RCSP exact solver info for graph G_0 : TT = 0.051282, pt = 0.001761, dt = 0.047212, ct = 0.001149, ndl = 3562', bdl = 77916', odl = 7214', odf = 35327', bsi = 1398', cnt = 2969', bdch = 286141', odch = 53157', lcp = 58658', #sols = 143
<DWph=0> <it= 16> <et=699.21> <Mt= 0.11> <Spt= 0.10> <nCl= 80> <al=0.00> <DB= 4093.3200> <Mlp= 4181.4000> <PB=10000000> 
    RCSP exact solver info for graph G_0 : TT = 0.047583, pt = 0.001725, dt = 0.043598, ct = 0.00115, ndl = 3674', bdl = 80838', odl = 7152', odf = 36104', bsi = 1407', cnt = 2968', bdch = 299649', odch = 57561', lcp = 60227', #sols = 150
    RCSP exact solver info for graph G_0 : TT = 0.050746, pt = 0.001652, dt = 0.046677, ct = 0.001053, ndl = 3522', bdl = 77436', odl = 6958', odf = 35045', bsi = 1437', cnt = 2624', bdch = 278615', odch = 50391', lcp = 55839', #sols = 150
<DWph=0> <it= 17> <et=699.61> <Mt= 0.20> <Spt= 0.20> <nCl=147> <al=0.00> <DB= 4181.2500> <Mlp= 4181.2500> <PB=10000000> 
RCSP solver dynamic params and stats :  bidir.bord. = 525.1 aver.obdmd = 9.53279 aver.buck.num. = 11.123 nbR1C = 36 with avMem = 24.3333
@@ 1173 1 4181.25 0.0468054 0.048361 48.7555 699.61
    Full reduced cost fixing is not called (gap ratio is 0.999995)
ColGenEvalAlg final dual bound: 4181.25 (rounded: 4181.25)
False gap improvement since the last cut separation : 0.00340524 (4179.83)
Separator R1C not in maximum phase
Cut generation tailing off counter increased to 0
Current active cuts : CAP(14,298.45) R1C(5+31,197.85) 1rowPackR1C(5) 3rowPackR1C(19) 4rowPackR1C(10) 5rowPackR1C(2)
11 Rank-1 3-rows pack. cuts added ,  max viol. = 0.5, aver. viol. = 0.5
Building structures for heuristic rank-1 packing cut separation...done!
4 Rank-1 4-rows pack. cuts added ,  max viol. = 0.5, aver. viol. = 0.5
34 Rank-1 5-rows pack. cuts added ,  max viol. = 0.5, aver. viol. = 0.330882
Shrinking heuristic shrunk 100 edges
In total 1 RCC cut(s) are found by the Fractional capacity min-cut heuristic 
In total 1 RCC cut(s) are found by the greedy construction heuristic 
----- Add fac. cuts : CAP(2) R1C(49), max.viol = 0.5, aver.viol = 0.5, sep/add took 0.137293/0.234652 sec. -----
53548 columns (8571 active), 1002 dyn. constrs. (140 active), 1249 art. vars. (382 active)
<DWph=2> <it=  1> <et=700.26> <Mt= 0.15> <Spt= 0.07> <nCl= 30> <al=0.50> <DB=-719987417.7050> <Mlp= 4182.4400> <PB=10000000> 
<DWph=2> <it=  2> <et=700.37> <Mt= 0.06> <Spt= 0.07> <nCl= 30> <al=0.55> <DB=-647986165.9035> <Mlp= 4182.4400> <PB=10000000> 
<DWph=2> <it=  3> <et=700.63> <Mt= 0.06> <Spt= 0.19> <nCl= 29> <al=0.00> <DB= 4178.4200> <Mlp= 4182.4400> <PB=10000000> 
<DWph=2> <it=  4> <et=700.77> <Mt= 0.01> <Spt= 0.12> <nCl= 18> <al=0.00> <DB= 4180.8200> <Mlp= 4182.4400> <PB=10000000> 
<DWph=2> <it=  5> <et=700.87> <Mt= 0.04> <Spt= 0.07> <nCl=  9> <al=0.40> <DB= 4182.2843> <Mlp= 4182.4400> <PB=10000000> 
<DWph=2> <it=  6> <et=701.02> <Mt= 0.01> <Spt= 0.13> <nCl= 23> <al=0.00> <DB= 4182.4400> <Mlp= 4182.4400> <PB=10000000> 
<DWph=1> <it=  7> <et=701.09> <Mt= 0.00> <Spt= 0.08> <nCl=  8> <al=0.20> <DB= 4177.9400> <Mlp= 4182.4400> <PB=10000000> 
<DWph=1> <it=  8> <et=701.23> <Mt= 0.00> <Spt= 0.13> <nCl=  0> <al=0.00> <DB= 4182.4400> <Mlp= 4182.4400> <PB=10000000> 
    RCSP exact solver info for graph G_0 : TT = 0.050415, pt = 0.001588, dt = 0.046732, ct = 0.00113, ndl = 3598', bdl = 78531', odl = 7354', odf = 36257', bsi = 1362', cnt = 2910', bdch = 291213', odch = 55614', lcp = 58536', #sols = 150
<DWph=0> <it=  9> <et=701.33> <Mt= 0.01> <Spt= 0.10> <nCl=150> <al=0.00> <DB= 2662.2387> <Mlp= 4182.4400> <PB=10000000> 
    RCSP exact solver info for graph G_0 : TT = 0.053086, pt = 0.001761, dt = 0.049007, ct = 0.001145, ndl = 3336', bdl = 77787', odl = 6866', odf = 33800', bsi = 1355', cnt = 2626', bdch = 270060', odch = 49699', lcp = 51661', #sols = 150
<DWph=0> <it= 10> <et=701.49> <Mt= 0.06> <Spt= 0.10> <nCl=102> <al=0.00> <DB= 4173.9800> <Mlp= 4182.4400> <PB=10000000> 
    RCSP exact solver info for graph G_0 : TT = 0.047153, pt = 0.00159, dt = 0.0435, ct = 0.00101, ndl = 3267', bdl = 71690', odl = 6941', odf = 34195', bsi = 1337', cnt = 2569', bdch = 256094', odch = 48639', lcp = 50624', #sols = 150
<DWph=0> <it= 11> <et=701.60> <Mt= 0.01> <Spt= 0.09> <nCl= 80> <al=0.10> <DB= 4179.0210> <Mlp= 4182.4400> <PB=10000000> 
    RCSP exact solver info for graph G_0 : TT = 0.051415, pt = 0.00187, dt = 0.047166, ct = 0.001107, ndl = 3435', bdl = 78880', odl = 7105', odf = 34820', bsi = 1375', cnt = 2823', bdch = 287319', odch = 54060', lcp = 55232', #sols = 150
    RCSP exact solver info for graph G_0 : TT = 0.050581, pt = 0.001653, dt = 0.046479, ct = 0.001162, ndl = 3096', bdl = 70346', odl = 6909', odf = 33619', bsi = 1261', cnt = 2246', bdch = 246336', odch = 45816', lcp = 49212', #sols = 150
<DWph=0> <it= 12> <et=701.78> <Mt= 0.02> <Spt= 0.16> <nCl= 87> <al=0.00> <DB= 4182.4400> <Mlp= 4182.4400> <PB=10000000> 
RCSP solver dynamic params and stats :  bidir.bord. = 525.1 aver.obdmd = 9.53279 aver.buck.num. = 11.123 nbR1C = 36 with avMem = 25.8333
@@ 1173 2 4182.44 0.0476876 0.050152 48.7555 701.78
    Full reduced cost fixing is not called (gap ratio is 0.999995)
ColGenEvalAlg final dual bound: 4182.44 (rounded: 4182.44)
False gap improvement since the last cut separation : 0.00284604 (4181.25)
Cut generation tailing off counter increased to 1
Current active cuts : CAP(11,287.836) R1C(5+31,199.36) 1rowPackR1C(5) 3rowPackR1C(19) 4rowPackR1C(9) 5rowPackR1C(3)
1 Rank-1 1-rows pack. cuts added ,  max viol. = 0.1, aver. viol. = 0.1
150 Rank-1 3-rows pack. cuts added ,  max viol. = 0.1, aver. viol. = 0.1
Building structures for heuristic rank-1 packing cut separation...done!
35 Rank-1 4-rows pack. cuts added ,  max viol. = 0.1, aver. viol. = 0.1
100 Rank-1 5-rows pack. cuts added ,  max viol. = 0.1, aver. viol. = 0.1
In total 2 RCC cut(s) are found by the connected components heuristic 
Shrinking heuristic shrunk 86 edges
In total 1 RCC cut(s) are found by the Fractional capacity min-cut heuristic 
In total 1 RCC cut(s) are found by the greedy construction heuristic 
In total 6 RCC cut(s) are found by the global pool greedy search heuristic 
----- Add fac. cuts : CAP(10) R1C(286), max.viol = 0.4, aver.viol = 0.103378, sep/add took 0.210741/1.38214 sec. -----
54114 columns (9137 active), 1123 dyn. constrs. (372 active), 1545 art. vars. (614 active)
<DWph=2> <it=  1> <et=703.79> <Mt= 0.15> <Spt= 0.12> <nCl= 11> <al=0.00> <DB= 4178.5788> <Mlp= 4182.9635> <PB=10000000> 
<DWph=2> <it=  2> <et=703.91> <Mt= 0.01> <Spt= 0.11> <nCl=  0> <al=0.00> <DB= 4182.9635> <Mlp= 4182.9635> <PB=10000000> 
<DWph=1> <it=  3> <et=703.97> <Mt= 0.00> <Spt= 0.06> <nCl=  2> <al=0.30> <DB= 4119.1063> <Mlp= 4182.9635> <PB=10000000> 
<DWph=1> <it=  4> <et=704.12> <Mt= 0.02> <Spt= 0.13> <nCl= 27> <al=0.00> <DB= 4182.9635> <Mlp= 4182.9635> <PB=10000000> 
    RCSP exact solver info for graph G_0 : TT = 0.04904, pt = 0.001763, dt = 0.044866, ct = 0.001036, ndl = 3450', bdl = 80106', odl = 7081', odf = 35135', bsi = 1328', cnt = 2488', bdch = 293223', odch = 55334', lcp = 57345', #sols = 150
<DWph=0> <it=  5> <et=704.22> <Mt= 0.01> <Spt= 0.09> <nCl= 62> <al=0.10> <DB= 4100.4773> <Mlp= 4182.9635> <PB=10000000> 
    RCSP exact solver info for graph G_0 : TT = 0.048093, pt = 0.001599, dt = 0.044103, ct = 0.001167, ndl = 3321', bdl = 75140', odl = 7243', odf = 35717', bsi = 1323', cnt = 2442', bdch = 277834', odch = 52515', lcp = 55451', #sols = 150
<DWph=0> <it=  6> <et=704.31> <Mt= 0.02> <Spt= 0.08> <nCl= 21> <al=0.19> <DB= 4100.1857> <Mlp= 4182.9635> <PB=10000000> 
    RCSP exact solver info for graph G_0 : TT = 0.052485, pt = 0.001723, dt = 0.048049, ct = 0.001404, ndl = 3420', bdl = 76395', odl = 6991', odf = 34971', bsi = 1299', cnt = 2477', bdch = 280673', odch = 52707', lcp = 55149', #sols = 150
<DWph=0> <it=  7> <et=704.40> <Mt= 0.01> <Spt= 0.07> <nCl= 17> <al=0.27> <DB= 4160.6097> <Mlp= 4182.9635> <PB=10000000> 
    RCSP exact solver info for graph G_0 : TT = 0.047607, pt = 0.001749, dt = 0.043615, ct = 0.000995, ndl = 3543', bdl = 73775', odl = 7266', odf = 36247', bsi = 1311', cnt = 3066', bdch = 291526', odch = 59171', lcp = 61669', #sols = 150
    RCSP exact solver info for graph G_0 : TT = 0.050085, pt = 0.001619, dt = 0.046106, ct = 0.001061, ndl = 3423', bdl = 71188', odl = 7132', odf = 35285', bsi = 1313', cnt = 2749', bdch = 277082', odch = 55255', lcp = 58142', #sols = 148
<DWph=0> <it=  8> <et=704.59> <Mt= 0.01> <Spt= 0.19> <nCl= 79> <al=0.00> <DB= 4182.9635> <Mlp= 4182.9635> <PB=10000000> 
RCSP solver dynamic params and stats :  bidir.bord. = 498.8 aver.obdmd = 9.53279 aver.buck.num. = 11.123 nbR1C = 33 with avMem = 24.1212
@@ 1173 3 4182.96 0.0464804 0.049453 48.7555 704.59
    Full reduced cost fixing is not called (gap ratio is 0.999995)
ColGenEvalAlg final dual bound: 4182.96 (rounded: 4182.96)
False gap improvement since the last cut separation : 0.00125157 (4182.44)
Cut generation tailing off counter increased to 2
Current active cuts : CAP(11,332.164) R1C(5+28,194.244) 1rowPackR1C(5) 3rowPackR1C(18) 4rowPackR1C(8) 5rowPackR1C(2)
2 Rank-1 1-rows pack. cuts added ,  max viol. = 0.0769231, aver. viol. = 0.0769231
150 Rank-1 3-rows pack. cuts added ,  max viol. = 0.173077, aver. viol. = 0.0982051
Building structures for heuristic rank-1 packing cut separation...done!
90 Rank-1 4-rows pack. cuts added ,  max viol. = 0.173077, aver. viol. = 0.075
100 Rank-1 5-rows pack. cuts added ,  max viol. = 0.192308, aver. viol. = 0.132308
Shrinking heuristic shrunk 74 edges
----- Add fac. cuts : R1C(342), max.viol = 0.192308, aver.viol = 0.101946, sep/add took 0.251582/1.55338 sec. -----
54333 columns (9356 active), 1404 dyn. constrs. (403 active), 1887 art. vars. (645 active)
<DWph=2> <it=  1> <et=706.65> <Mt= 0.10> <Spt= 0.08> <nCl=  6> <al=0.50> <DB= 4171.0546> <Mlp= 4183.1458> <PB=10000000> 
<DWph=2> <it=  2> <et=706.76> <Mt= 0.01> <Spt= 0.10> <nCl= 12> <al=0.10> <DB= 4183.0353> <Mlp= 4183.1458> <PB=10000000> 
<DWph=2> <it=  3> <et=706.88> <Mt= 0.00> <Spt= 0.11> <nCl= 17> <al=0.00> <DB= 4169.1458> <Mlp= 4183.1458> <PB=10000000> 
<DWph=2> <it=  4> <et=707.00> <Mt= 0.01> <Spt= 0.12> <nCl= 27> <al=0.00> <DB= 4183.1458> <Mlp= 4183.1458> <PB=10000000> 
<DWph=1> <it=  5> <et=707.12> <Mt= 0.00> <Spt= 0.12> <nCl=  7> <al=0.00> <DB= 4183.1458> <Mlp= 4183.1458> <PB=10000000> 
    RCSP exact solver info for graph G_0 : TT = 0.046105, pt = 0.001815, dt = 0.042068, ct = 0.000967, ndl = 3366', bdl = 71585', odl = 6928', odf = 34891', bsi = 1294', cnt = 2506', bdch = 266559', odch = 54309', lcp = 54810', #sols = 149
<DWph=0> <it=  6> <et=707.23> <Mt= 0.01> <Spt= 0.10> <nCl= 87> <al=0.15> <DB= 3979.1458> <Mlp= 4183.1458> <PB=10000000> 
    RCSP exact solver info for graph G_0 : TT = 0.050471, pt = 0.002112, dt = 0.045896, ct = 0.001118, ndl = 3829', bdl = 80943', odl = 7780', odf = 39646', bsi = 1404', cnt = 3421', bdch = 339393', odch = 73658', lcp = 71845', #sols = 150
<DWph=0> <it=  7> <et=707.37> <Mt= 0.03> <Spt= 0.10> <nCl= 91> <al=0.05> <DB= 4182.1171> <Mlp= 4183.1423> <PB=10000000> 
    RCSP exact solver info for graph G_0 : TT = 0.048276, pt = 0.001941, dt = 0.04382, ct = 0.001197, ndl = 3521', bdl = 74511', odl = 7079', odf = 35688', bsi = 1364', cnt = 2579', bdch = 285214', odch = 54203', lcp = 57933', #sols = 146
<DWph=0> <it=  8> <et=707.48> <Mt= 0.01> <Spt= 0.10> <nCl= 30> <al=0.00> <DB= 4183.1391> <Mlp= 4183.1391> <PB=10000000> 
RCSP solver dynamic params and stats :  bidir.bord. = 520.4 aver.obdmd = 9.53279 aver.buck.num. = 11.123 nbR1C = 45 with avMem = 26
@@ 1173 4 4183.14 0.045022 0.047014 48.7555 707.48
    Full reduced cost fixing is not called (gap ratio is 0.999995)
ColGenEvalAlg final dual bound: 4183.14 (rounded: 4183.14)
False gap improvement since the last cut separation : 0.000419963 (4182.96)
----- Cut generation is stopped due to tailing off -----
Current active cuts : CAP(11,340.153) R1C(5+40,196.437) 1rowPackR1C(5) 3rowPackR1C(20) 4rowPackR1C(14) 5rowPackR1C(6)
SB exact phase 3 branch on var x[(35, 19)]_0_4134_0_OspV (lhs=0.355263) : [4179.9667, 4183.1391], tree depth = 1e+12, tree size = 1e+12, score = -0.7405
SB with phases chosed candidate var x[(35, 19)]_0_4134_0_OspV (lhs=0.355263)
************************************************************************************************
**** BaB tree node (N° 24, parent N° 23, depth 12, treatOrderId 1172)
**** Local DB = 4179.97, global bounds : [ 4179.3 , 1e+07 ], TIME = 0h11m47s60t = 70760
**** 13 open nodes, 54610 columns (9633 active), 783 dyn. constrs. (85 active), 1025 art. vars. (327 active)
************************************************************************************************
**** Strong branching phase 1 is started *****
SB phase 1 cand.  1 branch on var x[(23, 95)]_0_2757_0_OspV (lhs=0.2222)  : [ 4179.9667,  4180.1000], score = 0.00 (h)  <et=708.05>
SB phase 1 cand.  2 branch on var x[(118, 4)]_0_14162_0_OspV (lhs=0.6667) : [ 4180.0000,  4180.6833], score = 0.02      <et=708.43>
SB phase 1 cand.  3 branch on var x[(72, 22)]_0_8614_0_OspV (lhs=0.3333)  : [ 4180.0000,  4181.0000], score = 0.03 (h)  <et=708.64>
SB phase 1 cand.  4 branch on var x[(17, 0)]_0_1937_0_OspV (lhs=0.3333)   : [ 4180.0000,  4180.4333], score = 0.02      <et=708.84>
SB phase 1 cand.  5 branch on var x[(5, 75)]_0_559_0_OspV (lhs=0.3333)    : [ 4180.0000,  4181.0000], score = 0.03 (h)  <et=709.08>
SB phase 1 cand.  6 branch on var x[(17, 68)]_0_2004_0_OspV (lhs=0.6667)  : [ 4180.0000,  4180.4333], score = 0.02      <et=709.29>
SB phase 1 cand.  7 branch on var x[(0, 37)]_0_4356_0_OspV (lhs=0.3333)   : [ 4180.0000,  4181.0000], score = 0.03 (h)  <et=709.56>
SB phase 1 cand.  8 branch on var x[(82, 109)]_0_9910_0_OspV (lhs=0.3333) : [ 4180.0000,  4180.0000], score = 0.00      <et=709.81>
SB phase 1 cand.  9 branch on var x[(72, 68)]_0_8660_0_OspV (lhs=0.3333)  : [ 4180.0000,  4183.9000], score = 0.13 (h)  <et=710.07>
SB phase 1 cand. 10 branch on var x[(82, 75)]_0_9877_0_OspV (lhs=0.6667)  : [ 4180.0000,  4180.0000], score = 0.00      <et=710.27>
SB phase 1 cand. 11 branch on var x[(96, 81)]_0_11577_0_OspV (lhs=0.3333) : [ 4180.0000,  4181.0000], score = 0.03 (h)  <et=710.48>
SB phase 1 cand. 12 branch on var x[(0, 101)]_0_12100_0_OspV (lhs=0.7778) : [ 4179.9667,  4180.0000], score = 0.00      <et=710.73>
SB phase 1 cand. 13 branch on var x[(35, 0)]_0_4115_0_OspV (lhs=0.3333)   : [ 4180.0000,  4181.0000], score = 0.03 (h)  <et=710.96>
SB phase 1 cand. 14 branch on var x[(0, 26)]_0_3025_0_OspV (lhs=0.2222)   : [ 4179.9667,  4180.0000], score = 0.00      <et=711.24>
SB phase 1 cand. 15 branch on var x[(10, 37)]_0_1126_0_OspV (lhs=0.6667)  : [ 4180.0000,  4180.6500], score = 0.02 (h)  <et=711.55>
SB phase 1 cand. 16 branch on var x[(0, 7)]_0_726_0_OspV (lhs=0.2222)     : [ 4179.9667,  4181.0000], score = 0.00      <et=711.79>
SB phase 1 cand. 17 branch on var x[(96, 22)]_0_11518_0_OspV (lhs=0.6667) : [ 4180.0000,  4180.3500], score = 0.01 (h)  <et=712>
SB phase 1 cand. 18 branch on var x[(0, 95)]_0_11374_0_OspV (lhs=0.7778)  : [ 4179.9667,  4180.1000], score = 0.00      <et=712.22>
SB phase 1 cand. 19 branch on var x[(118, 91)]_0_14249_0_OspV (lhs=0.3333): [ 4180.0000,  4181.0000], score = 0.03 (h)  <et=712.5>
SB phase 1 cand. 20 branch on var x[(26, 1)]_0_3027_0_OspV (lhs=0.7778)   : [ 4179.9667,  4180.1000], score = 0.00      <et=712.77>
SB phase 1 cand. 21 branch on var x[(91, 4)]_0_10895_0_OspV (lhs=0.3333)  : [ 4180.0000,  4181.0000], score = 0.03 (h)  <et=713.1>
SB phase 1 cand. 22 branch on var x[(26, 23)]_0_3049_0_OspV (lhs=0.2222)  : [ 4179.9667,  4180.5667], score = 0.00      <et=713.33>
SB phase 1 cand. 23 branch on var x[(77, 96)]_0_9292_0_OspV (lhs=0.3333)  : [ 4180.0000,  4181.0000], score = 0.03 (h)  <et=713.67>
SB phase 1 cand. 24 branch on var x[(55, 101)]_0_6635_0_OspV (lhs=0.2222) : [ 4179.9667,  4180.0000], score = 0.00      <et=713.84>
SB phase 1 cand. 25 branch on var x[(91, 96)]_0_10986_0_OspV (lhs=0.6667) : [ 4180.0000,  4180.7793], score = 0.03 (h)  <et=714.18>
SB phase 1 cand. 26 branch on var x[(55, 26)]_0_6561_0_OspV (lhs=0.7778)  : [ 4180.0000,  4180.0333], score = 0.00      <et=714.47>
SB phase 1 cand. 27 branch on var x[(35, 81)]_0_4195_0_OspV (lhs=0.6667)  : [ 4180.0000,  4181.0000], score = 0.03 (h)  <et=714.68>
SB phase 1 cand. 28 branch on var x[(97, 1)]_0_11618_0_OspV (lhs=0.2222)  : [ 4179.9667,  4180.1000], score = 0.00      <et=714.92>
SB phase 1 cand. 29 branch on var x[(70, 44)]_0_8394_0_OspV (lhs=0.3333)  : [ 4180.0000,  4180.6500], score = 0.02 (h)  <et=715.21>
SB phase 1 cand. 30 branch on var x[(10, 5)]_0_1095_0_OspV (lhs=0.3333)   : [ 4180.0000,  4180.6500], score = 0.02 (h)  <et=715.46>
SB phase 1 cand. 31 branch on var x[(5, 44)]_0_528_0_OspV (lhs=0.6667)    : [ 4180.0000,  4180.6500], score = 0.02 (h)  <et=715.66>
SB phase 1 cand. 32 branch on var x[(70, 5)]_0_8355_0_OspV (lhs=0.6667)   : [ 4180.0000,  4180.6500], score = 0.02 (h)  <et=715.87>
SB phase 1 cand. 33 branch on var x[(0, 109)]_0_13068_0_OspV (lhs=0.6667) : [ 4180.0000,  4180.0000], score = 0.00 (h)  <et=716.18>
SB phase 1 cand. 34 branch on var x[(72, 0)]_0_8592_0_OspV (lhs=0.3333)   : [ 4180.0000,  4180.1500], score = 0.01 (h)  <et=716.43>
SB phase 1 cand. 35 branch on var x[(97, 23)]_0_11640_0_OspV (lhs=0.7778) : [ 4179.9667,  4180.1000], score = 0.00 (h)  <et=716.62>
SB phase 1 cand. 36 branch on var x[(1, 18)]_0_18_0_OspV (lhs=0.2222)     : [ 4179.9667,  4180.1000], score = 0.00 (h)  <et=716.83>
SB phase 1 cand. 37 branch on var x[(1, 7)]_0_7_0_OspV (lhs=0.7778)       : [ 4179.9667,  4180.1000], score = 0.00 (h)  <et=717.16>
SB phase 1 cand. 38 branch on var x[(77, 91)]_0_9287_0_OspV (lhs=0.6667)  : [ 4180.0000,  4180.3889], score = 0.01 (h)  <et=717.35>
SB phase 1 cand. 39 branch on var x[(23, 18)]_0_2681_0_OspV (lhs=0.7778)  : [ 4179.9667,  4180.1000], score = 0.00 (h)  <et=717.69>
**** Strong branching phase 2 is started *****
In total 13 RCC cut(s) are found by the connected components heuristic 
Shrinking heuristic shrunk 111 edges
In total 4 RCC cut(s) are found by the Fractional capacity min-cut heuristic 
In total 2 RCC cut(s) are found by the global pool greedy search heuristic 
----- Add core cuts : CAP(19), max.viol = 1, aver.viol = 1, sep/add took 0.0158181/0.524024 sec. -----
<DWph=2> <it= 25> <et=720.74> <Mt= 0.65> <Spt= 1.84> <nCl=361> <al=0.30> <DB= 3906.3654> <Mlp= 4184.5281> <PB=10000000> 
<DWph=1> <it= 35> <et=721.77> <Mt= 0.18> <Spt= 0.85> <nCl=145> <al=0.00> <DB= 4184.1694> <Mlp= 4184.1694> <PB=10000000> 
<DWph=1> <it=  6> <et=723.06> <Mt= 0.44> <Spt= 0.63> <nCl=108> <al=0.00> <DB= 4180.0000> <Mlp= 4180.0000> <PB=10000000> 
SB phase 2 cand.  1 branch on var x[(72, 68)]_0_8660_0_OspV (lhs=0.3333): [ 4180.0000,  4184.1694], score = 0.14 (h)  <et=723.11>
<DWph=1> <it= 12> <et=724.96> <Mt= 0.50> <Spt= 1.21> <nCl=286> <al=0.00> <DB= 4181.0000> <Mlp= 4181.0000> <PB=10000000> 
<DWph=1> <it=  6> <et=725.96> <Mt= 0.27> <Spt= 0.54> <nCl= 76> <al=0.00> <DB= 4180.0000> <Mlp= 4180.0000> <PB=10000000> 
SB phase 2 cand.  2 branch on var x[(5, 75)]_0_559_0_OspV (lhs=0.3333)  : [ 4180.0000,  4181.0000], score = 0.03 (h)  <et=726>
<DWph=1> <it= 19> <et=729.03> <Mt= 1.43> <Spt= 1.45> <nCl=383> <al=0.00> <DB= 4180.7000> <Mlp= 4180.7000> <PB=10000000> 
<DWph=1> <it=  6> <et=730.34> <Mt= 0.52> <Spt= 0.60> <nCl=112> <al=0.00> <DB= 4180.0000> <Mlp= 4180.0000> <PB=10000000> 
SB phase 2 cand.  3 branch on var x[(35, 81)]_0_4195_0_OspV (lhs=0.6667): [ 4180.0000,  4180.7000], score = 0.02 (h)  <et=730.39>
**** Strong branching phase 3 is started *****
**** SB phase 3 evaluation of candidate 1, branch 1 ( x[(72, 68)]_0_8660_0_OspV >= 1 ), value = 4184.17
<DWph=2> <it=  1> <et=731.27> <Mt= 0.62> <Spt= 0.06> <nCl= 12> <al=0.50> <DB= 3943.5556> <Mlp= 4184.1694> <PB=10000000> 
<DWph=2> <it=  2> <et=731.42> <Mt= 0.03> <Spt= 0.12> <nCl= 16> <al=0.00> <DB= 4184.1694> <Mlp= 4184.1694> <PB=10000000> 
<DWph=1> <it=  3> <et=731.49> <Mt= 0.01> <Spt= 0.07> <nCl= 30> <al=0.30> <DB= 2706.1694> <Mlp= 4184.1694> <PB=10000000> 
<DWph=1> <it=  4> <et=731.61> <Mt= 0.05> <Spt= 0.07> <nCl= 29> <al=0.20> <DB= 3888.5694> <Mlp= 4184.1694> <PB=10000000> 
<DWph=1> <it=  5> <et=731.70> <Mt= 0.01> <Spt= 0.08> <nCl= 23> <al=0.10> <DB= 4025.0103> <Mlp= 4184.1694> <PB=10000000> 
<DWph=1> <it=  6> <et=731.86> <Mt= 0.02> <Spt= 0.13> <nCl= 28> <al=0.00> <DB= 4184.1694> <Mlp= 4184.1694> <PB=10000000> 
    RCSP exact solver info for graph G_0 : TT = 0.051046, pt = 0.001623, dt = 0.047135, ct = 0.001187, ndl = 3715', bdl = 75315', odl = 7383', odf = 37837', bsi = 1322', cnt = 2945', bdch = 301640', odch = 62174', lcp = 64442', #sols = 149
<DWph=0> <it=  7> <et=731.96> <Mt= 0.00> <Spt= 0.11> <nCl=123> <al=0.09> <DB= 3567.1386> <Mlp= 4184.1694> <PB=10000000> 
    RCSP exact solver info for graph G_0 : TT = 0.048864, pt = 0.001902, dt = 0.04455, ct = 0.001151, ndl = 3863', bdl = 76854', odl = 7429', odf = 37823', bsi = 1344', cnt = 3249', bdch = 312681', odch = 63545', lcp = 66096', #sols = 150
<DWph=0> <it=  8> <et=732.20> <Mt= 0.13> <Spt= 0.10> <nCl=117> <al=0.18> <DB= 3849.1641> <Mlp= 4183.0000> <PB=10000000> 
    RCSP exact solver info for graph G_0 : TT = 0.048412, pt = 0.00178, dt = 0.044422, ct = 0.00109, ndl = 3763', bdl = 77220', odl = 7524', odf = 38218', bsi = 1363', cnt = 3151', bdch = 310690', odch = 64234', lcp = 64459', #sols = 150
<DWph=0> <it=  9> <et=732.49> <Mt= 0.21> <Spt= 0.09> <nCl= 58> <al=0.26> <DB= 4092.1170> <Mlp= 4183.0000> <PB=10000000> 
    RCSP exact solver info for graph G_0 : TT = 0.047885, pt = 0.001941, dt = 0.043475, ct = 0.001184, ndl = 3654', bdl = 74493', odl = 7320', odf = 37040', bsi = 1292', cnt = 2937', bdch = 292198', odch = 60591', lcp = 60417', #sols = 150
<DWph=0> <it= 10> <et=732.74> <Mt= 0.16> <Spt= 0.09> <nCl= 86> <al=0.34> <DB= 4073.5594> <Mlp= 4183.0000> <PB=10000000> 
    RCSP exact solver info for graph G_0 : TT = 0.050342, pt = 0.001888, dt = 0.045974, ct = 0.001148, ndl = 3739', bdl = 76109', odl = 7433', odf = 37573', bsi = 1337', cnt = 3254', bdch = 304715', odch = 63341', lcp = 63696', #sols = 150
<DWph=0> <it= 11> <et=732.98> <Mt= 0.15> <Spt= 0.08> <nCl= 38> <al=0.40> <DB= 4146.3788> <Mlp= 4183.0000> <PB=10000000> 
    RCSP exact solver info for graph G_0 : TT = 0.050441, pt = 0.00179, dt = 0.046201, ct = 0.001141, ndl = 3696', bdl = 76452', odl = 7387', odf = 37473', bsi = 1329', cnt = 3016', bdch = 302143', odch = 60951', lcp = 62122', #sols = 150
<DWph=0> <it= 12> <et=733.23> <Mt= 0.16> <Spt= 0.09> <nCl= 62> <al=0.30> <DB= 4143.4796> <Mlp= 4183.0000> <PB=10000000> 
    RCSP exact solver info for graph G_0 : TT = 0.04689, pt = 0.00182, dt = 0.04287, ct = 0.001087, ndl = 3736', bdl = 80326', odl = 7556', odf = 38068', bsi = 1299', cnt = 3099', bdch = 323863', odch = 64000', lcp = 65080', #sols = 150
<DWph=0> <it= 13> <et=733.50> <Mt= 0.19> <Spt= 0.08> <nCl= 30> <al=0.37> <DB= 4164.9379> <Mlp= 4183.0000> <PB=10000000> 
    RCSP exact solver info for graph G_0 : TT = 0.05236, pt = 0.001998, dt = 0.047715, ct = 0.001162, ndl = 3803', bdl = 80333', odl = 7459', odf = 37718', bsi = 1338', cnt = 3216', bdch = 325376', odch = 64842', lcp = 65610', #sols = 150
    RCSP exact solver info for graph G_0 : TT = 0.048384, pt = 0.00183, dt = 0.043777, ct = 0.001365, ndl = 3531', bdl = 75340', odl = 7481', odf = 37124', bsi = 1322', cnt = 2745', bdch = 297599', odch = 60376', lcp = 60045', #sols = 150
<DWph=0> <it= 14> <et=733.86> <Mt= 0.20> <Spt= 0.16> <nCl= 88> <al=0.00> <DB= 4183.0000> <Mlp= 4183.0000> <PB=10000000> 
RCSP solver dynamic params and stats :  bidir.bord. = 514.8 aver.obdmd = 9.53279 aver.buck.num. = 11.123 nbR1C = 35 with avMem = 23.8857
@@ 1258 0 4183 0.0462927 0.048877 44.8065 733.86
    Full reduced cost fixing is not called (gap ratio is 0.999995)
ColGenEvalAlg final dual bound: 4183 (rounded: 4183)
Current active cuts : CAP(9,286.308) R1C(5+30,199.489) 1rowPackR1C(5) 3rowPackR1C(17) 4rowPackR1C(9) 5rowPackR1C(4)
Building structures for heuristic rank-1 packing cut separation...done!
19 Rank-1 5-rows pack. cuts added ,  max viol. = 0.125, aver. viol. = 0.125
In total 4 RCC cut(s) are found by the connected components heuristic 
Shrinking heuristic shrunk 106 edges
In total 3 RCC cut(s) are found by the Fractional capacity min-cut heuristic 
In total 9 RCC cut(s) are found by the global pool greedy search heuristic 
----- Add fac. cuts : CAP(16) R1C(19), max.viol = 1, aver.viol = 0.592857, sep/add took 0.147604/0.615966 sec. -----
56821 columns (9057 active), 835 dyn. constrs. (106 active), 1081 art. vars. (348 active)
<DWph=2> <it=  1> <et=734.89> <Mt= 0.11> <Spt= 0.11> <nCl= 12> <al=0.00> <DB= 4183.2500> <Mlp= 4183.2500> <PB=10000000> 
<DWph=1> <it=  2> <et=735.03> <Mt= 0.00> <Spt= 0.13> <nCl= 12> <al=0.00> <DB= 4183.2500> <Mlp= 4183.2500> <PB=10000000> 
    RCSP exact solver info for graph G_0 : TT = 0.046612, pt = 0.001637, dt = 0.042672, ct = 0.000986, ndl = 3335', bdl = 68524', odl = 6616', odf = 33379', bsi = 1317', cnt = 2641', bdch = 255157', odch = 48690', lcp = 52120', #sols = 150
    RCSP exact solver info for graph G_0 : TT = 0.049682, pt = 0.001672, dt = 0.045795, ct = 0.001012, ndl = 3366', bdl = 68500', odl = 6624', odf = 33583', bsi = 1338', cnt = 2631', bdch = 255733', odch = 48653', lcp = 52386', #sols = 150
<DWph=0> <it=  3> <et=735.18> <Mt= 0.00> <Spt= 0.15> <nCl= 58> <al=0.00> <DB= 4183.2500> <Mlp= 4183.2500> <PB=10000000> 
RCSP solver dynamic params and stats :  bidir.bord. = 514.8 aver.obdmd = 9.53279 aver.buck.num. = 11.123 nbR1C = 33 with avMem = 24.0606
@@ 1258 1 4183.25 0.0452325 0.046807 44.8065 735.18
    Full reduced cost fixing is not called (gap ratio is 0.999995)
ColGenEvalAlg final dual bound: 4183.25 (rounded: 4183.25)
False gap improvement since the last cut separation : 0.000597657 (4183)
Cut generation tailing off counter increased to 1
Current active cuts : CAP(9,293.805) R1C(5+28,193.314) 1rowPackR1C(5) 3rowPackR1C(16) 4rowPackR1C(8) 5rowPackR1C(4)
Building structures for heuristic rank-1 packing cut separation...done!
10 Rank-1 5-rows pack. cuts added ,  max viol. = 0.25, aver. viol. = 0.25
Shrinking heuristic shrunk 103 edges
In total 3 RCC cut(s) are found by the Fractional capacity min-cut heuristic 
In total 6 RCC cut(s) are found by the global pool greedy search heuristic 
----- Add fac. cuts : CAP(9) R1C(10), max.viol = 0.5, aver.viol = 0.5, sep/add took 0.136858/0.235631 sec. -----
56903 columns (9139 active), 836 dyn. constrs. (77 active), 1100 art. vars. (319 active)
<DWph=2> <it=  1> <et=735.81> <Mt= 0.12> <Spt= 0.05> <nCl=  5> <al=0.50> <DB= 4183.8673> <Mlp= 4184.9346> <PB=10000000> 
<DWph=2> <it=  2> <et=735.87> <Mt= 0.01> <Spt= 0.06> <nCl=  1> <al=0.55> <DB= 4184.3476> <Mlp= 4184.9346> <PB=10000000> 
<DWph=2> <it=  3> <et=735.95> <Mt= 0.02> <Spt= 0.05> <nCl=  7> <al=0.60> <DB= 4122.9689> <Mlp= 4184.9346> <PB=10000000> 
<DWph=2> <it=  4> <et=736.03> <Mt= 0.02> <Spt= 0.06> <nCl=  5> <al=0.64> <DB= 4146.2426> <Mlp= 4184.9346> <PB=10000000> 
<DWph=2> <it=  5> <et=736.13> <Mt= 0.05> <Spt= 0.05> <nCl= 16> <al=0.67> <DB= 4182.9872> <Mlp= 4184.7658> <PB=10000000> 
<DWph=2> <it=  6> <et=736.21> <Mt= 0.02> <Spt= 0.06> <nCl=  6> <al=0.70> <DB= 4184.4355> <Mlp= 4184.7500> <PB=10000000> 
<DWph=2> <it=  7> <et=736.27> <Mt= 0.00> <Spt= 0.06> <nCl= 11> <al=0.60> <DB= 4183.5495> <Mlp= 4184.7500> <PB=10000000> 
<DWph=2> <it=  8> <et=736.35> <Mt= 0.03> <Spt= 0.05> <nCl=  9> <al=0.64> <DB= 4184.6235> <Mlp= 4184.7500> <PB=10000000> 
<DWph=2> <it=  9> <et=736.40> <Mt= 0.00> <Spt= 0.06> <nCl=  7> <al=0.68> <DB= 4184.6528> <Mlp= 4184.7500> <PB=10000000> 
<DWph=2> <it= 10> <et=736.46> <Mt= 0.00> <Spt= 0.05> <nCl= 11> <al=0.71> <DB= 4179.5186> <Mlp= 4184.7500> <PB=10000000> 
<DWph=2> <it= 11> <et=736.53> <Mt= 0.02> <Spt= 0.06> <nCl= 13> <al=0.74> <DB= 4184.2806> <Mlp= 4184.7500> <PB=10000000> 
<DWph=2> <it= 12> <et=736.79> <Mt= 0.02> <Spt= 0.23> <nCl= 34> <al=0.00> <DB= 4184.7413> <Mlp= 4184.7413> <PB=10000000> 
<DWph=1> <it= 13> <et=736.85> <Mt= 0.00> <Spt= 0.06> <nCl= 14> <al=0.67> <DB= 4076.7413> <Mlp= 4184.7413> <PB=10000000> 
<DWph=1> <it= 14> <et=736.92> <Mt= 0.01> <Spt= 0.06> <nCl= 13> <al=0.57> <DB= 4076.7413> <Mlp= 4184.7413> <PB=10000000> 
<DWph=1> <it= 15> <et=737.08> <Mt= 0.03> <Spt= 0.13> <nCl= 24> <al=0.13> <DB= 4116.1660> <Mlp= 4184.6991> <PB=10000000> 
<DWph=1> <it= 16> <et=737.21> <Mt= 0.00> <Spt= 0.12> <nCl= 24> <al=0.00> <DB= 4184.6991> <Mlp= 4184.6991> <PB=10000000> 
    RCSP exact solver info for graph G_0 : TT = 0.048156, pt = 0.001473, dt = 0.044416, ct = 0.001123, ndl = 3411', bdl = 68114', odl = 6903', odf = 35393', bsi = 1358', cnt = 2567', bdch = 261186', odch = 52955', lcp = 55720', #sols = 150
<DWph=0> <it= 17> <et=737.28> <Mt= 0.01> <Spt= 0.07> <nCl= 72> <al=0.37> <DB= 3757.1202> <Mlp= 4184.6991> <PB=10000000> 
    RCSP exact solver info for graph G_0 : TT = 0.047558, pt = 0.00148, dt = 0.043834, ct = 0.001192, ndl = 3443', bdl = 72543', odl = 7003', odf = 35627', bsi = 1407', cnt = 2654', bdch = 272055', odch = 54338', lcp = 56104', #sols = 150
<DWph=0> <it= 18> <et=737.40> <Mt= 0.04> <Spt= 0.08> <nCl= 67> <al=0.43> <DB= 3990.4162> <Mlp= 4184.6259> <PB=10000000> 
    RCSP exact solver info for graph G_0 : TT = 0.048732, pt = 0.001487, dt = 0.045137, ct = 0.000943, ndl = 3489', bdl = 75441', odl = 7336', odf = 36998', bsi = 1350', cnt = 2718', bdch = 296875', odch = 59117', lcp = 62175', #sols = 150
    RCSP exact solver info for graph G_0 : TT = 0.048648, pt = 0.001329, dt = 0.044705, ct = 0.001259, ndl = 3282', bdl = 68822', odl = 6940', odf = 35127', bsi = 1333', cnt = 2688', bdch = 256806', odch = 50601', lcp = 53244', #sols = 150
<DWph=0> <it= 19> <et=737.56> <Mt= 0.01> <Spt= 0.15> <nCl=101> <al=0.00> <DB= 4153.2906> <Mlp= 4184.6239> <PB=10000000> 
    RCSP exact solver info for graph G_0 : TT = 0.048958, pt = 0.001524, dt = 0.045129, ct = 0.000964, ndl = 3331', bdl = 70523', odl = 7103', odf = 35962', bsi = 1338', cnt = 2712', bdch = 273091', odch = 54624', lcp = 57232', #sols = 150
<DWph=0> <it= 20> <et=737.65> <Mt= 0.01> <Spt= 0.07> <nCl= 70> <al=0.23> <DB= 4177.0840> <Mlp= 4184.6239> <PB=10000000> 
    RCSP exact solver info for graph G_0 : TT = 0.050234, pt = 0.001458, dt = 0.046428, ct = 0.001044, ndl = 3450', bdl = 71862', odl = 7284', odf = 37036', bsi = 1400', cnt = 2966', bdch = 285689', odch = 58784', lcp = 60771', #sols = 150
    RCSP exact solver info for graph G_0 : TT = 0.046509, pt = 0.001423, dt = 0.04238, ct = 0.001308, ndl = 3209', bdl = 65563', odl = 6871', odf = 35151', bsi = 1301', cnt = 2479', bdch = 245112', odch = 49332', lcp = 51605', #sols = 150
<DWph=0> <it= 21> <et=737.80> <Mt= 0.01> <Spt= 0.15> <nCl=122> <al=0.00> <DB= 4184.6239> <Mlp= 4184.6239> <PB=10000000> 
RCSP solver dynamic params and stats :  bidir.bord. = 514.8 aver.obdmd = 9.53279 aver.buck.num. = 11.123 nbR1C = 29 with avMem = 24.5517
@@ 1258 2 4184.62 0.0456946 0.047472 44.8065 737.8
    Full reduced cost fixing is not called (gap ratio is 0.999995)
ColGenEvalAlg final dual bound: 4184.62 (rounded: 4184.62)
False gap improvement since the last cut separation : 0.00328432 (4183.25)
Cut generation tailing off counter increased to 2
Current active cuts : CAP(9,405.752) R1C(5+24,193.446) 1rowPackR1C(5) 3rowPackR1C(14) 4rowPackR1C(7) 5rowPackR1C(3)
150 Rank-1 3-rows pack. cuts added ,  max viol. = 0.0869565, aver. viol. = 0.0543478
Building structures for heuristic rank-1 packing cut separation...done!
100 Rank-1 4-rows pack. cuts added ,  max viol. = 0.130435, aver. viol. = 0.0554348
100 Rank-1 5-rows pack. cuts added ,  max viol. = 0.130435, aver. viol. = 0.0901087
Shrinking heuristic shrunk 63 edges
In total 1 RCC cut(s) are found by the Fractional capacity min-cut heuristic 
----- Add fac. cuts : CAP(1) R1C(350), max.viol = 0.217391, aver.viol = 0.0668896, sep/add took 0.268894/1.6821 sec. -----
57535 columns (9771 active), 1156 dyn. constrs. (403 active), 1451 art. vars. (645 active)
<DWph=2> <it=  1> <et=740.07> <Mt= 0.20> <Spt= 0.06> <nCl= 17> <al=0.50> <DB= 4179.0604> <Mlp= 4185.4970> <PB=10000000> 
<DWph=2> <it=  2> <et=740.20> <Mt= 0.01> <Spt= 0.11> <nCl= 16> <al=0.10> <DB= 4185.4066> <Mlp= 4185.4935> <PB=10000000> 
<DWph=2> <it=  3> <et=740.27> <Mt= 0.01> <Spt= 0.07> <nCl=  9> <al=0.45> <DB= 4184.0767> <Mlp= 4185.4907> <PB=10000000> 
<DWph=2> <it=  4> <et=740.38> <Mt= 0.00> <Spt= 0.10> <nCl= 10> <al=0.01> <DB= 4141.9309> <Mlp= 4185.4880> <PB=10000000> 
<DWph=2> <it=  5> <et=740.50> <Mt= 0.01> <Spt= 0.11> <nCl=  6> <al=0.00> <DB= 4185.4880> <Mlp= 4185.4880> <PB=10000000> 
<DWph=1> <it=  6> <et=740.56> <Mt= 0.00> <Spt= 0.06> <nCl= 15> <al=0.31> <DB= 4044.5991> <Mlp= 4185.4880> <PB=10000000> 
<DWph=1> <it=  7> <et=740.64> <Mt= 0.01> <Spt= 0.07> <nCl= 11> <al=0.21> <DB= 3951.1585> <Mlp= 4185.4528> <PB=10000000> 
<DWph=1> <it=  8> <et=740.78> <Mt= 0.02> <Spt= 0.12> <nCl= 16> <al=0.00> <DB= 4185.4528> <Mlp= 4185.4528> <PB=10000000> 
    RCSP exact solver info for graph G_0 : TT = 0.051142, pt = 0.001799, dt = 0.047039, ct = 0.001269, ndl = 3421', bdl = 73218', odl = 6660', odf = 33618', bsi = 1356', cnt = 2896', bdch = 262327', odch = 51617', lcp = 53597', #sols = 150
<DWph=0> <it=  9> <et=740.90> <Mt= 0.00> <Spt= 0.12> <nCl=113> <al=0.18> <DB= 3102.5283> <Mlp= 4185.4528> <PB=10000000> 
    RCSP exact solver info for graph G_0 : TT = 0.055476, pt = 0.00251, dt = 0.050467, ct = 0.001261, ndl = 3687', bdl = 78887', odl = 6929', odf = 35342', bsi = 1368', cnt = 3346', bdch = 303488', odch = 58532', lcp = 61657', #sols = 150
<DWph=0> <it= 10> <et=741.09> <Mt= 0.09> <Spt= 0.10> <nCl= 70> <al=0.08> <DB= 4086.6622> <Mlp= 4185.4528> <PB=10000000> 
    RCSP exact solver info for graph G_0 : TT = 0.052233, pt = 0.002667, dt = 0.046819, ct = 0.001099, ndl = 3736', bdl = 81897', odl = 7124', odf = 35945', bsi = 1392', cnt = 3350', bdch = 316664', odch = 61051', lcp = 62001', #sols = 150
<DWph=0> <it= 11> <et=741.35> <Mt= 0.09> <Spt= 0.11> <nCl= 89> <al=0.18> <DB= 4056.4290> <Mlp= 4185.4528> <PB=10000000> 
    RCSP exact solver info for graph G_0 : TT = 0.050859, pt = 0.002195, dt = 0.045885, ct = 0.001139, ndl = 3459', bdl = 75029', odl = 6739', odf = 34447', bsi = 1375', cnt = 2894', bdch = 271930', odch = 51816', lcp = 53209', #sols = 150
<DWph=0> <it= 12> <et=741.49> <Mt= 0.05> <Spt= 0.09> <nCl= 52> <al=0.26> <DB= 4132.9070> <Mlp= 4185.4229> <PB=10000000> 
    RCSP exact solver info for graph G_0 : TT = 0.053614, pt = 0.002855, dt = 0.048028, ct = 0.001199, ndl = 3623', bdl = 75291', odl = 7012', odf = 35889', bsi = 1326', cnt = 3004', bdch = 287135', odch = 55285', lcp = 57789', #sols = 150
<DWph=0> <it= 13> <et=741.62> <Mt= 0.02> <Spt= 0.10> <nCl= 70> <al=0.33> <DB= 4139.4208> <Mlp= 4185.2500> <PB=10000000> 
    RCSP exact solver info for graph G_0 : TT = 0.050396, pt = 0.002663, dt = 0.045272, ct = 0.001078, ndl = 3548', bdl = 72961', odl = 6864', odf = 35305', bsi = 1375', cnt = 3218', bdch = 275405', odch = 51736', lcp = 55988', #sols = 150
<DWph=0> <it= 14> <et=741.72> <Mt= 0.01> <Spt= 0.09> <nCl= 42> <al=0.40> <DB= 4166.9486> <Mlp= 4185.2500> <PB=10000000> 
    RCSP exact solver info for graph G_0 : TT = 0.050009, pt = 0.002719, dt = 0.04467, ct = 0.001181, ndl = 3562', bdl = 73644', odl = 6887', odf = 35440', bsi = 1376', cnt = 3078', bdch = 276818', odch = 52037', lcp = 55463', #sols = 150
<DWph=0> <it= 15> <et=741.81> <Mt= 0.00> <Spt= 0.09> <nCl= 45> <al=0.30> <DB= 4174.3407> <Mlp= 4185.2500> <PB=10000000> 
    RCSP exact solver info for graph G_0 : TT = 0.052412, pt = 0.002928, dt = 0.046735, ct = 0.001193, ndl = 3640', bdl = 75508', odl = 6969', odf = 35810', bsi = 1406', cnt = 3236', bdch = 290803', odch = 54480', lcp = 57916', #sols = 150
<DWph=0> <it= 16> <et=741.89> <Mt= 0.01> <Spt= 0.08> <nCl= 27> <al=0.37> <DB= 4181.2200> <Mlp= 4185.2500> <PB=10000000> 
    RCSP exact solver info for graph G_0 : TT = 0.053616, pt = 0.002739, dt = 0.04829, ct = 0.001109, ndl = 3425', bdl = 72547', odl = 6717', odf = 34650', bsi = 1334', cnt = 2892', bdch = 260385', odch = 48647', lcp = 51240', #sols = 150
    RCSP exact solver info for graph G_0 : TT = 0.047653, pt = 0.00172, dt = 0.043371, ct = 0.001112, ndl = 3545', bdl = 71372', odl = 7012', odf = 35746', bsi = 1415', cnt = 3092', bdch = 278965', odch = 53576', lcp = 57249', #sols = 150
<DWph=0> <it= 17> <et=742.07> <Mt= 0.00> <Spt= 0.17> <nCl= 80> <al=0.00> <DB= 4185.2500> <Mlp= 4185.2500> <PB=10000000> 
RCSP solver dynamic params and stats :  bidir.bord. = 514.8 aver.obdmd = 9.53279 aver.buck.num. = 11.123 nbR1C = 34 with avMem = 28.5882
@@ 1258 3 4185.25 0.0478216 0.051728 44.8065 742.07
    Full reduced cost fixing is not called (gap ratio is 0.999995)
ColGenEvalAlg final dual bound: 4185.25 (rounded: 4185.25)
False gap improvement since the last cut separation : 0.00149616 (4184.62)
----- Cut generation is stopped due to tailing off -----
Current active cuts : CAP(7,445.678) R1C(5+29,195.427) 1rowPackR1C(5) 3rowPackR1C(12) 4rowPackR1C(10) 5rowPackR1C(7)
**** SB phase 3 evaluation of candidate 1, branch 2 ( x[(72, 68)]_0_8660_0_OspV <= 0 ), value = 4180
<DWph=2> <it=  1> <et=742.72> <Mt= 0.17> <Spt= 0.11> <nCl= 20> <al=0.00> <DB= 4179.1000> <Mlp= 4180.0000> <PB=10000000> 
<DWph=1> <it=  2> <et=742.95> <Mt= 0.10> <Spt= 0.12> <nCl= 35> <al=0.00> <DB= 4180.0000> <Mlp= 4180.0000> <PB=10000000> 
    RCSP exact solver info for graph G_0 : TT = 0.052688, pt = 0.001537, dt = 0.04824, ct = 0.001341, ndl = 4066', bdl = 88774', odl = 8138', odf = 40332', bsi = 1499', cnt = 4353', bdch = 391085', odch = 81067', lcp = 80775', #sols = 150
<DWph=0> <it=  3> <et=743.06> <Mt= 0.01> <Spt= 0.11> <nCl=112> <al=0.30> <DB= 4178.5801> <Mlp= 4180.0000> <PB=10000000> 
    RCSP exact solver info for graph G_0 : TT = 0.054422, pt = 0.001614, dt = 0.049861, ct = 0.001472, ndl = 3625', bdl = 81215', odl = 7495', odf = 37102', bsi = 1444', cnt = 2984', bdch = 310085', odch = 58734', lcp = 62039', #sols = 150
<DWph=0> <it=  4> <et=743.30> <Mt= 0.12> <Spt= 0.11> <nCl= 63> <al=0.37> <DB= 4179.1000> <Mlp= 4180.0000> <PB=10000000> 
    RCSP exact solver info for graph G_0 : TT = 0.050076, pt = 0.001818, dt = 0.045667, ct = 0.00126, ndl = 3645', bdl = 78828', odl = 7566', odf = 37712', bsi = 1506', cnt = 3153', bdch = 309032', odch = 59307', lcp = 62430', #sols = 150
<DWph=0> <it=  5> <et=743.49> <Mt= 0.11> <Spt= 0.09> <nCl= 55> <al=0.27> <DB= 4178.3455> <Mlp= 4180.0000> <PB=10000000> 
    RCSP exact solver info for graph G_0 : TT = 0.050993, pt = 0.001891, dt = 0.046252, ct = 0.001272, ndl = 3654', bdl = 78696', odl = 7564', odf = 37668', bsi = 1520', cnt = 3295', bdch = 310394', odch = 62768', lcp = 63286', #sols = 150
<DWph=0> <it=  6> <et=743.70> <Mt= 0.13> <Spt= 0.08> <nCl= 38> <al=0.34> <DB= 4179.5270> <Mlp= 4179.9750> <PB=10000000> 
    RCSP exact solver info for graph G_0 : TT = 0.053197, pt = 0.001622, dt = 0.049034, ct = 0.001229, ndl = 3523', bdl = 74758', odl = 7256', odf = 36481', bsi = 1398', cnt = 2789', bdch = 275366', odch = 54357', lcp = 55387', #sols = 148
<DWph=0> <it=  7> <et=743.79> <Mt= 0.00> <Spt= 0.08> <nCl= 40> <al=0.41> <DB= 4179.6589> <Mlp= 4179.9750> <PB=10000000> 
<DWph=0> <it=  8> <et=743.80> <Mt= 0.01> <Spt= 0.00> <nCl=  0> <al=0.47> <DB= 4179.9667> <Mlp= 4179.9667> <PB=10000000> 
RCSP solver dynamic params and stats :  bidir.bord. = 525.1 aver.obdmd = 9.53279 aver.buck.num. = 11.123 nbR1C = 36 with avMem = 23.8889
@@ 1259 0 4179.97 0.0491256 0.051333 48.7555 743.8
ColGenEvalAlg final dual bound: 4179.97 (rounded: 4179.97)
Current active cuts : CAP(10,283.003) R1C(5+31,198.426) 1rowPackR1C(5) 3rowPackR1C(18) 4rowPackR1C(9) 5rowPackR1C(4)
Building structures for heuristic rank-1 packing cut separation...done!
In total 1 RCC cut(s) are found by the connected components heuristic 
Shrinking heuristic shrunk 102 edges
In total 2 RCC cut(s) are found by the global pool greedy search heuristic 
----- Add fac. cuts : CAP(3), max.viol = 0.333333, aver.viol = 0.333333, sep/add took 0.154717/0.0404308 sec. -----
57083 columns (8282 active), 796 dyn. constrs. (219 active), 1038 art. vars. (461 active)
<DWph=2> <it=  1> <et=744.22> <Mt= 0.08> <Spt= 0.11> <nCl=  4> <al=0.00> <DB= 4180.0000> <Mlp= 4180.0000> <PB=10000000> 
<DWph=1> <it=  2> <et=744.34> <Mt= 0.00> <Spt= 0.12> <nCl= 20> <al=0.00> <DB= 4180.0000> <Mlp= 4180.0000> <PB=10000000> 
    RCSP exact solver info for graph G_0 : TT = 0.048715, pt = 0.001694, dt = 0.044894, ct = 0.00099, ndl = 3274', bdl = 70742', odl = 7170', odf = 35293', bsi = 1320', cnt = 2454', bdch = 258039', odch = 48883', lcp = 54174', #sols = 149
    RCSP exact solver info for graph G_0 : TT = 0.047903, pt = 0.001577, dt = 0.044115, ct = 0.000983, ndl = 3304', bdl = 70290', odl = 7000', odf = 34997', bsi = 1312', cnt = 2503', bdch = 254381', odch = 47414', lcp = 52702', #sols = 147
<DWph=0> <it=  3> <et=744.51> <Mt= 0.00> <Spt= 0.16> <nCl=100> <al=0.00> <DB= 4180.0000> <Mlp= 4180.0000> <PB=10000000> 
RCSP solver dynamic params and stats :  bidir.bord. = 525.1 aver.obdmd = 9.53279 aver.buck.num. = 11.123 nbR1C = 36 with avMem = 23.8889
@@ 1259 1 4180 0.045491 0.045884 48.7555 744.51
    Full reduced cost fixing is not called (gap ratio is 0.999996)
ColGenEvalAlg final dual bound: 4180 (rounded: 4180)
False gap improvement since the last cut separation : 7.97455e-05 (4179.97)
Separator R1C not in maximum phase
Cut generation tailing off counter increased to 0
Current active cuts : CAP(12,280.996) R1C(5+31,197.646) 1rowPackR1C(5) 3rowPackR1C(18) 4rowPackR1C(9) 5rowPackR1C(4)
Building structures for heuristic rank-1 packing cut separation...done!
Shrinking heuristic shrunk 101 edges
----- Add fac. cuts : sep. took 0.144934 sec.----- no cuts found  -----
Current active cuts : CAP(12,280.996) R1C(5+31,197.646) 1rowPackR1C(5) 3rowPackR1C(18) 4rowPackR1C(9) 5rowPackR1C(4)
SB exact phase 3 branch on var x[(72, 68)]_0_8660_0_OspV (lhs=0.333333) : [4185.25, 4180], tree depth = 1e+12, tree size = 1e+12, score = -1.025 (h)
SB with phases chosed candidate var x[(72, 68)]_0_8660_0_OspV (lhs=0.333333)
************************************************************************************************
**** BaB tree node (N° 27, parent N° 24, depth 13, treatOrderId 1259)
**** Local DB = 4180, global bounds : [ 4179.3 , 1e+07 ], TIME = 0h12m24s71t = 74471
**** 14 open nodes, 57207 columns (8406 active), 795 dyn. constrs. (74 active), 1037 art. vars. (316 active)
************************************************************************************************
**** Strong branching phase 1 is started *****
SB phase 1 cand.  1 branch on var x[(72, 22)]_0_8614_0_OspV (lhs=0.2500)  : [ 4180.0000,  4181.0000], score = 0.00 (h)  <et=744.94>
SB phase 1 cand.  2 branch on var x[(0, 10)]_0_1089_0_OspV (lhs=0.2500)   : [ 4180.0000,  4182.6000], score = 0.00      <et=745.08>
SB phase 1 cand.  3 branch on var x[(35, 81)]_0_4195_0_OspV (lhs=0.7500)  : [ 4180.0000,  4180.7000], score = 0.00 (h)  <et=745.24>
SB phase 1 cand.  4 branch on var x[(28, 75)]_0_3342_0_OspV (lhs=0.2500)  : [ 4180.0000,  4182.6000], score = 0.00      <et=745.47>
SB phase 1 cand.  5 branch on var x[(28, 10)]_0_3278_0_OspV (lhs=0.7500)  : [ 4180.0000,  4182.6000], score = 0.00 (h)  <et=745.73>
SB phase 1 cand.  6 branch on var x[(96, 81)]_0_11577_0_OspV (lhs=0.2500) : [ 4180.0000,  4181.0000], score = 0.00 (h)  <et=745.88>
SB phase 1 cand.  7 branch on var x[(116, 76)]_0_13992_0_OspV (lhs=0.5000): [ 4180.0000,  4180.5000], score = 0.00 (h)  <et=746.04>
SB phase 1 cand.  8 branch on var x[(35, 0)]_0_4115_0_OspV (lhs=0.2500)   : [ 4180.0000,  4181.0000], score = 0.00 (h)  <et=746.2>
SB phase 1 cand.  9 branch on var x[(96, 22)]_0_11518_0_OspV (lhs=0.7500) : [ 4180.0000,  4180.4000], score = 0.00 (h)  <et=746.32>
SB phase 1 cand. 10 branch on var x[(118, 91)]_0_14249_0_OspV (lhs=0.2500): [ 4180.0000,  4180.7000], score = 0.00 (h)  <et=746.73>
SB phase 1 cand. 11 branch on var x[(91, 4)]_0_10895_0_OspV (lhs=0.2500)  : [ 4180.0000,  4180.7000], score = 0.00 (h)  <et=747.07>
SB phase 1 cand. 12 branch on var x[(77, 96)]_0_9292_0_OspV (lhs=0.2500)  : [ 4180.0000,  4180.7000], score = 0.00 (h)  <et=747.29>
SB phase 1 cand. 13 branch on var x[(91, 96)]_0_10986_0_OspV (lhs=0.7500) : [ 4180.0000,  4180.7000], score = 0.00 (h)  <et=747.83>
SB phase 1 cand. 14 branch on var x[(0, 109)]_0_13068_0_OspV (lhs=0.5000) : [ 4180.0000,  4180.1333], score = 0.00 (h)  <et=748>
SB phase 1 cand. 15 branch on var x[(72, 0)]_0_8592_0_OspV (lhs=0.7500)   : [ 4180.0000,  4181.0000], score = 0.00 (h)  <et=748.39>
SB phase 1 cand. 16 branch on var x[(118, 4)]_0_14162_0_OspV (lhs=0.7500) : [ 4180.0000,  4180.6804], score = 0.00 (h)  <et=748.81>
SB phase 1 cand. 17 branch on var x[(77, 91)]_0_9287_0_OspV (lhs=0.7500)  : [ 4180.0000,  4180.4375], score = 0.00 (h)  <et=748.97>
SB phase 1 cand. 18 branch on var x[(82, 75)]_0_9877_0_OspV (lhs=0.5000)  : [ 4180.0000,  4180.1500], score = 0.00 (h)  <et=749.18>
SB phase 1 cand. 19 branch on var x[(82, 109)]_0_9910_0_OspV (lhs=0.5000) : [ 4180.0000,  4180.0786], score = 0.00 (h)  <et=749.43>
SB phase 1 cand. 20 branch on var x[(0, 75)]_0_8954_0_OspV (lhs=0.2500)   : [ 4180.0000,  4180.0000], score = 0.00 (h)  <et=749.8>
SB phase 1 cand. 21 branch on var x[(55, 26)]_0_6561_0_OspV (lhs=0.5000)  : [ 4180.0000,  4180.1000], score = 0.00 (h)  <et=749.97>
SB phase 1 cand. 22 branch on var x[(0, 101)]_0_12100_0_OspV (lhs=0.5000) : [ 4180.0000,  4180.1000], score = 0.00 (h)  <et=750.13>
SB phase 1 cand. 23 branch on var x[(26, 1)]_0_3027_0_OspV (lhs=0.5000)   : [ 4180.0000,  4180.1000], score = 0.00 (h)  <et=750.3>
SB phase 1 cand. 24 branch on var x[(116, 26)]_0_13942_0_OspV (lhs=0.5000): [ 4180.0000,  4180.5000], score = 0.00 (h)  <et=750.51>
SB phase 1 cand. 25 branch on var x[(55, 101)]_0_6635_0_OspV (lhs=0.5000) : [ 4180.0000,  4180.1000], score = 0.00 (h)  <et=750.72>
SB phase 1 cand. 26 branch on var x[(26, 76)]_0_3101_0_OspV (lhs=0.5000)  : [ 4180.0000,  4180.5000], score = 0.00 (h)  <et=750.87>
SB phase 1 cand. 27 branch on var x[(0, 1)]_0_0_0_OspV (lhs=0.5000)       : [ 4180.0000,  4180.5000], score = 0.00 (h)  <et=751.01>
**** Strong branching phase 2 is started *****
<DWph=1> <it= 15> <et=752.62> <Mt= 0.48> <Spt= 1.13> <nCl=216> <al=0.00> <DB= 4180.8000> <Mlp= 4180.8000> <PB=10000000> 
<DWph=2> <it=  1> <et=752.85> <Mt= 0.00> <Spt= 0.00> <nCl=  0> <al=0.50> <DB= 4180.0000> <Mlp= 4180.0000> <PB=10000000> 
<DWph=1> <it=  2> <et=752.86> <Mt= 0.00> <Spt= 0.00> <nCl=  0> <al=0.50> <DB= 4180.0000> <Mlp= 4180.0000> <PB=10000000> 
<DWph=1> <it=  2> <et=752.86> <Mt= 0.00> <Spt= 0.00> <nCl=  0> <al=0.00> <DB= 4180.0000> <Mlp= 4180.0000> <PB=10000000> 
SB phase 2 cand.  1 branch on var x[(28, 75)]_0_3342_0_OspV (lhs=0.2500): [ 4180.0000,  4180.8000], score = 0.00      <et=752.9>
In total 2 RCC cut(s) are found by the connected components heuristic 
Shrinking heuristic shrunk 111 edges
----- Add core cuts : CAP(2), max.viol = 1, aver.viol = 1, sep/add took 0.00375943/0.0214515 sec. -----
<DWph=1> <it=  8> <et=753.93> <Mt= 0.22> <Spt= 0.64> <nCl=116> <al=0.00> <DB= 4180.8000> <Mlp= 4180.8000> <PB=10000000> 
<DWph=2> <it=  1> <et=754.11> <Mt= 0.00> <Spt= 0.00> <nCl=  0> <al=0.50> <DB= 4180.0000> <Mlp= 4180.0000> <PB=10000000> 
<DWph=1> <it=  2> <et=754.12> <Mt= 0.00> <Spt= 0.00> <nCl=  0> <al=0.50> <DB= 4180.0000> <Mlp= 4180.0000> <PB=10000000> 
<DWph=1> <it=  2> <et=754.12> <Mt= 0.00> <Spt= 0.00> <nCl=  0> <al=0.00> <DB= 4180.0000> <Mlp= 4180.0000> <PB=10000000> 
SB phase 2 cand.  2 branch on var x[(28, 10)]_0_3278_0_OspV (lhs=0.7500): [ 4180.0000,  4180.8000], score = 0.00 (h)  <et=754.16>
<DWph=1> <it=  8> <et=755.18> <Mt= 0.18> <Spt= 0.71> <nCl=103> <al=0.00> <DB= 4180.7000> <Mlp= 4180.7000> <PB=10000000> 
Shrinking heuristic shrunk 111 edges
<DWph=2> <it=  1> <et=755.36> <Mt= 0.00> <Spt= 0.00> <nCl=  0> <al=0.50> <DB= 4180.0000> <Mlp= 4180.0000> <PB=4180> 
<DWph=1> <it=  1> <et=755.36> <Mt= 0.00> <Spt= 0.00> <nCl=  0> <al=0.00> <DB= 4180.0000> <Mlp= 4180.0000> <PB=4180> 
SB phase 2 cand.  3 branch on var x[(35, 0)]_0_4115_0_OspV (lhs=0.2500) : [ 4180.0000,  4180.7000], score = 0.00 (h)  <et=755.41>
**** Strong branching phase 3 is started *****
**** SB phase 3 evaluation of candidate 1, branch 1 ( x[(28, 10)]_0_3278_0_OspV <= 0 ), value = 4180.8
<DWph=2> <it=  1> <et=756.04> <Mt= 0.46> <Spt= 0.00> <nCl=  0> <al=0.50> <DB= 4180.0000> <Mlp= 4180.8000> <PB=4180> 
ColGenEvalAlg final dual bound: 4180 (rounded: 4180)
Current active cuts : CAP(9,231.664) R1C(5+26,202.81) 1rowPackR1C(5) 3rowPackR1C(16) 4rowPackR1C(8) 5rowPackR1C(2)
**** SB phase 3 evaluation of candidate 1, branch 2 ( x[(28, 10)]_0_3278_0_OspV >= 1 ), value = 4180
<DWph=2> <it=  1> <et=756.25> <Mt= 0.00> <Spt= 0.00> <nCl=  0> <al=0.50> <DB= 4180.0000> <Mlp= 4180.0000> <PB=4180> 
ColGenEvalAlg final dual bound: 4180 (rounded: 4180)
Current active cuts : CAP(11,283.605) R1C(5+31,199.07) 1rowPackR1C(5) 3rowPackR1C(18) 4rowPackR1C(9) 5rowPackR1C(4)
 SB phase 3 candidate 1 is conquered !
SB with phases chosed candidate var x[(28, 10)]_0_3278_0_OspV (lhs=0.75)
New model incumbent solution 4180, TIME = 0h12m36s31t = 75631
************************************************************************************************
**** BaB tree node (N° 9, parent N° 7, depth 4, treatOrderId 327)
**** Local DB = 4179.3, global bounds : [ 4179.3 , 4180 ], TIME = 0h12m36s32t = 75632
**** 4 open nodes, ETS : 30, 57207 columns (8406 active), 655 dyn. constrs. (75 active), 897 art. vars. (317 active)
************************************************************************************************
**** Strong branching phase 1 is started *****
SB phase 1 cand.  1 branch on var x[(33, 94)]_0_3966_0_OspV (lhs=0.3125)   : [ 4180.3726,  4183.4000], score = 4.42 (h)  <et=756.78>
SB phase 1 cand.  2 branch on var x[(0, 106)]_0_12705_0_OspV (lhs=0.5000)  : [ 4180.0296,  4188.1167], score = 6.47      <et=757.04>
SB phase 1 cand.  3 branch on var x[(55, 23)]_0_6558_0_OspV (lhs=0.7625)   : [ 4179.3721,  4180.0143], score = 0.05 (h)  <et=757.18>
SB phase 1 cand.  4 branch on var x[(106, 30)]_0_12736_0_OspV (lhs=0.5000) : [ 4179.3521,  4180.0374], score = 0.04      <et=757.35>
SB phase 1 cand.  5 branch on var x[(72, 82)]_0_8673_0_OspV (lhs=0.3333)   : [ 4179.3625,  4182.2316], score = 0.05 (h)  <et=757.54>
SB phase 1 cand.  6 branch on var x[(106, 99)]_0_12805_0_OspV (lhs=0.5000) : [ 4180.0296,  4188.1167], score = 6.47      <et=757.79>
SB phase 1 cand.  7 branch on var x[(35, 19)]_0_4134_0_OspV (lhs=0.2583)   : [ 4179.3320,  4179.3775], score = 0.00 (h)  <et=757.92>
SB phase 1 cand.  8 branch on var x[(27, 0)]_0_3147_0_OspV (lhs=0.5000)    : [ 4179.3521,  4180.0068], score = 0.04      <et=758.08>
SB phase 1 cand.  9 branch on var x[(12, 105)]_0_1436_0_OspV (lhs=0.0500)  : [ 4179.3044,  4183.9000], score = 0.01 (h)  <et=758.16>
SB phase 1 cand. 10 branch on var x[(27, 30)]_0_3176_0_OspV (lhs=0.5000)   : [ 4179.3521,  4180.0068], score = 0.04      <et=758.3>
SB phase 1 cand. 11 branch on var x[(12, 7)]_0_1339_0_OspV (lhs=0.1375)    : [ 4179.3704,  4183.4000], score = 0.05 (h)  <et=758.42>
SB phase 1 cand. 12 branch on var x[(46, 0)]_0_5446_0_OspV (lhs=0.5000)    : [ 4179.3518,  4181.6801], score = 0.04      <et=758.55>
SB phase 1 cand. 13 branch on var x[(28, 10)]_0_3278_0_OspV (lhs=0.6667)   : [ 4179.3625,  4182.6312], score = 0.05 (h)  <et=758.73>
SB phase 1 cand. 14 branch on var x[(46, 27)]_0_5473_0_OspV (lhs=0.5000)   : [ 4179.3518,  4181.6801], score = 0.04      <et=758.88>
SB phase 1 cand. 15 branch on var x[(60, 97)]_0_7236_0_OspV (lhs=0.8125)   : [ 4179.3333,  4187.2375], score = 0.03 (h)  <et=759.03>
SB phase 1 cand. 16 branch on var x[(79, 94)]_0_9532_0_OspV (lhs=0.5000)   : [ 4183.4000,  4186.8318], score = 30.93      <et=759.19>
SB phase 1 cand. 17 branch on var x[(49, 112)]_0_5920_0_OspV (lhs=0.5000)  : [ 4183.4000,  4186.8318], score = 30.93 (h)  <et=759.35>
SB phase 1 cand. 18 branch on var x[(94, 27)]_0_11281_0_OspV (lhs=0.5000)  : [ 4180.0445,  4181.6333], score = 1.75      <et=759.52>
SB phase 1 cand. 19 branch on var x[(23, 95)]_0_2757_0_OspV (lhs=0.7625)   : [ 4179.5333,  4179.8045], score = 0.12 (h)  <et=759.68>
SB phase 1 cand. 20 branch on var x[(94, 46)]_0_11300_0_OspV (lhs=0.5000)  : [ 4180.1912,  4181.6333], score = 2.09      <et=759.84>
SB phase 1 cand. 21 branch on var x[(105, 15)]_0_12600_0_OspV (lhs=0.9000) : [ 4179.3333,  4183.9000], score = 0.03 (h)  <et=759.95>
SB phase 1 cand. 22 branch on var x[(99, 106)]_0_11964_0_OspV (lhs=0.5000) : [ 4180.0639,  4188.1167], score = 6.78      <et=760.18>
SB phase 1 cand. 23 branch on var x[(72, 22)]_0_8614_0_OspV (lhs=0.3333)   : [ 4179.3625,  4180.6816], score = 0.05 (h)  <et=760.34>
SB phase 1 cand. 24 branch on var x[(69, 79)]_0_8307_0_OspV (lhs=0.4750)   : [ 4183.4000,  4186.8318], score = 30.93      <et=760.5>
SB phase 1 cand. 25 branch on var x[(34, 36)]_0_4029_0_OspV (lhs=0.9250)   : [ 4179.3333, 4004197.4333], score = 0.18 (h)  <et=760.64>
SB phase 1 cand. 26 branch on var x[(33, 46)]_0_3918_0_OspV (lhs=0.4500)   : [ 4179.9719,  4192.0048], score = 0.48      <et=760.84>
SB phase 1 cand. 27 branch on var x[(7, 33)]_0_759_0_OspV (lhs=0.1875)     : [ 4179.5833,  4183.4000], score = 0.20 (h)  <et=761.05>
SB phase 1 cand. 28 branch on var x[(69, 73)]_0_8301_0_OspV (lhs=0.4250)   : [ 4181.9022,  4186.8318], score = 19.64      <et=761.22>
SB phase 1 cand. 29 branch on var x[(5, 75)]_0_559_0_OspV (lhs=0.3333)     : [ 4179.2958,  4180.9316], score = 0.00 (h)  <et=761.36>
SB phase 1 cand. 30 branch on var x[(79, 73)]_0_9512_0_OspV (lhs=0.4125)   : [ 4181.1065,  4183.4000], score = 7.43      <et=761.48>
SB phase 1 cand. 31 branch on var x[(119, 80)]_0_14359_0_OspV (lhs=0.9750) : [ 4179.3333, 7204199.1050], score = 0.30 (h)  <et=761.62>
SB phase 1 cand. 32 branch on var x[(0, 109)]_0_13068_0_OspV (lhs=0.3333)  : [ 4179.3625,  4179.7775], score = 0.03      <et=761.72>
SB phase 1 cand. 33 branch on var x[(105, 33)]_0_12618_0_OspV (lhs=0.0500) : [ 4179.3222,  4183.9000], score = 0.02 (h)  <et=761.81>
SB phase 1 cand. 34 branch on var x[(0, 19)]_0_2178_0_OspV (lhs=0.6667)    : [ 4179.3595,  4179.3625], score = 0.00      <et=761.93>
SB phase 1 cand. 35 branch on var x[(93, 60)]_0_11193_0_OspV (lhs=0.9750)  : [ 4179.3333, 4004197.4333], score = 0.18 (h)  <et=762.05>
SB phase 1 cand. 36 branch on var x[(0, 75)]_0_8954_0_OspV (lhs=0.6667)    : [ 4179.3625,  4179.7775], score = 0.03      <et=762.17>
SB phase 1 cand. 37 branch on var x[(79, 69)]_0_9508_0_OspV (lhs=0.0250)   : [ 4179.3222, 9180663.4902], score = 0.26 (h)  <et=762.3>
SB phase 1 cand. 38 branch on var x[(0, 78)]_0_9317_0_OspV (lhs=0.3333)    : [ 4179.3564,  4179.3625], score = 0.00      <et=762.39>
SB phase 1 cand. 39 branch on var x[(35, 0)]_0_4115_0_OspV (lhs=0.7417)    : [ 4179.3775,  4179.5693], score = 0.02 (h)  <et=762.51>
SB phase 1 cand. 40 branch on var x[(0, 82)]_0_9801_0_OspV (lhs=0.6667)    : [ 4179.3625,  4180.1625], score = 0.05      <et=762.65>
SB phase 1 cand. 41 branch on var x[(112, 99)]_0_13531_0_OspV (lhs=0.5000) : [ 4183.4000,  4186.8318], score = 30.93 (h)  <et=762.82>
SB phase 1 cand. 42 branch on var x[(10, 37)]_0_1126_0_OspV (lhs=0.6667)   : [ 4179.3625,  4179.9470], score = 0.04      <et=762.94>
SB phase 1 cand. 43 branch on var x[(49, 79)]_0_5887_0_OspV (lhs=0.5000)   : [ 4183.4000,  4186.8318], score = 30.93 (h)  <et=763.1>
SB phase 1 cand. 44 branch on var x[(10, 5)]_0_1095_0_OspV (lhs=0.3333)    : [ 4179.2958,  4179.9470], score = 0.00      <et=763.22>
SB phase 1 cand. 45 branch on var x[(112, 120)]_0_13551_0_OspV (lhs=0.5000): [ 4181.8516,  4186.8318], score = 19.26 (h)  <et=763.44>
SB phase 1 cand. 46 branch on var x[(19, 78)]_0_2256_0_OspV (lhs=0.6667)   : [ 4179.3595,  4179.3625], score = 0.00      <et=763.55>
SB phase 1 cand. 47 branch on var x[(31, 112)]_0_3742_0_OspV (lhs=0.5000)  : [ 4181.8516,  4186.8318], score = 19.26 (h)  <et=763.77>
SB phase 1 cand. 48 branch on var x[(19, 81)]_0_2259_0_OspV (lhs=0.3333)   : [ 4179.3595,  4179.3625], score = 0.00      <et=763.86>
SB phase 1 cand. 49 branch on var x[(31, 120)]_0_3750_0_OspV (lhs=0.5000)  : [ 4181.8516,  4186.8318], score = 19.26 (h)  <et=764.07>
SB phase 1 cand. 50 branch on var x[(28, 37)]_0_3304_0_OspV (lhs=0.3333)   : [ 4179.3625,  4183.0420], score = 0.05      <et=764.26>
**** Strong branching phase 2 is started *****
<DWph=1> <it= 24> <et=766.33> <Mt= 0.42> <Spt= 1.63> <nCl=298> <al=0.00> <DB= 4184.7000> <Mlp= 4184.7000> <PB=4180> 
<DWph=1> <it=  8> <et=767.45> <Mt= 0.25> <Spt= 0.55> <nCl= 60> <al=0.00> <DB= 4180.6000> <Mlp= 4180.6000> <PB=4180> 
SB phase 2 cand.  1 branch on var x[(79, 94)]_0_9532_0_OspV (lhs=0.5000) : [ 4180.6000,  4184.7000], score = 7.05      <et=767.5>
<DWph=1> <it= 15> <et=769.37> <Mt= 0.22> <Spt= 1.46> <nCl=162> <al=0.00> <DB= 4182.0569> <Mlp= 4182.0569> <PB=4180> 
<DWph=1> <it= 23> <et=772.14> <Mt= 0.65> <Spt= 1.92> <nCl=179> <al=0.00> <DB= 4183.3622> <Mlp= 4183.3622> <PB=4180> 
SB phase 2 cand.  2 branch on var x[(49, 112)]_0_5920_0_OspV (lhs=0.5000): [ 4182.0569,  4183.3622], score = 11.23 (h)  <et=772.2>
<DWph=1> <it= 26> <et=774.73> <Mt= 0.57> <Spt= 1.78> <nCl=360> <al=0.00> <DB= 4184.3333> <Mlp= 4184.3333> <PB=4180> 
<DWph=1> <it= 15> <et=776.34> <Mt= 0.16> <Spt= 1.24> <nCl=148> <al=0.00> <DB= 4181.4057> <Mlp= 4181.4057> <PB=4180> 
SB phase 2 cand.  3 branch on var x[(69, 73)]_0_8301_0_OspV (lhs=0.4250) : [ 4181.4057,  4184.3333], score = 10.63      <et=776.38>
**** Strong branching phase 3 is started *****
**** SB phase 3 evaluation of candidate 1, branch 1 ( x[(49, 112)]_0_5920_0_OspV >= 1 ), value = 4183.36
<DWph=2> <it=  1> <et=776.71> <Mt= 0.00> <Spt= 0.12> <nCl=  0> <al=0.00> <DB= 4183.3622> <Mlp= 4183.3622> <PB=4180> 
<DWph=1> <it=  2> <et=776.84> <Mt= 0.01> <Spt= 0.13> <nCl=  0> <al=0.00> <DB= 4183.3622> <Mlp= 4183.3622> <PB=4180> 
    RCSP exact solver info for graph G_0 : TT = 0.056596, pt = 0.002539, dt = 0.051418, ct = 0.001185, ndl = 4046', bdl = 82888', odl = 8014', odf = 41617', bsi = 1385', cnt = 3797', bdch = 349846', odch = 64502', lcp = 69079', #sols = 150
<DWph=0> <it=  3> <et=776.94> <Mt= 0.00> <Spt= 0.10> <nCl=141> <al=0.30> <DB= 3927.7006> <Mlp= 4183.3622> <PB=4180> 
    RCSP exact solver info for graph G_0 : TT = 0.063064, pt = 0.002227, dt = 0.058122, ct = 0.001286, ndl = 4036', bdl = 82613', odl = 7923', odf = 41302', bsi = 1492', cnt = 4081', bdch = 346645', odch = 59883', lcp = 68300', #sols = 149
<DWph=0> <it=  4> <et=777.04> <Mt= 0.01> <Spt= 0.09> <nCl= 66> <al=0.20> <DB= 4132.2277> <Mlp= 4183.3595> <PB=4180> 
RCSP solver WARNING : the best solution could not be retrieved
RCSP solver WARNING : the best solution could not be retrieved
    RCSP exact solver info for graph G_0 : TT = 0.062811, pt = 0.002554, dt = 0.057363, ct = 0.001263, ndl = 4162', bdl = 84163', odl = 8071', odf = 41810', bsi = 1384', cnt = 3409', bdch = 366052', odch = 66993', lcp = 73274', #sols = 148
<DWph=0> <it=  5> <et=777.14> <Mt= 0.00> <Spt= 0.10> <nCl=124> <al=0.10> <DB= 4155.9750> <Mlp= 4183.3595> <PB=4180> 
RCSP solver WARNING : the best solution could not be retrieved
RCSP solver WARNING : the best solution could not be retrieved
    RCSP exact solver info for graph G_0 : TT = 0.060727, pt = 0.002253, dt = 0.054988, ct = 0.001671, ndl = 4186', bdl = 85160', odl = 7926', odf = 41099', bsi = 1439', cnt = 3919', bdch = 363569', odch = 64200', lcp = 72400', #sols = 147
<DWph=0> <it=  6> <et=777.24> <Mt= 0.01> <Spt= 0.09> <nCl= 49> <al=0.19> <DB= 4166.1534> <Mlp= 4183.3595> <PB=4180> 
RCSP solver WARNING : the best solution could not be retrieved
RCSP solver WARNING : the best solution could not be retrieved
    RCSP exact solver info for graph G_0 : TT = 0.063404, pt = 0.002204, dt = 0.058181, ct = 0.001266, ndl = 3785', bdl = 78860', odl = 7731', odf = 39882', bsi = 1398', cnt = 3025', bdch = 322610', odch = 56542', lcp = 64781', #sols = 147
    RCSP exact solver info for graph G_0 : TT = 0.064, pt = 0.002136, dt = 0.058965, ct = 0.001243, ndl = 3876', bdl = 79486', odl = 7934', odf = 40594', bsi = 1455', cnt = 3470', bdch = 332359', odch = 60747', lcp = 67398', #sols = 150
<DWph=0> <it=  7> <et=777.42> <Mt= 0.00> <Spt= 0.17> <nCl= 97> <al=0.00> <DB= 4183.0006> <Mlp= 4183.3595> <PB=4180> 
RCSP solver dynamic params and stats :  bidir.bord. = 517.5 aver.obdmd = 9.53279 aver.buck.num. = 11.123 nbR1C = 49 with avMem = 24.1633
@@ 1428 0 4183 0.0578252 0.060208 44.8065 777.42
ColGenEvalAlg final dual bound: 4183 (rounded: 4183)
Current active cuts : CAP(8,209.079) R1C(4+45,202.8) 1rowPackR1C(4) 3rowPackR1C(28) 4rowPackR1C(13) 5rowPackR1C(4)
**** SB phase 3 evaluation of candidate 1, branch 2 ( x[(49, 112)]_0_5920_0_OspV <= 0 ), value = 4182.06
<DWph=2> <it=  1> <et=777.79> <Mt= 0.00> <Spt= 0.12> <nCl=  1> <al=0.00> <DB= 4182.0569> <Mlp= 4182.0569> <PB=4180> 
<DWph=1> <it=  2> <et=777.93> <Mt= 0.01> <Spt= 0.14> <nCl=  0> <al=0.00> <DB= 4182.0569> <Mlp= 4182.0569> <PB=4180> 
    RCSP exact solver info for graph G_0 : TT = 0.068173, pt = 0.0022, dt = 0.063165, ct = 0.001411, ndl = 4016', bdl = 79093', odl = 7688', odf = 39303', bsi = 1446', cnt = 3820', bdch = 321441', odch = 57643', lcp = 67038', #sols = 146
    RCSP exact solver info for graph G_0 : TT = 0.061592, pt = 0.002225, dt = 0.056438, ct = 0.00145, ndl = 4016', bdl = 79093', odl = 7688', odf = 39303', bsi = 1446', cnt = 3820', bdch = 321441', odch = 57643', lcp = 67038', #sols = 146
<DWph=0> <it=  3> <et=778.10> <Mt= 0.00> <Spt= 0.17> <nCl= 34> <al=0.00> <DB= 4182.0569> <Mlp= 4182.0569> <PB=4180> 
RCSP solver dynamic params and stats :  bidir.bord. = 517.5 aver.obdmd = 9.53279 aver.buck.num. = 11.123 nbR1C = 46 with avMem = 24.0435
@@ 1429 0 4182.06 0.061232 0.064576 44.8065 778.1
ColGenEvalAlg final dual bound: 4182.06 (rounded: 4182.06)
Current active cuts : CAP(9,194.011) R1C(4+42,199.013) 1rowPackR1C(4) 3rowPackR1C(26) 4rowPackR1C(12) 5rowPackR1C(4)
 SB phase 3 candidate 1 is conquered !
SB with phases chosed candidate var x[(49, 112)]_0_5920_0_OspV (lhs=0.5)
************************************************************************************************
Search is finished, global bounds : [ 4180 , 4180 ], TIME = 0h12m58s21t = 77821
************************************************************************************************
[32mBaPCod : solution defined.[00m
statistics_cols: instance & :Optimal & cutoff & :bcRecRootDb & :bcTimeRootEval & :bcCountNodeProc & :bcRecBestDb & :bcRecBestInc & :bcTimeMain \\
statistics: instance_30-triangle & 1 & 1.0e7 & 4173.42 & 23.26 & 31 & 4180.00 & 4180.00 & 778.21 \\
########################################################
Route #1: 19 78 56 41 34 36 93 60 12 73 33 46 
Route #2: 26 1 7 105 15 85 42 57 74 31 120 87 16 17 68 
Route #3: 28 10 37 11 3 104 90 88 64 115 13 21 70 5 44 114 72 
Route #4: 45 89 25 83 86 54 77 91 96 22 
Route #5: 55 101 52 53 47 49 112 99 106 30 
Route #6: 71 92 43 40 103 38 110 113 97 23 18 116 76 
Route #7: 75 24 50 98 67 48 84 58 62 118 4 35 81 
Route #8: 82 109 107 9 59 6 111 2 32 39 51 61 66 20 108 63 
Route #9: 95 119 80 102 14 65 100 117 8 29 79 69 94 27 
Cost 4179.999999999999
########################################################

end_time=2026-04-20 14:29:31
exit_code=0
