instance_file=/mnt/c/Users/porin/OneDrive/Documentos/Python-Mestrado/Modelagem Matemática/Programação Inteira - Uchoa/Problema VRPRDL/instancias_turco/VRPRDL-triangle/vrptw_padrao_convertidos/instance_38-triangle.txt
instance_name=instance_38-triangle
n_customers=120
capacity=750
k_ub=120
time_horizon=720
ub_mode=trivial
ub_used=22193.0
cfg=config/VRPTW_set_1.cfg
timeout_s=3600
start_time=2026-04-22 13:55:39
cmd=/home/poringman/.juliaup/bin/julia src/run.jl /mnt/c/Users/porin/OneDrive/Documentos/Python-Mestrado/Modelagem Matemática/Programação Inteira - Uchoa/Problema VRPRDL/instancias_turco/VRPRDL-triangle/vrptw_padrao_convertidos/instance_38-triangle.txt --cfg config/VRPTW_set_1.cfg -u 22193.0

  Activating project at `~/VRPSolver/VRPSolverDemos/other/VRPTW`
Application parameters:
  batch  =>  nothing
  update  =>  false
  tikz  =>  nothing
  instance  =>  "/mnt/c/Users/porin/OneDrive/Documentos/Python-Mestrado/Modelagem Matemática/Programação Inteira - Uchoa/Problema VRPRDL/instancias_turco/VRPRDL-triangle/vrptw_padrao_convertidos/instance_38-triangle.txt"
  out  =>  nothing
  nosolve  =>  false
  ub  =>  22193.0
  sol  =>  nothing
  cfg  =>  "config/VRPTW_set_1.cfg"
  enable_cap_res  =>  false
~~~~~~~~~~~~~~~~~~~~~~~~~~~~~~~~~~~~~~~~~~~~~~~~~~~~~~~~~~~~~~~~~~~~~~~~~~~~~~~~~~~~~
GIT VERSION RCSP: 
GIT BRANCH: 
~~~~~~~~~~~~~~~~~~~~~~~~~~~~~~~~~~~~~~~~~~~~~~~~~~~~~~~~~~~~~~~~~~~~~~~~~~~~~~~~~~~~~
VRPSolver v0.6.16, 10/11/2025, © Inria Bordeaux, France, vrpsolver.math.u-bordeaux.fr
      Corresponds to the solver by Pessoa, Sadykov, Uchoa and Vanderbeck (2020)
                 Paper: dx.doi.org/10.1007/s10107-020-01523-z
~~~~~~~~~~~~~~~~~~~~~~~~~~~~~~~~~~~~~~~~~~~~~~~~~~~~~~~~~~~~~~~~~~~~~~~~~~~~~~~~~~~~~
GIT VERSION BAPCOD: a7cb21f19424236c9d0da5dcf94961797a519470
GIT BRANCH: main
~~~~~~~~~~~~~~~~~~~~~~~~~~~~~~~~~~~~~~~~~~~~~~~~~~~~~~~~~~~~~~~~~~~~~~~~~~~~~~~~~~~~~
   BaPCod v0.84, 10/11/2025, © Inria Bordeaux, France, bapcod.math.u-bordeaux.fr 
           THIS CODE IS PROVIDED AS IS, USE IT AT YOUR OWN RISK
~~~~~~~~~~~~~~~~~~~~~~~~~~~~~~~~~~~~~~~~~~~~~~~~~~~~~~~~~~~~~~~~~~~~~~~~~~~~~~~~~~~~~
--- VRPSOLVER PARAMETERS ---
GlobalTimeLimit = 21474836
MaxNbOfBBtreeNodeTreated = 100000
treeSearchStrategy = 1
RCSPstopCutGenTimeThresholdInPricing = 5
RCSPhardTimeThresholdInPricing = 10
RCSPredCostFixingTimeThreshold = 100
RCSPnumberOfBucketsPerVertex = 25
RCSPdynamicBucketSteps = 1
RCSPuseBidirectionalSearch = 1
RCSPapplyReducedCostFixing = 1
RCSPredCostFixingFalseGap = 0
RCSPmaxNumOfColsPerIteration = 30
RCSPmaxNumOfColsPerExactIteration = 150
StabilizationMinPhaseOfStage = 0
RCSPmaxNumOfLabelsInEnumeration = 1000000
RCSPmaxNumOfEnumeratedSolutions = 10000000
RCSPmaxNumOfEnumSolutionsForMIP = 10000
RCSPinitNGneighbourhoodSize = 8
RCSPmaxNGneighbourhoodSize = 16
RCSPrankOneCutsMaxNumPerRound = 100
RCSPrankOneCutsMaxNumRows = 7
RCSPrankOneCutsMemoryType = 1
CutTailingOffThreshold = 0.015
CutTailingOffCounterThreshold = 3
SafeDualBoundScaleFactor = -1
StrongBranchingPhaseOneCandidatesNumber = 50
StrongBranchingPhaseOneTreeSizeEstimRatio = 0.1
StrongBranchingPhaseTwoCandidatesNumber = 3
StrongBranchingPhaseTwoTreeSizeEstimRatio = 0.1
MaxTimeForRestrictedMasterIpHeur = -1
DivingHeurUseDepthLimit = -1
MaxLDSbreadth = 0
MaxLDSdepth = 0
New model incumbent solution 22193, TIME = 0h0m0s41t = 41
Model is built TIME = 0h0m0s49t = 49
************************************************************************************************
**** BaB tree root node
**** Local DB = -1e+12, global bounds : [ -1e+12 , 22193 ], TIME = 0h0m0s49t = 49
**** 1 open nodes, 0 columns (0 active), 0 dyn. constrs. (0 active), 242 art. vars. (242 active)
************************************************************************************************
<DWph=2> <it= 10> <et=0.58> <Mt= 0.00> <Spt= 0.07> <nCl=300> <DB=-35900354.4443> <Mlp=958646.4921> <PB=22193> 
<DWph=2> <it= 20> <et=0.67> <Mt= 0.03> <Spt= 0.07> <nCl=300> <DB=-16814753.6602> <Mlp=235972.4620> <PB=22193> 
<DWph=2> <it= 30> <et=0.78> <Mt= 0.04> <Spt= 0.06> <nCl=300> <DB=-7226922.4828> <Mlp=45087.3817> <PB=22193> 
<DWph=2> <it= 40> <et=0.90> <Mt= 0.04> <Spt= 0.08> <nCl=273> <DB=-937110.6117> <Mlp= 6497.8309> <PB=22193> 
<DWph=2> <it= 50> <et=1.03> <Mt= 0.05> <Spt= 0.08> <nCl=300> <DB=-28049.1644> <Mlp= 5669.6968> <PB=22193> 
<DWph=2> <it= 60> <et=1.16> <Mt= 0.06> <Spt= 0.07> <nCl=300> <DB=-15886.3770> <Mlp= 5042.2438> <PB=22193> 
<DWph=2> <it= 70> <et=1.30> <Mt= 0.06> <Spt= 0.08> <nCl=300> <DB=-5816.2141> <Mlp= 4628.8968> <PB=22193> 
<DWph=2> <it= 80> <et=1.44> <Mt= 0.06> <Spt= 0.08> <nCl=289> <DB=  676.1172> <Mlp= 4506.2278> <PB=22193> 
<DWph=2> <it= 90> <et=1.56> <Mt= 0.04> <Spt= 0.08> <nCl=285> <DB= 2698.5042> <Mlp= 4456.8763> <PB=22193> 
<DWph=2> <it=100> <et=1.68> <Mt= 0.04> <Spt= 0.07> <nCl=177> <DB= 3528.5919> <Mlp= 4446.2352> <PB=22193> 
<DWph=2> <it=110> <et=1.77> <Mt= 0.02> <Spt= 0.07> <nCl=261> <DB= 3074.6778> <Mlp= 4442.5954> <PB=22193> 
<DWph=2> <it=120> <et=1.88> <Mt= 0.03> <Spt= 0.08> <nCl=148> <DB= 4295.5178> <Mlp= 4438.6667> <PB=22193> 
<DWph=2> <it=130> <et=1.97> <Mt= 0.02> <Spt= 0.07> <nCl= 74> <DB= 4437.7934> <Mlp= 4437.7934> <PB=22193> 
<DWph=1> <it=139> <et=2.08> <Mt= 0.02> <Spt= 0.09> <nCl=191> <DB= 4430.1933> <Mlp= 4430.1933> <PB=22193> 
<DWph=0> <it=140> <et=2.09> <Mt= 0.01> <Spt= 0.01> <nCl=150> <DB= 1010.1933> <Mlp= 4430.1933> <PB=22193> 
<DWph=0> <it=149> <et=2.27> <Mt= 0.02> <Spt= 0.15> <nCl=826> <DB= 4420.8667> <Mlp= 4420.8667> <PB=22193> 
Reduced cost fixing for graph G_0...  TT = 0.018401, pt = 0.001377, dt = 0.016275, ct = 0, ndl = 4810', bdl = 219706', odl = 8764', odf = 41744', lpcb = 25584', cnt = 272186', bdch = 704852', odch = 51162', lcp = 101569'
took 0.01 sec., 67323 buck. arcs remain (91.3% from prev., 22% from max.)
Run enumeration... took 0.07 sec. and not succeeded.
ColGenEvalAlg final dual bound: 4420.87 (rounded: 4420.87)
----- Add fac. cuts : CAP(6), max.viol = 1, aver.viol = 0.555556, sep/add took 0.00372189/0.0131212 sec. -----
4474 columns (4474 active), 6 dyn. constrs. (6 active), 248 art. vars. (248 active)
<DWph=2> <it= 10> <et=2.57> <Mt= 0.02> <Spt= 0.10> <nCl= 84> <DB= 4423.0765> <Mlp= 4423.0765> <PB=22193> 
<DWph=1> <it= 15> <et=2.62> <Mt= 0.01> <Spt= 0.05> <nCl= 61> <DB= 4423.0765> <Mlp= 4423.0765> <PB=22193> 
<DWph=0> <it= 16> <et=2.64> <Mt= 0.00> <Spt= 0.02> <nCl= 28> <DB= 4423.0765> <Mlp= 4423.0765> <PB=22193> 
ColGenEvalAlg final dual bound: 4423.08 (rounded: 4423.08)
----- Add fac. cuts : CAP(4), max.viol = 0.411765, aver.viol = 0.161765, sep/add took 0.00887441/0.0082094 sec. -----
4647 columns (4647 active), 10 dyn. constrs. (6 active), 252 art. vars. (248 active)
<DWph=2> <it=  3> <et=2.71> <Mt= 0.01> <Spt= 0.04> <nCl=  8> <DB= 4423.1833> <Mlp= 4423.1833> <PB=22193> 
<DWph=1> <it=  4> <et=2.72> <Mt= 0.00> <Spt= 0.01> <nCl=  0> <DB= 4423.1833> <Mlp= 4423.1833> <PB=22193> 
<DWph=0> <it=  5> <et=2.74> <Mt= 0.00> <Spt= 0.02> <nCl= 18> <DB= 4423.1833> <Mlp= 4423.1833> <PB=22193> 
ColGenEvalAlg final dual bound: 4423.18 (rounded: 4423.18)
----- Add fac. cuts : CAP(2), max.viol = 0.333333, aver.viol = 0.25, sep/add took 0.00509323/0.00330027 sec. -----
4673 columns (4673 active), 8 dyn. constrs. (7 active), 254 art. vars. (249 active)
<DWph=2> <it=  1> <et=2.78> <Mt= 0.00> <Spt= 0.02> <nCl=  0> <DB= 4423.5400> <Mlp= 4423.5400> <PB=22193> 
<DWph=1> <it=  2> <et=2.80> <Mt= 0.00> <Spt= 0.01> <nCl=  3> <DB= 4423.5400> <Mlp= 4423.5400> <PB=22193> 
<DWph=0> <it=  3> <et=2.83> <Mt= 0.00> <Spt= 0.03> <nCl= 25> <DB= 4423.5400> <Mlp= 4423.5400> <PB=22193> 
ColGenEvalAlg final dual bound: 4423.54 (rounded: 4423.54)
----- Add fac. cuts : CAP(2), max.viol = 0.333333, aver.viol = 0.3, sep/add took 0.0131346/0.00612079 sec. -----
----- Relaxation was improved for 1 subproblems -----
4701 columns (4619 active), 9 dyn. constrs. (6 active), 256 art. vars. (248 active)
<DWph=2> <it= 10> <et=3.08> <Mt= 0.13> <Spt= 0.10> <nCl= 86> <DB= 4359.3796> <Mlp= 4424.7435> <PB=22193> 
<DWph=2> <it= 15> <et=3.15> <Mt= 0.00> <Spt= 0.06> <nCl= 24> <DB= 4424.7435> <Mlp= 4424.7435> <PB=22193> 
<DWph=1> <it= 20> <et=3.21> <Mt= 0.02> <Spt= 0.05> <nCl=125> <DB= 4392.2087> <Mlp= 4424.5633> <PB=22193> 
<DWph=1> <it= 22> <et=3.24> <Mt= 0.00> <Spt= 0.02> <nCl= 10> <DB= 4424.5567> <Mlp= 4424.5567> <PB=22193> 
<DWph=0> <it= 27> <et=3.33> <Mt= 0.01> <Spt= 0.09> <nCl=281> <DB= 4424.4278> <Mlp= 4424.4278> <PB=22193> 
ColGenEvalAlg final dual bound: 4424.43 (rounded: 4424.43)
----- Add fac. cuts : CAP(1), max.viol = 0.0555556, aver.viol = 0.0555556, sep/add took 0.00824217/0.00118843 sec. -----
5227 columns (5145 active), 7 dyn. constrs. (5 active), 257 art. vars. (247 active)
<DWph=2> <it=  1> <et=3.38> <Mt= 0.00> <Spt= 0.02> <nCl= 10> <DB= 4424.4429> <Mlp= 4424.4429> <PB=22193> 
<DWph=1> <it=  2> <et=3.40> <Mt= 0.00> <Spt= 0.02> <nCl=  5> <DB= 4424.4429> <Mlp= 4424.4429> <PB=22193> 
<DWph=0> <it=  3> <et=3.43> <Mt= 0.01> <Spt= 0.02> <nCl= 12> <DB= 4424.4429> <Mlp= 4424.4429> <PB=22193> 
ColGenEvalAlg final dual bound: 4424.44 (rounded: 4424.44)
----- Add fac. cuts : R1C(155), max.viol = 0.5, aver.viol = 0.279263, sep/add took 0.0142539/0.175525 sec. -----
5254 columns (5172 active), 160 dyn. constrs. (160 active), 412 art. vars. (402 active)
<DWph=2> <it= 10> <et=3.87> <Mt= 0.10> <Spt= 0.13> <nCl=141> <DB= 3944.1978> <Mlp= 4436.1978> <PB=22193> 
<DWph=2> <it= 11> <et=3.88> <Mt= 0.01> <Spt= 0.02> <nCl=  1> <DB= 4436.1978> <Mlp= 4436.1978> <PB=22193> 
<DWph=1> <it= 14> <et=3.93> <Mt= 0.00> <Spt= 0.04> <nCl= 26> <DB= 4436.1933> <Mlp= 4436.1933> <PB=22193> 
<DWph=0> <it= 19> <et=4.04> <Mt= 0.01> <Spt= 0.09> <nCl=300> <DB= 4435.7042> <Mlp= 4435.7042> <PB=22193> 
ColGenEvalAlg final dual bound: 4435.7 (rounded: 4435.7)
----- Add fac. cuts : CAP(1) R1C(154), max.viol = 0.5, aver.viol = 0.244355, sep/add took 0.00867981/0.199473 sec. -----
5722 columns (5640 active), 315 dyn. constrs. (168 active), 567 art. vars. (410 active)
<DWph=2> <it= 10> <et=4.43> <Mt= 0.05> <Spt= 0.13> <nCl=106> <DB= 4427.5083> <Mlp= 4439.5083> <PB=22193> 
<DWph=2> <it= 11> <et=4.45> <Mt= 0.01> <Spt= 0.01> <nCl=  1> <DB= 4439.5083> <Mlp= 4439.5083> <PB=22193> 
<DWph=1> <it= 16> <et=4.57> <Mt= 0.02> <Spt= 0.09> <nCl= 73> <DB= 4439.4024> <Mlp= 4439.4024> <PB=22193> 
<DWph=0> <it= 20> <et=4.69> <Mt= 0.03> <Spt= 0.10> <nCl=410> <DB= 4187.3331> <Mlp= 4438.7667> <PB=22193> 
<DWph=0> <it= 24> <et=4.79> <Mt= 0.01> <Spt= 0.08> <nCl=153> <DB= 4438.6750> <Mlp= 4438.6750> <PB=22193> 
ColGenEvalAlg final dual bound: 4438.67 (rounded: 4438.67)
----- Add fac. cuts : R1C(293), max.viol = 0.5, aver.viol = 0.354949, sep/add took 0.154491/0.465513 sec. -----
6465 columns (6383 active), 461 dyn. constrs. (311 active), 860 art. vars. (553 active)
<DWph=2> <it=  8> <et=5.59> <Mt= 0.06> <Spt= 0.10> <nCl= 43> <DB= 4440.9667> <Mlp= 4440.9667> <PB=22193> 
<DWph=1> <it=  9> <et=5.62> <Mt= 0.00> <Spt= 0.03> <nCl=  3> <DB= 4440.9667> <Mlp= 4440.9667> <PB=22193> 
<DWph=0> <it= 10> <et=5.64> <Mt= 0.01> <Spt= 0.02> <nCl= 51> <DB= 3716.9667> <Mlp= 4440.9667> <PB=22193> 
<DWph=0> <it= 12> <et=5.71> <Mt= 0.01> <Spt= 0.05> <nCl= 76> <DB= 4440.9667> <Mlp= 4440.9667> <PB=22193> 
ColGenEvalAlg final dual bound: 4440.97 (rounded: 4440.97)
----- Add fac. cuts : CAP(10) R1C(437), max.viol = 0.5, aver.viol = 0.293811, sep/add took 0.255797/0.713862 sec. -----
6638 columns (6556 active), 758 dyn. constrs. (466 active), 1307 art. vars. (708 active)
<DWph=2> <it=  6> <et=6.85> <Mt= 0.05> <Spt= 0.10> <nCl= 22> <DB= 4441.9222> <Mlp= 4441.9222> <PB=22193> 
<DWph=1> <it= 10> <et=6.95> <Mt= 0.01> <Spt= 0.08> <nCl= 40> <DB= 4441.9150> <Mlp= 4441.9150> <PB=22193> 
<DWph=0> <it= 17> <et=7.29> <Mt= 0.05> <Spt= 0.30> <nCl=429> <DB= 4441.4150> <Mlp= 4441.4150> <PB=22193> 
ColGenEvalAlg final dual bound: 4441.42 (rounded: 4441.42)
----- Add fac. cuts : CAP(4) R1C(554), max.viol = 0.425, aver.viol = 0.193324, sep/add took 0.574864/1.0405 sec. -----
7129 columns (7047 active), 1024 dyn. constrs. (577 active), 1865 art. vars. (819 active)
<DWph=2> <it= 10> <et=9.24> <Mt= 0.13> <Spt= 0.17> <nCl= 53> <DB= 4436.4436> <Mlp= 4442.9051> <PB=22193> 
<DWph=2> <it= 12> <et=9.29> <Mt= 0.00> <Spt= 0.04> <nCl=  2> <DB= 4442.9051> <Mlp= 4442.9051> <PB=22193> 
<DWph=1> <it= 14> <et=9.33> <Mt= 0.01> <Spt= 0.03> <nCl= 18> <DB= 4442.9051> <Mlp= 4442.9051> <PB=22193> 
<DWph=0> <it= 20> <et=9.59> <Mt= 0.05> <Spt= 0.22> <nCl=272> <DB= 4442.7283> <Mlp= 4442.7283> <PB=22193> 
ColGenEvalAlg final dual bound: 4442.73 (rounded: 4442.73)
----- Add fac. cuts : CAP(3) R1C(552), max.viol = 0.292453, aver.viol = 0.128319, sep/add took 0.725128/1.14944 sec. -----
7474 columns (7392 active), 1132 dyn. constrs. (588 active), 2420 art. vars. (830 active)
<DWph=2> <it=  5> <et=11.77> <Mt= 0.12> <Spt= 0.12> <nCl= 53> <DB= 4443.7652> <Mlp= 4443.7652> <PB=22193> 
<DWph=1> <it=  8> <et=11.85> <Mt= 0.01> <Spt= 0.06> <nCl= 14> <DB= 4443.7652> <Mlp= 4443.7652> <PB=22193> 
<DWph=0> <it= 10> <et=12.13> <Mt= 0.09> <Spt= 0.20> <nCl=298> <DB= 3566.3788> <Mlp= 4443.5769> <PB=22193> 
<DWph=0> <it= 15> <et=12.49> <Mt= 0.13> <Spt= 0.23> <nCl=189> <DB= 4443.5685> <Mlp= 4443.5685> <PB=22193> 
ColGenEvalAlg final dual bound: 4443.57 (rounded: 4443.57)
----- Add fac. cuts : CAP(2) R1C(553), max.viol = 0.263986, aver.viol = 0.120815, sep/add took 0.901981/1.16783 sec. -----
8028 columns (7946 active), 1143 dyn. constrs. (608 active), 2975 art. vars. (850 active)
<DWph=2> <it=  1> <et=14.72> <Mt= 0.06> <Spt= 0.02> <nCl=  3> <DB= 4443.9653> <Mlp= 4443.9653> <PB=22193> 
<DWph=1> <it=  2> <et=14.75> <Mt= 0.01> <Spt= 0.03> <nCl=  5> <DB= 4443.9653> <Mlp= 4443.9653> <PB=22193> 
<DWph=0> <it=  5> <et=14.99> <Mt= 0.03> <Spt= 0.20> <nCl=202> <DB= 4443.8857> <Mlp= 4443.8857> <PB=22193> 
ColGenEvalAlg final dual bound: 4443.89 (rounded: 4443.89)
----- Cut generation is stopped due to tailing off -----
**** Strong branching phase 3 is started *****
**** SB phase 3 evaluation of candidate 1, branch 1 ( [ colGenSp ] >= 13 ), value = 1e+12
<DWph=2> <it=  5> <et=15.41> <Mt= 0.11> <Spt= 0.13> <nCl= 41> <DB= 4446.2042> <Mlp= 4446.2042> <PB=22193> 
<DWph=1> <it= 10> <et=15.56> <Mt= 0.02> <Spt= 0.13> <nCl= 32> <DB= 4446.1429> <Mlp= 4446.1429> <PB=22193> 
<DWph=0> <it= 19> <et=15.84> <Mt= 0.03> <Spt= 0.25> <nCl=276> <DB= 4446.0500> <Mlp= 4446.0500> <PB=22193> 
ColGenEvalAlg final dual bound: 4446.05 (rounded: 4446.05)
----- Add fac. cuts : CAP(15) R1C(151), max.viol = 0.5, aver.viol = 0.251506, sep/add took 0.00815193/0.39076 sec. -----
8505 columns (8505 active), 213 dyn. constrs. (200 active), 455 art. vars. (442 active)
<DWph=2> <it=  1> <et=16.30> <Mt= 0.01> <Spt= 0.04> <nCl=  3> <DB= 4446.1429> <Mlp= 4446.1429> <PB=22193> 
<DWph=1> <it=  2> <et=16.34> <Mt= 0.00> <Spt= 0.04> <nCl=  1> <DB= 4446.1429> <Mlp= 4446.1429> <PB=22193> 
<DWph=0> <it=  3> <et=16.40> <Mt= 0.00> <Spt= 0.05> <nCl= 21> <DB= 4446.1429> <Mlp= 4446.1429> <PB=22193> 
ColGenEvalAlg final dual bound: 4446.14 (rounded: 4446.14)
----- Add fac. cuts : CAP(1) R1C(337), max.viol = 0.285714, aver.viol = 0.196534, sep/add took 0.196134/0.748097 sec. -----
8530 columns (8530 active), 551 dyn. constrs. (373 active), 793 art. vars. (615 active)
----- Add core cuts : CAP(10), max.viol = 1, aver.viol = 1, sep/add took 0.00559326/0.0570334 sec. -----
<DWph=2> <it=  3> <et=17.75> <Mt= 0.23> <Spt= 0.11> <nCl= 28> <DB= 4446.5400> <Mlp= 4446.5400> <PB=22193> 
<DWph=1> <it=  4> <et=17.81> <Mt= 0.00> <Spt= 0.05> <nCl=  5> <DB= 4446.5400> <Mlp= 4446.5400> <PB=22193> 
<DWph=0> <it= 10> <et=18.40> <Mt= 0.27> <Spt= 0.32> <nCl=384> <DB= 4446.0293> <Mlp= 4446.5200> <PB=22193> 
<DWph=0> <it= 11> <et=18.48> <Mt= 0.00> <Spt= 0.07> <nCl= 50> <DB= 4446.5200> <Mlp= 4446.5200> <PB=22193> 
ColGenEvalAlg final dual bound: 4446.52 (rounded: 4446.52)
----- Add fac. cuts : CAP(22) R1C(436), max.viol = 0.6, aver.viol = 0.269541, sep/add took 0.2845/1.2449 sec. -----
8997 columns (8997 active), 846 dyn. constrs. (500 active), 1261 art. vars. (742 active)
----- Add core cuts : CAP(10), max.viol = 1, aver.viol = 1, sep/add took 0.00610163/0.0693176 sec. -----
<DWph=2> <it=  3> <et=20.38> <Mt= 0.11> <Spt= 0.14> <nCl= 25> <DB= 4446.7929> <Mlp= 4446.7929> <PB=22193> 
<DWph=1> <it=  4> <et=20.44> <Mt= 0.00> <Spt= 0.05> <nCl=  3> <DB= 4446.7929> <Mlp= 4446.7929> <PB=22193> 
<DWph=0> <it=  8> <et=20.73> <Mt= 0.03> <Spt= 0.27> <nCl=203> <DB= 4446.7929> <Mlp= 4446.7929> <PB=22193> 
ColGenEvalAlg final dual bound: 4446.79 (rounded: 4446.79)
----- Add fac. cuts : CAP(1) R1C(556), max.viol = 0.285714, aver.viol = 0.13792, sep/add took 0.583022/1.41665 sec. -----
9228 columns (9228 active), 1075 dyn. constrs. (591 active), 1828 art. vars. (833 active)
----- Add core cuts : CAP(10), max.viol = 1, aver.viol = 1, sep/add took 0.00649465/0.0707827 sec. -----
<DWph=2> <it=  7> <et=23.31> <Mt= 0.14> <Spt= 0.29> <nCl= 45> <DB= 4446.8637> <Mlp= 4446.8637> <PB=22193> 
<DWph=1> <it= 10> <et=23.42> <Mt= 0.02> <Spt= 0.09> <nCl= 32> <DB= 4444.1837> <Mlp= 4446.8637> <PB=22193> 
<DWph=1> <it= 15> <et=23.60> <Mt= 0.03> <Spt= 0.15> <nCl= 36> <DB= 4446.8574> <Mlp= 4446.8574> <PB=22193> 
<DWph=0> <it= 18> <et=23.86> <Mt= 0.02> <Spt= 0.23> <nCl=183> <DB= 4446.8506> <Mlp= 4446.8506> <PB=22193> 
ColGenEvalAlg final dual bound: 4446.85 (rounded: 4446.85)
----- Add fac. cuts : CAP(1) R1C(521), max.viol = 0.339744, aver.viol = 0.178149, sep/add took 0.735126/1.61611 sec. -----
9524 columns (9524 active), 1138 dyn. constrs. (572 active), 2360 art. vars. (814 active)
<DWph=2> <it=  5> <et=26.66> <Mt= 0.18> <Spt= 0.15> <nCl= 54> <DB= 4446.9054> <Mlp= 4446.9054> <PB=22193> 
<DWph=1> <it=  6> <et=26.71> <Mt= 0.01> <Spt= 0.05> <nCl=  4> <DB= 4446.9054> <Mlp= 4446.9054> <PB=22193> 
<DWph=0> <it= 10> <et=27.12> <Mt= 0.14> <Spt= 0.27> <nCl=210> <DB= 4446.8994> <Mlp= 4446.8994> <PB=22193> 
ColGenEvalAlg final dual bound: 4446.9 (rounded: 4446.9)
----- Add fac. cuts : R1C(514), max.viol = 0.169218, aver.viol = 0.094278, sep/add took 0.803009/1.73976 sec. -----
9792 columns (9792 active), 1110 dyn. constrs. (585 active), 2874 art. vars. (827 active)
<DWph=2> <it=  4> <et=30.26> <Mt= 0.34> <Spt= 0.15> <nCl= 23> <DB= 4447.0000> <Mlp= 4447.0000> <PB=22193> 
<DWph=1> <it=  6> <et=30.35> <Mt= 0.02> <Spt= 0.07> <nCl=  6> <DB= 4447.0000> <Mlp= 4447.0000> <PB=22193> 
<DWph=0> <it= 10> <et=33.47> <Mt= 2.73> <Spt= 0.37> <nCl=371> <DB= 4440.2659> <Mlp= 4446.9874> <PB=22193> 
<DWph=0> <it= 14> <et=33.79> <Mt= 0.05> <Spt= 0.27> <nCl=170> <DB= 4446.9874> <Mlp= 4446.9874> <PB=22193> 
ColGenEvalAlg final dual bound: 4446.99 (rounded: 4446.99)
----- Cut generation is stopped due to tailing off -----
**** SB phase 3 evaluation of candidate 1, branch 2 ( [ colGenSp ] <= 12 ), value = 1e+12
<DWph=2> <it=  1> <et=34.90> <Mt= 0.72> <Spt= 0.00> <nCl=  0> <DB= 4443.8857> <Mlp= 4443.8857> <PB=22193> 
<DWph=2> <it=  1> <et=34.90> <Mt= 0.00> <Spt= 0.00> <nCl=  0> <DB= 4443.8857> <Mlp= 4443.8857> <PB=22193> 
<DWph=1> <it=  2> <et=34.90> <Mt= 0.00> <Spt= 0.00> <nCl=  0> <DB= 4443.8857> <Mlp= 4443.8857> <PB=22193> 
<DWph=1> <it=  2> <et=34.90> <Mt= 0.00> <Spt= 0.00> <nCl=  0> <DB= 4443.8857> <Mlp= 4443.8857> <PB=22193> 
<DWph=0> <it=  3> <et=34.90> <Mt= 0.00> <Spt= 0.00> <nCl=  0> <DB= 4443.8857> <Mlp= 4443.8857> <PB=22193> 
<DWph=0> <it=  3> <et=34.90> <Mt= 0.00> <Spt= 0.00> <nCl=  0> <DB= 4443.8857> <Mlp= 4443.8857> <PB=22193> 
ColGenEvalAlg final dual bound: 4443.89 (rounded: 4443.89)
----- Add fac. cuts : CAP(1) R1C(150), max.viol = 0.214286, aver.viol = 0.13245, sep/add took 0.0125666/0.317973 sec. -----
10249 columns (8156 active), 254 dyn. constrs. (198 active), 496 art. vars. (440 active)
<DWph=2> <it=  3> <et=35.39> <Mt= 0.05> <Spt= 0.10> <nCl= 44> <DB= 4443.9687> <Mlp= 4443.9687> <PB=22193> 
<DWph=1> <it=  4> <et=35.44> <Mt= 0.00> <Spt= 0.04> <nCl=  3> <DB= 4443.9687> <Mlp= 4443.9687> <PB=22193> 
<DWph=0> <it=  6> <et=35.53> <Mt= 0.01> <Spt= 0.09> <nCl= 77> <DB= 4443.9687> <Mlp= 4443.9687> <PB=22193> 
ColGenEvalAlg final dual bound: 4443.97 (rounded: 4443.97)
----- Add fac. cuts : CAP(3) R1C(256), max.viol = 0.122782, aver.viol = 0.0694361, sep/add took 0.0521042/0.585932 sec. -----
10373 columns (8280 active), 513 dyn. constrs. (311 active), 755 art. vars. (553 active)
<DWph=2> <it=  3> <et=36.38> <Mt= 0.06> <Spt= 0.12> <nCl= 17> <DB= 4444.2146> <Mlp= 4444.2146> <PB=22193> 
<DWph=1> <it=  5> <et=36.45> <Mt= 0.00> <Spt= 0.07> <nCl=  2> <DB= 4444.2146> <Mlp= 4444.2146> <PB=22193> 
<DWph=0> <it=  7> <et=36.58> <Mt= 0.01> <Spt= 0.11> <nCl=125> <DB= 4444.1873> <Mlp= 4444.1873> <PB=22193> 
ColGenEvalAlg final dual bound: 4444.19 (rounded: 4444.19)
----- Add fac. cuts : R1C(334), max.viol = 0.309091, aver.viol = 0.107295, sep/add took 0.297145/0.710475 sec. -----
10517 columns (8424 active), 705 dyn. constrs. (386 active), 1089 art. vars. (628 active)
<DWph=2> <it=  6> <et=37.96> <Mt= 0.11> <Spt= 0.23> <nCl= 27> <DB= 4444.4970> <Mlp= 4444.4970> <PB=22193> 
<DWph=1> <it= 10> <et=38.11> <Mt= 0.05> <Spt= 0.10> <nCl= 16> <DB= 4439.0252> <Mlp= 4444.4824> <PB=22193> 
<DWph=1> <it= 11> <et=38.16> <Mt= 0.00> <Spt= 0.05> <nCl=  1> <DB= 4444.4824> <Mlp= 4444.4824> <PB=22193> 
<DWph=0> <it= 14> <et=38.34> <Mt= 0.02> <Spt= 0.16> <nCl=126> <DB= 4444.4465> <Mlp= 4444.4465> <PB=22193> 
ColGenEvalAlg final dual bound: 4444.45 (rounded: 4444.45)
----- Add fac. cuts : R1C(413), max.viol = 0.162791, aver.viol = 0.104651, sep/add took 0.442813/1.00752 sec. -----
10687 columns (8594 active), 867 dyn. constrs. (471 active), 1502 art. vars. (713 active)
<DWph=2> <it=  3> <et=40.07> <Mt= 0.10> <Spt= 0.11> <nCl= 17> <DB= 4444.5311> <Mlp= 4444.5311> <PB=22193> 
<DWph=1> <it=  9> <et=40.34> <Mt= 0.09> <Spt= 0.19> <nCl= 36> <DB= 4444.5193> <Mlp= 4444.5193> <PB=22193> 
<DWph=0> <it= 10> <et=40.41> <Mt= 0.00> <Spt= 0.07> <nCl= 81> <DB= 4425.3193> <Mlp= 4444.5193> <PB=22193> 
<DWph=0> <it= 14> <et=40.64> <Mt= 0.03> <Spt= 0.19> <nCl=106> <DB= 4444.5076> <Mlp= 4444.5076> <PB=22193> 
ColGenEvalAlg final dual bound: 4444.51 (rounded: 4444.51)
----- Add fac. cuts : R1C(471), max.viol = 0.226891, aver.viol = 0.149102, sep/add took 0.619765/1.22413 sec. -----
10927 columns (8834 active), 1014 dyn. constrs. (534 active), 1973 art. vars. (776 active)
<DWph=2> <it=  2> <et=42.69> <Mt= 0.06> <Spt= 0.09> <nCl=  9> <DB= 4444.6645> <Mlp= 4444.6645> <PB=22193> 
<DWph=1> <it=  3> <et=42.74> <Mt= 0.01> <Spt= 0.05> <nCl=  2> <DB= 4444.6645> <Mlp= 4444.6645> <PB=22193> 
<DWph=0> <it=  8> <et=43.12> <Mt= 0.05> <Spt= 0.32> <nCl=226> <DB= 4444.6483> <Mlp= 4444.6483> <PB=22193> 
ColGenEvalAlg final dual bound: 4444.65 (rounded: 4444.65)
----- Add fac. cuts : R1C(529), max.viol = 0.179567, aver.viol = 0.0592625, sep/add took 0.789089/1.45381 sec. -----
11164 columns (9071 active), 1139 dyn. constrs. (591 active), 2502 art. vars. (833 active)
<DWph=2> <it=  2> <et=45.62> <Mt= 0.08> <Spt= 0.09> <nCl=  3> <DB= 4444.8241> <Mlp= 4444.8241> <PB=22193> 
<DWph=1> <it=  3> <et=45.67> <Mt= 0.01> <Spt= 0.05> <nCl=  0> <DB= 4444.8241> <Mlp= 4444.8241> <PB=22193> 
<DWph=0> <it=  6> <et=45.98> <Mt= 0.05> <Spt= 0.25> <nCl=173> <DB= 4444.7995> <Mlp= 4444.7995> <PB=22193> 
ColGenEvalAlg final dual bound: 4444.8 (rounded: 4444.8)
----- Add fac. cuts : R1C(470), max.viol = 0.0866623, aver.viol = 0.0413221, sep/add took 0.899353/1.30963 sec. -----
11340 columns (9247 active), 1138 dyn. constrs. (542 active), 2972 art. vars. (784 active)
<DWph=2> <it=  1> <et=48.43> <Mt= 0.10> <Spt= 0.05> <nCl=  2> <DB= 4444.9221> <Mlp= 4444.9221> <PB=22193> 
<DWph=1> <it=  5> <et=48.64> <Mt= 0.06> <Spt= 0.14> <nCl= 17> <DB= 4444.9167> <Mlp= 4444.9167> <PB=22193> 
<DWph=0> <it=  9> <et=48.95> <Mt= 0.08> <Spt= 0.23> <nCl= 81> <DB= 4444.9102> <Mlp= 4444.9102> <PB=22193> 
ColGenEvalAlg final dual bound: 4444.91 (rounded: 4444.91)
----- Cut generation is stopped due to tailing off -----
SB exact phase 3 branch on colGenSp (12.5) : [4446.9874, 4444.9102], tree depth = 1e+12, tree size = 1e+12, score = -0.5354
************************************************************************************************
**** BaB tree node (N° 3, parent N° 1, depth 1)
**** Local DB = 4444.91, branch: [ colGenSp ] <= 12 , global bounds : [ 4444.91 , 22193 ], TIME = 0h0m49s12t = 4912
**** 2 open nodes, 11440 columns (9347 active), 154 dyn. constrs. (74 active), 396 art. vars. (316 active)
************************************************************************************************
**** Strong branching phase 3 is started *****
**** SB phase 3 evaluation of candidate 1, branch 1 ( [ colGenSp ] >= 12 ), value = 1e+12
<DWph=2> <it=  1> <et=49.20> <Mt= 0.00> <Spt= 0.00> <nCl=  0> <DB= 4444.9102> <Mlp= 4444.9102> <PB=22193> 
<DWph=2> <it=  1> <et=49.20> <Mt= 0.00> <Spt= 0.00> <nCl=  0> <DB= 4444.9102> <Mlp= 4444.9102> <PB=22193> 
<DWph=1> <it=  2> <et=49.20> <Mt= 0.00> <Spt= 0.00> <nCl=  0> <DB= 4444.9102> <Mlp= 4444.9102> <PB=22193> 
<DWph=1> <it=  2> <et=49.20> <Mt= 0.00> <Spt= 0.00> <nCl=  0> <DB= 4444.9102> <Mlp= 4444.9102> <PB=22193> 
<DWph=0> <it=  3> <et=49.20> <Mt= 0.00> <Spt= 0.00> <nCl=  0> <DB= 4444.9102> <Mlp= 4444.9102> <PB=22193> 
<DWph=0> <it=  3> <et=49.20> <Mt= 0.00> <Spt= 0.00> <nCl=  0> <DB= 4444.9102> <Mlp= 4444.9102> <PB=22193> 
ColGenEvalAlg final dual bound: 4444.91 (rounded: 4444.91)
----- Add fac. cuts : R1C(219), max.viol = 0.0678277, aver.viol = 0.0431153, sep/add took 0.39782/0.618817 sec. -----
11440 columns (9347 active), 373 dyn. constrs. (293 active), 615 art. vars. (535 active)
<DWph=2> <it=  2> <et=50.42> <Mt= 0.09> <Spt= 0.09> <nCl=  3> <DB= 4445.0192> <Mlp= 4445.0192> <PB=22193> 
<DWph=1> <it=  4> <et=50.51> <Mt= 0.01> <Spt= 0.09> <nCl=  6> <DB= 4445.0176> <Mlp= 4445.0176> <PB=22193> 
<DWph=0> <it= 10> <et=51.05> <Mt= 0.13> <Spt= 0.41> <nCl=431> <DB= 4444.1896> <Mlp= 4444.9768> <PB=22193> 
<DWph=0> <it= 11> <et=51.15> <Mt= 0.00> <Spt= 0.09> <nCl= 29> <DB= 4444.9768> <Mlp= 4444.9768> <PB=22193> 
ColGenEvalAlg final dual bound: 4444.98 (rounded: 4444.98)
----- Add fac. cuts : R1C(313), max.viol = 0.103857, aver.viol = 0.0587433, sep/add took 0.690347/1.07473 sec. -----
11909 columns (9816 active), 669 dyn. constrs. (397 active), 928 art. vars. (639 active)
<DWph=2> <it=  1> <et=53.06> <Mt= 0.07> <Spt= 0.05> <nCl=  2> <DB= 4445.0260> <Mlp= 4445.0260> <PB=22193> 
<DWph=1> <it=  2> <et=53.12> <Mt= 0.00> <Spt= 0.05> <nCl=  0> <DB= 4445.0260> <Mlp= 4445.0260> <PB=22193> 
<DWph=0> <it=  4> <et=53.30> <Mt= 0.02> <Spt= 0.16> <nCl= 89> <DB= 4445.0257> <Mlp= 4445.0257> <PB=22193> 
ColGenEvalAlg final dual bound: 4445.03 (rounded: 4445.03)
----- Add fac. cuts : CAP(1) R1C(248), max.viol = 0.0525719, aver.viol = 0.038483, sep/add took 0.989214/0.875178 sec. -----
12000 columns (9907 active), 720 dyn. constrs. (336 active), 1177 art. vars. (578 active)
<DWph=2> <it=  2> <et=55.40> <Mt= 0.07> <Spt= 0.10> <nCl=  3> <DB= 4445.0546> <Mlp= 4445.0546> <PB=22193> 
<DWph=1> <it=  3> <et=55.46> <Mt= 0.00> <Spt= 0.05> <nCl=  0> <DB= 4445.0546> <Mlp= 4445.0546> <PB=22193> 
<DWph=0> <it=  5> <et=55.62> <Mt= 0.02> <Spt= 0.15> <nCl= 86> <DB= 4445.0539> <Mlp= 4445.0539> <PB=22193> 
ColGenEvalAlg final dual bound: 4445.05 (rounded: 4445.05)
----- Add fac. cuts : R1C(296), max.viol = 0.071345, aver.viol = 0.0369106, sep/add took 1.07859/0.970927 sec. -----
12089 columns (9996 active), 709 dyn. constrs. (386 active), 1473 art. vars. (628 active)
<DWph=2> <it=  1> <et=57.92> <Mt= 0.07> <Spt= 0.06> <nCl=  2> <DB= 4445.1057> <Mlp= 4445.1057> <PB=22193> 
<DWph=1> <it=  4> <et=58.05> <Mt= 0.02> <Spt= 0.11> <nCl=  2> <DB= 4445.1057> <Mlp= 4445.1057> <PB=22193> 
<DWph=0> <it=  7> <et=58.30> <Mt= 0.02> <Spt= 0.20> <nCl= 97> <DB= 4445.1024> <Mlp= 4445.1024> <PB=22193> 
ColGenEvalAlg final dual bound: 4445.1 (rounded: 4445.1)
----- Add fac. cuts : R1C(166), max.viol = 0.0504087, aver.viol = 0.0328754, sep/add took 0.823095/0.341979 sec. -----
12190 columns (6680 active), 632 dyn. constrs. (250 active), 1639 art. vars. (492 active)
<DWph=2> <it=  1> <et=59.63> <Mt= 0.02> <Spt= 0.05> <nCl=  0> <DB= 4445.1250> <Mlp= 4445.1250> <PB=22193> 
<DWph=1> <it=  2> <et=59.69> <Mt= 0.01> <Spt= 0.06> <nCl=  0> <DB= 4445.1250> <Mlp= 4445.1250> <PB=22193> 
<DWph=0> <it=  7> <et=60.12> <Mt= 0.07> <Spt= 0.35> <nCl=121> <DB= 4445.1250> <Mlp= 4445.1250> <PB=22193> 
ColGenEvalAlg final dual bound: 4445.12 (rounded: 4445.12)
----- Cut generation is stopped due to tailing off -----
**** SB phase 3 evaluation of candidate 1, branch 2 ( [ colGenSp ] <= 11 ), value = 1e+12
<DWph=2> <it=  2> <et=61.61> <Mt= 1.22> <Spt= 0.03> <nCl= 30> <DB= 4362.4756> <Mlp= 4444.9102> <PB=22193> 
<DWph=2> <it=  2> <et=61.61> <Mt= 0.00> <Spt= 0.00> <nCl=  0> <DB= 4362.4756> <Mlp= 4444.9102> <PB=22193> 
<DWph=1> <it=  3> <et=61.61> <Mt= 0.00> <Spt= 0.00> <nCl=  0> <DB= 4444.9102> <Mlp= 4444.9102> <PB=22193> 
<DWph=1> <it=  3> <et=61.61> <Mt= 0.00> <Spt= 0.00> <nCl=  0> <DB= 4444.9102> <Mlp= 4444.9102> <PB=22193> 
<DWph=0> <it=  4> <et=61.61> <Mt= 0.00> <Spt= 0.00> <nCl=  0> <DB= 4444.9102> <Mlp= 4444.9102> <PB=22193> 
<DWph=0> <it=  4> <et=61.61> <Mt= 0.00> <Spt= 0.00> <nCl=  0> <DB= 4444.9102> <Mlp= 4444.9102> <PB=22193> 
ColGenEvalAlg final dual bound: 4444.91 (rounded: 4444.91)
----- Add fac. cuts : R1C(152), max.viol = 0.149404, aver.viol = 0.0830087, sep/add took 0.0222375/0.389699 sec. -----
12341 columns (9377 active), 321 dyn. constrs. (226 active), 563 art. vars. (468 active)
<DWph=2> <it=  4> <et=62.30> <Mt= 0.08> <Spt= 0.18> <nCl= 51> <DB= 4444.9321> <Mlp= 4444.9321> <PB=22193> 
<DWph=1> <it=  7> <et=62.43> <Mt= 0.01> <Spt= 0.12> <nCl= 12> <DB= 4444.9321> <Mlp= 4444.9321> <PB=22193> 
<DWph=0> <it= 10> <et=62.61> <Mt= 0.02> <Spt= 0.17> <nCl=300> <DB= 4442.7040> <Mlp= 4444.9270> <PB=22193> 
<DWph=0> <it= 11> <et=62.71> <Mt= 0.01> <Spt= 0.08> <nCl= 75> <DB= 4444.9257> <Mlp= 4444.9257> <PB=22193> 
ColGenEvalAlg final dual bound: 4444.93 (rounded: 4444.93)
----- Add fac. cuts : R1C(289), max.viol = 0.236814, aver.viol = 0.0995412, sep/add took 0.326512/0.86815 sec. -----
12779 columns (9815 active), 610 dyn. constrs. (368 active), 852 art. vars. (610 active)
<DWph=2> <it=  1> <et=64.05> <Mt= 0.07> <Spt= 0.05> <nCl=  1> <DB= 4445.0006> <Mlp= 4445.0006> <PB=22193> 
<DWph=1> <it=  4> <et=64.18> <Mt= 0.02> <Spt= 0.11> <nCl=  7> <DB= 4444.9996> <Mlp= 4444.9996> <PB=22193> 
<DWph=0> <it=  7> <et=64.35> <Mt= 0.03> <Spt= 0.14> <nCl=111> <DB= 4444.9943> <Mlp= 4444.9943> <PB=22193> 
ColGenEvalAlg final dual bound: 4444.99 (rounded: 4444.99)
----- Add fac. cuts : R1C(436), max.viol = 0.440276, aver.viol = 0.03938, sep/add took 0.926312/1.34319 sec. -----
12898 columns (9934 active), 904 dyn. constrs. (514 active), 1288 art. vars. (756 active)
<DWph=2> <it=  1> <et=66.79> <Mt= 0.07> <Spt= 0.05> <nCl=  1> <DB= 4445.0381> <Mlp= 4445.0381> <PB=22193> 
<DWph=1> <it=  4> <et=66.97> <Mt= 0.03> <Spt= 0.14> <nCl= 13> <DB= 4445.0306> <Mlp= 4445.0306> <PB=22193> 
<DWph=0> <it=  8> <et=67.35> <Mt= 0.04> <Spt= 0.32> <nCl=163> <DB= 4445.0265> <Mlp= 4445.0265> <PB=22193> 
ColGenEvalAlg final dual bound: 4445.03 (rounded: 4445.03)
----- Add fac. cuts : R1C(151), max.viol = 0.111411, aver.viol = 0.0480118, sep/add took 0.882895/0.346659 sec. -----
13075 columns (6700 active), 772 dyn. constrs. (235 active), 1439 art. vars. (477 active)
<DWph=2> <it=  1> <et=68.73> <Mt= 0.04> <Spt= 0.05> <nCl=  2> <DB= 4445.0641> <Mlp= 4445.0641> <PB=22193> 
<DWph=1> <it=  3> <et=68.82> <Mt= 0.01> <Spt= 0.08> <nCl=  1> <DB= 4445.0641> <Mlp= 4445.0641> <PB=22193> 
<DWph=0> <it=  7> <et=69.03> <Mt= 0.01> <Spt= 0.19> <nCl= 74> <DB= 4445.0594> <Mlp= 4445.0594> <PB=22193> 
ColGenEvalAlg final dual bound: 4445.06 (rounded: 4445.06)
----- Add fac. cuts : R1C(318), max.viol = 0.0796012, aver.viol = 0.0334018, sep/add took 0.959744/0.80027 sec. -----
13152 columns (6777 active), 666 dyn. constrs. (397 active), 1757 art. vars. (639 active)
<DWph=2> <it=  1> <et=70.99> <Mt= 0.07> <Spt= 0.06> <nCl=  1> <DB= 4445.1173> <Mlp= 4445.1173> <PB=22193> 
<DWph=1> <it=  2> <et=71.05> <Mt= 0.00> <Spt= 0.05> <nCl=  0> <DB= 4445.1173> <Mlp= 4445.1173> <PB=22193> 
<DWph=0> <it=  6> <et=71.33> <Mt= 0.04> <Spt= 0.25> <nCl=124> <DB= 4445.1140> <Mlp= 4445.1140> <PB=22193> 
ColGenEvalAlg final dual bound: 4445.11 (rounded: 4445.11)
----- Cut generation is stopped due to tailing off -----
SB exact phase 3 branch on colGenSp (11.8126) : [4445.125, 4445.114], tree depth = 1e+12, tree size = 1e+12, score = -4.778
************************************************************************************************
**** BaB tree node (N° 5, parent N° 3, depth 2)
**** Local DB = 4445.11, branch: [ colGenSp ] <= 11 , global bounds : [ 4445.11 , 22193 ], TIME = 0h1m11s45t = 7145
**** 3 open nodes, 13275 columns (6902 active), 203 dyn. constrs. (83 active), 445 art. vars. (325 active)
************************************************************************************************
**** Strong branching phase 1 is started *****
SB phase 1 cand.  1 branch on var x[(0, 62)]_0_7381_0_OspV (lhs=0.4613)    : [ 4445.4427,  4446.7200], score = 0.53      <et=71.6>
SB phase 1 cand.  2 branch on var x[(85, 10)]_0_10175_0_OspV (lhs=0.5490)  : [ 4445.7000,  4446.3551], score = 0.73      <et=71.74>
SB phase 1 cand.  3 branch on var x[(0, 118)]_0_14157_0_OspV (lhs=0.4365)  : [ 4445.1140,  4446.7500], score = 0.00      <et=71.86>
SB phase 1 cand.  5 branch on var x[(49, 76)]_0_5884_0_OspV (lhs=0.5642)   : [ 4445.1381,  4446.4381], score = 0.03      <et=72.04>
SB phase 1 cand.  6 branch on var x[(22, 105)]_0_2646_0_OspV (lhs=0.5721)  : [ 4445.5686,  4446.6000], score = 0.68      <et=72.15>
SB phase 1 cand.  9 branch on var x[(8, 19)]_0_866_0_OspV (lhs=0.6737)     : [ 4447.0000,  4447.5500], score = 4.59      <et=72.48>
SB phase 1 cand. 10 branch on var x[(75, 84)]_0_9038_0_OspV (lhs=0.6973)   : [ 4446.4119,  4446.6488], score = 1.99      <et=72.62>
SB phase 1 cand. 11 branch on var x[(119, 17)]_0_14296_0_OspV (lhs=0.2902) : [ 4445.6941,  4449.0857], score = 2.30      <et=72.74>
SB phase 1 cand. 12 branch on var x[(119, 75)]_0_14354_0_OspV (lhs=0.7098) : [ 4446.6488,  4448.2284], score = 4.78      <et=72.89>
SB phase 1 cand. 14 branch on var x[(17, 84)]_0_2020_0_OspV (lhs=0.2902)   : [ 4445.6941,  4454.1685], score = 5.25      <et=73.17>
SB phase 1 cand. 15 branch on var x[(55, 47)]_0_6582_0_OspV (lhs=0.7098)   : [ 4446.7052,  4451.3494], score = 9.92      <et=73.33>
SB phase 1 cand. 16 branch on var x[(55, 75)]_0_6609_0_OspV (lhs=0.2902)   : [ 4446.6488,  4454.1685], score = 13.90      <et=73.5>
SB phase 1 cand. 27 branch on var x[(10, 107)]_0_1196_0_OspV (lhs=0.7250)  : [ 4445.9976,  4454.1685], score = 8.00      <et=74.77>
**** Strong branching phase 2 is started *****
<DWph=1> <it= 22> <et=78.37> <Mt= 0.58> <Spt= 0.60> <nCl=255> <DB= 4452.6583> <Mlp= 4452.6583> <PB=22193> 
<DWph=1> <it= 10> <et=79.01> <Mt= 0.10> <Spt= 0.37> <nCl= 67> <DB= 4446.6111> <Mlp= 4446.6111> <PB=22193> 
SB phase 2 cand.  1 branch on var x[(55, 75)]_0_6609_0_OspV (lhs=0.2902) : [ 4446.6111,  4452.6583], score = 11.29      <et=79.02>
<DWph=1> <it=  9> <et=79.43> <Mt= 0.04> <Spt= 0.30> <nCl= 35> <DB= 4451.2380> <Mlp= 4451.2380> <PB=22193> 
<DWph=1> <it=  8> <et=79.91> <Mt= 0.12> <Spt= 0.27> <nCl= 84> <DB= 4446.6111> <Mlp= 4446.6111> <PB=22193> 
SB phase 2 cand.  2 branch on var x[(55, 47)]_0_6582_0_OspV (lhs=0.7098) : [ 4446.6111,  4451.2380], score = 9.17      <et=79.93>
<DWph=1> <it= 22> <et=81.17> <Mt= 0.47> <Spt= 0.71> <nCl=253> <DB= 4450.7500> <Mlp= 4450.7500> <PB=22193> 
<DWph=1> <it=  4> <et=81.40> <Mt= 0.01> <Spt= 0.13> <nCl= 17> <DB= 4445.9976> <Mlp= 4445.9976> <PB=22193> 
SB phase 2 cand.  3 branch on var x[(10, 107)]_0_1196_0_OspV (lhs=0.7250): [ 4445.9976,  4450.7500], score = 4.98      <et=81.41>
**** Strong branching phase 3 is started *****
**** SB phase 3 evaluation of candidate 1, branch 1 ( x[(55, 75)]_0_6609_0_OspV >= 1 ), value = 4452.66
<DWph=2> <it=  1> <et=81.54> <Mt= 0.00> <Spt= 0.04> <nCl=  6> <DB= 4452.6583> <Mlp= 4452.6583> <PB=22193> 
<DWph=1> <it=  2> <et=81.59> <Mt= 0.00> <Spt= 0.04> <nCl=  0> <DB= 4452.6583> <Mlp= 4452.6583> <PB=22193> 
<DWph=0> <it= 10> <et=82.17> <Mt= 0.23> <Spt= 0.36> <nCl=599> <DB= 4450.7500> <Mlp= 4450.7500> <PB=22193> 
ColGenEvalAlg final dual bound: 4450.75 (rounded: 4450.75)
----- Add fac. cuts : CAP(7) R1C(150), max.viol = 0.5, aver.viol = 0.5, sep/add took 0.00433769/0.412118 sec. -----
12073 columns (7762 active), 342 dyn. constrs. (203 active), 588 art. vars. (445 active)
<DWph=2> <it=  6> <et=82.95> <Mt= 0.09> <Spt= 0.24> <nCl= 58> <DB= 4452.4354> <Mlp= 4452.4354> <PB=22193> 
<DWph=1> <it= 10> <et=83.06> <Mt= 0.01> <Spt= 0.09> <nCl= 13> <DB= 4443.0427> <Mlp= 4452.4354> <PB=22193> 
<DWph=1> <it= 12> <et=83.14> <Mt= 0.02> <Spt= 0.07> <nCl= 12> <DB= 4452.3727> <Mlp= 4452.3727> <PB=22193> 
<DWph=0> <it= 17> <et=83.40> <Mt= 0.02> <Spt= 0.24> <nCl=289> <DB= 4451.9182> <Mlp= 4451.9182> <PB=22193> 
ColGenEvalAlg final dual bound: 4451.92 (rounded: 4451.92)
----- Add fac. cuts : CAP(5) R1C(255), max.viol = 0.454545, aver.viol = 0.402688, sep/add took 0.0323212/0.736128 sec. -----
12445 columns (8134 active), 602 dyn. constrs. (292 active), 848 art. vars. (534 active)
<DWph=2> <it=  1> <et=84.26> <Mt= 0.03> <Spt= 0.05> <nCl=  2> <DB= 4452.4490> <Mlp= 4452.4490> <PB=22193> 
<DWph=1> <it=  3> <et=84.34> <Mt= 0.01> <Spt= 0.06> <nCl=  2> <DB= 4452.4490> <Mlp= 4452.4490> <PB=22193> 
<DWph=0> <it=  8> <et=84.68> <Mt= 0.09> <Spt= 0.26> <nCl=128> <DB= 4452.3836> <Mlp= 4452.3836> <PB=22193> 
ColGenEvalAlg final dual bound: 4452.38 (rounded: 4452.38)
----- Add fac. cuts : CAP(2) R1C(345), max.viol = 0.455752, aver.viol = 0.340963, sep/add took 0.250907/1.13167 sec. -----
12577 columns (8266 active), 795 dyn. constrs. (390 active), 1195 art. vars. (632 active)
<DWph=2> <it=  5> <et=86.41> <Mt= 0.09> <Spt= 0.20> <nCl= 10> <DB= 4453.8858> <Mlp= 4453.8858> <PB=22193> 
<DWph=1> <it=  6> <et=86.46> <Mt= 0.01> <Spt= 0.05> <nCl=  1> <DB= 4453.8858> <Mlp= 4453.8858> <PB=22193> 
<DWph=0> <it= 10> <et=86.78> <Mt= 0.08> <Spt= 0.23> <nCl=210> <DB= 4452.1249> <Mlp= 4453.5160> <PB=22193> 
<DWph=0> <it= 12> <et=86.92> <Mt= 0.01> <Spt= 0.13> <nCl= 62> <DB= 4453.5134> <Mlp= 4453.5134> <PB=22193> 
ColGenEvalAlg final dual bound: 4453.51 (rounded: 4453.51)
----- Add fac. cuts : CAP(2) R1C(429), max.viol = 0.511962, aver.viol = 0.409224, sep/add took 0.393011/1.37292 sec. -----
12860 columns (8549 active), 978 dyn. constrs. (471 active), 1626 art. vars. (713 active)
<DWph=2> <it=  1> <et=88.87> <Mt= 0.07> <Spt= 0.05> <nCl=  6> <DB= 4454.2200> <Mlp= 4454.2200> <PB=22193> 
<DWph=1> <it=  2> <et=88.93> <Mt= 0.01> <Spt= 0.05> <nCl=  5> <DB= 4454.2200> <Mlp= 4454.2200> <PB=22193> 
<DWph=0> <it=  9> <et=89.48> <Mt= 0.15> <Spt= 0.40> <nCl=256> <DB= 4454.1759> <Mlp= 4454.1759> <PB=22193> 
ColGenEvalAlg final dual bound: 4454.18 (rounded: 4454.18)
----- Add fac. cuts : CAP(20) R1C(556), max.viol = 0.520635, aver.viol = 0.241769, sep/add took 0.672754/1.89549 sec. -----
13127 columns (8816 active), 1210 dyn. constrs. (616 active), 2202 art. vars. (858 active)
<DWph=2> <it=  4> <et=92.45> <Mt= 0.12> <Spt= 0.17> <nCl= 35> <DB= 4455.0250> <Mlp= 4455.0250> <PB=22193> 
<DWph=1> <it=  5> <et=92.52> <Mt= 0.01> <Spt= 0.06> <nCl=  1> <DB= 4455.0250> <Mlp= 4455.0250> <PB=22193> 
<DWph=0> <it= 10> <et=93.46> <Mt= 0.61> <Spt= 0.33> <nCl=257> <DB= 4410.1412> <Mlp= 4454.9400> <PB=22193> 
<DWph=0> <it= 12> <et=94.05> <Mt= 0.38> <Spt= 0.21> <nCl= 94> <DB= 4454.9400> <Mlp= 4454.9400> <PB=22193> 
ColGenEvalAlg final dual bound: 4454.94 (rounded: 4454.94)
----- Add fac. cuts : CAP(8) R1C(510), max.viol = 0.4, aver.viol = 0.23861, sep/add took 0.381067/1.87097 sec. -----
13514 columns (9203 active), 1299 dyn. constrs. (582 active), 2720 art. vars. (824 active)
<DWph=2> <it=  2> <et=96.67> <Mt= 0.13> <Spt= 0.11> <nCl=  8> <DB= 4455.1418> <Mlp= 4455.1418> <PB=22193> 
<DWph=1> <it=  3> <et=96.74> <Mt= 0.01> <Spt= 0.06> <nCl=  1> <DB= 4455.1418> <Mlp= 4455.1418> <PB=22193> 
<DWph=0> <it=  6> <et=97.06> <Mt= 0.03> <Spt= 0.29> <nCl=155> <DB= 4455.1352> <Mlp= 4455.1352> <PB=22193> 
ColGenEvalAlg final dual bound: 4455.14 (rounded: 4455.14)
----- Add fac. cuts : CAP(1) R1C(542), max.viol = 0.345441, aver.viol = 0.194, sep/add took 0.808961/2.11368 sec. -----
13678 columns (9367 active), 1290 dyn. constrs. (600 active), 3263 art. vars. (842 active)
<DWph=2> <it=  1> <et=100.32> <Mt= 0.14> <Spt= 0.06> <nCl=  9> <DB= 4455.8301> <Mlp= 4455.8301> <PB=22193> 
<DWph=1> <it=  4> <et=100.50> <Mt= 0.04> <Spt= 0.14> <nCl= 40> <DB= 4455.8291> <Mlp= 4455.8291> <PB=22193> 
<DWph=0> <it= 10> <et=101.24> <Mt= 0.16> <Spt= 0.57> <nCl=399> <DB= 4455.6867> <Mlp= 4455.6867> <PB=22193> 
ColGenEvalAlg final dual bound: 4455.69 (rounded: 4455.69)
----- Cut generation is stopped due to tailing off -----
**** SB phase 3 evaluation of candidate 1, branch 2 ( x[(55, 75)]_0_6609_0_OspV <= 0 ), value = 4446.61
<DWph=2> <it=  1> <et=101.79> <Mt= 0.04> <Spt= 0.04> <nCl=  2> <DB= 4445.1444> <Mlp= 4446.6111> <PB=22193> 
<DWph=1> <it=  3> <et=101.91> <Mt= 0.04> <Spt= 0.08> <nCl= 44> <DB= 4446.6111> <Mlp= 4446.6111> <PB=22193> 
<DWph=0> <it=  7> <et=102.16> <Mt= 0.05> <Spt= 0.19> <nCl=347> <DB= 4446.5889> <Mlp= 4446.5889> <PB=22193> 
ColGenEvalAlg final dual bound: 4446.59 (rounded: 4446.59)
----- Add fac. cuts : CAP(4) R1C(152), max.viol = 0.481481, aver.viol = 0.118827, sep/add took 0.0101927/0.37037 sec. -----
14130 columns (7362 active), 386 dyn. constrs. (208 active), 628 art. vars. (450 active)
<DWph=2> <it=  1> <et=102.69> <Mt= 0.09> <Spt= 0.05> <nCl=  6> <DB= 4446.9388> <Mlp= 4446.9388> <PB=22193> 
----- Add core cuts : CAP(10), max.viol = 1, aver.viol = 1, sep/add took 0.00594474/0.0942756 sec. -----
<DWph=1> <it=  4> <et=102.94> <Mt= 0.04> <Spt= 0.11> <nCl= 19> <DB= 4447.0259> <Mlp= 4447.0259> <PB=22193> 
<DWph=0> <it=  7> <et=103.14> <Mt= 0.01> <Spt= 0.19> <nCl=326> <DB= 4447.0259> <Mlp= 4447.0259> <PB=22193> 
ColGenEvalAlg final dual bound: 4447.03 (rounded: 4447.03)
----- Add fac. cuts : R1C(337), max.viol = 0.259259, aver.viol = 0.0981427, sep/add took 0.234473/0.886016 sec. -----
14481 columns (7713 active), 724 dyn. constrs. (386 active), 975 art. vars. (628 active)
<DWph=2> <it=  1> <et=104.41> <Mt= 0.05> <Spt= 0.06> <nCl= 20> <DB= 4447.1109> <Mlp= 4447.1109> <PB=22193> 
<DWph=1> <it=  2> <et=104.47> <Mt= 0.01> <Spt= 0.05> <nCl=  0> <DB= 4447.1109> <Mlp= 4447.1109> <PB=22193> 
<DWph=0> <it=  5> <et=104.69> <Mt= 0.03> <Spt= 0.19> <nCl=145> <DB= 4447.1073> <Mlp= 4447.1073> <PB=22193> 
ColGenEvalAlg final dual bound: 4447.11 (rounded: 4447.11)
----- Add fac. cuts : CAP(2) R1C(262), max.viol = 0.167832, aver.viol = 0.0537985, sep/add took 0.630051/0.805776 sec. -----
14646 columns (7878 active), 837 dyn. constrs. (328 active), 1239 art. vars. (570 active)
<DWph=2> <it=  1> <et=106.27> <Mt= 0.04> <Spt= 0.05> <nCl=  1> <DB= 4447.1784> <Mlp= 4447.1784> <PB=22193> 
<DWph=1> <it=  2> <et=106.32> <Mt= 0.01> <Spt= 0.05> <nCl=  0> <DB= 4447.1784> <Mlp= 4447.1784> <PB=22193> 
<DWph=0> <it=  4> <et=106.44> <Mt= 0.00> <Spt= 0.11> <nCl= 39> <DB= 4447.1784> <Mlp= 4447.1784> <PB=22193> 
ColGenEvalAlg final dual bound: 4447.18 (rounded: 4447.18)
----- Add fac. cuts : R1C(535), max.viol = 0.0980392, aver.viol = 0.0741616, sep/add took 0.617405/1.43184 sec. -----
14686 columns (7918 active), 1054 dyn. constrs. (593 active), 1774 art. vars. (835 active)
<DWph=2> <it=  1> <et=108.68> <Mt= 0.05> <Spt= 0.05> <nCl=  1> <DB= 4447.1847> <Mlp= 4447.1847> <PB=22193> 
<DWph=1> <it=  2> <et=108.74> <Mt= 0.01> <Spt= 0.05> <nCl=  1> <DB= 4447.1847> <Mlp= 4447.1847> <PB=22193> 
<DWph=0> <it=  5> <et=109.00> <Mt= 0.03> <Spt= 0.23> <nCl=107> <DB= 4447.1821> <Mlp= 4447.1821> <PB=22193> 
ColGenEvalAlg final dual bound: 4447.18 (rounded: 4447.18)
----- Add fac. cuts : R1C(67), max.viol = 0.025641, aver.viol = 0.025641, sep/add took 0.618949/0.195582 sec. -----
14795 columns (8027 active), 856 dyn. constrs. (122 active), 1841 art. vars. (364 active)
<DWph=2> <it=  1> <et=109.97> <Mt= 0.01> <Spt= 0.06> <nCl=  1> <DB= 4447.1821> <Mlp= 4447.1821> <PB=22193> 
<DWph=1> <it=  2> <et=110.02> <Mt= 0.00> <Spt= 0.05> <nCl=  0> <DB= 4447.1821> <Mlp= 4447.1821> <PB=22193> 
<DWph=0> <it=  3> <et=110.02> <Mt= 0.00> <Spt= 0.00> <nCl=  0> <DB= 4447.1821> <Mlp= 4447.1821> <PB=22193> 
<DWph=0> <it=  3> <et=110.02> <Mt= 0.00> <Spt= 0.00> <nCl=  0> <DB= 4447.1821> <Mlp= 4447.1821> <PB=22193> 
ColGenEvalAlg final dual bound: 4447.18 (rounded: 4447.18)
----- Cut generation is stopped due to tailing off -----
SB exact phase 3 branch on var x[(55, 75)]_0_6609_0_OspV (lhs=0.290248) : [4455.6867, 4447.1821], tree depth = 1e+12, tree size = 1e+12, score = -0.1935
************************************************************************************************
**** BaB tree node (N° 7, parent N° 5, depth 3)
**** Local DB = 4447.18, global bounds : [ 4445.12 , 22193 ], TIME = 0h1m50s12t = 11012
**** 4 open nodes, 14796 columns (8028 active), 319 dyn. constrs. (122 active), 561 art. vars. (364 active)
************************************************************************************************
**** Strong branching phase 1 is started *****
SB phase 1 cand.  1 branch on var x[(55, 47)]_0_6582_0_OspV (lhs=0.9231)   : [ 4447.2333,  4458.8273], score = 0.60 (h)  <et=110.27>
SB phase 1 cand.  2 branch on var x[(51, 113)]_0_6163_0_OspV (lhs=0.4744)  : [ 4447.4500,  4447.8156], score = 0.17      <et=110.36>
SB phase 1 cand.  3 branch on var x[(10, 107)]_0_1196_0_OspV (lhs=0.9231)  : [ 4447.2333,  4463.3200], score = 0.83 (h)  <et=110.52>
SB phase 1 cand.  4 branch on var x[(7, 103)]_0_829_0_OspV (lhs=0.5385)    : [ 4447.3000,  4448.9586], score = 0.21      <et=110.61>
SB phase 1 cand.  5 branch on var x[(22, 77)]_0_2618_0_OspV (lhs=0.3846)   : [ 4447.4500,  4457.1687], score = 2.68 (h)  <et=110.73>
SB phase 1 cand.  7 branch on var x[(34, 22)]_0_4016_0_OspV (lhs=0.3846)   : [ 4447.3706,  4457.9500], score = 2.03 (h)  <et=110.9>
SB phase 1 cand.  9 branch on var x[(8, 19)]_0_866_0_OspV (lhs=0.4487)     : [ 4447.9000,  4448.4667], score = 0.92 (h)  <et=111.05>
SB phase 1 cand. 13 branch on var x[(42, 105)]_0_5066_0_OspV (lhs=0.3846)  : [ 4447.4500,  4452.2929], score = 1.37 (h)  <et=111.37>
SB phase 1 cand. 15 branch on var x[(42, 22)]_0_4984_0_OspV (lhs=0.6154)   : [ 4447.4500,  4452.2929], score = 1.37 (h)  <et=111.53>
SB phase 1 cand. 21 branch on var x[(83, 19)]_0_9942_0_OspV (lhs=0.3590)   : [ 4447.3462,  4457.1688], score = 1.64 (h)  <et=111.99>
**** Strong branching phase 2 is started *****
<DWph=1> <it= 15> <et=115.35> <Mt= 0.37> <Spt= 0.54> <nCl=117> <DB= 4453.1750> <Mlp= 4453.1750> <PB=22193> 
<DWph=1> <it=  2> <et=115.58> <Mt= 0.01> <Spt= 0.10> <nCl=  0> <DB= 4447.4500> <Mlp= 4447.4500> <PB=22193> 
SB phase 2 cand.  1 branch on var x[(22, 77)]_0_2618_0_OspV (lhs=0.3846): [ 4447.4500,  4453.1750], score = 1.61 (h)  <et=115.6>
<DWph=1> <it= 22> <et=116.90> <Mt= 0.45> <Spt= 0.78> <nCl=177> <DB= 4450.1605> <Mlp= 4450.1605> <PB=22193> 
<DWph=1> <it=  2> <et=117.09> <Mt= 0.00> <Spt= 0.09> <nCl=  0> <DB= 4447.3706> <Mlp= 4447.3706> <PB=22193> 
SB phase 2 cand.  2 branch on var x[(34, 22)]_0_4016_0_OspV (lhs=0.3846): [ 4447.3706,  4450.1605], score = 0.56 (h)  <et=117.11>
<DWph=1> <it= 18> <et=118.01> <Mt= 0.22> <Spt= 0.60> <nCl=116> <DB= 4455.2187> <Mlp= 4455.2187> <PB=22193> 
<DWph=1> <it=  2> <et=118.20> <Mt= 0.01> <Spt= 0.09> <nCl=  0> <DB= 4447.3462> <Mlp= 4447.3462> <PB=22193> 
SB phase 2 cand.  3 branch on var x[(83, 19)]_0_9942_0_OspV (lhs=0.3590): [ 4447.3462,  4455.2188], score = 1.32 (h)  <et=118.22>
**** Strong branching phase 3 is started *****
**** SB phase 3 evaluation of candidate 1, branch 1 ( x[(22, 77)]_0_2618_0_OspV >= 1 ), value = 4453.17
<DWph=2> <it=  1> <et=118.36> <Mt= 0.00> <Spt= 0.05> <nCl=  0> <DB= 4453.1750> <Mlp= 4453.1750> <PB=22193> 
<DWph=1> <it=  2> <et=118.41> <Mt= 0.00> <Spt= 0.05> <nCl=  0> <DB= 4453.1750> <Mlp= 4453.1750> <PB=22193> 
<DWph=0> <it= 10> <et=118.90> <Mt= 0.11> <Spt= 0.38> <nCl=355> <DB= 4452.4040> <Mlp= 4452.4040> <PB=22193> 
ColGenEvalAlg final dual bound: 4452.4 (rounded: 4452.4)
----- Add fac. cuts : CAP(4) R1C(151), max.viol = 0.28, aver.viol = 0.0895484, sep/add took 0.0177108/0.391792 sec. -----
15561 columns (8500 active), 448 dyn. constrs. (196 active), 694 art. vars. (438 active)
<DWph=2> <it=  3> <et=119.55> <Mt= 0.09> <Spt= 0.11> <nCl=  9> <DB= 4452.9167> <Mlp= 4452.9167> <PB=22193> 
<DWph=1> <it=  4> <et=119.61> <Mt= 0.01> <Spt= 0.06> <nCl=  2> <DB= 4452.9167> <Mlp= 4452.9167> <PB=22193> 
<DWph=0> <it=  8> <et=119.84> <Mt= 0.01> <Spt= 0.21> <nCl=165> <DB= 4452.9000> <Mlp= 4452.9000> <PB=22193> 
ColGenEvalAlg final dual bound: 4452.9 (rounded: 4452.9)
----- Add fac. cuts : CAP(1) R1C(255), max.viol = 0.4, aver.viol = 0.101367, sep/add took 0.0355449/0.733972 sec. -----
15737 columns (8676 active), 704 dyn. constrs. (299 active), 950 art. vars. (541 active)
<DWph=2> <it=  1> <et=120.72> <Mt= 0.04> <Spt= 0.05> <nCl=  0> <DB= 4453.0000> <Mlp= 4453.0000> <PB=22193> 
<DWph=1> <it=  2> <et=120.78> <Mt= 0.01> <Spt= 0.06> <nCl=  7> <DB= 4453.0000> <Mlp= 4453.0000> <PB=22193> 
<DWph=0> <it=  3> <et=120.87> <Mt= 0.00> <Spt= 0.09> <nCl= 78> <DB= 4453.0000> <Mlp= 4453.0000> <PB=22193> 
ColGenEvalAlg final dual bound: 4453 (rounded: 4453)
----- Add fac. cuts : CAP(1) R1C(231), max.viol = 0.25, aver.viol = 0.25, sep/add took 0.151859/0.611506 sec. -----
15822 columns (8761 active), 791 dyn. constrs. (300 active), 1182 art. vars. (542 active)
<DWph=2> <it=  2> <et=121.89> <Mt= 0.11> <Spt= 0.09> <nCl=  5> <DB= 4453.4533> <Mlp= 4453.4533> <PB=22193> 
<DWph=1> <it=  4> <et=122.00> <Mt= 0.03> <Spt= 0.08> <nCl=  4> <DB= 4453.4498> <Mlp= 4453.4498> <PB=22193> 
<DWph=0> <it=  9> <et=122.29> <Mt= 0.04> <Spt= 0.25> <nCl=219> <DB= 4453.3848> <Mlp= 4453.3848> <PB=22193> 
ColGenEvalAlg final dual bound: 4453.38 (rounded: 4453.38)
----- Add fac. cuts : CAP(1) R1C(416), max.viol = 0.23913, aver.viol = 0.0695965, sep/add took 0.363323/1.22665 sec. -----
16050 columns (8989 active), 978 dyn. constrs. (459 active), 1599 art. vars. (701 active)
<DWph=2> <it=  1> <et=124.06> <Mt= 0.07> <Spt= 0.05> <nCl=  0> <DB= 4453.5139> <Mlp= 4453.5139> <PB=22193> 
<DWph=1> <it=  3> <et=124.16> <Mt= 0.01> <Spt= 0.09> <nCl= 17> <DB= 4453.5123> <Mlp= 4453.5123> <PB=22193> 
<DWph=0> <it=  5> <et=124.33> <Mt= 0.01> <Spt= 0.15> <nCl=140> <DB= 4453.5085> <Mlp= 4453.5085> <PB=22193> 
ColGenEvalAlg final dual bound: 4453.51 (rounded: 4453.51)
----- Add fac. cuts : CAP(1) R1C(511), max.viol = 0.170213, aver.viol = 0.0577626, sep/add took 0.663777/1.77575 sec. -----
16207 columns (9146 active), 1235 dyn. constrs. (561 active), 2111 art. vars. (803 active)
<DWph=2> <it=  1> <et=126.96> <Mt= 0.07> <Spt= 0.06> <nCl=  3> <DB= 4453.6200> <Mlp= 4453.6200> <PB=22193> 
<DWph=1> <it=  2> <et=127.02> <Mt= 0.01> <Spt= 0.06> <nCl=  2> <DB= 4453.6200> <Mlp= 4453.6200> <PB=22193> 
<DWph=0> <it=  5> <et=127.32> <Mt= 0.04> <Spt= 0.26> <nCl=160> <DB= 4453.6200> <Mlp= 4453.6200> <PB=22193> 
ColGenEvalAlg final dual bound: 4453.62 (rounded: 4453.62)
----- Add fac. cuts : R1C(59), max.viol = 0.2, aver.viol = 0.2, sep/add took 0.440184/0.289663 sec. -----
16372 columns (9311 active), 884 dyn. constrs. (121 active), 2170 art. vars. (363 active)
<DWph=2> <it=  3> <et=128.33> <Mt= 0.07> <Spt= 0.12> <nCl= 15> <DB= 4453.6200> <Mlp= 4453.6200> <PB=22193> 
<DWph=1> <it=  4> <et=128.39> <Mt= 0.01> <Spt= 0.06> <nCl=  6> <DB= 4453.6200> <Mlp= 4453.6200> <PB=22193> 
<DWph=0> <it=  5> <et=128.39> <Mt= 0.00> <Spt= 0.00> <nCl=  0> <DB= 4453.6200> <Mlp= 4453.6200> <PB=22193> 
<DWph=0> <it=  5> <et=128.39> <Mt= 0.00> <Spt= 0.00> <nCl=  0> <DB= 4453.6200> <Mlp= 4453.6200> <PB=22193> 
ColGenEvalAlg final dual bound: 4453.62 (rounded: 4453.62)
----- Add fac. cuts : R1C(126), max.viol = 0.2, aver.viol = 0.2, sep/add took 0.426923/0.427643 sec. -----
16393 columns (9332 active), 1010 dyn. constrs. (247 active), 2296 art. vars. (489 active)
<DWph=2> <it=  3> <et=129.45> <Mt= 0.06> <Spt= 0.12> <nCl=  8> <DB= 4453.6870> <Mlp= 4453.6870> <PB=22193> 
<DWph=1> <it=  4> <et=129.51> <Mt= 0.01> <Spt= 0.06> <nCl=  4> <DB= 4453.6870> <Mlp= 4453.6870> <PB=22193> 
<DWph=0> <it=  6> <et=129.61> <Mt= 0.04> <Spt= 0.05> <nCl= 61> <DB= 4453.6200> <Mlp= 4453.6200> <PB=22193> 
<DWph=0> <it=  6> <et=129.61> <Mt= 0.00> <Spt= 0.00> <nCl=  0> <DB= 4453.6200> <Mlp= 4453.6200> <PB=22193> 
ColGenEvalAlg final dual bound: 4453.62 (rounded: 4453.62)
----- Cut generation is stopped due to tailing off -----
**** SB phase 3 evaluation of candidate 1, branch 2 ( x[(22, 77)]_0_2618_0_OspV <= 0 ), value = 4447.45
<DWph=2> <it=  1> <et=129.99> <Mt= 0.07> <Spt= 0.05> <nCl=  9> <DB= 4447.4500> <Mlp= 4447.4500> <PB=22193> 
<DWph=1> <it=  2> <et=130.05> <Mt= 0.00> <Spt= 0.06> <nCl=  7> <DB= 4447.4500> <Mlp= 4447.4500> <PB=22193> 
<DWph=0> <it=  5> <et=130.33> <Mt= 0.08> <Spt= 0.20> <nCl=181> <DB= 4447.4500> <Mlp= 4447.4500> <PB=22193> 
ColGenEvalAlg final dual bound: 4447.45 (rounded: 4447.45)
----- Add fac. cuts : CAP(2), max.viol = 0.5, aver.viol = 0.5, sep/add took 0.380794/0.0365969 sec. -----
16370 columns (8225 active), 514 dyn. constrs. (50 active), 756 art. vars. (292 active)
<DWph=2> <it=  1> <et=130.86> <Mt= 0.04> <Spt= 0.05> <nCl=  0> <DB= 4447.5926> <Mlp= 4447.5926> <PB=22193> 
<DWph=1> <it=  2> <et=130.91> <Mt= 0.00> <Spt= 0.05> <nCl=  0> <DB= 4447.5926> <Mlp= 4447.5926> <PB=22193> 
<DWph=0> <it=  3> <et=130.99> <Mt= 0.00> <Spt= 0.08> <nCl= 15> <DB= 4447.5926> <Mlp= 4447.5926> <PB=22193> 
ColGenEvalAlg final dual bound: 4447.59 (rounded: 4447.59)
----- Add fac. cuts : CAP(3) R1C(155), max.viol = 0.212766, aver.viol = 0.0772623, sep/add took 0.0136947/0.483208 sec. -----
16385 columns (8240 active), 672 dyn. constrs. (204 active), 914 art. vars. (446 active)
<DWph=2> <it=  1> <et=131.63> <Mt= 0.07> <Spt= 0.05> <nCl=  6> <DB= 4447.7397> <Mlp= 4447.7397> <PB=22193> 
<DWph=1> <it=  2> <et=131.69> <Mt= 0.00> <Spt= 0.05> <nCl=  1> <DB= 4447.7397> <Mlp= 4447.7397> <PB=22193> 
<DWph=0> <it=  5> <et=131.86> <Mt= 0.01> <Spt= 0.17> <nCl= 94> <DB= 4447.7377> <Mlp= 4447.7377> <PB=22193> 
ColGenEvalAlg final dual bound: 4447.74 (rounded: 4447.74)
----- Add fac. cuts : R1C(323), max.viol = 0.195652, aver.viol = 0.072374, sep/add took 0.295992/0.955287 sec. -----
16486 columns (8341 active), 994 dyn. constrs. (379 active), 1237 art. vars. (621 active)
<DWph=2> <it=  4> <et=133.48> <Mt= 0.16> <Spt= 0.18> <nCl= 12> <DB= 4447.8066> <Mlp= 4447.8066> <PB=22193> 
<DWph=1> <it=  5> <et=133.54> <Mt= 0.00> <Spt= 0.05> <nCl=  1> <DB= 4447.8066> <Mlp= 4447.8066> <PB=22193> 
<DWph=0> <it=  7> <et=133.73> <Mt= 0.01> <Spt= 0.18> <nCl=158> <DB= 4447.8034> <Mlp= 4447.8034> <PB=22193> 
ColGenEvalAlg final dual bound: 4447.8 (rounded: 4447.8)
----- Add fac. cuts : CAP(1) R1C(404), max.viol = 0.152542, aver.viol = 0.106549, sep/add took 0.387619/1.19086 sec. -----
16657 columns (8512 active), 1253 dyn. constrs. (464 active), 1642 art. vars. (706 active)
<DWph=2> <it=  1> <et=135.47> <Mt= 0.06> <Spt= 0.05> <nCl=  3> <DB= 4447.8427> <Mlp= 4447.8427> <PB=22193> 
<DWph=1> <it=  2> <et=135.54> <Mt= 0.01> <Spt= 0.06> <nCl=  1> <DB= 4447.8427> <Mlp= 4447.8427> <PB=22193> 
<DWph=0> <it=  5> <et=135.79> <Mt= 0.02> <Spt= 0.24> <nCl=162> <DB= 4447.8427> <Mlp= 4447.8427> <PB=22193> 
ColGenEvalAlg final dual bound: 4447.84 (rounded: 4447.84)
----- Add fac. cuts : R1C(490), max.viol = 0.129032, aver.viol = 0.0609282, sep/add took 0.637087/1.50639 sec. -----
16823 columns (8678 active), 1426 dyn. constrs. (549 active), 2132 art. vars. (791 active)
----- Add core cuts : CAP(1), max.viol = 1, aver.viol = 1, sep/add took 0.00113866/0.0107053 sec. -----
<DWph=2> <it=  2> <et=138.31> <Mt= 0.16> <Spt= 0.10> <nCl= 10> <DB= 4447.9317> <Mlp= 4447.9317> <PB=22193> 
<DWph=1> <it=  3> <et=138.38> <Mt= 0.01> <Spt= 0.06> <nCl= 10> <DB= 4447.9317> <Mlp= 4447.9317> <PB=22193> 
<DWph=0> <it=  6> <et=138.71> <Mt= 0.06> <Spt= 0.26> <nCl=206> <DB= 4447.9112> <Mlp= 4447.9112> <PB=22193> 
ColGenEvalAlg final dual bound: 4447.91 (rounded: 4447.91)
----- Add fac. cuts : R1C(476), max.viol = 0.0609756, aver.viol = 0.0346075, sep/add took 0.863747/1.60405 sec. -----
17049 columns (8904 active), 1499 dyn. constrs. (541 active), 2609 art. vars. (783 active)
<DWph=2> <it=  3> <et=141.52> <Mt= 0.10> <Spt= 0.17> <nCl= 11> <DB= 4447.9225> <Mlp= 4447.9225> <PB=22193> 
<DWph=1> <it=  5> <et=141.65> <Mt= 0.01> <Spt= 0.11> <nCl= 18> <DB= 4447.9224> <Mlp= 4447.9224> <PB=22193> 
<DWph=0> <it= 10> <et=142.25> <Mt= 0.22> <Spt= 0.38> <nCl=225> <DB= 4447.9172> <Mlp= 4447.9172> <PB=22193> 
ColGenEvalAlg final dual bound: 4447.92 (rounded: 4447.92)
----- Add fac. cuts : R1C(430), max.viol = 0.0606372, aver.viol = 0.0475322, sep/add took 0.721518/1.54913 sec. -----
17303 columns (9158 active), 1444 dyn. constrs. (532 active), 3039 art. vars. (774 active)
<DWph=2> <it=  1> <et=144.77> <Mt= 0.09> <Spt= 0.06> <nCl=  1> <DB= 4447.9283> <Mlp= 4447.9283> <PB=22193> 
<DWph=1> <it=  2> <et=144.84> <Mt= 0.00> <Spt= 0.06> <nCl=  8> <DB= 4447.9283> <Mlp= 4447.9283> <PB=22193> 
<DWph=0> <it=  3> <et=144.95> <Mt= 0.01> <Spt= 0.10> <nCl= 43> <DB= 4447.9283> <Mlp= 4447.9283> <PB=22193> 
ColGenEvalAlg final dual bound: 4447.93 (rounded: 4447.93)
----- Cut generation is stopped due to tailing off -----
SB exact phase 3 branch on var x[(22, 77)]_0_2618_0_OspV (lhs=0.384615) : [4453.62, 4447.9283], tree depth = 1e+12, tree size = 1e+12, score = -0.3841 (h)
************************************************************************************************
**** BaB tree node (N° 9, parent N° 7, depth 4)
**** Local DB = 4447.93, global bounds : [ 4445.12 , 22193 ], TIME = 0h2m25s20t = 14520
**** 5 open nodes, 17355 columns (9210 active), 546 dyn. constrs. (71 active), 788 art. vars. (313 active)
************************************************************************************************
**** Strong branching phase 1 is started *****
SB phase 1 cand.  1 branch on var x[(55, 47)]_0_6582_0_OspV (lhs=0.9456)   : [ 4447.9400,  4460.5284], score = 0.15 (h)  <et=145.39>
SB phase 1 cand.  2 branch on var x[(30, 21)]_0_3531_0_OspV (lhs=0.5007)   : [ 4447.9830,  4450.3250], score = 0.13      <et=145.54>
SB phase 1 cand.  3 branch on var x[(10, 107)]_0_1196_0_OspV (lhs=0.9456)  : [ 4447.9400,  4463.7400], score = 0.18 (h)  <et=145.74>
SB phase 1 cand.  9 branch on var x[(8, 19)]_0_866_0_OspV (lhs=0.8396)     : [ 4448.6200,  4450.2191], score = 1.58 (h)  <et=146.71>
SB phase 1 cand. 11 branch on var x[(30, 4)]_0_3514_0_OspV (lhs=0.4477)    : [ 4448.0000,  4450.2914], score = 0.17 (h)  <et=146.96>
SB phase 1 cand. 15 branch on var x[(15, 47)]_0_1741_0_OspV (lhs=0.0516)   : [ 4447.9400,  4464.5000], score = 0.19 (h)  <et=147.43>
SB phase 1 cand. 19 branch on var x[(21, 8)]_0_2429_0_OspV (lhs=0.8703)    : [ 4448.1850,  4450.0000], score = 0.53 (h)  <et=147.91>
SB phase 1 cand. 22 branch on var x[(39, 113)]_0_4711_0_OspV (lhs=0.6834)  : [ 4448.1348,  4449.5270], score = 0.33      <et=148.3>
SB phase 1 cand. 32 branch on var x[(71, 69)]_0_8540_0_OspV (lhs=0.8354)   : [ 4448.5625,  4450.0000], score = 1.31      <et=149.97>
SB phase 1 cand. 40 branch on var x[(24, 71)]_0_2854_0_OspV (lhs=0.8382)   : [ 4448.5625,  4450.5000], score = 1.63      <et=150.75>
SB phase 1 cand. 42 branch on var x[(11, 85)]_0_1295_0_OspV (lhs=0.8410)   : [ 4448.5625,  4451.7000], score = 2.39      <et=151.14>
SB phase 1 cand. 44 branch on var x[(81, 11)]_0_9692_0_OspV (lhs=0.8410)   : [ 4448.5625,  4451.7000], score = 2.39      <et=151.51>
SB phase 1 cand. 46 branch on var x[(85, 11)]_0_10176_0_OspV (lhs=0.1590)  : [ 4448.5625,  4451.7000], score = 2.39      <et=151.9>
**** Strong branching phase 2 is started *****
<DWph=1> <it= 13> <et=153.13> <Mt= 0.11> <Spt= 0.48> <nCl=109> <DB= 4451.4300> <Mlp= 4451.4300> <PB=22193> 
<DWph=1> <it=  7> <et=153.70> <Mt= 0.12> <Spt= 0.30> <nCl= 93> <DB= 4448.5250> <Mlp= 4448.5250> <PB=22193> 
SB phase 2 cand.  1 branch on var x[(81, 11)]_0_9692_0_OspV (lhs=0.8410) : [ 4448.5250,  4451.4300], score = 2.09      <et=153.73>
<DWph=1> <it=  9> <et=154.22> <Mt= 0.04> <Spt= 0.37> <nCl= 58> <DB= 4451.7000> <Mlp= 4451.7000> <PB=22193> 
<DWph=1> <it=  7> <et=154.71> <Mt= 0.09> <Spt= 0.29> <nCl= 75> <DB= 4448.5119> <Mlp= 4448.5119> <PB=22193> 
SB phase 2 cand.  2 branch on var x[(85, 11)]_0_10176_0_OspV (lhs=0.1590): [ 4448.5119,  4451.7000], score = 2.20      <et=154.73>
<DWph=1> <it=  6> <et=155.15> <Mt= 0.07> <Spt= 0.26> <nCl= 60> <DB= 4450.5000> <Mlp= 4450.5000> <PB=22193> 
<DWph=1> <it=  6> <et=155.59> <Mt= 0.07> <Spt= 0.26> <nCl= 58> <DB= 4448.5250> <Mlp= 4448.5250> <PB=22193> 
SB phase 2 cand.  3 branch on var x[(24, 71)]_0_2854_0_OspV (lhs=0.8382) : [ 4448.5250,  4450.5000], score = 1.53      <et=155.61>
**** Strong branching phase 3 is started *****
**** SB phase 3 evaluation of candidate 1, branch 1 ( x[(85, 11)]_0_10176_0_OspV >= 1 ), value = 4451.7
<DWph=2> <it=  1> <et=155.76> <Mt= 0.00> <Spt= 0.05> <nCl=  0> <DB= 4451.7000> <Mlp= 4451.7000> <PB=22193> 
<DWph=1> <it=  2> <et=155.83> <Mt= 0.01> <Spt= 0.06> <nCl=  0> <DB= 4451.7000> <Mlp= 4451.7000> <PB=22193> 
<DWph=0> <it=  7> <et=156.11> <Mt= 0.02> <Spt= 0.26> <nCl=360> <DB= 4451.1333> <Mlp= 4451.1333> <PB=22193> 
ColGenEvalAlg final dual bound: 4451.13 (rounded: 4451.13)
----- Add fac. cuts : CAP(49) R1C(152), max.viol = 0.5, aver.viol = 0.334163, sep/add took 0.0328914/1.31363 sec. -----
18168 columns (9628 active), 665 dyn. constrs. (232 active), 911 art. vars. (474 active)
<DWph=2> <it=  6> <et=158.02> <Mt= 0.20> <Spt= 0.34> <nCl= 72> <DB= 4453.4000> <Mlp= 4453.4000> <PB=22193> 
<DWph=1> <it=  8> <et=158.21> <Mt= 0.07> <Spt= 0.11> <nCl=  6> <DB= 4453.4000> <Mlp= 4453.4000> <PB=22193> 
<DWph=0> <it= 10> <et=158.42> <Mt= 0.08> <Spt= 0.13> <nCl=150> <DB= 4447.1465> <Mlp= 4453.2000> <PB=22193> 
<DWph=0> <it= 15> <et=158.88> <Mt= 0.05> <Spt= 0.37> <nCl=464> <DB= 4453.0000> <Mlp= 4453.0000> <PB=22193> 
ColGenEvalAlg final dual bound: 4453 (rounded: 4453)
----- Add fac. cuts : CAP(10) R1C(1), max.viol = 1, aver.viol = 0.954545, sep/add took 0.284166/0.132487 sec. -----
18539 columns (6892 active), 676 dyn. constrs. (44 active), 922 art. vars. (286 active)
<DWph=2> <it=  1> <et=159.42> <Mt= 0.03> <Spt= 0.07> <nCl= 13> <DB= 4453.1187> <Mlp= 4453.1187> <PB=22193> 
<DWph=1> <it=  2> <et=159.50> <Mt= 0.00> <Spt= 0.08> <nCl=  4> <DB= 4453.1188> <Mlp= 4453.1188> <PB=22193> 
<DWph=0> <it=  3> <et=159.60> <Mt= 0.00> <Spt= 0.09> <nCl= 75> <DB= 4453.1188> <Mlp= 4453.1188> <PB=22193> 
ColGenEvalAlg final dual bound: 4453.12 (rounded: 4453.12)
----- Add fac. cuts : CAP(2) R1C(354), max.viol = 0.5, aver.viol = 0.233205, sep/add took 0.2144/0.751432 sec. -----
18631 columns (6984 active), 837 dyn. constrs. (391 active), 1278 art. vars. (633 active)
<DWph=2> <it=  1> <et=160.80> <Mt= 0.04> <Spt= 0.06> <nCl= 14> <DB= 4453.2000> <Mlp= 4453.2000> <PB=22193> 
<DWph=1> <it=  2> <et=160.86> <Mt= 0.00> <Spt= 0.06> <nCl=  1> <DB= 4453.2000> <Mlp= 4453.2000> <PB=22193> 
<DWph=0> <it=  4> <et=161.06> <Mt= 0.01> <Spt= 0.19> <nCl=183> <DB= 4453.1979> <Mlp= 4453.1979> <PB=22193> 
ColGenEvalAlg final dual bound: 4453.2 (rounded: 4453.2)
----- Add fac. cuts : CAP(40) R1C(452), max.viol = 0.447917, aver.viol = 0.129637, sep/add took 0.423188/1.728 sec. -----
18829 columns (7182 active), 1320 dyn. constrs. (532 active), 1770 art. vars. (774 active)
<DWph=2> <it=  1> <et=163.35> <Mt= 0.03> <Spt= 0.07> <nCl=  5> <DB= 4453.3500> <Mlp= 4453.3500> <PB=22193> 
<DWph=1> <it=  2> <et=163.42> <Mt= 0.01> <Spt= 0.07> <nCl=  0> <DB= 4453.3500> <Mlp= 4453.3500> <PB=22193> 
<DWph=0> <it=  3> <et=163.52> <Mt= 0.00> <Spt= 0.09> <nCl= 22> <DB= 4453.3500> <Mlp= 4453.3500> <PB=22193> 
ColGenEvalAlg final dual bound: 4453.35 (rounded: 4453.35)
----- Add fac. cuts : R1C(1), max.viol = 0.5, aver.viol = 0.5, sep/add took 0.378665/0.00491865 sec. -----
18856 columns (7209 active), 970 dyn. constrs. (56 active), 1771 art. vars. (298 active)
<DWph=2> <it=  1> <et=164.03> <Mt= 0.01> <Spt= 0.06> <nCl=  0> <DB= 4453.3500> <Mlp= 4453.3500> <PB=22193> 
<DWph=1> <it=  2> <et=164.10> <Mt= 0.00> <Spt= 0.07> <nCl=  0> <DB= 4453.3500> <Mlp= 4453.3500> <PB=22193> 
<DWph=0> <it=  3> <et=164.10> <Mt= 0.00> <Spt= 0.00> <nCl=  0> <DB= 4453.3500> <Mlp= 4453.3500> <PB=22193> 
<DWph=0> <it=  3> <et=164.10> <Mt= 0.00> <Spt= 0.00> <nCl=  0> <DB= 4453.3500> <Mlp= 4453.3500> <PB=22193> 
ColGenEvalAlg final dual bound: 4453.35 (rounded: 4453.35)
----- Add fac. cuts : R1C(106), max.viol = 0.5, aver.viol = 0.5, sep/add took 0.392411/0.264562 sec. -----
18856 columns (7209 active), 1076 dyn. constrs. (162 active), 1877 art. vars. (404 active)
<DWph=2> <it=  1> <et=164.86> <Mt= 0.02> <Spt= 0.06> <nCl=  0> <DB= 4453.3500> <Mlp= 4453.3500> <PB=22193> 
<DWph=1> <it=  2> <et=164.93> <Mt= 0.00> <Spt= 0.06> <nCl=  0> <DB= 4453.3500> <Mlp= 4453.3500> <PB=22193> 
<DWph=0> <it=  3> <et=164.93> <Mt= 0.01> <Spt= 0.00> <nCl=  0> <DB= 4453.3500> <Mlp= 4453.3500> <PB=22193> 
<DWph=0> <it=  3> <et=164.93> <Mt= 0.00> <Spt= 0.00> <nCl=  0> <DB= 4453.3500> <Mlp= 4453.3500> <PB=22193> 
ColGenEvalAlg final dual bound: 4453.35 (rounded: 4453.35)
----- Add fac. cuts : sep. took 0.38295 sec.----- no cuts found  -----
**** SB phase 3 evaluation of candidate 1, branch 2 ( x[(85, 11)]_0_10176_0_OspV <= 0 ), value = 4448.51
<DWph=2> <it=  4> <et=166.17> <Mt= 0.36> <Spt= 0.18> <nCl= 94> <DB= 4448.3000> <Mlp= 4448.5119> <PB=22193> 
<DWph=1> <it= 10> <et=166.48> <Mt= 0.06> <Spt= 0.25> <nCl=127> <DB= 4445.4207> <Mlp= 4448.4657> <PB=22193> 
<DWph=1> <it= 11> <et=166.55> <Mt= 0.00> <Spt= 0.06> <nCl=  1> <DB= 4448.4657> <Mlp= 4448.4657> <PB=22193> 
<DWph=0> <it= 14> <et=166.74> <Mt= 0.02> <Spt= 0.18> <nCl=193> <DB= 4448.4555> <Mlp= 4448.4555> <PB=22193> 
ColGenEvalAlg final dual bound: 4448.46 (rounded: 4448.46)
----- Add fac. cuts : CAP(3) R1C(151), max.viol = 0.0912548, aver.viol = 0.028011, sep/add took 0.0163522/0.533812 sec. -----
19237 columns (9700 active), 753 dyn. constrs. (212 active), 995 art. vars. (454 active)
<DWph=2> <it=  2> <et=167.54> <Mt= 0.11> <Spt= 0.11> <nCl= 16> <DB= 4448.5322> <Mlp= 4448.5322> <PB=22193> 
<DWph=1> <it=  4> <et=167.65> <Mt= 0.01> <Spt= 0.10> <nCl= 47> <DB= 4448.5321> <Mlp= 4448.5321> <PB=22193> 
----- Add core cuts : CAP(4), max.viol = 1, aver.viol = 1, sep/add took 0.00246566/0.0571361 sec. -----
<DWph=0> <it= 10> <et=168.28> <Mt= 0.06> <Spt= 0.47> <nCl=768> <DB= 4448.5146> <Mlp= 4448.5146> <PB=22193> 
ColGenEvalAlg final dual bound: 4448.51 (rounded: 4448.51)
----- Add fac. cuts : R1C(234), max.viol = 0.0800508, aver.viol = 0.0306639, sep/add took 0.766706/0.655846 sec. -----
20068 columns (7112 active), 988 dyn. constrs. (294 active), 1233 art. vars. (536 active)
<DWph=2> <it=  1> <et=169.88> <Mt= 0.09> <Spt= 0.06> <nCl=  4> <DB= 4448.5759> <Mlp= 4448.5759> <PB=22193> 
<DWph=1> <it=  2> <et=169.95> <Mt= 0.00> <Spt= 0.06> <nCl=  1> <DB= 4448.5759> <Mlp= 4448.5759> <PB=22193> 
<DWph=0> <it=  5> <et=170.21> <Mt= 0.02> <Spt= 0.23> <nCl=191> <DB= 4448.5755> <Mlp= 4448.5755> <PB=22193> 
ColGenEvalAlg final dual bound: 4448.58 (rounded: 4448.58)
----- Add fac. cuts : CAP(1) R1C(366), max.viol = 0.0434836, aver.viol = 0.0262057, sep/add took 0.847651/0.865006 sec. -----
20264 columns (7308 active), 1207 dyn. constrs. (442 active), 1600 art. vars. (684 active)
<DWph=2> <it=  2> <et=172.18> <Mt= 0.09> <Spt= 0.12> <nCl=  9> <DB= 4448.5942> <Mlp= 4448.5942> <PB=22193> 
<DWph=1> <it=  3> <et=172.26> <Mt= 0.01> <Spt= 0.08> <nCl=  7> <DB= 4448.5942> <Mlp= 4448.5942> <PB=22193> 
<DWph=0> <it=  5> <et=172.46> <Mt= 0.01> <Spt= 0.18> <nCl=131> <DB= 4448.5939> <Mlp= 4448.5939> <PB=22193> 
ColGenEvalAlg final dual bound: 4448.59 (rounded: 4448.59)
----- Add fac. cuts : R1C(107), max.viol = 0.0331465, aver.viol = 0.0307139, sep/add took 0.967285/0.2777 sec. -----
20411 columns (7455 active), 1099 dyn. constrs. (186 active), 1707 art. vars. (428 active)
<DWph=2> <it=  1> <et=173.93> <Mt= 0.08> <Spt= 0.07> <nCl=  1> <DB= 4448.6144> <Mlp= 4448.6144> <PB=22193> 
<DWph=1> <it=  4> <et=174.08> <Mt= 0.02> <Spt= 0.13> <nCl= 26> <DB= 4448.6127> <Mlp= 4448.6127> <PB=22193> 
<DWph=0> <it=  9> <et=174.40> <Mt= 0.02> <Spt= 0.29> <nCl=232> <DB= 4448.6096> <Mlp= 4448.6096> <PB=22193> 
ColGenEvalAlg final dual bound: 4448.61 (rounded: 4448.61)
----- Cut generation is stopped due to tailing off -----
SB exact phase 3 branch on var x[(85, 11)]_0_10176_0_OspV (lhs=0.158996) : [4453.35, 4448.6096], tree depth = 1e+12, tree size = 1e+12, score = -0.4434
************************************************************************************************
**** BaB tree node (N° 11, parent N° 9, depth 5)
**** Local DB = 4448.61, global bounds : [ 4445.12 , 22193 ], TIME = 0h2m54s48t = 17448
**** 6 open nodes, 20574 columns (7714 active), 633 dyn. constrs. (80 active), 875 art. vars. (322 active)
************************************************************************************************
**** Strong branching phase 1 is started *****
SB phase 1 cand.  1 branch on var x[(55, 47)]_0_6582_0_OspV (lhs=0.9534)   : [ 4448.7269,  4473.0500], score = 2.86 (h)  <et=174.7>
SB phase 1 cand.  2 branch on var x[(120, 25)]_0_14425_0_OspV (lhs=0.6165) : [ 4448.6096,  4448.7269], score = 0.00      <et=174.78>
SB phase 1 cand.  3 branch on var x[(10, 107)]_0_1196_0_OspV (lhs=0.9534)  : [ 4448.7269,  4473.0500], score = 2.86 (h)  <et=175>
SB phase 1 cand.  5 branch on var x[(24, 71)]_0_2854_0_OspV (lhs=0.9349)   : [ 4448.7080,  4452.8508], score = 0.42 (h)  <et=175.2>
SB phase 1 cand. 11 branch on var x[(30, 4)]_0_3514_0_OspV (lhs=0.5942)    : [ 4449.3867,  4450.4200], score = 1.41 (h)  <et=175.81>
SB phase 1 cand. 13 branch on var x[(8, 19)]_0_866_0_OspV (lhs=0.8978)     : [ 4449.1600,  4451.8000], score = 1.76 (h)  <et=176.08>
SB phase 1 cand. 15 branch on var x[(103, 81)]_0_12424_0_OspV (lhs=0.2140) : [ 4449.1901,  4451.9625], score = 1.95 (h)  <et=176.38>
SB phase 1 cand. 17 branch on var x[(91, 17)]_0_10908_0_OspV (lhs=0.9534)  : [ 4448.7269,  4473.0500], score = 2.86 (h)  <et=176.69>
**** Strong branching phase 2 is started *****
<DWph=1> <it= 39> <et=183.38> <Mt= 0.44> <Spt= 1.35> <nCl=363> <DB= 4464.7071> <Mlp= 4464.7071> <PB=22193> 
<DWph=1> <it= 10> <et=184.03> <Mt= 0.06> <Spt= 0.44> <nCl= 48> <DB= 4448.7234> <Mlp= 4448.7234> <PB=22193> 
SB phase 2 cand.  1 branch on var x[(55, 47)]_0_6582_0_OspV (lhs=0.9534): [ 4448.7234,  4464.7071], score = 1.83 (h)  <et=184.06>
<DWph=1> <it= 34> <et=186.36> <Mt= 0.96> <Spt= 1.25> <nCl=319> <DB= 4466.1333> <Mlp= 4466.1333> <PB=22193> 
<DWph=1> <it=  9> <et=186.95> <Mt= 0.08> <Spt= 0.40> <nCl=100> <DB= 4448.6936> <Mlp= 4448.6936> <PB=22193> 
SB phase 2 cand.  2 branch on var x[(15, 47)]_0_1741_0_OspV (lhs=0.0466): [ 4448.6936,  4466.1333], score = 1.47 (h)  <et=186.97>
<DWph=1> <it= 41> <et=189.60> <Mt= 1.01> <Spt= 1.52> <nCl=368> <DB= 4455.5450> <Mlp= 4455.5450> <PB=22193> 
<DWph=1> <it=  4> <et=189.93> <Mt= 0.02> <Spt= 0.20> <nCl= 37> <DB= 4448.7157> <Mlp= 4448.7157> <PB=22193> 
SB phase 2 cand.  3 branch on var x[(15, 30)]_0_1724_0_OspV (lhs=0.9534): [ 4448.7157,  4455.5450], score = 0.74 (h)  <et=189.95>
**** Strong branching phase 3 is started *****
**** SB phase 3 evaluation of candidate 1, branch 1 ( x[(55, 47)]_0_6582_0_OspV <= 0 ), value = 4464.71
<DWph=2> <it=  3> <et=190.17> <Mt= 0.00> <Spt= 0.11> <nCl= 13> <DB= 4464.7071> <Mlp= 4464.7071> <PB=22193> 
<DWph=1> <it=  4> <et=190.23> <Mt= 0.01> <Spt= 0.06> <nCl=  2> <DB= 4464.7071> <Mlp= 4464.7071> <PB=22193> 
<DWph=0> <it= 10> <et=190.71> <Mt= 0.15> <Spt= 0.32> <nCl=606> <DB= 4457.7522> <Mlp= 4460.0750> <PB=22193> 
<DWph=0> <it= 13> <et=190.92> <Mt= 0.01> <Spt= 0.20> <nCl=169> <DB= 4460.0750> <Mlp= 4460.0750> <PB=22193> 
ColGenEvalAlg final dual bound: 4460.08 (rounded: 4460.08)
----- Add fac. cuts : CAP(11) R1C(152), max.viol = 0.5, aver.viol = 0.19044, sep/add took 0.00968434/0.553318 sec. -----
22478 columns (8867 active), 778 dyn. constrs. (210 active), 1024 art. vars. (452 active)
<DWph=2> <it=  3> <et=191.78> <Mt= 0.10> <Spt= 0.17> <nCl= 22> <DB= 4461.4546> <Mlp= 4461.4546> <PB=22193> 
<DWph=1> <it=  4> <et=191.85> <Mt= 0.00> <Spt= 0.07> <nCl= 17> <DB= 4461.4546> <Mlp= 4461.4546> <PB=22193> 
<DWph=0> <it= 10> <et=192.29> <Mt= 0.06> <Spt= 0.37> <nCl=570> <DB= 4451.4577> <Mlp= 4461.3576> <PB=22193> 
<DWph=0> <it= 12> <et=192.45> <Mt= 0.02> <Spt= 0.15> <nCl= 70> <DB= 4461.3367> <Mlp= 4461.3367> <PB=22193> 
ColGenEvalAlg final dual bound: 4461.34 (rounded: 4461.34)
----- Add fac. cuts : CAP(2) R1C(253), max.viol = 0.266667, aver.viol = 0.143268, sep/add took 0.0291551/0.861841 sec. -----
23157 columns (9546 active), 1033 dyn. constrs. (297 active), 1279 art. vars. (539 active)
<DWph=2> <it=  1> <et=193.49> <Mt= 0.07> <Spt= 0.05> <nCl=  5> <DB= 4462.0481> <Mlp= 4462.0481> <PB=22193> 
<DWph=1> <it=  2> <et=193.55> <Mt= 0.00> <Spt= 0.06> <nCl=  1> <DB= 4462.0481> <Mlp= 4462.0481> <PB=22193> 
<DWph=0> <it=  4> <et=193.71> <Mt= 0.01> <Spt= 0.15> <nCl=114> <DB= 4462.0441> <Mlp= 4462.0441> <PB=22193> 
ColGenEvalAlg final dual bound: 4462.04 (rounded: 4462.04)
----- Add fac. cuts : CAP(1) R1C(350), max.viol = 0.559322, aver.viol = 0.215365, sep/add took 0.233911/1.18257 sec. -----
23277 columns (9666 active), 1229 dyn. constrs. (394 active), 1630 art. vars. (636 active)
<DWph=2> <it=  3> <et=195.37> <Mt= 0.05> <Spt= 0.14> <nCl=  4> <DB= 4462.8186> <Mlp= 4462.8186> <PB=22193> 
<DWph=1> <it=  6> <et=195.53> <Mt= 0.03> <Spt= 0.13> <nCl= 17> <DB= 4462.7688> <Mlp= 4462.7688> <PB=22193> 
<DWph=0> <it= 10> <et=195.85> <Mt= 0.03> <Spt= 0.28> <nCl=204> <DB= 4462.7286> <Mlp= 4462.7286> <PB=22193> 
ColGenEvalAlg final dual bound: 4462.73 (rounded: 4462.73)
----- Add fac. cuts : CAP(5) R1C(440), max.viol = 0.428571, aver.viol = 0.204494, sep/add took 0.261212/1.80723 sec. -----
23502 columns (9891 active), 1422 dyn. constrs. (484 active), 2075 art. vars. (726 active)
<DWph=2> <it=  1> <et=198.10> <Mt= 0.07> <Spt= 0.06> <nCl=  7> <DB= 4463.0171> <Mlp= 4463.0171> <PB=22193> 
<DWph=1> <it=  2> <et=198.17> <Mt= 0.01> <Spt= 0.06> <nCl=  1> <DB= 4463.0171> <Mlp= 4463.0171> <PB=22193> 
<DWph=0> <it=  6> <et=198.62> <Mt= 0.04> <Spt= 0.36> <nCl=149> <DB= 4462.9599> <Mlp= 4462.9599> <PB=22193> 
ColGenEvalAlg final dual bound: 4462.96 (rounded: 4462.96)
----- Add fac. cuts : CAP(2) R1C(553), max.viol = 0.491319, aver.viol = 0.191618, sep/add took 0.761416/1.40302 sec. -----
22835 columns (6631 active), 1626 dyn. constrs. (604 active), 2630 art. vars. (846 active)
<DWph=2> <it=  4> <et=201.18> <Mt= 0.09> <Spt= 0.22> <nCl= 19> <DB= 4463.5222> <Mlp= 4463.5222> <PB=22193> 
<DWph=1> <it=  6> <et=201.32> <Mt= 0.02> <Spt= 0.12> <nCl= 17> <DB= 4463.5000> <Mlp= 4463.5000> <PB=22193> 
<DWph=0> <it= 10> <et=202.22> <Mt= 0.44> <Spt= 0.46> <nCl=400> <DB= 4450.0021> <Mlp= 4463.4286> <PB=22193> 
<DWph=0> <it= 14> <et=202.56> <Mt= 0.03> <Spt= 0.30> <nCl=132> <DB= 4463.4286> <Mlp= 4463.4286> <PB=22193> 
ColGenEvalAlg final dual bound: 4463.43 (rounded: 4463.43)
----- Add fac. cuts : CAP(1) R1C(545), max.viol = 0.357143, aver.viol = 0.203428, sep/add took 0.442219/1.36093 sec. -----
23403 columns (7199 active), 1737 dyn. constrs. (599 active), 3176 art. vars. (841 active)
<DWph=2> <it=  1> <et=204.67> <Mt= 0.12> <Spt= 0.06> <nCl=  4> <DB= 4463.7727> <Mlp= 4463.7727> <PB=22193> 
<DWph=1> <it=  5> <et=204.88> <Mt= 0.03> <Spt= 0.18> <nCl= 29> <DB= 4463.7727> <Mlp= 4463.7727> <PB=22193> 
<DWph=0> <it= 10> <et=205.22> <Mt= 0.04> <Spt= 0.30> <nCl=156> <DB= 4463.1825> <Mlp= 4463.7423> <PB=22193> 
<DWph=0> <it= 11> <et=205.36> <Mt= 0.00> <Spt= 0.13> <nCl= 37> <DB= 4463.7423> <Mlp= 4463.7423> <PB=22193> 
ColGenEvalAlg final dual bound: 4463.74 (rounded: 4463.74)
----- Add fac. cuts : CAP(2) R1C(551), max.viol = 0.269231, aver.viol = 0.145778, sep/add took 0.56618/1.39314 sec. -----
23629 columns (7425 active), 1741 dyn. constrs. (607 active), 3729 art. vars. (849 active)
<DWph=2> <it=  1> <et=207.61> <Mt= 0.10> <Spt= 0.07> <nCl=  6> <DB= 4464.1217> <Mlp= 4464.1217> <PB=22193> 
<DWph=1> <it=  2> <et=207.69> <Mt= 0.01> <Spt= 0.07> <nCl=  2> <DB= 4464.1217> <Mlp= 4464.1217> <PB=22193> 
<DWph=0> <it=  8> <et=208.26> <Mt= 0.05> <Spt= 0.51> <nCl=351> <DB= 4464.1039> <Mlp= 4464.1039> <PB=22193> 
ColGenEvalAlg final dual bound: 4464.1 (rounded: 4464.1)
----- Cut generation is stopped due to tailing off -----
**** SB phase 3 evaluation of candidate 1, branch 2 ( x[(55, 47)]_0_6582_0_OspV >= 1 ), value = 4448.72
<DWph=2> <it=  1> <et=208.73> <Mt= 0.04> <Spt= 0.06> <nCl=  8> <DB= 4448.7234> <Mlp= 4448.7234> <PB=22193> 
<DWph=1> <it=  2> <et=208.81> <Mt= 0.00> <Spt= 0.08> <nCl= 16> <DB= 4448.7234> <Mlp= 4448.7234> <PB=22193> 
<DWph=0> <it=  4> <et=209.04> <Mt= 0.07> <Spt= 0.16> <nCl=273> <DB= 4448.6500> <Mlp= 4448.6500> <PB=22193> 
ColGenEvalAlg final dual bound: 4448.65 (rounded: 4448.65)
----- Add fac. cuts : CAP(4), max.viol = 0.5, aver.viol = 0.5, sep/add took 0.354504/0.0890835 sec. -----
24034 columns (8059 active), 660 dyn. constrs. (82 active), 902 art. vars. (324 active)
<DWph=2> <it=  2> <et=209.74> <Mt= 0.10> <Spt= 0.12> <nCl= 31> <DB= 4448.6987> <Mlp= 4448.6987> <PB=22193> 
<DWph=1> <it=  3> <et=209.81> <Mt= 0.00> <Spt= 0.07> <nCl=  5> <DB= 4448.6987> <Mlp= 4448.6987> <PB=22193> 
<DWph=0> <it=  7> <et=210.15> <Mt= 0.04> <Spt= 0.31> <nCl=542> <DB= 4448.6793> <Mlp= 4448.6793> <PB=22193> 
ColGenEvalAlg final dual bound: 4448.68 (rounded: 4448.68)
----- Add fac. cuts : CAP(4) R1C(167), max.viol = 0.0676056, aver.viol = 0.0326662, sep/add took 0.260148/0.607278 sec. -----
24612 columns (8637 active), 831 dyn. constrs. (227 active), 1073 art. vars. (469 active)
<DWph=2> <it=  1> <et=211.15> <Mt= 0.03> <Spt= 0.07> <nCl=  6> <DB= 4448.6842> <Mlp= 4448.6842> <PB=22193> 
<DWph=1> <it=  2> <et=211.22> <Mt= 0.00> <Spt= 0.07> <nCl=  9> <DB= 4448.6842> <Mlp= 4448.6842> <PB=22193> 
<DWph=0> <it=  4> <et=211.38> <Mt= 0.01> <Spt= 0.15> <nCl= 95> <DB= 4448.6839> <Mlp= 4448.6839> <PB=22193> 
ColGenEvalAlg final dual bound: 4448.68 (rounded: 4448.68)
----- Add fac. cuts : R1C(311), max.viol = 0.0522495, aver.viol = 0.0325153, sep/add took 0.477647/1.22666 sec. -----
24722 columns (8747 active), 1139 dyn. constrs. (372 active), 1384 art. vars. (614 active)
<DWph=2> <it=  1> <et=213.25> <Mt= 0.06> <Spt= 0.06> <nCl=  1> <DB= 4448.7166> <Mlp= 4448.7166> <PB=22193> 
<DWph=1> <it=  2> <et=213.33> <Mt= 0.01> <Spt= 0.08> <nCl=  4> <DB= 4448.7166> <Mlp= 4448.7166> <PB=22193> 
<DWph=0> <it=  7> <et=213.79> <Mt= 0.08> <Spt= 0.37> <nCl=226> <DB= 4448.7088> <Mlp= 4448.7088> <PB=22193> 
ColGenEvalAlg final dual bound: 4448.71 (rounded: 4448.71)
----- Add fac. cuts : R1C(271), max.viol = 0.0677725, aver.viol = 0.0266941, sep/add took 0.76912/1.01715 sec. -----
24953 columns (8978 active), 1247 dyn. constrs. (342 active), 1655 art. vars. (584 active)
<DWph=2> <it=  1> <et=215.77> <Mt= 0.05> <Spt= 0.07> <nCl=  4> <DB= 4448.7279> <Mlp= 4448.7279> <PB=22193> 
<DWph=1> <it=  2> <et=215.85> <Mt= 0.00> <Spt= 0.07> <nCl=  3> <DB= 4448.7279> <Mlp= 4448.7279> <PB=22193> 
<DWph=0> <it=  5> <et=216.13> <Mt= 0.03> <Spt= 0.26> <nCl=111> <DB= 4448.7258> <Mlp= 4448.7258> <PB=22193> 
ColGenEvalAlg final dual bound: 4448.73 (rounded: 4448.73)
----- Add fac. cuts : R1C(1), max.viol = 0.040828, aver.viol = 0.040828, sep/add took 0.76243/0.00654143 sec. -----
25071 columns (9096 active), 949 dyn. constrs. (75 active), 1656 art. vars. (317 active)
<DWph=2> <it=  1> <et=217.10> <Mt= 0.00> <Spt= 0.07> <nCl=  1> <DB= 4448.7258> <Mlp= 4448.7258> <PB=22193> 
<DWph=1> <it=  2> <et=217.17> <Mt= 0.00> <Spt= 0.07> <nCl=  0> <DB= 4448.7258> <Mlp= 4448.7258> <PB=22193> 
<DWph=0> <it=  3> <et=217.18> <Mt= 0.01> <Spt= 0.00> <nCl=  0> <DB= 4448.7258> <Mlp= 4448.7258> <PB=22193> 
<DWph=0> <it=  3> <et=217.18> <Mt= 0.00> <Spt= 0.00> <nCl=  0> <DB= 4448.7258> <Mlp= 4448.7258> <PB=22193> 
ColGenEvalAlg final dual bound: 4448.73 (rounded: 4448.73)
----- Add fac. cuts : R1C(1), max.viol = 0.0581086, aver.viol = 0.0581086, sep/add took 0.768969/0.00714739 sec. -----
25072 columns (9097 active), 950 dyn. constrs. (76 active), 1657 art. vars. (318 active)
<DWph=2> <it=  1> <et=218.05> <Mt= 0.00> <Spt= 0.06> <nCl=  0> <DB= 4448.7258> <Mlp= 4448.7258> <PB=22193> 
<DWph=1> <it=  2> <et=218.12> <Mt= 0.00> <Spt= 0.07> <nCl=  0> <DB= 4448.7258> <Mlp= 4448.7258> <PB=22193> 
<DWph=0> <it=  3> <et=218.12> <Mt= 0.00> <Spt= 0.00> <nCl=  0> <DB= 4448.7258> <Mlp= 4448.7258> <PB=22193> 
<DWph=0> <it=  3> <et=218.12> <Mt= 0.00> <Spt= 0.00> <nCl=  0> <DB= 4448.7258> <Mlp= 4448.7258> <PB=22193> 
ColGenEvalAlg final dual bound: 4448.73 (rounded: 4448.73)
----- Cut generation is stopped due to tailing off -----
SB exact phase 3 branch on var x[(55, 47)]_0_6582_0_OspV (lhs=0.953433) : [4464.1039, 4448.7258], tree depth = 1e+12, tree size = 1e+12, score = -0.3371 (h)
************************************************************************************************
**** BaB tree node (N° 13, parent N° 11, depth 6)
**** Local DB = 4448.73, global bounds : [ 4445.12 , 22193 ], TIME = 0h3m38s21t = 21821
**** 7 open nodes, 25072 columns (9097 active), 683 dyn. constrs. (76 active), 925 art. vars. (318 active)
************************************************************************************************
**** Strong branching phase 1 is started *****
SB phase 1 cand.  1 branch on var x[(24, 71)]_0_2854_0_OspV (lhs=0.9411)   : [ 4448.8000,  4453.2685], score = 0.34 (h)  <et=218.34>
SB phase 1 cand.  2 branch on var x[(120, 25)]_0_14425_0_OspV (lhs=0.5875) : [ 4448.7258,  4448.7258], score = 0.00      <et=218.38>
SB phase 1 cand.  3 branch on var x[(81, 11)]_0_9692_0_OspV (lhs=0.9939)   : [ 4448.7286,  4470.4000], score = 0.06 (h)  <et=218.47>
SB phase 1 cand.  5 branch on var x[(11, 85)]_0_1295_0_OspV (lhs=0.9472)   : [ 4448.8000,  4465.1000], score = 1.22 (h)  <et=218.62>
SB phase 1 cand.  7 branch on var x[(30, 4)]_0_3514_0_OspV (lhs=0.5845)    : [ 4449.4331,  4450.3846], score = 1.17 (h)  <et=218.83>
SB phase 1 cand. 13 branch on var x[(116, 21)]_0_13937_0_OspV (lhs=0.3752) : [ 4449.4219,  4450.3242], score = 1.11 (h)  <et=219.29>
SB phase 1 cand. 17 branch on var x[(103, 116)]_0_12458_0_OspV (lhs=0.6248): [ 4449.4219,  4450.4504], score = 1.20 (h)  <et=219.83>
SB phase 1 cand. 27 branch on var x[(51, 10)]_0_6061_0_OspV (lhs=0.7345)   : [ 4449.3082,  4450.9750], score = 1.31 (h)  <et=221.14>
SB phase 1 cand. 29 branch on var x[(85, 51)]_0_10216_0_OspV (lhs=0.7345)  : [ 4449.3082,  4450.9750], score = 1.31 (h)  <et=221.49>
SB phase 1 cand. 47 branch on var x[(42, 105)]_0_5066_0_OspV (lhs=0.0194)  : [ 4448.7276,  9793.1700], score = 9.50 (h)  <et=223.21>
SB phase 1 cand. 49 branch on var x[(42, 22)]_0_4984_0_OspV (lhs=0.9806)   : [ 4448.7276,  9793.1700], score = 9.50 (h)  <et=223.41>
**** Strong branching phase 2 is started *****
<DWph=1> <it= 24> <et=225.36> <Mt= 0.84> <Spt= 1.03> <nCl=338> <DB= 4452.5250> <Mlp= 4452.5250> <PB=22193> 
<DWph=1> <it=  2> <et=225.65> <Mt= 0.01> <Spt= 0.13> <nCl=  4> <DB= 4448.7276> <Mlp= 4448.7276> <PB=22193> 
SB phase 2 cand.  1 branch on var x[(42, 105)]_0_5066_0_OspV (lhs=0.0194): [ 4448.7276,  4452.5250], score = 0.01 (h)  <et=225.68>
<DWph=1> <it= 14> <et=227.08> <Mt= 0.61> <Spt= 0.69> <nCl=222> <DB= 4452.5250> <Mlp= 4452.5250> <PB=22193> 
<DWph=1> <it=  2> <et=227.34> <Mt= 0.01> <Spt= 0.13> <nCl=  4> <DB= 4448.7276> <Mlp= 4448.7276> <PB=22193> 
SB phase 2 cand.  2 branch on var x[(42, 22)]_0_4984_0_OspV (lhs=0.9806) : [ 4448.7276,  4452.5250], score = 0.01 (h)  <et=227.37>
<DWph=1> <it= 12> <et=228.11> <Mt= 0.13> <Spt= 0.51> <nCl= 70> <DB= 4450.8700> <Mlp= 4450.8700> <PB=22193> 
<DWph=1> <it= 15> <et=229.11> <Mt= 0.17> <Spt= 0.71> <nCl=131> <DB= 4449.2128> <Mlp= 4449.2128> <PB=22193> 
SB phase 2 cand.  3 branch on var x[(51, 10)]_0_6061_0_OspV (lhs=0.7345) : [ 4449.2128,  4450.8700], score = 1.04 (h)  <et=229.13>
**** Strong branching phase 3 is started *****
**** SB phase 3 evaluation of candidate 1, branch 1 ( x[(51, 10)]_0_6061_0_OspV <= 0 ), value = 4450.87
<DWph=2> <it=  1> <et=229.30> <Mt= 0.01> <Spt= 0.05> <nCl=  0> <DB= 4450.8700> <Mlp= 4450.8700> <PB=22193> 
<DWph=1> <it=  2> <et=229.37> <Mt= 0.00> <Spt= 0.07> <nCl=  0> <DB= 4450.8700> <Mlp= 4450.8700> <PB=22193> 
----- Add core cuts : CAP(12), max.viol = 1, aver.viol = 1, sep/add took 0.00804582/0.223861 sec. -----
<DWph=0> <it=  5> <et=230.05> <Mt= 0.18> <Spt= 0.27> <nCl=330> <DB= 4450.0625> <Mlp= 4450.0625> <PB=22193> 
ColGenEvalAlg final dual bound: 4450.06 (rounded: 4450.06)
----- Add fac. cuts : CAP(9) R1C(286), max.viol = 0.25, aver.viol = 0.0794492, sep/add took 0.18799/1.15177 sec. -----
26171 columns (9497 active), 957 dyn. constrs. (348 active), 1213 art. vars. (590 active)
<DWph=2> <it=  1> <et=231.58> <Mt= 0.06> <Spt= 0.07> <nCl= 33> <DB= 4450.3432> <Mlp= 4450.3432> <PB=22193> 
<DWph=1> <it=  3> <et=231.71> <Mt= 0.02> <Spt= 0.12> <nCl= 17> <DB= 4450.3432> <Mlp= 4450.3432> <PB=22193> 
<DWph=0> <it=  6> <et=231.96> <Mt= 0.01> <Spt= 0.23> <nCl=177> <DB= 4450.3432> <Mlp= 4450.3432> <PB=22193> 
ColGenEvalAlg final dual bound: 4450.34 (rounded: 4450.34)
----- Add fac. cuts : CAP(2) R1C(235), max.viol = 0.12478, aver.viol = 0.0488235, sep/add took 0.620817/0.986967 sec. -----
26398 columns (9724 active), 1194 dyn. constrs. (290 active), 1450 art. vars. (532 active)
<DWph=2> <it=  6> <et=234.08> <Mt= 0.18> <Spt= 0.30> <nCl= 38> <DB= 4450.5339> <Mlp= 4450.5339> <PB=22193> 
<DWph=1> <it=  9> <et=234.27> <Mt= 0.02> <Spt= 0.16> <nCl= 55> <DB= 4450.5216> <Mlp= 4450.5216> <PB=22193> 
<DWph=0> <it= 10> <et=234.33> <Mt= 0.00> <Spt= 0.06> <nCl= 52> <DB= 4444.3824> <Mlp= 4450.5216> <PB=22193> 
<DWph=0> <it= 12> <et=234.51> <Mt= 0.03> <Spt= 0.16> <nCl= 85> <DB= 4450.5197> <Mlp= 4450.5197> <PB=22193> 
ColGenEvalAlg final dual bound: 4450.52 (rounded: 4450.52)
----- Add fac. cuts : CAP(3) R1C(554), max.viol = 0.134715, aver.viol = 0.0759435, sep/add took 0.734205/2.06238 sec. -----
26628 columns (9954 active), 1463 dyn. constrs. (618 active), 2007 art. vars. (860 active)
<DWph=2> <it=  1> <et=237.55> <Mt= 0.09> <Spt= 0.06> <nCl=  5> <DB= 4450.5296> <Mlp= 4450.5296> <PB=22193> 
<DWph=1> <it=  2> <et=237.63> <Mt= 0.00> <Spt= 0.08> <nCl=  6> <DB= 4450.5296> <Mlp= 4450.5296> <PB=22193> 
<DWph=0> <it=  4> <et=237.87> <Mt= 0.02> <Spt= 0.18> <nCl= 83> <DB= 4450.5296> <Mlp= 4450.5296> <PB=22193> 
ColGenEvalAlg final dual bound: 4450.53 (rounded: 4450.53)
----- Add fac. cuts : R1C(137), max.viol = 0.0740741, aver.viol = 0.073263, sep/add took 0.522302/0.378548 sec. -----
26154 columns (6638 active), 1376 dyn. constrs. (217 active), 2144 art. vars. (459 active)
<DWph=2> <it=  1> <et=238.96> <Mt= 0.04> <Spt= 0.07> <nCl=  5> <DB= 4450.5353> <Mlp= 4450.5353> <PB=22193> 
<DWph=1> <it=  2> <et=239.03> <Mt= 0.00> <Spt= 0.07> <nCl=  3> <DB= 4450.5353> <Mlp= 4450.5353> <PB=22193> 
<DWph=0> <it=  5> <et=239.24> <Mt= 0.01> <Spt= 0.20> <nCl= 69> <DB= 4450.5353> <Mlp= 4450.5353> <PB=22193> 
ColGenEvalAlg final dual bound: 4450.54 (rounded: 4450.54)
----- Cut generation is stopped due to tailing off -----
**** SB phase 3 evaluation of candidate 1, branch 2 ( x[(51, 10)]_0_6061_0_OspV >= 1 ), value = 4449.21
<DWph=2> <it=  8> <et=240.42> <Mt= 0.56> <Spt= 0.29> <nCl=214> <DB= 4187.0659> <Mlp= 4449.2128> <PB=22193> 
<DWph=1> <it= 10> <et=240.56> <Mt= 0.02> <Spt= 0.11> <nCl= 51> <DB= 4235.7469> <Mlp= 4449.2128> <PB=22193> 
<DWph=1> <it= 20> <et=241.03> <Mt= 0.04> <Spt= 0.43> <nCl=109> <DB= 4446.9637> <Mlp= 4449.2128> <PB=22193> 
<DWph=1> <it= 22> <et=241.18> <Mt= 0.01> <Spt= 0.14> <nCl=  9> <DB= 4449.2128> <Mlp= 4449.2128> <PB=22193> 
<DWph=0> <it= 25> <et=241.36> <Mt= 0.01> <Spt= 0.17> <nCl=232> <DB= 4449.2047> <Mlp= 4449.2047> <PB=22193> 
ColGenEvalAlg final dual bound: 4449.2 (rounded: 4449.2)
----- Add fac. cuts : CAP(3) R1C(232), max.viol = 0.83, aver.viol = 0.0398014, sep/add took 0.221035/0.916522 sec. -----
26828 columns (9843 active), 917 dyn. constrs. (286 active), 1159 art. vars. (528 active)
<DWph=2> <it=  2> <et=242.71> <Mt= 0.06> <Spt= 0.12> <nCl= 10> <DB= 4449.4000> <Mlp= 4449.4000> <PB=22193> 
<DWph=1> <it=  5> <et=243.02> <Mt= 0.15> <Spt= 0.16> <nCl= 62> <DB= 4435.1663> <Mlp= 4449.4000> <PB=22193> 
<DWph=0> <it= 10> <et=244.00> <Mt= 0.60> <Spt= 0.34> <nCl=483> <DB= 4447.5339> <Mlp= 4449.3908> <PB=22193> 
<DWph=0> <it= 11> <et=244.11> <Mt= 0.01> <Spt= 0.11> <nCl= 74> <DB= 4449.3888> <Mlp= 4449.3888> <PB=22193> 
ColGenEvalAlg final dual bound: 4449.39 (rounded: 4449.39)
----- Add fac. cuts : R1C(408), max.viol = 0.457859, aver.viol = 0.0471269, sep/add took 0.377936/0.976074 sec. -----
27446 columns (7049 active), 1325 dyn. constrs. (465 active), 1567 art. vars. (707 active)
<DWph=2> <it=  1> <et=245.59> <Mt= 0.03> <Spt= 0.06> <nCl=  2> <DB= 4449.4000> <Mlp= 4449.4000> <PB=22193> 
<DWph=1> <it=  2> <et=245.67> <Mt= 0.00> <Spt= 0.07> <nCl=  2> <DB= 4449.4000> <Mlp= 4449.4000> <PB=22193> 
<DWph=0> <it=  3> <et=245.78> <Mt= 0.00> <Spt= 0.11> <nCl= 58> <DB= 4449.4000> <Mlp= 4449.4000> <PB=22193> 
ColGenEvalAlg final dual bound: 4449.4 (rounded: 4449.4)
----- Add fac. cuts : CAP(4) R1C(1), max.viol = 0.5, aver.viol = 0.45, sep/add took 0.313295/0.108387 sec. -----
27508 columns (7111 active), 1109 dyn. constrs. (63 active), 1572 art. vars. (305 active)
<DWph=2> <it=  3> <et=246.44> <Mt= 0.02> <Spt= 0.17> <nCl= 18> <DB= 4449.4066> <Mlp= 4449.4066> <PB=22193> 
<DWph=1> <it=  4> <et=246.52> <Mt= 0.00> <Spt= 0.07> <nCl=  1> <DB= 4449.4066> <Mlp= 4449.4066> <PB=22193> 
<DWph=0> <it=  5> <et=246.61> <Mt= 0.00> <Spt= 0.09> <nCl= 34> <DB= 4449.4066> <Mlp= 4449.4066> <PB=22193> 
ColGenEvalAlg final dual bound: 4449.41 (rounded: 4449.41)
----- Add fac. cuts : CAP(2) R1C(62), max.viol = 0.0895091, aver.viol = 0.0594472, sep/add took 0.589115/0.248254 sec. -----
27561 columns (7164 active), 767 dyn. constrs. (118 active), 1636 art. vars. (360 active)
<DWph=2> <it=  1> <et=247.58> <Mt= 0.03> <Spt= 0.06> <nCl=  3> <DB= 4449.4081> <Mlp= 4449.4081> <PB=22193> 
<DWph=1> <it=  2> <et=247.65> <Mt= 0.00> <Spt= 0.07> <nCl=  1> <DB= 4449.4081> <Mlp= 4449.4081> <PB=22193> 
<DWph=0> <it=  3> <et=247.74> <Mt= 0.00> <Spt= 0.09> <nCl= 18> <DB= 4449.4081> <Mlp= 4449.4081> <PB=22193> 
ColGenEvalAlg final dual bound: 4449.41 (rounded: 4449.41)
----- Add fac. cuts : R1C(263), max.viol = 0.0543093, aver.viol = 0.0279223, sep/add took 0.599875/0.696565 sec. -----
27583 columns (7186 active), 1023 dyn. constrs. (320 active), 1899 art. vars. (562 active)
<DWph=2> <it=  1> <et=249.18> <Mt= 0.04> <Spt= 0.06> <nCl=  4> <DB= 4449.4400> <Mlp= 4449.4400> <PB=22193> 
<DWph=1> <it=  2> <et=249.25> <Mt= 0.00> <Spt= 0.07> <nCl=  2> <DB= 4449.4400> <Mlp= 4449.4400> <PB=22193> 
<DWph=0> <it=  5> <et=249.54> <Mt= 0.02> <Spt= 0.27> <nCl=327> <DB= 4449.4366> <Mlp= 4449.4366> <PB=22193> 
ColGenEvalAlg final dual bound: 4449.44 (rounded: 4449.44)
----- Cut generation is stopped due to tailing off -----
SB exact phase 3 branch on var x[(51, 10)]_0_6061_0_OspV (lhs=0.734523) : [4450.5353, 4449.4366], tree depth = 1e+12, tree size = 1e+12, score = -0.8529 (h)
************************************************************************************************
**** BaB tree node (N° 15, parent N° 13, depth 7)
**** Local DB = 4449.44, global bounds : [ 4445.12 , 22193 ], TIME = 0h4m9s64t = 24964
**** 8 open nodes, 27518 columns (7519 active), 704 dyn. constrs. (59 active), 946 art. vars. (301 active)
************************************************************************************************
**** Strong branching phase 1 is started *****
SB phase 1 cand.  1 branch on var x[(24, 71)]_0_2854_0_OspV (lhs=0.9361)   : [ 4449.7300,  4454.1944], score = 1.40 (h)  <et=249.76>
SB phase 1 cand.  2 branch on var x[(120, 25)]_0_14425_0_OspV (lhs=0.6771) : [ 4449.4366,  4449.4366], score = 0.00      <et=249.81>
SB phase 1 cand.  3 branch on var x[(83, 19)]_0_9942_0_OspV (lhs=0.0299)   : [ 4449.4412,  4456.1000], score = 0.03 (h)  <et=249.86>
SB phase 1 cand.  5 branch on var x[(15, 30)]_0_1724_0_OspV (lhs=0.9944)   : [ 4449.4655, 17768.2500], score = 385.35 (h)  <et=250.01>
SB phase 1 cand.  7 branch on var x[(42, 105)]_0_5066_0_OspV (lhs=0.0095)  : [ 4449.4398,  9802.6300], score = 17.32 (h)  <et=250.16>
SB phase 1 cand.  9 branch on var x[(42, 22)]_0_4984_0_OspV (lhs=0.9905)   : [ 4449.4398,  9802.6300], score = 17.32 (h)  <et=250.28>
**** Strong branching phase 2 is started *****
<DWph=1> <it= 22> <et=255.29> <Mt= 0.63> <Spt= 0.84> <nCl=377> <DB= 4456.8866> <Mlp= 4456.8866> <PB=22193> 
<DWph=1> <it=  3> <et=255.68> <Mt= 0.01> <Spt= 0.19> <nCl= 15> <DB= 4449.4633> <Mlp= 4449.4633> <PB=22193> 
SB phase 2 cand.  1 branch on var x[(15, 30)]_0_1724_0_OspV (lhs=0.9944) : [ 4449.4633,  4456.8866], score = 0.20 (h)  <et=255.71>
<DWph=1> <it= 24> <et=257.37> <Mt= 0.50> <Spt= 1.06> <nCl=319> <DB= 4453.3000> <Mlp= 4453.3000> <PB=22193> 
<DWph=1> <it=  2> <et=257.62> <Mt= 0.00> <Spt= 0.14> <nCl=  7> <DB= 4449.4398> <Mlp= 4449.4398> <PB=22193> 
SB phase 2 cand.  2 branch on var x[(42, 22)]_0_4984_0_OspV (lhs=0.9905) : [ 4449.4398,  4453.3000], score = 0.01 (h)  <et=257.64>
<DWph=1> <it= 42> <et=260.37> <Mt= 0.96> <Spt= 1.67> <nCl=717> <DB= 4453.3000> <Mlp= 4453.3000> <PB=22193> 
<DWph=1> <it=  2> <et=260.62> <Mt= 0.00> <Spt= 0.12> <nCl=  7> <DB= 4449.4398> <Mlp= 4449.4398> <PB=22193> 
SB phase 2 cand.  3 branch on var x[(42, 105)]_0_5066_0_OspV (lhs=0.0095): [ 4449.4398,  4453.3000], score = 0.01 (h)  <et=260.64>
**** Strong branching phase 3 is started *****
**** SB phase 3 evaluation of candidate 1, branch 1 ( x[(15, 30)]_0_1724_0_OspV <= 0 ), value = 4456.89
<DWph=2> <it=  1> <et=260.82> <Mt= 0.01> <Spt= 0.06> <nCl=  7> <DB= 4456.8866> <Mlp= 4456.8866> <PB=22193> 
<DWph=1> <it=  2> <et=260.88> <Mt= 0.00> <Spt= 0.07> <nCl=  0> <DB= 4456.8866> <Mlp= 4456.8866> <PB=22193> 
<DWph=0> <it=  8> <et=261.24> <Mt= 0.08> <Spt= 0.27> <nCl=347> <DB= 4456.4243> <Mlp= 4456.4243> <PB=22193> 
ColGenEvalAlg final dual bound: 4456.42 (rounded: 4456.42)
----- Add fac. cuts : CAP(1) R1C(240), max.viol = 0.0857143, aver.viol = 0.0400415, sep/add took 0.185447/0.757406 sec. -----
28756 columns (8250 active), 917 dyn. constrs. (282 active), 1163 art. vars. (524 active)
<DWph=2> <it=  2> <et=262.42> <Mt= 0.07> <Spt= 0.13> <nCl= 14> <DB= 4456.6529> <Mlp= 4456.6529> <PB=22193> 
<DWph=1> <it=  6> <et=262.74> <Mt= 0.13> <Spt= 0.19> <nCl= 47> <DB= 4456.6457> <Mlp= 4456.6457> <PB=22193> 
<DWph=0> <it=  9> <et=263.01> <Mt= 0.02> <Spt= 0.25> <nCl=221> <DB= 4456.6235> <Mlp= 4456.6235> <PB=22193> 
ColGenEvalAlg final dual bound: 4456.62 (rounded: 4456.62)
----- Add fac. cuts : R1C(41), max.viol = 0.0588235, aver.viol = 0.0588235, sep/add took 0.36929/0.146718 sec. -----
29038 columns (8532 active), 958 dyn. constrs. (91 active), 1204 art. vars. (333 active)
<DWph=2> <it=  1> <et=263.69> <Mt= 0.05> <Spt= 0.08> <nCl=  7> <DB= 4456.7425> <Mlp= 4456.7425> <PB=22193> 
<DWph=1> <it=  2> <et=263.76> <Mt= 0.00> <Spt= 0.07> <nCl=  4> <DB= 4456.7425> <Mlp= 4456.7425> <PB=22193> 
<DWph=0> <it=  4> <et=263.90> <Mt= 0.00> <Spt= 0.14> <nCl= 37> <DB= 4456.7425> <Mlp= 4456.7425> <PB=22193> 
ColGenEvalAlg final dual bound: 4456.74 (rounded: 4456.74)
----- Add fac. cuts : CAP(2) R1C(153), max.viol = 0.0431034, aver.viol = 0.0344549, sep/add took 0.588644/0.503447 sec. -----
29086 columns (8580 active), 885 dyn. constrs. (202 active), 1359 art. vars. (444 active)
<DWph=2> <it=  1> <et=265.17> <Mt= 0.05> <Spt= 0.06> <nCl=  5> <DB= 4456.7903> <Mlp= 4456.7903> <PB=22193> 
<DWph=1> <it=  3> <et=265.27> <Mt= 0.01> <Spt= 0.10> <nCl=  5> <DB= 4456.7903> <Mlp= 4456.7903> <PB=22193> 
<DWph=0> <it=  8> <et=265.60> <Mt= 0.01> <Spt= 0.31> <nCl=279> <DB= 4456.7854> <Mlp= 4456.7854> <PB=22193> 
ColGenEvalAlg final dual bound: 4456.79 (rounded: 4456.79)
----- Add fac. cuts : CAP(2) R1C(496), max.viol = 0.0944206, aver.viol = 0.0603616, sep/add took 0.610116/2.03313 sec. -----
29375 columns (8869 active), 1339 dyn. constrs. (555 active), 1857 art. vars. (797 active)
<DWph=2> <it=  2> <et=268.52> <Mt= 0.11> <Spt= 0.13> <nCl=  3> <DB= 4456.8630> <Mlp= 4456.8630> <PB=22193> 
<DWph=1> <it=  5> <et=268.76> <Mt= 0.04> <Spt= 0.19> <nCl= 13> <DB= 4456.8597> <Mlp= 4456.8597> <PB=22193> 
<DWph=0> <it= 10> <et=269.26> <Mt= 0.13> <Spt= 0.37> <nCl=277> <DB= 4456.3664> <Mlp= 4456.8291> <PB=22193> 
<DWph=0> <it= 11> <et=269.39> <Mt= 0.01> <Spt= 0.12> <nCl=  9> <DB= 4456.8291> <Mlp= 4456.8291> <PB=22193> 
ColGenEvalAlg final dual bound: 4456.83 (rounded: 4456.83)
----- Add fac. cuts : CAP(2) R1C(112), max.viol = 0.0545455, aver.viol = 0.0365231, sep/add took 0.531437/0.413117 sec. -----
29677 columns (9171 active), 1308 dyn. constrs. (174 active), 1971 art. vars. (416 active)
<DWph=2> <it=  1> <et=270.48> <Mt= 0.03> <Spt= 0.07> <nCl=  3> <DB= 4456.8552> <Mlp= 4456.8552> <PB=22193> 
<DWph=1> <it=  2> <et=270.55> <Mt= 0.00> <Spt= 0.07> <nCl=  1> <DB= 4456.8552> <Mlp= 4456.8552> <PB=22193> 
<DWph=0> <it=  3> <et=270.64> <Mt= 0.00> <Spt= 0.09> <nCl= 16> <DB= 4456.8552> <Mlp= 4456.8552> <PB=22193> 
ColGenEvalAlg final dual bound: 4456.86 (rounded: 4456.86)
----- Cut generation is stopped due to tailing off -----
**** SB phase 3 evaluation of candidate 1, branch 2 ( x[(15, 30)]_0_1724_0_OspV >= 1 ), value = 4449.46
<DWph=2> <it=  5> <et=271.45> <Mt= 0.27> <Spt= 0.20> <nCl=134> <DB= 3832.6982> <Mlp= 4449.4633> <PB=22193> 
<DWph=1> <it= 10> <et=271.69> <Mt= 0.03> <Spt= 0.21> <nCl= 71> <DB= 4439.8667> <Mlp= 4449.4633> <PB=22193> 
<DWph=1> <it= 12> <et=271.81> <Mt= 0.01> <Spt= 0.11> <nCl= 10> <DB= 4449.4633> <Mlp= 4449.4633> <PB=22193> 
<DWph=0> <it= 15> <et=272.03> <Mt= 0.01> <Spt= 0.21> <nCl=310> <DB= 4449.4604> <Mlp= 4449.4604> <PB=22193> 
ColGenEvalAlg final dual bound: 4449.46 (rounded: 4449.46)
----- Add fac. cuts : CAP(1) R1C(14), max.viol = 0.491278, aver.viol = 0.0619301, sep/add took 0.847346/0.0662517 sec. -----
29172 columns (8059 active), 717 dyn. constrs. (70 active), 959 art. vars. (312 active)
<DWph=2> <it=  1> <et=273.04> <Mt= 0.01> <Spt= 0.06> <nCl=  3> <DB= 4449.4627> <Mlp= 4449.4627> <PB=22193> 
<DWph=1> <it=  2> <et=273.11> <Mt= 0.00> <Spt= 0.07> <nCl=  0> <DB= 4449.4627> <Mlp= 4449.4627> <PB=22193> 
<DWph=0> <it=  4> <et=273.26> <Mt= 0.01> <Spt= 0.14> <nCl= 72> <DB= 4449.4627> <Mlp= 4449.4627> <PB=22193> 
ColGenEvalAlg final dual bound: 4449.46 (rounded: 4449.46)
----- Add fac. cuts : CAP(1) R1C(117), max.viol = 0.456199, aver.viol = 0.0455443, sep/add took 0.729868/0.445657 sec. -----
29247 columns (8134 active), 835 dyn. constrs. (176 active), 1077 art. vars. (418 active)
<DWph=2> <it=  1> <et=274.55> <Mt= 0.02> <Spt= 0.06> <nCl=  0> <DB= 4449.4760> <Mlp= 4449.4760> <PB=22193> 
<DWph=1> <it=  2> <et=274.62> <Mt= 0.01> <Spt= 0.07> <nCl=  1> <DB= 4449.4760> <Mlp= 4449.4760> <PB=22193> 
<DWph=0> <it=  6> <et=274.85> <Mt= 0.02> <Spt= 0.21> <nCl= 78> <DB= 4449.4756> <Mlp= 4449.4756> <PB=22193> 
ColGenEvalAlg final dual bound: 4449.48 (rounded: 4449.48)
----- Add fac. cuts : CAP(1) R1C(192), max.viol = 0.0429502, aver.viol = 0.0292313, sep/add took 0.717038/0.605676 sec. -----
29326 columns (8213 active), 1018 dyn. constrs. (259 active), 1270 art. vars. (501 active)
<DWph=2> <it=  1> <et=276.31> <Mt= 0.03> <Spt= 0.06> <nCl=  0> <DB= 4449.4934> <Mlp= 4449.4934> <PB=22193> 
<DWph=1> <it=  3> <et=276.43> <Mt= 0.01> <Spt= 0.11> <nCl=  1> <DB= 4449.4934> <Mlp= 4449.4934> <PB=22193> 
<DWph=0> <it=  6> <et=276.66> <Mt= 0.02> <Spt= 0.22> <nCl= 97> <DB= 4449.4922> <Mlp= 4449.4922> <PB=22193> 
ColGenEvalAlg final dual bound: 4449.49 (rounded: 4449.49)
----- Add fac. cuts : CAP(1) R1C(50), max.viol = 0.0357941, aver.viol = 0.0232222, sep/add took 0.788637/0.182737 sec. -----
29424 columns (8311 active), 961 dyn. constrs. (123 active), 1321 art. vars. (365 active)
<DWph=2> <it=  1> <et=277.79> <Mt= 0.02> <Spt= 0.07> <nCl=  0> <DB= 4449.4984> <Mlp= 4449.4984> <PB=22193> 
<DWph=1> <it=  2> <et=277.86> <Mt= 0.00> <Spt= 0.07> <nCl=  1> <DB= 4449.4984> <Mlp= 4449.4984> <PB=22193> 
<DWph=0> <it=  4> <et=278.01> <Mt= 0.01> <Spt= 0.15> <nCl= 41> <DB= 4449.4975> <Mlp= 4449.4975> <PB=22193> 
ColGenEvalAlg final dual bound: 4449.5 (rounded: 4449.5)
----- Cut generation is stopped due to tailing off -----
SB exact phase 3 branch on var x[(15, 30)]_0_1724_0_OspV (lhs=0.994382) : [4456.8552, 4449.4975], tree depth = 1e+12, tree size = 1e+12, score = -0.6903 (h)
************************************************************************************************
**** BaB tree node (N° 17, parent N° 15, depth 8)
**** Local DB = 4449.5, global bounds : [ 4445.12 , 22193 ], TIME = 0h4m38s7t = 27807
**** 9 open nodes, 29466 columns (8353 active), 724 dyn. constrs. (72 active), 966 art. vars. (314 active)
************************************************************************************************
**** Strong branching phase 1 is started *****
SB phase 1 cand.  1 branch on var x[(24, 71)]_0_2854_0_OspV (lhs=0.9439)   : [ 4449.7300,  4454.6669], score = 1.20 (h)  <et=278.18>
SB phase 1 cand.  2 branch on var x[(120, 25)]_0_14425_0_OspV (lhs=0.6563) : [ 4449.4975,  4449.4975], score = 0.00      <et=278.21>
SB phase 1 cand.  3 branch on var x[(83, 19)]_0_9942_0_OspV (lhs=0.0248)   : [ 4449.5024,  4471.4000], score = 0.11 (h)  <et=278.33>
SB phase 1 cand.  5 branch on var x[(42, 22)]_0_4984_0_OspV (lhs=0.9942)   : [ 4449.5018,  7340.1512], score = 12.50 (h)  <et=278.45>
SB phase 1 cand.  7 branch on var x[(42, 105)]_0_5066_0_OspV (lhs=0.0058)  : [ 4449.5018,  7340.1512], score = 12.50 (h)  <et=278.59>
SB phase 1 cand.  9 branch on var x[(12, 36)]_0_1367_0_OspV (lhs=0.9287)   : [ 4449.8816,  4455.7000], score = 2.38 (h)  <et=278.75>
SB phase 1 cand. 11 branch on var x[(103, 116)]_0_12458_0_OspV (lhs=0.6647): [ 4451.0316,  4451.6463], score = 3.30 (h)  <et=278.92>
SB phase 1 cand. 13 branch on var x[(30, 4)]_0_3514_0_OspV (lhs=0.5828)    : [ 4450.6489,  4452.6895], score = 3.68 (h)  <et=279.09>
SB phase 1 cand. 27 branch on var x[(116, 81)]_0_13997_0_OspV (lhs=0.3682) : [ 4449.9662,  4459.2504], score = 4.57 (h)  <et=280.27>
**** Strong branching phase 2 is started *****
<DWph=2> <it= 17> <et=284.19> <Mt= 0.71> <Spt= 0.74> <nCl=278> <DB= 4421.8278> <Mlp= 4453.9639> <PB=22193> 
<DWph=1> <it= 22> <et=284.48> <Mt= 0.05> <Spt= 0.24> <nCl= 64> <DB= 4453.6828> <Mlp= 4453.6828> <PB=22193> 
<DWph=1> <it=  2> <et=284.77> <Mt= 0.00> <Spt= 0.13> <nCl=  3> <DB= 4449.5018> <Mlp= 4449.5018> <PB=22193> 
SB phase 2 cand.  1 branch on var x[(42, 22)]_0_4984_0_OspV (lhs=0.9942)  : [ 4449.5018,  4453.6828], score = 0.02 (h)  <et=284.79>
<DWph=1> <it= 27> <et=286.85> <Mt= 0.85> <Spt= 1.11> <nCl=459> <DB= 4456.3240> <Mlp= 4456.3240> <PB=22193> 
<DWph=1> <it=  2> <et=287.10> <Mt= 0.01> <Spt= 0.13> <nCl=  6> <DB= 4449.5018> <Mlp= 4449.5018> <PB=22193> 
SB phase 2 cand.  2 branch on var x[(42, 105)]_0_5066_0_OspV (lhs=0.0058) : [ 4449.5018,  4456.3240], score = 0.03 (h)  <et=287.13>
<DWph=1> <it= 10> <et=287.80> <Mt= 0.07> <Spt= 0.49> <nCl=120> <DB= 4458.8063> <Mlp= 4458.8063> <PB=22193> 
<DWph=1> <it=  2> <et=288.05> <Mt= 0.01> <Spt= 0.13> <nCl=  1> <DB= 4449.9662> <Mlp= 4449.9662> <PB=22193> 
SB phase 2 cand.  3 branch on var x[(116, 81)]_0_13997_0_OspV (lhs=0.3682): [ 4449.9662,  4458.8063], score = 4.36 (h)  <et=288.08>
**** Strong branching phase 3 is started *****
**** SB phase 3 evaluation of candidate 1, branch 1 ( x[(116, 81)]_0_13997_0_OspV >= 1 ), value = 4458.81
<DWph=2> <it=  1> <et=288.25> <Mt= 0.00> <Spt= 0.06> <nCl=  0> <DB= 4458.8063> <Mlp= 4458.8063> <PB=22193> 
<DWph=1> <it=  2> <et=288.32> <Mt= 0.00> <Spt= 0.07> <nCl=  0> <DB= 4458.8063> <Mlp= 4458.8063> <PB=22193> 
<DWph=0> <it=  8> <et=288.70> <Mt= 0.03> <Spt= 0.35> <nCl=466> <DB= 4458.6429> <Mlp= 4458.6429> <PB=22193> 
ColGenEvalAlg final dual bound: 4458.64 (rounded: 4458.64)
----- Add fac. cuts : CAP(1) R1C(153), max.viol = 0.125, aver.viol = 0.059949, sep/add took 0.0106838/0.477906 sec. -----
30863 columns (8939 active), 872 dyn. constrs. (199 active), 1118 art. vars. (441 active)
<DWph=2> <it=  1> <et=289.31> <Mt= 0.02> <Spt= 0.06> <nCl=  6> <DB= 4458.9582> <Mlp= 4458.9582> <PB=22193> 
<DWph=1> <it=  2> <et=289.38> <Mt= 0.00> <Spt= 0.07> <nCl=  0> <DB= 4458.9582> <Mlp= 4458.9582> <PB=22193> 
<DWph=0> <it=  4> <et=289.54> <Mt= 0.01> <Spt= 0.15> <nCl= 94> <DB= 4458.9581> <Mlp= 4458.9581> <PB=22193> 
ColGenEvalAlg final dual bound: 4458.96 (rounded: 4458.96)
----- Add fac. cuts : R1C(338), max.viol = 0.212121, aver.viol = 0.0709387, sep/add took 0.217829/1.2087 sec. -----
30963 columns (9039 active), 1210 dyn. constrs. (394 active), 1456 art. vars. (636 active)
<DWph=2> <it=  4> <et=291.28> <Mt= 0.08> <Spt= 0.20> <nCl= 10> <DB= 4459.4604> <Mlp= 4459.4604> <PB=22193> 
<DWph=1> <it=  6> <et=291.44> <Mt= 0.04> <Spt= 0.12> <nCl= 22> <DB= 4459.4005> <Mlp= 4459.4005> <PB=22193> 
<DWph=0> <it=  8> <et=291.63> <Mt= 0.02> <Spt= 0.16> <nCl= 75> <DB= 4459.3024> <Mlp= 4459.3024> <PB=22193> 
ColGenEvalAlg final dual bound: 4459.3 (rounded: 4459.3)
----- Add fac. cuts : R1C(454), max.viol = 0.160517, aver.viol = 0.10769, sep/add took 0.406722/1.5836 sec. -----
31070 columns (9146 active), 1525 dyn. constrs. (513 active), 1910 art. vars. (755 active)
<DWph=2> <it=  6> <et=294.13> <Mt= 0.16> <Spt= 0.31> <nCl= 24> <DB= 4459.7445> <Mlp= 4459.7445> <PB=22193> 
<DWph=1> <it=  9> <et=294.31> <Mt= 0.02> <Spt= 0.15> <nCl=  5> <DB= 4459.7312> <Mlp= 4459.7312> <PB=22193> 
<DWph=0> <it= 10> <et=294.43> <Mt= 0.01> <Spt= 0.11> <nCl=150> <DB= 4407.9675> <Mlp= 4459.7312> <PB=22193> 
<DWph=0> <it= 16> <et=294.86> <Mt= 0.06> <Spt= 0.37> <nCl=188> <DB= 4459.6920> <Mlp= 4459.6920> <PB=22193> 
ColGenEvalAlg final dual bound: 4459.69 (rounded: 4459.69)
----- Add fac. cuts : R1C(256), max.viol = 0.16, aver.viol = 0.0996875, sep/add took 0.396889/0.946993 sec. -----
31437 columns (9513 active), 1449 dyn. constrs. (315 active), 2166 art. vars. (557 active)
<DWph=2> <it=  5> <et=296.64> <Mt= 0.10> <Spt= 0.24> <nCl= 16> <DB= 4459.7349> <Mlp= 4459.7349> <PB=22193> 
<DWph=1> <it=  6> <et=296.75> <Mt= 0.01> <Spt= 0.10> <nCl=  2> <DB= 4459.7349> <Mlp= 4459.7349> <PB=22193> 
<DWph=0> <it=  7> <et=296.84> <Mt= 0.00> <Spt= 0.09> <nCl= 16> <DB= 4459.7349> <Mlp= 4459.7349> <PB=22193> 
ColGenEvalAlg final dual bound: 4459.73 (rounded: 4459.73)
----- Add fac. cuts : CAP(1) R1C(506), max.viol = 0.172131, aver.viol = 0.0748169, sep/add took 0.757826/2.0243 sec. -----
31471 columns (9547 active), 1505 dyn. constrs. (579 active), 2673 art. vars. (821 active)
<DWph=2> <it=  5> <et=300.09> <Mt= 0.13> <Spt= 0.24> <nCl= 10> <DB= 4459.7617> <Mlp= 4459.7617> <PB=22193> 
<DWph=1> <it=  7> <et=300.22> <Mt= 0.02> <Spt= 0.11> <nCl=  6> <DB= 4459.7617> <Mlp= 4459.7617> <PB=22193> 
<DWph=0> <it= 10> <et=300.50> <Mt= 0.04> <Spt= 0.24> <nCl= 94> <DB= 4459.7569> <Mlp= 4459.7569> <PB=22193> 
ColGenEvalAlg final dual bound: 4459.76 (rounded: 4459.76)
----- Add fac. cuts : R1C(304), max.viol = 0.176471, aver.viol = 0.0931373, sep/add took 0.653774/1.29154 sec. -----
31581 columns (9657 active), 1566 dyn. constrs. (372 active), 2977 art. vars. (614 active)
<DWph=2> <it=  3> <et=302.81> <Mt= 0.13> <Spt= 0.16> <nCl=  5> <DB= 4459.9256> <Mlp= 4459.9256> <PB=22193> 
<DWph=1> <it=  6> <et=303.00> <Mt= 0.02> <Spt= 0.16> <nCl=  4> <DB= 4459.9246> <Mlp= 4459.9246> <PB=22193> 
<DWph=0> <it= 10> <et=303.28> <Mt= 0.05> <Spt= 0.24> <nCl=129> <DB= 4459.1936> <Mlp= 4459.9192> <PB=22193> 
<DWph=0> <it= 11> <et=303.41> <Mt= 0.01> <Spt= 0.11> <nCl= 12> <DB= 4459.9190> <Mlp= 4459.9190> <PB=22193> 
ColGenEvalAlg final dual bound: 4459.92 (rounded: 4459.92)
----- Cut generation is stopped due to tailing off -----
**** SB phase 3 evaluation of candidate 1, branch 2 ( x[(116, 81)]_0_13997_0_OspV <= 0 ), value = 4449.97
<DWph=2> <it=  6> <et=304.28> <Mt= 0.22> <Spt= 0.26> <nCl=151> <DB= 4447.3022> <Mlp= 4449.9662> <PB=22193> 
<DWph=1> <it=  7> <et=304.39> <Mt= 0.01> <Spt= 0.10> <nCl=  5> <DB= 4449.9662> <Mlp= 4449.9662> <PB=22193> 
<DWph=0> <it= 10> <et=304.56> <Mt= 0.01> <Spt= 0.16> <nCl= 87> <DB= 4449.1097> <Mlp= 4449.9643> <PB=22193> 
<DWph=0> <it= 13> <et=304.81> <Mt= 0.01> <Spt= 0.24> <nCl=103> <DB= 4449.9643> <Mlp= 4449.9643> <PB=22193> 
ColGenEvalAlg final dual bound: 4449.96 (rounded: 4449.96)
----- Add fac. cuts : CAP(2) R1C(152), max.viol = 0.0836961, aver.viol = 0.0666098, sep/add took 0.0155686/0.526114 sec. -----
31267 columns (8700 active), 910 dyn. constrs. (219 active), 1152 art. vars. (461 active)
<DWph=2> <it=  2> <et=305.59> <Mt= 0.08> <Spt= 0.13> <nCl=  3> <DB= 4449.9967> <Mlp= 4449.9967> <PB=22193> 
<DWph=1> <it=  3> <et=305.67> <Mt= 0.01> <Spt= 0.07> <nCl=  0> <DB= 4449.9967> <Mlp= 4449.9967> <PB=22193> 
<DWph=0> <it=  7> <et=305.94> <Mt= 0.01> <Spt= 0.26> <nCl= 63> <DB= 4449.9962> <Mlp= 4449.9962> <PB=22193> 
ColGenEvalAlg final dual bound: 4450 (rounded: 4450)
----- Add fac. cuts : R1C(75), max.viol = 0.0757245, aver.viol = 0.0403428, sep/add took 0.770115/0.297334 sec. -----
31333 columns (8766 active), 985 dyn. constrs. (146 active), 1227 art. vars. (388 active)
<DWph=2> <it=  1> <et=307.17> <Mt= 0.07> <Spt= 0.07> <nCl=  0> <DB= 4450.0494> <Mlp= 4450.0494> <PB=22193> 
<DWph=1> <it=  4> <et=307.33> <Mt= 0.01> <Spt= 0.14> <nCl=  6> <DB= 4450.0485> <Mlp= 4450.0485> <PB=22193> 
<DWph=0> <it= 10> <et=307.69> <Mt= 0.02> <Spt= 0.33> <nCl= 93> <DB= 4450.0413> <Mlp= 4450.0413> <PB=22193> 
ColGenEvalAlg final dual bound: 4450.04 (rounded: 4450.04)
----- Add fac. cuts : R1C(92), max.viol = 0.0791396, aver.viol = 0.0393375, sep/add took 0.728057/0.345241 sec. -----
31432 columns (8865 active), 931 dyn. constrs. (167 active), 1319 art. vars. (409 active)
<DWph=2> <it=  2> <et=309.02> <Mt= 0.08> <Spt= 0.14> <nCl=  2> <DB= 4450.1255> <Mlp= 4450.1255> <PB=22193> 
<DWph=1> <it=  3> <et=309.10> <Mt= 0.00> <Spt= 0.08> <nCl=  1> <DB= 4450.1255> <Mlp= 4450.1255> <PB=22193> 
<DWph=0> <it=  7> <et=309.42> <Mt= 0.02> <Spt= 0.29> <nCl= 66> <DB= 4450.1110> <Mlp= 4450.1110> <PB=22193> 
ColGenEvalAlg final dual bound: 4450.11 (rounded: 4450.11)
----- Add fac. cuts : CAP(1) R1C(195), max.viol = 0.0422185, aver.viol = 0.0266083, sep/add took 0.793157/0.672281 sec. -----
31501 columns (8934 active), 1062 dyn. constrs. (277 active), 1515 art. vars. (519 active)
<DWph=2> <it=  1> <et=311.06> <Mt= 0.07> <Spt= 0.07> <nCl=  2> <DB= 4450.1624> <Mlp= 4450.1624> <PB=22193> 
<DWph=1> <it=  2> <et=311.14> <Mt= 0.00> <Spt= 0.07> <nCl=  0> <DB= 4450.1624> <Mlp= 4450.1624> <PB=22193> 
<DWph=0> <it=  5> <et=311.37> <Mt= 0.02> <Spt= 0.21> <nCl= 34> <DB= 4450.1504> <Mlp= 4450.1504> <PB=22193> 
ColGenEvalAlg final dual bound: 4450.15 (rounded: 4450.15)
----- Cut generation is stopped due to tailing off -----
SB exact phase 3 branch on var x[(116, 81)]_0_13997_0_OspV (lhs=0.368222) : [4459.919, 4450.1504], tree depth = 1e+12, tree size = 1e+12, score = -0.2901 (h)
************************************************************************************************
**** BaB tree node (N° 19, parent N° 17, depth 9)
**** Local DB = 4450.15, global bounds : [ 4445.12 , 22193 ], TIME = 0h5m11s45t = 31145
**** 10 open nodes, 31537 columns (8970 active), 787 dyn. constrs. (85 active), 1029 art. vars. (327 active)
************************************************************************************************
**** Strong branching phase 1 is started *****
SB phase 1 cand.  1 branch on var x[(24, 71)]_0_2854_0_OspV (lhs=0.8912)   : [ 4450.3000,  4454.7840], score = 0.69 (h)  <et=311.58>
SB phase 1 cand.  2 branch on var x[(49, 0)]_0_5809_0_OspV (lhs=0.7673)    : [ 4450.1504,  4450.3000], score = 0.00      <et=311.64>
SB phase 1 cand.  3 branch on var x[(83, 19)]_0_9942_0_OspV (lhs=0.0255)   : [ 4450.1572,  4471.4000], score = 0.14 (h)  <et=311.78>
SB phase 1 cand.  5 branch on var x[(42, 105)]_0_5066_0_OspV (lhs=0.0057)  : [ 4450.1522,  7333.5965], score = 5.09 (h)  <et=311.98>
SB phase 1 cand.  7 branch on var x[(42, 22)]_0_4984_0_OspV (lhs=0.9943)   : [ 4450.1522,  7333.5965], score = 5.09 (h)  <et=312.19>
SB phase 1 cand.  9 branch on var x[(12, 36)]_0_1367_0_OspV (lhs=0.8345)   : [ 4450.3000,  4455.4952], score = 0.80 (h)  <et=312.36>
SB phase 1 cand. 28 branch on var x[(12, 96)]_0_1427_0_OspV (lhs=0.1553)   : [ 4450.3000,  4455.6286], score = 0.82      <et=314.16>
SB phase 1 cand. 30 branch on var x[(66, 93)]_0_7958_0_OspV (lhs=0.8536)   : [ 4450.3000,  4456.7626], score = 0.99      <et=314.39>
SB phase 1 cand. 40 branch on var x[(22, 1)]_0_2543_0_OspV (lhs=0.1203)    : [ 4450.3000,  4456.8071], score = 1.00      <et=315.55>
SB phase 1 cand. 43 branch on var x[(6, 101)]_0_706_0_OspV (lhs=0.8894)    : [ 4450.3000,  4459.0000], score = 1.32 (h)  <et=315.92>
SB phase 1 cand. 48 branch on var x[(36, 40)]_0_4275_0_OspV (lhs=0.1130)   : [ 4450.3000,  4459.5875], score = 1.41      <et=316.48>
**** Strong branching phase 2 is started *****
<DWph=1> <it= 26> <et=318.60> <Mt= 0.55> <Spt= 1.23> <nCl=414> <DB= 4453.8722> <Mlp= 4453.8722> <PB=22193> 
<DWph=1> <it=  2> <et=318.93> <Mt= 0.00> <Spt= 0.14> <nCl=  2> <DB= 4450.1522> <Mlp= 4450.1522> <PB=22193> 
SB phase 2 cand.  1 branch on var x[(42, 22)]_0_4984_0_OspV (lhs=0.9943) : [ 4450.1522,  4453.8722], score = 0.01 (h)  <et=318.96>
<DWph=1> <it= 16> <et=320.73> <Mt= 0.82> <Spt= 0.85> <nCl=264> <DB= 4453.8937> <Mlp= 4453.8937> <PB=22193> 
<DWph=1> <it=  2> <et=321.00> <Mt= 0.01> <Spt= 0.14> <nCl=  2> <DB= 4450.1522> <Mlp= 4450.1522> <PB=22193> 
SB phase 2 cand.  2 branch on var x[(42, 105)]_0_5066_0_OspV (lhs=0.0057): [ 4450.1522,  4453.8937], score = 0.01 (h)  <et=321.03>
<DWph=1> <it=  7> <et=321.57> <Mt= 0.06> <Spt= 0.37> <nCl= 49> <DB= 4458.7600> <Mlp= 4458.7600> <PB=22193> 
----- Add core cuts : CAP(8), max.viol = 1, aver.viol = 1, sep/add took 0.00602121/0.203277 sec. -----
<DWph=1> <it=  3> <et=322.18> <Mt= 0.06> <Spt= 0.22> <nCl= 17> <DB= 4450.3514> <Mlp= 4450.3514> <PB=22193> 
SB phase 2 cand.  3 branch on var x[(36, 40)]_0_4275_0_OspV (lhs=0.1130) : [ 4450.3514,  4458.7600], score = 1.73      <et=322.21>
**** Strong branching phase 3 is started *****
**** SB phase 3 evaluation of candidate 1, branch 1 ( x[(36, 40)]_0_4275_0_OspV >= 1 ), value = 4458.76
<DWph=2> <it=  1> <et=322.38> <Mt= 0.01> <Spt= 0.06> <nCl=  2> <DB= 4458.7600> <Mlp= 4458.7600> <PB=22193> 
<DWph=1> <it=  2> <et=322.46> <Mt= 0.00> <Spt= 0.08> <nCl=  0> <DB= 4458.7600> <Mlp= 4458.7600> <PB=22193> 
<DWph=0> <it=  7> <et=322.92> <Mt= 0.10> <Spt= 0.35> <nCl=203> <DB= 4458.3500> <Mlp= 4458.3500> <PB=22193> 
ColGenEvalAlg final dual bound: 4458.35 (rounded: 4458.35)
----- Add fac. cuts : CAP(16) R1C(304), max.viol = 0.5, aver.viol = 0.326693, sep/add took 0.16008/1.40506 sec. -----
32490 columns (9224 active), 1103 dyn. constrs. (370 active), 1349 art. vars. (612 active)
<DWph=2> <it=  8> <et=325.14> <Mt= 0.21> <Spt= 0.40> <nCl= 63> <DB= 4461.5000> <Mlp= 4461.5000> <PB=22193> 
<DWph=1> <it=  9> <et=325.22> <Mt= 0.00> <Spt= 0.08> <nCl=  5> <DB= 4461.5000> <Mlp= 4461.5000> <PB=22193> 
<DWph=0> <it= 10> <et=325.32> <Mt= 0.01> <Spt= 0.09> <nCl=119> <DB= 4398.8000> <Mlp= 4461.5000> <PB=22193> 
<DWph=0> <it= 14> <et=325.86> <Mt= 0.10> <Spt= 0.45> <nCl=379> <DB= 4461.2000> <Mlp= 4461.2000> <PB=22193> 
ColGenEvalAlg final dual bound: 4461.2 (rounded: 4461.2)
----- Add fac. cuts : CAP(1) R1C(413), max.viol = 0.375, aver.viol = 0.17029, sep/add took 0.29596/1.61854 sec. -----
33056 columns (9790 active), 1517 dyn. constrs. (471 active), 1763 art. vars. (713 active)
<DWph=2> <it=  5> <et=328.23> <Mt= 0.10> <Spt= 0.31> <nCl= 53> <DB= 4461.5206> <Mlp= 4461.5206> <PB=22193> 
<DWph=1> <it=  9> <et=328.47> <Mt= 0.03> <Spt= 0.21> <nCl= 40> <DB= 4461.5206> <Mlp= 4461.5206> <PB=22193> 
<DWph=0> <it= 10> <et=328.57> <Mt= 0.00> <Spt= 0.10> <nCl=111> <DB= 4418.7824> <Mlp= 4461.5206> <PB=22193> 
<DWph=0> <it= 15> <et=329.21> <Mt= 0.18> <Spt= 0.41> <nCl=299> <DB= 4461.4897> <Mlp= 4461.4897> <PB=22193> 
ColGenEvalAlg final dual bound: 4461.49 (rounded: 4461.49)
----- Add fac. cuts : R1C(383), max.viol = 0.338235, aver.viol = 0.181961, sep/add took 0.469516/1.08467 sec. -----
32877 columns (6866 active), 1596 dyn. constrs. (446 active), 2146 art. vars. (688 active)
<DWph=2> <it=  2> <et=331.03> <Mt= 0.04> <Spt= 0.14> <nCl=  5> <DB= 4461.6778> <Mlp= 4461.6778> <PB=22193> 
<DWph=1> <it=  4> <et=331.17> <Mt= 0.03> <Spt= 0.12> <nCl= 12> <DB= 4461.6687> <Mlp= 4461.6687> <PB=22193> 
<DWph=0> <it=  6> <et=331.31> <Mt= 0.01> <Spt= 0.12> <nCl= 59> <DB= 4461.6561> <Mlp= 4461.6561> <PB=22193> 
ColGenEvalAlg final dual bound: 4461.66 (rounded: 4461.66)
----- Add fac. cuts : CAP(7) R1C(479), max.viol = 0.349206, aver.viol = 0.0799129, sep/add took 0.583197/1.42836 sec. -----
32953 columns (6942 active), 1677 dyn. constrs. (542 active), 2632 art. vars. (784 active)
<DWph=2> <it=  4> <et=333.71> <Mt= 0.05> <Spt= 0.22> <nCl= 10> <DB= 4462.0382> <Mlp= 4462.0382> <PB=22193> 
<DWph=1> <it=  5> <et=333.84> <Mt= 0.00> <Spt= 0.13> <nCl=  3> <DB= 4462.0382> <Mlp= 4462.0382> <PB=22193> 
<DWph=0> <it= 10> <et=334.66> <Mt= 0.28> <Spt= 0.53> <nCl=417> <DB= 4460.4654> <Mlp= 4462.0184> <PB=22193> 
<DWph=0> <it= 13> <et=335.00> <Mt= 0.03> <Spt= 0.31> <nCl=143> <DB= 4462.0184> <Mlp= 4462.0184> <PB=22193> 
ColGenEvalAlg final dual bound: 4462.02 (rounded: 4462.02)
----- Add fac. cuts : R1C(341), max.viol = 0.118421, aver.viol = 0.0696867, sep/add took 0.509715/0.959805 sec. -----
33526 columns (7515 active), 1632 dyn. constrs. (409 active), 2973 art. vars. (651 active)
----- Add core cuts : CAP(8), max.viol = 1, aver.viol = 1, sep/add took 0.00706101/0.192986 sec. -----
<DWph=2> <it=  5> <et=337.33> <Mt= 0.21> <Spt= 0.34> <nCl= 65> <DB= 4462.2248> <Mlp= 4462.2248> <PB=22193> 
<DWph=1> <it= 10> <et=337.63> <Mt= 0.05> <Spt= 0.25> <nCl= 93> <DB= 4436.2613> <Mlp= 4462.1518> <PB=22193> 
<DWph=1> <it= 11> <et=337.73> <Mt= 0.01> <Spt= 0.10> <nCl= 26> <DB= 4462.1518> <Mlp= 4462.1518> <PB=22193> 
<DWph=0> <it= 16> <et=338.26> <Mt= 0.12> <Spt= 0.39> <nCl=250> <DB= 4462.0871> <Mlp= 4462.0871> <PB=22193> 
ColGenEvalAlg final dual bound: 4462.09 (rounded: 4462.09)
----- Cut generation is stopped due to tailing off -----
**** SB phase 3 evaluation of candidate 1, branch 2 ( x[(36, 40)]_0_4275_0_OspV <= 0 ), value = 4450.35
<DWph=2> <it= 10> <et=339.45> <Mt= 0.30> <Spt= 0.48> <nCl=254> <DB= 4446.5457> <Mlp= 4450.3514> <PB=22193> 
<DWph=2> <it= 13> <et=339.69> <Mt= 0.02> <Spt= 0.22> <nCl= 21> <DB= 4450.3514> <Mlp= 4450.3514> <PB=22193> 
<DWph=1> <it= 20> <et=340.08> <Mt= 0.02> <Spt= 0.36> <nCl= 97> <DB= 4450.3473> <Mlp= 4450.3473> <PB=22193> 
<DWph=0> <it= 24> <et=340.40> <Mt= 0.03> <Spt= 0.30> <nCl=530> <DB= 4450.3402> <Mlp= 4450.3402> <PB=22193> 
ColGenEvalAlg final dual bound: 4450.34 (rounded: 4450.34)
----- Add fac. cuts : CAP(2) R1C(152), max.viol = 0.109091, aver.viol = 0.0374779, sep/add took 0.0159635/0.701555 sec. -----
34795 columns (9889 active), 975 dyn. constrs. (219 active), 1217 art. vars. (461 active)
<DWph=2> <it=  1> <et=341.28> <Mt= 0.04> <Spt= 0.08> <nCl= 12> <DB= 4450.3935> <Mlp= 4450.3935> <PB=22193> 
<DWph=1> <it=  3> <et=341.41> <Mt= 0.01> <Spt= 0.12> <nCl=  2> <DB= 4450.3935> <Mlp= 4450.3935> <PB=22193> 
<DWph=0> <it=  6> <et=341.68> <Mt= 0.01> <Spt= 0.22> <nCl=130> <DB= 4450.3880> <Mlp= 4450.3880> <PB=22193> 
ColGenEvalAlg final dual bound: 4450.39 (rounded: 4450.39)
----- Add fac. cuts : R1C(227), max.viol = 0.0865255, aver.viol = 0.0369997, sep/add took 0.284063/0.579348 sec. -----
34939 columns (6630 active), 1195 dyn. constrs. (303 active), 1444 art. vars. (545 active)
<DWph=2> <it=  3> <et=342.84> <Mt= 0.06> <Spt= 0.20> <nCl= 17> <DB= 4450.4688> <Mlp= 4450.4688> <PB=22193> 
<DWph=1> <it=  5> <et=342.98> <Mt= 0.01> <Spt= 0.12> <nCl=  6> <DB= 4450.4688> <Mlp= 4450.4688> <PB=22193> 
<DWph=0> <it=  8> <et=343.22> <Mt= 0.02> <Spt= 0.22> <nCl= 81> <DB= 4450.4686> <Mlp= 4450.4686> <PB=22193> 
ColGenEvalAlg final dual bound: 4450.47 (rounded: 4450.47)
----- Add fac. cuts : R1C(310), max.viol = 0.1324, aver.viol = 0.0318032, sep/add took 0.708573/0.7726 sec. -----
35043 columns (6734 active), 1364 dyn. constrs. (391 active), 1754 art. vars. (633 active)
<DWph=2> <it=  3> <et=345.05> <Mt= 0.10> <Spt= 0.19> <nCl=  7> <DB= 4450.5290> <Mlp= 4450.5290> <PB=22193> 
<DWph=1> <it=  4> <et=345.13> <Mt= 0.00> <Spt= 0.07> <nCl=  0> <DB= 4450.5290> <Mlp= 4450.5290> <PB=22193> 
<DWph=0> <it=  8> <et=345.50> <Mt= 0.03> <Spt= 0.34> <nCl=100> <DB= 4450.5279> <Mlp= 4450.5279> <PB=22193> 
ColGenEvalAlg final dual bound: 4450.53 (rounded: 4450.53)
----- Add fac. cuts : R1C(127), max.viol = 0.0516192, aver.viol = 0.0309627, sep/add took 0.800751/0.342892 sec. -----
35150 columns (6841 active), 1273 dyn. constrs. (209 active), 1881 art. vars. (451 active)
<DWph=2> <it=  1> <et=346.82> <Mt= 0.04> <Spt= 0.08> <nCl=  0> <DB= 4450.5669> <Mlp= 4450.5669> <PB=22193> 
<DWph=1> <it=  4> <et=346.98> <Mt= 0.00> <Spt= 0.16> <nCl=  4> <DB= 4450.5643> <Mlp= 4450.5643> <PB=22193> 
<DWph=0> <it=  8> <et=347.27> <Mt= 0.02> <Spt= 0.26> <nCl= 64> <DB= 4450.5526> <Mlp= 4450.5526> <PB=22193> 
ColGenEvalAlg final dual bound: 4450.55 (rounded: 4450.55)
----- Add fac. cuts : R1C(189), max.viol = 0.0499231, aver.viol = 0.024274, sep/add took 0.801641/0.510278 sec. -----
35218 columns (6909 active), 1157 dyn. constrs. (274 active), 2070 art. vars. (516 active)
<DWph=2> <it=  1> <et=348.77> <Mt= 0.05> <Spt= 0.07> <nCl=  1> <DB= 4450.5937> <Mlp= 4450.5937> <PB=22193> 
<DWph=1> <it=  2> <et=348.85> <Mt= 0.00> <Spt= 0.08> <nCl=  0> <DB= 4450.5937> <Mlp= 4450.5937> <PB=22193> 
<DWph=0> <it=  6> <et=349.15> <Mt= 0.03> <Spt= 0.27> <nCl= 52> <DB= 4450.5906> <Mlp= 4450.5906> <PB=22193> 
ColGenEvalAlg final dual bound: 4450.59 (rounded: 4450.59)
----- Cut generation is stopped due to tailing off -----
SB exact phase 3 branch on var x[(36, 40)]_0_4275_0_OspV (lhs=0.112994) : [4462.0871, 4450.5906], tree depth = 1e+12, tree size = 1e+12, score = -0.296
************************************************************************************************
**** BaB tree node (N° 21, parent N° 19, depth 10)
**** Local DB = 4450.59, global bounds : [ 4445.12 , 22193 ], TIME = 0h5m49s25t = 34925
**** 11 open nodes, 35004 columns (6962 active), 849 dyn. constrs. (88 active), 1091 art. vars. (330 active)
************************************************************************************************
**** Strong branching phase 1 is started *****
SB phase 1 cand.  1 branch on var x[(24, 71)]_0_2854_0_OspV (lhs=0.8861)   : [ 4451.5143,  4455.1500], score = 4.21 (h)  <et=349.41>
SB phase 1 cand.  2 branch on colGenSp (10.9383)                           : [ 4450.5906,  4456.0400], score = 0.00      <et=349.72>
SB phase 1 cand.  3 branch on var x[(10, 107)]_0_1196_0_OspV (lhs=0.9796)  : [ 4450.5935, 17771.6449], score = 37.86 (h)  <et=349.79>
SB phase 1 cand.  4 branch on var x[(42, 105)]_0_5066_0_OspV (lhs=0.0153)  : [ 4450.6007,  4455.0153], score = 0.04 (h)  <et=349.87>
SB phase 1 cand.  7 branch on var x[(8, 19)]_0_866_0_OspV (lhs=0.8352)     : [ 4452.4875,  4454.5097], score = 7.43 (h)  <et=350.14>
SB phase 1 cand.  9 branch on var x[(116, 4)]_0_13920_0_OspV (lhs=0.4822)  : [ 4452.1843,  4457.4727], score = 10.97 (h)  <et=350.4>
SB phase 1 cand. 10 branch on var x[(30, 4)]_0_3514_0_OspV (lhs=0.3384)    : [ 4453.8000,  4454.2447], score = 11.73 (h)  <et=350.55>
**** Strong branching phase 2 is started *****
<DWph=1> <it= 30> <et=355.43> <Mt= 1.17> <Spt= 1.79> <nCl=470> <DB= 4473.6300> <Mlp= 4473.6300> <PB=22193> 
<DWph=1> <it=  2> <et=355.74> <Mt= 0.00> <Spt= 0.15> <nCl=  1> <DB= 4450.5935> <Mlp= 4450.5935> <PB=22193> 
SB phase 2 cand.  1 branch on var x[(10, 107)]_0_1196_0_OspV (lhs=0.9796): [ 4450.5935,  4473.6300], score = 0.07 (h)  <et=355.77>
<DWph=1> <it= 14> <et=356.68> <Mt= 0.08> <Spt= 0.72> <nCl= 92> <DB= 4454.1211> <Mlp= 4454.1211> <PB=22193> 
<DWph=1> <it=  5> <et=357.11> <Mt= 0.02> <Spt= 0.28> <nCl= 11> <DB= 4453.8000> <Mlp= 4453.8000> <PB=22193> 
SB phase 2 cand.  2 branch on var x[(30, 4)]_0_3514_0_OspV (lhs=0.3384)  : [ 4453.8000,  4454.1211], score = 11.33 (h)  <et=357.14>
<DWph=1> <it= 29> <et=358.82> <Mt= 0.26> <Spt= 1.31> <nCl=377> <DB= 4456.0175> <Mlp= 4456.0175> <PB=22193> 
<DWph=1> <it=  5> <et=359.25> <Mt= 0.02> <Spt= 0.28> <nCl=  8> <DB= 4452.1631> <Mlp= 4452.1631> <PB=22193> 
SB phase 2 cand.  3 branch on var x[(116, 4)]_0_13920_0_OspV (lhs=0.4822): [ 4452.1631,  4456.0175], score = 8.53 (h)  <et=359.28>
**** Strong branching phase 3 is started *****
**** SB phase 3 evaluation of candidate 1, branch 1 ( x[(30, 4)]_0_3514_0_OspV <= 0 ), value = 4454.12
<DWph=2> <it=  1> <et=359.47> <Mt= 0.01> <Spt= 0.06> <nCl=  1> <DB= 4454.1211> <Mlp= 4454.1211> <PB=22193> 
<DWph=1> <it=  2> <et=359.55> <Mt= 0.00> <Spt= 0.08> <nCl=  2> <DB= 4454.1211> <Mlp= 4454.1211> <PB=22193> 
----- Add core cuts : CAP(5), max.viol = 1, aver.viol = 1, sep/add took 0.00363174/0.124175 sec. -----
<DWph=0> <it= 10> <et=360.32> <Mt= 0.20> <Spt= 0.44> <nCl=636> <DB= 4433.7422> <Mlp= 4453.8152> <PB=22193> 
<DWph=0> <it= 15> <et=360.75> <Mt= 0.07> <Spt= 0.36> <nCl=164> <DB= 4453.6919> <Mlp= 4453.6919> <PB=22193> 
ColGenEvalAlg final dual bound: 4453.69 (rounded: 4453.69)
----- Add fac. cuts : CAP(2) R1C(290), max.viol = 0.112903, aver.viol = 0.0682722, sep/add took 0.176258/0.886654 sec. -----
36573 columns (7857 active), 1121 dyn. constrs. (353 active), 1371 art. vars. (595 active)
<DWph=2> <it=  1> <et=362.03> <Mt= 0.08> <Spt= 0.09> <nCl= 37> <DB= 4453.8980> <Mlp= 4453.8980> <PB=22193> 
<DWph=1> <it=  2> <et=362.12> <Mt= 0.01> <Spt= 0.08> <nCl= 10> <DB= 4453.8980> <Mlp= 4453.8980> <PB=22193> 
<DWph=0> <it=  7> <et=362.66> <Mt= 0.03> <Spt= 0.51> <nCl=454> <DB= 4453.8597> <Mlp= 4453.8597> <PB=22193> 
ColGenEvalAlg final dual bound: 4453.86 (rounded: 4453.86)
----- Add fac. cuts : CAP(3) R1C(311), max.viol = 0.114977, aver.viol = 0.0655452, sep/add took 0.458998/1.05807 sec. -----
37074 columns (8358 active), 1435 dyn. constrs. (385 active), 1685 art. vars. (627 active)
<DWph=2> <it=  2> <et=364.44> <Mt= 0.09> <Spt= 0.14> <nCl= 20> <DB= 4454.0446> <Mlp= 4454.0446> <PB=22193> 
<DWph=1> <it=  3> <et=364.52> <Mt= 0.00> <Spt= 0.08> <nCl= 10> <DB= 4454.0446> <Mlp= 4454.0446> <PB=22193> 
<DWph=0> <it=  6> <et=364.87> <Mt= 0.02> <Spt= 0.32> <nCl=301> <DB= 4454.0432> <Mlp= 4454.0432> <PB=22193> 
ColGenEvalAlg final dual bound: 4454.04 (rounded: 4454.04)
----- Add fac. cuts : CAP(1) R1C(374), max.viol = 0.0823713, aver.viol = 0.0394357, sep/add took 0.79047/1.34216 sec. -----
37405 columns (8689 active), 1540 dyn. constrs. (450 active), 2060 art. vars. (692 active)
<DWph=2> <it=  3> <et=367.41> <Mt= 0.11> <Spt= 0.23> <nCl= 31> <DB= 4454.1565> <Mlp= 4454.1565> <PB=22193> 
<DWph=1> <it=  5> <et=367.54> <Mt= 0.01> <Spt= 0.13> <nCl= 17> <DB= 4454.1565> <Mlp= 4454.1565> <PB=22193> 
<DWph=0> <it=  8> <et=367.90> <Mt= 0.03> <Spt= 0.32> <nCl=287> <DB= 4454.1394> <Mlp= 4454.1394> <PB=22193> 
ColGenEvalAlg final dual bound: 4454.14 (rounded: 4454.14)
----- Add fac. cuts : R1C(400), max.viol = 0.0548184, aver.viol = 0.0265937, sep/add took 0.835147/1.67882 sec. -----
37740 columns (9024 active), 1631 dyn. constrs. (473 active), 2460 art. vars. (715 active)
<DWph=2> <it=  2> <et=370.74> <Mt= 0.08> <Spt= 0.15> <nCl=  6> <DB= 4454.3274> <Mlp= 4454.3274> <PB=22193> 
<DWph=1> <it=  3> <et=370.83> <Mt= 0.01> <Spt= 0.08> <nCl=  0> <DB= 4454.3274> <Mlp= 4454.3274> <PB=22193> 
<DWph=0> <it=  9> <et=371.48> <Mt= 0.11> <Spt= 0.54> <nCl=332> <DB= 4454.2905> <Mlp= 4454.2905> <PB=22193> 
ColGenEvalAlg final dual bound: 4454.29 (rounded: 4454.29)
----- Add fac. cuts : R1C(442), max.viol = 0.0884354, aver.viol = 0.0437098, sep/add took 0.607361/1.67982 sec. -----
38078 columns (9362 active), 1701 dyn. constrs. (505 active), 2902 art. vars. (747 active)
<DWph=2> <it=  1> <et=374.00> <Mt= 0.07> <Spt= 0.08> <nCl=  6> <DB= 4454.3645> <Mlp= 4454.3645> <PB=22193> 
<DWph=1> <it=  2> <et=374.08> <Mt= 0.00> <Spt= 0.07> <nCl=  1> <DB= 4454.3645> <Mlp= 4454.3645> <PB=22193> 
<DWph=0> <it=  4> <et=374.39> <Mt= 0.03> <Spt= 0.28> <nCl=219> <DB= 4454.3618> <Mlp= 4454.3618> <PB=22193> 
ColGenEvalAlg final dual bound: 4454.36 (rounded: 4454.36)
----- Cut generation is stopped due to tailing off -----
**** SB phase 3 evaluation of candidate 1, branch 2 ( x[(30, 4)]_0_3514_0_OspV >= 1 ), value = 4453.8
<DWph=2> <it=  5> <et=375.28> <Mt= 0.21> <Spt= 0.25> <nCl=152> <DB= 4337.0416> <Mlp= 4453.8000> <PB=22193> 
<DWph=1> <it=  9> <et=375.55> <Mt= 0.03> <Spt= 0.24> <nCl= 41> <DB= 4453.8000> <Mlp= 4453.8000> <PB=22193> 
<DWph=0> <it= 10> <et=375.62> <Mt= 0.00> <Spt= 0.07> <nCl=150> <DB= 4431.0000> <Mlp= 4453.8000> <PB=22193> 
<DWph=0> <it= 12> <et=375.79> <Mt= 0.01> <Spt= 0.16> <nCl= 72> <DB= 4453.7674> <Mlp= 4453.7674> <PB=22193> 
ColGenEvalAlg final dual bound: 4453.77 (rounded: 4453.77)
----- Add fac. cuts : R1C(152), max.viol = 0.18388, aver.viol = 0.0799729, sep/add took 0.0185168/0.449845 sec. -----
37863 columns (7388 active), 1011 dyn. constrs. (221 active), 1253 art. vars. (463 active)
<DWph=2> <it=  1> <et=376.39> <Mt= 0.02> <Spt= 0.08> <nCl=  6> <DB= 4453.9008> <Mlp= 4453.9008> <PB=22193> 
<DWph=1> <it=  3> <et=376.51> <Mt= 0.01> <Spt= 0.11> <nCl=  5> <DB= 4453.9008> <Mlp= 4453.9008> <PB=22193> 
<DWph=0> <it=  4> <et=376.66> <Mt= 0.00> <Spt= 0.15> <nCl= 90> <DB= 4453.9008> <Mlp= 4453.9008> <PB=22193> 
ColGenEvalAlg final dual bound: 4453.9 (rounded: 4453.9)
----- Add fac. cuts : R1C(304), max.viol = 0.0923695, aver.viol = 0.0493751, sep/add took 0.280357/0.827356 sec. -----
37964 columns (7489 active), 1315 dyn. constrs. (380 active), 1557 art. vars. (622 active)
<DWph=2> <it=  1> <et=377.92> <Mt= 0.03> <Spt= 0.08> <nCl=  8> <DB= 4453.9806> <Mlp= 4453.9806> <PB=22193> 
<DWph=1> <it=  2> <et=378.01> <Mt= 0.01> <Spt= 0.09> <nCl=  3> <DB= 4453.9806> <Mlp= 4453.9806> <PB=22193> 
<DWph=0> <it=  6> <et=378.37> <Mt= 0.04> <Spt= 0.32> <nCl=130> <DB= 4453.9476> <Mlp= 4453.9476> <PB=22193> 
ColGenEvalAlg final dual bound: 4453.95 (rounded: 4453.95)
----- Add fac. cuts : R1C(377), max.viol = 0.119048, aver.viol = 0.0420614, sep/add took 0.566653/1.21545 sec. -----
38105 columns (7630 active), 1549 dyn. constrs. (456 active), 1934 art. vars. (698 active)
<DWph=2> <it=  1> <et=380.32> <Mt= 0.04> <Spt= 0.08> <nCl=  1> <DB= 4454.0240> <Mlp= 4454.0240> <PB=22193> 
<DWph=1> <it=  2> <et=380.41> <Mt= 0.00> <Spt= 0.08> <nCl=  1> <DB= 4454.0240> <Mlp= 4454.0240> <PB=22193> 
<DWph=0> <it=  6> <et=380.72> <Mt= 0.04> <Spt= 0.28> <nCl= 62> <DB= 4454.0238> <Mlp= 4454.0238> <PB=22193> 
ColGenEvalAlg final dual bound: 4454.02 (rounded: 4454.02)
----- Add fac. cuts : R1C(423), max.viol = 0.104112, aver.viol = 0.0466656, sep/add took 0.747396/1.48891 sec. -----
38169 columns (7694 active), 1676 dyn. constrs. (509 active), 2357 art. vars. (751 active)
<DWph=2> <it=  3> <et=383.32> <Mt= 0.09> <Spt= 0.19> <nCl=  2> <DB= 4454.0996> <Mlp= 4454.0996> <PB=22193> 
<DWph=1> <it=  4> <et=383.41> <Mt= 0.01> <Spt= 0.09> <nCl=  0> <DB= 4454.0996> <Mlp= 4454.0996> <PB=22193> 
<DWph=0> <it= 10> <et=384.01> <Mt= 0.11> <Spt= 0.47> <nCl=142> <DB= 4454.0801> <Mlp= 4454.0801> <PB=22193> 
ColGenEvalAlg final dual bound: 4454.08 (rounded: 4454.08)
----- Add fac. cuts : R1C(474), max.viol = 0.0668476, aver.viol = 0.0386445, sep/add took 0.760993/1.39759 sec. -----
38313 columns (7838 active), 1783 dyn. constrs. (564 active), 2831 art. vars. (806 active)
<DWph=2> <it=  1> <et=386.43> <Mt= 0.07> <Spt= 0.08> <nCl=  2> <DB= 4454.1540> <Mlp= 4454.1540> <PB=22193> 
<DWph=1> <it=  2> <et=386.52> <Mt= 0.01> <Spt= 0.08> <nCl=  0> <DB= 4454.1540> <Mlp= 4454.1540> <PB=22193> 
<DWph=0> <it=  6> <et=386.94> <Mt= 0.03> <Spt= 0.39> <nCl=164> <DB= 4454.1529> <Mlp= 4454.1529> <PB=22193> 
ColGenEvalAlg final dual bound: 4454.15 (rounded: 4454.15)
----- Cut generation is stopped due to tailing off -----
SB exact phase 3 branch on var x[(30, 4)]_0_3514_0_OspV (lhs=0.338422) : [4454.3618, 4454.1529], tree depth = 1e+12, tree size = 1e+12, score = -0.2728 (h)
************************************************************************************************
**** BaB tree node (N° 23, parent N° 21, depth 11)
**** Local DB = 4454.15, global bounds : [ 4445.12 , 22193 ], TIME = 0h6m27s14t = 38714
**** 12 open nodes, 38479 columns (8004 active), 897 dyn. constrs. (88 active), 1139 art. vars. (330 active)
************************************************************************************************
**** Strong branching phase 1 is started *****
SB phase 1 cand.  1 branch on var x[(24, 71)]_0_2854_0_OspV (lhs=0.6671)   : [ 4455.8614,  4459.1100], score = 8.47 (h)  <et=387.3>
SB phase 1 cand.  2 branch on var x[(120, 25)]_0_14425_0_OspV (lhs=0.4947) : [ 4454.1529,  4454.1529], score = 0.00      <et=387.33>
SB phase 1 cand.  3 branch on var x[(83, 19)]_0_9942_0_OspV (lhs=0.1593)   : [ 4454.2188,  5156.5128], score = 46.24 (h)  <et=387.45>
SB phase 1 cand.  5 branch on var x[(42, 105)]_0_5066_0_OspV (lhs=0.0080)  : [ 4454.1552,  4456.7500], score = 0.01 (h)  <et=387.53>
SB phase 1 cand.  9 branch on var x[(8, 19)]_0_866_0_OspV (lhs=0.4667)     : [ 4455.2060,  4460.4500], score = 6.63 (h)  <et=387.76>
SB phase 1 cand. 13 branch on var x[(7, 103)]_0_829_0_OspV (lhs=0.4901)    : [ 4457.8426,  4458.6214], score = 16.49 (h)  <et=388.1>
**** Strong branching phase 2 is started *****
----- Add core cuts : CAP(4), max.viol = 1, aver.viol = 1, sep/add took 0.00305764/0.0727876 sec. -----
----- Add core cuts : CAP(1), max.viol = 1, aver.viol = 1, sep/add took 0.00113196/0.00533576 sec. -----
<DWph=1> <it= 38> <et=393.85> <Mt= 0.53> <Spt= 1.82> <nCl=494> <DB= 4464.9000> <Mlp= 4464.9000> <PB=22193> 
<DWph=1> <it=  2> <et=394.20> <Mt= 0.01> <Spt= 0.15> <nCl=  1> <DB= 4454.2188> <Mlp= 4454.2188> <PB=22193> 
SB phase 2 cand.  1 branch on var x[(83, 19)]_0_9942_0_OspV (lhs=0.1593): [ 4454.2188,  4464.9000], score = 0.71 (h)  <et=394.24>
<DWph=2> <it=  8> <et=394.80> <Mt= 0.14> <Spt= 0.31> <nCl= 32> <DB= 4413.7574> <Mlp= 4456.9071> <PB=22193> 
<DWph=1> <it= 16> <et=395.36> <Mt= 0.12> <Spt= 0.44> <nCl=127> <DB= 4456.8595> <Mlp= 4456.8595> <PB=22193> 
<DWph=1> <it= 10> <et=396.22> <Mt= 0.13> <Spt= 0.59> <nCl=101> <DB= 4456.4357> <Mlp= 4456.4357> <PB=22193> 
SB phase 2 cand.  2 branch on var x[(7, 103)]_0_829_0_OspV (lhs=0.4901) : [ 4456.4357,  4456.8595], score = 6.18 (h)  <et=396.25>
<DWph=1> <it= 17> <et=397.40> <Mt= 0.12> <Spt= 0.92> <nCl=176> <DB= 4458.4212> <Mlp= 4458.4212> <PB=22193> 
<DWph=1> <it=  9> <et=398.09> <Mt= 0.04> <Spt= 0.50> <nCl= 21> <DB= 4455.8614> <Mlp= 4455.8614> <PB=22193> 
SB phase 2 cand.  3 branch on var x[(24, 71)]_0_2854_0_OspV (lhs=0.6671): [ 4455.8614,  4458.4212], score = 7.29 (h)  <et=398.12>
**** Strong branching phase 3 is started *****
**** SB phase 3 evaluation of candidate 1, branch 1 ( x[(24, 71)]_0_2854_0_OspV >= 1 ), value = 4458.42
<DWph=2> <it=  1> <et=398.33> <Mt= 0.00> <Spt= 0.07> <nCl=  0> <DB= 4458.4212> <Mlp= 4458.4212> <PB=22193> 
<DWph=1> <it=  2> <et=398.40> <Mt= 0.00> <Spt= 0.07> <nCl=  0> <DB= 4458.4212> <Mlp= 4458.4212> <PB=22193> 
<DWph=0> <it= 10> <et=399.04> <Mt= 0.11> <Spt= 0.53> <nCl=558> <DB= 4454.1500> <Mlp= 4457.3125> <PB=22193> 
<DWph=0> <it= 11> <et=399.15> <Mt= 0.00> <Spt= 0.10> <nCl= 52> <DB= 4457.3125> <Mlp= 4457.3125> <PB=22193> 
ColGenEvalAlg final dual bound: 4457.31 (rounded: 4457.31)
----- Add fac. cuts : CAP(6) R1C(223), max.viol = 0.5, aver.viol = 0.230895, sep/add took 0.416277/0.97846 sec. -----
40041 columns (8790 active), 1099 dyn. constrs. (283 active), 1350 art. vars. (525 active)
<DWph=2> <it=  1> <et=400.75> <Mt= 0.09> <Spt= 0.08> <nCl= 17> <DB= 4458.0800> <Mlp= 4458.0800> <PB=22193> 
<DWph=1> <it=  6> <et=401.06> <Mt= 0.06> <Spt= 0.25> <nCl= 28> <DB= 4458.0800> <Mlp= 4458.0800> <PB=22193> 
<DWph=0> <it= 10> <et=401.42> <Mt= 0.07> <Spt= 0.29> <nCl=206> <DB= 4456.4747> <Mlp= 4458.0120> <PB=22193> 
<DWph=0> <it= 11> <et=401.56> <Mt= 0.00> <Spt= 0.13> <nCl= 86> <DB= 4458.0120> <Mlp= 4458.0120> <PB=22193> 
ColGenEvalAlg final dual bound: 4458.01 (rounded: 4458.01)
----- Add fac. cuts : CAP(2) R1C(554), max.viol = 0.592179, aver.viol = 0.226149, sep/add took 0.67682/2.13506 sec. -----
40378 columns (9127 active), 1655 dyn. constrs. (624 active), 1906 art. vars. (866 active)
<DWph=2> <it=  3> <et=405.26> <Mt= 0.61> <Spt= 0.25> <nCl= 36> <DB= 4458.2667> <Mlp= 4458.2667> <PB=22193> 
<DWph=1> <it=  4> <et=405.35> <Mt= 0.01> <Spt= 0.08> <nCl=  4> <DB= 4458.2667> <Mlp= 4458.2667> <PB=22193> 
<DWph=0> <it= 10> <et=406.05> <Mt= 0.05> <Spt= 0.65> <nCl=515> <DB= 4458.2667> <Mlp= 4458.2667> <PB=22193> 
ColGenEvalAlg final dual bound: 4458.27 (rounded: 4458.27)
----- Add fac. cuts : R1C(394), max.viol = 0.5, aver.viol = 0.333756, sep/add took 0.363963/1.58697 sec. -----
40933 columns (9682 active), 1837 dyn. constrs. (483 active), 2300 art. vars. (725 active)
<DWph=2> <it=  7> <et=408.71> <Mt= 0.17> <Spt= 0.42> <nCl= 30> <DB= 4458.6769> <Mlp= 4458.6769> <PB=22193> 
<DWph=1> <it= 10> <et=408.87> <Mt= 0.04> <Spt= 0.14> <nCl= 15> <DB= 4444.3925> <Mlp= 4458.6769> <PB=22193> 
<DWph=1> <it= 12> <et=409.06> <Mt= 0.02> <Spt= 0.16> <nCl=  6> <DB= 4458.6769> <Mlp= 4458.6769> <PB=22193> 
<DWph=0> <it= 18> <et=410.25> <Mt= 0.49> <Spt= 0.64> <nCl=506> <DB= 4458.6136> <Mlp= 4458.6136> <PB=22193> 
ColGenEvalAlg final dual bound: 4458.61 (rounded: 4458.61)
----- Cut generation is stopped due to tailing off -----
**** SB phase 3 evaluation of candidate 1, branch 2 ( x[(24, 71)]_0_2854_0_OspV <= 0 ), value = 4455.86
<DWph=2> <it=  3> <et=411.03> <Mt= 0.14> <Spt= 0.16> <nCl= 90> <DB= 3954.4337> <Mlp= 4455.8614> <PB=22193> 
<DWph=1> <it=  7> <et=411.38> <Mt= 0.06> <Spt= 0.30> <nCl= 78> <DB= 4455.8614> <Mlp= 4455.8614> <PB=22193> 
<DWph=0> <it= 10> <et=411.62> <Mt= 0.00> <Spt= 0.23> <nCl=149> <DB= 4452.5614> <Mlp= 4455.8614> <PB=22193> 
<DWph=0> <it= 13> <et=411.83> <Mt= 0.01> <Spt= 0.20> <nCl= 32> <DB= 4455.8614> <Mlp= 4455.8614> <PB=22193> 
ColGenEvalAlg final dual bound: 4455.86 (rounded: 4455.86)
----- Add fac. cuts : CAP(5) R1C(155), max.viol = 0.368421, aver.viol = 0.0805373, sep/add took 0.0159866/0.59986 sec. -----
40801 columns (8374 active), 1074 dyn. constrs. (231 active), 1316 art. vars. (473 active)
<DWph=2> <it=  2> <et=412.73> <Mt= 0.10> <Spt= 0.16> <nCl=  9> <DB= 4456.6286> <Mlp= 4456.6286> <PB=22193> 
<DWph=1> <it=  5> <et=412.91> <Mt= 0.01> <Spt= 0.17> <nCl=  9> <DB= 4456.6286> <Mlp= 4456.6286> <PB=22193> 
<DWph=0> <it=  9> <et=413.30> <Mt= 0.05> <Spt= 0.33> <nCl=135> <DB= 4456.5842> <Mlp= 4456.5842> <PB=22193> 
ColGenEvalAlg final dual bound: 4456.58 (rounded: 4456.58)
----- Add fac. cuts : R1C(252), max.viol = 0.138462, aver.viol = 0.0645299, sep/add took 0.247252/0.828292 sec. -----
40954 columns (8527 active), 1326 dyn. constrs. (331 active), 1568 art. vars. (573 active)
<DWph=2> <it=  1> <et=414.52> <Mt= 0.02> <Spt= 0.08> <nCl=  3> <DB= 4456.6643> <Mlp= 4456.6643> <PB=22193> 
<DWph=1> <it=  2> <et=414.61> <Mt= 0.01> <Spt= 0.09> <nCl=  2> <DB= 4456.6643> <Mlp= 4456.6643> <PB=22193> 
<DWph=0> <it=  3> <et=414.71> <Mt= 0.00> <Spt= 0.10> <nCl=  7> <DB= 4456.6643> <Mlp= 4456.6643> <PB=22193> 
ColGenEvalAlg final dual bound: 4456.66 (rounded: 4456.66)
----- Add fac. cuts : R1C(406), max.viol = 0.142857, aver.viol = 0.142153, sep/add took 0.310079/1.35284 sec. -----
40966 columns (8539 active), 1586 dyn. constrs. (482 active), 1974 art. vars. (724 active)
<DWph=2> <it=  2> <et=416.61> <Mt= 0.02> <Spt= 0.15> <nCl=  5> <DB= 4456.6899> <Mlp= 4456.6899> <PB=22193> 
<DWph=1> <it=  3> <et=416.70> <Mt= 0.00> <Spt= 0.08> <nCl=  0> <DB= 4456.6899> <Mlp= 4456.6899> <PB=22193> 
<DWph=0> <it=  5> <et=416.89> <Mt= 0.02> <Spt= 0.18> <nCl= 33> <DB= 4456.6846> <Mlp= 4456.6846> <PB=22193> 
ColGenEvalAlg final dual bound: 4456.68 (rounded: 4456.68)
----- Add fac. cuts : R1C(403), max.viol = 0.192308, aver.viol = 0.0636572, sep/add took 0.56056/1.41407 sec. -----
41004 columns (8577 active), 1740 dyn. constrs. (477 active), 2377 art. vars. (719 active)
<DWph=2> <it=  1> <et=419.03> <Mt= 0.03> <Spt= 0.07> <nCl=  0> <DB= 4456.7541> <Mlp= 4456.7541> <PB=22193> 
<DWph=1> <it=  2> <et=419.11> <Mt= 0.00> <Spt= 0.08> <nCl=  0> <DB= 4456.7541> <Mlp= 4456.7541> <PB=22193> 
<DWph=0> <it=  3> <et=419.23> <Mt= 0.00> <Spt= 0.11> <nCl= 10> <DB= 4456.7541> <Mlp= 4456.7541> <PB=22193> 
ColGenEvalAlg final dual bound: 4456.75 (rounded: 4456.75)
----- Add fac. cuts : R1C(529), max.viol = 0.132653, aver.viol = 0.0740326, sep/add took 0.632353/1.99424 sec. -----
41014 columns (8587 active), 1862 dyn. constrs. (603 active), 2906 art. vars. (845 active)
<DWph=2> <it=  1> <et=422.05> <Mt= 0.03> <Spt= 0.08> <nCl=  0> <DB= 4456.7739> <Mlp= 4456.7739> <PB=22193> 
<DWph=1> <it=  2> <et=422.14> <Mt= 0.00> <Spt= 0.08> <nCl=  0> <DB= 4456.7739> <Mlp= 4456.7739> <PB=22193> 
<DWph=0> <it=  5> <et=422.50> <Mt= 0.03> <Spt= 0.34> <nCl= 77> <DB= 4456.7739> <Mlp= 4456.7739> <PB=22193> 
ColGenEvalAlg final dual bound: 4456.77 (rounded: 4456.77)
----- Add fac. cuts : R1C(505), max.viol = 0.170124, aver.viol = 0.0956493, sep/add took 0.538152/1.84316 sec. -----
41091 columns (8664 active), 1966 dyn. constrs. (585 active), 3411 art. vars. (827 active)
<DWph=2> <it=  1> <et=425.14> <Mt= 0.07> <Spt= 0.08> <nCl=  0> <DB= 4456.8359> <Mlp= 4456.8359> <PB=22193> 
<DWph=1> <it=  2> <et=425.23> <Mt= 0.01> <Spt= 0.08> <nCl=  0> <DB= 4456.8359> <Mlp= 4456.8359> <PB=22193> 
<DWph=0> <it=  5> <et=425.55> <Mt= 0.04> <Spt= 0.27> <nCl= 38> <DB= 4456.8275> <Mlp= 4456.8275> <PB=22193> 
ColGenEvalAlg final dual bound: 4456.83 (rounded: 4456.83)
----- Cut generation is stopped due to tailing off -----
SB exact phase 3 branch on var x[(24, 71)]_0_2854_0_OspV (lhs=0.667125) : [4458.6136, 4456.8275], tree depth = 1e+12, tree size = 1e+12, score = -0.2866 (h)
************************************************************************************************
**** BaB tree node (N° 25, parent N° 23, depth 12)
**** Local DB = 4456.83, global bounds : [ 4445.12 , 22193 ], TIME = 0h7m5s80t = 42580
**** 13 open nodes, 41129 columns (8702 active), 944 dyn. constrs. (81 active), 1186 art. vars. (323 active)
************************************************************************************************
**** Strong branching phase 1 is started *****
SB phase 1 cand.  1 branch on var x[(7, 103)]_0_829_0_OspV (lhs=0.4667)    : [ 4457.6333,  4457.9912], score = 0.94 (h)  <et=425.9>
SB phase 1 cand.  2 branch on var x[(110, 0)]_0_13190_0_OspV (lhs=0.5167)  : [ 4456.9207,  4457.1815], score = 0.03      <et=425.99>
SB phase 1 cand.  3 branch on var x[(10, 107)]_0_1196_0_OspV (lhs=0.9500)  : [ 4456.8597, 17778.0667], score = 429.40 (h)  <et=426.14>
SB phase 1 cand.  4 branch on var x[(110, 60)]_0_13250_0_OspV (lhs=0.4833) : [ 4456.9207,  4458.5772], score = 0.16      <et=426.24>
SB phase 1 cand.  6 branch on var x[(71, 19)]_0_8490_0_OspV (lhs=0.5500)   : [ 4457.2706,  7133.5200], score = 1186.01      <et=426.39>
SB phase 1 cand.  9 branch on var x[(116, 54)]_0_13970_0_OspV (lhs=0.2000) : [ 4457.1961,  4466.9000], score = 3.71 (h)  <et=426.62>
SB phase 1 cand. 19 branch on var x[(22, 105)]_0_2646_0_OspV (lhs=0.5833)  : [ 4458.1667,  4459.7188], score = 3.87 (h)  <et=427.43>
SB phase 1 cand. 34 branch on var x[(8, 71)]_0_918_0_OspV (lhs=0.6500)     : [ 4458.6500,  4459.8978], score = 5.60      <et=428.7>
SB phase 1 cand. 40 branch on var x[(106, 12)]_0_12718_0_OspV (lhs=0.7000) : [ 4461.8500,  4466.8563], score = 50.37      <et=429.19>
SB phase 1 cand. 42 branch on var x[(118, 49)]_0_14207_0_OspV (lhs=0.7000) : [ 4460.2000,  5605.5223], score = 3873.97      <et=429.44>
**** Strong branching phase 2 is started *****
<DWph=2> <it= 12> <et=431.12> <Mt= 0.29> <Spt= 0.65> <nCl=198> <DB= 4455.6667> <Mlp= 4460.5333> <PB=22193> 
----- Add core cuts : CAP(11), max.viol = 1, aver.viol = 1, sep/add took 0.00827062/0.38879 sec. -----
<DWph=1> <it= 15> <et=431.79> <Mt= 0.10> <Spt= 0.18> <nCl= 58> <DB= 4460.3000> <Mlp= 4460.3000> <PB=22193> 
<DWph=1> <it=  4> <et=432.29> <Mt= 0.02> <Spt= 0.27> <nCl= 13> <DB= 4460.1435> <Mlp= 4460.1435> <PB=22193> 
SB phase 2 cand.  1 branch on var x[(118, 49)]_0_14207_0_OspV (lhs=0.7000): [ 4460.1435,  4460.3000], score = 11.51      <et=432.32>
<DWph=1> <it= 12> <et=433.48> <Mt= 0.33> <Spt= 0.71> <nCl=170> <DB= 4460.0000> <Mlp= 4460.0000> <PB=22193> 
<DWph=1> <it=  3> <et=433.86> <Mt= 0.00> <Spt= 0.24> <nCl=  4> <DB= 4457.2706> <Mlp= 4457.2706> <PB=22193> 
SB phase 2 cand.  2 branch on var x[(71, 19)]_0_8490_0_OspV (lhs=0.5500)  : [ 4457.2706,  4460.0000], score = 1.41      <et=433.89>
<DWph=1> <it= 27> <et=436.49> <Mt= 1.18> <Spt= 1.31> <nCl=390> <DB= 4479.3667> <Mlp= 4479.3667> <PB=22193> 
<DWph=1> <it=  3> <et=436.88> <Mt= 0.01> <Spt= 0.23> <nCl=  3> <DB= 4456.8586> <Mlp= 4456.8586> <PB=22193> 
SB phase 2 cand.  3 branch on var x[(10, 107)]_0_1196_0_OspV (lhs=0.9500) : [ 4456.8586,  4479.3667], score = 0.70 (h)  <et=436.91>
**** Strong branching phase 3 is started *****
**** SB phase 3 evaluation of candidate 1, branch 1 ( x[(118, 49)]_0_14207_0_OspV >= 1 ), value = 4460.3
<DWph=2> <it=  1> <et=437.20> <Mt= 0.05> <Spt= 0.09> <nCl= 42> <DB= 4460.3000> <Mlp= 4460.3000> <PB=22193> 
<DWph=1> <it=  6> <et=437.48> <Mt= 0.03> <Spt= 0.25> <nCl= 74> <DB= 4460.3000> <Mlp= 4460.3000> <PB=22193> 
<DWph=0> <it=  9> <et=437.77> <Mt= 0.05> <Spt= 0.24> <nCl=259> <DB= 4460.3000> <Mlp= 4460.3000> <PB=22193> 
ColGenEvalAlg final dual bound: 4460.3 (rounded: 4460.3)
----- Add fac. cuts : CAP(1) R1C(1), max.viol = 0.5, aver.viol = 0.375, sep/add took 0.303796/0.0329879 sec. -----
42340 columns (9333 active), 930 dyn. constrs. (68 active), 1176 art. vars. (310 active)
<DWph=2> <it= 10> <et=438.81> <Mt= 0.13> <Spt= 0.53> <nCl= 95> <DB= 4459.4000> <Mlp= 4461.5556> <PB=22193> 
<DWph=1> <it= 15> <et=439.12> <Mt= 0.01> <Spt= 0.29> <nCl= 59> <DB= 4461.5000> <Mlp= 4461.5000> <PB=22193> 
<DWph=0> <it= 16> <et=439.17> <Mt= 0.00> <Spt= 0.06> <nCl= 48> <DB= 4461.5000> <Mlp= 4461.5000> <PB=22193> 
ColGenEvalAlg final dual bound: 4461.5 (rounded: 4461.5)
----- Add fac. cuts : CAP(1) R1C(182), max.viol = 0.5, aver.viol = 0.5, sep/add took 0.313438/0.804028 sec. -----
42542 columns (9535 active), 1106 dyn. constrs. (234 active), 1359 art. vars. (476 active)
<DWph=2> <it=  1> <et=440.42> <Mt= 0.03> <Spt= 0.07> <nCl=  0> <DB= 4461.5000> <Mlp= 4461.5000> <PB=22193> 
<DWph=1> <it=  2> <et=440.51> <Mt= 0.00> <Spt= 0.08> <nCl=  0> <DB= 4461.5000> <Mlp= 4461.5000> <PB=22193> 
<DWph=0> <it=  3> <et=440.51> <Mt= 0.00> <Spt= 0.00> <nCl=  0> <DB= 4461.5000> <Mlp= 4461.5000> <PB=22193> 
<DWph=0> <it=  3> <et=440.51> <Mt= 0.00> <Spt= 0.00> <nCl=  0> <DB= 4461.5000> <Mlp= 4461.5000> <PB=22193> 
ColGenEvalAlg final dual bound: 4461.5 (rounded: 4461.5)
----- Add fac. cuts : R1C(25), max.viol = 0.5, aver.viol = 0.5, sep/add took 0.309009/0.120622 sec. -----
42542 columns (9535 active), 1131 dyn. constrs. (259 active), 1384 art. vars. (501 active)
<DWph=2> <it=  1> <et=441.06> <Mt= 0.02> <Spt= 0.07> <nCl=  0> <DB= 4461.5000> <Mlp= 4461.5000> <PB=22193> 
<DWph=1> <it=  2> <et=441.14> <Mt= 0.00> <Spt= 0.08> <nCl=  0> <DB= 4461.5000> <Mlp= 4461.5000> <PB=22193> 
<DWph=0> <it=  3> <et=441.14> <Mt= 0.00> <Spt= 0.00> <nCl=  0> <DB= 4461.5000> <Mlp= 4461.5000> <PB=22193> 
<DWph=0> <it=  3> <et=441.14> <Mt= 0.00> <Spt= 0.00> <nCl=  0> <DB= 4461.5000> <Mlp= 4461.5000> <PB=22193> 
ColGenEvalAlg final dual bound: 4461.5 (rounded: 4461.5)
----- Add fac. cuts : R1C(1), max.viol = 0.5, aver.viol = 0.5, sep/add took 0.295476/0.00938742 sec. -----
42542 columns (9535 active), 1132 dyn. constrs. (260 active), 1385 art. vars. (502 active)
<DWph=2> <it=  3> <et=441.75> <Mt= 0.08> <Spt= 0.20> <nCl= 43> <DB= 4461.5000> <Mlp= 4461.5000> <PB=22193> 
<DWph=1> <it=  4> <et=441.84> <Mt= 0.00> <Spt= 0.08> <nCl= 13> <DB= 4461.5000> <Mlp= 4461.5000> <PB=22193> 
<DWph=0> <it=  5> <et=441.84> <Mt= 0.01> <Spt= 0.00> <nCl=  0> <DB= 4461.5000> <Mlp= 4461.5000> <PB=22193> 
<DWph=0> <it=  5> <et=441.84> <Mt= 0.00> <Spt= 0.00> <nCl=  0> <DB= 4461.5000> <Mlp= 4461.5000> <PB=22193> 
ColGenEvalAlg final dual bound: 4461.5 (rounded: 4461.5)
----- Cut generation is stopped due to tailing off -----
**** SB phase 3 evaluation of candidate 1, branch 2 ( x[(118, 49)]_0_14207_0_OspV <= 0 ), value = 4460.14
<DWph=2> <it=  1> <et=442.12> <Mt= 0.00> <Spt= 0.08> <nCl=  8> <DB= 4459.8087> <Mlp= 4460.1435> <PB=22193> 
<DWph=1> <it=  6> <et=442.42> <Mt= 0.01> <Spt= 0.29> <nCl=  8> <DB= 4460.1435> <Mlp= 4460.1435> <PB=22193> 
<DWph=0> <it=  8> <et=442.63> <Mt= 0.01> <Spt= 0.20> <nCl= 74> <DB= 4460.1435> <Mlp= 4460.1435> <PB=22193> 
ColGenEvalAlg final dual bound: 4460.14 (rounded: 4460.14)
----- Add fac. cuts : CAP(3) R1C(152), max.viol = 0.304348, aver.viol = 0.0939691, sep/add took 0.0151449/0.589857 sec. -----
42121 columns (8805 active), 1283 dyn. constrs. (211 active), 1525 art. vars. (453 active)
<DWph=2> <it=  1> <et=443.38> <Mt= 0.04> <Spt= 0.07> <nCl=  1> <DB= 4460.5250> <Mlp= 4460.5250> <PB=22193> 
<DWph=1> <it=  3> <et=443.51> <Mt= 0.00> <Spt= 0.13> <nCl=  2> <DB= 4460.5250> <Mlp= 4460.5250> <PB=22193> 
<DWph=0> <it=  5> <et=443.67> <Mt= 0.01> <Spt= 0.15> <nCl= 39> <DB= 4460.5250> <Mlp= 4460.5250> <PB=22193> 
ColGenEvalAlg final dual bound: 4460.52 (rounded: 4460.52)
----- Add fac. cuts : R1C(338), max.viol = 0.208333, aver.viol = 0.0977564, sep/add took 0.20037/1.25366 sec. -----
42163 columns (8847 active), 1621 dyn. constrs. (399 active), 1863 art. vars. (641 active)
<DWph=2> <it=  1> <et=445.28> <Mt= 0.04> <Spt= 0.08> <nCl=  3> <DB= 4460.6232> <Mlp= 4460.6232> <PB=22193> 
<DWph=1> <it=  2> <et=445.37> <Mt= 0.00> <Spt= 0.09> <nCl=  0> <DB= 4460.6232> <Mlp= 4460.6232> <PB=22193> 
<DWph=0> <it=  6> <et=445.72> <Mt= 0.05> <Spt= 0.30> <nCl=116> <DB= 4460.6107> <Mlp= 4460.6107> <PB=22193> 
ColGenEvalAlg final dual bound: 4460.61 (rounded: 4460.61)
----- Add fac. cuts : CAP(2) R1C(440), max.viol = 0.22619, aver.viol = 0.113526, sep/add took 0.3988/1.66059 sec. -----
42282 columns (8966 active), 1917 dyn. constrs. (505 active), 2305 art. vars. (747 active)
<DWph=2> <it=  1> <et=447.97> <Mt= 0.06> <Spt= 0.07> <nCl=  0> <DB= 4460.6770> <Mlp= 4460.6770> <PB=22193> 
<DWph=1> <it=  2> <et=448.05> <Mt= 0.00> <Spt= 0.08> <nCl=  1> <DB= 4460.6770> <Mlp= 4460.6770> <PB=22193> 
<DWph=0> <it=  7> <et=448.44> <Mt= 0.04> <Spt= 0.35> <nCl= 84> <DB= 4460.6714> <Mlp= 4460.6714> <PB=22193> 
ColGenEvalAlg final dual bound: 4460.67 (rounded: 4460.67)
----- Add fac. cuts : CAP(1) R1C(551), max.viol = 0.191732, aver.viol = 0.0938534, sep/add took 0.728384/2.03799 sec. -----
42367 columns (9051 active), 2136 dyn. constrs. (623 active), 2857 art. vars. (865 active)
<DWph=2> <it=  1> <et=451.49> <Mt= 0.09> <Spt= 0.09> <nCl=  0> <DB= 4460.7917> <Mlp= 4460.7917> <PB=22193> 
<DWph=1> <it=  2> <et=451.58> <Mt= 0.00> <Spt= 0.09> <nCl=  0> <DB= 4460.7917> <Mlp= 4460.7917> <PB=22193> 
<DWph=0> <it=  5> <et=451.88> <Mt= 0.04> <Spt= 0.26> <nCl= 42> <DB= 4460.7766> <Mlp= 4460.7766> <PB=22193> 
ColGenEvalAlg final dual bound: 4460.78 (rounded: 4460.78)
----- Add fac. cuts : R1C(553), max.viol = 0.148968, aver.viol = 0.0729722, sep/add took 0.796567/2.14388 sec. -----
42409 columns (9093 active), 2256 dyn. constrs. (645 active), 3410 art. vars. (887 active)
<DWph=2> <it=  1> <et=455.14> <Mt= 0.12> <Spt= 0.09> <nCl=  5> <DB= 4460.9347> <Mlp= 4460.9347> <PB=22193> 
<DWph=1> <it=  2> <et=455.24> <Mt= 0.00> <Spt= 0.09> <nCl=  3> <DB= 4460.9347> <Mlp= 4460.9347> <PB=22193> 
<DWph=0> <it=  4> <et=455.47> <Mt= 0.04> <Spt= 0.20> <nCl= 72> <DB= 4460.9295> <Mlp= 4460.9295> <PB=22193> 
ColGenEvalAlg final dual bound: 4460.93 (rounded: 4460.93)
----- Add fac. cuts : R1C(432), max.viol = 0.157178, aver.viol = 0.0776553, sep/add took 0.808261/1.93656 sec. -----
42489 columns (9173 active), 2157 dyn. constrs. (525 active), 3842 art. vars. (767 active)
<DWph=2> <it=  1> <et=458.49> <Mt= 0.07> <Spt= 0.08> <nCl=  0> <DB= 4461.0474> <Mlp= 4461.0474> <PB=22193> 
<DWph=1> <it=  2> <et=458.59> <Mt= 0.00> <Spt= 0.09> <nCl=  1> <DB= 4461.0474> <Mlp= 4461.0474> <PB=22193> 
<DWph=0> <it=  6> <et=459.02> <Mt= 0.04> <Spt= 0.38> <nCl= 84> <DB= 4461.0386> <Mlp= 4461.0386> <PB=22193> 
ColGenEvalAlg final dual bound: 4461.04 (rounded: 4461.04)
----- Cut generation is stopped due to tailing off -----
SB exact phase 3 branch on var x[(118, 49)]_0_14207_0_OspV (lhs=0.7) : [4461.5, 4461.0386], tree depth = 1e+12, tree size = 1e+12, score = -0.2253
************************************************************************************************
**** BaB tree node (N° 27, parent N° 25, depth 13)
**** Local DB = 4461.04, global bounds : [ 4445.12 , 22193 ], TIME = 0h7m39s28t = 45928
**** 14 open nodes, 42574 columns (9258 active), 1175 dyn. constrs. (93 active), 1417 art. vars. (335 active)
************************************************************************************************
**** Strong branching phase 1 is started *****
SB phase 1 cand.  1 branch on var x[(7, 103)]_0_829_0_OspV (lhs=0.5269)    : [ 4462.3000,  4463.0566], score = 2.55 (h)  <et=459.45>
SB phase 1 cand.  2 branch on var x[(0, 104)]_0_12463_0_OspV (lhs=0.5233)  : [ 4461.0386,  4461.0386], score = 0.00      <et=459.5>
SB phase 1 cand.  3 branch on var x[(10, 107)]_0_1196_0_OspV (lhs=0.9080)  : [ 4461.0632, 17782.5120], score = 326.63 (h)  <et=459.69>
SB phase 1 cand.  4 branch on var x[(49, 104)]_0_5912_0_OspV (lhs=0.4693)  : [ 4461.0386,  4461.4579], score = 0.00      <et=459.79>
SB phase 1 cand.  5 branch on var x[(71, 19)]_0_8490_0_OspV (lhs=0.0200)   : [ 4461.0438,  9531.8634], score = 26.15 (h)  <et=459.95>
SB phase 1 cand. 11 branch on var x[(106, 12)]_0_12718_0_OspV (lhs=0.6300) : [ 4466.9000,  4467.2000], score = 36.11 (h)  <et=460.53>
SB phase 1 cand. 12 branch on var x[(24, 49)]_0_2832_0_OspV (lhs=0.6300)   : [ 4466.9000,  4467.2000], score = 36.11      <et=460.71>
**** Strong branching phase 2 is started *****
<DWph=1> <it= 24> <et=468.52> <Mt= 1.20> <Spt= 1.33> <nCl=399> <DB= 4482.7250> <Mlp= 4482.7250> <PB=22193> 
<DWph=1> <it=  2> <et=468.91> <Mt= 0.01> <Spt= 0.16> <nCl=  1> <DB= 4461.0632> <Mlp= 4461.0632> <PB=22193> 
SB phase 2 cand.  1 branch on var x[(10, 107)]_0_1196_0_OspV (lhs=0.9080): [ 4461.0632,  4482.7250], score = 0.53 (h)  <et=468.94>
----- Add core cuts : CAP(6), max.viol = 1, aver.viol = 1, sep/add took 0.00453389/0.164238 sec. -----
<DWph=1> <it=  9> <et=470.19> <Mt= 0.36> <Spt= 0.62> <nCl= 83> <DB= 4464.5625> <Mlp= 4464.5625> <PB=22193> 
<DWph=1> <it= 10> <et=471.20> <Mt= 0.24> <Spt= 0.62> <nCl= 90> <DB= 4463.8606> <Mlp= 4463.8606> <PB=22193> 
SB phase 2 cand.  2 branch on var x[(24, 49)]_0_2832_0_OspV (lhs=0.6300) : [ 4463.8606,  4464.5625], score = 9.94      <et=471.24>
<DWph=1> <it= 15> <et=472.65> <Mt= 0.34> <Spt= 0.94> <nCl=213> <DB= 4469.2587> <Mlp= 4469.2587> <PB=22193> 
<DWph=1> <it=  2> <et=472.97> <Mt= 0.01> <Spt= 0.16> <nCl=  1> <DB= 4461.0438> <Mlp= 4461.0438> <PB=22193> 
SB phase 2 cand.  3 branch on var x[(71, 19)]_0_8490_0_OspV (lhs=0.0200) : [ 4461.0438,  4469.2587], score = 0.04 (h)  <et=473.01>
**** Strong branching phase 3 is started *****
**** SB phase 3 evaluation of candidate 1, branch 1 ( x[(24, 49)]_0_2832_0_OspV >= 1 ), value = 4464.56
<DWph=2> <it=  7> <et=474.32> <Mt= 0.71> <Spt= 0.46> <nCl= 85> <DB= 4464.5625> <Mlp= 4464.5625> <PB=22193> 
<DWph=1> <it=  8> <et=474.41> <Mt= 0.01> <Spt= 0.09> <nCl=  3> <DB= 4464.5625> <Mlp= 4464.5625> <PB=22193> 
<DWph=0> <it= 10> <et=474.57> <Mt= 0.01> <Spt= 0.13> <nCl=216> <DB= 4453.1834> <Mlp= 4464.5625> <PB=22193> 
<DWph=0> <it= 14> <et=474.96> <Mt= 0.07> <Spt= 0.33> <nCl=250> <DB= 4464.5625> <Mlp= 4464.5625> <PB=22193> 
ColGenEvalAlg final dual bound: 4464.56 (rounded: 4464.56)
----- Add fac. cuts : CAP(5) R1C(257), max.viol = 0.75, aver.viol = 0.133111, sep/add took 0.159539/1.12381 sec. -----
43915 columns (9895 active), 1421 dyn. constrs. (320 active), 1667 art. vars. (562 active)
<DWph=2> <it= 10> <et=477.07> <Mt= 0.32> <Spt= 0.45> <nCl= 69> <DB= 4466.3842> <Mlp= 4467.0400> <PB=22193> 
<DWph=2> <it= 13> <et=477.32> <Mt= 0.02> <Spt= 0.24> <nCl= 20> <DB= 4467.0308> <Mlp= 4467.0308> <PB=22193> 
<DWph=1> <it= 17> <et=477.63> <Mt= 0.02> <Spt= 0.23> <nCl= 62> <DB= 4466.9667> <Mlp= 4466.9667> <PB=22193> 
<DWph=0> <it= 20> <et=477.88> <Mt= 0.02> <Spt= 0.23> <nCl=244> <DB= 4460.6956> <Mlp= 4466.6545> <PB=22193> 
<DWph=0> <it= 22> <et=478.08> <Mt= 0.01> <Spt= 0.18> <nCl=134> <DB= 4466.6500> <Mlp= 4466.6500> <PB=22193> 
ColGenEvalAlg final dual bound: 4466.65 (rounded: 4466.65)
----- Add fac. cuts : R1C(1), max.viol = 0.5, aver.viol = 0.5, sep/add took 0.307313/0.00633758 sec. -----
43829 columns (7020 active), 1417 dyn. constrs. (53 active), 1668 art. vars. (295 active)
<DWph=2> <it=  1> <et=478.52> <Mt= 0.00> <Spt= 0.09> <nCl=  2> <DB= 4466.6500> <Mlp= 4466.6500> <PB=22193> 
<DWph=1> <it=  2> <et=478.59> <Mt= 0.01> <Spt= 0.07> <nCl=  0> <DB= 4466.6500> <Mlp= 4466.6500> <PB=22193> 
<DWph=0> <it=  3> <et=478.60> <Mt= 0.00> <Spt= 0.00> <nCl=  0> <DB= 4466.6500> <Mlp= 4466.6500> <PB=22193> 
<DWph=0> <it=  3> <et=478.60> <Mt= 0.00> <Spt= 0.00> <nCl=  0> <DB= 4466.6500> <Mlp= 4466.6500> <PB=22193> 
ColGenEvalAlg final dual bound: 4466.65 (rounded: 4466.65)
----- Add fac. cuts : CAP(1) R1C(372), max.viol = 0.25, aver.viol = 0.25, sep/add took 0.36576/1.10052 sec. -----
43831 columns (7022 active), 1790 dyn. constrs. (426 active), 2041 art. vars. (668 active)
<DWph=2> <it=  1> <et=480.17> <Mt= 0.00> <Spt= 0.08> <nCl=  0> <DB= 4466.6500> <Mlp= 4466.6500> <PB=22193> 
<DWph=1> <it=  2> <et=480.25> <Mt= 0.00> <Spt= 0.07> <nCl=  0> <DB= 4466.6500> <Mlp= 4466.6500> <PB=22193> 
<DWph=0> <it=  3> <et=480.25> <Mt= 0.01> <Spt= 0.00> <nCl=  0> <DB= 4466.6500> <Mlp= 4466.6500> <PB=22193> 
<DWph=0> <it=  3> <et=480.25> <Mt= 0.00> <Spt= 0.00> <nCl=  0> <DB= 4466.6500> <Mlp= 4466.6500> <PB=22193> 
ColGenEvalAlg final dual bound: 4466.65 (rounded: 4466.65)
----- Add fac. cuts : sep. took 0.303836 sec.----- no cuts found  -----
**** SB phase 3 evaluation of candidate 1, branch 2 ( x[(24, 49)]_0_2832_0_OspV <= 0 ), value = 4463.86
<DWph=2> <it=  3> <et=481.26> <Mt= 0.21> <Spt= 0.17> <nCl= 66> <DB= 4415.9352> <Mlp= 4463.8606> <PB=22193> 
<DWph=1> <it=  6> <et=481.45> <Mt= 0.02> <Spt= 0.16> <nCl= 16> <DB= 4455.0606> <Mlp= 4463.8606> <PB=22193> 
<DWph=0> <it= 10> <et=481.82> <Mt= 0.04> <Spt= 0.33> <nCl=100> <DB= 4463.7824> <Mlp= 4463.7824> <PB=22193> 
ColGenEvalAlg final dual bound: 4463.78 (rounded: 4463.78)
----- Add fac. cuts : CAP(7) R1C(154), max.viol = 0.392157, aver.viol = 0.162465, sep/add took 0.0144936/0.77226 sec. -----
43934 columns (9530 active), 1697 dyn. constrs. (220 active), 1939 art. vars. (462 active)
<DWph=2> <it=  3> <et=482.91> <Mt= 0.05> <Spt= 0.21> <nCl= 10> <DB= 4464.0789> <Mlp= 4464.0789> <PB=22193> 
<DWph=1> <it=  4> <et=483.00> <Mt= 0.01> <Spt= 0.08> <nCl=  0> <DB= 4464.0789> <Mlp= 4464.0789> <PB=22193> 
<DWph=0> <it=  5> <et=483.11> <Mt= 0.00> <Spt= 0.11> <nCl= 25> <DB= 4464.0789> <Mlp= 4464.0789> <PB=22193> 
ColGenEvalAlg final dual bound: 4464.08 (rounded: 4464.08)
----- Add fac. cuts : R1C(282), max.viol = 0.298246, aver.viol = 0.133259, sep/add took 0.214257/1.068 sec. -----
43969 columns (9565 active), 1979 dyn. constrs. (348 active), 2221 art. vars. (590 active)
<DWph=2> <it=  2> <et=484.63> <Mt= 0.05> <Spt= 0.15> <nCl=  5> <DB= 4464.2190> <Mlp= 4464.2190> <PB=22193> 
<DWph=1> <it=  7> <et=484.92> <Mt= 0.03> <Spt= 0.26> <nCl= 15> <DB= 4464.1955> <Mlp= 4464.1955> <PB=22193> 
<DWph=0> <it=  9> <et=485.08> <Mt= 0.00> <Spt= 0.16> <nCl= 20> <DB= 4464.1955> <Mlp= 4464.1955> <PB=22193> 
ColGenEvalAlg final dual bound: 4464.2 (rounded: 4464.2)
----- Add fac. cuts : R1C(445), max.viol = 0.171196, aver.viol = 0.104826, sep/add took 0.407098/1.76999 sec. -----
44009 columns (9605 active), 2274 dyn. constrs. (511 active), 2666 art. vars. (753 active)
<DWph=2> <it=  1> <et=487.46> <Mt= 0.06> <Spt= 0.08> <nCl=  2> <DB= 4464.3237> <Mlp= 4464.3237> <PB=22193> 
<DWph=1> <it=  2> <et=487.54> <Mt= 0.00> <Spt= 0.08> <nCl=  0> <DB= 4464.3237> <Mlp= 4464.3237> <PB=22193> 
<DWph=0> <it=  3> <et=487.66> <Mt= 0.01> <Spt= 0.12> <nCl= 20> <DB= 4464.3237> <Mlp= 4464.3237> <PB=22193> 
ColGenEvalAlg final dual bound: 4464.32 (rounded: 4464.32)
----- Add fac. cuts : R1C(539), max.viol = 0.206107, aver.viol = 0.0913517, sep/add took 0.726818/2.38152 sec. -----
44031 columns (9627 active), 2532 dyn. constrs. (612 active), 3205 art. vars. (854 active)
<DWph=2> <it=  2> <et=491.11> <Mt= 0.11> <Spt= 0.16> <nCl=  1> <DB= 4464.5200> <Mlp= 4464.5200> <PB=22193> 
<DWph=1> <it=  3> <et=491.21> <Mt= 0.00> <Spt= 0.08> <nCl=  0> <DB= 4464.5200> <Mlp= 4464.5200> <PB=22193> 
<DWph=0> <it= 10> <et=492.76> <Mt= 0.94> <Spt= 0.61> <nCl=170> <DB= 4464.4978> <Mlp= 4464.4978> <PB=22193> 
ColGenEvalAlg final dual bound: 4464.5 (rounded: 4464.5)
----- Add fac. cuts : R1C(494), max.viol = 0.132499, aver.viol = 0.0736597, sep/add took 0.716696/2.08057 sec. -----
44202 columns (9798 active), 2590 dyn. constrs. (593 active), 3699 art. vars. (835 active)
<DWph=2> <it=  1> <et=495.85> <Mt= 0.07> <Spt= 0.09> <nCl=  2> <DB= 4464.5900> <Mlp= 4464.5900> <PB=22193> 
<DWph=1> <it=  2> <et=495.95> <Mt= 0.01> <Spt= 0.09> <nCl=  0> <DB= 4464.5900> <Mlp= 4464.5900> <PB=22193> 
<DWph=0> <it=  4> <et=496.16> <Mt= 0.01> <Spt= 0.20> <nCl= 54> <DB= 4464.5900> <Mlp= 4464.5900> <PB=22193> 
ColGenEvalAlg final dual bound: 4464.59 (rounded: 4464.59)
----- Add fac. cuts : R1C(10), max.viol = 0.1, aver.viol = 0.1, sep/add took 0.407125/0.0551314 sec. -----
44258 columns (9854 active), 2089 dyn. constrs. (111 active), 3709 art. vars. (353 active)
<DWph=2> <it=  4> <et=497.08> <Mt= 0.07> <Spt= 0.22> <nCl=  8> <DB= 4461.9256> <Mlp= 4464.5900> <PB=22193> 
<DWph=2> <it=  4> <et=497.08> <Mt= 0.00> <Spt= 0.00> <nCl=  0> <DB= 4461.9256> <Mlp= 4464.5900> <PB=22193> 
<DWph=1> <it=  5> <et=497.17> <Mt= 0.00> <Spt= 0.09> <nCl=  7> <DB= 4464.5900> <Mlp= 4464.5900> <PB=22193> 
<DWph=0> <it=  6> <et=497.18> <Mt= 0.01> <Spt= 0.00> <nCl=  0> <DB= 4464.5900> <Mlp= 4464.5900> <PB=22193> 
<DWph=0> <it=  6> <et=497.18> <Mt= 0.00> <Spt= 0.00> <nCl=  0> <DB= 4464.5900> <Mlp= 4464.5900> <PB=22193> 
ColGenEvalAlg final dual bound: 4464.59 (rounded: 4464.59)
----- Cut generation is stopped due to tailing off -----
SB exact phase 3 branch on var x[(24, 49)]_0_2832_0_OspV (lhs=0.629969) : [4466.65, 4464.59], tree depth = 1e+12, tree size = 1e+12, score = -0.2222
************************************************************************************************
**** BaB tree node (N° 29, parent N° 27, depth 14)
**** Local DB = 4464.59, global bounds : [ 4445.12 , 22193 ], TIME = 0h8m17s30t = 49730
**** 15 open nodes, 44273 columns (9869 active), 1597 dyn. constrs. (111 active), 1839 art. vars. (353 active)
************************************************************************************************
**** Strong branching phase 1 is started *****
SB phase 1 cand.  1 branch on var x[(42, 105)]_0_5066_0_OspV (lhs=0.1000)  : [ 4464.6582,  4467.3000], score = 0.18 (h)  <et=497.42>
SB phase 1 cand.  2 branch on colGenSp (10.9000)                           : [ 4464.5900,  4465.5375], score = 0.00      <et=497.64>
SB phase 1 cand.  3 branch on var x[(42, 22)]_0_4984_0_OspV (lhs=0.9000)   : [ 4464.6582,  4467.3000], score = 0.18 (h)  <et=497.77>
SB phase 1 cand.  4 branch on var x[(106, 12)]_0_12718_0_OspV (lhs=0.6000) : [ 4466.9000,  4469.3000], score = 10.88 (h)  <et=497.9>
SB phase 1 cand.  5 branch on var x[(116, 54)]_0_13970_0_OspV (lhs=0.4000) : [ 4465.2922,  4466.9000], score = 1.62 (h)  <et=498>
SB phase 1 cand.  6 branch on var x[(8, 19)]_0_866_0_OspV (lhs=0.6000)     : [ 4465.8111,  4468.0000], score = 4.16 (h)  <et=498.14>
SB phase 1 cand.  7 branch on var x[(71, 69)]_0_8540_0_OspV (lhs=0.6000)   : [ 4465.7900,  4467.0333], score = 2.93 (h)  <et=498.27>
SB phase 1 cand. 13 branch on var x[(9, 54)]_0_1022_0_OspV (lhs=0.6000)    : [ 4465.7900,  4467.0333], score = 2.93 (h)  <et=499.07>
SB phase 1 cand. 16 branch on var x[(22, 105)]_0_2646_0_OspV (lhs=0.6000)  : [ 4465.7833,  4467.0486], score = 2.93 (h)  <et=499.47>
**** Strong branching phase 2 is started *****
<DWph=1> <it= 16> <et=502.23> <Mt= 0.21> <Spt= 1.08> <nCl=146> <DB= 4468.6182> <Mlp= 4468.6182> <PB=22193> 
<DWph=1> <it= 18> <et=504.01> <Mt= 0.36> <Spt= 1.14> <nCl=101> <DB= 4466.4500> <Mlp= 4466.4500> <PB=22193> 
SB phase 2 cand.  1 branch on var x[(106, 12)]_0_12718_0_OspV (lhs=0.6000): [ 4466.4500,  4468.6182], score = 7.49 (h)  <et=504.05>
<DWph=1> <it= 10> <et=504.89> <Mt= 0.06> <Spt= 0.66> <nCl=103> <DB= 4468.0000> <Mlp= 4468.0000> <PB=22193> 
<DWph=1> <it=  9> <et=505.74> <Mt= 0.09> <Spt= 0.60> <nCl= 52> <DB= 4465.7346> <Mlp= 4465.7346> <PB=22193> 
SB phase 2 cand.  2 branch on var x[(8, 19)]_0_866_0_OspV (lhs=0.6000)    : [ 4465.7346,  4468.0000], score = 3.90 (h)  <et=505.77>
<DWph=1> <it=  5> <et=506.34> <Mt= 0.11> <Spt= 0.34> <nCl= 22> <DB= 4466.1316> <Mlp= 4466.1316> <PB=22193> 
<DWph=1> <it=  7> <et=506.97> <Mt= 0.11> <Spt= 0.36> <nCl= 21> <DB= 4465.4846> <Mlp= 4465.4846> <PB=22193> 
SB phase 2 cand.  3 branch on var x[(22, 105)]_0_2646_0_OspV (lhs=0.6000) : [ 4465.4846,  4466.1316], score = 1.38 (h)  <et=507>
**** Strong branching phase 3 is started *****
**** SB phase 3 evaluation of candidate 1, branch 1 ( x[(106, 12)]_0_12718_0_OspV >= 1 ), value = 4468.62
<DWph=2> <it=  1> <et=507.23> <Mt= 0.01> <Spt= 0.08> <nCl=  0> <DB= 4468.6182> <Mlp= 4468.6182> <PB=22193> 
<DWph=1> <it=  2> <et=507.31> <Mt= 0.00> <Spt= 0.09> <nCl=  0> <DB= 4468.6182> <Mlp= 4468.6182> <PB=22193> 
<DWph=0> <it=  6> <et=507.79> <Mt= 0.08> <Spt= 0.39> <nCl=422> <DB= 4467.9286> <Mlp= 4467.9286> <PB=22193> 
ColGenEvalAlg final dual bound: 4467.93 (rounded: 4467.93)
----- Add fac. cuts : CAP(2) R1C(151), max.viol = 0.357143, aver.viol = 0.113912, sep/add took 0.0074439/0.42322 sec. -----
45139 columns (7035 active), 1720 dyn. constrs. (222 active), 1966 art. vars. (464 active)
<DWph=2> <it=  2> <et=508.46> <Mt= 0.03> <Spt= 0.17> <nCl=  5> <DB= 4468.6250> <Mlp= 4468.6250> <PB=22193> 
<DWph=1> <it=  6> <et=508.68> <Mt= 0.01> <Spt= 0.20> <nCl= 17> <DB= 4468.6250> <Mlp= 4468.6250> <PB=22193> 
<DWph=0> <it=  9> <et=509.04> <Mt= 0.04> <Spt= 0.32> <nCl=267> <DB= 4468.5917> <Mlp= 4468.5917> <PB=22193> 
ColGenEvalAlg final dual bound: 4468.59 (rounded: 4468.59)
----- Add fac. cuts : R1C(212), max.viol = 0.25, aver.viol = 0.101415, sep/add took 0.404928/0.639502 sec. -----
45428 columns (7324 active), 1932 dyn. constrs. (286 active), 2178 art. vars. (528 active)
<DWph=2> <it=  1> <et=510.28> <Mt= 0.06> <Spt= 0.10> <nCl=  3> <DB= 4468.7000> <Mlp= 4468.7000> <PB=22193> 
<DWph=1> <it=  2> <et=510.37> <Mt= 0.00> <Spt= 0.09> <nCl=  0> <DB= 4468.7000> <Mlp= 4468.7000> <PB=22193> 
<DWph=0> <it=  5> <et=510.67> <Mt= 0.02> <Spt= 0.28> <nCl=142> <DB= 4468.6950> <Mlp= 4468.6950> <PB=22193> 
ColGenEvalAlg final dual bound: 4468.69 (rounded: 4468.69)
----- Add fac. cuts : CAP(2) R1C(348), max.viol = 0.2, aver.viol = 0.0989524, sep/add took 0.412517/1.07885 sec. -----
45573 columns (7469 active), 2143 dyn. constrs. (419 active), 2528 art. vars. (661 active)
<DWph=2> <it=  1> <et=512.31> <Mt= 0.02> <Spt= 0.08> <nCl=  3> <DB= 4468.7400> <Mlp= 4468.7400> <PB=22193> 
<DWph=1> <it=  2> <et=512.40> <Mt= 0.01> <Spt= 0.09> <nCl=  0> <DB= 4468.7400> <Mlp= 4468.7400> <PB=22193> 
<DWph=0> <it=  3> <et=512.50> <Mt= 0.00> <Spt= 0.10> <nCl=  4> <DB= 4468.7400> <Mlp= 4468.7400> <PB=22193> 
ColGenEvalAlg final dual bound: 4468.74 (rounded: 4468.74)
----- Add fac. cuts : R1C(435), max.viol = 0.4, aver.viol = 0.20046, sep/add took 0.385638/1.31845 sec. -----
45580 columns (7476 active), 2366 dyn. constrs. (508 active), 2963 art. vars. (750 active)
<DWph=2> <it=  1> <et=514.38> <Mt= 0.02> <Spt= 0.09> <nCl= 10> <DB= 4468.8667> <Mlp= 4468.8667> <PB=22193> 
<DWph=1> <it=  4> <et=514.78> <Mt= 0.19> <Spt= 0.20> <nCl= 41> <DB= 4468.8667> <Mlp= 4468.8667> <PB=22193> 
<DWph=0> <it=  7> <et=515.36> <Mt= 0.21> <Spt= 0.35> <nCl=250> <DB= 4468.8083> <Mlp= 4468.8083> <PB=22193> 
ColGenEvalAlg final dual bound: 4468.81 (rounded: 4468.81)
----- Cut generation is stopped due to tailing off -----
**** SB phase 3 evaluation of candidate 1, branch 2 ( x[(106, 12)]_0_12718_0_OspV <= 0 ), value = 4466.45
<DWph=2> <it=  1> <et=515.91> <Mt= 0.08> <Spt= 0.08> <nCl=  7> <DB= 4464.0667> <Mlp= 4466.4500> <PB=22193> 
<DWph=1> <it=  3> <et=516.05> <Mt= 0.00> <Spt= 0.14> <nCl=  4> <DB= 4466.4500> <Mlp= 4466.4500> <PB=22193> 
<DWph=0> <it=  8> <et=516.73> <Mt= 0.19> <Spt= 0.45> <nCl=313> <DB= 4466.4500> <Mlp= 4466.4500> <PB=22193> 
ColGenEvalAlg final dual bound: 4466.45 (rounded: 4466.45)
----- Add fac. cuts : CAP(8) R1C(1), max.viol = 0.5, aver.viol = 0.472222, sep/add took 0.329083/0.328281 sec. -----
46006 columns (6877 active), 1596 dyn. constrs. (86 active), 1838 art. vars. (328 active)
----- Add core cuts : CAP(2), max.viol = 1, aver.viol = 1, sep/add took 0.00187213/0.050842 sec. -----
<DWph=2> <it=  1> <et=517.62> <Mt= 0.06> <Spt= 0.08> <nCl=  6> <DB= 4467.1286> <Mlp= 4467.1286> <PB=22193> 
<DWph=1> <it=  2> <et=517.71> <Mt= 0.00> <Spt= 0.09> <nCl=  3> <DB= 4467.1286> <Mlp= 4467.1286> <PB=22193> 
<DWph=0> <it=  4> <et=517.89> <Mt= 0.01> <Spt= 0.18> <nCl=108> <DB= 4467.1286> <Mlp= 4467.1286> <PB=22193> 
ColGenEvalAlg final dual bound: 4467.13 (rounded: 4467.13)
----- Add fac. cuts : CAP(11) R1C(290), max.viol = 0.285714, aver.viol = 0.18842, sep/add took 0.152494/1.25778 sec. -----
46123 columns (6994 active), 1898 dyn. constrs. (366 active), 2141 art. vars. (608 active)
<DWph=2> <it=  2> <et=519.58> <Mt= 0.07> <Spt= 0.18> <nCl=  6> <DB= 4467.8500> <Mlp= 4467.8500> <PB=22193> 
<DWph=1> <it=  3> <et=519.68> <Mt= 0.00> <Spt= 0.09> <nCl=  1> <DB= 4467.8500> <Mlp= 4467.8500> <PB=22193> 
<DWph=0> <it=  5> <et=519.86> <Mt= 0.01> <Spt= 0.17> <nCl= 21> <DB= 4467.8500> <Mlp= 4467.8500> <PB=22193> 
ColGenEvalAlg final dual bound: 4467.85 (rounded: 4467.85)
----- Add fac. cuts : CAP(3) R1C(453), max.viol = 0.25, aver.viol = 0.123447, sep/add took 0.368778/1.4665 sec. -----
46151 columns (7022 active), 2347 dyn. constrs. (521 active), 2597 art. vars. (763 active)
<DWph=2> <it=  5> <et=522.46> <Mt= 0.36> <Spt= 0.35> <nCl= 26> <DB= 4468.4126> <Mlp= 4468.4126> <PB=22193> 
<DWph=1> <it= 10> <et=522.77> <Mt= 0.05> <Spt= 0.26> <nCl= 42> <DB= 4468.2242> <Mlp= 4468.3875> <PB=22193> 
<DWph=1> <it= 12> <et=522.93> <Mt= 0.01> <Spt= 0.15> <nCl=  1> <DB= 4468.3875> <Mlp= 4468.3875> <PB=22193> 
<DWph=0> <it= 18> <et=523.93> <Mt= 0.41> <Spt= 0.59> <nCl=317> <DB= 4468.3167> <Mlp= 4468.3167> <PB=22193> 
ColGenEvalAlg final dual bound: 4468.32 (rounded: 4468.32)
----- Add fac. cuts : CAP(8) R1C(521), max.viol = 0.166667, aver.viol = 0.0964871, sep/add took 0.420546/1.99038 sec. -----
46537 columns (7408 active), 2579 dyn. constrs. (598 active), 3126 art. vars. (840 active)
<DWph=2> <it=  2> <et=526.65> <Mt= 0.04> <Spt= 0.17> <nCl=  5> <DB= 4468.3360> <Mlp= 4468.3360> <PB=22193> 
<DWph=1> <it=  3> <et=526.74> <Mt= 0.01> <Spt= 0.09> <nCl=  0> <DB= 4468.3360> <Mlp= 4468.3360> <PB=22193> 
<DWph=0> <it=  5> <et=526.99> <Mt= 0.01> <Spt= 0.23> <nCl= 78> <DB= 4468.3360> <Mlp= 4468.3360> <PB=22193> 
ColGenEvalAlg final dual bound: 4468.34 (rounded: 4468.34)
----- Add fac. cuts : R1C(486), max.viol = 0.12, aver.viol = 0.0563786, sep/add took 0.472165/1.49471 sec. -----
46620 columns (7491 active), 2620 dyn. constrs. (561 active), 3612 art. vars. (803 active)
<DWph=2> <it=  1> <et=529.23> <Mt= 0.06> <Spt= 0.09> <nCl=  6> <DB= 4468.4386> <Mlp= 4468.4386> <PB=22193> 
<DWph=1> <it=  2> <et=529.34> <Mt= 0.01> <Spt= 0.10> <nCl=  3> <DB= 4468.4386> <Mlp= 4468.4386> <PB=22193> 
<DWph=0> <it=  6> <et=529.90> <Mt= 0.21> <Spt= 0.35> <nCl=105> <DB= 4468.4314> <Mlp= 4468.4314> <PB=22193> 
ColGenEvalAlg final dual bound: 4468.43 (rounded: 4468.43)
----- Add fac. cuts : CAP(1) R1C(392), max.viol = 0.1, aver.viol = 0.0435115, sep/add took 0.501081/1.34437 sec. -----
46734 columns (7605 active), 2491 dyn. constrs. (481 active), 4005 art. vars. (723 active)
<DWph=2> <it=  4> <et=532.34> <Mt= 0.13> <Spt= 0.32> <nCl= 10> <DB= 4468.5650> <Mlp= 4468.5650> <PB=22193> 
<DWph=1> <it=  6> <et=532.50> <Mt= 0.01> <Spt= 0.15> <nCl=  9> <DB= 4468.5646> <Mlp= 4468.5646> <PB=22193> 
<DWph=0> <it= 10> <et=532.98> <Mt= 0.06> <Spt= 0.41> <nCl=217> <DB= 4468.5386> <Mlp= 4468.5386> <PB=22193> 
ColGenEvalAlg final dual bound: 4468.54 (rounded: 4468.54)
----- Cut generation is stopped due to tailing off -----
SB exact phase 3 branch on var x[(106, 12)]_0_12718_0_OspV (lhs=0.6) : [4468.8083, 4468.5386], tree depth = 1e+12, tree size = 1e+12, score = -0.245 (h)
************************************************************************************************
**** BaB tree node (N° 31, parent N° 29, depth 15)
**** Local DB = 4468.54, global bounds : [ 4445.12 , 22193 ], TIME = 0h8m53s19t = 53319
**** 16 open nodes, 46970 columns (7841 active), 1620 dyn. constrs. (82 active), 1862 art. vars. (324 active)
************************************************************************************************
**** Strong branching phase 1 is started *****
SB phase 1 cand.  1 branch on var x[(10, 107)]_0_1196_0_OspV (lhs=0.9286)  : [ 4468.6154, 17789.7500], score = 1023.24 (h)  <et=533.3>
SB phase 1 cand.  2 branch on colGenSp (10.8571)                           : [ 4468.5386,  4474.0333], score = 0.00      <et=533.64>
SB phase 1 cand.  3 branch on var x[(7, 103)]_0_829_0_OspV (lhs=0.0429)    : [ 4468.5682,  4488.3750], score = 0.59 (h)  <et=533.78>
SB phase 1 cand.  4 branch on var x[(22, 105)]_0_2646_0_OspV (lhs=0.9000)  : [ 4468.6713,  4472.0182], score = 0.46 (h)  <et=533.87>
SB phase 1 cand.  6 branch on var x[(116, 54)]_0_13970_0_OspV (lhs=0.8429) : [ 4470.4500,  4474.0333], score = 10.50 (h)  <et=534.05>
SB phase 1 cand.  7 branch on var x[(103, 81)]_0_12424_0_OspV (lhs=0.1286) : [ 4468.9875,  4474.0333], score = 2.47 (h)  <et=534.15>
SB phase 1 cand. 14 branch on var x[(12, 96)]_0_1427_0_OspV (lhs=0.1571)   : [ 4469.1167,  4474.0333], score = 3.18 (h)  <et=534.67>
**** Strong branching phase 2 is started *****
<DWph=1> <it= 20> <et=537.85> <Mt= 0.91> <Spt= 1.31> <nCl=320> <DB= 4491.1538> <Mlp= 4491.1538> <PB=22193> 
<DWph=1> <it=  2> <et=538.25> <Mt= 0.00> <Spt= 0.17> <nCl= 11> <DB= 4468.6154> <Mlp= 4468.6154> <PB=22193> 
SB phase 2 cand.  1 branch on var x[(10, 107)]_0_1196_0_OspV (lhs=0.9286) : [ 4468.6154,  4491.1538], score = 1.74 (h)  <et=538.29>
<DWph=1> <it=  8> <et=539.05> <Mt= 0.13> <Spt= 0.52> <nCl= 75> <DB= 4474.0333> <Mlp= 4474.0333> <PB=22193> 
<DWph=1> <it=  9> <et=539.83> <Mt= 0.04> <Spt= 0.57> <nCl= 64> <DB= 4470.4500> <Mlp= 4470.4500> <PB=22193> 
SB phase 2 cand.  2 branch on var x[(116, 54)]_0_13970_0_OspV (lhs=0.8429): [ 4470.4500,  4474.0333], score = 10.50 (h)  <et=539.87>
<DWph=1> <it=  8> <et=540.58> <Mt= 0.03> <Spt= 0.57> <nCl= 44> <DB= 4474.0333> <Mlp= 4474.0333> <PB=22193> 
<DWph=1> <it=  3> <et=540.96> <Mt= 0.01> <Spt= 0.22> <nCl= 23> <DB= 4469.1167> <Mlp= 4469.1167> <PB=22193> 
SB phase 2 cand.  3 branch on var x[(12, 96)]_0_1427_0_OspV (lhs=0.1571)  : [ 4469.1167,  4474.0333], score = 3.18 (h)  <et=540.99>
**** Strong branching phase 3 is started *****
**** SB phase 3 evaluation of candidate 1, branch 1 ( x[(116, 54)]_0_13970_0_OspV <= 0 ), value = 4474.03
<DWph=2> <it=  1> <et=541.21> <Mt= 0.00> <Spt= 0.08> <nCl=  1> <DB= 4474.0333> <Mlp= 4474.0333> <PB=22193> 
<DWph=1> <it=  2> <et=541.30> <Mt= 0.01> <Spt= 0.09> <nCl=  0> <DB= 4474.0333> <Mlp= 4474.0333> <PB=22193> 
<DWph=0> <it=  5> <et=541.68> <Mt= 0.10> <Spt= 0.28> <nCl=193> <DB= 4473.6000> <Mlp= 4473.6000> <PB=22193> 
ColGenEvalAlg final dual bound: 4473.6 (rounded: 4473.6)
----- Add fac. cuts : CAP(11) R1C(285), max.viol = 0.666667, aver.viol = 0.334459, sep/add took 0.155494/1.30222 sec. -----
47616 columns (8110 active), 1871 dyn. constrs. (361 active), 2117 art. vars. (603 active)
<DWph=2> <it=  1> <et=543.37> <Mt= 0.09> <Spt= 0.09> <nCl=  2> <DB= 4474.0667> <Mlp= 4474.0667> <PB=22193> 
<DWph=1> <it=  2> <et=543.47> <Mt= 0.01> <Spt= 0.09> <nCl=  4> <DB= 4474.0667> <Mlp= 4474.0667> <PB=22193> 
<DWph=0> <it=  6> <et=543.81> <Mt= 0.03> <Spt= 0.31> <nCl=192> <DB= 4474.0667> <Mlp= 4474.0667> <PB=22193> 
ColGenEvalAlg final dual bound: 4474.07 (rounded: 4474.07)
----- Add fac. cuts : R1C(31), max.viol = 0.333333, aver.viol = 0.177419, sep/add took 0.373396/0.11025 sec. -----
47814 columns (8308 active), 1902 dyn. constrs. (97 active), 2148 art. vars. (339 active)
<DWph=2> <it=  1> <et=544.45> <Mt= 0.02> <Spt= 0.09> <nCl=  1> <DB= 4474.1000> <Mlp= 4474.1000> <PB=22193> 
<DWph=1> <it=  3> <et=544.59> <Mt= 0.01> <Spt= 0.13> <nCl=  2> <DB= 4474.1000> <Mlp= 4474.1000> <PB=22193> 
<DWph=0> <it=  6> <et=544.96> <Mt= 0.05> <Spt= 0.31> <nCl= 91> <DB= 4474.0808> <Mlp= 4474.0808> <PB=22193> 
ColGenEvalAlg final dual bound: 4474.08 (rounded: 4474.08)
----- Add fac. cuts : R1C(461), max.viol = 0.192308, aver.viol = 0.0579843, sep/add took 0.45172/1.68244 sec. -----
47908 columns (8402 active), 2073 dyn. constrs. (528 active), 2609 art. vars. (770 active)
----- Add core cuts : CAP(2), max.viol = 1, aver.viol = 1, sep/add took 0.00251589/0.0605182 sec. -----
<DWph=2> <it=  1> <et=547.36> <Mt= 0.03> <Spt= 0.10> <nCl=  6> <DB= 4474.1444> <Mlp= 4474.1444> <PB=22193> 
<DWph=1> <it=  2> <et=547.46> <Mt= 0.01> <Spt= 0.09> <nCl=  2> <DB= 4474.1444> <Mlp= 4474.1444> <PB=22193> 
<DWph=0> <it=  6> <et=547.82> <Mt= 0.03> <Spt= 0.32> <nCl= 77> <DB= 4474.1444> <Mlp= 4474.1444> <PB=22193> 
ColGenEvalAlg final dual bound: 4474.14 (rounded: 4474.14)
----- Add fac. cuts : R1C(9), max.viol = 0.031746, aver.viol = 0.031746, sep/add took 0.457027/0.041819 sec. -----
47993 columns (8487 active), 2054 dyn. constrs. (80 active), 2620 art. vars. (322 active)
<DWph=2> <it=  1> <et=548.46> <Mt= 0.01> <Spt= 0.08> <nCl=  0> <DB= 4474.1458> <Mlp= 4474.1458> <PB=22193> 
<DWph=1> <it=  2> <et=548.54> <Mt= 0.00> <Spt= 0.08> <nCl=  0> <DB= 4474.1458> <Mlp= 4474.1458> <PB=22193> 
<DWph=0> <it=  3> <et=548.65> <Mt= 0.01> <Spt= 0.11> <nCl= 10> <DB= 4474.1458> <Mlp= 4474.1458> <PB=22193> 
ColGenEvalAlg final dual bound: 4474.15 (rounded: 4474.15)
----- Cut generation is stopped due to tailing off -----
**** SB phase 3 evaluation of candidate 1, branch 2 ( x[(116, 54)]_0_13970_0_OspV >= 1 ), value = 4470.45
<DWph=2> <it=  5> <et=549.63> <Mt= 0.42> <Spt= 0.27> <nCl=130> <DB= 4137.0818> <Mlp= 4470.4500> <PB=22193> 
<DWph=1> <it= 10> <et=550.11> <Mt= 0.14> <Spt= 0.32> <nCl= 76> <DB= 4455.8750> <Mlp= 4470.4500> <PB=22193> 
<DWph=1> <it= 14> <et=550.52> <Mt= 0.06> <Spt= 0.36> <nCl= 29> <DB= 4470.4500> <Mlp= 4470.4500> <PB=22193> 
<DWph=0> <it= 20> <et=551.06> <Mt= 0.14> <Spt= 0.40> <nCl=432> <DB= 4470.3235> <Mlp= 4470.3235> <PB=22193> 
ColGenEvalAlg final dual bound: 4470.32 (rounded: 4470.32)
----- Add fac. cuts : CAP(3) R1C(151), max.viol = 0.433824, aver.viol = 0.075678, sep/add took 0.00701687/0.585538 sec. -----
48272 columns (8572 active), 1742 dyn. constrs. (221 active), 1984 art. vars. (463 active)
<DWph=2> <it=  5> <et=552.07> <Mt= 0.04> <Spt= 0.33> <nCl=  9> <DB= 4470.4750> <Mlp= 4470.4750> <PB=22193> 
<DWph=1> <it=  6> <et=552.16> <Mt= 0.00> <Spt= 0.09> <nCl=  1> <DB= 4470.4750> <Mlp= 4470.4750> <PB=22193> 
<DWph=0> <it=  8> <et=552.39> <Mt= 0.01> <Spt= 0.22> <nCl=142> <DB= 4470.4750> <Mlp= 4470.4750> <PB=22193> 
ColGenEvalAlg final dual bound: 4470.48 (rounded: 4470.48)
----- Add fac. cuts : CAP(1) R1C(111), max.viol = 0.3125, aver.viol = 0.140067, sep/add took 0.356403/0.371756 sec. -----
48424 columns (8724 active), 1854 dyn. constrs. (183 active), 2096 art. vars. (425 active)
<DWph=2> <it=  1> <et=553.27> <Mt= 0.04> <Spt= 0.08> <nCl=  2> <DB= 4470.5085> <Mlp= 4470.5085> <PB=22193> 
<DWph=1> <it=  2> <et=553.36> <Mt= 0.01> <Spt= 0.09> <nCl=  1> <DB= 4470.5085> <Mlp= 4470.5085> <PB=22193> 
<DWph=0> <it=  5> <et=553.64> <Mt= 0.01> <Spt= 0.27> <nCl=187> <DB= 4470.5085> <Mlp= 4470.5085> <PB=22193> 
ColGenEvalAlg final dual bound: 4470.51 (rounded: 4470.51)
----- Add fac. cuts : R1C(179), max.viol = 0.12766, aver.viol = 0.112598, sep/add took 0.431286/0.595372 sec. -----
48614 columns (8914 active), 1889 dyn. constrs. (255 active), 2275 art. vars. (497 active)
<DWph=2> <it=  1> <et=554.84> <Mt= 0.00> <Spt= 0.11> <nCl=  4> <DB= 4470.5750> <Mlp= 4470.5750> <PB=22193> 
<DWph=1> <it=  2> <et=554.93> <Mt= 0.01> <Spt= 0.08> <nCl=  1> <DB= 4470.5750> <Mlp= 4470.5750> <PB=22193> 
<DWph=0> <it=  4> <et=555.13> <Mt= 0.00> <Spt= 0.20> <nCl= 55> <DB= 4470.5750> <Mlp= 4470.5750> <PB=22193> 
ColGenEvalAlg final dual bound: 4470.58 (rounded: 4470.58)
----- Add fac. cuts : sep. took 0.34524 sec.----- no cuts found  -----
SB exact phase 3 branch on var x[(116, 54)]_0_13970_0_OspV (lhs=0.842857) : [4474.1458, 4470.575], tree depth = 1e+12, tree size = 1e+12, score = -0.2846 (h)
************************************************************************************************
**** BaB tree node (N° 33, parent N° 31, depth 16)
**** Local DB = 4470.58, global bounds : [ 4445.12 , 22193 ], TIME = 0h9m15s55t = 55555
**** 17 open nodes, 48674 columns (8974 active), 1607 dyn. constrs. (79 active), 1849 art. vars. (321 active)
************************************************************************************************
**** Strong branching phase 1 is started *****
SB phase 1 cand.  1 branch on var x[(12, 96)]_0_1427_0_OspV (lhs=0.2500)   : [ 4471.5667,  4477.6000], score = 6.97 (h)  <et=555.65>
SB phase 1 cand.  2 branch on var x[(104, 39)]_0_12503_0_OspV (lhs=0.5000) : [ 4470.5750,  4470.5750], score = 0.00      <et=555.68>
SB phase 1 cand.  3 branch on var x[(22, 105)]_0_2646_0_OspV (lhs=0.7500)  : [ 4470.7500,  4473.4600], score = 0.50 (h)  <et=555.74>
SB phase 1 cand.  5 branch on var x[(8, 71)]_0_918_0_OspV (lhs=0.2500)     : [ 4470.9533,  4479.1000], score = 3.23 (h)  <et=555.86>
SB phase 1 cand.  8 branch on var x[(111, 29)]_0_13340_0_OspV (lhs=0.7500) : [ 4471.5667,  4477.6000], score = 6.97      <et=556.04>
SB phase 1 cand. 12 branch on var x[(12, 19)]_0_1350_0_OspV (lhs=0.7500)   : [ 4473.7000,  4474.3000], score = 11.64      <et=556.36>
SB phase 1 cand. 20 branch on var x[(36, 71)]_0_4306_0_OspV (lhs=0.7500)   : [ 4473.7000,  4477.1667], score = 20.60      <et=557.12>
SB phase 1 cand. 30 branch on var x[(59, 96)]_0_7114_0_OspV (lhs=0.7500)   : [ 4471.5667,  4477.6000], score = 6.97      <et=557.85>
**** Strong branching phase 2 is started *****
<DWph=1> <it= 23> <et=560.90> <Mt= 0.29> <Spt= 1.47> <nCl=180> <DB= 4475.0125> <Mlp= 4475.0125> <PB=22193> 
<DWph=1> <it=  9> <et=561.76> <Mt= 0.14> <Spt= 0.53> <nCl= 82> <DB= 4473.7000> <Mlp= 4473.7000> <PB=4473.7> 
SB phase 2 cand.  1 branch on var x[(36, 71)]_0_4306_0_OspV (lhs=0.7500): [ 4473.7000,  4475.0125], score = 13.87      <et=561.8>
<DWph=1> <it=  9> <et=562.46> <Mt= 0.03> <Spt= 0.50> <nCl= 41> <DB= 4474.3000> <Mlp= 4474.3000> <PB=4473.7> 
<DWph=1> <it=  5> <et=563.00> <Mt= 0.06> <Spt= 0.33> <nCl= 28> <DB= 4473.7000> <Mlp= 4473.7000> <PB=4473.7> 
SB phase 2 cand.  2 branch on var x[(12, 19)]_0_1350_0_OspV (lhs=0.7500): [ 4473.7000,  4474.3000], score = 11.64      <et=563.04>
<DWph=1> <it=  5> <et=563.48> <Mt= 0.02> <Spt= 0.30> <nCl= 27> <DB= 4477.4500> <Mlp= 4477.4500> <PB=4473.7> 
<DWph=1> <it= 13> <et=564.53> <Mt= 0.06> <Spt= 0.83> <nCl= 49> <DB= 4470.8500> <Mlp= 4470.8500> <PB=4473.7> 
SB phase 2 cand.  3 branch on var x[(59, 96)]_0_7114_0_OspV (lhs=0.7500): [ 4470.8500,  4477.4500], score = 1.89      <et=564.56>
**** Strong branching phase 3 is started *****
**** SB phase 3 evaluation of candidate 1, branch 1 ( x[(36, 71)]_0_4306_0_OspV >= 1 ), value = 4475.01
<DWph=2> <it=  1> <et=564.78> <Mt= 0.00> <Spt= 0.08> <nCl=  1> <DB= 4475.0125> <Mlp= 4475.0125> <PB=4473.7> 
<DWph=1> <it=  2> <et=564.87> <Mt= 0.01> <Spt= 0.08> <nCl=  0> <DB= 4475.0125> <Mlp= 4475.0125> <PB=4473.7> 
<DWph=0> <it=  8> <et=565.32> <Mt= 0.03> <Spt= 0.43> <nCl=439> <DB= 4475.0125> <Mlp= 4475.0125> <PB=4473.7> 
ColGenEvalAlg final dual bound: 4475.01 (rounded: 4475.01)
**** SB phase 3 evaluation of candidate 1, branch 2 ( x[(36, 71)]_0_4306_0_OspV <= 0 ), value = 4473.7
<DWph=2> <it=  1> <et=565.57> <Mt= 0.00> <Spt= 0.07> <nCl=  2> <DB= 4473.7000> <Mlp= 4473.7000> <PB=4473.7> 
<DWph=1> <it=  2> <et=565.66> <Mt= 0.00> <Spt= 0.09> <nCl=  0> <DB= 4473.7000> <Mlp= 4473.7000> <PB=4473.7> 
<DWph=0> <it=  7> <et=566.19> <Mt= 0.13> <Spt= 0.41> <nCl=489> <DB= 4473.7000> <Mlp= 4473.7000> <PB=4473.7> 
ColGenEvalAlg final dual bound: 4473.7 (rounded: 4473.7)
 SB phase 3 candidate 1 is conquered !
New model incumbent solution 4473.7, TIME = 0h9m26s25t = 56625
************************************************************************************************
**** BaB tree node (N° 30, parent N° 29, depth 15)
**** Local DB = 4468.81, global bounds : [ 4445.12 , 4473.7 ], TIME = 0h9m26s25t = 56625
**** 15 open nodes, ETS : 557, 49247 columns (9547 active), 1596 dyn. constrs. (80 active), 1838 art. vars. (322 active)
************************************************************************************************
**** Strong branching phase 1 is started *****
SB phase 1 cand.  1 branch on var x[(116, 54)]_0_13970_0_OspV (lhs=0.2500) : [ 4469.2000,  4473.3000], score = 1.76 (h)  <et=566.52>
SB phase 1 cand.  2 branch on var x[(0, 105)]_0_12584_0_OspV (lhs=0.5000)  : [ 4469.0867,  4469.3000], score = 0.14      <et=566.59>
SB phase 1 cand.  3 branch on var x[(8, 19)]_0_866_0_OspV (lhs=0.5000)     : [ 4470.0167,  4472.7000], score = 4.70 (h)  <et=566.66>
SB phase 1 cand.  8 branch on var x[(24, 103)]_0_2886_0_OspV (lhs=0.5000)  : [ 4469.2000,  4472.0000], score = 1.25      <et=566.91>
SB phase 1 cand. 13 branch on var x[(71, 49)]_0_8520_0_OspV (lhs=0.2500)   : [ 4469.3000,  4476.7000], score = 2.41 (h)  <et=567.15>
SB phase 1 cand. 15 branch on var x[(92, 78)]_0_11090_0_OspV (lhs=0.7500)  : [ 4469.2000,  4473.3000], score = 1.76 (h)  <et=567.24>
SB phase 1 cand. 27 branch on var x[(8, 71)]_0_918_0_OspV (lhs=0.2500)     : [ 4470.4000,  4471.5500], score = 4.36 (h)  <et=568.03>
SB phase 1 cand. 33 branch on var x[(118, 71)]_0_14229_0_OspV (lhs=0.7500) : [ 4470.4000,  4471.5500], score = 4.36 (h)  <et=568.5>
**** Strong branching phase 2 is started *****
----- Add core cuts : CAP(4), max.viol = 1, aver.viol = 1, sep/add took 0.00297909/0.138732 sec. -----
<DWph=1> <it= 27> <et=571.61> <Mt= 0.30> <Spt= 1.51> <nCl=386> <DB= 4474.1667> <Mlp= 4474.1667> <PB=4473.7> 
<DWph=1> <it=  2> <et=572.04> <Mt= 0.00> <Spt= 0.16> <nCl=  2> <DB= 4470.0167> <Mlp= 4470.0167> <PB=4473.7> 
SB phase 2 cand.  1 branch on var x[(8, 19)]_0_866_0_OspV (lhs=0.5000)    : [ 4470.0167,  4474.1667], score = 5.91 (h)  <et=572.08>
<DWph=1> <it=  5> <et=572.56> <Mt= 0.07> <Spt= 0.30> <nCl= 30> <DB= 4469.9000> <Mlp= 4469.9000> <PB=4473.7> 
----- Add core cuts : CAP(1), max.viol = 1, aver.viol = 1, sep/add took 0.00113744/0.0233849 sec. -----
<DWph=1> <it=  2> <et=572.94> <Mt= 0.02> <Spt= 0.17> <nCl= 11> <DB= 4470.5500> <Mlp= 4470.5500> <PB=4473.7> 
SB phase 2 cand.  2 branch on var x[(8, 71)]_0_918_0_OspV (lhs=0.2500)    : [ 4469.9000,  4470.5500], score = 1.90 (h)  <et=572.98>
<DWph=1> <it=  5> <et=573.49> <Mt= 0.05> <Spt= 0.34> <nCl= 16> <DB= 4471.5500> <Mlp= 4471.5500> <PB=4473.7> 
<DWph=1> <it=  2> <et=573.81> <Mt= 0.00> <Spt= 0.17> <nCl=  3> <DB= 4470.4000> <Mlp= 4470.4000> <PB=4473.7> 
SB phase 2 cand.  3 branch on var x[(118, 71)]_0_14229_0_OspV (lhs=0.7500): [ 4470.4000,  4471.5500], score = 4.36 (h)  <et=573.86>
**** Strong branching phase 3 is started *****
**** SB phase 3 evaluation of candidate 1, branch 1 ( x[(8, 19)]_0_866_0_OspV >= 1 ), value = 4474.17
<DWph=2> <it= 10> <et=575.11> <Mt= 0.53> <Spt= 0.57> <nCl=199> <DB= 4471.9667> <Mlp= 4474.1667> <PB=4473.7> 
<DWph=2> <it= 13> <et=575.27> <Mt= 0.01> <Spt= 0.16> <nCl= 11> <DB= 4474.1667> <Mlp= 4474.1667> <PB=4473.7> 
<DWph=1> <it= 14> <et=575.32> <Mt= 0.00> <Spt= 0.05> <nCl=  9> <DB= 4474.1667> <Mlp= 4474.1667> <PB=4473.7> 
<DWph=0> <it= 17> <et=575.50> <Mt= 0.01> <Spt= 0.17> <nCl=159> <DB= 4474.1667> <Mlp= 4474.1667> <PB=4473.7> 
ColGenEvalAlg final dual bound: 4474.17 (rounded: 4474.17)
**** SB phase 3 evaluation of candidate 1, branch 2 ( x[(8, 19)]_0_866_0_OspV <= 0 ), value = 4470.02
<DWph=2> <it=  1> <et=575.77> <Mt= 0.01> <Spt= 0.08> <nCl=  0> <DB= 4470.0167> <Mlp= 4470.0167> <PB=4473.7> 
<DWph=1> <it=  2> <et=575.86> <Mt= 0.00> <Spt= 0.09> <nCl=  0> <DB= 4470.0167> <Mlp= 4470.0167> <PB=4473.7> 
<DWph=0> <it=  5> <et=576.09> <Mt= 0.01> <Spt= 0.22> <nCl= 74> <DB= 4469.9200> <Mlp= 4469.9200> <PB=4473.7> 
Reduced cost fixing for graph G_0...  TT = 0.038051, pt = 0.006584, dt = 0.030534, ct = 0, ndl = 4753', bdl = 75901', odl = 2168', odf = 15097', lpcb = 139619', cnt = 8165', bdch = 210157', odch = 18319', lcp = 20180'
took 0.03 sec., 4202 buck. arcs remain (6.24% from prev., 1.37% from max.)
Run enumeration... took 0.32 sec. and succeeded! 
<DWph=2> <it=  6> <et=577.37> <Mt= 0.12> <Spt= 0.03> <nCl=  0> <DB= 4470.3333> <Mlp= 4470.3333> <PB=4473.7> 
<DWph=1> <it=  7> <et=577.39> <Mt= 0.00> <Spt= 0.01> <nCl=  0> <DB= 4470.3333> <Mlp= 4470.3333> <PB=4473.7> 
<DWph=0> <it= 10> <et=577.56> <Mt= 0.01> <Spt= 0.17> <nCl=396> <DB= 4443.3833> <Mlp= 4470.3333> <PB=4473.7> 
<DWph=0> <it= 13> <et=577.75> <Mt= 0.01> <Spt= 0.18> <nCl=413> <DB= 4470.1000> <Mlp= 4470.1000> <PB=4473.7> 
Reduced cost fixing for graph G_0...  took 0.04 sec., done by inspection with 112835 solutions, remains 27023 (23.9%)
ColGenEvalAlg final dual bound: 4470.1 (rounded: 4470.1)
----- Add fac. cuts : R1C(128), max.viol = 0.166667, aver.viol = 0.166667, sep/add took 0.182372/0.105645 sec. -----
50011 columns (2469 active), 1696 dyn. constrs. (174 active), 1942 art. vars. (416 active)
<DWph=2> <it=  1> <et=578.27> <Mt= 0.00> <Spt= 0.02> <nCl=  0> <DB= 4470.1000> <Mlp= 4470.1000> <PB=4473.7> 
<DWph=1> <it=  2> <et=578.29> <Mt= 0.00> <Spt= 0.02> <nCl=  0> <DB= 4470.1000> <Mlp= 4470.1000> <PB=4473.7> 
<DWph=0> <it=  3> <et=578.30> <Mt= 0.00> <Spt= 0.00> <nCl=  0> <DB= 4470.1000> <Mlp= 4470.1000> <PB=4473.7> 
<DWph=0> <it=  3> <et=578.30> <Mt= 0.00> <Spt= 0.00> <nCl=  0> <DB= 4470.1000> <Mlp= 4470.1000> <PB=4473.7> 
ColGenEvalAlg final dual bound: 4470.1 (rounded: 4470.1)
Gap improvement since the last cut separation : 3.03165e-12 (4470.1)
----- Add fac. cuts : sep. took 0.422487 sec.----- no cuts found  -----
SB exact phase 3 branch on var x[(8, 19)]_0_866_0_OspV (lhs=0.5) : [4474.1667, 4470.1], tree depth = 1.82, tree size = 5.06, score = -0.372 (h)
************************************************************************************************
**** BaB tree node (N° 37, parent N° 30, depth 16)
**** Local DB = 4470.1, global bounds : [ 4445.12 , 4473.7 ], TIME = 0h9m38s78t = 57878
**** 16 open nodes, ETS : 585, 50011 columns (2469 active), 1696 dyn. constrs. (174 active), 1938 art. vars. (416 active)
************************************************************************************************
**** Strong branching phase 3 is started *****
**** SB phase 3 evaluation of candidate 1, branch 1 ( x[(101, 0)]_0_12101_0_OspV >= 1 ), value = 1e+12
<DWph=2> <it=  1> <et=578.84> <Mt= 0.01> <Spt= 0.02> <nCl=  0> <DB= 4480.0000> <Mlp= 4480.0000> <PB=4473.7> 
<DWph=1> <it=  2> <et=578.86> <Mt= 0.00> <Spt= 0.02> <nCl=  0> <DB= 4480.0000> <Mlp= 4480.0000> <PB=4473.7> 
<DWph=0> <it=  5> <et=578.97> <Mt= 0.01> <Spt= 0.11> <nCl=306> <DB= 4478.1520> <Mlp= 4480.0000> <PB=4473.7> 
ColGenEvalAlg final dual bound: 4478.15 (rounded: 4478.15)
**** SB phase 3 evaluation of candidate 1, branch 2 ( x[(101, 0)]_0_12101_0_OspV <= 0 ), value = 1e+12
<DWph=2> <it=  1> <et=579.10> <Mt= 0.00> <Spt= 0.02> <nCl=  0> <DB= 4470.2500> <Mlp= 4470.2500> <PB=4473.7> 
<DWph=1> <it=  2> <et=579.12> <Mt= 0.00> <Spt= 0.02> <nCl=  0> <DB= 4470.2500> <Mlp= 4470.2500> <PB=4473.7> 
<DWph=0> <it=  4> <et=579.17> <Mt= 0.00> <Spt= 0.05> <nCl=143> <DB= 4470.1000> <Mlp= 4470.1000> <PB=4473.7> 
<DWph=0> <it=  4> <et=579.17> <Mt= 0.00> <Spt= 0.00> <nCl=  0> <DB= 4470.1000> <Mlp= 4470.1000> <PB=4473.7> 
ColGenEvalAlg final dual bound: 4470.1 (rounded: 4470.1)
----- Add fac. cuts : R1C(175), max.viol = 0.5, aver.viol = 0.5, sep/add took 0.352183/0.142068 sec. -----
49138 columns (2612 active), 1850 dyn. constrs. (350 active), 2092 art. vars. (592 active)
<DWph=2> <it=  1> <et=579.69> <Mt= 0.01> <Spt= 0.00> <nCl=  0> <DB= 4470.1000> <Mlp= 4470.1000> <PB=4473.7> 
<DWph=2> <it=  1> <et=579.69> <Mt= 0.00> <Spt= 0.00> <nCl=  0> <DB= 4470.1000> <Mlp= 4470.1000> <PB=4473.7> 
<DWph=1> <it=  2> <et=579.69> <Mt= 0.00> <Spt= 0.00> <nCl=  0> <DB= 4470.1000> <Mlp= 4470.1000> <PB=4473.7> 
<DWph=1> <it=  2> <et=579.69> <Mt= 0.00> <Spt= 0.00> <nCl=  0> <DB= 4470.1000> <Mlp= 4470.1000> <PB=4473.7> 
<DWph=0> <it=  3> <et=579.69> <Mt= 0.00> <Spt= 0.00> <nCl=  0> <DB= 4470.1000> <Mlp= 4470.1000> <PB=4473.7> 
<DWph=0> <it=  3> <et=579.69> <Mt= 0.00> <Spt= 0.00> <nCl=  0> <DB= 4470.1000> <Mlp= 4470.1000> <PB=4473.7> 
ColGenEvalAlg final dual bound: 4470.1 (rounded: 4470.1)
Gap improvement since the last cut separation : -7.83176e-12 (4470.1)
----- Add fac. cuts : R1C(4), max.viol = 0.5, aver.viol = 0.5, sep/add took 0.316987/0.00599839 sec. -----
49138 columns (2612 active), 1854 dyn. constrs. (354 active), 2096 art. vars. (596 active)
<DWph=2> <it=  1> <et=580.04> <Mt= 0.00> <Spt= 0.00> <nCl=  0> <DB= 4470.1000> <Mlp= 4470.1000> <PB=4473.7> 
<DWph=2> <it=  1> <et=580.04> <Mt= 0.00> <Spt= 0.00> <nCl=  0> <DB= 4470.1000> <Mlp= 4470.1000> <PB=4473.7> 
<DWph=1> <it=  2> <et=580.04> <Mt= 0.01> <Spt= 0.00> <nCl=  0> <DB= 4470.1000> <Mlp= 4470.1000> <PB=4473.7> 
<DWph=1> <it=  2> <et=580.04> <Mt= 0.00> <Spt= 0.00> <nCl=  0> <DB= 4470.1000> <Mlp= 4470.1000> <PB=4473.7> 
<DWph=0> <it=  3> <et=580.04> <Mt= 0.00> <Spt= 0.00> <nCl=  0> <DB= 4470.1000> <Mlp= 4470.1000> <PB=4473.7> 
<DWph=0> <it=  3> <et=580.05> <Mt= 0.00> <Spt= 0.00> <nCl=  0> <DB= 4470.1000> <Mlp= 4470.1000> <PB=4473.7> 
ColGenEvalAlg final dual bound: 4470.1 (rounded: 4470.1)
Gap improvement since the last cut separation : -1.69267e-11 (4470.1)
----- Add fac. cuts : R1C(413), max.viol = 0.5, aver.viol = 0.5, sep/add took 0.321586/0.334766 sec. -----
49138 columns (2612 active), 2267 dyn. constrs. (767 active), 2509 art. vars. (1009 active)
<DWph=2> <it=  1> <et=580.73> <Mt= 0.00> <Spt= 0.00> <nCl=  0> <DB= 4470.1000> <Mlp= 4470.1000> <PB=4473.7> 
<DWph=2> <it=  1> <et=580.73> <Mt= 0.00> <Spt= 0.00> <nCl=  0> <DB= 4470.1000> <Mlp= 4470.1000> <PB=4473.7> 
<DWph=1> <it=  2> <et=580.73> <Mt= 0.00> <Spt= 0.00> <nCl=  0> <DB= 4470.1000> <Mlp= 4470.1000> <PB=4473.7> 
<DWph=1> <it=  2> <et=580.73> <Mt= 0.00> <Spt= 0.00> <nCl=  0> <DB= 4470.1000> <Mlp= 4470.1000> <PB=4473.7> 
<DWph=0> <it=  3> <et=580.74> <Mt= 0.01> <Spt= 0.00> <nCl=  0> <DB= 4470.1000> <Mlp= 4470.1000> <PB=4473.7> 
<DWph=0> <it=  3> <et=580.74> <Mt= 0.00> <Spt= 0.00> <nCl=  0> <DB= 4470.1000> <Mlp= 4470.1000> <PB=4473.7> 
ColGenEvalAlg final dual bound: 4470.1 (rounded: 4470.1)
Gap improvement since the last cut separation : 1.76846e-11 (4470.1)
----- Cut generation is stopped due to tailing off -----
SB exact phase 3 branch on var x[(101, 0)]_0_12101_0_OspV (lhs=0.5) : [4480, 4470.1], tree depth = 10.43, tree size = 2764, score = -2.898
************************************************************************************************
**** BaB tree node (N° 39, parent N° 37, depth 17)
**** Local DB = 4470.1, global bounds : [ 4445.12 , 4473.7 ], TIME = 0h9m40s81t = 58081
**** 17 open nodes, ETS : 658, 48832 columns (2612 active), 2267 dyn. constrs. (767 active), 2509 art. vars. (1009 active)
************************************************************************************************
**** Strong branching phase 1 is started *****
SB phase 1 cand.  1 branch on var x[(118, 71)]_0_14229_0_OspV (lhs=0.5000): [ 4470.4000,  4470.8000], score = 0.21 (h)  <et=580.87>
SB phase 1 cand.  2 branch on var x[(101, 76)]_0_12177_0_OspV (lhs=0.5000): [ 4470.1000,  4480.0000], score = 0.00      <et=580.91>
SB phase 1 cand.  3 branch on var x[(8, 71)]_0_918_0_OspV (lhs=0.5000)    : [ 4470.4000,  4470.8000], score = 0.21 (h)  <et=580.95>
SB phase 1 cand.  4 branch on var x[(118, 66)]_0_14224_0_OspV (lhs=0.5000): [ 4470.4000,  4470.8000], score = 0.21      <et=580.98>
SB phase 1 cand.  5 branch on var x[(71, 49)]_0_8520_0_OspV (lhs=0.5000)  : [ 4470.3333,  4480.0000], score = 0.84 (h)  <et=581.05>
SB phase 1 cand.  6 branch on var x[(19, 40)]_0_2218_0_OspV (lhs=0.5000)  : [ 4470.4000, 13348.8000], score = 1.08      <et=581.11>
SB phase 1 cand.  9 branch on var x[(103, 81)]_0_12424_0_OspV (lhs=0.5000): [ 4470.4000,  4473.3667], score = 0.98 (h)  <et=581.22>
SB phase 1 cand. 11 branch on var x[(7, 81)]_0_807_0_OspV (lhs=0.5000)    : [ 4470.4000,  4473.3667], score = 0.98 (h)  <et=581.31>
**** Strong branching phase 2 is started *****
<DWph=0> <it= 11> <et=584.19> <Mt= 1.42> <Spt= 0.63> <nCl=696> <DB=13307.0000> <Mlp=13348.8000> <PB=4473.7> 
----- Add core cuts : CAP(1), max.viol = 1, aver.viol = 1, sep/add took 0.000943146/0.020995 sec. -----
<DWph=0> <it=  3> <et=584.44> <Mt= 0.02> <Spt= 0.09> <nCl= 49> <DB= 4470.4500> <Mlp= 4470.4500> <PB=4473.7> 
SB phase 2 cand.  1 branch on var x[(19, 40)]_0_2218_0_OspV (lhs=0.5000)  : [ 4470.4500, 1000000000000.0000], score = 350001.26      <et=584.51>
<DWph=0> <it=  6> <et=584.93> <Mt= 0.04> <Spt= 0.26> <nCl=371> <DB= 4472.6667> <Mlp= 4472.6667> <PB=4473.7> 
----- Add core cuts : CAP(1), max.viol = 1, aver.viol = 1, sep/add took 0.00118192/0.0220918 sec. -----
<DWph=0> <it=  7> <et=586.32> <Mt= 0.78> <Spt= 0.46> <nCl=611> <DB= 4470.5667> <Mlp= 4470.5667> <PB=4473.7> 
SB phase 2 cand.  2 branch on var x[(7, 81)]_0_807_0_OspV (lhs=0.5000)    : [ 4470.5667,  4472.6667], score = 1.20 (h)  <et=586.35>
<DWph=0> <it=  6> <et=587.28> <Mt= 0.43> <Spt= 0.39> <nCl=491> <DB= 4472.6667> <Mlp= 4472.6667> <PB=4473.7> 
----- Add core cuts : CAP(1), max.viol = 1, aver.viol = 1, sep/add took 0.00109516/0.0204413 sec. -----
<DWph=0> <it=  5> <et=587.77> <Mt= 0.04> <Spt= 0.25> <nCl=213> <DB= 4470.5667> <Mlp= 4470.5667> <PB=4473.7> 
SB phase 2 cand.  3 branch on var x[(103, 81)]_0_12424_0_OspV (lhs=0.5000): [ 4470.5667,  4472.6667], score = 1.20 (h)  <et=587.8>
**** Strong branching phase 3 is started *****
**** SB phase 3 evaluation of candidate 1, branch 1 ( x[(19, 40)]_0_2218_0_OspV >= 1 ), value = 1e+12
**** SB phase 3 evaluation of candidate 1, branch 2 ( x[(19, 40)]_0_2218_0_OspV <= 0 ), value = 4470.45
<DWph=2> <it=  1> <et=587.90> <Mt= 0.01> <Spt= 0.02> <nCl=  0> <DB= 4470.4500> <Mlp= 4470.4500> <PB=4473.7> 
<DWph=1> <it=  2> <et=587.92> <Mt= 0.00> <Spt= 0.02> <nCl=  0> <DB= 4470.4500> <Mlp= 4470.4500> <PB=4473.7> 
<DWph=0> <it=  3> <et=587.99> <Mt= 0.00> <Spt= 0.07> <nCl=123> <DB= 4470.4500> <Mlp= 4470.4500> <PB=4473.7> 
Reduced cost fixing for graph G_0...  took 0 sec., done by inspection with 27023 solutions, remains 25171 (93.1%)
ColGenEvalAlg final dual bound: 4470.45 (rounded: 4470.45)
----- Add fac. cuts : R1C(140), max.viol = 0.25, aver.viol = 0.25, sep/add took 0.403024/0.136111 sec. -----
49004 columns (2692 active), 2409 dyn. constrs. (201 active), 2657 art. vars. (443 active)
<DWph=2> <it=  1> <et=588.72> <Mt= 0.01> <Spt= 0.02> <nCl=  0> <DB= 4470.6000> <Mlp= 4470.6000> <PB=4473.7> 
<DWph=1> <it=  2> <et=588.74> <Mt= 0.00> <Spt= 0.02> <nCl=  0> <DB= 4470.6000> <Mlp= 4470.6000> <PB=4473.7> 
<DWph=0> <it=  5> <et=588.88> <Mt= 0.01> <Spt= 0.13> <nCl=243> <DB= 4470.5875> <Mlp= 4470.5875> <PB=4473.7> 
Reduced cost fixing for graph G_0...  took 0 sec., done by inspection with 25171 solutions, remains 24631 (97.9%)
ColGenEvalAlg final dual bound: 4470.59 (rounded: 4470.59)
Gap improvement since the last cut separation : 0.0423077 (4470.45)
----- Add fac. cuts : CAP(2) R1C(396), max.viol = 0.125, aver.viol = 0.117305, sep/add took 0.438402/0.442109 sec. -----
49247 columns (2915 active), 2807 dyn. constrs. (452 active), 3055 art. vars. (694 active)
<DWph=2> <it=  1> <et=589.88> <Mt= 0.01> <Spt= 0.03> <nCl=  0> <DB= 4470.8956> <Mlp= 4470.8956> <PB=4473.7> 
<DWph=1> <it=  2> <et=589.91> <Mt= 0.00> <Spt= 0.02> <nCl=  0> <DB= 4470.8956> <Mlp= 4470.8956> <PB=4473.7> 
<DWph=0> <it=  3> <et=589.97> <Mt= 0.00> <Spt= 0.06> <nCl= 44> <DB= 4470.8956> <Mlp= 4470.8956> <PB=4473.7> 
Reduced cost fixing for graph G_0...  took 0 sec., done by inspection with 24631 solutions, remains 21203 (86.1%)
ColGenEvalAlg final dual bound: 4470.9 (rounded: 4470.9)
Gap improvement since the last cut separation : 0.0989737 (4470.59)
----- Add fac. cuts : CAP(1) R1C(500), max.viol = 0.177778, aver.viol = 0.0784209, sep/add took 0.601286/0.44989 sec. -----
49291 columns (2865 active), 3170 dyn. constrs. (560 active), 3556 art. vars. (802 active)
<DWph=2> <it=  1> <et=591.16> <Mt= 0.01> <Spt= 0.02> <nCl=  0> <DB= 4470.9000> <Mlp= 4470.9000> <PB=4473.7> 
<DWph=1> <it=  2> <et=591.18> <Mt= 0.00> <Spt= 0.02> <nCl=  0> <DB= 4470.9000> <Mlp= 4470.9000> <PB=4473.7> 
<DWph=0> <it=  3> <et=591.26> <Mt= 0.00> <Spt= 0.08> <nCl= 68> <DB= 4470.9000> <Mlp= 4470.9000> <PB=4473.7> 
Reduced cost fixing for graph G_0...  took 0 sec., done by inspection with 21203 solutions, remains 21203 (100%)
ColGenEvalAlg final dual bound: 4470.9 (rounded: 4470.9)
Gap improvement since the last cut separation : 0.00158479 (4470.9)
----- Add fac. cuts : sep. took 0.340029 sec.----- no cuts found  -----
SB exact phase 3 branch on var x[(19, 40)]_0_2218_0_OspV (lhs=0.5) : [1e+12, 4470.9], tree depth = 1.948, tree size = 5.716, score = -0.5411
************************************************************************************************
**** BaB tree node (N° 41, parent N° 39, depth 18)
**** Local DB = 4470.9, global bounds : [ 4445.12 , 4473.7 ], TIME = 0h9m51s78t = 59178
**** 18 open nodes, ETS : 719, 49359 columns (2933 active), 2284 dyn. constrs. (65 active), 2526 art. vars. (307 active)
************************************************************************************************
**** Strong branching phase 3 is started *****
**** SB phase 3 evaluation of candidate 1, branch 1 ( x[(0, 49)]_0_5808_0_OspV >= 1 ), value = 1e+12
<DWph=2> <it=  1> <et=591.83> <Mt= 0.00> <Spt= 0.02> <nCl=  0> <DB= 4471.5000> <Mlp= 4471.5000> <PB=4473.7> 
<DWph=1> <it=  2> <et=591.85> <Mt= 0.00> <Spt= 0.02> <nCl=  0> <DB= 4471.5000> <Mlp= 4471.5000> <PB=4473.7> 
<DWph=0> <it=  3> <et=591.91> <Mt= 0.01> <Spt= 0.05> <nCl=157> <DB= 4471.5000> <Mlp= 4471.5000> <PB=4473.7> 
Reduced cost fixing for graph G_0...  took 0 sec., done by inspection with 21203 solutions, remains 18371 (86.6%)
ColGenEvalAlg final dual bound: 4471.5 (rounded: 4471.5)
----- Add fac. cuts : R1C(62), max.viol = 0.333333, aver.viol = 0.333333, sep/add took 0.444147/0.0561077 sec. -----
49310 columns (3011 active), 1627 dyn. constrs. (120 active), 2589 art. vars. (362 active)
<DWph=2> <it=  1> <et=592.59> <Mt= 0.00> <Spt= 0.03> <nCl=  0> <DB= 4471.8667> <Mlp= 4471.8667> <PB=4473.7> 
<DWph=1> <it=  2> <et=592.61> <Mt= 0.00> <Spt= 0.02> <nCl=  0> <DB= 4471.8667> <Mlp= 4471.8667> <PB=4473.7> 
<DWph=0> <it=  4> <et=592.68> <Mt= 0.00> <Spt= 0.07> <nCl=185> <DB= 4471.7800> <Mlp= 4471.7800> <PB=4473.7> 
Reduced cost fixing for graph G_0...  took 0 sec., done by inspection with 18371 solutions, remains 14426 (78.5%)
ColGenEvalAlg final dual bound: 4471.78 (rounded: 4471.78)
Gap improvement since the last cut separation : 0.127273 (4471.5)
----- Add fac. cuts : R1C(13), max.viol = 0.2, aver.viol = 0.2, sep/add took 0.48168/0.0133229 sec. -----
49495 columns (2830 active), 1640 dyn. constrs. (71 active), 2602 art. vars. (313 active)
<DWph=2> <it=  1> <et=593.26> <Mt= 0.01> <Spt= 0.02> <nCl=  0> <DB= 4472.0500> <Mlp= 4472.0500> <PB=4473.7> 
<DWph=1> <it=  2> <et=593.29> <Mt= 0.00> <Spt= 0.02> <nCl=  0> <DB= 4472.0500> <Mlp= 4472.0500> <PB=4473.7> 
<DWph=0> <it=  3> <et=593.33> <Mt= 0.00> <Spt= 0.05> <nCl= 43> <DB= 4472.0500> <Mlp= 4472.0500> <PB=4473.7> 
Reduced cost fixing for graph G_0...  took 0 sec., done by inspection with 14426 solutions, remains 12814 (88.8%)
ColGenEvalAlg final dual bound: 4472.05 (rounded: 4472.05)
Gap improvement since the last cut separation : 0.140625 (4471.78)
----- Add fac. cuts : CAP(4) R1C(60), max.viol = 0.5, aver.viol = 0.5, sep/add took 0.389845/0.161508 sec. -----
49538 columns (2703 active), 1646 dyn. constrs. (125 active), 2666 art. vars. (367 active)
----- Add core cuts : CAP(15), max.viol = 1, aver.viol = 1, sep/add took 0.0116148/0.357087 sec. -----
----- Add core cuts : CAP(11), max.viol = 1, aver.viol = 1, sep/add took 0.00944246/0.251976 sec. -----
----- Add core cuts : CAP(6), max.viol = 1, aver.viol = 1, sep/add took 0.00513887/0.132116 sec. -----
<DWph=2> <it=  1> <et=594.77> <Mt= 0.01> <Spt= 0.03> <nCl=  0> <DB= 4473.7000> <Mlp= 4473.7000> <PB=4473.7> 
<DWph=1> <it=  2> <et=594.80> <Mt= 0.00> <Spt= 0.03> <nCl=  0> <DB= 4473.7000> <Mlp= 4473.7000> <PB=4473.7> 
<DWph=0> <it=  5> <et=594.96> <Mt= 0.02> <Spt= 0.15> <nCl=242> <DB= 4472.4333> <Mlp= 4472.4333> <PB=4473.7> 
Reduced cost fixing for graph G_0...  took 0 sec., done by inspection with 12814 solutions, remains 8038 (62.7%)
ColGenEvalAlg final dual bound: 4472.43 (rounded: 4472.43)
Gap improvement since the last cut separation : 0.232323 (4472.05)
----- Terminating the node by MIP -----
**** SB phase 3 evaluation of candidate 1, branch 2 ( x[(0, 49)]_0_5808_0_OspV <= 0 ), value = 1e+12
----- Add core cuts : CAP(5), max.viol = 1, aver.viol = 1, sep/add took 0.00365254/0.130627 sec. -----
<DWph=2> <it=  1> <et=597.24> <Mt= 0.01> <Spt= 0.05> <nCl=  0> <DB= 4472.2571> <Mlp= 4472.2571> <PB=4473.7> 
<DWph=1> <it=  2> <et=597.28> <Mt= 0.00> <Spt= 0.04> <nCl=  0> <DB= 4472.2571> <Mlp= 4472.2571> <PB=4473.7> 
<DWph=0> <it=  4> <et=597.34> <Mt= 0.01> <Spt= 0.04> <nCl=105> <DB= 4470.9000> <Mlp= 4470.9000> <PB=4473.7> 
<DWph=0> <it=  4> <et=597.34> <Mt= 0.00> <Spt= 0.00> <nCl=  0> <DB= 4470.9000> <Mlp= 4470.9000> <PB=4473.7> 
ColGenEvalAlg final dual bound: 4470.9 (rounded: 4470.9)
----- Add fac. cuts : R1C(143), max.viol = 0.444444, aver.viol = 0.242424, sep/add took 0.142587/0.121282 sec. -----
55755 columns (3038 active), 1818 dyn. constrs. (214 active), 2060 art. vars. (456 active)
<DWph=2> <it=  1> <et=597.64> <Mt= 0.00> <Spt= 0.00> <nCl=  0> <DB= 4470.9000> <Mlp= 4470.9000> <PB=4473.7> 
<DWph=2> <it=  1> <et=597.64> <Mt= 0.00> <Spt= 0.00> <nCl=  0> <DB= 4470.9000> <Mlp= 4470.9000> <PB=4473.7> 
<DWph=1> <it=  2> <et=597.64> <Mt= 0.00> <Spt= 0.00> <nCl=  0> <DB= 4470.9000> <Mlp= 4470.9000> <PB=4473.7> 
<DWph=1> <it=  2> <et=597.64> <Mt= 0.00> <Spt= 0.00> <nCl=  0> <DB= 4470.9000> <Mlp= 4470.9000> <PB=4473.7> 
<DWph=0> <it=  3> <et=597.64> <Mt= 0.01> <Spt= 0.00> <nCl=  0> <DB= 4470.9000> <Mlp= 4470.9000> <PB=4473.7> 
<DWph=0> <it=  3> <et=597.64> <Mt= 0.00> <Spt= 0.00> <nCl=  0> <DB= 4470.9000> <Mlp= 4470.9000> <PB=4473.7> 
ColGenEvalAlg final dual bound: 4470.9 (rounded: 4470.9)
Gap improvement since the last cut separation : -2.89089e-11 (4470.9)
----- Add fac. cuts : R1C(22), max.viol = 0.333333, aver.viol = 0.333333, sep/add took 0.337779/0.0277317 sec. -----
55755 columns (3038 active), 1840 dyn. constrs. (236 active), 2082 art. vars. (478 active)
<DWph=2> <it=  1> <et=598.04> <Mt= 0.00> <Spt= 0.00> <nCl=  0> <DB= 4470.9000> <Mlp= 4470.9000> <PB=4473.7> 
<DWph=2> <it=  1> <et=598.04> <Mt= 0.00> <Spt= 0.00> <nCl=  0> <DB= 4470.9000> <Mlp= 4470.9000> <PB=4473.7> 
<DWph=1> <it=  2> <et=598.04> <Mt= 0.00> <Spt= 0.00> <nCl=  0> <DB= 4470.9000> <Mlp= 4470.9000> <PB=4473.7> 
<DWph=1> <it=  2> <et=598.04> <Mt= 0.00> <Spt= 0.00> <nCl=  0> <DB= 4470.9000> <Mlp= 4470.9000> <PB=4473.7> 
<DWph=0> <it=  3> <et=598.04> <Mt= 0.00> <Spt= 0.00> <nCl=  0> <DB= 4470.9000> <Mlp= 4470.9000> <PB=4473.7> 
<DWph=0> <it=  3> <et=598.04> <Mt= 0.00> <Spt= 0.00> <nCl=  0> <DB= 4470.9000> <Mlp= 4470.9000> <PB=4473.7> 
ColGenEvalAlg final dual bound: 4470.9 (rounded: 4470.9)
Gap improvement since the last cut separation : 3.02082e-11 (4470.9)
----- Add fac. cuts : sep. took 0.340248 sec.----- no cuts found  -----
SB exact phase 3 branch on var x[(0, 49)]_0_5808_0_OspV (lhs=0.333333) : [4473.7, 4470.9], tree depth = 10.43, tree size = 2764, score = -3.726
************************************************************************************************
**** BaB tree node (N° 43, parent N° 41, depth 19)
**** Local DB = 4470.9, global bounds : [ 4445.12 , 4473.7 ], TIME = 0h9m58s63t = 59863
**** 19 open nodes, ETS : 820, 49258 columns (3038 active), 1736 dyn. constrs. (236 active), 1978 art. vars. (478 active)
************************************************************************************************
**** Strong branching phase 1 is started *****
SB phase 1 cand.  1 branch on var x[(7, 103)]_0_829_0_OspV (lhs=0.6667)    : [ 4471.4500,  4472.8000], score = 1.05 (h)  <et=598.69>
SB phase 1 cand.  2 branch on var x[(101, 104)]_0_12204_0_OspV (lhs=0.3333): [ 4470.9000,  4480.0000], score = 0.00      <et=598.71>
SB phase 1 cand.  3 branch on var x[(8, 71)]_0_918_0_OspV (lhs=0.6667)     : [ 4471.7000,  4473.6500], score = 2.20 (h)  <et=598.72>
SB phase 1 cand.  5 branch on var x[(118, 71)]_0_14229_0_OspV (lhs=0.3333) : [ 4471.7000,  4473.6500], score = 2.20 (h)  <et=598.76>
SB phase 1 cand.  7 branch on var x[(7, 81)]_0_807_0_OspV (lhs=0.3333)     : [ 4471.7400,  4473.4500], score = 2.14 (h)  <et=598.8>
SB phase 1 cand.  9 branch on var x[(103, 81)]_0_12424_0_OspV (lhs=0.6667) : [ 4472.4500,  4473.4500], score = 3.95 (h)  <et=598.84>
**** Strong branching phase 2 is started *****
----- Add core cuts : CAP(11), max.viol = 1, aver.viol = 1, sep/add took 0.00960048/0.240553 sec. -----
----- Add core cuts : CAP(6), max.viol = 1, aver.viol = 1, sep/add took 0.0042124/0.13057 sec. -----
<DWph=0> <it=  7> <et=600.07> <Mt= 0.03> <Spt= 0.34> <nCl=503> <DB= 4473.4000> <Mlp= 4473.4000> <PB=4473.7> 
<DWph=0> <it=  5> <et=600.58> <Mt= 0.10> <Spt= 0.24> <nCl=321> <DB= 4472.4500> <Mlp= 4472.4500> <PB=4473.7> 
SB phase 2 cand.  1 branch on var x[(103, 81)]_0_12424_0_OspV (lhs=0.6667): [ 4472.4500,  4473.4000], score = 3.88 (h)  <et=600.61>
<DWph=0> <it=  5> <et=600.98> <Mt= 0.09> <Spt= 0.22> <nCl=269> <DB= 4473.6500> <Mlp= 4473.6500> <PB=4473.7> 
<DWph=0> <it=  5> <et=601.35> <Mt= 0.07> <Spt= 0.20> <nCl=178> <DB= 4471.7000> <Mlp= 4471.7000> <PB=4473.7> 
SB phase 2 cand.  2 branch on var x[(118, 71)]_0_14229_0_OspV (lhs=0.3333): [ 4471.7000,  4473.6500], score = 2.20 (h)  <et=601.39>
<DWph=0> <it=  5> <et=601.73> <Mt= 0.08> <Spt= 0.21> <nCl=303> <DB= 4473.6500> <Mlp= 4473.6500> <PB=4473.7> 
<DWph=0> <it=  4> <et=602.02> <Mt= 0.03> <Spt= 0.18> <nCl=177> <DB= 4471.7000> <Mlp= 4471.7000> <PB=4473.7> 
SB phase 2 cand.  3 branch on var x[(8, 71)]_0_918_0_OspV (lhs=0.6667)    : [ 4471.7000,  4473.6500], score = 2.20 (h)  <et=602.06>
**** Strong branching phase 3 is started *****
**** SB phase 3 evaluation of candidate 1, branch 1 ( x[(103, 81)]_0_12424_0_OspV <= 0 ), value = 4473.4
<DWph=2> <it=  1> <et=602.16> <Mt= 0.01> <Spt= 0.03> <nCl=  0> <DB= 4473.4000> <Mlp= 4473.4000> <PB=4473.7> 
<DWph=1> <it=  2> <et=602.19> <Mt= 0.00> <Spt= 0.03> <nCl=  0> <DB= 4473.4000> <Mlp= 4473.4000> <PB=4473.7> 
<DWph=0> <it=  3> <et=602.24> <Mt= 0.00> <Spt= 0.05> <nCl=  7> <DB= 4473.4000> <Mlp= 4473.4000> <PB=4473.7> 
Reduced cost fixing for graph G_0...  took 0 sec., done by inspection with 21203 solutions, remains 5907 (27.9%)
ColGenEvalAlg final dual bound: 4473.4 (rounded: 4473.4)
----- Terminating the node by MIP -----
**** SB phase 3 evaluation of candidate 1, branch 2 ( x[(103, 81)]_0_12424_0_OspV >= 1 ), value = 4472.45
<DWph=2> <it=  1> <et=603.43> <Mt= 0.00> <Spt= 0.04> <nCl=  0> <DB= 4472.4500> <Mlp= 4472.4500> <PB=4473.7> 
<DWph=1> <it=  2> <et=603.47> <Mt= 0.00> <Spt= 0.04> <nCl=  0> <DB= 4472.4500> <Mlp= 4472.4500> <PB=4473.7> 
<DWph=0> <it=  3> <et=603.53> <Mt= 0.00> <Spt= 0.06> <nCl=  0> <DB= 4472.4500> <Mlp= 4472.4500> <PB=4473.7> 
Reduced cost fixing for graph G_0...  took 0 sec., done by inspection with 21203 solutions, remains 8855 (41.8%)
ColGenEvalAlg final dual bound: 4472.45 (rounded: 4472.45)
----- Terminating the node by MIP -----
 SB phase 3 candidate 1 is conquered !
************************************************************************************************
**** BaB tree node (N° 28, parent N° 27, depth 14)
**** Local DB = 4466.65, global bounds : [ 4445.12 , 4473.7 ], TIME = 0h10m4s66t = 60466
**** 14 open nodes, ETS : 857, 56787 columns (9006 active), 1737 dyn. constrs. (67 active), 1979 art. vars. (309 active)
************************************************************************************************
**** Strong branching phase 1 is started *****
SB phase 1 cand.  1 branch on var x[(103, 81)]_0_12424_0_OspV (lhs=0.5000): [ 4466.7000,  4469.8333], score = 0.16 (h)  <et=605.21>
SB phase 1 cand.  2 branch on var x[(103, 71)]_0_12414_0_OspV (lhs=0.5000): [ 4466.7000,  4477.5000], score = 0.35      <et=605.32>
SB phase 1 cand.  3 branch on var x[(19, 40)]_0_2218_0_OspV (lhs=0.5000)  : [ 4466.7000,  4468.5000], score = 0.09 (h)  <et=605.39>
SB phase 1 cand.  5 branch on var x[(7, 103)]_0_829_0_OspV (lhs=0.5000)   : [ 4466.7000,  4469.1556], score = 0.13 (h)  <et=605.52>
SB phase 1 cand.  9 branch on var x[(22, 105)]_0_2646_0_OspV (lhs=0.5000) : [ 4466.7000,  4470.7833], score = 0.21 (h)  <et=605.79>
SB phase 1 cand. 11 branch on var x[(7, 81)]_0_807_0_OspV (lhs=0.5000)    : [ 4466.7000,  4475.3960], score = 0.35 (h)  <et=605.95>
SB phase 1 cand. 28 branch on var x[(118, 66)]_0_14224_0_OspV (lhs=0.5000): [ 4466.7000,  4471.0333], score = 0.22 (h)  <et=606.96>
SB phase 1 cand. 29 branch on var x[(8, 103)]_0_950_0_OspV (lhs=0.5000)   : [ 4466.7000,  4475.6222], score = 0.35 (h)  <et=607.08>
**** Strong branching phase 2 is started *****
<DWph=1> <it= 13> <et=608.54> <Mt= 0.43> <Spt= 0.74> <nCl=116> <DB= 4473.4500> <Mlp= 4473.4500> <PB=4473.7> 
----- Add core cuts : CAP(1), max.viol = 1, aver.viol = 1, sep/add took 0.00128342/0.0217903 sec. -----
<DWph=1> <it=  8> <et=609.63> <Mt= 0.11> <Spt= 0.55> <nCl= 28> <DB= 4466.9833> <Mlp= 4466.9833> <PB=4473.7> 
SB phase 2 cand.  1 branch on var x[(103, 71)]_0_12414_0_OspV (lhs=0.5000): [ 4466.9833,  4473.4500], score = 2.27      <et=609.67>
<DWph=1> <it= 10> <et=610.84> <Mt= 0.29> <Spt= 0.75> <nCl=118> <DB= 4468.4000> <Mlp= 4468.4000> <PB=4473.7> 
----- Add core cuts : CAP(1), max.viol = 1, aver.viol = 1, sep/add took 0.00147305/0.0226318 sec. -----
----- Add core cuts : CAP(3), max.viol = 1, aver.viol = 1, sep/add took 0.00330333/0.083501 sec. -----
<DWph=1> <it=  2> <et=611.36> <Mt= 0.06> <Spt= 0.20> <nCl=  7> <DB= 4467.6000> <Mlp= 4467.6000> <PB=4473.7> 
SB phase 2 cand.  2 branch on var x[(8, 103)]_0_950_0_OspV (lhs=0.5000)   : [ 4467.6000,  4468.4000], score = 1.66 (h)  <et=611.41>
<DWph=1> <it=  8> <et=612.46> <Mt= 0.31> <Spt= 0.63> <nCl=151> <DB= 4468.4000> <Mlp= 4468.4000> <PB=4473.7> 
----- Add core cuts : CAP(1), max.viol = 1, aver.viol = 1, sep/add took 0.00135787/0.0222202 sec. -----
----- Add core cuts : CAP(3), max.viol = 1, aver.viol = 1, sep/add took 0.00293078/0.0810317 sec. -----
<DWph=1> <it=  8> <et=613.48> <Mt= 0.15> <Spt= 0.60> <nCl= 86> <DB= 4467.9750> <Mlp= 4467.9750> <PB=4473.7> 
SB phase 2 cand.  3 branch on var x[(7, 81)]_0_807_0_OspV (lhs=0.5000)    : [ 4467.9750,  4468.4000], score = 2.32 (h)  <et=613.52>
**** Strong branching phase 3 is started *****
**** SB phase 3 evaluation of candidate 1, branch 1 ( x[(7, 81)]_0_807_0_OspV >= 1 ), value = 4468.4
<DWph=2> <it=  1> <et=613.78> <Mt= 0.00> <Spt= 0.09> <nCl=  1> <DB= 4468.4000> <Mlp= 4468.4000> <PB=4473.7> 
<DWph=1> <it=  2> <et=613.88> <Mt= 0.01> <Spt= 0.10> <nCl=  0> <DB= 4468.4000> <Mlp= 4468.4000> <PB=4473.7> 
<DWph=0> <it=  9> <et=614.74> <Mt= 0.17> <Spt= 0.68> <nCl=393> <DB= 4468.4000> <Mlp= 4468.4000> <PB=4473.7> 
Reduced cost fixing for graph G_0...  TT = 0.032732, pt = 0.00474, dt = 0.02707, ct = 0, ndl = 3985', bdl = 60779', odl = 2058', odf = 13587', lpcb = 124623', cnt = 6898', bdch = 154002', odch = 13638', lcp = 16459'
took 0.03 sec., 4755 buck. arcs remain (7.06% from prev., 1.55% from max.)
Run enumeration... took 0.89 sec. and succeeded! 
<DWph=2> <it= 10> <et=617.41> <Mt= 0.21> <Spt= 0.04> <nCl=  0> <DB= 4468.4000> <Mlp= 4468.4000> <PB=4473.7> 
<DWph=1> <it= 11> <et=617.45> <Mt= 0.00> <Spt= 0.04> <nCl=  0> <DB= 4468.4000> <Mlp= 4468.4000> <PB=4473.7> 
<DWph=0> <it= 12> <et=617.46> <Mt= 0.01> <Spt= 0.00> <nCl=  0> <DB= 4468.4000> <Mlp= 4468.4000> <PB=4473.7> 
<DWph=0> <it= 12> <et=617.46> <Mt= 0.00> <Spt= 0.00> <nCl=  0> <DB= 4468.4000> <Mlp= 4468.4000> <PB=4473.7> 
ColGenEvalAlg final dual bound: 4468.4 (rounded: 4468.4)
----- Add fac. cuts : CAP(7), max.viol = 1, aver.viol = 0.571429, sep/add took 0.28133/0.201462 sec. -----
50809 columns (4503 active), 1555 dyn. constrs. (434 active), 1797 art. vars. (676 active)
<DWph=2> <it=  1> <et=618.09> <Mt= 0.01> <Spt= 0.04> <nCl=  0> <DB= 4469.0000> <Mlp= 4469.0000> <PB=4473.7> 
<DWph=1> <it=  2> <et=618.13> <Mt= 0.00> <Spt= 0.05> <nCl=  0> <DB= 4469.0000> <Mlp= 4469.0000> <PB=4473.7> 
<DWph=0> <it= 10> <et=620.09> <Mt= 1.07> <Spt= 0.87> <nCl=881> <DB= 4467.2424> <Mlp= 4468.5444> <PB=4473.7> 
<DWph=0> <it= 11> <et=620.27> <Mt= 0.01> <Spt= 0.18> <nCl=139> <DB= 4468.5444> <Mlp= 4468.5444> <PB=4473.7> 
Reduced cost fixing for graph G_0...  took 0.1 sec., done by inspection with 339211 solutions, remains 174567 (51.5%)
ColGenEvalAlg final dual bound: 4468.54 (rounded: 4468.54)
Gap improvement since the last cut separation : 0.0272537 (4468.4)
----- Add fac. cuts : CAP(10) R1C(304), max.viol = 0.222222, aver.viol = 0.15322, sep/add took 0.18369/0.71443 sec. -----
51829 columns (4246 active), 1860 dyn. constrs. (368 active), 2111 art. vars. (610 active)
<DWph=2> <it=  1> <et=621.59> <Mt= 0.04> <Spt= 0.04> <nCl=  0> <DB= 4469.2400> <Mlp= 4469.2400> <PB=4473.7> 
<DWph=1> <it=  2> <et=621.64> <Mt= 0.00> <Spt= 0.04> <nCl=  0> <DB= 4469.2400> <Mlp= 4469.2400> <PB=4473.7> 
<DWph=0> <it=  7> <et=622.43> <Mt= 0.30> <Spt= 0.49> <nCl=608> <DB= 4469.0000> <Mlp= 4469.0000> <PB=4473.7> 
Reduced cost fixing for graph G_0...  took 0.04 sec., done by inspection with 174567 solutions, remains 134771 (77.2%)
ColGenEvalAlg final dual bound: 4469 (rounded: 4469)
Gap improvement since the last cut separation : 0.0883621 (4468.54)
----- Add fac. cuts : CAP(1) R1C(283), max.viol = 0.3125, aver.viol = 0.136444, sep/add took 0.182683/0.426851 sec. -----
51160 columns (4595 active), 2139 dyn. constrs. (351 active), 2395 art. vars. (593 active)
<DWph=2> <it=  1> <et=623.41> <Mt= 0.03> <Spt= 0.05> <nCl=  0> <DB= 4469.4000> <Mlp= 4469.4000> <PB=4473.7> 
<DWph=1> <it=  2> <et=623.45> <Mt= 0.00> <Spt= 0.04> <nCl=  0> <DB= 4469.4000> <Mlp= 4469.4000> <PB=4473.7> 
<DWph=0> <it=  8> <et=624.00> <Mt= 0.03> <Spt= 0.52> <nCl=541> <DB= 4469.4000> <Mlp= 4469.4000> <PB=4473.7> 
Reduced cost fixing for graph G_0...  took 0.03 sec., done by inspection with 134771 solutions, remains 110423 (81.9%)
ColGenEvalAlg final dual bound: 4469.4 (rounded: 4469.4)
Gap improvement since the last cut separation : 0.0851064 (4469)
----- Add fac. cuts : CAP(1) R1C(208), max.viol = 0.225, aver.viol = 0.141627, sep/add took 0.223305/0.319084 sec. -----
51442 columns (4889 active), 2051 dyn. constrs. (271 active), 2604 art. vars. (513 active)
<DWph=2> <it=  1> <et=624.89> <Mt= 0.03> <Spt= 0.04> <nCl=  0> <DB= 4469.6778> <Mlp= 4469.6778> <PB=4473.7> 
<DWph=1> <it=  2> <et=624.93> <Mt= 0.00> <Spt= 0.04> <nCl=  0> <DB= 4469.6778> <Mlp= 4469.6778> <PB=4473.7> 
<DWph=0> <it=  6> <et=625.24> <Mt= 0.01> <Spt= 0.29> <nCl=353> <DB= 4469.6778> <Mlp= 4469.6778> <PB=4473.7> 
Reduced cost fixing for graph G_0...  took 0.03 sec., done by inspection with 110423 solutions, remains 89543 (81.1%)
ColGenEvalAlg final dual bound: 4469.68 (rounded: 4469.68)
Gap improvement since the last cut separation : 0.0645995 (4469.4)
----- Add fac. cuts : R1C(203), max.viol = 0.222222, aver.viol = 0.1341, sep/add took 0.205591/0.295952 sec. -----
51548 columns (4841 active), 1966 dyn. constrs. (267 active), 2807 art. vars. (509 active)
<DWph=2> <it=  1> <et=626.06> <Mt= 0.02> <Spt= 0.04> <nCl=  0> <DB= 4469.9132> <Mlp= 4469.9132> <PB=4473.7> 
<DWph=1> <it=  2> <et=626.10> <Mt= 0.00> <Spt= 0.04> <nCl=  0> <DB= 4469.9132> <Mlp= 4469.9132> <PB=4473.7> 
<DWph=0> <it=  8> <et=626.50> <Mt= 0.03> <Spt= 0.37> <nCl=420> <DB= 4469.8125> <Mlp= 4469.8125> <PB=4473.7> 
Reduced cost fixing for graph G_0...  took 0.02 sec., done by inspection with 89543 solutions, remains 70427 (78.7%)
ColGenEvalAlg final dual bound: 4469.81 (rounded: 4469.81)
Gap improvement since the last cut separation : 0.0334945 (4469.68)
----- Add fac. cuts : R1C(293), max.viol = 0.25, aver.viol = 0.117747, sep/add took 0.251884/0.417977 sec. -----
51567 columns (4875 active), 2052 dyn. constrs. (359 active), 3100 art. vars. (601 active)
<DWph=2> <it=  1> <et=627.46> <Mt= 0.02> <Spt= 0.05> <nCl=  0> <DB= 4469.9909> <Mlp= 4469.9909> <PB=4473.7> 
<DWph=1> <it=  2> <et=627.50> <Mt= 0.00> <Spt= 0.03> <nCl=  0> <DB= 4469.9909> <Mlp= 4469.9909> <PB=4473.7> 
<DWph=0> <it=  4> <et=627.72> <Mt= 0.01> <Spt= 0.21> <nCl=279> <DB= 4469.9333> <Mlp= 4469.9333> <PB=4473.7> 
Reduced cost fixing for graph G_0...  took 0.01 sec., done by inspection with 70427 solutions, remains 64091 (91%)
ColGenEvalAlg final dual bound: 4469.93 (rounded: 4469.93)
Gap improvement since the last cut separation : 0.0310825 (4469.81)
----- Add fac. cuts : CAP(3) R1C(220), max.viol = 0.333333, aver.viol = 0.168161, sep/add took 0.21346/0.393105 sec. -----
51460 columns (4886 active), 2076 dyn. constrs. (301 active), 3323 art. vars. (543 active)
<DWph=2> <it=  1> <et=628.60> <Mt= 0.02> <Spt= 0.04> <nCl=  0> <DB= 4470.1222> <Mlp= 4470.1222> <PB=4473.7> 
<DWph=1> <it=  2> <et=628.65> <Mt= 0.00> <Spt= 0.04> <nCl=  0> <DB= 4470.1222> <Mlp= 4470.1222> <PB=4473.7> 
<DWph=0> <it=  4> <et=628.81> <Mt= 0.00> <Spt= 0.16> <nCl=172> <DB= 4470.1222> <Mlp= 4470.1222> <PB=4473.7> 
Reduced cost fixing for graph G_0...  took 0.01 sec., done by inspection with 64091 solutions, remains 59195 (92.4%)
ColGenEvalAlg final dual bound: 4470.12 (rounded: 4470.12)
Gap improvement since the last cut separation : 0.0501475 (4469.93)
----- Add fac. cuts : R1C(171), max.viol = 0.222222, aver.viol = 0.188434, sep/add took 0.24199/0.218316 sec. -----
51364 columns (4960 active), 1967 dyn. constrs. (247 active), 3494 art. vars. (489 active)
<DWph=2> <it=  1> <et=629.55> <Mt= 0.01> <Spt= 0.04> <nCl=  0> <DB= 4470.2750> <Mlp= 4470.2750> <PB=4473.7> 
<DWph=1> <it=  2> <et=629.59> <Mt= 0.00> <Spt= 0.04> <nCl=  0> <DB= 4470.2750> <Mlp= 4470.2750> <PB=4473.7> 
<DWph=0> <it=  4> <et=629.71> <Mt= 0.01> <Spt= 0.12> <nCl= 77> <DB= 4470.2750> <Mlp= 4470.2750> <PB=4473.7> 
Reduced cost fixing for graph G_0...  took 0.02 sec., done by inspection with 59195 solutions, remains 56163 (94.9%)
ColGenEvalAlg final dual bound: 4470.27 (rounded: 4470.27)
Gap improvement since the last cut separation : 0.0427019 (4470.12)
----- Add fac. cuts : R1C(168), max.viol = 0.166667, aver.viol = 0.163194, sep/add took 0.217804/0.232002 sec. -----
51343 columns (4939 active), 1910 dyn. constrs. (242 active), 3662 art. vars. (484 active)
<DWph=2> <it=  1> <et=630.41> <Mt= 0.01> <Spt= 0.05> <nCl=  0> <DB= 4470.3500> <Mlp= 4470.3500> <PB=4473.7> 
<DWph=1> <it=  2> <et=630.45> <Mt= 0.00> <Spt= 0.04> <nCl=  0> <DB= 4470.3500> <Mlp= 4470.3500> <PB=4473.7> 
<DWph=0> <it=  4> <et=630.59> <Mt= 0.00> <Spt= 0.13> <nCl=155> <DB= 4470.3500> <Mlp= 4470.3500> <PB=4473.7> 
Reduced cost fixing for graph G_0...  took 0.01 sec., done by inspection with 56163 solutions, remains 53807 (95.8%)
ColGenEvalAlg final dual bound: 4470.35 (rounded: 4470.35)
Gap improvement since the last cut separation : 0.0218978 (4470.27)
----- Add fac. cuts : sep. took 0.454251 sec.----- no cuts found  -----
**** SB phase 3 evaluation of candidate 1, branch 2 ( x[(7, 81)]_0_807_0_OspV <= 0 ), value = 4467.97
<DWph=2> <it=  8> <et=633.10> <Mt= 0.67> <Spt= 0.68> <nCl=191> <DB= 4467.9750> <Mlp= 4467.9750> <PB=4473.7> 
<DWph=1> <it= 10> <et=633.22> <Mt= 0.01> <Spt= 0.10> <nCl= 22> <DB= 4461.8706> <Mlp= 4467.9750> <PB=4473.7> 
<DWph=1> <it= 11> <et=633.32> <Mt= 0.00> <Spt= 0.09> <nCl=  6> <DB= 4467.9750> <Mlp= 4467.9750> <PB=4473.7> 
<DWph=0> <it= 13> <et=633.57> <Mt= 0.07> <Spt= 0.18> <nCl=132> <DB= 4467.9750> <Mlp= 4467.9750> <PB=4473.7> 
Reduced cost fixing for graph G_0...  TT = 0.026705, pt = 0.00466, dt = 0.021205, ct = 0, ndl = 3900', bdl = 61934', odl = 2181', odf = 13948', lpcb = 120512', cnt = 6760', bdch = 154857', odch = 14878', lcp = 15115'
took 0.02 sec., 5070 buck. arcs remain (7.53% from prev., 1.65% from max.)
Run enumeration... took 1.53 sec. and succeeded! 
Pricing will be done by the labelling algorithm.
ColGenEvalAlg final dual bound: 4467.98 (rounded: 4467.98)
----- Add fac. cuts : CAP(3) R1C(176), max.viol = 0.375, aver.viol = 0.129888, sep/add took 0.15476/0.540322 sec. -----
51617 columns (7459 active), 1756 dyn. constrs. (249 active), 1998 art. vars. (491 active)
<DWph=2> <it=  3> <et=636.32> <Mt= 0.06> <Spt= 0.16> <nCl= 42> <DB= 4468.2333> <Mlp= 4468.2333> <PB=4473.7> 
<DWph=1> <it=  6> <et=636.45> <Mt= 0.02> <Spt= 0.11> <nCl= 31> <DB= 4468.2333> <Mlp= 4468.2333> <PB=4473.7> 
<DWph=0> <it=  7> <et=636.53> <Mt= 0.00> <Spt= 0.09> <nCl= 85> <DB= 4468.2333> <Mlp= 4468.2333> <PB=4473.7> 
ColGenEvalAlg final dual bound: 4468.23 (rounded: 4468.23)
Gap improvement since the last cut separation : 0.0451237 (4467.98)
----- Add fac. cuts : R1C(1), max.viol = 0.166667, aver.viol = 0.166667, sep/add took 0.309729/0.00778947 sec. -----
51775 columns (7617 active), 1755 dyn. constrs. (54 active), 1999 art. vars. (296 active)
<DWph=2> <it=  1> <et=637.20> <Mt= 0.02> <Spt= 0.05> <nCl=  3> <DB= 4468.2333> <Mlp= 4468.2333> <PB=4473.7> 
<DWph=1> <it=  2> <et=637.25> <Mt= 0.00> <Spt= 0.05> <nCl=  0> <DB= 4468.2333> <Mlp= 4468.2333> <PB=4473.7> 
<DWph=0> <it=  3> <et=637.25> <Mt= 0.00> <Spt= 0.00> <nCl=  0> <DB= 4468.2333> <Mlp= 4468.2333> <PB=4473.7> 
<DWph=0> <it=  3> <et=637.25> <Mt= 0.00> <Spt= 0.00> <nCl=  0> <DB= 4468.2333> <Mlp= 4468.2333> <PB=4473.7> 
ColGenEvalAlg final dual bound: 4468.23 (rounded: 4468.23)
Gap improvement since the last cut separation : -1.66371e-13 (4468.23)
----- Add fac. cuts : R1C(7), max.viol = 0.333333, aver.viol = 0.333333, sep/add took 0.314398/0.0348741 sec. -----
51778 columns (7620 active), 1762 dyn. constrs. (61 active), 2006 art. vars. (303 active)
<DWph=2> <it=  1> <et=637.97> <Mt= 0.01> <Spt= 0.05> <nCl=  0> <DB= 4468.2333> <Mlp= 4468.2333> <PB=4473.7> 
<DWph=1> <it=  2> <et=638.02> <Mt= 0.00> <Spt= 0.05> <nCl=  0> <DB= 4468.2333> <Mlp= 4468.2333> <PB=4473.7> 
<DWph=0> <it=  3> <et=638.02> <Mt= 0.00> <Spt= 0.00> <nCl=  0> <DB= 4468.2333> <Mlp= 4468.2333> <PB=4473.7> 
<DWph=0> <it=  3> <et=638.02> <Mt= 0.00> <Spt= 0.00> <nCl=  0> <DB= 4468.2333> <Mlp= 4468.2333> <PB=4473.7> 
ColGenEvalAlg final dual bound: 4468.23 (rounded: 4468.23)
Gap improvement since the last cut separation : -4.99113e-13 (4468.23)
----- Add fac. cuts : CAP(1), max.viol = 0.333333, aver.viol = 0.333333, sep/add took 0.326819/0.00675845 sec. -----
51778 columns (7620 active), 1763 dyn. constrs. (62 active), 2007 art. vars. (304 active)
<DWph=2> <it=  1> <et=638.69> <Mt= 0.01> <Spt= 0.05> <nCl=  0> <DB= 4468.2333> <Mlp= 4468.2333> <PB=4473.7> 
<DWph=1> <it=  2> <et=638.74> <Mt= 0.00> <Spt= 0.04> <nCl=  0> <DB= 4468.2333> <Mlp= 4468.2333> <PB=4473.7> 
<DWph=0> <it=  3> <et=638.74> <Mt= 0.00> <Spt= 0.00> <nCl=  0> <DB= 4468.2333> <Mlp= 4468.2333> <PB=4473.7> 
<DWph=0> <it=  3> <et=638.74> <Mt= 0.00> <Spt= 0.00> <nCl=  0> <DB= 4468.2333> <Mlp= 4468.2333> <PB=4473.7> 
ColGenEvalAlg final dual bound: 4468.23 (rounded: 4468.23)
Gap improvement since the last cut separation : 2.49556e-12 (4468.23)
----- Add fac. cuts : sep. took 0.308313 sec.----- no cuts found  -----
SB exact phase 3 branch on var x[(7, 81)]_0_807_0_OspV (lhs=0.5) : [4470.35, 4468.2333], tree depth = 2.834, tree size = 12.26, score = -0.402 (h)
************************************************************************************************
**** BaB tree node (N° 47, parent N° 28, depth 15)
**** Local DB = 4468.23, global bounds : [ 4445.12 , 4473.7 ], TIME = 0h10m39s51t = 63951
**** 15 open nodes, ETS : 904, 51778 columns (7620 active), 1585 dyn. constrs. (62 active), 1827 art. vars. (304 active)
************************************************************************************************
**** Strong branching phase 2 is started *****
<DWph=1> <it= 13> <et=640.14> <Mt= 0.10> <Spt= 0.49> <nCl= 88> <DB= 4469.5750> <Mlp= 4469.5750> <PB=4473.7> 
----- Add core cuts : CAP(10), max.viol = 1, aver.viol = 1, sep/add took 0.0112863/0.412444 sec. -----
<DWph=1> <it=  9> <et=641.30> <Mt= 0.12> <Spt= 0.30> <nCl= 58> <DB= 4471.0200> <Mlp= 4471.0200> <PB=4473.7> 
SB phase 2 cand.  1 branch on var x[(103, 81)]_0_12424_0_OspV (lhs=0.6667): [ 4469.5750,  4471.0200], score = 3.74 (h)  <et=641.43>
<DWph=1> <it= 10> <et=641.95> <Mt= 0.08> <Spt= 0.38> <nCl= 88> <DB= 4469.0200> <Mlp= 4469.0200> <PB=4473.7> 
<DWph=2> <it=  2> <et=642.25> <Mt= 0.04> <Spt= 0.03> <nCl= 16> <DB= 4462.3131> <Mlp= 4468.2333> <PB=4473.7> 
<DWph=1> <it=  3> <et=642.25> <Mt= 0.00> <Spt= 0.00> <nCl=  0> <DB= 4468.2333> <Mlp= 4468.2333> <PB=4473.7> 
<DWph=1> <it=  3> <et=642.25> <Mt= 0.00> <Spt= 0.00> <nCl=  0> <DB= 4468.2333> <Mlp= 4468.2333> <PB=4473.7> 
SB phase 2 cand.  2 branch on var x[(0, 105)]_0_12584_0_OspV (lhs=0.6667) : [ 4468.2333,  4469.0200], score = 0.00      <et=642.42>
**** Strong branching phase 3 is started *****
**** SB phase 3 evaluation of candidate 1, branch 1 ( x[(103, 81)]_0_12424_0_OspV <= 0 ), value = 4471.02
<DWph=2> <it=  8> <et=643.30> <Mt= 0.20> <Spt= 0.35> <nCl=117> <DB= 4471.0200> <Mlp= 4471.0200> <PB=4473.7> 
<DWph=1> <it= 10> <et=643.36> <Mt= 0.01> <Spt= 0.06> <nCl=  1> <DB= 4471.0200> <Mlp= 4471.0200> <PB=4473.7> 
<DWph=0> <it= 14> <et=643.62> <Mt= 0.06> <Spt= 0.20> <nCl=377> <DB= 4471.0200> <Mlp= 4471.0200> <PB=4473.7> 
Reduced cost fixing for graph G_0...  took 0.14 sec., done by inspection with 609987 solutions, remains 92779 (15.2%)
<DWph=2> <it= 15> <et=644.41> <Mt= 0.07> <Spt= 0.04> <nCl=  0> <DB= 4471.0200> <Mlp= 4471.0200> <PB=4473.7> 
<DWph=1> <it= 16> <et=644.45> <Mt= 0.00> <Spt= 0.04> <nCl=  0> <DB= 4471.0200> <Mlp= 4471.0200> <PB=4473.7> 
<DWph=0> <it= 17> <et=644.46> <Mt= 0.00> <Spt= 0.00> <nCl=  0> <DB= 4471.0200> <Mlp= 4471.0200> <PB=4473.7> 
<DWph=0> <it= 17> <et=644.46> <Mt= 0.00> <Spt= 0.00> <nCl=  0> <DB= 4471.0200> <Mlp= 4471.0200> <PB=4473.7> 
ColGenEvalAlg final dual bound: 4471.02 (rounded: 4471.02)
----- Add fac. cuts : R1C(217), max.viol = 0.4, aver.viol = 0.203687, sep/add took 0.155141/0.183962 sec. -----
55155 columns (3289 active), 1444 dyn. constrs. (290 active), 1686 art. vars. (532 active)
<DWph=2> <it=  1> <et=644.91> <Mt= 0.01> <Spt= 0.05> <nCl=  0> <DB= 4471.9000> <Mlp= 4471.9000> <PB=4473.7> 
<DWph=1> <it=  2> <et=644.95> <Mt= 0.00> <Spt= 0.05> <nCl=  0> <DB= 4471.9000> <Mlp= 4471.9000> <PB=4473.7> 
<DWph=0> <it=  9> <et=645.38> <Mt= 0.03> <Spt= 0.40> <nCl=698> <DB= 4471.4143> <Mlp= 4471.4143> <PB=4473.7> 
Reduced cost fixing for graph G_0...  took 0.01 sec., done by inspection with 92779 solutions, remains 34163 (36.8%)
ColGenEvalAlg final dual bound: 4471.41 (rounded: 4471.41)
Gap improvement since the last cut separation : 0.147122 (4471.02)
----- Add fac. cuts : R1C(302), max.viol = 0.142857, aver.viol = 0.139782, sep/add took 0.209383/0.188117 sec. -----
55829 columns (2150 active), 1744 dyn. constrs. (347 active), 1988 art. vars. (589 active)
<DWph=2> <it=  1> <et=645.96> <Mt= 0.00> <Spt= 0.05> <nCl=  0> <DB= 4471.4857> <Mlp= 4471.4857> <PB=4473.7> 
<DWph=1> <it=  2> <et=646.00> <Mt= 0.00> <Spt= 0.04> <nCl=  0> <DB= 4471.4857> <Mlp= 4471.4857> <PB=4473.7> 
<DWph=0> <it=  3> <et=646.09> <Mt= 0.01> <Spt= 0.09> <nCl=123> <DB= 4471.4857> <Mlp= 4471.4857> <PB=4473.7> 
Reduced cost fixing for graph G_0...  took 0 sec., done by inspection with 34163 solutions, remains 34043 (99.6%)
ColGenEvalAlg final dual bound: 4471.49 (rounded: 4471.49)
Gap improvement since the last cut separation : 0.03125 (4471.41)
----- Add fac. cuts : CAP(1) R1C(203), max.viol = 0.428571, aver.viol = 0.15056, sep/add took 0.194976/0.165476 sec. -----
54139 columns (2267 active), 1728 dyn. constrs. (256 active), 2192 art. vars. (498 active)
----- Add core cuts : CAP(10), max.viol = 1, aver.viol = 1, sep/add took 0.0128644/0.376606 sec. -----
<DWph=2> <it=  1> <et=647.09> <Mt= 0.01> <Spt= 0.05> <nCl=  0> <DB= 4471.5571> <Mlp= 4471.5571> <PB=4473.7> 
<DWph=1> <it=  2> <et=647.14> <Mt= 0.00> <Spt= 0.05> <nCl=  0> <DB= 4471.5571> <Mlp= 4471.5571> <PB=4473.7> 
<DWph=0> <it=  3> <et=647.23> <Mt= 0.00> <Spt= 0.09> <nCl=131> <DB= 4471.5571> <Mlp= 4471.5571> <PB=4473.7> 
Reduced cost fixing for graph G_0...  took 0 sec., done by inspection with 34043 solutions, remains 32751 (96.2%)
ColGenEvalAlg final dual bound: 4471.56 (rounded: 4471.56)
Gap improvement since the last cut separation : 0.0322581 (4471.49)
----- Add fac. cuts : R1C(160), max.viol = 0.571429, aver.viol = 0.313393, sep/add took 0.188536/0.111327 sec. -----
54264 columns (2385 active), 1595 dyn. constrs. (213 active), 2362 art. vars. (455 active)
<DWph=2> <it=  1> <et=647.69> <Mt= 0.00> <Spt= 0.04> <nCl=  0> <DB= 4471.5571> <Mlp= 4471.5571> <PB=4473.7> 
<DWph=1> <it=  2> <et=647.73> <Mt= 0.00> <Spt= 0.04> <nCl=  0> <DB= 4471.5571> <Mlp= 4471.5571> <PB=4473.7> 
<DWph=0> <it=  3> <et=647.73> <Mt= 0.00> <Spt= 0.00> <nCl=  0> <DB= 4471.5571> <Mlp= 4471.5571> <PB=4473.7> 
<DWph=0> <it=  3> <et=647.73> <Mt= 0.00> <Spt= 0.00> <nCl=  0> <DB= 4471.5571> <Mlp= 4471.5571> <PB=4473.7> 
ColGenEvalAlg final dual bound: 4471.56 (rounded: 4471.56)
Gap improvement since the last cut separation : 3.77743e-11 (4471.56)
----- Add fac. cuts : CAP(2) R1C(248), max.viol = 0.142857, aver.viol = 0.142857, sep/add took 0.472085/0.233785 sec. -----
54264 columns (2385 active), 1845 dyn. constrs. (463 active), 2612 art. vars. (705 active)
<DWph=2> <it=  1> <et=648.53> <Mt= 0.02> <Spt= 0.04> <nCl=  0> <DB= 4471.5783> <Mlp= 4471.5783> <PB=4473.7> 
<DWph=1> <it=  2> <et=648.57> <Mt= 0.00> <Spt= 0.04> <nCl=  0> <DB= 4471.5783> <Mlp= 4471.5783> <PB=4473.7> 
<DWph=0> <it=  6> <et=648.94> <Mt= 0.01> <Spt= 0.35> <nCl=468> <DB= 4471.5625> <Mlp= 4471.5625> <PB=4473.7> 
Reduced cost fixing for graph G_0...  took 0 sec., done by inspection with 32751 solutions, remains 32487 (99.2%)
ColGenEvalAlg final dual bound: 4471.56 (rounded: 4471.56)
Gap improvement since the last cut separation : 0.0025 (4471.56)
----- Add fac. cuts : CAP(11) R1C(411), max.viol = 0.5, aver.viol = 0.151807, sep/add took 0.483529/0.69321 sec. -----
54719 columns (2841 active), 2063 dyn. constrs. (484 active), 3034 art. vars. (726 active)
<DWph=2> <it=  1> <et=650.28> <Mt= 0.02> <Spt= 0.04> <nCl=  0> <DB= 4471.6143> <Mlp= 4471.6143> <PB=4473.7> 
<DWph=1> <it=  2> <et=650.33> <Mt= 0.00> <Spt= 0.05> <nCl=  0> <DB= 4471.6143> <Mlp= 4471.6143> <PB=4473.7> 
<DWph=0> <it=  3> <et=650.43> <Mt= 0.00> <Spt= 0.10> <nCl=108> <DB= 4471.6143> <Mlp= 4471.6143> <PB=4473.7> 
Reduced cost fixing for graph G_0...  took 0 sec., done by inspection with 32487 solutions, remains 31851 (98%)
ColGenEvalAlg final dual bound: 4471.61 (rounded: 4471.61)
Gap improvement since the last cut separation : 0.0242272 (4471.56)
----- Add fac. cuts : R1C(410), max.viol = 0.285714, aver.viol = 0.121487, sep/add took 0.500173/0.39978 sec. -----
54815 columns (2947 active), 2072 dyn. constrs. (477 active), 3444 art. vars. (719 active)
<DWph=2> <it=  1> <et=651.54> <Mt= 0.01> <Spt= 0.05> <nCl=  0> <DB= 4471.6857> <Mlp= 4471.6857> <PB=4473.7> 
<DWph=1> <it=  2> <et=651.58> <Mt= 0.00> <Spt= 0.04> <nCl=  0> <DB= 4471.6857> <Mlp= 4471.6857> <PB=4473.7> 
<DWph=0> <it=  4> <et=651.75> <Mt= 0.01> <Spt= 0.15> <nCl=167> <DB= 4471.6857> <Mlp= 4471.6857> <PB=4473.7> 
Reduced cost fixing for graph G_0...  took 0 sec., done by inspection with 31851 solutions, remains 28859 (90.6%)
ColGenEvalAlg final dual bound: 4471.69 (rounded: 4471.69)
Gap improvement since the last cut separation : 0.0342466 (4471.61)
----- Add fac. cuts : CAP(1) R1C(81), max.viol = 0.142857, aver.viol = 0.142857, sep/add took 0.490695/0.0915854 sec. -----
54980 columns (3027 active), 1737 dyn. constrs. (148 active), 3526 art. vars. (390 active)
<DWph=2> <it=  1> <et=652.52> <Mt= 0.00> <Spt= 0.05> <nCl=  0> <DB= 4471.6857> <Mlp= 4471.6857> <PB=4473.7> 
<DWph=1> <it=  2> <et=652.56> <Mt= 0.00> <Spt= 0.04> <nCl=  0> <DB= 4471.6857> <Mlp= 4471.6857> <PB=4473.7> 
<DWph=0> <it=  3> <et=652.56> <Mt= 0.01> <Spt= 0.00> <nCl=  0> <DB= 4471.6857> <Mlp= 4471.6857> <PB=4473.7> 
<DWph=0> <it=  3> <et=652.56> <Mt= 0.00> <Spt= 0.00> <nCl=  0> <DB= 4471.6857> <Mlp= 4471.6857> <PB=4473.7> 
ColGenEvalAlg final dual bound: 4471.69 (rounded: 4471.69)
Gap improvement since the last cut separation : 1.41326e-10 (4471.69)
----- Add fac. cuts : R1C(52), max.viol = 0.142857, aver.viol = 0.0755495, sep/add took 0.522855/0.0647801 sec. -----
54980 columns (3027 active), 1789 dyn. constrs. (200 active), 3578 art. vars. (442 active)
<DWph=2> <it=  1> <et=653.24> <Mt= 0.00> <Spt= 0.05> <nCl=  0> <DB= 4471.6857> <Mlp= 4471.6857> <PB=4473.7> 
<DWph=1> <it=  2> <et=653.29> <Mt= 0.00> <Spt= 0.04> <nCl=  0> <DB= 4471.6857> <Mlp= 4471.6857> <PB=4473.7> 
<DWph=0> <it=  3> <et=653.29> <Mt= 0.00> <Spt= 0.00> <nCl=  0> <DB= 4471.6857> <Mlp= 4471.6857> <PB=4473.7> 
<DWph=0> <it=  3> <et=653.29> <Mt= 0.00> <Spt= 0.00> <nCl=  0> <DB= 4471.6857> <Mlp= 4471.6857> <PB=4473.7> 
ColGenEvalAlg final dual bound: 4471.69 (rounded: 4471.69)
Gap improvement since the last cut separation : -1.7203e-10 (4471.69)
----- Cut generation is stopped due to tailing off -----
**** SB phase 3 evaluation of candidate 1, branch 2 ( x[(103, 81)]_0_12424_0_OspV >= 1 ), value = 4469.57
<DWph=2> <it=  2> <et=654.02> <Mt= 0.18> <Spt= 0.10> <nCl= 41> <DB= 4466.0000> <Mlp= 4469.5750> <PB=4473.7> 
<DWph=1> <it=  6> <et=654.19> <Mt= 0.02> <Spt= 0.14> <nCl= 31> <DB= 4469.5750> <Mlp= 4469.5750> <PB=4473.7> 
<DWph=0> <it= 10> <et=654.40> <Mt= 0.04> <Spt= 0.17> <nCl=224> <DB= 4469.1714> <Mlp= 4469.2500> <PB=4473.7> 
<DWph=0> <it= 11> <et=654.45> <Mt= 0.00> <Spt= 0.06> <nCl=  3> <DB= 4469.2500> <Mlp= 4469.2500> <PB=4473.7> 
Reduced cost fixing for graph G_0...  took 0.14 sec., done by inspection with 609987 solutions, remains 396395 (65%)
 TT = 0.206445, pt = 0.001586, dt = 0.001072, ct = 0, ndl = 2108', bdl = 1957', odl = 428', odf = 5408', lpcb = 2774', cnt = 3831', bdch = 6803', odch = 1992', lcp = 1422'
took 0.2 sec., 4551 buck. arcs remain (89.8% from prev., 1.49% from max.)
ColGenEvalAlg final dual bound: 4469.25 (rounded: 4469.25)
----- Add fac. cuts : CAP(14) R1C(191), max.viol = 1, aver.viol = 0.517073, sep/add took 0.324606/1.20285 sec. -----
55192 columns (8007 active), 1583 dyn. constrs. (256 active), 1825 art. vars. (498 active)
<DWph=2> <it=  3> <et=656.50> <Mt= 0.10> <Spt= 0.13> <nCl= 21> <DB= 4469.6800> <Mlp= 4469.6800> <PB=4473.7> 
<DWph=1> <it=  5> <et=656.61> <Mt= 0.01> <Spt= 0.10> <nCl= 12> <DB= 4469.6800> <Mlp= 4469.6800> <PB=4473.7> 
<DWph=0> <it=  7> <et=656.75> <Mt= 0.01> <Spt= 0.13> <nCl= 68> <DB= 4469.6800> <Mlp= 4469.6800> <PB=4473.7> 
ColGenEvalAlg final dual bound: 4469.68 (rounded: 4469.68)
Gap improvement since the last cut separation : 0.0966292 (4469.25)
----- Add fac. cuts : CAP(1) R1C(500), max.viol = 0.6, aver.viol = 0.251497, sep/add took 0.390453/1.59516 sec. -----
55293 columns (8108 active), 2084 dyn. constrs. (566 active), 2326 art. vars. (808 active)
<DWph=2> <it=  1> <et=658.96> <Mt= 0.03> <Spt= 0.05> <nCl=  2> <DB= 4469.8400> <Mlp= 4469.8400> <PB=4473.7> 
<DWph=1> <it=  2> <et=659.02> <Mt= 0.01> <Spt= 0.06> <nCl=  0> <DB= 4469.8400> <Mlp= 4469.8400> <PB=4473.7> 
<DWph=0> <it=  3> <et=659.10> <Mt= 0.00> <Spt= 0.07> <nCl= 33> <DB= 4469.8400> <Mlp= 4469.8400> <PB=4473.7> 
Reduced cost fixing for graph G_0...  took 0.08 sec., done by inspection with 396395 solutions, remains 233959 (59%)
 TT = 0.151218, pt = 0.00188, dt = 0.000956, ct = 0, ndl = 1897', bdl = 1633', odl = 360', odf = 5554', lpcb = 1993', cnt = 3392', bdch = 5573', odch = 2125', lcp = 867'
took 0.15 sec., 4277 buck. arcs remain (94% from prev., 1.4% from max.)
ColGenEvalAlg final dual bound: 4469.84 (rounded: 4469.84)
Gap improvement since the last cut separation : 0.039801 (4469.68)
----- Add fac. cuts : CAP(16) R1C(412), max.viol = 0.6, aver.viol = 0.207944, sep/add took 0.374849/1.83458 sec. -----
55328 columns (8143 active), 2324 dyn. constrs. (484 active), 2754 art. vars. (726 active)
<DWph=2> <it=  6> <et=662.02> <Mt= 0.13> <Spt= 0.27> <nCl= 54> <DB= 4470.1855> <Mlp= 4470.1855> <PB=4473.7> 
<DWph=1> <it=  7> <et=662.07> <Mt= 0.01> <Spt= 0.05> <nCl=  2> <DB= 4470.1855> <Mlp= 4470.1855> <PB=4473.7> 
<DWph=0> <it= 10> <et=662.35> <Mt= 0.12> <Spt= 0.15> <nCl=108> <DB= 4461.0738> <Mlp= 4470.0000> <PB=4473.7> 
<DWph=0> <it= 15> <et=662.65> <Mt= 0.04> <Spt= 0.26> <nCl= 99> <DB= 4469.9833> <Mlp= 4469.9833> <PB=4473.7> 
ColGenEvalAlg final dual bound: 4469.98 (rounded: 4469.98)
Gap improvement since the last cut separation : 0.037133 (4469.84)
----- Add fac. cuts : CAP(2) R1C(360), max.viol = 0.333333, aver.viol = 0.171731, sep/add took 0.357522/1.32246 sec. -----
55591 columns (8406 active), 2178 dyn. constrs. (418 active), 3116 art. vars. (660 active)
<DWph=2> <it=  2> <et=664.68> <Mt= 0.06> <Spt= 0.11> <nCl=  7> <DB= 4470.0577> <Mlp= 4470.0577> <PB=4473.7> 
<DWph=1> <it=  3> <et=664.74> <Mt= 0.00> <Spt= 0.05> <nCl=  1> <DB= 4470.0577> <Mlp= 4470.0577> <PB=4473.7> 
<DWph=0> <it=  7> <et=664.95> <Mt= 0.04> <Spt= 0.18> <nCl= 76> <DB= 4470.0250> <Mlp= 4470.0250> <PB=4473.7> 
ColGenEvalAlg final dual bound: 4470.02 (rounded: 4470.02)
Gap improvement since the last cut separation : 0.0112108 (4469.98)
----- Add fac. cuts : R1C(272), max.viol = 0.25, aver.viol = 0.25, sep/add took 0.349086/1.04751 sec. -----
55675 columns (8490 active), 2024 dyn. constrs. (327 active), 3388 art. vars. (569 active)
<DWph=2> <it=  1> <et=666.60> <Mt= 0.02> <Spt= 0.06> <nCl=  7> <DB= 4470.0577> <Mlp= 4470.0577> <PB=4473.7> 
<DWph=1> <it=  2> <et=666.66> <Mt= 0.00> <Spt= 0.05> <nCl=  1> <DB= 4470.0577> <Mlp= 4470.0577> <PB=4473.7> 
<DWph=0> <it=  3> <et=666.72> <Mt= 0.00> <Spt= 0.06> <nCl=  8> <DB= 4470.0577> <Mlp= 4470.0577> <PB=4473.7> 
ColGenEvalAlg final dual bound: 4470.06 (rounded: 4470.06)
Gap improvement since the last cut separation : 0.00889587 (4470.02)
----- Add fac. cuts : CAP(3) R1C(439), max.viol = 0.230769, aver.viol = 0.074182, sep/add took 0.507742/1.6343 sec. -----
55691 columns (8506 active), 2105 dyn. constrs. (497 active), 3830 art. vars. (739 active)
<DWph=2> <it=  4> <et=669.35> <Mt= 0.13> <Spt= 0.18> <nCl= 16> <DB= 4470.3000> <Mlp= 4470.3000> <PB=4473.7> 
<DWph=1> <it=  6> <et=669.46> <Mt= 0.02> <Spt= 0.09> <nCl= 17> <DB= 4470.3000> <Mlp= 4470.3000> <PB=4473.7> 
<DWph=0> <it=  9> <et=669.97> <Mt= 0.35> <Spt= 0.16> <nCl= 95> <DB= 4470.1600> <Mlp= 4470.1600> <PB=4473.7> 
ColGenEvalAlg final dual bound: 4470.16 (rounded: 4470.16)
Gap improvement since the last cut separation : 0.0280887 (4470.06)
----- Add fac. cuts : R1C(255), max.viol = 0.2, aver.viol = 0.107843, sep/add took 0.377158/0.936171 sec. -----
55819 columns (8634 active), 2088 dyn. constrs. (347 active), 4085 art. vars. (589 active)
<DWph=2> <it=  1> <et=671.55> <Mt= 0.03> <Spt= 0.05> <nCl=  0> <DB= 4470.1600> <Mlp= 4470.1600> <PB=4473.7> 
<DWph=1> <it=  2> <et=671.60> <Mt= 0.00> <Spt= 0.05> <nCl=  0> <DB= 4470.1600> <Mlp= 4470.1600> <PB=4473.7> 
<DWph=0> <it=  3> <et=671.60> <Mt= 0.00> <Spt= 0.00> <nCl=  0> <DB= 4470.1600> <Mlp= 4470.1600> <PB=4473.7> 
<DWph=0> <it=  3> <et=671.60> <Mt= 0.00> <Spt= 0.00> <nCl=  0> <DB= 4470.1600> <Mlp= 4470.1600> <PB=4473.7> 
ColGenEvalAlg final dual bound: 4470.16 (rounded: 4470.16)
Gap improvement since the last cut separation : -5.13839e-13 (4470.16)
----- Cut generation is stopped due to tailing off -----
SB exact phase 3 branch on var x[(103, 81)]_0_12424_0_OspV (lhs=0.666667) : [4471.6857, 4470.16], tree depth = 2.092, tree size = 6.528, score = -0.3827 (h)
************************************************************************************************
**** BaB tree node (N° 49, parent N° 47, depth 16)
**** Local DB = 4470.16, global bounds : [ 4445.12 , 4473.7 ], TIME = 0h11m11s93t = 67193
**** 16 open nodes, ETS : 947, 55819 columns (8634 active), 1684 dyn. constrs. (347 active), 1926 art. vars. (589 active)
************************************************************************************************
**** Strong branching phase 3 is started *****
**** SB phase 3 evaluation of candidate 1, branch 1 ( x[(0, 115)]_0_13794_0_OspV >= 1 ), value = 1e+12
<DWph=2> <it=  2> <et=672.16> <Mt= 0.08> <Spt= 0.11> <nCl= 17> <DB= 4470.5406> <Mlp= 4470.5406> <PB=4473.7> 
<DWph=1> <it=  3> <et=672.22> <Mt= 0.00> <Spt= 0.05> <nCl=  3> <DB= 4470.5406> <Mlp= 4470.5406> <PB=4473.7> 
<DWph=0> <it=  6> <et=672.76> <Mt= 0.36> <Spt= 0.18> <nCl=150> <DB= 4470.3357> <Mlp= 4470.3357> <PB=4473.7> 
Reduced cost fixing for graph G_0...  took 0.06 sec., done by inspection with 233959 solutions, remains 113719 (48.6%)
 TT = 0.114178, pt = 0.001792, dt = 0.000997, ct = 0, ndl = 2042', bdl = 1816', odl = 342', odf = 5267', lpcb = 1958', cnt = 4246', bdch = 7968', odch = 1865', lcp = 1340'
took 0.11 sec., 4067 buck. arcs remain (95.1% from prev., 1.33% from max.)
ColGenEvalAlg final dual bound: 4470.34 (rounded: 4470.34)
----- Add fac. cuts : CAP(1) R1C(137), max.viol = 0.142857, aver.viol = 0.0729814, sep/add took 0.211641/0.551277 sec. -----
55989 columns (8804 active), 1809 dyn. constrs. (215 active), 2065 art. vars. (457 active)
<DWph=2> <it=  1> <et=673.81> <Mt= 0.04> <Spt= 0.05> <nCl=  0> <DB= 4470.3597> <Mlp= 4470.3597> <PB=4473.7> 
<DWph=1> <it=  2> <et=673.86> <Mt= 0.01> <Spt= 0.05> <nCl=  0> <DB= 4470.3597> <Mlp= 4470.3597> <PB=4473.7> 
<DWph=0> <it=  3> <et=673.93> <Mt= 0.00> <Spt= 0.06> <nCl=  7> <DB= 4470.3597> <Mlp= 4470.3597> <PB=4473.7> 
ColGenEvalAlg final dual bound: 4470.36 (rounded: 4470.36)
Gap improvement since the last cut separation : 0.00713612 (4470.34)
----- Add fac. cuts : R1C(11), max.viol = 0.0416667, aver.viol = 0.0366162, sep/add took 0.602172/0.0467213 sec. -----
55996 columns (8811 active), 1820 dyn. constrs. (80 active), 2076 art. vars. (322 active)
<DWph=2> <it=  1> <et=674.75> <Mt= 0.01> <Spt= 0.06> <nCl=  0> <DB= 4470.3600> <Mlp= 4470.3600> <PB=4473.7> 
<DWph=1> <it=  2> <et=674.80> <Mt= 0.00> <Spt= 0.04> <nCl=  0> <DB= 4470.3600> <Mlp= 4470.3600> <PB=4473.7> 
<DWph=0> <it=  3> <et=674.86> <Mt= 0.00> <Spt= 0.06> <nCl= 29> <DB= 4470.3600> <Mlp= 4470.3600> <PB=4473.7> 
ColGenEvalAlg final dual bound: 4470.36 (rounded: 4470.36)
Gap improvement since the last cut separation : 8.31601e-05 (4470.36)
----- Add fac. cuts : R1C(246), max.viol = 0.1, aver.viol = 0.1, sep/add took 0.492282/0.940492 sec. -----
56025 columns (8840 active), 1931 dyn. constrs. (315 active), 2322 art. vars. (557 active)
<DWph=2> <it=  1> <et=676.48> <Mt= 0.00> <Spt= 0.06> <nCl=  0> <DB= 4470.3600> <Mlp= 4470.3600> <PB=4473.7> 
<DWph=1> <it=  2> <et=676.54> <Mt= 0.01> <Spt= 0.04> <nCl=  0> <DB= 4470.3600> <Mlp= 4470.3600> <PB=4473.7> 
<DWph=0> <it=  3> <et=676.54> <Mt= 0.00> <Spt= 0.00> <nCl=  0> <DB= 4470.3600> <Mlp= 4470.3600> <PB=4473.7> 
<DWph=0> <it=  3> <et=676.54> <Mt= 0.00> <Spt= 0.00> <nCl=  0> <DB= 4470.3600> <Mlp= 4470.3600> <PB=4473.7> 
ColGenEvalAlg final dual bound: 4470.36 (rounded: 4470.36)
Gap improvement since the last cut separation : 0 (4470.36)
----- Add fac. cuts : R1C(14), max.viol = 0.1, aver.viol = 0.1, sep/add took 0.509619/0.0661692 sec. -----
56025 columns (8840 active), 1945 dyn. constrs. (329 active), 2336 art. vars. (571 active)
<DWph=2> <it=  1> <et=677.29> <Mt= 0.00> <Spt= 0.06> <nCl=  0> <DB= 4470.3600> <Mlp= 4470.3600> <PB=4473.7> 
<DWph=1> <it=  2> <et=677.34> <Mt= 0.01> <Spt= 0.04> <nCl=  0> <DB= 4470.3600> <Mlp= 4470.3600> <PB=4473.7> 
<DWph=0> <it=  3> <et=677.34> <Mt= 0.00> <Spt= 0.00> <nCl=  0> <DB= 4470.3600> <Mlp= 4470.3600> <PB=4473.7> 
<DWph=0> <it=  3> <et=677.34> <Mt= 0.00> <Spt= 0.00> <nCl=  0> <DB= 4470.3600> <Mlp= 4470.3600> <PB=4473.7> 
ColGenEvalAlg final dual bound: 4470.36 (rounded: 4470.36)
Gap improvement since the last cut separation : 0 (4470.36)
----- Add fac. cuts : sep. took 0.509574 sec.----- no cuts found  -----
**** SB phase 3 evaluation of candidate 1, branch 2 ( x[(0, 115)]_0_13794_0_OspV <= 0 ), value = 1e+12
<DWph=2> <it=  3> <et=678.22> <Mt= 0.04> <Spt= 0.06> <nCl= 15> <DB= 4468.7425> <Mlp= 4470.1600> <PB=4473.7> 
<DWph=2> <it=  3> <et=678.22> <Mt= 0.00> <Spt= 0.00> <nCl=  0> <DB= 4468.7425> <Mlp= 4470.1600> <PB=4473.7> 
<DWph=1> <it=  4> <et=678.22> <Mt= 0.01> <Spt= 0.00> <nCl=  0> <DB= 4470.1600> <Mlp= 4470.1600> <PB=4473.7> 
<DWph=1> <it=  4> <et=678.22> <Mt= 0.00> <Spt= 0.00> <nCl=  0> <DB= 4470.1600> <Mlp= 4470.1600> <PB=4473.7> 
<DWph=0> <it=  5> <et=678.22> <Mt= 0.00> <Spt= 0.00> <nCl=  0> <DB= 4470.1600> <Mlp= 4470.1600> <PB=4473.7> 
<DWph=0> <it=  5> <et=678.22> <Mt= 0.00> <Spt= 0.00> <nCl=  0> <DB= 4470.1600> <Mlp= 4470.1600> <PB=4473.7> 
ColGenEvalAlg final dual bound: 4470.16 (rounded: 4470.16)
----- Add fac. cuts : R1C(126), max.viol = 0.5, aver.viol = 0.290476, sep/add took 0.378651/0.444353 sec. -----
56040 columns (8649 active), 2063 dyn. constrs. (474 active), 2305 art. vars. (716 active)
<DWph=2> <it=  4> <et=679.37> <Mt= 0.09> <Spt= 0.16> <nCl= 15> <DB= 4470.4182> <Mlp= 4470.4182> <PB=4473.7> 
<DWph=1> <it=  6> <et=679.46> <Mt= 0.01> <Spt= 0.09> <nCl= 24> <DB= 4470.4182> <Mlp= 4470.4182> <PB=4473.7> 
<DWph=0> <it=  9> <et=679.64> <Mt= 0.08> <Spt= 0.09> <nCl= 80> <DB= 4470.1600> <Mlp= 4470.1600> <PB=4473.7> 
<DWph=0> <it=  9> <et=679.65> <Mt= 0.00> <Spt= 0.00> <nCl=  0> <DB= 4470.1600> <Mlp= 4470.1600> <PB=4473.7> 
ColGenEvalAlg final dual bound: 4470.16 (rounded: 4470.16)
Gap improvement since the last cut separation : 1.02768e-12 (4470.16)
----- Add fac. cuts : sep. took 0.373529 sec.----- no cuts found  -----
SB exact phase 3 branch on var x[(0, 115)]_0_13794_0_OspV (lhs=0.5) : [4470.36, 4470.16], tree depth = 1e+12, tree size = 1e+12, score = -34.46
************************************************************************************************
**** BaB tree node (N° 51, parent N° 49, depth 17)
**** Local DB = 4470.16, global bounds : [ 4445.12 , 4473.7 ], TIME = 0h11m20s20t = 68020
**** 17 open nodes, ETS : 1143, 56159 columns (8768 active), 2063 dyn. constrs. (474 active), 2305 art. vars. (716 active)
************************************************************************************************
**** Strong branching phase 1 is started *****
SB phase 1 cand.  1 branch on var x[(19, 40)]_0_2218_0_OspV (lhs=0.4000)   : [ 4470.5000,  4476.2000], score = 1.20 (h)  <et=680.42>
SB phase 1 cand.  2 branch on var x[(0, 104)]_0_12463_0_OspV (lhs=0.5000)  : [ 4470.1600,  4470.3100], score = 0.00      <et=680.51>
SB phase 1 cand.  3 branch on var x[(118, 71)]_0_14229_0_OspV (lhs=0.5000) : [ 4471.4500,  4480.4875], score = 4.57 (h)  <et=680.75>
SB phase 1 cand.  4 branch on var x[(0, 110)]_0_13189_0_OspV (lhs=0.5000)  : [ 4470.1600,  4470.5175], score = 0.00      <et=680.9>
SB phase 1 cand.  5 branch on var x[(12, 96)]_0_1427_0_OspV (lhs=0.3000)   : [ 4470.8286,  4478.3167], score = 2.37 (h)  <et=681.17>
SB phase 1 cand.  9 branch on var x[(22, 105)]_0_2646_0_OspV (lhs=0.2000)  : [ 4470.8500,  4473.8000], score = 2.44 (h)  <et=681.95>
SB phase 1 cand. 31 branch on var x[(36, 19)]_0_4255_0_OspV (lhs=0.3000)   : [ 4470.8286,  4478.8167], score = 2.37 (h)  <et=685.83>
SB phase 1 cand. 36 branch on var x[(66, 19)]_0_7885_0_OspV (lhs=0.5000)   : [ 4470.9250,  4473.3500], score = 2.44      <et=686.67>
SB phase 1 cand. 39 branch on var x[(118, 66)]_0_14224_0_OspV (lhs=0.4000) : [ 4471.0500,  4475.2000], score = 3.15 (h)  <et=687.31>
**** Strong branching phase 2 is started *****
<DWph=1> <it= 15> <et=690.62> <Mt= 0.47> <Spt= 0.61> <nCl=118> <DB= 4472.6500> <Mlp= 4472.6500> <PB=4473.7> 
<DWph=1> <it=  2> <et=690.92> <Mt= 0.01> <Spt= 0.10> <nCl=  4> <DB= 4471.4500> <Mlp= 4471.4500> <PB=4473.7> 
SB phase 2 cand.  1 branch on var x[(118, 71)]_0_14229_0_OspV (lhs=0.5000): [ 4471.4500,  4472.6500], score = 3.21 (h)  <et=690.99>
<DWph=1> <it=  5> <et=691.40> <Mt= 0.14> <Spt= 0.22> <nCl= 42> <DB= 4474.6000> <Mlp= 4474.6000> <PB=4473.7> 
<DWph=1> <it=  4> <et=691.73> <Mt= 0.02> <Spt= 0.20> <nCl= 15> <DB= 4471.0000> <Mlp= 4471.0000> <PB=4473.7> 
SB phase 2 cand.  2 branch on var x[(118, 66)]_0_14224_0_OspV (lhs=0.4000): [ 4471.0000,  4474.6000], score = 2.97 (h)  <et=691.8>
<DWph=1> <it= 12> <et=693.20> <Mt= 0.91> <Spt= 0.44> <nCl= 97> <DB= 4471.8333> <Mlp= 4471.8333> <PB=4473.7> 
<DWph=1> <it= 11> <et=693.93> <Mt= 0.14> <Spt= 0.47> <nCl= 65> <DB= 4470.7800> <Mlp= 4470.7800> <PB=4473.7> 
SB phase 2 cand.  3 branch on var x[(22, 105)]_0_2646_0_OspV (lhs=0.2000) : [ 4470.7800,  4471.8333], score = 1.04 (h)  <et=693.99>
**** Strong branching phase 3 is started *****
**** SB phase 3 evaluation of candidate 1, branch 1 ( x[(118, 71)]_0_14229_0_OspV >= 1 ), value = 4472.65
<DWph=2> <it=  1> <et=694.24> <Mt= 0.00> <Spt= 0.04> <nCl=  2> <DB= 4472.6500> <Mlp= 4472.6500> <PB=4473.7> 
<DWph=1> <it=  2> <et=694.30> <Mt= 0.00> <Spt= 0.05> <nCl=  0> <DB= 4472.6500> <Mlp= 4472.6500> <PB=4473.7> 
<DWph=0> <it=  7> <et=694.94> <Mt= 0.35> <Spt= 0.30> <nCl=221> <DB= 4471.0000> <Mlp= 4471.0000> <PB=4473.7> 
Reduced cost fixing for graph G_0...  took 0.08 sec., done by inspection with 233959 solutions, remains 57075 (24.4%)
<DWph=2> <it=  8> <et=696.71> <Mt= 0.29> <Spt= 0.04> <nCl=  0> <DB= 4471.0000> <Mlp= 4471.0000> <PB=4473.7> 
<DWph=1> <it=  9> <et=696.75> <Mt= 0.00> <Spt= 0.04> <nCl=  0> <DB= 4471.0000> <Mlp= 4471.0000> <PB=4473.7> 
<DWph=0> <it= 10> <et=696.75> <Mt= 0.00> <Spt= 0.00> <nCl=  0> <DB= 4471.0000> <Mlp= 4471.0000> <PB=4473.7> 
ColGenEvalAlg final dual bound: 4471 (rounded: 4471)
----- Add fac. cuts : CAP(1) R1C(157), max.viol = 0.5, aver.viol = 0.5, sep/add took 0.34721/0.186512 sec. -----
59726 columns (3563 active), 2227 dyn. constrs. (633 active), 2469 art. vars. (875 active)
<DWph=2> <it=  1> <et=697.37> <Mt= 0.01> <Spt= 0.04> <nCl=  0> <DB= 4473.7000> <Mlp= 4473.7000> <PB=4473.7> 
<DWph=1> <it=  2> <et=697.42> <Mt= 0.00> <Spt= 0.04> <nCl=  0> <DB= 4473.7000> <Mlp= 4473.7000> <PB=4473.7> 
<DWph=0> <it=  6> <et=698.12> <Mt= 0.40> <Spt= 0.30> <nCl=359> <DB= 4473.7000> <Mlp= 4473.7000> <PB=4473.7> 
ColGenEvalAlg final dual bound: 4473.7 (rounded: 4473.7)
Gap improvement since the last cut separation : 1 (4471)
**** SB phase 3 evaluation of candidate 1, branch 2 ( x[(118, 71)]_0_14229_0_OspV <= 0 ), value = 4471.45
<DWph=2> <it=  1> <et=698.71> <Mt= 0.00> <Spt= 0.05> <nCl=  0> <DB= 4471.4500> <Mlp= 4471.4500> <PB=4473.7> 
<DWph=1> <it=  2> <et=698.76> <Mt= 0.01> <Spt= 0.05> <nCl=  0> <DB= 4471.4500> <Mlp= 4471.4500> <PB=4473.7> 
<DWph=0> <it=  6> <et=699.04> <Mt= 0.03> <Spt= 0.24> <nCl=137> <DB= 4471.1500> <Mlp= 4471.1500> <PB=4473.7> 
Reduced cost fixing for graph G_0...  took 0.05 sec., done by inspection with 233959 solutions, remains 83263 (35.6%)
<DWph=2> <it=  7> <et=700.94> <Mt= 0.21> <Spt= 0.04> <nCl=  0> <DB= 4471.1500> <Mlp= 4471.1500> <PB=4473.7> 
<DWph=1> <it=  8> <et=700.98> <Mt= 0.00> <Spt= 0.04> <nCl=  0> <DB= 4471.1500> <Mlp= 4471.1500> <PB=4473.7> 
<DWph=0> <it=  9> <et=700.99> <Mt= 0.00> <Spt= 0.00> <nCl=  0> <DB= 4471.1500> <Mlp= 4471.1500> <PB=4473.7> 
<DWph=0> <it=  9> <et=700.99> <Mt= 0.00> <Spt= 0.00> <nCl=  0> <DB= 4471.1500> <Mlp= 4471.1500> <PB=4473.7> 
ColGenEvalAlg final dual bound: 4471.15 (rounded: 4471.15)
----- Add fac. cuts : CAP(5) R1C(156), max.viol = 0.25, aver.viol = 0.178571, sep/add took 0.198036/0.280643 sec. -----
59753 columns (3594 active), 2384 dyn. constrs. (636 active), 2626 art. vars. (878 active)
<DWph=2> <it=  1> <et=701.59> <Mt= 0.02> <Spt= 0.05> <nCl=  0> <DB= 4471.9714> <Mlp= 4471.9714> <PB=4473.7> 
<DWph=1> <it=  2> <et=701.63> <Mt= 0.00> <Spt= 0.04> <nCl=  0> <DB= 4471.9714> <Mlp= 4471.9714> <PB=4473.7> 
<DWph=0> <it=  7> <et=702.39> <Mt= 0.25> <Spt= 0.51> <nCl=550> <DB= 4471.8167> <Mlp= 4471.8167> <PB=4473.7> 
Reduced cost fixing for graph G_0...  took 0.03 sec., done by inspection with 83263 solutions, remains 19735 (23.7%)
ColGenEvalAlg final dual bound: 4471.82 (rounded: 4471.82)
Gap improvement since the last cut separation : 0.261438 (4471.15)
----- Add fac. cuts : CAP(1) R1C(25), max.viol = 0.166667, aver.viol = 0.166667, sep/add took 0.518359/0.0501396 sec. -----
60201 columns (2212 active), 2252 dyn. constrs. (88 active), 2652 art. vars. (330 active)
<DWph=2> <it=  1> <et=703.19> <Mt= 0.01> <Spt= 0.05> <nCl=  0> <DB= 4471.9238> <Mlp= 4471.9238> <PB=4473.7> 
<DWph=1> <it=  2> <et=703.24> <Mt= 0.00> <Spt= 0.04> <nCl=  0> <DB= 4471.9238> <Mlp= 4471.9238> <PB=4473.7> 
<DWph=0> <it=  5> <et=703.43> <Mt= 0.01> <Spt= 0.18> <nCl=292> <DB= 4471.9172> <Mlp= 4471.9172> <PB=4473.7> 
Reduced cost fixing for graph G_0...  took 0 sec., done by inspection with 19735 solutions, remains 17451 (88.4%)
ColGenEvalAlg final dual bound: 4471.92 (rounded: 4471.92)
Gap improvement since the last cut separation : 0.0534025 (4471.82)
----- Add fac. cuts : R1C(372), max.viol = 0.241379, aver.viol = 0.132925, sep/add took 0.528973/0.294302 sec. -----
58663 columns (2376 active), 2467 dyn. constrs. (434 active), 3024 art. vars. (676 active)
<DWph=2> <it=  1> <et=704.45> <Mt= 0.01> <Spt= 0.05> <nCl=  0> <DB= 4471.9750> <Mlp= 4471.9750> <PB=4473.7> 
<DWph=1> <it=  2> <et=704.49> <Mt= 0.00> <Spt= 0.04> <nCl=  0> <DB= 4471.9750> <Mlp= 4471.9750> <PB=4473.7> 
<DWph=0> <it=  3> <et=704.58> <Mt= 0.00> <Spt= 0.09> <nCl=112> <DB= 4471.9750> <Mlp= 4471.9750> <PB=4473.7> 
Reduced cost fixing for graph G_0...  took 0 sec., done by inspection with 17451 solutions, remains 16587 (95%)
ColGenEvalAlg final dual bound: 4471.97 (rounded: 4471.97)
Gap improvement since the last cut separation : 0.0323985 (4471.92)
----- Add fac. cuts : R1C(195), max.viol = 0.25, aver.viol = 0.25, sep/add took 0.463717/0.186388 sec. -----
58647 columns (2397 active), 2640 dyn. constrs. (263 active), 3219 art. vars. (505 active)
<DWph=2> <it=  1> <et=705.38> <Mt= 0.01> <Spt= 0.05> <nCl=  0> <DB= 4472.1000> <Mlp= 4472.1000> <PB=4473.7> 
<DWph=1> <it=  2> <et=705.42> <Mt= 0.00> <Spt= 0.03> <nCl=  0> <DB= 4472.1000> <Mlp= 4472.1000> <PB=4473.7> 
<DWph=0> <it=  3> <et=705.51> <Mt= 0.00> <Spt= 0.09> <nCl=112> <DB= 4472.1000> <Mlp= 4472.1000> <PB=4473.7> 
Reduced cost fixing for graph G_0...  took 0 sec., done by inspection with 16587 solutions, remains 14787 (89.1%)
ColGenEvalAlg final dual bound: 4472.1 (rounded: 4472.1)
Gap improvement since the last cut separation : 0.0724638 (4471.97)
----- Add fac. cuts : CAP(1), max.viol = 0.5, aver.viol = 0.5, sep/add took 0.440684/0.0238483 sec. -----
58668 columns (2414 active), 2276 dyn. constrs. (64 active), 3220 art. vars. (306 active)
<DWph=2> <it=  1> <et=706.15> <Mt= 0.01> <Spt= 0.05> <nCl=  0> <DB= 4472.2000> <Mlp= 4472.2000> <PB=4473.7> 
<DWph=1> <it=  2> <et=706.19> <Mt= 0.00> <Spt= 0.04> <nCl=  0> <DB= 4472.2000> <Mlp= 4472.2000> <PB=4473.7> 
<DWph=0> <it=  3> <et=706.26> <Mt= 0.00> <Spt= 0.07> <nCl= 67> <DB= 4472.2000> <Mlp= 4472.2000> <PB=4473.7> 
Reduced cost fixing for graph G_0...  took 0 sec., done by inspection with 14787 solutions, remains 13143 (88.9%)
ColGenEvalAlg final dual bound: 4472.2 (rounded: 4472.2)
Gap improvement since the last cut separation : 0.0625 (4472.1)
----- Add fac. cuts : R1C(224), max.viol = 0.333333, aver.viol = 0.333333, sep/add took 0.451298/0.201001 sec. -----
58640 columns (2337 active), 2301 dyn. constrs. (286 active), 3444 art. vars. (528 active)
<DWph=2> <it=  1> <et=707.07> <Mt= 0.00> <Spt= 0.05> <nCl=  0> <DB= 4472.2000> <Mlp= 4472.2000> <PB=4473.7> 
<DWph=1> <it=  2> <et=707.11> <Mt= 0.00> <Spt= 0.04> <nCl=  0> <DB= 4472.2000> <Mlp= 4472.2000> <PB=4473.7> 
<DWph=0> <it=  3> <et=707.11> <Mt= 0.00> <Spt= 0.00> <nCl=  0> <DB= 4472.2000> <Mlp= 4472.2000> <PB=4473.7> 
<DWph=0> <it=  3> <et=707.11> <Mt= 0.00> <Spt= 0.00> <nCl=  0> <DB= 4472.2000> <Mlp= 4472.2000> <PB=4473.7> 
ColGenEvalAlg final dual bound: 4472.2 (rounded: 4472.2)
Gap improvement since the last cut separation : -9.39811e-11 (4472.2)
----- Add fac. cuts : sep. took 0.419714 sec.----- no cuts found  -----
SB exact phase 3 branch on var x[(118, 71)]_0_14229_0_OspV (lhs=0.5) : [4473.7, 4472.2], tree depth = 1.302, tree size = 2.932, score = -0.3678 (h)
************************************************************************************************
**** BaB tree node (N° 53, parent N° 51, depth 18)
**** Local DB = 4472.2, global bounds : [ 4445.12 , 4473.7 ], TIME = 0h11m47s63t = 70763
**** 18 open nodes, ETS : 1180, 58496 columns (2337 active), 2299 dyn. constrs. (286 active), 2541 art. vars. (528 active)
************************************************************************************************
**** Strong branching phase 3 is started *****
**** SB phase 3 evaluation of candidate 1, branch 1 ( x[(0, 105)]_0_12584_0_OspV >= 1 ), value = 1e+12
<DWph=2> <it=  1> <et=707.71> <Mt= 0.01> <Spt= 0.03> <nCl=  0> <DB= 4472.7800> <Mlp= 4472.7800> <PB=4473.7> 
<DWph=1> <it=  2> <et=707.75> <Mt= 0.00> <Spt= 0.04> <nCl=  0> <DB= 4472.7800> <Mlp= 4472.7800> <PB=4473.7> 
<DWph=0> <it=  5> <et=708.04> <Mt= 0.01> <Spt= 0.28> <nCl=358> <DB= 4472.7200> <Mlp= 4472.7200> <PB=4473.7> 
Reduced cost fixing for graph G_0...  took 0 sec., done by inspection with 13143 solutions, remains 7940 (60.4%)
ColGenEvalAlg final dual bound: 4472.72 (rounded: 4472.72)
----- Terminating the node by MIP -----
**** SB phase 3 evaluation of candidate 1, branch 2 ( x[(0, 105)]_0_12584_0_OspV <= 0 ), value = 1e+12
<DWph=2> <it=  1> <et=710.24> <Mt= 0.01> <Spt= 0.04> <nCl=  0> <DB= 4472.9333> <Mlp= 4472.9333> <PB=4473.7> 
<DWph=1> <it=  2> <et=710.28> <Mt= 0.00> <Spt= 0.04> <nCl=  0> <DB= 4472.9333> <Mlp= 4472.9333> <PB=4473.7> 
<DWph=0> <it=  6> <et=710.52> <Mt= 0.01> <Spt= 0.22> <nCl=321> <DB= 4472.4750> <Mlp= 4472.4750> <PB=4473.7> 
Reduced cost fixing for graph G_0...  took 0 sec., done by inspection with 13143 solutions, remains 8681 (66.1%)
ColGenEvalAlg final dual bound: 4472.48 (rounded: 4472.48)
----- Terminating the node by MIP -----
 SB phase 3 candidate 1 is conquered !
************************************************************************************************
**** BaB tree node (N° 50, parent N° 49, depth 17)
**** Local DB = 4470.36, global bounds : [ 4445.12 , 4473.7 ], TIME = 0h11m52s59t = 71259
**** 16 open nodes, ETS : 1305, 65487 columns (8979 active), 1894 dyn. constrs. (287 active), 2136 art. vars. (529 active)
************************************************************************************************
**** Strong branching phase 1 is started *****
SB phase 1 cand.  1 branch on var x[(118, 71)]_0_14229_0_OspV (lhs=0.5000) : [ 4471.5750,  4480.6875], score = 4.06 (h)  <et=713.2>
SB phase 1 cand.  2 branch on var x[(0, 104)]_0_12463_0_OspV (lhs=0.5000)  : [ 4470.3600,  4470.3600], score = 0.00      <et=713.25>
SB phase 1 cand.  3 branch on var x[(19, 40)]_0_2218_0_OspV (lhs=0.4000)   : [ 4470.7480,  4476.4000], score = 1.30 (h)  <et=713.44>
SB phase 1 cand.  4 branch on var x[(0, 24)]_0_2783_0_OspV (lhs=0.5000)    : [ 4470.3600,  4471.2545], score = 0.00      <et=713.53>
SB phase 1 cand.  5 branch on var x[(12, 96)]_0_1427_0_OspV (lhs=0.3000)   : [ 4470.9256,  4478.4833], score = 1.89 (h)  <et=713.72>
SB phase 1 cand.  7 branch on var x[(118, 66)]_0_14224_0_OspV (lhs=0.4000) : [ 4471.3000,  4474.9500], score = 3.14 (h)  <et=713.96>
SB phase 1 cand. 11 branch on var x[(22, 105)]_0_2646_0_OspV (lhs=0.2000)  : [ 4471.0087,  4473.8000], score = 2.17 (h)  <et=714.42>
SB phase 1 cand. 23 branch on var x[(9, 54)]_0_1022_0_OspV (lhs=0.5000)    : [ 4471.4500,  4472.3917], score = 2.21 (h)  <et=715.95>
SB phase 1 cand. 28 branch on var x[(54, 68)]_0_6481_0_OspV (lhs=0.5000)   : [ 4471.4500,  4472.3917], score = 2.21      <et=716.53>
SB phase 1 cand. 32 branch on var x[(9, 68)]_0_1036_0_OspV (lhs=0.5000)    : [ 4471.4500,  4472.3917], score = 2.21      <et=717.3>
**** Strong branching phase 2 is started *****
<DWph=1> <it=  6> <et=720.76> <Mt= 0.53> <Spt= 0.29> <nCl= 51> <DB= 4471.4000> <Mlp= 4471.4000> <PB=4473.7> 
<DWph=1> <it=  6> <et=721.51> <Mt= 0.04> <Spt= 0.26> <nCl= 16> <DB= 4471.5250> <Mlp= 4471.5250> <PB=4473.7> 
SB phase 2 cand.  1 branch on var x[(118, 71)]_0_14229_0_OspV (lhs=0.5000): [ 4471.4000,  4471.5250], score = 1.21 (h)  <et=721.57>
<DWph=1> <it=  5> <et=721.98> <Mt= 0.12> <Spt= 0.24> <nCl= 32> <DB= 4474.9500> <Mlp= 4474.9500> <PB=4473.7> 
<DWph=1> <it=  5> <et=722.34> <Mt= 0.03> <Spt= 0.24> <nCl= 41> <DB= 4471.3000> <Mlp= 4471.3000> <PB=4473.7> 
SB phase 2 cand.  2 branch on var x[(118, 66)]_0_14224_0_OspV (lhs=0.4000): [ 4471.3000,  4474.9500], score = 3.14 (h)  <et=722.4>
<DWph=1> <it=  3> <et=722.62> <Mt= 0.02> <Spt= 0.15> <nCl=  7> <DB= 4472.3917> <Mlp= 4472.3917> <PB=4473.7> 
<DWph=1> <it=  7> <et=723.46> <Mt= 0.43> <Spt= 0.31> <nCl= 21> <DB= 4470.9920> <Mlp= 4470.9920> <PB=4473.7> 
SB phase 2 cand.  3 branch on var x[(9, 68)]_0_1036_0_OspV (lhs=0.5000)   : [ 4470.9920,  4472.3917], score = 1.28      <et=723.51>
**** Strong branching phase 3 is started *****
**** SB phase 3 evaluation of candidate 1, branch 1 ( x[(118, 66)]_0_14224_0_OspV >= 1 ), value = 4474.95
<DWph=2> <it=  1> <et=723.77> <Mt= 0.01> <Spt= 0.05> <nCl=  2> <DB= 4474.9500> <Mlp= 4474.9500> <PB=4473.7> 
<DWph=1> <it=  2> <et=723.83> <Mt= 0.00> <Spt= 0.05> <nCl=  1> <DB= 4474.9500> <Mlp= 4474.9500> <PB=4473.7> 
<DWph=0> <it=  8> <et=724.62> <Mt= 0.41> <Spt= 0.38> <nCl=342> <DB= 4474.2000> <Mlp= 4474.2000> <PB=4473.7> 
ColGenEvalAlg final dual bound: 4474.2 (rounded: 4474.2)
**** SB phase 3 evaluation of candidate 1, branch 2 ( x[(118, 66)]_0_14224_0_OspV <= 0 ), value = 4471.3
<DWph=2> <it=  1> <et=724.87> <Mt= 0.00> <Spt= 0.05> <nCl=  1> <DB= 4471.3000> <Mlp= 4471.3000> <PB=4473.7> 
<DWph=1> <it=  2> <et=724.93> <Mt= 0.00> <Spt= 0.05> <nCl=  0> <DB= 4471.3000> <Mlp= 4471.3000> <PB=4473.7> 
<DWph=0> <it=  7> <et=725.38> <Mt= 0.22> <Spt= 0.24> <nCl=127> <DB= 4471.2889> <Mlp= 4471.2889> <PB=4473.7> 
Reduced cost fixing for graph G_0...  took 0.05 sec., done by inspection with 113719 solutions, remains 49507 (43.5%)
<DWph=2> <it=  8> <et=726.78> <Mt= 0.15> <Spt= 0.04> <nCl=  0> <DB= 4471.3000> <Mlp= 4471.3000> <PB=4473.7> 
<DWph=1> <it=  9> <et=726.83> <Mt= 0.00> <Spt= 0.04> <nCl=  0> <DB= 4471.3000> <Mlp= 4471.3000> <PB=4473.7> 
<DWph=0> <it= 10> <et=726.91> <Mt= 0.01> <Spt= 0.08> <nCl=144> <DB= 4456.4500> <Mlp= 4471.3000> <PB=4473.7> 
<DWph=0> <it= 11> <et=727.02> <Mt= 0.00> <Spt= 0.11> <nCl=182> <DB= 4471.3000> <Mlp= 4471.3000> <PB=4473.7> 
Reduced cost fixing for graph G_0...  took 0.02 sec., done by inspection with 49507 solutions, remains 19067 (38.5%)
ColGenEvalAlg final dual bound: 4471.3 (rounded: 4471.3)
----- Add fac. cuts : CAP(4) R1C(150), max.viol = 0.388889, aver.viol = 0.0869408, sep/add took 0.00988473/0.197382 sec. -----
57706 columns (1681 active), 1808 dyn. constrs. (208 active), 2050 art. vars. (450 active)
<DWph=2> <it=  1> <et=727.47> <Mt= 0.00> <Spt= 0.04> <nCl=  0> <DB= 4471.8333> <Mlp= 4471.8333> <PB=4473.7> 
<DWph=1> <it=  2> <et=727.51> <Mt= 0.01> <Spt= 0.04> <nCl=  0> <DB= 4471.8333> <Mlp= 4471.8333> <PB=4473.7> 
<DWph=0> <it=  4> <et=727.67> <Mt= 0.01> <Spt= 0.14> <nCl=278> <DB= 4471.8000> <Mlp= 4471.8000> <PB=4473.7> 
Reduced cost fixing for graph G_0...  took 0 sec., done by inspection with 19067 solutions, remains 14803 (77.6%)
ColGenEvalAlg final dual bound: 4471.8 (rounded: 4471.8)
Gap improvement since the last cut separation : 0.208333 (4471.3)
----- Add fac. cuts : CAP(1) R1C(187), max.viol = 0.2, aver.viol = 0.0776596, sep/add took 0.257435/0.127715 sec. -----
57984 columns (1849 active), 1996 dyn. constrs. (265 active), 2238 art. vars. (507 active)
<DWph=2> <it=  1> <et=728.18> <Mt= 0.00> <Spt= 0.05> <nCl=  0> <DB= 4472.0200> <Mlp= 4472.0200> <PB=4473.7> 
<DWph=1> <it=  2> <et=728.22> <Mt= 0.00> <Spt= 0.04> <nCl=  0> <DB= 4472.0200> <Mlp= 4472.0200> <PB=4473.7> 
<DWph=0> <it=  5> <et=728.40> <Mt= 0.01> <Spt= 0.17> <nCl=201> <DB= 4471.9200> <Mlp= 4471.9200> <PB=4473.7> 
Reduced cost fixing for graph G_0...  took 0 sec., done by inspection with 14803 solutions, remains 12227 (82.6%)
ColGenEvalAlg final dual bound: 4471.92 (rounded: 4471.92)
Gap improvement since the last cut separation : 0.0631579 (4471.8)
----- Add fac. cuts : CAP(2) R1C(231), max.viol = 0.2, aver.viol = 0.100429, sep/add took 0.228402/0.204719 sec. -----
58075 columns (1990 active), 2102 dyn. constrs. (293 active), 2471 art. vars. (535 active)
<DWph=2> <it=  1> <et=728.96> <Mt= 0.00> <Spt= 0.05> <nCl=  0> <DB= 4472.0500> <Mlp= 4472.0500> <PB=4473.7> 
<DWph=1> <it=  2> <et=729.00> <Mt= 0.00> <Spt= 0.04> <nCl=  0> <DB= 4472.0500> <Mlp= 4472.0500> <PB=4473.7> 
<DWph=0> <it=  3> <et=729.07> <Mt= 0.01> <Spt= 0.07> <nCl= 32> <DB= 4472.0500> <Mlp= 4472.0500> <PB=4473.7> 
Reduced cost fixing for graph G_0...  took 0 sec., done by inspection with 12227 solutions, remains 11359 (92.9%)
ColGenEvalAlg final dual bound: 4472.05 (rounded: 4472.05)
Gap improvement since the last cut separation : 0.0730337 (4471.92)
----- Add fac. cuts : CAP(2), max.viol = 0.166667, aver.viol = 0.166667, sep/add took 0.491574/0.0606807 sec. -----
58047 columns (1964 active), 1903 dyn. constrs. (67 active), 2473 art. vars. (309 active)
<DWph=2> <it=  1> <et=729.76> <Mt= 0.00> <Spt= 0.04> <nCl=  0> <DB= 4472.6250> <Mlp= 4472.6250> <PB=4473.7> 
<DWph=1> <it=  2> <et=729.80> <Mt= 0.00> <Spt= 0.04> <nCl=  0> <DB= 4472.6250> <Mlp= 4472.6250> <PB=4473.7> 
<DWph=0> <it=  4> <et=729.90> <Mt= 0.00> <Spt= 0.10> <nCl=115> <DB= 4472.6250> <Mlp= 4472.6250> <PB=4473.7> 
Reduced cost fixing for graph G_0...  took 0 sec., done by inspection with 11359 solutions, remains 6391 (56.3%)
ColGenEvalAlg final dual bound: 4472.63 (rounded: 4472.63)
Gap improvement since the last cut separation : 0.348485 (4472.05)
----- Terminating the node by MIP -----
MIP found solution with value 4473.7
 SB phase 3 candidate 1 is conquered !
************************************************************************************************
**** BaB tree node (N° 48, parent N° 47, depth 16)
**** Local DB = 4471.69, global bounds : [ 4445.12 , 4473.7 ], TIME = 0h12m10s87t = 73087
**** 15 open nodes, ETS : 1299, 62624 columns (6599 active), 1677 dyn. constrs. (67 active), 1919 art. vars. (309 active)
************************************************************************************************
**** Strong branching phase 3 is started *****
**** SB phase 3 evaluation of candidate 1, branch 1 ( x[(0, 105)]_0_12584_0_OspV >= 1 ), value = 1e+12
----- Add core cuts : CAP(1), max.viol = 1, aver.viol = 1, sep/add took 0.00127097/0.0234358 sec. -----
<DWph=2> <it=  1> <et=731.18> <Mt= 0.02> <Spt= 0.05> <nCl=  0> <DB= 4473.2000> <Mlp= 4473.2000> <PB=4473.7> 
<DWph=1> <it=  2> <et=731.23> <Mt= 0.00> <Spt= 0.04> <nCl=  0> <DB= 4473.2000> <Mlp= 4473.2000> <PB=4473.7> 
<DWph=0> <it=  7> <et=731.54> <Mt= 0.01> <Spt= 0.30> <nCl=426> <DB= 4473.2000> <Mlp= 4473.2000> <PB=4473.7> 
Reduced cost fixing for graph G_0...  took 0.01 sec., done by inspection with 28859 solutions, remains 11722 (40.6%)
ColGenEvalAlg final dual bound: 4473.2 (rounded: 4473.2)
----- Add fac. cuts : R1C(118), max.viol = 0.5, aver.viol = 0.5, sep/add took 0.51287/0.104995 sec. -----
53450 columns (2246 active), 1479 dyn. constrs. (167 active), 2039 art. vars. (409 active)
<DWph=2> <it=  1> <et=732.57> <Mt= 0.01> <Spt= 0.04> <nCl=  0> <DB= 4473.7000> <Mlp= 4473.7000> <PB=4473.7> 
<DWph=1> <it=  2> <et=732.61> <Mt= 0.00> <Spt= 0.04> <nCl=  0> <DB= 4473.7000> <Mlp= 4473.7000> <PB=4473.7> 
<DWph=0> <it=  5> <et=732.81> <Mt= 0.01> <Spt= 0.19> <nCl=325> <DB= 4473.7000> <Mlp= 4473.7000> <PB=4473.7> 
ColGenEvalAlg final dual bound: 4473.7 (rounded: 4473.7)
Gap improvement since the last cut separation : 1 (4473.2)
**** SB phase 3 evaluation of candidate 1, branch 2 ( x[(0, 105)]_0_12584_0_OspV <= 0 ), value = 1e+12
<DWph=2> <it=  1> <et=733.03> <Mt= 0.00> <Spt= 0.04> <nCl=  0> <DB= 4471.7143> <Mlp= 4471.7143> <PB=4473.7> 
<DWph=1> <it=  2> <et=733.07> <Mt= 0.00> <Spt= 0.04> <nCl=  0> <DB= 4471.7143> <Mlp= 4471.7143> <PB=4473.7> 
<DWph=0> <it=  4> <et=733.13> <Mt= 0.01> <Spt= 0.05> <nCl= 76> <DB= 4471.6857> <Mlp= 4471.6857> <PB=4473.7> 
<DWph=0> <it=  4> <et=733.13> <Mt= 0.00> <Spt= 0.00> <nCl=  0> <DB= 4471.6857> <Mlp= 4471.6857> <PB=4473.7> 
ColGenEvalAlg final dual bound: 4471.69 (rounded: 4471.69)
----- Add fac. cuts : CAP(1) R1C(33), max.viol = 0.142857, aver.viol = 0.119748, sep/add took 0.532486/0.0764791 sec. -----
53851 columns (3103 active), 1514 dyn. constrs. (235 active), 1756 art. vars. (477 active)
<DWph=2> <it=  1> <et=733.78> <Mt= 0.01> <Spt= 0.00> <nCl=  0> <DB= 4471.6857> <Mlp= 4471.6857> <PB=4473.7> 
<DWph=2> <it=  1> <et=733.78> <Mt= 0.00> <Spt= 0.00> <nCl=  0> <DB= 4471.6857> <Mlp= 4471.6857> <PB=4473.7> 
<DWph=1> <it=  2> <et=733.78> <Mt= 0.00> <Spt= 0.00> <nCl=  0> <DB= 4471.6857> <Mlp= 4471.6857> <PB=4473.7> 
<DWph=1> <it=  2> <et=733.78> <Mt= 0.00> <Spt= 0.00> <nCl=  0> <DB= 4471.6857> <Mlp= 4471.6857> <PB=4473.7> 
<DWph=0> <it=  3> <et=733.79> <Mt= 0.00> <Spt= 0.00> <nCl=  0> <DB= 4471.6857> <Mlp= 4471.6857> <PB=4473.7> 
<DWph=0> <it=  3> <et=733.79> <Mt= 0.00> <Spt= 0.00> <nCl=  0> <DB= 4471.6857> <Mlp= 4471.6857> <PB=4473.7> 
ColGenEvalAlg final dual bound: 4471.69 (rounded: 4471.69)
Gap improvement since the last cut separation : -2.46983e-10 (4471.69)
----- Add fac. cuts : sep. took 0.53629 sec.----- no cuts found  -----
SB exact phase 3 branch on var x[(0, 105)]_0_12584_0_OspV (lhs=0.428571) : [4473.7, 4471.6857], tree depth = 10.43, tree size = 2764, score = -5.18
************************************************************************************************
**** BaB tree node (N° 59, parent N° 48, depth 17)
**** Local DB = 4471.69, global bounds : [ 4445.12 , 4473.7 ], TIME = 0h12m14s45t = 73445
**** 16 open nodes, ETS : 1469, 53100 columns (3103 active), 1395 dyn. constrs. (235 active), 1637 art. vars. (477 active)
************************************************************************************************
**** Strong branching phase 1 is started *****
SB phase 1 cand.  1 branch on var x[(118, 66)]_0_14224_0_OspV (lhs=0.4286) : [ 4472.2167,  4475.3333], score = 1.07 (h)  <et=734.52>
SB phase 1 cand.  2 branch on var x[(0, 104)]_0_12463_0_OspV (lhs=0.4286)  : [ 4471.6857,  4471.8000], score = 0.00      <et=734.54>
SB phase 1 cand.  3 branch on var x[(118, 71)]_0_14229_0_OspV (lhs=0.4286) : [ 4473.0000,  4474.2889], score = 2.65 (h)  <et=734.57>
SB phase 1 cand.  4 branch on var x[(101, 39)]_0_12140_0_OspV (lhs=0.5714) : [ 4471.8000,  4472.0286], score = 0.04      <et=734.6>
SB phase 1 cand.  5 branch on var x[(19, 40)]_0_2218_0_OspV (lhs=0.4286)   : [ 4473.0000,  4475.8000], score = 2.65 (h)  <et=734.62>
SB phase 1 cand. 14 branch on var x[(21, 69)]_0_2489_0_OspV (lhs=0.4286)   : [ 4472.5733,  4475.8000], score = 1.79      <et=734.91>
SB phase 1 cand. 15 branch on var x[(9, 68)]_0_1036_0_OspV (lhs=0.5714)    : [ 4473.0000,  4474.7000], score = 2.65 (h)  <et=734.96>
SB phase 1 cand. 21 branch on var x[(9, 54)]_0_1022_0_OspV (lhs=0.4286)    : [ 4473.0000,  4474.2889], score = 2.65 (h)  <et=735.16>
SB phase 1 cand. 25 branch on var x[(68, 54)]_0_8162_0_OspV (lhs=0.5714)   : [ 4473.0000,  4474.7000], score = 2.65 (h)  <et=735.3>
SB phase 1 cand. 26 branch on var x[(69, 40)]_0_8269_0_OspV (lhs=0.5714)   : [ 4473.0000,  4474.7300], score = 2.65      <et=735.35>
SB phase 1 cand. 31 branch on var x[(21, 8)]_0_2429_0_OspV (lhs=0.5714)    : [ 4473.0000,  4474.7300], score = 2.65 (h)  <et=735.56>
**** Strong branching phase 2 is started *****
<DWph=0> <it=  4> <et=736.38> <Mt= 0.01> <Spt= 0.22> <nCl=252> <DB= 4475.8000> <Mlp= 4475.8000> <PB=4473.7> 
----- Add core cuts : CAP(1), max.viol = 1, aver.viol = 1, sep/add took 0.00120604/0.021015 sec. -----
<DWph=0> <it=  5> <et=736.93> <Mt= 0.04> <Spt= 0.31> <nCl=440> <DB= 4473.0833> <Mlp= 4473.0833> <PB=4473.7> 
SB phase 2 cand.  1 branch on var x[(19, 40)]_0_2218_0_OspV (lhs=0.4286): [ 4473.0833,  4475.8000], score = 2.82 (h)  <et=736.99>
<DWph=0> <it=  6> <et=737.54> <Mt= 0.13> <Spt= 0.34> <nCl=571> <DB= 4474.2545> <Mlp= 4474.5045> <PB=4473.7> 
----- Add core cuts : CAP(1), max.viol = 1, aver.viol = 1, sep/add took 0.00108732/0.0206352 sec. -----
<DWph=0> <it=  4> <et=737.89> <Mt= 0.01> <Spt= 0.23> <nCl=309> <DB= 4473.0833> <Mlp= 4473.0833> <PB=4473.7> 
SB phase 2 cand.  2 branch on var x[(69, 40)]_0_8269_0_OspV (lhs=0.5714): [ 4473.0833,  4474.5045], score = 2.82      <et=737.95>
<DWph=0> <it=  5> <et=738.39> <Mt= 0.05> <Spt= 0.31> <nCl=394> <DB= 4474.7000> <Mlp= 4474.7000> <PB=4473.7> 
----- Add core cuts : CAP(1), max.viol = 1, aver.viol = 1, sep/add took 0.00116782/0.0221009 sec. -----
<DWph=0> <it=  7> <et=738.93> <Mt= 0.11> <Spt= 0.32> <nCl=321> <DB= 4473.0900> <Mlp= 4473.0900> <PB=4473.7> 
SB phase 2 cand.  3 branch on var x[(68, 54)]_0_8162_0_OspV (lhs=0.5714): [ 4473.0900,  4474.7000], score = 2.83 (h)  <et=738.99>
**** Strong branching phase 3 is started *****
**** SB phase 3 evaluation of candidate 1, branch 1 ( x[(68, 54)]_0_8162_0_OspV >= 1 ), value = 4474.7
**** SB phase 3 evaluation of candidate 1, branch 2 ( x[(68, 54)]_0_8162_0_OspV <= 0 ), value = 4473.09
<DWph=2> <it=  1> <et=739.10> <Mt= 0.02> <Spt= 0.05> <nCl=  0> <DB= 4473.0900> <Mlp= 4473.0900> <PB=4473.7> 
<DWph=1> <it=  2> <et=739.14> <Mt= 0.00> <Spt= 0.04> <nCl=  0> <DB= 4473.0900> <Mlp= 4473.0900> <PB=4473.7> 
<DWph=0> <it=  3> <et=739.22> <Mt= 0.01> <Spt= 0.07> <nCl= 79> <DB= 4473.0900> <Mlp= 4473.0900> <PB=4473.7> 
Reduced cost fixing for graph G_0...  took 0.01 sec., done by inspection with 28859 solutions, remains 15863 (55%)
ColGenEvalAlg final dual bound: 4473.09 (rounded: 4473.09)
----- Add fac. cuts : CAP(2) R1C(150), max.viol = 0.2, aver.viol = 0.105921, sep/add took 0.010522/0.166225 sec. -----
53500 columns (2461 active), 1549 dyn. constrs. (216 active), 1797 art. vars. (458 active)
<DWph=2> <it=  1> <et=739.58> <Mt= 0.00> <Spt= 0.04> <nCl=  0> <DB= 4473.7000> <Mlp= 4473.7000> <PB=4473.7> 
<DWph=1> <it=  2> <et=739.62> <Mt= 0.00> <Spt= 0.04> <nCl=  0> <DB= 4473.7000> <Mlp= 4473.7000> <PB=4473.7> 
<DWph=0> <it=  4> <et=739.77> <Mt= 0.01> <Spt= 0.15> <nCl=331> <DB= 4473.7000> <Mlp= 4473.7000> <PB=4473.7> 
ColGenEvalAlg final dual bound: 4473.7 (rounded: 4473.7)
Gap improvement since the last cut separation : 1 (4473.09)
 SB phase 3 candidate 1 is conquered !
************************************************************************************************
**** BaB tree node (N° 46, parent N° 28, depth 15)
**** Local DB = 4470.35, global bounds : [ 4445.12 , 4473.7 ], TIME = 0h12m19s85t = 73985
**** 14 open nodes, ETS : 1565, 53831 columns (2792 active), 1549 dyn. constrs. (216 active), 1791 art. vars. (458 active)
************************************************************************************************
**** Strong branching phase 2 is started *****
<DWph=0> <it=  6> <et=740.40> <Mt= 0.05> <Spt= 0.32> <nCl=496> <DB= 4475.5143> <Mlp= 4476.3000> <PB=4473.7> 
<DWph=0> <it=  9> <et=741.14> <Mt= 0.05> <Spt= 0.43> <nCl=722> <DB= 4473.2800> <Mlp= 4473.2800> <PB=4473.7> 
SB phase 2 cand.  1 branch on var x[(118, 66)]_0_14224_0_OspV (lhs=0.5000) : [ 4473.2800,  4476.3000], score = 9.82 (h)  <et=741.2>
<DWph=0> <it=  9> <et=741.76> <Mt= 0.07> <Spt= 0.42> <nCl=741> <DB= 4473.8000> <Mlp= 4473.8000> <PB=4473.7> 
<DWph=0> <it=  4> <et=742.07> <Mt= 0.03> <Spt= 0.20> <nCl=290> <DB= 4470.7500> <Mlp= 4470.7500> <PB=4473.7> 
SB phase 2 cand.  2 branch on var x[(103, 116)]_0_12458_0_OspV (lhs=0.5000): [ 4470.7500,  4473.8000], score = 1.34      <et=742.13>
**** Strong branching phase 3 is started *****
**** SB phase 3 evaluation of candidate 1, branch 1 ( x[(118, 66)]_0_14224_0_OspV >= 1 ), value = 4476.3
**** SB phase 3 evaluation of candidate 1, branch 2 ( x[(118, 66)]_0_14224_0_OspV <= 0 ), value = 4473.28
<DWph=2> <it=  1> <et=742.26> <Mt= 0.01> <Spt= 0.03> <nCl=  0> <DB= 4473.2800> <Mlp= 4473.2800> <PB=4473.7> 
<DWph=1> <it=  2> <et=742.30> <Mt= 0.00> <Spt= 0.04> <nCl=  0> <DB= 4473.2800> <Mlp= 4473.2800> <PB=4473.7> 
<DWph=0> <it=  3> <et=742.37> <Mt= 0.00> <Spt= 0.07> <nCl=  0> <DB= 4473.2800> <Mlp= 4473.2800> <PB=4473.7> 
Reduced cost fixing for graph G_0...  took 0.02 sec., done by inspection with 53807 solutions, remains 6323 (11.8%)
ColGenEvalAlg final dual bound: 4473.28 (rounded: 4473.28)
----- Terminating the node by MIP -----
 SB phase 3 candidate 1 is conquered !
************************************************************************************************
**** BaB tree node (N° 26, parent N° 25, depth 13)
**** Local DB = 4461.5, global bounds : [ 4445.12 , 4473.7 ], TIME = 0h12m23s18t = 74318
**** 13 open nodes, ETS : 1548, 54904 columns (6381 active), 1193 dyn. constrs. (58 active), 1435 art. vars. (300 active)
************************************************************************************************
**** Strong branching phase 1 is started *****
SB phase 1 cand.  1 branch on var x[(103, 81)]_0_12424_0_OspV (lhs=0.5000) : [ 4463.3333,  4467.3526], score = 10.73 (h)  <et=743.99>
SB phase 1 cand.  2 branch on var x[(16, 101)]_0_1916_0_OspV (lhs=0.5000)  : [ 4461.6000,  4464.2000], score = 0.27      <et=744.16>
SB phase 1 cand.  3 branch on var x[(8, 19)]_0_866_0_OspV (lhs=0.5000)     : [ 4461.6000,  4476.7000], score = 1.22 (h)  <et=744.34>
SB phase 1 cand.  5 branch on var x[(7, 81)]_0_807_0_OspV (lhs=0.5000)     : [ 4462.8500,  4470.3500], score = 11.95 (h)  <et=744.71>
SB phase 1 cand.  7 branch on var x[(7, 103)]_0_829_0_OspV (lhs=0.5000)    : [ 4463.4000,  4468.6000], score = 13.49 (h)  <et=745.13>
SB phase 1 cand. 11 branch on var x[(71, 19)]_0_8490_0_OspV (lhs=0.5000)   : [ 4462.5000,  8104.3972], score = 12.20 (h)  <et=745.96>
**** Strong branching phase 2 is started *****
<DWph=1> <it= 14> <et=749.75> <Mt= 0.58> <Spt= 1.03> <nCl=237> <DB= 4463.8000> <Mlp= 4463.8000> <PB=4473.7> 
<DWph=1> <it= 13> <et=751.19> <Mt= 0.12> <Spt= 0.86> <nCl= 89> <DB= 4463.4000> <Mlp= 4463.4000> <PB=4473.7> 
SB phase 2 cand.  1 branch on var x[(7, 103)]_0_829_0_OspV (lhs=0.5000) : [ 4463.4000,  4463.8000], score = 4.37 (h)  <et=751.23>
<DWph=1> <it= 13> <et=753.00> <Mt= 0.53> <Spt= 1.11> <nCl=273> <DB= 4463.5500> <Mlp= 4463.5500> <PB=4473.7> 
<DWph=1> <it=  5> <et=753.71> <Mt= 0.12> <Spt= 0.42> <nCl= 63> <DB= 4461.9500> <Mlp= 4461.9500> <PB=4473.7> 
SB phase 2 cand.  2 branch on var x[(71, 19)]_0_8490_0_OspV (lhs=0.5000): [ 4461.9500,  4463.5500], score = 0.92 (h)  <et=753.75>
<DWph=2> <it=  5> <et=754.62> <Mt= 0.41> <Spt= 0.33> <nCl=106> <DB= 4430.7187> <Mlp= 4463.8000> <PB=4473.7> 
<DWph=1> <it=  9> <et=755.04> <Mt= 0.08> <Spt= 0.34> <nCl= 67> <DB= 4463.8000> <Mlp= 4463.8000> <PB=4473.7> 
<DWph=1> <it= 22> <et=757.27> <Mt= 0.51> <Spt= 1.55> <nCl=275> <DB= 4462.6000> <Mlp= 4462.6000> <PB=4473.7> 
SB phase 2 cand.  3 branch on var x[(7, 81)]_0_807_0_OspV (lhs=0.5000)  : [ 4462.6000,  4463.8000], score = 2.53 (h)  <et=757.32>
**** Strong branching phase 3 is started *****
**** SB phase 3 evaluation of candidate 1, branch 1 ( x[(7, 103)]_0_829_0_OspV <= 0 ), value = 4463.8
<DWph=2> <it=  1> <et=757.59> <Mt= 0.00> <Spt= 0.10> <nCl=  1> <DB= 4463.8000> <Mlp= 4463.8000> <PB=4473.7> 
<DWph=1> <it=  2> <et=757.69> <Mt= 0.01> <Spt= 0.10> <nCl=  0> <DB= 4463.8000> <Mlp= 4463.8000> <PB=4473.7> 
<DWph=0> <it=  5> <et=758.35> <Mt= 0.25> <Spt= 0.34> <nCl=332> <DB= 4463.1000> <Mlp= 4463.1000> <PB=4473.7> 
Reduced cost fixing for graph G_0...  TT = 0.037575, pt = 0.006632, dt = 0.0295, ct = 0, ndl = 5181', bdl = 67667', odl = 3073', odf = 20441', lpcb = 166144', cnt = 16248', bdch = 204067', odch = 24997', lcp = 25466'
took 0.03 sec., 6971 buck. arcs remain (10.4% from prev., 2.28% from max.)
Run enumeration... took 2.52 sec. and not succeeded.
ColGenEvalAlg final dual bound: 4463.1 (rounded: 4463.1)
----- Add fac. cuts : CAP(1) R1C(19), max.viol = 0.5, aver.viol = 0.4875, sep/add took 0.471919/0.0944605 sec. -----
45607 columns (6757 active), 1163 dyn. constrs. (75 active), 1409 art. vars. (317 active)
<DWph=2> <it=  4> <et=761.93> <Mt= 0.05> <Spt= 0.15> <nCl= 10> <DB= 4463.1750> <Mlp= 4463.1750> <PB=4473.7> 
<DWph=1> <it=  5> <et=762.01> <Mt= 0.00> <Spt= 0.08> <nCl=  2> <DB= 4463.1750> <Mlp= 4463.1750> <PB=4473.7> 
<DWph=0> <it=  9> <et=762.20> <Mt= 0.02> <Spt= 0.18> <nCl=219> <DB= 4463.1750> <Mlp= 4463.1750> <PB=4473.7> 
ColGenEvalAlg final dual bound: 4463.18 (rounded: 4463.18)
Gap improvement since the last cut separation : 0.00707547 (4463.1)
----- Add fac. cuts : R1C(302), max.viol = 0.375, aver.viol = 0.250414, sep/add took 0.492174/0.972774 sec. -----
45838 columns (6988 active), 1465 dyn. constrs. (353 active), 1711 art. vars. (595 active)
<DWph=2> <it=  2> <et=763.89> <Mt= 0.09> <Spt= 0.10> <nCl=  7> <DB= 4463.6300> <Mlp= 4463.6300> <PB=4473.7> 
<DWph=1> <it=  3> <et=763.96> <Mt= 0.01> <Spt= 0.06> <nCl= 15> <DB= 4463.6300> <Mlp= 4463.6300> <PB=4473.7> 
<DWph=0> <it=  7> <et=764.25> <Mt= 0.02> <Spt= 0.27> <nCl=168> <DB= 4463.6000> <Mlp= 4463.6000> <PB=4473.7> 
ColGenEvalAlg final dual bound: 4463.6 (rounded: 4463.6)
Gap improvement since the last cut separation : 0.04038 (4463.18)
----- Add fac. cuts : R1C(389), max.viol = 0.428571, aver.viol = 0.149651, sep/add took 0.51581/1.17563 sec. -----
46028 columns (7178 active), 1837 dyn. constrs. (441 active), 2100 art. vars. (683 active)
<DWph=2> <it=  1> <et=766.08> <Mt= 0.04> <Spt= 0.05> <nCl=  2> <DB= 4463.6667> <Mlp= 4463.6667> <PB=4473.7> 
<DWph=1> <it=  2> <et=766.14> <Mt= 0.00> <Spt= 0.05> <nCl=  0> <DB= 4463.6667> <Mlp= 4463.6667> <PB=4473.7> 
<DWph=0> <it=  3> <et=766.22> <Mt= 0.01> <Spt= 0.08> <nCl= 20> <DB= 4463.6667> <Mlp= 4463.6667> <PB=4473.7> 
ColGenEvalAlg final dual bound: 4463.67 (rounded: 4463.67)
Gap improvement since the last cut separation : 0.00660066 (4463.6)
----- Add fac. cuts : CAP(8) R1C(453), max.viol = 0.333333, aver.viol = 0.332972, sep/add took 0.497643/1.7126 sec. -----
46050 columns (7200 active), 1999 dyn. constrs. (524 active), 2561 art. vars. (766 active)
----- Add core cuts : CAP(3), max.viol = 1, aver.viol = 1, sep/add took 0.0028068/0.0564827 sec. -----
<DWph=2> <it=  4> <et=768.97> <Mt= 0.14> <Spt= 0.22> <nCl= 42> <DB= 4463.9222> <Mlp= 4463.9222> <PB=4473.7> 
<DWph=1> <it=  6> <et=769.08> <Mt= 0.01> <Spt= 0.09> <nCl= 12> <DB= 4463.9222> <Mlp= 4463.9222> <PB=4473.7> 
<DWph=0> <it=  9> <et=769.41> <Mt= 0.03> <Spt= 0.29> <nCl=180> <DB= 4463.8786> <Mlp= 4463.8786> <PB=4473.7> 
ColGenEvalAlg final dual bound: 4463.88 (rounded: 4463.88)
Gap improvement since the last cut separation : 0.0211201 (4463.67)
----- Add fac. cuts : R1C(491), max.viol = 0.25, aver.viol = 0.12009, sep/add took 0.625542/1.61812 sec. -----
46284 columns (7434 active), 2114 dyn. constrs. (548 active), 3055 art. vars. (790 active)
<DWph=2> <it=  1> <et=771.92> <Mt= 0.10> <Spt= 0.07> <nCl=  5> <DB= 4463.9800> <Mlp= 4463.9800> <PB=4473.7> 
<DWph=1> <it=  2> <et=771.99> <Mt= 0.01> <Spt= 0.06> <nCl=  2> <DB= 4463.9800> <Mlp= 4463.9800> <PB=4473.7> 
<DWph=0> <it=  9> <et=773.53> <Mt= 0.98> <Spt= 0.55> <nCl=296> <DB= 4463.9800> <Mlp= 4463.9800> <PB=4473.7> 
ColGenEvalAlg final dual bound: 4463.98 (rounded: 4463.98)
Gap improvement since the last cut separation : 0.0103273 (4463.88)
----- Cut generation is stopped due to tailing off -----
**** SB phase 3 evaluation of candidate 1, branch 2 ( x[(7, 103)]_0_829_0_OspV >= 1 ), value = 4463.4
<DWph=2> <it=  2> <et=774.52> <Mt= 0.19> <Spt= 0.14> <nCl= 26> <DB= 4457.1000> <Mlp= 4462.6000> <PB=4473.7> 
<DWph=1> <it= 10> <et=775.43> <Mt= 0.40> <Spt= 0.52> <nCl=101> <DB= 4462.6000> <Mlp= 4462.6000> <PB=4473.7> 
<DWph=0> <it= 16> <et=776.05> <Mt= 0.04> <Spt= 0.53> <nCl=384> <DB= 4462.6000> <Mlp= 4462.6000> <PB=4473.7> 
Reduced cost fixing for graph G_0...  TT = 0.030835, pt = 0.004944, dt = 0.024898, ct = 0, ndl = 4290', bdl = 54345', odl = 2498', odf = 16350', lpcb = 137683', cnt = 12114', bdch = 147648', odch = 17453', lcp = 16539'
took 0.03 sec., 6849 buck. arcs remain (10.2% from prev., 2.24% from max.)
Run enumeration... took 1.98 sec. and not succeeded.
ColGenEvalAlg final dual bound: 4462.6 (rounded: 4462.6)
----- Add fac. cuts : CAP(1) R1C(1), max.viol = 1, aver.viol = 0.75, sep/add took 0.451128/0.0151553 sec. -----
47098 columns (6774 active), 1168 dyn. constrs. (53 active), 1410 art. vars. (295 active)
<DWph=2> <it=  1> <et=779.04> <Mt= 0.01> <Spt= 0.05> <nCl=  0> <DB= 4462.6000> <Mlp= 4462.6000> <PB=4473.7> 
<DWph=1> <it=  2> <et=779.09> <Mt= 0.01> <Spt= 0.04> <nCl=  3> <DB= 4462.6000> <Mlp= 4462.6000> <PB=4473.7> 
<DWph=0> <it=  3> <et=779.09> <Mt= 0.00> <Spt= 0.00> <nCl=  0> <DB= 4462.6000> <Mlp= 4462.6000> <PB=4473.7> 
<DWph=0> <it=  3> <et=779.09> <Mt= 0.00> <Spt= 0.00> <nCl=  0> <DB= 4462.6000> <Mlp= 4462.6000> <PB=4473.7> 
ColGenEvalAlg final dual bound: 4462.6 (rounded: 4462.6)
Gap improvement since the last cut separation : 0 (4462.6)
----- Add fac. cuts : R1C(1), max.viol = 0.5, aver.viol = 0.5, sep/add took 0.448801/0.00512592 sec. -----
47101 columns (6777 active), 1169 dyn. constrs. (54 active), 1411 art. vars. (296 active)
----- Add core cuts : CAP(1), max.viol = 1, aver.viol = 1, sep/add took 0.00188978/0.00507199 sec. -----
<DWph=2> <it=  1> <et=779.61> <Mt= 0.03> <Spt= 0.00> <nCl=  0> <DB= 4462.6000> <Mlp= 4462.6000> <PB=4462.6> 
<DWph=2> <it=  1> <et=779.61> <Mt= 0.00> <Spt= 0.00> <nCl=  0> <DB= 4461.5000> <Mlp= 4462.6000> <PB=4462.6> 
ColGenEvalAlg final dual bound: 4462.6 (rounded: 4462.6)
Gap improvement since the last cut separation : 1 (4462.6)
SB exact phase 3 branch on var x[(7, 103)]_0_829_0_OspV (lhs=0.5) : [4463.98, 4462.6], tree depth = 7.203, tree size = 292.6, score = -0.5904 (h)
New model incumbent solution 4462.6, TIME = 0h12m59s65t = 77965
************************************************************************************************
**** BaB tree node (N° 24, parent N° 23, depth 12)
**** Local DB = 4458.61, global bounds : [ 4445.12 , 4462.6 ], TIME = 0h12m59s66t = 77966
**** 12 open nodes, ETS : 67, 47101 columns (6777 active), 1170 dyn. constrs. (55 active), 1412 art. vars. (297 active)
************************************************************************************************
**** Strong branching phase 1 is started *****
SB phase 1 cand.  1 branch on var x[(118, 49)]_0_14207_0_OspV (lhs=0.7273): [ 4458.6500,  4470.1500], score = 0.14 (h)  <et=780.02>
SB phase 1 cand.  2 branch on var x[(0, 104)]_0_12463_0_OspV (lhs=0.5455) : [ 4458.6136,  4458.6136], score = 0.00      <et=780.1>
SB phase 1 cand.  3 branch on var x[(103, 81)]_0_12424_0_OspV (lhs=0.6364): [ 4458.8778,  4461.9000], score = 0.87 (h)  <et=780.23>
SB phase 1 cand.  4 branch on var x[(0, 110)]_0_13189_0_OspV (lhs=0.4545) : [ 4458.6136,  4458.8500], score = 0.00      <et=780.33>
SB phase 1 cand.  5 branch on var x[(106, 12)]_0_12718_0_OspV (lhs=0.8182): [ 4458.6500, 13341.6783], score = 0.15 (h)  <et=780.47>
SB phase 1 cand.  7 branch on var x[(7, 81)]_0_807_0_OspV (lhs=0.3636)    : [ 4458.8778,  4468.0500], score = 1.05 (h)  <et=780.8>
SB phase 1 cand.  9 branch on var x[(8, 19)]_0_866_0_OspV (lhs=0.3636)    : [ 4458.8681,  4470.0000], score = 1.01 (h)  <et=781.05>
SB phase 1 cand. 39 branch on var x[(116, 21)]_0_13937_0_OspV (lhs=0.7273): [ 4458.8778,  4466.2200], score = 1.05 (h)  <et=785.02>
SB phase 1 cand. 45 branch on var x[(4, 116)]_0_479_0_OspV (lhs=0.7273)   : [ 4458.8778,  4466.2200], score = 1.05 (h)  <et=785.72>
SB phase 1 cand. 47 branch on var x[(22, 1)]_0_2543_0_OspV (lhs=0.2727)   : [ 4459.1333,  4463.1222], score = 2.07 (h)  <et=786.03>
SB phase 1 cand. 49 branch on var x[(4, 21)]_0_384_0_OspV (lhs=0.1818)    : [ 4458.8778,  4467.9875], score = 1.05 (h)  <et=786.32>
**** Strong branching phase 2 is started *****
<DWph=1> <it=  5> <et=786.99> <Mt= 0.13> <Spt= 0.42> <nCl= 75> <DB= 4460.4500> <Mlp= 4460.4500> <PB=4462.6> 
<DWph=1> <it=  2> <et=787.53> <Mt= 0.01> <Spt= 0.18> <nCl=  7> <DB= 4459.1333> <Mlp= 4459.1333> <PB=4462.6> 
SB phase 2 cand.  1 branch on var x[(22, 1)]_0_2543_0_OspV (lhs=0.2727): [ 4459.1333,  4460.4500], score = 0.95 (h)  <et=787.57>
<DWph=1> <it=  7> <et=788.34> <Mt= 0.17> <Spt= 0.49> <nCl=101> <DB= 4460.9667> <Mlp= 4460.9667> <PB=4462.6> 
<DWph=1> <it=  5> <et=788.88> <Mt= 0.03> <Spt= 0.36> <nCl= 37> <DB= 4458.8778> <Mlp= 4458.8778> <PB=4462.6> 
SB phase 2 cand.  2 branch on var x[(7, 81)]_0_807_0_OspV (lhs=0.3636) : [ 4458.8778,  4460.9667], score = 0.62 (h)  <et=788.92>
<DWph=1> <it= 23> <et=790.82> <Mt= 0.27> <Spt= 1.50> <nCl=241> <DB= 4464.6319> <Mlp= 4464.6319> <PB=4462.6> 
<DWph=1> <it=  5> <et=791.39> <Mt= 0.03> <Spt= 0.40> <nCl= 31> <DB= 4458.8778> <Mlp= 4458.8778> <PB=4462.6> 
SB phase 2 cand.  3 branch on var x[(4, 21)]_0_384_0_OspV (lhs=0.1818) : [ 4458.8778,  4464.6319], score = 1.05 (h)  <et=791.43>
**** Strong branching phase 3 is started *****
**** SB phase 3 evaluation of candidate 1, branch 1 ( x[(4, 21)]_0_384_0_OspV >= 1 ), value = 4464.63
<DWph=2> <it=  1> <et=791.67> <Mt= 0.00> <Spt= 0.09> <nCl=  0> <DB= 4464.6319> <Mlp= 4464.6319> <PB=4462.6> 
<DWph=1> <it=  2> <et=791.77> <Mt= 0.00> <Spt= 0.09> <nCl=  0> <DB= 4464.6319> <Mlp= 4464.6319> <PB=4462.6> 
<DWph=0> <it= 10> <et=792.45> <Mt= 0.09> <Spt= 0.59> <nCl=795> <DB= 4463.1914> <Mlp= 4463.6000> <PB=4462.6> 
ColGenEvalAlg final dual bound: 4463.19 (rounded: 4463.19)
**** SB phase 3 evaluation of candidate 1, branch 2 ( x[(4, 21)]_0_384_0_OspV <= 0 ), value = 4458.88
<DWph=2> <it=  1> <et=792.72> <Mt= 0.01> <Spt= 0.09> <nCl=  0> <DB= 4458.8778> <Mlp= 4458.8778> <PB=4462.6> 
<DWph=1> <it=  2> <et=792.82> <Mt= 0.00> <Spt= 0.10> <nCl=  0> <DB= 4458.8778> <Mlp= 4458.8778> <PB=4462.6> 
<DWph=0> <it=  7> <et=793.29> <Mt= 0.06> <Spt= 0.40> <nCl=198> <DB= 4458.7529> <Mlp= 4458.7529> <PB=4462.6> 
Reduced cost fixing for graph G_0...  TT = 0.035755, pt = 0.007347, dt = 0.026924, ct = 0, ndl = 4920', bdl = 76265', odl = 2010', odf = 13966', lpcb = 149449', cnt = 10055', bdch = 220138', odch = 17969', lcp = 18845'
took 0.03 sec., 4609 buck. arcs remain (6.85% from prev., 1.5% from max.)
Run enumeration... took 0.47 sec. and succeeded! 
----- Add core cuts : CAP(9), max.viol = 1, aver.viol = 1, sep/add took 0.0101591/0.347183 sec. -----
<DWph=2> <it=  8> <et=795.10> <Mt= 0.13> <Spt= 0.04> <nCl=  0> <DB= 4459.4500> <Mlp= 4459.4500> <PB=4462.6> 
<DWph=1> <it=  9> <et=795.14> <Mt= 0.00> <Spt= 0.04> <nCl=  0> <DB= 4459.4500> <Mlp= 4459.4500> <PB=4462.6> 
<DWph=0> <it= 10> <et=795.22> <Mt= 0.00> <Spt= 0.09> <nCl=150> <DB=-139943.6000> <Mlp= 4459.4500> <PB=4462.6> 
<DWph=0> <it= 13> <et=795.62> <Mt= 0.03> <Spt= 0.36> <nCl=373> <DB= 4459.4500> <Mlp= 4459.4500> <PB=4462.6> 
Reduced cost fixing for graph G_0...  took 0.07 sec., done by inspection with 252725 solutions, remains 42771 (16.9%)
ColGenEvalAlg final dual bound: 4459.45 (rounded: 4459.45)
----- Add fac. cuts : CAP(1), max.viol = 0.25, aver.viol = 0.25, sep/add took 0.495177/0.0190393 sec. -----
48539 columns (2621 active), 956 dyn. constrs. (66 active), 1206 art. vars. (308 active)
<DWph=2> <it=  1> <et=796.46> <Mt= 0.00> <Spt= 0.04> <nCl=  0> <DB= 4459.5333> <Mlp= 4459.5333> <PB=4462.6> 
<DWph=1> <it=  2> <et=796.49> <Mt= 0.01> <Spt= 0.04> <nCl=  0> <DB= 4459.5333> <Mlp= 4459.5333> <PB=4462.6> 
<DWph=0> <it=  3> <et=796.58> <Mt= 0.00> <Spt= 0.08> <nCl=193> <DB= 4459.5333> <Mlp= 4459.5333> <PB=4462.6> 
Reduced cost fixing for graph G_0...  took 0.01 sec., done by inspection with 42771 solutions, remains 41787 (97.7%)
ColGenEvalAlg final dual bound: 4459.53 (rounded: 4459.53)
Gap improvement since the last cut separation : 0.026455 (4459.45)
----- Add fac. cuts : sep. took 0.442289 sec.----- no cuts found  -----
SB exact phase 3 branch on var x[(4, 21)]_0_384_0_OspV (lhs=0.181818) : [4463.6, 4459.5333], tree depth = 1.92, tree size = 5.566, score = -0.4815 (h)
************************************************************************************************
**** BaB tree node (N° 67, parent N° 24, depth 13)
**** Local DB = 4459.53, global bounds : [ 4445.12 , 4462.6 ], TIME = 0h13m17s14t = 79714
**** 13 open nodes, ETS : 68, 48727 columns (2809 active), 955 dyn. constrs. (65 active), 1197 art. vars. (307 active)
************************************************************************************************
**** Strong branching phase 3 is started *****
**** SB phase 3 evaluation of candidate 1, branch 1 ( x[(0, 104)]_0_12463_0_OspV >= 1 ), value = 1e+12
<DWph=2> <it=  1> <et=797.16> <Mt= 0.00> <Spt= 0.00> <nCl=  0> <DB= 4459.5333> <Mlp= 4459.5333> <PB=4462.6> 
<DWph=2> <it=  1> <et=797.16> <Mt= 0.00> <Spt= 0.00> <nCl=  0> <DB= 4459.5333> <Mlp= 4459.5333> <PB=4462.6> 
<DWph=1> <it=  2> <et=797.16> <Mt= 0.00> <Spt= 0.00> <nCl=  0> <DB= 4459.5333> <Mlp= 4459.5333> <PB=4462.6> 
<DWph=1> <it=  2> <et=797.16> <Mt= 0.00> <Spt= 0.00> <nCl=  0> <DB= 4459.5333> <Mlp= 4459.5333> <PB=4462.6> 
<DWph=0> <it=  3> <et=797.16> <Mt= 0.00> <Spt= 0.00> <nCl=  0> <DB= 4459.5333> <Mlp= 4459.5333> <PB=4462.6> 
<DWph=0> <it=  3> <et=797.16> <Mt= 0.00> <Spt= 0.00> <nCl=  0> <DB= 4459.5333> <Mlp= 4459.5333> <PB=4462.6> 
ColGenEvalAlg final dual bound: 4459.53 (rounded: 4459.53)
----- Add fac. cuts : sep. took 0.428178 sec.----- no cuts found  -----
**** SB phase 3 evaluation of candidate 1, branch 2 ( x[(0, 104)]_0_12463_0_OspV <= 0 ), value = 1e+12
<DWph=2> <it=  1> <et=797.72> <Mt= 0.00> <Spt= 0.00> <nCl=  0> <DB= 4459.5333> <Mlp= 4459.5333> <PB=4462.6> 
<DWph=2> <it=  1> <et=797.72> <Mt= 0.00> <Spt= 0.00> <nCl=  0> <DB= 4459.5333> <Mlp= 4459.5333> <PB=4462.6> 
<DWph=1> <it=  2> <et=797.72> <Mt= 0.01> <Spt= 0.00> <nCl=  0> <DB= 4459.5333> <Mlp= 4459.5333> <PB=4462.6> 
<DWph=1> <it=  2> <et=797.72> <Mt= 0.00> <Spt= 0.00> <nCl=  0> <DB= 4459.5333> <Mlp= 4459.5333> <PB=4462.6> 
<DWph=0> <it=  3> <et=797.72> <Mt= 0.00> <Spt= 0.00> <nCl=  0> <DB= 4459.5333> <Mlp= 4459.5333> <PB=4462.6> 
<DWph=0> <it=  3> <et=797.72> <Mt= 0.00> <Spt= 0.00> <nCl=  0> <DB= 4459.5333> <Mlp= 4459.5333> <PB=4462.6> 
ColGenEvalAlg final dual bound: 4459.53 (rounded: 4459.53)
----- Add fac. cuts : sep. took 0.375305 sec.----- no cuts found  -----
SB exact phase 3 branch on var x[(0, 104)]_0_12463_0_OspV (lhs=0.666667) : [4459.5333, 4459.5333], tree depth = 1e+12, tree size = 1e+12, score = -1e+12
************************************************************************************************
**** BaB tree node (N° 68, parent N° 67, depth 14)
**** Local DB = 4459.53, global bounds : [ 4445.12 , 4462.6 ], TIME = 0h13m18s19t = 79819
**** 14 open nodes, ETS : 71, 46620 columns (2809 active), 928 dyn. constrs. (66 active), 1170 art. vars. (308 active)
************************************************************************************************
**** Strong branching phase 1 is started *****
SB phase 1 cand.  1 branch on var x[(103, 81)]_0_12424_0_OspV (lhs=0.6667) : [ 4462.3389,  4905.3859], score = 8.60 (h)  <et=798.26>
SB phase 1 cand.  2 branch on var x[(0, 110)]_0_13189_0_OspV (lhs=0.3333)  : [ 4459.5333,  4460.7000], score = 0.00      <et=798.28>
SB phase 1 cand.  3 branch on var x[(7, 81)]_0_807_0_OspV (lhs=0.3333)     : [ 4460.8667,  5025.6238], score = 4.09 (h)  <et=798.32>
SB phase 1 cand.  4 branch on var x[(0, 115)]_0_13794_0_OspV (lhs=0.3333)  : [ 4459.8333,  4460.3556], score = 0.25      <et=798.33>
SB phase 1 cand.  5 branch on var x[(8, 19)]_0_866_0_OspV (lhs=0.3333)     : [ 4461.4333, 17774.8500], score = 5.85 (h)  <et=798.35>
SB phase 1 cand.  7 branch on var x[(7, 103)]_0_829_0_OspV (lhs=0.6667)    : [ 4461.3500,  5941.4056], score = 5.57 (h)  <et=798.4>
SB phase 1 cand. 12 branch on var x[(101, 0)]_0_12101_0_OspV (lhs=0.3333)  : [ 4473.7000,  5300.9479], score = 11920.04      <et=798.48>
SB phase 1 cand. 23 branch on var x[(116, 21)]_0_13937_0_OspV (lhs=0.6667) : [ 5227.4500,  5698.4814], score = 951408.87 (h)  <et=798.68>
SB phase 1 cand. 25 branch on var x[(4, 116)]_0_479_0_OspV (lhs=0.6667)    : [ 5227.4500,  5698.4814], score = 951408.87 (h)  <et=798.74>
SB phase 1 cand. 27 branch on var x[(21, 8)]_0_2429_0_OspV (lhs=0.6667)    : [ 5227.4500,  5727.9802], score = 974061.46 (h)  <et=798.81>
SB phase 1 cand. 32 branch on var x[(16, 63)]_0_1878_0_OspV (lhs=0.6667)   : [ 5227.4500,  5899.0459], score = 1105425.73      <et=798.9>
**** Strong branching phase 2 is started *****
<DWph=0> <it=  9> <et=799.66> <Mt= 0.03> <Spt= 0.40> <nCl=599> <DB= 4460.6167> <Mlp= 4460.6167> <PB=4462.6> 
<DWph=0> <it= 10> <et=800.30> <Mt= 0.06> <Spt= 0.45> <nCl=877> <DB= 4462.7000> <Mlp= 4462.7000> <PB=4462.6> 
SB phase 2 cand.  1 branch on var x[(16, 63)]_0_1878_0_OspV (lhs=0.6667)  : [ 4460.6167,  4462.7000], score = 3.32      <et=800.35>
<DWph=0> <it=  6> <et=800.68> <Mt= 0.04> <Spt= 0.26> <nCl=521> <DB= 4460.5867> <Mlp= 4460.5867> <PB=4462.6> 
<DWph=0> <it= 12> <et=801.26> <Mt= 0.05> <Spt= 0.46> <nCl=842> <DB= 4479.3847> <Mlp= 4485.4500> <PB=4462.6> 
SB phase 2 cand.  2 branch on var x[(21, 8)]_0_2429_0_OspV (lhs=0.6667)   : [ 4460.5867,  4485.4500], score = 3.23 (h)  <et=801.31>
<DWph=0> <it=  6> <et=801.60> <Mt= 0.02> <Spt= 0.25> <nCl=473> <DB= 4460.5867> <Mlp= 4460.5867> <PB=4462.6> 
<DWph=0> <it=  9> <et=802.12> <Mt= 0.03> <Spt= 0.41> <nCl=766> <DB= 4475.1160> <Mlp= 4485.4500> <PB=4462.6> 
SB phase 2 cand.  3 branch on var x[(116, 21)]_0_13937_0_OspV (lhs=0.6667): [ 4460.5867,  4485.4500], score = 3.23 (h)  <et=802.17>
**** Strong branching phase 3 is started *****
**** SB phase 3 evaluation of candidate 1, branch 1 ( x[(16, 63)]_0_1878_0_OspV <= 0 ), value = 4462.7
**** SB phase 3 evaluation of candidate 1, branch 2 ( x[(16, 63)]_0_1878_0_OspV >= 1 ), value = 4460.62
<DWph=2> <it=  1> <et=802.28> <Mt= 0.01> <Spt= 0.03> <nCl=  0> <DB= 4460.6167> <Mlp= 4460.6167> <PB=4462.6> 
<DWph=1> <it=  2> <et=802.32> <Mt= 0.00> <Spt= 0.04> <nCl=  0> <DB= 4460.6167> <Mlp= 4460.6167> <PB=4462.6> 
<DWph=0> <it=  3> <et=802.39> <Mt= 0.00> <Spt= 0.06> <nCl=  0> <DB= 4460.6167> <Mlp= 4460.6167> <PB=4462.6> 
Reduced cost fixing for graph G_0...  took 0.02 sec., done by inspection with 41787 solutions, remains 14463 (34.6%)
ColGenEvalAlg final dual bound: 4460.62 (rounded: 4460.62)
----- Add fac. cuts : CAP(5) R1C(158), max.viol = 0.333333, aver.viol = 0.211656, sep/add took 0.236552/0.198622 sec. -----
46953 columns (1817 active), 1093 dyn. constrs. (211 active), 1339 art. vars. (453 active)
<DWph=2> <it=  1> <et=802.99> <Mt= 0.00> <Spt= 0.04> <nCl=  0> <DB= 4462.6000> <Mlp= 4462.6000> <PB=4462.6> 
<DWph=1> <it=  2> <et=803.03> <Mt= 0.00> <Spt= 0.04> <nCl=  0> <DB= 4462.6000> <Mlp= 4462.6000> <PB=4462.6> 
<DWph=0> <it=  3> <et=803.10> <Mt= 0.01> <Spt= 0.06> <nCl= 85> <DB= 4462.6000> <Mlp= 4462.6000> <PB=4462.6> 
ColGenEvalAlg final dual bound: 4462.6 (rounded: 4462.6)
Gap improvement since the last cut separation : 1 (4460.62)
 SB phase 3 candidate 1 is conquered !
************************************************************************************************
**** BaB tree node (N° 69, parent N° 67, depth 14)
**** Local DB = 4459.53, global bounds : [ 4445.12 , 4462.6 ], TIME = 0h13m23s18t = 80318
**** 13 open nodes, ETS : 72, 47038 columns (1902 active), 1093 dyn. constrs. (211 active), 1335 art. vars. (453 active)
************************************************************************************************
**** Strong branching phase 1 is started *****
SB phase 1 cand.  1 branch on var x[(103, 81)]_0_12424_0_OspV (lhs=0.6667) : [ 4462.3389,  4482.9000], score = 8.60 (h)  <et=803.27>
SB phase 1 cand.  2 branch on var x[(0, 105)]_0_12584_0_OspV (lhs=0.3333)  : [ 4459.9000,  4463.4667], score = 1.12      <et=803.3>
SB phase 1 cand.  3 branch on var x[(7, 81)]_0_807_0_OspV (lhs=0.3333)     : [ 4460.8667,  4482.9000], score = 4.09 (h)  <et=803.31>
SB phase 1 cand.  5 branch on var x[(8, 19)]_0_866_0_OspV (lhs=0.3333)     : [ 4461.4333, 17774.8500], score = 5.85 (h)  <et=803.35>
SB phase 1 cand.  7 branch on var x[(7, 103)]_0_829_0_OspV (lhs=0.6667)    : [ 4461.3500,  5941.4056], score = 5.57 (h)  <et=803.39>
SB phase 1 cand.  9 branch on var x[(16, 63)]_0_1878_0_OspV (lhs=0.6667)   : [ 4482.9000,  5899.0459], score = 33636.61 (h)  <et=803.43>
SB phase 1 cand. 13 branch on var x[(116, 21)]_0_13937_0_OspV (lhs=0.6667) : [ 4482.9000,  5698.4814], score = 28950.09 (h)  <et=803.49>
SB phase 1 cand. 15 branch on var x[(21, 8)]_0_2429_0_OspV (lhs=0.6667)    : [ 4482.9000,  5727.9802], score = 29639.37 (h)  <et=803.54>
**** Strong branching phase 2 is started *****
<DWph=0> <it= 11> <et=804.56> <Mt= 0.04> <Spt= 0.47> <nCl=718> <DB= 4460.6167> <Mlp= 4460.6167> <PB=4462.6> 
<DWph=0> <it=  7> <et=805.09> <Mt= 0.03> <Spt= 0.35> <nCl=672> <DB= 4462.7000> <Mlp= 4462.7000> <PB=4462.6> 
SB phase 2 cand.  1 branch on var x[(16, 63)]_0_1878_0_OspV (lhs=0.6667)  : [ 4460.6167,  4462.7000], score = 3.32 (h)  <et=805.14>
<DWph=0> <it=  5> <et=805.45> <Mt= 0.03> <Spt= 0.26> <nCl=504> <DB= 4460.5867> <Mlp= 4460.5867> <PB=4462.6> 
<DWph=0> <it=  5> <et=805.73> <Mt= 0.02> <Spt= 0.18> <nCl=298> <DB= 4475.8670> <Mlp= 4482.9000> <PB=4462.6> 
SB phase 2 cand.  2 branch on var x[(21, 8)]_0_2429_0_OspV (lhs=0.6667)   : [ 4460.5867,  4482.9000], score = 3.23 (h)  <et=805.78>
<DWph=0> <it=  6> <et=806.14> <Mt= 0.03> <Spt= 0.30> <nCl=504> <DB= 4460.5867> <Mlp= 4460.5867> <PB=4462.6> 
<DWph=0> <it=  7> <et=806.54> <Mt= 0.04> <Spt= 0.30> <nCl=496> <DB= 4477.2536> <Mlp= 4482.9000> <PB=4462.6> 
SB phase 2 cand.  3 branch on var x[(116, 21)]_0_13937_0_OspV (lhs=0.6667): [ 4460.5867,  4482.9000], score = 3.23 (h)  <et=806.58>
**** Strong branching phase 3 is started *****
**** SB phase 3 evaluation of candidate 1, branch 1 ( x[(16, 63)]_0_1878_0_OspV <= 0 ), value = 4462.7
**** SB phase 3 evaluation of candidate 1, branch 2 ( x[(16, 63)]_0_1878_0_OspV >= 1 ), value = 4460.62
<DWph=2> <it=  1> <et=806.69> <Mt= 0.00> <Spt= 0.03> <nCl=  0> <DB= 4460.6167> <Mlp= 4460.6167> <PB=4462.6> 
<DWph=1> <it=  2> <et=806.73> <Mt= 0.01> <Spt= 0.04> <nCl=  0> <DB= 4460.6167> <Mlp= 4460.6167> <PB=4462.6> 
<DWph=0> <it=  3> <et=806.80> <Mt= 0.00> <Spt= 0.06> <nCl=  0> <DB= 4460.6167> <Mlp= 4460.6167> <PB=4462.6> 
Reduced cost fixing for graph G_0...  took 0.01 sec., done by inspection with 41787 solutions, remains 14101 (33.7%)
ColGenEvalAlg final dual bound: 4460.62 (rounded: 4460.62)
----- Add fac. cuts : CAP(6) R1C(158), max.viol = 0.333333, aver.viol = 0.212398, sep/add took 0.241906/0.217617 sec. -----
47157 columns (1899 active), 1093 dyn. constrs. (214 active), 1339 art. vars. (456 active)
<DWph=2> <it=  1> <et=807.43> <Mt= 0.00> <Spt= 0.04> <nCl=  0> <DB= 4462.6000> <Mlp= 4462.6000> <PB=4462.6> 
<DWph=1> <it=  2> <et=807.47> <Mt= 0.00> <Spt= 0.04> <nCl=  0> <DB= 4462.6000> <Mlp= 4462.6000> <PB=4462.6> 
<DWph=0> <it=  3> <et=807.54> <Mt= 0.00> <Spt= 0.07> <nCl= 93> <DB= 4462.6000> <Mlp= 4462.6000> <PB=4462.6> 
ColGenEvalAlg final dual bound: 4462.6 (rounded: 4462.6)
Gap improvement since the last cut separation : 1 (4460.62)
 SB phase 3 candidate 1 is conquered !
************************************************************************************************
**** BaB tree node (N° 22, parent N° 21, depth 11)
**** Local DB = 4454.36, global bounds : [ 4445.12 , 4462.6 ], TIME = 0h13m27s62t = 80762
**** 11 open nodes, ETS : 74, 47250 columns (1992 active), 1093 dyn. constrs. (214 active), 1335 art. vars. (456 active)
************************************************************************************************
**** Strong branching phase 1 is started *****
SB phase 1 cand.  1 branch on var x[(118, 49)]_0_14207_0_OspV (lhs=0.8403) : [ 4454.9500,  4459.0000], score = 2.73 (h)  <et=808.07>
SB phase 1 cand.  2 branch on var x[(49, 104)]_0_5912_0_OspV (lhs=0.5411)  : [ 4454.3618,  4454.6500], score = 0.00      <et=808.13>
SB phase 1 cand.  3 branch on var x[(24, 71)]_0_2854_0_OspV (lhs=0.8445)   : [ 4454.9500,  4459.0000], score = 2.73 (h)  <et=808.25>
SB phase 1 cand.  4 branch on var x[(103, 116)]_0_12458_0_OspV (lhs=0.5630): [ 4454.9500,  4456.2714], score = 1.12      <et=808.35>
SB phase 1 cand.  5 branch on var x[(106, 12)]_0_12718_0_OspV (lhs=0.8891) : [ 4454.6500,  4473.0000], score = 2.37 (h)  <et=808.45>
**** Strong branching phase 2 is started *****
----- Add core cuts : CAP(2), max.viol = 1, aver.viol = 1, sep/add took 0.00198967/0.0611452 sec. -----
<DWph=1> <it=  8> <et=812.75> <Mt= 0.17> <Spt= 0.52> <nCl=114> <DB= 4461.2333> <Mlp= 4461.2333> <PB=4462.6> 
<DWph=1> <it=  5> <et=813.56> <Mt= 0.08> <Spt= 0.38> <nCl= 56> <DB= 4454.9500> <Mlp= 4454.9500> <PB=4462.6> 
SB phase 2 cand.  1 branch on var x[(118, 49)]_0_14207_0_OspV (lhs=0.8403): [ 4454.9500,  4461.2333], score = 4.04 (h)  <et=813.6>
<DWph=1> <it= 12> <et=814.77> <Mt= 0.18> <Spt= 0.88> <nCl=150> <DB= 4468.3875> <Mlp= 4468.3875> <PB=4462.6> 
<DWph=1> <it=  4> <et=815.29> <Mt= 0.01> <Spt= 0.34> <nCl= 23> <DB= 4454.6500> <Mlp= 4454.6500> <PB=4462.6> 
SB phase 2 cand.  2 branch on var x[(106, 12)]_0_12718_0_OspV (lhs=0.8891): [ 4454.6500,  4468.3875], score = 2.37 (h)  <et=815.33>
<DWph=1> <it= 13> <et=816.66> <Mt= 0.34> <Spt= 0.88> <nCl=130> <DB= 4457.8982> <Mlp= 4457.8982> <PB=4462.6> 
<DWph=1> <it=  4> <et=817.22> <Mt= 0.02> <Spt= 0.38> <nCl= 15> <DB= 4454.6500> <Mlp= 4454.6500> <PB=4462.6> 
SB phase 2 cand.  3 branch on var x[(8, 19)]_0_866_0_OspV (lhs=0.8280)    : [ 4454.6500,  4457.8982], score = 1.02 (h)  <et=817.26>
**** Strong branching phase 3 is started *****
**** SB phase 3 evaluation of candidate 1, branch 1 ( x[(118, 49)]_0_14207_0_OspV <= 0 ), value = 4461.23
<DWph=2> <it= 10> <et=818.68> <Mt= 0.55> <Spt= 0.70> <nCl=281> <DB= 4373.0006> <Mlp= 4461.2333> <PB=4462.6> 
<DWph=2> <it= 13> <et=819.06> <Mt= 0.08> <Spt= 0.25> <nCl= 29> <DB= 4461.2333> <Mlp= 4461.2333> <PB=4462.6> 
<DWph=1> <it= 14> <et=819.16> <Mt= 0.01> <Spt= 0.09> <nCl=  3> <DB= 4461.2333> <Mlp= 4461.2333> <PB=4462.6> 
<DWph=0> <it= 18> <et=819.44> <Mt= 0.01> <Spt= 0.27> <nCl=289> <DB= 4461.2333> <Mlp= 4461.2333> <PB=4462.6> 
Reduced cost fixing for graph G_0...  TT = 0.029939, pt = 0.0047, dt = 0.024463, ct = 0, ndl = 3732', bdl = 53440', odl = 1994', odf = 14321', lpcb = 120278', cnt = 5711', bdch = 140781', odch = 14561', lcp = 14141'
took 0.02 sec., 3153 buck. arcs remain (4.68% from prev., 1.03% from max.)
Run enumeration... took 0.13 sec. and succeeded! 
<DWph=2> <it= 19> <et=820.17> <Mt= 0.06> <Spt= 0.03> <nCl=  0> <DB= 4461.2333> <Mlp= 4461.2333> <PB=4462.6> 
<DWph=1> <it= 20> <et=820.21> <Mt= 0.00> <Spt= 0.04> <nCl=  0> <DB= 4461.2333> <Mlp= 4461.2333> <PB=4462.6> 
<DWph=0> <it= 21> <et=820.21> <Mt= 0.01> <Spt= 0.00> <nCl=  0> <DB= 4461.2333> <Mlp= 4461.2333> <PB=4462.6> 
<DWph=0> <it= 21> <et=820.21> <Mt= 0.00> <Spt= 0.00> <nCl=  0> <DB= 4461.2333> <Mlp= 4461.2333> <PB=4462.6> 
ColGenEvalAlg final dual bound: 4461.23 (rounded: 4461.23)
----- Add fac. cuts : CAP(7) R1C(170), max.viol = 0.666667, aver.viol = 0.335217, sep/add took 0.349289/0.396878 sec. -----
47021 columns (3154 active), 1079 dyn. constrs. (251 active), 1321 art. vars. (493 active)
<DWph=2> <it=  1> <et=821.07> <Mt= 0.03> <Spt= 0.04> <nCl=  0> <DB= 8896.4833> <Mlp= 8896.4833> <PB=4462.6> 
<DWph=1> <it=  2> <et=821.11> <Mt= 0.00> <Spt= 0.04> <nCl=  0> <DB= 8896.4833> <Mlp= 8896.4833> <PB=4462.6> 
<DWph=0> <it=  8> <et=821.64> <Mt= 0.18> <Spt= 0.35> <nCl=622> <DB= 8752.3990> <Mlp= 8806.8490> <PB=4462.6> 
ColGenEvalAlg final dual bound: 8752.4 (rounded: 8752.4)
Gap improvement since the last cut separation : 3179.72 (4461.23)
**** SB phase 3 evaluation of candidate 1, branch 2 ( x[(118, 49)]_0_14207_0_OspV >= 1 ), value = 4454.95
<DWph=2> <it=  1> <et=822.20> <Mt= 0.01> <Spt= 0.09> <nCl=  1> <DB= 4454.9500> <Mlp= 4454.9500> <PB=4462.6> 
<DWph=1> <it=  2> <et=822.30> <Mt= 0.00> <Spt= 0.10> <nCl=  0> <DB= 4454.9500> <Mlp= 4454.9500> <PB=4462.6> 
<DWph=0> <it=  8> <et=822.83> <Mt= 0.04> <Spt= 0.49> <nCl=367> <DB= 4454.9500> <Mlp= 4454.9500> <PB=4462.6> 
Reduced cost fixing for graph G_0...  TT = 0.034933, pt = 0.005796, dt = 0.028083, ct = 0, ndl = 5701', bdl = 75928', odl = 2495', odf = 19189', lpcb = 185958', cnt = 20414', bdch = 233731', odch = 30567', lcp = 30279'
took 0.03 sec., 5975 buck. arcs remain (8.88% from prev., 1.95% from max.)
Run enumeration... took 0.92 sec. and succeeded! 
Pricing will be done by the labelling algorithm.
ColGenEvalAlg final dual bound: 4454.95 (rounded: 4454.95)
----- Add fac. cuts : CAP(12) R1C(191), max.viol = 1, aver.viol = 0.509852, sep/add took 0.323465/1.15045 sec. -----
48011 columns (10012 active), 1099 dyn. constrs. (257 active), 1520 art. vars. (499 active)
<DWph=2> <it=  9> <et=826.23> <Mt= 0.18> <Spt= 0.36> <nCl=101> <DB= 4423.3812> <Mlp= 4455.3333> <PB=4462.6> 
<DWph=2> <it=  9> <et=826.23> <Mt= 0.00> <Spt= 0.00> <nCl=  0> <DB= 4423.3812> <Mlp= 4455.3333> <PB=4462.6> 
<DWph=1> <it= 10> <et=826.27> <Mt= 0.00> <Spt= 0.03> <nCl= 15> <DB= 4440.4291> <Mlp= 4455.3333> <PB=4462.6> 
<DWph=1> <it= 12> <et=826.40> <Mt= 0.02> <Spt= 0.12> <nCl= 45> <DB= 4455.3333> <Mlp= 4455.3333> <PB=4462.6> 
<DWph=0> <it= 17> <et=826.68> <Mt= 0.03> <Spt= 0.25> <nCl=237> <DB= 4455.3333> <Mlp= 4455.3333> <PB=4462.6> 
ColGenEvalAlg final dual bound: 4455.33 (rounded: 4455.33)
Gap improvement since the last cut separation : 0.0501089 (4454.95)
----- Add fac. cuts : CAP(4) R1C(499), max.viol = 0.277778, aver.viol = 0.113983, sep/add took 0.402766/1.31717 sec. -----
44633 columns (7005 active), 1602 dyn. constrs. (546 active), 2023 art. vars. (788 active)
<DWph=2> <it=  5> <et=828.93> <Mt= 0.06> <Spt= 0.19> <nCl= 27> <DB= 4455.8857> <Mlp= 4455.8857> <PB=4462.6> 
<DWph=1> <it=  6> <et=828.99> <Mt= 0.00> <Spt= 0.06> <nCl=  7> <DB= 4455.8857> <Mlp= 4455.8857> <PB=4462.6> 
<DWph=0> <it= 10> <et=829.26> <Mt= 0.02> <Spt= 0.25> <nCl=204> <DB= 4455.8857> <Mlp= 4455.8857> <PB=4462.6> 
Reduced cost fixing for graph G_0...  took 0.11 sec., done by inspection with 498971 solutions, remains 259795 (52.1%)
 TT = 0.204267, pt = 0.00205, dt = 0.002869, ct = 0, ndl = 2862', bdl = 3599', odl = 762', odf = 8184', lpcb = 5138', cnt = 7364', bdch = 18626', odch = 4497', lcp = 4601'
took 0.2 sec., 5276 buck. arcs remain (88.3% from prev., 1.72% from max.)
ColGenEvalAlg final dual bound: 4455.89 (rounded: 4455.89)
Gap improvement since the last cut separation : 0.0760157 (4455.33)
----- Add fac. cuts : CAP(5) R1C(140), max.viol = 0.142857, aver.viol = 0.142857, sep/add took 0.382427/0.552998 sec. -----
44871 columns (7243 active), 1545 dyn. constrs. (194 active), 2168 art. vars. (436 active)
<DWph=2> <it=  3> <et=830.90> <Mt= 0.06> <Spt= 0.15> <nCl= 20> <DB= 4456.2400> <Mlp= 4456.2400> <PB=4462.6> 
<DWph=1> <it=  5> <et=830.99> <Mt= 0.01> <Spt= 0.08> <nCl= 13> <DB= 4456.2391> <Mlp= 4456.2391> <PB=4462.6> 
<DWph=0> <it=  9> <et=831.23> <Mt= 0.02> <Spt= 0.22> <nCl=268> <DB= 4456.1328> <Mlp= 4456.1328> <PB=4462.6> 
ColGenEvalAlg final dual bound: 4456.13 (rounded: 4456.13)
Gap improvement since the last cut separation : 0.0368053 (4455.89)
----- Add fac. cuts : CAP(2) R1C(515), max.viol = 0.179104, aver.viol = 0.0891192, sep/add took 0.497705/1.58395 sec. -----
45172 columns (7544 active), 1567 dyn. constrs. (566 active), 2685 art. vars. (808 active)
<DWph=2> <it=  2> <et=833.74> <Mt= 0.10> <Spt= 0.10> <nCl=  6> <DB= 4456.2259> <Mlp= 4456.2259> <PB=4462.6> 
<DWph=1> <it=  3> <et=833.80> <Mt= 0.00> <Spt= 0.06> <nCl=  5> <DB= 4456.2259> <Mlp= 4456.2259> <PB=4462.6> 
<DWph=0> <it=  8> <et=834.08> <Mt= 0.05> <Spt= 0.22> <nCl=105> <DB= 4456.2100> <Mlp= 4456.2100> <PB=4462.6> 
ColGenEvalAlg final dual bound: 4456.21 (rounded: 4456.21)
Gap improvement since the last cut separation : 0.0119317 (4456.13)
----- Add fac. cuts : R1C(534), max.viol = 0.15, aver.viol = 0.0461142, sep/add took 0.498359/1.58134 sec. -----
45288 columns (7660 active), 1959 dyn. constrs. (592 active), 3219 art. vars. (834 active)
<DWph=2> <it=  5> <et=836.74> <Mt= 0.15> <Spt= 0.23> <nCl= 23> <DB= 4456.5778> <Mlp= 4456.5778> <PB=4462.6> 
<DWph=1> <it=  6> <et=836.81> <Mt= 0.01> <Spt= 0.05> <nCl=  3> <DB= 4456.5778> <Mlp= 4456.5778> <PB=4462.6> 
<DWph=0> <it=  8> <et=837.04> <Mt= 0.05> <Spt= 0.19> <nCl=126> <DB= 4456.5732> <Mlp= 4456.5732> <PB=4462.6> 
Reduced cost fixing for graph G_0...  took 0.06 sec., done by inspection with 259795 solutions, remains 111007 (42.7%)
<DWph=2> <it=  9> <et=839.41> <Mt= 0.27> <Spt= 0.04> <nCl=  0> <DB= 4456.6967> <Mlp= 4456.6967> <PB=4462.6> 
<DWph=1> <it= 10> <et=839.45> <Mt= 0.00> <Spt= 0.04> <nCl=  0> <DB= 4456.6967> <Mlp= 4456.6967> <PB=4462.6> 
<DWph=0> <it= 16> <et=840.68> <Mt= 0.64> <Spt= 0.58> <nCl=585> <DB= 4456.6967> <Mlp= 4456.6967> <PB=4462.6> 
Reduced cost fixing for graph G_0...  took 0.03 sec., done by inspection with 111007 solutions, remains 73391 (66.1%)
ColGenEvalAlg final dual bound: 4456.7 (rounded: 4456.7)
Gap improvement since the last cut separation : 0.0761607 (4456.21)
----- Add fac. cuts : R1C(324), max.viol = 0.0666667, aver.viol = 0.0660494, sep/add took 0.633115/0.463952 sec. -----
49139 columns (3857 active), 1775 dyn. constrs. (385 active), 3543 art. vars. (627 active)
<DWph=2> <it=  1> <et=842.22> <Mt= 0.01> <Spt= 0.05> <nCl=  0> <DB= 4456.7391> <Mlp= 4456.7391> <PB=4462.6> 
<DWph=1> <it=  2> <et=842.26> <Mt= 0.00> <Spt= 0.03> <nCl=  0> <DB= 4456.7391> <Mlp= 4456.7391> <PB=4462.6> 
<DWph=0> <it=  5> <et=842.58> <Mt= 0.02> <Spt= 0.30> <nCl=392> <DB= 4456.7391> <Mlp= 4456.7391> <PB=4462.6> 
Reduced cost fixing for graph G_0...  took 0.02 sec., done by inspection with 73391 solutions, remains 69411 (94.6%)
ColGenEvalAlg final dual bound: 4456.74 (rounded: 4456.74)
Gap improvement since the last cut separation : 0.00719318 (4456.7)
----- Add fac. cuts : CAP(1) R1C(295), max.viol = 0.0652174, aver.viol = 0.0300382, sep/add took 0.608684/0.36099 sec. -----
48060 columns (4017 active), 1541 dyn. constrs. (356 active), 3839 art. vars. (598 active)
<DWph=2> <it=  1> <et=844.03> <Mt= 0.02> <Spt= 0.05> <nCl=  0> <DB= 4456.7656> <Mlp= 4456.7656> <PB=4462.6> 
<DWph=1> <it=  2> <et=844.07> <Mt= 0.00> <Spt= 0.03> <nCl=  0> <DB= 4456.7656> <Mlp= 4456.7656> <PB=4462.6> 
<DWph=0> <it=  5> <et=844.31> <Mt= 0.01> <Spt= 0.23> <nCl=227> <DB= 4456.7656> <Mlp= 4456.7656> <PB=4462.6> 
Reduced cost fixing for graph G_0...  took 0.02 sec., done by inspection with 69411 solutions, remains 67303 (97%)
ColGenEvalAlg final dual bound: 4456.77 (rounded: 4456.77)
Gap improvement since the last cut separation : 0.00452059 (4456.74)
----- Cut generation is stopped due to tailing off -----
SB exact phase 3 branch on var x[(118, 49)]_0_14207_0_OspV (lhs=0.840284) : [1e+12, 4456.7656], tree depth = 1.748, tree size = 4.717, score = -0.2122 (h)
************************************************************************************************
**** BaB tree node (N° 75, parent N° 22, depth 12)
**** Local DB = 4456.77, global bounds : [ 4445.12 , 4462.6 ], TIME = 0h14m4s63t = 84463
**** 12 open nodes, ETS : 76, 47947 columns (4136 active), 934 dyn. constrs. (73 active), 1176 art. vars. (315 active)
************************************************************************************************
**** Strong branching phase 3 is started *****
**** SB phase 3 evaluation of candidate 1, branch 1 ( x[(103, 116)]_0_12458_0_OspV >= 1 ), value = 1e+12
<DWph=2> <it=  1> <et=844.71> <Mt= 0.02> <Spt= 0.04> <nCl=  0> <DB= 4460.1000> <Mlp= 4460.1000> <PB=4462.6> 
<DWph=1> <it=  2> <et=844.75> <Mt= 0.00> <Spt= 0.03> <nCl=  0> <DB= 4460.1000> <Mlp= 4460.1000> <PB=4462.6> 
<DWph=0> <it=  8> <et=845.07> <Mt= 0.01> <Spt= 0.31> <nCl=416> <DB= 4460.1000> <Mlp= 4460.1000> <PB=4462.6> 
Reduced cost fixing for graph G_0...  took 0.03 sec., done by inspection with 67303 solutions, remains 24051 (35.7%)
ColGenEvalAlg final dual bound: 4460.1 (rounded: 4460.1)
----- Add fac. cuts : CAP(6) R1C(144), max.viol = 1, aver.viol = 0.513333, sep/add took 0.367622/0.32828 sec. -----
45526 columns (3084 active), 1051 dyn. constrs. (215 active), 1327 art. vars. (457 active)
<DWph=2> <it=  1> <et=846.04> <Mt= 0.02> <Spt= 0.04> <nCl=  0> <DB= 4460.8500> <Mlp= 4460.8500> <PB=4462.6> 
<DWph=1> <it=  2> <et=846.08> <Mt= 0.00> <Spt= 0.04> <nCl=  0> <DB= 4460.8500> <Mlp= 4460.8500> <PB=4462.6> 
<DWph=0> <it=  4> <et=846.21> <Mt= 0.01> <Spt= 0.13> <nCl=248> <DB= 4460.8500> <Mlp= 4460.8500> <PB=4462.6> 
Reduced cost fixing for graph G_0...  took 0 sec., done by inspection with 24051 solutions, remains 15555 (64.7%)
ColGenEvalAlg final dual bound: 4460.85 (rounded: 4460.85)
Gap improvement since the last cut separation : 0.3 (4460.1)
----- Add fac. cuts : CAP(2) R1C(370), max.viol = 0.25, aver.viol = 0.25, sep/add took 0.543692/0.407737 sec. -----
45774 columns (2894 active), 1423 dyn. constrs. (434 active), 1699 art. vars. (676 active)
<DWph=2> <it=  1> <et=847.33> <Mt= 0.03> <Spt= 0.05> <nCl=  0> <DB= 4461.5700> <Mlp= 4461.5700> <PB=4462.6> 
<DWph=1> <it=  2> <et=847.37> <Mt= 0.00> <Spt= 0.04> <nCl=  0> <DB= 4461.5700> <Mlp= 4461.5700> <PB=4462.6> 
<DWph=0> <it=  6> <et=847.88> <Mt= 0.22> <Spt= 0.29> <nCl=334> <DB= 4461.1000> <Mlp= 4461.1000> <PB=4462.6> 
Reduced cost fixing for graph G_0...  took 0 sec., done by inspection with 15555 solutions, remains 14247 (91.6%)
ColGenEvalAlg final dual bound: 4461.1 (rounded: 4461.1)
Gap improvement since the last cut separation : 0.142857 (4460.85)
----- Add fac. cuts : CAP(1), max.viol = 0.333333, aver.viol = 0.333333, sep/add took 0.423909/0.0138447 sec. -----
46084 columns (3107 active), 1278 dyn. constrs. (93 active), 1700 art. vars. (335 active)
<DWph=2> <it=  1> <et=848.53> <Mt= 0.02> <Spt= 0.04> <nCl=  0> <DB= 4461.1500> <Mlp= 4461.1500> <PB=4462.6> 
<DWph=1> <it=  2> <et=848.57> <Mt= 0.00> <Spt= 0.03> <nCl=  0> <DB= 4461.1500> <Mlp= 4461.1500> <PB=4462.6> 
<DWph=0> <it=  3> <et=848.63> <Mt= 0.00> <Spt= 0.06> <nCl= 28> <DB= 4461.1500> <Mlp= 4461.1500> <PB=4462.6> 
Reduced cost fixing for graph G_0...  took 0 sec., done by inspection with 14247 solutions, remains 13751 (96.5%)
ColGenEvalAlg final dual bound: 4461.15 (rounded: 4461.15)
Gap improvement since the last cut separation : 0.0333333 (4461.1)
----- Add fac. cuts : R1C(281), max.viol = 0.0833333, aver.viol = 0.0833333, sep/add took 0.520091/0.292611 sec. -----
46108 columns (3100 active), 1219 dyn. constrs. (345 active), 1981 art. vars. (587 active)
<DWph=2> <it=  1> <et=849.60> <Mt= 0.01> <Spt= 0.04> <nCl=  0> <DB= 4461.2333> <Mlp= 4461.2333> <PB=4462.6> 
<DWph=1> <it=  2> <et=849.64> <Mt= 0.00> <Spt= 0.03> <nCl=  0> <DB= 4461.2333> <Mlp= 4461.2333> <PB=4462.6> 
<DWph=0> <it=  3> <et=849.71> <Mt= 0.00> <Spt= 0.07> <nCl= 56> <DB= 4461.2333> <Mlp= 4461.2333> <PB=4462.6> 
Reduced cost fixing for graph G_0...  took 0 sec., done by inspection with 13751 solutions, remains 12515 (91%)
ColGenEvalAlg final dual bound: 4461.23 (rounded: 4461.23)
Gap improvement since the last cut separation : 0.0574713 (4461.15)
----- Add fac. cuts : CAP(1) R1C(357), max.viol = 0.166667, aver.viol = 0.166667, sep/add took 0.477511/0.4309 sec. -----
46164 columns (2948 active), 1550 dyn. constrs. (422 active), 2339 art. vars. (664 active)
<DWph=2> <it=  1> <et=850.75> <Mt= 0.01> <Spt= 0.05> <nCl=  0> <DB= 4461.3750> <Mlp= 4461.3750> <PB=4462.6> 
<DWph=1> <it=  2> <et=850.79> <Mt= 0.00> <Spt= 0.03> <nCl=  0> <DB= 4461.3750> <Mlp= 4461.3750> <PB=4462.6> 
<DWph=0> <it=  3> <et=850.86> <Mt= 0.01> <Spt= 0.07> <nCl= 65> <DB= 4461.3750> <Mlp= 4461.3750> <PB=4462.6> 
Reduced cost fixing for graph G_0...  took 0 sec., done by inspection with 12515 solutions, remains 10667 (85.2%)
ColGenEvalAlg final dual bound: 4461.37 (rounded: 4461.37)
Gap improvement since the last cut separation : 0.103659 (4461.23)
----- Add fac. cuts : CAP(3), max.viol = 0.25, aver.viol = 0.25, sep/add took 0.459989/0.0870343 sec. -----
46213 columns (2565 active), 1275 dyn. constrs. (69 active), 2342 art. vars. (311 active)
<DWph=2> <it=  1> <et=851.57> <Mt= 0.00> <Spt= 0.05> <nCl=  0> <DB= 5059.7011> <Mlp= 5059.7011> <PB=4462.6> 
<DWph=1> <it=  2> <et=851.61> <Mt= 0.01> <Spt= 0.03> <nCl=  0> <DB= 5059.7011> <Mlp= 5059.7011> <PB=4462.6> 
<DWph=0> <it=  3> <et=851.67> <Mt= 0.00> <Spt= 0.06> <nCl= 68> <DB= 5059.7011> <Mlp= 5059.7011> <PB=4462.6> 
ColGenEvalAlg final dual bound: 5059.7 (rounded: 5059.7)
Gap improvement since the last cut separation : 488.429 (4461.37)
**** SB phase 3 evaluation of candidate 1, branch 2 ( x[(103, 116)]_0_12458_0_OspV <= 0 ), value = 1e+12
<DWph=2> <it=  1> <et=851.94> <Mt= 0.02> <Spt= 0.04> <nCl=  0> <DB= 4466.8333> <Mlp= 4466.8333> <PB=4462.6> 
<DWph=1> <it=  2> <et=851.98> <Mt= 0.00> <Spt= 0.04> <nCl=  0> <DB= 4466.8333> <Mlp= 4466.8333> <PB=4462.6> 
<DWph=0> <it=  5> <et=852.13> <Mt= 0.01> <Spt= 0.15> <nCl=320> <DB= 4466.0010> <Mlp= 4466.6500> <PB=4462.6> 
ColGenEvalAlg final dual bound: 4466 (rounded: 4466)
 SB phase 3 candidate 1 is conquered !
************************************************************************************************
**** BaB tree node (N° 20, parent N° 19, depth 10)
**** Local DB = 4462.09, global bounds : [ 4445.12 , 4462.6 ], TIME = 0h14m12s28t = 85228
**** 10 open nodes, ETS : 78, 45430 columns (4456 active), 902 dyn. constrs. (74 active), 1144 art. vars. (316 active)
************************************************************************************************
**** Strong branching phase 1 is started *****
SB phase 1 cand.  1 branch on var x[(103, 81)]_0_12424_0_OspV (lhs=0.2235) : [ 4462.2000,  4464.7500], score = 0.06 (h)  <et=852.77>
SB phase 1 cand.  2 branch on var x[(0, 62)]_0_7381_0_OspV (lhs=0.4941)    : [ 4462.2000,  4462.2809], score = 0.02      <et=852.81>
SB phase 1 cand.  3 branch on var x[(116, 54)]_0_13970_0_OspV (lhs=0.2235) : [ 4462.2000,  4470.1000], score = 0.06 (h)  <et=852.88>
SB phase 1 cand.  4 branch on var x[(105, 36)]_0_12621_0_OspV (lhs=0.5412) : [ 4462.2000,  4463.4170], score = 0.06      <et=852.96>
SB phase 1 cand.  5 branch on var x[(118, 49)]_0_14207_0_OspV (lhs=0.8941) : [ 4462.2000,  4466.0353], score = 0.06 (h)  <et=853.05>
SB phase 1 cand.  7 branch on var x[(24, 49)]_0_2832_0_OspV (lhs=0.1059)   : [ 4462.2000,  4470.3000], score = 0.06 (h)  <et=853.22>
SB phase 1 cand.  9 branch on var x[(24, 71)]_0_2854_0_OspV (lhs=0.2235)   : [ 4462.2000,  4470.1000], score = 0.06 (h)  <et=853.36>
SB phase 1 cand. 13 branch on var x[(4, 21)]_0_384_0_OspV (lhs=0.2235)     : [ 4462.2000,  4470.1000], score = 0.06 (h)  <et=853.74>
SB phase 1 cand. 16 branch on var x[(30, 21)]_0_3531_0_OspV (lhs=0.4471)   : [ 4462.2000,  4470.1625], score = 0.06      <et=854>
SB phase 1 cand. 25 branch on var x[(116, 4)]_0_13920_0_OspV (lhs=0.4471)  : [ 4462.2000,  4471.4500], score = 0.06 (h)  <et=854.65>
SB phase 1 cand. 35 branch on var x[(10, 107)]_0_1196_0_OspV (lhs=0.8941)  : [ 4462.2000,  4493.0000], score = 0.06 (h)  <et=855.36>
**** Strong branching phase 2 is started *****
<DWph=1> <it= 14> <et=857.81> <Mt= 0.34> <Spt= 0.93> <nCl=203> <DB= 4483.2500> <Mlp= 4483.2500> <PB=4462.6> 
----- Add core cuts : CAP(8), max.viol = 1, aver.viol = 1, sep/add took 0.00953101/0.25338 sec. -----
<DWph=1> <it= 11> <et=859.25> <Mt= 0.11> <Spt= 0.72> <nCl= 53> <DB= 4462.2400> <Mlp= 4462.2400> <PB=4462.6> 
SB phase 2 cand.  1 branch on var x[(10, 107)]_0_1196_0_OspV (lhs=0.8941): [ 4462.2400,  4483.2500], score = 0.08 (h)  <et=859.3>
<DWph=1> <it= 20> <et=860.99> <Mt= 0.22> <Spt= 1.33> <nCl=244> <DB= 4470.5133> <Mlp= 4470.5133> <PB=4462.6> 
----- Add core cuts : CAP(8), max.viol = 1, aver.viol = 1, sep/add took 0.00833974/0.243888 sec. -----
<DWph=1> <it=  2> <et=861.62> <Mt= 0.03> <Spt= 0.20> <nCl=  7> <DB= 4462.2733> <Mlp= 4462.2733> <PB=4462.6> 
SB phase 2 cand.  2 branch on var x[(116, 4)]_0_13920_0_OspV (lhs=0.4471): [ 4462.2733,  4470.5133], score = 0.10 (h)  <et=861.66>
<DWph=1> <it= 14> <et=863.09> <Mt= 0.31> <Spt= 1.01> <nCl=191> <DB= 4469.0500> <Mlp= 4469.0500> <PB=4462.6> 
----- Add core cuts : CAP(8), max.viol = 1, aver.viol = 1, sep/add took 0.00779927/0.245951 sec. -----
<DWph=1> <it=  2> <et=863.73> <Mt= 0.03> <Spt= 0.20> <nCl= 12> <DB= 4462.2038> <Mlp= 4462.2038> <PB=4462.6> 
SB phase 2 cand.  3 branch on var x[(24, 49)]_0_2832_0_OspV (lhs=0.1059) : [ 4462.2037,  4469.0500], score = 0.06 (h)  <et=863.78>
**** Strong branching phase 3 is started *****
**** SB phase 3 evaluation of candidate 1, branch 1 ( x[(116, 4)]_0_13920_0_OspV >= 1 ), value = 4470.51
<DWph=2> <it=  1> <et=864.03> <Mt= 0.00> <Spt= 0.09> <nCl=  1> <DB= 4470.5133> <Mlp= 4470.5133> <PB=4462.6> 
<DWph=1> <it=  2> <et=864.13> <Mt= 0.00> <Spt= 0.10> <nCl=  0> <DB= 4470.5133> <Mlp= 4470.5133> <PB=4462.6> 
<DWph=0> <it=  5> <et=864.38> <Mt= 0.04> <Spt= 0.21> <nCl=239> <DB= 4468.3155> <Mlp= 4470.1625> <PB=4462.6> 
ColGenEvalAlg final dual bound: 4468.32 (rounded: 4468.32)
**** SB phase 3 evaluation of candidate 1, branch 2 ( x[(116, 4)]_0_13920_0_OspV <= 0 ), value = 4462.27
<DWph=2> <it=  1> <et=864.75> <Mt= 0.01> <Spt= 0.10> <nCl= 29> <DB= 4462.2733> <Mlp= 4462.2733> <PB=4462.6> 
<DWph=1> <it=  2> <et=864.86> <Mt= 0.00> <Spt= 0.10> <nCl= 15> <DB= 4462.2733> <Mlp= 4462.2733> <PB=4462.6> 
<DWph=0> <it=  5> <et=865.12> <Mt= 0.02> <Spt= 0.24> <nCl=105> <DB= 4462.2733> <Mlp= 4462.2733> <PB=4462.6> 
Reduced cost fixing for graph G_0...  TT = 0.031307, pt = 0.006442, dt = 0.023812, ct = 0, ndl = 4436', bdl = 62779', odl = 1810', odf = 12750', lpcb = 145736', cnt = 6476', bdch = 180667', odch = 19278', lcp = 16245'
took 0.03 sec., 2836 buck. arcs remain (4.21% from prev., 0.926% from max.)
Run enumeration... took 0.05 sec. and succeeded! 
<DWph=2> <it=  6> <et=865.59> <Mt= 0.02> <Spt= 0.04> <nCl=  0> <DB= 4462.3188> <Mlp= 4462.3188> <PB=4462.6> 
<DWph=1> <it=  7> <et=865.63> <Mt= 0.01> <Spt= 0.04> <nCl=  0> <DB= 4462.3188> <Mlp= 4462.3188> <PB=4462.6> 
<DWph=0> <it= 10> <et=865.77> <Mt= 0.00> <Spt= 0.14> <nCl=329> <DB= 4462.3188> <Mlp= 4462.3188> <PB=4462.6> 
Reduced cost fixing for graph G_0...  took 0 sec., done by inspection with 11531 solutions, remains 1511 (13.1%)
ColGenEvalAlg final dual bound: 4462.32 (rounded: 4462.32)
----- Terminating the node by MIP -----
 SB phase 3 candidate 1 is conquered !
************************************************************************************************
**** BaB tree node (N° 18, parent N° 17, depth 9)
**** Local DB = 4459.92, global bounds : [ 4445.12 , 4462.6 ], TIME = 0h14m26s3t = 86603
**** 9 open nodes, ETS : 79, 42624 columns (1650 active), 866 dyn. constrs. (77 active), 1108 art. vars. (319 active)
************************************************************************************************
**** Strong branching phase 1 is started *****
SB phase 1 cand.  1 branch on var x[(118, 49)]_0_14207_0_OspV (lhs=0.7784): [ 4460.6308,  4465.3846], score = 1.91 (h)  <et=866.5>
SB phase 1 cand.  2 branch on var x[(0, 62)]_0_7381_0_OspV (lhs=0.6264)   : [ 4459.9367,  4460.3149], score = 0.01      <et=866.56>
SB phase 1 cand.  3 branch on var x[(24, 71)]_0_2854_0_OspV (lhs=0.6989)  : [ 4461.4545,  4463.3250], score = 4.12 (h)  <et=866.72>
SB phase 1 cand.  4 branch on var x[(19, 66)]_0_2244_0_OspV (lhs=0.6293)  : [ 4461.9647,  4462.7667], score = 5.48      <et=866.9>
SB phase 1 cand.  7 branch on var x[(8, 19)]_0_866_0_OspV (lhs=0.6974)    : [ 4462.5783,  4463.3297], score = 7.13 (h)  <et=867.33>
**** Strong branching phase 2 is started *****
<DWph=1> <it= 20> <et=873.11> <Mt= 0.17> <Spt= 1.02> <nCl=199> <DB= 4462.4266> <Mlp= 4462.4266> <PB=4462.6> 
<DWph=1> <it=  9> <et=874.03> <Mt= 0.05> <Spt= 0.55> <nCl= 42> <DB= 4462.5783> <Mlp= 4462.5783> <PB=4462.6> 
SB phase 2 cand.  1 branch on var x[(8, 19)]_0_866_0_OspV (lhs=0.6974)  : [ 4462.4266,  4462.5783], score = 6.67 (h)  <et=874.07>
<DWph=1> <it= 11> <et=875.09> <Mt= 0.18> <Spt= 0.72> <nCl= 59> <DB= 4462.3691> <Mlp= 4462.3691> <PB=4462.6> 
<DWph=1> <it= 11> <et=876.23> <Mt= 0.24> <Spt= 0.74> <nCl= 91> <DB= 4461.2500> <Mlp= 4461.2500> <PB=4462.6> 
SB phase 2 cand.  2 branch on var x[(19, 66)]_0_2244_0_OspV (lhs=0.6293): [ 4461.2500,  4462.3691], score = 3.26      <et=876.27>
<DWph=1> <it= 13> <et=877.35> <Mt= 0.16> <Spt= 0.82> <nCl= 87> <DB= 4463.3250> <Mlp= 4463.3250> <PB=4462.6> 
<DWph=1> <it= 24> <et=878.98> <Mt= 0.17> <Spt= 1.29> <nCl= 95> <DB= 4461.4522> <Mlp= 4461.4522> <PB=4462.6> 
SB phase 2 cand.  3 branch on var x[(24, 71)]_0_2854_0_OspV (lhs=0.6989): [ 4461.4522,  4463.3250], score = 4.11 (h)  <et=879.02>
**** Strong branching phase 3 is started *****
**** SB phase 3 evaluation of candidate 1, branch 1 ( x[(8, 19)]_0_866_0_OspV <= 0 ), value = 4462.58
<DWph=2> <it=  1> <et=879.26> <Mt= 0.01> <Spt= 0.09> <nCl=  0> <DB= 4462.5783> <Mlp= 4462.5783> <PB=4462.6> 
<DWph=1> <it=  2> <et=879.36> <Mt= 0.00> <Spt= 0.09> <nCl=  0> <DB= 4462.5783> <Mlp= 4462.5783> <PB=4462.6> 
<DWph=0> <it=  8> <et=879.97> <Mt= 0.07> <Spt= 0.49> <nCl=481> <DB= 4462.2750> <Mlp= 4462.2750> <PB=4462.6> 
Reduced cost fixing for graph G_0...  TT = 0.031039, pt = 0.004915, dt = 0.025262, ct = 0, ndl = 3492', bdl = 52763', odl = 1618', odf = 10854', lpcb = 113498', cnt = 4043', bdch = 135339', odch = 12280', lcp = 13486'
took 0.03 sec., 2626 buck. arcs remain (3.9% from prev., 0.857% from max.)
Run enumeration... took 0.06 sec. and succeeded! 
<DWph=2> <it=  9> <et=880.44> <Mt= 0.03> <Spt= 0.04> <nCl=  0> <DB=14558.9724> <Mlp=14558.9724> <PB=4462.6> 
<DWph=1> <it= 10> <et=880.47> <Mt= 0.00> <Spt= 0.03> <nCl=  0> <DB=14558.9724> <Mlp=14558.9724> <PB=4462.6> 
<DWph=0> <it= 13> <et=880.61> <Mt= 0.00> <Spt= 0.13> <nCl=268> <DB=14558.9724> <Mlp=14558.9724> <PB=4462.6> 
ColGenEvalAlg final dual bound: 14559 (rounded: 14559)
**** SB phase 3 evaluation of candidate 1, branch 2 ( x[(8, 19)]_0_866_0_OspV >= 1 ), value = 4462.43
<DWph=2> <it=  1> <et=881.00> <Mt= 0.01> <Spt= 0.07> <nCl=  0> <DB= 4462.4266> <Mlp= 4462.4266> <PB=4462.6> 
<DWph=1> <it=  2> <et=881.09> <Mt= 0.00> <Spt= 0.09> <nCl=  0> <DB= 4462.4266> <Mlp= 4462.4266> <PB=4462.6> 
<DWph=0> <it=  9> <et=881.73> <Mt= 0.16> <Spt= 0.49> <nCl=431> <DB= 4461.6125> <Mlp= 4461.6125> <PB=4462.6> 
Reduced cost fixing for graph G_0...  TT = 0.025986, pt = 0.004782, dt = 0.020334, ct = 0, ndl = 3808', bdl = 62904', odl = 1927', odf = 12416', lpcb = 113305', cnt = 4890', bdch = 171799', odch = 14414', lcp = 17611'
took 0.02 sec., 3003 buck. arcs remain (4.46% from prev., 0.98% from max.)
Run enumeration... took 0.1 sec. and succeeded! 
<DWph=2> <it= 10> <et=882.42> <Mt= 0.03> <Spt= 0.03> <nCl=  0> <DB= 4461.6125> <Mlp= 4461.6125> <PB=4462.6> 
<DWph=1> <it= 11> <et=882.46> <Mt= 0.00> <Spt= 0.04> <nCl=  0> <DB= 4461.6125> <Mlp= 4461.6125> <PB=4462.6> 
<DWph=0> <it= 12> <et=882.46> <Mt= 0.00> <Spt= 0.00> <nCl=  0> <DB= 4461.6125> <Mlp= 4461.6125> <PB=4462.6> 
<DWph=0> <it= 12> <et=882.46> <Mt= 0.00> <Spt= 0.00> <nCl=  0> <DB= 4461.6125> <Mlp= 4461.6125> <PB=4462.6> 
ColGenEvalAlg final dual bound: 4461.61 (rounded: 4461.61)
----- Add fac. cuts : CAP(1) R1C(262), max.viol = 0.25, aver.viol = 0.16635, sep/add took 0.571323/0.269399 sec. -----
41061 columns (2531 active), 1080 dyn. constrs. (335 active), 1322 art. vars. (577 active)
<DWph=2> <it=  1> <et=883.39> <Mt= 0.01> <Spt= 0.04> <nCl=  0> <DB= 4463.0000> <Mlp= 4463.0000> <PB=4462.6> 
<DWph=1> <it=  2> <et=883.43> <Mt= 0.00> <Spt= 0.03> <nCl=  0> <DB= 4463.0000> <Mlp= 4463.0000> <PB=4462.6> 
<DWph=0> <it=  7> <et=883.90> <Mt= 0.10> <Spt= 0.38> <nCl=664> <DB= 4463.0000> <Mlp= 4463.0000> <PB=4462.6> 
ColGenEvalAlg final dual bound: 4463 (rounded: 4463)
Gap improvement since the last cut separation : 1.40506 (4461.61)
 SB phase 3 candidate 1 is conquered !
************************************************************************************************
**** BaB tree node (N° 16, parent N° 15, depth 8)
**** Local DB = 4456.86, global bounds : [ 4445.12 , 4462.6 ], TIME = 0h14m44s3t = 88403
**** 8 open nodes, ETS : 81, 41725 columns (3195 active), 1080 dyn. constrs. (335 active), 1322 art. vars. (577 active)
************************************************************************************************
**** Strong branching phase 1 is started *****
SB phase 1 cand.  1 branch on var x[(24, 71)]_0_2854_0_OspV (lhs=0.9253)   : [ 4457.1806,  4466.2435], score = 1.87 (h)  <et=884.53>
SB phase 1 cand.  2 branch on var x[(54, 30)]_0_6444_0_OspV (lhs=0.5033)   : [ 4459.4886,  4462.3792], score = 14.55      <et=884.69>
SB phase 1 cand.  3 branch on var x[(118, 49)]_0_14207_0_OspV (lhs=0.9605) : [ 4457.0968,  4473.3513], score = 1.39 (h)  <et=884.84>
SB phase 1 cand.  4 branch on var x[(4, 81)]_0_444_0_OspV (lhs=0.5237)     : [ 4459.5750,  4462.3780], score = 15.02      <et=885.04>
SB phase 1 cand.  5 branch on var x[(103, 81)]_0_12424_0_OspV (lhs=0.1328) : [ 4457.5583,  4466.1413], score = 4.04 (h)  <et=885.23>
SB phase 1 cand.  6 branch on var x[(4, 30)]_0_393_0_OspV (lhs=0.4752)     : [ 4460.2416,  4461.6250], score = 16.15      <et=885.42>
**** Strong branching phase 2 is started *****
<DWph=1> <it= 28> <et=893.18> <Mt= 0.37> <Spt= 1.86> <nCl=350> <DB= 4458.0788> <Mlp= 4460.2513> <PB=4462.6> 
<DWph=1> <it= 11> <et=894.44> <Mt= 0.05> <Spt= 0.80> <nCl= 40> <DB= 4460.2375> <Mlp= 4460.2375> <PB=4462.6> 
SB phase 2 cand.  1 branch on var x[(4, 30)]_0_393_0_OspV (lhs=0.4752)  : [ 4460.2375,  4460.2513], score = 11.49      <et=894.49>
<DWph=1> <it= 15> <et=895.72> <Mt= 0.12> <Spt= 0.99> <nCl=207> <DB= 4461.4286> <Mlp= 4461.4286> <PB=4462.6> 
<DWph=1> <it= 18> <et=897.19> <Mt= 0.15> <Spt= 1.16> <nCl=143> <DB= 4458.7000> <Mlp= 4458.7000> <PB=4462.6> 
SB phase 2 cand.  2 branch on var x[(4, 81)]_0_444_0_OspV (lhs=0.5237)  : [ 4458.7000,  4461.4286], score = 8.44      <et=897.23>
<DWph=1> <it= 24> <et=899.13> <Mt= 0.28> <Spt= 1.49> <nCl=274> <DB= 4460.5886> <Mlp= 4460.5886> <PB=4462.6> 
<DWph=1> <it= 10> <et=900.14> <Mt= 0.10> <Spt= 0.75> <nCl=108> <DB= 4458.7000> <Mlp= 4458.7000> <PB=4462.6> 
SB phase 2 cand.  3 branch on var x[(54, 30)]_0_6444_0_OspV (lhs=0.5033): [ 4458.7000,  4460.5886], score = 6.89      <et=900.18>
**** Strong branching phase 3 is started *****
**** SB phase 3 evaluation of candidate 1, branch 1 ( x[(4, 30)]_0_393_0_OspV <= 0 ), value = 4460.25
<DWph=2> <it=  3> <et=900.58> <Mt= 0.01> <Spt= 0.23> <nCl=  8> <DB= 4460.2510> <Mlp= 4460.2510> <PB=4462.6> 
<DWph=1> <it=  4> <et=900.68> <Mt= 0.01> <Spt= 0.10> <nCl=  3> <DB= 4460.2510> <Mlp= 4460.2510> <PB=4462.6> 
<DWph=0> <it= 10> <et=901.26> <Mt= 0.06> <Spt= 0.45> <nCl=541> <DB= 4459.8357> <Mlp= 4459.8357> <PB=4462.6> 
Reduced cost fixing for graph G_0...  TT = 0.0367, pt = 0.005758, dt = 0.029588, ct = 0, ndl = 5061', bdl = 67254', odl = 1925', odf = 14524', lpcb = 173831', cnt = 8742', bdch = 183311', odch = 24045', lcp = 19491'
took 0.03 sec., 3999 buck. arcs remain (5.94% from prev., 1.31% from max.)
Run enumeration... took 0.2 sec. and succeeded! 
----- Add core cuts : CAP(8), max.viol = 1, aver.viol = 1, sep/add took 0.0121208/0.185972 sec. -----
<DWph=2> <it= 11> <et=902.20> <Mt= 0.06> <Spt= 0.04> <nCl=  0> <DB= 4461.5857> <Mlp= 4461.5857> <PB=4462.6> 
<DWph=1> <it= 12> <et=902.24> <Mt= 0.00> <Spt= 0.04> <nCl=  0> <DB= 4461.5857> <Mlp= 4461.5857> <PB=4462.6> 
<DWph=0> <it= 20> <et=902.77> <Mt= 0.03> <Spt= 0.49> <nCl=778> <DB= 4448.9063> <Mlp= 4460.3286> <PB=4462.6> 
<DWph=0> <it= 21> <et=902.88> <Mt= 0.00> <Spt= 0.11> <nCl=120> <DB= 4460.3286> <Mlp= 4460.3286> <PB=4462.6> 
Reduced cost fixing for graph G_0...  took 0.04 sec., done by inspection with 82611 solutions, remains 14651 (17.7%)
ColGenEvalAlg final dual bound: 4460.33 (rounded: 4460.33)
----- Add fac. cuts : R1C(165), max.viol = 0.214286, aver.viol = 0.0965368, sep/add took 0.231931/0.0810281 sec. -----
37985 columns (1391 active), 936 dyn. constrs. (199 active), 1190 art. vars. (441 active)
----- Add core cuts : CAP(8), max.viol = 1, aver.viol = 1, sep/add took 0.00863738/0.178356 sec. -----
<DWph=2> <it=  1> <et=903.64> <Mt= 0.02> <Spt= 0.04> <nCl=  0> <DB= 6292.7931> <Mlp= 6292.7931> <PB=4462.6> 
<DWph=1> <it=  2> <et=903.68> <Mt= 0.00> <Spt= 0.03> <nCl=  0> <DB= 6292.7931> <Mlp= 6292.7931> <PB=4462.6> 
<DWph=0> <it=  7> <et=903.95> <Mt= 0.01> <Spt= 0.26> <nCl=573> <DB= 4464.4000> <Mlp= 4464.4000> <PB=4462.6> 
ColGenEvalAlg final dual bound: 4464.4 (rounded: 4464.4)
Gap improvement since the last cut separation : 1.79245 (4460.33)
**** SB phase 3 evaluation of candidate 1, branch 2 ( x[(4, 30)]_0_393_0_OspV >= 1 ), value = 4460.24
<DWph=2> <it=  4> <et=904.98> <Mt= 0.43> <Spt= 0.24> <nCl=117> <DB= 4105.4885> <Mlp= 4460.2375> <PB=4462.6> 
<DWph=1> <it= 10> <et=905.37> <Mt= 0.04> <Spt= 0.34> <nCl=107> <DB= 4427.2484> <Mlp= 4460.2375> <PB=4462.6> 
<DWph=1> <it= 11> <et=905.52> <Mt= 0.01> <Spt= 0.14> <nCl=  6> <DB= 4460.2375> <Mlp= 4460.2375> <PB=4462.6> 
<DWph=0> <it= 16> <et=906.01> <Mt= 0.05> <Spt= 0.44> <nCl=283> <DB= 4459.5476> <Mlp= 4459.5476> <PB=4462.6> 
Reduced cost fixing for graph G_0...  TT = 0.028093, pt = 0.005221, dt = 0.021999, ct = 0, ndl = 4791', bdl = 67731', odl = 1861', odf = 14540', lpcb = 158590', cnt = 8252', bdch = 188002', odch = 19535', lcp = 18883'
took 0.02 sec., 4083 buck. arcs remain (6.06% from prev., 1.33% from max.)
Run enumeration... took 0.22 sec. and succeeded! 
<DWph=2> <it= 17> <et=907.07> <Mt= 0.11> <Spt= 0.04> <nCl=  0> <DB= 4459.7706> <Mlp= 4459.7706> <PB=4462.6> 
<DWph=1> <it= 18> <et=907.11> <Mt= 0.00> <Spt= 0.04> <nCl=  0> <DB= 4459.7706> <Mlp= 4459.7706> <PB=4462.6> 
<DWph=0> <it= 20> <et=907.23> <Mt= 0.00> <Spt= 0.11> <nCl=216> <DB= 4431.1738> <Mlp= 4459.7706> <PB=4462.6> 
<DWph=0> <it= 25> <et=907.57> <Mt= 0.02> <Spt= 0.32> <nCl=457> <DB= 4459.7375> <Mlp= 4459.7375> <PB=4462.6> 
Reduced cost fixing for graph G_0...  took 0.03 sec., done by inspection with 98463 solutions, remains 42027 (42.7%)
ColGenEvalAlg final dual bound: 4459.74 (rounded: 4459.74)
----- Add fac. cuts : CAP(3) R1C(150), max.viol = 0.208333, aver.viol = 0.0566449, sep/add took 0.0140438/0.195399 sec. -----
39052 columns (2498 active), 924 dyn. constrs. (195 active), 1339 art. vars. (437 active)
<DWph=2> <it=  1> <et=908.02> <Mt= 0.01> <Spt= 0.04> <nCl=  0> <DB= 4460.0373> <Mlp= 4460.0373> <PB=4462.6> 
<DWph=1> <it=  2> <et=908.06> <Mt= 0.00> <Spt= 0.04> <nCl=  0> <DB= 4460.0373> <Mlp= 4460.0373> <PB=4462.6> 
<DWph=0> <it=  7> <et=908.32> <Mt= 0.02> <Spt= 0.24> <nCl=438> <DB= 4460.0062> <Mlp= 4460.0062> <PB=4462.6> 
Reduced cost fixing for graph G_0...  took 0.02 sec., done by inspection with 42027 solutions, remains 25267 (60.1%)
ColGenEvalAlg final dual bound: 4460.01 (rounded: 4460.01)
Gap improvement since the last cut separation : 0.0938574 (4459.74)
----- Add fac. cuts : R1C(150), max.viol = 0.055, aver.viol = 0.0331222, sep/add took 0.0165324/0.125248 sec. -----
39490 columns (2669 active), 1074 dyn. constrs. (199 active), 1489 art. vars. (441 active)
<DWph=2> <it=  1> <et=908.61> <Mt= 0.01> <Spt= 0.04> <nCl=  0> <DB= 4460.2623> <Mlp= 4460.2623> <PB=4462.6> 
<DWph=1> <it=  2> <et=908.65> <Mt= 0.00> <Spt= 0.03> <nCl=  0> <DB= 4460.2623> <Mlp= 4460.2623> <PB=4462.6> 
<DWph=0> <it=  7> <et=908.93> <Mt= 0.02> <Spt= 0.26> <nCl=526> <DB= 4460.2048> <Mlp= 4460.2048> <PB=4462.6> 
Reduced cost fixing for graph G_0...  took 0.01 sec., done by inspection with 25267 solutions, remains 21519 (85.2%)
ColGenEvalAlg final dual bound: 4460.2 (rounded: 4460.2)
Gap improvement since the last cut separation : 0.0765633 (4460.01)
----- Add fac. cuts : R1C(242), max.viol = 0.0993976, aver.viol = 0.0634285, sep/add took 0.388506/0.253137 sec. -----
39737 columns (2802 active), 1171 dyn. constrs. (300 active), 1731 art. vars. (542 active)
<DWph=2> <it=  1> <et=909.73> <Mt= 0.00> <Spt= 0.04> <nCl=  0> <DB= 4460.4259> <Mlp= 4460.4259> <PB=4462.6> 
<DWph=1> <it=  2> <et=909.76> <Mt= 0.01> <Spt= 0.04> <nCl=  0> <DB= 4460.4259> <Mlp= 4460.4259> <PB=4462.6> 
<DWph=0> <it=  5> <et=909.96> <Mt= 0.01> <Spt= 0.18> <nCl=308> <DB= 4460.3889> <Mlp= 4460.3889> <PB=4462.6> 
Reduced cost fixing for graph G_0...  took 0 sec., done by inspection with 21519 solutions, remains 14523 (67.5%)
ColGenEvalAlg final dual bound: 4460.39 (rounded: 4460.39)
Gap improvement since the last cut separation : 0.0768732 (4460.2)
----- Add fac. cuts : CAP(1) R1C(347), max.viol = 0.0666667, aver.viol = 0.0339719, sep/add took 0.296651/0.353518 sec. -----
39664 columns (2650 active), 1383 dyn. constrs. (406 active), 2079 art. vars. (648 active)
<DWph=2> <it=  1> <et=910.78> <Mt= 0.01> <Spt= 0.04> <nCl=  0> <DB= 4460.5182> <Mlp= 4460.5182> <PB=4462.6> 
<DWph=1> <it=  2> <et=910.82> <Mt= 0.00> <Spt= 0.04> <nCl=  0> <DB= 4460.5182> <Mlp= 4460.5182> <PB=4462.6> 
<DWph=0> <it=  4> <et=910.96> <Mt= 0.01> <Spt= 0.13> <nCl=224> <DB= 4460.5182> <Mlp= 4460.5182> <PB=4462.6> 
Reduced cost fixing for graph G_0...  took 0 sec., done by inspection with 14523 solutions, remains 13811 (95.1%)
ColGenEvalAlg final dual bound: 4460.52 (rounded: 4460.52)
Gap improvement since the last cut separation : 0.0584742 (4460.39)
----- Add fac. cuts : R1C(28), max.viol = 0.0606061, aver.viol = 0.0524892, sep/add took 0.670012/0.0312098 sec. -----
39428 columns (2673 active), 1171 dyn. constrs. (91 active), 2107 art. vars. (333 active)
<DWph=2> <it=  1> <et=911.84> <Mt= 0.01> <Spt= 0.04> <nCl=  0> <DB= 4460.7143> <Mlp= 4460.7143> <PB=4462.6> 
<DWph=1> <it=  2> <et=911.87> <Mt= 0.00> <Spt= 0.03> <nCl=  0> <DB= 4460.7143> <Mlp= 4460.7143> <PB=4462.6> 
<DWph=0> <it=  5> <et=912.01> <Mt= 0.00> <Spt= 0.13> <nCl=219> <DB= 4460.7143> <Mlp= 4460.7143> <PB=4462.6> 
Reduced cost fixing for graph G_0...  took 0 sec., done by inspection with 13811 solutions, remains 11051 (80%)
ColGenEvalAlg final dual bound: 4460.71 (rounded: 4460.71)
Gap improvement since the last cut separation : 0.0941984 (4460.52)
----- Add fac. cuts : R1C(411), max.viol = 0.142857, aver.viol = 0.0716024, sep/add took 0.599426/0.425291 sec. -----
39430 columns (2531 active), 1242 dyn. constrs. (465 active), 2518 art. vars. (707 active)
<DWph=2> <it=  1> <et=913.21> <Mt= 0.01> <Spt= 0.04> <nCl=  0> <DB= 4460.7179> <Mlp= 4460.7179> <PB=4462.6> 
<DWph=1> <it=  2> <et=913.24> <Mt= 0.00> <Spt= 0.03> <nCl=  0> <DB= 4460.7179> <Mlp= 4460.7179> <PB=4462.6> 
<DWph=0> <it=  3> <et=913.31> <Mt= 0.01> <Spt= 0.06> <nCl= 38> <DB= 4460.7179> <Mlp= 4460.7179> <PB=4462.6> 
Reduced cost fixing for graph G_0...  took 0 sec., done by inspection with 11051 solutions, remains 11039 (99.9%)
ColGenEvalAlg final dual bound: 4460.72 (rounded: 4460.72)
Gap improvement since the last cut separation : 0.00189394 (4460.71)
----- Add fac. cuts : R1C(379), max.viol = 0.0714286, aver.viol = 0.0360912, sep/add took 0.762383/0.360084 sec. -----
39468 columns (2569 active), 1586 dyn. constrs. (432 active), 2897 art. vars. (674 active)
<DWph=2> <it=  1> <et=914.54> <Mt= 0.00> <Spt= 0.04> <nCl=  0> <DB= 4460.7500> <Mlp= 4460.7500> <PB=4462.6> 
<DWph=1> <it=  2> <et=914.58> <Mt= 0.00> <Spt= 0.04> <nCl=  0> <DB= 4460.7500> <Mlp= 4460.7500> <PB=4462.6> 
<DWph=0> <it=  3> <et=914.64> <Mt= 0.01> <Spt= 0.06> <nCl= 54> <DB= 4460.7500> <Mlp= 4460.7500> <PB=4462.6> 
Reduced cost fixing for graph G_0...  took 0 sec., done by inspection with 11039 solutions, remains 11015 (99.8%)
ColGenEvalAlg final dual bound: 4460.75 (rounded: 4460.75)
Gap improvement since the last cut separation : 0.0170778 (4460.72)
----- Add fac. cuts : CAP(2) R1C(66), max.viol = 0.166667, aver.viol = 0.166667, sep/add took 0.567235/0.115816 sec. -----
39522 columns (2623 active), 1243 dyn. constrs. (124 active), 2965 art. vars. (366 active)
<DWph=2> <it=  1> <et=915.48> <Mt= 0.00> <Spt= 0.04> <nCl=  0> <DB= 4460.8077> <Mlp= 4460.8077> <PB=4462.6> 
<DWph=1> <it=  2> <et=915.51> <Mt= 0.00> <Spt= 0.03> <nCl=  0> <DB= 4460.8077> <Mlp= 4460.8077> <PB=4462.6> 
<DWph=0> <it=  3> <et=915.57> <Mt= 0.00> <Spt= 0.06> <nCl= 49> <DB= 4460.8077> <Mlp= 4460.8077> <PB=4462.6> 
Reduced cost fixing for graph G_0...  took 0 sec., done by inspection with 11015 solutions, remains 10451 (94.9%)
ColGenEvalAlg final dual bound: 4460.81 (rounded: 4460.81)
Gap improvement since the last cut separation : 0.031185 (4460.75)
----- Add fac. cuts : R1C(274), max.viol = 0.115385, aver.viol = 0.0512353, sep/add took 0.651568/0.27042 sec. -----
39226 columns (2628 active), 1141 dyn. constrs. (327 active), 3239 art. vars. (569 active)
<DWph=2> <it=  1> <et=916.65> <Mt= 0.01> <Spt= 0.04> <nCl=  0> <DB= 4460.8143> <Mlp= 4460.8143> <PB=4462.6> 
<DWph=1> <it=  2> <et=916.68> <Mt= 0.00> <Spt= 0.04> <nCl=  0> <DB= 4460.8143> <Mlp= 4460.8143> <PB=4462.6> 
<DWph=0> <it=  3> <et=916.74> <Mt= 0.00> <Spt= 0.05> <nCl= 16> <DB= 4460.8143> <Mlp= 4460.8143> <PB=4462.6> 
Reduced cost fixing for graph G_0...  took 0 sec., done by inspection with 10451 solutions, remains 10451 (100%)
ColGenEvalAlg final dual bound: 4460.81 (rounded: 4460.81)
Gap improvement since the last cut separation : 0.00367873 (4460.81)
----- Add fac. cuts : R1C(426), max.viol = 0.142857, aver.viol = 0.07277, sep/add took 0.625966/0.416825 sec. -----
39242 columns (2644 active), 1496 dyn. constrs. (480 active), 3665 art. vars. (722 active)
<DWph=2> <it=  1> <et=917.91> <Mt= 0.01> <Spt= 0.04> <nCl=  0> <DB= 4460.8143> <Mlp= 4460.8143> <PB=4462.6> 
<DWph=1> <it=  2> <et=917.95> <Mt= 0.00> <Spt= 0.04> <nCl=  0> <DB= 4460.8143> <Mlp= 4460.8143> <PB=4462.6> 
<DWph=0> <it=  3> <et=917.95> <Mt= 0.00> <Spt= 0.00> <nCl=  0> <DB= 4460.8143> <Mlp= 4460.8143> <PB=4462.6> 
<DWph=0> <it=  3> <et=917.95> <Mt= 0.00> <Spt= 0.00> <nCl=  0> <DB= 4460.8143> <Mlp= 4460.8143> <PB=4462.6> 
ColGenEvalAlg final dual bound: 4460.81 (rounded: 4460.81)
Gap improvement since the last cut separation : -3.28662e-09 (4460.81)
----- Cut generation is stopped due to tailing off -----
SB exact phase 3 branch on var x[(4, 30)]_0_393_0_OspV (lhs=0.475249) : [4464.4, 4460.8143], tree depth = 1.198, tree size = 2.589, score = -0.2086
************************************************************************************************
**** BaB tree node (N° 83, parent N° 16, depth 9)
**** Local DB = 4460.81, global bounds : [ 4445.12 , 4462.6 ], TIME = 0h15m18s3t = 91803
**** 9 open nodes, ETS : 83, 39198 columns (2644 active), 1223 dyn. constrs. (480 active), 1465 art. vars. (722 active)
************************************************************************************************
**** Strong branching phase 3 is started *****
**** SB phase 3 evaluation of candidate 1, branch 1 ( x[(103, 116)]_0_12458_0_OspV >= 1 ), value = 1e+12
<DWph=2> <it=  1> <et=918.13> <Mt= 0.02> <Spt= 0.04> <nCl=  0> <DB= 4465.2000> <Mlp= 4465.2000> <PB=4462.6> 
<DWph=1> <it=  2> <et=918.16> <Mt= 0.00> <Spt= 0.03> <nCl=  0> <DB= 4465.2000> <Mlp= 4465.2000> <PB=4462.6> 
<DWph=0> <it=  3> <et=918.23> <Mt= 0.00> <Spt= 0.06> <nCl= 42> <DB= 4465.2000> <Mlp= 4465.2000> <PB=4462.6> 
ColGenEvalAlg final dual bound: 4465.2 (rounded: 4465.2)
**** SB phase 3 evaluation of candidate 1, branch 2 ( x[(103, 116)]_0_12458_0_OspV <= 0 ), value = 1e+12
<DWph=2> <it=  1> <et=918.46> <Mt= 0.04> <Spt= 0.04> <nCl=  0> <DB= 7424.0778> <Mlp= 7424.0778> <PB=4462.6> 
<DWph=1> <it=  2> <et=918.50> <Mt= 0.00> <Spt= 0.04> <nCl=  0> <DB= 7424.0778> <Mlp= 7424.0778> <PB=4462.6> 
<DWph=0> <it=  3> <et=918.58> <Mt= 0.00> <Spt= 0.07> <nCl=138> <DB= 7418.5778> <Mlp= 7424.0778> <PB=4462.6> 
ColGenEvalAlg final dual bound: 7418.58 (rounded: 7418.58)
 SB phase 3 candidate 1 is conquered !
************************************************************************************************
**** BaB tree node (N° 14, parent N° 13, depth 7)
**** Local DB = 4450.54, global bounds : [ 4445.12 , 4462.6 ], TIME = 0h15m18s65t = 91865
**** 7 open nodes, ETS : 85, 36603 columns (2782 active), 1198 dyn. constrs. (481 active), 1440 art. vars. (723 active)
************************************************************************************************
**** Strong branching phase 1 is started *****
SB phase 1 cand.  1 branch on var x[(118, 49)]_0_14207_0_OspV (lhs=0.8039): [ 4450.9500,  4459.1431], score = 3.57 (h)  <et=919.1>
SB phase 1 cand.  2 branch on var x[(4, 116)]_0_479_0_OspV (lhs=0.5686)   : [ 4451.0000,  4451.2400], score = 0.33      <et=919.19>
SB phase 1 cand.  3 branch on var x[(30, 4)]_0_3514_0_OspV (lhs=0.6078)   : [ 4451.0000,  4451.2400], score = 0.33 (h)  <et=919.28>
SB phase 1 cand.  4 branch on var x[(16, 51)]_0_1866_0_OspV (lhs=0.4118)  : [ 4451.1595,  4451.8544], score = 0.82      <et=919.38>
SB phase 1 cand.  5 branch on var x[(24, 71)]_0_2854_0_OspV (lhs=0.8039)  : [ 4451.0000,  4454.3125], score = 1.76 (h)  <et=919.51>
SB phase 1 cand.  6 branch on var x[(39, 81)]_0_4679_0_OspV (lhs=0.4118)  : [ 4451.2061,  4465.7000], score = 8.09      <et=919.63>
SB phase 1 cand.  7 branch on var x[(103, 81)]_0_12424_0_OspV (lhs=0.3922): [ 4451.0000,  4457.4167], score = 3.20 (h)  <et=919.76>
SB phase 1 cand. 10 branch on var x[(103, 4)]_0_12347_0_OspV (lhs=0.3922) : [ 4451.2400,  4455.2000], score = 3.29      <et=920.12>
SB phase 1 cand. 20 branch on var x[(30, 116)]_0_3625_0_OspV (lhs=0.3922) : [ 4451.2400,  4455.2000], score = 3.29      <et=920.78>
**** Strong branching phase 2 is started *****
<DWph=1> <it= 22> <et=925.19> <Mt= 0.37> <Spt= 1.40> <nCl=316> <DB= 4457.2000> <Mlp= 4457.2000> <PB=4462.6> 
<DWph=1> <it=  9> <et=926.29> <Mt= 0.04> <Spt= 0.72> <nCl= 28> <DB= 4451.2046> <Mlp= 4451.2046> <PB=4462.6> 
SB phase 2 cand.  1 branch on var x[(39, 81)]_0_4679_0_OspV (lhs=0.4118)  : [ 4451.2046,  4457.2000], score = 4.46      <et=926.33>
<DWph=1> <it= 13> <et=927.34> <Mt= 0.06> <Spt= 0.84> <nCl=118> <DB= 4458.7647> <Mlp= 4458.7647> <PB=4462.6> 
<DWph=1> <it= 15> <et=928.60> <Mt= 0.09> <Spt= 1.00> <nCl=115> <DB= 4450.8667> <Mlp= 4450.8667> <PB=4462.6> 
SB phase 2 cand.  2 branch on var x[(118, 49)]_0_14207_0_OspV (lhs=0.8039): [ 4450.8667,  4458.7647], score = 2.73 (h)  <et=928.65>
<DWph=1> <it= 40> <et=931.63> <Mt= 0.45> <Spt= 2.41> <nCl=368> <DB= 4454.8643> <Mlp= 4454.8643> <PB=4462.6> 
<DWph=1> <it=  5> <et=932.23> <Mt= 0.03> <Spt= 0.42> <nCl= 36> <DB= 4451.2400> <Mlp= 4451.2400> <PB=4462.6> 
SB phase 2 cand.  3 branch on var x[(30, 116)]_0_3625_0_OspV (lhs=0.3922) : [ 4451.2400,  4454.8643], score = 3.05      <et=932.27>
**** Strong branching phase 3 is started *****
**** SB phase 3 evaluation of candidate 1, branch 1 ( x[(39, 81)]_0_4679_0_OspV >= 1 ), value = 4457.2
<DWph=2> <it=  4> <et=932.76> <Mt= 0.01> <Spt= 0.32> <nCl= 19> <DB= 4457.2000> <Mlp= 4457.2000> <PB=4462.6> 
<DWph=1> <it=  5> <et=932.86> <Mt= 0.01> <Spt= 0.10> <nCl=  0> <DB= 4457.2000> <Mlp= 4457.2000> <PB=4462.6> 
----- Add core cuts : CAP(15), max.viol = 1, aver.viol = 1, sep/add took 0.0122251/0.33535 sec. -----
<DWph=0> <it= 10> <et=933.67> <Mt= 0.09> <Spt= 0.36> <nCl=501> <DB= 4385.4213> <Mlp= 4459.0609> <PB=4462.6> 
<DWph=0> <it= 20> <et=934.54> <Mt= 0.12> <Spt= 0.76> <nCl=582> <DB= 4453.3054> <Mlp= 4457.9432> <PB=4462.6> 
<DWph=0> <it= 23> <et=934.83> <Mt= 0.02> <Spt= 0.27> <nCl=242> <DB= 4457.9211> <Mlp= 4457.9211> <PB=4462.6> 
Reduced cost fixing for graph G_0...  TT = 0.033696, pt = 0.005689, dt = 0.027076, ct = 0, ndl = 4835', bdl = 65362', odl = 1995', odf = 14320', lpcb = 164091', cnt = 8646', bdch = 187870', odch = 22173', lcp = 18486'
took 0.03 sec., 4668 buck. arcs remain (6.93% from prev., 1.52% from max.)
Run enumeration... took 0.44 sec. and succeeded! 
<DWph=2> <it= 24> <et=936.39> <Mt= 0.22> <Spt= 0.04> <nCl=  0> <DB= 4458.0500> <Mlp= 4458.0500> <PB=4462.6> 
<DWph=1> <it= 25> <et=936.43> <Mt= 0.00> <Spt= 0.04> <nCl=  0> <DB= 4458.0500> <Mlp= 4458.0500> <PB=4462.6> 
<DWph=0> <it= 29> <et=936.80> <Mt= 0.02> <Spt= 0.35> <nCl=472> <DB= 4457.9211> <Mlp= 4457.9211> <PB=4462.6> 
<DWph=0> <it= 29> <et=936.80> <Mt= 0.00> <Spt= 0.00> <nCl=  0> <DB= 4457.9211> <Mlp= 4457.9211> <PB=4462.6> 
ColGenEvalAlg final dual bound: 4457.92 (rounded: 4457.92)
----- Add fac. cuts : CAP(14) R1C(150), max.viol = 0.315789, aver.viol = 0.0856868, sep/add took 0.0216207/0.638107 sec. -----
39550 columns (5701 active), 919 dyn. constrs. (241 active), 1161 art. vars. (483 active)
<DWph=2> <it=  1> <et=937.62> <Mt= 0.04> <Spt= 0.05> <nCl=  0> <DB= 4458.6200> <Mlp= 4458.6200> <PB=4462.6> 
<DWph=1> <it=  2> <et=937.66> <Mt= 0.00> <Spt= 0.04> <nCl=  0> <DB= 4458.6200> <Mlp= 4458.6200> <PB=4462.6> 
<DWph=0> <it=  9> <et=938.67> <Mt= 0.21> <Spt= 0.79> <nCl=827> <DB= 4458.6200> <Mlp= 4458.6200> <PB=4462.6> 
Reduced cost fixing for graph G_0...  took 0.06 sec., done by inspection with 243283 solutions, remains 73095 (30%)
ColGenEvalAlg final dual bound: 4458.62 (rounded: 4458.62)
Gap improvement since the last cut separation : 0.149381 (4457.92)
----- Add fac. cuts : CAP(4) R1C(173), max.viol = 0.2, aver.viol = 0.2, sep/add took 0.479871/0.346004 sec. -----
40377 columns (3607 active), 1092 dyn. constrs. (233 active), 1338 art. vars. (475 active)
<DWph=2> <it=  1> <et=939.82> <Mt= 0.01> <Spt= 0.05> <nCl=  0> <DB= 4458.6500> <Mlp= 4458.6500> <PB=4462.6> 
<DWph=1> <it=  2> <et=939.87> <Mt= 0.00> <Spt= 0.04> <nCl=  0> <DB= 4458.6500> <Mlp= 4458.6500> <PB=4462.6> 
<DWph=0> <it=  3> <et=939.97> <Mt= 0.00> <Spt= 0.11> <nCl= 93> <DB= 4458.6500> <Mlp= 4458.6500> <PB=4462.6> 
Reduced cost fixing for graph G_0...  took 0.02 sec., done by inspection with 73095 solutions, remains 72759 (99.5%)
ColGenEvalAlg final dual bound: 4458.65 (rounded: 4458.65)
Gap improvement since the last cut separation : 0.00753769 (4458.62)
----- Add fac. cuts : sep. took 0.4676 sec.----- no cuts found  -----
**** SB phase 3 evaluation of candidate 1, branch 2 ( x[(39, 81)]_0_4679_0_OspV <= 0 ), value = 4451.2
<DWph=2> <it= 10> <et=941.80> <Mt= 0.23> <Spt= 0.49> <nCl=282> <DB= 4309.0987> <Mlp= 4451.2046> <PB=4462.6> 
<DWph=2> <it= 13> <et=942.00> <Mt= 0.01> <Spt= 0.18> <nCl= 18> <DB= 4426.1631> <Mlp= 4451.2046> <PB=4462.6> 
<DWph=1> <it= 20> <et=942.55> <Mt= 0.03> <Spt= 0.52> <nCl=144> <DB= 4393.0728> <Mlp= 4451.2046> <PB=4462.6> 
<DWph=1> <it= 23> <et=942.86> <Mt= 0.01> <Spt= 0.30> <nCl= 19> <DB= 4451.2046> <Mlp= 4451.2046> <PB=4462.6> 
<DWph=0> <it= 26> <et=943.21> <Mt= 0.01> <Spt= 0.33> <nCl=221> <DB= 4451.2030> <Mlp= 4451.2030> <PB=4462.6> 
Reduced cost fixing for graph G_0...  TT = 0.037331, pt = 0.00682, dt = 0.029373, ct = 0, ndl = 5617', bdl = 83004', odl = 2905', odf = 21447', lpcb = 173823', cnt = 15977', bdch = 259828', odch = 30648', lcp = 26308'
took 0.03 sec., 7354 buck. arcs remain (10.9% from prev., 2.4% from max.)
Run enumeration... took 2 sec. and not succeeded.
ColGenEvalAlg final dual bound: 4451.2 (rounded: 4451.2)
----- Add fac. cuts : CAP(3) R1C(151), max.viol = 0.332569, aver.viol = 0.0905554, sep/add took 0.0293698/0.485687 sec. -----
38215 columns (7427 active), 909 dyn. constrs. (207 active), 1151 art. vars. (449 active)
<DWph=2> <it=  1> <et=946.32> <Mt= 0.07> <Spt= 0.06> <nCl=  8> <DB= 4451.4021> <Mlp= 4451.4021> <PB=4462.6> 
<DWph=1> <it=  4> <et=946.44> <Mt= 0.02> <Spt= 0.10> <nCl= 11> <DB= 4451.4021> <Mlp= 4451.4021> <PB=4462.6> 
<DWph=0> <it=  5> <et=946.51> <Mt= 0.00> <Spt= 0.08> <nCl= 31> <DB= 4451.4021> <Mlp= 4451.4021> <PB=4462.6> 
ColGenEvalAlg final dual bound: 4451.4 (rounded: 4451.4)
Gap improvement since the last cut separation : 0.0174735 (4451.2)
----- Add fac. cuts : R1C(154), max.viol = 0.156028, aver.viol = 0.0641061, sep/add took 0.0341518/0.463795 sec. -----
38265 columns (7477 active), 1063 dyn. constrs. (221 active), 1305 art. vars. (463 active)
<DWph=2> <it=  1> <et=947.14> <Mt= 0.04> <Spt= 0.05> <nCl=  8> <DB= 4451.4279> <Mlp= 4451.4279> <PB=4462.6> 
<DWph=1> <it=  2> <et=947.19> <Mt= 0.00> <Spt= 0.05> <nCl=  0> <DB= 4451.4279> <Mlp= 4451.4279> <PB=4462.6> 
<DWph=0> <it=  4> <et=947.31> <Mt= 0.01> <Spt= 0.11> <nCl= 38> <DB= 4451.4279> <Mlp= 4451.4279> <PB=4462.6> 
ColGenEvalAlg final dual bound: 4451.43 (rounded: 4451.43)
Gap improvement since the last cut separation : 0.00230431 (4451.4)
----- Add fac. cuts : R1C(292), max.viol = 0.124138, aver.viol = 0.0866911, sep/add took 0.431053/0.871238 sec. -----
38311 columns (7523 active), 1218 dyn. constrs. (362 active), 1597 art. vars. (604 active)
<DWph=2> <it=  1> <et=948.77> <Mt= 0.04> <Spt= 0.05> <nCl=  2> <DB= 4451.4933> <Mlp= 4451.4933> <PB=4462.6> 
<DWph=1> <it=  2> <et=948.83> <Mt= 0.01> <Spt= 0.05> <nCl=  1> <DB= 4451.4933> <Mlp= 4451.4933> <PB=4462.6> 
<DWph=0> <it=  6> <et=949.10> <Mt= 0.04> <Spt= 0.22> <nCl=109> <DB= 4451.4933> <Mlp= 4451.4933> <PB=4462.6> 
ColGenEvalAlg final dual bound: 4451.49 (rounded: 4451.49)
Gap improvement since the last cut separation : 0.00585409 (4451.43)
----- Add fac. cuts : R1C(398), max.viol = 0.266667, aver.viol = 0.117085, sep/add took 0.458947/1.14733 sec. -----
38423 columns (7635 active), 1465 dyn. constrs. (466 active), 1995 art. vars. (708 active)
<DWph=2> <it=  9> <et=951.20> <Mt= 0.08> <Spt= 0.35> <nCl= 11> <DB= 4451.4995> <Mlp= 4451.4995> <PB=4462.6> 
<DWph=1> <it= 10> <et=951.26> <Mt= 0.01> <Spt= 0.05> <nCl=  0> <DB= 4451.4995> <Mlp= 4451.4995> <PB=4462.6> 
<DWph=0> <it= 11> <et=951.33> <Mt= 0.00> <Spt= 0.07> <nCl=  5> <DB= 4451.4995> <Mlp= 4451.4995> <PB=4462.6> 
ColGenEvalAlg final dual bound: 4451.5 (rounded: 4451.5)
Gap improvement since the last cut separation : 0.000558374 (4451.49)
----- Add fac. cuts : CAP(1) R1C(553), max.viol = 0.140591, aver.viol = 0.0485493, sep/add took 1.24689/1.65837 sec. -----
38439 columns (7651 active), 1726 dyn. constrs. (625 active), 2549 art. vars. (867 active)
<DWph=2> <it=  1> <et=954.40> <Mt= 0.01> <Spt= 0.05> <nCl=  0> <DB= 4451.5125> <Mlp= 4451.5125> <PB=4462.6> 
<DWph=1> <it=  2> <et=954.45> <Mt= 0.00> <Spt= 0.05> <nCl=  0> <DB= 4451.5125> <Mlp= 4451.5125> <PB=4462.6> 
<DWph=0> <it=  3> <et=954.53> <Mt= 0.01> <Spt= 0.07> <nCl= 15> <DB= 4451.5125> <Mlp= 4451.5125> <PB=4462.6> 
ColGenEvalAlg final dual bound: 4451.51 (rounded: 4451.51)
Gap improvement since the last cut separation : 0.00116797 (4451.5)
----- Add fac. cuts : CAP(1) R1C(132), max.viol = 0.25, aver.viol = 0.237782, sep/add took 0.575618/0.430202 sec. -----
38454 columns (7666 active), 1464 dyn. constrs. (207 active), 2682 art. vars. (449 active)
<DWph=2> <it=  4> <et=955.82> <Mt= 0.04> <Spt= 0.16> <nCl=  6> <DB= 4451.5415> <Mlp= 4451.5415> <PB=4462.6> 
<DWph=1> <it=  5> <et=955.91> <Mt= 0.00> <Spt= 0.07> <nCl=  7> <DB= 4451.5415> <Mlp= 4451.5415> <PB=4462.6> 
<DWph=0> <it=  6> <et=955.98> <Mt= 0.01> <Spt= 0.08> <nCl= 31> <DB= 4451.5415> <Mlp= 4451.5415> <PB=4462.6> 
ColGenEvalAlg final dual bound: 4451.54 (rounded: 4451.54)
Gap improvement since the last cut separation : 0.00261903 (4451.51)
----- Add fac. cuts : CAP(1) R1C(550), max.viol = 0.138462, aver.viol = 0.054251, sep/add took 0.964231/1.71347 sec. -----
38498 columns (7710 active), 1465 dyn. constrs. (621 active), 3233 art. vars. (863 active)
<DWph=2> <it=  1> <et=958.92> <Mt= 0.07> <Spt= 0.05> <nCl=  0> <DB= 4451.5700> <Mlp= 4451.5700> <PB=4462.6> 
<DWph=1> <it=  2> <et=958.97> <Mt= 0.01> <Spt= 0.06> <nCl=  0> <DB= 4451.5700> <Mlp= 4451.5700> <PB=4462.6> 
<DWph=0> <it= 10> <et=960.79> <Mt= 0.96> <Spt= 0.84> <nCl=608> <DB= 4451.5670> <Mlp= 4451.5670> <PB=4462.6> 
ColGenEvalAlg final dual bound: 4451.57 (rounded: 4451.57)
Gap improvement since the last cut separation : 0.00230555 (4451.54)
----- Cut generation is stopped due to tailing off -----
SB exact phase 3 branch on var x[(39, 81)]_0_4679_0_OspV (lhs=0.411765) : [4458.65, 4451.567], tree depth = 3.56, tree size = 21.58, score = -0.295
************************************************************************************************
**** BaB tree node (N° 87, parent N° 14, depth 8)
**** Local DB = 4451.57, global bounds : [ 4445.12 , 4462.6 ], TIME = 0h16m0s99t = 96099
**** 8 open nodes, ETS : 87, 39106 columns (8318 active), 786 dyn. constrs. (75 active), 1028 art. vars. (317 active)
************************************************************************************************
**** Strong branching phase 2 is started *****
----- Add core cuts : CAP(7), max.viol = 1, aver.viol = 1, sep/add took 0.00819154/0.187932 sec. -----
<DWph=1> <it=  3> <et=961.42> <Mt= 0.06> <Spt= 0.14> <nCl= 14> <DB= 4451.8900> <Mlp= 4451.8900> <PB=4462.6> 
<DWph=1> <it= 18> <et=962.49> <Mt= 0.35> <Spt= 0.64> <nCl=148> <DB= 4459.5308> <Mlp= 4459.5308> <PB=4462.6> 
SB phase 2 cand.  1 branch on var x[(118, 49)]_0_14207_0_OspV (lhs=0.7917) : [ 4451.8900,  4459.5308], score = 2.57 (h)  <et=962.52>
<DWph=2> <it=  1> <et=962.57> <Mt= 0.01> <Spt= 0.00> <nCl=  0> <DB= 4451.5670> <Mlp= 4451.5670> <PB=4462.6> 
<DWph=1> <it=  2> <et=962.57> <Mt= 0.00> <Spt= 0.00> <nCl=  0> <DB= 4451.5670> <Mlp= 4451.5670> <PB=4462.6> 
<DWph=1> <it=  2> <et=962.57> <Mt= 0.00> <Spt= 0.00> <nCl=  0> <DB= 4451.5670> <Mlp= 4451.5670> <PB=4462.6> 
<DWph=2> <it=  3> <et=962.80> <Mt= 0.12> <Spt= 0.05> <nCl= 25> <DB= 4449.4671> <Mlp= 4451.5670> <PB=4462.6> 
<DWph=1> <it=  4> <et=962.81> <Mt= 0.00> <Spt= 0.00> <nCl=  0> <DB= 4451.5670> <Mlp= 4451.5670> <PB=4462.6> 
<DWph=1> <it=  4> <et=962.81> <Mt= 0.00> <Spt= 0.00> <nCl=  0> <DB= 4451.5670> <Mlp= 4451.5670> <PB=4462.6> 
SB phase 2 cand.  2 branch on var x[(0, 118)]_0_14157_0_OspV (lhs=0.4743)  : [ 4451.5670,  4451.5670], score = 0.00      <et=962.84>
<DWph=2> <it=  3> <et=963.06> <Mt= 0.14> <Spt= 0.06> <nCl= 26> <DB= 4449.4671> <Mlp= 4451.5670> <PB=4462.6> 
<DWph=1> <it=  4> <et=963.07> <Mt= 0.00> <Spt= 0.00> <nCl=  0> <DB= 4451.5670> <Mlp= 4451.5670> <PB=4462.6> 
<DWph=1> <it=  4> <et=963.07> <Mt= 0.00> <Spt= 0.00> <nCl=  0> <DB= 4451.5670> <Mlp= 4451.5670> <PB=4462.6> 
<DWph=2> <it=  1> <et=963.14> <Mt= 0.01> <Spt= 0.00> <nCl=  0> <DB= 4451.5670> <Mlp= 4451.5670> <PB=4462.6> 
<DWph=1> <it=  2> <et=963.14> <Mt= 0.00> <Spt= 0.00> <nCl=  0> <DB= 4451.5670> <Mlp= 4451.5670> <PB=4462.6> 
<DWph=1> <it=  2> <et=963.14> <Mt= 0.00> <Spt= 0.00> <nCl=  0> <DB= 4451.5670> <Mlp= 4451.5670> <PB=4462.6> 
SB phase 2 cand.  3 branch on var x[(104, 118)]_0_12581_0_OspV (lhs=0.5257): [ 4451.5670,  4451.5670], score = 0.00      <et=963.17>
**** Strong branching phase 3 is started *****
**** SB phase 3 evaluation of candidate 1, branch 1 ( x[(118, 49)]_0_14207_0_OspV <= 0 ), value = 4459.53
<DWph=2> <it=  1> <et=963.27> <Mt= 0.00> <Spt= 0.04> <nCl=  1> <DB= 4459.5308> <Mlp= 4459.5308> <PB=4462.6> 
<DWph=1> <it=  2> <et=963.33> <Mt= 0.01> <Spt= 0.05> <nCl=  0> <DB= 4459.5308> <Mlp= 4459.5308> <PB=4462.6> 
<DWph=0> <it=  7> <et=963.69> <Mt= 0.14> <Spt= 0.22> <nCl=383> <DB= 4457.5433> <Mlp= 4457.5433> <PB=4462.6> 
Reduced cost fixing for graph G_0...  TT = 0.005696, pt = 0.001636, dt = 0.003277, ct = 0, ndl = 2785', bdl = 2988', odl = 458', odf = 6996', lpcb = 7911', cnt = 5462', bdch = 12643', odch = 3081', lcp = 2633'
took 0 sec., 4551 buck. arcs remain (61.9% from prev., 1.49% from max.)
Run enumeration... took 0.55 sec. and succeeded! 
Pricing will be done by the labelling algorithm.
ColGenEvalAlg final dual bound: 4457.54 (rounded: 4457.54)
----- Add fac. cuts : CAP(1) R1C(150), max.viol = 0.2, aver.viol = 0.120309, sep/add took 0.013908/0.455778 sec. -----
39703 columns (8850 active), 938 dyn. constrs. (202 active), 1184 art. vars. (444 active)
<DWph=2> <it=  1> <et=964.96> <Mt= 0.03> <Spt= 0.04> <nCl=  6> <DB= 4457.5629> <Mlp= 4457.5629> <PB=4462.6> 
<DWph=1> <it=  2> <et=965.01> <Mt= 0.00> <Spt= 0.05> <nCl=  2> <DB= 4457.5629> <Mlp= 4457.5629> <PB=4462.6> 
<DWph=0> <it=  3> <et=965.08> <Mt= 0.00> <Spt= 0.06> <nCl= 49> <DB= 4457.5629> <Mlp= 4457.5629> <PB=4462.6> 
ColGenEvalAlg final dual bound: 4457.56 (rounded: 4457.56)
Gap improvement since the last cut separation : 0.00387012 (4457.54)
----- Add fac. cuts : R1C(307), max.viol = 0.0967742, aver.viol = 0.0455763, sep/add took 0.192026/1.20948 sec. -----
39760 columns (8907 active), 1245 dyn. constrs. (360 active), 1491 art. vars. (602 active)
<DWph=2> <it=  1> <et=966.73> <Mt= 0.03> <Spt= 0.05> <nCl=  3> <DB= 4457.6000> <Mlp= 4457.6000> <PB=4462.6> 
<DWph=1> <it=  2> <et=966.79> <Mt= 0.00> <Spt= 0.05> <nCl=  1> <DB= 4457.6000> <Mlp= 4457.6000> <PB=4462.6> 
<DWph=0> <it=  3> <et=966.87> <Mt= 0.01> <Spt= 0.08> <nCl= 43> <DB= 4457.6000> <Mlp= 4457.6000> <PB=4462.6> 
ColGenEvalAlg final dual bound: 4457.6 (rounded: 4457.6)
Gap improvement since the last cut separation : 0.00736471 (4457.56)
----- Add fac. cuts : R1C(1), max.viol = 0.05, aver.viol = 0.05, sep/add took 0.390747/0.00848028 sec. -----
39807 columns (8954 active), 1104 dyn. constrs. (59 active), 1492 art. vars. (301 active)
<DWph=2> <it=  1> <et=967.56> <Mt= 0.01> <Spt= 0.06> <nCl=  0> <DB= 4457.6000> <Mlp= 4457.6000> <PB=4462.6> 
<DWph=1> <it=  2> <et=967.61> <Mt= 0.00> <Spt= 0.05> <nCl=  0> <DB= 4457.6000> <Mlp= 4457.6000> <PB=4462.6> 
<DWph=0> <it=  3> <et=967.61> <Mt= 0.01> <Spt= 0.00> <nCl=  0> <DB= 4457.6000> <Mlp= 4457.6000> <PB=4462.6> 
<DWph=0> <it=  3> <et=967.61> <Mt= 0.00> <Spt= 0.00> <nCl=  0> <DB= 4457.6000> <Mlp= 4457.6000> <PB=4462.6> 
ColGenEvalAlg final dual bound: 4457.6 (rounded: 4457.6)
Gap improvement since the last cut separation : 1.81899e-13 (4457.6)
----- Add fac. cuts : sep. took 0.386756 sec.----- no cuts found  -----
**** SB phase 3 evaluation of candidate 1, branch 2 ( x[(118, 49)]_0_14207_0_OspV >= 1 ), value = 4451.89
<DWph=2> <it=  4> <et=968.91> <Mt= 0.26> <Spt= 0.16> <nCl= 47> <DB= 4451.8900> <Mlp= 4451.8900> <PB=4462.6> 
<DWph=1> <it=  6> <et=969.01> <Mt= 0.02> <Spt= 0.08> <nCl= 13> <DB= 4451.8900> <Mlp= 4451.8900> <PB=4462.6> 
<DWph=0> <it=  9> <et=969.20> <Mt= 0.03> <Spt= 0.16> <nCl=210> <DB= 4451.8900> <Mlp= 4451.8900> <PB=4462.6> 
ColGenEvalAlg final dual bound: 4451.89 (rounded: 4451.89)
----- Add fac. cuts : CAP(1) R1C(276), max.viol = 0.333333, aver.viol = 0.124549, sep/add took 0.262398/1.00039 sec. -----
40026 columns (8602 active), 1079 dyn. constrs. (341 active), 1321 art. vars. (583 active)
<DWph=2> <it=  9> <et=971.03> <Mt= 0.21> <Spt= 0.32> <nCl= 28> <DB= 4452.0706> <Mlp= 4452.0706> <PB=4462.6> 
<DWph=1> <it= 10> <et=971.07> <Mt= 0.00> <Spt= 0.03> <nCl=  3> <DB= 4448.6412> <Mlp= 4452.0706> <PB=4462.6> 
<DWph=1> <it= 15> <et=971.30> <Mt= 0.05> <Spt= 0.19> <nCl= 18> <DB= 4452.0706> <Mlp= 4452.0706> <PB=4462.6> 
<DWph=0> <it= 19> <et=971.67> <Mt= 0.03> <Spt= 0.33> <nCl=358> <DB= 4451.9667> <Mlp= 4451.9667> <PB=4462.6> 
ColGenEvalAlg final dual bound: 4451.97 (rounded: 4451.97)
Gap improvement since the last cut separation : 0.00715842 (4451.89)
----- Add fac. cuts : CAP(2) R1C(412), max.viol = 0.666667, aver.viol = 0.334944, sep/add took 0.349832/1.56201 sec. -----
40433 columns (9009 active), 1488 dyn. constrs. (470 active), 1735 art. vars. (712 active)
<DWph=2> <it=  1> <et=973.76> <Mt= 0.06> <Spt= 0.07> <nCl=  9> <DB= 4452.1357> <Mlp= 4452.1357> <PB=4462.6> 
<DWph=1> <it=  3> <et=973.85> <Mt= 0.01> <Spt= 0.08> <nCl=  3> <DB= 4452.1357> <Mlp= 4452.1357> <PB=4462.6> 
<DWph=0> <it=  5> <et=974.02> <Mt= 0.01> <Spt= 0.16> <nCl= 96> <DB= 4452.1357> <Mlp= 4452.1357> <PB=4462.6> 
ColGenEvalAlg final dual bound: 4452.14 (rounded: 4452.14)
Gap improvement since the last cut separation : 0.0158979 (4451.97)
----- Add fac. cuts : R1C(451), max.viol = 0.142857, aver.viol = 0.0905923, sep/add took 0.505607/1.59758 sec. -----
40541 columns (9117 active), 1667 dyn. constrs. (513 active), 2186 art. vars. (755 active)
<DWph=2> <it=  2> <et=976.39> <Mt= 0.06> <Spt= 0.11> <nCl= 12> <DB= 4452.2595> <Mlp= 4452.2595> <PB=4462.6> 
<DWph=1> <it=  5> <et=976.55> <Mt= 0.02> <Spt= 0.14> <nCl=  8> <DB= 4452.2525> <Mlp= 4452.2525> <PB=4462.6> 
<DWph=0> <it=  8> <et=976.86> <Mt= 0.04> <Spt= 0.26> <nCl=174> <DB= 4452.2073> <Mlp= 4452.2073> <PB=4462.6> 
ColGenEvalAlg final dual bound: 4452.21 (rounded: 4452.21)
Gap improvement since the last cut separation : 0.00684016 (4452.14)
----- Add fac. cuts : CAP(1) R1C(527), max.viol = 0.125, aver.viol = 0.100971, sep/add took 0.761463/1.99717 sec. -----
40735 columns (9311 active), 1788 dyn. constrs. (587 active), 2714 art. vars. (829 active)
<DWph=2> <it=  2> <et=979.96> <Mt= 0.14> <Spt= 0.12> <nCl=  4> <DB= 4452.3500> <Mlp= 4452.3500> <PB=4462.6> 
<DWph=1> <it=  3> <et=980.01> <Mt= 0.00> <Spt= 0.05> <nCl=  0> <DB= 4452.3500> <Mlp= 4452.3500> <PB=4462.6> 
<DWph=0> <it=  6> <et=980.63> <Mt= 0.33> <Spt= 0.29> <nCl=162> <DB= 4452.2431> <Mlp= 4452.2431> <PB=4462.6> 
ColGenEvalAlg final dual bound: 4452.24 (rounded: 4452.24)
Gap improvement since the last cut separation : 0.00344125 (4452.21)
----- Add fac. cuts : R1C(432), max.viol = 0.166667, aver.viol = 0.122749, sep/add took 0.703964/1.76824 sec. -----
40901 columns (9477 active), 1769 dyn. constrs. (542 active), 3146 art. vars. (784 active)
<DWph=2> <it=  2> <et=983.42> <Mt= 0.10> <Spt= 0.12> <nCl=  5> <DB= 4452.3529> <Mlp= 4452.3529> <PB=4462.6> 
<DWph=1> <it=  3> <et=983.48> <Mt= 0.00> <Spt= 0.05> <nCl=  0> <DB= 4452.3529> <Mlp= 4452.3529> <PB=4462.6> 
<DWph=0> <it=  5> <et=983.68> <Mt= 0.02> <Spt= 0.18> <nCl= 91> <DB= 4452.3500> <Mlp= 4452.3500> <PB=4462.6> 
Reduced cost fixing for graph G_0...  TT = 0.007879, pt = 0.002642, dt = 0.004344, ct = 0, ndl = 4239', bdl = 6112', odl = 1154', odf = 12704', lpcb = 9483', cnt = 13363', bdch = 34520', odch = 8265', lcp = 7013'
took 0 sec., 6651 buck. arcs remain (90.4% from prev., 2.17% from max.)
Run enumeration... took 0.87 sec. and not succeeded.
ColGenEvalAlg final dual bound: 4452.35 (rounded: 4452.35)
Gap improvement since the last cut separation : 0.0103259 (4452.24)
----- Add fac. cuts : CAP(3) R1C(490), max.viol = 0.166667, aver.viol = 0.0841785, sep/add took 0.566843/2.23093 sec. -----
40997 columns (9573 active), 1785 dyn. constrs. (570 active), 3639 art. vars. (812 active)
<DWph=2> <it=  1> <et=987.76> <Mt= 0.09> <Spt= 0.06> <nCl=  0> <DB= 4452.4109> <Mlp= 4452.4109> <PB=4462.6> 
<DWph=1> <it=  2> <et=987.82> <Mt= 0.01> <Spt= 0.05> <nCl=  1> <DB= 4452.4109> <Mlp= 4452.4109> <PB=4462.6> 
<DWph=0> <it=  7> <et=988.44> <Mt= 0.08> <Spt= 0.53> <nCl=331> <DB= 4452.3778> <Mlp= 4452.3778> <PB=4462.6> 
ColGenEvalAlg final dual bound: 4452.38 (rounded: 4452.38)
Gap improvement since the last cut separation : 0.00271003 (4452.35)
----- Cut generation is stopped due to tailing off -----
SB exact phase 3 branch on var x[(118, 49)]_0_14207_0_OspV (lhs=0.791667) : [4457.6, 4452.3778], tree depth = 4.294, tree size = 37.23, score = -0.3892 (h)
************************************************************************************************
**** BaB tree node (N° 89, parent N° 87, depth 9)
**** Local DB = 4452.38, global bounds : [ 4445.12 , 4462.6 ], TIME = 0h16m28s72t = 98872
**** 9 open nodes, ETS : 89, 41329 columns (9905 active), 819 dyn. constrs. (65 active), 1061 art. vars. (307 active)
************************************************************************************************
**** Strong branching phase 2 is started *****
<DWph=1> <it=  2> <et=988.89> <Mt= 0.04> <Spt= 0.10> <nCl=  4> <DB= 4452.7000> <Mlp= 4452.7000> <PB=4462.6> 
<DWph=1> <it=  3> <et=989.18> <Mt= 0.05> <Spt= 0.15> <nCl= 35> <DB= 4452.7778> <Mlp= 4452.7778> <PB=4462.6> 
SB phase 2 cand.  1 branch on var x[(30, 4)]_0_3514_0_OspV (lhs=0.7143)   : [ 4452.7000,  4452.7778], score = 0.13 (h)  <et=989.21>
<DWph=2> <it=  1> <et=990.06> <Mt= 0.76> <Spt= 0.00> <nCl=  0> <DB= 4452.3778> <Mlp= 4452.3778> <PB=4462.6> 
<DWph=1> <it=  2> <et=990.06> <Mt= 0.00> <Spt= 0.00> <nCl=  0> <DB= 4452.3778> <Mlp= 4452.3778> <PB=4462.6> 
<DWph=1> <it=  2> <et=990.06> <Mt= 0.00> <Spt= 0.00> <nCl=  0> <DB= 4452.3778> <Mlp= 4452.3778> <PB=4462.6> 
<DWph=1> <it= 27> <et=992.73> <Mt= 1.05> <Spt= 1.48> <nCl=366> <DB= 4465.5000> <Mlp= 4465.5000> <PB=4462.6> 
SB phase 2 cand.  2 branch on colGenSp (10.9524)                          : [ 4452.3778,  4465.5000], score = 0.00      <et=992.76>
<DWph=1> <it= 10> <et=993.43> <Mt= 0.21> <Spt= 0.34> <nCl= 83> <DB= 4455.0364> <Mlp= 4455.0364> <PB=4462.6> 
<DWph=1> <it= 11> <et=994.00> <Mt= 0.10> <Spt= 0.37> <nCl= 38> <DB= 4452.5934> <Mlp= 4452.5934> <PB=4462.6> 
SB phase 2 cand.  3 branch on var x[(103, 81)]_0_12424_0_OspV (lhs=0.3810): [ 4452.5934,  4455.0364], score = 0.57 (h)  <et=994.03>
**** Strong branching phase 3 is started *****
**** SB phase 3 evaluation of candidate 1, branch 1 ( x[(103, 81)]_0_12424_0_OspV >= 1 ), value = 4455.04
<DWph=2> <it=  1> <et=994.17> <Mt= 0.01> <Spt= 0.04> <nCl=  3> <DB= 4455.0364> <Mlp= 4455.0364> <PB=4462.6> 
<DWph=1> <it=  2> <et=994.22> <Mt= 0.00> <Spt= 0.05> <nCl=  0> <DB= 4455.0364> <Mlp= 4455.0364> <PB=4462.6> 
<DWph=0> <it=  9> <et=994.67> <Mt= 0.13> <Spt= 0.27> <nCl=291> <DB= 4454.0000> <Mlp= 4454.0000> <PB=4462.6> 
Reduced cost fixing for graph G_0...  TT = 0.005973, pt = 0.001692, dt = 0.003569, ct = 0, ndl = 3158', bdl = 3975', odl = 753', odf = 8985', lpcb = 5870', cnt = 7713', bdch = 17375', odch = 3957', lcp = 3034'
took 0 sec., 5601 buck. arcs remain (84.2% from prev., 1.83% from max.)
Run enumeration... took 0.71 sec. and not succeeded.
ColGenEvalAlg final dual bound: 4454 (rounded: 4454)
----- Add fac. cuts : R1C(2), max.viol = 0.5, aver.viol = 0.5, sep/add took 0.495308/0.00919913 sec. -----
41744 columns (6862 active), 802 dyn. constrs. (61 active), 1046 art. vars. (303 active)
<DWph=2> <it=  3> <et=996.30> <Mt= 0.09> <Spt= 0.13> <nCl= 15> <DB= 4454.0000> <Mlp= 4454.0000> <PB=4462.6> 
<DWph=1> <it=  4> <et=996.35> <Mt= 0.00> <Spt= 0.05> <nCl=  0> <DB= 4454.0000> <Mlp= 4454.0000> <PB=4462.6> 
<DWph=0> <it=  5> <et=996.35> <Mt= 0.01> <Spt= 0.00> <nCl=  0> <DB= 4454.0000> <Mlp= 4454.0000> <PB=4462.6> 
<DWph=0> <it=  5> <et=996.35> <Mt= 0.00> <Spt= 0.00> <nCl=  0> <DB= 4454.0000> <Mlp= 4454.0000> <PB=4462.6> 
ColGenEvalAlg final dual bound: 4454 (rounded: 4454)
Gap improvement since the last cut separation : -1.50172e-11 (4454)
----- Add fac. cuts : sep. took 0.513046 sec.----- no cuts found  -----
**** SB phase 3 evaluation of candidate 1, branch 2 ( x[(103, 81)]_0_12424_0_OspV <= 0 ), value = 4452.59
<DWph=2> <it=  4> <et=997.32> <Mt= 0.14> <Spt= 0.14> <nCl= 66> <DB= 4407.4370> <Mlp= 4452.5934> <PB=4462.6> 
<DWph=1> <it=  5> <et=997.44> <Mt= 0.01> <Spt= 0.07> <nCl=  7> <DB= 4452.5934> <Mlp= 4452.5934> <PB=4462.6> 
<DWph=0> <it= 10> <et=997.66> <Mt= 0.02> <Spt= 0.20> <nCl=119> <DB= 4452.5934> <Mlp= 4452.5934> <PB=4462.6> 
ColGenEvalAlg final dual bound: 4452.59 (rounded: 4452.59)
----- Add fac. cuts : CAP(11) R1C(155), max.viol = 0.284615, aver.viol = 0.0995424, sep/add took 0.0305171/0.79169 sec. -----
41931 columns (6731 active), 968 dyn. constrs. (224 active), 1210 art. vars. (466 active)
<DWph=2> <it=  3> <et=998.72> <Mt= 0.05> <Spt= 0.16> <nCl= 72> <DB= 4452.8083> <Mlp= 4452.8083> <PB=4462.6> 
<DWph=1> <it=  4> <et=998.78> <Mt= 0.00> <Spt= 0.05> <nCl=  8> <DB= 4452.8083> <Mlp= 4452.8083> <PB=4462.6> 
<DWph=0> <it=  6> <et=998.99> <Mt= 0.01> <Spt= 0.20> <nCl=256> <DB= 4452.8083> <Mlp= 4452.8083> <PB=4462.6> 
ColGenEvalAlg final dual bound: 4452.81 (rounded: 4452.81)
Gap improvement since the last cut separation : 0.0214794 (4452.59)
----- Add fac. cuts : CAP(8) R1C(138), max.viol = 0.5, aver.viol = 0.198345, sep/add took 0.195958/0.599959 sec. -----
42267 columns (7067 active), 1114 dyn. constrs. (205 active), 1356 art. vars. (447 active)
<DWph=2> <it= 10> <et=1000.35> <Mt= 0.11> <Spt= 0.43> <nCl=101> <DB= 4451.5903> <Mlp= 4453.3176> <PB=4462.6> 
<DWph=2> <it= 11> <et=1000.40> <Mt= 0.00> <Spt= 0.05> <nCl=  2> <DB= 4453.3176> <Mlp= 4453.3176> <PB=4462.6> 
<DWph=1> <it= 20> <et=1000.82> <Mt= 0.07> <Spt= 0.34> <nCl=120> <DB= 4453.2184> <Mlp= 4453.2184> <PB=4462.6> 
<DWph=0> <it= 25> <et=1001.07> <Mt= 0.03> <Spt= 0.22> <nCl=241> <DB= 4453.1500> <Mlp= 4453.1500> <PB=4462.6> 
ColGenEvalAlg final dual bound: 4453.15 (rounded: 4453.15)
Gap improvement since the last cut separation : 0.0348936 (4452.81)
----- Add fac. cuts : CAP(2) R1C(330), max.viol = 0.416667, aver.viol = 0.102912, sep/add took 0.264807/1.05538 sec. -----
42731 columns (7531 active), 1288 dyn. constrs. (385 active), 1688 art. vars. (627 active)
<DWph=2> <it=  4> <et=1002.72> <Mt= 0.08> <Spt= 0.18> <nCl=  6> <DB= 4453.3580> <Mlp= 4453.3580> <PB=4462.6> 
<DWph=1> <it=  6> <et=1002.84> <Mt= 0.02> <Spt= 0.10> <nCl= 20> <DB= 4453.3575> <Mlp= 4453.3575> <PB=4462.6> 
<DWph=0> <it=  9> <et=1003.14> <Mt= 0.02> <Spt= 0.27> <nCl=201> <DB= 4453.3341> <Mlp= 4453.3341> <PB=4462.6> 
ColGenEvalAlg final dual bound: 4453.33 (rounded: 4453.33)
Gap improvement since the last cut separation : 0.0194833 (4453.15)
----- Add fac. cuts : CAP(3) R1C(327), max.viol = 0.223529, aver.viol = 0.0919073, sep/add took 0.335963/1.20863 sec. -----
42958 columns (7758 active), 1472 dyn. constrs. (392 active), 2018 art. vars. (634 active)
----- Add core cuts : CAP(6), max.viol = 1, aver.viol = 1, sep/add took 0.00658825/0.192323 sec. -----
<DWph=2> <it=  2> <et=1005.15> <Mt= 0.10> <Spt= 0.11> <nCl= 21> <DB= 4453.5000> <Mlp= 4453.5000> <PB=4462.6> 
<DWph=1> <it=  3> <et=1005.22> <Mt= 0.00> <Spt= 0.06> <nCl=  3> <DB= 4453.5000> <Mlp= 4453.5000> <PB=4462.6> 
<DWph=0> <it=  9> <et=1005.63> <Mt= 0.07> <Spt= 0.35> <nCl=250> <DB= 4453.5000> <Mlp= 4453.5000> <PB=4462.6> 
Reduced cost fixing for graph G_0...  TT = 0.006884, pt = 0.002421, dt = 0.003584, ct = 0, ndl = 4082', bdl = 5495', odl = 885', odf = 12238', lpcb = 8573', cnt = 13069', bdch = 29584', odch = 8975', lcp = 6432'
took 0 sec., 5776 buck. arcs remain (86.8% from prev., 1.89% from max.)
Run enumeration... took 0.55 sec. and not succeeded.
ColGenEvalAlg final dual bound: 4453.5 (rounded: 4453.5)
Gap improvement since the last cut separation : 0.0179025 (4453.33)
----- Add fac. cuts : CAP(1) R1C(258), max.viol = 0.166667, aver.viol = 0.166667, sep/add took 0.237543/1.01523 sec. -----
43232 columns (8032 active), 1411 dyn. constrs. (334 active), 2283 art. vars. (576 active)
<DWph=2> <it=  1> <et=1007.71> <Mt= 0.01> <Spt= 0.06> <nCl=  0> <DB= 4453.5150> <Mlp= 4453.5150> <PB=4462.6> 
<DWph=1> <it=  2> <et=1007.77> <Mt= 0.01> <Spt= 0.05> <nCl=  2> <DB= 4453.5150> <Mlp= 4453.5150> <PB=4462.6> 
<DWph=0> <it=  3> <et=1007.84> <Mt= 0.00> <Spt= 0.06> <nCl=  3> <DB= 4453.5150> <Mlp= 4453.5150> <PB=4462.6> 
ColGenEvalAlg final dual bound: 4453.52 (rounded: 4453.52)
Gap improvement since the last cut separation : 0.00164835 (4453.5)
----- Add fac. cuts : CAP(4) R1C(305), max.viol = 0.5, aver.viol = 0.158738, sep/add took 0.336219/1.10464 sec. -----
43237 columns (8037 active), 1406 dyn. constrs. (384 active), 2592 art. vars. (626 active)
<DWph=2> <it=  7> <et=1009.81> <Mt= 0.09> <Spt= 0.33> <nCl= 22> <DB= 4453.6105> <Mlp= 4453.6105> <PB=4462.6> 
<DWph=1> <it= 10> <et=1009.94> <Mt= 0.03> <Spt= 0.10> <nCl= 32> <DB= 4444.7593> <Mlp= 4453.6105> <PB=4462.6> 
<DWph=1> <it= 11> <et=1010.02> <Mt= 0.01> <Spt= 0.06> <nCl=  5> <DB= 4453.5944> <Mlp= 4453.5944> <PB=4462.6> 
<DWph=0> <it= 19> <et=1010.55> <Mt= 0.06> <Spt= 0.46> <nCl=321> <DB= 4453.5798> <Mlp= 4453.5798> <PB=4462.6> 
ColGenEvalAlg final dual bound: 4453.58 (rounded: 4453.58)
Gap improvement since the last cut separation : 0.00713123 (4453.52)
----- Add fac. cuts : CAP(1) R1C(501), max.viol = 0.148936, aver.viol = 0.0546113, sep/add took 0.674892/1.78112 sec. -----
43617 columns (8417 active), 1649 dyn. constrs. (571 active), 3094 art. vars. (813 active)
<DWph=2> <it=  1> <et=1013.16> <Mt= 0.04> <Spt= 0.05> <nCl=  0> <DB= 4453.6167> <Mlp= 4453.6167> <PB=4462.6> 
<DWph=1> <it=  2> <et=1013.22> <Mt= 0.00> <Spt= 0.06> <nCl=  1> <DB= 4453.6167> <Mlp= 4453.6167> <PB=4462.6> 
<DWph=0> <it=  4> <et=1013.36> <Mt= 0.01> <Spt= 0.13> <nCl= 51> <DB= 4453.6167> <Mlp= 4453.6167> <PB=4462.6> 
ColGenEvalAlg final dual bound: 4453.62 (rounded: 4453.62)
Gap improvement since the last cut separation : 0.00408853 (4453.58)
----- Add fac. cuts : R1C(286), max.viol = 0.166667, aver.viol = 0.166667, sep/add took 0.549289/0.984833 sec. -----
43669 columns (8469 active), 1622 dyn. constrs. (357 active), 3380 art. vars. (599 active)
<DWph=2> <it=  1> <et=1015.05> <Mt= 0.02> <Spt= 0.05> <nCl=  1> <DB= 4453.6167> <Mlp= 4453.6167> <PB=4462.6> 
<DWph=1> <it=  2> <et=1015.10> <Mt= 0.00> <Spt= 0.05> <nCl=  0> <DB= 4453.6167> <Mlp= 4453.6167> <PB=4462.6> 
<DWph=0> <it=  3> <et=1015.10> <Mt= 0.00> <Spt= 0.00> <nCl=  0> <DB= 4453.6167> <Mlp= 4453.6167> <PB=4462.6> 
<DWph=0> <it=  3> <et=1015.10> <Mt= 0.00> <Spt= 0.00> <nCl=  0> <DB= 4453.6167> <Mlp= 4453.6167> <PB=4462.6> 
ColGenEvalAlg final dual bound: 4453.62 (rounded: 4453.62)
Gap improvement since the last cut separation : 5.06212e-13 (4453.62)
----- Add fac. cuts : R1C(100), max.viol = 0.166667, aver.viol = 0.166667, sep/add took 0.511586/0.338208 sec. -----
43670 columns (8470 active), 1722 dyn. constrs. (457 active), 3480 art. vars. (699 active)
<DWph=2> <it=  1> <et=1016.04> <Mt= 0.01> <Spt= 0.05> <nCl=  0> <DB= 4453.6167> <Mlp= 4453.6167> <PB=4462.6> 
<DWph=1> <it=  2> <et=1016.09> <Mt= 0.00> <Spt= 0.05> <nCl=  0> <DB= 4453.6167> <Mlp= 4453.6167> <PB=4462.6> 
<DWph=0> <it=  3> <et=1016.09> <Mt= 0.01> <Spt= 0.00> <nCl=  0> <DB= 4453.6167> <Mlp= 4453.6167> <PB=4462.6> 
<DWph=0> <it=  3> <et=1016.09> <Mt= 0.00> <Spt= 0.00> <nCl=  0> <DB= 4453.6167> <Mlp= 4453.6167> <PB=4462.6> 
ColGenEvalAlg final dual bound: 4453.62 (rounded: 4453.62)
Gap improvement since the last cut separation : 4.0497e-13 (4453.62)
----- Cut generation is stopped due to tailing off -----
SB exact phase 3 branch on var x[(103, 81)]_0_12424_0_OspV (lhs=0.380952) : [4454, 4453.6167], tree depth = 7.191, tree size = 290.2, score = -0.7034 (h)
************************************************************************************************
**** BaB tree node (N° 91, parent N° 89, depth 10)
**** Local DB = 4453.62, global bounds : [ 4445.12 , 4462.6 ], TIME = 0h16m56s20t = 101620
**** 10 open nodes, ETS : 91, 43670 columns (8470 active), 1222 dyn. constrs. (457 active), 1464 art. vars. (699 active)
************************************************************************************************
**** Strong branching phase 1 is started *****
SB phase 1 cand.  1 branch on var x[(30, 4)]_0_3514_0_OspV (lhs=0.6667)    : [ 4453.9750,  4454.3333], score = 0.26 (h)  <et=1016.33>
SB phase 1 cand.  2 branch on var x[(120, 25)]_0_14425_0_OspV (lhs=0.5000) : [ 4453.6167,  4453.6167], score = 0.00      <et=1016.35>
SB phase 1 cand.  3 branch on var x[(24, 71)]_0_2854_0_OspV (lhs=0.8333)   : [ 4453.7500,  4456.9200], score = 0.44 (h)  <et=1016.46>
SB phase 1 cand.  5 branch on var x[(8, 19)]_0_866_0_OspV (lhs=0.6667)     : [ 4453.7500,  4455.3708], score = 0.23 (h)  <et=1016.58>
SB phase 1 cand.  9 branch on var x[(116, 81)]_0_13997_0_OspV (lhs=0.3333) : [ 4453.6750,  4460.0500], score = 0.38 (h)  <et=1016.82>
SB phase 1 cand. 15 branch on var x[(116, 4)]_0_13920_0_OspV (lhs=0.3333)  : [ 4453.7500,  4458.5000], score = 0.65 (h)  <et=1017.27>
SB phase 1 cand. 19 branch on var x[(4, 81)]_0_444_0_OspV (lhs=0.3333)     : [ 4453.7500,  4458.2167], score = 0.61 (h)  <et=1017.61>
SB phase 1 cand. 21 branch on var x[(116, 21)]_0_13937_0_OspV (lhs=0.3333) : [ 4454.2848,  4454.3750], score = 0.51 (h)  <et=1017.88>
SB phase 1 cand. 25 branch on var x[(8, 103)]_0_950_0_OspV (lhs=0.1667)    : [ 4453.7167,  4473.0167], score = 0.90 (h)  <et=1018.4>
**** Strong branching phase 2 is started *****
<DWph=1> <it= 13> <et=1019.88> <Mt= 0.45> <Spt= 0.56> <nCl=145> <DB= 4460.1000> <Mlp= 4460.1000> <PB=4462.6> 
<DWph=1> <it=  2> <et=1020.10> <Mt= 0.01> <Spt= 0.09> <nCl=  1> <DB= 4453.7167> <Mlp= 4453.7167> <PB=4462.6> 
SB phase 2 cand.  1 branch on var x[(8, 103)]_0_950_0_OspV (lhs=0.1667)  : [ 4453.7167,  4460.1000], score = 0.65 (h)  <et=1020.13>
<DWph=1> <it= 16> <et=1021.00> <Mt= 0.21> <Spt= 0.59> <nCl=152> <DB= 4458.2667> <Mlp= 4458.2667> <PB=4462.6> 
<DWph=1> <it=  2> <et=1021.17> <Mt= 0.01> <Spt= 0.09> <nCl=  1> <DB= 4453.7500> <Mlp= 4453.7500> <PB=4462.6> 
SB phase 2 cand.  2 branch on var x[(116, 4)]_0_13920_0_OspV (lhs=0.3333): [ 4453.7500,  4458.2667], score = 0.62 (h)  <et=1021.2>
<DWph=1> <it= 15> <et=1022.11> <Mt= 0.28> <Spt= 0.58> <nCl=104> <DB= 4457.6250> <Mlp= 4457.6250> <PB=4462.6> 
<DWph=1> <it=  2> <et=1022.28> <Mt= 0.01> <Spt= 0.10> <nCl=  1> <DB= 4453.7500> <Mlp= 4453.7500> <PB=4462.6> 
SB phase 2 cand.  3 branch on var x[(4, 81)]_0_444_0_OspV (lhs=0.3333)   : [ 4453.7500,  4457.6250], score = 0.53 (h)  <et=1022.31>
**** Strong branching phase 3 is started *****
**** SB phase 3 evaluation of candidate 1, branch 1 ( x[(8, 103)]_0_950_0_OspV >= 1 ), value = 4460.1
<DWph=2> <it=  1> <et=1022.44> <Mt= 0.00> <Spt= 0.05> <nCl=  2> <DB= 4460.1000> <Mlp= 4460.1000> <PB=4462.6> 
<DWph=1> <it=  2> <et=1022.49> <Mt= 0.01> <Spt= 0.05> <nCl=  0> <DB= 4460.1000> <Mlp= 4460.1000> <PB=4462.6> 
<DWph=0> <it=  5> <et=1022.74> <Mt= 0.02> <Spt= 0.22> <nCl=208> <DB= 4460.1000> <Mlp= 4460.1000> <PB=4462.6> 
Reduced cost fixing for graph G_0...  TT = 0.005056, pt = 0.001633, dt = 0.002657, ct = 0, ndl = 2932', bdl = 2266', odl = 333', odf = 6957', lpcb = 5938', cnt = 5674', bdch = 11788', odch = 3596', lcp = 2377'
took 0 sec., 3624 buck. arcs remain (62.7% from prev., 1.18% from max.)
Run enumeration... took 0.15 sec. and succeeded! 
<DWph=2> <it=  6> <et=1024.02> <Mt= 0.10> <Spt= 0.03> <nCl=  0> <DB= 4460.5000> <Mlp= 4460.5000> <PB=4462.6> 
<DWph=1> <it=  7> <et=1024.06> <Mt= 0.01> <Spt= 0.04> <nCl=  0> <DB= 4460.5000> <Mlp= 4460.5000> <PB=4462.6> 
<DWph=0> <it= 10> <et=1024.33> <Mt= 0.01> <Spt= 0.25> <nCl=418> <DB= 4441.0960> <Mlp= 4460.5000> <PB=4462.6> 
<DWph=0> <it= 12> <et=1024.50> <Mt= 0.00> <Spt= 0.17> <nCl=159> <DB= 4460.5000> <Mlp= 4460.5000> <PB=4462.6> 
Reduced cost fixing for graph G_0...  took 0.01 sec., done by inspection with 76511 solutions, remains 6431 (8.41%)
ColGenEvalAlg final dual bound: 4460.5 (rounded: 4460.5)
----- Terminating the node by MIP -----
**** SB phase 3 evaluation of candidate 1, branch 2 ( x[(8, 103)]_0_950_0_OspV <= 0 ), value = 4453.72
<DWph=2> <it=  1> <et=1026.64> <Mt= 0.01> <Spt= 0.04> <nCl=  0> <DB= 4453.7167> <Mlp= 4453.7167> <PB=4462.6> 
<DWph=1> <it=  2> <et=1026.69> <Mt= 0.00> <Spt= 0.05> <nCl=  0> <DB= 4453.7167> <Mlp= 4453.7167> <PB=4462.6> 
<DWph=0> <it=  5> <et=1026.86> <Mt= 0.01> <Spt= 0.15> <nCl= 71> <DB= 4453.7167> <Mlp= 4453.7167> <PB=4462.6> 
ColGenEvalAlg final dual bound: 4453.72 (rounded: 4453.72)
----- Add fac. cuts : CAP(3) R1C(182), max.viol = 0.166667, aver.viol = 0.166667, sep/add took 0.200923/0.758063 sec. -----
50438 columns (8542 active), 1405 dyn. constrs. (250 active), 1647 art. vars. (492 active)
<DWph=2> <it=  1> <et=1027.92> <Mt= 0.02> <Spt= 0.05> <nCl=  4> <DB= 4453.7500> <Mlp= 4453.7500> <PB=4462.6> 
<DWph=1> <it=  2> <et=1027.97> <Mt= 0.00> <Spt= 0.05> <nCl=  0> <DB= 4453.7500> <Mlp= 4453.7500> <PB=4462.6> 
<DWph=0> <it=  3> <et=1028.03> <Mt= 0.00> <Spt= 0.06> <nCl= 10> <DB= 4453.7500> <Mlp= 4453.7500> <PB=4462.6> 
ColGenEvalAlg final dual bound: 4453.75 (rounded: 4453.75)
Gap improvement since the last cut separation : 0.00375234 (4453.72)
----- Add fac. cuts : CAP(4) R1C(294), max.viol = 0.5, aver.viol = 0.155621, sep/add took 0.447316/1.16281 sec. -----
50452 columns (8556 active), 1703 dyn. constrs. (364 active), 1945 art. vars. (606 active)
<DWph=2> <it=  1> <et=1029.75> <Mt= 0.03> <Spt= 0.05> <nCl=  5> <DB= 4453.8034> <Mlp= 4453.8034> <PB=4462.6> 
<DWph=1> <it=  3> <et=1029.85> <Mt= 0.01> <Spt= 0.08> <nCl=  8> <DB= 4453.8034> <Mlp= 4453.8034> <PB=4462.6> 
<DWph=0> <it=  6> <et=1030.02> <Mt= 0.02> <Spt= 0.15> <nCl= 86> <DB= 4453.8034> <Mlp= 4453.8034> <PB=4462.6> 
ColGenEvalAlg final dual bound: 4453.8 (rounded: 4453.8)
Gap improvement since the last cut separation : 0.00603935 (4453.75)
----- Add fac. cuts : CAP(1) R1C(534), max.viol = 0.206897, aver.viol = 0.0912021, sep/add took 0.653948/1.95216 sec. -----
50551 columns (8655 active), 2056 dyn. constrs. (598 active), 2480 art. vars. (840 active)
<DWph=2> <it=  2> <et=1033.16> <Mt= 0.36> <Spt= 0.11> <nCl=  2> <DB= 4453.9870> <Mlp= 4453.9870> <PB=4462.6> 
<DWph=1> <it=  5> <et=1033.33> <Mt= 0.04> <Spt= 0.13> <nCl= 14> <DB= 4453.9870> <Mlp= 4453.9870> <PB=4462.6> 
<DWph=0> <it= 10> <et=1033.90> <Mt= 0.14> <Spt= 0.42> <nCl=296> <DB= 4450.7943> <Mlp= 4453.9787> <PB=4462.6> 
<DWph=0> <it= 11> <et=1034.00> <Mt= 0.02> <Spt= 0.09> <nCl= 36> <DB= 4453.9787> <Mlp= 4453.9787> <PB=4462.6> 
ColGenEvalAlg final dual bound: 4453.98 (rounded: 4453.98)
Gap improvement since the last cut separation : 0.0199232 (4453.8)
----- Add fac. cuts : R1C(483), max.viol = 0.212963, aver.viol = 0.0765854, sep/add took 0.694672/1.98528 sec. -----
50899 columns (9003 active), 2244 dyn. constrs. (557 active), 2963 art. vars. (799 active)
<DWph=2> <it=  5> <et=1037.20> <Mt= 0.21> <Spt= 0.23> <nCl=  9> <DB= 4454.1500> <Mlp= 4454.1500> <PB=4462.6> 
<DWph=1> <it=  7> <et=1038.37> <Mt= 1.07> <Spt= 0.09> <nCl= 10> <DB= 4454.1500> <Mlp= 4454.1500> <PB=4462.6> 
<DWph=0> <it= 10> <et=1039.74> <Mt= 1.22> <Spt= 0.16> <nCl= 64> <DB= 4452.8821> <Mlp= 4454.1286> <PB=4462.6> 
<DWph=0> <it= 12> <et=1039.90> <Mt= 0.01> <Spt= 0.14> <nCl= 56> <DB= 4454.1286> <Mlp= 4454.1286> <PB=4462.6> 
ColGenEvalAlg final dual bound: 4454.13 (rounded: 4454.13)
Gap improvement since the last cut separation : 0.0173834 (4453.98)
----- Add fac. cuts : CAP(4) R1C(502), max.viol = 0.285714, aver.viol = 0.157538, sep/add took 0.555182/2.30033 sec. -----
51038 columns (9142 active), 2232 dyn. constrs. (591 active), 3469 art. vars. (833 active)
<DWph=2> <it=  1> <et=1042.99> <Mt= 0.05> <Spt= 0.06> <nCl=  3> <DB= 4454.1500> <Mlp= 4454.1500> <PB=4462.6> 
<DWph=1> <it=  2> <et=1043.05> <Mt= 0.01> <Spt= 0.05> <nCl=  0> <DB= 4454.1500> <Mlp= 4454.1500> <PB=4462.6> 
<DWph=0> <it=  4> <et=1043.22> <Mt= 0.02> <Spt= 0.16> <nCl= 64> <DB= 4454.1500> <Mlp= 4454.1500> <PB=4462.6> 
ColGenEvalAlg final dual bound: 4454.15 (rounded: 4454.15)
Gap improvement since the last cut separation : 0.00252951 (4454.13)
----- Add fac. cuts : CAP(14) R1C(1), max.viol = 0.5, aver.viol = 0.5, sep/add took 0.435284/0.563675 sec. -----
51105 columns (9209 active), 1777 dyn. constrs. (95 active), 3484 art. vars. (337 active)
<DWph=2> <it=  2> <et=1044.53> <Mt= 0.03> <Spt= 0.12> <nCl= 12> <DB= 4454.1544> <Mlp= 4454.1544> <PB=4462.6> 
<DWph=1> <it=  4> <et=1044.63> <Mt= 0.01> <Spt= 0.09> <nCl=  4> <DB= 4454.1544> <Mlp= 4454.1544> <PB=4462.6> 
<DWph=0> <it=  6> <et=1044.76> <Mt= 0.01> <Spt= 0.12> <nCl= 75> <DB= 4454.1537> <Mlp= 4454.1537> <PB=4462.6> 
ColGenEvalAlg final dual bound: 4454.15 (rounded: 4454.15)
Gap improvement since the last cut separation : 0.000436978 (4454.15)
----- Cut generation is stopped due to tailing off -----
SB exact phase 3 branch on var x[(8, 103)]_0_950_0_OspV (lhs=0.166667) : [4462.6, 4454.1537], tree depth = 3.067, tree size = 14.76, score = -0.3414 (h)
************************************************************************************************
**** BaB tree node (N° 93, parent N° 91, depth 11)
**** Local DB = 4454.15, global bounds : [ 4445.12 , 4462.6 ], TIME = 0h17m25s11t = 104511
**** 11 open nodes, ETS : 93, 44450 columns (9300 active), 1252 dyn. constrs. (79 active), 1494 art. vars. (321 active)
************************************************************************************************
**** Strong branching phase 2 is started *****
<DWph=1> <it=  7> <et=1045.52> <Mt= 0.12> <Spt= 0.25> <nCl= 34> <DB= 4455.2792> <Mlp= 4455.2792> <PB=4462.6> 
<DWph=1> <it=  9> <et=1046.22> <Mt= 0.23> <Spt= 0.33> <nCl= 42> <DB= 4454.9000> <Mlp= 4454.9000> <PB=4462.6> 
SB phase 2 cand.  1 branch on var x[(30, 4)]_0_3514_0_OspV (lhs=0.4987): [ 4454.9000,  4455.2792], score = 0.84 (h)  <et=1046.25>
<DWph=1> <it=  7> <et=1046.69> <Mt= 0.10> <Spt= 0.30> <nCl= 35> <DB= 4457.9169> <Mlp= 4457.9169> <PB=4462.6> 
<DWph=1> <it=  5> <et=1047.09> <Mt= 0.09> <Spt= 0.23> <nCl= 24> <DB= 4454.5670> <Mlp= 4454.5670> <PB=4462.6> 
SB phase 2 cand.  2 branch on var x[(4, 21)]_0_384_0_OspV (lhs=0.4245) : [ 4454.5670,  4457.9169], score = 1.56      <et=1047.12>
**** Strong branching phase 3 is started *****
**** SB phase 3 evaluation of candidate 1, branch 1 ( x[(4, 21)]_0_384_0_OspV >= 1 ), value = 4457.92
<DWph=2> <it=  1> <et=1047.24> <Mt= 0.00> <Spt= 0.05> <nCl=  4> <DB= 4457.9169> <Mlp= 4457.9169> <PB=4462.6> 
<DWph=1> <it=  2> <et=1047.29> <Mt= 0.00> <Spt= 0.05> <nCl=  0> <DB= 4457.9169> <Mlp= 4457.9169> <PB=4462.6> 
<DWph=0> <it=  7> <et=1047.56> <Mt= 0.04> <Spt= 0.23> <nCl=228> <DB= 4457.7714> <Mlp= 4457.7714> <PB=4462.6> 
Reduced cost fixing for graph G_0...  TT = 0.005296, pt = 0.001741, dt = 0.002861, ct = 0, ndl = 2876', bdl = 2918', odl = 460', odf = 7206', lpcb = 5371', cnt = 6822', bdch = 12141', odch = 3296', lcp = 2718'
took 0 sec., 4358 buck. arcs remain (75.5% from prev., 1.42% from max.)
Run enumeration... took 0.31 sec. and succeeded! 
Pricing will be done by the labelling algorithm.
ColGenEvalAlg final dual bound: 4457.77 (rounded: 4457.77)
----- Add fac. cuts : CAP(5) R1C(152), max.viol = 0.428571, aver.viol = 0.252957, sep/add took 0.012718/0.739146 sec. -----
44817 columns (9567 active), 1001 dyn. constrs. (209 active), 1245 art. vars. (451 active)
<DWph=2> <it=  2> <et=1048.89> <Mt= 0.04> <Spt= 0.10> <nCl=  4> <DB= 4458.1286> <Mlp= 4458.1286> <PB=4462.6> 
<DWph=1> <it=  5> <et=1049.03> <Mt= 0.01> <Spt= 0.12> <nCl=  6> <DB= 4452.6286> <Mlp= 4458.1286> <PB=4462.6> 
<DWph=0> <it=  8> <et=1049.18> <Mt= 0.01> <Spt= 0.13> <nCl= 81> <DB= 4458.0412> <Mlp= 4458.0412> <PB=4462.6> 
ColGenEvalAlg final dual bound: 4458.04 (rounded: 4458.04)
Gap improvement since the last cut separation : 0.0558649 (4457.77)
----- Add fac. cuts : R1C(158), max.viol = 0.156863, aver.viol = 0.108215, sep/add took 0.0124801/0.618549 sec. -----
44908 columns (9658 active), 1159 dyn. constrs. (215 active), 1403 art. vars. (457 active)
<DWph=2> <it=  1> <et=1050.03> <Mt= 0.05> <Spt= 0.06> <nCl=  7> <DB= 4458.6759> <Mlp= 4458.6759> <PB=4462.6> 
<DWph=1> <it=  4> <et=1050.18> <Mt= 0.03> <Spt= 0.11> <nCl= 15> <DB= 4455.2941> <Mlp= 4458.5294> <PB=4462.6> 
<DWph=0> <it=  9> <et=1050.41> <Mt= 0.04> <Spt= 0.21> <nCl=108> <DB= 4458.4980> <Mlp= 4458.4980> <PB=4462.6> 
Reduced cost fixing for graph G_0...  took 0.03 sec., done by inspection with 160227 solutions, remains 69887 (43.6%)
<DWph=2> <it= 10> <et=1051.37> <Mt= 0.10> <Spt= 0.04> <nCl=  0> <DB= 4459.8900> <Mlp= 4459.8900> <PB=4462.6> 
<DWph=1> <it= 11> <et=1051.41> <Mt= 0.00> <Spt= 0.04> <nCl=  0> <DB= 4459.8900> <Mlp= 4459.8900> <PB=4462.6> 
<DWph=0> <it= 19> <et=1051.93> <Mt= 0.03> <Spt= 0.48> <nCl=793> <DB= 4459.3289> <Mlp= 4459.3289> <PB=4462.6> 
Reduced cost fixing for graph G_0...  took 0.01 sec., done by inspection with 69887 solutions, remains 22099 (31.6%)
ColGenEvalAlg final dual bound: 4459.33 (rounded: 4459.33)
Gap improvement since the last cut separation : 0.282479 (4458.04)
----- Add fac. cuts : CAP(1) R1C(150), max.viol = 0.184211, aver.viol = 0.131579, sep/add took 0.0122198/0.121748 sec. -----
46833 columns (2001 active), 1159 dyn. constrs. (193 active), 1554 art. vars. (435 active)
<DWph=2> <it=  1> <et=1052.33> <Mt= 0.01> <Spt= 0.05> <nCl=  0> <DB= 4459.4118> <Mlp= 4459.4118> <PB=4462.6> 
<DWph=1> <it=  2> <et=1052.38> <Mt= 0.00> <Spt= 0.04> <nCl=  0> <DB= 4459.4118> <Mlp= 4459.4118> <PB=4462.6> 
<DWph=0> <it=  3> <et=1052.45> <Mt= 0.00> <Spt= 0.06> <nCl=125> <DB= 4459.4118> <Mlp= 4459.4118> <PB=4462.6> 
Reduced cost fixing for graph G_0...  took 0 sec., done by inspection with 22099 solutions, remains 21583 (97.7%)
ColGenEvalAlg final dual bound: 4459.41 (rounded: 4459.41)
Gap improvement since the last cut separation : 0.0253183 (4459.33)
----- Add fac. cuts : R1C(150), max.viol = 0.0980392, aver.viol = 0.0465359, sep/add took 0.0100059/0.08415 sec. -----
46600 columns (2108 active), 1155 dyn. constrs. (197 active), 1704 art. vars. (439 active)
<DWph=2> <it=  1> <et=1052.70> <Mt= 0.00> <Spt= 0.05> <nCl=  0> <DB= 4459.4286> <Mlp= 4459.4286> <PB=4462.6> 
<DWph=1> <it=  2> <et=1052.74> <Mt= 0.00> <Spt= 0.03> <nCl=  0> <DB= 4459.4286> <Mlp= 4459.4286> <PB=4462.6> 
<DWph=0> <it=  3> <et=1052.82> <Mt= 0.00> <Spt= 0.08> <nCl=110> <DB= 4459.4286> <Mlp= 4459.4286> <PB=4462.6> 
Reduced cost fixing for graph G_0...  took 0 sec., done by inspection with 21583 solutions, remains 21523 (99.7%)
ColGenEvalAlg final dual bound: 4459.43 (rounded: 4459.43)
Gap improvement since the last cut separation : 0.00527148 (4459.41)
----- Add fac. cuts : R1C(26), max.viol = 0.142857, aver.viol = 0.142857, sep/add took 0.522765/0.0235812 sec. -----
46692 columns (2215 active), 1036 dyn. constrs. (78 active), 1730 art. vars. (320 active)
<DWph=2> <it=  1> <et=1053.49> <Mt= 0.01> <Spt= 0.04> <nCl=  0> <DB= 4459.4286> <Mlp= 4459.4286> <PB=4462.6> 
<DWph=1> <it=  2> <et=1053.52> <Mt= 0.00> <Spt= 0.04> <nCl=  0> <DB= 4459.4286> <Mlp= 4459.4286> <PB=4462.6> 
<DWph=0> <it=  3> <et=1053.52> <Mt= 0.00> <Spt= 0.00> <nCl=  0> <DB= 4459.4286> <Mlp= 4459.4286> <PB=4462.6> 
<DWph=0> <it=  3> <et=1053.52> <Mt= 0.00> <Spt= 0.00> <nCl=  0> <DB= 4459.4286> <Mlp= 4459.4286> <PB=4462.6> 
ColGenEvalAlg final dual bound: 4459.43 (rounded: 4459.43)
Gap improvement since the last cut separation : -2.60968e-11 (4459.43)
----- Add fac. cuts : sep. took 0.55945 sec.----- no cuts found  -----
**** SB phase 3 evaluation of candidate 1, branch 2 ( x[(4, 21)]_0_384_0_OspV <= 0 ), value = 4454.57
<DWph=2> <it=  4> <et=1054.78> <Mt= 0.19> <Spt= 0.15> <nCl= 21> <DB= 4454.5670> <Mlp= 4454.5670> <PB=4462.6> 
<DWph=1> <it=  5> <et=1054.86> <Mt= 0.00> <Spt= 0.08> <nCl=  1> <DB= 4454.5670> <Mlp= 4454.5670> <PB=4462.6> 
<DWph=0> <it= 10> <et=1055.15> <Mt= 0.03> <Spt= 0.26> <nCl=334> <DB= 4454.5493> <Mlp= 4454.5493> <PB=4462.6> 
Reduced cost fixing for graph G_0...  TT = 0.005755, pt = 0.001926, dt = 0.00312, ct = 0, ndl = 3852', bdl = 5282', odl = 695', odf = 10590', lpcb = 6600', cnt = 13081', bdch = 27697', odch = 6971', lcp = 6351'
took 0 sec., 5408 buck. arcs remain (93.6% from prev., 1.77% from max.)
Run enumeration... took 0.55 sec. and not succeeded.
ColGenEvalAlg final dual bound: 4454.55 (rounded: 4454.55)
----- Add fac. cuts : CAP(1) R1C(158), max.viol = 0.286667, aver.viol = 0.134298, sep/add took 0.0302022/0.631568 sec. -----
47045 columns (9680 active), 1050 dyn. constrs. (224 active), 1292 art. vars. (466 active)
<DWph=2> <it=  1> <et=1056.60> <Mt= 0.04> <Spt= 0.05> <nCl=  3> <DB= 4454.5845> <Mlp= 4454.5845> <PB=4462.6> 
<DWph=1> <it=  2> <et=1056.66> <Mt= 0.00> <Spt= 0.05> <nCl=  0> <DB= 4454.5845> <Mlp= 4454.5845> <PB=4462.6> 
<DWph=0> <it=  5> <et=1056.83> <Mt= 0.01> <Spt= 0.16> <nCl=107> <DB= 4454.5667> <Mlp= 4454.5667> <PB=4462.6> 
ColGenEvalAlg final dual bound: 4454.57 (rounded: 4454.57)
Gap improvement since the last cut separation : 0.00215303 (4454.55)
----- Add fac. cuts : CAP(1) R1C(317), max.viol = 0.142857, aver.viol = 0.0955376, sep/add took 0.265888/1.32114 sec. -----
47155 columns (9790 active), 1368 dyn. constrs. (394 active), 1610 art. vars. (636 active)
<DWph=2> <it=  3> <et=1058.64> <Mt= 0.07> <Spt= 0.13> <nCl=  4> <DB= 4454.6680> <Mlp= 4454.6680> <PB=4462.6> 
<DWph=1> <it=  6> <et=1058.79> <Mt= 0.02> <Spt= 0.13> <nCl= 12> <DB= 4454.6666> <Mlp= 4454.6666> <PB=4462.6> 
<DWph=0> <it= 10> <et=1058.98> <Mt= 0.04> <Spt= 0.15> <nCl= 61> <DB= 4454.6623> <Mlp= 4454.6623> <PB=4462.6> 
ColGenEvalAlg final dual bound: 4454.66 (rounded: 4454.66)
Gap improvement since the last cut separation : 0.011904 (4454.57)
----- Add fac. cuts : CAP(1) R1C(452), max.viol = 0.234973, aver.viol = 0.0824256, sep/add took 0.599584/1.76356 sec. -----
47232 columns (9867 active), 1673 dyn. constrs. (536 active), 2063 art. vars. (778 active)
<DWph=2> <it=  1> <et=1061.54> <Mt= 0.10> <Spt= 0.06> <nCl=  2> <DB= 4454.9366> <Mlp= 4454.9366> <PB=4462.6> 
<DWph=1> <it=  3> <et=1061.64> <Mt= 0.02> <Spt= 0.08> <nCl=  8> <DB= 4454.9324> <Mlp= 4454.9324> <PB=4462.6> 
<DWph=0> <it=  8> <et=1062.22> <Mt= 0.17> <Spt= 0.35> <nCl=204> <DB= 4454.8000> <Mlp= 4454.8000> <PB=4462.6> 
ColGenEvalAlg final dual bound: 4454.8 (rounded: 4454.8)
Gap improvement since the last cut separation : 0.0173482 (4454.66)
----- Add fac. cuts : CAP(1) R1C(298), max.viol = 0.25, aver.viol = 0.25, sep/add took 0.328115/0.784741 sec. -----
47446 columns (6677 active), 1663 dyn. constrs. (391 active), 2362 art. vars. (633 active)
<DWph=2> <it=  1> <et=1063.51> <Mt= 0.04> <Spt= 0.06> <nCl=  1> <DB= 4454.8469> <Mlp= 4454.8469> <PB=4462.6> 
<DWph=1> <it=  2> <et=1063.57> <Mt= 0.01> <Spt= 0.06> <nCl=  0> <DB= 4454.8469> <Mlp= 4454.8469> <PB=4462.6> 
<DWph=0> <it=  4> <et=1063.73> <Mt= 0.01> <Spt= 0.14> <nCl= 89> <DB= 4454.8464> <Mlp= 4454.8464> <PB=4462.6> 
ColGenEvalAlg final dual bound: 4454.85 (rounded: 4454.85)
Gap improvement since the last cut separation : 0.00594471 (4454.8)
----- Add fac. cuts : R1C(501), max.viol = 0.122905, aver.viol = 0.0623613, sep/add took 0.836356/1.3214 sec. -----
47536 columns (6767 active), 1725 dyn. constrs. (579 active), 2863 art. vars. (821 active)
<DWph=2> <it=  2> <et=1066.18> <Mt= 0.06> <Spt= 0.12> <nCl=  8> <DB= 4454.9054> <Mlp= 4454.9054> <PB=4462.6> 
<DWph=1> <it=  5> <et=1066.33> <Mt= 0.02> <Spt= 0.13> <nCl=  4> <DB= 4454.9054> <Mlp= 4454.9054> <PB=4462.6> 
<DWph=0> <it=  7> <et=1066.52> <Mt= 0.01> <Spt= 0.17> <nCl= 96> <DB= 4454.9000> <Mlp= 4454.9000> <PB=4462.6> 
ColGenEvalAlg final dual bound: 4454.9 (rounded: 4454.9)
Gap improvement since the last cut separation : 0.00691692 (4454.85)
----- Add fac. cuts : CAP(1) R1C(496), max.viol = 0.182692, aver.viol = 0.0544012, sep/add took 0.891304/1.37793 sec. -----
47644 columns (6875 active), 1910 dyn. constrs. (575 active), 3360 art. vars. (817 active)
<DWph=2> <it=  1> <et=1068.92> <Mt= 0.04> <Spt= 0.05> <nCl=  0> <DB= 4455.0000> <Mlp= 4455.0000> <PB=4462.6> 
<DWph=1> <it=  2> <et=1068.98> <Mt= 0.00> <Spt= 0.05> <nCl=  0> <DB= 4455.0000> <Mlp= 4455.0000> <PB=4462.6> 
<DWph=0> <it=  8> <et=1069.39> <Mt= 0.05> <Spt= 0.36> <nCl=200> <DB= 4455.0000> <Mlp= 4455.0000> <PB=4462.6> 
ColGenEvalAlg final dual bound: 4455 (rounded: 4455)
Gap improvement since the last cut separation : 0.012987 (4454.9)
----- Add fac. cuts : R1C(46), max.viol = 0.25, aver.viol = 0.25, sep/add took 0.497263/0.151677 sec. -----
47844 columns (7075 active), 1458 dyn. constrs. (121 active), 3406 art. vars. (363 active)
<DWph=2> <it=  1> <et=1070.20> <Mt= 0.03> <Spt= 0.05> <nCl=  0> <DB= 4455.0098> <Mlp= 4455.0098> <PB=4462.6> 
<DWph=1> <it=  2> <et=1070.25> <Mt= 0.00> <Spt= 0.05> <nCl=  0> <DB= 4455.0098> <Mlp= 4455.0098> <PB=4462.6> 
<DWph=0> <it=  3> <et=1070.32> <Mt= 0.01> <Spt= 0.07> <nCl= 43> <DB= 4455.0098> <Mlp= 4455.0098> <PB=4462.6> 
ColGenEvalAlg final dual bound: 4455.01 (rounded: 4455.01)
Gap improvement since the last cut separation : 0.0012837 (4455)
----- Cut generation is stopped due to tailing off -----
SB exact phase 3 branch on var x[(4, 21)]_0_384_0_OspV (lhs=0.424499) : [4459.4286, 4455.0098], tree depth = 3.512, tree size = 20.82, score = -0.4158
************************************************************************************************
**** BaB tree node (N° 95, parent N° 93, depth 12)
**** Local DB = 4455.01, global bounds : [ 4445.12 , 4462.6 ], TIME = 0h17m50s48t = 107048
**** 12 open nodes, ETS : 95, 47772 columns (7118 active), 916 dyn. constrs. (75 active), 1158 art. vars. (317 active)
************************************************************************************************
**** Strong branching phase 2 is started *****
<DWph=1> <it=  5> <et=1070.80> <Mt= 0.06> <Spt= 0.20> <nCl= 13> <DB= 4457.3273> <Mlp= 4457.3273> <PB=4462.6> 
<DWph=1> <it=  5> <et=1071.20> <Mt= 0.06> <Spt= 0.22> <nCl= 26> <DB= 4455.8107> <Mlp= 4455.8107> <PB=4462.6> 
SB phase 2 cand.  1 branch on var x[(30, 4)]_0_3514_0_OspV (lhs=0.3171)    : [ 4455.8107,  4457.3273], score = 1.86 (h)  <et=1071.23>
<DWph=1> <it=  9> <et=1071.75> <Mt= 0.11> <Spt= 0.37> <nCl= 27> <DB= 4456.0455> <Mlp= 4456.0455> <PB=4462.6> 
<DWph=1> <it=  6> <et=1072.13> <Mt= 0.06> <Spt= 0.25> <nCl= 18> <DB= 4455.0933> <Mlp= 4455.0933> <PB=4462.6> 
SB phase 2 cand.  2 branch on var x[(101, 0)]_0_12101_0_OspV (lhs=0.4878)  : [ 4455.0933,  4456.0455], score = 0.09      <et=1072.15>
<DWph=1> <it=  7> <et=1072.55> <Mt= 0.06> <Spt= 0.29> <nCl= 21> <DB= 4456.5500> <Mlp= 4456.5500> <PB=4462.6> 
<DWph=1> <it=  4> <et=1072.85> <Mt= 0.06> <Spt= 0.17> <nCl= 12> <DB= 4456.4613> <Mlp= 4456.4613> <PB=4462.6> 
SB phase 2 cand.  3 branch on var x[(103, 116)]_0_12458_0_OspV (lhs=0.4878): [ 4456.4613,  4456.5500], score = 2.24      <et=1072.88>
**** Strong branching phase 3 is started *****
**** SB phase 3 evaluation of candidate 1, branch 1 ( x[(103, 116)]_0_12458_0_OspV >= 1 ), value = 4456.55
<DWph=2> <it=  1> <et=1073.01> <Mt= 0.00> <Spt= 0.05> <nCl=  0> <DB= 4456.5500> <Mlp= 4456.5500> <PB=4462.6> 
<DWph=1> <it=  2> <et=1073.06> <Mt= 0.01> <Spt= 0.04> <nCl=  0> <DB= 4456.5500> <Mlp= 4456.5500> <PB=4462.6> 
<DWph=0> <it=  5> <et=1073.21> <Mt= 0.01> <Spt= 0.14> <nCl=133> <DB= 4456.5100> <Mlp= 4456.5100> <PB=4462.6> 
Reduced cost fixing for graph G_0...  TT = 0.006476, pt = 0.002008, dt = 0.003595, ct = 0, ndl = 2980', bdl = 3292', odl = 547', odf = 8577', lpcb = 5206', cnt = 7608', bdch = 15567', odch = 4024', lcp = 3437'
took 0 sec., 4822 buck. arcs remain (89.2% from prev., 1.57% from max.)
Run enumeration... took 0.32 sec. and succeeded! 
Pricing will be done by the labelling algorithm.
ColGenEvalAlg final dual bound: 4456.51 (rounded: 4456.51)
----- Add fac. cuts : CAP(1) R1C(154), max.viol = 0.2, aver.viol = 0.100323, sep/add took 0.0125123/0.488047 sec. -----
47310 columns (7272 active), 1049 dyn. constrs. (213 active), 1295 art. vars. (455 active)
<DWph=2> <it=  6> <et=1074.68> <Mt= 0.23> <Spt= 0.27> <nCl= 23> <DB= 4457.9286> <Mlp= 4457.9286> <PB=4462.6> 
<DWph=1> <it=  7> <et=1074.74> <Mt= 0.01> <Spt= 0.06> <nCl=  2> <DB= 4457.9286> <Mlp= 4457.9286> <PB=4462.6> 
<DWph=0> <it= 10> <et=1074.97> <Mt= 0.04> <Spt= 0.18> <nCl=290> <DB= 4433.8746> <Mlp= 4457.7121> <PB=4462.6> 
<DWph=0> <it= 14> <et=1075.19> <Mt= 0.03> <Spt= 0.19> <nCl=132> <DB= 4457.5500> <Mlp= 4457.5500> <PB=4462.6> 
Reduced cost fixing for graph G_0...  took 0.03 sec., done by inspection with 165015 solutions, remains 77735 (47.1%)
<DWph=2> <it= 15> <et=1076.19> <Mt= 0.10> <Spt= 0.04> <nCl=  0> <DB= 4458.3333> <Mlp= 4458.3333> <PB=4462.6> 
<DWph=1> <it= 16> <et=1076.23> <Mt= 0.00> <Spt= 0.04> <nCl=  0> <DB= 4458.3333> <Mlp= 4458.3333> <PB=4462.6> 
<DWph=0> <it= 20> <et=1076.50> <Mt= 0.04> <Spt= 0.22> <nCl=432> <DB= 4457.1136> <Mlp= 4458.2136> <PB=4462.6> 
<DWph=0> <it= 21> <et=1076.60> <Mt= 0.01> <Spt= 0.09> <nCl= 85> <DB= 4458.2136> <Mlp= 4458.2136> <PB=4462.6> 
Reduced cost fixing for graph G_0...  took 0.01 sec., done by inspection with 77735 solutions, remains 30367 (39.1%)
ColGenEvalAlg final dual bound: 4458.21 (rounded: 4458.21)
Gap improvement since the last cut separation : 0.279743 (4456.51)
----- Add fac. cuts : CAP(1) R1C(150), max.viol = 0.272727, aver.viol = 0.110777, sep/add took 0.0129414/0.136623 sec. -----
49546 columns (2320 active), 1200 dyn. constrs. (207 active), 1446 art. vars. (449 active)
<DWph=2> <it=  1> <et=1077.02> <Mt= 0.00> <Spt= 0.05> <nCl=  0> <DB= 4458.4692> <Mlp= 4458.4692> <PB=4462.6> 
<DWph=1> <it=  2> <et=1077.07> <Mt= 0.00> <Spt= 0.04> <nCl=  0> <DB= 4458.4692> <Mlp= 4458.4692> <PB=4462.6> 
<DWph=0> <it=  4> <et=1077.18> <Mt= 0.00> <Spt= 0.11> <nCl=146> <DB= 4458.4692> <Mlp= 4458.4692> <PB=4462.6> 
Reduced cost fixing for graph G_0...  took 0 sec., done by inspection with 30367 solutions, remains 29475 (97.1%)
ColGenEvalAlg final dual bound: 4458.47 (rounded: 4458.47)
Gap improvement since the last cut separation : 0.0582702 (4458.21)
----- Add fac. cuts : R1C(348), max.viol = 0.230769, aver.viol = 0.109416, sep/add took 0.237646/0.24389 sec. -----
49538 columns (2404 active), 1406 dyn. constrs. (405 active), 1794 art. vars. (647 active)
<DWph=2> <it=  1> <et=1077.83> <Mt= 0.01> <Spt= 0.04> <nCl=  0> <DB= 4458.8667> <Mlp= 4458.8667> <PB=4462.6> 
<DWph=1> <it=  2> <et=1077.87> <Mt= 0.00> <Spt= 0.04> <nCl=  0> <DB= 4458.8667> <Mlp= 4458.8667> <PB=4462.6> 
<DWph=0> <it=  5> <et=1078.08> <Mt= 0.01> <Spt= 0.19> <nCl=219> <DB= 4458.8667> <Mlp= 4458.8667> <PB=4462.6> 
Reduced cost fixing for graph G_0...  took 0 sec., done by inspection with 29475 solutions, remains 27491 (93.3%)
ColGenEvalAlg final dual bound: 4458.87 (rounded: 4458.87)
Gap improvement since the last cut separation : 0.0962135 (4458.47)
----- Add fac. cuts : sep. took 0.483765 sec.----- no cuts found  -----
**** SB phase 3 evaluation of candidate 1, branch 2 ( x[(103, 116)]_0_12458_0_OspV <= 0 ), value = 4456.46
<DWph=2> <it=  4> <et=1079.34> <Mt= 0.24> <Spt= 0.17> <nCl=100> <DB= 4291.4613> <Mlp= 4456.4613> <PB=4462.6> 
<DWph=1> <it=  8> <et=1079.53> <Mt= 0.03> <Spt= 0.15> <nCl= 25> <DB= 4456.4613> <Mlp= 4456.4613> <PB=4462.6> 
----- Add core cuts : CAP(9), max.viol = 1, aver.viol = 1, sep/add took 0.00825639/0.287286 sec. -----
<DWph=0> <it= 10> <et=1080.02> <Mt= 0.11> <Spt= 0.08> <nCl=160> <DB=-48146.4668> <Mlp= 4456.2060> <PB=4462.6> 
<DWph=0> <it= 12> <et=1080.10> <Mt= 0.01> <Spt= 0.08> <nCl= 32> <DB= 4456.2035> <Mlp= 4456.2035> <PB=4462.6> 
Reduced cost fixing for graph G_0...  TT = 0.005784, pt = 0.0021, dt = 0.002859, ct = 0, ndl = 3349', bdl = 3893', odl = 552', odf = 8902', lpcb = 5183', cnt = 9457', bdch = 18523', odch = 4855', lcp = 4166'
took 0 sec., 5081 buck. arcs remain (94% from prev., 1.66% from max.)
Run enumeration... took 0.73 sec. and succeeded! 
Pricing will be done by the labelling algorithm.
ColGenEvalAlg final dual bound: 4456.2 (rounded: 4456.2)
----- Add fac. cuts : CAP(4) R1C(153), max.viol = 0.371959, aver.viol = 0.128219, sep/add took 0.0297549/0.557693 sec. -----
49919 columns (7447 active), 1073 dyn. constrs. (226 active), 1321 art. vars. (468 active)
<DWph=2> <it=  1> <et=1081.76> <Mt= 0.07> <Spt= 0.06> <nCl= 20> <DB= 4456.6739> <Mlp= 4456.6739> <PB=4462.6> 
<DWph=1> <it=  2> <et=1081.81> <Mt= 0.00> <Spt= 0.05> <nCl=  1> <DB= 4456.6739> <Mlp= 4456.6739> <PB=4462.6> 
<DWph=0> <it=  7> <et=1082.17> <Mt= 0.04> <Spt= 0.32> <nCl=401> <DB= 4456.5827> <Mlp= 4456.5827> <PB=4462.6> 
ColGenEvalAlg final dual bound: 4456.58 (rounded: 4456.58)
Gap improvement since the last cut separation : 0.0592907 (4456.2)
----- Add fac. cuts : R1C(155), max.viol = 0.210106, aver.viol = 0.0539808, sep/add took 0.0262698/0.530488 sec. -----
50341 columns (7869 active), 1228 dyn. constrs. (238 active), 1476 art. vars. (480 active)
<DWph=2> <it=  1> <et=1083.07> <Mt= 0.09> <Spt= 0.06> <nCl= 15> <DB= 4456.7569> <Mlp= 4456.7569> <PB=4462.6> 
<DWph=1> <it=  2> <et=1083.13> <Mt= 0.00> <Spt= 0.05> <nCl=  1> <DB= 4456.7569> <Mlp= 4456.7569> <PB=4462.6> 
<DWph=0> <it=  6> <et=1083.35> <Mt= 0.02> <Spt= 0.20> <nCl=230> <DB= 4456.7545> <Mlp= 4456.7545> <PB=4462.6> 
ColGenEvalAlg final dual bound: 4456.75 (rounded: 4456.75)
Gap improvement since the last cut separation : 0.0285513 (4456.58)
----- Add fac. cuts : R1C(150), max.viol = 0.159722, aver.viol = 0.0591667, sep/add took 0.0216951/0.458735 sec. -----
50587 columns (8115 active), 1240 dyn. constrs. (240 active), 1626 art. vars. (482 active)
<DWph=2> <it=  1> <et=1084.13> <Mt= 0.05> <Spt= 0.06> <nCl=  2> <DB= 4456.8151> <Mlp= 4456.8151> <PB=4462.6> 
<DWph=1> <it=  3> <et=1084.22> <Mt= 0.00> <Spt= 0.08> <nCl=  4> <DB= 4456.8151> <Mlp= 4456.8151> <PB=4462.6> 
<DWph=0> <it=  9> <et=1084.63> <Mt= 0.09> <Spt= 0.31> <nCl=293> <DB= 4456.8000> <Mlp= 4456.8000> <PB=4462.6> 
ColGenEvalAlg final dual bound: 4456.8 (rounded: 4456.8)
Gap improvement since the last cut separation : 0.00778141 (4456.75)
----- Add fac. cuts : R1C(340), max.viol = 0.25, aver.viol = 0.140441, sep/add took 0.205863/1.11263 sec. -----
50886 columns (8414 active), 1434 dyn. constrs. (447 active), 1966 art. vars. (689 active)
<DWph=2> <it=  1> <et=1086.27> <Mt= 0.04> <Spt= 0.06> <nCl=  1> <DB= 4456.8084> <Mlp= 4456.8084> <PB=4462.6> 
<DWph=1> <it=  2> <et=1086.33> <Mt= 0.01> <Spt= 0.05> <nCl=  0> <DB= 4456.8084> <Mlp= 4456.8084> <PB=4462.6> 
<DWph=0> <it=  4> <et=1086.47> <Mt= 0.01> <Spt= 0.13> <nCl= 64> <DB= 4456.8084> <Mlp= 4456.8084> <PB=4462.6> 
ColGenEvalAlg final dual bound: 4456.81 (rounded: 4456.81)
Gap improvement since the last cut separation : 0.00144231 (4456.8)
----- Add fac. cuts : R1C(368), max.viol = 0.26875, aver.viol = 0.176053, sep/add took 0.531773/1.30919 sec. -----
50951 columns (8479 active), 1671 dyn. constrs. (465 active), 2334 art. vars. (707 active)
<DWph=2> <it=  1> <et=1088.69> <Mt= 0.11> <Spt= 0.06> <nCl=  0> <DB= 4456.8338> <Mlp= 4456.8338> <PB=4462.6> 
<DWph=1> <it=  2> <et=1088.75> <Mt= 0.00> <Spt= 0.05> <nCl=  0> <DB= 4456.8338> <Mlp= 4456.8338> <PB=4462.6> 
<DWph=0> <it=  6> <et=1089.15> <Mt= 0.12> <Spt= 0.28> <nCl=196> <DB= 4456.8309> <Mlp= 4456.8309> <PB=4462.6> 
ColGenEvalAlg final dual bound: 4456.83 (rounded: 4456.83)
Gap improvement since the last cut separation : 0.00389545 (4456.81)
----- Add fac. cuts : CAP(1) R1C(534), max.viol = 0.201314, aver.viol = 0.112568, sep/add took 0.914676/1.96098 sec. -----
51147 columns (8675 active), 1857 dyn. constrs. (646 active), 2869 art. vars. (888 active)
<DWph=2> <it=  1> <et=1092.37> <Mt= 0.06> <Spt= 0.05> <nCl=  0> <DB= 4456.8583> <Mlp= 4456.8583> <PB=4462.6> 
<DWph=1> <it=  3> <et=1092.47> <Mt= 0.01> <Spt= 0.08> <nCl=  3> <DB= 4456.8583> <Mlp= 4456.8583> <PB=4462.6> 
<DWph=0> <it=  6> <et=1092.66> <Mt= 0.03> <Spt= 0.16> <nCl= 52> <DB= 4456.8583> <Mlp= 4456.8583> <PB=4462.6> 
Reduced cost fixing for graph G_0...  took 0.09 sec., done by inspection with 403555 solutions, remains 215771 (53.5%)
 TT = 0.154117, pt = 0.004236, dt = 0.003949, ct = 0, ndl = 4716', bdl = 6156', odl = 562', odf = 12444', lpcb = 6802', cnt = 20973', bdch = 58428', odch = 10652', lcp = 16953'
took 0.15 sec., 4891 buck. arcs remain (96.3% from prev., 1.6% from max.)
ColGenEvalAlg final dual bound: 4456.86 (rounded: 4456.86)
Gap improvement since the last cut separation : 0.00475066 (4456.83)
----- Add fac. cuts : R1C(222), max.viol = 0.0833333, aver.viol = 0.0833333, sep/add took 0.427016/0.788464 sec. -----
51202 columns (8730 active), 1726 dyn. constrs. (336 active), 3091 art. vars. (578 active)
<DWph=2> <it=  2> <et=1094.43> <Mt= 0.08> <Spt= 0.10> <nCl=  2> <DB= 4456.8923> <Mlp= 4456.8923> <PB=4462.6> 
<DWph=1> <it=  3> <et=1094.49> <Mt= 0.01> <Spt= 0.05> <nCl=  0> <DB= 4456.8923> <Mlp= 4456.8923> <PB=4462.6> 
<DWph=0> <it=  7> <et=1094.76> <Mt= 0.02> <Spt= 0.24> <nCl=200> <DB= 4456.8856> <Mlp= 4456.8856> <PB=4462.6> 
ColGenEvalAlg final dual bound: 4456.89 (rounded: 4456.89)
Gap improvement since the last cut separation : 0.00474468 (4456.86)
----- Add fac. cuts : R1C(378), max.viol = 0.177096, aver.viol = 0.119688, sep/add took 0.776879/1.48408 sec. -----
51404 columns (8932 active), 1573 dyn. constrs. (477 active), 3469 art. vars. (719 active)
<DWph=2> <it=  1> <et=1097.34> <Mt= 0.08> <Spt= 0.06> <nCl=  0> <DB= 4456.9287> <Mlp= 4456.9287> <PB=4462.6> 
<DWph=1> <it=  3> <et=1097.44> <Mt= 0.02> <Spt= 0.08> <nCl=  5> <DB= 4456.9284> <Mlp= 4456.9284> <PB=4462.6> 
<DWph=0> <it=  7> <et=1097.77> <Mt= 0.05> <Spt= 0.28> <nCl=203> <DB= 4456.9141> <Mlp= 4456.9141> <PB=4462.6> 
ColGenEvalAlg final dual bound: 4456.91 (rounded: 4456.91)
Gap improvement since the last cut separation : 0.00499208 (4456.89)
----- Cut generation is stopped due to tailing off -----
SB exact phase 3 branch on var x[(103, 116)]_0_12458_0_OspV (lhs=0.487805) : [4458.8667, 4456.9141], tree depth = 2.748, tree size = 11.43, score = -0.362
************************************************************************************************
**** BaB tree node (N° 97, parent N° 95, depth 13)
**** Local DB = 4456.91, global bounds : [ 4445.12 , 4462.6 ], TIME = 0h18m18s1t = 109801
**** 13 open nodes, ETS : 97, 51612 columns (9140 active), 965 dyn. constrs. (103 active), 1207 art. vars. (345 active)
************************************************************************************************
**** Strong branching phase 2 is started *****
<DWph=1> <it=  5> <et=1098.44> <Mt= 0.13> <Spt= 0.26> <nCl=  8> <DB= 4459.4452> <Mlp= 4459.4452> <PB=4462.6> 
<DWph=1> <it=  4> <et=1098.91> <Mt= 0.16> <Spt= 0.18> <nCl= 35> <DB= 4459.1000> <Mlp= 4459.1000> <PB=4462.6> 
SB phase 2 cand.  1 branch on var x[(30, 4)]_0_3514_0_OspV (lhs=0.4872)  : [ 4459.1000,  4459.4452], score = 5.53 (h)  <et=1098.97>
<DWph=1> <it=  2> <et=1099.21> <Mt= 0.09> <Spt= 0.11> <nCl=  0> <DB= 4461.7500> <Mlp= 4461.7500> <PB=4462.6> 
<DWph=1> <it=  3> <et=1099.52> <Mt= 0.09> <Spt= 0.13> <nCl=  5> <DB= 4458.7111> <Mlp= 4458.7111> <PB=4462.6> 
SB phase 2 cand.  2 branch on var x[(103, 4)]_0_12347_0_OspV (lhs=0.4872): [ 4458.7111,  4461.7500], score = 8.69      <et=1099.58>
**** Strong branching phase 3 is started *****
**** SB phase 3 evaluation of candidate 1, branch 1 ( x[(103, 4)]_0_12347_0_OspV >= 1 ), value = 4461.75
<DWph=2> <it=  1> <et=1099.79> <Mt= 0.00> <Spt= 0.05> <nCl=  0> <DB= 4461.7500> <Mlp= 4461.7500> <PB=4462.6> 
<DWph=1> <it=  2> <et=1099.84> <Mt= 0.00> <Spt= 0.05> <nCl=  0> <DB= 4461.7500> <Mlp= 4461.7500> <PB=4462.6> 
<DWph=0> <it= 10> <et=1100.23> <Mt= 0.06> <Spt= 0.33> <nCl=289> <DB= 4461.6794> <Mlp= 4461.7500> <PB=4462.6> 
<DWph=0> <it= 12> <et=1100.34> <Mt= 0.01> <Spt= 0.10> <nCl= 33> <DB= 4461.7500> <Mlp= 4461.7500> <PB=4462.6> 
Reduced cost fixing for graph G_0...  took 0.04 sec., done by inspection with 215771 solutions, remains 12203 (5.66%)
<DWph=2> <it= 13> <et=1100.87> <Mt= 0.04> <Spt= 0.05> <nCl=  0> <DB= 4461.7500> <Mlp= 4461.7500> <PB=4462.6> 
<DWph=1> <it= 14> <et=1100.91> <Mt= 0.00> <Spt= 0.04> <nCl=  0> <DB= 4461.7500> <Mlp= 4461.7500> <PB=4462.6> 
<DWph=0> <it= 15> <et=1100.91> <Mt= 0.00> <Spt= 0.00> <nCl=  0> <DB= 4461.7500> <Mlp= 4461.7500> <PB=4462.6> 
<DWph=0> <it= 15> <et=1100.91> <Mt= 0.00> <Spt= 0.00> <nCl=  0> <DB= 4461.7500> <Mlp= 4461.7500> <PB=4462.6> 
ColGenEvalAlg final dual bound: 4461.75 (rounded: 4461.75)
----- Add fac. cuts : CAP(1) R1C(100), max.viol = 0.5, aver.viol = 0.5, sep/add took 0.424267/0.0666604 sec. -----
53876 columns (2259 active), 1054 dyn. constrs. (205 active), 1296 art. vars. (447 active)
<DWph=2> <it=  1> <et=1101.48> <Mt= 0.01> <Spt= 0.04> <nCl=  0> <DB= 4461.9000> <Mlp= 4461.9000> <PB=4462.6> 
<DWph=1> <it=  2> <et=1101.52> <Mt= 0.00> <Spt= 0.04> <nCl=  0> <DB= 4461.9000> <Mlp= 4461.9000> <PB=4462.6> 
<DWph=0> <it=  5> <et=1101.68> <Mt= 0.00> <Spt= 0.15> <nCl=330> <DB= 4461.9000> <Mlp= 4461.9000> <PB=4462.6> 
Reduced cost fixing for graph G_0...  took 0 sec., done by inspection with 12203 solutions, remains 5779 (47.4%)
ColGenEvalAlg final dual bound: 4461.9 (rounded: 4461.9)
Gap improvement since the last cut separation : 0.176471 (4461.75)
----- Terminating the node by MIP -----
**** SB phase 3 evaluation of candidate 1, branch 2 ( x[(103, 4)]_0_12347_0_OspV <= 0 ), value = 4458.71
<DWph=2> <it=  1> <et=1102.74> <Mt= 0.01> <Spt= 0.06> <nCl=  0> <DB= 4458.7111> <Mlp= 4458.7111> <PB=4462.6> 
<DWph=1> <it=  2> <et=1102.79> <Mt= 0.00> <Spt= 0.05> <nCl=  0> <DB= 4458.7111> <Mlp= 4458.7111> <PB=4462.6> 
<DWph=0> <it=  5> <et=1102.94> <Mt= 0.01> <Spt= 0.13> <nCl= 97> <DB= 4458.7071> <Mlp= 4458.7071> <PB=4462.6> 
Reduced cost fixing for graph G_0...  took 0.07 sec., done by inspection with 215771 solutions, remains 94067 (43.6%)
<DWph=2> <it=  6> <et=1104.06> <Mt= 0.17> <Spt= 0.04> <nCl=  0> <DB= 4459.4222> <Mlp= 4459.4222> <PB=4462.6> 
<DWph=1> <it=  7> <et=1104.11> <Mt= 0.00> <Spt= 0.04> <nCl=  0> <DB= 4459.4222> <Mlp= 4459.4222> <PB=4462.6> 
<DWph=0> <it= 10> <et=1104.37> <Mt= 0.04> <Spt= 0.23> <nCl=506> <DB= 4447.2999> <Mlp= 4459.3220> <PB=4462.6> 
<DWph=0> <it= 12> <et=1104.53> <Mt= 0.00> <Spt= 0.15> <nCl=174> <DB= 4459.2732> <Mlp= 4459.2732> <PB=4462.6> 
Reduced cost fixing for graph G_0...  took 0.02 sec., done by inspection with 94067 solutions, remains 42763 (45.5%)
ColGenEvalAlg final dual bound: 4459.27 (rounded: 4459.27)
----- Add fac. cuts : CAP(6) R1C(150), max.viol = 0.243902, aver.viol = 0.146498, sep/add took 0.0178524/0.342999 sec. -----
55151 columns (3539 active), 1107 dyn. constrs. (222 active), 1450 art. vars. (464 active)
<DWph=2> <it=  1> <et=1105.13> <Mt= 0.01> <Spt= 0.06> <nCl=  0> <DB= 4459.2971> <Mlp= 4459.2971> <PB=4462.6> 
<DWph=1> <it=  2> <et=1105.17> <Mt= 0.00> <Spt= 0.04> <nCl=  0> <DB= 4459.2971> <Mlp= 4459.2971> <PB=4462.6> 
<DWph=0> <it=  4> <et=1105.33> <Mt= 0.01> <Spt= 0.16> <nCl=343> <DB= 4459.2875> <Mlp= 4459.2875> <PB=4462.6> 
Reduced cost fixing for graph G_0...  took 0.01 sec., done by inspection with 42763 solutions, remains 42279 (98.9%)
ColGenEvalAlg final dual bound: 4459.29 (rounded: 4459.29)
Gap improvement since the last cut separation : 0.00430718 (4459.27)
----- Add fac. cuts : R1C(286), max.viol = 0.2, aver.viol = 0.0649476, sep/add took 0.222034/0.341271 sec. -----
55494 columns (3861 active), 1393 dyn. constrs. (355 active), 1736 art. vars. (597 active)
<DWph=2> <it=  1> <et=1106.05> <Mt= 0.02> <Spt= 0.04> <nCl=  0> <DB= 4460.1738> <Mlp= 4460.1738> <PB=4462.6> 
<DWph=1> <it=  2> <et=1106.09> <Mt= 0.00> <Spt= 0.04> <nCl=  0> <DB= 4460.1738> <Mlp= 4460.1738> <PB=4462.6> 
<DWph=0> <it=  7> <et=1106.52> <Mt= 0.08> <Spt= 0.35> <nCl=589> <DB= 4459.8409> <Mlp= 4459.8409> <PB=4462.6> 
Reduced cost fixing for graph G_0...  took 0.01 sec., done by inspection with 42279 solutions, remains 30619 (72.4%)
ColGenEvalAlg final dual bound: 4459.84 (rounded: 4459.84)
Gap improvement since the last cut separation : 0.167067 (4459.29)
----- Add fac. cuts : CAP(1) R1C(344), max.viol = 0.160839, aver.viol = 0.138532, sep/add took 0.264976/0.370551 sec. -----
56062 columns (3402 active), 1586 dyn. constrs. (437 active), 2081 art. vars. (679 active)
<DWph=2> <it=  1> <et=1107.35> <Mt= 0.02> <Spt= 0.04> <nCl=  0> <DB= 4460.2378> <Mlp= 4460.2378> <PB=4462.6> 
<DWph=1> <it=  2> <et=1107.39> <Mt= 0.00> <Spt= 0.04> <nCl=  0> <DB= 4460.2378> <Mlp= 4460.2378> <PB=4462.6> 
<DWph=0> <it=  4> <et=1107.58> <Mt= 0.01> <Spt= 0.18> <nCl=274> <DB= 4460.2373> <Mlp= 4460.2373> <PB=4462.6> 
Reduced cost fixing for graph G_0...  took 0.01 sec., done by inspection with 30619 solutions, remains 25635 (83.7%)
ColGenEvalAlg final dual bound: 4460.24 (rounded: 4460.24)
Gap improvement since the last cut separation : 0.143663 (4459.84)
----- Add fac. cuts : R1C(292), max.viol = 0.195857, aver.viol = 0.0628047, sep/add took 0.295524/0.278716 sec. -----
55288 columns (3340 active), 1618 dyn. constrs. (387 active), 2373 art. vars. (629 active)
<DWph=2> <it=  1> <et=1108.38> <Mt= 0.01> <Spt= 0.05> <nCl=  0> <DB= 4460.2750> <Mlp= 4460.2750> <PB=4462.6> 
<DWph=1> <it=  2> <et=1108.42> <Mt= 0.00> <Spt= 0.04> <nCl=  0> <DB= 4460.2750> <Mlp= 4460.2750> <PB=4462.6> 
<DWph=0> <it=  3> <et=1108.50> <Mt= 0.00> <Spt= 0.07> <nCl= 58> <DB= 4460.2750> <Mlp= 4460.2750> <PB=4462.6> 
Reduced cost fixing for graph G_0...  took 0 sec., done by inspection with 25635 solutions, remains 25387 (99%)
ColGenEvalAlg final dual bound: 4460.27 (rounded: 4460.27)
Gap improvement since the last cut separation : 0.0159613 (4460.24)
----- Add fac. cuts : sep. took 0.475879 sec.----- no cuts found  -----
SB exact phase 3 branch on var x[(103, 4)]_0_12347_0_OspV (lhs=0.487179) : [4462.6, 4460.275], tree depth = 1.287, tree size = 2.88, score = -0.2263
************************************************************************************************
**** BaB tree node (N° 99, parent N° 97, depth 14)
**** Local DB = 4460.27, global bounds : [ 4445.12 , 4462.6 ], TIME = 0h18m29s19t = 110919
**** 14 open nodes, ETS : 99, 54952 columns (3340 active), 987 dyn. constrs. (94 active), 1229 art. vars. (336 active)
************************************************************************************************
**** Strong branching phase 3 is started *****
**** SB phase 3 evaluation of candidate 1, branch 1 ( x[(0, 118)]_0_14157_0_OspV >= 1 ), value = 1e+12
<DWph=2> <it=  1> <et=1109.23> <Mt= 0.00> <Spt= 0.00> <nCl=  0> <DB= 4460.2750> <Mlp= 4460.2750> <PB=4462.6> 
<DWph=2> <it=  1> <et=1109.23> <Mt= 0.00> <Spt= 0.00> <nCl=  0> <DB= 4460.2750> <Mlp= 4460.2750> <PB=4462.6> 
<DWph=1> <it=  2> <et=1109.23> <Mt= 0.00> <Spt= 0.00> <nCl=  0> <DB= 4460.2750> <Mlp= 4460.2750> <PB=4462.6> 
<DWph=1> <it=  2> <et=1109.23> <Mt= 0.00> <Spt= 0.00> <nCl=  0> <DB= 4460.2750> <Mlp= 4460.2750> <PB=4462.6> 
<DWph=0> <it=  3> <et=1109.23> <Mt= 0.01> <Spt= 0.00> <nCl=  0> <DB= 4460.2750> <Mlp= 4460.2750> <PB=4462.6> 
<DWph=0> <it=  3> <et=1109.23> <Mt= 0.00> <Spt= 0.00> <nCl=  0> <DB= 4460.2750> <Mlp= 4460.2750> <PB=4462.6> 
ColGenEvalAlg final dual bound: 4460.27 (rounded: 4460.27)
----- Add fac. cuts : R1C(82), max.viol = 0.25, aver.viol = 0.25, sep/add took 0.514701/0.104463 sec. -----
54952 columns (3340 active), 1070 dyn. constrs. (177 active), 1312 art. vars. (419 active)
<DWph=2> <it=  1> <et=1109.89> <Mt= 0.00> <Spt= 0.00> <nCl=  0> <DB= 4460.2750> <Mlp= 4460.2750> <PB=4462.6> 
<DWph=2> <it=  1> <et=1109.89> <Mt= 0.00> <Spt= 0.00> <nCl=  0> <DB= 4460.2750> <Mlp= 4460.2750> <PB=4462.6> 
<DWph=1> <it=  2> <et=1109.89> <Mt= 0.00> <Spt= 0.00> <nCl=  0> <DB= 4460.2750> <Mlp= 4460.2750> <PB=4462.6> 
<DWph=1> <it=  2> <et=1109.89> <Mt= 0.00> <Spt= 0.00> <nCl=  0> <DB= 4460.2750> <Mlp= 4460.2750> <PB=4462.6> 
<DWph=0> <it=  3> <et=1109.89> <Mt= 0.00> <Spt= 0.00> <nCl=  0> <DB= 4460.2750> <Mlp= 4460.2750> <PB=4462.6> 
<DWph=0> <it=  3> <et=1109.89> <Mt= 0.00> <Spt= 0.00> <nCl=  0> <DB= 4460.2750> <Mlp= 4460.2750> <PB=4462.6> 
ColGenEvalAlg final dual bound: 4460.27 (rounded: 4460.27)
Gap improvement since the last cut separation : 5.71124e-11 (4460.27)
----- Add fac. cuts : sep. took 0.518771 sec.----- no cuts found  -----
**** SB phase 3 evaluation of candidate 1, branch 2 ( x[(0, 118)]_0_14157_0_OspV <= 0 ), value = 1e+12
<DWph=2> <it=  1> <et=1110.66> <Mt= 0.02> <Spt= 0.00> <nCl=  0> <DB= 4460.2750> <Mlp= 4460.2750> <PB=4462.6> 
<DWph=2> <it=  1> <et=1110.66> <Mt= 0.00> <Spt= 0.00> <nCl=  0> <DB= 4460.2750> <Mlp= 4460.2750> <PB=4462.6> 
<DWph=1> <it=  2> <et=1110.66> <Mt= 0.00> <Spt= 0.00> <nCl=  0> <DB= 4460.2750> <Mlp= 4460.2750> <PB=4462.6> 
<DWph=1> <it=  2> <et=1110.66> <Mt= 0.00> <Spt= 0.00> <nCl=  0> <DB= 4460.2750> <Mlp= 4460.2750> <PB=4462.6> 
<DWph=0> <it=  3> <et=1110.66> <Mt= 0.00> <Spt= 0.00> <nCl=  0> <DB= 4460.2750> <Mlp= 4460.2750> <PB=4462.6> 
<DWph=0> <it=  3> <et=1110.66> <Mt= 0.00> <Spt= 0.00> <nCl=  0> <DB= 4460.2750> <Mlp= 4460.2750> <PB=4462.6> 
ColGenEvalAlg final dual bound: 4460.27 (rounded: 4460.27)
----- Add fac. cuts : sep. took 0.560221 sec.----- no cuts found  -----
SB exact phase 3 branch on var x[(0, 118)]_0_14157_0_OspV (lhs=0.5) : [4460.275, 4460.275], tree depth = 1e+12, tree size = 1e+12, score = -1e+12
************************************************************************************************
**** BaB tree node (N° 100, parent N° 99, depth 15)
**** Local DB = 4460.27, global bounds : [ 4445.12 , 4462.6 ], TIME = 0h18m31s30t = 111130
**** 15 open nodes, ETS : 101, 49371 columns (3340 active), 1030 dyn. constrs. (95 active), 1272 art. vars. (337 active)
************************************************************************************************
**** Strong branching phase 1 is started *****
SB phase 1 cand.  1 branch on var x[(24, 71)]_0_2854_0_OspV (lhs=0.5000)   : [ 4460.4000,  4460.7000], score = 0.05 (h)  <et=1111.38>
SB phase 1 cand.  2 branch on var x[(101, 39)]_0_12140_0_OspV (lhs=0.5000) : [ 4460.4000,  4460.7000], score = 0.05      <et=1111.4>
SB phase 1 cand.  3 branch on var x[(7, 81)]_0_807_0_OspV (lhs=0.5000)     : [ 4460.7500,  9787.5467], score = 1.11 (h)  <et=1111.45>
SB phase 1 cand.  4 branch on var x[(103, 113)]_0_12455_0_OspV (lhs=0.5000): [ 4461.0500,  4461.8500], score = 1.22      <et=1111.48>
SB phase 1 cand.  5 branch on var x[(30, 4)]_0_3514_0_OspV (lhs=0.7500)    : [ 4460.4000,  4465.0000], score = 0.29 (h)  <et=1111.52>
SB phase 1 cand.  7 branch on var x[(36, 40)]_0_4275_0_OspV (lhs=0.2500)   : [ 4460.6000,  4472.8000], score = 0.76 (h)  <et=1111.57>
SB phase 1 cand. 21 branch on var x[(19, 66)]_0_2244_0_OspV (lhs=0.7500)   : [ 4460.6000,  4472.8000], score = 0.76 (h)  <et=1111.91>
SB phase 1 cand. 31 branch on var x[(22, 1)]_0_2543_0_OspV (lhs=0.2500)    : [ 4460.7000,  4465.2000], score = 0.99 (h)  <et=1112.19>
SB phase 1 cand. 47 branch on var x[(11, 85)]_0_1295_0_OspV (lhs=0.7500)   : [ 4460.7000,  4465.2000], score = 0.99 (h)  <et=1112.59>
**** Strong branching phase 2 is started *****
<DWph=0> <it=  4> <et=1112.94> <Mt= 0.03> <Spt= 0.21> <nCl=260> <DB= 4461.8500> <Mlp= 4461.8500> <PB=4462.6> 
<DWph=0> <it=  5> <et=1113.40> <Mt= 0.06> <Spt= 0.24> <nCl=396> <DB= 4461.0500> <Mlp= 4461.0500> <PB=4462.6> 
SB phase 2 cand.  1 branch on var x[(103, 113)]_0_12455_0_OspV (lhs=0.5000): [ 4461.0500,  4461.8500], score = 1.22      <et=1113.44>
<DWph=0> <it=  7> <et=1114.08> <Mt= 0.22> <Spt= 0.37> <nCl=515> <DB= 4462.3000> <Mlp= 4462.3000> <PB=4462.6> 
<DWph=0> <it=  4> <et=1114.44> <Mt= 0.04> <Spt= 0.21> <nCl=245> <DB= 4460.7500> <Mlp= 4460.7500> <PB=4462.6> 
SB phase 2 cand.  2 branch on var x[(7, 81)]_0_807_0_OspV (lhs=0.5000)     : [ 4460.7500,  4462.3000], score = 0.96 (h)  <et=1114.48>
<DWph=0> <it=  6> <et=1114.84> <Mt= 0.05> <Spt= 0.24> <nCl=276> <DB= 4463.1616> <Mlp= 4464.7000> <PB=4462.6> 
<DWph=0> <it=  4> <et=1115.10> <Mt= 0.01> <Spt= 0.18> <nCl=236> <DB= 4460.7000> <Mlp= 4460.7000> <PB=4462.6> 
SB phase 2 cand.  3 branch on var x[(11, 85)]_0_1295_0_OspV (lhs=0.7500)   : [ 4460.7000,  4464.7000], score = 0.99 (h)  <et=1115.14>
**** Strong branching phase 3 is started *****
**** SB phase 3 evaluation of candidate 1, branch 1 ( x[(103, 113)]_0_12455_0_OspV >= 1 ), value = 4461.85
<DWph=2> <it=  1> <et=1115.27> <Mt= 0.01> <Spt= 0.04> <nCl=  0> <DB= 4461.8500> <Mlp= 4461.8500> <PB=4462.6> 
<DWph=1> <it=  2> <et=1115.31> <Mt= 0.00> <Spt= 0.04> <nCl=  0> <DB= 4461.8500> <Mlp= 4461.8500> <PB=4462.6> 
<DWph=0> <it=  3> <et=1115.38> <Mt= 0.00> <Spt= 0.06> <nCl=  0> <DB= 4461.8500> <Mlp= 4461.8500> <PB=4462.6> 
Reduced cost fixing for graph G_0...  took 0.01 sec., done by inspection with 25387 solutions, remains 14955 (58.9%)
ColGenEvalAlg final dual bound: 4461.85 (rounded: 4461.85)
----- Add fac. cuts : CAP(1), max.viol = 0.5, aver.viol = 0.5, sep/add took 0.490749/0.0373425 sec. -----
50023 columns (2891 active), 1033 dyn. constrs. (108 active), 1279 art. vars. (350 active)
<DWph=2> <it=  1> <et=1116.07> <Mt= 0.01> <Spt= 0.04> <nCl=  0> <DB= 4462.0500> <Mlp= 4462.0500> <PB=4462.6> 
<DWph=1> <it=  2> <et=1116.11> <Mt= 0.00> <Spt= 0.04> <nCl=  0> <DB= 4462.0500> <Mlp= 4462.0500> <PB=4462.6> 
<DWph=0> <it=  3> <et=1116.18> <Mt= 0.00> <Spt= 0.07> <nCl= 71> <DB= 4462.0500> <Mlp= 4462.0500> <PB=4462.6> 
Reduced cost fixing for graph G_0...  took 0 sec., done by inspection with 14955 solutions, remains 12359 (82.6%)
ColGenEvalAlg final dual bound: 4462.05 (rounded: 4462.05)
Gap improvement since the last cut separation : 0.266667 (4461.85)
----- Add fac. cuts : R1C(112), max.viol = 0.5, aver.viol = 0.5, sep/add took 0.190276/0.0929596 sec. -----
50094 columns (2735 active), 1145 dyn. constrs. (191 active), 1391 art. vars. (433 active)
<DWph=2> <it=  1> <et=1116.58> <Mt= 0.01> <Spt= 0.05> <nCl=  0> <DB= 4462.0500> <Mlp= 4462.0500> <PB=4462.6> 
<DWph=1> <it=  2> <et=1116.62> <Mt= 0.00> <Spt= 0.04> <nCl=  0> <DB= 4462.0500> <Mlp= 4462.0500> <PB=4462.6> 
<DWph=0> <it=  3> <et=1116.63> <Mt= 0.00> <Spt= 0.00> <nCl=  0> <DB= 4462.0500> <Mlp= 4462.0500> <PB=4462.6> 
<DWph=0> <it=  3> <et=1116.63> <Mt= 0.00> <Spt= 0.00> <nCl=  0> <DB= 4462.0500> <Mlp= 4462.0500> <PB=4462.6> 
ColGenEvalAlg final dual bound: 4462.05 (rounded: 4462.05)
Gap improvement since the last cut separation : 1.60402e-10 (4462.05)
----- Add fac. cuts : R1C(237), max.viol = 0.5, aver.viol = 0.5, sep/add took 0.480668/0.193532 sec. -----
50094 columns (2735 active), 1382 dyn. constrs. (428 active), 1628 art. vars. (670 active)
<DWph=2> <it=  1> <et=1117.39> <Mt= 0.00> <Spt= 0.04> <nCl=  0> <DB= 4462.0500> <Mlp= 4462.0500> <PB=4462.6> 
<DWph=1> <it=  2> <et=1117.43> <Mt= 0.00> <Spt= 0.04> <nCl=  0> <DB= 4462.0500> <Mlp= 4462.0500> <PB=4462.6> 
<DWph=0> <it=  3> <et=1117.43> <Mt= 0.00> <Spt= 0.00> <nCl=  0> <DB= 4462.0500> <Mlp= 4462.0500> <PB=4462.6> 
<DWph=0> <it=  3> <et=1117.43> <Mt= 0.00> <Spt= 0.00> <nCl=  0> <DB= 4462.0500> <Mlp= 4462.0500> <PB=4462.6> 
ColGenEvalAlg final dual bound: 4462.05 (rounded: 4462.05)
Gap improvement since the last cut separation : 2.14971e-11 (4462.05)
----- Add fac. cuts : sep. took 0.472518 sec.----- no cuts found  -----
**** SB phase 3 evaluation of candidate 1, branch 2 ( x[(103, 113)]_0_12455_0_OspV <= 0 ), value = 4461.05
<DWph=2> <it=  1> <et=1118.06> <Mt= 0.01> <Spt= 0.06> <nCl=  0> <DB= 4461.0500> <Mlp= 4461.0500> <PB=4462.6> 
<DWph=1> <it=  2> <et=1118.10> <Mt= 0.00> <Spt= 0.04> <nCl=  0> <DB= 4461.0500> <Mlp= 4461.0500> <PB=4462.6> 
<DWph=0> <it=  3> <et=1118.17> <Mt= 0.00> <Spt= 0.06> <nCl=  0> <DB= 4461.0500> <Mlp= 4461.0500> <PB=4462.6> 
Reduced cost fixing for graph G_0...  took 0 sec., done by inspection with 25387 solutions, remains 21651 (85.3%)
ColGenEvalAlg final dual bound: 4461.05 (rounded: 4461.05)
----- Add fac. cuts : R1C(108), max.viol = 0.5, aver.viol = 0.5, sep/add took 0.448759/0.105756 sec. -----
50086 columns (3452 active), 1490 dyn. constrs. (192 active), 1732 art. vars. (434 active)
<DWph=2> <it=  1> <et=1118.85> <Mt= 0.01> <Spt= 0.05> <nCl=  0> <DB= 4461.0500> <Mlp= 4461.0500> <PB=4462.6> 
<DWph=1> <it=  2> <et=1118.89> <Mt= 0.00> <Spt= 0.03> <nCl=  0> <DB= 4461.0500> <Mlp= 4461.0500> <PB=4462.6> 
<DWph=0> <it=  3> <et=1118.89> <Mt= 0.00> <Spt= 0.00> <nCl=  0> <DB= 4461.0500> <Mlp= 4461.0500> <PB=4462.6> 
<DWph=0> <it=  3> <et=1118.89> <Mt= 0.00> <Spt= 0.00> <nCl=  0> <DB= 4461.0500> <Mlp= 4461.0500> <PB=4462.6> 
ColGenEvalAlg final dual bound: 4461.05 (rounded: 4461.05)
Gap improvement since the last cut separation : -8.39082e-11 (4461.05)
----- Add fac. cuts : sep. took 0.449666 sec.----- no cuts found  -----
SB exact phase 3 branch on var x[(103, 113)]_0_12455_0_OspV (lhs=0.5) : [4462.05, 4461.05], tree depth = 1.931, tree size = 5.627, score = -0.8306
************************************************************************************************
**** BaB tree node (N° 103, parent N° 100, depth 16)
**** Local DB = 4461.05, global bounds : [ 4445.12 , 4462.6 ], TIME = 0h18m39s40t = 111940
**** 16 open nodes, ETS : 103, 50086 columns (3452 active), 1490 dyn. constrs. (192 active), 1732 art. vars. (434 active)
************************************************************************************************
**** Strong branching phase 3 is started *****
**** SB phase 3 evaluation of candidate 1, branch 1 ( x[(0, 105)]_0_12584_0_OspV >= 1 ), value = 1e+12
<DWph=2> <it=  1> <et=1119.50> <Mt= 0.02> <Spt= 0.05> <nCl=  0> <DB= 4464.3667> <Mlp= 4464.3667> <PB=4462.6> 
<DWph=1> <it=  2> <et=1119.54> <Mt= 0.00> <Spt= 0.04> <nCl=  0> <DB= 4464.3667> <Mlp= 4464.3667> <PB=4462.6> 
<DWph=0> <it=  6> <et=1119.84> <Mt= 0.02> <Spt= 0.27> <nCl=288> <DB= 4461.4000> <Mlp= 4461.4000> <PB=4462.6> 
Reduced cost fixing for graph G_0...  took 0 sec., done by inspection with 21651 solutions, remains 9097 (42%)
ColGenEvalAlg final dual bound: 4461.4 (rounded: 4461.4)
----- Terminating the node by MIP -----
**** SB phase 3 evaluation of candidate 1, branch 2 ( x[(0, 105)]_0_12584_0_OspV <= 0 ), value = 1e+12
<DWph=2> <it=  1> <et=1121.33> <Mt= 0.01> <Spt= 0.04> <nCl=  0> <DB= 4461.4000> <Mlp= 4461.4000> <PB=4462.6> 
<DWph=1> <it=  2> <et=1121.37> <Mt= 0.00> <Spt= 0.05> <nCl=  0> <DB= 4461.4000> <Mlp= 4461.4000> <PB=4462.6> 
<DWph=0> <it=  8> <et=1121.74> <Mt= 0.04> <Spt= 0.32> <nCl=737> <DB= 4461.2692> <Mlp= 4461.2692> <PB=4462.6> 
Reduced cost fixing for graph G_0...  took 0 sec., done by inspection with 21651 solutions, remains 17408 (80.4%)
ColGenEvalAlg final dual bound: 4461.27 (rounded: 4461.27)
----- Add fac. cuts : CAP(6) R1C(150), max.viol = 0.230769, aver.viol = 0.113412, sep/add took 0.0173361/0.32185 sec. -----
50749 columns (3505 active), 1573 dyn. constrs. (226 active), 1815 art. vars. (468 active)
<DWph=2> <it=  1> <et=1122.34> <Mt= 0.00> <Spt= 0.06> <nCl=  0> <DB= 4461.4000> <Mlp= 4461.4000> <PB=4462.6> 
<DWph=1> <it=  2> <et=1122.39> <Mt= 0.00> <Spt= 0.04> <nCl=  0> <DB= 4461.4000> <Mlp= 4461.4000> <PB=4462.6> 
<DWph=0> <it=  3> <et=1122.48> <Mt= 0.01> <Spt= 0.08> <nCl=120> <DB= 4461.4000> <Mlp= 4461.4000> <PB=4462.6> 
Reduced cost fixing for graph G_0...  took 0 sec., done by inspection with 17408 solutions, remains 14997 (86.2%)
ColGenEvalAlg final dual bound: 4461.4 (rounded: 4461.4)
Gap improvement since the last cut separation : 0.0982659 (4461.27)
----- Add fac. cuts : CAP(1), max.viol = 0.5, aver.viol = 0.5, sep/add took 0.454203/0.0317333 sec. -----
50869 columns (3484 active), 1574 dyn. constrs. (78 active), 1816 art. vars. (320 active)
<DWph=2> <it=  1> <et=1123.09> <Mt= 0.00> <Spt= 0.05> <nCl=  0> <DB= 4461.6000> <Mlp= 4461.6000> <PB=4462.6> 
<DWph=1> <it=  2> <et=1123.13> <Mt= 0.00> <Spt= 0.05> <nCl=  0> <DB= 4461.6000> <Mlp= 4461.6000> <PB=4462.6> 
<DWph=0> <it=  5> <et=1123.28> <Mt= 0.01> <Spt= 0.14> <nCl=227> <DB= 4461.6000> <Mlp= 4461.6000> <PB=4462.6> 
Reduced cost fixing for graph G_0...  took 0 sec., done by inspection with 14997 solutions, remains 10384 (69.2%)
ColGenEvalAlg final dual bound: 4461.6 (rounded: 4461.6)
Gap improvement since the last cut separation : 0.166667 (4461.4)
----- Add fac. cuts : CAP(2), max.viol = 0.5, aver.viol = 0.5, sep/add took 0.448011/0.0411364 sec. -----
51076 columns (3020 active), 1430 dyn. constrs. (73 active), 1818 art. vars. (315 active)
<DWph=2> <it=  1> <et=1123.90> <Mt= 0.01> <Spt= 0.04> <nCl=  0> <DB= 4461.6000> <Mlp= 4461.6000> <PB=4462.6> 
<DWph=1> <it=  2> <et=1123.94> <Mt= 0.00> <Spt= 0.04> <nCl=  0> <DB= 4461.6000> <Mlp= 4461.6000> <PB=4462.6> 
<DWph=0> <it=  3> <et=1123.95> <Mt= 0.00> <Spt= 0.00> <nCl=  0> <DB= 4461.6000> <Mlp= 4461.6000> <PB=4462.6> 
<DWph=0> <it=  3> <et=1123.95> <Mt= 0.00> <Spt= 0.00> <nCl=  0> <DB= 4461.6000> <Mlp= 4461.6000> <PB=4462.6> 
ColGenEvalAlg final dual bound: 4461.6 (rounded: 4461.6)
Gap improvement since the last cut separation : 1.9827e-10 (4461.6)
----- Add fac. cuts : sep. took 0.464599 sec.----- no cuts found  -----
SB exact phase 3 branch on var x[(0, 105)]_0_12584_0_OspV (lhs=0.5) : [4462.6, 4461.6], tree depth = 1.612, tree size = 4.112, score = -1.04
************************************************************************************************
**** BaB tree node (N° 105, parent N° 103, depth 17)
**** Local DB = 4461.6, global bounds : [ 4445.12 , 4462.6 ], TIME = 0h18m44s46t = 112446
**** 17 open nodes, ETS : 105, 51060 columns (3020 active), 1427 dyn. constrs. (73 active), 1669 art. vars. (315 active)
************************************************************************************************
**** Strong branching phase 3 is started *****
**** SB phase 3 evaluation of candidate 1, branch 1 ( x[(0, 110)]_0_13189_0_OspV >= 1 ), value = 1e+12
<DWph=2> <it=  1> <et=1124.54> <Mt= 0.01> <Spt= 0.05> <nCl=  0> <DB= 4463.9567> <Mlp= 4463.9567> <PB=4462.6> 
<DWph=1> <it=  2> <et=1124.58> <Mt= 0.00> <Spt= 0.04> <nCl=  0> <DB= 4463.9567> <Mlp= 4463.9567> <PB=4462.6> 
<DWph=0> <it=  4> <et=1124.68> <Mt= 0.00> <Spt= 0.09> <nCl=202> <DB= 4463.9167> <Mlp= 4463.9167> <PB=4462.6> 
ColGenEvalAlg final dual bound: 4463.92 (rounded: 4463.92)
**** SB phase 3 evaluation of candidate 1, branch 2 ( x[(0, 110)]_0_13189_0_OspV <= 0 ), value = 1e+12
<DWph=2> <it=  1> <et=1124.76> <Mt= 0.00> <Spt= 0.00> <nCl=  0> <DB= 4461.6000> <Mlp= 4461.6000> <PB=4462.6> 
<DWph=2> <it=  1> <et=1124.76> <Mt= 0.00> <Spt= 0.00> <nCl=  0> <DB= 4461.6000> <Mlp= 4461.6000> <PB=4462.6> 
<DWph=1> <it=  2> <et=1124.76> <Mt= 0.00> <Spt= 0.00> <nCl=  0> <DB= 4461.6000> <Mlp= 4461.6000> <PB=4462.6> 
<DWph=1> <it=  2> <et=1124.76> <Mt= 0.00> <Spt= 0.00> <nCl=  0> <DB= 4461.6000> <Mlp= 4461.6000> <PB=4462.6> 
<DWph=0> <it=  3> <et=1124.76> <Mt= 0.00> <Spt= 0.00> <nCl=  0> <DB= 4461.6000> <Mlp= 4461.6000> <PB=4462.6> 
<DWph=0> <it=  3> <et=1124.76> <Mt= 0.00> <Spt= 0.00> <nCl=  0> <DB= 4461.6000> <Mlp= 4461.6000> <PB=4462.6> 
ColGenEvalAlg final dual bound: 4461.6 (rounded: 4461.6)
----- Add fac. cuts : R1C(108), max.viol = 0.5, aver.viol = 0.5, sep/add took 0.437346/0.0903904 sec. -----
51169 columns (3020 active), 1422 dyn. constrs. (182 active), 1664 art. vars. (424 active)
<DWph=2> <it=  1> <et=1125.32> <Mt= 0.01> <Spt= 0.00> <nCl=  0> <DB= 4461.6000> <Mlp= 4461.6000> <PB=4462.6> 
<DWph=2> <it=  1> <et=1125.32> <Mt= 0.00> <Spt= 0.00> <nCl=  0> <DB= 4461.6000> <Mlp= 4461.6000> <PB=4462.6> 
<DWph=1> <it=  2> <et=1125.32> <Mt= 0.00> <Spt= 0.00> <nCl=  0> <DB= 4461.6000> <Mlp= 4461.6000> <PB=4462.6> 
<DWph=1> <it=  2> <et=1125.32> <Mt= 0.00> <Spt= 0.00> <nCl=  0> <DB= 4461.6000> <Mlp= 4461.6000> <PB=4462.6> 
<DWph=0> <it=  3> <et=1125.32> <Mt= 0.00> <Spt= 0.00> <nCl=  0> <DB= 4461.6000> <Mlp= 4461.6000> <PB=4462.6> 
<DWph=0> <it=  3> <et=1125.32> <Mt= 0.00> <Spt= 0.00> <nCl=  0> <DB= 4461.6000> <Mlp= 4461.6000> <PB=4462.6> 
ColGenEvalAlg final dual bound: 4461.6 (rounded: 4461.6)
Gap improvement since the last cut separation : 2.76486e-10 (4461.6)
----- Add fac. cuts : sep. took 0.471371 sec.----- no cuts found  -----
SB exact phase 3 branch on var x[(0, 110)]_0_13189_0_OspV (lhs=0.5) : [4463.9167, 4461.6], tree depth = 10.43, tree size = 2764, score = -10.43
************************************************************************************************
**** BaB tree node (N° 107, parent N° 105, depth 18)
**** Local DB = 4461.6, global bounds : [ 4445.12 , 4462.6 ], TIME = 0h18m45s85t = 112585
**** 18 open nodes, ETS : 107, 50967 columns (3020 active), 1422 dyn. constrs. (182 active), 1664 art. vars. (424 active)
************************************************************************************************
**** Strong branching phase 1 is started *****
SB phase 1 cand.  1 branch on var x[(36, 40)]_0_4275_0_OspV (lhs=0.5000)   : [ 4466.1143,  4473.6000], score = 54.17 (h)  <et=1125.9>
SB phase 1 cand.  2 branch on var x[(0, 104)]_0_12463_0_OspV (lhs=0.5000)  : [ 4461.6000,  4461.7000], score = 0.00      <et=1125.91>
SB phase 1 cand.  3 branch on var x[(7, 81)]_0_807_0_OspV (lhs=0.5000)     : [ 4466.4000, 11121.6250], score = 31968.12 (h)  <et=1125.94>
SB phase 1 cand.  4 branch on var x[(0, 62)]_0_7381_0_OspV (lhs=0.5000)    : [ 4461.8500,  4469.5000], score = 0.25      <et=1125.96>
SB phase 1 cand.  5 branch on var x[(68, 54)]_0_8162_0_OspV (lhs=0.5000)   : [ 4466.4000,  4469.5000], score = 37.92 (h)  <et=1125.99>
SB phase 1 cand.  7 branch on var x[(12, 96)]_0_1427_0_OspV (lhs=0.5000)   : [ 4466.1143,  4473.6000], score = 54.17 (h)  <et=1126.03>
SB phase 1 cand. 13 branch on var x[(69, 40)]_0_8269_0_OspV (lhs=0.5000)   : [ 4466.1143,  4473.6000], score = 54.17 (h)  <et=1126.18>
SB phase 1 cand. 23 branch on var x[(12, 36)]_0_1367_0_OspV (lhs=0.5000)   : [ 4466.1143,  4473.6000], score = 54.17 (h)  <et=1126.39>
SB phase 1 cand. 27 branch on var x[(36, 96)]_0_4331_0_OspV (lhs=0.5000)   : [ 4466.3143,  4473.6000], score = 56.57 (h)  <et=1126.46>
**** Strong branching phase 2 is started *****
<DWph=0> <it=  3> <et=1127.09> <Mt= 0.01> <Spt= 0.12> <nCl= 95> <DB=11056.7250> <Mlp=11121.6250> <PB=4462.6> 
<DWph=0> <it=  6> <et=1127.49> <Mt= 0.02> <Spt= 0.26> <nCl=356> <DB= 4466.2000> <Mlp= 4466.2000> <PB=4462.6> 
 SB phase 2 candidate 1 is conquered !
**** Strong branching phase 3 is started *****
**** SB phase 3 evaluation of candidate 1, branch 1 ( x[(7, 81)]_0_807_0_OspV >= 1 ), value = 1e+12
**** SB phase 3 evaluation of candidate 1, branch 2 ( x[(7, 81)]_0_807_0_OspV <= 0 ), value = 4466.2
 SB phase 3 candidate 1 is conquered !
************************************************************************************************
**** BaB tree node (N° 102, parent N° 100, depth 16)
**** Local DB = 4462.05, global bounds : [ 4445.12 , 4462.6 ], TIME = 0h18m47s56t = 112756
**** 15 open nodes, ETS : 109, 51323 columns (3376 active), 1427 dyn. constrs. (183 active), 1669 art. vars. (425 active)
************************************************************************************************
**** Strong branching phase 3 is started *****
**** SB phase 3 evaluation of candidate 1, branch 1 ( x[(0, 103)]_0_12342_0_OspV >= 1 ), value = 1e+12
<DWph=2> <it=  1> <et=1127.76> <Mt= 0.03> <Spt= 0.04> <nCl=  0> <DB=13340.4083> <Mlp=13340.4083> <PB=4462.6> 
<DWph=1> <it=  2> <et=1127.80> <Mt= 0.00> <Spt= 0.04> <nCl=  0> <DB=13340.4083> <Mlp=13340.4083> <PB=4462.6> 
<DWph=0> <it=  5> <et=1128.08> <Mt= 0.07> <Spt= 0.22> <nCl=347> <DB= 4468.4000> <Mlp= 4468.4000> <PB=4462.6> 
ColGenEvalAlg final dual bound: 4468.4 (rounded: 4468.4)
**** SB phase 3 evaluation of candidate 1, branch 2 ( x[(0, 103)]_0_12342_0_OspV <= 0 ), value = 1e+12
<DWph=2> <it=  1> <et=1128.26> <Mt= 0.00> <Spt= 0.03> <nCl=  0> <DB= 4462.1500> <Mlp= 4462.1500> <PB=4462.6> 
<DWph=1> <it=  2> <et=1128.31> <Mt= 0.00> <Spt= 0.05> <nCl=  0> <DB= 4462.1500> <Mlp= 4462.1500> <PB=4462.6> 
<DWph=0> <it=  3> <et=1128.39> <Mt= 0.00> <Spt= 0.07> <nCl= 49> <DB= 4462.1500> <Mlp= 4462.1500> <PB=4462.6> 
Reduced cost fixing for graph G_0...  took 0 sec., done by inspection with 12359 solutions, remains 11843 (95.8%)
ColGenEvalAlg final dual bound: 4462.15 (rounded: 4462.15)
----- Add fac. cuts : CAP(1), max.viol = 0.5, aver.viol = 0.5, sep/add took 0.491985/0.0133384 sec. -----
49739 columns (2691 active), 1303 dyn. constrs. (82 active), 1545 art. vars. (324 active)
<DWph=2> <it=  1> <et=1129.03> <Mt= 0.01> <Spt= 0.05> <nCl=  0> <DB= 4466.3500> <Mlp= 4466.3500> <PB=4462.6> 
<DWph=1> <it=  2> <et=1129.07> <Mt= 0.00> <Spt= 0.04> <nCl=  0> <DB= 4466.3500> <Mlp= 4466.3500> <PB=4462.6> 
<DWph=0> <it=  3> <et=1129.13> <Mt= 0.01> <Spt= 0.05> <nCl=  6> <DB= 4466.3500> <Mlp= 4466.3500> <PB=4462.6> 
ColGenEvalAlg final dual bound: 4466.35 (rounded: 4466.35)
Gap improvement since the last cut separation : 9.33333 (4462.15)
 SB phase 3 candidate 1 is conquered !
************************************************************************************************
**** BaB tree node (N° 101, parent N° 99, depth 15)
**** Local DB = 4460.27, global bounds : [ 4445.12 , 4462.6 ], TIME = 0h18m49s20t = 112920
**** 14 open nodes, ETS : 111, 49745 columns (2697 active), 1303 dyn. constrs. (82 active), 1545 art. vars. (324 active)
************************************************************************************************
**** Strong branching phase 1 is started *****
SB phase 1 cand.  1 branch on var x[(24, 71)]_0_2854_0_OspV (lhs=0.5000)   : [ 4460.4000,  4460.7000], score = 0.05 (h)  <et=1129.29>
SB phase 1 cand.  2 branch on var x[(0, 39)]_0_4598_0_OspV (lhs=0.5000)    : [ 4460.4000,  4460.7000], score = 0.05      <et=1129.32>
SB phase 1 cand.  3 branch on var x[(7, 81)]_0_807_0_OspV (lhs=0.5000)     : [ 4460.7500,  9787.6000], score = 1.11 (h)  <et=1129.38>
SB phase 1 cand.  4 branch on var x[(101, 39)]_0_12140_0_OspV (lhs=0.5000) : [ 4460.4000,  4460.7000], score = 0.05      <et=1129.4>
SB phase 1 cand.  5 branch on var x[(30, 4)]_0_3514_0_OspV (lhs=0.7500)    : [ 4460.4000,  4465.0000], score = 0.29 (h)  <et=1129.43>
SB phase 1 cand.  7 branch on var x[(36, 40)]_0_4275_0_OspV (lhs=0.2500)   : [ 4460.6000,  4472.8000], score = 0.76 (h)  <et=1129.48>
SB phase 1 cand.  9 branch on var x[(7, 103)]_0_829_0_OspV (lhs=0.2500)    : [ 4460.6000,  4461.9500], score = 0.54 (h)  <et=1129.52>
SB phase 1 cand. 13 branch on var x[(103, 113)]_0_12455_0_OspV (lhs=0.5000): [ 4461.0500,  4461.8500], score = 1.22 (h)  <et=1129.61>
SB phase 1 cand. 17 branch on var x[(68, 54)]_0_8162_0_OspV (lhs=0.7500)   : [ 4460.7000,  4462.3000], score = 0.86 (h)  <et=1129.7>
SB phase 1 cand. 33 branch on var x[(11, 85)]_0_1295_0_OspV (lhs=0.7500)   : [ 4460.7000,  4465.2000], score = 0.99 (h)  <et=1130.09>
SB phase 1 cand. 35 branch on var x[(22, 1)]_0_2543_0_OspV (lhs=0.2500)    : [ 4460.7000,  4465.2000], score = 0.99 (h)  <et=1130.16>
**** Strong branching phase 2 is started *****
<DWph=0> <it=  5> <et=1130.79> <Mt= 0.01> <Spt= 0.25> <nCl=295> <DB= 4461.8500> <Mlp= 4461.8500> <PB=4462.6> 
<DWph=0> <it=  5> <et=1131.29> <Mt= 0.05> <Spt= 0.26> <nCl=433> <DB= 4461.0500> <Mlp= 4461.0500> <PB=4462.6> 
SB phase 2 cand.  1 branch on var x[(103, 113)]_0_12455_0_OspV (lhs=0.5000): [ 4461.0500,  4461.8500], score = 1.22 (h)  <et=1131.34>
<DWph=0> <it=  5> <et=1131.65> <Mt= 0.03> <Spt= 0.24> <nCl=345> <DB= 9607.9097> <Mlp= 9617.8097> <PB=4462.6> 
<DWph=0> <it=  4> <et=1131.97> <Mt= 0.01> <Spt= 0.23> <nCl=286> <DB= 4460.7500> <Mlp= 4460.7500> <PB=4462.6> 
SB phase 2 cand.  2 branch on var x[(7, 81)]_0_807_0_OspV (lhs=0.5000)     : [ 4460.7500, 1000000000000.0000], score = 475001.17 (h)  <et=1132.02>
<DWph=0> <it=  6> <et=1132.36> <Mt= 0.05> <Spt= 0.25> <nCl=349> <DB= 4464.7000> <Mlp= 4464.7000> <PB=4462.6> 
<DWph=0> <it=  4> <et=1132.62> <Mt= 0.01> <Spt= 0.19> <nCl=300> <DB= 4460.5750> <Mlp= 4460.5750> <PB=4462.6> 
SB phase 2 cand.  3 branch on var x[(22, 1)]_0_2543_0_OspV (lhs=0.2500)    : [ 4460.5750,  4464.7000], score = 0.70 (h)  <et=1132.67>
**** Strong branching phase 3 is started *****
**** SB phase 3 evaluation of candidate 1, branch 1 ( x[(7, 81)]_0_807_0_OspV >= 1 ), value = 1e+12
**** SB phase 3 evaluation of candidate 1, branch 2 ( x[(7, 81)]_0_807_0_OspV <= 0 ), value = 4460.75
<DWph=2> <it=  1> <et=1132.81> <Mt= 0.00> <Spt= 0.04> <nCl=  0> <DB= 4460.7500> <Mlp= 4460.7500> <PB=4462.6> 
<DWph=1> <it=  2> <et=1132.85> <Mt= 0.00> <Spt= 0.04> <nCl=  0> <DB= 4460.7500> <Mlp= 4460.7500> <PB=4462.6> 
<DWph=0> <it=  3> <et=1132.91> <Mt= 0.00> <Spt= 0.06> <nCl=  0> <DB= 4460.7500> <Mlp= 4460.7500> <PB=4462.6> 
Reduced cost fixing for graph G_0...  took 0.01 sec., done by inspection with 25387 solutions, remains 19251 (75.8%)
ColGenEvalAlg final dual bound: 4460.75 (rounded: 4460.75)
----- Add fac. cuts : CAP(6) R1C(139), max.viol = 0.25, aver.viol = 0.25, sep/add took 0.22859/0.284231 sec. -----
49657 columns (3238 active), 1094 dyn. constrs. (221 active), 1340 art. vars. (463 active)
<DWph=2> <it=  1> <et=1133.59> <Mt= 0.02> <Spt= 0.05> <nCl=  0> <DB= 4461.6333> <Mlp= 4461.6333> <PB=4462.6> 
<DWph=1> <it=  2> <et=1133.63> <Mt= 0.00> <Spt= 0.04> <nCl=  0> <DB= 4461.6333> <Mlp= 4461.6333> <PB=4462.6> 
<DWph=0> <it=  6> <et=1133.84> <Mt= 0.01> <Spt= 0.19> <nCl=325> <DB= 4461.6333> <Mlp= 4461.6333> <PB=4462.6> 
Reduced cost fixing for graph G_0...  took 0 sec., done by inspection with 19251 solutions, remains 9132 (47.4%)
ColGenEvalAlg final dual bound: 4461.63 (rounded: 4461.63)
Gap improvement since the last cut separation : 0.477477 (4460.75)
----- Terminating the node by MIP -----
 SB phase 3 candidate 1 is conquered !
************************************************************************************************
**** BaB tree node (N° 96, parent N° 95, depth 13)
**** Local DB = 4458.87, global bounds : [ 4445.12 , 4462.6 ], TIME = 0h18m55s3t = 113503
**** 12 open nodes, ETS : 113, 56624 columns (9293 active), 1094 dyn. constrs. (221 active), 1336 art. vars. (463 active)
************************************************************************************************
**** Strong branching phase 2 is started *****
<DWph=0> <it=  3> <et=1135.33> <Mt= 0.02> <Spt= 0.15> <nCl= 51> <DB= 4460.1500> <Mlp= 4460.1500> <PB=4462.6> 
<DWph=0> <it=  6> <et=1135.93> <Mt= 0.02> <Spt= 0.24> <nCl=312> <DB= 4465.5500> <Mlp= 4465.5500> <PB=4462.6> 
SB phase 2 cand.  1 branch on var x[(24, 71)]_0_2854_0_OspV (lhs=0.6667) : [ 4460.1500,  4465.5500], score = 4.79 (h)  <et=1135.99>
<DWph=2> <it=  1> <et=1136.02> <Mt= 0.01> <Spt= 0.00> <nCl=  0> <DB= 4458.8667> <Mlp= 4458.8667> <PB=4462.6> 
<DWph=1> <it=  2> <et=1136.02> <Mt= 0.00> <Spt= 0.00> <nCl=  0> <DB= 4458.8667> <Mlp= 4458.8667> <PB=4462.6> 
<DWph=0> <it=  3> <et=1136.02> <Mt= 0.00> <Spt= 0.00> <nCl=  0> <DB= 4458.8667> <Mlp= 4458.8667> <PB=4462.6> 
<DWph=0> <it=  3> <et=1136.02> <Mt= 0.00> <Spt= 0.00> <nCl=  0> <DB= 4458.8667> <Mlp= 4458.8667> <PB=4462.6> 
<DWph=2> <it=  1> <et=1136.09> <Mt= 0.00> <Spt= 0.00> <nCl=  0> <DB= 4458.8667> <Mlp= 4458.8667> <PB=4462.6> 
<DWph=1> <it=  2> <et=1136.09> <Mt= 0.00> <Spt= 0.00> <nCl=  0> <DB= 4458.8667> <Mlp= 4458.8667> <PB=4462.6> 
<DWph=0> <it=  3> <et=1136.09> <Mt= 0.00> <Spt= 0.00> <nCl=  0> <DB= 4458.8667> <Mlp= 4458.8667> <PB=4462.6> 
<DWph=0> <it=  3> <et=1136.09> <Mt= 0.00> <Spt= 0.00> <nCl=  0> <DB= 4458.8667> <Mlp= 4458.8667> <PB=4462.6> 
SB phase 2 cand.  2 branch on var x[(0, 104)]_0_12463_0_OspV (lhs=0.3333): [ 4458.8667,  4458.8667], score = 0.00      <et=1136.13>
**** Strong branching phase 3 is started *****
**** SB phase 3 evaluation of candidate 1, branch 1 ( x[(24, 71)]_0_2854_0_OspV <= 0 ), value = 4465.55
**** SB phase 3 evaluation of candidate 1, branch 2 ( x[(24, 71)]_0_2854_0_OspV >= 1 ), value = 4460.15
<DWph=2> <it=  1> <et=1136.26> <Mt= 0.02> <Spt= 0.04> <nCl=  0> <DB= 4460.1500> <Mlp= 4460.1500> <PB=4462.6> 
<DWph=1> <it=  2> <et=1136.30> <Mt= 0.00> <Spt= 0.03> <nCl=  0> <DB= 4460.1500> <Mlp= 4460.1500> <PB=4462.6> 
<DWph=0> <it=  3> <et=1136.36> <Mt= 0.00> <Spt= 0.06> <nCl=  0> <DB= 4460.1500> <Mlp= 4460.1500> <PB=4462.6> 
Reduced cost fixing for graph G_0...  took 0.01 sec., done by inspection with 27491 solutions, remains 18615 (67.7%)
ColGenEvalAlg final dual bound: 4460.15 (rounded: 4460.15)
----- Add fac. cuts : sep. took 0.444466 sec.----- no cuts found  -----
SB exact phase 3 branch on var x[(24, 71)]_0_2854_0_OspV (lhs=0.666667) : [4465.55, 4460.15], tree depth = 1.633, tree size = 4.204, score = -0.4375 (h)
************************************************************************************************
**** BaB tree node (N° 115, parent N° 96, depth 14)
**** Local DB = 4460.15, global bounds : [ 4445.12 , 4462.6 ], TIME = 0h18m56s92t = 113692
**** 13 open nodes, ETS : 115, 46082 columns (2124 active), 889 dyn. constrs. (56 active), 1131 art. vars. (298 active)
************************************************************************************************
**** Strong branching phase 3 is started *****
**** SB phase 3 evaluation of candidate 1, branch 1 ( x[(101, 0)]_0_12101_0_OspV >= 1 ), value = 1e+12
<DWph=2> <it=  1> <et=1136.95> <Mt= 0.00> <Spt= 0.00> <nCl=  0> <DB= 4460.1500> <Mlp= 4460.1500> <PB=4462.6> 
<DWph=2> <it=  1> <et=1136.95> <Mt= 0.00> <Spt= 0.00> <nCl=  0> <DB= 4460.1500> <Mlp= 4460.1500> <PB=4462.6> 
<DWph=1> <it=  2> <et=1136.95> <Mt= 0.00> <Spt= 0.00> <nCl=  0> <DB= 4460.1500> <Mlp= 4460.1500> <PB=4462.6> 
<DWph=1> <it=  2> <et=1136.95> <Mt= 0.00> <Spt= 0.00> <nCl=  0> <DB= 4460.1500> <Mlp= 4460.1500> <PB=4462.6> 
<DWph=0> <it=  3> <et=1136.95> <Mt= 0.00> <Spt= 0.00> <nCl=  0> <DB= 4460.1500> <Mlp= 4460.1500> <PB=4462.6> 
<DWph=0> <it=  3> <et=1136.95> <Mt= 0.00> <Spt= 0.00> <nCl=  0> <DB= 4460.1500> <Mlp= 4460.1500> <PB=4462.6> 
ColGenEvalAlg final dual bound: 4460.15 (rounded: 4460.15)
----- Add fac. cuts : R1C(192), max.viol = 0.5, aver.viol = 0.5, sep/add took 0.462755/0.129188 sec. -----
46082 columns (2124 active), 1082 dyn. constrs. (249 active), 1324 art. vars. (491 active)
<DWph=2> <it=  1> <et=1137.58> <Mt= 0.01> <Spt= 0.00> <nCl=  0> <DB= 4460.1500> <Mlp= 4460.1500> <PB=4462.6> 
<DWph=2> <it=  1> <et=1137.58> <Mt= 0.00> <Spt= 0.00> <nCl=  0> <DB= 4460.1500> <Mlp= 4460.1500> <PB=4462.6> 
<DWph=1> <it=  2> <et=1137.58> <Mt= 0.00> <Spt= 0.00> <nCl=  0> <DB= 4460.1500> <Mlp= 4460.1500> <PB=4462.6> 
<DWph=1> <it=  2> <et=1137.58> <Mt= 0.00> <Spt= 0.00> <nCl=  0> <DB= 4460.1500> <Mlp= 4460.1500> <PB=4462.6> 
<DWph=0> <it=  3> <et=1137.58> <Mt= 0.00> <Spt= 0.00> <nCl=  0> <DB= 4460.1500> <Mlp= 4460.1500> <PB=4462.6> 
<DWph=0> <it=  3> <et=1137.58> <Mt= 0.00> <Spt= 0.00> <nCl=  0> <DB= 4460.1500> <Mlp= 4460.1500> <PB=4462.6> 
ColGenEvalAlg final dual bound: 4460.15 (rounded: 4460.15)
Gap improvement since the last cut separation : 9.28056e-11 (4460.15)
----- Add fac. cuts : sep. took 0.460734 sec.----- no cuts found  -----
**** SB phase 3 evaluation of candidate 1, branch 2 ( x[(101, 0)]_0_12101_0_OspV <= 0 ), value = 1e+12
<DWph=2> <it=  1> <et=1138.13> <Mt= 0.00> <Spt= 0.00> <nCl=  0> <DB= 4460.1500> <Mlp= 4460.1500> <PB=4462.6> 
<DWph=2> <it=  1> <et=1138.13> <Mt= 0.00> <Spt= 0.00> <nCl=  0> <DB= 4460.1500> <Mlp= 4460.1500> <PB=4462.6> 
<DWph=1> <it=  2> <et=1138.13> <Mt= 0.00> <Spt= 0.00> <nCl=  0> <DB= 4460.1500> <Mlp= 4460.1500> <PB=4462.6> 
<DWph=1> <it=  2> <et=1138.13> <Mt= 0.00> <Spt= 0.00> <nCl=  0> <DB= 4460.1500> <Mlp= 4460.1500> <PB=4462.6> 
<DWph=0> <it=  3> <et=1138.13> <Mt= 0.00> <Spt= 0.00> <nCl=  0> <DB= 4460.1500> <Mlp= 4460.1500> <PB=4462.6> 
<DWph=0> <it=  3> <et=1138.13> <Mt= 0.00> <Spt= 0.00> <nCl=  0> <DB= 4460.1500> <Mlp= 4460.1500> <PB=4462.6> 
ColGenEvalAlg final dual bound: 4460.15 (rounded: 4460.15)
----- Add fac. cuts : sep. took 0.437754 sec.----- no cuts found  -----
SB exact phase 3 branch on var x[(101, 0)]_0_12101_0_OspV (lhs=0.5) : [4460.15, 4460.15], tree depth = 1e+12, tree size = 1e+12, score = -1e+12
************************************************************************************************
**** BaB tree node (N° 116, parent N° 115, depth 15)
**** Local DB = 4460.15, global bounds : [ 4445.12 , 4462.6 ], TIME = 0h18m58s64t = 113864
**** 14 open nodes, ETS : 117, 45625 columns (2124 active), 1075 dyn. constrs. (57 active), 1317 art. vars. (299 active)
************************************************************************************************
**** Strong branching phase 1 is started *****
SB phase 1 cand.  1 branch on var x[(15, 30)]_0_1724_0_OspV (lhs=0.5000)   : [ 4461.0000,  4461.2000], score = 0.89 (h)  <et=1138.72>
SB phase 1 cand.  2 branch on var x[(30, 63)]_0_3572_0_OspV (lhs=0.5000)   : [ 4461.0000,  4467.4000], score = 2.08      <et=1138.73>
SB phase 1 cand.  3 branch on var x[(4, 30)]_0_393_0_OspV (lhs=0.5000)     : [ 4461.0000,  4461.2000], score = 0.89 (h)  <et=1138.74>
SB phase 1 cand.  4 branch on var x[(49, 103)]_0_5911_0_OspV (lhs=0.5000)  : [ 4461.0000,  4461.2000], score = 0.89      <et=1138.76>
SB phase 1 cand.  9 branch on var x[(116, 4)]_0_13920_0_OspV (lhs=0.5000)  : [ 4461.0000, 13337.8667], score = 2.09 (h)  <et=1138.84>
SB phase 1 cand. 12 branch on var x[(4, 81)]_0_444_0_OspV (lhs=0.5000)     : [ 4461.0000, 13626.7687], score = 2.09 (h)  <et=1138.88>
SB phase 1 cand. 13 branch on var x[(15, 4)]_0_1699_0_OspV (lhs=0.5000)    : [ 4461.0000,  4467.4000], score = 2.08 (h)  <et=1138.89>
SB phase 1 cand. 16 branch on var x[(30, 21)]_0_3531_0_OspV (lhs=0.5000)   : [ 4461.0000, 13337.8667], score = 2.09 (h)  <et=1138.93>
**** Strong branching phase 2 is started *****
<DWph=0> <it=  5> <et=1139.25> <Mt= 0.02> <Spt= 0.26> <nCl=320> <DB=13350.1000> <Mlp=13350.1000> <PB=4462.6> 
----- Add core cuts : CAP(6), max.viol = 1, aver.viol = 1, sep/add took 0.00575746/0.154539 sec. -----
<DWph=0> <it=  3> <et=1139.68> <Mt= 0.01> <Spt= 0.15> <nCl= 68> <DB= 4461.2000> <Mlp= 4461.2000> <PB=4461.2> 
 SB phase 2 candidate 1 is conquered !
**** Strong branching phase 3 is started *****
**** SB phase 3 evaluation of candidate 1, branch 1 ( x[(4, 81)]_0_444_0_OspV >= 1 ), value = 1e+12
**** SB phase 3 evaluation of candidate 1, branch 2 ( x[(4, 81)]_0_444_0_OspV <= 0 ), value = 4461.2
 SB phase 3 candidate 1 is conquered !
New model incumbent solution 4461.2, TIME = 0h18m59s77t = 113977
************************************************************************************************
**** BaB tree node (N° 117, parent N° 115, depth 15)
**** Local DB = 4460.15, global bounds : [ 4445.12 , 4461.2 ], TIME = 0h18m59s79t = 113979
**** 13 open nodes, ETS : 119, 45693 columns (2192 active), 1087 dyn. constrs. (256 active), 1329 art. vars. (498 active)
************************************************************************************************
**** Strong branching phase 1 is started *****
SB phase 1 cand.  1 branch on var x[(15, 30)]_0_1724_0_OspV (lhs=0.5000)   : [ 4461.0000,  4461.2000], score = 0.89 (h)  <et=1139.85>
SB phase 1 cand.  2 branch on var x[(4, 30)]_0_393_0_OspV (lhs=0.5000)     : [ 4461.0000,  4461.2000], score = 0.89 (h)  <et=1139.86>
SB phase 1 cand.  3 branch on var x[(7, 103)]_0_829_0_OspV (lhs=0.5000)    : [ 4461.0000,  4461.2000], score = 0.89 (h)  <et=1139.87>
SB phase 1 cand.  4 branch on var x[(7, 81)]_0_807_0_OspV (lhs=0.5000)     : [ 4461.0000,  4461.2000], score = 0.89 (h)  <et=1139.88>
SB phase 1 cand.  5 branch on var x[(116, 4)]_0_13920_0_OspV (lhs=0.5000)  : [ 4461.0000, 13335.7000], score = 0.90 (h)  <et=1139.89>
SB phase 1 cand.  6 branch on var x[(16, 63)]_0_1878_0_OspV (lhs=0.5000)   : [ 4461.0000,  4461.2000], score = 0.89 (h)  <et=1139.91>
SB phase 1 cand.  7 branch on var x[(116, 21)]_0_13937_0_OspV (lhs=0.5000) : [ 4461.0000,  4461.2000], score = 0.89 (h)  <et=1139.93>
SB phase 1 cand.  8 branch on var x[(4, 81)]_0_444_0_OspV (lhs=0.5000)     : [ 4461.0000, 15005.6458], score = 0.90 (h)  <et=1139.94>
SB phase 1 cand.  9 branch on var x[(15, 4)]_0_1699_0_OspV (lhs=0.5000)    : [ 4461.0000,  4467.4000], score = 0.89 (h)  <et=1139.95>
SB phase 1 cand. 15 branch on var x[(30, 21)]_0_3531_0_OspV (lhs=0.5000)   : [ 4461.0000, 13335.7000], score = 0.90 (h)  <et=1140.01>
**** Strong branching phase 2 is started *****
<DWph=0> <it=  5> <et=1140.28> <Mt= 0.01> <Spt= 0.21> <nCl=318> <DB=13622.5294> <Mlp=13867.8294> <PB=4461.2> 
----- Add core cuts : CAP(8), max.viol = 1, aver.viol = 1, sep/add took 0.00939465/0.196981 sec. -----
<DWph=0> <it=  3> <et=1140.79> <Mt= 0.02> <Spt= 0.14> <nCl= 89> <DB= 4461.2000> <Mlp= 4461.2000> <PB=4461.2> 
 SB phase 2 candidate 1 is conquered !
**** Strong branching phase 3 is started *****
**** SB phase 3 evaluation of candidate 1, branch 1 ( x[(4, 81)]_0_444_0_OspV >= 1 ), value = 1e+12
**** SB phase 3 evaluation of candidate 1, branch 2 ( x[(4, 81)]_0_444_0_OspV <= 0 ), value = 4461.2
 SB phase 3 candidate 1 is conquered !
************************************************************************************************
**** BaB tree node (N° 94, parent N° 93, depth 12)
**** Local DB = 4459.43, global bounds : [ 4445.12 , 4461.2 ], TIME = 0h19m0s88t = 114088
**** 11 open nodes, ETS : 121, 45714 columns (2213 active), 896 dyn. constrs. (66 active), 1138 art. vars. (308 active)
************************************************************************************************
**** Strong branching phase 2 is started *****
<DWph=0> <it=  8> <et=1141.34> <Mt= 0.03> <Spt= 0.33> <nCl=546> <DB= 5500.4731> <Mlp= 5505.9731> <PB=4461.2> 
<DWph=0> <it=  7> <et=1141.83> <Mt= 0.03> <Spt= 0.31> <nCl=681> <DB= 4461.8500> <Mlp= 4461.8500> <PB=4461.2> 
 SB phase 2 candidate 1 is conquered !
**** Strong branching phase 3 is started *****
**** SB phase 3 evaluation of candidate 1, branch 1 ( x[(24, 71)]_0_2854_0_OspV >= 1 ), value = 1e+12
**** SB phase 3 evaluation of candidate 1, branch 2 ( x[(24, 71)]_0_2854_0_OspV <= 0 ), value = 4461.85
 SB phase 3 candidate 1 is conquered !
************************************************************************************************
**** BaB tree node (N° 90, parent N° 89, depth 10)
**** Local DB = 4454, global bounds : [ 4445.12 , 4461.2 ], TIME = 0h19m1s93t = 114193
**** 9 open nodes, ETS : 123, 44193 columns (2896 active), 856 dyn. constrs. (79 active), 1098 art. vars. (321 active)
************************************************************************************************
**** Strong branching phase 1 is started *****
SB phase 1 cand.  1 branch on var x[(24, 71)]_0_2854_0_OspV (lhs=0.5000)  : [ 4456.5000,  6936.9000], score = 18.01 (h)  <et=1142.3>
SB phase 1 cand.  2 branch on var x[(0, 105)]_0_12584_0_OspV (lhs=0.5000) : [ 4455.1290,  4455.5812], score = 1.79      <et=1142.47>
SB phase 1 cand.  3 branch on var x[(36, 40)]_0_4275_0_OspV (lhs=0.5000)  : [ 4457.5500,  4459.1500], score = 18.28 (h)  <et=1142.57>
SB phase 1 cand.  5 branch on var x[(8, 19)]_0_866_0_OspV (lhs=0.5000)    : [ 4456.5000,  7419.9952], score = 18.01 (h)  <et=1142.74>
SB phase 1 cand.  7 branch on var x[(7, 103)]_0_829_0_OspV (lhs=0.5000)   : [ 4457.0200,  4687.4945], score = 21.74 (h)  <et=1142.99>
SB phase 1 cand. 10 branch on var x[(105, 33)]_0_12618_0_OspV (lhs=0.5000): [ 4458.5000,  4477.2625], score = 32.40      <et=1143.39>
SB phase 1 cand. 13 branch on var x[(81, 11)]_0_9692_0_OspV (lhs=0.5000)  : [ 4457.0900,  4464.7500], score = 22.25 (h)  <et=1143.82>
SB phase 1 cand. 14 branch on var x[(11, 54)]_0_1264_0_OspV (lhs=0.5000)  : [ 4457.0900,  4474.3000], score = 22.25      <et=1143.94>
SB phase 1 cand. 20 branch on var x[(111, 29)]_0_13340_0_OspV (lhs=0.5000): [ 4457.0900,  4474.3000], score = 22.25      <et=1144.46>
SB phase 1 cand. 23 branch on var x[(11, 85)]_0_1295_0_OspV (lhs=0.5000)  : [ 4457.0900,  4474.3000], score = 22.25 (h)  <et=1144.78>
**** Strong branching phase 2 is started *****
<DWph=1> <it= 14> <et=1146.26> <Mt= 0.14> <Spt= 0.53> <nCl=133> <DB= 4458.5000> <Mlp= 4458.5000> <PB=4461.2> 
<DWph=1> <it= 10> <et=1147.01> <Mt= 0.13> <Spt= 0.39> <nCl= 57> <DB= 4456.5000> <Mlp= 4456.5000> <PB=4461.2> 
SB phase 2 cand.  1 branch on var x[(105, 33)]_0_12618_0_OspV (lhs=0.5000): [ 4456.5000,  4458.5000], score = 11.25      <et=1147.04>
<DWph=1> <it= 14> <et=1147.95> <Mt= 0.36> <Spt= 0.51> <nCl=195> <DB= 4468.9000> <Mlp= 4468.9000> <PB=4461.2> 
<DWph=2> <it=  8> <et=1148.32> <Mt= 0.08> <Spt= 0.22> <nCl= 24> <DB= 4353.9177> <Mlp= 4455.7071> <PB=4461.2> 
<DWph=1> <it=  9> <et=1148.38> <Mt= 0.00> <Spt= 0.06> <nCl= 30> <DB= 4401.5853> <Mlp= 4455.7071> <PB=4461.2> 
SB phase 2 cand.  2 branch on var x[(11, 54)]_0_1264_0_OspV (lhs=0.5000)  : [ 4455.7071,  4468.9000], score = 12.29      <et=1148.41>
<DWph=1> <it= 21> <et=1149.65> <Mt= 0.50> <Spt= 0.69> <nCl=244> <DB= 4468.9000> <Mlp= 4468.9000> <PB=4461.2> 
<DWph=1> <it=  8> <et=1150.05> <Mt= 0.03> <Spt= 0.30> <nCl= 34> <DB= 4457.0900> <Mlp= 4457.0900> <PB=4461.2> 
SB phase 2 cand.  3 branch on var x[(11, 85)]_0_1295_0_OspV (lhs=0.5000)  : [ 4457.0900,  4468.9000], score = 22.25 (h)  <et=1150.09>
**** Strong branching phase 3 is started *****
**** SB phase 3 evaluation of candidate 1, branch 1 ( x[(11, 85)]_0_1295_0_OspV <= 0 ), value = 4468.9
<DWph=2> <it=  1> <et=1150.23> <Mt= 0.00> <Spt= 0.05> <nCl=  3> <DB= 4468.9000> <Mlp= 4468.9000> <PB=4461.2> 
<DWph=1> <it=  2> <et=1150.28> <Mt= 0.00> <Spt= 0.04> <nCl=  0> <DB= 4468.9000> <Mlp= 4468.9000> <PB=4461.2> 
<DWph=0> <it= 10> <et=1150.66> <Mt= 0.10> <Spt= 0.28> <nCl=459> <DB= 4460.9000> <Mlp= 4460.9000> <PB=4461.2> 
Reduced cost fixing for graph G_0...  TT = 0.005302, pt = 0.001641, dt = 0.002965, ct = 0, ndl = 2418', bdl = 1496', odl = 244', odf = 4885', lpcb = 5116', cnt = 3658', bdch = 6802', odch = 1794', lcp = 1457'
took 0 sec., 2777 buck. arcs remain (49.6% from prev., 0.906% from max.)
Run enumeration... took 0.06 sec. and succeeded! 
<DWph=2> <it= 11> <et=1151.09> <Mt= 0.03> <Spt= 0.04> <nCl=  0> <DB= 4460.9000> <Mlp= 4460.9000> <PB=4461.2> 
<DWph=1> <it= 12> <et=1151.13> <Mt= 0.00> <Spt= 0.03> <nCl=  0> <DB= 4460.9000> <Mlp= 4460.9000> <PB=4461.2> 
<DWph=0> <it= 13> <et=1151.13> <Mt= 0.00> <Spt= 0.00> <nCl=  0> <DB= 4460.9000> <Mlp= 4460.9000> <PB=4461.2> 
<DWph=0> <it= 13> <et=1151.13> <Mt= 0.00> <Spt= 0.00> <nCl=  0> <DB= 4460.9000> <Mlp= 4460.9000> <PB=4461.2> 
ColGenEvalAlg final dual bound: 4460.9 (rounded: 4460.9)
----- Add fac. cuts : CAP(1), max.viol = 0.5, aver.viol = 0.5, sep/add took 0.508244/0.0316413 sec. -----
43186 columns (1855 active), 801 dyn. constrs. (63 active), 1043 art. vars. (305 active)
<DWph=2> <it=  1> <et=1151.74> <Mt= 0.00> <Spt= 0.04> <nCl=  0> <DB=12066.8000> <Mlp=12066.8000> <PB=4461.2> 
<DWph=1> <it=  2> <et=1151.78> <Mt= 0.00> <Spt= 0.04> <nCl=  0> <DB=12066.8000> <Mlp=12066.8000> <PB=4461.2> 
<DWph=0> <it=  4> <et=1151.90> <Mt= 0.02> <Spt= 0.10> <nCl=367> <DB= 4462.2333> <Mlp= 4462.2333> <PB=4461.2> 
ColGenEvalAlg final dual bound: 4462.23 (rounded: 4462.23)
Gap improvement since the last cut separation : 4.44444 (4460.9)
**** SB phase 3 evaluation of candidate 1, branch 2 ( x[(11, 85)]_0_1295_0_OspV >= 1 ), value = 4457.09
<DWph=2> <it=  1> <et=1152.24> <Mt= 0.01> <Spt= 0.04> <nCl=  0> <DB= 4457.0900> <Mlp= 4457.0900> <PB=4461.2> 
<DWph=1> <it=  2> <et=1152.29> <Mt= 0.00> <Spt= 0.05> <nCl=  0> <DB= 4457.0900> <Mlp= 4457.0900> <PB=4461.2> 
<DWph=0> <it=  8> <et=1152.53> <Mt= 0.04> <Spt= 0.20> <nCl=226> <DB= 4456.5691> <Mlp= 4456.5691> <PB=4461.2> 
Reduced cost fixing for graph G_0...  TT = 0.00456, pt = 0.001398, dt = 0.002493, ct = 0, ndl = 2555', bdl = 2313', odl = 484', odf = 7004', lpcb = 4612', cnt = 4675', bdch = 9222', odch = 2679', lcp = 1764'
took 0 sec., 4420 buck. arcs remain (78.9% from prev., 1.44% from max.)
Run enumeration... took 0.49 sec. and succeeded! 
Pricing will be done by the labelling algorithm.
ColGenEvalAlg final dual bound: 4456.57 (rounded: 4456.57)
----- Add fac. cuts : CAP(1) R1C(151), max.viol = 0.588235, aver.viol = 0.210913, sep/add took 0.0130719/0.424566 sec. -----
43779 columns (7137 active), 948 dyn. constrs. (198 active), 1191 art. vars. (440 active)
<DWph=2> <it=  1> <et=1153.70> <Mt= 0.04> <Spt= 0.05> <nCl=  1> <DB= 4457.0297> <Mlp= 4457.0297> <PB=4461.2> 
<DWph=1> <it=  2> <et=1153.75> <Mt= 0.01> <Spt= 0.04> <nCl=  0> <DB= 4457.0297> <Mlp= 4457.0297> <PB=4461.2> 
<DWph=0> <it=  6> <et=1153.93> <Mt= 0.01> <Spt= 0.17> <nCl=130> <DB= 4456.9478> <Mlp= 4456.9478> <PB=4461.2> 
ColGenEvalAlg final dual bound: 4456.95 (rounded: 4456.95)
Gap improvement since the last cut separation : 0.0817789 (4456.57)
----- Add fac. cuts : CAP(1) R1C(152), max.viol = 0.369565, aver.viol = 0.10216, sep/add took 0.0110303/0.514986 sec. -----
43910 columns (7268 active), 1101 dyn. constrs. (200 active), 1344 art. vars. (442 active)
<DWph=2> <it=  2> <et=1154.74> <Mt= 0.05> <Spt= 0.09> <nCl=  1> <DB= 4457.1304> <Mlp= 4457.1304> <PB=4461.2> 
<DWph=1> <it=  3> <et=1154.79> <Mt= 0.00> <Spt= 0.05> <nCl=  1> <DB= 4457.1304> <Mlp= 4457.1304> <PB=4461.2> 
<DWph=0> <it=  7> <et=1155.07> <Mt= 0.04> <Spt= 0.24> <nCl=274> <DB= 4457.0937> <Mlp= 4457.0937> <PB=4461.2> 
Reduced cost fixing for graph G_0...  took 0.05 sec., done by inspection with 278379 solutions, remains 127987 (46%)
<DWph=2> <it=  8> <et=1155.99> <Mt= 0.10> <Spt= 0.04> <nCl=  0> <DB= 4458.1125> <Mlp= 4458.1125> <PB=4461.2> 
<DWph=1> <it=  9> <et=1156.03> <Mt= 0.00> <Spt= 0.04> <nCl=  0> <DB= 4458.1125> <Mlp= 4458.1125> <PB=4461.2> 
<DWph=0> <it= 10> <et=1156.12> <Mt= 0.00> <Spt= 0.08> <nCl=150> <DB= 4131.0000> <Mlp= 4458.1125> <PB=4461.2> 
<DWph=0> <it= 17> <et=1156.83> <Mt= 0.15> <Spt= 0.58> <nCl=734> <DB= 4457.7333> <Mlp= 4457.7333> <PB=4461.2> 
Reduced cost fixing for graph G_0...  took 0.03 sec., done by inspection with 127987 solutions, remains 59867 (46.8%)
ColGenEvalAlg final dual bound: 4457.73 (rounded: 4457.73)
Gap improvement since the last cut separation : 0.184731 (4456.95)
----- Add fac. cuts : R1C(188), max.viol = 0.333333, aver.viol = 0.333333, sep/add took 0.196723/0.15264 sec. -----
44623 columns (2935 active), 1142 dyn. constrs. (236 active), 1532 art. vars. (478 active)
<DWph=2> <it=  1> <et=1157.49> <Mt= 0.00> <Spt= 0.04> <nCl=  0> <DB= 4457.7333> <Mlp= 4457.7333> <PB=4461.2> 
<DWph=1> <it=  2> <et=1157.54> <Mt= 0.00> <Spt= 0.05> <nCl=  0> <DB= 4457.7333> <Mlp= 4457.7333> <PB=4461.2> 
<DWph=0> <it=  3> <et=1157.54> <Mt= 0.01> <Spt= 0.00> <nCl=  0> <DB= 4457.7333> <Mlp= 4457.7333> <PB=4461.2> 
<DWph=0> <it=  3> <et=1157.54> <Mt= 0.00> <Spt= 0.00> <nCl=  0> <DB= 4457.7333> <Mlp= 4457.7333> <PB=4461.2> 
ColGenEvalAlg final dual bound: 4457.73 (rounded: 4457.73)
Gap improvement since the last cut separation : -1.86272e-11 (4457.73)
----- Add fac. cuts : sep. took 0.472177 sec.----- no cuts found  -----
SB exact phase 3 branch on var x[(11, 85)]_0_1295_0_OspV (lhs=0.5) : [4462.2333, 4457.7333], tree depth = 1.366, tree size = 3.155, score = -0.1897 (h)
************************************************************************************************
**** BaB tree node (N° 125, parent N° 90, depth 11)
**** Local DB = 4457.73, global bounds : [ 4445.12 , 4461.2 ], TIME = 0h19m18s19t = 115819
**** 10 open nodes, ETS : 125, 44232 columns (2935 active), 992 dyn. constrs. (236 active), 1234 art. vars. (478 active)
************************************************************************************************
**** Strong branching phase 3 is started *****
**** SB phase 3 evaluation of candidate 1, branch 1 ( x[(0, 104)]_0_12463_0_OspV >= 1 ), value = 1e+12
<DWph=2> <it=  1> <et=1158.23> <Mt= 0.00> <Spt= 0.00> <nCl=  0> <DB= 4457.7333> <Mlp= 4457.7333> <PB=4461.2> 
<DWph=2> <it=  1> <et=1158.23> <Mt= 0.00> <Spt= 0.00> <nCl=  0> <DB= 4457.7333> <Mlp= 4457.7333> <PB=4461.2> 
<DWph=1> <it=  2> <et=1158.23> <Mt= 0.00> <Spt= 0.00> <nCl=  0> <DB= 4457.7333> <Mlp= 4457.7333> <PB=4461.2> 
<DWph=1> <it=  2> <et=1158.23> <Mt= 0.00> <Spt= 0.00> <nCl=  0> <DB= 4457.7333> <Mlp= 4457.7333> <PB=4461.2> 
<DWph=0> <it=  3> <et=1158.23> <Mt= 0.00> <Spt= 0.00> <nCl=  0> <DB= 4457.7333> <Mlp= 4457.7333> <PB=4461.2> 
<DWph=0> <it=  3> <et=1158.23> <Mt= 0.00> <Spt= 0.00> <nCl=  0> <DB= 4457.7333> <Mlp= 4457.7333> <PB=4461.2> 
ColGenEvalAlg final dual bound: 4457.73 (rounded: 4457.73)
----- Add fac. cuts : CAP(1), max.viol = 0.333333, aver.viol = 0.333333, sep/add took 0.46065/0.00479733 sec. -----
44232 columns (2935 active), 994 dyn. constrs. (238 active), 1236 art. vars. (480 active)
<DWph=2> <it=  1> <et=1158.79> <Mt= 0.01> <Spt= 0.04> <nCl=  0> <DB= 4457.8444> <Mlp= 4457.8444> <PB=4461.2> 
<DWph=1> <it=  2> <et=1158.83> <Mt= 0.00> <Spt= 0.03> <nCl=  0> <DB= 4457.8444> <Mlp= 4457.8444> <PB=4461.2> 
<DWph=0> <it=  5> <et=1159.06> <Mt= 0.01> <Spt= 0.22> <nCl=354> <DB= 4457.8444> <Mlp= 4457.8444> <PB=4461.2> 
Reduced cost fixing for graph G_0...  took 0.02 sec., done by inspection with 59867 solutions, remains 55466 (92.6%)
ColGenEvalAlg final dual bound: 4457.84 (rounded: 4457.84)
Gap improvement since the last cut separation : 0.0320513 (4457.73)
----- Add fac. cuts : R1C(180), max.viol = 0.111111, aver.viol = 0.111111, sep/add took 0.557492/0.16284 sec. -----
43042 columns (3242 active), 1155 dyn. constrs. (228 active), 1416 art. vars. (470 active)
<DWph=2> <it=  1> <et=1160.01> <Mt= 0.01> <Spt= 0.04> <nCl=  0> <DB= 4457.8500> <Mlp= 4457.8500> <PB=4461.2> 
<DWph=1> <it=  2> <et=1160.05> <Mt= 0.00> <Spt= 0.04> <nCl=  0> <DB= 4457.8500> <Mlp= 4457.8500> <PB=4461.2> 
<DWph=0> <it=  3> <et=1160.13> <Mt= 0.00> <Spt= 0.08> <nCl=136> <DB= 4457.8500> <Mlp= 4457.8500> <PB=4461.2> 
Reduced cost fixing for graph G_0...  took 0.01 sec., done by inspection with 55466 solutions, remains 54367 (98%)
ColGenEvalAlg final dual bound: 4457.85 (rounded: 4457.85)
Gap improvement since the last cut separation : 0.00165563 (4457.84)
----- Add fac. cuts : sep. took 0.468899 sec.----- no cuts found  -----
**** SB phase 3 evaluation of candidate 1, branch 2 ( x[(0, 104)]_0_12463_0_OspV <= 0 ), value = 1e+12
<DWph=2> <it=  1> <et=1160.84> <Mt= 0.01> <Spt= 0.03> <nCl=  0> <DB= 4457.8500> <Mlp= 4457.8500> <PB=4461.2> 
<DWph=1> <it=  2> <et=1160.87> <Mt= 0.00> <Spt= 0.04> <nCl=  0> <DB= 4457.8500> <Mlp= 4457.8500> <PB=4461.2> 
<DWph=0> <it=  4> <et=1160.96> <Mt= 0.01> <Spt= 0.07> <nCl=150> <DB= 4457.7333> <Mlp= 4457.7333> <PB=4461.2> 
<DWph=0> <it=  4> <et=1160.96> <Mt= 0.00> <Spt= 0.00> <nCl=  0> <DB= 4457.7333> <Mlp= 4457.7333> <PB=4461.2> 
ColGenEvalAlg final dual bound: 4457.73 (rounded: 4457.73)
----- Add fac. cuts : R1C(180), max.viol = 0.333333, aver.viol = 0.333333, sep/add took 0.467739/0.196805 sec. -----
43328 columns (3085 active), 1159 dyn. constrs. (417 active), 1401 art. vars. (659 active)
<DWph=2> <it=  1> <et=1161.67> <Mt= 0.01> <Spt= 0.00> <nCl=  0> <DB= 4457.7333> <Mlp= 4457.7333> <PB=4461.2> 
<DWph=2> <it=  1> <et=1161.67> <Mt= 0.00> <Spt= 0.00> <nCl=  0> <DB= 4457.7333> <Mlp= 4457.7333> <PB=4461.2> 
<DWph=1> <it=  2> <et=1161.67> <Mt= 0.00> <Spt= 0.00> <nCl=  0> <DB= 4457.7333> <Mlp= 4457.7333> <PB=4461.2> 
<DWph=1> <it=  2> <et=1161.67> <Mt= 0.00> <Spt= 0.00> <nCl=  0> <DB= 4457.7333> <Mlp= 4457.7333> <PB=4461.2> 
<DWph=0> <it=  3> <et=1161.67> <Mt= 0.00> <Spt= 0.00> <nCl=  0> <DB= 4457.7333> <Mlp= 4457.7333> <PB=4461.2> 
<DWph=0> <it=  3> <et=1161.68> <Mt= 0.00> <Spt= 0.00> <nCl=  0> <DB= 4457.7333> <Mlp= 4457.7333> <PB=4461.2> 
ColGenEvalAlg final dual bound: 4457.73 (rounded: 4457.73)
Gap improvement since the last cut separation : 4.19767e-12 (4457.73)
----- Add fac. cuts : sep. took 0.464477 sec.----- no cuts found  -----
SB exact phase 3 branch on var x[(0, 104)]_0_12463_0_OspV (lhs=0.666667) : [4457.85, 4457.7333], tree depth = 1e+12, tree size = 1e+12, score = -53.84
************************************************************************************************
**** BaB tree node (N° 127, parent N° 125, depth 12)
**** Local DB = 4457.73, global bounds : [ 4445.12 , 4461.2 ], TIME = 0h19m22s23t = 116223
**** 11 open nodes, ETS : 127, 43328 columns (3085 active), 1159 dyn. constrs. (417 active), 1401 art. vars. (659 active)
************************************************************************************************
**** Strong branching phase 1 is started *****
SB phase 1 cand.  1 branch on var x[(24, 71)]_0_2854_0_OspV (lhs=0.6667)  : [ 6902.8727,  8897.4833], score = 10855807.62 (h)  <et=1162.32>
SB phase 1 cand.  2 branch on var x[(0, 105)]_0_12584_0_OspV (lhs=0.3333) : [ 4459.8500,  8588.2345], score = 7.35      <et=1162.41>
SB phase 1 cand.  3 branch on var x[(116, 54)]_0_13970_0_OspV (lhs=0.3333): [ 4457.7667, 13359.5000], score = 0.12 (h)  <et=1162.46>
SB phase 1 cand.  4 branch on var x[(0, 110)]_0_13189_0_OspV (lhs=0.6667) : [ 4457.8667,  4458.6500], score = 0.12      <et=1162.5>
SB phase 1 cand.  5 branch on var x[(8, 19)]_0_866_0_OspV (lhs=0.6667)    : [ 4469.1750,  9781.9800], score = 60918.26 (h)  <et=1162.58>
SB phase 1 cand.  9 branch on var x[(36, 40)]_0_4275_0_OspV (lhs=0.3333)  : [ 7017.4286,  8897.4833], score = 11364406.93 (h)  <et=1162.85>
SB phase 1 cand. 11 branch on var x[(7, 103)]_0_829_0_OspV (lhs=0.6667)   : [ 8575.0113, 11138.5500], score = 27506779.53 (h)  <et=1163>
SB phase 1 cand. 17 branch on var x[(105, 33)]_0_12618_0_OspV (lhs=0.6667): [ 8582.3000,  8587.6845], score = 17034258.85 (h)  <et=1163.4>
SB phase 1 cand. 27 branch on var x[(69, 40)]_0_8269_0_OspV (lhs=0.6667)  : [ 7017.4286,  8897.4833], score = 11364406.93 (h)  <et=1164.01>
SB phase 1 cand. 29 branch on var x[(8, 71)]_0_918_0_OspV (lhs=0.3333)    : [ 7650.2080,  9323.9273], score = 15535200.87 (h)  <et=1164.18>
SB phase 1 cand. 32 branch on var x[(22, 33)]_0_2574_0_OspV (lhs=0.3333)  : [ 8582.3000,  8587.6845], score = 17034258.85      <et=1164.42>
SB phase 1 cand. 34 branch on var x[(24, 103)]_0_2886_0_OspV (lhs=0.3333) : [ 8575.0113, 11138.5500], score = 27506779.53      <et=1164.6>
**** Strong branching phase 2 is started *****
<DWph=0> <it=  9> <et=1166.48> <Mt= 0.21> <Spt= 0.63> <nCl=886> <DB= 4463.5750> <Mlp= 4463.5750> <PB=4461.2> 
<DWph=0> <it=  6> <et=1167.12> <Mt= 0.07> <Spt= 0.42> <nCl=607> <DB= 4459.1200> <Mlp= 4459.1200> <PB=4461.2> 
SB phase 2 cand.  1 branch on var x[(24, 103)]_0_2886_0_OspV (lhs=0.3333) : [ 4459.1200,  4463.5750], score = 4.81      <et=1167.19>
<DWph=0> <it= 11> <et=1169.86> <Mt= 1.95> <Spt= 0.62> <nCl=866> <DB= 4459.0000> <Mlp= 4459.0000> <PB=4461.2> 
<DWph=0> <it=  7> <et=1171.15> <Mt= 0.68> <Spt= 0.47> <nCl=659> <DB= 4459.4400> <Mlp= 4459.4400> <PB=4461.2> 
SB phase 2 cand.  2 branch on var x[(7, 103)]_0_829_0_OspV (lhs=0.6667)   : [ 4459.0000,  4459.4400], score = 2.16 (h)  <et=1171.19>
<DWph=0> <it=  9> <et=1172.25> <Mt= 0.36> <Spt= 0.60> <nCl=633> <DB= 4459.1200> <Mlp= 4459.1200> <PB=4461.2> 
<DWph=0> <it=  8> <et=1173.73> <Mt= 0.79> <Spt= 0.54> <nCl=734> <DB= 4461.5000> <Mlp= 4461.5000> <PB=4461.2> 
SB phase 2 cand.  3 branch on var x[(105, 33)]_0_12618_0_OspV (lhs=0.6667): [ 4459.1200,  4461.5000], score = 4.81 (h)  <et=1173.78>
**** Strong branching phase 3 is started *****
**** SB phase 3 evaluation of candidate 1, branch 1 ( x[(24, 103)]_0_2886_0_OspV >= 1 ), value = 4463.58
**** SB phase 3 evaluation of candidate 1, branch 2 ( x[(24, 103)]_0_2886_0_OspV <= 0 ), value = 4459.12
<DWph=2> <it=  1> <et=1173.91> <Mt= 0.01> <Spt= 0.03> <nCl=  0> <DB= 4459.1200> <Mlp= 4459.1200> <PB=4461.2> 
<DWph=1> <it=  2> <et=1173.94> <Mt= 0.00> <Spt= 0.04> <nCl=  0> <DB= 4459.1200> <Mlp= 4459.1200> <PB=4461.2> 
<DWph=0> <it=  3> <et=1174.01> <Mt= 0.00> <Spt= 0.06> <nCl=  0> <DB= 4459.1200> <Mlp= 4459.1200> <PB=4461.2> 
Reduced cost fixing for graph G_0...  took 0.01 sec., done by inspection with 59867 solutions, remains 21783 (36.4%)
ColGenEvalAlg final dual bound: 4459.12 (rounded: 4459.12)
----- Add fac. cuts : CAP(5) R1C(150), max.viol = 0.5, aver.viol = 0.194194, sep/add took 0.0106008/0.202451 sec. -----
43769 columns (1994 active), 1316 dyn. constrs. (207 active), 1562 art. vars. (449 active)
<DWph=2> <it=  1> <et=1174.47> <Mt= 0.01> <Spt= 0.05> <nCl=  0> <DB= 8905.4833> <Mlp= 8905.4833> <PB=4461.2> 
<DWph=1> <it=  2> <et=1174.51> <Mt= 0.00> <Spt= 0.03> <nCl=  0> <DB= 8905.4833> <Mlp= 8905.4833> <PB=4461.2> 
<DWph=0> <it= 10> <et=1174.82> <Mt= 0.03> <Spt= 0.28> <nCl=545> <DB= 4470.4600> <Mlp= 4470.4600> <PB=4461.2> 
ColGenEvalAlg final dual bound: 4470.46 (rounded: 4470.46)
Gap improvement since the last cut separation : 5.45192 (4459.12)
 SB phase 3 candidate 1 is conquered !
************************************************************************************************
**** BaB tree node (N° 126, parent N° 125, depth 12)
**** Local DB = 4457.85, global bounds : [ 4445.12 , 4461.2 ], TIME = 0h19m34s91t = 117491
**** 10 open nodes, ETS : 129, 44314 columns (2539 active), 1316 dyn. constrs. (207 active), 1558 art. vars. (449 active)
************************************************************************************************
**** Strong branching phase 1 is started *****
SB phase 1 cand.  1 branch on var x[(24, 71)]_0_2854_0_OspV (lhs=0.5000)   : [ 4467.3900,  8897.4833], score = 42354.10 (h)  <et=1175.03>
SB phase 1 cand.  2 branch on var x[(0, 105)]_0_12584_0_OspV (lhs=0.5000)  : [ 4458.2500,  4458.4406], score = 0.24      <et=1175.07>
SB phase 1 cand.  3 branch on var x[(36, 40)]_0_4275_0_OspV (lhs=0.5000)   : [ 4467.3900,  8891.7167], score = 42299.09 (h)  <et=1175.12>
SB phase 1 cand.  4 branch on var x[(0, 118)]_0_14157_0_OspV (lhs=0.5000)  : [ 4458.0333,  4459.3263], score = 0.27      <et=1175.16>
SB phase 1 cand.  5 branch on var x[(8, 19)]_0_866_0_OspV (lhs=0.5000)     : [ 4463.3667,  9781.9800], score = 29371.45 (h)  <et=1175.2>
SB phase 1 cand.  7 branch on var x[(7, 103)]_0_829_0_OspV (lhs=0.5000)    : [ 7788.5750,  8279.4429], score = 12728674.87 (h)  <et=1175.31>
SB phase 1 cand. 11 branch on var x[(24, 103)]_0_2886_0_OspV (lhs=0.5000)  : [ 7788.5750,  8279.4429], score = 12728674.87 (h)  <et=1175.47>
SB phase 1 cand. 15 branch on var x[(105, 33)]_0_12618_0_OspV (lhs=0.5000) : [ 6326.2690,  8114.3078], score = 6831795.18 (h)  <et=1175.64>
**** Strong branching phase 2 is started *****
<DWph=0> <it=  7> <et=1177.51> <Mt= 0.04> <Spt= 0.40> <nCl=699> <DB= 4459.3500> <Mlp= 4459.3500> <PB=4461.2> 
<DWph=0> <it=  6> <et=1178.10> <Mt= 0.06> <Spt= 0.31> <nCl=501> <DB= 4459.5667> <Mlp= 4459.5667> <PB=4461.2> 
SB phase 2 cand.  1 branch on var x[(7, 103)]_0_829_0_OspV (lhs=0.5000)   : [ 4459.3500,  4459.5667], score = 2.57 (h)  <et=1178.14>
<DWph=0> <it=  8> <et=1178.61> <Mt= 0.07> <Spt= 0.36> <nCl=732> <DB= 4461.4144> <Mlp= 4463.9000> <PB=4461.2> 
<DWph=0> <it=  9> <et=1179.16> <Mt= 0.04> <Spt= 0.41> <nCl=852> <DB= 4459.3000> <Mlp= 4459.3000> <PB=4461.2> 
SB phase 2 cand.  2 branch on var x[(24, 103)]_0_2886_0_OspV (lhs=0.5000) : [ 4459.3000,  4463.9000], score = 4.86 (h)  <et=1179.21>
<DWph=0> <it=  5> <et=1179.59> <Mt= 0.06> <Spt= 0.29> <nCl=452> <DB= 4459.3000> <Mlp= 4459.3000> <PB=4461.2> 
<DWph=0> <it=  8> <et=1180.11> <Mt= 0.06> <Spt= 0.40> <nCl=684> <DB= 4461.5000> <Mlp= 4461.5000> <PB=4461.2> 
SB phase 2 cand.  3 branch on var x[(105, 33)]_0_12618_0_OspV (lhs=0.5000): [ 4459.3000,  4461.5000], score = 4.86 (h)  <et=1180.15>
**** Strong branching phase 3 is started *****
**** SB phase 3 evaluation of candidate 1, branch 1 ( x[(24, 103)]_0_2886_0_OspV >= 1 ), value = 4463.9
**** SB phase 3 evaluation of candidate 1, branch 2 ( x[(24, 103)]_0_2886_0_OspV <= 0 ), value = 4459.3
<DWph=2> <it=  1> <et=1180.31> <Mt= 0.00> <Spt= 0.03> <nCl=  0> <DB= 4459.3000> <Mlp= 4459.3000> <PB=4461.2> 
<DWph=1> <it=  2> <et=1180.35> <Mt= 0.00> <Spt= 0.04> <nCl=  0> <DB= 4459.3000> <Mlp= 4459.3000> <PB=4461.2> 
<DWph=0> <it=  3> <et=1180.42> <Mt= 0.00> <Spt= 0.07> <nCl=  0> <DB= 4459.3000> <Mlp= 4459.3000> <PB=4461.2> 
Reduced cost fixing for graph G_0...  took 0.01 sec., done by inspection with 54367 solutions, remains 24451 (45%)
ColGenEvalAlg final dual bound: 4459.3 (rounded: 4459.3)
----- Add fac. cuts : CAP(4) R1C(150), max.viol = 0.5, aver.viol = 0.253247, sep/add took 0.0112513/0.218825 sec. -----
43924 columns (3085 active), 945 dyn. constrs. (196 active), 1191 art. vars. (438 active)
<DWph=2> <it=  1> <et=1180.85> <Mt= 0.01> <Spt= 0.04> <nCl=  0> <DB= 4467.2333> <Mlp= 4467.2333> <PB=4461.2> 
<DWph=1> <it=  2> <et=1180.88> <Mt= 0.01> <Spt= 0.03> <nCl=  0> <DB= 4467.2333> <Mlp= 4467.2333> <PB=4461.2> 
<DWph=0> <it=  7> <et=1181.14> <Mt= 0.01> <Spt= 0.24> <nCl=498> <DB= 4467.2333> <Mlp= 4467.2333> <PB=4461.2> 
ColGenEvalAlg final dual bound: 4467.23 (rounded: 4467.23)
Gap improvement since the last cut separation : 4.17544 (4459.3)
 SB phase 3 candidate 1 is conquered !
************************************************************************************************
**** BaB tree node (N° 88, parent N° 87, depth 9)
**** Local DB = 4457.6, global bounds : [ 4445.12 , 4461.2 ], TIME = 0h19m41s25t = 118125
**** 8 open nodes, ETS : 131, 44422 columns (3583 active), 945 dyn. constrs. (196 active), 1187 art. vars. (438 active)
************************************************************************************************
**** Strong branching phase 1 is started *****
SB phase 1 cand.  1 branch on var x[(11, 85)]_0_1295_0_OspV (lhs=0.5000): [ 4459.6000,  4460.1201], score = 5.04 (h)  <et=1181.69>
SB phase 1 cand.  2 branch on var x[(0, 39)]_0_4598_0_OspV (lhs=0.5000) : [ 4459.6000,  4460.5750], score = 5.95      <et=1181.83>
SB phase 1 cand.  3 branch on var x[(24, 49)]_0_2832_0_OspV (lhs=0.7000): [ 4458.9375,  4459.0704], score = 1.97 (h)  <et=1181.95>
**** Strong branching phase 2 is started *****
<DWph=1> <it= 10> <et=1182.44> <Mt= 0.05> <Spt= 0.34> <nCl= 35> <DB= 4460.5000> <Mlp= 4460.5000> <PB=4461.2> 
<DWph=1> <it= 33> <et=1184.13> <Mt= 0.38> <Spt= 1.01> <nCl=223> <DB= 4452.3414> <Mlp= 4457.6000> <PB=4459.6> 
<DWph=1> <it= 33> <et=1184.13> <Mt= 0.00> <Spt= 0.00> <nCl=  0> <DB= 4452.3414> <Mlp= 4457.6000> <PB=4459.6> 
SB phase 2 cand.  1 branch on var x[(0, 39)]_0_4598_0_OspV (lhs=0.5000) : [ 4457.6000,  4460.5000], score = 0.00      <et=1184.21>
<DWph=1> <it=  9> <et=1184.61> <Mt= 0.04> <Spt= 0.29> <nCl= 33> <DB= 4460.1046> <Mlp= 4460.1046> <PB=4459.6> 
<DWph=1> <it=  2> <et=1184.85> <Mt= 0.01> <Spt= 0.09> <nCl= 11> <DB= 4459.6000> <Mlp= 4459.6000> <PB=4459.6> 
SB phase 2 cand.  2 branch on var x[(11, 85)]_0_1295_0_OspV (lhs=0.5000): [ 4459.6000,  4460.1046], score = 5.01 (h)  <et=1184.92>
<DWph=1> <it= 18> <et=1185.61> <Mt= 0.09> <Spt= 0.54> <nCl=107> <DB= 4458.6700> <Mlp= 4458.6700> <PB=4459.6> 
<DWph=1> <it=  9> <et=1186.10> <Mt= 0.05> <Spt= 0.29> <nCl= 54> <DB= 4458.9375> <Mlp= 4458.9375> <PB=4459.6> 
SB phase 2 cand.  3 branch on var x[(24, 49)]_0_2832_0_OspV (lhs=0.7000): [ 4458.6700,  4458.9375], score = 1.43 (h)  <et=1186.17>
**** Strong branching phase 3 is started *****
**** SB phase 3 evaluation of candidate 1, branch 1 ( x[(11, 85)]_0_1295_0_OspV >= 1 ), value = 4460.1
<DWph=2> <it=  1> <et=1186.57> <Mt= 0.01> <Spt= 0.05> <nCl=  0> <DB= 4460.1046> <Mlp= 4460.1046> <PB=4459.6> 
<DWph=1> <it=  2> <et=1186.62> <Mt= 0.00> <Spt= 0.04> <nCl=  0> <DB= 4460.1046> <Mlp= 4460.1046> <PB=4459.6> 
<DWph=0> <it=  9> <et=1186.91> <Mt= 0.05> <Spt= 0.24> <nCl=331> <DB= 4459.9440> <Mlp= 4459.9440> <PB=4459.6> 
ColGenEvalAlg final dual bound: 4459.94 (rounded: 4459.94)
**** SB phase 3 evaluation of candidate 1, branch 2 ( x[(11, 85)]_0_1295_0_OspV <= 0 ), value = 4459.6
<DWph=2> <it=  1> <et=1187.24> <Mt= 0.01> <Spt= 0.04> <nCl=  0> <DB= 4459.6000> <Mlp= 4459.6000> <PB=4459.6> 
<DWph=1> <it=  2> <et=1187.29> <Mt= 0.00> <Spt= 0.05> <nCl=  0> <DB= 4459.6000> <Mlp= 4459.6000> <PB=4459.6> 
<DWph=0> <it=  3> <et=1187.34> <Mt= 0.00> <Spt= 0.06> <nCl= 43> <DB= 4459.6000> <Mlp= 4459.6000> <PB=4459.6> 
ColGenEvalAlg final dual bound: 4459.6 (rounded: 4459.6)
 SB phase 3 candidate 1 is conquered !
New model incumbent solution 4459.6, TIME = 0h19m47s62t = 118762
************************************************************************************************
**** BaB tree node (N° 86, parent N° 14, depth 8)
**** Local DB = 4458.65, global bounds : [ 4445.12 , 4459.6 ], TIME = 0h19m47s64t = 118764
**** 7 open nodes, ETS : 133, 39807 columns (9008 active), 767 dyn. constrs. (60 active), 1009 art. vars. (302 active)
************************************************************************************************
**** Strong branching phase 2 is started *****
<DWph=0> <it=  5> <et=1188.26> <Mt= 0.03> <Spt= 0.29> <nCl=411> <DB= 4459.3118> <Mlp= 4459.3118> <PB=4459.6> 
<DWph=0> <it=  8> <et=1188.85> <Mt= 0.06> <Spt= 0.31> <nCl=654> <DB= 4466.7856> <Mlp= 4476.8000> <PB=4459.6> 
SB phase 2 cand.  1 branch on var x[(11, 85)]_0_1295_0_OspV (lhs=0.7500) : [ 4459.3118,  4476.8000], score = 0.63 (h)  <et=1188.92>
<DWph=0> <it=  5> <et=1189.22> <Mt= 0.01> <Spt= 0.23> <nCl=347> <DB= 4459.8500> <Mlp= 4459.8500> <PB=4459.6> 
<DWph=0> <it=  8> <et=1189.82> <Mt= 0.05> <Spt= 0.42> <nCl=677> <DB= 4459.2000> <Mlp= 4459.2000> <PB=4459.6> 
SB phase 2 cand.  2 branch on var x[(0, 105)]_0_12584_0_OspV (lhs=0.5000): [ 4459.2000,  4459.8500], score = 0.52      <et=1189.87>
<DWph=0> <it=  6> <et=1190.24> <Mt= 0.05> <Spt= 0.27> <nCl=477> <DB= 4458.9000> <Mlp= 4458.9000> <PB=4459.6> 
<DWph=2> <it=  1> <et=1190.31> <Mt= 0.01> <Spt= 0.00> <nCl=  0> <DB= 4458.6500> <Mlp= 4458.6500> <PB=4459.6> 
<DWph=1> <it=  2> <et=1190.31> <Mt= 0.00> <Spt= 0.00> <nCl=  0> <DB= 4458.6500> <Mlp= 4458.6500> <PB=4459.6> 
<DWph=0> <it=  3> <et=1190.31> <Mt= 0.00> <Spt= 0.00> <nCl=  0> <DB= 4458.6500> <Mlp= 4458.6500> <PB=4459.6> 
<DWph=0> <it=  3> <et=1190.31> <Mt= 0.00> <Spt= 0.00> <nCl=  0> <DB= 4458.6500> <Mlp= 4458.6500> <PB=4459.6> 
SB phase 2 cand.  3 branch on var x[(0, 110)]_0_13189_0_OspV (lhs=0.5000): [ 4458.6500,  4458.9000], score = 0.00      <et=1190.35>
**** Strong branching phase 3 is started *****
**** SB phase 3 evaluation of candidate 1, branch 1 ( x[(11, 85)]_0_1295_0_OspV <= 0 ), value = 4476.8
**** SB phase 3 evaluation of candidate 1, branch 2 ( x[(11, 85)]_0_1295_0_OspV >= 1 ), value = 4459.31
<DWph=2> <it=  1> <et=1190.53> <Mt= 0.01> <Spt= 0.03> <nCl=  0> <DB= 4459.3118> <Mlp= 4459.3118> <PB=4459.6> 
<DWph=1> <it=  2> <et=1190.56> <Mt= 0.00> <Spt= 0.03> <nCl=  0> <DB= 4459.3118> <Mlp= 4459.3118> <PB=4459.6> 
<DWph=0> <it=  3> <et=1190.64> <Mt= 0.00> <Spt= 0.08> <nCl=  0> <DB= 4459.3118> <Mlp= 4459.3118> <PB=4459.6> 
Reduced cost fixing for graph G_0...  took 0.04 sec., done by inspection with 72759 solutions, remains 8499 (11.7%)
ColGenEvalAlg final dual bound: 4459.31 (rounded: 4459.31)
----- Terminating the node by MIP -----
 SB phase 3 candidate 1 is conquered !
************************************************************************************************
**** BaB tree node (N° 10, parent N° 9, depth 5)
**** Local DB = 4453.35, global bounds : [ 4445.12 , 4459.6 ], TIME = 0h19m51s50t = 119150
**** 5 open nodes, ETS : 135, 42396 columns (8626 active), 736 dyn. constrs. (45 active), 978 art. vars. (287 active)
************************************************************************************************
**** Strong branching phase 1 is started *****
SB phase 1 cand.  1 branch on var x[(118, 49)]_0_14207_0_OspV (lhs=0.5000) : [ 4453.6000,  4453.8500], score = 0.13 (h)  <et=1191.92>
SB phase 1 cand.  2 branch on var x[(0, 104)]_0_12463_0_OspV (lhs=0.5000)  : [ 4453.3500,  4453.3500], score = 0.00      <et=1191.95>
SB phase 1 cand.  3 branch on var x[(24, 71)]_0_2854_0_OspV (lhs=0.5000)   : [ 4453.6000,  4455.5800], score = 0.56 (h)  <et=1192.08>
SB phase 1 cand.  4 branch on var x[(0, 105)]_0_12584_0_OspV (lhs=0.5000)  : [ 4453.3500,  4453.7000], score = 0.00      <et=1192.16>
SB phase 1 cand.  5 branch on var x[(36, 40)]_0_4275_0_OspV (lhs=0.5000)   : [ 4453.6000,  4462.3794], score = 1.56 (h)  <et=1192.27>
SB phase 1 cand. 10 branch on var x[(0, 37)]_0_4356_0_OspV (lhs=0.5000)    : [ 4453.6000,  4453.9000], score = 0.14      <et=1192.63>
SB phase 1 cand. 14 branch on var x[(0, 62)]_0_7381_0_OspV (lhs=0.5000)    : [ 4453.6000,  4454.1094], score = 0.19      <et=1192.93>
SB phase 1 cand. 17 branch on var x[(24, 103)]_0_2886_0_OspV (lhs=0.5000)  : [ 4453.6000,  4456.2364], score = 0.72 (h)  <et=1193.25>
SB phase 1 cand. 21 branch on var x[(11, 54)]_0_1264_0_OspV (lhs=0.5000)   : [ 4453.6000,  4455.7000], score = 0.59 (h)  <et=1193.51>
SB phase 1 cand. 22 branch on var x[(105, 36)]_0_12621_0_OspV (lhs=0.5000) : [ 4453.6000,  4463.2000], score = 1.56      <et=1193.63>
SB phase 1 cand. 23 branch on var x[(105, 33)]_0_12618_0_OspV (lhs=0.5000) : [ 4453.6000,  4459.8281], score = 1.56 (h)  <et=1193.77>
SB phase 1 cand. 30 branch on var x[(112, 86)]_0_13518_0_OspV (lhs=0.5000) : [ 4453.6000,  4460.4000], score = 1.56      <et=1194.46>
**** Strong branching phase 2 is started *****
----- Add core cuts : CAP(17), max.viol = 1, aver.viol = 1, sep/add took 0.0151779/0.500583 sec. -----
<DWph=1> <it= 25> <et=1199.43> <Mt= 0.32> <Spt= 1.72> <nCl=478> <DB= 4462.3394> <Mlp= 4462.3394> <PB=4459.6> 
<DWph=1> <it=  2> <et=1200.10> <Mt= 0.01> <Spt= 0.19> <nCl=  4> <DB= 4453.6000> <Mlp= 4453.6000> <PB=4453.6> 
SB phase 2 cand.  1 branch on var x[(105, 36)]_0_12621_0_OspV (lhs=0.5000): [ 4453.6000,  4462.3394], score = 1.56      <et=1200.14>
<DWph=1> <it=  6> <et=1201.00> <Mt= 0.24> <Spt= 0.50> <nCl= 55> <DB= 4459.2000> <Mlp= 4459.2000> <PB=4453.6> 
<DWph=1> <it=  2> <et=1201.36> <Mt= 0.01> <Spt= 0.20> <nCl=  3> <DB= 4453.6000> <Mlp= 4453.6000> <PB=4453.6> 
SB phase 2 cand.  2 branch on var x[(36, 40)]_0_4275_0_OspV (lhs=0.5000)  : [ 4453.6000,  4459.2000], score = 1.46 (h)  <et=1201.41>
<DWph=1> <it=  9> <et=1202.38> <Mt= 0.17> <Spt= 0.69> <nCl= 41> <DB= 4456.5500> <Mlp= 4456.5500> <PB=4453.6> 
<DWph=1> <it=  3> <et=1202.80> <Mt= 0.01> <Spt= 0.26> <nCl= 18> <DB= 4453.6000> <Mlp= 4453.6000> <PB=4453.6> 
SB phase 2 cand.  3 branch on var x[(112, 86)]_0_13518_0_OspV (lhs=0.5000): [ 4453.6000,  4456.5500], score = 0.80      <et=1202.84>
**** Strong branching phase 3 is started *****
**** SB phase 3 evaluation of candidate 1, branch 1 ( x[(105, 36)]_0_12621_0_OspV >= 1 ), value = 4462.34
<DWph=2> <it= 10> <et=1204.09> <Mt= 0.46> <Spt= 0.57> <nCl=300> <DB= 4045.9715> <Mlp= 4462.3394> <PB=4453.6> 
<DWph=2> <it= 20> <et=1204.91> <Mt= 0.06> <Spt= 0.75> <nCl=254> <DB= 4370.7622> <Mlp= 4462.3367> <PB=4453.6> 
<DWph=2> <it= 28> <et=1205.36> <Mt= 0.03> <Spt= 0.42> <nCl= 83> <DB= 4462.3367> <Mlp= 4462.3367> <PB=4453.6> 
<DWph=1> <it= 30> <et=1205.48> <Mt= 0.01> <Spt= 0.11> <nCl= 33> <DB= 4462.3367> <Mlp= 4462.3367> <PB=4453.6> 
<DWph=0> <it= 33> <et=1205.78> <Mt= 0.02> <Spt= 0.28> <nCl=339> <DB= 4455.3714> <Mlp= 4462.1810> <PB=4453.6> 
ColGenEvalAlg final dual bound: 4455.37 (rounded: 4455.37)
**** SB phase 3 evaluation of candidate 1, branch 2 ( x[(105, 36)]_0_12621_0_OspV <= 0 ), value = 4453.6
<DWph=2> <it=  1> <et=1206.08> <Mt= 0.00> <Spt= 0.10> <nCl=  0> <DB= 4453.6000> <Mlp= 4453.6000> <PB=4453.6> 
<DWph=1> <it=  2> <et=1206.19> <Mt= 0.00> <Spt= 0.10> <nCl=  0> <DB= 4453.6000> <Mlp= 4453.6000> <PB=4453.6> 
<DWph=0> <it=  4> <et=1206.42> <Mt= 0.01> <Spt= 0.22> <nCl=160> <DB= 4453.6000> <Mlp= 4453.6000> <PB=4453.6> 
ColGenEvalAlg final dual bound: 4453.6 (rounded: 4453.6)
 SB phase 3 candidate 1 is conquered !
New model incumbent solution 4453.6, TIME = 0h20m6s56t = 120656
************************************************************************************************
**** BaB tree node (N° 4, parent N° 3, depth 2)
**** Local DB = 4445.12, branch: [ colGenSp ] >= 12 , global bounds : [ 4445.12 , 4453.6 ], TIME = 0h20m6s59t = 120659
**** 2 open nodes, ETS : 137, 31900 columns (7373 active), 704 dyn. constrs. (163 active), 946 art. vars. (405 active)
************************************************************************************************
**** Strong branching phase 1 is started *****
SB phase 1 cand.  1 branch on var x[(15, 30)]_0_1724_0_OspV (lhs=0.7500)   : [ 4445.3834,  4452.0727], score = 1.80 (h)  <et=1207.03>
SB phase 1 cand.  2 branch on var x[(0, 110)]_0_13189_0_OspV (lhs=0.5000)  : [ 4445.3333,  4445.5750], score = 0.09      <et=1207.11>
SB phase 1 cand.  3 branch on var x[(55, 75)]_0_6609_0_OspV (lhs=0.2500)   : [ 4446.6537,  4454.3840], score = 12.96 (h)  <et=1207.28>
SB phase 1 cand.  4 branch on var x[(0, 62)]_0_7381_0_OspV (lhs=0.5000)    : [ 4445.2858,  4446.7600], score = 0.26      <et=1207.4>
SB phase 1 cand.  7 branch on var x[(30, 4)]_0_3514_0_OspV (lhs=0.7500)    : [ 4446.0364,  4447.7750], score = 2.42 (h)  <et=1207.74>
SB phase 1 cand.  9 branch on var x[(24, 71)]_0_2854_0_OspV (lhs=0.7500)   : [ 4446.2545,  4448.2478], score = 3.53 (h)  <et=1207.95>
SB phase 1 cand. 11 branch on var x[(11, 85)]_0_1295_0_OspV (lhs=0.7500)   : [ 4446.1091,  4450.5185], score = 5.31 (h)  <et=1208.15>
SB phase 1 cand. 13 branch on var x[(103, 81)]_0_12424_0_OspV (lhs=0.7500) : [ 4446.8000,  4447.3899], score = 3.79 (h)  <et=1208.38>
SB phase 1 cand. 15 branch on var x[(8, 19)]_0_866_0_OspV (lhs=0.7500)     : [ 4446.6500,  4447.7048], score = 3.93 (h)  <et=1208.58>
SB phase 1 cand. 17 branch on var x[(55, 47)]_0_6582_0_OspV (lhs=0.7500)   : [ 4446.6550,  4451.1242], score = 9.18 (h)  <et=1208.81>
SB phase 1 cand. 39 branch on var x[(10, 107)]_0_1196_0_OspV (lhs=0.7500)  : [ 4445.9737,  4454.3823], score = 7.19 (h)  <et=1211.07>
**** Strong branching phase 2 is started *****
<DWph=1> <it= 22> <et=1214.21> <Mt= 0.27> <Spt= 1.46> <nCl=278> <DB= 4452.4247> <Mlp= 4452.4247> <PB=4453.6> 
<DWph=1> <it=  3> <et=1214.82> <Mt= 0.01> <Spt= 0.29> <nCl= 20> <DB= 4446.6537> <Mlp= 4446.6537> <PB=4453.6> 
SB phase 2 cand.  1 branch on var x[(55, 75)]_0_6609_0_OspV (lhs=0.2500) : [ 4446.6537,  4452.4247], score = 11.16 (h)  <et=1214.86>
<DWph=1> <it= 20> <et=1216.34> <Mt= 0.19> <Spt= 1.16> <nCl=176> <DB= 4450.0578> <Mlp= 4450.0578> <PB=4453.6> 
<DWph=1> <it=  2> <et=1216.69> <Mt= 0.00> <Spt= 0.19> <nCl= 10> <DB= 4446.6550> <Mlp= 4446.6550> <PB=4453.6> 
SB phase 2 cand.  2 branch on var x[(55, 47)]_0_6582_0_OspV (lhs=0.7500) : [ 4446.6550,  4450.0578], score = 7.55 (h)  <et=1216.73>
<DWph=1> <it= 18> <et=1218.27> <Mt= 0.21> <Spt= 1.21> <nCl=207> <DB= 4452.0706> <Mlp= 4452.0706> <PB=4453.6> 
<DWph=1> <it=  3> <et=1218.66> <Mt= 0.02> <Spt= 0.23> <nCl=  6> <DB= 4445.9737> <Mlp= 4445.9737> <PB=4453.6> 
SB phase 2 cand.  3 branch on var x[(10, 107)]_0_1196_0_OspV (lhs=0.7500): [ 4445.9737,  4452.0706], score = 5.89 (h)  <et=1218.7>
**** Strong branching phase 3 is started *****
**** SB phase 3 evaluation of candidate 1, branch 1 ( x[(55, 75)]_0_6609_0_OspV >= 1 ), value = 4452.42
<DWph=2> <it=  2> <et=1218.99> <Mt= 0.00> <Spt= 0.13> <nCl=  4> <DB= 4452.4247> <Mlp= 4452.4247> <PB=4453.6> 
<DWph=1> <it=  3> <et=1219.09> <Mt= 0.01> <Spt= 0.09> <nCl=  0> <DB= 4452.4247> <Mlp= 4452.4247> <PB=4453.6> 
<DWph=0> <it= 10> <et=1219.75> <Mt= 0.14> <Spt= 0.52> <nCl=437> <DB= 4449.8405> <Mlp= 4450.7500> <PB=4453.6> 
<DWph=0> <it= 11> <et=1219.89> <Mt= 0.00> <Spt= 0.13> <nCl= 67> <DB= 4450.7500> <Mlp= 4450.7500> <PB=4453.6> 
Reduced cost fixing for graph G_0...  TT = 0.040249, pt = 0.008489, dt = 0.030634, ct = 0, ndl = 5810', bdl = 89231', odl = 1949', odf = 15763', lpcb = 183162', cnt = 14271', bdch = 277905', odch = 30482', lcp = 24317'
took 0.04 sec., 3924 buck. arcs remain (5.83% from prev., 1.28% from max.)
Run enumeration... took 0.21 sec. and succeeded! 
<DWph=2> <it= 12> <et=1220.72> <Mt= 0.07> <Spt= 0.03> <nCl=  0> <DB= 4454.4250> <Mlp= 4454.4250> <PB=4453.6> 
<DWph=1> <it= 13> <et=1220.75> <Mt= 0.00> <Spt= 0.03> <nCl=  0> <DB= 4454.4250> <Mlp= 4454.4250> <PB=4453.6> 
<DWph=0> <it= 19> <et=1221.09> <Mt= 0.02> <Spt= 0.33> <nCl=470> <DB= 4454.4250> <Mlp= 4454.4250> <PB=4453.6> 
ColGenEvalAlg final dual bound: 4454.42 (rounded: 4454.42)
**** SB phase 3 evaluation of candidate 1, branch 2 ( x[(55, 75)]_0_6609_0_OspV <= 0 ), value = 4446.65
<DWph=2> <it=  1> <et=1221.60> <Mt= 0.01> <Spt= 0.08> <nCl=  0> <DB= 4446.6537> <Mlp= 4446.6537> <PB=4453.6> 
<DWph=1> <it=  2> <et=1221.69> <Mt= 0.00> <Spt= 0.10> <nCl=  0> <DB= 4446.6537> <Mlp= 4446.6537> <PB=4453.6> 
<DWph=0> <it=  5> <et=1221.97> <Mt= 0.01> <Spt= 0.26> <nCl=246> <DB= 4446.6389> <Mlp= 4446.6389> <PB=4453.6> 
Reduced cost fixing for graph G_0...  TT = 0.033374, pt = 0.005872, dt = 0.026541, ct = 0, ndl = 5556', bdl = 77615', odl = 2484', odf = 19249', lpcb = 182955', cnt = 14962', bdch = 240858', odch = 27479', lcp = 26067'
took 0.03 sec., 5491 buck. arcs remain (8.16% from prev., 1.79% from max.)
Run enumeration... took 1 sec. and succeeded! 
Pricing will be done by the labelling algorithm.
ColGenEvalAlg final dual bound: 4446.64 (rounded: 4446.64)
----- Add fac. cuts : CAP(3) R1C(151), max.viol = 0.444444, aver.viol = 0.0970418, sep/add took 0.0124515/0.387865 sec. -----
33671 columns (7067 active), 718 dyn. constrs. (205 active), 960 art. vars. (447 active)
<DWph=2> <it=  1> <et=1223.82> <Mt= 0.05> <Spt= 0.04> <nCl=  4> <DB= 4446.9459> <Mlp= 4446.9459> <PB=4453.6> 
<DWph=1> <it=  3> <et=1223.89> <Mt= 0.01> <Spt= 0.06> <nCl= 11> <DB= 4446.9414> <Mlp= 4446.9414> <PB=4453.6> 
----- Add core cuts : CAP(10), max.viol = 1, aver.viol = 1, sep/add took 0.00910019/0.197102 sec. -----
<DWph=0> <it=  5> <et=1224.26> <Mt= 0.05> <Spt= 0.11> <nCl=126> <DB= 4447.0438> <Mlp= 4447.0438> <PB=4453.6> 
ColGenEvalAlg final dual bound: 4447.04 (rounded: 4447.04)
Gap improvement since the last cut separation : 0.0581674 (4446.64)
----- Add fac. cuts : R1C(153), max.viol = 0.158915, aver.viol = 0.0785834, sep/add took 0.0207395/0.369917 sec. -----
33812 columns (7208 active), 872 dyn. constrs. (209 active), 1123 art. vars. (451 active)
<DWph=2> <it=  1> <et=1225.06> <Mt= 0.06> <Spt= 0.05> <nCl= 15> <DB= 4447.1250> <Mlp= 4447.1250> <PB=4453.6> 
<DWph=1> <it=  2> <et=1225.11> <Mt= 0.00> <Spt= 0.05> <nCl=  1> <DB= 4447.1250> <Mlp= 4447.1250> <PB=4453.6> 
<DWph=0> <it=  6> <et=1225.31> <Mt= 0.02> <Spt= 0.17> <nCl=163> <DB= 4447.1167> <Mlp= 4447.1167> <PB=4453.6> 
ColGenEvalAlg final dual bound: 4447.12 (rounded: 4447.12)
Gap improvement since the last cut separation : 0.0111144 (4447.04)
----- Add fac. cuts : CAP(2) R1C(198), max.viol = 0.333333, aver.viol = 0.293333, sep/add took 0.177409/0.559938 sec. -----
33991 columns (7387 active), 926 dyn. constrs. (253 active), 1323 art. vars. (495 active)
<DWph=2> <it=  1> <et=1226.43> <Mt= 0.04> <Spt= 0.05> <nCl=  2> <DB= 4447.1633> <Mlp= 4447.1633> <PB=4453.6> 
<DWph=1> <it=  2> <et=1226.49> <Mt= 0.00> <Spt= 0.04> <nCl=  0> <DB= 4447.1633> <Mlp= 4447.1633> <PB=4453.6> 
<DWph=0> <it=  3> <et=1226.55> <Mt= 0.01> <Spt= 0.06> <nCl= 32> <DB= 4447.1633> <Mlp= 4447.1633> <PB=4453.6> 
ColGenEvalAlg final dual bound: 4447.16 (rounded: 4447.16)
Gap improvement since the last cut separation : 0.00718555 (4447.12)
----- Add fac. cuts : R1C(376), max.viol = 0.140964, aver.viol = 0.0584722, sep/add took 0.424063/0.947484 sec. -----
34025 columns (7421 active), 1151 dyn. constrs. (430 active), 1699 art. vars. (672 active)
<DWph=2> <it=  1> <et=1228.35> <Mt= 0.04> <Spt= 0.05> <nCl=  1> <DB= 4447.1686> <Mlp= 4447.1686> <PB=4453.6> 
<DWph=1> <it=  2> <et=1228.40> <Mt= 0.00> <Spt= 0.04> <nCl=  0> <DB= 4447.1686> <Mlp= 4447.1686> <PB=4453.6> 
<DWph=0> <it=  3> <et=1228.47> <Mt= 0.01> <Spt= 0.06> <nCl= 24> <DB= 4447.1686> <Mlp= 4447.1686> <PB=4453.6> 
ColGenEvalAlg final dual bound: 4447.17 (rounded: 4447.17)
Gap improvement since the last cut separation : 0.000834962 (4447.16)
----- Add fac. cuts : R1C(552), max.viol = 0.326797, aver.viol = 0.120222, sep/add took 0.655366/1.53682 sec. -----
34050 columns (7446 active), 1505 dyn. constrs. (624 active), 2251 art. vars. (866 active)
<DWph=2> <it=  1> <et=1231.08> <Mt= 0.03> <Spt= 0.05> <nCl=  0> <DB= 4447.1694> <Mlp= 4447.1694> <PB=4453.6> 
<DWph=1> <it=  2> <et=1231.13> <Mt= 0.00> <Spt= 0.04> <nCl=  0> <DB= 4447.1694> <Mlp= 4447.1694> <PB=4453.6> 
<DWph=0> <it=  3> <et=1231.18> <Mt= 0.00> <Spt= 0.05> <nCl=  1> <DB= 4447.1694> <Mlp= 4447.1694> <PB=4453.6> 
ColGenEvalAlg final dual bound: 4447.17 (rounded: 4447.17)
Gap improvement since the last cut separation : 0.000121951 (4447.17)
----- Add fac. cuts : R1C(433), max.viol = 0.0941176, aver.viol = 0.0326994, sep/add took 0.613732/1.11695 sec. -----
34051 columns (7447 active), 1580 dyn. constrs. (508 active), 2684 art. vars. (750 active)
<DWph=2> <it=  1> <et=1233.34> <Mt= 0.03> <Spt= 0.05> <nCl=  0> <DB= 4447.1732> <Mlp= 4447.1732> <PB=4453.6> 
<DWph=1> <it=  2> <et=1233.39> <Mt= 0.01> <Spt= 0.04> <nCl=  0> <DB= 4447.1732> <Mlp= 4447.1732> <PB=4453.6> 
<DWph=0> <it=  3> <et=1233.47> <Mt= 0.00> <Spt= 0.08> <nCl= 48> <DB= 4447.1732> <Mlp= 4447.1732> <PB=4453.6> 
ColGenEvalAlg final dual bound: 4447.17 (rounded: 4447.17)
Gap improvement since the last cut separation : 0.000596624 (4447.17)
----- Add fac. cuts : R1C(187), max.viol = 0.0509554, aver.viol = 0.0294629, sep/add took 0.655424/0.507379 sec. -----
34099 columns (7495 active), 1218 dyn. constrs. (254 active), 2871 art. vars. (496 active)
<DWph=2> <it=  1> <et=1235.12> <Mt= 0.03> <Spt= 0.05> <nCl=  0> <DB= 4447.1736> <Mlp= 4447.1736> <PB=4453.6> 
<DWph=1> <it=  2> <et=1235.16> <Mt= 0.00> <Spt= 0.04> <nCl=  0> <DB= 4447.1736> <Mlp= 4447.1736> <PB=4453.6> 
<DWph=0> <it=  4> <et=1235.21> <Mt= 0.01> <Spt= 0.04> <nCl= 19> <DB= 4447.1732> <Mlp= 4447.1732> <PB=4453.6> 
<DWph=0> <it=  4> <et=1235.21> <Mt= 0.00> <Spt= 0.00> <nCl=  0> <DB= 4447.1732> <Mlp= 4447.1732> <PB=4453.6> 
ColGenEvalAlg final dual bound: 4447.17 (rounded: 4447.17)
Gap improvement since the last cut separation : -2.83034e-13 (4447.17)
----- Cut generation is stopped due to tailing off -----
SB exact phase 3 branch on var x[(55, 75)]_0_6609_0_OspV (lhs=0.25) : [4454.425, 4447.1732], tree depth = 1.885, tree size = 5.386, score = -0.2224 (h)
************************************************************************************************
**** BaB tree node (N° 139, parent N° 4, depth 3)
**** Local DB = 4447.17, global bounds : [ 4446.99 , 4453.6 ], TIME = 0h20m35s68t = 123568
**** 3 open nodes, ETS : 139, 30826 columns (7514 active), 777 dyn. constrs. (254 active), 1019 art. vars. (496 active)
************************************************************************************************
**** Strong branching phase 3 is started *****
**** SB phase 3 evaluation of candidate 1, branch 1 ( x[(0, 110)]_0_13189_0_OspV >= 1 ), value = 1e+12
----- Add core cuts : CAP(1), max.viol = 1, aver.viol = 1, sep/add took 0.00173508/0.0176668 sec. -----
<DWph=2> <it=  4> <et=1236.07> <Mt= 0.17> <Spt= 0.16> <nCl= 30> <DB= 4447.5227> <Mlp= 4447.5227> <PB=4453.6> 
<DWph=1> <it=  7> <et=1236.19> <Mt= 0.02> <Spt= 0.10> <nCl=  8> <DB= 4447.5044> <Mlp= 4447.5044> <PB=4453.6> 
<DWph=0> <it= 10> <et=1236.36> <Mt= 0.02> <Spt= 0.15> <nCl=143> <DB= 4447.4914> <Mlp= 4447.4914> <PB=4453.6> 
Reduced cost fixing for graph G_0...  took 0.13 sec., done by inspection with 516831 solutions, remains 261465 (50.6%)
 TT = 0.252161, pt = 0.002724, dt = 0.003178, ct = 0, ndl = 3899', bdl = 4237', odl = 562', odf = 9714', lpcb = 6002', cnt = 12018', bdch = 24242', odch = 6173', lcp = 5781'
took 0.25 sec., 5089 buck. arcs remain (92.7% from prev., 1.66% from max.)
ColGenEvalAlg final dual bound: 4447.49 (rounded: 4447.49)
----- Add fac. cuts : CAP(1) R1C(152), max.viol = 0.153578, aver.viol = 0.128928, sep/add took 0.0188068/0.376856 sec. -----
31007 columns (7695 active), 896 dyn. constrs. (210 active), 1174 art. vars. (452 active)
<DWph=2> <it=  1> <et=1237.20> <Mt= 0.02> <Spt= 0.05> <nCl=  1> <DB= 4447.5066> <Mlp= 4447.5066> <PB=4453.6> 
<DWph=1> <it=  2> <et=1237.24> <Mt= 0.00> <Spt= 0.04> <nCl=  1> <DB= 4447.5066> <Mlp= 4447.5066> <PB=4453.6> 
<DWph=0> <it=  3> <et=1237.31> <Mt= 0.01> <Spt= 0.06> <nCl= 40> <DB= 4447.5066> <Mlp= 4447.5066> <PB=4453.6> 
ColGenEvalAlg final dual bound: 4447.51 (rounded: 4447.51)
Gap improvement since the last cut separation : 0.00248718 (4447.49)
----- Add fac. cuts : CAP(1) R1C(321), max.viol = 0.284461, aver.viol = 0.0986356, sep/add took 0.294853/0.865621 sec. -----
31049 columns (7737 active), 1218 dyn. constrs. (378 active), 1496 art. vars. (620 active)
<DWph=2> <it=  1> <et=1238.69> <Mt= 0.02> <Spt= 0.04> <nCl=  0> <DB= 4447.5667> <Mlp= 4447.5667> <PB=4453.6> 
<DWph=1> <it=  2> <et=1238.75> <Mt= 0.01> <Spt= 0.06> <nCl=  1> <DB= 4447.5667> <Mlp= 4447.5667> <PB=4453.6> 
<DWph=0> <it=  6> <et=1238.98> <Mt= 0.04> <Spt= 0.19> <nCl=116> <DB= 4447.5667> <Mlp= 4447.5667> <PB=4453.6> 
ColGenEvalAlg final dual bound: 4447.57 (rounded: 4447.57)
Gap improvement since the last cut separation : 0.0098509 (4447.51)
----- Add fac. cuts : R1C(265), max.viol = 0.333333, aver.viol = 0.174843, sep/add took 0.327882/0.740127 sec. -----
31166 columns (7854 active), 1335 dyn. constrs. (325 active), 1761 art. vars. (567 active)
<DWph=2> <it=  1> <et=1240.29> <Mt= 0.01> <Spt= 0.04> <nCl=  0> <DB= 4447.5667> <Mlp= 4447.5667> <PB=4453.6> 
<DWph=1> <it=  2> <et=1240.33> <Mt= 0.01> <Spt= 0.05> <nCl=  0> <DB= 4447.5667> <Mlp= 4447.5667> <PB=4453.6> 
<DWph=0> <it=  3> <et=1240.34> <Mt= 0.00> <Spt= 0.00> <nCl=  0> <DB= 4447.5667> <Mlp= 4447.5667> <PB=4453.6> 
<DWph=0> <it=  3> <et=1240.34> <Mt= 0.00> <Spt= 0.00> <nCl=  0> <DB= 4447.5667> <Mlp= 4447.5667> <PB=4453.6> 
ColGenEvalAlg final dual bound: 4447.57 (rounded: 4447.57)
Gap improvement since the last cut separation : 3.0149e-13 (4447.57)
----- Add fac. cuts : sep. took 0.463365 sec.----- no cuts found  -----
**** SB phase 3 evaluation of candidate 1, branch 2 ( x[(0, 110)]_0_13189_0_OspV <= 0 ), value = 1e+12
<DWph=2> <it=  2> <et=1241.28> <Mt= 0.04> <Spt= 0.09> <nCl=  8> <DB= 4447.2218> <Mlp= 4447.2218> <PB=4453.6> 
<DWph=1> <it=  4> <et=1241.31> <Mt= 0.01> <Spt= 0.03> <nCl=  6> <DB= 4443.9940> <Mlp= 4447.1732> <PB=4453.6> 
<DWph=1> <it=  4> <et=1241.31> <Mt= 0.00> <Spt= 0.00> <nCl=  0> <DB= 4443.9940> <Mlp= 4447.1732> <PB=4453.6> 
<DWph=0> <it=  5> <et=1241.32> <Mt= 0.00> <Spt= 0.00> <nCl=  0> <DB= 4447.1732> <Mlp= 4447.1732> <PB=4453.6> 
<DWph=0> <it=  5> <et=1241.32> <Mt= 0.00> <Spt= 0.00> <nCl=  0> <DB= 4447.1732> <Mlp= 4447.1732> <PB=4453.6> 
ColGenEvalAlg final dual bound: 4447.17 (rounded: 4447.17)
----- Add fac. cuts : R1C(274), max.viol = 0.0573248, aver.viol = 0.027256, sep/add took 0.25617/0.712 sec. -----
31180 columns (7528 active), 1294 dyn. constrs. (529 active), 1536 art. vars. (771 active)
<DWph=2> <it=  1> <et=1242.48> <Mt= 0.05> <Spt= 0.06> <nCl=  2> <DB= 4447.1758> <Mlp= 4447.1758> <PB=4453.6> 
<DWph=1> <it=  2> <et=1242.54> <Mt= 0.00> <Spt= 0.05> <nCl=  3> <DB= 4447.1758> <Mlp= 4447.1758> <PB=4453.6> 
<DWph=0> <it=  4> <et=1242.70> <Mt= 0.02> <Spt= 0.15> <nCl=111> <DB= 4447.1754> <Mlp= 4447.1754> <PB=4453.6> 
ColGenEvalAlg final dual bound: 4447.18 (rounded: 4447.18)
Gap improvement since the last cut separation : 0.000341874 (4447.17)
----- Add fac. cuts : R1C(2), max.viol = 0.0237624, aver.viol = 0.0237624, sep/add took 0.640218/0.0117511 sec. -----
31296 columns (7644 active), 1296 dyn. constrs. (69 active), 1538 art. vars. (311 active)
<DWph=2> <it=  1> <et=1243.56> <Mt= 0.01> <Spt= 0.04> <nCl=  1> <DB= 4447.1822> <Mlp= 4447.1822> <PB=4453.6> 
<DWph=1> <it=  2> <et=1243.60> <Mt= 0.00> <Spt= 0.04> <nCl=  0> <DB= 4447.1822> <Mlp= 4447.1822> <PB=4453.6> 
<DWph=0> <it=  6> <et=1243.76> <Mt= 0.03> <Spt= 0.14> <nCl= 93> <DB= 4447.1806> <Mlp= 4447.1806> <PB=4453.6> 
ColGenEvalAlg final dual bound: 4447.18 (rounded: 4447.18)
Gap improvement since the last cut separation : 0.000801381 (4447.18)
----- Add fac. cuts : R1C(127), max.viol = 0.0356436, aver.viol = 0.028019, sep/add took 0.599725/0.399581 sec. -----
31390 columns (7738 active), 1155 dyn. constrs. (192 active), 1665 art. vars. (434 active)
<DWph=2> <it=  1> <et=1244.99> <Mt= 0.01> <Spt= 0.04> <nCl=  0> <DB= 4447.1838> <Mlp= 4447.1838> <PB=4453.6> 
<DWph=1> <it=  2> <et=1245.04> <Mt= 0.00> <Spt= 0.04> <nCl=  0> <DB= 4447.1838> <Mlp= 4447.1838> <PB=4453.6> 
<DWph=0> <it=  3> <et=1245.09> <Mt= 0.00> <Spt= 0.05> <nCl= 13> <DB= 4447.1838> <Mlp= 4447.1838> <PB=4453.6> 
ColGenEvalAlg final dual bound: 4447.18 (rounded: 4447.18)
Gap improvement since the last cut separation : 0.000501755 (4447.18)
----- Add fac. cuts : R1C(27), max.viol = 0.026975, aver.viol = 0.026975, sep/add took 0.607266/0.0914429 sec. -----
31403 columns (7751 active), 1182 dyn. constrs. (94 active), 1692 art. vars. (336 active)
<DWph=2> <it=  1> <et=1246.01> <Mt= 0.01> <Spt= 0.05> <nCl=  0> <DB= 4447.1850> <Mlp= 4447.1850> <PB=4453.6> 
<DWph=1> <it=  2> <et=1246.07> <Mt= 0.00> <Spt= 0.05> <nCl=  1> <DB= 4447.1850> <Mlp= 4447.1850> <PB=4453.6> 
<DWph=0> <it=  3> <et=1246.12> <Mt= 0.00> <Spt= 0.06> <nCl= 20> <DB= 4447.1850> <Mlp= 4447.1850> <PB=4453.6> 
ColGenEvalAlg final dual bound: 4447.18 (rounded: 4447.18)
Gap improvement since the last cut separation : 0.000183037 (4447.18)
----- Add fac. cuts : R1C(128), max.viol = 0.0570825, aver.viol = 0.0247423, sep/add took 0.680893/0.354569 sec. -----
31424 columns (7772 active), 1185 dyn. constrs. (195 active), 1820 art. vars. (437 active)
<DWph=2> <it=  1> <et=1247.39> <Mt= 0.02> <Spt= 0.05> <nCl=  3> <DB= 4447.1944> <Mlp= 4447.1944> <PB=4453.6> 
<DWph=1> <it=  2> <et=1247.44> <Mt= 0.00> <Spt= 0.04> <nCl=  0> <DB= 4447.1944> <Mlp= 4447.1944> <PB=4453.6> 
<DWph=0> <it=  4> <et=1247.53> <Mt= 0.01> <Spt= 0.09> <nCl= 57> <DB= 4447.1939> <Mlp= 4447.1939> <PB=4453.6> 
ColGenEvalAlg final dual bound: 4447.19 (rounded: 4447.19)
Gap improvement since the last cut separation : 0.0013894 (4447.18)
----- Cut generation is stopped due to tailing off -----
SB exact phase 3 branch on var x[(0, 110)]_0_13189_0_OspV (lhs=0.515924) : [4447.5667, 4447.1939], tree depth = 52.11, tree size = 9.703e+15, score = -8.108
************************************************************************************************
**** BaB tree node (N° 141, parent N° 139, depth 4)
**** Local DB = 4447.19, global bounds : [ 4446.99 , 4453.6 ], TIME = 0h20m47s87t = 124787
**** 4 open nodes, ETS : 142, 31484 columns (7832 active), 1034 dyn. constrs. (68 active), 1276 art. vars. (310 active)
************************************************************************************************
**** Strong branching phase 1 is started *****
SB phase 1 cand.  1 branch on var x[(24, 71)]_0_2854_0_OspV (lhs=0.7683)  : [ 4447.9000,  4449.9500], score = 1.95 (h)  <et=1248.02>
SB phase 1 cand.  2 branch on var x[(0, 76)]_0_9075_0_OspV (lhs=0.4878)   : [ 4447.1939,  4447.5333], score = 0.00      <et=1248.06>
SB phase 1 cand.  3 branch on var x[(103, 81)]_0_12424_0_OspV (lhs=0.5732): [ 4447.4500,  4447.9000], score = 0.18 (h)  <et=1248.12>
SB phase 1 cand.  5 branch on var x[(11, 85)]_0_1295_0_OspV (lhs=0.7805)  : [ 4447.9000,  4451.8810], score = 3.31 (h)  <et=1248.27>
SB phase 1 cand.  7 branch on var x[(8, 19)]_0_866_0_OspV (lhs=0.4512)    : [ 4447.9000,  4448.5143], score = 0.93 (h)  <et=1248.43>
SB phase 1 cand. 15 branch on var x[(85, 11)]_0_10176_0_OspV (lhs=0.2195) : [ 4447.9000,  4451.8810], score = 3.31 (h)  <et=1249.18>
**** Strong branching phase 2 is started *****
<DWph=1> <it=  4> <et=1252.16> <Mt= 0.02> <Spt= 0.13> <nCl= 13> <DB= 4451.8619> <Mlp= 4451.8619> <PB=4453.6> 
----- Add core cuts : CAP(3), max.viol = 1, aver.viol = 1, sep/add took 0.00224129/0.036404 sec. -----
<DWph=1> <it=  6> <et=1252.90> <Mt= 0.19> <Spt= 0.25> <nCl= 71> <DB= 4447.9350> <Mlp= 4447.9350> <PB=4453.6> 
SB phase 2 cand.  1 branch on var x[(85, 11)]_0_10176_0_OspV (lhs=0.2195): [ 4447.9350,  4451.8619], score = 3.46 (h)  <et=1252.99>
<DWph=1> <it=  4> <et=1253.21> <Mt= 0.01> <Spt= 0.15> <nCl= 19> <DB= 4451.8619> <Mlp= 4451.8619> <PB=4453.6> 
----- Add core cuts : CAP(3), max.viol = 1, aver.viol = 1, sep/add took 0.00217855/0.0325586 sec. -----
<DWph=1> <it=  8> <et=1253.78> <Mt= 0.11> <Spt= 0.28> <nCl= 43> <DB= 4448.1833> <Mlp= 4448.1833> <PB=4453.6> 
SB phase 2 cand.  2 branch on var x[(11, 85)]_0_1295_0_OspV (lhs=0.7805) : [ 4448.1833,  4451.8619], score = 4.62 (h)  <et=1253.87>
<DWph=1> <it=  2> <et=1254.02> <Mt= 0.00> <Spt= 0.09> <nCl=  6> <DB= 4449.9500> <Mlp= 4449.9500> <PB=4453.6> 
----- Add core cuts : CAP(3), max.viol = 1, aver.viol = 1, sep/add took 0.00225942/0.0322983 sec. -----
<DWph=1> <it=  8> <et=1254.60> <Mt= 0.09> <Spt= 0.28> <nCl= 41> <DB= 4448.2067> <Mlp= 4448.2067> <PB=4453.6> 
SB phase 2 cand.  3 branch on var x[(24, 71)]_0_2854_0_OspV (lhs=0.7683) : [ 4448.2067,  4449.9500], score = 2.79 (h)  <et=1254.77>
**** Strong branching phase 3 is started *****
**** SB phase 3 evaluation of candidate 1, branch 1 ( x[(11, 85)]_0_1295_0_OspV <= 0 ), value = 4451.86
<DWph=2> <it=  1> <et=1255.33> <Mt= 0.00> <Spt= 0.05> <nCl=  0> <DB= 4451.8619> <Mlp= 4451.8619> <PB=4453.6> 
<DWph=1> <it=  2> <et=1255.38> <Mt= 0.00> <Spt= 0.04> <nCl=  0> <DB= 4451.8619> <Mlp= 4451.8619> <PB=4453.6> 
<DWph=0> <it=  6> <et=1255.64> <Mt= 0.10> <Spt= 0.16> <nCl=300> <DB= 4451.6667> <Mlp= 4451.6667> <PB=4453.6> 
Reduced cost fixing for graph G_0...  took 0.14 sec., done by inspection with 516831 solutions, remains 50715 (9.81%)
 TT = 0.249929, pt = 0.001766, dt = 0.002219, ct = 0, ndl = 3010', bdl = 2088', odl = 252', odf = 5945', lpcb = 5380', cnt = 5508', bdch = 10671', odch = 3538', lcp = 2553'
took 0.24 sec., 3507 buck. arcs remain (63.9% from prev., 1.14% from max.)
ColGenEvalAlg final dual bound: 4451.67 (rounded: 4451.67)
----- Add fac. cuts : CAP(71) R1C(150), max.viol = 0.333333, aver.viol = 0.333333, sep/add took 0.0665771/2.48482 sec. -----
31977 columns (8151 active), 1064 dyn. constrs. (266 active), 1316 art. vars. (508 active)
<DWph=2> <it=  4> <et=1258.98> <Mt= 0.14> <Spt= 0.32> <nCl= 52> <DB= 4453.2234> <Mlp= 4453.2234> <PB=4453.6> 
<DWph=1> <it=  5> <et=1259.07> <Mt= 0.01> <Spt= 0.09> <nCl=  9> <DB= 4453.2234> <Mlp= 4453.2234> <PB=4453.6> 
<DWph=0> <it=  9> <et=1259.46> <Mt= 0.03> <Spt= 0.35> <nCl=333> <DB= 4453.1864> <Mlp= 4453.1864> <PB=4453.6> 
Reduced cost fixing for graph G_0...  took 0.03 sec., done by inspection with 50715 solutions, remains 12147 (24%)
<DWph=2> <it= 10> <et=1260.12> <Mt= 0.07> <Spt= 0.07> <nCl=  0> <DB= 8553.9923> <Mlp= 8553.9923> <PB=4453.6> 
<DWph=1> <it= 11> <et=1260.19> <Mt= 0.00> <Spt= 0.07> <nCl=  0> <DB= 8553.9923> <Mlp= 8553.9923> <PB=4453.6> 
<DWph=0> <it= 14> <et=1260.51> <Mt= 0.05> <Spt= 0.27> <nCl=391> <DB= 4456.1500> <Mlp= 4456.1500> <PB=4453.6> 
ColGenEvalAlg final dual bound: 4456.15 (rounded: 4456.15)
Gap improvement since the last cut separation : 2.31897 (4451.67)
**** SB phase 3 evaluation of candidate 1, branch 2 ( x[(11, 85)]_0_1295_0_OspV >= 1 ), value = 4448.18
<DWph=2> <it=  4> <et=1261.62> <Mt= 0.34> <Spt= 0.28> <nCl= 64> <DB= 4448.1833> <Mlp= 4448.1833> <PB=4453.6> 
<DWph=1> <it=  6> <et=1261.75> <Mt= 0.01> <Spt= 0.12> <nCl= 23> <DB= 4448.1833> <Mlp= 4448.1833> <PB=4453.6> 
<DWph=0> <it=  9> <et=1261.99> <Mt= 0.04> <Spt= 0.21> <nCl=248> <DB= 4448.1167> <Mlp= 4448.1167> <PB=4453.6> 
Reduced cost fixing for graph G_0...  took 0.13 sec., done by inspection with 516831 solutions, remains 203823 (39.4%)
 TT = 0.270839, pt = 0.001998, dt = 0.001503, ct = 0, ndl = 3044', bdl = 3052', odl = 446', odf = 7502', lpcb = 4817', cnt = 7515', bdch = 14825', odch = 4429', lcp = 3550'
took 0.27 sec., 4784 buck. arcs remain (87.1% from prev., 1.56% from max.)
ColGenEvalAlg final dual bound: 4448.12 (rounded: 4448.12)
----- Add fac. cuts : CAP(3) R1C(153), max.viol = 0.333333, aver.viol = 0.0523504, sep/add took 0.0152589/0.456356 sec. -----
33843 columns (8210 active), 999 dyn. constrs. (210 active), 1462 art. vars. (452 active)
<DWph=2> <it=  3> <et=1263.28> <Mt= 0.08> <Spt= 0.12> <nCl= 24> <DB= 4448.3635> <Mlp= 4448.3635> <PB=4453.6> 
<DWph=1> <it=  5> <et=1263.36> <Mt= 0.01> <Spt= 0.07> <nCl= 19> <DB= 4448.3604> <Mlp= 4448.3604> <PB=4453.6> 
<DWph=0> <it=  7> <et=1263.48> <Mt= 0.01> <Spt= 0.11> <nCl=173> <DB= 4448.3604> <Mlp= 4448.3604> <PB=4453.6> 
ColGenEvalAlg final dual bound: 4448.36 (rounded: 4448.36)
Gap improvement since the last cut separation : 0.0444571 (4448.12)
----- Add fac. cuts : CAP(3) R1C(154), max.viol = 0.0879121, aver.viol = 0.0610228, sep/add took 0.0291064/0.50357 sec. -----
34059 columns (8426 active), 1155 dyn. constrs. (215 active), 1619 art. vars. (457 active)
<DWph=2> <it=  3> <et=1264.33> <Mt= 0.03> <Spt= 0.10> <nCl= 24> <DB= 4448.5411> <Mlp= 4448.5411> <PB=4453.6> 
<DWph=1> <it=  4> <et=1264.37> <Mt= 0.00> <Spt= 0.05> <nCl=  8> <DB= 4448.5411> <Mlp= 4448.5411> <PB=4453.6> 
<DWph=0> <it=  6> <et=1264.52> <Mt= 0.02> <Spt= 0.13> <nCl=219> <DB= 4448.5091> <Mlp= 4448.5091> <PB=4453.6> 
ColGenEvalAlg final dual bound: 4448.51 (rounded: 4448.51)
Gap improvement since the last cut separation : 0.0283751 (4448.36)
----- Add fac. cuts : R1C(195), max.viol = 0.0570523, aver.viol = 0.0312867, sep/add took 0.402876/0.615599 sec. -----
34310 columns (8677 active), 1210 dyn. constrs. (256 active), 1814 art. vars. (498 active)
<DWph=2> <it=  1> <et=1265.86> <Mt= 0.06> <Spt= 0.05> <nCl=  7> <DB= 4448.5966> <Mlp= 4448.5966> <PB=4453.6> 
<DWph=1> <it=  2> <et=1265.91> <Mt= 0.01> <Spt= 0.04> <nCl=  1> <DB= 4448.5966> <Mlp= 4448.5966> <PB=4453.6> 
<DWph=0> <it=  4> <et=1266.07> <Mt= 0.03> <Spt= 0.13> <nCl=140> <DB= 4448.5527> <Mlp= 4448.5527> <PB=4453.6> 
ColGenEvalAlg final dual bound: 4448.55 (rounded: 4448.55)
Gap improvement since the last cut separation : 0.00855954 (4448.51)
----- Add fac. cuts : R1C(338), max.viol = 0.0752688, aver.viol = 0.0320354, sep/add took 0.865731/1.04687 sec. -----
34458 columns (8825 active), 1395 dyn. constrs. (401 active), 2152 art. vars. (643 active)
<DWph=2> <it=  3> <et=1268.35> <Mt= 0.06> <Spt= 0.11> <nCl= 23> <DB= 4448.6043> <Mlp= 4448.6043> <PB=4453.6> 
<DWph=1> <it=  4> <et=1268.40> <Mt= 0.00> <Spt= 0.04> <nCl=  3> <DB= 4448.6043> <Mlp= 4448.6043> <PB=4453.6> 
<DWph=0> <it=  7> <et=1268.55> <Mt= 0.02> <Spt= 0.14> <nCl= 95> <DB= 4448.6033> <Mlp= 4448.6033> <PB=4453.6> 
ColGenEvalAlg final dual bound: 4448.6 (rounded: 4448.6)
Gap improvement since the last cut separation : 0.0100302 (4448.55)
----- Add fac. cuts : CAP(2) R1C(365), max.viol = 0.121893, aver.viol = 0.0443061, sep/add took 0.843008/1.34357 sec. -----
34579 columns (8946 active), 1572 dyn. constrs. (428 active), 2519 art. vars. (670 active)
----- Add core cuts : CAP(5), max.viol = 1, aver.viol = 1, sep/add took 0.00469648/0.124078 sec. -----
<DWph=2> <it=  3> <et=1271.32> <Mt= 0.10> <Spt= 0.13> <nCl= 22> <DB= 4448.7732> <Mlp= 4448.7732> <PB=4453.6> 
<DWph=1> <it=  5> <et=1271.42> <Mt= 0.01> <Spt= 0.09> <nCl= 17> <DB= 4448.7732> <Mlp= 4448.7732> <PB=4453.6> 
<DWph=0> <it= 10> <et=1271.86> <Mt= 0.07> <Spt= 0.37> <nCl=417> <DB= 4448.7515> <Mlp= 4448.7515> <PB=4453.6> 
Reduced cost fixing for graph G_0...  took 0.08 sec., done by inspection with 203823 solutions, remains 115523 (56.7%)
 TT = 0.120447, pt = 0.001967, dt = 0.001264, ct = 0, ndl = 2700', bdl = 2667', odl = 370', odf = 6664', lpcb = 3281', cnt = 6399', bdch = 12859', odch = 3177', lcp = 3103'
took 0.12 sec., 4553 buck. arcs remain (95.2% from prev., 1.49% from max.)
ColGenEvalAlg final dual bound: 4448.75 (rounded: 4448.75)
Gap improvement since the last cut separation : 0.029654 (4448.6)
----- Add fac. cuts : CAP(1) R1C(129), max.viol = 0.0429043, aver.viol = 0.0287636, sep/add took 1.0197/0.58478 sec. -----
35035 columns (9402 active), 1366 dyn. constrs. (195 active), 2654 art. vars. (437 active)
<DWph=2> <it=  1> <et=1273.90> <Mt= 0.03> <Spt= 0.05> <nCl=  8> <DB= 4448.7684> <Mlp= 4448.7684> <PB=4453.6> 
<DWph=1> <it=  2> <et=1273.94> <Mt= 0.01> <Spt= 0.05> <nCl=  0> <DB= 4448.7684> <Mlp= 4448.7684> <PB=4453.6> 
<DWph=0> <it=  3> <et=1274.01> <Mt= 0.00> <Spt= 0.06> <nCl= 54> <DB= 4448.7684> <Mlp= 4448.7684> <PB=4453.6> 
ColGenEvalAlg final dual bound: 4448.77 (rounded: 4448.77)
Gap improvement since the last cut separation : 0.00347972 (4448.75)
----- Add fac. cuts : R1C(446), max.viol = 0.0410839, aver.viol = 0.0222255, sep/add took 0.854292/1.49767 sec. -----
35097 columns (9464 active), 1450 dyn. constrs. (508 active), 3100 art. vars. (750 active)
<DWph=2> <it=  3> <et=1276.82> <Mt= 0.11> <Spt= 0.12> <nCl= 24> <DB= 4448.8170> <Mlp= 4448.8170> <PB=4453.6> 
<DWph=1> <it=  5> <et=1276.91> <Mt= 0.01> <Spt= 0.08> <nCl= 20> <DB= 4448.8169> <Mlp= 4448.8169> <PB=4453.6> 
<DWph=0> <it=  7> <et=1277.15> <Mt= 0.01> <Spt= 0.22> <nCl=254> <DB= 4448.8164> <Mlp= 4448.8164> <PB=4453.6> 
ColGenEvalAlg final dual bound: 4448.82 (rounded: 4448.82)
Gap improvement since the last cut separation : 0.00995009 (4448.77)
----- Cut generation is stopped due to tailing off -----
SB exact phase 3 branch on var x[(11, 85)]_0_1295_0_OspV (lhs=0.780488) : [4456.15, 4448.8164], tree depth = 1.85, tree size = 5.211, score = -0.2888 (h)
************************************************************************************************
**** BaB tree node (N° 143, parent N° 141, depth 5)
**** Local DB = 4448.82, global bounds : [ 4446.99 , 4453.6 ], TIME = 0h21m17s54t = 127754
**** 5 open nodes, ETS : 144, 33414 columns (9762 active), 880 dyn. constrs. (70 active), 1122 art. vars. (312 active)
************************************************************************************************
**** Strong branching phase 3 is started *****
**** SB phase 3 evaluation of candidate 1, branch 1 ( x[(67, 0)]_0_7987_0_OspV >= 1 ), value = 1e+12
<DWph=2> <it=  1> <et=1277.61> <Mt= 0.02> <Spt= 0.00> <nCl=  0> <DB= 4448.8164> <Mlp= 4448.8164> <PB=4453.6> 
<DWph=2> <it=  1> <et=1277.61> <Mt= 0.00> <Spt= 0.00> <nCl=  0> <DB= 4448.8164> <Mlp= 4448.8164> <PB=4453.6> 
<DWph=1> <it=  2> <et=1277.61> <Mt= 0.01> <Spt= 0.00> <nCl=  0> <DB= 4448.8164> <Mlp= 4448.8164> <PB=4453.6> 
<DWph=1> <it=  2> <et=1277.61> <Mt= 0.00> <Spt= 0.00> <nCl=  0> <DB= 4448.8164> <Mlp= 4448.8164> <PB=4453.6> 
<DWph=0> <it=  3> <et=1277.61> <Mt= 0.00> <Spt= 0.00> <nCl=  0> <DB= 4448.8164> <Mlp= 4448.8164> <PB=4453.6> 
<DWph=0> <it=  3> <et=1277.61> <Mt= 0.00> <Spt= 0.00> <nCl=  0> <DB= 4448.8164> <Mlp= 4448.8164> <PB=4453.6> 
ColGenEvalAlg final dual bound: 4448.82 (rounded: 4448.82)
----- Add fac. cuts : R1C(152), max.viol = 0.0598592, aver.viol = 0.0293968, sep/add took 0.895632/0.549134 sec. -----
33414 columns (9762 active), 1033 dyn. constrs. (223 active), 1275 art. vars. (465 active)
<DWph=2> <it=  1> <et=1279.22> <Mt= 0.06> <Spt= 0.05> <nCl=  4> <DB= 4448.8350> <Mlp= 4448.8350> <PB=4453.6> 
<DWph=1> <it=  2> <et=1279.27> <Mt= 0.01> <Spt= 0.04> <nCl=  0> <DB= 4448.8350> <Mlp= 4448.8350> <PB=4453.6> 
<DWph=0> <it=  5> <et=1279.57> <Mt= 0.04> <Spt= 0.22> <nCl=311> <DB= 4448.8286> <Mlp= 4448.8286> <PB=4453.6> 
ColGenEvalAlg final dual bound: 4448.83 (rounded: 4448.83)
Gap improvement since the last cut separation : 0.00253775 (4448.82)
----- Add fac. cuts : R1C(404), max.viol = 0.0552995, aver.viol = 0.0284882, sep/add took 0.913807/1.21643 sec. -----
33729 columns (6669 active), 1418 dyn. constrs. (500 active), 1679 art. vars. (742 active)
<DWph=2> <it=  1> <et=1282.14> <Mt= 0.26> <Spt= 0.06> <nCl=  9> <DB= 4448.8500> <Mlp= 4448.8500> <PB=4453.6> 
<DWph=1> <it=  9> <et=1284.00> <Mt= 1.54> <Spt= 0.31> <nCl=151> <DB= 4421.2492> <Mlp= 4448.8492> <PB=4453.6> 
<DWph=0> <it= 10> <et=1284.11> <Mt= 0.01> <Spt= 0.10> <nCl=150> <DB=-271132.5886> <Mlp= 4448.8492> <PB=4453.6> 
<DWph=0> <it= 17> <et=1284.79> <Mt= 0.11> <Spt= 0.57> <nCl=544> <DB= 4448.8465> <Mlp= 4448.8465> <PB=4453.6> 
ColGenEvalAlg final dual bound: 4448.85 (rounded: 4448.85)
Gap improvement since the last cut separation : 0.00375941 (4448.83)
----- Add fac. cuts : CAP(1) R1C(26), max.viol = 0.0807778, aver.viol = 0.0303406, sep/add took 1.00492/0.116802 sec. -----
34583 columns (7523 active), 1323 dyn. constrs. (106 active), 1706 art. vars. (348 active)
<DWph=2> <it=  1> <et=1286.12> <Mt= 0.02> <Spt= 0.04> <nCl=  0> <DB= 4448.8500> <Mlp= 4448.8500> <PB=4453.6> 
<DWph=1> <it=  2> <et=1286.16> <Mt= 0.00> <Spt= 0.04> <nCl=  0> <DB= 4448.8500> <Mlp= 4448.8500> <PB=4453.6> 
<DWph=0> <it=  3> <et=1286.22> <Mt= 0.00> <Spt= 0.06> <nCl= 34> <DB= 4448.8500> <Mlp= 4448.8500> <PB=4453.6> 
ColGenEvalAlg final dual bound: 4448.85 (rounded: 4448.85)
Gap improvement since the last cut separation : 0.000734366 (4448.85)
----- Cut generation is stopped due to tailing off -----
**** SB phase 3 evaluation of candidate 1, branch 2 ( x[(67, 0)]_0_7987_0_OspV <= 0 ), value = 1e+12
<DWph=2> <it= 10> <et=1287.20> <Mt= 0.33> <Spt= 0.24> <nCl=106> <DB= 4438.8905> <Mlp= 4449.6344> <PB=4453.6> 
<DWph=2> <it= 14> <et=1287.40> <Mt= 0.03> <Spt= 0.18> <nCl= 30> <DB= 4449.5154> <Mlp= 4449.5154> <PB=4453.6> 
<DWph=1> <it= 19> <et=1287.58> <Mt= 0.03> <Spt= 0.15> <nCl= 58> <DB= 4449.4865> <Mlp= 4449.4865> <PB=4453.6> 
<DWph=0> <it= 20> <et=1287.63> <Mt= 0.00> <Spt= 0.05> <nCl=149> <DB= 4370.5629> <Mlp= 4449.4865> <PB=4453.6> 
<DWph=0> <it= 24> <et=1287.93> <Mt= 0.07> <Spt= 0.19> <nCl=426> <DB= 4448.8500> <Mlp= 4448.8500> <PB=4453.6> 
ColGenEvalAlg final dual bound: 4448.85 (rounded: 4448.85)
----- Add fac. cuts : CAP(6), max.viol = 0.5, aver.viol = 0.5, sep/add took 0.32798/0.181063 sec. -----
35374 columns (7095 active), 887 dyn. constrs. (67 active), 1129 art. vars. (309 active)
<DWph=2> <it=  4> <et=1288.68> <Mt= 0.07> <Spt= 0.12> <nCl= 27> <DB= 4448.9250> <Mlp= 4448.9250> <PB=4453.6> 
<DWph=1> <it=  7> <et=1288.78> <Mt= 0.01> <Spt= 0.09> <nCl= 14> <DB= 4448.9250> <Mlp= 4448.9250> <PB=4453.6> 
<DWph=0> <it= 10> <et=1288.90> <Mt= 0.02> <Spt= 0.10> <nCl=266> <DB= 4447.1250> <Mlp= 4448.9250> <PB=4453.6> 
<DWph=0> <it= 11> <et=1288.91> <Mt= 0.01> <Spt= 0.00> <nCl=  0> <DB= 4448.8500> <Mlp= 4448.8500> <PB=4453.6> 
<DWph=0> <it= 11> <et=1288.91> <Mt= 0.00> <Spt= 0.00> <nCl=  0> <DB= 4448.8500> <Mlp= 4448.8500> <PB=4453.6> 
ColGenEvalAlg final dual bound: 4448.85 (rounded: 4448.85)
Gap improvement since the last cut separation : -3.82945e-13 (4448.85)
----- Add fac. cuts : CAP(4), max.viol = 0.5, aver.viol = 0.5, sep/add took 0.296328/0.132165 sec. -----
35681 columns (7402 active), 891 dyn. constrs. (71 active), 1133 art. vars. (313 active)
<DWph=2> <it=  1> <et=1289.50> <Mt= 0.05> <Spt= 0.05> <nCl=  8> <DB= 4449.0000> <Mlp= 4449.0000> <PB=4453.6> 
<DWph=1> <it=  2> <et=1289.55> <Mt= 0.00> <Spt= 0.04> <nCl=  8> <DB= 4449.0000> <Mlp= 4449.0000> <PB=4453.6> 
<DWph=0> <it=  4> <et=1289.70> <Mt= 0.04> <Spt= 0.11> <nCl=246> <DB= 4449.0000> <Mlp= 4449.0000> <PB=4453.6> 
ColGenEvalAlg final dual bound: 4449 (rounded: 4449)
Gap improvement since the last cut separation : 0.0315789 (4448.85)
----- Add fac. cuts : R1C(148), max.viol = 0.5, aver.viol = 0.5, sep/add took 0.114451/0.448165 sec. -----
35943 columns (7664 active), 1039 dyn. constrs. (206 active), 1281 art. vars. (448 active)
<DWph=2> <it=  1> <et=1290.40> <Mt= 0.01> <Spt= 0.05> <nCl= 12> <DB= 4449.0000> <Mlp= 4449.0000> <PB=4453.6> 
<DWph=1> <it=  2> <et=1290.45> <Mt= 0.00> <Spt= 0.05> <nCl=  9> <DB= 4449.0000> <Mlp= 4449.0000> <PB=4453.6> 
<DWph=0> <it=  3> <et=1290.45> <Mt= 0.00> <Spt= 0.00> <nCl=  0> <DB= 4449.0000> <Mlp= 4449.0000> <PB=4453.6> 
<DWph=0> <it=  3> <et=1290.45> <Mt= 0.00> <Spt= 0.00> <nCl=  0> <DB= 4449.0000> <Mlp= 4449.0000> <PB=4453.6> 
ColGenEvalAlg final dual bound: 4449 (rounded: 4449)
Gap improvement since the last cut separation : 0 (4449)
----- Add fac. cuts : sep. took 0.302915 sec.----- no cuts found  -----
SB exact phase 3 branch on var x[(67, 0)]_0_7987_0_OspV (lhs=0.434272) : [4448.85, 4449], tree depth = 54.68, tree size = 5.769e+16, score = -11.43
************************************************************************************************
**** BaB tree node (N° 144, parent N° 143, depth 6)
**** Local DB = 4448.85, global bounds : [ 4446.99 , 4453.6 ], TIME = 0h21m30s93t = 129093
**** 6 open nodes, ETS : 147, 35964 columns (7685 active), 1030 dyn. constrs. (206 active), 1272 art. vars. (448 active)
************************************************************************************************
**** Strong branching phase 1 is started *****
SB phase 1 cand.  1 branch on var x[(30, 4)]_0_3514_0_OspV (lhs=0.5000)    : [ 4449.5360,  4450.5000], score = 1.13 (h)  <et=1291.22>
SB phase 1 cand.  2 branch on var x[(4, 21)]_0_384_0_OspV (lhs=0.5000)     : [ 4448.9187,  4453.7000], score = 0.33 (h)  <et=1291.3>
SB phase 1 cand.  3 branch on var x[(39, 81)]_0_4679_0_OspV (lhs=0.5000)   : [ 4448.8543,  4450.5000], score = 0.01 (h)  <et=1291.35>
SB phase 1 cand.  4 branch on var x[(116, 81)]_0_13997_0_OspV (lhs=0.5000) : [ 4448.9331,  4453.7000], score = 0.39 (h)  <et=1291.42>
SB phase 1 cand.  5 branch on var x[(51, 10)]_0_6061_0_OspV (lhs=0.5000)   : [ 4449.1972,  4450.4159], score = 0.54 (h)  <et=1291.53>
SB phase 1 cand.  7 branch on var x[(103, 116)]_0_12458_0_OspV (lhs=0.5000): [ 4449.7481,  4450.8233], score = 1.77 (h)  <et=1291.71>
SB phase 1 cand.  8 branch on var x[(116, 21)]_0_13937_0_OspV (lhs=0.5000) : [ 4449.9190,  4450.1204], score = 1.36 (h)  <et=1291.82>
**** Strong branching phase 2 is started *****
<DWph=1> <it= 11> <et=1293.02> <Mt= 0.10> <Spt= 0.34> <nCl= 99> <DB= 4450.5168> <Mlp= 4450.5168> <PB=4453.6> 
----- Add core cuts : CAP(11), max.viol = 1, aver.viol = 1, sep/add took 0.0114425/0.242764 sec. -----
<DWph=1> <it=  5> <et=1293.66> <Mt= 0.08> <Spt= 0.17> <nCl= 23> <DB= 4449.6261> <Mlp= 4449.6261> <PB=4453.6> 
SB phase 2 cand.  1 branch on var x[(103, 116)]_0_12458_0_OspV (lhs=0.5000): [ 4449.6261,  4450.5168], score = 1.29 (h)  <et=1293.71>
----- Add core cuts : CAP(11), max.viol = 1, aver.viol = 1, sep/add took 0.0098302/0.240178 sec. -----
<DWph=1> <it=  9> <et=1294.41> <Mt= 0.08> <Spt= 0.32> <nCl= 74> <DB= 4450.0111> <Mlp= 4450.0111> <PB=4453.6> 
<DWph=1> <it= 10> <et=1294.96> <Mt= 0.06> <Spt= 0.40> <nCl= 82> <DB= 4449.8290> <Mlp= 4449.8290> <PB=4453.6> 
SB phase 2 cand.  2 branch on var x[(116, 21)]_0_13937_0_OspV (lhs=0.5000) : [ 4449.8290,  4450.0111], score = 1.14 (h)  <et=1295.01>
----- Add core cuts : CAP(8), max.viol = 1, aver.viol = 1, sep/add took 0.00684129/0.205016 sec. -----
<DWph=1> <it=  7> <et=1295.60> <Mt= 0.05> <Spt= 0.29> <nCl= 57> <DB= 4450.7462> <Mlp= 4450.7462> <PB=4453.6> 
<DWph=1> <it=  2> <et=1295.80> <Mt= 0.00> <Spt= 0.10> <nCl= 10> <DB= 4449.5360> <Mlp= 4449.5360> <PB=4453.6> 
SB phase 2 cand.  3 branch on var x[(30, 4)]_0_3514_0_OspV (lhs=0.5000)    : [ 4449.5360,  4450.7462], score = 1.30 (h)  <et=1295.86>
**** Strong branching phase 3 is started *****
**** SB phase 3 evaluation of candidate 1, branch 1 ( x[(30, 4)]_0_3514_0_OspV <= 0 ), value = 4450.75
<DWph=2> <it=  4> <et=1296.63> <Mt= 0.36> <Spt= 0.20> <nCl= 84> <DB= 4450.7462> <Mlp= 4450.7462> <PB=4453.6> 
<DWph=1> <it=  5> <et=1296.68> <Mt= 0.00> <Spt= 0.06> <nCl= 10> <DB= 4450.7462> <Mlp= 4450.7462> <PB=4453.6> 
<DWph=0> <it= 10> <et=1296.97> <Mt= 0.06> <Spt= 0.22> <nCl=421> <DB= 4437.5082> <Mlp= 4450.3216> <PB=4453.6> 
<DWph=0> <it= 11> <et=1297.05> <Mt= 0.01> <Spt= 0.08> <nCl= 92> <DB= 4450.2984> <Mlp= 4450.2984> <PB=4453.6> 
Reduced cost fixing for graph G_0...  took 0.05 sec., done by inspection with 115523 solutions, remains 31096 (26.9%)
<DWph=2> <it= 12> <et=1297.80> <Mt= 0.10> <Spt= 0.04> <nCl=  0> <DB= 4451.1037> <Mlp= 4451.1037> <PB=4453.6> 
<DWph=1> <it= 13> <et=1297.84> <Mt= 0.00> <Spt= 0.04> <nCl=  0> <DB= 4451.1037> <Mlp= 4451.1037> <PB=4453.6> 
<DWph=0> <it= 16> <et=1298.02> <Mt= 0.01> <Spt= 0.17> <nCl=342> <DB= 4451.0135> <Mlp= 4451.0135> <PB=4453.6> 
Reduced cost fixing for graph G_0...  took 0.01 sec., done by inspection with 31096 solutions, remains 9462 (30.4%)
ColGenEvalAlg final dual bound: 4451.01 (rounded: 4451.01)
----- Terminating the node by MIP -----
**** SB phase 3 evaluation of candidate 1, branch 2 ( x[(30, 4)]_0_3514_0_OspV >= 1 ), value = 4449.54
<DWph=2> <it=  1> <et=1299.88> <Mt= 0.01> <Spt= 0.05> <nCl=  0> <DB= 4449.5360> <Mlp= 4449.5360> <PB=4453.6> 
<DWph=1> <it=  2> <et=1299.92> <Mt= 0.00> <Spt= 0.04> <nCl=  0> <DB= 4449.5360> <Mlp= 4449.5360> <PB=4453.6> 
<DWph=0> <it=  5> <et=1300.05> <Mt= 0.01> <Spt= 0.11> <nCl= 72> <DB= 4449.5360> <Mlp= 4449.5360> <PB=4453.6> 
Reduced cost fixing for graph G_0...  took 0.05 sec., done by inspection with 115523 solutions, remains 46926 (40.6%)
 TT = 0.106899, pt = 0.002113, dt = 0.001231, ct = 0, ndl = 2301', bdl = 1862', odl = 298', odf = 5981', lpcb = 2803', cnt = 4909', bdch = 8090', odch = 2411', lcp = 1825'
took 0.1 sec., 4198 buck. arcs remain (92.2% from prev., 1.37% from max.)
ColGenEvalAlg final dual bound: 4449.54 (rounded: 4449.54)
----- Add fac. cuts : R1C(142), max.viol = 0.0607711, aver.viol = 0.0267237, sep/add took 1.05642/0.420632 sec. -----
45538 columns (7639 active), 1169 dyn. constrs. (207 active), 1419 art. vars. (449 active)
<DWph=2> <it=  1> <et=1301.79> <Mt= 0.02> <Spt= 0.05> <nCl= 14> <DB= 4449.5867> <Mlp= 4449.5867> <PB=4453.6> 
<DWph=1> <it=  2> <et=1301.83> <Mt= 0.00> <Spt= 0.04> <nCl=  0> <DB= 4449.5867> <Mlp= 4449.5867> <PB=4453.6> 
<DWph=0> <it=  8> <et=1302.17> <Mt= 0.07> <Spt= 0.26> <nCl=199> <DB= 4449.5867> <Mlp= 4449.5867> <PB=4453.6> 
ColGenEvalAlg final dual bound: 4449.59 (rounded: 4449.59)
Gap improvement since the last cut separation : 0.0124626 (4449.54)
----- Add fac. cuts : CAP(1) R1C(345), max.viol = 0.0666667, aver.viol = 0.0666667, sep/add took 0.613242/1.14628 sec. -----
45751 columns (7852 active), 1515 dyn. constrs. (417 active), 1765 art. vars. (659 active)
<DWph=2> <it=  5> <et=1304.30> <Mt= 0.10> <Spt= 0.18> <nCl= 21> <DB= 4449.6300> <Mlp= 4449.6300> <PB=4453.6> 
<DWph=1> <it=  6> <et=1304.35> <Mt= 0.01> <Spt= 0.05> <nCl=  1> <DB= 4449.6300> <Mlp= 4449.6300> <PB=4453.6> 
<DWph=0> <it=  9> <et=1304.53> <Mt= 0.02> <Spt= 0.15> <nCl= 84> <DB= 4449.6263> <Mlp= 4449.6263> <PB=4453.6> 
ColGenEvalAlg final dual bound: 4449.63 (rounded: 4449.63)
Gap improvement since the last cut separation : 0.00988728 (4449.59)
----- Add fac. cuts : R1C(471), max.viol = 0.0957179, aver.viol = 0.0562007, sep/add took 0.956916/1.59844 sec. -----
45857 columns (7958 active), 1859 dyn. constrs. (540 active), 2236 art. vars. (782 active)
<DWph=2> <it=  2> <et=1307.35> <Mt= 0.07> <Spt= 0.08> <nCl=  1> <DB= 4449.6518> <Mlp= 4449.6518> <PB=4453.6> 
<DWph=1> <it=  3> <et=1307.41> <Mt= 0.01> <Spt= 0.05> <nCl=  0> <DB= 4449.6518> <Mlp= 4449.6518> <PB=4453.6> 
<DWph=0> <it=  6> <et=1307.65> <Mt= 0.04> <Spt= 0.20> <nCl=117> <DB= 4449.6468> <Mlp= 4449.6468> <PB=4453.6> 
ColGenEvalAlg final dual bound: 4449.65 (rounded: 4449.65)
Gap improvement since the last cut separation : 0.00514459 (4449.63)
----- Cut generation is stopped due to tailing off -----
SB exact phase 3 branch on var x[(30, 4)]_0_3514_0_OspV (lhs=0.5) : [4453.6, 4449.6468], tree depth = 2.167, tree size = 6.98, score = -0.4562 (h)
************************************************************************************************
**** BaB tree node (N° 147, parent N° 144, depth 7)
**** Local DB = 4449.65, global bounds : [ 4446.99 , 4453.6 ], TIME = 0h21m48s13t = 130813
**** 7 open nodes, ETS : 149, 36230 columns (8076 active), 1057 dyn. constrs. (80 active), 1299 art. vars. (322 active)
************************************************************************************************
**** Strong branching phase 3 is started *****
**** SB phase 3 evaluation of candidate 1, branch 1 ( x[(103, 116)]_0_12458_0_OspV >= 1 ), value = 1e+12
<DWph=2> <it= 10> <et=1308.73> <Mt= 0.18> <Spt= 0.32> <nCl= 87> <DB= 4450.5197> <Mlp= 4456.2833> <PB=4453.6> 
<DWph=2> <it= 13> <et=1308.88> <Mt= 0.02> <Spt= 0.14> <nCl= 10> <DB= 4456.2833> <Mlp= 4456.2833> <PB=4453.6> 
<DWph=1> <it= 19> <et=1309.19> <Mt= 0.14> <Spt= 0.17> <nCl= 71> <DB= 4455.5712> <Mlp= 4455.5712> <PB=4453.6> 
<DWph=0> <it= 20> <et=1309.24> <Mt= 0.00> <Spt= 0.04> <nCl= 98> <DB= 4444.0394> <Mlp= 4455.5712> <PB=4453.6> 
<DWph=0> <it= 22> <et=1309.34> <Mt= 0.01> <Spt= 0.09> <nCl= 76> <DB= 4455.5683> <Mlp= 4455.5683> <PB=4453.6> 
ColGenEvalAlg final dual bound: 4455.57 (rounded: 4455.57)
**** SB phase 3 evaluation of candidate 1, branch 2 ( x[(103, 116)]_0_12458_0_OspV <= 0 ), value = 1e+12
<DWph=2> <it=  2> <et=1309.67> <Mt= 0.08> <Spt= 0.09> <nCl=  7> <DB= 4450.9676> <Mlp= 4450.9676> <PB=4453.6> 
<DWph=1> <it=  3> <et=1309.71> <Mt= 0.00> <Spt= 0.05> <nCl=  0> <DB= 4450.9676> <Mlp= 4450.9676> <PB=4453.6> 
<DWph=0> <it=  6> <et=1309.83> <Mt= 0.02> <Spt= 0.10> <nCl=110> <DB= 4450.9116> <Mlp= 4450.9116> <PB=4453.6> 
Reduced cost fixing for graph G_0...  took 0.02 sec., done by inspection with 46926 solutions, remains 29436 (62.7%)
<DWph=2> <it=  7> <et=1310.43> <Mt= 0.09> <Spt= 0.03> <nCl=  0> <DB= 4451.1006> <Mlp= 4451.1006> <PB=4453.6> 
<DWph=1> <it=  8> <et=1310.46> <Mt= 0.00> <Spt= 0.04> <nCl=  0> <DB= 4451.1006> <Mlp= 4451.1006> <PB=4453.6> 
<DWph=0> <it= 10> <et=1310.55> <Mt= 0.01> <Spt= 0.08> <nCl=252> <DB= 4438.2091> <Mlp= 4451.1006> <PB=4453.6> 
<DWph=0> <it= 11> <et=1310.61> <Mt= 0.00> <Spt= 0.06> <nCl=101> <DB= 4451.1006> <Mlp= 4451.1006> <PB=4453.6> 
Reduced cost fixing for graph G_0...  took 0.01 sec., done by inspection with 29436 solutions, remains 12983 (44.1%)
ColGenEvalAlg final dual bound: 4451.1 (rounded: 4451.1)
----- Add fac. cuts : R1C(150), max.viol = 0.0920245, aver.viol = 0.061227, sep/add took 0.0267411/0.0864121 sec. -----
37821 columns (1591 active), 1192 dyn. constrs. (196 active), 1434 art. vars. (438 active)
<DWph=2> <it=  1> <et=1310.90> <Mt= 0.00> <Spt= 0.03> <nCl=  0> <DB= 4451.7584> <Mlp= 4451.7584> <PB=4453.6> 
<DWph=1> <it=  2> <et=1310.93> <Mt= 0.01> <Spt= 0.03> <nCl=  0> <DB= 4451.7584> <Mlp= 4451.7584> <PB=4453.6> 
<DWph=0> <it=  4> <et=1311.06> <Mt= 0.00> <Spt= 0.13> <nCl=317> <DB= 4451.4913> <Mlp= 4451.4913> <PB=4453.6> 
Reduced cost fixing for graph G_0...  took 0 sec., done by inspection with 12983 solutions, remains 9509 (73.2%)
ColGenEvalAlg final dual bound: 4451.49 (rounded: 4451.49)
Gap improvement since the last cut separation : 0.156293 (4451.1)
----- Terminating the node by MIP -----
 SB phase 3 candidate 1 is conquered !
************************************************************************************************
**** BaB tree node (N° 145, parent N° 143, depth 6)
**** Local DB = 4449, global bounds : [ 4446.99 , 4453.6 ], TIME = 0h21m52s68t = 131268
**** 5 open nodes, ETS : 150, 46005 columns (9775 active), 1192 dyn. constrs. (196 active), 1434 art. vars. (438 active)
************************************************************************************************
**** Strong branching phase 1 is started *****
SB phase 1 cand.  1 branch on var x[(30, 4)]_0_3514_0_OspV (lhs=0.5000)    : [ 4449.3000,  4450.4482], score = 0.43 (h)  <et=1313.2>
SB phase 1 cand.  2 branch on var x[(4, 21)]_0_384_0_OspV (lhs=0.5000)     : [ 4449.3000,  4453.7000], score = 1.38 (h)  <et=1313.4>
SB phase 1 cand.  3 branch on var x[(39, 81)]_0_4679_0_OspV (lhs=0.5000)   : [ 4449.2805,  4449.3000], score = 0.08 (h)  <et=1313.5>
SB phase 1 cand.  4 branch on var x[(116, 81)]_0_13997_0_OspV (lhs=0.5000) : [ 4449.3000,  4453.7000], score = 1.38 (h)  <et=1313.67>
SB phase 1 cand.  8 branch on var x[(103, 116)]_0_12458_0_OspV (lhs=0.5000): [ 4449.3000,  4452.1750], score = 0.95 (h)  <et=1314.2>
**** Strong branching phase 2 is started *****
<DWph=1> <it=  6> <et=1316.24> <Mt= 0.03> <Spt= 0.18> <nCl= 31> <DB= 4453.7000> <Mlp= 4453.7000> <PB=4453.6> 
----- Add core cuts : CAP(13), max.viol = 1, aver.viol = 1, sep/add took 0.015592/0.350167 sec. -----
<DWph=1> <it=  2> <et=1317.18> <Mt= 0.07> <Spt= 0.10> <nCl=  3> <DB= 4449.3944> <Mlp= 4449.3944> <PB=4453.6> 
SB phase 2 cand.  1 branch on var x[(4, 21)]_0_384_0_OspV (lhs=0.5000)     : [ 4449.3944,  4453.7000], score = 1.81 (h)  <et=1317.24>
<DWph=1> <it=  8> <et=1317.74> <Mt= 0.14> <Spt= 0.30> <nCl= 34> <DB= 4451.7020> <Mlp= 4451.7020> <PB=4453.6> 
----- Add core cuts : CAP(13), max.viol = 1, aver.viol = 1, sep/add took 0.0144574/0.31459 sec. -----
<DWph=1> <it=  3> <et=1318.50> <Mt= 0.18> <Spt= 0.16> <nCl=  5> <DB= 4450.3548> <Mlp= 4450.3548> <PB=4453.6> 
SB phase 2 cand.  2 branch on var x[(103, 116)]_0_12458_0_OspV (lhs=0.5000): [ 4450.3548,  4451.7020], score = 3.66 (h)  <et=1318.56>
<DWph=1> <it=  4> <et=1318.85> <Mt= 0.05> <Spt= 0.21> <nCl= 24> <DB= 4450.5444> <Mlp= 4450.5444> <PB=4453.6> 
----- Add core cuts : CAP(13), max.viol = 1, aver.viol = 1, sep/add took 0.0133087/0.310867 sec. -----
<DWph=1> <it=  7> <et=1319.67> <Mt= 0.12> <Spt= 0.27> <nCl= 25> <DB= 4450.5158> <Mlp= 4450.5158> <PB=4453.6> 
SB phase 2 cand.  3 branch on var x[(116, 21)]_0_13937_0_OspV (lhs=0.5000) : [ 4450.5158,  4450.5444], score = 2.34 (h)  <et=1319.74>
**** Strong branching phase 3 is started *****
**** SB phase 3 evaluation of candidate 1, branch 1 ( x[(103, 116)]_0_12458_0_OspV >= 1 ), value = 4451.7
<DWph=2> <it=  1> <et=1320.04> <Mt= 0.01> <Spt= 0.06> <nCl=  0> <DB= 4451.7020> <Mlp= 4451.7020> <PB=4453.6> 
<DWph=1> <it=  2> <et=1320.10> <Mt= 0.00> <Spt= 0.05> <nCl=  0> <DB= 4451.7020> <Mlp= 4451.7020> <PB=4453.6> 
<DWph=0> <it=  8> <et=1320.51> <Mt= 0.06> <Spt= 0.35> <nCl=293> <DB= 4451.5379> <Mlp= 4451.5379> <PB=4453.6> 
Reduced cost fixing for graph G_0...  took 0.07 sec., done by inspection with 115523 solutions, remains 7449 (6.45%)
 TT = 0.122009, pt = 0.001156, dt = 0.001698, ct = 0, ndl = 1749', bdl = 915', odl = 157', odf = 3793', lpcb = 2414', cnt = 2078', bdch = 3611', odch = 911', lcp = 773'
took 0.12 sec., 2818 buck. arcs remain (61.9% from prev., 0.92% from max.)
ColGenEvalAlg final dual bound: 4451.54 (rounded: 4451.54)
----- Add fac. cuts : CAP(7) R1C(154), max.viol = 0.206897, aver.viol = 0.071964, sep/add took 0.0183905/0.741378 sec. -----
34762 columns (8012 active), 1175 dyn. constrs. (195 active), 1447 art. vars. (437 active)
<DWph=2> <it=  5> <et=1321.87> <Mt= 0.15> <Spt= 0.21> <nCl= 22> <DB= 4451.9148> <Mlp= 4451.9148> <PB=4453.6> 
<DWph=1> <it=  9> <et=1322.02> <Mt= 0.05> <Spt= 0.10> <nCl= 17> <DB= 4451.8861> <Mlp= 4451.8861> <PB=4453.6> 
<DWph=0> <it= 10> <et=1322.08> <Mt= 0.00> <Spt= 0.05> <nCl= 41> <DB= 4426.4537> <Mlp= 4451.8861> <PB=4453.6> 
<DWph=0> <it= 11> <et=1322.18> <Mt= 0.04> <Spt= 0.06> <nCl= 76> <DB= 4451.7878> <Mlp= 4451.7878> <PB=4453.6> 
Reduced cost fixing for graph G_0...  took 0 sec., done by inspection with 7449 solutions, remains 5147 (69.1%)
ColGenEvalAlg final dual bound: 4451.79 (rounded: 4451.79)
Gap improvement since the last cut separation : 0.121167 (4451.54)
----- Terminating the node by MIP -----
**** SB phase 3 evaluation of candidate 1, branch 2 ( x[(103, 116)]_0_12458_0_OspV <= 0 ), value = 4450.35
<DWph=2> <it=  3> <et=1324.42> <Mt= 0.29> <Spt= 0.14> <nCl= 84> <DB= 4450.3548> <Mlp= 4450.3548> <PB=4453.6> 
<DWph=1> <it=  4> <et=1324.47> <Mt= 0.00> <Spt= 0.04> <nCl=  1> <DB= 4450.3548> <Mlp= 4450.3548> <PB=4453.6> 
<DWph=0> <it=  7> <et=1324.73> <Mt= 0.05> <Spt= 0.22> <nCl=358> <DB= 4450.2476> <Mlp= 4450.2476> <PB=4453.6> 
Reduced cost fixing for graph G_0...  took 0.03 sec., done by inspection with 115523 solutions, remains 18286 (15.8%)
<DWph=2> <it=  8> <et=1325.97> <Mt= 0.16> <Spt= 0.04> <nCl=  0> <DB= 4450.4412> <Mlp= 4450.4412> <PB=4453.6> 
<DWph=1> <it=  9> <et=1326.01> <Mt= 0.00> <Spt= 0.04> <nCl=  0> <DB= 4450.4412> <Mlp= 4450.4412> <PB=4453.6> 
<DWph=0> <it= 10> <et=1326.05> <Mt= 0.00> <Spt= 0.04> <nCl= 79> <DB= 4426.4412> <Mlp= 4450.4412> <PB=4453.6> 
<DWph=0> <it= 12> <et=1326.17> <Mt= 0.01> <Spt= 0.10> <nCl=122> <DB= 4450.4248> <Mlp= 4450.4248> <PB=4453.6> 
Reduced cost fixing for graph G_0...  took 0 sec., done by inspection with 18286 solutions, remains 7898 (43.2%)
ColGenEvalAlg final dual bound: 4450.42 (rounded: 4450.42)
----- Terminating the node by MIP -----
 SB phase 3 candidate 1 is conquered !
************************************************************************************************
**** BaB tree node (N° 140, parent N° 139, depth 4)
**** Local DB = 4447.57, global bounds : [ 4446.99 , 4453.6 ], TIME = 0h22m7s94t = 132794
**** 3 open nodes, ETS : 151, 43082 columns (8735 active), 1014 dyn. constrs. (220 active), 1256 art. vars. (462 active)
************************************************************************************************
**** Strong branching phase 1 is started *****
SB phase 1 cand.  1 branch on var x[(11, 85)]_0_1295_0_OspV (lhs=0.6667)   : [ 4447.8000,  4451.6333], score = 0.95 (h)  <et=1328.6>
SB phase 1 cand.  2 branch on var x[(0, 105)]_0_12584_0_OspV (lhs=0.6667)  : [ 4447.7727,  4448.4000], score = 0.17      <et=1328.7>
SB phase 1 cand.  3 branch on var x[(24, 71)]_0_2854_0_OspV (lhs=0.6667)   : [ 4447.8000,  4450.8846], score = 0.77 (h)  <et=1328.85>
SB phase 1 cand.  5 branch on var x[(103, 81)]_0_12424_0_OspV (lhs=0.6667) : [ 4447.8000,  4448.4000], score = 0.19 (h)  <et=1329.07>
SB phase 1 cand.  6 branch on var x[(0, 62)]_0_7381_0_OspV (lhs=0.6667)    : [ 4447.8000,  4448.4514], score = 0.21      <et=1329.22>
SB phase 1 cand.  7 branch on var x[(36, 40)]_0_4275_0_OspV (lhs=0.3333)   : [ 4447.7222,  4452.7000], score = 0.80 (h)  <et=1329.33>
SB phase 1 cand. 15 branch on var x[(85, 11)]_0_10176_0_OspV (lhs=0.3333)  : [ 4447.8000,  4451.6333], score = 0.95 (h)  <et=1330.04>
SB phase 1 cand. 20 branch on var x[(111, 29)]_0_13340_0_OspV (lhs=0.6667) : [ 4447.7800,  4452.7000], score = 1.10      <et=1330.48>
SB phase 1 cand. 45 branch on var x[(22, 1)]_0_2543_0_OspV (lhs=0.3333)    : [ 4447.8000,  4457.6271], score = 1.41 (h)  <et=1333.5>
**** Strong branching phase 2 is started *****
<DWph=1> <it= 18> <et=1335.29> <Mt= 0.87> <Spt= 0.62> <nCl=128> <DB= 4453.7333> <Mlp= 4453.7333> <PB=4453.6> 
----- Add core cuts : CAP(10), max.viol = 1, aver.viol = 1, sep/add took 0.0118615/0.207665 sec. -----
----- Add core cuts : CAP(1), max.viol = 1, aver.viol = 1, sep/add took 0.00179728/0.0182488 sec. -----
<DWph=1> <it=  2> <et=1336.29> <Mt= 0.07> <Spt= 0.09> <nCl=  1> <DB= 4448.0222> <Mlp= 4448.0222> <PB=4453.6> 
SB phase 2 cand.  1 branch on var x[(22, 1)]_0_2543_0_OspV (lhs=0.3333)   : [ 4448.0222,  4453.7333], score = 2.75 (h)  <et=1336.38>
----- Add core cuts : CAP(17), max.viol = 1, aver.viol = 1, sep/add took 0.015772/0.417885 sec. -----
<DWph=1> <it= 14> <et=1338.09> <Mt= 0.67> <Spt= 0.54> <nCl= 90> <DB= 4455.7037> <Mlp= 4455.7037> <PB=4453.6> 
<DWph=1> <it=  2> <et=1338.34> <Mt= 0.01> <Spt= 0.11> <nCl=  1> <DB= 4447.7800> <Mlp= 4447.7800> <PB=4453.6> 
SB phase 2 cand.  2 branch on var x[(111, 29)]_0_13340_0_OspV (lhs=0.6667): [ 4447.7800,  4455.7037], score = 1.29      <et=1338.41>
<DWph=1> <it=  8> <et=1338.87> <Mt= 0.07> <Spt= 0.33> <nCl= 35> <DB= 4451.4333> <Mlp= 4451.4333> <PB=4453.6> 
----- Add core cuts : CAP(10), max.viol = 1, aver.viol = 1, sep/add took 0.0083159/0.192317 sec. -----
----- Add core cuts : CAP(1), max.viol = 1, aver.viol = 1, sep/add took 0.00175396/0.0152892 sec. -----
<DWph=1> <it=  9> <et=1339.85> <Mt= 0.25> <Spt= 0.40> <nCl= 65> <DB= 4448.1810> <Mlp= 4448.1810> <PB=4453.6> 
SB phase 2 cand.  3 branch on var x[(85, 11)]_0_10176_0_OspV (lhs=0.3333) : [ 4448.1810,  4451.4333], score = 2.38 (h)  <et=1339.93>
**** Strong branching phase 3 is started *****
**** SB phase 3 evaluation of candidate 1, branch 1 ( x[(22, 1)]_0_2543_0_OspV >= 1 ), value = 4453.73
<DWph=2> <it=  1> <et=1340.27> <Mt= 0.01> <Spt= 0.05> <nCl=  2> <DB= 4453.7333> <Mlp= 4453.7333> <PB=4453.6> 
<DWph=1> <it=  2> <et=1340.33> <Mt= 0.00> <Spt= 0.05> <nCl=  0> <DB= 4453.7333> <Mlp= 4453.7333> <PB=4453.6> 
<DWph=0> <it= 10> <et=1341.17> <Mt= 0.39> <Spt= 0.46> <nCl=376> <DB= 4453.2000> <Mlp= 4453.2000> <PB=4453.6> 
Reduced cost fixing for graph G_0...  took 0.14 sec., done by inspection with 261465 solutions, remains 10487 (4.01%)
 TT = 0.207938, pt = 0.002506, dt = 0.002465, ct = 0, ndl = 2907', bdl = 1784', odl = 209', odf = 5102', lpcb = 4930', cnt = 5978', bdch = 10211', odch = 3413', lcp = 2287'
took 0.2 sec., 2866 buck. arcs remain (56.3% from prev., 0.936% from max.)
ColGenEvalAlg final dual bound: 4453.2 (rounded: 4453.2)
----- Add fac. cuts : CAP(3) R1C(134), max.viol = 0.666667, aver.viol = 0.335766, sep/add took 0.223816/0.568521 sec. -----
31864 columns (8360 active), 964 dyn. constrs. (202 active), 1238 art. vars. (444 active)
<DWph=2> <it=  3> <et=1342.49> <Mt= 0.08> <Spt= 0.14> <nCl= 25> <DB= 4453.7353> <Mlp= 4453.7353> <PB=4453.6> 
<DWph=1> <it=  4> <et=1342.54> <Mt= 0.00> <Spt= 0.05> <nCl=  3> <DB= 4453.7353> <Mlp= 4453.7353> <PB=4453.6> 
<DWph=0> <it=  7> <et=1342.75> <Mt= 0.02> <Spt= 0.19> <nCl=172> <DB= 4453.7333> <Mlp= 4453.7333> <PB=4453.6> 
ColGenEvalAlg final dual bound: 4453.73 (rounded: 4453.73)
Gap improvement since the last cut separation : 1.33333 (4453.2)
**** SB phase 3 evaluation of candidate 1, branch 2 ( x[(22, 1)]_0_2543_0_OspV <= 0 ), value = 4448.02
<DWph=2> <it=  3> <et=1343.71> <Mt= 0.42> <Spt= 0.15> <nCl= 67> <DB= 4448.0222> <Mlp= 4448.0222> <PB=4453.6> 
<DWph=1> <it=  4> <et=1343.76> <Mt= 0.00> <Spt= 0.05> <nCl=  1> <DB= 4448.0222> <Mlp= 4448.0222> <PB=4453.6> 
<DWph=0> <it=  7> <et=1344.04> <Mt= 0.11> <Spt= 0.16> <nCl=138> <DB= 4447.9692> <Mlp= 4447.9692> <PB=4453.6> 
ColGenEvalAlg final dual bound: 4447.97 (rounded: 4447.97)
----- Add fac. cuts : CAP(3) R1C(150), max.viol = 0.0769231, aver.viol = 0.061086, sep/add took 0.0162843/0.475541 sec. -----
32079 columns (8061 active), 980 dyn. constrs. (220 active), 1359 art. vars. (462 active)
<DWph=2> <it=  1> <et=1344.76> <Mt= 0.04> <Spt= 0.05> <nCl=  5> <DB= 4447.9733> <Mlp= 4447.9733> <PB=4453.6> 
<DWph=1> <it=  2> <et=1344.81> <Mt= 0.01> <Spt= 0.05> <nCl=  0> <DB= 4447.9733> <Mlp= 4447.9733> <PB=4453.6> 
<DWph=0> <it=  5> <et=1344.94> <Mt= 0.01> <Spt= 0.11> <nCl= 39> <DB= 4447.9733> <Mlp= 4447.9733> <PB=4453.6> 
ColGenEvalAlg final dual bound: 4447.97 (rounded: 4447.97)
Gap improvement since the last cut separation : 0.000728597 (4447.97)
----- Add fac. cuts : CAP(1) R1C(335), max.viol = 0.133333, aver.viol = 0.0477679, sep/add took 0.293131/0.977944 sec. -----
32123 columns (8105 active), 1307 dyn. constrs. (397 active), 1695 art. vars. (639 active)
<DWph=2> <it=  1> <et=1346.51> <Mt= 0.04> <Spt= 0.04> <nCl=  0> <DB= 4447.9904> <Mlp= 4447.9904> <PB=4453.6> 
<DWph=1> <it=  2> <et=1346.56> <Mt= 0.00> <Spt= 0.04> <nCl=  1> <DB= 4447.9904> <Mlp= 4447.9904> <PB=4453.6> 
<DWph=0> <it=  6> <et=1346.82> <Mt= 0.04> <Spt= 0.22> <nCl=204> <DB= 4447.9861> <Mlp= 4447.9861> <PB=4453.6> 
ColGenEvalAlg final dual bound: 4447.99 (rounded: 4447.99)
Gap improvement since the last cut separation : 0.00226689 (4447.97)
----- Add fac. cuts : R1C(311), max.viol = 0.133388, aver.viol = 0.050026, sep/add took 0.676295/1.0088 sec. -----
32328 columns (8310 active), 1471 dyn. constrs. (382 active), 2006 art. vars. (624 active)
<DWph=2> <it=  1> <et=1348.86> <Mt= 0.08> <Spt= 0.05> <nCl=  1> <DB= 4447.9961> <Mlp= 4447.9961> <PB=4453.6> 
<DWph=1> <it=  2> <et=1348.91> <Mt= 0.01> <Spt= 0.04> <nCl=  0> <DB= 4447.9961> <Mlp= 4447.9961> <PB=4453.6> 
<DWph=0> <it=  3> <et=1348.98> <Mt= 0.00> <Spt= 0.06> <nCl= 17> <DB= 4447.9961> <Mlp= 4447.9961> <PB=4453.6> 
ColGenEvalAlg final dual bound: 4448 (rounded: 4448)
Gap improvement since the last cut separation : 0.00178764 (4447.99)
----- Add fac. cuts : CAP(4) R1C(403), max.viol = 0.0775194, aver.viol = 0.0423023, sep/add took 0.845298/1.36137 sec. -----
32346 columns (8328 active), 1554 dyn. constrs. (487 active), 2413 art. vars. (729 active)
<DWph=2> <it=  1> <et=1351.59> <Mt= 0.10> <Spt= 0.05> <nCl=  1> <DB= 4448.0015> <Mlp= 4448.0015> <PB=4453.6> 
<DWph=1> <it=  2> <et=1351.64> <Mt= 0.00> <Spt= 0.04> <nCl=  2> <DB= 4448.0015> <Mlp= 4448.0015> <PB=4453.6> 
<DWph=0> <it=  4> <et=1351.85> <Mt= 0.03> <Spt= 0.18> <nCl=142> <DB= 4448.0012> <Mlp= 4448.0012> <PB=4453.6> 
ColGenEvalAlg final dual bound: 4448 (rounded: 4448)
Gap improvement since the last cut separation : 0.00090809 (4448)
----- Add fac. cuts : CAP(1) R1C(175), max.viol = 0.0539721, aver.viol = 0.0339048, sep/add took 0.982112/0.780751 sec. -----
32491 columns (8473 active), 1429 dyn. constrs. (248 active), 2589 art. vars. (490 active)
<DWph=2> <it=  1> <et=1354.03> <Mt= 0.08> <Spt= 0.05> <nCl=  2> <DB= 4448.0126> <Mlp= 4448.0126> <PB=4453.6> 
<DWph=1> <it=  2> <et=1354.08> <Mt= 0.00> <Spt= 0.04> <nCl=  0> <DB= 4448.0126> <Mlp= 4448.0126> <PB=4453.6> 
<DWph=0> <it=  3> <et=1354.15> <Mt= 0.01> <Spt= 0.07> <nCl= 25> <DB= 4448.0126> <Mlp= 4448.0126> <PB=4453.6> 
ColGenEvalAlg final dual bound: 4448.01 (rounded: 4448.01)
Gap improvement since the last cut separation : 0.00204007 (4448)
----- Add fac. cuts : R1C(258), max.viol = 0.0405639, aver.viol = 0.0291102, sep/add took 1.03403/0.838965 sec. -----
32518 columns (8500 active), 1274 dyn. constrs. (334 active), 2847 art. vars. (576 active)
<DWph=2> <it=  1> <et=1356.42> <Mt= 0.03> <Spt= 0.05> <nCl=  7> <DB= 4448.0167> <Mlp= 4448.0167> <PB=4453.6> 
<DWph=1> <it=  2> <et=1356.47> <Mt= 0.01> <Spt= 0.04> <nCl=  2> <DB= 4448.0167> <Mlp= 4448.0167> <PB=4453.6> 
<DWph=0> <it=  5> <et=1356.65> <Mt= 0.02> <Spt= 0.15> <nCl= 83> <DB= 4448.0162> <Mlp= 4448.0162> <PB=4453.6> 
ColGenEvalAlg final dual bound: 4448.02 (rounded: 4448.02)
Gap improvement since the last cut separation : 0.000630722 (4448.01)
----- Cut generation is stopped due to tailing off -----
SB exact phase 3 branch on var x[(22, 1)]_0_2543_0_OspV (lhs=0.333333) : [4453.7333, 4448.0162], tree depth = 2.863, tree size = 12.55, score = -0.4745 (h)
************************************************************************************************
**** BaB tree node (N° 153, parent N° 140, depth 5)
**** Local DB = 4448.02, global bounds : [ 4446.99 , 4453.6 ], TIME = 0h22m37s5t = 135705
**** 4 open nodes, ETS : 153, 31904 columns (8592 active), 843 dyn. constrs. (74 active), 1085 art. vars. (316 active)
************************************************************************************************
**** Strong branching phase 2 is started *****
----- Add core cuts : CAP(4), max.viol = 1, aver.viol = 1, sep/add took 0.0044693/0.0848371 sec. -----
<DWph=1> <it=  3> <et=1357.42> <Mt= 0.12> <Spt= 0.11> <nCl= 21> <DB= 4449.5667> <Mlp= 4449.5667> <PB=4453.6> 
<DWph=1> <it=  3> <et=1357.76> <Mt= 0.06> <Spt= 0.10> <nCl=  2> <DB= 4448.1202> <Mlp= 4448.1202> <PB=4453.6> 
SB phase 2 cand.  1 branch on var x[(103, 116)]_0_12458_0_OspV (lhs=0.5114): [ 4448.1202,  4449.5667], score = 0.16 (h)  <et=1357.83>
<DWph=1> <it=  5> <et=1358.20> <Mt= 0.13> <Spt= 0.19> <nCl= 30> <DB= 4452.0000> <Mlp= 4452.0000> <PB=4453.6> 
<DWph=1> <it=  2> <et=1358.45> <Mt= 0.06> <Spt= 0.08> <nCl=  0> <DB= 4448.1192> <Mlp= 4448.1192> <PB=4453.6> 
SB phase 2 cand.  2 branch on var x[(116, 4)]_0_13920_0_OspV (lhs=0.5027)  : [ 4448.1192,  4452.0000], score = 0.41      <et=1358.51>
**** Strong branching phase 3 is started *****
**** SB phase 3 evaluation of candidate 1, branch 1 ( x[(116, 4)]_0_13920_0_OspV >= 1 ), value = 4452
<DWph=2> <it=  1> <et=1358.80> <Mt= 0.01> <Spt= 0.04> <nCl=  0> <DB= 4452.0000> <Mlp= 4452.0000> <PB=4453.6> 
<DWph=1> <it=  2> <et=1358.84> <Mt= 0.00> <Spt= 0.04> <nCl=  0> <DB= 4452.0000> <Mlp= 4452.0000> <PB=4453.6> 
<DWph=0> <it=  7> <et=1359.11> <Mt= 0.07> <Spt= 0.20> <nCl=289> <DB= 4451.9600> <Mlp= 4451.9600> <PB=4453.6> 
Reduced cost fixing for graph G_0...  took 0.12 sec., done by inspection with 261465 solutions, remains 32647 (12.5%)
 TT = 0.174728, pt = 0.001898, dt = 0.002179, ct = 0, ndl = 2753', bdl = 1940', odl = 296', odf = 5626', lpcb = 4598', cnt = 5320', bdch = 10164', odch = 2942', lcp = 2389'
took 0.17 sec., 3429 buck. arcs remain (67.4% from prev., 1.12% from max.)
ColGenEvalAlg final dual bound: 4451.96 (rounded: 4451.96)
----- Add fac. cuts : R1C(152), max.viol = 0.133333, aver.viol = 0.097807, sep/add took 0.0104178/0.442289 sec. -----
32246 columns (8911 active), 718 dyn. constrs. (198 active), 966 art. vars. (440 active)
<DWph=2> <it=  4> <et=1360.01> <Mt= 0.05> <Spt= 0.14> <nCl= 14> <DB= 4452.2333> <Mlp= 4452.2333> <PB=4453.6> 
<DWph=1> <it=  5> <et=1360.06> <Mt= 0.01> <Spt= 0.05> <nCl=  8> <DB= 4452.2333> <Mlp= 4452.2333> <PB=4453.6> 
<DWph=0> <it=  7> <et=1360.15> <Mt= 0.00> <Spt= 0.09> <nCl= 73> <DB= 4452.2333> <Mlp= 4452.2333> <PB=4453.6> 
Reduced cost fixing for graph G_0...  took 0.01 sec., done by inspection with 32647 solutions, remains 24063 (73.7%)
<DWph=2> <it=  8> <et=1360.71> <Mt= 0.06> <Spt= 0.03> <nCl=  0> <DB= 4452.2333> <Mlp= 4452.2333> <PB=4453.6> 
<DWph=1> <it=  9> <et=1360.75> <Mt= 0.00> <Spt= 0.03> <nCl=  0> <DB= 4452.2333> <Mlp= 4452.2333> <PB=4453.6> 
<DWph=0> <it= 10> <et=1360.75> <Mt= 0.00> <Spt= 0.00> <nCl=  0> <DB= 4452.2333> <Mlp= 4452.2333> <PB=4453.6> 
ColGenEvalAlg final dual bound: 4452.23 (rounded: 4452.23)
Gap improvement since the last cut separation : 0.166667 (4451.96)
----- Add fac. cuts : CAP(4), max.viol = 0.333333, aver.viol = 0.333333, sep/add took 0.516008/0.123201 sec. -----
34950 columns (2727 active), 722 dyn. constrs. (202 active), 970 art. vars. (444 active)
<DWph=2> <it=  1> <et=1361.48> <Mt= 0.00> <Spt= 0.03> <nCl=  0> <DB= 4452.7000> <Mlp= 4452.7000> <PB=4453.6> 
<DWph=1> <it=  2> <et=1361.51> <Mt= 0.01> <Spt= 0.04> <nCl=  0> <DB= 4452.7000> <Mlp= 4452.7000> <PB=4453.6> 
<DWph=0> <it=  7> <et=1361.73> <Mt= 0.02> <Spt= 0.19> <nCl=360> <DB= 4452.7000> <Mlp= 4452.7000> <PB=4453.6> 
Reduced cost fixing for graph G_0...  took 0.01 sec., done by inspection with 24063 solutions, remains 6223 (25.9%)
ColGenEvalAlg final dual bound: 4452.7 (rounded: 4452.7)
Gap improvement since the last cut separation : 0.341463 (4452.23)
----- Terminating the node by MIP -----
**** SB phase 3 evaluation of candidate 1, branch 2 ( x[(116, 4)]_0_13920_0_OspV <= 0 ), value = 4448.12
<DWph=2> <it=  2> <et=1363.27> <Mt= 0.20> <Spt= 0.09> <nCl= 35> <DB= 4448.1192> <Mlp= 4448.1192> <PB=4453.6> 
<DWph=1> <it=  3> <et=1363.32> <Mt= 0.01> <Spt= 0.05> <nCl=  3> <DB= 4365.0430> <Mlp= 4448.1192> <PB=4453.6> 
<DWph=0> <it=  8> <et=1363.51> <Mt= 0.02> <Spt= 0.16> <nCl=164> <DB= 4448.1192> <Mlp= 4448.1192> <PB=4453.6> 
Reduced cost fixing for graph G_0...  took 0.09 sec., done by inspection with 261465 solutions, remains 127861 (48.9%)
 TT = 0.182914, pt = 0.002918, dt = 0.002086, ct = 0, ndl = 4191', bdl = 4713', odl = 426', odf = 10967', lpcb = 5750', cnt = 15873', bdch = 44636', odch = 7086', lcp = 12740'
took 0.18 sec., 4552 buck. arcs remain (89.4% from prev., 1.49% from max.)
ColGenEvalAlg final dual bound: 4448.12 (rounded: 4448.12)
----- Add fac. cuts : CAP(2) R1C(151), max.viol = 0.157374, aver.viol = 0.106744, sep/add took 0.0298657/0.463672 sec. -----
38550 columns (8794 active), 719 dyn. constrs. (220 active), 1117 art. vars. (462 active)
<DWph=2> <it=  1> <et=1364.38> <Mt= 0.02> <Spt= 0.04> <nCl=  0> <DB= 4448.1235> <Mlp= 4448.1235> <PB=4453.6> 
<DWph=1> <it=  2> <et=1364.42> <Mt= 0.01> <Spt= 0.04> <nCl=  0> <DB= 4448.1235> <Mlp= 4448.1235> <PB=4453.6> 
<DWph=0> <it=  3> <et=1364.48> <Mt= 0.00> <Spt= 0.05> <nCl= 24> <DB= 4448.1235> <Mlp= 4448.1235> <PB=4453.6> 
ColGenEvalAlg final dual bound: 4448.12 (rounded: 4448.12)
Gap improvement since the last cut separation : 0.000770619 (4448.12)
----- Add fac. cuts : R1C(273), max.viol = 0.082801, aver.viol = 0.0524615, sep/add took 0.441448/0.773417 sec. -----
38574 columns (8818 active), 992 dyn. constrs. (344 active), 1390 art. vars. (586 active)
<DWph=2> <it=  1> <et=1365.88> <Mt= 0.01> <Spt= 0.05> <nCl=  0> <DB= 4448.1235> <Mlp= 4448.1235> <PB=4453.6> 
<DWph=1> <it=  2> <et=1365.92> <Mt= 0.01> <Spt= 0.04> <nCl=  0> <DB= 4448.1235> <Mlp= 4448.1235> <PB=4453.6> 
<DWph=0> <it=  3> <et=1365.98> <Mt= 0.00> <Spt= 0.05> <nCl=  6> <DB= 4448.1235> <Mlp= 4448.1235> <PB=4453.6> 
ColGenEvalAlg final dual bound: 4448.12 (rounded: 4448.12)
Gap improvement since the last cut separation : 1.11806e-05 (4448.12)
----- Add fac. cuts : R1C(434), max.viol = 0.0588235, aver.viol = 0.0400515, sep/add took 0.483435/1.35575 sec. -----
38580 columns (8824 active), 1278 dyn. constrs. (507 active), 1824 art. vars. (749 active)
<DWph=2> <it=  1> <et=1368.04> <Mt= 0.04> <Spt= 0.04> <nCl=  0> <DB= 4448.1412> <Mlp= 4448.1412> <PB=4453.6> 
<DWph=1> <it=  2> <et=1368.09> <Mt= 0.00> <Spt= 0.04> <nCl=  0> <DB= 4448.1412> <Mlp= 4448.1412> <PB=4453.6> 
<DWph=0> <it=  5> <et=1368.26> <Mt= 0.03> <Spt= 0.15> <nCl= 65> <DB= 4448.1411> <Mlp= 4448.1411> <PB=4453.6> 
ColGenEvalAlg final dual bound: 4448.14 (rounded: 4448.14)
Gap improvement since the last cut separation : 0.00320128 (4448.12)
----- Add fac. cuts : R1C(437), max.viol = 0.0542099, aver.viol = 0.0305031, sep/add took 1.02528/1.38625 sec. -----
38645 columns (8889 active), 1445 dyn. constrs. (512 active), 2261 art. vars. (754 active)
<DWph=2> <it=  1> <et=1370.92> <Mt= 0.04> <Spt= 0.04> <nCl=  0> <DB= 4448.1622> <Mlp= 4448.1622> <PB=4453.6> 
<DWph=1> <it=  2> <et=1370.96> <Mt= 0.00> <Spt= 0.04> <nCl=  0> <DB= 4448.1622> <Mlp= 4448.1622> <PB=4453.6> 
<DWph=0> <it=  5> <et=1371.13> <Mt= 0.02> <Spt= 0.15> <nCl= 31> <DB= 4448.1620> <Mlp= 4448.1620> <PB=4453.6> 
ColGenEvalAlg final dual bound: 4448.16 (rounded: 4448.16)
Gap improvement since the last cut separation : 0.00382689 (4448.14)
----- Add fac. cuts : CAP(1) R1C(466), max.viol = 0.0777935, aver.viol = 0.0410078, sep/add took 0.933905/1.63906 sec. -----
38676 columns (8920 active), 1481 dyn. constrs. (542 active), 2728 art. vars. (784 active)
<DWph=2> <it=  1> <et=1374.00> <Mt= 0.06> <Spt= 0.04> <nCl=  0> <DB= 4448.1941> <Mlp= 4448.1941> <PB=4453.6> 
<DWph=1> <it=  2> <et=1374.05> <Mt= 0.00> <Spt= 0.04> <nCl=  0> <DB= 4448.1941> <Mlp= 4448.1941> <PB=4453.6> 
<DWph=0> <it=  5> <et=1374.26> <Mt= 0.04> <Spt= 0.17> <nCl= 85> <DB= 4448.1934> <Mlp= 4448.1934> <PB=4453.6> 
ColGenEvalAlg final dual bound: 4448.19 (rounded: 4448.19)
Gap improvement since the last cut separation : 0.00579081 (4448.16)
----- Add fac. cuts : R1C(264), max.viol = 0.0546448, aver.viol = 0.0421634, sep/add took 0.974832/0.856283 sec. -----
38761 columns (9005 active), 1312 dyn. constrs. (336 active), 2992 art. vars. (578 active)
<DWph=2> <it=  1> <et=1376.37> <Mt= 0.04> <Spt= 0.04> <nCl=  0> <DB= 4448.2048> <Mlp= 4448.2048> <PB=4453.6> 
<DWph=1> <it=  2> <et=1376.41> <Mt= 0.00> <Spt= 0.04> <nCl=  0> <DB= 4448.2048> <Mlp= 4448.2048> <PB=4453.6> 
<DWph=0> <it=  3> <et=1376.48> <Mt= 0.01> <Spt= 0.06> <nCl= 18> <DB= 4448.2048> <Mlp= 4448.2048> <PB=4453.6> 
ColGenEvalAlg final dual bound: 4448.2 (rounded: 4448.2)
Gap improvement since the last cut separation : 0.00209362 (4448.19)
----- Cut generation is stopped due to tailing off -----
SB exact phase 3 branch on var x[(116, 4)]_0_13920_0_OspV (lhs=0.50272) : [4453.6, 4448.2048], tree depth = 3.621, tree size = 22.61, score = -0.6485
************************************************************************************************
**** BaB tree node (N° 155, parent N° 153, depth 6)
**** Local DB = 4448.2, global bounds : [ 4446.99 , 4453.6 ], TIME = 0h22m56s94t = 137694
**** 5 open nodes, ETS : 155, 32335 columns (9023 active), 594 dyn. constrs. (79 active), 836 art. vars. (321 active)
************************************************************************************************
**** Strong branching phase 2 is started *****
<DWph=1> <it=  2> <et=1377.13> <Mt= 0.02> <Spt= 0.08> <nCl=  2> <DB= 4448.2750> <Mlp= 4448.2750> <PB=4453.6> 
<DWph=1> <it= 23> <et=1378.09> <Mt= 0.28> <Spt= 0.56> <nCl=150> <DB= 4456.0000> <Mlp= 4456.0000> <PB=4453.6> 
SB phase 2 cand.  1 branch on var x[(15, 30)]_0_1724_0_OspV (lhs=0.8571) : [ 4448.2750,  4456.0000], score = 0.38 (h)  <et=1378.15>
----- Add core cuts : CAP(4), max.viol = 1, aver.viol = 1, sep/add took 0.00400914/0.0824097 sec. -----
<DWph=1> <it= 17> <et=1378.95> <Mt= 0.15> <Spt= 0.52> <nCl= 27> <DB= 4448.4818> <Mlp= 4448.4818> <PB=4453.6> 
<DWph=2> <it=  7> <et=1379.33> <Mt= 0.15> <Spt= 0.14> <nCl= 18> <DB= 4447.8599> <Mlp= 4448.2048> <PB=4453.6> 
<DWph=1> <it=  8> <et=1379.33> <Mt= 0.00> <Spt= 0.00> <nCl=  0> <DB= 4448.2048> <Mlp= 4448.2048> <PB=4453.6> 
<DWph=1> <it=  8> <et=1379.33> <Mt= 0.00> <Spt= 0.00> <nCl=  0> <DB= 4448.2048> <Mlp= 4448.2048> <PB=4453.6> 
SB phase 2 cand.  2 branch on var x[(0, 115)]_0_13794_0_OspV (lhs=0.5238): [ 4448.2048,  4448.4818], score = 0.00      <et=1379.38>
----- Add core cuts : CAP(4), max.viol = 1, aver.viol = 1, sep/add took 0.00341757/0.0774873 sec. -----
<DWph=1> <it=  7> <et=1379.92> <Mt= 0.15> <Spt= 0.27> <nCl= 49> <DB= 4448.6323> <Mlp= 4448.6323> <PB=4453.6> 
<DWph=1> <it=  2> <et=1380.11> <Mt= 0.01> <Spt= 0.08> <nCl=  0> <DB= 4448.2750> <Mlp= 4448.2750> <PB=4453.6> 
SB phase 2 cand.  3 branch on var x[(22, 105)]_0_2646_0_OspV (lhs=0.4762): [ 4448.2750,  4448.6323], score = 0.03      <et=1380.16>
**** Strong branching phase 3 is started *****
**** SB phase 3 evaluation of candidate 1, branch 1 ( x[(15, 30)]_0_1724_0_OspV <= 0 ), value = 4456
<DWph=2> <it=  1> <et=1380.42> <Mt= 0.01> <Spt= 0.04> <nCl=  0> <DB= 4456.0000> <Mlp= 4456.0000> <PB=4453.6> 
<DWph=1> <it=  2> <et=1380.46> <Mt= 0.00> <Spt= 0.04> <nCl=  0> <DB= 4456.0000> <Mlp= 4456.0000> <PB=4453.6> 
<DWph=0> <it=  4> <et=1380.53> <Mt= 0.02> <Spt= 0.06> <nCl=127> <DB= 4455.0321> <Mlp= 4456.0000> <PB=4453.6> 
ColGenEvalAlg final dual bound: 4455.03 (rounded: 4455.03)
**** SB phase 3 evaluation of candidate 1, branch 2 ( x[(15, 30)]_0_1724_0_OspV >= 1 ), value = 4448.27
<DWph=2> <it=  1> <et=1380.83> <Mt= 0.03> <Spt= 0.04> <nCl=  0> <DB= 4448.2750> <Mlp= 4448.2750> <PB=4453.6> 
<DWph=1> <it=  2> <et=1380.87> <Mt= 0.00> <Spt= 0.03> <nCl=  0> <DB= 4448.2750> <Mlp= 4448.2750> <PB=4453.6> 
<DWph=0> <it=  5> <et=1381.00> <Mt= 0.01> <Spt= 0.11> <nCl= 68> <DB= 4448.2750> <Mlp= 4448.2750> <PB=4453.6> 
ColGenEvalAlg final dual bound: 4448.27 (rounded: 4448.27)
----- Add fac. cuts : CAP(2) R1C(54), max.viol = 0.25, aver.viol = 0.25, sep/add took 0.527345/0.205568 sec. -----
32682 columns (9093 active), 628 dyn. constrs. (120 active), 870 art. vars. (362 active)
<DWph=2> <it=  3> <et=1381.94> <Mt= 0.04> <Spt= 0.11> <nCl=  3> <DB= 4448.4333> <Mlp= 4448.4333> <PB=4453.6> 
<DWph=1> <it=  4> <et=1381.98> <Mt= 0.00> <Spt= 0.04> <nCl=  1> <DB= 4448.4333> <Mlp= 4448.4333> <PB=4453.6> 
<DWph=0> <it=  7> <et=1382.11> <Mt= 0.02> <Spt= 0.11> <nCl=101> <DB= 4448.4333> <Mlp= 4448.4333> <PB=4453.6> 
ColGenEvalAlg final dual bound: 4448.43 (rounded: 4448.43)
Gap improvement since the last cut separation : 0.029734 (4448.27)
----- Add fac. cuts : sep. took 0.525854 sec.----- no cuts found  -----
SB exact phase 3 branch on var x[(15, 30)]_0_1724_0_OspV (lhs=0.857143) : [4456, 4448.4333], tree depth = 3.397, tree size = 19.07, score = -0.6296 (h)
************************************************************************************************
**** BaB tree node (N° 157, parent N° 155, depth 7)
**** Local DB = 4448.43, global bounds : [ 4446.99 , 4453.6 ], TIME = 0h23m2s86t = 138286
**** 6 open nodes, ETS : 157, 32510 columns (9198 active), 577 dyn. constrs. (67 active), 819 art. vars. (309 active)
************************************************************************************************
**** Strong branching phase 2 is started *****
----- Add core cuts : CAP(5), max.viol = 1, aver.viol = 1, sep/add took 0.00622703/0.130195 sec. -----
<DWph=1> <it= 11> <et=1383.75> <Mt= 0.34> <Spt= 0.37> <nCl= 63> <DB= 4448.6500> <Mlp= 4448.6500> <PB=4453.6> 
<DWph=1> <it=  5> <et=1384.14> <Mt= 0.09> <Spt= 0.20> <nCl= 15> <DB= 4452.0833> <Mlp= 4452.0833> <PB=4453.6> 
SB phase 2 cand.  1 branch on var x[(24, 71)]_0_2854_0_OspV (lhs=0.6667) : [ 4448.6500,  4452.0833], score = 0.79 (h)  <et=1384.2>
<DWph=1> <it=  5> <et=1384.52> <Mt= 0.08> <Spt= 0.18> <nCl= 56> <DB= 4449.7000> <Mlp= 4449.7000> <PB=4453.6> 
----- Add core cuts : CAP(4), max.viol = 1, aver.viol = 1, sep/add took 0.0037328/0.0795624 sec. -----
<DWph=1> <it= 11> <et=1385.15> <Mt= 0.10> <Spt= 0.35> <nCl= 97> <DB= 4448.5213> <Mlp= 4448.5213> <PB=4453.6> 
SB phase 2 cand.  2 branch on var x[(0, 105)]_0_12584_0_OspV (lhs=0.6667): [ 4448.5213,  4449.7000], score = 0.11      <et=1385.2>
**** Strong branching phase 3 is started *****
**** SB phase 3 evaluation of candidate 1, branch 1 ( x[(24, 71)]_0_2854_0_OspV <= 0 ), value = 4452.08
<DWph=2> <it=  1> <et=1385.40> <Mt= 0.01> <Spt= 0.04> <nCl=  0> <DB= 4452.0833> <Mlp= 4452.0833> <PB=4453.6> 
<DWph=1> <it=  2> <et=1385.44> <Mt= 0.00> <Spt= 0.04> <nCl=  0> <DB= 4452.0833> <Mlp= 4452.0833> <PB=4453.6> 
<DWph=0> <it=  6> <et=1385.60> <Mt= 0.02> <Spt= 0.14> <nCl= 86> <DB= 4452.0250> <Mlp= 4452.0250> <PB=4453.6> 
Reduced cost fixing for graph G_0...  took 0.06 sec., done by inspection with 127861 solutions, remains 15955 (12.5%)
<DWph=2> <it=  7> <et=1386.04> <Mt= 0.03> <Spt= 0.03> <nCl=  0> <DB= 4452.0250> <Mlp= 4452.0250> <PB=4453.6> 
<DWph=1> <it=  8> <et=1386.07> <Mt= 0.00> <Spt= 0.03> <nCl=  0> <DB= 4452.0250> <Mlp= 4452.0250> <PB=4453.6> 
<DWph=0> <it=  9> <et=1386.08> <Mt= 0.00> <Spt= 0.00> <nCl=  0> <DB= 4452.0250> <Mlp= 4452.0250> <PB=4453.6> 
<DWph=0> <it=  9> <et=1386.08> <Mt= 0.00> <Spt= 0.00> <nCl=  0> <DB= 4452.0250> <Mlp= 4452.0250> <PB=4453.6> 
ColGenEvalAlg final dual bound: 4452.03 (rounded: 4452.03)
----- Add fac. cuts : R1C(260), max.viol = 0.25, aver.viol = 0.25, sep/add took 0.239/0.197599 sec. -----
34470 columns (1897 active), 831 dyn. constrs. (328 active), 1073 art. vars. (570 active)
<DWph=2> <it=  1> <et=1386.58> <Mt= 0.00> <Spt= 0.04> <nCl=  0> <DB= 4452.0250> <Mlp= 4452.0250> <PB=4453.6> 
<DWph=1> <it=  2> <et=1386.61> <Mt= 0.00> <Spt= 0.03> <nCl=  0> <DB= 4452.0250> <Mlp= 4452.0250> <PB=4453.6> 
<DWph=0> <it=  3> <et=1386.61> <Mt= 0.01> <Spt= 0.00> <nCl=  0> <DB= 4452.0250> <Mlp= 4452.0250> <PB=4453.6> 
<DWph=0> <it=  3> <et=1386.61> <Mt= 0.00> <Spt= 0.00> <nCl=  0> <DB= 4452.0250> <Mlp= 4452.0250> <PB=4453.6> 
ColGenEvalAlg final dual bound: 4452.03 (rounded: 4452.03)
Gap improvement since the last cut separation : 1.50139e-11 (4452.02)
----- Add fac. cuts : R1C(2), max.viol = 0.25, aver.viol = 0.25, sep/add took 0.545898/0.00375845 sec. -----
34470 columns (1897 active), 833 dyn. constrs. (330 active), 1075 art. vars. (572 active)
<DWph=2> <it=  1> <et=1387.23> <Mt= 0.00> <Spt= 0.04> <nCl=  0> <DB= 4452.0600> <Mlp= 4452.0600> <PB=4453.6> 
<DWph=1> <it=  2> <et=1387.26> <Mt= 0.00> <Spt= 0.02> <nCl=  0> <DB= 4452.0600> <Mlp= 4452.0600> <PB=4453.6> 
<DWph=0> <it=  4> <et=1387.37> <Mt= 0.07> <Spt= 0.04> <nCl=148> <DB= 4452.0250> <Mlp= 4452.0250> <PB=4453.6> 
<DWph=0> <it=  4> <et=1387.37> <Mt= 0.00> <Spt= 0.00> <nCl=  0> <DB= 4452.0250> <Mlp= 4452.0250> <PB=4453.6> 
ColGenEvalAlg final dual bound: 4452.03 (rounded: 4452.03)
Gap improvement since the last cut separation : -4.61966e-12 (4452.02)
----- Add fac. cuts : R1C(85), max.viol = 0.25, aver.viol = 0.25, sep/add took 0.503478/0.0859756 sec. -----
34618 columns (2045 active), 918 dyn. constrs. (415 active), 1160 art. vars. (657 active)
<DWph=2> <it=  1> <et=1388.04> <Mt= 0.02> <Spt= 0.03> <nCl=  0> <DB= 4452.0833> <Mlp= 4452.0833> <PB=4453.6> 
<DWph=1> <it=  2> <et=1388.06> <Mt= 0.00> <Spt= 0.03> <nCl=  0> <DB= 4452.0833> <Mlp= 4452.0833> <PB=4453.6> 
<DWph=0> <it=  5> <et=1388.23> <Mt= 0.01> <Spt= 0.16> <nCl=297> <DB= 4452.0833> <Mlp= 4452.0833> <PB=4453.6> 
Reduced cost fixing for graph G_0...  took 0 sec., done by inspection with 15955 solutions, remains 8207 (51.4%)
ColGenEvalAlg final dual bound: 4452.08 (rounded: 4452.08)
Gap improvement since the last cut separation : 0.037037 (4452.02)
----- Terminating the node by MIP -----
**** SB phase 3 evaluation of candidate 1, branch 2 ( x[(24, 71)]_0_2854_0_OspV >= 1 ), value = 4448.65
<DWph=2> <it=  3> <et=1391.60> <Mt= 0.07> <Spt= 0.13> <nCl=  7> <DB= 4448.6500> <Mlp= 4448.6500> <PB=4453.6> 
<DWph=1> <it=  4> <et=1391.66> <Mt= 0.00> <Spt= 0.05> <nCl=  2> <DB= 4448.6500> <Mlp= 4448.6500> <PB=4453.6> 
<DWph=0> <it=  7> <et=1391.84> <Mt= 0.02> <Spt= 0.16> <nCl=295> <DB= 4448.6500> <Mlp= 4448.6500> <PB=4453.6> 
ColGenEvalAlg final dual bound: 4448.65 (rounded: 4448.65)
----- Add fac. cuts : CAP(4), max.viol = 0.5, aver.viol = 0.5, sep/add took 0.401816/0.154456 sec. -----
41432 columns (9565 active), 569 dyn. constrs. (67 active), 1158 art. vars. (309 active)
<DWph=2> <it=  1> <et=1392.76> <Mt= 0.07> <Spt= 0.05> <nCl=  3> <DB= 4448.8000> <Mlp= 4448.8000> <PB=4453.6> 
<DWph=1> <it=  2> <et=1392.81> <Mt= 0.00> <Spt= 0.06> <nCl=  3> <DB= 4448.8000> <Mlp= 4448.8000> <PB=4453.6> 
<DWph=0> <it=  4> <et=1392.98> <Mt= 0.05> <Spt= 0.11> <nCl=234> <DB= 4448.8000> <Mlp= 4448.8000> <PB=4453.6> 
Reduced cost fixing for graph G_0...  took 0.04 sec., done by inspection with 127861 solutions, remains 91781 (71.8%)
<DWph=2> <it=  5> <et=1394.07> <Mt= 0.19> <Spt= 0.04> <nCl=  0> <DB= 4448.8000> <Mlp= 4448.8000> <PB=4453.6> 
<DWph=1> <it=  6> <et=1394.11> <Mt= 0.00> <Spt= 0.04> <nCl=  0> <DB= 4448.8000> <Mlp= 4448.8000> <PB=4453.6> 
<DWph=0> <it=  7> <et=1394.12> <Mt= 0.00> <Spt= 0.00> <nCl=  0> <DB= 4448.8000> <Mlp= 4448.8000> <PB=4453.6> 
<DWph=0> <it=  7> <et=1394.12> <Mt= 0.00> <Spt= 0.00> <nCl=  0> <DB= 4448.8000> <Mlp= 4448.8000> <PB=4453.6> 
ColGenEvalAlg final dual bound: 4448.8 (rounded: 4448.8)
Gap improvement since the last cut separation : 0.030303 (4448.65)
----- Add fac. cuts : sep. took 0.42043 sec.----- no cuts found  -----
SB exact phase 3 branch on var x[(24, 71)]_0_2854_0_OspV (lhs=0.666667) : [4453.6, 4448.8], tree depth = 2.908, tree size = 13.01, score = -0.5628 (h)
************************************************************************************************
**** BaB tree node (N° 159, parent N° 157, depth 8)
**** Local DB = 4448.8, global bounds : [ 4446.99 , 4453.6 ], TIME = 0h23m14s74t = 139474
**** 7 open nodes, ETS : 159, 37317 columns (4807 active), 565 dyn. constrs. (67 active), 807 art. vars. (309 active)
************************************************************************************************
**** Strong branching phase 2 is started *****
<DWph=0> <it=  7> <et=1395.26> <Mt= 0.04> <Spt= 0.43> <nCl=489> <DB= 4456.1500> <Mlp= 4456.1500> <PB=4453.6> 
----- Add core cuts : CAP(11), max.viol = 1, aver.viol = 1, sep/add took 0.00927223/0.223746 sec. -----
<DWph=0> <it=  6> <et=1396.15> <Mt= 0.06> <Spt= 0.36> <nCl=538> <DB= 4449.7941> <Mlp= 4449.7941> <PB=4453.6> 
SB phase 2 cand.  1 branch on var x[(103, 116)]_0_12458_0_OspV (lhs=0.5000): [ 4449.7941,  4456.1500], score = 4.77 (h)  <et=1396.24>
----- Add core cuts : CAP(11), max.viol = 1, aver.viol = 1, sep/add took 0.00973516/0.215982 sec. -----
<DWph=0> <it=  9> <et=1397.18> <Mt= 0.12> <Spt= 0.52> <nCl=811> <DB= 4454.5000> <Mlp= 4460.5000> <PB=4453.6> 
<DWph=0> <it=  5> <et=1397.62> <Mt= 0.02> <Spt= 0.30> <nCl=506> <DB= 4449.2750> <Mlp= 4449.2750> <PB=4453.6> 
SB phase 2 cand.  2 branch on var x[(103, 4)]_0_12347_0_OspV (lhs=0.5000)  : [ 4449.2750,  4460.5000], score = 2.28      <et=1397.71>
**** Strong branching phase 3 is started *****
**** SB phase 3 evaluation of candidate 1, branch 1 ( x[(103, 116)]_0_12458_0_OspV >= 1 ), value = 4456.15
**** SB phase 3 evaluation of candidate 1, branch 2 ( x[(103, 116)]_0_12458_0_OspV <= 0 ), value = 4449.79
<DWph=2> <it=  1> <et=1397.91> <Mt= 0.02> <Spt= 0.03> <nCl=  0> <DB= 4449.7941> <Mlp= 4449.7941> <PB=4453.6> 
<DWph=1> <it=  2> <et=1397.95> <Mt= 0.00> <Spt= 0.04> <nCl=  0> <DB= 4449.7941> <Mlp= 4449.7941> <PB=4453.6> 
<DWph=0> <it=  3> <et=1398.07> <Mt= 0.01> <Spt= 0.11> <nCl=133> <DB= 4449.7941> <Mlp= 4449.7941> <PB=4453.6> 
Reduced cost fixing for graph G_0...  took 0.04 sec., done by inspection with 91781 solutions, remains 24567 (26.8%)
ColGenEvalAlg final dual bound: 4449.79 (rounded: 4449.79)
----- Add fac. cuts : CAP(12) R1C(150), max.viol = 0.176471, aver.viol = 0.0642702, sep/add took 0.0236267/0.344041 sec. -----
34645 columns (2314 active), 723 dyn. constrs. (206 active), 967 art. vars. (448 active)
<DWph=2> <it=  1> <et=1398.63> <Mt= 0.00> <Spt= 0.04> <nCl=  0> <DB= 4450.4000> <Mlp= 4450.4000> <PB=4453.6> 
<DWph=1> <it=  2> <et=1398.67> <Mt= 0.00> <Spt= 0.05> <nCl=  0> <DB= 4450.4000> <Mlp= 4450.4000> <PB=4453.6> 
<DWph=0> <it=  6> <et=1398.88> <Mt= 0.01> <Spt= 0.19> <nCl=353> <DB= 4450.4000> <Mlp= 4450.4000> <PB=4453.6> 
Reduced cost fixing for graph G_0...  took 0 sec., done by inspection with 24567 solutions, remains 20263 (82.5%)
ColGenEvalAlg final dual bound: 4450.4 (rounded: 4450.4)
Gap improvement since the last cut separation : 0.159196 (4449.79)
----- Add fac. cuts : CAP(2) R1C(111), max.viol = 0.5, aver.viol = 0.5, sep/add took 0.477729/0.179267 sec. -----
34998 columns (2478 active), 836 dyn. constrs. (167 active), 1080 art. vars. (409 active)
<DWph=2> <it=  1> <et=1399.67> <Mt= 0.01> <Spt= 0.05> <nCl=  0> <DB= 4451.6750> <Mlp= 4451.6750> <PB=4453.6> 
<DWph=1> <it=  2> <et=1399.71> <Mt= 0.01> <Spt= 0.04> <nCl=  0> <DB= 4451.6750> <Mlp= 4451.6750> <PB=4453.6> 
<DWph=0> <it=  6> <et=1399.93> <Mt= 0.01> <Spt= 0.20> <nCl=335> <DB= 4450.9633> <Mlp= 4450.9633> <PB=4453.6> 
Reduced cost fixing for graph G_0...  took 0 sec., done by inspection with 20263 solutions, remains 12911 (63.7%)
ColGenEvalAlg final dual bound: 4450.96 (rounded: 4450.96)
Gap improvement since the last cut separation : 0.176042 (4450.4)
----- Add fac. cuts : CAP(1) R1C(471), max.viol = 0.2, aver.viol = 0.104237, sep/add took 0.752921/0.45568 sec. -----
35321 columns (2274 active), 1156 dyn. constrs. (522 active), 1552 art. vars. (764 active)
<DWph=2> <it=  1> <et=1401.31> <Mt= 0.01> <Spt= 0.05> <nCl=  0> <DB= 4451.1844> <Mlp= 4451.1844> <PB=4453.6> 
<DWph=1> <it=  2> <et=1401.35> <Mt= 0.00> <Spt= 0.04> <nCl=  0> <DB= 4451.1844> <Mlp= 4451.1844> <PB=4453.6> 
<DWph=0> <it=  5> <et=1401.54> <Mt= 0.01> <Spt= 0.18> <nCl=161> <DB= 4451.1750> <Mlp= 4451.1750> <PB=4453.6> 
Reduced cost fixing for graph G_0...  took 0 sec., done by inspection with 12911 solutions, remains 12019 (93.1%)
ColGenEvalAlg final dual bound: 4451.18 (rounded: 4451.18)
Gap improvement since the last cut separation : 0.0802781 (4450.96)
----- Add fac. cuts : R1C(359), max.viol = 0.125, aver.viol = 0.125, sep/add took 0.593917/0.358194 sec. -----
35375 columns (2377 active), 1407 dyn. constrs. (420 active), 1911 art. vars. (662 active)
<DWph=2> <it=  1> <et=1402.65> <Mt= 0.01> <Spt= 0.04> <nCl=  0> <DB= 4451.6750> <Mlp= 4451.6750> <PB=4453.6> 
<DWph=1> <it=  2> <et=1402.69> <Mt= 0.00> <Spt= 0.04> <nCl=  0> <DB= 4451.6750> <Mlp= 4451.6750> <PB=4453.6> 
<DWph=0> <it=  5> <et=1403.02> <Mt= 0.07> <Spt= 0.26> <nCl=376> <DB= 4451.3000> <Mlp= 4451.3000> <PB=4453.6> 
Reduced cost fixing for graph G_0...  took 0 sec., done by inspection with 12019 solutions, remains 11471 (95.4%)
ColGenEvalAlg final dual bound: 4451.3 (rounded: 4451.3)
Gap improvement since the last cut separation : 0.0515464 (4451.18)
----- Add fac. cuts : R1C(276), max.viol = 0.25, aver.viol = 0.202536, sep/add took 0.568863/0.356151 sec. -----
35751 columns (2699 active), 1222 dyn. constrs. (359 active), 2187 art. vars. (601 active)
<DWph=2> <it=  1> <et=1404.16> <Mt= 0.03> <Spt= 0.05> <nCl=  0> <DB= 4451.3500> <Mlp= 4451.3500> <PB=4453.6> 
<DWph=1> <it=  2> <et=1404.21> <Mt= 0.00> <Spt= 0.04> <nCl=  0> <DB= 4451.3500> <Mlp= 4451.3500> <PB=4453.6> 
<DWph=0> <it=  5> <et=1404.42> <Mt= 0.02> <Spt= 0.19> <nCl=157> <DB= 4451.3500> <Mlp= 4451.3500> <PB=4453.6> 
Reduced cost fixing for graph G_0...  took 0 sec., done by inspection with 11471 solutions, remains 11271 (98.3%)
ColGenEvalAlg final dual bound: 4451.35 (rounded: 4451.35)
Gap improvement since the last cut separation : 0.0217391 (4451.3)
----- Add fac. cuts : sep. took 0.519804 sec.----- no cuts found  -----
SB exact phase 3 branch on var x[(103, 116)]_0_12458_0_OspV (lhs=0.5) : [4456.15, 4451.35], tree depth = 1.351, tree size = 3.102, score = -0.2815 (h)
************************************************************************************************
**** BaB tree node (N° 161, parent N° 159, depth 9)
**** Local DB = 4451.35, global bounds : [ 4446.99 , 4453.6 ], TIME = 0h23m25s19t = 140519
**** 8 open nodes, ETS : 162, 35865 columns (2836 active), 606 dyn. constrs. (80 active), 848 art. vars. (322 active)
************************************************************************************************
**** Strong branching phase 3 is started *****
**** SB phase 3 evaluation of candidate 1, branch 1 ( x[(0, 104)]_0_12463_0_OspV >= 1 ), value = 1e+12
<DWph=2> <it=  1> <et=1405.24> <Mt= 0.00> <Spt= 0.00> <nCl=  0> <DB= 4451.3500> <Mlp= 4451.3500> <PB=4453.6> 
<DWph=2> <it=  1> <et=1405.24> <Mt= 0.00> <Spt= 0.00> <nCl=  0> <DB= 4451.3500> <Mlp= 4451.3500> <PB=4453.6> 
<DWph=1> <it=  2> <et=1405.24> <Mt= 0.01> <Spt= 0.00> <nCl=  0> <DB= 4451.3500> <Mlp= 4451.3500> <PB=4453.6> 
<DWph=1> <it=  2> <et=1405.24> <Mt= 0.00> <Spt= 0.00> <nCl=  0> <DB= 4451.3500> <Mlp= 4451.3500> <PB=4453.6> 
<DWph=0> <it=  3> <et=1405.24> <Mt= 0.00> <Spt= 0.00> <nCl=  0> <DB= 4451.3500> <Mlp= 4451.3500> <PB=4453.6> 
<DWph=0> <it=  3> <et=1405.25> <Mt= 0.00> <Spt= 0.00> <nCl=  0> <DB= 4451.3500> <Mlp= 4451.3500> <PB=4453.6> 
ColGenEvalAlg final dual bound: 4451.35 (rounded: 4451.35)
----- Add fac. cuts : sep. took 0.539164 sec.----- no cuts found  -----
**** SB phase 3 evaluation of candidate 1, branch 2 ( x[(0, 104)]_0_12463_0_OspV <= 0 ), value = 1e+12
<DWph=2> <it=  1> <et=1405.97> <Mt= 0.01> <Spt= 0.00> <nCl=  0> <DB= 4451.3500> <Mlp= 4451.3500> <PB=4453.6> 
<DWph=2> <it=  1> <et=1405.97> <Mt= 0.00> <Spt= 0.00> <nCl=  0> <DB= 4451.3500> <Mlp= 4451.3500> <PB=4453.6> 
<DWph=1> <it=  2> <et=1405.97> <Mt= 0.00> <Spt= 0.00> <nCl=  0> <DB= 4451.3500> <Mlp= 4451.3500> <PB=4453.6> 
<DWph=1> <it=  2> <et=1405.97> <Mt= 0.00> <Spt= 0.00> <nCl=  0> <DB= 4451.3500> <Mlp= 4451.3500> <PB=4453.6> 
<DWph=0> <it=  3> <et=1405.97> <Mt= 0.00> <Spt= 0.00> <nCl=  0> <DB= 4451.3500> <Mlp= 4451.3500> <PB=4453.6> 
<DWph=0> <it=  3> <et=1405.97> <Mt= 0.00> <Spt= 0.00> <nCl=  0> <DB= 4451.3500> <Mlp= 4451.3500> <PB=4453.6> 
ColGenEvalAlg final dual bound: 4451.35 (rounded: 4451.35)
----- Add fac. cuts : sep. took 0.522918 sec.----- no cuts found  -----
SB exact phase 3 branch on var x[(0, 104)]_0_12463_0_OspV (lhs=0.5) : [4451.35, 4451.35], tree depth = 1e+12, tree size = 1e+12, score = -1e+12
************************************************************************************************
**** BaB tree node (N° 162, parent N° 161, depth 10)
**** Local DB = 4451.35, global bounds : [ 4446.99 , 4453.6 ], TIME = 0h23m26s55t = 140655
**** 9 open nodes, ETS : 164, 32003 columns (2836 active), 577 dyn. constrs. (81 active), 819 art. vars. (323 active)
************************************************************************************************
**** Strong branching phase 1 is started *****
SB phase 1 cand.  1 branch on var x[(118, 49)]_0_14207_0_OspV (lhs=0.7500) : [ 4453.5000,  4453.6000], score = 4.84 (h)  <et=1406.61>
SB phase 1 cand.  2 branch on var x[(120, 25)]_0_14425_0_OspV (lhs=0.5000) : [ 4451.3500,  4451.6000], score = 0.00      <et=1406.63>
SB phase 1 cand.  3 branch on var x[(8, 19)]_0_866_0_OspV (lhs=0.7500)     : [ 4451.6750,  8403.4889], score = 0.73 (h)  <et=1406.65>
SB phase 1 cand.  4 branch on var x[(120, 56)]_0_14456_0_OspV (lhs=0.5000) : [ 4451.3500,  4451.6000], score = 0.00      <et=1406.67>
SB phase 1 cand.  5 branch on var x[(30, 4)]_0_3514_0_OspV (lhs=0.5000)    : [ 4453.5500,  4453.6000], score = 4.95 (h)  <et=1406.69>
SB phase 1 cand.  7 branch on var x[(11, 85)]_0_1295_0_OspV (lhs=0.7500)   : [ 4453.5000,  4453.6000], score = 4.84 (h)  <et=1406.74>
SB phase 1 cand. 11 branch on var x[(85, 11)]_0_10176_0_OspV (lhs=0.2500)  : [ 4453.5000,  4453.6000], score = 4.84 (h)  <et=1406.84>
SB phase 1 cand. 12 branch on var x[(4, 113)]_0_476_0_OspV (lhs=0.5000)    : [ 4453.6000,  4454.1000], score = 6.19      <et=1406.87>
SB phase 1 cand. 21 branch on var x[(51, 10)]_0_6061_0_OspV (lhs=0.2500)   : [ 4453.6000,  4454.1000], score = 6.19 (h)  <et=1407.08>
**** Strong branching phase 2 is started *****
<DWph=0> <it=  4> <et=1407.91> <Mt= 0.01> <Spt= 0.17> <nCl= 92> <DB= 4454.1000> <Mlp= 4454.1000> <PB=4453.6> 
<DWph=0> <it=  5> <et=1408.25> <Mt= 0.01> <Spt= 0.20> <nCl=280> <DB= 4452.1500> <Mlp= 4452.1500> <PB=4453.6> 
SB phase 2 cand.  1 branch on var x[(4, 113)]_0_476_0_OspV (lhs=0.5000): [ 4452.1500,  4454.1000], score = 1.80      <et=1408.29>
<DWph=0> <it=  6> <et=1408.58> <Mt= 0.02> <Spt= 0.24> <nCl=251> <DB= 4453.6000> <Mlp= 4453.6000> <PB=4453.6> 
<DWph=0> <it=  3> <et=1408.76> <Mt= 0.01> <Spt= 0.11> <nCl= 33> <DB= 4453.5500> <Mlp= 4453.5500> <PB=4453.6> 
SB phase 2 cand.  2 branch on var x[(30, 4)]_0_3514_0_OspV (lhs=0.5000): [ 4453.5500,  4453.6000], score = 4.95 (h)  <et=1408.79>
<DWph=0> <it=  5> <et=1409.03> <Mt= 0.03> <Spt= 0.18> <nCl=143> <DB= 4453.6000> <Mlp= 4453.6000> <PB=4453.6> 
<DWph=0> <it=  5> <et=1409.27> <Mt= 0.01> <Spt= 0.18> <nCl=217> <DB= 4453.5500> <Mlp= 4453.5500> <PB=4453.6> 
SB phase 2 cand.  3 branch on var x[(0, 39)]_0_4598_0_OspV (lhs=0.7500): [ 4453.5500,  4453.6000], score = 4.95 (h)  <et=1409.3>
**** Strong branching phase 3 is started *****
**** SB phase 3 evaluation of candidate 1, branch 1 ( x[(30, 4)]_0_3514_0_OspV >= 1 ), value = 4453.6
**** SB phase 3 evaluation of candidate 1, branch 2 ( x[(30, 4)]_0_3514_0_OspV <= 0 ), value = 4453.55
<DWph=2> <it=  1> <et=1409.40> <Mt= 0.00> <Spt= 0.03> <nCl=  0> <DB= 4453.5500> <Mlp= 4453.5500> <PB=4453.6> 
<DWph=1> <it=  2> <et=1409.43> <Mt= 0.00> <Spt= 0.04> <nCl=  0> <DB= 4453.5500> <Mlp= 4453.5500> <PB=4453.6> 
<DWph=0> <it=  3> <et=1409.48> <Mt= 0.00> <Spt= 0.04> <nCl=  0> <DB= 4453.5500> <Mlp= 4453.5500> <PB=4453.6> 
Reduced cost fixing for graph G_0...  took 0 sec., done by inspection with 11271 solutions, remains 3951 (35.1%)
ColGenEvalAlg final dual bound: 4453.55 (rounded: 4453.55)
----- Terminating the node by MIP -----
 SB phase 3 candidate 1 is conquered !
************************************************************************************************
**** BaB tree node (N° 163, parent N° 161, depth 10)
**** Local DB = 4451.35, global bounds : [ 4446.99 , 4453.6 ], TIME = 0h23m29s85t = 140985
**** 8 open nodes, ETS : 166, 34293 columns (4063 active), 579 dyn. constrs. (64 active), 821 art. vars. (306 active)
************************************************************************************************
**** Strong branching phase 1 is started *****
SB phase 1 cand.  1 branch on var x[(118, 49)]_0_14207_0_OspV (lhs=0.7500) : [ 4453.5000,  4453.6000], score = 4.84 (h)  <et=1409.96>
SB phase 1 cand.  2 branch on var x[(120, 25)]_0_14425_0_OspV (lhs=0.5000) : [ 4451.3500,  4451.6000], score = 0.00      <et=1409.97>
SB phase 1 cand.  3 branch on var x[(8, 19)]_0_866_0_OspV (lhs=0.7500)     : [ 4451.6750, 12448.4425], score = 0.73 (h)  <et=1410>
SB phase 1 cand.  4 branch on var x[(120, 56)]_0_14456_0_OspV (lhs=0.5000) : [ 4451.3500,  4451.6000], score = 0.00      <et=1410.02>
SB phase 1 cand.  5 branch on var x[(30, 4)]_0_3514_0_OspV (lhs=0.5000)    : [ 4453.5500,  4453.6000], score = 4.95 (h)  <et=1410.03>
SB phase 1 cand.  7 branch on var x[(11, 85)]_0_1295_0_OspV (lhs=0.7500)   : [ 4453.5000,  4453.6000], score = 4.84 (h)  <et=1410.08>
SB phase 1 cand.  9 branch on var x[(7, 103)]_0_829_0_OspV (lhs=0.5000)    : [ 4453.5500,  4453.6000], score = 4.95 (h)  <et=1410.12>
SB phase 1 cand. 11 branch on var x[(85, 11)]_0_10176_0_OspV (lhs=0.2500)  : [ 4453.5000,  4453.6000], score = 4.84 (h)  <et=1410.17>
SB phase 1 cand. 21 branch on var x[(51, 10)]_0_6061_0_OspV (lhs=0.2500)   : [ 4453.6000,  4454.1000], score = 6.19 (h)  <et=1410.43>
SB phase 1 cand. 31 branch on var x[(4, 113)]_0_476_0_OspV (lhs=0.5000)    : [ 4453.6000,  4454.1000], score = 6.19 (h)  <et=1410.69>
**** Strong branching phase 2 is started *****
<DWph=0> <it=  3> <et=1411.33> <Mt= 0.01> <Spt= 0.13> <nCl=112> <DB= 4454.1000> <Mlp= 4454.1000> <PB=4453.6> 
<DWph=0> <it=  4> <et=1411.66> <Mt= 0.02> <Spt= 0.15> <nCl=187> <DB= 4452.1500> <Mlp= 4452.1500> <PB=4453.6> 
SB phase 2 cand.  1 branch on var x[(4, 113)]_0_476_0_OspV (lhs=0.5000): [ 4452.1500,  4454.1000], score = 1.80 (h)  <et=1411.69>
<DWph=0> <it=  4> <et=1411.92> <Mt= 0.02> <Spt= 0.17> <nCl=174> <DB= 4453.6000> <Mlp= 4453.6000> <PB=4453.6> 
<DWph=0> <it=  3> <et=1412.11> <Mt= 0.01> <Spt= 0.12> <nCl=115> <DB= 4453.5500> <Mlp= 4453.5500> <PB=4453.6> 
SB phase 2 cand.  2 branch on var x[(30, 4)]_0_3514_0_OspV (lhs=0.5000): [ 4453.5500,  4453.6000], score = 4.95 (h)  <et=1412.14>
<DWph=0> <it=  4> <et=1412.34> <Mt= 0.01> <Spt= 0.15> <nCl=124> <DB= 4453.6000> <Mlp= 4453.6000> <PB=4453.6> 
<DWph=0> <it=  4> <et=1412.56> <Mt= 0.01> <Spt= 0.16> <nCl=128> <DB= 4453.5500> <Mlp= 4453.5500> <PB=4453.6> 
SB phase 2 cand.  3 branch on var x[(7, 103)]_0_829_0_OspV (lhs=0.5000): [ 4453.5500,  4453.6000], score = 4.95 (h)  <et=1412.6>
**** Strong branching phase 3 is started *****
**** SB phase 3 evaluation of candidate 1, branch 1 ( x[(7, 103)]_0_829_0_OspV <= 0 ), value = 4453.6
**** SB phase 3 evaluation of candidate 1, branch 2 ( x[(7, 103)]_0_829_0_OspV >= 1 ), value = 4453.55
<DWph=2> <it=  1> <et=1412.69> <Mt= 0.02> <Spt= 0.03> <nCl=  0> <DB= 4453.5500> <Mlp= 4453.5500> <PB=4453.6> 
<DWph=1> <it=  2> <et=1412.72> <Mt= 0.00> <Spt= 0.04> <nCl=  0> <DB= 4453.5500> <Mlp= 4453.5500> <PB=4453.6> 
<DWph=0> <it=  3> <et=1412.77> <Mt= 0.00> <Spt= 0.05> <nCl=  0> <DB= 4453.5500> <Mlp= 4453.5500> <PB=4453.6> 
Reduced cost fixing for graph G_0...  took 0 sec., done by inspection with 11271 solutions, remains 1640 (14.6%)
ColGenEvalAlg final dual bound: 4453.55 (rounded: 4453.55)
----- Terminating the node by MIP -----
 SB phase 3 candidate 1 is conquered !
************************************************************************************************
**** BaB tree node (N° 2, parent N° 1, depth 1)
**** Local DB = 4446.99, branch: [ colGenSp ] >= 13 , global bounds : [ 4446.99 , 4453.6 ], TIME = 0h23m32s98t = 141298
**** 1 open nodes, ETS : 167, 32917 columns (1733 active), 578 dyn. constrs. (53 active), 820 art. vars. (295 active)
************************************************************************************************
**** Strong branching phase 1 is started *****
SB phase 1 cand.  1 branch on var x[(15, 30)]_0_1724_0_OspV (lhs=0.8329)   : [ 4447.1250,  4456.0000], score = 0.91 (h)  <et=1413.39>
SB phase 1 cand.  2 branch on var x[(22, 105)]_0_2646_0_OspV (lhs=0.5014)  : [ 4447.0000,  4447.1250], score = 0.00      <et=1413.42>
SB phase 1 cand.  3 branch on var x[(11, 85)]_0_1295_0_OspV (lhs=0.7781)   : [ 4447.9000,  4449.8250], score = 2.59 (h)  <et=1413.57>
SB phase 1 cand.  4 branch on var x[(0, 110)]_0_13189_0_OspV (lhs=0.4904)  : [ 4447.0000,  4447.1750], score = 0.00      <et=1413.61>
SB phase 1 cand.  5 branch on var x[(55, 75)]_0_6609_0_OspV (lhs=0.1671)   : [ 4447.1250,  4459.8429], score = 0.91 (h)  <et=1413.74>
SB phase 1 cand. 21 branch on var x[(85, 11)]_0_10176_0_OspV (lhs=0.2219)  : [ 4447.9000,  4449.8250], score = 2.59 (h)  <et=1415.06>
**** Strong branching phase 2 is started *****
<DWph=1> <it=  9> <et=1417.89> <Mt= 0.07> <Spt= 0.64> <nCl= 76> <DB= 4449.4000> <Mlp= 4449.4000> <PB=4453.6> 
----- Add core cuts : CAP(1), max.viol = 1, aver.viol = 1, sep/add took 0.00160398/0.0156334 sec. -----
<DWph=1> <it= 10> <et=1419.08> <Mt= 0.15> <Spt= 0.69> <nCl= 56> <DB= 4447.9015> <Mlp= 4447.9015> <PB=4453.6> 
SB phase 2 cand.  1 branch on var x[(85, 11)]_0_10176_0_OspV (lhs=0.2219): [ 4447.9015,  4449.4000], score = 2.21 (h)  <et=1419.13>
<DWph=1> <it= 12> <et=1420.21> <Mt= 0.17> <Spt= 0.79> <nCl= 64> <DB= 4449.2521> <Mlp= 4449.2521> <PB=4453.6> 
----- Add core cuts : CAP(1), max.viol = 1, aver.viol = 1, sep/add took 0.00174517/0.0152726 sec. -----
<DWph=1> <it= 14> <et=1421.40> <Mt= 0.13> <Spt= 0.89> <nCl=193> <DB= 4448.2310> <Mlp= 4448.2310> <PB=4453.6> 
SB phase 2 cand.  2 branch on var x[(11, 85)]_0_1295_0_OspV (lhs=0.7781) : [ 4448.2310,  4449.2521], score = 2.82 (h)  <et=1421.45>
<DWph=1> <it= 19> <et=1423.15> <Mt= 0.27> <Spt= 1.31> <nCl=170> <DB= 4456.8250> <Mlp= 4456.8250> <PB=4453.6> 
<DWph=1> <it=  2> <et=1423.52> <Mt= 0.01> <Spt= 0.20> <nCl=  3> <DB= 4447.1250> <Mlp= 4447.1250> <PB=4453.6> 
SB phase 2 cand.  3 branch on var x[(55, 75)]_0_6609_0_OspV (lhs=0.1671) : [ 4447.1250,  4456.8250], score = 0.91 (h)  <et=1423.56>
**** Strong branching phase 3 is started *****
**** SB phase 3 evaluation of candidate 1, branch 1 ( x[(11, 85)]_0_1295_0_OspV <= 0 ), value = 4449.25
<DWph=2> <it=  1> <et=1423.81> <Mt= 0.00> <Spt= 0.09> <nCl=  0> <DB= 4449.2521> <Mlp= 4449.2521> <PB=4453.6> 
<DWph=1> <it=  2> <et=1423.91> <Mt= 0.00> <Spt= 0.10> <nCl=  0> <DB= 4449.2521> <Mlp= 4449.2521> <PB=4453.6> 
<DWph=0> <it=  5> <et=1424.27> <Mt= 0.09> <Spt= 0.27> <nCl=244> <DB= 4448.4500> <Mlp= 4448.4500> <PB=4453.6> 
Reduced cost fixing for graph G_0...  TT = 0.035997, pt = 0.006309, dt = 0.028776, ct = 0, ndl = 5707', bdl = 102140', odl = 2549', odf = 18300', lpcb = 162422', cnt = 15321', bdch = 338048', odch = 34251', lcp = 35670'
took 0.03 sec., 3983 buck. arcs remain (5.92% from prev., 1.3% from max.)
Run enumeration... took 0.21 sec. and succeeded! 
<DWph=2> <it=  6> <et=1425.22> <Mt= 0.11> <Spt= 0.04> <nCl=  0> <DB= 4451.6800> <Mlp= 4451.6800> <PB=4453.6> 
<DWph=1> <it=  7> <et=1425.26> <Mt= 0.00> <Spt= 0.03> <nCl=  0> <DB= 4451.6800> <Mlp= 4451.6800> <PB=4453.6> 
<DWph=0> <it= 10> <et=1425.52> <Mt= 0.05> <Spt= 0.22> <nCl=341> <DB= 4375.7600> <Mlp= 4451.6800> <PB=4453.6> 
<DWph=0> <it= 14> <et=1425.81> <Mt= 0.03> <Spt= 0.25> <nCl=254> <DB= 4451.5074> <Mlp= 4451.5074> <PB=4453.6> 
Reduced cost fixing for graph G_0...  took 0.03 sec., done by inspection with 82096 solutions, remains 13089 (15.9%)
ColGenEvalAlg final dual bound: 4451.51 (rounded: 4451.51)
----- Add fac. cuts : CAP(56) R1C(150), max.viol = 0.444444, aver.viol = 0.221863, sep/add took 0.0688215/1.25373 sec. -----
31550 columns (2190 active), 721 dyn. constrs. (242 active), 968 art. vars. (484 active)
<DWph=2> <it=  1> <et=1427.47> <Mt= 0.04> <Spt= 0.08> <nCl=  0> <DB=11714.5727> <Mlp=11714.5727> <PB=4453.6> 
<DWph=1> <it=  2> <et=1427.55> <Mt= 0.00> <Spt= 0.08> <nCl=  0> <DB=11714.5727> <Mlp=11714.5727> <PB=4453.6> 
<DWph=0> <it=  6> <et=1428.03> <Mt= 0.09> <Spt= 0.39> <nCl=460> <DB= 4453.6000> <Mlp= 4453.6000> <PB=4453.6> 
ColGenEvalAlg final dual bound: 4453.6 (rounded: 4453.6)
Gap improvement since the last cut separation : 1 (4451.51)
**** SB phase 3 evaluation of candidate 1, branch 2 ( x[(11, 85)]_0_1295_0_OspV >= 1 ), value = 4448.23
<DWph=2> <it= 10> <et=1429.43> <Mt= 0.35> <Spt= 0.74> <nCl=179> <DB= 4422.7241> <Mlp= 4448.2310> <PB=4453.6> 
<DWph=2> <it= 11> <et=1429.55> <Mt= 0.00> <Spt= 0.12> <nCl=  2> <DB= 4448.2310> <Mlp= 4448.2310> <PB=4453.6> 
<DWph=1> <it= 12> <et=1429.68> <Mt= 0.00> <Spt= 0.13> <nCl=  1> <DB= 4448.2310> <Mlp= 4448.2310> <PB=4453.6> 
<DWph=0> <it= 15> <et=1430.08> <Mt= 0.05> <Spt= 0.35> <nCl=300> <DB= 4448.0346> <Mlp= 4448.0346> <PB=4453.6> 
Reduced cost fixing for graph G_0...  TT = 0.028933, pt = 0.006849, dt = 0.020742, ct = 0, ndl = 5061', bdl = 72610', odl = 2148', odf = 17011', lpcb = 164346', cnt = 10075', bdch = 210095', odch = 23134', lcp = 19385'
took 0.02 sec., 4255 buck. arcs remain (6.32% from prev., 1.39% from max.)
Run enumeration... took 0.35 sec. and succeeded! 
<DWph=2> <it= 16> <et=1431.47> <Mt= 0.14> <Spt= 0.08> <nCl=  0> <DB= 4448.6040> <Mlp= 4448.6040> <PB=4453.6> 
<DWph=1> <it= 17> <et=1431.54> <Mt= 0.00> <Spt= 0.07> <nCl=  0> <DB= 4448.6040> <Mlp= 4448.6040> <PB=4453.6> 
<DWph=0> <it= 20> <et=1431.93> <Mt= 0.02> <Spt= 0.37> <nCl=455> <DB= 4361.8892> <Mlp= 4448.6040> <PB=4453.6> 
<DWph=0> <it= 25> <et=1432.47> <Mt= 0.03> <Spt= 0.51> <nCl=363> <DB= 4448.4836> <Mlp= 4448.4836> <PB=4453.6> 
Reduced cost fixing for graph G_0...  took 0.04 sec., done by inspection with 154783 solutions, remains 34871 (22.5%)
ColGenEvalAlg final dual bound: 4448.48 (rounded: 4448.48)
----- Add fac. cuts : CAP(3) R1C(150), max.viol = 0.178082, aver.viol = 0.0702838, sep/add took 0.0221493/0.218591 sec. -----
32139 columns (2972 active), 668 dyn. constrs. (192 active), 1116 art. vars. (434 active)
<DWph=2> <it=  1> <et=1433.05> <Mt= 0.02> <Spt= 0.04> <nCl=  0> <DB= 4448.7600> <Mlp= 4448.7600> <PB=4453.6> 
<DWph=1> <it=  2> <et=1433.09> <Mt= 0.00> <Spt= 0.04> <nCl=  0> <DB= 4448.7600> <Mlp= 4448.7600> <PB=4453.6> 
----- Add core cuts : CAP(4), max.viol = 1, aver.viol = 1, sep/add took 0.00434937/0.0642718 sec. -----
<DWph=0> <it=  5> <et=1433.36> <Mt= 0.01> <Spt= 0.19> <nCl=335> <DB= 4448.6500> <Mlp= 4448.6500> <PB=4453.6> 
Reduced cost fixing for graph G_0...  took 0.01 sec., done by inspection with 34871 solutions, remains 27819 (79.8%)
ColGenEvalAlg final dual bound: 4448.65 (rounded: 4448.65)
Gap improvement since the last cut separation : 0.0325301 (4448.48)
----- Add fac. cuts : CAP(4), max.viol = 0.5, aver.viol = 0.5, sep/add took 0.449818/0.106499 sec. -----
32474 columns (3125 active), 674 dyn. constrs. (58 active), 1124 art. vars. (300 active)
<DWph=2> <it=  1> <et=1434.08> <Mt= 0.01> <Spt= 0.05> <nCl=  0> <DB= 4448.6990> <Mlp= 4448.6990> <PB=4453.6> 
<DWph=1> <it=  2> <et=1434.12> <Mt= 0.00> <Spt= 0.04> <nCl=  0> <DB= 4448.6990> <Mlp= 4448.6990> <PB=4453.6> 
<DWph=0> <it=  3> <et=1434.20> <Mt= 0.01> <Spt= 0.07> <nCl= 99> <DB= 4448.6990> <Mlp= 4448.6990> <PB=4453.6> 
Reduced cost fixing for graph G_0...  took 0.01 sec., done by inspection with 27819 solutions, remains 26349 (94.7%)
ColGenEvalAlg final dual bound: 4448.7 (rounded: 4448.7)
Gap improvement since the last cut separation : 0.00989202 (4448.65)
----- Add fac. cuts : CAP(6) R1C(234), max.viol = 0.103448, aver.viol = 0.0384914, sep/add took 0.386505/0.374867 sec. -----
32391 columns (3154 active), 775 dyn. constrs. (289 active), 1364 art. vars. (531 active)
<DWph=2> <it=  1> <et=1435.13> <Mt= 0.01> <Spt= 0.05> <nCl=  0> <DB= 4448.7424> <Mlp= 4448.7424> <PB=4453.6> 
<DWph=1> <it=  2> <et=1435.18> <Mt= 0.01> <Spt= 0.04> <nCl=  0> <DB= 4448.7424> <Mlp= 4448.7424> <PB=4453.6> 
<DWph=0> <it=  5> <et=1435.37> <Mt= 0.01> <Spt= 0.18> <nCl=161> <DB= 4448.7421> <Mlp= 4448.7421> <PB=4453.6> 
Reduced cost fixing for graph G_0...  took 0 sec., done by inspection with 26349 solutions, remains 23372 (88.7%)
ColGenEvalAlg final dual bound: 4448.74 (rounded: 4448.74)
Gap improvement since the last cut separation : 0.00879543 (4448.7)
----- Add fac. cuts : CAP(2) R1C(420), max.viol = 0.10989, aver.viol = 0.0345257, sep/add took 0.681567/0.573292 sec. -----
32482 columns (3123 active), 1188 dyn. constrs. (477 active), 1786 art. vars. (719 active)
<DWph=2> <it=  1> <et=1436.79> <Mt= 0.02> <Spt= 0.04> <nCl=  0> <DB= 4448.8000> <Mlp= 4448.8000> <PB=4453.6> 
<DWph=1> <it=  2> <et=1436.84> <Mt= 0.00> <Spt= 0.05> <nCl=  0> <DB= 4448.8000> <Mlp= 4448.8000> <PB=4453.6> 
<DWph=0> <it=  4> <et=1436.97> <Mt= 0.01> <Spt= 0.12> <nCl= 44> <DB= 4448.8000> <Mlp= 4448.8000> <PB=4453.6> 
Reduced cost fixing for graph G_0...  took 0 sec., done by inspection with 23372 solutions, remains 22361 (95.7%)
ColGenEvalAlg final dual bound: 4448.8 (rounded: 4448.8)
Gap improvement since the last cut separation : 0.0119244 (4448.74)
----- Add fac. cuts : sep. took 0.47336 sec.----- no cuts found  -----
SB exact phase 3 branch on var x[(11, 85)]_0_1295_0_OspV (lhs=0.778082) : [4453.6, 4448.8], tree depth = 1.793, tree size = 4.929, score = -0.2711 (h)
************************************************************************************************
**** BaB tree node (N° 169, parent N° 2, depth 2)
**** Local DB = 4448.8, global bounds : [ 4448.8 , 4453.6 ], TIME = 0h23m57s68t = 143768
**** 2 open nodes, ETS : 169, 32263 columns (3096 active), 543 dyn. constrs. (64 active), 785 art. vars. (306 active)
************************************************************************************************
**** Strong branching phase 3 is started *****
**** SB phase 3 evaluation of candidate 1, branch 1 ( x[(103, 116)]_0_12458_0_OspV >= 1 ), value = 1e+12
<DWph=2> <it=  1> <et=1437.77> <Mt= 0.01> <Spt= 0.04> <nCl=  0> <DB= 4451.6346> <Mlp= 4451.6346> <PB=4453.6> 
<DWph=1> <it=  2> <et=1437.82> <Mt= 0.01> <Spt= 0.04> <nCl=  0> <DB= 4451.6346> <Mlp= 4451.6346> <PB=4453.6> 
<DWph=0> <it=  7> <et=1438.06> <Mt= 0.01> <Spt= 0.23> <nCl=333> <DB= 4450.6500> <Mlp= 4450.6500> <PB=4453.6> 
Reduced cost fixing for graph G_0...  took 0.01 sec., done by inspection with 22361 solutions, remains 8604 (38.5%)
ColGenEvalAlg final dual bound: 4450.65 (rounded: 4450.65)
----- Terminating the node by MIP -----
**** SB phase 3 evaluation of candidate 1, branch 2 ( x[(103, 116)]_0_12458_0_OspV <= 0 ), value = 1e+12
<DWph=2> <it=  1> <et=1439.48> <Mt= 0.02> <Spt= 0.04> <nCl=  0> <DB= 4451.1264> <Mlp= 4451.1264> <PB=4453.6> 
<DWph=1> <it=  2> <et=1439.52> <Mt= 0.00> <Spt= 0.04> <nCl=  0> <DB= 4451.1264> <Mlp= 4451.1264> <PB=4453.6> 
----- Add core cuts : CAP(11), max.viol = 1, aver.viol = 1, sep/add took 0.0112486/0.213261 sec. -----
<DWph=0> <it=  9> <et=1440.23> <Mt= 0.10> <Spt= 0.39> <nCl=598> <DB= 4450.3278> <Mlp= 4450.3278> <PB=4453.6> 
Reduced cost fixing for graph G_0...  took 0 sec., done by inspection with 22361 solutions, remains 12082 (54%)
ColGenEvalAlg final dual bound: 4450.33 (rounded: 4450.33)
----- Add fac. cuts : CAP(19) R1C(277), max.viol = 0.222222, aver.viol = 0.106044, sep/add took 0.29869/0.619169 sec. -----
29937 columns (2541 active), 798 dyn. constrs. (340 active), 1049 art. vars. (582 active)
<DWph=2> <it=  1> <et=1441.45> <Mt= 0.01> <Spt= 0.05> <nCl=  0> <DB= 4450.8186> <Mlp= 4450.8186> <PB=4453.6> 
<DWph=1> <it=  2> <et=1441.50> <Mt= 0.00> <Spt= 0.05> <nCl=  0> <DB= 4450.8186> <Mlp= 4450.8186> <PB=4453.6> 
<DWph=0> <it=  4> <et=1441.65> <Mt= 0.01> <Spt= 0.13> <nCl= 86> <DB= 4450.7474> <Mlp= 4450.7474> <PB=4453.6> 
Reduced cost fixing for graph G_0...  took 0 sec., done by inspection with 12082 solutions, remains 9312 (77.1%)
ColGenEvalAlg final dual bound: 4450.75 (rounded: 4450.75)
Gap improvement since the last cut separation : 0.128228 (4450.33)
----- Terminating the node by MIP -----
 SB phase 3 candidate 1 is conquered !
************************************************************************************************
Search is finished, global bounds : [ 4453.6 , 4453.6 ], TIME = 0h24m3s82t = 144382
************************************************************************************************
[32mBaPCod : solution defined.[00m
statistics_cols: instance & :Optimal & cutoff & :bcRecRootDb & :bcTimeRootEval & :bcCountNodeProc & :bcRecBestDb & :bcRecBestInc & :bcTimeMain \\
statistics: instance_38-triangle & 1 & 22193.0 & 4443.89 & 15.13 & 171 & 4453.60 & 4453.60 & 1443.82 \\
########################################################
Route #1: 3 31 114 20 48 32 52 13 117 
Route #2: 7 81 85 11 15 30 4 21 8 19 66 93 
Route #3: 24 71 69 40 90 9 68 54 116 103 49 
Route #4: 42 22 105 33 27 59 99 106 12 36 96 35 83 77 37 
Route #5: 51 113 26 72 97 57 55 47 89 95 16 63 6 101 67 
Route #6: 62 14 41 109 
Route #7: 80 65 28 94 79 70 87 46 
Route #8: 104 2 53 100 74 91 17 119 75 84 98 64 
Route #9: 110 60 1 18 44 5 88 112 86 38 73 111 29 82 34 
Route #10: 115 23 92 78 45 108 61 43 50 
Route #11: 118 39 10 107 120 25 56 58 102 76 
Cost 4453.6
########################################################

end_time=2026-04-22 14:19:56
exit_code=0
