instance_file=/mnt/c/Users/porin/OneDrive/Documentos/Python-Mestrado/Modelagem Matemática/Programação Inteira - Uchoa/Problema VRPRDL/instancias_turco/VRPRDL-triangle/vrptw_padrao_convertidos/instance_30-triangle.txt
instance_name=instance_30-triangle
n_customers=120
capacity=750
k_ub=120
time_horizon=720
ub_mode=trivial
ub_used=19614.8
cfg=config/VRPTW_set_1.cfg
timeout_s=3600
start_time=2026-04-22 11:34:04
cmd=/home/poringman/.juliaup/bin/julia src/run.jl /mnt/c/Users/porin/OneDrive/Documentos/Python-Mestrado/Modelagem Matemática/Programação Inteira - Uchoa/Problema VRPRDL/instancias_turco/VRPRDL-triangle/vrptw_padrao_convertidos/instance_30-triangle.txt --cfg config/VRPTW_set_1.cfg -u 19614.8

  Activating project at `~/VRPSolver/VRPSolverDemos/other/VRPTW`
Application parameters:
  batch  =>  nothing
  update  =>  false
  tikz  =>  nothing
  instance  =>  "/mnt/c/Users/porin/OneDrive/Documentos/Python-Mestrado/Modelagem Matemática/Programação Inteira - Uchoa/Problema VRPRDL/instancias_turco/VRPRDL-triangle/vrptw_padrao_convertidos/instance_30-triangle.txt"
  out  =>  nothing
  nosolve  =>  false
  ub  =>  19614.8
  sol  =>  nothing
  cfg  =>  "config/VRPTW_set_1.cfg"
  enable_cap_res  =>  false
~~~~~~~~~~~~~~~~~~~~~~~~~~~~~~~~~~~~~~~~~~~~~~~~~~~~~~~~~~~~~~~~~~~~~~~~~~~~~~~~~~~~~
GIT VERSION RCSP: 
GIT BRANCH: 
~~~~~~~~~~~~~~~~~~~~~~~~~~~~~~~~~~~~~~~~~~~~~~~~~~~~~~~~~~~~~~~~~~~~~~~~~~~~~~~~~~~~~
VRPSolver v0.6.16, 10/11/2025, © Inria Bordeaux, France, vrpsolver.math.u-bordeaux.fr
      Corresponds to the solver by Pessoa, Sadykov, Uchoa and Vanderbeck (2020)
                 Paper: dx.doi.org/10.1007/s10107-020-01523-z
~~~~~~~~~~~~~~~~~~~~~~~~~~~~~~~~~~~~~~~~~~~~~~~~~~~~~~~~~~~~~~~~~~~~~~~~~~~~~~~~~~~~~
GIT VERSION BAPCOD: a7cb21f19424236c9d0da5dcf94961797a519470
GIT BRANCH: main
~~~~~~~~~~~~~~~~~~~~~~~~~~~~~~~~~~~~~~~~~~~~~~~~~~~~~~~~~~~~~~~~~~~~~~~~~~~~~~~~~~~~~
   BaPCod v0.84, 10/11/2025, © Inria Bordeaux, France, bapcod.math.u-bordeaux.fr 
           THIS CODE IS PROVIDED AS IS, USE IT AT YOUR OWN RISK
~~~~~~~~~~~~~~~~~~~~~~~~~~~~~~~~~~~~~~~~~~~~~~~~~~~~~~~~~~~~~~~~~~~~~~~~~~~~~~~~~~~~~
--- VRPSOLVER PARAMETERS ---
GlobalTimeLimit = 21474836
MaxNbOfBBtreeNodeTreated = 100000
treeSearchStrategy = 1
RCSPstopCutGenTimeThresholdInPricing = 5
RCSPhardTimeThresholdInPricing = 10
RCSPredCostFixingTimeThreshold = 100
RCSPnumberOfBucketsPerVertex = 25
RCSPdynamicBucketSteps = 1
RCSPuseBidirectionalSearch = 1
RCSPapplyReducedCostFixing = 1
RCSPredCostFixingFalseGap = 0
RCSPmaxNumOfColsPerIteration = 30
RCSPmaxNumOfColsPerExactIteration = 150
StabilizationMinPhaseOfStage = 0
RCSPmaxNumOfLabelsInEnumeration = 1000000
RCSPmaxNumOfEnumeratedSolutions = 10000000
RCSPmaxNumOfEnumSolutionsForMIP = 10000
RCSPinitNGneighbourhoodSize = 8
RCSPmaxNGneighbourhoodSize = 16
RCSPrankOneCutsMaxNumPerRound = 100
RCSPrankOneCutsMaxNumRows = 7
RCSPrankOneCutsMemoryType = 1
CutTailingOffThreshold = 0.015
CutTailingOffCounterThreshold = 3
SafeDualBoundScaleFactor = -1
StrongBranchingPhaseOneCandidatesNumber = 50
StrongBranchingPhaseOneTreeSizeEstimRatio = 0.1
StrongBranchingPhaseTwoCandidatesNumber = 3
StrongBranchingPhaseTwoTreeSizeEstimRatio = 0.1
MaxTimeForRestrictedMasterIpHeur = -1
DivingHeurUseDepthLimit = -1
MaxLDSbreadth = 0
MaxLDSdepth = 0
New model incumbent solution 19614.8, TIME = 0h0m0s43t = 43
Model is built TIME = 0h0m0s52t = 52
************************************************************************************************
**** BaB tree root node
**** Local DB = -1e+12, global bounds : [ -1e+12 , 19614.8 ], TIME = 0h0m0s52t = 52
**** 1 open nodes, 0 columns (0 active), 0 dyn. constrs. (0 active), 242 art. vars. (242 active)
************************************************************************************************
<DWph=2> <it= 10> <et=0.62> <Mt= 0.00> <Spt= 0.09> <nCl=300> <DB=-50946140.5093> <Mlp=1348462.6058> <PB=19614.8> 
<DWph=2> <it= 20> <et=0.72> <Mt= 0.02> <Spt= 0.08> <nCl=300> <DB=-26009337.0393> <Mlp=503441.7093> <PB=19614.8> 
<DWph=2> <it= 30> <et=0.83> <Mt= 0.03> <Spt= 0.07> <nCl=300> <DB=-14291569.7231> <Mlp=158896.7301> <PB=19614.8> 
<DWph=2> <it= 40> <et=0.96> <Mt= 0.05> <Spt= 0.08> <nCl=275> <DB=-665214.5333> <Mlp= 5619.1592> <PB=19614.8> 
<DWph=2> <it= 50> <et=1.09> <Mt= 0.04> <Spt= 0.09> <nCl=300> <DB=-44416.0483> <Mlp= 5275.1492> <PB=19614.8> 
<DWph=2> <it= 60> <et=1.23> <Mt= 0.06> <Spt= 0.08> <nCl=300> <DB=-20040.3511> <Mlp= 4790.8487> <PB=19614.8> 
<DWph=2> <it= 70> <et=1.37> <Mt= 0.06> <Spt= 0.08> <nCl=300> <DB=-11202.4213> <Mlp= 4489.8675> <PB=19614.8> 
<DWph=2> <it= 80> <et=1.51> <Mt= 0.05> <Spt= 0.08> <nCl=299> <DB=-2437.6114> <Mlp= 4340.0798> <PB=19614.8> 
<DWph=2> <it= 90> <et=1.65> <Mt= 0.06> <Spt= 0.08> <nCl=292> <DB=  406.2071> <Mlp= 4250.2358> <PB=19614.8> 
<DWph=2> <it=100> <et=1.78> <Mt= 0.05> <Spt= 0.08> <nCl=284> <DB= 2222.0064> <Mlp= 4213.0002> <PB=19614.8> 
<DWph=2> <it=110> <et=1.91> <Mt= 0.05> <Spt= 0.08> <nCl=277> <DB= 2673.4281> <Mlp= 4185.3040> <PB=19614.8> 
<DWph=2> <it=120> <et=2.01> <Mt= 0.03> <Spt= 0.07> <nCl=213> <DB= 2177.9766> <Mlp= 4175.8245> <PB=19614.8> 
<DWph=2> <it=130> <et=2.18> <Mt= 0.09> <Spt= 0.07> <nCl=212> <DB= 3386.5335> <Mlp= 4164.7514> <PB=19614.8> 
<DWph=2> <it=140> <et=2.37> <Mt= 0.11> <Spt= 0.08> <nCl=232> <DB= 3711.2593> <Mlp= 4162.9500> <PB=19614.8> 
<DWph=2> <it=150> <et=2.49> <Mt= 0.04> <Spt= 0.08> <nCl=176> <DB= 3931.8778> <Mlp= 4161.9500> <PB=19614.8> 
<DWph=2> <it=160> <et=2.59> <Mt= 0.03> <Spt= 0.07> <nCl=160> <DB= 4121.4948> <Mlp= 4161.7250> <PB=19614.8> 
<DWph=2> <it=170> <et=2.70> <Mt= 0.02> <Spt= 0.09> <nCl=159> <DB= 3963.0483> <Mlp= 4158.5750> <PB=19614.8> 
<DWph=2> <it=180> <et=2.79> <Mt= 0.02> <Spt= 0.07> <nCl=122> <DB= 4149.5653> <Mlp= 4158.5625> <PB=19614.8> 
<DWph=2> <it=182> <et=2.82> <Mt= 0.00> <Spt= 0.03> <nCl= 14> <DB= 4158.5625> <Mlp= 4158.5625> <PB=19614.8> 
<DWph=1> <it=190> <et=3.03> <Mt= 0.12> <Spt= 0.08> <nCl=240> <DB= 2603.5757> <Mlp= 4152.8125> <PB=19614.8> 
<DWph=1> <it=200> <et=3.25> <Mt= 0.11> <Spt= 0.11> <nCl=255> <DB= 3958.2930> <Mlp= 4149.0417> <PB=19614.8> 
<DWph=1> <it=210> <et=3.39> <Mt= 0.02> <Spt= 0.12> <nCl=135> <DB= 4149.0000> <Mlp= 4149.0000> <PB=19614.8> 
<DWph=0> <it=220> <et=3.74> <Mt= 0.17> <Spt= 0.18> <nCl=1132> <DB= 4135.2750> <Mlp= 4135.2750> <PB=19614.8> 
Reduced cost fixing for graph G_0...  TT = 0.017774, pt = 0.002079, dt = 0.014813, ct = 0, ndl = 4396', bdl = 192571', odl = 9881', odf = 46074', lpcb = 25080', cnt = 214116', bdch = 572540', odch = 51068', lcp = 67337'
took 0.01 sec., 71162 buck. arcs remain (93.5% from prev., 23.7% from max.)
Run enumeration... took 0.14 sec. and not succeeded.
ColGenEvalAlg final dual bound: 4135.28 (rounded: 4135.28)
----- Add fac. cuts : CAP(31), max.viol = 1, aver.viol = 0.467742, sep/add took 0.0100209/0.0810539 sec. -----
6277 columns (6277 active), 31 dyn. constrs. (31 active), 273 art. vars. (273 active)
<DWph=2> <it= 10> <et=4.28> <Mt= 0.11> <Spt= 0.12> <nCl=133> <DB= 4136.7300> <Mlp= 4141.5667> <PB=19614.8> 
<DWph=2> <it= 15> <et=4.39> <Mt= 0.02> <Spt= 0.09> <nCl= 55> <DB= 4141.5667> <Mlp= 4141.5667> <PB=19614.8> 
<DWph=1> <it= 20> <et=4.51> <Mt= 0.05> <Spt= 0.06> <nCl=131> <DB= 3973.4532> <Mlp= 4140.0500> <PB=19614.8> 
<DWph=1> <it= 30> <et=4.73> <Mt= 0.03> <Spt= 0.19> <nCl= 95> <DB= 4080.0500> <Mlp= 4140.0500> <PB=19614.8> 
<DWph=1> <it= 31> <et=4.74> <Mt= 0.00> <Spt= 0.01> <nCl=  2> <DB= 4140.0500> <Mlp= 4140.0500> <PB=19614.8> 
<DWph=0> <it= 40> <et=4.92> <Mt= 0.03> <Spt= 0.15> <nCl=419> <DB= 4140.0500> <Mlp= 4140.0500> <PB=19614.8> 
ColGenEvalAlg final dual bound: 4140.05 (rounded: 4140.05)
----- Add fac. cuts : CAP(26), max.viol = 1, aver.viol = 0.538462, sep/add took 0.00917023/0.11618 sec. -----
7112 columns (7112 active), 57 dyn. constrs. (28 active), 299 art. vars. (270 active)
<DWph=2> <it= 10> <et=5.29> <Mt= 0.08> <Spt= 0.15> <nCl=137> <DB= 4014.1600> <Mlp= 4142.5600> <PB=19614.8> 
<DWph=2> <it= 11> <et=5.32> <Mt= 0.01> <Spt= 0.03> <nCl= 14> <DB= 4142.4643> <Mlp= 4142.4643> <PB=19614.8> 
<DWph=1> <it= 17> <et=5.42> <Mt= 0.01> <Spt= 0.09> <nCl= 39> <DB= 4142.0250> <Mlp= 4142.0250> <PB=19614.8> 
<DWph=0> <it= 20> <et=5.50> <Mt= 0.02> <Spt= 0.06> <nCl=209> <DB= 4083.5385> <Mlp= 4142.0000> <PB=19614.8> 
<DWph=0> <it= 22> <et=5.56> <Mt= 0.00> <Spt= 0.05> <nCl=146> <DB= 4141.9750> <Mlp= 4141.9750> <PB=19614.8> 
ColGenEvalAlg final dual bound: 4141.97 (rounded: 4141.97)
----- Add fac. cuts : CAP(13), max.viol = 0.25, aver.viol = 0.25, sep/add took 0.0100799/0.0573857 sec. -----
7657 columns (7657 active), 41 dyn. constrs. (17 active), 312 art. vars. (259 active)
<DWph=2> <it=  8> <et=5.84> <Mt= 0.04> <Spt= 0.14> <nCl= 76> <DB= 4142.8000> <Mlp= 4142.8000> <PB=19614.8> 
<DWph=1> <it=  9> <et=5.87> <Mt= 0.00> <Spt= 0.03> <nCl=  4> <DB= 4142.8000> <Mlp= 4142.8000> <PB=19614.8> 
<DWph=0> <it= 10> <et=5.88> <Mt= 0.00> <Spt= 0.01> <nCl= 32> <DB= 4090.8000> <Mlp= 4142.8000> <PB=19614.8> 
<DWph=0> <it= 16> <et=6.02> <Mt= 0.02> <Spt= 0.12> <nCl=164> <DB= 4142.8000> <Mlp= 4142.8000> <PB=19614.8> 
ColGenEvalAlg final dual bound: 4142.8 (rounded: 4142.8)
----- Add fac. cuts : CAP(4), max.viol = 0.5, aver.viol = 0.5, sep/add took 0.0122704/0.0233388 sec. -----
7933 columns (7933 active), 21 dyn. constrs. (7 active), 316 art. vars. (249 active)
<DWph=2> <it=  1> <et=6.12> <Mt= 0.01> <Spt= 0.02> <nCl=  1> <DB= 4143.0250> <Mlp= 4143.0250> <PB=19614.8> 
<DWph=1> <it=  2> <et=6.15> <Mt= 0.00> <Spt= 0.03> <nCl=  0> <DB= 4143.0250> <Mlp= 4143.0250> <PB=19614.8> 
<DWph=0> <it=  3> <et=6.18> <Mt= 0.00> <Spt= 0.03> <nCl= 10> <DB= 4143.0250> <Mlp= 4143.0250> <PB=19614.8> 
ColGenEvalAlg final dual bound: 4143.02 (rounded: 4143.02)
----- Add fac. cuts : CAP(6), max.viol = 0.5, aver.viol = 0.416667, sep/add took 0.00757783/0.0367805 sec. -----
7944 columns (7944 active), 13 dyn. constrs. (11 active), 322 art. vars. (253 active)
<DWph=2> <it=  1> <et=6.28> <Mt= 0.01> <Spt= 0.02> <nCl=  0> <DB= 4143.0750> <Mlp= 4143.0750> <PB=19614.8> 
<DWph=1> <it=  2> <et=6.31> <Mt= 0.00> <Spt= 0.02> <nCl=  0> <DB= 4143.0750> <Mlp= 4143.0750> <PB=19614.8> 
<DWph=0> <it=  3> <et=6.34> <Mt= 0.00> <Spt= 0.03> <nCl= 12> <DB= 4143.0750> <Mlp= 4143.0750> <PB=19614.8> 
ColGenEvalAlg final dual bound: 4143.07 (rounded: 4143.07)
----- Add fac. cuts : CAP(1), max.viol = 0.5, aver.viol = 0.5, sep/add took 0.00604915/0.008638 sec. -----
7956 columns (7956 active), 12 dyn. constrs. (8 active), 323 art. vars. (250 active)
<DWph=2> <it=  1> <et=6.40> <Mt= 0.02> <Spt= 0.02> <nCl=  0> <DB= 4143.1000> <Mlp= 4143.1000> <PB=19614.8> 
<DWph=1> <it=  2> <et=6.43> <Mt= 0.00> <Spt= 0.02> <nCl=  2> <DB= 4143.1000> <Mlp= 4143.1000> <PB=19614.8> 
<DWph=0> <it=  3> <et=6.46> <Mt= 0.00> <Spt= 0.03> <nCl=  4> <DB= 4143.1000> <Mlp= 4143.1000> <PB=19614.8> 
ColGenEvalAlg final dual bound: 4143.1 (rounded: 4143.1)
----- Add fac. cuts : R1C(150), max.viol = 0.5, aver.viol = 0.5, sep/add took 0.00745913/0.355046 sec. -----
7962 columns (7962 active), 158 dyn. constrs. (157 active), 473 art. vars. (399 active)
<DWph=2> <it= 10> <et=7.12> <Mt= 0.14> <Spt= 0.14> <nCl=180> <DB= 3716.4075> <Mlp= 4164.1943> <PB=19614.8> 
<DWph=2> <it= 15> <et=7.19> <Mt= 0.02> <Spt= 0.06> <nCl= 43> <DB= 3286.9098> <Mlp= 4163.4572> <PB=19614.8> 
<DWph=2> <it= 15> <et=7.19> <Mt= 0.00> <Spt= 0.00> <nCl=  0> <DB= 3286.9098> <Mlp= 4163.4572> <PB=19614.8> 
<DWph=1> <it= 20> <et=7.37> <Mt= 0.10> <Spt= 0.07> <nCl=137> <DB= 3999.8275> <Mlp= 4159.1250> <PB=19614.8> 
<DWph=1> <it= 26> <et=7.50> <Mt= 0.02> <Spt= 0.11> <nCl= 63> <DB= 4159.1250> <Mlp= 4159.1250> <PB=19614.8> 
<DWph=0> <it= 30> <et=7.93> <Mt= 0.31> <Spt= 0.11> <nCl=407> <DB= 4080.1837> <Mlp= 4155.8250> <PB=19614.8> 
<DWph=0> <it= 37> <et=8.25> <Mt= 0.15> <Spt= 0.18> <nCl=336> <DB= 4154.8250> <Mlp= 4154.8250> <PB=19614.8> 
ColGenEvalAlg final dual bound: 4154.82 (rounded: 4154.82)
----- Add fac. cuts : CAP(23) R1C(150), max.viol = 1, aver.viol = 0.472543, sep/add took 0.0146357/0.709424 sec. -----
9128 columns (9128 active), 330 dyn. constrs. (193 active), 646 art. vars. (435 active)
<DWph=2> <it= 10> <et=9.32> <Mt= 0.15> <Spt= 0.17> <nCl=123> <DB= 4147.1806> <Mlp= 4161.1459> <PB=19614.8> 
<DWph=2> <it= 11> <et=9.35> <Mt= 0.00> <Spt= 0.03> <nCl=  7> <DB= 4161.1424> <Mlp= 4161.1424> <PB=19614.8> 
<DWph=1> <it= 17> <et=9.49> <Mt= 0.03> <Spt= 0.10> <nCl= 67> <DB= 4161.1130> <Mlp= 4161.1130> <PB=19614.8> 
<DWph=0> <it= 20> <et=9.66> <Mt= 0.07> <Spt= 0.11> <nCl=379> <DB= 3759.3243> <Mlp= 4160.8549> <PB=19614.8> 
<DWph=0> <it= 26> <et=10.10> <Mt= 0.18> <Spt= 0.23> <nCl=597> <DB= 4160.4467> <Mlp= 4160.4467> <PB=19614.8> 
ColGenEvalAlg final dual bound: 4160.45 (rounded: 4160.45)
----- Add fac. cuts : CAP(23) R1C(314), max.viol = 0.8, aver.viol = 0.339169, sep/add took 0.237661/0.700523 sec. -----
10266 columns (6889 active), 530 dyn. constrs. (368 active), 983 art. vars. (610 active)
<DWph=2> <it= 10> <et=11.88> <Mt= 0.56> <Spt= 0.24> <nCl=150> <DB= 4033.4987> <Mlp= 4166.0833> <PB=19614.8> 
<DWph=2> <it= 15> <et=12.31> <Mt= 0.31> <Spt= 0.12> <nCl= 75> <DB= 3919.8522> <Mlp= 4165.9800> <PB=19614.8> 
<DWph=2> <it= 15> <et=12.31> <Mt= 0.00> <Spt= 0.00> <nCl=  0> <DB= 3919.8522> <Mlp= 4165.9800> <PB=19614.8> 
<DWph=1> <it= 20> <et=12.57> <Mt= 0.13> <Spt= 0.12> <nCl= 94> <DB= 4158.0005> <Mlp= 4165.8688> <PB=19614.8> 
<DWph=1> <it= 23> <et=12.68> <Mt= 0.02> <Spt= 0.10> <nCl= 38> <DB= 4165.8688> <Mlp= 4165.8688> <PB=19614.8> 
<DWph=0> <it= 30> <et=13.42> <Mt= 0.42> <Spt= 0.31> <nCl=511> <DB= 4164.7833> <Mlp= 4164.7833> <PB=19614.8> 
ColGenEvalAlg final dual bound: 4164.78 (rounded: 4164.78)
----- Add fac. cuts : CAP(11) R1C(440), max.viol = 0.5, aver.viol = 0.42104, sep/add took 0.366289/1.05209 sec. -----
11134 columns (7757 active), 819 dyn. constrs. (503 active), 1434 art. vars. (745 active)
<DWph=2> <it= 10> <et=15.54> <Mt= 0.36> <Spt= 0.26> <nCl= 87> <DB= 3356.3125> <Mlp= 4169.7531> <PB=19614.8> 
<DWph=2> <it= 16> <et=15.87> <Mt= 0.16> <Spt= 0.17> <nCl= 50> <DB= 4169.6406> <Mlp= 4169.6406> <PB=19614.8> 
<DWph=1> <it= 20> <et=16.11> <Mt= 0.11> <Spt= 0.12> <nCl= 95> <DB= 4126.7105> <Mlp= 4169.3689> <PB=19614.8> 
<DWph=1> <it= 27> <et=16.40> <Mt= 0.10> <Spt= 0.19> <nCl= 88> <DB= 4169.2623> <Mlp= 4169.2623> <PB=19614.8> 
<DWph=0> <it= 30> <et=16.69> <Mt= 0.09> <Spt= 0.20> <nCl=276> <DB= 4091.6818> <Mlp= 4168.7660> <PB=19614.8> 
<DWph=0> <it= 37> <et=17.07> <Mt= 0.05> <Spt= 0.32> <nCl=310> <DB= 4168.6721> <Mlp= 4168.6721> <PB=19614.8> 
ColGenEvalAlg final dual bound: 4168.67 (rounded: 4168.67)
----- Add fac. cuts : CAP(8) R1C(557), max.viol = 0.28699, aver.viol = 0.238527, sep/add took 0.993232/1.75619 sec. -----
12040 columns (8663 active), 1068 dyn. constrs. (613 active), 1999 art. vars. (855 active)
<DWph=2> <it= 10> <et=20.45> <Mt= 0.33> <Spt= 0.22> <nCl=108> <DB= 4165.8831> <Mlp= 4173.1404> <PB=19614.8> 
<DWph=2> <it= 14> <et=20.67> <Mt= 0.03> <Spt= 0.18> <nCl= 79> <DB= 4173.1255> <Mlp= 4173.1255> <PB=19614.8> 
<DWph=1> <it= 20> <et=20.91> <Mt= 0.06> <Spt= 0.18> <nCl= 90> <DB= 4081.5565> <Mlp= 4173.0658> <PB=19614.8> 
<DWph=1> <it= 23> <et=21.05> <Mt= 0.03> <Spt= 0.11> <nCl= 33> <DB= 4173.0590> <Mlp= 4173.0590> <PB=19614.8> 
<DWph=0> <it= 30> <et=22.50> <Mt= 0.87> <Spt= 0.58> <nCl=745> <DB= 4160.3893> <Mlp= 4172.4000> <PB=19614.8> 
<DWph=0> <it= 34> <et=23.17> <Mt= 0.33> <Spt= 0.34> <nCl=350> <DB= 4172.3500> <Mlp= 4172.3500> <PB=19614.8> 
ColGenEvalAlg final dual bound: 4172.35 (rounded: 4172.35)
----- Add fac. cuts : CAP(54) R1C(499), max.viol = 1, aver.viol = 0.467902, sep/add took 0.408665/3.25719 sec. -----
13445 columns (10068 active), 1166 dyn. constrs. (607 active), 2552 art. vars. (849 active)
<DWph=2> <it=  5> <et=27.54> <Mt= 0.27> <Spt= 0.24> <nCl= 88> <DB= 4173.2043> <Mlp= 4173.2043> <PB=19614.8> 
<DWph=1> <it= 10> <et=27.78> <Mt= 0.05> <Spt= 0.19> <nCl= 71> <DB= 4163.9013> <Mlp= 4173.1894> <PB=19614.8> 
<DWph=1> <it= 11> <et=27.85> <Mt= 0.00> <Spt= 0.06> <nCl= 18> <DB= 4173.1894> <Mlp= 4173.1894> <PB=19614.8> 
<DWph=0> <it= 20> <et=28.77> <Mt= 0.21> <Spt= 0.71> <nCl=738> <DB= 4145.9440> <Mlp= 4172.9330> <PB=19614.8> 
<DWph=0> <it= 25> <et=29.15> <Mt= 0.07> <Spt= 0.30> <nCl=197> <DB= 4172.9125> <Mlp= 4172.9125> <PB=19614.8> 
ColGenEvalAlg final dual bound: 4172.91 (rounded: 4172.91)
----- Add fac. cuts : CAP(31) R1C(508), max.viol = 0.5, aver.viol = 0.299861, sep/add took 0.55946/1.68567 sec. -----
11180 columns (7756 active), 1146 dyn. constrs. (582 active), 3091 art. vars. (824 active)
<DWph=2> <it=  4> <et=31.89> <Mt= 0.20> <Spt= 0.18> <nCl= 44> <DB= 4173.5134> <Mlp= 4173.5134> <PB=19614.8> 
<DWph=1> <it=  6> <et=32.01> <Mt= 0.01> <Spt= 0.10> <nCl= 28> <DB= 4173.4975> <Mlp= 4173.4975> <PB=19614.8> 
<DWph=0> <it= 10> <et=32.30> <Mt= 0.05> <Spt= 0.24> <nCl=172> <DB= 4165.2570> <Mlp= 4173.4848> <PB=19614.8> 
<DWph=0> <it= 11> <et=32.41> <Mt= 0.01> <Spt= 0.10> <nCl= 44> <DB= 4173.4842> <Mlp= 4173.4842> <PB=19614.8> 
ColGenEvalAlg final dual bound: 4173.48 (rounded: 4173.48)
----- Cut generation is stopped due to tailing off -----
**** Strong branching phase 3 is started *****
**** SB phase 3 evaluation of candidate 1, branch 1 ( [ colGenSp ] >= 9 ), value = 1e+12
<DWph=2> <it=  1> <et=33.00> <Mt= 0.02> <Spt= 0.06> <nCl= 17> <DB= 4173.5045> <Mlp= 4173.5045> <PB=19614.8> 
<DWph=1> <it=  2> <et=33.07> <Mt= 0.01> <Spt= 0.06> <nCl=  0> <DB= 4173.5045> <Mlp= 4173.5045> <PB=19614.8> 
<DWph=0> <it=  5> <et=33.24> <Mt= 0.01> <Spt= 0.16> <nCl=143> <DB= 4173.5010> <Mlp= 4173.5010> <PB=19614.8> 
ColGenEvalAlg final dual bound: 4173.5 (rounded: 4173.5)
----- Add fac. cuts : CAP(10) R1C(156), max.viol = 0.161924, aver.viol = 0.0918652, sep/add took 0.0531038/0.476738 sec. -----
8204 columns (8204 active), 223 dyn. constrs. (212 active), 465 art. vars. (454 active)
<DWph=2> <it=  7> <et=34.22> <Mt= 0.18> <Spt= 0.24> <nCl= 61> <DB= 4173.8702> <Mlp= 4173.8702> <PB=19614.8> 
<DWph=1> <it= 10> <et=34.33> <Mt= 0.02> <Spt= 0.10> <nCl= 32> <DB= 4173.8474> <Mlp= 4173.8474> <PB=19614.8> 
<DWph=0> <it= 20> <et=34.95> <Mt= 0.12> <Spt= 0.49> <nCl=647> <DB= 4172.8783> <Mlp= 4173.7470> <PB=19614.8> 
<DWph=0> <it= 22> <et=35.14> <Mt= 0.03> <Spt= 0.17> <nCl=186> <DB= 4173.7308> <Mlp= 4173.7308> <PB=19614.8> 
ColGenEvalAlg final dual bound: 4173.73 (rounded: 4173.73)
----- Add fac. cuts : CAP(14) R1C(349), max.viol = 0.230769, aver.viol = 0.0839161, sep/add took 0.220687/1.4162 sec. -----
9130 columns (9130 active), 586 dyn. constrs. (422 active), 828 art. vars. (664 active)
<DWph=2> <it=  1> <et=37.07> <Mt= 0.20> <Spt= 0.06> <nCl= 17> <DB= 4173.9312> <Mlp= 4173.9312> <PB=19614.8> 
<DWph=1> <it=  5> <et=37.31> <Mt= 0.03> <Spt= 0.21> <nCl= 16> <DB= 4173.9312> <Mlp= 4173.9312> <PB=19614.8> 
<DWph=0> <it= 10> <et=37.80> <Mt= 0.15> <Spt= 0.33> <nCl=358> <DB= 4173.6551> <Mlp= 4173.9221> <PB=19614.8> 
<DWph=0> <it= 11> <et=37.91> <Mt= 0.00> <Spt= 0.12> <nCl= 72> <DB= 4173.9221> <Mlp= 4173.9221> <PB=19614.8> 
ColGenEvalAlg final dual bound: 4173.92 (rounded: 4173.92)
----- Add fac. cuts : CAP(15) R1C(418), max.viol = 0.331781, aver.viol = 0.109584, sep/add took 0.506189/1.55984 sec. -----
9593 columns (9593 active), 871 dyn. constrs. (496 active), 1261 art. vars. (738 active)
<DWph=2> <it=  7> <et=40.77> <Mt= 0.33> <Spt= 0.39> <nCl= 76> <DB= 4174.0070> <Mlp= 4174.0070> <PB=19614.8> 
<DWph=1> <it=  9> <et=40.90> <Mt= 0.01> <Spt= 0.12> <nCl= 13> <DB= 4174.0070> <Mlp= 4174.0070> <PB=19614.8> 
<DWph=0> <it= 10> <et=41.02> <Mt= 0.01> <Spt= 0.11> <nCl=150> <DB= 3905.5709> <Mlp= 4174.0070> <PB=19614.8> 
<DWph=0> <it= 15> <et=41.52> <Mt= 0.05> <Spt= 0.41> <nCl=265> <DB= 4174.0046> <Mlp= 4174.0046> <PB=19614.8> 
ColGenEvalAlg final dual bound: 4174 (rounded: 4174)
----- Add fac. cuts : CAP(13) R1C(554), max.viol = 0.278146, aver.viol = 0.100696, sep/add took 0.835729/1.43572 sec. -----
10095 columns (6691 active), 1081 dyn. constrs. (633 active), 1828 art. vars. (875 active)
<DWph=2> <it=  1> <et=44.03> <Mt= 0.08> <Spt= 0.08> <nCl= 22> <DB= 4174.0667> <Mlp= 4174.0667> <PB=19614.8> 
<DWph=1> <it=  2> <et=44.12> <Mt= 0.01> <Spt= 0.08> <nCl=  5> <DB= 4174.0667> <Mlp= 4174.0667> <PB=19614.8> 
<DWph=0> <it=  3> <et=44.24> <Mt= 0.00> <Spt= 0.12> <nCl= 55> <DB= 4174.0667> <Mlp= 4174.0667> <PB=19614.8> 
ColGenEvalAlg final dual bound: 4174.07 (rounded: 4174.07)
----- Add fac. cuts : CAP(19) R1C(14), max.viol = 0.333333, aver.viol = 0.333333, sep/add took 0.457121/0.182481 sec. -----
10177 columns (6773 active), 685 dyn. constrs. (139 active), 1861 art. vars. (381 active)
<DWph=2> <it=  3> <et=45.33> <Mt= 0.14> <Spt= 0.18> <nCl= 31> <DB= 4174.1064> <Mlp= 4174.1064> <PB=19614.8> 
<DWph=1> <it=  5> <et=45.47> <Mt= 0.02> <Spt= 0.12> <nCl= 20> <DB= 4174.1064> <Mlp= 4174.1064> <PB=19614.8> 
<DWph=0> <it= 10> <et=45.82> <Mt= 0.06> <Spt= 0.29> <nCl=384> <DB= 4173.8695> <Mlp= 4174.1021> <PB=19614.8> 
<DWph=0> <it= 14> <et=46.11> <Mt= 0.01> <Spt= 0.27> <nCl=224> <DB= 4174.1005> <Mlp= 4174.1005> <PB=19614.8> 
ColGenEvalAlg final dual bound: 4174.1 (rounded: 4174.1)
----- Add fac. cuts : CAP(11) R1C(508), max.viol = 0.265116, aver.viol = 0.125779, sep/add took 0.719456/1.49254 sec. -----
10836 columns (7432 active), 678 dyn. constrs. (589 active), 2380 art. vars. (831 active)
<DWph=2> <it=  1> <et=48.68> <Mt= 0.21> <Spt= 0.08> <nCl= 12> <DB= 4174.1281> <Mlp= 4174.1281> <PB=19614.8> 
<DWph=1> <it=  4> <et=48.88> <Mt= 0.03> <Spt= 0.17> <nCl= 14> <DB= 4174.1281> <Mlp= 4174.1281> <PB=19614.8> 
<DWph=0> <it=  8> <et=49.31> <Mt= 0.04> <Spt= 0.38> <nCl=207> <DB= 4174.1276> <Mlp= 4174.1276> <PB=19614.8> 
ColGenEvalAlg final dual bound: 4174.13 (rounded: 4174.13)
----- Cut generation is stopped due to tailing off -----
**** SB phase 3 evaluation of candidate 1, branch 2 ( [ colGenSp ] <= 8 ), value = 1e+12
<DWph=2> <it= 10> <et=50.80> <Mt= 0.90> <Spt= 0.30> <nCl=300> <DB=-13614.4170> <Mlp= 7199.6894> <PB=19614.8> 
<DWph=2> <it= 20> <et=51.27> <Mt= 0.17> <Spt= 0.30> <nCl=257> <DB= 4164.7335> <Mlp= 4255.6824> <PB=19614.8> 
<DWph=2> <it= 30> <et=51.68> <Mt= 0.10> <Spt= 0.31> <nCl=281> <DB= 3678.3665> <Mlp= 4231.3324> <PB=19614.8> 
<DWph=2> <it= 40> <et=52.10> <Mt= 0.10> <Spt= 0.31> <nCl=258> <DB= 4222.7798> <Mlp= 4226.9070> <PB=19614.8> 
<DWph=2> <it= 49> <et=52.46> <Mt= 0.03> <Spt= 0.33> <nCl= 93> <DB= 4226.8393> <Mlp= 4226.8393> <PB=19614.8> 
<DWph=1> <it= 50> <et=52.50> <Mt= 0.00> <Spt= 0.04> <nCl= 30> <DB= 3747.2107> <Mlp= 4226.8393> <PB=19614.8> 
<DWph=1> <it= 60> <et=53.01> <Mt= 0.15> <Spt= 0.36> <nCl=285> <DB= 4202.9293> <Mlp= 4221.4093> <PB=19614.8> 
<DWph=1> <it= 70> <et=53.43> <Mt= 0.04> <Spt= 0.38> <nCl=109> <DB= 4210.4646> <Mlp= 4221.1313> <PB=19614.8> 
<DWph=1> <it= 71> <et=53.51> <Mt= 0.01> <Spt= 0.07> <nCl=  1> <DB= 4221.1313> <Mlp= 4221.1312> <PB=19614.8> 
<DWph=0> <it= 80> <et=54.21> <Mt= 0.13> <Spt= 0.52> <nCl=728> <DB= 4214.6340> <Mlp= 4216.2063> <PB=19614.8> 
<DWph=0> <it= 84> <et=54.47> <Mt= 0.02> <Spt= 0.24> <nCl=166> <DB= 4216.2062> <Mlp= 4216.2062> <PB=19614.8> 
ColGenEvalAlg final dual bound: 4216.21 (rounded: 4216.21)
----- Add fac. cuts : CAP(14) R1C(156), max.viol = 0.375, aver.viol = 0.217647, sep/add took 0.0364205/0.557538 sec. -----
12743 columns (7128 active), 282 dyn. constrs. (195 active), 524 art. vars. (437 active)
<DWph=2> <it= 10> <et=55.72> <Mt= 0.18> <Spt= 0.45> <nCl=171> <DB= 4234.9945> <Mlp= 4235.5427> <PB=19614.8> 
<DWph=2> <it= 12> <et=55.86> <Mt= 0.01> <Spt= 0.13> <nCl= 31> <DB= 4235.5424> <Mlp= 4235.5424> <PB=19614.8> 
<DWph=1> <it= 20> <et=56.53> <Mt= 0.25> <Spt= 0.42> <nCl=172> <DB= 4227.4932> <Mlp= 4230.8586> <PB=19614.8> 
<DWph=1> <it= 25> <et=56.89> <Mt= 0.01> <Spt= 0.33> <nCl= 44> <DB= 4230.8579> <Mlp= 4230.8579> <PB=19614.8> 
<DWph=0> <it= 30> <et=57.32> <Mt= 0.11> <Spt= 0.33> <nCl=387> <DB= 4223.3730> <Mlp= 4228.9046> <PB=19614.8> 
<DWph=0> <it= 32> <et=57.49> <Mt= 0.01> <Spt= 0.15> <nCl= 79> <DB= 4228.8889> <Mlp= 4228.8889> <PB=19614.8> 
ColGenEvalAlg final dual bound: 4228.89 (rounded: 4228.89)
----- Add fac. cuts : CAP(6) R1C(158), max.viol = 0.430303, aver.viol = 0.28624, sep/add took 0.0481742/0.502502 sec. -----
13627 columns (8012 active), 446 dyn. constrs. (207 active), 688 art. vars. (449 active)
<DWph=2> <it= 10> <et=58.72> <Mt= 0.21> <Spt= 0.45> <nCl=248> <DB= 4234.5756> <Mlp= 4234.6436> <PB=19614.8> 
<DWph=2> <it= 11> <et=58.79> <Mt= 0.01> <Spt= 0.06> <nCl= 26> <DB= 4234.6435> <Mlp= 4234.6435> <PB=19614.8> 
<DWph=1> <it= 19> <et=59.19> <Mt= 0.06> <Spt= 0.33> <nCl=161> <DB= 4233.7056> <Mlp= 4233.7056> <PB=19614.8> 
<DWph=0> <it= 20> <et=59.26> <Mt= 0.00> <Spt= 0.07> <nCl=138> <DB= 4174.2890> <Mlp= 4233.7056> <PB=19614.8> 
<DWph=0> <it= 26> <et=59.75> <Mt= 0.06> <Spt= 0.44> <nCl=428> <DB= 4233.3262> <Mlp= 4233.3262> <PB=19614.8> 
ColGenEvalAlg final dual bound: 4233.33 (rounded: 4233.33)
----- Add fac. cuts : R1C(258), max.viol = 0.482108, aver.viol = 0.351315, sep/add took 0.0977657/1.0021 sec. -----
14628 columns (9013 active), 561 dyn. constrs. (298 active), 946 art. vars. (540 active)
<DWph=2> <it=  5> <et=61.36> <Mt= 0.16> <Spt= 0.28> <nCl=124> <DB= 4237.1467> <Mlp= 4237.1467> <PB=19614.8> 
<DWph=1> <it= 10> <et=61.70> <Mt= 0.10> <Spt= 0.24> <nCl=114> <DB= 4218.7087> <Mlp= 4236.4068> <PB=19614.8> 
<DWph=1> <it= 15> <et=62.01> <Mt= 0.03> <Spt= 0.27> <nCl= 25> <DB= 4236.3570> <Mlp= 4236.3570> <PB=19614.8> 
<DWph=0> <it= 20> <et=62.60> <Mt= 0.08> <Spt= 0.52> <nCl=611> <DB= 4235.5392> <Mlp= 4235.5392> <PB=19614.8> 
ColGenEvalAlg final dual bound: 4235.54 (rounded: 4235.54)
----- Add fac. cuts : CAP(3) R1C(365), max.viol = 0.332395, aver.viol = 0.162268, sep/add took 0.501669/1.88799 sec. -----
15502 columns (9887 active), 766 dyn. constrs. (417 active), 1314 art. vars. (659 active)
<DWph=2> <it= 10> <et=65.92> <Mt= 0.44> <Spt= 0.39> <nCl=199> <DB= 4244.9058> <Mlp= 4245.7417> <PB=19614.8> 
<DWph=2> <it= 14> <et=66.18> <Mt= 0.03> <Spt= 0.21> <nCl= 43> <DB= 4129.3803> <Mlp= 4245.7120> <PB=19614.8> 
<DWph=2> <it= 14> <et=66.18> <Mt= 0.00> <Spt= 0.00> <nCl=  0> <DB= 4129.3803> <Mlp= 4245.7120> <PB=19614.8> 
<DWph=1> <it= 20> <et=66.64> <Mt= 0.15> <Spt= 0.32> <nCl=176> <DB= 4163.8865> <Mlp= 4242.7532> <PB=19614.8> 
<DWph=1> <it= 23> <et=66.86> <Mt= 0.03> <Spt= 0.18> <nCl= 41> <DB= 4242.7026> <Mlp= 4242.7026> <PB=19614.8> 
<DWph=0> <it= 30> <et=68.96> <Mt= 1.30> <Spt= 0.80> <nCl=843> <DB= 4225.4623> <Mlp= 4239.3250> <PB=19614.8> 
<DWph=0> <it= 38> <et=70.91> <Mt= 0.97> <Spt= 0.97> <nCl=755> <DB= 4239.0750> <Mlp= 4239.0750> <PB=19614.8> 
ColGenEvalAlg final dual bound: 4239.07 (rounded: 4239.07)
----- Add fac. cuts : CAP(6) R1C(415), max.viol = 0.5, aver.viol = 0.47981, sep/add took 0.3044/1.4574 sec. -----
17559 columns (8540 active), 938 dyn. constrs. (504 active), 1735 art. vars. (746 active)
<DWph=2> <it=  1> <et=73.03> <Mt= 0.20> <Spt= 0.09> <nCl= 47> <DB= 4240.2434> <Mlp= 4240.2434> <PB=19614.8> 
<DWph=1> <it=  4> <et=73.27> <Mt= 0.04> <Spt= 0.20> <nCl= 62> <DB= 4240.1781> <Mlp= 4240.1781> <PB=19614.8> 
<DWph=0> <it= 10> <et=73.94> <Mt= 0.09> <Spt= 0.57> <nCl=382> <DB= 4239.7872> <Mlp= 4240.1043> <PB=19614.8> 
<DWph=0> <it= 12> <et=74.19> <Mt= 0.02> <Spt= 0.23> <nCl=104> <DB= 4240.1043> <Mlp= 4240.1043> <PB=19614.8> 
ColGenEvalAlg final dual bound: 4240.1 (rounded: 4240.1)
----- Add fac. cuts : CAP(9) R1C(560), max.viol = 0.500624, aver.viol = 0.342146, sep/add took 1.34148/3.39882 sec. -----
18154 columns (9135 active), 1175 dyn. constrs. (635 active), 2304 art. vars. (877 active)
<DWph=2> <it=  7> <et=79.85> <Mt= 0.37> <Spt= 0.48> <nCl=138> <DB= 4242.0500> <Mlp= 4242.0500> <PB=19614.8> 
<DWph=1> <it= 10> <et=80.22> <Mt= 0.11> <Spt= 0.26> <nCl= 48> <DB= 4242.0500> <Mlp= 4242.0500> <PB=19614.8> 
<DWph=0> <it= 17> <et=83.03> <Mt= 1.50> <Spt= 1.22> <nCl=804> <DB= 4241.4845> <Mlp= 4241.4845> <PB=19614.8> 
ColGenEvalAlg final dual bound: 4241.48 (rounded: 4241.48)
----- Add fac. cuts : CAP(5) R1C(564), max.viol = 0.480583, aver.viol = 0.30754, sep/add took 1.23009/1.71921 sec. -----
17637 columns (6713 active), 1306 dyn. constrs. (644 active), 2873 art. vars. (886 active)
<DWph=2> <it=  8> <et=86.95> <Mt= 0.36> <Spt= 0.51> <nCl=163> <DB= 4246.0619> <Mlp= 4246.0619> <PB=19614.8> 
<DWph=1> <it= 10> <et=87.14> <Mt= 0.07> <Spt= 0.13> <nCl= 56> <DB= 4235.0875> <Mlp= 4246.0357> <PB=19614.8> 
<DWph=1> <it= 17> <et=87.70> <Mt= 0.22> <Spt= 0.33> <nCl= 61> <DB= 4245.7962> <Mlp= 4245.7962> <PB=19614.8> 
<DWph=0> <it= 20> <et=88.53> <Mt= 0.29> <Spt= 0.54> <nCl=433> <DB= 4211.6087> <Mlp= 4244.7369> <PB=19614.8> 
<DWph=0> <it= 25> <et=89.25> <Mt= 0.14> <Spt= 0.57> <nCl=329> <DB= 4244.3403> <Mlp= 4244.3403> <PB=19614.8> 
ColGenEvalAlg final dual bound: 4244.34 (rounded: 4244.34)
----- Add fac. cuts : CAP(6) R1C(565), max.viol = 0.373134, aver.viol = 0.167852, sep/add took 1.30146/1.83353 sec. -----
18679 columns (7755 active), 1318 dyn. constrs. (647 active), 3444 art. vars. (889 active)
<DWph=2> <it=  5> <et=93.18> <Mt= 0.24> <Spt= 0.36> <nCl= 75> <DB= 4247.0702> <Mlp= 4247.0702> <PB=19614.8> 
<DWph=1> <it= 10> <et=93.59> <Mt= 0.11> <Spt= 0.30> <nCl= 92> <DB= 4244.0784> <Mlp= 4246.6489> <PB=19614.8> 
<DWph=1> <it= 13> <et=93.83> <Mt= 0.03> <Spt= 0.21> <nCl= 47> <DB= 4246.6430> <Mlp= 4246.6430> <PB=19614.8> 
<DWph=0> <it= 20> <et=95.15> <Mt= 0.16> <Spt= 1.15> <nCl=785> <DB= 4246.0932> <Mlp= 4246.0932> <PB=19614.8> 
ColGenEvalAlg final dual bound: 4246.09 (rounded: 4246.09)
----- Cut generation is stopped due to tailing off -----
SB exact phase 3 branch on colGenSp (8.97058) : [4174.1276, 4246.0932], tree depth = 1e+12, tree size = 1e+12, score = -0.06937
************************************************************************************************
**** BaB tree node (N° 2, parent N° 1, depth 1)
**** Local DB = 4174.13, branch: [ colGenSp ] >= 9 , global bounds : [ 4174.13 , 19614.8 ], TIME = 0h1m35s40t = 9540
**** 2 open nodes, 18046 columns (8754 active), 186 dyn. constrs. (82 active), 428 art. vars. (324 active)
************************************************************************************************
**** Strong branching phase 1 is started *****
SB phase 1 cand.  1 branch on var x[(82, 75)]_0_9877_0_OspV (lhs=0.4983)   : [ 4174.1692,  4174.2424], score = 0.00      <et=95.95>
SB phase 1 cand.  2 branch on var x[(96, 22)]_0_11518_0_OspV (lhs=0.5158)  : [ 4174.2465,  4174.7750], score = 0.08      <et=96.32>
SB phase 1 cand.  3 branch on var x[(96, 81)]_0_11577_0_OspV (lhs=0.4842)  : [ 4174.2160,  4175.2727], score = 0.10      <et=96.64>
SB phase 1 cand.  4 branch on var x[(106, 30)]_0_12736_0_OspV (lhs=0.4322) : [ 4174.1753,  4175.5214], score = 0.07      <et=96.89>
SB phase 1 cand.  7 branch on var x[(116, 76)]_0_13992_0_OspV (lhs=0.5711) : [ 4174.5774,  4175.1049], score = 0.44      <et=97.99>
SB phase 1 cand.  9 branch on var x[(1, 18)]_0_18_0_OspV (lhs=0.3974)      : [ 4174.3976,  4174.7670], score = 0.17      <et=98.61>
SB phase 1 cand. 10 branch on var x[(1, 7)]_0_7_0_OspV (lhs=0.6026)        : [ 4174.4134,  4174.7670], score = 0.18      <et=98.92>
SB phase 1 cand. 16 branch on var x[(116, 46)]_0_13962_0_OspV (lhs=0.3393) : [ 4174.6380,  4177.1000], score = 1.52      <et=100.78>
SB phase 1 cand. 17 branch on var x[(119, 36)]_0_14315_0_OspV (lhs=0.3393) : [ 4175.2778,  4178.2434], score = 4.73      <et=101.15>
SB phase 1 cand. 18 branch on var x[(119, 80)]_0_14359_0_OspV (lhs=0.6607) : [ 4175.2778,  4178.2434], score = 4.73      <et=101.49>
SB phase 1 cand. 19 branch on var x[(34, 36)]_0_4029_0_OspV (lhs=0.6607)   : [ 4175.2778,  4178.2434], score = 4.73      <et=101.89>
SB phase 1 cand. 20 branch on var x[(93, 60)]_0_11193_0_OspV (lhs=0.6607)  : [ 4175.2778,  4178.2434], score = 4.73      <et=102.25>
**** Strong branching phase 2 is started *****
<DWph=1> <it= 19> <et=112.29> <Mt= 0.10> <Spt= 0.73> <nCl=218> <DB= 4178.1336> <Mlp= 4178.1336> <PB=19614.8> 
<DWph=1> <it= 11> <et=113.07> <Mt= 0.06> <Spt= 0.51> <nCl= 71> <DB= 4175.2500> <Mlp= 4175.2500> <PB=19614.8> 
SB phase 2 cand.  1 branch on var x[(119, 80)]_0_14359_0_OspV (lhs=0.6607): [ 4175.2500,  4178.1336], score = 4.50      <et=113.09>
<DWph=1> <it= 38> <et=115.34> <Mt= 0.44> <Spt= 1.70> <nCl=805> <DB= 4178.1335> <Mlp= 4178.1335> <PB=19614.8> 
<DWph=1> <it= 16> <et=116.47> <Mt= 0.27> <Spt= 0.75> <nCl=136> <DB= 4175.0940> <Mlp= 4175.0940> <PB=19614.8> 
SB phase 2 cand.  2 branch on var x[(119, 36)]_0_14315_0_OspV (lhs=0.3393): [ 4175.0940,  4178.1335], score = 3.87      <et=116.49>
<DWph=1> <it= 17> <et=117.51> <Mt= 0.08> <Spt= 0.84> <nCl=228> <DB= 4178.1402> <Mlp= 4178.1402> <PB=19614.8> 
<DWph=1> <it= 13> <et=118.35> <Mt= 0.09> <Spt= 0.63> <nCl=103> <DB= 4175.0441> <Mlp= 4175.0441> <PB=19614.8> 
SB phase 2 cand.  3 branch on var x[(80, 102)]_0_9661_0_OspV (lhs=0.6658) : [ 4175.0441,  4178.1402], score = 3.68      <et=118.37>
**** Strong branching phase 3 is started *****
**** SB phase 3 evaluation of candidate 1, branch 1 ( x[(119, 80)]_0_14359_0_OspV <= 0 ), value = 4178.13
<DWph=2> <it=  1> <et=118.54> <Mt= 0.00> <Spt= 0.06> <nCl= 16> <DB= 4178.1336> <Mlp= 4178.1336> <PB=19614.8> 
<DWph=1> <it=  2> <et=118.61> <Mt= 0.00> <Spt= 0.07> <nCl=  0> <DB= 4178.1336> <Mlp= 4178.1336> <PB=19614.8> 
<DWph=0> <it=  8> <et=118.98> <Mt= 0.04> <Spt= 0.34> <nCl=415> <DB= 4178.0568> <Mlp= 4178.0568> <PB=19614.8> 
ColGenEvalAlg final dual bound: 4178.06 (rounded: 4178.06)
----- Add fac. cuts : CAP(62) R1C(153), max.viol = 0.96817, aver.viol = 0.140682, sep/add took 0.0639897/1.13483 sec. -----
17208 columns (8314 active), 382 dyn. constrs. (265 active), 628 art. vars. (507 active)
<DWph=2> <it=  5> <et=120.63> <Mt= 0.16> <Spt= 0.25> <nCl= 35> <DB= 4178.7935> <Mlp= 4178.7935> <PB=19614.8> 
<DWph=1> <it=  8> <et=120.82> <Mt= 0.01> <Spt= 0.17> <nCl= 22> <DB= 4178.7935> <Mlp= 4178.7935> <PB=19614.8> 
<DWph=0> <it= 10> <et=120.99> <Mt= 0.02> <Spt= 0.16> <nCl=194> <DB= 4172.2452> <Mlp= 4178.7681> <PB=19614.8> 
<DWph=0> <it= 12> <et=121.21> <Mt= 0.01> <Spt= 0.20> <nCl= 49> <DB= 4178.7681> <Mlp= 4178.7681> <PB=19614.8> 
ColGenEvalAlg final dual bound: 4178.77 (rounded: 4178.77)
----- Add fac. cuts : CAP(10) R1C(250), max.viol = 0.26087, aver.viol = 0.148774, sep/add took 0.0580431/1.60502 sec. -----
17508 columns (8614 active), 642 dyn. constrs. (313 active), 888 art. vars. (555 active)
<DWph=2> <it=  3> <et=123.31> <Mt= 0.20> <Spt= 0.22> <nCl= 33> <DB= 4179.6991> <Mlp= 4179.6991> <PB=19614.8> 
<DWph=1> <it=  5> <et=123.46> <Mt= 0.01> <Spt= 0.13> <nCl= 18> <DB= 4179.6991> <Mlp= 4179.6991> <PB=19614.8> 
<DWph=0> <it= 10> <et=123.89> <Mt= 0.06> <Spt= 0.37> <nCl=429> <DB= 4177.4782> <Mlp= 4179.5750> <PB=19614.8> 
<DWph=0> <it= 13> <et=124.46> <Mt= 0.22> <Spt= 0.34> <nCl=242> <DB= 4179.5467> <Mlp= 4179.5467> <PB=19614.8> 
ColGenEvalAlg final dual bound: 4179.55 (rounded: 4179.55)
----- Add fac. cuts : CAP(8) R1C(289), max.viol = 0.3, aver.viol = 0.124916, sep/add took 0.248799/1.79701 sec. -----
18230 columns (9336 active), 732 dyn. constrs. (375 active), 1185 art. vars. (617 active)
<DWph=2> <it=  2> <et=126.96> <Mt= 0.16> <Spt= 0.15> <nCl= 42> <DB= 4179.7075> <Mlp= 4179.7075> <PB=19614.8> 
<DWph=1> <it=  4> <et=127.10> <Mt= 0.01> <Spt= 0.13> <nCl= 17> <DB= 4179.7044> <Mlp= 4179.7044> <PB=19614.8> 
<DWph=0> <it=  5> <et=127.23> <Mt= 0.01> <Spt= 0.12> <nCl= 49> <DB= 4179.7044> <Mlp= 4179.7044> <PB=19614.8> 
ColGenEvalAlg final dual bound: 4179.7 (rounded: 4179.7)
----- Add fac. cuts : CAP(10) R1C(455), max.viol = 0.183252, aver.viol = 0.0784918, sep/add took 0.7652/3.36928 sec. -----
18338 columns (9444 active), 962 dyn. constrs. (534 active), 1650 art. vars. (776 active)
<DWph=2> <it=  3> <et=131.91> <Mt= 0.29> <Spt= 0.17> <nCl= 33> <DB= 4179.9432> <Mlp= 4179.9432> <PB=19614.8> 
<DWph=1> <it=  6> <et=132.14> <Mt= 0.04> <Spt= 0.19> <nCl= 21> <DB= 4179.9414> <Mlp= 4179.9414> <PB=19614.8> 
<DWph=0> <it= 10> <et=133.72> <Mt= 1.04> <Spt= 0.53> <nCl=449> <DB= 4178.7842> <Mlp= 4179.8511> <PB=19614.8> 
<DWph=0> <it= 12> <et=133.98> <Mt= 0.03> <Spt= 0.23> <nCl=109> <DB= 4179.8511> <Mlp= 4179.8511> <PB=19614.8> 
ColGenEvalAlg final dual bound: 4179.85 (rounded: 4179.85)
----- Add fac. cuts : CAP(18) R1C(530), max.viol = 0.212281, aver.viol = 0.121124, sep/add took 0.771411/4.1387 sec. -----
18950 columns (10056 active), 1208 dyn. constrs. (668 active), 2198 art. vars. (910 active)
<DWph=2> <it=  1> <et=139.97> <Mt= 0.80> <Spt= 0.10> <nCl= 16> <DB= 4180.3309> <Mlp= 4180.3309> <PB=19614.8> 
<DWph=1> <it=  3> <et=140.15> <Mt= 0.03> <Spt= 0.15> <nCl= 22> <DB= 4180.3309> <Mlp= 4180.3309> <PB=19614.8> 
<DWph=0> <it=  8> <et=140.86> <Mt= 0.08> <Spt= 0.62> <nCl=347> <DB= 4180.3309> <Mlp= 4180.3309> <PB=19614.8> 
ColGenEvalAlg final dual bound: 4180.33 (rounded: 4180.33)
----- Add fac. cuts : CAP(4) R1C(555), max.viol = 0.230769, aver.viol = 0.0937686, sep/add took 0.874375/2.36944 sec. -----
18063 columns (7021 active), 1353 dyn. constrs. (654 active), 2757 art. vars. (896 active)
<DWph=2> <it=  8> <et=145.49> <Mt= 0.70> <Spt= 0.51> <nCl= 80> <DB= 4180.5496> <Mlp= 4180.5496> <PB=19614.8> 
<DWph=1> <it= 10> <et=145.64> <Mt= 0.02> <Spt= 0.13> <nCl= 28> <DB= 4171.9594> <Mlp= 4180.5496> <PB=19614.8> 
<DWph=1> <it= 12> <et=145.82> <Mt= 0.03> <Spt= 0.14> <nCl= 15> <DB= 4180.5481> <Mlp= 4180.5481> <PB=19614.8> 
<DWph=0> <it= 20> <et=147.26> <Mt= 0.28> <Spt= 1.15> <nCl=794> <DB= 4180.4810> <Mlp= 4180.4810> <PB=19614.8> 
ColGenEvalAlg final dual bound: 4180.48 (rounded: 4180.48)
----- Add fac. cuts : CAP(12) R1C(517), max.viol = 0.122762, aver.viol = 0.066506, sep/add took 1.38105/2.58999 sec. -----
18980 columns (7938 active), 1310 dyn. constrs. (614 active), 3286 art. vars. (856 active)
<DWph=2> <it=  3> <et=152.02> <Mt= 0.27> <Spt= 0.23> <nCl= 58> <DB= 4180.6015> <Mlp= 4180.6015> <PB=19614.8> 
<DWph=1> <it=  4> <et=152.11> <Mt= 0.00> <Spt= 0.09> <nCl=  8> <DB= 4180.6015> <Mlp= 4180.6015> <PB=19614.8> 
<DWph=0> <it=  9> <et=152.94> <Mt= 0.11> <Spt= 0.72> <nCl=442> <DB= 4180.5896> <Mlp= 4180.5896> <PB=19614.8> 
ColGenEvalAlg final dual bound: 4180.59 (rounded: 4180.59)
----- Cut generation is stopped due to tailing off -----
**** SB phase 3 evaluation of candidate 1, branch 2 ( x[(119, 80)]_0_14359_0_OspV >= 1 ), value = 4175.25
<DWph=2> <it=  6> <et=154.22> <Mt= 0.44> <Spt= 0.27> <nCl=138> <DB=  782.5219> <Mlp= 4175.2500> <PB=19614.8> 
<DWph=1> <it= 10> <et=154.62> <Mt= 0.18> <Spt= 0.21> <nCl= 47> <DB= 4165.7396> <Mlp= 4175.2500> <PB=19614.8> 
<DWph=1> <it= 14> <et=154.88> <Mt= 0.02> <Spt= 0.24> <nCl= 20> <DB= 4175.2500> <Mlp= 4175.2500> <PB=19614.8> 
<DWph=0> <it= 20> <et=155.47> <Mt= 0.22> <Spt= 0.38> <nCl=643> <DB= 4133.3845> <Mlp= 4174.7929> <PB=19614.8> 
<DWph=0> <it= 21> <et=155.64> <Mt= 0.06> <Spt= 0.10> <nCl=101> <DB= 4174.6833> <Mlp= 4174.6833> <PB=19614.8> 
ColGenEvalAlg final dual bound: 4174.68 (rounded: 4174.68)
----- Add fac. cuts : CAP(25) R1C(69), max.viol = 0.666667, aver.viol = 0.457447, sep/add took 0.474078/0.640843 sec. -----
19749 columns (8685 active), 329 dyn. constrs. (172 active), 571 art. vars. (414 active)
<DWph=2> <it=  4> <et=157.32> <Mt= 0.24> <Spt= 0.30> <nCl= 48> <DB= 4174.9402> <Mlp= 4174.9402> <PB=19614.8> 
<DWph=1> <it=  5> <et=157.41> <Mt= 0.00> <Spt= 0.08> <nCl=  9> <DB= 4174.9402> <Mlp= 4174.9402> <PB=19614.8> 
RCSP solver WARNING : the best solution could not be retrieved
<DWph=0> <it= 10> <et=157.85> <Mt= 0.12> <Spt= 0.33> <nCl=377> <DB= 4164.5318> <Mlp= 4174.9247> <PB=19614.8> 
<DWph=0> <it= 13> <et=158.26> <Mt= 0.15> <Spt= 0.25> <nCl=136> <DB= 4174.9083> <Mlp= 4174.9083> <PB=19614.8> 
ColGenEvalAlg final dual bound: 4174.91 (rounded: 4174.91)
----- Add fac. cuts : CAP(46) R1C(521), max.viol = 0.333333, aver.viol = 0.143445, sep/add took 0.566736/2.87132 sec. -----
20319 columns (9255 active), 896 dyn. constrs. (646 active), 1138 art. vars. (888 active)
<DWph=2> <it=  6> <et=162.94> <Mt= 0.75> <Spt= 0.46> <nCl= 57> <DB= 4175.0728> <Mlp= 4175.0728> <PB=19614.8> 
<DWph=1> <it= 10> <et=163.20> <Mt= 0.04> <Spt= 0.20> <nCl= 16> <DB= 4169.0020> <Mlp= 4175.0728> <PB=19614.8> 
<DWph=1> <it= 11> <et=163.30> <Mt= 0.01> <Spt= 0.10> <nCl=  1> <DB= 4175.0728> <Mlp= 4175.0728> <PB=19614.8> 
<DWph=0> <it= 14> <et=163.76> <Mt= 0.04> <Spt= 0.43> <nCl=251> <DB= 4175.0653> <Mlp= 4175.0653> <PB=19614.8> 
ColGenEvalAlg final dual bound: 4175.07 (rounded: 4175.07)
----- Add fac. cuts : CAP(9) R1C(420), max.viol = 0.264706, aver.viol = 0.068984, sep/add took 0.702267/2.52784 sec. -----
20644 columns (9580 active), 1243 dyn. constrs. (498 active), 1567 art. vars. (740 active)
<DWph=2> <it=  1> <et=167.45> <Mt= 0.26> <Spt= 0.09> <nCl= 12> <DB= 4175.1500> <Mlp= 4175.1500> <PB=19614.8> 
<DWph=1> <it=  5> <et=167.75> <Mt= 0.06> <Spt= 0.24> <nCl=  8> <DB= 4175.1500> <Mlp= 4175.1500> <PB=19614.8> 
<DWph=0> <it= 10> <et=168.39> <Mt= 0.08> <Spt= 0.56> <nCl=346> <DB= 4170.5635> <Mlp= 4175.1250> <PB=19614.8> 
<DWph=0> <it= 11> <et=168.56> <Mt= 0.01> <Spt= 0.16> <nCl= 78> <DB= 4175.1250> <Mlp= 4175.1250> <PB=19614.8> 
ColGenEvalAlg final dual bound: 4175.12 (rounded: 4175.12)
----- Cut generation is stopped due to tailing off -----
SB exact phase 3 branch on var x[(119, 80)]_0_14359_0_OspV (lhs=0.660665) : [4180.5896, 4175.125], tree depth = 1e+12, tree size = 1e+12, score = -0.3457
************************************************************************************************
**** BaB tree node (N° 5, parent N° 2, depth 2)
**** Local DB = 4175.12, global bounds : [ 4175.12 , 19614.8 ], TIME = 0h2m48s87t = 16887
**** 3 open nodes, 21088 columns (10024 active), 258 dyn. constrs. (70 active), 500 art. vars. (312 active)
************************************************************************************************
**** Strong branching phase 1 is started *****
SB phase 1 cand.  1 branch on var x[(94, 46)]_0_11300_0_OspV (lhs=0.5000)  : [ 4175.2786,  4175.5250], score = 0.06 (h)  <et=169.06>
SB phase 1 cand.  2 branch on var x[(0, 106)]_0_12705_0_OspV (lhs=0.5000)  : [ 4175.2786,  4175.5250], score = 0.06      <et=169.22>
SB phase 1 cand.  3 branch on var x[(94, 27)]_0_11281_0_OspV (lhs=0.5000)  : [ 4175.2786,  4175.5250], score = 0.06 (h)  <et=169.41>
SB phase 1 cand.  5 branch on var x[(79, 94)]_0_9532_0_OspV (lhs=0.5000)   : [ 4175.4333,  4175.5250], score = 0.12 (h)  <et=169.67>
SB phase 1 cand.  7 branch on var x[(112, 99)]_0_13531_0_OspV (lhs=0.5000) : [ 4175.4333,  4175.5250], score = 0.12 (h)  <et=169.97>
SB phase 1 cand.  9 branch on var x[(49, 112)]_0_5920_0_OspV (lhs=0.5000)  : [ 4175.4333,  4175.5250], score = 0.12 (h)  <et=170.33>
SB phase 1 cand. 11 branch on var x[(49, 79)]_0_5887_0_OspV (lhs=0.5000)   : [ 4175.4333,  4175.5250], score = 0.12 (h)  <et=170.58>
SB phase 1 cand. 12 branch on var x[(1, 105)]_0_105_0_OspV (lhs=0.5000)    : [ 4175.3500,  4184.3250], score = 2.07      <et=170.73>
SB phase 1 cand. 15 branch on var x[(112, 120)]_0_13551_0_OspV (lhs=0.5000): [ 4175.4333,  4175.5250], score = 0.12 (h)  <et=171.23>
SB phase 1 cand. 17 branch on var x[(31, 112)]_0_3742_0_OspV (lhs=0.5000)  : [ 4175.4333,  4175.5250], score = 0.12 (h)  <et=171.58>
SB phase 1 cand. 18 branch on var x[(12, 7)]_0_1339_0_OspV (lhs=0.5000)    : [ 4175.3500,  4184.3250], score = 2.07      <et=171.68>
SB phase 1 cand. 27 branch on var x[(0, 82)]_0_9801_0_OspV (lhs=0.7500)    : [ 4175.4667,  4177.5364], score = 0.82 (h)  <et=173.26>
SB phase 1 cand. 36 branch on var x[(7, 33)]_0_759_0_OspV (lhs=0.5000)     : [ 4175.3500,  4180.5833], score = 1.23      <et=175>
**** Strong branching phase 2 is started *****
<DWph=1> <it=  3> <et=177.50> <Mt= 0.04> <Spt= 0.24> <nCl= 28> <DB= 4184.3250> <Mlp= 4184.3250> <PB=19614.8> 
<DWph=1> <it=  4> <et=178.06> <Mt= 0.02> <Spt= 0.23> <nCl= 15> <DB= 4175.3500> <Mlp= 4175.3500> <PB=19614.8> 
SB phase 2 cand.  1 branch on var x[(12, 7)]_0_1339_0_OspV (lhs=0.5000): [ 4175.3500,  4184.3250], score = 2.07      <et=178.08>
<DWph=1> <it= 20> <et=179.97> <Mt= 0.60> <Spt= 1.05> <nCl=256> <DB= 4179.8750> <Mlp= 4179.8750> <PB=19614.8> 
<DWph=1> <it=  5> <et=180.57> <Mt= 0.02> <Spt= 0.36> <nCl= 25> <DB= 4175.3500> <Mlp= 4175.3500> <PB=19614.8> 
SB phase 2 cand.  2 branch on var x[(7, 33)]_0_759_0_OspV (lhs=0.5000) : [ 4175.3500,  4179.8750], score = 1.07      <et=180.6>
<DWph=2> <it= 24> <et=182.34> <Mt= 0.61> <Spt= 0.91> <nCl=217> <DB= 4172.1551> <Mlp= 4175.8667> <PB=19614.8> 
<DWph=1> <it= 30> <et=182.76> <Mt= 0.08> <Spt= 0.34> <nCl= 79> <DB= 4175.8667> <Mlp= 4175.8667> <PB=19614.8> 
<DWph=1> <it=  3> <et=183.18> <Mt= 0.01> <Spt= 0.19> <nCl= 40> <DB= 4175.4667> <Mlp= 4175.4667> <PB=19614.8> 
SB phase 2 cand.  3 branch on var x[(0, 82)]_0_9801_0_OspV (lhs=0.7500): [ 4175.4667,  4175.8667], score = 0.25 (h)  <et=183.2>
**** Strong branching phase 3 is started *****
**** SB phase 3 evaluation of candidate 1, branch 1 ( x[(12, 7)]_0_1339_0_OspV >= 1 ), value = 4184.33
<DWph=2> <it=  1> <et=183.42> <Mt= 0.00> <Spt= 0.07> <nCl=  0> <DB= 4184.3250> <Mlp= 4184.3250> <PB=19614.8> 
<DWph=1> <it=  2> <et=183.52> <Mt= 0.00> <Spt= 0.10> <nCl=  0> <DB= 4184.3250> <Mlp= 4184.3250> <PB=19614.8> 
<DWph=0> <it= 10> <et=184.23> <Mt= 0.22> <Spt= 0.49> <nCl=802> <DB= 4181.9943> <Mlp= 4183.4833> <PB=19614.8> 
<DWph=0> <it= 11> <et=184.34> <Mt= 0.01> <Spt= 0.11> <nCl= 82> <DB= 4183.4667> <Mlp= 4183.4667> <PB=19614.8> 
ColGenEvalAlg final dual bound: 4183.47 (rounded: 4183.47)
----- Add fac. cuts : CAP(4) R1C(158), max.viol = 0.5, aver.viol = 0.212963, sep/add took 0.193333/0.566429 sec. -----
22632 columns (7527 active), 383 dyn. constrs. (212 active), 629 art. vars. (454 active)
<DWph=2> <it= 10> <et=185.82> <Mt= 0.20> <Spt= 0.48> <nCl=126> <DB= 3298.4500> <Mlp= 4187.5295> <PB=19614.8> 
<DWph=2> <it= 13> <et=185.91> <Mt= 0.01> <Spt= 0.07> <nCl= 28> <DB= 4084.4480> <Mlp= 4187.3932> <PB=19614.8> 
<DWph=2> <it= 13> <et=185.91> <Mt= 0.00> <Spt= 0.00> <nCl=  0> <DB= 4084.4480> <Mlp= 4187.3932> <PB=19614.8> 
<DWph=1> <it= 20> <et=186.34> <Mt= 0.06> <Spt= 0.38> <nCl=156> <DB= 4174.3357> <Mlp= 4186.3357> <PB=19614.8> 
<DWph=1> <it= 22> <et=186.48> <Mt= 0.00> <Spt= 0.14> <nCl= 30> <DB= 4186.3357> <Mlp= 4186.3357> <PB=19614.8> 
<DWph=0> <it= 26> <et=186.91> <Mt= 0.07> <Spt= 0.35> <nCl=346> <DB= 4186.0491> <Mlp= 4186.0491> <PB=19614.8> 
ColGenEvalAlg final dual bound: 4186.05 (rounded: 4186.05)
----- Add fac. cuts : CAP(17) R1C(450), max.viol = 0.294643, aver.viol = 0.124465, sep/add took 0.401375/3.0037 sec. -----
23318 columns (8213 active), 850 dyn. constrs. (518 active), 1096 art. vars. (760 active)
<DWph=2> <it= 10> <et=193.27> <Mt= 2.16> <Spt= 0.75> <nCl= 86> <DB= 4187.7750> <Mlp= 4187.7750> <PB=19614.8> 
<DWph=1> <it= 20> <et=194.92> <Mt= 1.05> <Spt= 0.60> <nCl=269> <DB= 3651.9179> <Mlp= 4187.7488> <PB=19614.8> 
<DWph=1> <it= 24> <et=195.29> <Mt= 0.03> <Spt= 0.33> <nCl= 66> <DB= 4187.7488> <Mlp= 4187.7488> <PB=19614.8> 
<DWph=0> <it= 30> <et=196.91> <Mt= 0.89> <Spt= 0.73> <nCl=775> <DB= 4096.2038> <Mlp= 4187.2750> <PB=19614.8> 
<DWph=0> <it= 32> <et=197.84> <Mt= 0.65> <Spt= 0.28> <nCl=213> <DB= 4187.2750> <Mlp= 4187.2750> <PB=19614.8> 
ColGenEvalAlg final dual bound: 4187.27 (rounded: 4187.27)
----- Add fac. cuts : R1C(421), max.viol = 0.5, aver.viol = 0.252375, sep/add took 0.495346/2.65544 sec. -----
24727 columns (9622 active), 1115 dyn. constrs. (516 active), 1517 art. vars. (758 active)
<DWph=2> <it=  5> <et=201.75> <Mt= 0.38> <Spt= 0.30> <nCl= 36> <DB= 4187.5289> <Mlp= 4187.5289> <PB=19614.8> 
<DWph=1> <it=  7> <et=201.91> <Mt= 0.02> <Spt= 0.15> <nCl= 22> <DB= 4187.5289> <Mlp= 4187.5289> <PB=19614.8> 
<DWph=0> <it= 10> <et=202.46> <Mt= 0.20> <Spt= 0.34> <nCl=240> <DB= 4178.0732> <Mlp= 4187.5187> <PB=19614.8> 
<DWph=0> <it= 12> <et=202.80> <Mt= 0.03> <Spt= 0.26> <nCl=197> <DB= 4187.5187> <Mlp= 4187.5187> <PB=19614.8> 
ColGenEvalAlg final dual bound: 4187.52 (rounded: 4187.52)
----- Add fac. cuts : CAP(1) R1C(517), max.viol = 0.16, aver.viol = 0.0907529, sep/add took 0.813323/1.82116 sec. -----
24603 columns (6706 active), 1211 dyn. constrs. (599 active), 2035 art. vars. (841 active)
<DWph=2> <it=  2> <et=206.12> <Mt= 0.35> <Spt= 0.18> <nCl= 32> <DB= 4188.0094> <Mlp= 4188.0094> <PB=19614.8> 
<DWph=1> <it=  7> <et=206.53> <Mt= 0.10> <Spt= 0.31> <nCl= 57> <DB= 4187.9750> <Mlp= 4187.9750> <PB=19614.8> 
<DWph=0> <it= 10> <et=207.11> <Mt= 0.22> <Spt= 0.36> <nCl=212> <DB= 4166.3244> <Mlp= 4187.9700> <PB=19614.8> 
<DWph=0> <it= 17> <et=207.98> <Mt= 0.07> <Spt= 0.78> <nCl=423> <DB= 4187.9700> <Mlp= 4187.9700> <PB=19614.8> 
ColGenEvalAlg final dual bound: 4187.97 (rounded: 4187.97)
----- Add fac. cuts : R1C(490), max.viol = 0.2, aver.viol = 0.101122, sep/add took 0.665614/1.83174 sec. -----
25327 columns (7430 active), 1267 dyn. constrs. (573 active), 2525 art. vars. (815 active)
<DWph=2> <it=  1> <et=211.07> <Mt= 0.33> <Spt= 0.09> <nCl= 18> <DB= 4188.0713> <Mlp= 4188.0713> <PB=19614.8> 
<DWph=1> <it=  2> <et=211.16> <Mt= 0.01> <Spt= 0.09> <nCl=  2> <DB= 4188.0713> <Mlp= 4188.0713> <PB=19614.8> 
<DWph=0> <it=  6> <et=211.75> <Mt= 0.08> <Spt= 0.49> <nCl=293> <DB= 4188.0500> <Mlp= 4188.0500> <PB=19614.8> 
ColGenEvalAlg final dual bound: 4188.05 (rounded: 4188.05)
----- Cut generation is stopped due to tailing off -----
**** SB phase 3 evaluation of candidate 1, branch 2 ( x[(12, 7)]_0_1339_0_OspV <= 0 ), value = 4175.35
<DWph=2> <it=  1> <et=212.37> <Mt= 0.03> <Spt= 0.08> <nCl=  6> <DB= 4175.3500> <Mlp= 4175.3500> <PB=19614.8> 
<DWph=1> <it=  2> <et=212.46> <Mt= 0.00> <Spt= 0.09> <nCl=  4> <DB= 4175.3500> <Mlp= 4175.3500> <PB=19614.8> 
<DWph=0> <it=  4> <et=212.66> <Mt= 0.02> <Spt= 0.17> <nCl=115> <DB= 4175.3500> <Mlp= 4175.3500> <PB=19614.8> 
ColGenEvalAlg final dual bound: 4175.35 (rounded: 4175.35)
----- Add fac. cuts : CAP(16) R1C(124), max.viol = 0.5, aver.viol = 0.249107, sep/add took 0.576287/0.634561 sec. -----
24639 columns (6755 active), 395 dyn. constrs. (206 active), 637 art. vars. (448 active)
<DWph=2> <it=  4> <et=214.29> <Mt= 0.10> <Spt= 0.29> <nCl= 37> <DB= 4175.4250> <Mlp= 4175.4250> <PB=19614.8> 
<DWph=1> <it=  8> <et=214.63> <Mt= 0.10> <Spt= 0.24> <nCl= 24> <DB= 4175.4250> <Mlp= 4175.4250> <PB=19614.8> 
<DWph=0> <it= 10> <et=214.90> <Mt= 0.14> <Spt= 0.13> <nCl= 74> <DB= 4174.5250> <Mlp= 4175.4250> <PB=19614.8> 
<DWph=0> <it= 11> <et=215.15> <Mt= 0.13> <Spt= 0.13> <nCl= 56> <DB= 4175.3750> <Mlp= 4175.3750> <PB=19614.8> 
ColGenEvalAlg final dual bound: 4175.37 (rounded: 4175.37)
----- Add fac. cuts : CAP(1) R1C(8), max.viol = 0.5, aver.viol = 0.277778, sep/add took 0.435595/0.0472296 sec. -----
24830 columns (6946 active), 404 dyn. constrs. (88 active), 646 art. vars. (330 active)
<DWph=2> <it=  1> <et=215.78> <Mt= 0.03> <Spt= 0.07> <nCl=  5> <DB= 4175.3750> <Mlp= 4175.3750> <PB=19614.8> 
<DWph=1> <it=  2> <et=215.86> <Mt= 0.00> <Spt= 0.09> <nCl=  1> <DB= 4175.3750> <Mlp= 4175.3750> <PB=19614.8> 
<DWph=0> <it=  3> <et=215.87> <Mt= 0.00> <Spt= 0.00> <nCl=  0> <DB= 4175.3750> <Mlp= 4175.3750> <PB=19614.8> 
<DWph=0> <it=  3> <et=215.87> <Mt= 0.00> <Spt= 0.00> <nCl=  0> <DB= 4175.3750> <Mlp= 4175.3750> <PB=19614.8> 
ColGenEvalAlg final dual bound: 4175.37 (rounded: 4175.37)
----- Add fac. cuts : R1C(23), max.viol = 0.125, aver.viol = 0.125, sep/add took 0.484378/0.0767346 sec. -----
24836 columns (6952 active), 427 dyn. constrs. (111 active), 669 art. vars. (353 active)
<DWph=2> <it=  1> <et=216.55> <Mt= 0.01> <Spt= 0.08> <nCl=  0> <DB= 4175.3750> <Mlp= 4175.3750> <PB=19614.8> 
<DWph=1> <it=  2> <et=216.63> <Mt= 0.00> <Spt= 0.08> <nCl=  0> <DB= 4175.3750> <Mlp= 4175.3750> <PB=19614.8> 
<DWph=0> <it=  3> <et=216.63> <Mt= 0.00> <Spt= 0.00> <nCl=  0> <DB= 4175.3750> <Mlp= 4175.3750> <PB=19614.8> 
<DWph=0> <it=  3> <et=216.63> <Mt= 0.00> <Spt= 0.00> <nCl=  0> <DB= 4175.3750> <Mlp= 4175.3750> <PB=19614.8> 
ColGenEvalAlg final dual bound: 4175.37 (rounded: 4175.37)
----- Cut generation is stopped due to tailing off -----
SB exact phase 3 branch on var x[(12, 7)]_0_1339_0_OspV (lhs=0.5) : [4188.05, 4175.375], tree depth = 1e+12, tree size = 1e+12, score = -0.3244
************************************************************************************************
**** BaB tree node (N° 7, parent N° 5, depth 3)
**** Local DB = 4175.37, global bounds : [ 4175.37 , 19614.8 ], TIME = 0h3m36s71t = 21671
**** 4 open nodes, 24836 columns (6952 active), 303 dyn. constrs. (111 active), 545 art. vars. (353 active)
************************************************************************************************
**** Strong branching phase 1 is started *****
SB phase 1 cand.  1 branch on var x[(0, 82)]_0_9801_0_OspV (lhs=0.7500)    : [ 4175.7167,  4178.7500], score = 1.15 (h)  <et=217.03>
SB phase 1 cand.  2 branch on var x[(0, 19)]_0_2178_0_OspV (lhs=0.5000)    : [ 4175.5578,  4175.5750], score = 0.04      <et=217.33>
SB phase 1 cand.  3 branch on var x[(94, 46)]_0_11300_0_OspV (lhs=0.5000)  : [ 4175.7250,  4175.7767], score = 0.14 (h)  <et=217.62>
SB phase 1 cand.  5 branch on var x[(94, 27)]_0_11281_0_OspV (lhs=0.5000)  : [ 4175.7250,  4175.7767], score = 0.14 (h)  <et=218.01>
SB phase 1 cand.  7 branch on var x[(79, 94)]_0_9532_0_OspV (lhs=0.5000)   : [ 4175.7250,  4175.9167], score = 0.19 (h)  <et=218.55>
SB phase 1 cand.  9 branch on var x[(49, 79)]_0_5887_0_OspV (lhs=0.5000)   : [ 4175.7250,  4175.9167], score = 0.19 (h)  <et=219>
SB phase 1 cand. 11 branch on var x[(112, 120)]_0_13551_0_OspV (lhs=0.5000): [ 4175.7250,  4175.9167], score = 0.19 (h)  <et=219.56>
SB phase 1 cand. 13 branch on var x[(31, 112)]_0_3742_0_OspV (lhs=0.5000)  : [ 4175.7250,  4175.9167], score = 0.19 (h)  <et=220.09>
SB phase 1 cand. 31 branch on var x[(72, 22)]_0_8614_0_OspV (lhs=0.2500)   : [ 4175.5833,  4177.1750], score = 0.38 (h)  <et=224.14>
SB phase 1 cand. 33 branch on var x[(28, 10)]_0_3278_0_OspV (lhs=0.7500)   : [ 4175.5220,  4176.7667], score = 0.20 (h)  <et=224.55>
**** Strong branching phase 2 is started *****
<DWph=1> <it= 17> <et=230.28> <Mt= 0.78> <Spt= 1.05> <nCl=345> <DB= 4176.1167> <Mlp= 4176.1167> <PB=19614.8> 
<DWph=1> <it=  3> <et=230.86> <Mt= 0.07> <Spt= 0.24> <nCl= 16> <DB= 4175.7167> <Mlp= 4175.7167> <PB=19614.8> 
SB phase 2 cand.  1 branch on var x[(0, 82)]_0_9801_0_OspV (lhs=0.7500) : [ 4175.7167,  4176.1167], score = 0.25 (h)  <et=230.88>
<DWph=1> <it= 14> <et=232.11> <Mt= 0.37> <Spt= 0.75> <nCl=100> <DB= 4177.1167> <Mlp= 4177.1167> <PB=19614.8> 
<DWph=1> <it=  3> <et=232.54> <Mt= 0.06> <Spt= 0.23> <nCl=  9> <DB= 4175.5833> <Mlp= 4175.5833> <PB=19614.8> 
SB phase 2 cand.  2 branch on var x[(72, 22)]_0_8614_0_OspV (lhs=0.2500): [ 4175.5833,  4177.1167], score = 0.36 (h)  <et=232.56>
<DWph=1> <it= 16> <et=233.56> <Mt= 0.18> <Spt= 0.71> <nCl=137> <DB= 4176.7167> <Mlp= 4176.7167> <PB=19614.8> 
<DWph=1> <it=  2> <et=233.86> <Mt= 0.00> <Spt= 0.15> <nCl=  3> <DB= 4175.5220> <Mlp= 4175.5220> <PB=19614.8> 
SB phase 2 cand.  3 branch on var x[(28, 10)]_0_3278_0_OspV (lhs=0.7500): [ 4175.5220,  4176.7167], score = 0.20 (h)  <et=233.89>
**** Strong branching phase 3 is started *****
**** SB phase 3 evaluation of candidate 1, branch 1 ( x[(72, 22)]_0_8614_0_OspV >= 1 ), value = 4177.12
<DWph=2> <it=  1> <et=234.10> <Mt= 0.01> <Spt= 0.08> <nCl=  3> <DB= 4177.1167> <Mlp= 4177.1167> <PB=19614.8> 
<DWph=1> <it=  2> <et=234.19> <Mt= 0.00> <Spt= 0.08> <nCl=  0> <DB= 4177.1167> <Mlp= 4177.1167> <PB=19614.8> 
<DWph=0> <it=  7> <et=234.63> <Mt= 0.07> <Spt= 0.37> <nCl=366> <DB= 4177.1000> <Mlp= 4177.1000> <PB=19614.8> 
ColGenEvalAlg final dual bound: 4177.1 (rounded: 4177.1)
----- Add fac. cuts : CAP(5), max.viol = 0.5, aver.viol = 0.5, sep/add took 0.460246/0.0651734 sec. -----
23933 columns (7421 active), 302 dyn. constrs. (70 active), 548 art. vars. (312 active)
<DWph=2> <it=  1> <et=235.31> <Mt= 0.04> <Spt= 0.07> <nCl=  2> <DB= 4177.1250> <Mlp= 4177.1250> <PB=19614.8> 
<DWph=1> <it=  2> <et=235.39> <Mt= 0.00> <Spt= 0.09> <nCl=  0> <DB= 4177.1250> <Mlp= 4177.1250> <PB=19614.8> 
<DWph=0> <it=  3> <et=235.50> <Mt= 0.00> <Spt= 0.10> <nCl= 13> <DB= 4177.1250> <Mlp= 4177.1250> <PB=19614.8> 
ColGenEvalAlg final dual bound: 4177.13 (rounded: 4177.13)
----- Add fac. cuts : CAP(18) R1C(121), max.viol = 0.5, aver.viol = 0.276978, sep/add took 0.178743/0.693966 sec. -----
23948 columns (7436 active), 441 dyn. constrs. (198 active), 687 art. vars. (440 active)
<DWph=2> <it=  1> <et=236.52> <Mt= 0.04> <Spt= 0.08> <nCl=  1> <DB= 4177.2000> <Mlp= 4177.2000> <PB=19614.8> 
<DWph=1> <it=  2> <et=236.62> <Mt= 0.00> <Spt= 0.10> <nCl=  1> <DB= 4177.2000> <Mlp= 4177.2000> <PB=19614.8> 
<DWph=0> <it=  3> <et=236.74> <Mt= 0.01> <Spt= 0.11> <nCl= 21> <DB= 4177.2000> <Mlp= 4177.2000> <PB=19614.8> 
ColGenEvalAlg final dual bound: 4177.2 (rounded: 4177.2)
----- Add fac. cuts : CAP(4) R1C(220), max.viol = 0.5, aver.viol = 0.496652, sep/add took 0.472603/0.827701 sec. -----
23971 columns (7459 active), 661 dyn. constrs. (283 active), 911 art. vars. (525 active)
<DWph=2> <it=  1> <et=238.28> <Mt= 0.10> <Spt= 0.09> <nCl=  8> <DB= 4177.2583> <Mlp= 4177.2583> <PB=19614.8> 
<DWph=1> <it=  4> <et=238.51> <Mt= 0.02> <Spt= 0.21> <nCl= 43> <DB= 4177.2583> <Mlp= 4177.2583> <PB=19614.8> 
<DWph=0> <it=  6> <et=238.86> <Mt= 0.12> <Spt= 0.23> <nCl=163> <DB= 4177.2375> <Mlp= 4177.2375> <PB=19614.8> 
ColGenEvalAlg final dual bound: 4177.24 (rounded: 4177.24)
----- Add fac. cuts : R1C(443), max.viol = 0.25, aver.viol = 0.225169, sep/add took 0.54535/1.44935 sec. -----
24185 columns (7673 active), 969 dyn. constrs. (507 active), 1354 art. vars. (749 active)
<DWph=2> <it=  7> <et=241.62> <Mt= 0.20> <Spt= 0.47> <nCl= 66> <DB= 4177.2645> <Mlp= 4177.2645> <PB=19614.8> 
<DWph=1> <it=  8> <et=241.76> <Mt= 0.01> <Spt= 0.13> <nCl=  2> <DB= 4177.2645> <Mlp= 4177.2645> <PB=19614.8> 
<DWph=0> <it= 10> <et=241.96> <Mt= 0.01> <Spt= 0.19> <nCl=135> <DB= 4170.1292> <Mlp= 4177.2645> <PB=19614.8> 
<DWph=0> <it= 12> <et=242.25> <Mt= 0.03> <Spt= 0.26> <nCl=157> <DB= 4177.2500> <Mlp= 4177.2500> <PB=19614.8> 
ColGenEvalAlg final dual bound: 4177.25 (rounded: 4177.25)
----- Add fac. cuts : sep. took 0.484504 sec.----- no cuts found  -----
**** SB phase 3 evaluation of candidate 1, branch 2 ( x[(72, 22)]_0_8614_0_OspV <= 0 ), value = 4175.58
<DWph=2> <it=  2> <et=243.29> <Mt= 0.14> <Spt= 0.15> <nCl=  8> <DB= 4175.5833> <Mlp= 4175.5833> <PB=19614.8> 
<DWph=1> <it=  3> <et=243.38> <Mt= 0.01> <Spt= 0.09> <nCl=  4> <DB= 4174.9912> <Mlp= 4175.5833> <PB=19614.8> 
<DWph=0> <it= 10> <et=244.14> <Mt= 0.27> <Spt= 0.47> <nCl=255> <DB= 4175.5421> <Mlp= 4175.5421> <PB=19614.8> 
ColGenEvalAlg final dual bound: 4175.54 (rounded: 4175.54)
----- Add fac. cuts : CAP(10) R1C(151), max.viol = 0.210526, aver.viol = 0.0732265, sep/add took 0.0190136/0.538876 sec. -----
24311 columns (7228 active), 473 dyn. constrs. (224 active), 715 art. vars. (466 active)
<DWph=2> <it=  7> <et=245.43> <Mt= 0.28> <Spt= 0.43> <nCl= 73> <DB= 4175.5500> <Mlp= 4175.5500> <PB=19614.8> 
<DWph=1> <it=  9> <et=245.66> <Mt= 0.05> <Spt= 0.18> <nCl= 13> <DB= 4175.5500> <Mlp= 4175.5500> <PB=19614.8> 
<DWph=0> <it= 10> <et=245.78> <Mt= 0.00> <Spt= 0.11> <nCl= 14> <DB= 4175.5500> <Mlp= 4175.5500> <PB=19614.8> 
ColGenEvalAlg final dual bound: 4175.55 (rounded: 4175.55)
----- Add fac. cuts : R1C(278), max.viol = 0.113636, aver.viol = 0.0497057, sep/add took 0.234597/0.880688 sec. -----
24411 columns (7328 active), 751 dyn. constrs. (381 active), 993 art. vars. (623 active)
<DWph=2> <it=  1> <et=247.07> <Mt= 0.07> <Spt= 0.08> <nCl=  0> <DB= 4175.5500> <Mlp= 4175.5500> <PB=19614.8> 
<DWph=1> <it=  2> <et=247.16> <Mt= 0.00> <Spt= 0.09> <nCl=  0> <DB= 4175.5500> <Mlp= 4175.5500> <PB=19614.8> 
<DWph=0> <it=  3> <et=247.16> <Mt= 0.00> <Spt= 0.00> <nCl=  0> <DB= 4175.5500> <Mlp= 4175.5500> <PB=19614.8> 
<DWph=0> <it=  3> <et=247.16> <Mt= 0.00> <Spt= 0.00> <nCl=  0> <DB= 4175.5500> <Mlp= 4175.5500> <PB=19614.8> 
ColGenEvalAlg final dual bound: 4175.55 (rounded: 4175.55)
----- Add fac. cuts : R1C(187), max.viol = 0.0909091, aver.viol = 0.0476422, sep/add took 0.57352/0.618181 sec. -----
24411 columns (7328 active), 938 dyn. constrs. (568 active), 1180 art. vars. (810 active)
<DWph=2> <it=  1> <et=248.59> <Mt= 0.13> <Spt= 0.08> <nCl=  8> <DB= 4175.5591> <Mlp= 4175.5591> <PB=19614.8> 
<DWph=1> <it=  4> <et=248.84> <Mt= 0.03> <Spt= 0.22> <nCl=  8> <DB= 4175.5591> <Mlp= 4175.5591> <PB=19614.8> 
<DWph=0> <it=  7> <et=249.18> <Mt= 0.02> <Spt= 0.31> <nCl=181> <DB= 4175.5545> <Mlp= 4175.5545> <PB=19614.8> 
ColGenEvalAlg final dual bound: 4175.55 (rounded: 4175.55)
----- Add fac. cuts : R1C(26), max.viol = 0.0454545, aver.viol = 0.0454545, sep/add took 0.567287/0.0913662 sec. -----
24608 columns (7525 active), 848 dyn. constrs. (100 active), 1206 art. vars. (342 active)
<DWph=2> <it=  1> <et=249.99> <Mt= 0.03> <Spt= 0.08> <nCl=  0> <DB= 4175.5545> <Mlp= 4175.5545> <PB=19614.8> 
<DWph=1> <it=  2> <et=250.07> <Mt= 0.00> <Spt= 0.08> <nCl=  0> <DB= 4175.5545> <Mlp= 4175.5545> <PB=19614.8> 
<DWph=0> <it=  3> <et=250.08> <Mt= 0.00> <Spt= 0.00> <nCl=  0> <DB= 4175.5545> <Mlp= 4175.5545> <PB=19614.8> 
<DWph=0> <it=  3> <et=250.08> <Mt= 0.00> <Spt= 0.00> <nCl=  0> <DB= 4175.5545> <Mlp= 4175.5545> <PB=19614.8> 
ColGenEvalAlg final dual bound: 4175.55 (rounded: 4175.55)
----- Add fac. cuts : CAP(2) R1C(427), max.viol = 0.0454545, aver.viol = 0.0454545, sep/add took 0.60833/1.36575 sec. -----
24608 columns (7525 active), 1277 dyn. constrs. (529 active), 1635 art. vars. (771 active)
<DWph=2> <it=  1> <et=252.16> <Mt= 0.01> <Spt= 0.08> <nCl=  0> <DB= 4175.5545> <Mlp= 4175.5545> <PB=19614.8> 
<DWph=1> <it=  2> <et=252.25> <Mt= 0.00> <Spt= 0.09> <nCl=  0> <DB= 4175.5545> <Mlp= 4175.5545> <PB=19614.8> 
<DWph=0> <it=  3> <et=252.26> <Mt= 0.00> <Spt= 0.00> <nCl=  0> <DB= 4175.5545> <Mlp= 4175.5545> <PB=19614.8> 
<DWph=0> <it=  3> <et=252.26> <Mt= 0.00> <Spt= 0.00> <nCl=  0> <DB= 4175.5545> <Mlp= 4175.5545> <PB=19614.8> 
ColGenEvalAlg final dual bound: 4175.55 (rounded: 4175.55)
----- Cut generation is stopped due to tailing off -----
SB exact phase 3 branch on var x[(72, 22)]_0_8614_0_OspV (lhs=0.25) : [4177.25, 4175.5545], tree depth = 1e+12, tree size = 1e+12, score = -1.407 (h)
************************************************************************************************
**** BaB tree node (N° 9, parent N° 7, depth 4)
**** Local DB = 4175.55, global bounds : [ 4175.55 , 19614.8 ], TIME = 0h4m12s33t = 25233
**** 5 open nodes, 24608 columns (7525 active), 787 dyn. constrs. (529 active), 1029 art. vars. (771 active)
************************************************************************************************
**** Strong branching phase 1 is started *****
SB phase 1 cand.  1 branch on var x[(0, 82)]_0_9801_0_OspV (lhs=0.7273)    : [ 4175.8000,  4176.5000], score = 0.23 (h)  <et=252.58>
SB phase 1 cand.  2 branch on var x[(105, 33)]_0_12618_0_OspV (lhs=0.5000) : [ 4175.6667,  4181.8200], score = 0.70      <et=252.87>
SB phase 1 cand.  3 branch on var x[(28, 10)]_0_3278_0_OspV (lhs=0.7273)   : [ 4175.7870,  4176.4667], score = 0.21 (h)  <et=253.1>
SB phase 1 cand.  9 branch on var x[(112, 120)]_0_13551_0_OspV (lhs=0.5000): [ 4175.6667,  4182.4000], score = 0.77 (h)  <et=254.58>
SB phase 1 cand. 11 branch on var x[(31, 112)]_0_3742_0_OspV (lhs=0.5000)  : [ 4175.6667,  4182.4000], score = 0.77 (h)  <et=255.07>
SB phase 1 cand. 13 branch on var x[(49, 79)]_0_5887_0_OspV (lhs=0.5000)   : [ 4175.6667,  4182.4000], score = 0.77 (h)  <et=255.56>
SB phase 1 cand. 19 branch on var x[(31, 120)]_0_3750_0_OspV (lhs=0.5000)  : [ 4175.6667,  4182.4000], score = 0.77 (h)  <et=257.26>
**** Strong branching phase 2 is started *****
<DWph=1> <it= 28> <et=268.04> <Mt= 1.26> <Spt= 1.78> <nCl=473> <DB= 4175.9615> <Mlp= 4175.9615> <PB=19614.8> 
<DWph=1> <it=  2> <et=268.42> <Mt= 0.01> <Spt= 0.18> <nCl= 15> <DB= 4175.6667> <Mlp= 4175.6667> <PB=19614.8> 
SB phase 2 cand.  1 branch on var x[(112, 120)]_0_13551_0_OspV (lhs=0.5000): [ 4175.6667,  4175.9615], score = 0.05 (h)  <et=268.45>
<DWph=1> <it= 27> <et=270.83> <Mt= 0.61> <Spt= 1.62> <nCl=391> <DB= 4175.9709> <Mlp= 4175.9709> <PB=19614.8> 
<DWph=1> <it=  2> <et=271.20> <Mt= 0.01> <Spt= 0.21> <nCl=  6> <DB= 4175.6667> <Mlp= 4175.6667> <PB=19614.8> 
SB phase 2 cand.  2 branch on var x[(31, 120)]_0_3750_0_OspV (lhs=0.5000)  : [ 4175.6667,  4175.9709], score = 0.05 (h)  <et=271.24>
<DWph=1> <it= 39> <et=274.80> <Mt= 0.69> <Spt= 2.72> <nCl=525> <DB= 4178.8915> <Mlp= 4178.8915> <PB=19614.8> 
<DWph=1> <it=  2> <et=275.16> <Mt= 0.01> <Spt= 0.19> <nCl=  4> <DB= 4175.6667> <Mlp= 4175.6667> <PB=19614.8> 
SB phase 2 cand.  3 branch on var x[(7, 15)]_0_741_0_OspV (lhs=0.5000)     : [ 4175.6667,  4178.8915], score = 0.37      <et=275.19>
**** Strong branching phase 3 is started *****
**** SB phase 3 evaluation of candidate 1, branch 1 ( x[(7, 15)]_0_741_0_OspV >= 1 ), value = 4178.89
<DWph=2> <it=  1> <et=275.45> <Mt= 0.00> <Spt= 0.09> <nCl= 11> <DB= 4178.8915> <Mlp= 4178.8915> <PB=19614.8> 
<DWph=1> <it=  2> <et=275.55> <Mt= 0.00> <Spt= 0.10> <nCl=  0> <DB= 4178.8915> <Mlp= 4178.8915> <PB=19614.8> 
<DWph=0> <it= 10> <et=276.70> <Mt= 0.08> <Spt= 1.07> <nCl=874> <DB= 4166.8625> <Mlp= 4178.8625> <PB=19614.8> 
<DWph=0> <it= 11> <et=276.88> <Mt= 0.00> <Spt= 0.17> <nCl= 73> <DB= 4178.8625> <Mlp= 4178.8625> <PB=19614.8> 
ColGenEvalAlg final dual bound: 4178.86 (rounded: 4178.86)
----- Add fac. cuts : CAP(9) R1C(201), max.viol = 0.25, aver.viol = 0.245238, sep/add took 0.219264/1.87206 sec. -----
26980 columns (9008 active), 947 dyn. constrs. (256 active), 1193 art. vars. (498 active)
<DWph=2> <it=  5> <et=279.91> <Mt= 0.38> <Spt= 0.51> <nCl= 65> <DB= 4179.5000> <Mlp= 4179.5000> <PB=19614.8> 
<DWph=1> <it=  7> <et=280.13> <Mt= 0.01> <Spt= 0.21> <nCl=  5> <DB= 4179.5000> <Mlp= 4179.5000> <PB=19614.8> 
<DWph=0> <it= 10> <et=280.82> <Mt= 0.37> <Spt= 0.32> <nCl=315> <DB= 4167.3375> <Mlp= 4179.4875> <PB=19614.8> 
<DWph=0> <it= 15> <et=281.60> <Mt= 0.34> <Spt= 0.43> <nCl=302> <DB= 4179.4724> <Mlp= 4179.4724> <PB=19614.8> 
ColGenEvalAlg final dual bound: 4179.47 (rounded: 4179.47)
----- Add fac. cuts : CAP(49) R1C(393), max.viol = 0.37931, aver.viol = 0.148775, sep/add took 0.45291/4.35527 sec. -----
27667 columns (9695 active), 1389 dyn. constrs. (503 active), 1635 art. vars. (745 active)
<DWph=2> <it=  6> <et=287.43> <Mt= 0.40> <Spt= 0.58> <nCl= 52> <DB= 4179.9600> <Mlp= 4179.9600> <PB=19614.8> 
<DWph=1> <it= 10> <et=287.78> <Mt= 0.09> <Spt= 0.26> <nCl= 23> <DB= 4179.9033> <Mlp= 4179.9600> <PB=19614.8> 
<DWph=1> <it= 11> <et=287.92> <Mt= 0.01> <Spt= 0.12> <nCl=  4> <DB= 4179.9600> <Mlp= 4179.9600> <PB=19614.8> 
<DWph=0> <it= 16> <et=288.74> <Mt= 0.12> <Spt= 0.64> <nCl=343> <DB= 4179.9600> <Mlp= 4179.9600> <PB=19614.8> 
ColGenEvalAlg final dual bound: 4179.96 (rounded: 4179.96)
----- Add fac. cuts : R1C(289), max.viol = 0.2, aver.viol = 0.2, sep/add took 0.56495/1.17721 sec. -----
27204 columns (6698 active), 1483 dyn. constrs. (349 active), 1924 art. vars. (591 active)
<DWph=2> <it=  2> <et=290.93> <Mt= 0.14> <Spt= 0.21> <nCl= 20> <DB= 4180.0750> <Mlp= 4180.0750> <PB=19614.8> 
<DWph=1> <it=  3> <et=291.05> <Mt= 0.00> <Spt= 0.11> <nCl=  3> <DB= 4180.0750> <Mlp= 4180.0750> <PB=19614.8> 
<DWph=0> <it=  6> <et=291.58> <Mt= 0.26> <Spt= 0.27> <nCl=136> <DB= 4180.0725> <Mlp= 4180.0725> <PB=19614.8> 
ColGenEvalAlg final dual bound: 4180.07 (rounded: 4180.07)
----- Add fac. cuts : CAP(12) R1C(483), max.viol = 0.313725, aver.viol = 0.167003, sep/add took 0.72037/2.49947 sec. -----
27363 columns (6857 active), 1539 dyn. constrs. (571 active), 2419 art. vars. (813 active)
<DWph=2> <it=  1> <et=295.21> <Mt= 0.08> <Spt= 0.10> <nCl=  5> <DB= 4180.0800> <Mlp= 4180.0800> <PB=19614.8> 
<DWph=1> <it=  2> <et=295.33> <Mt= 0.00> <Spt= 0.11> <nCl=  0> <DB= 4180.0800> <Mlp= 4180.0800> <PB=19614.8> 
<DWph=0> <it=  3> <et=295.51> <Mt= 0.01> <Spt= 0.17> <nCl= 42> <DB= 4180.0800> <Mlp= 4180.0800> <PB=19614.8> 
ColGenEvalAlg final dual bound: 4180.08 (rounded: 4180.08)
----- Add fac. cuts : R1C(382), max.viol = 0.2, aver.viol = 0.193194, sep/add took 0.583033/1.98258 sec. -----
27410 columns (6904 active), 1648 dyn. constrs. (482 active), 2801 art. vars. (724 active)
<DWph=2> <it=  1> <et=298.42> <Mt= 0.13> <Spt= 0.11> <nCl= 14> <DB= 4180.1145> <Mlp= 4180.1145> <PB=19614.8> 
<DWph=1> <it=  2> <et=298.54> <Mt= 0.00> <Spt= 0.11> <nCl= 10> <DB= 4180.1145> <Mlp= 4180.1145> <PB=19614.8> 
<DWph=0> <it=  4> <et=298.88> <Mt= 0.02> <Spt= 0.32> <nCl=164> <DB= 4180.1000> <Mlp= 4180.1000> <PB=19614.8> 
ColGenEvalAlg final dual bound: 4180.1 (rounded: 4180.1)
----- Cut generation is stopped due to tailing off -----
**** SB phase 3 evaluation of candidate 1, branch 2 ( x[(7, 15)]_0_741_0_OspV <= 0 ), value = 4175.67
<DWph=2> <it=  1> <et=299.52> <Mt= 0.10> <Spt= 0.09> <nCl=  9> <DB= 4175.5267> <Mlp= 4175.6667> <PB=19614.8> 
<DWph=1> <it=  2> <et=299.63> <Mt= 0.01> <Spt= 0.10> <nCl=  3> <DB= 4175.6667> <Mlp= 4175.6667> <PB=19614.8> 
<DWph=0> <it=  3> <et=299.80> <Mt= 0.00> <Spt= 0.16> <nCl= 73> <DB= 4175.6667> <Mlp= 4175.6667> <PB=19614.8> 
ColGenEvalAlg final dual bound: 4175.67 (rounded: 4175.67)
----- Add fac. cuts : CAP(75), max.viol = 1, aver.viol = 0.702222, sep/add took 0.525027/1.78543 sec. -----
26909 columns (7614 active), 860 dyn. constrs. (172 active), 1102 art. vars. (414 active)
<DWph=2> <it=  1> <et=302.37> <Mt= 0.11> <Spt= 0.12> <nCl=  2> <DB= 4175.7778> <Mlp= 4175.7778> <PB=19614.8> 
<DWph=1> <it=  2> <et=302.51> <Mt= 0.00> <Spt= 0.13> <nCl=  8> <DB= 4175.7778> <Mlp= 4175.7778> <PB=19614.8> 
<DWph=0> <it=  7> <et=303.12> <Mt= 0.07> <Spt= 0.54> <nCl=310> <DB= 4175.7733> <Mlp= 4175.7733> <PB=19614.8> 
ColGenEvalAlg final dual bound: 4175.77 (rounded: 4175.77)
----- Add fac. cuts : CAP(4) R1C(275), max.viol = 0.333333, aver.viol = 0.171804, sep/add took 0.186879/1.73816 sec. -----
27229 columns (7934 active), 1139 dyn. constrs. (340 active), 1381 art. vars. (582 active)
<DWph=2> <it=  4> <et=305.80> <Mt= 0.25> <Spt= 0.47> <nCl= 44> <DB= 4176.1183> <Mlp= 4176.1183> <PB=19614.8> 
<DWph=1> <it=  6> <et=306.01> <Mt= 0.01> <Spt= 0.21> <nCl=  8> <DB= 4176.1183> <Mlp= 4176.1183> <PB=19614.8> 
<DWph=0> <it= 10> <et=306.65> <Mt= 0.04> <Spt= 0.59> <nCl=466> <DB= 4176.0261> <Mlp= 4176.0261> <PB=19614.8> 
ColGenEvalAlg final dual bound: 4176.03 (rounded: 4176.03)
----- Add fac. cuts : R1C(381), max.viol = 0.181416, aver.viol = 0.0889253, sep/add took 0.512301/2.54393 sec. -----
27747 columns (8452 active), 1446 dyn. constrs. (440 active), 1762 art. vars. (682 active)
<DWph=2> <it=  7> <et=310.63> <Mt= 0.23> <Spt= 0.50> <nCl= 64> <DB= 4176.1500> <Mlp= 4176.1500> <PB=19614.8> 
<DWph=1> <it= 10> <et=310.85> <Mt= 0.04> <Spt= 0.18> <nCl= 37> <DB= 4156.7006> <Mlp= 4176.1500> <PB=19614.8> 
<DWph=1> <it= 14> <et=311.25> <Mt= 0.06> <Spt= 0.34> <nCl= 40> <DB= 4176.1500> <Mlp= 4176.1500> <PB=19614.8> 
<DWph=0> <it= 19> <et=312.81> <Mt= 0.85> <Spt= 0.70> <nCl=433> <DB= 4176.0824> <Mlp= 4176.0824> <PB=19614.8> 
ColGenEvalAlg final dual bound: 4176.08 (rounded: 4176.08)
----- Add fac. cuts : CAP(24) R1C(498), max.viol = 0.456885, aver.viol = 0.177676, sep/add took 0.976076/3.72353 sec. -----
28321 columns (9026 active), 1697 dyn. constrs. (614 active), 2284 art. vars. (856 active)
<DWph=2> <it=  1> <et=317.87> <Mt= 0.13> <Spt= 0.14> <nCl=  8> <DB= 4176.1100> <Mlp= 4176.1100> <PB=19614.8> 
<DWph=1> <it=  2> <et=318.00> <Mt= 0.00> <Spt= 0.12> <nCl=  1> <DB= 4176.1100> <Mlp= 4176.1100> <PB=19614.8> 
<DWph=0> <it=  6> <et=318.70> <Mt= 0.07> <Spt= 0.63> <nCl=279> <DB= 4176.1100> <Mlp= 4176.1100> <PB=19614.8> 
ColGenEvalAlg final dual bound: 4176.11 (rounded: 4176.11)
----- Add fac. cuts : R1C(377), max.viol = 0.3, aver.viol = 0.123607, sep/add took 0.652535/2.56717 sec. -----
28609 columns (9314 active), 1726 dyn. constrs. (463 active), 2661 art. vars. (705 active)
<DWph=2> <it=  1> <et=322.53> <Mt= 0.36> <Spt= 0.10> <nCl=  9> <DB= 4176.1250> <Mlp= 4176.1250> <PB=19614.8> 
<DWph=1> <it=  5> <et=324.44> <Mt= 1.60> <Spt= 0.31> <nCl= 22> <DB= 4176.1250> <Mlp= 4176.1250> <PB=19614.8> 
<DWph=0> <it= 10> <et=327.62> <Mt= 2.37> <Spt= 0.81> <nCl=468> <DB= 4176.1179> <Mlp= 4176.1179> <PB=19614.8> 
ColGenEvalAlg final dual bound: 4176.12 (rounded: 4176.12)
----- Add fac. cuts : CAP(2) R1C(189), max.viol = 0.178571, aver.viol = 0.038893, sep/add took 0.7094/1.48346 sec. -----
29108 columns (9813 active), 1389 dyn. constrs. (329 active), 2852 art. vars. (571 active)
<DWph=2> <it=  1> <et=330.17> <Mt= 0.08> <Spt= 0.12> <nCl=  6> <DB= 4176.1179> <Mlp= 4176.1179> <PB=19614.8> 
<DWph=1> <it=  2> <et=330.30> <Mt= 0.00> <Spt= 0.13> <nCl=  5> <DB= 4176.1179> <Mlp= 4176.1179> <PB=19614.8> 
<DWph=0> <it=  3> <et=330.31> <Mt= 0.01> <Spt= 0.00> <nCl=  0> <DB= 4176.1179> <Mlp= 4176.1179> <PB=19614.8> 
<DWph=0> <it=  3> <et=330.31> <Mt= 0.00> <Spt= 0.00> <nCl=  0> <DB= 4176.1179> <Mlp= 4176.1179> <PB=19614.8> 
ColGenEvalAlg final dual bound: 4176.12 (rounded: 4176.12)
----- Cut generation is stopped due to tailing off -----
SB exact phase 3 branch on var x[(7, 15)]_0_741_0_OspV (lhs=0.5) : [4180.1, 4176.1179], tree depth = 1e+12, tree size = 1e+12, score = -0.5315
************************************************************************************************
**** BaB tree node (N° 11, parent N° 9, depth 5)
**** Local DB = 4176.12, global bounds : [ 4176.12 , 19614.8 ], TIME = 0h5m30s45t = 33045
**** 6 open nodes, 29119 columns (9824 active), 1064 dyn. constrs. (329 active), 1306 art. vars. (571 active)
************************************************************************************************
**** Strong branching phase 1 is started *****
SB phase 1 cand.  1 branch on var x[(7, 33)]_0_759_0_OspV (lhs=0.5000)     : [ 4176.9204,  4177.3500], score = 0.99 (h)  <et=331.15>
SB phase 1 cand.  2 branch on var x[(1, 7)]_0_7_0_OspV (lhs=0.5000)        : [ 4176.5333,  4176.9204], score = 0.33      <et=331.83>
SB phase 1 cand.  3 branch on var x[(0, 82)]_0_9801_0_OspV (lhs=0.7143)    : [ 4176.1500,  4177.3000], score = 0.04 (h)  <et=332.14>
SB phase 1 cand.  4 branch on var x[(105, 7)]_0_12592_0_OspV (lhs=0.5000)  : [ 4176.5625,  4177.3500], score = 0.55      <et=332.73>
SB phase 1 cand.  6 branch on var x[(23, 95)]_0_2757_0_OspV (lhs=0.5000)   : [ 4176.3536,  4178.5726], score = 0.58      <et=333.69>
SB phase 1 cand.  7 branch on var x[(31, 120)]_0_3750_0_OspV (lhs=0.5000)  : [ 4177.2417,  4186.1833], score = 11.31 (h)  <et=334.34>
SB phase 1 cand.  9 branch on var x[(112, 120)]_0_13551_0_OspV (lhs=0.5000): [ 4177.2417,  4186.1833], score = 11.31 (h)  <et=335.52>
SB phase 1 cand. 11 branch on var x[(31, 112)]_0_3742_0_OspV (lhs=0.5000)  : [ 4177.2417,  4186.1833], score = 11.31 (h)  <et=336.61>
SB phase 1 cand. 17 branch on var x[(49, 79)]_0_5887_0_OspV (lhs=0.5000)   : [ 4177.2417,  4186.1833], score = 11.31 (h)  <et=339.87>
SB phase 1 cand. 19 branch on var x[(112, 99)]_0_13531_0_OspV (lhs=0.5000) : [ 4177.2417,  4186.1833], score = 11.31 (h)  <et=341.05>
**** Strong branching phase 2 is started *****
<DWph=1> <it=  6> <et=358.10> <Mt= 0.44> <Spt= 0.49> <nCl= 78> <DB= 4186.1833> <Mlp= 4186.1833> <PB=19614.8> 
<DWph=1> <it= 28> <et=361.73> <Mt= 1.49> <Spt= 1.86> <nCl=376> <DB= 4177.1885> <Mlp= 4177.1885> <PB=19614.8> 
SB phase 2 cand.  1 branch on var x[(49, 79)]_0_5887_0_OspV (lhs=0.5000) : [ 4177.1885,  4186.1833], score = 10.78 (h)  <et=361.76>
<DWph=1> <it=  8> <et=363.72> <Mt= 1.12> <Spt= 0.61> <nCl=131> <DB= 4178.9000> <Mlp= 4178.9000> <PB=19614.8> 
<DWph=1> <it=  5> <et=365.48> <Mt= 1.09> <Spt= 0.50> <nCl= 94> <DB= 4176.4000> <Mlp= 4176.4000> <PB=19614.8> 
SB phase 2 cand.  2 branch on var x[(31, 120)]_0_3750_0_OspV (lhs=0.5000): [ 4176.4000,  4178.9000], score = 0.78 (h)  <et=365.51>
<DWph=1> <it= 14> <et=367.49> <Mt= 0.96> <Spt= 0.90> <nCl=173> <DB= 4186.1785> <Mlp= 4186.1785> <PB=19614.8> 
<DWph=1> <it= 20> <et=369.83> <Mt= 0.86> <Spt= 1.27> <nCl=202> <DB= 4177.1331> <Mlp= 4177.1331> <PB=19614.8> 
SB phase 2 cand.  3 branch on var x[(79, 94)]_0_9532_0_OspV (lhs=0.5000) : [ 4177.1331,  4186.1785], score = 10.21 (h)  <et=369.86>
**** Strong branching phase 3 is started *****
**** SB phase 3 evaluation of candidate 1, branch 1 ( x[(49, 79)]_0_5887_0_OspV >= 1 ), value = 4186.18
<DWph=2> <it=  1> <et=370.19> <Mt= 0.00> <Spt= 0.09> <nCl=  8> <DB= 4186.1833> <Mlp= 4186.1833> <PB=19614.8> 
<DWph=1> <it=  2> <et=370.30> <Mt= 0.01> <Spt= 0.10> <nCl=  0> <DB= 4186.1833> <Mlp= 4186.1833> <PB=19614.8> 
<DWph=0> <it=  8> <et=371.55> <Mt= 0.54> <Spt= 0.65> <nCl=502> <DB= 4186.1667> <Mlp= 4186.1667> <PB=19614.8> 
ColGenEvalAlg final dual bound: 4186.17 (rounded: 4186.17)
----- Add fac. cuts : CAP(81), max.viol = 1, aver.viol = 0.62963, sep/add took 0.515566/1.93834 sec. -----
30054 columns (7008 active), 673 dyn. constrs. (200 active), 919 art. vars. (442 active)
<DWph=2> <it= 10> <et=375.25> <Mt= 0.41> <Spt= 0.79> <nCl=119> <DB= 4144.9092> <Mlp= 4186.5432> <PB=19614.8> 
<DWph=2> <it= 11> <et=375.38> <Mt= 0.01> <Spt= 0.12> <nCl= 22> <DB= 4186.5432> <Mlp= 4186.5432> <PB=19614.8> 
<DWph=1> <it= 17> <et=375.93> <Mt= 0.06> <Spt= 0.49> <nCl=101> <DB= 4186.4932> <Mlp= 4186.4932> <PB=19614.8> 
<DWph=0> <it= 20> <et=376.52> <Mt= 0.30> <Spt= 0.28> <nCl=184> <DB= 4180.2355> <Mlp= 4186.3027> <PB=19614.8> 
<DWph=0> <it= 23> <et=377.00> <Mt= 0.13> <Spt= 0.35> <nCl=178> <DB= 4186.2975> <Mlp= 4186.2975> <PB=19614.8> 
ColGenEvalAlg final dual bound: 4186.3 (rounded: 4186.3)
----- Add fac. cuts : CAP(66) R1C(153), max.viol = 0.875, aver.viol = 0.177397, sep/add took 0.063988/2.34752 sec. -----
30658 columns (7612 active), 892 dyn. constrs. (303 active), 1138 art. vars. (545 active)
<DWph=2> <it= 10> <et=380.50> <Mt= 0.32> <Spt= 0.73> <nCl= 67> <DB= 4182.9027> <Mlp= 4187.0788> <PB=19614.8> 
<DWph=2> <it= 12> <et=380.67> <Mt= 0.04> <Spt= 0.14> <nCl= 12> <DB= 4187.0443> <Mlp= 4187.0443> <PB=19614.8> 
<DWph=1> <it= 15> <et=380.92> <Mt= 0.01> <Spt= 0.23> <nCl=  9> <DB= 4187.0443> <Mlp= 4187.0443> <PB=19614.8> 
<DWph=0> <it= 20> <et=381.62> <Mt= 0.15> <Spt= 0.55> <nCl=279> <DB= 4186.8636> <Mlp= 4186.8636> <PB=19614.8> 
ColGenEvalAlg final dual bound: 4186.86 (rounded: 4186.86)
----- Add fac. cuts : CAP(2) R1C(260), max.viol = 0.272727, aver.viol = 0.144576, sep/add took 0.256604/1.13035 sec. -----
31025 columns (7979 active), 1076 dyn. constrs. (330 active), 1400 art. vars. (572 active)
<DWph=2> <it=  3> <et=383.59> <Mt= 0.18> <Spt= 0.22> <nCl= 29> <DB= 4187.1008> <Mlp= 4187.1008> <PB=19614.8> 
<DWph=1> <it=  5> <et=383.81> <Mt= 0.04> <Spt= 0.18> <nCl= 15> <DB= 4187.0911> <Mlp= 4187.0911> <PB=19614.8> 
<DWph=0> <it=  8> <et=384.05> <Mt= 0.02> <Spt= 0.22> <nCl= 82> <DB= 4187.0911> <Mlp= 4187.0911> <PB=19614.8> 
ColGenEvalAlg final dual bound: 4187.09 (rounded: 4187.09)
----- Add fac. cuts : CAP(3) R1C(450), max.viol = 0.198637, aver.viol = 0.0735539, sep/add took 0.764945/1.96836 sec. -----
31151 columns (8105 active), 1321 dyn. constrs. (520 active), 1853 art. vars. (762 active)
<DWph=2> <it=  4> <et=387.59> <Mt= 0.41> <Spt= 0.24> <nCl= 28> <DB= 4187.3686> <Mlp= 4187.3686> <PB=19614.8> 
<DWph=1> <it= 10> <et=388.20> <Mt= 0.15> <Spt= 0.46> <nCl= 86> <DB= 4187.2764> <Mlp= 4187.2764> <PB=19614.8> 
<DWph=0> <it= 12> <et=388.73> <Mt= 0.24> <Spt= 0.30> <nCl=172> <DB= 4187.2653> <Mlp= 4187.2653> <PB=19614.8> 
ColGenEvalAlg final dual bound: 4187.27 (rounded: 4187.27)
----- Add fac. cuts : CAP(3) R1C(545), max.viol = 0.166667, aver.viol = 0.0726125, sep/add took 0.774525/2.71046 sec. -----
31437 columns (8391 active), 1609 dyn. constrs. (669 active), 2401 art. vars. (911 active)
<DWph=2> <it=  7> <et=395.35> <Mt= 2.58> <Spt= 0.43> <nCl= 41> <DB= 4153.7409> <Mlp= 4187.4884> <PB=19614.8> 
<DWph=2> <it=  7> <et=395.35> <Mt= 0.00> <Spt= 0.00> <nCl=  0> <DB= 4153.7409> <Mlp= 4187.4884> <PB=19614.8> 
<DWph=1> <it= 10> <et=395.56> <Mt= 0.03> <Spt= 0.18> <nCl= 20> <DB= 4183.0308> <Mlp= 4187.4884> <PB=19614.8> 
<DWph=1> <it= 11> <et=395.68> <Mt= 0.01> <Spt= 0.11> <nCl=  7> <DB= 4187.4884> <Mlp= 4187.4884> <PB=19614.8> 
<DWph=0> <it= 18> <et=397.97> <Mt= 1.23> <Spt= 1.06> <nCl=607> <DB= 4187.4406> <Mlp= 4187.4406> <PB=19614.8> 
ColGenEvalAlg final dual bound: 4187.44 (rounded: 4187.44)
----- Add fac. cuts : CAP(3) R1C(276), max.viol = 0.333333, aver.viol = 0.127318, sep/add took 0.655673/1.82592 sec. -----
32112 columns (9066 active), 1490 dyn. constrs. (389 active), 2680 art. vars. (631 active)
<DWph=2> <it=  1> <et=401.07> <Mt= 0.39> <Spt= 0.09> <nCl=  8> <DB= 4187.5016> <Mlp= 4187.5016> <PB=19614.8> 
<DWph=1> <it=  6> <et=401.52> <Mt= 0.05> <Spt= 0.39> <nCl= 25> <DB= 4187.5016> <Mlp= 4187.5016> <PB=19614.8> 
<DWph=0> <it= 10> <et=402.06> <Mt= 0.17> <Spt= 0.37> <nCl=198> <DB= 4138.6546> <Mlp= 4187.4744> <PB=19614.8> 
<DWph=0> <it= 11> <et=402.24> <Mt= 0.02> <Spt= 0.16> <nCl= 63> <DB= 4187.4744> <Mlp= 4187.4744> <PB=19614.8> 
ColGenEvalAlg final dual bound: 4187.47 (rounded: 4187.47)
----- Add fac. cuts : CAP(9) R1C(489), max.viol = 0.246377, aver.viol = 0.143961, sep/add took 0.978971/2.81041 sec. -----
32406 columns (9360 active), 1430 dyn. constrs. (577 active), 3178 art. vars. (819 active)
<DWph=2> <it=  3> <et=407.06> <Mt= 0.56> <Spt= 0.26> <nCl= 15> <DB= 4187.5913> <Mlp= 4187.5913> <PB=19614.8> 
<DWph=1> <it=  5> <et=407.26> <Mt= 0.02> <Spt= 0.18> <nCl=  9> <DB= 4187.5905> <Mlp= 4187.5905> <PB=19614.8> 
<DWph=0> <it=  9> <et=407.94> <Mt= 0.09> <Spt= 0.58> <nCl=243> <DB= 4187.5842> <Mlp= 4187.5842> <PB=19614.8> 
ColGenEvalAlg final dual bound: 4187.58 (rounded: 4187.58)
----- Cut generation is stopped due to tailing off -----
**** SB phase 3 evaluation of candidate 1, branch 2 ( x[(49, 79)]_0_5887_0_OspV <= 0 ), value = 4177.19
<DWph=2> <it=  5> <et=409.65> <Mt= 0.73> <Spt= 0.34> <nCl=128> <DB= 2829.1386> <Mlp= 4177.1885> <PB=19614.8> 
<DWph=1> <it= 10> <et=410.49> <Mt= 0.50> <Spt= 0.33> <nCl= 94> <DB= 3992.9950> <Mlp= 4177.1885> <PB=19614.8> 
<DWph=1> <it= 13> <et=410.91> <Mt= 0.13> <Spt= 0.29> <nCl= 14> <DB= 4177.1885> <Mlp= 4177.1885> <PB=19614.8> 
<DWph=0> <it= 20> <et=412.29> <Mt= 0.68> <Spt= 0.71> <nCl=407> <DB= 4176.9500> <Mlp= 4176.9500> <PB=19614.8> 
ColGenEvalAlg final dual bound: 4176.95 (rounded: 4176.95)
----- Add fac. cuts : CAP(77), max.viol = 1, aver.viol = 0.649351, sep/add took 0.448841/1.98818 sec. -----
33316 columns (7437 active), 706 dyn. constrs. (151 active), 948 art. vars. (393 active)
<DWph=2> <it=  3> <et=415.18> <Mt= 0.17> <Spt= 0.23> <nCl= 22> <DB= 4177.6500> <Mlp= 4177.6500> <PB=19614.8> 
<DWph=1> <it=  6> <et=415.45> <Mt= 0.02> <Spt= 0.24> <nCl=  7> <DB= 4177.6500> <Mlp= 4177.6500> <PB=19614.8> 
<DWph=0> <it=  8> <et=415.75> <Mt= 0.05> <Spt= 0.27> <nCl=128> <DB= 4177.6000> <Mlp= 4177.6000> <PB=19614.8> 
ColGenEvalAlg final dual bound: 4177.6 (rounded: 4177.6)
----- Add fac. cuts : CAP(27) R1C(152), max.viol = 0.5, aver.viol = 0.121508, sep/add took 0.0357591/1.19053 sec. -----
33473 columns (7594 active), 885 dyn. constrs. (243 active), 1127 art. vars. (485 active)
<DWph=2> <it=  6> <et=417.82> <Mt= 0.22> <Spt= 0.58> <nCl= 71> <DB= 4178.3329> <Mlp= 4178.3329> <PB=19614.8> 
<DWph=1> <it= 10> <et=418.27> <Mt= 0.02> <Spt= 0.42> <nCl= 56> <DB= 4178.3141> <Mlp= 4178.3141> <PB=19614.8> 
<DWph=0> <it= 19> <et=419.83> <Mt= 0.48> <Spt= 1.08> <nCl=505> <DB= 4177.9500> <Mlp= 4177.9500> <PB=19614.8> 
ColGenEvalAlg final dual bound: 4177.95 (rounded: 4177.95)
----- Add fac. cuts : CAP(10) R1C(46), max.viol = 0.5, aver.viol = 0.5, sep/add took 0.456043/0.581816 sec. -----
34105 columns (8226 active), 867 dyn. constrs. (131 active), 1183 art. vars. (373 active)
<DWph=2> <it=  2> <et=421.44> <Mt= 0.18> <Spt= 0.21> <nCl= 22> <DB= 4178.3704> <Mlp= 4178.3704> <PB=19614.8> 
<DWph=1> <it=  3> <et=421.57> <Mt= 0.01> <Spt= 0.13> <nCl= 16> <DB= 4178.3704> <Mlp= 4178.3704> <PB=19614.8> 
<DWph=0> <it=  4> <et=421.75> <Mt= 0.00> <Spt= 0.18> <nCl= 96> <DB= 4178.3704> <Mlp= 4178.3704> <PB=19614.8> 
ColGenEvalAlg final dual bound: 4178.37 (rounded: 4178.37)
----- Add fac. cuts : CAP(12) R1C(557), max.viol = 0.338768, aver.viol = 0.168202, sep/add took 1.28567/3.088 sec. -----
34239 columns (8360 active), 1274 dyn. constrs. (643 active), 1752 art. vars. (885 active)
<DWph=2> <it=  2> <et=426.67> <Mt= 0.21> <Spt= 0.22> <nCl= 29> <DB= 4178.6000> <Mlp= 4178.6000> <PB=19614.8> 
<DWph=1> <it=  4> <et=426.88> <Mt= 0.04> <Spt= 0.17> <nCl=  8> <DB= 4178.6000> <Mlp= 4178.6000> <PB=19614.8> 
<DWph=0> <it= 10> <et=428.39> <Mt= 0.75> <Spt= 0.75> <nCl=358> <DB= 4178.1638> <Mlp= 4178.6000> <PB=19614.8> 
<DWph=0> <it= 11> <et=428.62> <Mt= 0.01> <Spt= 0.22> <nCl=100> <DB= 4178.6000> <Mlp= 4178.6000> <PB=19614.8> 
ColGenEvalAlg final dual bound: 4178.6 (rounded: 4178.6)
----- Add fac. cuts : R1C(245), max.viol = 0.166667, aver.viol = 0.166667, sep/add took 0.518573/1.43946 sec. -----
34734 columns (8855 active), 1464 dyn. constrs. (331 active), 1997 art. vars. (573 active)
<DWph=2> <it=  1> <et=430.80> <Mt= 0.04> <Spt= 0.10> <nCl=  1> <DB= 4178.6000> <Mlp= 4178.6000> <PB=19614.8> 
<DWph=1> <it=  2> <et=430.91> <Mt= 0.01> <Spt= 0.11> <nCl=  2> <DB= 4178.6000> <Mlp= 4178.6000> <PB=19614.8> 
<DWph=0> <it=  3> <et=430.92> <Mt= 0.00> <Spt= 0.00> <nCl=  0> <DB= 4178.6000> <Mlp= 4178.6000> <PB=19614.8> 
<DWph=0> <it=  3> <et=430.92> <Mt= 0.00> <Spt= 0.00> <nCl=  0> <DB= 4178.6000> <Mlp= 4178.6000> <PB=19614.8> 
ColGenEvalAlg final dual bound: 4178.6 (rounded: 4178.6)
----- Cut generation is stopped due to tailing off -----
SB exact phase 3 branch on var x[(49, 79)]_0_5887_0_OspV (lhs=0.5) : [4187.5842, 4178.6], tree depth = 1e+12, tree size = 1e+12, score = -0.1716 (h)
************************************************************************************************
**** BaB tree node (N° 13, parent N° 11, depth 6)
**** Local DB = 4178.6, global bounds : [ 4177.25 , 19614.8 ], TIME = 0h7m11s8t = 43108
**** 7 open nodes, 34737 columns (8858 active), 912 dyn. constrs. (331 active), 1154 art. vars. (573 active)
************************************************************************************************
**** Strong branching phase 1 is started *****
SB phase 1 cand.  1 branch on var x[(7, 33)]_0_759_0_OspV (lhs=0.3333)     : [ 4178.6500,  4178.9750], score = 0.02 (h)  <et=431.36>
SB phase 1 cand.  2 branch on var x[(23, 18)]_0_2681_0_OspV (lhs=0.5000)   : [ 4178.6500,  4178.6667], score = 0.00      <et=431.43>
SB phase 1 cand.  3 branch on var x[(0, 82)]_0_9801_0_OspV (lhs=0.6667)    : [ 4178.6500,  4181.2000], score = 0.13 (h)  <et=431.76>
SB phase 1 cand.  5 branch on var x[(28, 10)]_0_3278_0_OspV (lhs=0.8333)   : [ 4178.6500,  4179.6200], score = 0.05 (h)  <et=432.39>
SB phase 1 cand. 10 branch on var x[(0, 19)]_0_2178_0_OspV (lhs=0.6667)    : [ 4178.7500,  4178.8500], score = 0.04      <et=433.49>
SB phase 1 cand. 17 branch on var x[(35, 81)]_0_4195_0_OspV (lhs=0.3333)   : [ 4179.0000,  4179.3333], score = 0.29 (h)  <et=435.36>
SB phase 1 cand. 21 branch on var x[(35, 19)]_0_4134_0_OspV (lhs=0.3333)   : [ 4178.7500,  4180.6000], score = 0.30 (h)  <et=436.56>
SB phase 1 cand. 22 branch on var x[(118, 4)]_0_14162_0_OspV (lhs=0.3333)  : [ 4178.9799,  4179.0000], score = 0.15      <et=436.94>
SB phase 1 cand. 24 branch on var x[(118, 91)]_0_14249_0_OspV (lhs=0.6667) : [ 4179.0000,  4180.0750], score = 0.59      <et=437.39>
SB phase 1 cand. 33 branch on var x[(19, 81)]_0_2259_0_OspV (lhs=0.3333)   : [ 4178.7500,  4180.6000], score = 0.30 (h)  <et=439.46>
SB phase 1 cand. 50 branch on var x[(77, 91)]_0_9287_0_OspV (lhs=0.3333)   : [ 4179.0000,  4180.0750], score = 0.59      <et=444.54>
**** Strong branching phase 2 is started *****
<DWph=1> <it= 13> <et=446.16> <Mt= 0.62> <Spt= 0.98> <nCl= 91> <DB= 4179.2287> <Mlp= 4179.2287> <PB=19614.8> 
----- Add core cuts : CAP(18), max.viol = 1, aver.viol = 1, sep/add took 0.0178557/0.453436 sec. -----
<DWph=1> <it=  6> <et=448.44> <Mt= 0.87> <Spt= 0.62> <nCl= 27> <DB= 4179.4800> <Mlp= 4179.4800> <PB=19614.8> 
SB phase 2 cand.  1 branch on var x[(118, 91)]_0_14249_0_OspV (lhs=0.6667): [ 4179.2287,  4179.4800], score = 0.55      <et=448.48>
<DWph=1> <it= 10> <et=450.89> <Mt= 1.23> <Spt= 1.04> <nCl=109> <DB= 4178.8333> <Mlp= 4178.8333> <PB=19614.8> 
----- Add core cuts : CAP(18), max.viol = 1, aver.viol = 1, sep/add took 0.0146868/0.397759 sec. -----
<DWph=1> <it=  7> <et=452.94> <Mt= 0.84> <Spt= 0.63> <nCl= 35> <DB= 4179.4800> <Mlp= 4179.4800> <PB=19614.8> 
SB phase 2 cand.  2 branch on var x[(77, 91)]_0_9287_0_OspV (lhs=0.3333)  : [ 4178.8333,  4179.4800], score = 0.21      <et=452.98>
----- Add core cuts : CAP(23), max.viol = 1, aver.viol = 1, sep/add took 0.0196326/0.529016 sec. -----
<DWph=1> <it= 23> <et=456.24> <Mt= 0.75> <Spt= 1.81> <nCl=332> <DB= 4181.3357> <Mlp= 4181.3357> <PB=19614.8> 
<DWph=1> <it=  3> <et=457.01> <Mt= 0.29> <Spt= 0.32> <nCl= 41> <DB= 4178.7500> <Mlp= 4178.7500> <PB=19614.8> 
SB phase 2 cand.  3 branch on var x[(35, 19)]_0_4134_0_OspV (lhs=0.3333)  : [ 4178.7500,  4181.3357], score = 0.41 (h)  <et=457.06>
**** Strong branching phase 3 is started *****
**** SB phase 3 evaluation of candidate 1, branch 1 ( x[(118, 91)]_0_14249_0_OspV <= 0 ), value = 4179.48
<DWph=2> <it=  6> <et=460.39> <Mt= 2.51> <Spt= 0.64> <nCl=104> <DB= 4179.4800> <Mlp= 4179.4800> <PB=19614.8> 
<DWph=1> <it=  8> <et=460.82> <Mt= 0.23> <Spt= 0.20> <nCl= 11> <DB= 4179.4800> <Mlp= 4179.4800> <PB=19614.8> 
<DWph=0> <it= 10> <et=461.41> <Mt= 0.25> <Spt= 0.34> <nCl=208> <DB= 4172.7012> <Mlp= 4179.4800> <PB=19614.8> 
<DWph=0> <it= 11> <et=461.64> <Mt= 0.02> <Spt= 0.20> <nCl= 92> <DB= 4179.4800> <Mlp= 4179.4800> <PB=19614.8> 
ColGenEvalAlg final dual bound: 4179.48 (rounded: 4179.48)
----- Add fac. cuts : CAP(4) R1C(156), max.viol = 0.2, aver.viol = 0.2, sep/add took 0.174365/0.837289 sec. -----
35416 columns (9300 active), 823 dyn. constrs. (249 active), 1110 art. vars. (491 active)
----- Add core cuts : CAP(13), max.viol = 1, aver.viol = 1, sep/add took 0.0115164/0.244676 sec. -----
<DWph=2> <it=  4> <et=464.23> <Mt= 0.80> <Spt= 0.42> <nCl= 64> <DB= 4179.5905> <Mlp= 4179.5905> <PB=19614.8> 
<DWph=1> <it= 10> <et=464.87> <Mt= 0.18> <Spt= 0.45> <nCl= 78> <DB= 4179.5882> <Mlp= 4179.5882> <PB=19614.8> 
<DWph=0> <it= 14> <et=465.74> <Mt= 0.34> <Spt= 0.53> <nCl=487> <DB= 4179.5375> <Mlp= 4179.5375> <PB=19614.8> 
ColGenEvalAlg final dual bound: 4179.54 (rounded: 4179.54)
----- Add fac. cuts : CAP(4), max.viol = 0.125, aver.viol = 0.125, sep/add took 0.538746/0.041139 sec. -----
36045 columns (9929 active), 814 dyn. constrs. (93 active), 1127 art. vars. (335 active)
<DWph=2> <it=  3> <et=466.79> <Mt= 0.12> <Spt= 0.25> <nCl= 52> <DB= 4179.5609> <Mlp= 4179.5609> <PB=19614.8> 
<DWph=1> <it=  8> <et=467.21> <Mt= 0.04> <Spt= 0.32> <nCl= 41> <DB= 4179.5602> <Mlp= 4179.5602> <PB=19614.8> 
<DWph=0> <it= 10> <et=467.46> <Mt= 0.03> <Spt= 0.22> <nCl=175> <DB= 4179.5578> <Mlp= 4179.5578> <PB=19614.8> 
ColGenEvalAlg final dual bound: 4179.56 (rounded: 4179.56)
----- Add fac. cuts : CAP(13) R1C(399), max.viol = 0.174699, aver.viol = 0.05796, sep/add took 0.831336/1.7784 sec. -----
35796 columns (6796 active), 1080 dyn. constrs. (489 active), 1539 art. vars. (731 active)
<DWph=2> <it=  1> <et=470.50> <Mt= 0.21> <Spt= 0.15> <nCl= 18> <DB= 4179.5875> <Mlp= 4179.5875> <PB=19614.8> 
<DWph=1> <it=  2> <et=470.62> <Mt= 0.01> <Spt= 0.12> <nCl=  2> <DB= 4179.5875> <Mlp= 4179.5875> <PB=19614.8> 
<DWph=0> <it=  7> <et=472.46> <Mt= 1.15> <Spt= 0.68> <nCl=344> <DB= 4179.5875> <Mlp= 4179.5875> <PB=19614.8> 
ColGenEvalAlg final dual bound: 4179.59 (rounded: 4179.59)
----- Add fac. cuts : sep. took 0.481117 sec.----- no cuts found  -----
**** SB phase 3 evaluation of candidate 1, branch 2 ( x[(118, 91)]_0_14249_0_OspV >= 1 ), value = 4179.23
<DWph=2> <it=  8> <et=474.88> <Mt= 0.80> <Spt= 0.57> <nCl=190> <DB= 4179.2287> <Mlp= 4179.2287> <PB=19614.8> 
<DWph=1> <it= 10> <et=475.06> <Mt= 0.05> <Spt= 0.13> <nCl= 54> <DB= 3105.4099> <Mlp= 4179.2287> <PB=19614.8> 
<DWph=1> <it= 19> <et=475.93> <Mt= 0.15> <Spt= 0.72> <nCl=160> <DB= 4179.2282> <Mlp= 4179.2282> <PB=19614.8> 
<DWph=0> <it= 20> <et=476.07> <Mt= 0.00> <Spt= 0.13> <nCl=150> <DB= 3201.6132> <Mlp= 4179.2282> <PB=19614.8> 
<DWph=0> <it= 23> <et=476.67> <Mt= 0.21> <Spt= 0.39> <nCl=225> <DB= 4179.0864> <Mlp= 4179.0864> <PB=19614.8> 
ColGenEvalAlg final dual bound: 4179.09 (rounded: 4179.09)
----- Add fac. cuts : CAP(17) R1C(153), max.viol = 0.454545, aver.viol = 0.123529, sep/add took 0.0399814/1.26174 sec. -----
36728 columns (9728 active), 849 dyn. constrs. (246 active), 1091 art. vars. (488 active)
<DWph=2> <it=  6> <et=478.68> <Mt= 0.23> <Spt= 0.43> <nCl= 95> <DB= 4179.6040> <Mlp= 4179.6040> <PB=19614.8> 
<DWph=1> <it=  9> <et=478.95> <Mt= 0.02> <Spt= 0.25> <nCl= 68> <DB= 4179.5938> <Mlp= 4179.5938> <PB=19614.8> 
<DWph=0> <it= 10> <et=479.07> <Mt= 0.00> <Spt= 0.11> <nCl=148> <DB= 3764.4642> <Mlp= 4179.5938> <PB=19614.8> 
<DWph=0> <it= 14> <et=479.59> <Mt= 0.06> <Spt= 0.42> <nCl=238> <DB= 4179.5000> <Mlp= 4179.5000> <PB=19614.8> 
ColGenEvalAlg final dual bound: 4179.5 (rounded: 4179.5)
----- Add fac. cuts : CAP(4) R1C(208), max.viol = 0.5, aver.viol = 0.5, sep/add took 0.409493/0.960639 sec. -----
37259 columns (6863 active), 1061 dyn. constrs. (282 active), 1303 art. vars. (524 active)
<DWph=2> <it=  2> <et=481.30> <Mt= 0.10> <Spt= 0.22> <nCl= 40> <DB= 4179.5176> <Mlp= 4179.5176> <PB=19614.8> 
<DWph=1> <it=  3> <et=481.42> <Mt= 0.00> <Spt= 0.11> <nCl=  3> <DB= 4179.5176> <Mlp= 4179.5176> <PB=19614.8> 
<DWph=0> <it=  4> <et=481.57> <Mt= 0.00> <Spt= 0.15> <nCl= 40> <DB= 4179.5176> <Mlp= 4179.5176> <PB=19614.8> 
ColGenEvalAlg final dual bound: 4179.52 (rounded: 4179.52)
----- Add fac. cuts : CAP(4) R1C(551), max.viol = 0.136727, aver.viol = 0.0810649, sep/add took 1.01544/1.79383 sec. -----
37342 columns (6946 active), 1455 dyn. constrs. (622 active), 1858 art. vars. (864 active)
<DWph=2> <it=  1> <et=484.68> <Mt= 0.12> <Spt= 0.10> <nCl=  8> <DB= 4179.6500> <Mlp= 4179.6500> <PB=19614.8> 
<DWph=1> <it=  8> <et=486.57> <Mt= 1.33> <Spt= 0.55> <nCl= 55> <DB= 4179.6500> <Mlp= 4179.6500> <PB=19614.8> 
<DWph=0> <it= 10> <et=487.26> <Mt= 0.42> <Spt= 0.28> <nCl=188> <DB= 4148.4332> <Mlp= 4179.6500> <PB=19614.8> 
<DWph=0> <it= 13> <et=488.25> <Mt= 0.55> <Spt= 0.44> <nCl=221> <DB= 4179.6500> <Mlp= 4179.6500> <PB=19614.8> 
ColGenEvalAlg final dual bound: 4179.65 (rounded: 4179.65)
----- Add fac. cuts : CAP(10) R1C(229), max.viol = 0.5, aver.viol = 0.445607, sep/add took 0.470709/1.13198 sec. -----
37814 columns (7418 active), 1481 dyn. constrs. (331 active), 2097 art. vars. (573 active)
<DWph=2> <it=  1> <et=490.17> <Mt= 0.12> <Spt= 0.11> <nCl= 18> <DB= 4179.7172> <Mlp= 4179.7172> <PB=19614.8> 
<DWph=1> <it=  4> <et=490.42> <Mt= 0.01> <Spt= 0.23> <nCl= 15> <DB= 4179.7172> <Mlp= 4179.7172> <PB=19614.8> 
<DWph=0> <it=  8> <et=491.21> <Mt= 0.32> <Spt= 0.47> <nCl=248> <DB= 4179.7125> <Mlp= 4179.7125> <PB=19614.8> 
ColGenEvalAlg final dual bound: 4179.71 (rounded: 4179.71)
----- Cut generation is stopped due to tailing off -----
SB exact phase 3 branch on var x[(118, 91)]_0_14249_0_OspV (lhs=0.666667) : [4179.5875, 4179.7125], tree depth = 1e+12, tree size = 1e+12, score = -0.9536
************************************************************************************************
**** BaB tree node (N° 14, parent N° 13, depth 7)
**** Local DB = 4179.59, global bounds : [ 4177.25 , 19614.8 ], TIME = 0h8m11s39t = 49139
**** 8 open nodes, 37661 columns (7699 active), 725 dyn. constrs. (99 active), 967 art. vars. (341 active)
************************************************************************************************
**** Strong branching phase 1 is started *****
SB phase 1 cand.  1 branch on var x[(7, 33)]_0_759_0_OspV (lhs=0.1250)     : [ 4179.6000,  4181.0000], score = 0.02 (h)  <et=491.86>
SB phase 1 cand.  2 branch on var x[(0, 95)]_0_11374_0_OspV (lhs=0.5000)   : [ 4179.6000,  4179.6901], score = 0.00      <et=492.06>
SB phase 1 cand.  3 branch on var x[(0, 82)]_0_9801_0_OspV (lhs=0.8750)    : [ 4179.5962,  4180.0000], score = 0.00 (h)  <et=492.27>
SB phase 1 cand.  5 branch on var x[(105, 15)]_0_12600_0_OspV (lhs=0.8750) : [ 4179.6000,  4181.0000], score = 0.02 (h)  <et=492.64>
SB phase 1 cand.  7 branch on var x[(12, 105)]_0_1436_0_OspV (lhs=0.1250)  : [ 4179.6000,  4181.0000], score = 0.02 (h)  <et=492.99>
SB phase 1 cand. 17 branch on var x[(105, 7)]_0_12592_0_OspV (lhs=0.1250)  : [ 4179.6000,  4181.0000], score = 0.02 (h)  <et=494.57>
SB phase 1 cand. 22 branch on var x[(110, 76)]_0_13266_0_OspV (lhs=0.1250) : [ 4179.6000,  4181.0167], score = 0.02      <et=495.48>
**** Strong branching phase 2 is started *****
----- Add core cuts : CAP(42), max.viol = 1, aver.viol = 1, sep/add took 0.036137/1.32002 sec. -----
<DWph=1> <it= 11> <et=503.14> <Mt= 0.27> <Spt= 0.91> <nCl=123> <DB= 4181.0167> <Mlp= 4181.0167> <PB=19614.8> 
----- Add core cuts : CAP(24), max.viol = 1, aver.viol = 1, sep/add took 0.0282894/0.675259 sec. -----
<DWph=1> <it=  2> <et=504.51> <Mt= 0.04> <Spt= 0.27> <nCl= 12> <DB= 4179.6027> <Mlp= 4179.6027> <PB=19614.8> 
SB phase 2 cand.  1 branch on var x[(110, 76)]_0_13266_0_OspV (lhs=0.1250): [ 4179.6027,  4181.0167], score = 0.02      <et=504.57>
----- Add core cuts : CAP(52), max.viol = 1, aver.viol = 1, sep/add took 0.0526949/1.47689 sec. -----
----- Add core cuts : CAP(59), max.viol = 1, aver.viol = 1, sep/add took 0.0715617/1.84444 sec. -----
<DWph=1> <it= 11> <et=510.31> <Mt= 0.84> <Spt= 1.33> <nCl=111> <DB= 4181.1000> <Mlp= 4181.1000> <PB=19614.8> 
----- Add core cuts : CAP(24), max.viol = 1, aver.viol = 1, sep/add took 0.0318416/0.700452 sec. -----
----- Add core cuts : CAP(20), max.viol = 1, aver.viol = 1, sep/add took 0.0222483/0.470491 sec. -----
<DWph=1> <it= 10> <et=513.78> <Mt= 0.27> <Spt= 1.73> <nCl=100> <DB= 4179.7400> <Mlp= 4179.7400> <PB=19614.8> 
SB phase 2 cand.  2 branch on var x[(105, 15)]_0_12600_0_OspV (lhs=0.8750): [ 4179.7400,  4181.1000], score = 0.23 (h)  <et=513.87>
----- Add core cuts : CAP(55), max.viol = 1, aver.viol = 1, sep/add took 0.0579892/1.6415 sec. -----
----- Add core cuts : CAP(60), max.viol = 1, aver.viol = 1, sep/add took 0.069905/1.88343 sec. -----
<DWph=1> <it= 10> <et=519.76> <Mt= 0.57> <Spt= 1.54> <nCl= 92> <DB= 4181.1000> <Mlp= 4181.1000> <PB=19614.8> 
----- Add core cuts : CAP(24), max.viol = 1, aver.viol = 1, sep/add took 0.0313675/0.647155 sec. -----
----- Add core cuts : CAP(20), max.viol = 1, aver.viol = 1, sep/add took 0.0269275/0.462779 sec. -----
<DWph=1> <it=  3> <et=522.18> <Mt= 0.19> <Spt= 0.82> <nCl= 32> <DB= 4179.7223> <Mlp= 4179.7223> <PB=19614.8> 
SB phase 2 cand.  3 branch on var x[(12, 105)]_0_1436_0_OspV (lhs=0.1250) : [ 4179.7223,  4181.1000], score = 0.20 (h)  <et=522.3>
**** Strong branching phase 3 is started *****
**** SB phase 3 evaluation of candidate 1, branch 1 ( x[(105, 15)]_0_12600_0_OspV <= 0 ), value = 4181.1
<DWph=2> <it=  2> <et=523.35> <Mt= 0.28> <Spt= 0.45> <nCl= 39> <DB= 4181.1000> <Mlp= 4181.1000> <PB=19614.8> 
<DWph=1> <it=  3> <et=523.65> <Mt= 0.00> <Spt= 0.29> <nCl=  0> <DB= 4181.1000> <Mlp= 4181.1000> <PB=19614.8> 
----- Add core cuts : CAP(44), max.viol = 1, aver.viol = 1, sep/add took 0.0640802/1.54819 sec. -----
<DWph=0> <it=  8> <et=526.78> <Mt= 0.53> <Spt= 0.98> <nCl=378> <DB= 4181.1500> <Mlp= 4181.1500> <PB=19614.8> 
ColGenEvalAlg final dual bound: 4181.15 (rounded: 4181.15)
----- Add fac. cuts : CAP(35) R1C(110), max.viol = 1, aver.viol = 0.555172, sep/add took 0.232842/1.45099 sec. -----
37827 columns (7688 active), 767 dyn. constrs. (222 active), 1278 art. vars. (464 active)
----- Add core cuts : CAP(38), max.viol = 1, aver.viol = 1, sep/add took 0.0363483/1.11854 sec. -----
<DWph=2> <it=  7> <et=531.98> <Mt= 0.64> <Spt= 1.21> <nCl=115> <DB= 4183.0500> <Mlp= 4183.0500> <PB=19614.8> 
<DWph=1> <it=  9> <et=532.37> <Mt= 0.03> <Spt= 0.37> <nCl= 31> <DB= 4183.0500> <Mlp= 4183.0500> <PB=19614.8> 
<DWph=0> <it= 10> <et=532.53> <Mt= 0.00> <Spt= 0.15> <nCl= 65> <DB= 3985.0500> <Mlp= 4183.0500> <PB=19614.8> 
<DWph=0> <it= 13> <et=533.07> <Mt= 0.13> <Spt= 0.41> <nCl=134> <DB= 4183.0500> <Mlp= 4183.0500> <PB=19614.8> 
ColGenEvalAlg final dual bound: 4183.05 (rounded: 4183.05)
----- Add fac. cuts : CAP(40) R1C(366), max.viol = 0.666667, aver.viol = 0.226601, sep/add took 0.552572/2.67178 sec. -----
38172 columns (8033 active), 1066 dyn. constrs. (462 active), 1722 art. vars. (704 active)
<DWph=2> <it= 10> <et=538.55> <Mt= 0.94> <Spt= 1.01> <nCl=136> <DB= 3994.3666> <Mlp= 4188.9623> <PB=19614.8> 
<DWph=2> <it= 15> <et=539.04> <Mt= 0.06> <Spt= 0.42> <nCl= 32> <DB= 4188.9588> <Mlp= 4188.9588> <PB=19614.8> 
<DWph=1> <it= 20> <et=539.59> <Mt= 0.08> <Spt= 0.48> <nCl= 83> <DB= 3842.5471> <Mlp= 4188.9588> <PB=19614.8> 
<DWph=1> <it= 23> <et=540.10> <Mt= 0.14> <Spt= 0.36> <nCl= 50> <DB= 4188.9023> <Mlp= 4188.9023> <PB=19614.8> 
<DWph=0> <it= 27> <et=542.36> <Mt= 1.38> <Spt= 0.88> <nCl=537> <DB= 4186.0667> <Mlp= 4186.0667> <PB=19614.8> 
ColGenEvalAlg final dual bound: 4186.07 (rounded: 4186.07)
----- Add fac. cuts : CAP(27) R1C(489), max.viol = 0.285714, aver.viol = 0.159053, sep/add took 0.754386/3.18309 sec. -----
39010 columns (8871 active), 1433 dyn. constrs. (604 active), 2238 art. vars. (846 active)
<DWph=2> <it=  1> <et=547.00> <Mt= 0.38> <Spt= 0.16> <nCl= 15> <DB= 4187.4500> <Mlp= 4187.4500> <PB=19614.8> 
<DWph=1> <it=  2> <et=547.18> <Mt= 0.01> <Spt= 0.16> <nCl=  4> <DB= 4187.4500> <Mlp= 4187.4500> <PB=19614.8> 
<DWph=0> <it=  8> <et=554.28> <Mt= 5.99> <Spt= 1.11> <nCl=532> <DB= 4186.7333> <Mlp= 4186.7333> <PB=19614.8> 
ColGenEvalAlg final dual bound: 4186.73 (rounded: 4186.73)
----- Add fac. cuts : CAP(1), max.viol = 0.333333, aver.viol = 0.333333, sep/add took 0.480616/0.028571 sec. -----
39561 columns (9422 active), 1063 dyn. constrs. (151 active), 2239 art. vars. (393 active)
<DWph=2> <it=  1> <et=555.31> <Mt= 0.15> <Spt= 0.13> <nCl=  3> <DB= 4186.7667> <Mlp= 4186.7667> <PB=19614.8> 
<DWph=1> <it=  2> <et=555.46> <Mt= 0.00> <Spt= 0.14> <nCl=  0> <DB= 4186.7667> <Mlp= 4186.7667> <PB=19614.8> 
<DWph=0> <it=  3> <et=555.63> <Mt= 0.01> <Spt= 0.18> <nCl= 52> <DB= 4186.7667> <Mlp= 4186.7667> <PB=19614.8> 
ColGenEvalAlg final dual bound: 4186.77 (rounded: 4186.77)
----- Cut generation is stopped due to tailing off -----
**** SB phase 3 evaluation of candidate 1, branch 2 ( x[(105, 15)]_0_12600_0_OspV >= 1 ), value = 4179.74
<DWph=2> <it= 10> <et=558.42> <Mt= 1.25> <Spt= 0.98> <nCl=235> <DB= 4095.7400> <Mlp= 4179.7400> <PB=19614.8> 
<DWph=2> <it= 11> <et=558.57> <Mt= 0.03> <Spt= 0.12> <nCl=  2> <DB= 4179.7400> <Mlp= 4179.7400> <PB=19614.8> 
<DWph=1> <it= 14> <et=558.95> <Mt= 0.12> <Spt= 0.27> <nCl= 23> <DB= 4179.7400> <Mlp= 4179.7400> <PB=19614.8> 
<DWph=0> <it= 18> <et=559.47> <Mt= 0.15> <Spt= 0.36> <nCl=296> <DB= 4179.7176> <Mlp= 4179.7176> <PB=19614.8> 
ColGenEvalAlg final dual bound: 4179.72 (rounded: 4179.72)
----- Add fac. cuts : CAP(19) R1C(150), max.viol = 0.0588235, aver.viol = 0.0339367, sep/add took 0.0260385/1.13373 sec. -----
39913 columns (7816 active), 747 dyn. constrs. (241 active), 989 art. vars. (483 active)
<DWph=2> <it=  1> <et=560.90> <Mt= 0.09> <Spt= 0.14> <nCl=  7> <DB= 4179.7500> <Mlp= 4179.7500> <PB=19614.8> 
<DWph=1> <it=  2> <et=561.06> <Mt= 0.00> <Spt= 0.15> <nCl= 11> <DB= 4179.7500> <Mlp= 4179.7500> <PB=19614.8> 
<DWph=0> <it=  4> <et=561.57> <Mt= 0.16> <Spt= 0.34> <nCl=221> <DB= 4179.7500> <Mlp= 4179.7500> <PB=19614.8> 
ColGenEvalAlg final dual bound: 4179.75 (rounded: 4179.75)
----- Add fac. cuts : sep. took 0.502684 sec.----- no cuts found  -----
SB exact phase 3 branch on var x[(105, 15)]_0_12600_0_OspV (lhs=0.875) : [4186.7667, 4179.75], tree depth = 1e+12, tree size = 1e+12, score = -0.5612 (h)
************************************************************************************************
**** BaB tree node (N° 17, parent N° 14, depth 8)
**** Local DB = 4179.75, global bounds : [ 4177.25 , 19614.8 ], TIME = 0h9m22s26t = 56226
**** 9 open nodes, 40152 columns (8055 active), 578 dyn. constrs. (112 active), 820 art. vars. (354 active)
************************************************************************************************
**** Strong branching phase 1 is started *****
SB phase 1 cand.  1 branch on var x[(1, 7)]_0_7_0_OspV (lhs=0.5000)      : [ 4179.8000,  4180.3000], score = 0.03 (h)  <et=562.55>
SB phase 1 cand.  2 branch on var x[(97, 1)]_0_11618_0_OspV (lhs=0.5000) : [ 4179.8000,  4180.6000], score = 0.04      <et=562.86>
SB phase 1 cand.  3 branch on var x[(23, 95)]_0_2757_0_OspV (lhs=0.5000) : [ 4180.0000,  4180.1500], score = 0.10 (h)  <et=563.27>
SB phase 1 cand.  6 branch on var x[(55, 23)]_0_6558_0_OspV (lhs=0.5000) : [ 4179.9996,  4180.4000], score = 0.16 (h)  <et=564.37>
SB phase 1 cand.  8 branch on var x[(97, 23)]_0_11640_0_OspV (lhs=0.5000): [ 4180.0000,  4180.1500], score = 0.10 (h)  <et=565.02>
**** Strong branching phase 2 is started *****
----- Add core cuts : CAP(14), max.viol = 1, aver.viol = 1, sep/add took 0.0143914/0.367713 sec. -----
<DWph=1> <it= 11> <et=568.22> <Mt= 0.43> <Spt= 0.97> <nCl=124> <DB= 4180.9000> <Mlp= 4180.9000> <PB=19614.8> 
<DWph=1> <it=  9> <et=569.31> <Mt= 0.08> <Spt= 0.77> <nCl=130> <DB= 4179.9682> <Mlp= 4179.9682> <PB=19614.8> 
SB phase 2 cand.  1 branch on var x[(55, 23)]_0_6558_0_OspV (lhs=0.5000) : [ 4179.9682,  4180.9000], score = 0.25 (h)  <et=569.36>
<DWph=1> <it=  4> <et=570.06> <Mt= 0.10> <Spt= 0.45> <nCl= 63> <DB= 4180.1500> <Mlp= 4180.1500> <PB=19614.8> 
<DWph=1> <it= 12> <et=572.02> <Mt= 0.72> <Spt= 1.06> <nCl=208> <DB= 4180.0000> <Mlp= 4180.0000> <PB=4180> 
SB phase 2 cand.  2 branch on var x[(23, 95)]_0_2757_0_OspV (lhs=0.5000) : [ 4180.0000,  4180.1500], score = 0.10 (h)  <et=572.07>
<DWph=1> <it=  8> <et=573.18> <Mt= 0.10> <Spt= 0.87> <nCl= 80> <DB= 4180.1500> <Mlp= 4180.1500> <PB=4180> 
<DWph=1> <it=  4> <et=574.01> <Mt= 0.14> <Spt= 0.50> <nCl= 74> <DB= 4180.0000> <Mlp= 4180.0000> <PB=4180> 
SB phase 2 cand.  3 branch on var x[(97, 23)]_0_11640_0_OspV (lhs=0.5000): [ 4180.0000,  4180.1500], score = 0.10 (h)  <et=574.06>
**** Strong branching phase 3 is started *****
**** SB phase 3 evaluation of candidate 1, branch 1 ( x[(55, 23)]_0_6558_0_OspV >= 1 ), value = 4180.9
<DWph=2> <it=  7> <et=575.60> <Mt= 0.74> <Spt= 0.62> <nCl=126> <DB= 4180.9000> <Mlp= 4180.9000> <PB=4180> 
<DWph=1> <it=  8> <et=575.73> <Mt= 0.00> <Spt= 0.13> <nCl=  2> <DB= 4180.9000> <Mlp= 4180.9000> <PB=4180> 
<DWph=0> <it= 10> <et=576.03> <Mt= 0.10> <Spt= 0.21> <nCl=199> <DB= 3948.1327> <Mlp= 4180.8120> <PB=4180> 
<DWph=0> <it= 14> <et=576.47> <Mt= 0.08> <Spt= 0.35> <nCl=194> <DB= 4180.7789> <Mlp= 4180.7789> <PB=4180> 
ColGenEvalAlg final dual bound: 4180.78 (rounded: 4180.78)
**** SB phase 3 evaluation of candidate 1, branch 2 ( x[(55, 23)]_0_6558_0_OspV <= 0 ), value = 4179.97
<DWph=2> <it=  1> <et=576.81> <Mt= 0.00> <Spt= 0.12> <nCl=  6> <DB= 4179.9682> <Mlp= 4179.9682> <PB=4180> 
<DWph=1> <it=  2> <et=576.94> <Mt= 0.01> <Spt= 0.13> <nCl=  0> <DB= 4179.9682> <Mlp= 4179.9682> <PB=4180> 
<DWph=0> <it=  6> <et=577.50> <Mt= 0.05> <Spt= 0.50> <nCl=352> <DB= 4179.9667> <Mlp= 4179.9667> <PB=4180> 
Reduced cost fixing for graph G_0...  TT = 0.045601, pt = 0.006455, dt = 0.038245, ct = 0, ndl = 4832', bdl = 94517', odl = 2503', odf = 14750', lpcb = 145235', cnt = 8382', bdch = 248353', odch = 22510', lcp = 22127'
took 0.04 sec., 2594 buck. arcs remain (3.65% from prev., 0.862% from max.)
Run enumeration... took 0.06 sec. and succeeded! 
ColGenEvalAlg final dual bound: 4179.97 (rounded: 4179.97)
----- Terminating the node by MIP -----
MIP found solution with value 4180
 SB phase 3 candidate 1 is conquered !
New model incumbent solution 4180, TIME = 0h9m38s89t = 57889
************************************************************************************************
**** BaB tree node (N° 15, parent N° 13, depth 7)
**** Local DB = 4179.71, global bounds : [ 4177.25 , 4180 ], TIME = 0h9m38s91t = 57891
**** 7 open nodes, ETS : 22, 47389 columns (7237 active), 564 dyn. constrs. (113 active), 806 art. vars. (355 active)
************************************************************************************************
**** Strong branching phase 1 is started *****
SB phase 1 cand.  1 branch on var x[(105, 15)]_0_12600_0_OspV (lhs=0.5000) : [ 4179.9000,  4180.1500], score = 0.05 (h)  <et=579.36>
SB phase 1 cand.  2 branch on var x[(0, 109)]_0_13068_0_OspV (lhs=0.5000)  : [ 4180.0833,  4180.3333], score = 0.23      <et=579.56>
SB phase 1 cand.  3 branch on var x[(55, 23)]_0_6558_0_OspV (lhs=0.5000)   : [ 4179.7250,  4180.5000], score = 0.00 (h)  <et=579.71>
SB phase 1 cand.  4 branch on var x[(0, 75)]_0_8954_0_OspV (lhs=0.5000)    : [ 4180.0542,  4180.3333], score = 0.21      <et=579.94>
SB phase 1 cand.  5 branch on var x[(0, 82)]_0_9801_0_OspV (lhs=0.5000)    : [ 4180.1000,  4182.0333], score = 0.90 (h)  <et=580.18>
SB phase 1 cand.  8 branch on var x[(10, 37)]_0_1126_0_OspV (lhs=0.5000)   : [ 4180.0972,  4181.1125], score = 0.54      <et=580.66>
SB phase 1 cand. 33 branch on var x[(96, 22)]_0_11518_0_OspV (lhs=0.5000)  : [ 4180.1000,  4184.1559], score = 1.72 (h)  <et=584.25>
SB phase 1 cand. 40 branch on var x[(72, 82)]_0_8673_0_OspV (lhs=0.5000)   : [ 4180.1000,  4182.0333], score = 0.90      <et=585.44>
SB phase 1 cand. 43 branch on var x[(96, 81)]_0_11577_0_OspV (lhs=0.5000)  : [ 4180.1000,  4184.8000], score = 1.97 (h)  <et=585.93>
SB phase 1 cand. 48 branch on var x[(82, 22)]_0_9824_0_OspV (lhs=0.5000)   : [ 4180.1000,  4184.8000], score = 1.97      <et=586.65>
**** Strong branching phase 2 is started *****
<DWph=1> <it=  9> <et=587.85> <Mt= 0.42> <Spt= 0.54> <nCl= 94> <DB= 4181.1500> <Mlp= 4181.1500> <PB=4180> 
<DWph=1> <it=  5> <et=588.83> <Mt= 0.03> <Spt= 0.46> <nCl=102> <DB= 4180.1000> <Mlp= 4180.1000> <PB=4180> 
SB phase 2 cand.  1 branch on var x[(96, 81)]_0_11577_0_OspV (lhs=0.5000): [ 4180.1000,  4181.1500], score = 0.56 (h)  <et=588.87>
<DWph=1> <it= 20> <et=590.88> <Mt= 0.46> <Spt= 1.41> <nCl=176> <DB= 4180.6054> <Mlp= 4180.6054> <PB=4180> 
<DWph=1> <it=  3> <et=591.34> <Mt= 0.01> <Spt= 0.27> <nCl= 28> <DB= 4180.1000> <Mlp= 4180.1000> <PB=4180> 
SB phase 2 cand.  2 branch on var x[(96, 22)]_0_11518_0_OspV (lhs=0.5000): [ 4180.1000,  4180.6054], score = 0.35 (h)  <et=591.38>
<DWph=1> <it= 14> <et=592.80> <Mt= 0.21> <Spt= 1.09> <nCl=196> <DB= 4181.1336> <Mlp= 4181.1336> <PB=4180> 
<DWph=1> <it=  2> <et=593.22> <Mt= 0.00> <Spt= 0.22> <nCl= 18> <DB= 4180.1000> <Mlp= 4180.1000> <PB=4180> 
SB phase 2 cand.  3 branch on var x[(0, 82)]_0_9801_0_OspV (lhs=0.5000)  : [ 4180.1000,  4181.1336], score = 0.55 (h)  <et=593.26>
**** Strong branching phase 3 is started *****
**** SB phase 3 evaluation of candidate 1, branch 1 ( x[(96, 81)]_0_11577_0_OspV >= 1 ), value = 4181.15
<DWph=2> <it=  1> <et=593.52> <Mt= 0.01> <Spt= 0.11> <nCl=  0> <DB= 4181.1500> <Mlp= 4181.1500> <PB=4180> 
<DWph=1> <it=  2> <et=593.66> <Mt= 0.00> <Spt= 0.13> <nCl=  0> <DB= 4181.1500> <Mlp= 4181.1500> <PB=4180> 
<DWph=0> <it=  4> <et=593.92> <Mt= 0.01> <Spt= 0.25> <nCl= 44> <DB= 4181.1500> <Mlp= 4181.1500> <PB=4180> 
ColGenEvalAlg final dual bound: 4181.15 (rounded: 4181.15)
**** SB phase 3 evaluation of candidate 1, branch 2 ( x[(96, 81)]_0_11577_0_OspV <= 0 ), value = 4180.1
<DWph=2> <it=  1> <et=594.27> <Mt= 0.00> <Spt= 0.12> <nCl=  9> <DB= 4180.1000> <Mlp= 4180.1000> <PB=4180> 
<DWph=1> <it=  2> <et=594.41> <Mt= 0.01> <Spt= 0.13> <nCl=  0> <DB= 4180.1000> <Mlp= 4180.1000> <PB=4180> 
<DWph=0> <it=  7> <et=595.20> <Mt= 0.23> <Spt= 0.56> <nCl=354> <DB= 4179.9333> <Mlp= 4179.9333> <PB=4180> 
Reduced cost fixing for graph G_0...  TT = 0.059152, pt = 0.009572, dt = 0.048142, ct = 0, ndl = 6233', bdl = 109133', odl = 2640', odf = 18455', lpcb = 204389', cnt = 11290', bdch = 298604', odch = 35400', lcp = 27946'
took 0.05 sec., 2665 buck. arcs remain (3.74% from prev., 0.886% from max.)
Run enumeration... took 0.05 sec. and succeeded! 
ColGenEvalAlg final dual bound: 4179.93 (rounded: 4179.93)
----- Terminating the node by MIP -----
 SB phase 3 candidate 1 is conquered !
************************************************************************************************
**** BaB tree node (N° 8, parent N° 7, depth 4)
**** Local DB = 4177.25, global bounds : [ 4177.25 , 4180 ], TIME = 0h9m56s27t = 59627
**** 4 open nodes, ETS : 23, 45009 columns (5752 active), 498 dyn. constrs. (100 active), 740 art. vars. (342 active)
************************************************************************************************
**** Strong branching phase 1 is started *****
SB phase 1 cand.  1 branch on var x[(49, 79)]_0_5887_0_OspV (lhs=0.5000)   : [ 4177.5000,  4177.5500], score = 0.07 (h)  <et=596.74>
SB phase 1 cand.  2 branch on var x[(0, 37)]_0_4356_0_OspV (lhs=0.5000)    : [ 4177.3000,  4177.5000], score = 0.01      <et=596.8>
SB phase 1 cand.  3 branch on var x[(105, 15)]_0_12600_0_OspV (lhs=0.5000) : [ 4177.5000,  4177.5500], score = 0.07 (h)  <et=596.97>
SB phase 1 cand.  5 branch on var x[(7, 15)]_0_741_0_OspV (lhs=0.5000)     : [ 4177.4471,  4177.5000], score = 0.05 (h)  <et=597.19>
SB phase 1 cand. 12 branch on var x[(106, 99)]_0_12805_0_OspV (lhs=0.5000) : [ 4177.5000,  4177.5500], score = 0.07      <et=598.18>
SB phase 1 cand. 26 branch on var x[(33, 94)]_0_3966_0_OspV (lhs=0.5000)   : [ 4177.5000,  4177.5500], score = 0.07      <et=600.05>
SB phase 1 cand. 29 branch on var x[(112, 120)]_0_13551_0_OspV (lhs=0.5000): [ 4177.5000,  4177.5500], score = 0.07 (h)  <et=600.48>
SB phase 1 cand. 33 branch on var x[(31, 112)]_0_3742_0_OspV (lhs=0.5000)  : [ 4177.5000,  4177.5500], score = 0.07 (h)  <et=601.08>
**** Strong branching phase 2 is started *****
<DWph=1> <it=  2> <et=603.82> <Mt= 0.00> <Spt= 0.15> <nCl=  7> <DB= 4177.5500> <Mlp= 4177.5500> <PB=4180> 
----- Add core cuts : CAP(52), max.viol = 1, aver.viol = 1, sep/add took 0.0502267/1.48515 sec. -----
<DWph=1> <it=  6> <et=606.44> <Mt= 0.06> <Spt= 0.57> <nCl= 51> <DB= 4177.5857> <Mlp= 4177.5857> <PB=4180> 
SB phase 2 cand.  1 branch on var x[(106, 99)]_0_12805_0_OspV (lhs=0.5000): [ 4177.5500,  4177.5857], score = 0.10      <et=606.49>
<DWph=1> <it=  2> <et=606.97> <Mt= 0.06> <Spt= 0.28> <nCl=  3> <DB= 4177.5500> <Mlp= 4177.5500> <PB=4180> 
----- Add core cuts : CAP(52), max.viol = 1, aver.viol = 1, sep/add took 0.0417278/1.50395 sec. -----
<DWph=1> <it= 17> <et=610.81> <Mt= 0.38> <Spt= 1.72> <nCl=257> <DB= 4177.9333> <Mlp= 4177.9333> <PB=4180> 
SB phase 2 cand.  2 branch on var x[(33, 94)]_0_3966_0_OspV (lhs=0.5000)  : [ 4177.5500,  4177.9333], score = 0.20      <et=610.88>
<DWph=1> <it=  2> <et=611.38> <Mt= 0.01> <Spt= 0.34> <nCl= 10> <DB= 4177.5500> <Mlp= 4177.5500> <PB=4180> 
<DWph=1> <it=  3> <et=612.18> <Mt= 0.04> <Spt= 0.56> <nCl= 32> <DB= 4177.4700> <Mlp= 4177.4700> <PB=4180> 
SB phase 2 cand.  3 branch on var x[(94, 27)]_0_11281_0_OspV (lhs=0.5000) : [ 4177.4700,  4177.5500], score = 0.07      <et=612.26>
**** Strong branching phase 3 is started *****
**** SB phase 3 evaluation of candidate 1, branch 1 ( x[(33, 94)]_0_3966_0_OspV >= 1 ), value = 4177.93
<DWph=2> <it=  6> <et=614.28> <Mt= 0.96> <Spt= 0.77> <nCl=144> <DB= 4177.9333> <Mlp= 4177.9333> <PB=4180> 
<DWph=1> <it=  7> <et=614.47> <Mt= 0.00> <Spt= 0.18> <nCl=  3> <DB= 4177.9333> <Mlp= 4177.9333> <PB=4180> 
----- Add core cuts : CAP(32), max.viol = 1, aver.viol = 1, sep/add took 0.0302127/1.04312 sec. -----
<DWph=0> <it= 10> <et=616.32> <Mt= 0.43> <Spt= 0.35> <nCl=291> <DB= 4164.2980> <Mlp= 4178.6500> <PB=4180> 
<DWph=0> <it= 16> <et=617.70> <Mt= 0.33> <Spt= 1.05> <nCl=540> <DB= 4178.6000> <Mlp= 4178.6000> <PB=4180> 
Reduced cost fixing for graph G_0...  TT = 0.052477, pt = 0.006272, dt = 0.045333, ct = 0, ndl = 4739', bdl = 82318', odl = 2564', odf = 16578', lpcb = 146846', cnt = 9131', bdch = 207563', odch = 20430', lcp = 21459'
took 0.05 sec., 3526 buck. arcs remain (4.95% from prev., 1.17% from max.)
Run enumeration... took 0.5 sec. and succeeded! 
<DWph=2> <it= 17> <et=620.30> <Mt= 0.48> <Spt= 0.10> <nCl=  0> <DB= 4178.6000> <Mlp= 4178.6000> <PB=4180> 
<DWph=1> <it= 18> <et=620.41> <Mt= 0.00> <Spt= 0.10> <nCl=  0> <DB= 4178.6000> <Mlp= 4178.6000> <PB=4180> 
<DWph=0> <it= 19> <et=620.41> <Mt= 0.00> <Spt= 0.00> <nCl=  0> <DB= 4178.6000> <Mlp= 4178.6000> <PB=4180> 
<DWph=0> <it= 19> <et=620.41> <Mt= 0.00> <Spt= 0.00> <nCl=  0> <DB= 4178.6000> <Mlp= 4178.6000> <PB=4180> 
ColGenEvalAlg final dual bound: 4178.6 (rounded: 4178.6)
----- Add fac. cuts : CAP(8) R1C(120), max.viol = 0.5, aver.viol = 0.5, sep/add took 0.143041/0.475494 sec. -----
43234 columns (6068 active), 710 dyn. constrs. (280 active), 952 art. vars. (522 active)
<DWph=2> <it=  1> <et=621.24> <Mt= 0.02> <Spt= 0.10> <nCl=  0> <DB= 4178.6500> <Mlp= 4178.6500> <PB=4180> 
<DWph=1> <it=  2> <et=621.34> <Mt= 0.00> <Spt= 0.11> <nCl=  0> <DB= 4178.6500> <Mlp= 4178.6500> <PB=4180> 
<DWph=0> <it=  6> <et=622.65> <Mt= 0.71> <Spt= 0.60> <nCl=450> <DB= 4178.6500> <Mlp= 4178.6500> <PB=4180> 
Reduced cost fixing for graph G_0...  took 0.05 sec., done by inspection with 197151 solutions, remains 175906 (89.2%)
ColGenEvalAlg final dual bound: 4178.65 (rounded: 4178.65)
Gap improvement since the last cut separation : 0.0357143 (4178.6)
----- Add fac. cuts : CAP(8) R1C(80), max.viol = 0.5, aver.viol = 0.5, sep/add took 0.496884/0.424675 sec. -----
43684 columns (5186 active), 742 dyn. constrs. (182 active), 1040 art. vars. (424 active)
<DWph=2> <it=  1> <et=624.16> <Mt= 0.04> <Spt= 0.08> <nCl=  0> <DB= 4178.6500> <Mlp= 4178.6500> <PB=4180> 
<DWph=1> <it=  2> <et=624.24> <Mt= 0.00> <Spt= 0.08> <nCl=  0> <DB= 4178.6500> <Mlp= 4178.6500> <PB=4180> 
<DWph=0> <it=  3> <et=624.25> <Mt= 0.01> <Spt= 0.00> <nCl=  0> <DB= 4178.6500> <Mlp= 4178.6500> <PB=4180> 
<DWph=0> <it=  3> <et=624.25> <Mt= 0.00> <Spt= 0.00> <nCl=  0> <DB= 4178.6500> <Mlp= 4178.6500> <PB=4180> 
ColGenEvalAlg final dual bound: 4178.65 (rounded: 4178.65)
Gap improvement since the last cut separation : 2.46574e-10 (4178.65)
----- Add fac. cuts : sep. took 0.561526 sec.----- no cuts found  -----
**** SB phase 3 evaluation of candidate 1, branch 2 ( x[(33, 94)]_0_3966_0_OspV <= 0 ), value = 4177.55
<DWph=2> <it=  1> <et=626.06> <Mt= 0.05> <Spt= 0.11> <nCl=  3> <DB= 4177.5500> <Mlp= 4177.5500> <PB=4180> 
<DWph=1> <it=  2> <et=626.18> <Mt= 0.00> <Spt= 0.11> <nCl=  2> <DB= 4177.5500> <Mlp= 4177.5500> <PB=4180> 
<DWph=0> <it=  4> <et=626.41> <Mt= 0.01> <Spt= 0.22> <nCl= 86> <DB= 4177.5500> <Mlp= 4177.5500> <PB=4180> 
Reduced cost fixing for graph G_0...  TT = 0.048965, pt = 0.007413, dt = 0.040699, ct = 0, ndl = 5299', bdl = 92986', odl = 2785', odf = 18252', lpcb = 161896', cnt = 11678', bdch = 240352', odch = 25195', lcp = 25657'
took 0.04 sec., 3954 buck. arcs remain (5.56% from prev., 1.31% from max.)
Run enumeration... took 0.51 sec. and succeeded! 
<DWph=2> <it=  5> <et=627.96> <Mt= 0.18> <Spt= 0.04> <nCl=  0> <DB= 4177.5500> <Mlp= 4177.5500> <PB=4180> 
<DWph=1> <it=  6> <et=627.99> <Mt= 0.00> <Spt= 0.03> <nCl=  0> <DB= 4177.5500> <Mlp= 4177.5500> <PB=4180> 
<DWph=0> <it=  7> <et=627.99> <Mt= 0.00> <Spt= 0.00> <nCl=  0> <DB= 4177.5500> <Mlp= 4177.5500> <PB=4180> 
<DWph=0> <it=  7> <et=627.99> <Mt= 0.00> <Spt= 0.00> <nCl=  0> <DB= 4177.5500> <Mlp= 4177.5500> <PB=4180> 
ColGenEvalAlg final dual bound: 4177.55 (rounded: 4177.55)
----- Add fac. cuts : CAP(100), max.viol = 1, aver.viol = 0.6, sep/add took 0.415871/3.80244 sec. -----
48395 columns (6046 active), 678 dyn. constrs. (168 active), 920 art. vars. (410 active)
<DWph=2> <it=  1> <et=632.37> <Mt= 0.03> <Spt= 0.06> <nCl=  0> <DB= 4178.5333> <Mlp= 4178.5333> <PB=4180> 
<DWph=1> <it=  2> <et=632.45> <Mt= 0.01> <Spt= 0.07> <nCl=  0> <DB= 4178.5333> <Mlp= 4178.5333> <PB=4180> 
<DWph=0> <it= 10> <et=633.63> <Mt= 0.26> <Spt= 0.91> <nCl=945> <DB= 4175.1978> <Mlp= 4177.9500> <PB=4180> 
<DWph=0> <it= 13> <et=634.02> <Mt= 0.05> <Spt= 0.35> <nCl=187> <DB= 4177.8750> <Mlp= 4177.8750> <PB=4180> 
Reduced cost fixing for graph G_0...  took 0.06 sec., done by inspection with 222887 solutions, remains 112591 (50.5%)
ColGenEvalAlg final dual bound: 4177.88 (rounded: 4177.88)
Gap improvement since the last cut separation : 0.132653 (4177.55)
----- Add fac. cuts : CAP(9) R1C(148), max.viol = 0.5, aver.viol = 0.353503, sep/add took 0.217315/0.56288 sec. -----
49350 columns (4708 active), 835 dyn. constrs. (201 active), 1077 art. vars. (443 active)
<DWph=2> <it=  1> <et=635.25> <Mt= 0.07> <Spt= 0.07> <nCl=  0> <DB= 4179.0500> <Mlp= 4179.0500> <PB=4180> 
<DWph=1> <it=  2> <et=635.32> <Mt= 0.00> <Spt= 0.08> <nCl=  0> <DB= 4179.0500> <Mlp= 4179.0500> <PB=4180> 
<DWph=0> <it=  6> <et=635.67> <Mt= 0.02> <Spt= 0.32> <nCl=325> <DB= 4178.6500> <Mlp= 4178.6500> <PB=4180> 
Reduced cost fixing for graph G_0...  took 0.05 sec., done by inspection with 112591 solutions, remains 44143 (39.2%)
ColGenEvalAlg final dual bound: 4178.65 (rounded: 4178.65)
Gap improvement since the last cut separation : 0.364706 (4177.87)
----- Add fac. cuts : R1C(91), max.viol = 0.5, aver.viol = 0.5, sep/add took 0.597336/0.102339 sec. -----
47382 columns (3915 active), 827 dyn. constrs. (142 active), 1168 art. vars. (384 active)
<DWph=2> <it=  1> <et=636.86> <Mt= 0.00> <Spt= 0.03> <nCl=  0> <DB= 4178.6500> <Mlp= 4178.6500> <PB=4180> 
<DWph=1> <it=  2> <et=636.89> <Mt= 0.00> <Spt= 0.03> <nCl=  0> <DB= 4178.6500> <Mlp= 4178.6500> <PB=4180> 
<DWph=0> <it=  3> <et=636.89> <Mt= 0.00> <Spt= 0.00> <nCl=  0> <DB= 4178.6500> <Mlp= 4178.6500> <PB=4180> 
<DWph=0> <it=  3> <et=636.89> <Mt= 0.00> <Spt= 0.00> <nCl=  0> <DB= 4178.6500> <Mlp= 4178.6500> <PB=4180> 
ColGenEvalAlg final dual bound: 4178.65 (rounded: 4178.65)
Gap improvement since the last cut separation : -2.0211e-12 (4178.65)
----- Add fac. cuts : sep. took 0.56802 sec.----- no cuts found  -----
SB exact phase 3 branch on var x[(33, 94)]_0_3966_0_OspV (lhs=0.5) : [4178.65, 4178.65], tree depth = 1.964, tree size = 5.804, score = -0.7143
************************************************************************************************
**** BaB tree node (N° 22, parent N° 8, depth 5)
**** Local DB = 4178.65, global bounds : [ 4178.65 , 4180 ], TIME = 0h10m37s60t = 63760
**** 5 open nodes, ETS : 26, 46264 columns (3915 active), 682 dyn. constrs. (142 active), 924 art. vars. (384 active)
************************************************************************************************
**** Strong branching phase 3 is started *****
**** SB phase 3 evaluation of candidate 1, branch 1 ( x[(0, 26)]_0_3025_0_OspV >= 1 ), value = 1e+12
<DWph=2> <it=  1> <et=638.09> <Mt= 0.18> <Spt= 0.03> <nCl=  0> <DB= 4178.8480> <Mlp= 4178.8480> <PB=4180> 
<DWph=1> <it=  2> <et=638.12> <Mt= 0.01> <Spt= 0.03> <nCl=  0> <DB= 4178.8480> <Mlp= 4178.8480> <PB=4180> 
<DWph=0> <it=  6> <et=638.50> <Mt= 0.04> <Spt= 0.34> <nCl=399> <DB= 4178.7600> <Mlp= 4178.7600> <PB=4180> 
Reduced cost fixing for graph G_0...  took 0.05 sec., done by inspection with 175906 solutions, remains 136288 (77.5%)
ColGenEvalAlg final dual bound: 4178.76 (rounded: 4178.76)
----- Add fac. cuts : CAP(18) R1C(127), max.viol = 0.2, aver.viol = 0.2, sep/add took 0.239313/0.666696 sec. -----
45173 columns (5089 active), 820 dyn. constrs. (188 active), 1070 art. vars. (430 active)
<DWph=2> <it=  1> <et=639.76> <Mt= 0.06> <Spt= 0.04> <nCl=  0> <DB= 4178.8000> <Mlp= 4178.8000> <PB=4180> 
<DWph=1> <it=  2> <et=639.80> <Mt= 0.00> <Spt= 0.03> <nCl=  0> <DB= 4178.8000> <Mlp= 4178.8000> <PB=4180> 
<DWph=0> <it=  3> <et=639.93> <Mt= 0.00> <Spt= 0.14> <nCl=243> <DB= 4178.8000> <Mlp= 4178.8000> <PB=4180> 
Reduced cost fixing for graph G_0...  took 0.04 sec., done by inspection with 136288 solutions, remains 129557 (95.1%)
ColGenEvalAlg final dual bound: 4178.8 (rounded: 4178.8)
Gap improvement since the last cut separation : 0.0322581 (4178.76)
----- Add fac. cuts : CAP(1) R1C(177), max.viol = 0.5, aver.viol = 0.294944, sep/add took 0.484262/0.415777 sec. -----
45416 columns (5113 active), 998 dyn. constrs. (257 active), 1248 art. vars. (499 active)
<DWph=2> <it=  1> <et=641.39> <Mt= 0.30> <Spt= 0.03> <nCl=  0> <DB= 4178.8250> <Mlp= 4178.8250> <PB=4180> 
<DWph=1> <it=  2> <et=641.42> <Mt= 0.00> <Spt= 0.04> <nCl=  0> <DB= 4178.8250> <Mlp= 4178.8250> <PB=4180> 
<DWph=0> <it=  4> <et=641.66> <Mt= 0.01> <Spt= 0.23> <nCl=358> <DB= 4178.8250> <Mlp= 4178.8250> <PB=4180> 
Reduced cost fixing for graph G_0...  took 0.04 sec., done by inspection with 129557 solutions, remains 109876 (84.8%)
ColGenEvalAlg final dual bound: 4178.82 (rounded: 4178.82)
Gap improvement since the last cut separation : 0.0208333 (4178.8)
----- Add fac. cuts : sep. took 0.462137 sec.----- no cuts found  -----
**** SB phase 3 evaluation of candidate 1, branch 2 ( x[(0, 26)]_0_3025_0_OspV <= 0 ), value = 1e+12
<DWph=2> <it=  1> <et=642.70> <Mt= 0.11> <Spt= 0.03> <nCl=  0> <DB= 4178.7250> <Mlp= 4178.7250> <PB=4180> 
<DWph=1> <it=  2> <et=642.74> <Mt= 0.00> <Spt= 0.03> <nCl=  0> <DB= 4178.7250> <Mlp= 4178.7250> <PB=4180> 
<DWph=0> <it=  3> <et=642.86> <Mt= 0.00> <Spt= 0.12> <nCl=116> <DB= 4178.7250> <Mlp= 4178.7250> <PB=4180> 
Reduced cost fixing for graph G_0...  took 0.04 sec., done by inspection with 175906 solutions, remains 165182 (93.9%)
ColGenEvalAlg final dual bound: 4178.72 (rounded: 4178.72)
----- Add fac. cuts : CAP(9) R1C(61), max.viol = 0.25, aver.viol = 0.25, sep/add took 0.398678/0.345945 sec. -----
45890 columns (5245 active), 807 dyn. constrs. (157 active), 1049 art. vars. (399 active)
<DWph=2> <it=  1> <et=643.94> <Mt= 0.13> <Spt= 0.04> <nCl=  0> <DB= 4178.7500> <Mlp= 4178.7500> <PB=4180> 
<DWph=1> <it=  2> <et=643.97> <Mt= 0.00> <Spt= 0.03> <nCl=  0> <DB= 4178.7500> <Mlp= 4178.7500> <PB=4180> 
<DWph=0> <it=  5> <et=644.37> <Mt= 0.24> <Spt= 0.16> <nCl=296> <DB= 4178.7250> <Mlp= 4178.7250> <PB=4180> 
<DWph=0> <it=  5> <et=644.37> <Mt= 0.00> <Spt= 0.00> <nCl=  0> <DB= 4178.7250> <Mlp= 4178.7250> <PB=4180> 
ColGenEvalAlg final dual bound: 4178.72 (rounded: 4178.72)
Gap improvement since the last cut separation : 0 (4178.72)
----- Add fac. cuts : sep. took 0.366124 sec.----- no cuts found  -----
SB exact phase 3 branch on var x[(0, 26)]_0_3025_0_OspV (lhs=0.5) : [4178.825, 4178.725], tree depth = 11.47, tree size = 5653, score = -8.493
************************************************************************************************
**** BaB tree node (N° 25, parent N° 22, depth 6)
**** Local DB = 4178.72, global bounds : [ 4178.65 , 4180 ], TIME = 0h10m44s90t = 64490
**** 6 open nodes, ETS : 30, 46186 columns (5541 active), 807 dyn. constrs. (157 active), 1049 art. vars. (399 active)
************************************************************************************************
**** Strong branching phase 1 is started *****
SB phase 1 cand.  1 branch on var x[(49, 79)]_0_5887_0_OspV (lhs=0.5000)   : [ 4179.7125,  4184.7750], score = 1.26 (h)  <et=645.28>
SB phase 1 cand.  2 branch on var x[(0, 95)]_0_11374_0_OspV (lhs=0.5000)   : [ 4178.7750,  4179.1500], score = 0.02      <et=645.59>
SB phase 1 cand.  3 branch on var x[(105, 15)]_0_12600_0_OspV (lhs=0.5000) : [ 4183.5667,  8103.6600], score = 19003.23 (h)  <et=646.06>
SB phase 1 cand.  4 branch on var x[(110, 0)]_0_13190_0_OspV (lhs=0.5000)  : [ 4178.8500,  4179.0111], score = 0.04      <et=646.38>
SB phase 1 cand.  5 branch on var x[(7, 15)]_0_741_0_OspV (lhs=0.5000)     : [ 4179.9000,  4185.8500], score = 1.50 (h)  <et=646.74>
SB phase 1 cand.  9 branch on var x[(12, 105)]_0_1436_0_OspV (lhs=0.5000)  : [ 4183.5667,  8103.6600], score = 19003.23 (h)  <et=648.48>
SB phase 1 cand. 27 branch on var x[(12, 33)]_0_1364_0_OspV (lhs=0.5000)   : [ 4183.5667,  8216.3874], score = 19549.02 (h)  <et=654.85>
**** Strong branching phase 2 is started *****
<DWph=0> <it=  6> <et=658.30> <Mt= 0.30> <Spt= 0.52> <nCl=543> <DB= 4179.8500> <Mlp= 4179.8500> <PB=4180> 
----- Add core cuts : CAP(34), max.viol = 1, aver.viol = 1, sep/add took 0.0292932/1.33536 sec. -----
<DWph=0> <it= 10> <et=662.07> <Mt= 1.35> <Spt= 0.79> <nCl=994> <DB= 4180.7500> <Mlp= 4180.7500> <PB=4180> 
SB phase 2 cand.  1 branch on var x[(12, 33)]_0_1364_0_OspV (lhs=0.5000)  : [ 4179.8500,  4180.7500], score = 1.43 (h)  <et=662.16>
<DWph=0> <it=  6> <et=663.06> <Mt= 0.31> <Spt= 0.55> <nCl=501> <DB= 4179.8500> <Mlp= 4179.8500> <PB=4180> 
----- Add core cuts : CAP(34), max.viol = 1, aver.viol = 1, sep/add took 0.0319675/1.28398 sec. -----
<DWph=0> <it= 11> <et=666.48> <Mt= 1.10> <Spt= 0.78> <nCl=760> <DB= 4180.2926> <Mlp= 4180.7500> <PB=4180> 
SB phase 2 cand.  2 branch on var x[(12, 105)]_0_1436_0_OspV (lhs=0.5000) : [ 4179.8500,  4180.7500], score = 1.43 (h)  <et=666.58>
<DWph=0> <it=  7> <et=667.56> <Mt= 0.27> <Spt= 0.66> <nCl=751> <DB= 4179.8500> <Mlp= 4179.8500> <PB=4180> 
----- Add core cuts : CAP(34), max.viol = 1, aver.viol = 1, sep/add took 0.0274882/1.27443 sec. -----
<DWph=0> <it=  8> <et=671.18> <Mt= 1.51> <Spt= 0.59> <nCl=688> <DB= 4180.7500> <Mlp= 4180.7500> <PB=4180> 
SB phase 2 cand.  3 branch on var x[(105, 15)]_0_12600_0_OspV (lhs=0.5000): [ 4179.8500,  4180.7500], score = 1.43 (h)  <et=671.29>
**** Strong branching phase 3 is started *****
**** SB phase 3 evaluation of candidate 1, branch 1 ( x[(12, 105)]_0_1436_0_OspV >= 1 ), value = 4180.75
**** SB phase 3 evaluation of candidate 1, branch 2 ( x[(12, 105)]_0_1436_0_OspV <= 0 ), value = 4179.85
<DWph=2> <it=  1> <et=671.56> <Mt= 0.00> <Spt= 0.05> <nCl=  0> <DB= 4179.8500> <Mlp= 4179.8500> <PB=4180> 
<DWph=1> <it=  2> <et=671.61> <Mt= 0.01> <Spt= 0.04> <nCl=  0> <DB= 4179.8500> <Mlp= 4179.8500> <PB=4180> 
<DWph=0> <it=  3> <et=671.76> <Mt= 0.00> <Spt= 0.16> <nCl=138> <DB= 4179.8500> <Mlp= 4179.8500> <PB=4180> 
Reduced cost fixing for graph G_0...  took 0.06 sec., done by inspection with 165182 solutions, remains 46751 (28.3%)
ColGenEvalAlg final dual bound: 4179.85 (rounded: 4179.85)
----- Add fac. cuts : CAP(88), max.viol = 1, aver.viol = 0.8125, sep/add took 0.643721/2.97039 sec. -----
46687 columns (3863 active), 808 dyn. constrs. (203 active), 1088 art. vars. (445 active)
<DWph=2> <it=  1> <et=675.94> <Mt= 0.14> <Spt= 0.09> <nCl=  0> <DB= 5556.2928> <Mlp= 5556.2928> <PB=4180> 
<DWph=1> <it=  2> <et=676.03> <Mt= 0.00> <Spt= 0.08> <nCl=  0> <DB= 5556.2928> <Mlp= 5556.2928> <PB=4180> 
<DWph=0> <it=  5> <et=676.40> <Mt= 0.04> <Spt= 0.33> <nCl=365> <DB= 5240.6422> <Mlp= 5492.6422> <PB=4180> 
ColGenEvalAlg final dual bound: 5240.64 (rounded: 5240.64)
Gap improvement since the last cut separation : 8751.95 (4179.85)
 SB phase 3 candidate 1 is conquered !
************************************************************************************************
**** BaB tree node (N° 24, parent N° 22, depth 6)
**** Local DB = 4178.82, global bounds : [ 4178.65 , 4180 ], TIME = 0h11m16s56t = 67656
**** 5 open nodes, ETS : 30, 47052 columns (4228 active), 808 dyn. constrs. (203 active), 1050 art. vars. (445 active)
************************************************************************************************
**** Strong branching phase 1 is started *****
SB phase 1 cand.  1 branch on var x[(49, 79)]_0_5887_0_OspV (lhs=0.5000)   : [ 4180.6000,  4189.9500], score = 19.75 (h)  <et=676.92>
SB phase 1 cand.  2 branch on var x[(23, 113)]_0_2775_0_OspV (lhs=0.5000)  : [ 4179.2000,  4179.3000], score = 0.18      <et=677.03>
SB phase 1 cand.  3 branch on var x[(105, 15)]_0_12600_0_OspV (lhs=0.5000) : [ 4189.1000, 10065.3900], score = 60484.46 (h)  <et=677.25>
SB phase 1 cand.  5 branch on var x[(7, 15)]_0_741_0_OspV (lhs=0.5000)     : [ 4179.9000,  4189.9500], score = 1.26 (h)  <et=677.64>
SB phase 1 cand.  9 branch on var x[(12, 105)]_0_1436_0_OspV (lhs=0.5000)  : [ 4189.1000, 10065.3900], score = 60484.46 (h)  <et=678.37>
SB phase 1 cand. 11 branch on var x[(12, 33)]_0_1364_0_OspV (lhs=0.5000)   : [ 4189.1000, 10066.3587], score = 60494.41 (h)  <et=678.74>
**** Strong branching phase 2 is started *****
<DWph=0> <it=  4> <et=685.10> <Mt= 0.08> <Spt= 0.42> <nCl=322> <DB= 4180.2000> <Mlp= 4180.2000> <PB=4180> 
<DWph=0> <it=  4> <et=685.80> <Mt= 0.01> <Spt= 0.22> <nCl=297> <DB= 4189.1000> <Mlp= 4189.1000> <PB=4180> 
 SB phase 2 candidate 1 is conquered !
**** Strong branching phase 3 is started *****
**** SB phase 3 evaluation of candidate 1, branch 1 ( x[(12, 33)]_0_1364_0_OspV <= 0 ), value = 4189.1
**** SB phase 3 evaluation of candidate 1, branch 2 ( x[(12, 33)]_0_1364_0_OspV >= 1 ), value = 4180.2
 SB phase 3 candidate 1 is conquered !
************************************************************************************************
**** BaB tree node (N° 23, parent N° 8, depth 5)
**** Local DB = 4178.65, global bounds : [ 4178.65 , 4180 ], TIME = 0h11m25s96t = 68596
**** 4 open nodes, ETS : 30, 45106 columns (5518 active), 608 dyn. constrs. (103 active), 850 art. vars. (345 active)
************************************************************************************************
**** Strong branching phase 3 is started *****
**** SB phase 3 evaluation of candidate 1, branch 1 ( x[(0, 106)]_0_12705_0_OspV >= 1 ), value = 1e+12
<DWph=2> <it=  1> <et=686.29> <Mt= 0.02> <Spt= 0.03> <nCl=  0> <DB= 4186.6000> <Mlp= 4186.6000> <PB=4180> 
<DWph=1> <it=  2> <et=686.32> <Mt= 0.00> <Spt= 0.02> <nCl=  0> <DB= 4186.6000> <Mlp= 4186.6000> <PB=4180> 
<DWph=0> <it=  3> <et=686.39> <Mt= 0.00> <Spt= 0.07> <nCl= 94> <DB= 4186.6000> <Mlp= 4186.6000> <PB=4180> 
ColGenEvalAlg final dual bound: 4186.6 (rounded: 4186.6)
**** SB phase 3 evaluation of candidate 1, branch 2 ( x[(0, 106)]_0_12705_0_OspV <= 0 ), value = 1e+12
<DWph=2> <it=  1> <et=686.73> <Mt= 0.04> <Spt= 0.02> <nCl=  0> <DB= 4179.0000> <Mlp= 4179.0000> <PB=4180> 
<DWph=1> <it=  2> <et=686.75> <Mt= 0.00> <Spt= 0.03> <nCl=  0> <DB= 4179.0000> <Mlp= 4179.0000> <PB=4180> 
<DWph=0> <it=  4> <et=686.90> <Mt= 0.00> <Spt= 0.13> <nCl=241> <DB= 4179.0000> <Mlp= 4179.0000> <PB=4180> 
Reduced cost fixing for graph G_0...  took 0.02 sec., done by inspection with 44143 solutions, remains 34242 (77.6%)
ColGenEvalAlg final dual bound: 4179 (rounded: 4179)
----- Add fac. cuts : CAP(8) R1C(155), max.viol = 0.5, aver.viol = 0.5, sep/add took 0.255165/0.364854 sec. -----
39829 columns (3848 active), 695 dyn. constrs. (211 active), 937 art. vars. (453 active)
<DWph=2> <it=  1> <et=687.67> <Mt= 0.04> <Spt= 0.03> <nCl=  0> <DB= 4180.2000> <Mlp= 4180.2000> <PB=4180> 
<DWph=1> <it=  2> <et=687.70> <Mt= 0.00> <Spt= 0.03> <nCl=  0> <DB= 4180.2000> <Mlp= 4180.2000> <PB=4180> 
<DWph=0> <it=  5> <et=687.99> <Mt= 0.11> <Spt= 0.17> <nCl=277> <DB= 4180.0000> <Mlp= 4180.0000> <PB=4180> 
ColGenEvalAlg final dual bound: 4180 (rounded: 4180)
Gap improvement since the last cut separation : 1 (4179)
 SB phase 3 candidate 1 is conquered !
************************************************************************************************
Search is finished, global bounds : [ 4180 , 4180 ], TIME = 0h11m28s12t = 68812
************************************************************************************************
[32mBaPCod : solution defined.[00m
statistics_cols: instance & :Optimal & cutoff & :bcRecRootDb & :bcTimeRootEval & :bcCountNodeProc & :bcRecBestDb & :bcRecBestInc & :bcTimeMain \\
statistics: instance_30-triangle & 1 & 19614.8 & 4173.48 & 32.86 & 31 & 4180.00 & 4180.00 & 688.12 \\
########################################################
Route #1: 19 78 56 41 34 36 93 60 12 73 33 46 
Route #2: 26 1 7 105 15 85 42 57 74 31 120 87 16 17 68 
Route #3: 28 10 37 11 3 104 90 88 64 115 13 21 70 5 44 114 72 
Route #4: 45 89 25 83 86 54 77 91 96 22 
Route #5: 55 101 52 53 47 49 112 99 106 30 
Route #6: 71 92 43 40 103 38 110 113 97 23 18 116 76 
Route #7: 75 24 50 98 67 48 84 58 62 118 4 35 81 
Route #8: 82 109 107 9 59 6 111 2 32 39 51 61 66 20 108 63 
Route #9: 95 119 80 102 14 65 100 117 8 29 79 69 94 27 
Cost 4179.999999999999
########################################################

end_time=2026-04-22 11:45:43
exit_code=0
