instance_file=/mnt/c/Users/porin/OneDrive/Documentos/Python-Mestrado/Modelagem Matemática/Programação Inteira - Uchoa/Problema VRPRDL/instancias_turco/VRPRDL-triangle/cvrp_padrao_convertidos/instance_31-triangle.vrp
instance_name=instance_31-triangle
n_customers=120
k_lb=9
k_ub=120
ub=1000000
timeout_s=3600
start_time=2026-04-22 11:06:13

  Activating project at `~/VRPSolver/VRPSolverDemos`
Application parameters:
  batch  =>  nothing
  instance  =>  "/mnt/c/Users/porin/OneDrive/Documentos/Python-Mestrado/Modelagem Matemática/Programação Inteira - Uchoa/Problema VRPRDL/instancias_turco/VRPRDL-triangle/cvrp_padrao_convertidos/instance_31-triangle.vrp"
  noround  =>  false
  cfg  =>  "/home/poringman/VRPSolver/VRPSolverDemos/src/../config/CVRP.cfg"
  edge_cuts  =>  false
  out  =>  nothing
  ub  =>  1.0e6
  cluster_branching  =>  1.0
  sol  =>  nothing
  single_resource  =>  false
  strong_kpath_cuts  =>  false
  tikz  =>  nothing
  maxr  =>  120
  update  =>  false
  show_complete_form  =>  false
  nosolve  =>  false
  minr  =>  9
  low_edge_priority  =>  false
~~~~~~~~~~~~~~~~~~~~~~~~~~~~~~~~~~~~~~~~~~~~~~~~~~~~~~~~~~~~~~~~~~~~~~~~~~~~~~~~~~~~~
GIT VERSION RCSP: 
GIT BRANCH: 
~~~~~~~~~~~~~~~~~~~~~~~~~~~~~~~~~~~~~~~~~~~~~~~~~~~~~~~~~~~~~~~~~~~~~~~~~~~~~~~~~~~~~
VRPSolver v0.6.16, 10/11/2025, © Inria Bordeaux, France, vrpsolver.math.u-bordeaux.fr
      Corresponds to the solver by Pessoa, Sadykov, Uchoa and Vanderbeck (2020)
                 Paper: dx.doi.org/10.1007/s10107-020-01523-z
~~~~~~~~~~~~~~~~~~~~~~~~~~~~~~~~~~~~~~~~~~~~~~~~~~~~~~~~~~~~~~~~~~~~~~~~~~~~~~~~~~~~~
GIT VERSION BAPCOD: a7cb21f19424236c9d0da5dcf94961797a519470
GIT BRANCH: main
~~~~~~~~~~~~~~~~~~~~~~~~~~~~~~~~~~~~~~~~~~~~~~~~~~~~~~~~~~~~~~~~~~~~~~~~~~~~~~~~~~~~~
   BaPCod v0.84, 10/11/2025, © Inria Bordeaux, France, bapcod.math.u-bordeaux.fr 
           THIS CODE IS PROVIDED AS IS, USE IT AT YOUR OWN RISK
~~~~~~~~~~~~~~~~~~~~~~~~~~~~~~~~~~~~~~~~~~~~~~~~~~~~~~~~~~~~~~~~~~~~~~~~~~~~~~~~~~~~~
--- MAIN PARAMETERS ---
GlobalTimeLimitInTick = 2147483645
GlobalTimeLimit = 21474836
ClockType = 0
MaxNbOfBBtreeNodeTreated = 100000
optimalityGapTolerance = 1e-06
relOptimalityGapTolerance = 1e-09
ApplyPreprocessing = false
PreprocessVariablesLocalBounds = false
treeSearchStrategy = 1
OpenNodesLimit = 1000
DEFAULTPRINTLEVEL = 0
--- MIP SOLVER PARAMETERS ---
solverName = CPLEX_SOLVER
MipSolverMaxBBNodes = 2000000
MipSolverMaxTime = 360000
MipSolverMultiThread = 1
--- COLUMN GENERATION PARAMETERS ---
SolverSelectForMast = a
  colGenSubProbSolMode = customSolver
mastInitMode = localArtCol
ArtVarPenaltyUpdateFactor = 2
ArtVarMaxNbOfPenaltyUpdates = 5
MaxNbOfStagesInColGenProcedure = 3
GenerateProperColumns = false
InsertAllGeneratedColumnsInFormRatherThanInPool = true
InsertNewNonNegColumnsDirectlyInFormRatherThanInPool = true
ColumnCleanupThreshold = 10000
ColumnCleanupRatio = 0.66
ReducedCostFixingThreshold = 0.9
--- CUT GENERATION PARAMETERS ---
MasterCuttingPlanesDepthLimit = 1000
MaxNbOfCutGeneratedAtEachIter = 1000
CutTailingOffThreshold = 0.015
CutTailingOffCounterThreshold = 3
CutCleanupThreshold = 1
CutCleanupRatio = 0.66
ColGenSpRelaxationImprovementPriority = 0
--- STABILIZATION PARAMETERS ---
colGenDualPriceSmoothingAlphaFactor = 1
colGenDualPriceSmoothingBetaFactor = 0
colGenStabilizationFunctionType = none
colGenProximalStabilizationRule = undefined
StabilFuncKappa = 1
colGenStabilizationMaxTreeDepth = 10000
StabilizationMinPhaseOfStage = 0
--- PRIMAL HEURISTIC PARAMETERS ---
UseInitialPrimalHeur = false
MaxTimeForRestrictedMasterIpHeur = -1
CallFrequencyOfRestrictedMasterIpHeur = 5
MIPemphasisInRestrictedMasterIpHeur = 1
PolishingAfterTimeInRestrictedMasterIpHeur = -1
DivingHeurUseDepthLimit = -1
CallFrequencyOfDivingHeur = 1
LeastFractional
Closest2RoundUp
LeastGreedyCost
LeastCost
FixIntValBeforeRoundingHeur = true
MaxNbOfCgIteDuringRh = 5000
MaxLDSbreadth = 0
MaxLDSdepth = 0
DivingHeurStopsWithFirstFeasSol = false
DivingHeurPreprocessBeforeChoosingVar = false
StrongDivingCandidatesNumber = 1
EvalAlgParamsInDiving = max#cand. = 1 max#cg.iters = 10000 min.lvl.sp.restr. = 1 min#cut.rounds = 0 max#cut.rounds = 0 red.cost.fix&enum. = false tree.size.ratio = 1
LocalSearchHeurUseDepthLimit = -1
LeastFractional
Closest2RoundUp
LeastGreedyCost
LeastCost
MaxFactorOfColFixedByLocalSearchHeur = 0.8
MaxLocalSearchIterationCounter = 3
--- STRONG BRANCHING PARAMETERS ---
SimplifiedStrongBranchingParameterisation = true
StrongBranchingPhaseOneCandidatesNumber = 100
StrongBranchingPhaseOneTreeSizeEstimRatio = 0.2
StrongBranchingPhaseTwoCandidatesNumber = 3
StrongBranchingPhaseTwoTreeSizeEstimRatio = 0.02
SafeDualBoundScaleFactor = -1
StrongBranchingPhaseOne = max#cand. = 100 max#cg.iters = 0 min.lvl.sp.restr. = 0 min#cut.rounds = 0 max#cut.rounds = 0 red.cost.fix&enum. = false tree.size.ratio = 0.2
StrongBranchingPhaseTwo = max#cand. = 3 max#cg.iters = 10000 min.lvl.sp.restr. = 1 min#cut.rounds = 0 max#cut.rounds = 0 red.cost.fix&enum. = false tree.size.ratio = 0.02
StrongBranchingPhaseThree = max#cand. = 1 max#cg.iters = 10000 min.lvl.sp.restr. = 0 min#cut.rounds = 0 max#cut.rounds = 10000 red.cost.fix&enum. = true tree.size.ratio = 1
StrongBranchingPhaseFour =not active
--- DEBUG OUTPUT PARAMETERS ---
printMasterPrimalSols = 0
--- VRPSOLVER PARAMETERS ---
RCSPstopCutGenTimeThresholdInPricing = 10
RCSPhardTimeThresholdInPricing = 25
RCSPredCostFixingTimeThreshold = 100
RCSPnumberOfBucketsPerVertex = 25
RCSPdynamicBucketSteps = 1
RCSPuseBidirectionalSearch = 2
RCSPapplyReducedCostFixing = 1
RCSPmaxNumOfColsPerIteration = 30
RCSPmaxNumOfColsPerExactIteration = 150
RCSPmaxNumOfLabelsInEnumeration = 500000
RCSPmaxNumOfLabelsInHeurEnumeration = 0
RCSPmaxNumOfEnumeratedSolutions = 5000000
RCSPmaxNumOfEnumSolutionsForMIP = 10000
RCSPmaxNumOfEnumSolsForEndOfNodeMIP = 10000
RCSPinitNGneighbourhoodSize = 8
RCSPmaxNGneighbourhoodSize = 8
RCSPrankOneCutsMaxNumRows = 5
RCSPrankOneCutsMaxNumPerRound = 100
RCSPrankOneCutsMemoryType = 0
RCSPrankOneCutsLSnumIterations = 1000
RCSPallowRoutesWithSameVerticesSet = true
RCSPredCostFixingFalseGap = 0
SafeDualBoundScaleFactor = -1
RCSPmaxNumOfLabelsInHeurEnumeration = 0
MaxNumEnumSolsInRestrictedMasterIpHeur = 5000

prName & bcTimeMain \\ 
New model incumbent solution 1e+06, TIME = 0h0m0s49t = 49
RCSP solver info : size of non-robust cut bitmask in a label is 640 bits
Bucket steps were recalculated for graph G_0 : [30]
RCSP solver info : symmetric case is detected for graph G_0! 
Bidirectional border value is initialised to 375
RCSP solver info : number of forw. reachable buckets / buck. strongly connected components is 3121( 98.3922% ) / 2021( 64.7549% )
RCSP solver info: std. label size is 56, ext. label size is 136
Generating neighbourhoods for rank-1 cuts separation
Building structures for 4- and 5-row rank-1 packing cut separation...done!
Model is built TIME = 0h0m0s55t = 55
************************************************************************************************
**** BaB tree root node
**** Local DB = -1e+12, global bounds : [ -1e+12 , 1e+06 ], TIME = 0h0m0s55t = 55
**** 1 open nodes, 0 columns (0 active), 0 dyn. constrs. (0 active), 242 art. vars. (242 active)
************************************************************************************************
--------------------------------------------------------------------------
BaPCod info : first we run the root node with rank-1 cuts with node memory
--------------------------------------------------------------------------
#<DWph=2> <it=  1> <et=0.56> <Mt= 0.00> <Spt= 0.01> <nCl= 30> <al=0.00> <DB=-11519423880.0000> <Mlp=298800000.0000> <PB=1000000> 
#<DWph=2> <it=  2> <et=0.57> <Mt= 0.00> <Spt= 0.00> <nCl= 30> <al=0.55> <DB=-6713697889.2937> <Mlp=291150557.1250> <PB=1000000> 
#<DWph=2> <it=  3> <et=0.58> <Mt= 0.00> <Spt= 0.01> <nCl= 30> <al=0.45> <DB=-6635424104.4465> <Mlp=280672050.4286> <PB=1000000> 
#<DWph=2> <it=  4> <et=0.59> <Mt= 0.00> <Spt= 0.01> <nCl= 30> <al=0.51> <DB=-6643588996.7323> <Mlp=270539580.6327> <PB=1000000> 
#<DWph=2> <it=  5> <et=0.60> <Mt= 0.00> <Spt= 0.01> <nCl= 30> <al=0.55> <DB=-6645925417.3479> <Mlp=263068375.5952> <PB=1000000> 
#<DWph=2> <it=  6> <et=0.61> <Mt= 0.00> <Spt= 0.02> <nCl= 30> <al=0.60> <DB=-6459684807.9703> <Mlp=260617982.8354> <PB=1000000> 
#<DWph=2> <it=  7> <et=0.62> <Mt= 0.00> <Spt= 0.01> <nCl= 30> <al=0.64> <DB=-6466492032.3619> <Mlp=259858163.9849> <PB=1000000> 
#<DWph=2> <it=  8> <et=0.63> <Mt= 0.00> <Spt= 0.00> <nCl= 30> <al=0.68> <DB=-6345887469.7002> <Mlp=256839590.7986> <PB=1000000> 
#<DWph=2> <it=  9> <et=0.64> <Mt= 0.00> <Spt= 0.01> <nCl= 30> <al=0.71> <DB=-6356650540.7532> <Mlp=253458789.9679> <PB=1000000> 
#<DWph=2> <it= 10> <et=0.65> <Mt= 0.00> <Spt= 0.01> <nCl= 30> <al=0.74> <DB=-5808643702.0695> <Mlp=248984411.0279> <PB=1000000> 
#<DWph=2> <it= 11> <et=0.66> <Mt= 0.00> <Spt= 0.01> <nCl= 30> <al=0.76> <DB=-4985811496.9894> <Mlp=242022819.7120> <PB=1000000> 
#<DWph=2> <it= 12> <et=0.67> <Mt= 0.00> <Spt= 0.01> <nCl= 30> <al=0.66> <DB=-4687285103.3527> <Mlp=239550658.7990> <PB=1000000> 
#<DWph=2> <it= 13> <et=0.68> <Mt= 0.00> <Spt= 0.01> <nCl= 30> <al=0.70> <DB=-4785365131.1388> <Mlp=237052263.6802> <PB=1000000> 
#<DWph=2> <it= 14> <et=0.70> <Mt= 0.00> <Spt= 0.02> <nCl= 30> <al=0.60> <DB=-4809723577.5331> <Mlp=227808976.1839> <PB=1000000> 
#<DWph=2> <it= 15> <et=0.71> <Mt= 0.00> <Spt= 0.01> <nCl= 30> <al=0.64> <DB=-4514906722.4215> <Mlp=219513989.5523> <PB=1000000> 
#<DWph=2> <it= 16> <et=0.72> <Mt= 0.00> <Spt= 0.00> <nCl= 30> <al=0.67> <DB=-4279213142.1613> <Mlp=202464947.3651> <PB=1000000> 
#<DWph=2> <it= 17> <et=0.73> <Mt= 0.00> <Spt= 0.01> <nCl= 30> <al=0.57> <DB=-4224676976.0147> <Mlp=193446300.8741> <PB=1000000> 
#<DWph=2> <it= 18> <et=0.74> <Mt= 0.00> <Spt= 0.01> <nCl= 30> <al=0.62> <DB=-4319171960.5905> <Mlp=177513395.2137> <PB=1000000> 
#<DWph=2> <it= 19> <et=0.75> <Mt= 0.00> <Spt= 0.01> <nCl= 30> <al=0.65> <DB=-4178448218.5283> <Mlp=173855761.9283> <PB=1000000> 
#<DWph=2> <it= 20> <et=0.76> <Mt= 0.01> <Spt= 0.01> <nCl= 30> <al=0.69> <DB=-4143832189.9361> <Mlp=167801391.3172> <PB=1000000> 
#<DWph=2> <it= 21> <et=0.77> <Mt= 0.00> <Spt= 0.01> <nCl= 30> <al=0.72> <DB=-3647706110.7890> <Mlp=161242489.3939> <PB=1000000> 
#<DWph=2> <it= 22> <et=0.78> <Mt= 0.00> <Spt= 0.01> <nCl= 30> <al=0.75> <DB=-4001702420.5821> <Mlp=160234113.3778> <PB=1000000> 
#<DWph=2> <it= 23> <et=0.79> <Mt= 0.00> <Spt= 0.01> <nCl= 30> <al=0.65> <DB=-4033989800.4099> <Mlp=155719853.9483> <PB=1000000> 
#<DWph=2> <it= 24> <et=0.80> <Mt= 0.00> <Spt= 0.01> <nCl= 30> <al=0.68> <DB=-3710292778.6080> <Mlp=147294765.9550> <PB=1000000> 
#<DWph=2> <it= 25> <et=0.81> <Mt= 0.00> <Spt= 0.01> <nCl= 30> <al=0.72> <DB=-3965786796.4110> <Mlp=134928453.5962> <PB=1000000> 
#<DWph=2> <it= 26> <et=0.83> <Mt= 0.00> <Spt= 0.01> <nCl= 30> <al=0.74> <DB=-3942463817.1548> <Mlp=128780949.9660> <PB=1000000> 
#<DWph=2> <it= 27> <et=0.84> <Mt= 0.00> <Spt= 0.01> <nCl= 30> <al=0.77> <DB=-3429378603.0206> <Mlp=125649792.2757> <PB=1000000> 
#<DWph=2> <it= 28> <et=0.85> <Mt= 0.01> <Spt= 0.01> <nCl= 30> <al=0.67> <DB=-3739157167.4873> <Mlp=122239409.7781> <PB=1000000> 
#<DWph=2> <it= 29> <et=0.86> <Mt= 0.00> <Spt= 0.01> <nCl= 30> <al=0.70> <DB=-3542750943.0477> <Mlp=112658878.9632> <PB=1000000> 
#<DWph=2> <it= 30> <et=0.87> <Mt= 0.00> <Spt= 0.01> <nCl= 30> <al=0.73> <DB=-3510627779.4138> <Mlp=102854925.3024> <PB=1000000> 
#<DWph=2> <it= 31> <et=0.88> <Mt= 0.00> <Spt= 0.01> <nCl= 30> <al=0.76> <DB=-3532135508.9373> <Mlp=91953216.3652> <PB=1000000> 
#<DWph=2> <it= 32> <et=0.90> <Mt= 0.00> <Spt= 0.01> <nCl= 30> <al=0.78> <DB=-3450073097.0661> <Mlp=80188449.4233> <PB=1000000> 
#<DWph=2> <it= 33> <et=0.91> <Mt= 0.01> <Spt= 0.01> <nCl= 30> <al=0.68> <DB=-3528588927.3857> <Mlp=75941829.6082> <PB=1000000> 
#<DWph=2> <it= 34> <et=0.93> <Mt= 0.00> <Spt= 0.02> <nCl= 30> <al=0.71> <DB=-3473673449.5476> <Mlp=74010799.8271> <PB=1000000> 
#<DWph=2> <it= 35> <et=0.94> <Mt= 0.00> <Spt= 0.01> <nCl= 30> <al=0.74> <DB=-3435377000.3371> <Mlp=65400879.2911> <PB=1000000> 
#<DWph=2> <it= 36> <et=0.96> <Mt= 0.01> <Spt= 0.01> <nCl= 30> <al=0.77> <DB=-3457803864.5158> <Mlp=58491150.4834> <PB=1000000> 
#<DWph=2> <it= 37> <et=0.97> <Mt= 0.00> <Spt= 0.01> <nCl= 30> <al=0.79> <DB=-3433213393.4965> <Mlp=57803729.6631> <PB=1000000> 
#<DWph=2> <it= 38> <et=0.99> <Mt= 0.00> <Spt= 0.02> <nCl= 30> <al=0.81> <DB=-3384729410.6598> <Mlp=55554895.0371> <PB=1000000> 
#<DWph=2> <it= 39> <et=1.00> <Mt= 0.00> <Spt= 0.00> <nCl= 30> <al=0.83> <DB=-3382588122.1382> <Mlp=53789332.5142> <PB=1000000> 
#<DWph=2> <it= 40> <et=1.01> <Mt= 0.00> <Spt= 0.01> <nCl= 30> <al=0.85> <DB=-3407863147.7839> <Mlp=48658495.4241> <PB=1000000> 
#<DWph=2> <it= 41> <et=1.03> <Mt= 0.01> <Spt= 0.01> <nCl= 30> <al=0.86> <DB=-3325865017.0858> <Mlp=44046892.5184> <PB=1000000> 
#<DWph=2> <it= 42> <et=1.04> <Mt= 0.00> <Spt= 0.01> <nCl= 30> <al=0.88> <DB=-3277600625.9658> <Mlp=42432073.0066> <PB=1000000> 
#<DWph=2> <it= 43> <et=1.05> <Mt= 0.00> <Spt= 0.01> <nCl= 30> <al=0.78> <DB=-3111635648.5597> <Mlp=38140464.1354> <PB=1000000> 
#<DWph=2> <it= 44> <et=1.06> <Mt= 0.01> <Spt= 0.01> <nCl= 30> <al=0.80> <DB=-3047825374.6733> <Mlp=35348460.5563> <PB=1000000> 
#<DWph=2> <it= 45> <et=1.08> <Mt= 0.00> <Spt= 0.01> <nCl= 30> <al=0.82> <DB=-2878314814.6154> <Mlp=31303253.3504> <PB=1000000> 
#<DWph=2> <it= 46> <et=1.09> <Mt= 0.01> <Spt= 0.01> <nCl= 30> <al=0.72> <DB=-2764921410.3353> <Mlp=28767951.3111> <PB=1000000> 
#<DWph=2> <it= 47> <et=1.11> <Mt= 0.00> <Spt= 0.01> <nCl= 30> <al=0.75> <DB=-2623089443.4093> <Mlp=25237012.9028> <PB=1000000> 
#<DWph=2> <it= 48> <et=1.12> <Mt= 0.01> <Spt= 0.01> <nCl= 30> <al=0.77> <DB=-2618884190.9303> <Mlp=23603405.3462> <PB=1000000> 
#<DWph=2> <it= 49> <et=1.14> <Mt= 0.00> <Spt= 0.01> <nCl= 30> <al=0.80> <DB=-2694044733.4338> <Mlp=20319654.5486> <PB=1000000> 
#<DWph=2> <it= 50> <et=1.15> <Mt= 0.01> <Spt= 0.01> <nCl= 30> <al=0.82> <DB=-2534941572.4610> <Mlp=13735941.9203> <PB=1000000> 
#<DWph=2> <it= 51> <et=1.17> <Mt= 0.00> <Spt= 0.01> <nCl= 30> <al=0.72> <DB=-2396771536.0913> <Mlp=10922909.3444> <PB=1000000> 
#<DWph=2> <it= 52> <et=1.18> <Mt= 0.01> <Spt= 0.01> <nCl= 30> <al=0.62> <DB=-2368711007.5301> <Mlp=5503674.8623> <PB=1000000> 
#<DWph=2> <it= 53> <et=1.20> <Mt= 0.01> <Spt= 0.01> <nCl= 30> <al=0.65> <DB=-2165601315.2753> <Mlp=3479460.3623> <PB=1000000> 
#<DWph=2> <it= 54> <et=1.21> <Mt= 0.00> <Spt= 0.01> <nCl= 30> <al=0.69> <DB=-1708899749.8497> <Mlp=1994563.0046> <PB=1000000> 
#<DWph=2> <it= 55> <et=1.23> <Mt= 0.00> <Spt= 0.01> <nCl= 30> <al=0.72> <DB=-1477379671.1496> <Mlp=1132141.2672> <PB=1000000> 
#<DWph=2> <it= 56> <et=1.25> <Mt= 0.01> <Spt= 0.01> <nCl= 30> <al=0.62> <DB=-868712293.9458> <Mlp=995660.8196> <PB=1000000> 
#<DWph=2> <it= 57> <et=1.26> <Mt= 0.01> <Spt= 0.01> <nCl= 30> <al=0.52> <DB=-392504286.2354> <Mlp=979837.0609> <PB=1000000> 
#<DWph=2> <it= 58> <et=1.27> <Mt= 0.00> <Spt= 0.01> <nCl= 30> <al=0.42> <DB=-93444888.3512> <Mlp=953673.7620> <PB=1000000> 
#<DWph=2> <it= 59> <et=1.28> <Mt= 0.01> <Spt= 0.00> <nCl= 30> <al=0.32> <DB=-9260911.4379> <Mlp=941518.5224> <PB=1000000> 
<DWph=2> <it= 60> <et=1.32> <Mt= 0.01> <Spt= 0.02> <nCl= 30> <al=0.00> <DB=-392347.7251> <Mlp= 8546.4064> <PB=1000000> 
<DWph=2> <it= 61> <et=1.33> <Mt= 0.00> <Spt= 0.01> <nCl= 30> <al=0.12> <DB=-388772.6131> <Mlp= 8455.6978> <PB=1000000> 
<DWph=2> <it= 62> <et=1.34> <Mt= 0.01> <Spt= 0.01> <nCl= 30> <al=0.21> <DB=-256373.3001> <Mlp= 8384.9789> <PB=1000000> 
<DWph=2> <it= 63> <et=1.36> <Mt= 0.00> <Spt= 0.01> <nCl= 30> <al=0.29> <DB=-276934.0499> <Mlp= 8267.5257> <PB=1000000> 
<DWph=2> <it= 64> <et=1.37> <Mt= 0.01> <Spt= 0.01> <nCl= 30> <al=0.36> <DB=-241214.1616> <Mlp= 8195.5977> <PB=1000000> 
<DWph=2> <it= 65> <et=1.38> <Mt= 0.00> <Spt= 0.01> <nCl= 30> <al=0.42> <DB=-217619.7552> <Mlp= 8127.3243> <PB=1000000> 
<DWph=2> <it= 66> <et=1.40> <Mt= 0.00> <Spt= 0.01> <nCl= 30> <al=0.48> <DB=-179793.0398> <Mlp= 7950.0495> <PB=1000000> 
<DWph=2> <it= 67> <et=1.41> <Mt= 0.01> <Spt= 0.01> <nCl= 30> <al=0.53> <DB=-184848.8200> <Mlp= 7777.0509> <PB=1000000> 
<DWph=2> <it= 68> <et=1.43> <Mt= 0.00> <Spt= 0.01> <nCl= 30> <al=0.58> <DB=-172489.1818> <Mlp= 7601.2612> <PB=1000000> 
<DWph=2> <it= 69> <et=1.44> <Mt= 0.01> <Spt= 0.01> <nCl= 30> <al=0.62> <DB=-163315.0554> <Mlp= 7441.8995> <PB=1000000> 
<DWph=2> <it= 70> <et=1.46> <Mt= 0.00> <Spt= 0.01> <nCl= 30> <al=0.66> <DB=-173499.3814> <Mlp= 7217.8569> <PB=1000000> 
<DWph=2> <it= 71> <et=1.47> <Mt= 0.01> <Spt= 0.01> <nCl= 30> <al=0.69> <DB=-144085.4301> <Mlp= 7079.1522> <PB=1000000> 
<DWph=2> <it= 72> <et=1.49> <Mt= 0.00> <Spt= 0.01> <nCl= 30> <al=0.72> <DB=-136202.1605> <Mlp= 6818.6247> <PB=1000000> 
<DWph=2> <it= 73> <et=1.51> <Mt= 0.01> <Spt= 0.01> <nCl= 30> <al=0.75> <DB=-135312.6667> <Mlp= 6575.9701> <PB=1000000> 
<DWph=2> <it= 74> <et=1.53> <Mt= 0.01> <Spt= 0.01> <nCl= 30> <al=0.78> <DB=-127243.3725> <Mlp= 6435.7414> <PB=1000000> 
<DWph=2> <it= 75> <et=1.54> <Mt= 0.00> <Spt= 0.01> <nCl= 30> <al=0.80> <DB=-118069.5268> <Mlp= 6365.5229> <PB=1000000> 
<DWph=2> <it= 76> <et=1.55> <Mt= 0.00> <Spt= 0.01> <nCl= 30> <al=0.82> <DB=-115208.7684> <Mlp= 6297.9985> <PB=1000000> 
<DWph=2> <it= 77> <et=1.57> <Mt= 0.01> <Spt= 0.01> <nCl= 30> <al=0.84> <DB=-105226.2403> <Mlp= 6132.0317> <PB=1000000> 
<DWph=2> <it= 78> <et=1.58> <Mt= 0.00> <Spt= 0.01> <nCl= 30> <al=0.74> <DB=-101410.2324> <Mlp= 6083.9734> <PB=1000000> 
<DWph=2> <it= 79> <et=1.60> <Mt= 0.01> <Spt= 0.01> <nCl= 30> <al=0.76> <DB=-97438.4180> <Mlp= 5909.5095> <PB=1000000> 
<DWph=2> <it= 80> <et=1.61> <Mt= 0.00> <Spt= 0.01> <nCl= 30> <al=0.79> <DB=-94320.3624> <Mlp= 5796.9714> <PB=1000000> 
<DWph=2> <it= 81> <et=1.63> <Mt= 0.01> <Spt= 0.01> <nCl= 30> <al=0.81> <DB=-91541.9141> <Mlp= 5536.0642> <PB=1000000> 
<DWph=2> <it= 82> <et=1.65> <Mt= 0.01> <Spt= 0.01> <nCl= 30> <al=0.83> <DB=-94143.6190> <Mlp= 5393.8143> <PB=1000000> 
<DWph=2> <it= 83> <et=1.66> <Mt= 0.00> <Spt= 0.01> <nCl= 30> <al=0.84> <DB=-85014.7685> <Mlp= 5275.9639> <PB=1000000> 
<DWph=2> <it= 84> <et=1.68> <Mt= 0.01> <Spt= 0.01> <nCl= 30> <al=0.86> <DB=-73634.1298> <Mlp= 5097.2031> <PB=1000000> 
<DWph=2> <it= 85> <et=1.70> <Mt= 0.01> <Spt= 0.01> <nCl= 30> <al=0.76> <DB=-73167.4661> <Mlp= 4916.7761> <PB=1000000> 
<DWph=2> <it= 86> <et=1.71> <Mt= 0.00> <Spt= 0.01> <nCl= 30> <al=0.78> <DB=-72172.4133> <Mlp= 4794.2682> <PB=1000000> 
<DWph=2> <it= 87> <et=1.73> <Mt= 0.01> <Spt= 0.01> <nCl= 30> <al=0.81> <DB=-67174.9460> <Mlp= 4719.9980> <PB=1000000> 
<DWph=2> <it= 88> <et=1.74> <Mt= 0.00> <Spt= 0.01> <nCl= 30> <al=0.71> <DB=-65977.0491> <Mlp= 4685.9210> <PB=1000000> 
<DWph=2> <it= 89> <et=1.76> <Mt= 0.01> <Spt= 0.01> <nCl= 30> <al=0.74> <DB=-72306.1720> <Mlp= 4643.7797> <PB=1000000> 
<DWph=2> <it= 90> <et=1.77> <Mt= 0.00> <Spt= 0.01> <nCl= 30> <al=0.76> <DB=-56948.7932> <Mlp= 4610.1079> <PB=1000000> 
<DWph=2> <it= 91> <et=1.79> <Mt= 0.01> <Spt= 0.01> <nCl= 30> <al=0.79> <DB=-55372.5553> <Mlp= 4541.4468> <PB=1000000> 
<DWph=2> <it= 92> <et=1.80> <Mt= 0.00> <Spt= 0.01> <nCl= 30> <al=0.81> <DB=-51295.0277> <Mlp= 4401.5356> <PB=1000000> 
<DWph=2> <it= 93> <et=1.82> <Mt= 0.01> <Spt= 0.01> <nCl= 30> <al=0.83> <DB=-46732.4407> <Mlp= 4284.0301> <PB=1000000> 
<DWph=2> <it= 94> <et=1.84> <Mt= 0.01> <Spt= 0.01> <nCl= 30> <al=0.73> <DB=-47937.3985> <Mlp= 4181.8608> <PB=1000000> 
<DWph=2> <it= 95> <et=1.85> <Mt= 0.00> <Spt= 0.01> <nCl= 30> <al=0.75> <DB=-42145.4931> <Mlp= 4118.7902> <PB=1000000> 
<DWph=2> <it= 96> <et=1.87> <Mt= 0.01> <Spt= 0.01> <nCl= 30> <al=0.65> <DB=-43791.5459> <Mlp= 4044.3651> <PB=1000000> 
<DWph=2> <it= 97> <et=1.89> <Mt= 0.01> <Spt= 0.01> <nCl= 30> <al=0.69> <DB=-43569.2268> <Mlp= 3945.0571> <PB=1000000> 
<DWph=2> <it= 98> <et=1.90> <Mt= 0.00> <Spt= 0.01> <nCl= 30> <al=0.72> <DB=-37423.3675> <Mlp= 3920.7590> <PB=1000000> 
<DWph=2> <it= 99> <et=1.92> <Mt= 0.00> <Spt= 0.01> <nCl= 30> <al=0.62> <DB=-42207.2414> <Mlp= 3861.6754> <PB=1000000> 
<DWph=2> <it=100> <et=1.94> <Mt= 0.01> <Spt= 0.01> <nCl= 30> <al=0.66> <DB=-37775.3688> <Mlp= 3777.5863> <PB=1000000> 
<DWph=2> <it=101> <et=1.95> <Mt= 0.01> <Spt= 0.01> <nCl= 30> <al=0.69> <DB=-30699.0109> <Mlp= 3755.0872> <PB=1000000> 
<DWph=2> <it=102> <et=1.97> <Mt= 0.00> <Spt= 0.01> <nCl= 30> <al=0.72> <DB=-28605.7746> <Mlp= 3699.4706> <PB=1000000> 
<DWph=2> <it=103> <et=1.98> <Mt= 0.01> <Spt= 0.01> <nCl= 30> <al=0.75> <DB=-27428.1486> <Mlp= 3653.4431> <PB=1000000> 
<DWph=2> <it=104> <et=2.00> <Mt= 0.01> <Spt= 0.01> <nCl= 30> <al=0.78> <DB=-27579.0624> <Mlp= 3614.0178> <PB=1000000> 
<DWph=2> <it=105> <et=2.02> <Mt= 0.00> <Spt= 0.01> <nCl= 30> <al=0.80> <DB=-26943.9826> <Mlp= 3566.6137> <PB=1000000> 
<DWph=2> <it=106> <et=2.03> <Mt= 0.01> <Spt= 0.01> <nCl= 30> <al=0.82> <DB=-23550.8467> <Mlp= 3525.1107> <PB=1000000> 
<DWph=2> <it=107> <et=2.05> <Mt= 0.00> <Spt= 0.01> <nCl= 30> <al=0.84> <DB=-21569.7186> <Mlp= 3473.2736> <PB=1000000> 
<DWph=2> <it=108> <et=2.07> <Mt= 0.01> <Spt= 0.01> <nCl= 30> <al=0.85> <DB=-20200.8214> <Mlp= 3436.2784> <PB=1000000> 
<DWph=2> <it=109> <et=2.08> <Mt= 0.01> <Spt= 0.01> <nCl= 30> <al=0.87> <DB=-19344.3893> <Mlp= 3417.4945> <PB=1000000> 
<DWph=2> <it=110> <et=2.10> <Mt= 0.00> <Spt= 0.01> <nCl= 30> <al=0.88> <DB=-16588.8046> <Mlp= 3391.0368> <PB=1000000> 
<DWph=2> <it=111> <et=2.12> <Mt= 0.01> <Spt= 0.01> <nCl= 30> <al=0.89> <DB=-18229.6813> <Mlp= 3345.7463> <PB=1000000> 
<DWph=2> <it=112> <et=2.14> <Mt= 0.01> <Spt= 0.01> <nCl= 30> <al=0.90> <DB=-15422.7819> <Mlp= 3326.0158> <PB=1000000> 
<DWph=2> <it=113> <et=2.15> <Mt= 0.00> <Spt= 0.01> <nCl= 30> <al=0.80> <DB=-13781.8460> <Mlp= 3297.7302> <PB=1000000> 
<DWph=2> <it=114> <et=2.17> <Mt= 0.01> <Spt= 0.01> <nCl= 30> <al=0.82> <DB=-12871.6646> <Mlp= 3255.9984> <PB=1000000> 
<DWph=2> <it=115> <et=2.19> <Mt= 0.01> <Spt= 0.01> <nCl= 30> <al=0.84> <DB=-14323.9968> <Mlp= 3238.6119> <PB=1000000> 
<DWph=2> <it=116> <et=2.20> <Mt= 0.00> <Spt= 0.01> <nCl= 30> <al=0.86> <DB=-11570.7520> <Mlp= 3198.1248> <PB=1000000> 
<DWph=2> <it=117> <et=2.22> <Mt= 0.01> <Spt= 0.01> <nCl= 30> <al=0.76> <DB=-11424.4131> <Mlp= 3178.3230> <PB=1000000> 
<DWph=2> <it=118> <et=2.24> <Mt= 0.00> <Spt= 0.01> <nCl= 30> <al=0.78> <DB=-11645.7224> <Mlp= 3148.0326> <PB=1000000> 
<DWph=2> <it=119> <et=2.26> <Mt= 0.01> <Spt= 0.01> <nCl= 30> <al=0.80> <DB=-9921.0189> <Mlp= 3121.0298> <PB=1000000> 
<DWph=2> <it=120> <et=2.27> <Mt= 0.01> <Spt= 0.02> <nCl= 30> <al=0.82> <DB=-8111.6589> <Mlp= 3102.5057> <PB=1000000> 
<DWph=2> <it=121> <et=2.29> <Mt= 0.01> <Spt= 0.01> <nCl= 30> <al=0.84> <DB=-9159.1875> <Mlp= 3080.6473> <PB=1000000> 
<DWph=2> <it=122> <et=2.32> <Mt= 0.01> <Spt= 0.01> <nCl= 28> <al=0.86> <DB=-6267.4860> <Mlp= 3057.4615> <PB=1000000> 
<DWph=2> <it=123> <et=2.34> <Mt= 0.01> <Spt= 0.01> <nCl= 30> <al=0.76> <DB=-6688.5471> <Mlp= 3035.6369> <PB=1000000> 
<DWph=2> <it=124> <et=2.36> <Mt= 0.00> <Spt= 0.01> <nCl= 30> <al=0.78> <DB=-5799.1626> <Mlp= 3016.5775> <PB=1000000> 
<DWph=2> <it=125> <et=2.37> <Mt= 0.01> <Spt= 0.01> <nCl= 30> <al=0.68> <DB=-9579.4252> <Mlp= 2984.2426> <PB=1000000> 
<DWph=2> <it=126> <et=2.39> <Mt= 0.01> <Spt= 0.01> <nCl= 30> <al=0.71> <DB=-5916.0624> <Mlp= 2983.6361> <PB=1000000> 
<DWph=2> <it=127> <et=2.41> <Mt= 0.00> <Spt= 0.01> <nCl= 30> <al=0.74> <DB=-4003.8136> <Mlp= 2955.0265> <PB=1000000> 
<DWph=2> <it=128> <et=2.43> <Mt= 0.01> <Spt= 0.01> <nCl= 30> <al=0.64> <DB=-6107.6096> <Mlp= 2941.6018> <PB=1000000> 
<DWph=2> <it=129> <et=2.45> <Mt= 0.01> <Spt= 0.02> <nCl= 30> <al=0.68> <DB=-2578.2124> <Mlp= 2927.0222> <PB=1000000> 
<DWph=2> <it=130> <et=2.46> <Mt= 0.01> <Spt= 0.01> <nCl= 30> <al=0.71> <DB=-1883.4484> <Mlp= 2907.7710> <PB=1000000> 
<DWph=2> <it=131> <et=2.49> <Mt= 0.00> <Spt= 0.01> <nCl= 30> <al=0.74> <DB=-2110.8500> <Mlp= 2886.9777> <PB=1000000> 
<DWph=2> <it=132> <et=2.51> <Mt= 0.01> <Spt= 0.01> <nCl= 30> <al=0.76> <DB=-1494.9443> <Mlp= 2860.6949> <PB=1000000> 
<DWph=2> <it=133> <et=2.53> <Mt= 0.01> <Spt= 0.01> <nCl= 30> <al=0.79> <DB=-1562.5763> <Mlp= 2855.0774> <PB=1000000> 
<DWph=2> <it=134> <et=2.54> <Mt= 0.01> <Spt= 0.01> <nCl= 29> <al=0.81> <DB= -861.2189> <Mlp= 2851.0659> <PB=1000000> 
<DWph=2> <it=135> <et=2.56> <Mt= 0.00> <Spt= 0.01> <nCl= 30> <al=0.71> <DB=-1020.3194> <Mlp= 2846.6650> <PB=1000000> 
<DWph=2> <it=136> <et=2.57> <Mt= 0.01> <Spt= 0.01> <nCl= 30> <al=0.74> <DB=  -96.0184> <Mlp= 2838.7402> <PB=1000000> 
<DWph=2> <it=137> <et=2.59> <Mt= 0.00> <Spt= 0.01> <nCl= 30> <al=0.64> <DB= -558.0254> <Mlp= 2835.2914> <PB=1000000> 
<DWph=2> <it=138> <et=2.61> <Mt= 0.01> <Spt= 0.02> <nCl= 28> <al=0.67> <DB=  448.9948> <Mlp= 2826.0616> <PB=1000000> 
<DWph=2> <it=139> <et=2.62> <Mt= 0.00> <Spt= 0.01> <nCl= 30> <al=0.71> <DB= -128.6526> <Mlp= 2819.6414> <PB=1000000> 
<DWph=2> <it=140> <et=2.64> <Mt= 0.01> <Spt= 0.01> <nCl= 30> <al=0.74> <DB=  931.1720> <Mlp= 2815.5353> <PB=1000000> 
<DWph=2> <it=141> <et=2.66> <Mt= 0.01> <Spt= 0.01> <nCl= 30> <al=0.64> <DB=  809.2449> <Mlp= 2809.6897> <PB=1000000> 
<DWph=2> <it=142> <et=2.67> <Mt= 0.00> <Spt= 0.01> <nCl= 30> <al=0.67> <DB= 1135.1932> <Mlp= 2805.9064> <PB=1000000> 
<DWph=2> <it=143> <et=2.69> <Mt= 0.01> <Spt= 0.01> <nCl= 30> <al=0.71> <DB=  718.8515> <Mlp= 2802.8833> <PB=1000000> 
<DWph=2> <it=144> <et=2.71> <Mt= 0.00> <Spt= 0.01> <nCl= 28> <al=0.73> <DB= 1632.4082> <Mlp= 2799.2226> <PB=1000000> 
<DWph=2> <it=145> <et=2.73> <Mt= 0.01> <Spt= 0.01> <nCl= 28> <al=0.76> <DB= 1523.8109> <Mlp= 2796.3406> <PB=1000000> 
<DWph=2> <it=146> <et=2.74> <Mt= 0.00> <Spt= 0.01> <nCl= 30> <al=0.66> <DB= 1226.9532> <Mlp= 2794.5944> <PB=1000000> 
<DWph=2> <it=147> <et=2.75> <Mt= 0.01> <Spt= 0.01> <nCl= 23> <al=0.70> <DB= 1609.8943> <Mlp= 2794.2142> <PB=1000000> 
<DWph=2> <it=148> <et=2.77> <Mt= 0.00> <Spt= 0.01> <nCl= 23> <al=0.60> <DB= 1613.6504> <Mlp= 2792.1627> <PB=1000000> 
<DWph=2> <it=149> <et=2.79> <Mt= 0.01> <Spt= 0.01> <nCl= 29> <al=0.50> <DB= 1355.2670> <Mlp= 2791.4957> <PB=1000000> 
<DWph=2> <it=150> <et=2.80> <Mt= 0.00> <Spt= 0.01> <nCl= 30> <al=0.40> <DB=   85.5260> <Mlp= 2788.1333> <PB=1000000> 
<DWph=2> <it=151> <et=2.82> <Mt= 0.01> <Spt= 0.01> <nCl= 28> <al=0.46> <DB= 1951.2344> <Mlp= 2786.1941> <PB=1000000> 
<DWph=2> <it=152> <et=2.83> <Mt= 0.00> <Spt= 0.01> <nCl= 30> <al=0.51> <DB= 1585.4053> <Mlp= 2784.8575> <PB=1000000> 
<DWph=2> <it=153> <et=2.85> <Mt= 0.01> <Spt= 0.01> <nCl= 26> <al=0.56> <DB= 2484.9449> <Mlp= 2783.5212> <PB=1000000> 
<DWph=2> <it=154> <et=2.86> <Mt= 0.00> <Spt= 0.01> <nCl= 30> <al=0.46> <DB= 2048.2231> <Mlp= 2782.6042> <PB=1000000> 
<DWph=2> <it=155> <et=2.88> <Mt= 0.00> <Spt= 0.02> <nCl= 25> <al=0.51> <DB= 2597.8936> <Mlp= 2782.3660> <PB=1000000> 
<DWph=2> <it=156> <et=2.89> <Mt= 0.01> <Spt= 0.01> <nCl= 29> <al=0.41> <DB= 2208.8096> <Mlp= 2782.0038> <PB=1000000> 
<DWph=2> <it=157> <et=2.91> <Mt= 0.00> <Spt= 0.01> <nCl= 19> <al=0.47> <DB= 2220.1045> <Mlp= 2780.5825> <PB=1000000> 
<DWph=2> <it=158> <et=2.92> <Mt= 0.00> <Spt= 0.01> <nCl= 20> <al=0.52> <DB= 2287.9127> <Mlp= 2780.3090> <PB=1000000> 
<DWph=2> <it=159> <et=2.93> <Mt= 0.01> <Spt= 0.01> <nCl= 11> <al=0.42> <DB= 2474.5667> <Mlp= 2779.7703> <PB=1000000> 
<DWph=2> <it=160> <et=2.95> <Mt= 0.00> <Spt= 0.01> <nCl= 11> <al=0.32> <DB= 2556.9125> <Mlp= 2779.6510> <PB=1000000> 
<DWph=2> <it=161> <et=2.96> <Mt= 0.00> <Spt= 0.01> <nCl= 12> <al=0.39> <DB= 2680.4278> <Mlp= 2779.5841> <PB=1000000> 
<DWph=2> <it=162> <et=2.98> <Mt= 0.01> <Spt= 0.01> <nCl= 17> <al=0.45> <DB= 2568.1928> <Mlp= 2779.3399> <PB=1000000> 
<DWph=2> <it=163> <et=3.00> <Mt= 0.00> <Spt= 0.02> <nCl= 12> <al=0.51> <DB= 2182.8335> <Mlp= 2779.0565> <PB=1000000> 
<DWph=2> <it=164> <et=3.01> <Mt= 0.00> <Spt= 0.01> <nCl= 15> <al=0.56> <DB= 2567.2009> <Mlp= 2778.4300> <PB=1000000> 
<DWph=2> <it=165> <et=3.03> <Mt= 0.01> <Spt= 0.01> <nCl= 10> <al=0.46> <DB= 2409.7657> <Mlp= 2778.2411> <PB=1000000> 
<DWph=2> <it=166> <et=3.04> <Mt= 0.00> <Spt= 0.01> <nCl= 10> <al=0.36> <DB= 2747.6301> <Mlp= 2777.9489> <PB=1000000> 
<DWph=2> <it=167> <et=3.05> <Mt= 0.00> <Spt= 0.01> <nCl= 12> <al=0.26> <DB= 2526.8993> <Mlp= 2777.9489> <PB=1000000> 
<DWph=2> <it=168> <et=3.07> <Mt= 0.00> <Spt= 0.01> <nCl= 16> <al=0.33> <DB= 2555.9497> <Mlp= 2777.6550> <PB=1000000> 
<DWph=2> <it=169> <et=3.08> <Mt= 0.01> <Spt= 0.01> <nCl=  6> <al=0.40> <DB= 2570.0878> <Mlp= 2777.6548> <PB=1000000> 
<DWph=2> <it=170> <et=3.09> <Mt= 0.00> <Spt= 0.01> <nCl=  9> <al=0.30> <DB= 2476.5557> <Mlp= 2777.5702> <PB=1000000> 
<DWph=2> <it=171> <et=3.10> <Mt= 0.00> <Spt= 0.01> <nCl=  5> <al=0.37> <DB= 2777.0687> <Mlp= 2777.5702> <PB=1000000> 
<DWph=2> <it=172> <et=3.11> <Mt= 0.00> <Spt= 0.01> <nCl= 14> <al=0.27> <DB= 2474.8044> <Mlp= 2777.5702> <PB=1000000> 
<DWph=2> <it=173> <et=3.13> <Mt= 0.00> <Spt= 0.01> <nCl=  7> <al=0.34> <DB= 2691.8112> <Mlp= 2777.4662> <PB=1000000> 
<DWph=2> <it=174> <et=3.15> <Mt= 0.01> <Spt= 0.02> <nCl= 24> <al=0.00> <DB= 2681.7288> <Mlp= 2777.4516> <PB=1000000> 
<DWph=2> <it=175> <et=3.16> <Mt= 0.00> <Spt= 0.01> <nCl=  6> <al=0.31> <DB= 2757.7330> <Mlp= 2777.4473> <PB=1000000> 
<DWph=2> <it=176> <et=3.19> <Mt= 0.00> <Spt= 0.03> <nCl= 10> <al=0.00> <DB= 2774.4162> <Mlp= 2777.4473> <PB=1000000> 
<DWph=2> <it=177> <et=3.20> <Mt= 0.00> <Spt= 0.01> <nCl=  2> <al=0.11> <DB= 2744.1374> <Mlp= 2777.4452> <PB=1000000> 
<DWph=2> <it=178> <et=3.22> <Mt= 0.00> <Spt= 0.02> <nCl=  1> <al=0.00> <DB= 2777.4452> <Mlp= 2777.4452> <PB=1000000> 
<DWph=1> <it=179> <et=3.27> <Mt= 0.00> <Spt= 0.04> <nCl= 29> <al=0.10> <DB= 1907.5524> <Mlp= 2777.4452> <PB=1000000> 
<DWph=1> <it=180> <et=3.32> <Mt= 0.01> <Spt= 0.05> <nCl= 30> <al=0.19> <DB= 2000.7990> <Mlp= 2776.0879> <PB=1000000> 
<DWph=1> <it=181> <et=3.37> <Mt= 0.00> <Spt= 0.04> <nCl= 25> <al=0.27> <DB= 1898.8967> <Mlp= 2775.3764> <PB=1000000> 
<DWph=1> <it=182> <et=3.41> <Mt= 0.01> <Spt= 0.04> <nCl= 17> <al=0.34> <DB= 2318.1413> <Mlp= 2775.1811> <PB=1000000> 
<DWph=1> <it=183> <et=3.45> <Mt= 0.00> <Spt= 0.04> <nCl= 26> <al=0.24> <DB= 2361.5326> <Mlp= 2774.8927> <PB=1000000> 
<DWph=1> <it=184> <et=3.50> <Mt= 0.00> <Spt= 0.05> <nCl= 22> <al=0.32> <DB= 2534.4256> <Mlp= 2774.4097> <PB=1000000> 
<DWph=1> <it=185> <et=3.55> <Mt= 0.01> <Spt= 0.04> <nCl= 16> <al=0.39> <DB= 2661.1922> <Mlp= 2774.1680> <PB=1000000> 
<DWph=1> <it=186> <et=3.60> <Mt= 0.00> <Spt= 0.04> <nCl= 21> <al=0.45> <DB= 2246.7508> <Mlp= 2773.9218> <PB=1000000> 
<DWph=1> <it=187> <et=3.64> <Mt= 0.00> <Spt= 0.05> <nCl= 12> <al=0.50> <DB= 2605.1186> <Mlp= 2773.4907> <PB=1000000> 
<DWph=1> <it=188> <et=3.69> <Mt= 0.01> <Spt= 0.04> <nCl=  8> <al=0.55> <DB= 2584.5340> <Mlp= 2773.3980> <PB=1000000> 
<DWph=1> <it=189> <et=3.73> <Mt= 0.00> <Spt= 0.04> <nCl=  3> <al=0.60> <DB= 2709.2572> <Mlp= 2773.3569> <PB=1000000> 
<DWph=1> <it=190> <et=3.78> <Mt= 0.00> <Spt= 0.04> <nCl= 11> <al=0.50> <DB= 2713.1683> <Mlp= 2773.3269> <PB=1000000> 
<DWph=1> <it=191> <et=3.83> <Mt= 0.00> <Spt= 0.05> <nCl=  6> <al=0.55> <DB= 2579.8502> <Mlp= 2773.2832> <PB=1000000> 
<DWph=1> <it=192> <et=3.87> <Mt= 0.00> <Spt= 0.04> <nCl=  5> <al=0.59> <DB= 2594.7188> <Mlp= 2773.2832> <PB=1000000> 
<DWph=1> <it=193> <et=3.92> <Mt= 0.01> <Spt= 0.05> <nCl=  3> <al=0.63> <DB= 2671.7679> <Mlp= 2773.2608> <PB=1000000> 
<DWph=1> <it=194> <et=4.01> <Mt= 0.00> <Spt= 0.08> <nCl=  7> <al=0.34> <DB= 2614.8296> <Mlp= 2773.2552> <PB=1000000> 
<DWph=1> <it=195> <et=4.05> <Mt= 0.00> <Spt= 0.04> <nCl=  1> <al=0.57> <DB= 2679.1708> <Mlp= 2773.1761> <PB=1000000> 
<DWph=1> <it=196> <et=4.10> <Mt= 0.00> <Spt= 0.05> <nCl=  2> <al=0.61> <DB= 2748.5367> <Mlp= 2773.1311> <PB=1000000> 
<DWph=1> <it=197> <et=4.14> <Mt= 0.01> <Spt= 0.04> <nCl=  4> <al=0.51> <DB= 2760.5166> <Mlp= 2773.1311> <PB=1000000> 
<DWph=1> <it=198> <et=4.19> <Mt= 0.00> <Spt= 0.04> <nCl=  3> <al=0.41> <DB= 2730.6314> <Mlp= 2773.1283> <PB=1000000> 
<DWph=1> <it=199> <et=4.23> <Mt= 0.00> <Spt= 0.05> <nCl=  3> <al=0.47> <DB= 2710.1724> <Mlp= 2773.1282> <PB=1000000> 
<DWph=1> <it=200> <et=4.33> <Mt= 0.00> <Spt= 0.09> <nCl=  5> <al=0.05> <DB= 2700.7488> <Mlp= 2773.1282> <PB=1000000> 
<DWph=1> <it=201> <et=4.41> <Mt= 0.00> <Spt= 0.08> <nCl=  8> <al=0.00> <DB= 2773.0928> <Mlp= 2773.0928> <PB=1000000> 
    RCSP exact solver info for graph G_0 : TT = 0.192253, pt = 4.4e-05, dt = 0.185692, ct = 0.005805, ndl = 21661', bdl = 1924028', odl = 12062', odf = 97066', bsi = 1879', cnt = 92148', bdch = 29930329', odch = 531509', lcp = 442255', #sols = 150
<DWph=0> <it=202> <et=4.61> <Mt= 0.00> <Spt= 0.20> <nCl=150> <al=0.32> <DB= 1793.9575> <Mlp= 2773.0928> <PB=1000000> 
    RCSP exact solver info for graph G_0 : TT = 0.165641, pt = 7.2e-05, dt = 0.159102, ct = 0.005673, ndl = 21982', bdl = 1939151', odl = 11938', odf = 97363', bsi = 1751', cnt = 109537', bdch = 29737950', odch = 545155', lcp = 449141', #sols = 150
<DWph=0> <it=203> <et=4.79> <Mt= 0.01> <Spt= 0.17> <nCl=120> <al=0.39> <DB= 2286.9743> <Mlp= 2769.1556> <PB=1000000> 
    RCSP exact solver info for graph G_0 : TT = 0.151951, pt = 0.000115, dt = 0.145439, ct = 0.005451, ndl = 20846', bdl = 1856179', odl = 11782', odf = 92677', bsi = 1755', cnt = 100035', bdch = 27220589', odch = 482698', lcp = 409688', #sols = 150
<DWph=0> <it=204> <et=4.96> <Mt= 0.01> <Spt= 0.16> <nCl=100> <al=0.45> <DB= 2181.5712> <Mlp= 2767.9230> <PB=1000000> 
    RCSP exact solver info for graph G_0 : TT = 0.159788, pt = 6.1e-05, dt = 0.153335, ct = 0.005556, ndl = 21385', bdl = 1898744', odl = 11783', odf = 94702', bsi = 1723', cnt = 96356', bdch = 28486657', odch = 510433', lcp = 421353', #sols = 150
<DWph=0> <it=205> <et=5.12> <Mt= 0.00> <Spt= 0.17> <nCl= 40> <al=0.51> <DB= 2571.4315> <Mlp= 2767.5642> <PB=1000000> 
    RCSP exact solver info for graph G_0 : TT = 0.165951, pt = 6.9e-05, dt = 0.158998, ct = 0.005955, ndl = 21669', bdl = 1929462', odl = 11836', odf = 96041', bsi = 1737', cnt = 93580', bdch = 29299045', odch = 524599', lcp = 429102', #sols = 150
<DWph=0> <it=206> <et=5.30> <Mt= 0.00> <Spt= 0.17> <nCl= 58> <al=0.41> <DB= 2447.4303> <Mlp= 2767.4509> <PB=1000000> 
    RCSP exact solver info for graph G_0 : TT = 0.159602, pt = 6.2e-05, dt = 0.152774, ct = 0.005906, ndl = 21391', bdl = 1910305', odl = 11809', odf = 95035', bsi = 1722', cnt = 98142', bdch = 28829420', odch = 519437', lcp = 420164', #sols = 150
    RCSP exact solver info for graph G_0 : TT = 0.165193, pt = 6e-05, dt = 0.158303, ct = 0.005989, ndl = 21519', bdl = 1901319', odl = 11847', odf = 96195', bsi = 1696', cnt = 104165', bdch = 28918015', odch = 528052', lcp = 425449', #sols = 150
<DWph=0> <it=207> <et=5.64> <Mt= 0.00> <Spt= 0.33> <nCl=126> <al=0.00> <DB= 2496.8982> <Mlp= 2767.3664> <PB=1000000> 
    RCSP exact solver info for graph G_0 : TT = 0.165211, pt = 6.2e-05, dt = 0.158288, ct = 0.00598, ndl = 21713', bdl = 1928527', odl = 11758', odf = 96302', bsi = 1706', cnt = 100406', bdch = 29501235', odch = 533701', lcp = 429167', #sols = 150
<DWph=0> <it=208> <et=5.81> <Mt= 0.01> <Spt= 0.17> <nCl=  5> <al=0.37> <DB= 2733.8186> <Mlp= 2767.3603> <PB=1000000> 
    RCSP exact solver info for graph G_0 : TT = 0.162032, pt = 5.7e-05, dt = 0.15536, ct = 0.00572, ndl = 21659', bdl = 1921397', odl = 11687', odf = 95895', bsi = 1714', cnt = 98407', bdch = 29230133', odch = 528422', lcp = 427676', #sols = 150
    RCSP exact solver info for graph G_0 : TT = 0.161997, pt = 5.7e-05, dt = 0.15494, ct = 0.006135, ndl = 21359', bdl = 1899571', odl = 11712', odf = 94381', bsi = 1704', cnt = 98482', bdch = 28478493', odch = 513698', lcp = 417383', #sols = 150
<DWph=0> <it=209> <et=6.14> <Mt= 0.00> <Spt= 0.33> <nCl= 23> <al=0.00> <DB= 2767.3602> <Mlp= 2767.3602> <PB=1000000> 
RCSP solver dynamic params and stats :  bidir.bord. = 375 aver.obdmd = 24.5902 aver.buck.num. = 26
@@ 1 0 2767.36 0.16404 0.191497 91.7326 6.14
RCSP      solver labels distribution in 1445 buckets (bucket size) : largest - 80, top 0.1% - 78, top 0.5% - 65, top 2% - 56, top 10% - 35, top 50% - 10
Reduced cost fixing for graph G_0...  TT = 0.399563, pt = 0.031901, dt = 0.366996, ct = 0, ndl = 56773', bdl = 4083713', odl = 11996', odf = 170818', lpcb = 300805', cnt = 13816767', bdch = 67203239', odch = 1520369', lcp = 814217'
337601 buck. arcs remain (99.1% from prev., 90.9% from max.) + 0 jump buck. arcs (0% from max.)
 TT = 0.598451, pt = 0.031901, dt = 0.366996, ct = 0.198782, ndl = 56773', bdl = 4083713', odl = 11996', odf = 170818', lpcb = 300805', cnt = 14476849', bdch = 67203239', odch = 1520369', lcp = 814217'
RCSP      solver labels distribution in 2827 buckets (bucket size) : largest - 106, top 0.1% - 99, top 0.5% - 87, top 2% - 73, top 10% - 46, top 50% - 15
Run forward enumeration with border = 375... not succeeded (ratio 0.991598) lpt = 0.012445, ndl = 10117', dl = 0', lpcb = 0', dch = 3860'
 TT = 0.016641, pt = 0.001506, dt = 0.012445, ct = 0, ndl = 10117', bdl = 0', cnt = 56455', bdch = 3860', odch = 0', lcp = 0'
Bucket graph for G_0 is regenerated as bucket steps were adjusted for 122 vertices
RCSP solver info : number of forw. reachable buckets / buck. strongly connected components is 6008( 96.5606% ) / 6008( 100% )
658365 forw. buck. arcs remain (92.0996% from max.) + 0 jump buck. arcs
ColGenEvalAlg final dual bound: 2767.36 (rounded: 2768)
Shrinking heuristic shrunk 35 edges
In total 11 RCC cut(s) are found by the Fractional capacity min-cut heuristic 
In total 9 RCC cut(s) are found by the greedy construction heuristic 
----- Add fac. cuts : CAP(20), max.viol = 0.428425, aver.viol = 0.143095, sep/add took 0.0311136/0.0333197 sec. -----
5782 columns (5782 active), 20 dyn. constrs. (20 active), 262 art. vars. (262 active)
<DWph=2> <it=  1> <et=6.99> <Mt= 0.01> <Spt= 0.02> <nCl= 15> <al=0.50> <DB= 2706.2438> <Mlp= 2772.0462> <PB=1000000> 
<DWph=2> <it=  2> <et=7.01> <Mt= 0.01> <Spt= 0.02> <nCl= 16> <al=0.55> <DB= 2756.7859> <Mlp= 2771.7029> <PB=1000000> 
<DWph=2> <it=  3> <et=7.05> <Mt= 0.00> <Spt= 0.04> <nCl= 25> <al=0.19> <DB= 2314.3120> <Mlp= 2771.6335> <PB=1000000> 
<DWph=2> <it=  4> <et=7.08> <Mt= 0.00> <Spt= 0.02> <nCl= 10> <al=0.50> <DB= 2745.0104> <Mlp= 2771.6160> <PB=1000000> 
<DWph=2> <it=  5> <et=7.10> <Mt= 0.01> <Spt= 0.02> <nCl=  7> <al=0.55> <DB= 2441.3456> <Mlp= 2771.5200> <PB=1000000> 
<DWph=2> <it=  6> <et=7.12> <Mt= 0.00> <Spt= 0.01> <nCl=  7> <al=0.59> <DB= 2770.0845> <Mlp= 2771.5200> <PB=1000000> 
<DWph=2> <it=  7> <et=7.14> <Mt= 0.00> <Spt= 0.02> <nCl=  6> <al=0.49> <DB= 2735.4689> <Mlp= 2771.5197> <PB=1000000> 
<DWph=2> <it=  8> <et=7.16> <Mt= 0.00> <Spt= 0.02> <nCl=  3> <al=0.54> <DB= 2694.2694> <Mlp= 2771.5157> <PB=1000000> 
<DWph=2> <it=  9> <et=7.18> <Mt= 0.01> <Spt= 0.02> <nCl=  9> <al=0.59> <DB= 2770.6693> <Mlp= 2771.5029> <PB=1000000> 
<DWph=2> <it= 10> <et=7.20> <Mt= 0.00> <Spt= 0.01> <nCl= 10> <al=0.49> <DB= 2689.5286> <Mlp= 2771.4819> <PB=1000000> 
<DWph=2> <it= 11> <et=7.22> <Mt= 0.00> <Spt= 0.02> <nCl=  8> <al=0.54> <DB= 2574.2832> <Mlp= 2771.4485> <PB=1000000> 
<DWph=2> <it= 12> <et=7.26> <Mt= 0.01> <Spt= 0.03> <nCl= 15> <al=0.17> <DB= 2584.8121> <Mlp= 2771.4417> <PB=1000000> 
<DWph=2> <it= 13> <et=7.28> <Mt= 0.00> <Spt= 0.02> <nCl=  7> <al=0.49> <DB= 2666.7437> <Mlp= 2771.3089> <PB=1000000> 
<DWph=2> <it= 14> <et=7.31> <Mt= 0.00> <Spt= 0.03> <nCl= 12> <al=0.07> <DB= 2564.6770> <Mlp= 2771.2859> <PB=1000000> 
<DWph=2> <it= 15> <et=7.35> <Mt= 0.00> <Spt= 0.03> <nCl=  9> <al=0.00> <DB= 2771.2547> <Mlp= 2771.2547> <PB=1000000> 
<DWph=1> <it= 16> <et=7.41> <Mt= 0.01> <Spt= 0.06> <nCl= 18> <al=0.34> <DB= 2570.3781> <Mlp= 2771.2547> <PB=1000000> 
<DWph=1> <it= 17> <et=7.46> <Mt= 0.00> <Spt= 0.05> <nCl=  6> <al=0.24> <DB= 2681.9302> <Mlp= 2771.0869> <PB=1000000> 
<DWph=1> <it= 18> <et=7.52> <Mt= 0.00> <Spt= 0.06> <nCl=  1> <al=0.31> <DB= 2734.2874> <Mlp= 2771.0835> <PB=1000000> 
<DWph=1> <it= 19> <et=7.63> <Mt= 0.00> <Spt= 0.10> <nCl=  4> <al=0.00> <DB= 2729.1720> <Mlp= 2771.0830> <PB=1000000> 
<DWph=1> <it= 20> <et=7.73> <Mt= 0.01> <Spt= 0.11> <nCl=  0> <al=0.00> <DB= 2771.0830> <Mlp= 2771.0830> <PB=1000000> 
    RCSP exact solver info for graph G_0 : TT = 0.139973, pt = 7.3e-05, dt = 0.132961, ct = 0.006112, ndl = 21020', bdl = 1845467', odl = 19914', odf = 170932', bsi = 1847', cnt = 74601', bdch = 18865618', odch = 587322', lcp = 326425', #sols = 150
<DWph=0> <it= 21> <et=7.88> <Mt= 0.00> <Spt= 0.14> <nCl= 94> <al=0.01> <DB= 2405.9412> <Mlp= 2771.0830> <PB=1000000> 
    RCSP exact solver info for graph G_0 : TT = 0.1437, pt = 0.000133, dt = 0.136242, ct = 0.006301, ndl = 21422', bdl = 1876745', odl = 19743', odf = 173049', bsi = 1817', cnt = 82557', bdch = 19363736', odch = 605865', lcp = 330243', #sols = 150
<DWph=0> <it= 22> <et=8.04> <Mt= 0.00> <Spt= 0.15> <nCl= 43> <al=0.11> <DB= 2607.7222> <Mlp= 2770.9405> <PB=1000000> 
    RCSP exact solver info for graph G_0 : TT = 0.143422, pt = 0.000186, dt = 0.13611, ct = 0.006162, ndl = 21168', bdl = 1856611', odl = 19777', odf = 171566', bsi = 1813', cnt = 80932', bdch = 18991565', odch = 591864', lcp = 324098', #sols = 150
<DWph=0> <it= 23> <et=8.19> <Mt= 0.01> <Spt= 0.15> <nCl=  9> <al=0.20> <DB= 2738.2143> <Mlp= 2770.9223> <PB=1000000> 
    RCSP exact solver info for graph G_0 : TT = 0.14493, pt = 0.000108, dt = 0.138548, ct = 0.005344, ndl = 21623', bdl = 1899948', odl = 20056', odf = 175010', bsi = 1776', cnt = 83154', bdch = 19791886', odch = 614759', lcp = 333535', #sols = 150
    RCSP exact solver info for graph G_0 : TT = 0.143023, pt = 8.1e-05, dt = 0.136267, ct = 0.00573, ndl = 21276', bdl = 1876839', odl = 20069', odf = 172642', bsi = 1756', cnt = 80622', bdch = 19310999', odch = 599308', lcp = 327975', #sols = 150
<DWph=0> <it= 24> <et=8.49> <Mt= 0.00> <Spt= 0.30> <nCl=  7> <al=0.00> <DB= 2770.9222> <Mlp= 2770.9222> <PB=1000000> 
RCSP solver dynamic params and stats :  bidir.bord. = 375 aver.obdmd = 49.1803 aver.buck.num. = 51
@@ 1 1 2770.92 0.141955 0.143892 92.0996 8.49
    Full reduced cost fixing is not called (gap ratio is 0.999996)
Bucket graph for G_0 is regenerated as bucket steps were adjusted for 122 vertices
RCSP solver info : number of forw. reachable buckets / buck. strongly connected components is 11850( 96.1695% ) / 11850( 100% )
1302574 forw. buck. arcs remain (92.389% from max.) + 0 jump buck. arcs
ColGenEvalAlg final dual bound: 2770.92 (rounded: 2771)
False gap improvement since the last cut separation : 0.0128717 (2767.36)
Cut generation tailing off counter increased to 1
Current active cuts : CAP(6,320.193)
Shrinking heuristic shrunk 28 edges
In total 4 RCC cut(s) are found by the Fractional capacity min-cut heuristic 
In total 1 RCC cut(s) are found by the greedy construction heuristic 
----- Add fac. cuts : CAP(5), max.viol = 0.116233, aver.viol = 0.0545207, sep/add took 0.037204/0.0116446 sec. -----
6123 columns (6123 active), 25 dyn. constrs. (11 active), 267 art. vars. (253 active)
<DWph=2> <it=  1> <et=8.86> <Mt= 0.01> <Spt= 0.06> <nCl= 13> <al=0.00> <DB= 2771.6246> <Mlp= 2771.6246> <PB=1000000> 
<DWph=1> <it=  2> <et=8.94> <Mt= 0.00> <Spt= 0.07> <nCl=  2> <al=0.40> <DB= 2638.8919> <Mlp= 2771.6246> <PB=1000000> 
<DWph=1> <it=  3> <et=9.08> <Mt= 0.00> <Spt= 0.15> <nCl=  1> <al=0.00> <DB= 2771.6246> <Mlp= 2771.6246> <PB=1000000> 
    RCSP exact solver info for graph G_0 : TT = 0.131647, pt = 0.000169, dt = 0.124858, ct = 0.005524, ndl = 20745', bdl = 1815854', odl = 30754', odf = 340049', bsi = 1858', cnt = 80528', bdch = 12346535', odch = 656186', lcp = 261783', #sols = 150
<DWph=0> <it=  4> <et=9.22> <Mt= 0.00> <Spt= 0.13> <nCl= 26> <al=0.36> <DB= 2505.8244> <Mlp= 2771.6246> <PB=1000000> 
    RCSP exact solver info for graph G_0 : TT = 0.14206, pt = 0.00021, dt = 0.134454, ct = 0.006157, ndl = 21307', bdl = 1869021', odl = 31220', odf = 347341', bsi = 1849', cnt = 85372', bdch = 12934935', odch = 691411', lcp = 270131', #sols = 150
<DWph=0> <it=  5> <et=9.38> <Mt= 0.01> <Spt= 0.15> <nCl=  8> <al=0.42> <DB= 2658.8421> <Mlp= 2771.4801> <PB=1000000> 
    RCSP exact solver info for graph G_0 : TT = 0.154051, pt = 0.000268, dt = 0.146576, ct = 0.005911, ndl = 21578', bdl = 1889318', odl = 31242', odf = 348954', bsi = 1820', cnt = 89104', bdch = 13181714', odch = 709319', lcp = 272080', #sols = 150
<DWph=0> <it=  6> <et=9.54> <Mt= 0.00> <Spt= 0.16> <nCl=  5> <al=0.32> <DB= 2734.9830> <Mlp= 2771.4766> <PB=1000000> 
    RCSP exact solver info for graph G_0 : TT = 0.140398, pt = 0.000166, dt = 0.132576, ct = 0.006447, ndl = 21361', bdl = 1865575', odl = 30989', odf = 344735', bsi = 1753', cnt = 87692', bdch = 12898467', odch = 688581', lcp = 267069', #sols = 150
<DWph=0> <it=  7> <et=9.69> <Mt= 0.00> <Spt= 0.15> <nCl=  9> <al=0.22> <DB= 2752.8378> <Mlp= 2771.4766> <PB=1000000> 
    RCSP exact solver info for graph G_0 : TT = 0.141421, pt = 0.000212, dt = 0.133838, ct = 0.005834, ndl = 21225', bdl = 1855018', odl = 31050', odf = 343595', bsi = 1750', cnt = 83868', bdch = 12799618', odch = 682007', lcp = 265727', #sols = 150
    RCSP exact solver info for graph G_0 : TT = 0.13311, pt = 0.000164, dt = 0.125569, ct = 0.006275, ndl = 20976', bdl = 1837764', odl = 31194', odf = 341523', bsi = 1741', cnt = 81274', bdch = 12631953', odch = 670196', lcp = 265326', #sols = 150
<DWph=0> <it=  8> <et=9.97> <Mt= 0.01> <Spt= 0.28> <nCl=  8> <al=0.00> <DB= 2766.9361> <Mlp= 2771.4766> <PB=1000000> 
    RCSP exact solver info for graph G_0 : TT = 0.136799, pt = 0.000214, dt = 0.128896, ct = 0.006475, ndl = 21052', bdl = 1841833', odl = 31147', odf = 342219', bsi = 1749', cnt = 81766', bdch = 12678125', odch = 674308', lcp = 265624', #sols = 150
    RCSP exact solver info for graph G_0 : TT = 0.144607, pt = 0.000177, dt = 0.137583, ct = 0.005706, ndl = 21022', bdl = 1840742', odl = 31170', odf = 341893', bsi = 1742', cnt = 81646', bdch = 12663026', odch = 672470', lcp = 265668', #sols = 150
<DWph=0> <it=  9> <et=10.26> <Mt= 0.00> <Spt= 0.29> <nCl=  4> <al=0.00> <DB= 2771.4766> <Mlp= 2771.4766> <PB=1000000> 
RCSP solver dynamic params and stats :  bidir.bord. = 375 aver.obdmd = 98.3607 aver.buck.num. = 101
@@ 1 2 2771.48 0.139085 0.152487 92.389 10.26
    Full reduced cost fixing is not called (gap ratio is 0.999996)
ColGenEvalAlg final dual bound: 2771.48 (rounded: 2772)
False gap improvement since the last cut separation : 0.00200064 (2770.92)
Cut generation tailing off counter increased to 2
Current active cuts : CAP(8,406.664)
Shrinking heuristic shrunk 32 edges
In total 3 RCC cut(s) are found by the greedy construction heuristic 
----- Add fac. cuts : CAP(3), max.viol = 0.0360647, aver.viol = 0.0360647, sep/add took 0.0331384/0.0113471 sec. -----
6199 columns (6199 active), 14 dyn. constrs. (11 active), 270 art. vars. (253 active)
<DWph=2> <it=  1> <et=10.40> <Mt= 0.00> <Spt= 0.06> <nCl=  7> <al=0.00> <DB= 2771.4841> <Mlp= 2771.4841> <PB=1000000> 
<DWph=1> <it=  2> <et=10.57> <Mt= 0.00> <Spt= 0.16> <nCl=  1> <al=0.00> <DB= 2771.4841> <Mlp= 2771.4841> <PB=1000000> 
    RCSP exact solver info for graph G_0 : TT = 0.137774, pt = 0.000173, dt = 0.131198, ct = 0.005386, ndl = 21198', bdl = 1858337', odl = 30975', odf = 342235', bsi = 1752', cnt = 82494', bdch = 12810852', odch = 683358', lcp = 266342', #sols = 150
<DWph=0> <it=  3> <et=10.71> <Mt= 0.00> <Spt= 0.14> <nCl=  3> <al=0.30> <DB= 2763.0064> <Mlp= 2771.4841> <PB=1000000> 
    RCSP exact solver info for graph G_0 : TT = 0.143244, pt = 0.000179, dt = 0.136255, ct = 0.005701, ndl = 21441', bdl = 1876028', odl = 31020', odf = 345747', bsi = 1747', cnt = 85089', bdch = 13022854', odch = 695420', lcp = 267941', #sols = 150
    RCSP exact solver info for graph G_0 : TT = 0.140061, pt = 0.000169, dt = 0.132225, ct = 0.006426, ndl = 21103', bdl = 1851139', odl = 31108', odf = 342271', bsi = 1737', cnt = 82210', bdch = 12760677', odch = 676620', lcp = 264969', #sols = 150
<DWph=0> <it=  4> <et=11.00> <Mt= 0.01> <Spt= 0.30> <nCl=  1> <al=0.00> <DB= 2771.4833> <Mlp= 2771.4833> <PB=1000000> 
RCSP solver dynamic params and stats :  bidir.bord. = 375 aver.obdmd = 98.3607 aver.buck.num. = 101
@@ 1 3 2771.48 0.139064 0.141956 92.389 11
    Full reduced cost fixing is not called (gap ratio is 0.999996)
ColGenEvalAlg final dual bound: 2771.48 (rounded: 2772)
False gap improvement since the last cut separation : 2.41421e-05 (2771.48)
----- Cut separators priority level decreased to 1-----
Current active cuts : CAP(9,418.457)
Shrinking heuristic shrunk 31 edges
15 Rank-1 1-rows pack. cuts added ,  max viol. = 0.141628, aver. viol. = 0.067584
150 Rank-1 3-rows pack. cuts added ,  max viol. = 0.472959, aver. viol. = 0.390361
----- Add fac. cuts : R1C(165), max.viol = 0.472959, aver.viol = 0.363521, sep/add took 0.0360746/0.256591 sec. -----
6211 columns (6211 active), 176 dyn. constrs. (174 active), 435 art. vars. (416 active)
<DWph=2> <it=  1> <et=11.43> <Mt= 0.06> <Spt= 0.04> <nCl= 30> <al=0.50> <DB=-13026.5833> <Mlp= 2813.4368> <PB=1000000> 
<DWph=2> <it=  2> <et=11.49> <Mt= 0.02> <Spt= 0.04> <nCl= 30> <al=0.55> <DB=-12380.4319> <Mlp= 2812.1778> <PB=1000000> 
<DWph=2> <it=  3> <et=11.54> <Mt= 0.01> <Spt= 0.04> <nCl= 30> <al=0.60> <DB= -223.5132> <Mlp= 2812.1350> <PB=1000000> 
<DWph=2> <it=  4> <et=11.62> <Mt= 0.02> <Spt= 0.05> <nCl= 30> <al=0.64> <DB= 1810.7912> <Mlp= 2803.7583> <PB=1000000> 
<DWph=2> <it=  5> <et=11.69> <Mt= 0.04> <Spt= 0.04> <nCl= 12> <al=0.67> <DB= 2579.4097> <Mlp= 2795.3723> <PB=1000000> 
<DWph=2> <it=  6> <et=11.74> <Mt= 0.01> <Spt= 0.04> <nCl=  9> <al=0.70> <DB= 2746.2516> <Mlp= 2793.6828> <PB=1000000> 
<DWph=2> <it=  7> <et=11.80> <Mt= 0.01> <Spt= 0.05> <nCl=  5> <al=0.73> <DB= 2777.2855> <Mlp= 2793.3193> <PB=1000000> 
<DWph=2> <it=  8> <et=11.84> <Mt= 0.00> <Spt= 0.04> <nCl= 24> <al=0.63> <DB= 1979.6229> <Mlp= 2793.3168> <PB=1000000> 
<DWph=2> <it=  9> <et=11.90> <Mt= 0.01> <Spt= 0.04> <nCl= 12> <al=0.67> <DB= 2742.8796> <Mlp= 2792.4774> <PB=1000000> 
<DWph=2> <it= 10> <et=11.96> <Mt= 0.01> <Spt= 0.06> <nCl= 14> <al=0.70> <DB= 2637.6875> <Mlp= 2792.2191> <PB=1000000> 
<DWph=2> <it= 11> <et=12.02> <Mt= 0.01> <Spt= 0.04> <nCl=  7> <al=0.73> <DB= 2665.0443> <Mlp= 2790.7682> <PB=1000000> 
<DWph=2> <it= 12> <et=12.07> <Mt= 0.02> <Spt= 0.04> <nCl= 10> <al=0.63> <DB= 2581.9210> <Mlp= 2789.0158> <PB=1000000> 
<DWph=2> <it= 13> <et=12.13> <Mt= 0.00> <Spt= 0.06> <nCl=  8> <al=0.67> <DB= 2447.0782> <Mlp= 2788.3491> <PB=1000000> 
<DWph=2> <it= 14> <et=12.19> <Mt= 0.01> <Spt= 0.05> <nCl=  2> <al=0.70> <DB= 2780.4729> <Mlp= 2788.0190> <PB=1000000> 
<DWph=2> <it= 15> <et=12.24> <Mt= 0.01> <Spt= 0.04> <nCl= 12> <al=0.60> <DB= 2662.8008> <Mlp= 2788.0087> <PB=1000000> 
<DWph=2> <it= 16> <et=12.29> <Mt= 0.01> <Spt= 0.04> <nCl= 11> <al=0.64> <DB= 2494.4568> <Mlp= 2787.6132> <PB=1000000> 
<DWph=2> <it= 17> <et=12.35> <Mt= 0.00> <Spt= 0.05> <nCl=  4> <al=0.68> <DB= 2648.6685> <Mlp= 2787.2847> <PB=1000000> 
<DWph=2> <it= 18> <et=12.40> <Mt= 0.01> <Spt= 0.05> <nCl=  5> <al=0.71> <DB= 2513.8270> <Mlp= 2787.1126> <PB=1000000> 
<DWph=2> <it= 19> <et=12.45> <Mt= 0.00> <Spt= 0.04> <nCl=  3> <al=0.74> <DB= 2616.1698> <Mlp= 2786.8932> <PB=1000000> 
<DWph=2> <it= 20> <et=12.54> <Mt= 0.01> <Spt= 0.09> <nCl= 23> <al=0.28> <DB= 2473.1205> <Mlp= 2786.8534> <PB=1000000> 
<DWph=2> <it= 21> <et=12.59> <Mt= 0.01> <Spt= 0.04> <nCl=  8> <al=0.54> <DB= 2768.5039> <Mlp= 2786.6325> <PB=1000000> 
<DWph=2> <it= 22> <et=12.64> <Mt= 0.00> <Spt= 0.04> <nCl=  6> <al=0.59> <DB= 2626.6085> <Mlp= 2786.5637> <PB=1000000> 
<DWph=2> <it= 23> <et=12.69> <Mt= 0.01> <Spt= 0.05> <nCl=  8> <al=0.63> <DB= 2657.9374> <Mlp= 2786.2469> <PB=1000000> 
<DWph=2> <it= 24> <et=12.74> <Mt= 0.00> <Spt= 0.04> <nCl=  4> <al=0.53> <DB= 2783.2037> <Mlp= 2786.2469> <PB=1000000> 
<DWph=2> <it= 25> <et=12.79> <Mt= 0.01> <Spt= 0.05> <nCl= 16> <al=0.43> <DB= 2372.1583> <Mlp= 2786.2137> <PB=1000000> 
<DWph=2> <it= 26> <et=12.84> <Mt= 0.00> <Spt= 0.04> <nCl= 12> <al=0.48> <DB= 2315.7770> <Mlp= 2786.0728> <PB=1000000> 
<DWph=2> <it= 27> <et=12.90> <Mt= 0.00> <Spt= 0.05> <nCl=  3> <al=0.54> <DB= 2636.3194> <Mlp= 2786.0706> <PB=1000000> 
<DWph=2> <it= 28> <et=12.94> <Mt= 0.01> <Spt= 0.05> <nCl=  6> <al=0.44> <DB= 2784.8163> <Mlp= 2786.0624> <PB=1000000> 
<DWph=2> <it= 29> <et=12.99> <Mt= 0.00> <Spt= 0.04> <nCl= 20> <al=0.34> <DB= 1924.3556> <Mlp= 2786.0122> <PB=1000000> 
<DWph=2> <it= 30> <et=13.04> <Mt= 0.01> <Spt= 0.05> <nCl= 10> <al=0.40> <DB= 2589.9304> <Mlp= 2785.9958> <PB=1000000> 
<DWph=2> <it= 31> <et=13.09> <Mt= 0.00> <Spt= 0.04> <nCl=  9> <al=0.46> <DB= 2262.7811> <Mlp= 2785.9506> <PB=1000000> 
<DWph=2> <it= 32> <et=13.19> <Mt= 0.00> <Spt= 0.09> <nCl=  4> <al=0.03> <DB= 2521.3145> <Mlp= 2785.9129> <PB=1000000> 
<DWph=2> <it= 33> <et=13.27> <Mt= 0.01> <Spt= 0.08> <nCl=  4> <al=0.00> <DB= 2785.9129> <Mlp= 2785.9129> <PB=1000000> 
<DWph=1> <it= 34> <et=13.37> <Mt= 0.00> <Spt= 0.11> <nCl= 20> <al=0.32> <DB= 2294.1237> <Mlp= 2785.9129> <PB=1000000> 
<DWph=1> <it= 35> <et=13.48> <Mt= 0.00> <Spt= 0.10> <nCl= 10> <al=0.38> <DB= 2537.9534> <Mlp= 2785.8889> <PB=1000000> 
<DWph=1> <it= 36> <et=13.59> <Mt= 0.01> <Spt= 0.11> <nCl=  2> <al=0.45> <DB= 2655.9996> <Mlp= 2785.8115> <PB=1000000> 
<DWph=1> <it= 37> <et=13.70> <Mt= 0.00> <Spt= 0.10> <nCl=  4> <al=0.50> <DB= 2716.0430> <Mlp= 2785.8115> <PB=1000000> 
<DWph=1> <it= 38> <et=13.92> <Mt= 0.00> <Spt= 0.21> <nCl=  3> <al=0.10> <DB= 2756.1048> <Mlp= 2785.8115> <PB=1000000> 
<DWph=1> <it= 39> <et=14.13> <Mt= 0.01> <Spt= 0.21> <nCl=  5> <al=0.00> <DB= 2785.8115> <Mlp= 2785.8115> <PB=1000000> 
    RCSP exact solver info for graph G_0 : TT = 0.325138, pt = 0.000845, dt = 0.306935, ct = 0.016243, ndl = 31711', bdl = 2730176', odl = 37559', odf = 494538', bsi = 1714', cnt = 249055', bdch = 25152653', odch = 1551322', lcp = 506269', #sols = 150
<DWph=0> <it= 40> <et=14.47> <Mt= 0.00> <Spt= 0.34> <nCl=150> <al=0.35> <DB= 1861.1349> <Mlp= 2785.8115> <PB=1000000> 
    RCSP exact solver info for graph G_0 : TT = 0.231813, pt = 0.00121, dt = 0.217627, ct = 0.011696, ndl = 31406', bdl = 2706232', odl = 37382', odf = 488138', bsi = 1784', cnt = 216037', bdch = 24956204', odch = 1473627', lcp = 488816', #sols = 150
<DWph=0> <it= 41> <et=14.73> <Mt= 0.01> <Spt= 0.25> <nCl= 92> <al=0.42> <DB= 2396.4943> <Mlp= 2784.7710> <PB=1000000> 
    RCSP exact solver info for graph G_0 : TT = 0.232598, pt = 0.001169, dt = 0.217004, ct = 0.013006, ndl = 30996', bdl = 2662612', odl = 36769', odf = 482212', bsi = 1761', cnt = 204357', bdch = 24221512', odch = 1446116', lcp = 472416', #sols = 150
<DWph=0> <it= 42> <et=14.98> <Mt= 0.01> <Spt= 0.24> <nCl= 51> <al=0.47> <DB= 2459.1536> <Mlp= 2784.4495> <PB=1000000> 
    RCSP exact solver info for graph G_0 : TT = 0.240496, pt = 0.001339, dt = 0.224972, ct = 0.012542, ndl = 30809', bdl = 2658065', odl = 37071', odf = 481729', bsi = 1795', cnt = 194627', bdch = 24110716', odch = 1430087', lcp = 471239', #sols = 150
<DWph=0> <it= 43> <et=15.23> <Mt= 0.00> <Spt= 0.25> <nCl= 27> <al=0.53> <DB= 2620.8009> <Mlp= 2784.4422> <PB=1000000> 
    RCSP exact solver info for graph G_0 : TT = 0.226705, pt = 0.001116, dt = 0.212816, ct = 0.011459, ndl = 30509', bdl = 2631095', odl = 36920', odf = 478134', bsi = 1771', cnt = 194300', bdch = 23738428', odch = 1410516', lcp = 463086', #sols = 150
<DWph=0> <it= 44> <et=15.47> <Mt= 0.01> <Spt= 0.23> <nCl= 16> <al=0.43> <DB= 2714.5699> <Mlp= 2784.4422> <PB=1000000> 
    RCSP exact solver info for graph G_0 : TT = 0.230391, pt = 0.001372, dt = 0.215144, ct = 0.012474, ndl = 30666', bdl = 2644139', odl = 36895', odf = 478606', bsi = 1775', cnt = 191916', bdch = 23859896', odch = 1432379', lcp = 465862', #sols = 150
<DWph=0> <it= 45> <et=15.71> <Mt= 0.00> <Spt= 0.24> <nCl= 13> <al=0.33> <DB= 2761.5950> <Mlp= 2784.4422> <PB=1000000> 
    RCSP exact solver info for graph G_0 : TT = 0.242272, pt = 0.001136, dt = 0.225217, ct = 0.014442, ndl = 30747', bdl = 2646925', odl = 36753', odf = 479580', bsi = 1792', cnt = 205052', bdch = 23935586', odch = 1446294', lcp = 466605', #sols = 150
    RCSP exact solver info for graph G_0 : TT = 0.217633, pt = 0.000963, dt = 0.203532, ct = 0.011832, ndl = 30676', bdl = 2641560', odl = 36498', odf = 475413', bsi = 1780', cnt = 198512', bdch = 23810570', odch = 1422897', lcp = 461649', #sols = 150
<DWph=0> <it= 46> <et=16.18> <Mt= 0.00> <Spt= 0.47> <nCl= 33> <al=0.00> <DB= 2784.4421> <Mlp= 2784.4421> <PB=1000000> 
RCSP solver dynamic params and stats :  bidir.bord. = 375 aver.obdmd = 98.3607 aver.buck.num. = 101 nbR1C = 24 with avMem = 15.0833
@@ 1 4 2784.44 0.240868 0.323178 92.389 16.18
    Full reduced cost fixing is not called (gap ratio is 0.999983)
ColGenEvalAlg final dual bound: 2784.44 (rounded: 2785)
False gap improvement since the last cut separation : 0.0467576 (2771.48)
Current active cuts : CAP(4,245.444) R1C(2+22,81.8328) 1rowPackR1C(2) 3rowPackR1C(22)
In total 1 RCC cut(s) are found by the connected components heuristic 
Shrinking heuristic shrunk 37 edges
In total 9 RCC cut(s) are found by the Fractional capacity min-cut heuristic 
In total 7 RCC cut(s) are found by the greedy construction heuristic 
In total 3 RCC cut(s) are found by the global pool greedy search heuristic 
12 Rank-1 1-rows pack. cuts added ,  max viol. = 0.223147, aver. viol. = 0.0764129
150 Rank-1 3-rows pack. cuts added ,  max viol. = 0.423986, aver. viol. = 0.371922
----- Add fac. cuts : CAP(20) R1C(162), max.viol = 0.423986, aver.viol = 0.332517, sep/add took 0.0345394/0.391197 sec. -----
7028 columns (7028 active), 356 dyn. constrs. (211 active), 617 art. vars. (453 active)
<DWph=2> <it=  1> <et=16.76> <Mt= 0.08> <Spt= 0.05> <nCl= 30> <al=0.50> <DB=-2537.2976> <Mlp= 2820.3961> <PB=1000000> 
<DWph=2> <it=  2> <et=16.88> <Mt= 0.06> <Spt= 0.06> <nCl= 30> <al=0.55> <DB=  754.3076> <Mlp= 2810.1436> <PB=1000000> 
<DWph=2> <it=  3> <et=16.98> <Mt= 0.04> <Spt= 0.06> <nCl= 11> <al=0.60> <DB= 2101.9780> <Mlp= 2808.0870> <PB=1000000> 
<DWph=2> <it=  4> <et=17.06> <Mt= 0.03> <Spt= 0.05> <nCl=  6> <al=0.64> <DB= 2493.9968> <Mlp= 2805.1933> <PB=1000000> 
<DWph=2> <it=  5> <et=17.13> <Mt= 0.02> <Spt= 0.05> <nCl=  7> <al=0.67> <DB= 2770.8121> <Mlp= 2804.0422> <PB=1000000> 
<DWph=2> <it=  6> <et=17.19> <Mt= 0.00> <Spt= 0.05> <nCl=  1> <al=0.70> <DB= 2749.5133> <Mlp= 2803.9043> <PB=1000000> 
<DWph=2> <it=  7> <et=17.30> <Mt= 0.01> <Spt= 0.11> <nCl=  8> <al=0.47> <DB= 2582.7167> <Mlp= 2803.9039> <PB=1000000> 
<DWph=2> <it=  8> <et=17.38> <Mt= 0.02> <Spt= 0.06> <nCl=  5> <al=0.63> <DB= 2651.8857> <Mlp= 2802.7511> <PB=1000000> 
<DWph=2> <it=  9> <et=17.44> <Mt= 0.01> <Spt= 0.05> <nCl=  3> <al=0.67> <DB= 2793.9009> <Mlp= 2802.6393> <PB=1000000> 
<DWph=2> <it= 10> <et=17.50> <Mt= 0.00> <Spt= 0.06> <nCl= 17> <al=0.57> <DB= 1651.4913> <Mlp= 2802.5186> <PB=1000000> 
<DWph=2> <it= 11> <et=17.58> <Mt= 0.02> <Spt= 0.05> <nCl=  9> <al=0.61> <DB= 2255.7896> <Mlp= 2801.1604> <PB=1000000> 
<DWph=2> <it= 12> <et=17.64> <Mt= 0.01> <Spt= 0.06> <nCl=  6> <al=0.65> <DB= 2476.0269> <Mlp= 2801.0665> <PB=1000000> 
<DWph=2> <it= 13> <et=17.71> <Mt= 0.01> <Spt= 0.06> <nCl=  7> <al=0.55> <DB= 2525.6517> <Mlp= 2800.6238> <PB=1000000> 
<DWph=2> <it= 14> <et=17.77> <Mt= 0.00> <Spt= 0.05> <nCl=  5> <al=0.45> <DB= 2575.4097> <Mlp= 2800.5860> <PB=1000000> 
<DWph=2> <it= 15> <et=17.83> <Mt= 0.01> <Spt= 0.06> <nCl=  8> <al=0.35> <DB= 2625.1377> <Mlp= 2800.5137> <PB=1000000> 
<DWph=2> <it= 16> <et=17.90> <Mt= 0.01> <Spt= 0.05> <nCl= 10> <al=0.25> <DB= 2544.4381> <Mlp= 2800.4648> <PB=1000000> 
<DWph=2> <it= 17> <et=17.96> <Mt= 0.00> <Spt= 0.06> <nCl=  1> <al=0.33> <DB= 2637.6443> <Mlp= 2800.4331> <PB=1000000> 
<DWph=2> <it= 18> <et=18.02> <Mt= 0.01> <Spt= 0.06> <nCl=  1> <al=0.23> <DB= 2681.8783> <Mlp= 2800.4317> <PB=1000000> 
<DWph=2> <it= 19> <et=18.08> <Mt= 0.00> <Spt= 0.05> <nCl=  2> <al=0.30> <DB= 2648.9463> <Mlp= 2800.4317> <PB=1000000> 
<DWph=2> <it= 20> <et=18.13> <Mt= 0.00> <Spt= 0.05> <nCl=  1> <al=0.20> <DB= 2698.6947> <Mlp= 2800.4179> <PB=1000000> 
<DWph=2> <it= 21> <et=18.20> <Mt= 0.01> <Spt= 0.06> <nCl=  2> <al=0.10> <DB= 2713.9459> <Mlp= 2800.3963> <PB=1000000> 
<DWph=2> <it= 22> <et=18.26> <Mt= 0.00> <Spt= 0.06> <nCl=  2> <al=0.19> <DB= 2703.8601> <Mlp= 2800.3793> <PB=1000000> 
<DWph=2> <it= 23> <et=18.32> <Mt= 0.01> <Spt= 0.05> <nCl=  5> <al=0.09> <DB= 2753.6142> <Mlp= 2800.3793> <PB=1000000> 
<DWph=2> <it= 24> <et=18.38> <Mt= 0.00> <Spt= 0.06> <nCl=  6> <al=0.00> <DB= 2701.7392> <Mlp= 2800.3734> <PB=1000000> 
<DWph=2> <it= 25> <et=18.50> <Mt= 0.01> <Spt= 0.11> <nCl=  3> <al=0.00> <DB= 2770.5783> <Mlp= 2800.3634> <PB=1000000> 
<DWph=2> <it= 26> <et=18.56> <Mt= 0.00> <Spt= 0.05> <nCl=  5> <al=0.00> <DB= 2800.3606> <Mlp= 2800.3606> <PB=1000000> 
<DWph=1> <it= 27> <et=18.68> <Mt= 0.00> <Spt= 0.13> <nCl= 14> <al=0.00> <DB= 2307.5088> <Mlp= 2800.3606> <PB=1000000> 
<DWph=1> <it= 28> <et=18.81> <Mt= 0.01> <Spt= 0.12> <nCl= 11> <al=0.00> <DB= 2553.3951> <Mlp= 2800.0962> <PB=1000000> 
<DWph=1> <it= 29> <et=18.94> <Mt= 0.01> <Spt= 0.12> <nCl=  9> <al=0.00> <DB= 2674.7831> <Mlp= 2800.0355> <PB=1000000> 
<DWph=1> <it= 30> <et=19.07> <Mt= 0.01> <Spt= 0.12> <nCl=  7> <al=0.00> <DB= 2484.8167> <Mlp= 2800.0209> <PB=1000000> 
<DWph=1> <it= 31> <et=19.20> <Mt= 0.00> <Spt= 0.12> <nCl=  5> <al=0.00> <DB= 2771.6294> <Mlp= 2800.0127> <PB=1000000> 
<DWph=1> <it= 32> <et=19.32> <Mt= 0.01> <Spt= 0.12> <nCl= 10> <al=0.00> <DB= 2599.1984> <Mlp= 2799.9976> <PB=1000000> 
<DWph=1> <it= 33> <et=19.45> <Mt= 0.00> <Spt= 0.12> <nCl=  6> <al=0.00> <DB= 2793.8548> <Mlp= 2799.9310> <PB=1000000> 
<DWph=1> <it= 34> <et=19.57> <Mt= 0.01> <Spt= 0.12> <nCl=  1> <al=0.00> <DB= 2799.9307> <Mlp= 2799.9307> <PB=1000000> 
    RCSP exact solver info for graph G_0 : TT = 0.338533, pt = 0.001385, dt = 0.317016, ct = 0.018962, ndl = 38852', bdl = 3238251', odl = 40671', odf = 595372', bsi = 1879', cnt = 623456', bdch = 34735351', odch = 2449037', lcp = 721538', #sols = 150
<DWph=0> <it= 35> <et=19.94> <Mt= 0.00> <Spt= 0.36> <nCl=150> <al=0.00> <DB= 1899.1562> <Mlp= 2799.9307> <PB=1000000> 
    RCSP exact solver info for graph G_0 : TT = 0.285518, pt = 0.001258, dt = 0.268406, ct = 0.014718, ndl = 37210', bdl = 3125800', odl = 39455', odf = 580895', bsi = 2244', cnt = 159444', bdch = 31654489', odch = 2237656', lcp = 640056', #sols = 150
<DWph=0> <it= 36> <et=20.28> <Mt= 0.04> <Spt= 0.31> <nCl=150> <al=0.00> <DB=-1398.4113> <Mlp= 2797.7218> <PB=1000000> 
    RCSP exact solver info for graph G_0 : TT = 0.281046, pt = 0.001247, dt = 0.262924, ct = 0.015748, ndl = 38099', bdl = 3185815', odl = 39368', odf = 592118', bsi = 2007', cnt = 266776', bdch = 32998823', odch = 2361469', lcp = 655021', #sols = 150
<DWph=0> <it= 37> <et=20.59> <Mt= 0.01> <Spt= 0.30> <nCl=150> <al=0.00> <DB= 1324.6308> <Mlp= 2797.7218> <PB=1000000> 
    RCSP exact solver info for graph G_0 : TT = 0.281348, pt = 0.001282, dt = 0.261226, ct = 0.017675, ndl = 37708', bdl = 3154166', odl = 39542', odf = 585178', bsi = 1840', cnt = 419303', bdch = 32638480', odch = 2288106', lcp = 645814', #sols = 150
<DWph=0> <it= 38> <et=20.90> <Mt= 0.00> <Spt= 0.30> <nCl=150> <al=0.00> <DB= 1754.5478> <Mlp= 2797.7218> <PB=1000000> 
    RCSP exact solver info for graph G_0 : TT = 0.303649, pt = 0.001793, dt = 0.285213, ct = 0.015492, ndl = 39146', bdl = 3235630', odl = 39691', odf = 599726', bsi = 2377', cnt = 243889', bdch = 33969376', odch = 2781055', lcp = 749587', #sols = 150
<DWph=0> <it= 39> <et=21.31> <Mt= 0.09> <Spt= 0.32> <nCl=150> <al=0.02> <DB=-1404.1794> <Mlp= 2797.1634> <PB=1000000> 
    RCSP exact solver info for graph G_0 : TT = 0.326813, pt = 0.001744, dt = 0.301715, ct = 0.022042, ndl = 40712', bdl = 3358324', odl = 41241', odf = 633935', bsi = 1962', cnt = 875123', bdch = 36669740', odch = 3168899', lcp = 787942', #sols = 150
<DWph=0> <it= 40> <et=21.66> <Mt= 0.01> <Spt= 0.35> <nCl=150> <al=0.12> <DB= 1606.3337> <Mlp= 2797.1634> <PB=1000000> 
    RCSP exact solver info for graph G_0 : TT = 0.328178, pt = 0.001453, dt = 0.302099, ct = 0.02324, ndl = 40859', bdl = 3355762', odl = 40934', odf = 629421', bsi = 1781', cnt = 744392', bdch = 36868618', odch = 2970283', lcp = 784890', #sols = 150
<DWph=0> <it= 41> <et=22.02> <Mt= 0.00> <Spt= 0.35> <nCl=126> <al=0.21> <DB= 2370.1274> <Mlp= 2797.1634> <PB=1000000> 
    RCSP exact solver info for graph G_0 : TT = 0.319077, pt = 0.001579, dt = 0.295546, ct = 0.020438, ndl = 39513', bdl = 3284471', odl = 40323', odf = 616827', bsi = 1821', cnt = 542706', bdch = 35140303', odch = 2657016', lcp = 704621', #sols = 150
<DWph=0> <it= 42> <et=22.37> <Mt= 0.02> <Spt= 0.33> <nCl= 72> <al=0.29> <DB= 2559.7869> <Mlp= 2796.9023> <PB=1000000> 
    RCSP exact solver info for graph G_0 : TT = 0.321401, pt = 0.001714, dt = 0.298376, ct = 0.01987, ndl = 40067', bdl = 3333743', odl = 40456', odf = 620768', bsi = 1813', cnt = 553224', bdch = 35825520', odch = 2717871', lcp = 713917', #sols = 150
<DWph=0> <it= 43> <et=22.71> <Mt= 0.01> <Spt= 0.33> <nCl= 48> <al=0.36> <DB= 2628.4629> <Mlp= 2796.8435> <PB=1000000> 
    RCSP exact solver info for graph G_0 : TT = 0.319744, pt = 0.002096, dt = 0.295874, ct = 0.020315, ndl = 39341', bdl = 3279883', odl = 40013', odf = 614244', bsi = 1815', cnt = 533280', bdch = 34708327', odch = 2611730', lcp = 683001', #sols = 150
<DWph=0> <it= 44> <et=23.05> <Mt= 0.01> <Spt= 0.33> <nCl= 36> <al=0.42> <DB= 2725.5690> <Mlp= 2796.8409> <PB=1000000> 
    RCSP exact solver info for graph G_0 : TT = 0.31773, pt = 0.001784, dt = 0.295392, ct = 0.018945, ndl = 39135', bdl = 3258539', odl = 39997', odf = 612822', bsi = 1820', cnt = 520122', bdch = 34485403', odch = 2584878', lcp = 675802', #sols = 150
<DWph=0> <it= 45> <et=23.38> <Mt= 0.00> <Spt= 0.33> <nCl= 20> <al=0.32> <DB= 2705.5624> <Mlp= 2796.8403> <PB=1000000> 
    RCSP exact solver info for graph G_0 : TT = 0.326505, pt = 0.002293, dt = 0.301049, ct = 0.021194, ndl = 39169', bdl = 3256585', odl = 39922', odf = 613786', bsi = 1811', cnt = 527858', bdch = 34413960', odch = 2598818', lcp = 675372', #sols = 150
<DWph=0> <it= 46> <et=23.72> <Mt= 0.01> <Spt= 0.33> <nCl= 15> <al=0.39> <DB= 2768.9700> <Mlp= 2796.8300> <PB=1000000> 
    RCSP exact solver info for graph G_0 : TT = 0.37051, pt = 0.001848, dt = 0.340973, ct = 0.025989, ndl = 39168', bdl = 3255605', odl = 40054', odf = 617252', bsi = 1819', cnt = 530228', bdch = 34505600', odch = 2597721', lcp = 672314', #sols = 150
<DWph=0> <it= 47> <et=24.10> <Mt= 0.00> <Spt= 0.38> <nCl= 13> <al=0.29> <DB= 2777.0487> <Mlp= 2796.8300> <PB=1000000> 
    RCSP exact solver info for graph G_0 : TT = 0.358076, pt = 0.001946, dt = 0.330714, ct = 0.023692, ndl = 38925', bdl = 3246484', odl = 39769', odf = 611786', bsi = 1808', cnt = 510307', bdch = 34130055', odch = 2565311', lcp = 665187', #sols = 150
    RCSP exact solver info for graph G_0 : TT = 0.310231, pt = 0.001639, dt = 0.286744, ct = 0.020283, ndl = 38500', bdl = 3215237', odl = 39626', odf = 607124', bsi = 1811', cnt = 513876', bdch = 33451193', odch = 2536105', lcp = 653672', #sols = 150
<DWph=0> <it= 48> <et=24.79> <Mt= 0.01> <Spt= 0.68> <nCl= 31> <al=0.00> <DB= 2796.8300> <Mlp= 2796.8300> <PB=1000000> 
RCSP solver dynamic params and stats :  bidir.bord. = 375 aver.obdmd = 98.3607 aver.buck.num. = 101 nbR1C = 38 with avMem = 12.4474
@@ 1 5 2796.83 0.316125 0.366962 92.389 24.79
    Full reduced cost fixing is not called (gap ratio is 0.99997)
ColGenEvalAlg final dual bound: 2796.83 (rounded: 2797)
False gap improvement since the last cut separation : 0.0444899 (2784.44)
Current active cuts : CAP(7,264.138) R1C(4+34,180.269) 1rowPackR1C(4) 3rowPackR1C(34)
In total 1 RCC cut(s) are found by the connected components heuristic 
Shrinking heuristic shrunk 27 edges
In total 5 RCC cut(s) are found by the Fractional capacity min-cut heuristic 
In total 11 RCC cut(s) are found by the greedy construction heuristic 
In total 4 RCC cut(s) are found by the global pool greedy search heuristic 
11 Rank-1 1-rows pack. cuts added ,  max viol. = 0.130492, aver. viol. = 0.078416
150 Rank-1 3-rows pack. cuts added ,  max viol. = 0.492794, aver. viol. = 0.273664
----- Add fac. cuts : CAP(21) R1C(161), max.viol = 0.492794, aver.viol = 0.240226, sep/add took 0.0467296/0.69835 sec. -----
8543 columns (8543 active), 398 dyn. constrs. (228 active), 799 art. vars. (470 active)
<DWph=2> <it=  1> <et=25.78> <Mt= 0.12> <Spt= 0.10> <nCl= 26> <al=0.50> <DB= 1671.6271> <Mlp= 2808.7150> <PB=1000000> 
<DWph=2> <it=  2> <et=25.90> <Mt= 0.05> <Spt= 0.06> <nCl= 14> <al=0.55> <DB= 2553.7523> <Mlp= 2807.1281> <PB=1000000> 
<DWph=2> <it=  3> <et=26.00> <Mt= 0.03> <Spt= 0.07> <nCl=  6> <al=0.60> <DB= 2800.7786> <Mlp= 2806.5797> <PB=1000000> 
<DWph=2> <it=  4> <et=26.10> <Mt= 0.02> <Spt= 0.08> <nCl= 15> <al=0.50> <DB= 2207.4576> <Mlp= 2806.5382> <PB=1000000> 
<DWph=2> <it=  5> <et=26.20> <Mt= 0.03> <Spt= 0.07> <nCl= 13> <al=0.55> <DB= 2451.0125> <Mlp= 2806.3533> <PB=1000000> 
<DWph=2> <it=  6> <et=26.29> <Mt= 0.01> <Spt= 0.08> <nCl= 11> <al=0.59> <DB= 2629.7618> <Mlp= 2806.2218> <PB=1000000> 
<DWph=2> <it=  7> <et=26.45> <Mt= 0.02> <Spt= 0.14> <nCl= 22> <al=0.26> <DB= 2086.3772> <Mlp= 2806.1128> <PB=1000000> 
<DWph=2> <it=  8> <et=26.55> <Mt= 0.02> <Spt= 0.08> <nCl=  6> <al=0.53> <DB= 2803.2349> <Mlp= 2805.9034> <PB=1000000> 
<DWph=2> <it=  9> <et=26.63> <Mt= 0.01> <Spt= 0.07> <nCl=  9> <al=0.58> <DB= 2630.7968> <Mlp= 2805.8900> <PB=1000000> 
<DWph=2> <it= 10> <et=26.72> <Mt= 0.01> <Spt= 0.08> <nCl= 10> <al=0.62> <DB= 2705.7975> <Mlp= 2805.8032> <PB=1000000> 
<DWph=2> <it= 11> <et=26.80> <Mt= 0.01> <Spt= 0.07> <nCl=  2> <al=0.66> <DB= 2508.5008> <Mlp= 2805.7516> <PB=1000000> 
<DWph=2> <it= 12> <et=26.88> <Mt= 0.01> <Spt= 0.07> <nCl=  2> <al=0.69> <DB= 2724.2305> <Mlp= 2805.6065> <PB=1000000> 
<DWph=2> <it= 13> <et=26.96> <Mt= 0.01> <Spt= 0.07> <nCl=  1> <al=0.59> <DB= 2735.9735> <Mlp= 2805.6014> <PB=1000000> 
<DWph=2> <it= 14> <et=27.11> <Mt= 0.01> <Spt= 0.14> <nCl= 12> <al=0.00> <DB= 2436.6009> <Mlp= 2805.5736> <PB=1000000> 
<DWph=2> <it= 15> <et=27.19> <Mt= 0.01> <Spt= 0.07> <nCl=  2> <al=0.39> <DB= 2698.6900> <Mlp= 2805.5562> <PB=1000000> 
<DWph=2> <it= 16> <et=27.33> <Mt= 0.00> <Spt= 0.13> <nCl=  2> <al=0.00> <DB= 2655.2939> <Mlp= 2805.5558> <PB=1000000> 
<DWph=2> <it= 17> <et=27.48> <Mt= 0.01> <Spt= 0.14> <nCl=  5> <al=0.00> <DB= 2741.1273> <Mlp= 2805.5525> <PB=1000000> 
<DWph=2> <it= 18> <et=27.61> <Mt= 0.00> <Spt= 0.13> <nCl=  0> <al=0.00> <DB= 2805.5525> <Mlp= 2805.5525> <PB=1000000> 
<DWph=1> <it= 19> <et=27.76> <Mt= 0.01> <Spt= 0.14> <nCl= 14> <al=0.00> <DB= 2463.6753> <Mlp= 2805.5525> <PB=1000000> 
<DWph=1> <it= 20> <et=27.91> <Mt= 0.01> <Spt= 0.15> <nCl= 16> <al=0.00> <DB= 2316.1070> <Mlp= 2805.4292> <PB=1000000> 
<DWph=1> <it= 21> <et=28.09> <Mt= 0.02> <Spt= 0.14> <nCl= 16> <al=0.09> <DB= 2462.3817> <Mlp= 2805.2610> <PB=1000000> 
<DWph=1> <it= 22> <et=28.24> <Mt= 0.02> <Spt= 0.15> <nCl=  7> <al=0.00> <DB= 2477.2170> <Mlp= 2805.1980> <PB=1000000> 
<DWph=1> <it= 23> <et=28.41> <Mt= 0.01> <Spt= 0.15> <nCl=  4> <al=0.09> <DB= 2758.0397> <Mlp= 2805.1789> <PB=1000000> 
<DWph=1> <it= 24> <et=28.57> <Mt= 0.01> <Spt= 0.15> <nCl=  2> <al=0.18> <DB= 2730.1612> <Mlp= 2805.1710> <PB=1000000> 
<DWph=1> <it= 25> <et=28.87> <Mt= 0.01> <Spt= 0.29> <nCl=  4> <al=0.00> <DB= 2805.1710> <Mlp= 2805.1710> <PB=1000000> 
    RCSP exact solver info for graph G_0 : TT = 0.410975, pt = 0.002051, dt = 0.382071, ct = 0.025272, ndl = 47696', bdl = 3945413', odl = 44014', odf = 712461', bsi = 1940', cnt = 727898', bdch = 47080420', odch = 3889460', lcp = 980461', #sols = 150
<DWph=0> <it= 26> <et=29.31> <Mt= 0.00> <Spt= 0.44> <nCl=150> <al=0.17> <DB= 2232.6398> <Mlp= 2805.1710> <PB=1000000> 
    RCSP exact solver info for graph G_0 : TT = 0.398404, pt = 0.002293, dt = 0.371121, ct = 0.023481, ndl = 46580', bdl = 3832619', odl = 43298', odf = 698792', bsi = 1928', cnt = 760908', bdch = 44958288', odch = 3759882', lcp = 946483', #sols = 150
<DWph=0> <it= 27> <et=29.78> <Mt= 0.05> <Spt= 0.41> <nCl=102> <al=0.25> <DB= 2477.5288> <Mlp= 2804.1662> <PB=1000000> 
    RCSP exact solver info for graph G_0 : TT = 0.403362, pt = 0.00289, dt = 0.375014, ct = 0.023828, ndl = 46654', bdl = 3835125', odl = 43441', odf = 710867', bsi = 1911', cnt = 755291', bdch = 45326585', odch = 3873316', lcp = 928395', #sols = 150
<DWph=0> <it= 28> <et=30.22> <Mt= 0.03> <Spt= 0.42> <nCl= 73> <al=0.15> <DB= 2452.5266> <Mlp= 2804.0586> <PB=1000000> 
    RCSP exact solver info for graph G_0 : TT = 0.40465, pt = 0.002474, dt = 0.376367, ct = 0.024066, ndl = 46110', bdl = 3803588', odl = 42963', odf = 700471', bsi = 1898', cnt = 706198', bdch = 44439122', odch = 3777609', lcp = 908902', #sols = 150
    RCSP exact solver info for graph G_0 : TT = 0.370307, pt = 0.002031, dt = 0.344671, ct = 0.022001, ndl = 45182', bdl = 3726747', odl = 42442', odf = 691609', bsi = 1899', cnt = 693850', bdch = 42916272', odch = 3658590', lcp = 874586', #sols = 150
<DWph=0> <it= 29> <et=31.02> <Mt= 0.01> <Spt= 0.79> <nCl= 32> <al=0.00> <DB= 2804.0384> <Mlp= 2804.0384> <PB=1000000> 
RCSP solver dynamic params and stats :  bidir.bord. = 375 aver.obdmd = 98.3607 aver.buck.num. = 101 nbR1C = 83 with avMem = 11.4458
@@ 1 6 2804.04 0.393578 0.407343 92.389 31.02
    Full reduced cost fixing is not called (gap ratio is 0.999963)
ColGenEvalAlg final dual bound: 2804.04 (rounded: 2805)
False gap improvement since the last cut separation : 0.0257735 (2796.83)
Current active cuts : CAP(6,287.415) R1C(6+77,211.837) 1rowPackR1C(6) 3rowPackR1C(77)
Shrinking heuristic shrunk 16 edges
In total 1 RCC cut(s) are found by the Fractional capacity min-cut heuristic 
23 Rank-1 1-rows pack. cuts added ,  max viol. = 0.170754, aver. viol. = 0.0760461
150 Rank-1 3-rows pack. cuts added ,  max viol. = 0.25361, aver. viol. = 0.223023
----- Add fac. cuts : CAP(1) R1C(173), max.viol = 0.349944, aver.viol = 0.211724, sep/add took 0.069109/0.5151 sec. -----
9121 columns (9121 active), 407 dyn. constrs. (263 active), 973 art. vars. (505 active)
<DWph=2> <it=  1> <et=31.90> <Mt= 0.14> <Spt= 0.08> <nCl= 18> <al=0.50> <DB= 2206.9716> <Mlp= 2812.0197> <PB=1000000> 
<DWph=2> <it=  2> <et=32.02> <Mt= 0.05> <Spt= 0.07> <nCl=  8> <al=0.55> <DB= 2553.2588> <Mlp= 2811.2901> <PB=1000000> 
<DWph=2> <it=  3> <et=32.10> <Mt= 0.02> <Spt= 0.07> <nCl=  6> <al=0.60> <DB= 2727.8127> <Mlp= 2811.1084> <PB=1000000> 
<DWph=2> <it=  4> <et=32.26> <Mt= 0.01> <Spt= 0.15> <nCl= 26> <al=0.27> <DB= 1992.3466> <Mlp= 2810.9206> <PB=1000000> 
<DWph=2> <it=  5> <et=32.37> <Mt= 0.03> <Spt= 0.07> <nCl=  5> <al=0.54> <DB= 2789.9377> <Mlp= 2810.5506> <PB=1000000> 
<DWph=2> <it=  6> <et=32.45> <Mt= 0.01> <Spt= 0.08> <nCl=  8> <al=0.58> <DB= 2520.8803> <Mlp= 2810.5453> <PB=1000000> 
<DWph=2> <it=  7> <et=32.52> <Mt= 0.00> <Spt= 0.07> <nCl=  6> <al=0.62> <DB= 2706.9046> <Mlp= 2810.5139> <PB=1000000> 
<DWph=2> <it=  8> <et=32.60> <Mt= 0.01> <Spt= 0.07> <nCl=  1> <al=0.66> <DB= 2807.8899> <Mlp= 2810.5130> <PB=1000000> 
<DWph=2> <it=  9> <et=32.70> <Mt= 0.01> <Spt= 0.08> <nCl=  6> <al=0.56> <DB= 2705.6135> <Mlp= 2810.5130> <PB=1000000> 
<DWph=2> <it= 10> <et=32.78> <Mt= 0.00> <Spt= 0.08> <nCl=  1> <al=0.61> <DB= 2808.9254> <Mlp= 2810.5130> <PB=1000000> 
<DWph=2> <it= 11> <et=32.88> <Mt= 0.02> <Spt= 0.08> <nCl=  4> <al=0.51> <DB= 2560.4932> <Mlp= 2810.4541> <PB=1000000> 
<DWph=2> <it= 12> <et=33.05> <Mt= 0.01> <Spt= 0.16> <nCl=  6> <al=0.11> <DB= 2661.7991> <Mlp= 2810.3892> <PB=1000000> 
<DWph=2> <it= 13> <et=33.14> <Mt= 0.01> <Spt= 0.08> <nCl=  1> <al=0.45> <DB= 2732.0193> <Mlp= 2810.3850> <PB=1000000> 
<DWph=2> <it= 14> <et=33.30> <Mt= 0.00> <Spt= 0.16> <nCl=  7> <al=0.02> <DB= 2443.7629> <Mlp= 2810.3774> <PB=1000000> 
<DWph=2> <it= 15> <et=33.40> <Mt= 0.02> <Spt= 0.08> <nCl=  3> <al=0.41> <DB= 2427.0694> <Mlp= 2810.2864> <PB=1000000> 
<DWph=2> <it= 16> <et=33.49> <Mt= 0.01> <Spt= 0.08> <nCl=  6> <al=0.31> <DB= 2513.9122> <Mlp= 2810.2710> <PB=1000000> 
<DWph=2> <it= 17> <et=33.67> <Mt= 0.01> <Spt= 0.17> <nCl=  9> <al=0.00> <DB= 2691.3195> <Mlp= 2810.2581> <PB=1000000> 
<DWph=2> <it= 18> <et=33.83> <Mt= 0.01> <Spt= 0.16> <nCl=  4> <al=0.00> <DB= 2743.5864> <Mlp= 2810.2475> <PB=1000000> 
<DWph=2> <it= 19> <et=34.00> <Mt= 0.00> <Spt= 0.16> <nCl=  1> <al=0.00> <DB= 2810.2475> <Mlp= 2810.2475> <PB=1000000> 
<DWph=1> <it= 20> <et=34.17> <Mt= 0.00> <Spt= 0.16> <nCl= 16> <al=0.08> <DB= 2365.4125> <Mlp= 2810.2475> <PB=1000000> 
<DWph=1> <it= 21> <et=34.36> <Mt= 0.03> <Spt= 0.16> <nCl= 30> <al=0.00> <DB= 2201.8729> <Mlp= 2809.8069> <PB=1000000> 
<DWph=1> <it= 22> <et=34.52> <Mt= 0.01> <Spt= 0.15> <nCl= 10> <al=0.08> <DB= 2577.9181> <Mlp= 2809.7951> <PB=1000000> 
<DWph=1> <it= 23> <et=34.69> <Mt= 0.01> <Spt= 0.16> <nCl=  8> <al=0.17> <DB= 2483.3266> <Mlp= 2809.7044> <PB=1000000> 
<DWph=1> <it= 24> <et=34.85> <Mt= 0.01> <Spt= 0.16> <nCl=  2> <al=0.26> <DB= 2772.4043> <Mlp= 2809.6916> <PB=1000000> 
<DWph=1> <it= 25> <et=35.02> <Mt= 0.01> <Spt= 0.16> <nCl=  3> <al=0.16> <DB= 2487.0645> <Mlp= 2809.6910> <PB=1000000> 
<DWph=1> <it= 26> <et=35.19> <Mt= 0.01> <Spt= 0.16> <nCl=  2> <al=0.24> <DB= 2630.7565> <Mlp= 2809.6783> <PB=1000000> 
<DWph=1> <it= 27> <et=35.51> <Mt= 0.01> <Spt= 0.31> <nCl=  3> <al=0.00> <DB= 2753.6890> <Mlp= 2809.6745> <PB=1000000> 
<DWph=1> <it= 28> <et=35.67> <Mt= 0.00> <Spt= 0.16> <nCl=  1> <al=0.22> <DB= 2749.6145> <Mlp= 2809.6740> <PB=1000000> 
<DWph=1> <it= 29> <et=35.99> <Mt= 0.01> <Spt= 0.31> <nCl=  2> <al=0.00> <DB= 2803.6572> <Mlp= 2809.6740> <PB=1000000> 
<DWph=1> <it= 30> <et=36.31> <Mt= 0.00> <Spt= 0.31> <nCl=  5> <al=0.00> <DB= 2809.6740> <Mlp= 2809.6740> <PB=1000000> 
    RCSP exact solver info for graph G_0 : TT = 0.621701, pt = 0.002092, dt = 0.581583, ct = 0.036411, ndl = 61686', bdl = 4961912', odl = 48942', odf = 901816', bsi = 1864', cnt = 1302498', bdch = 71633068', odch = 6666420', lcp = 1546714', #sols = 150
<DWph=0> <it= 31> <et=36.97> <Mt= 0.00> <Spt= 0.66> <nCl=150> <al=0.09> <DB= 1966.6425> <Mlp= 2809.6740> <PB=1000000> 
    RCSP exact solver info for graph G_0 : TT = 0.597742, pt = 0.002698, dt = 0.552225, ct = 0.041118, ndl = 65157', bdl = 5205363', odl = 49610', odf = 935993', bsi = 1981', cnt = 1658964', bdch = 78326661', odch = 7595170', lcp = 1732023', #sols = 150
<DWph=0> <it= 32> <et=37.64> <Mt= 0.05> <Spt= 0.62> <nCl= 86> <al=0.18> <DB= 2528.6843> <Mlp= 2808.9985> <PB=1000000> 
    RCSP exact solver info for graph G_0 : TT = 0.581624, pt = 0.00276, dt = 0.540102, ct = 0.037112, ndl = 63568', bdl = 5092008', odl = 48915', odf = 902136', bsi = 1945', cnt = 1548399', bdch = 75130697', odch = 7111236', lcp = 1693168', #sols = 150
<DWph=0> <it= 33> <et=38.26> <Mt= 0.02> <Spt= 0.60> <nCl= 54> <al=0.27> <DB= 2673.0226> <Mlp= 2808.8944> <PB=1000000> 
    RCSP exact solver info for graph G_0 : TT = 0.618432, pt = 0.002767, dt = 0.566423, ct = 0.047179, ndl = 64438', bdl = 5146123', odl = 48922', odf = 911263', bsi = 2012', cnt = 1754849', bdch = 76719183', odch = 7266791', lcp = 1736066', #sols = 150
<DWph=0> <it= 34> <et=38.91> <Mt= 0.02> <Spt= 0.63> <nCl= 36> <al=0.34> <DB= 2762.7280> <Mlp= 2808.8629> <PB=1000000> 
    RCSP exact solver info for graph G_0 : TT = 0.595948, pt = 0.003122, dt = 0.551594, ct = 0.03943, ndl = 63485', bdl = 5098905', odl = 49076', odf = 902647', bsi = 1987', cnt = 1764915', bdch = 75350783', odch = 7101380', lcp = 1716206', #sols = 150
<DWph=0> <it= 35> <et=39.53> <Mt= 0.01> <Spt= 0.61> <nCl= 24> <al=0.24> <DB= 2773.5936> <Mlp= 2808.8565> <PB=1000000> 
    RCSP exact solver info for graph G_0 : TT = 0.592255, pt = 0.002722, dt = 0.550573, ct = 0.037195, ndl = 63423', bdl = 5097544', odl = 49082', odf = 900684', bsi = 1969', cnt = 1770369', bdch = 75234756', odch = 7069858', lcp = 1709284', #sols = 150
<DWph=0> <it= 36> <et=40.14> <Mt= 0.01> <Spt= 0.60> <nCl= 31> <al=0.32> <DB= 2790.8932> <Mlp= 2808.8565> <PB=1000000> 
    RCSP exact solver info for graph G_0 : TT = 0.583006, pt = 0.003131, dt = 0.537486, ct = 0.040749, ndl = 62710', bdl = 5044004', odl = 48615', odf = 889093', bsi = 1974', cnt = 1716324', bdch = 73553125', odch = 6943187', lcp = 1682174', #sols = 150
<DWph=0> <it= 37> <et=40.74> <Mt= 0.00> <Spt= 0.60> <nCl= 18> <al=0.38> <DB= 2801.9568> <Mlp= 2808.8565> <PB=1000000> 
    RCSP exact solver info for graph G_0 : TT = 0.622361, pt = 0.003086, dt = 0.576679, ct = 0.040611, ndl = 63401', bdl = 5086470', odl = 49151', odf = 902695', bsi = 1974', cnt = 1787258', bdch = 75189633', odch = 7061232', lcp = 1707395', #sols = 150
<DWph=0> <it= 38> <et=41.37> <Mt= 0.01> <Spt= 0.63> <nCl= 12> <al=0.28> <DB= 2806.8963> <Mlp= 2808.8565> <PB=1000000> 
    RCSP exact solver info for graph G_0 : TT = 0.591127, pt = 0.003048, dt = 0.546762, ct = 0.039544, ndl = 62865', bdl = 5054128', odl = 48645', odf = 891720', bsi = 1964', cnt = 1705349', bdch = 73886605', odch = 6925663', lcp = 1684797', #sols = 150
    RCSP exact solver info for graph G_0 : TT = 0.5451, pt = 0.002276, dt = 0.506287, ct = 0.034746, ndl = 62014', bdl = 4991426', odl = 48637', odf = 883073', bsi = 1958', cnt = 1649950', bdch = 72180607', odch = 6726859', lcp = 1647255', #sols = 150
<DWph=0> <it= 39> <et=42.54> <Mt= 0.01> <Spt= 1.15> <nCl= 32> <al=0.00> <DB= 2808.8565> <Mlp= 2808.8565> <PB=1000000> 
RCSP solver dynamic params and stats :  bidir.bord. = 375 aver.obdmd = 98.3607 aver.buck.num. = 101 nbR1C = 102 with avMem = 11.4902
@@ 1 7 2808.86 0.590381 0.617994 92.389 42.54
    Full reduced cost fixing is not called (gap ratio is 0.999958)
ColGenEvalAlg final dual bound: 2808.86 (rounded: 2809)
False gap improvement since the last cut separation : 0.0171825 (2804.04)
Current active cuts : CAP(4,263.988) R1C(10+92,253.113) 1rowPackR1C(10) 3rowPackR1C(92)
Shrinking heuristic shrunk 13 edges
In total 7 RCC cut(s) are found by the global pool greedy search heuristic 
14 Rank-1 1-rows pack. cuts added ,  max viol. = 0.148584, aver. viol. = 0.0570161
150 Rank-1 3-rows pack. cuts added ,  max viol. = 0.302421, aver. viol. = 0.172416
----- Add fac. cuts : CAP(7) R1C(164), max.viol = 0.313693, aver.viol = 0.159481, sep/add took 0.0754867/0.546501 sec. -----
9772 columns (9772 active), 440 dyn. constrs. (279 active), 1144 art. vars. (521 active)
<DWph=2> <it=  1> <et=43.50> <Mt= 0.17> <Spt= 0.09> <nCl= 11> <al=0.50> <DB= 2415.4551> <Mlp= 2814.5753> <PB=1000000> 
<DWph=2> <it=  2> <et=43.61> <Mt= 0.03> <Spt= 0.08> <nCl=  3> <al=0.55> <DB= 2811.3519> <Mlp= 2814.4018> <PB=1000000> 
<DWph=2> <it=  3> <et=43.71> <Mt= 0.01> <Spt= 0.09> <nCl= 10> <al=0.45> <DB= 2708.0866> <Mlp= 2814.3970> <PB=1000000> 
<DWph=2> <it=  4> <et=43.82> <Mt= 0.02> <Spt= 0.09> <nCl=  7> <al=0.51> <DB= 2693.7575> <Mlp= 2814.3345> <PB=1000000> 
<DWph=2> <it=  5> <et=43.92> <Mt= 0.01> <Spt= 0.08> <nCl=  3> <al=0.55> <DB= 2812.6653> <Mlp= 2814.3002> <PB=1000000> 
<DWph=2> <it=  6> <et=44.01> <Mt= 0.00> <Spt= 0.09> <nCl=  7> <al=0.45> <DB= 2695.7507> <Mlp= 2814.3002> <PB=1000000> 
<DWph=2> <it=  7> <et=44.12> <Mt= 0.02> <Spt= 0.09> <nCl=  8> <al=0.51> <DB= 2543.9292> <Mlp= 2814.2697> <PB=1000000> 
<DWph=2> <it=  8> <et=44.24> <Mt= 0.03> <Spt= 0.10> <nCl=  5> <al=0.56> <DB= 2743.6956> <Mlp= 2814.2221> <PB=1000000> 
<DWph=2> <it=  9> <et=44.36> <Mt= 0.02> <Spt= 0.09> <nCl=  4> <al=0.46> <DB= 2756.3141> <Mlp= 2814.1901> <PB=1000000> 
<DWph=2> <it= 10> <et=44.46> <Mt= 0.01> <Spt= 0.09> <nCl=  4> <al=0.36> <DB= 2716.9480> <Mlp= 2814.1891> <PB=1000000> 
<DWph=2> <it= 11> <et=44.65> <Mt= 0.02> <Spt= 0.17> <nCl=  8> <al=0.00> <DB= 2428.2598> <Mlp= 2814.1814> <PB=1000000> 
<DWph=2> <it= 12> <et=44.75> <Mt= 0.01> <Spt= 0.09> <nCl=  1> <al=0.32> <DB= 2750.2551> <Mlp= 2814.1814> <PB=1000000> 
<DWph=2> <it= 13> <et=44.94> <Mt= 0.00> <Spt= 0.19> <nCl=  4> <al=0.00> <DB= 2397.3005> <Mlp= 2814.1814> <PB=1000000> 
<DWph=2> <it= 14> <et=45.04> <Mt= 0.02> <Spt= 0.08> <nCl=  3> <al=0.29> <DB= 2590.8072> <Mlp= 2814.1773> <PB=1000000> 
<DWph=2> <it= 15> <et=45.22> <Mt= 0.01> <Spt= 0.17> <nCl=  6> <al=0.00> <DB= 2704.1822> <Mlp= 2814.1623> <PB=1000000> 
<DWph=2> <it= 16> <et=45.40> <Mt= 0.01> <Spt= 0.17> <nCl=  2> <al=0.00> <DB= 2801.1248> <Mlp= 2814.1571> <PB=1000000> 
<DWph=2> <it= 17> <et=45.52> <Mt= 0.01> <Spt= 0.11> <nCl=  1> <al=0.16> <DB= 2648.5818> <Mlp= 2814.1571> <PB=1000000> 
<DWph=2> <it= 18> <et=45.62> <Mt= 0.01> <Spt= 0.09> <nCl=  4> <al=0.24> <DB= 2469.1159> <Mlp= 2814.1557> <PB=1000000> 
<DWph=2> <it= 19> <et=45.82> <Mt= 0.02> <Spt= 0.18> <nCl= 11> <al=0.00> <DB= 2162.8126> <Mlp= 2814.1085> <PB=1000000> 
<DWph=2> <it= 20> <et=46.01> <Mt= 0.01> <Spt= 0.18> <nCl=  4> <al=0.00> <DB= 2810.7244> <Mlp= 2814.1085> <PB=1000000> 
<DWph=2> <it= 21> <et=46.19> <Mt= 0.00> <Spt= 0.18> <nCl=  1> <al=0.00> <DB= 2814.1085> <Mlp= 2814.1085> <PB=1000000> 
<DWph=1> <it= 22> <et=46.39> <Mt= 0.01> <Spt= 0.18> <nCl= 16> <al=0.02> <DB= 2316.4067> <Mlp= 2814.1085> <PB=1000000> 
<DWph=1> <it= 23> <et=46.60> <Mt= 0.03> <Spt= 0.19> <nCl= 13> <al=0.12> <DB= 2551.7000> <Mlp= 2813.9577> <PB=1000000> 
<DWph=1> <it= 24> <et=46.81> <Mt= 0.02> <Spt= 0.18> <nCl=  4> <al=0.21> <DB= 2626.3569> <Mlp= 2813.9178> <PB=1000000> 
<DWph=1> <it= 25> <et=47.02> <Mt= 0.01> <Spt= 0.20> <nCl=  4> <al=0.29> <DB= 2575.2100> <Mlp= 2813.9049> <PB=1000000> 
<DWph=1> <it= 26> <et=47.22> <Mt= 0.01> <Spt= 0.19> <nCl=  2> <al=0.19> <DB= 2673.1128> <Mlp= 2813.9047> <PB=1000000> 
<DWph=1> <it= 27> <et=47.41> <Mt= 0.01> <Spt= 0.19> <nCl=  1> <al=0.27> <DB= 2779.2504> <Mlp= 2813.9047> <PB=1000000> 
<DWph=1> <it= 28> <et=47.78> <Mt= 0.00> <Spt= 0.36> <nCl=  0> <al=0.00> <DB= 2813.9047> <Mlp= 2813.9047> <PB=1000000> 
    RCSP exact solver info for graph G_0 : TT = 0.79448, pt = 0.002779, dt = 0.734329, ct = 0.055469, ndl = 79203', bdl = 6334852', odl = 56259', odf = 1122272', bsi = 2027', cnt = 2953581', bdch = 111656622', odch = 10508559', lcp = 2391614', #sols = 150
<DWph=0> <it= 29> <et=48.62> <Mt= 0.00> <Spt= 0.84> <nCl=150> <al=0.07> <DB= 2256.1296> <Mlp= 2813.9047> <PB=1000000> 
    RCSP exact solver info for graph G_0 : TT = 0.834104, pt = 0.003084, dt = 0.769424, ct = 0.059815, ndl = 80676', bdl = 6474692', odl = 57438', odf = 1152048', bsi = 1987', cnt = 2765795', bdch = 115133304', odch = 10825935', lcp = 2381505', #sols = 150
<DWph=0> <it= 30> <et=49.61> <Mt= 0.10> <Spt= 0.87> <nCl=150> <al=0.00> <DB= 2275.3688> <Mlp= 2813.2098> <PB=1000000> 
    RCSP exact solver info for graph G_0 : TT = 0.74562, pt = 0.003262, dt = 0.688701, ct = 0.051863, ndl = 75064', bdl = 6008793', odl = 55028', odf = 1068823', bsi = 1935', cnt = 2418668', bdch = 101607751', odch = 9542286', lcp = 2150932', #sols = 150
<DWph=0> <it= 31> <et=50.41> <Mt= 0.04> <Spt= 0.77> <nCl= 66> <al=0.07> <DB= 2641.3467> <Mlp= 2813.0999> <PB=1000000> 
    RCSP exact solver info for graph G_0 : TT = 0.768114, pt = 0.003852, dt = 0.712545, ct = 0.049824, ndl = 75413', bdl = 6020035', odl = 54740', odf = 1070830', bsi = 1953', cnt = 2490355', bdch = 102813794', odch = 9764890', lcp = 2171290', #sols = 150
<DWph=0> <it= 32> <et=51.23> <Mt= 0.03> <Spt= 0.78> <nCl= 31> <al=0.16> <DB= 2774.6303> <Mlp= 2813.0499> <PB=1000000> 
    RCSP exact solver info for graph G_0 : TT = 0.773018, pt = 0.003696, dt = 0.716366, ct = 0.051183, ndl = 75496', bdl = 6030899', odl = 54948', odf = 1074929', bsi = 1927', cnt = 2442354', bdch = 103036491', odch = 9800936', lcp = 2167205', #sols = 150
    RCSP exact solver info for graph G_0 : TT = 0.743284, pt = 0.004596, dt = 0.68636, ct = 0.050528, ndl = 75423', bdl = 6016698', odl = 54947', odf = 1076196', bsi = 1988', cnt = 2448432', bdch = 102816550', odch = 9737523', lcp = 2158928', #sols = 150
<DWph=0> <it= 33> <et=52.78> <Mt= 0.02> <Spt= 1.53> <nCl= 24> <al=0.00> <DB= 2813.0494> <Mlp= 2813.0494> <PB=1000000> 
RCSP solver dynamic params and stats :  bidir.bord. = 375 aver.obdmd = 98.3607 aver.buck.num. = 101 nbR1C = 129 with avMem = 12.2558
@@ 1 8 2813.05 0.771068 0.829239 92.389 52.78
    Full reduced cost fixing is not called (gap ratio is 0.999954)
ColGenEvalAlg final dual bound: 2813.05 (rounded: 2814)
False gap improvement since the last cut separation : 0.0149275 (2808.86)
Separator R1C not in maximum phase
Cut generation tailing off counter increased to 0
Current active cuts : CAP(4,180.789) R1C(10+119,309.739) 1rowPackR1C(10) 3rowPackR1C(119)
Shrinking heuristic shrunk 11 edges
In total 1 RCC cut(s) are found by the greedy construction heuristic 
20 Rank-1 1-rows pack. cuts added ,  max viol. = 0.106704, aver. viol. = 0.0612619
150 Rank-1 3-rows pack. cuts added ,  max viol. = 0.221208, aver. viol. = 0.16082
Building structures for heuristic rank-1 packing cut separation...done!
100 Rank-1 4-rows pack. cuts added ,  max viol. = 0.28758, aver. viol. = 0.157394
----- Add fac. cuts : CAP(1) R1C(270), max.viol = 0.341452, aver.viol = 0.164432, sep/add took 0.169927/0.630434 sec. -----
10340 columns (6916 active), 556 dyn. constrs. (404 active), 1415 art. vars. (646 active)
<DWph=2> <it=  1> <et=53.95> <Mt= 0.21> <Spt= 0.11> <nCl= 17> <al=0.50> <DB= 2531.0760> <Mlp= 2818.0480> <PB=1000000> 
<DWph=2> <it=  2> <et=54.34> <Mt= 0.29> <Spt= 0.09> <nCl=  6> <al=0.55> <DB= 2789.5172> <Mlp= 2817.6129> <PB=1000000> 
<DWph=2> <it=  3> <et=54.57> <Mt= 0.13> <Spt= 0.11> <nCl=  3> <al=0.60> <DB= 2814.8599> <Mlp= 2817.5198> <PB=1000000> 
<DWph=2> <it=  4> <et=54.72> <Mt= 0.03> <Spt= 0.11> <nCl= 11> <al=0.50> <DB= 2595.1076> <Mlp= 2817.4746> <PB=1000000> 
<DWph=2> <it=  5> <et=54.88> <Mt= 0.05> <Spt= 0.10> <nCl=  8> <al=0.55> <DB= 2756.8108> <Mlp= 2817.4178> <PB=1000000> 
<DWph=2> <it=  6> <et=55.02> <Mt= 0.04> <Spt= 0.12> <nCl=  4> <al=0.59> <DB= 2815.8929> <Mlp= 2817.3853> <PB=1000000> 
<DWph=2> <it=  7> <et=55.15> <Mt= 0.02> <Spt= 0.11> <nCl= 10> <al=0.49> <DB= 2647.0169> <Mlp= 2817.3836> <PB=1000000> 
<DWph=2> <it=  8> <et=55.31> <Mt= 0.04> <Spt= 0.11> <nCl=  7> <al=0.54> <DB= 2671.0360> <Mlp= 2817.3527> <PB=1000000> 
<DWph=2> <it=  9> <et=55.45> <Mt= 0.03> <Spt= 0.11> <nCl=  5> <al=0.59> <DB= 2816.4930> <Mlp= 2817.3482> <PB=1000000> 
<DWph=2> <it= 10> <et=55.60> <Mt= 0.02> <Spt= 0.12> <nCl=  4> <al=0.49> <DB= 2609.4417> <Mlp= 2817.3439> <PB=1000000> 
<DWph=2> <it= 11> <et=55.88> <Mt= 0.05> <Spt= 0.24> <nCl= 14> <al=0.08> <DB= 2434.1601> <Mlp= 2817.2938> <PB=1000000> 
<DWph=2> <it= 12> <et=56.04> <Mt= 0.05> <Spt= 0.11> <nCl=  4> <al=0.44> <DB= 2740.1829> <Mlp= 2817.2444> <PB=1000000> 
<DWph=2> <it= 13> <et=56.17> <Mt= 0.00> <Spt= 0.12> <nCl=  6> <al=0.34> <DB= 2757.7407> <Mlp= 2817.2444> <PB=1000000> 
<DWph=2> <it= 14> <et=56.30> <Mt= 0.01> <Spt= 0.12> <nCl=  2> <al=0.24> <DB= 2557.9382> <Mlp= 2817.2444> <PB=1000000> 
<DWph=2> <it= 15> <et=56.42> <Mt= 0.01> <Spt= 0.12> <nCl=  1> <al=0.32> <DB= 2761.9351> <Mlp= 2817.2441> <PB=1000000> 
<DWph=2> <it= 16> <et=56.65> <Mt= 0.02> <Spt= 0.21> <nCl=  9> <al=0.00> <DB= 2599.7866> <Mlp= 2817.2418> <PB=1000000> 
<DWph=2> <it= 17> <et=56.88> <Mt= 0.01> <Spt= 0.21> <nCl=  0> <al=0.00> <DB= 2817.2418> <Mlp= 2817.2418> <PB=1000000> 
<DWph=1> <it= 18> <et=57.09> <Mt= 0.00> <Spt= 0.21> <nCl= 17> <al=0.02> <DB= 2447.1638> <Mlp= 2817.2418> <PB=1000000> 
<DWph=1> <it= 19> <et=57.33> <Mt= 0.03> <Spt= 0.22> <nCl= 19> <al=0.00> <DB= 2359.6989> <Mlp= 2817.2272> <PB=1000000> 
<DWph=1> <it= 20> <et=57.57> <Mt= 0.04> <Spt= 0.20> <nCl= 21> <al=0.00> <DB= 2319.4278> <Mlp= 2817.2055> <PB=1000000> 
<DWph=1> <it= 21> <et=57.83> <Mt= 0.04> <Spt= 0.21> <nCl= 10> <al=0.00> <DB= 2551.1539> <Mlp= 2817.1457> <PB=1000000> 
<DWph=1> <it= 22> <et=58.13> <Mt= 0.08> <Spt= 0.22> <nCl= 10> <al=0.04> <DB= 2629.2286> <Mlp= 2816.9933> <PB=1000000> 
<DWph=1> <it= 23> <et=58.36> <Mt= 0.02> <Spt= 0.21> <nCl=  7> <al=0.14> <DB= 2546.2739> <Mlp= 2816.9914> <PB=1000000> 
<DWph=1> <it= 24> <et=58.62> <Mt= 0.04> <Spt= 0.22> <nCl=  3> <al=0.04> <DB= 2730.0638> <Mlp= 2816.9279> <PB=1000000> 
<DWph=1> <it= 25> <et=58.89> <Mt= 0.05> <Spt= 0.22> <nCl=  6> <al=0.13> <DB= 2804.4706> <Mlp= 2816.8942> <PB=1000000> 
<DWph=1> <it= 26> <et=59.31> <Mt= 0.01> <Spt= 0.41> <nCl=  1> <al=0.00> <DB= 2816.8939> <Mlp= 2816.8939> <PB=1000000> 
    RCSP exact solver info for graph G_0 : TT = 0.931436, pt = 0.003698, dt = 0.866562, ct = 0.058753, ndl = 90543', bdl = 7188648', odl = 60144', odf = 1273411', bsi = 1876', cnt = 3183818', bdch = 144342665', odch = 14605935', lcp = 2965363', #sols = 150
<DWph=0> <it= 27> <et=60.30> <Mt= 0.00> <Spt= 0.98> <nCl=150> <al=0.12> <DB= 2299.8254> <Mlp= 2816.8939> <PB=1000000> 
    RCSP exact solver info for graph G_0 : TT = 0.919859, pt = 0.004248, dt = 0.856415, ct = 0.057526, ndl = 86985', bdl = 6931410', odl = 58092', odf = 1230482', bsi = 1940', cnt = 2709619', bdch = 134615363', odch = 13187391', lcp = 2658808', #sols = 150
<DWph=0> <it= 28> <et=61.39> <Mt= 0.12> <Spt= 0.98> <nCl=146> <al=0.02> <DB= 2521.1648> <Mlp= 2816.3873> <PB=1000000> 
    RCSP exact solver info for graph G_0 : TT = 0.972282, pt = 0.004378, dt = 0.905794, ct = 0.060299, ndl = 89341', bdl = 7082669', odl = 59779', odf = 1269098', bsi = 1925', cnt = 2949860', bdch = 141569170', odch = 14152855', lcp = 2868984', #sols = 150
<DWph=0> <it= 29> <et=62.48> <Mt= 0.09> <Spt= 0.99> <nCl= 60> <al=0.12> <DB= 2520.2877> <Mlp= 2816.2489> <PB=1000000> 
    RCSP exact solver info for graph G_0 : TT = 0.968744, pt = 0.004849, dt = 0.899513, ct = 0.062332, ndl = 88700', bdl = 7051658', odl = 59734', odf = 1265333', bsi = 1935', cnt = 2953301', bdch = 139646881', odch = 13757298', lcp = 2817505', #sols = 150
<DWph=0> <it= 30> <et=63.50> <Mt= 0.04> <Spt= 0.99> <nCl= 39> <al=0.21> <DB= 2526.5677> <Mlp= 2816.2355> <PB=1000000> 
    RCSP exact solver info for graph G_0 : TT = 1.00067, pt = 0.004858, dt = 0.928951, ct = 0.064986, ndl = 89314', bdl = 7084463', odl = 59841', odf = 1275146', bsi = 1933', cnt = 2986944', bdch = 142028850', odch = 13930434', lcp = 2844019', #sols = 150
<DWph=0> <it= 31> <et=64.54> <Mt= 0.01> <Spt= 1.02> <nCl= 26> <al=0.29> <DB= 2733.6641> <Mlp= 2816.2343> <PB=1000000> 
    RCSP exact solver info for graph G_0 : TT = 0.964427, pt = 0.004739, dt = 0.896621, ct = 0.061222, ndl = 87817', bdl = 6965073', odl = 59149', odf = 1250703', bsi = 1940', cnt = 2851036', bdch = 137224347', odch = 13574947', lcp = 2804184', #sols = 150
<DWph=0> <it= 32> <et=65.53> <Mt= 0.02> <Spt= 0.97> <nCl= 17> <al=0.19> <DB= 2792.9336> <Mlp= 2816.2341> <PB=1000000> 
    RCSP exact solver info for graph G_0 : TT = 0.973721, pt = 0.004832, dt = 0.905254, ct = 0.061657, ndl = 87799', bdl = 6964172', odl = 59284', odf = 1249989', bsi = 1922', cnt = 2844915', bdch = 137473878', odch = 13558686', lcp = 2798534', #sols = 150
    RCSP exact solver info for graph G_0 : TT = 0.898285, pt = 0.003876, dt = 0.834203, ct = 0.058365, ndl = 87164', bdl = 6930097', odl = 59447', odf = 1242048', bsi = 1917', cnt = 2775413', bdch = 135969475', odch = 13304397', lcp = 2767082', #sols = 150
<DWph=0> <it= 33> <et=67.43> <Mt= 0.00> <Spt= 1.90> <nCl= 39> <al=0.00> <DB= 2816.2341> <Mlp= 2816.2341> <PB=1000000> 
RCSP solver dynamic params and stats :  bidir.bord. = 375 aver.obdmd = 98.3607 aver.buck.num. = 101 nbR1C = 147 with avMem = 12.2653
@@ 1 9 2816.23 0.947307 0.993937 92.389 67.43
    Full reduced cost fixing is not called (gap ratio is 0.999951)
ColGenEvalAlg final dual bound: 2816.23 (rounded: 2817)
False gap improvement since the last cut separation : 0.0113212 (2813.05)
Separator R1C not in maximum phase
Cut generation tailing off counter increased to 0
Current active cuts : CAP(3,64.1904) R1C(12+135,338.45) 1rowPackR1C(12) 3rowPackR1C(116) 4rowPackR1C(19)
Shrinking heuristic shrunk 13 edges
In total 2 RCC cut(s) are found by the global pool greedy search heuristic 
13 Rank-1 1-rows pack. cuts added ,  max viol. = 0.0855697, aver. viol. = 0.0328396
150 Rank-1 3-rows pack. cuts added ,  max viol. = 0.186978, aver. viol. = 0.115488
Building structures for heuristic rank-1 packing cut separation...done!
100 Rank-1 4-rows pack. cuts added ,  max viol. = 0.186141, aver. viol. = 0.132857
100 Rank-1 5-rows pack. cuts added ,  max viol. = 0.242564, aver. viol. = 0.192026
----- Add fac. cuts : CAP(2) R1C(363), max.viol = 0.337733, aver.viol = 0.150643, sep/add took 0.90462/1.01938 sec. -----
11022 columns (7598 active), 775 dyn. constrs. (517 active), 1780 art. vars. (759 active)
<DWph=2> <it=  1> <et=69.90> <Mt= 0.33> <Spt= 0.13> <nCl= 12> <al=0.50> <DB= 2484.4563> <Mlp= 2820.8019> <PB=1000000> 
<DWph=2> <it=  2> <et=70.17> <Mt= 0.15> <Spt= 0.12> <nCl=  7> <al=0.55> <DB= 2687.5553> <Mlp= 2820.6384> <PB=1000000> 
<DWph=2> <it=  3> <et=70.36> <Mt= 0.07> <Spt= 0.12> <nCl=  3> <al=0.60> <DB= 2794.2203> <Mlp= 2820.5761> <PB=1000000> 
<DWph=2> <it=  4> <et=70.68> <Mt= 0.07> <Spt= 0.26> <nCl= 16> <al=0.27> <DB= 2360.7074> <Mlp= 2820.5520> <PB=1000000> 
<DWph=2> <it=  5> <et=70.96> <Mt= 0.14> <Spt= 0.14> <nCl= 11> <al=0.54> <DB= 2120.4574> <Mlp= 2820.4731> <PB=1000000> 
<DWph=2> <it=  6> <et=71.18> <Mt= 0.09> <Spt= 0.12> <nCl=  5> <al=0.58> <DB= 2818.8835> <Mlp= 2820.3807> <PB=1000000> 
<DWph=2> <it=  7> <et=71.36> <Mt= 0.03> <Spt= 0.15> <nCl= 30> <al=0.48> <DB= 1191.5785> <Mlp= 2820.3746> <PB=1000000> 
<DWph=2> <it=  8> <et=71.51> <Mt= 0.01> <Spt= 0.14> <nCl= 11> <al=0.53> <DB= 2516.9678> <Mlp= 2820.3746> <PB=1000000> 
<DWph=2> <it=  9> <et=71.72> <Mt= 0.09> <Spt= 0.12> <nCl= 10> <al=0.58> <DB= 2644.2520> <Mlp= 2820.2992> <PB=1000000> 
<DWph=2> <it= 10> <et=71.90> <Mt= 0.05> <Spt= 0.14> <nCl=  2> <al=0.62> <DB= 2735.9896> <Mlp= 2820.2837> <PB=1000000> 
<DWph=2> <it= 11> <et=72.07> <Mt= 0.03> <Spt= 0.13> <nCl=  4> <al=0.52> <DB= 2819.5507> <Mlp= 2820.2802> <PB=1000000> 
<DWph=2> <it= 12> <et=72.24> <Mt= 0.03> <Spt= 0.14> <nCl= 11> <al=0.42> <DB= 2569.4475> <Mlp= 2820.2778> <PB=1000000> 
<DWph=2> <it= 13> <et=72.55> <Mt= 0.04> <Spt= 0.26> <nCl= 14> <al=0.00> <DB= 2427.7630> <Mlp= 2820.2625> <PB=1000000> 
<DWph=2> <it= 14> <et=72.74> <Mt= 0.04> <Spt= 0.15> <nCl=  4> <al=0.38> <DB= 2781.7282> <Mlp= 2820.2373> <PB=1000000> 
<DWph=2> <it= 15> <et=73.02> <Mt= 0.03> <Spt= 0.25> <nCl=  8> <al=0.00> <DB= 2606.5751> <Mlp= 2820.2327> <PB=1000000> 
<DWph=2> <it= 16> <et=73.28> <Mt= 0.02> <Spt= 0.25> <nCl=  1> <al=0.00> <DB= 2820.2316> <Mlp= 2820.2316> <PB=1000000> 
<DWph=1> <it= 17> <et=73.53> <Mt= 0.01> <Spt= 0.23> <nCl= 18> <al=0.24> <DB= 2311.2532> <Mlp= 2820.2316> <PB=1000000> 
<DWph=1> <it= 18> <et=73.79> <Mt= 0.02> <Spt= 0.24> <nCl=  6> <al=0.14> <DB= 2609.9162> <Mlp= 2820.2294> <PB=1000000> 
<DWph=1> <it= 19> <et=74.08> <Mt= 0.05> <Spt= 0.25> <nCl= 15> <al=0.04> <DB= 2358.0575> <Mlp= 2820.2140> <PB=1000000> 
<DWph=1> <it= 20> <et=74.41> <Mt= 0.05> <Spt= 0.27> <nCl= 15> <al=0.14> <DB= 2489.3248> <Mlp= 2820.1604> <PB=1000000> 
<DWph=1> <it= 21> <et=74.75> <Mt= 0.07> <Spt= 0.27> <nCl= 12> <al=0.22> <DB= 2527.0108> <Mlp= 2820.1161> <PB=1000000> 
<DWph=1> <it= 22> <et=75.07> <Mt= 0.06> <Spt= 0.27> <nCl=  9> <al=0.30> <DB= 2670.7938> <Mlp= 2820.0790> <PB=1000000> 
<DWph=1> <it= 23> <et=75.38> <Mt= 0.04> <Spt= 0.26> <nCl=  8> <al=0.20> <DB= 2578.4110> <Mlp= 2820.0737> <PB=1000000> 
<DWph=1> <it= 24> <et=75.70> <Mt= 0.04> <Spt= 0.27> <nCl=  2> <al=0.28> <DB= 2715.4492> <Mlp= 2820.0577> <PB=1000000> 
<DWph=1> <it= 25> <et=76.00> <Mt= 0.03> <Spt= 0.27> <nCl=  6> <al=0.35> <DB= 2799.4342> <Mlp= 2820.0565> <PB=1000000> 
<DWph=1> <it= 26> <et=76.57> <Mt= 0.02> <Spt= 0.55> <nCl=  6> <al=0.00> <DB= 2648.2478> <Mlp= 2820.0564> <PB=1000000> 
<DWph=1> <it= 27> <et=77.08> <Mt= 0.01> <Spt= 0.50> <nCl=  1> <al=0.00> <DB= 2820.0564> <Mlp= 2820.0564> <PB=1000000> 
    RCSP exact solver info for graph G_0 : TT = 2.04551, pt = 0.005469, dt = 1.90234, ct = 0.13591, ndl = 144188', bdl = 10859868', odl = 74498', odf = 2164960', bsi = 1958', cnt = 11929870', bdch = 313165329', odch = 45958594', lcp = 8480193', #sols = 150
<DWph=0> <it= 28> <et=79.20> <Mt= 0.00> <Spt= 2.12> <nCl=150> <al=0.22> <DB= 2284.2097> <Mlp= 2820.0564> <PB=1000000> 
    RCSP exact solver info for graph G_0 : TT = 1.92644, pt = 0.006323, dt = 1.7797, ct = 0.138542, ndl = 148306', bdl = 11183705', odl = 74063', odf = 2206851', bsi = 1843', cnt = 9906255', bdch = 336784767', odch = 48908576', lcp = 8400118', #sols = 150
<DWph=0> <it= 29> <et=81.34> <Mt= 0.17> <Spt= 1.97> <nCl=100> <al=0.30> <DB= 2600.3939> <Mlp= 2819.8307> <PB=1000000> 
    RCSP exact solver info for graph G_0 : TT = 1.86932, pt = 0.005475, dt = 1.72968, ct = 0.132286, ndl = 144798', bdl = 10998166', odl = 73903', odf = 2154980', bsi = 1818', cnt = 9503329', bdch = 324845712', odch = 45845043', lcp = 7918755', #sols = 150
<DWph=0> <it= 30> <et=83.34> <Mt= 0.09> <Spt= 1.91> <nCl= 66> <al=0.37> <DB= 2643.2289> <Mlp= 2819.7323> <PB=1000000> 
    RCSP exact solver info for graph G_0 : TT = 1.84821, pt = 0.005455, dt = 1.70019, ct = 0.140112, ndl = 141094', bdl = 10717274', odl = 72552', odf = 2100622', bsi = 1839', cnt = 8696371', bdch = 308745238', odch = 43329837', lcp = 7372715', #sols = 150
<DWph=0> <it= 31> <et=85.30> <Mt= 0.09> <Spt= 1.88> <nCl= 44> <al=0.43> <DB= 2690.6057> <Mlp= 2819.6859> <PB=1000000> 
    RCSP exact solver info for graph G_0 : TT = 1.88106, pt = 0.006168, dt = 1.73879, ct = 0.13402, ndl = 136973', bdl = 10437845', odl = 71591', odf = 2044857', bsi = 1843', cnt = 7896092', bdch = 291546663', odch = 40398726', lcp = 6776080', #sols = 150
<DWph=0> <it= 32> <et=87.25> <Mt= 0.04> <Spt= 1.90> <nCl= 37> <al=0.49> <DB= 2738.6097> <Mlp= 2819.6806> <PB=1000000> 
    RCSP exact solver info for graph G_0 : TT = 1.92096, pt = 0.006074, dt = 1.77805, ct = 0.134732, ndl = 138095', bdl = 10509954', odl = 72155', odf = 2079956', bsi = 1887', cnt = 8567127', bdch = 295157607', odch = 41430189', lcp = 6918246', #sols = 150
<DWph=0> <it= 33> <et=89.23> <Mt= 0.03> <Spt= 1.94> <nCl= 30> <al=0.54> <DB= 2782.3449> <Mlp= 2819.6797> <PB=1000000> 
    RCSP exact solver info for graph G_0 : TT = 1.8452, pt = 0.008223, dt = 1.70447, ct = 0.130311, ndl = 133705', bdl = 10212909', odl = 71356', odf = 2016479', bsi = 1861', cnt = 8006022', bdch = 276081581', odch = 38880921', lcp = 6565690', #sols = 150
<DWph=0> <it= 34> <et=91.13> <Mt= 0.03> <Spt= 1.87> <nCl= 36> <al=0.44> <DB= 2784.4363> <Mlp= 2819.6795> <PB=1000000> 
    RCSP exact solver info for graph G_0 : TT = 1.79515, pt = 0.005714, dt = 1.66051, ct = 0.126938, ndl = 134755', bdl = 10294667', odl = 71755', odf = 2038699', bsi = 1863', cnt = 8143997', bdch = 279704000', odch = 39850448', lcp = 6756536', #sols = 150
<DWph=0> <it= 35> <et=92.96> <Mt= 0.02> <Spt= 1.82> <nCl= 22> <al=0.49> <DB= 2751.4497> <Mlp= 2819.6794> <PB=1000000> 
    RCSP exact solver info for graph G_0 : TT = 1.8228, pt = 0.00652, dt = 1.68165, ct = 0.132516, ndl = 135154', bdl = 10314431', odl = 71809', odf = 2040194', bsi = 1871', cnt = 8179385', bdch = 281393684', odch = 39990721', lcp = 6760043', #sols = 150
    RCSP exact solver info for graph G_0 : TT = 1.90081, pt = 0.006385, dt = 1.76687, ct = 0.125513, ndl = 135289', bdl = 10330421', odl = 72127', odf = 2044337', bsi = 1857', cnt = 8158584', bdch = 282147354', odch = 39946087', lcp = 6774126', #sols = 150
<DWph=0> <it= 36> <et=96.72> <Mt= 0.01> <Spt= 3.74> <nCl= 24> <al=0.09> <DB= 2815.6407> <Mlp= 2819.6794> <PB=1000000> 
    RCSP exact solver info for graph G_0 : TT = 1.78032, pt = 0.005949, dt = 1.64912, ct = 0.123272, ndl = 135198', bdl = 10328072', odl = 72005', odf = 2043371', bsi = 1851', cnt = 8101185', bdch = 281922773', odch = 39859521', lcp = 6790365', #sols = 150
    RCSP exact solver info for graph G_0 : TT = 1.64933, pt = 0.004776, dt = 1.52362, ct = 0.119032, ndl = 131977', bdl = 10093631', odl = 71175', odf = 1992298', bsi = 1872', cnt = 7681705', bdch = 269565078', odch = 37379527', lcp = 6381688', #sols = 150
<DWph=0> <it= 37> <et=100.19> <Mt= 0.01> <Spt= 3.46> <nCl= 29> <al=0.00> <DB= 2819.6794> <Mlp= 2819.6794> <PB=1000000> 
RCSP solver dynamic params and stats :  bidir.bord. = 375 aver.obdmd = 98.3607 aver.buck.num. = 101 nbR1C = 185 with avMem = 13.7243
@@ 1 10 2819.68 1.84901 2.03825 92.389 100.19
    Full reduced cost fixing is not called (gap ratio is 0.999948)
ColGenEvalAlg final dual bound: 2819.68 (rounded: 2820)
False gap improvement since the last cut separation : 0.0122336 (2816.23)
Cut generation tailing off counter increased to 1
Current active cuts : CAP(3,8.65773) R1C(15+170,402.748) 1rowPackR1C(15) 3rowPackR1C(118) 4rowPackR1C(34) 5rowPackR1C(18)
Shrinking heuristic shrunk 16 edges
In total 1 RCC cut(s) are found by the Fractional capacity min-cut heuristic 
In total 4 RCC cut(s) are found by the greedy construction heuristic 
In total 10 RCC cut(s) are found by the global pool greedy search heuristic 
11 Rank-1 1-rows pack. cuts added ,  max viol. = 0.0825938, aver. viol. = 0.0453032
150 Rank-1 3-rows pack. cuts added ,  max viol. = 0.290976, aver. viol. = 0.175348
Building structures for heuristic rank-1 packing cut separation...done!
100 Rank-1 4-rows pack. cuts added ,  max viol. = 0.247983, aver. viol. = 0.123988
100 Rank-1 5-rows pack. cuts added ,  max viol. = 0.247983, aver. viol. = 0.247233
----- Add fac. cuts : CAP(15) R1C(361), max.viol = 0.322467, aver.viol = 0.199803, sep/add took 0.962067/1.14063 sec. -----
11807 columns (8383 active), 900 dyn. constrs. (565 active), 2156 art. vars. (807 active)
<DWph=2> <it=  1> <et=102.92> <Mt= 0.28> <Spt= 0.27> <nCl= 13> <al=0.00> <DB= 2752.5972> <Mlp= 2821.8144> <PB=1000000> 
<DWph=2> <it=  2> <et=103.22> <Mt= 0.04> <Spt= 0.26> <nCl= 14> <al=0.00> <DB= 2780.3072> <Mlp= 2821.8077> <PB=1000000> 
<DWph=2> <it=  3> <et=103.40> <Mt= 0.03> <Spt= 0.14> <nCl=  3> <al=0.30> <DB= 2805.3628> <Mlp= 2821.8062> <PB=1000000> 
<DWph=2> <it=  4> <et=103.68> <Mt= 0.03> <Spt= 0.26> <nCl=  9> <al=0.00> <DB= 2814.2519> <Mlp= 2821.8053> <PB=1000000> 
<DWph=2> <it=  5> <et=103.95> <Mt= 0.01> <Spt= 0.25> <nCl=  3> <al=0.00> <DB= 2821.8053> <Mlp= 2821.8053> <PB=1000000> 
<DWph=1> <it=  6> <et=104.21> <Mt= 0.01> <Spt= 0.26> <nCl= 16> <al=0.17> <DB= 2363.4434> <Mlp= 2821.8053> <PB=1000000> 
<DWph=1> <it=  7> <et=104.66> <Mt= 0.18> <Spt= 0.27> <nCl= 15> <al=0.07> <DB= 2445.6518> <Mlp= 2821.6790> <PB=1000000> 
<DWph=1> <it=  8> <et=105.02> <Mt= 0.07> <Spt= 0.28> <nCl=  7> <al=0.16> <DB= 2640.1526> <Mlp= 2821.6610> <PB=1000000> 
<DWph=1> <it=  9> <et=105.32> <Mt= 0.03> <Spt= 0.27> <nCl=  1> <al=0.25> <DB= 2776.8826> <Mlp= 2821.6607> <PB=1000000> 
<DWph=1> <it= 10> <et=105.60> <Mt= 0.01> <Spt= 0.27> <nCl=  3> <al=0.15> <DB= 2809.6053> <Mlp= 2821.6607> <PB=1000000> 
<DWph=1> <it= 11> <et=106.14> <Mt= 0.03> <Spt= 0.51> <nCl=  2> <al=0.00> <DB= 2821.3614> <Mlp= 2821.6604> <PB=1000000> 
<DWph=1> <it= 12> <et=106.67> <Mt= 0.00> <Spt= 0.52> <nCl=  2> <al=0.00> <DB= 2821.6604> <Mlp= 2821.6604> <PB=1000000> 
    RCSP exact solver info for graph G_0 : TT = 2.14351, pt = 0.005895, dt = 1.97073, ct = 0.164551, ndl = 165661', bdl = 12499698', odl = 81966', odf = 2470446', bsi = 1903', cnt = 11896912', bdch = 412150477', odch = 55368623', lcp = 9578027', #sols = 150
<DWph=0> <it= 13> <et=108.89> <Mt= 0.01> <Spt= 2.22> <nCl=150> <al=0.03> <DB= 2338.0882> <Mlp= 2821.6604> <PB=1000000> 
    RCSP exact solver info for graph G_0 : TT = 2.10722, pt = 0.0062, dt = 1.95305, ct = 0.145873, ndl = 158154', bdl = 11963022', odl = 77871', odf = 2351976', bsi = 1843', cnt = 10353071', bdch = 377246008', odch = 51359331', lcp = 9466386', #sols = 150
<DWph=0> <it= 14> <et=111.33> <Mt= 0.26> <Spt= 2.18> <nCl=148> <al=0.13> <DB= 2474.5302> <Mlp= 2821.4172> <PB=1000000> 
    RCSP exact solver info for graph G_0 : TT = 2.13005, pt = 0.006731, dt = 1.97612, ct = 0.145202, ndl = 156030', bdl = 11875929', odl = 76932', odf = 2324643', bsi = 1799', cnt = 9716500', bdch = 364259359', odch = 50514800', lcp = 8809999', #sols = 150
<DWph=0> <it= 15> <et=113.63> <Mt= 0.13> <Spt= 2.17> <nCl= 82> <al=0.22> <DB= 2533.7071> <Mlp= 2821.3421> <PB=1000000> 
    RCSP exact solver info for graph G_0 : TT = 2.17158, pt = 0.006664, dt = 1.99944, ct = 0.16316, ndl = 156821', bdl = 11886298', odl = 77436', odf = 2329970', bsi = 1832', cnt = 10149335', bdch = 366793015', odch = 50289252', lcp = 8941446', #sols = 150
<DWph=0> <it= 16> <et=115.88> <Mt= 0.04> <Spt= 2.20> <nCl= 38> <al=0.29> <DB= 2792.8409> <Mlp= 2821.3357> <PB=1000000> 
    RCSP exact solver info for graph G_0 : TT = 2.21603, pt = 0.007008, dt = 2.04659, ct = 0.160103, ndl = 156662', bdl = 11869105', odl = 76829', odf = 2327293', bsi = 1835', cnt = 10214856', bdch = 365069916', odch = 50560651', lcp = 8989342', #sols = 150
<DWph=0> <it= 17> <et=118.13> <Mt= 0.03> <Spt= 2.23> <nCl= 12> <al=0.36> <DB= 2810.9373> <Mlp= 2821.3353> <PB=1000000> 
    RCSP exact solver info for graph G_0 : TT = 2.34642, pt = 0.008441, dt = 2.16112, ct = 0.174058, ndl = 155990', bdl = 11797534', odl = 76645', odf = 2320120', bsi = 1841', cnt = 10181275', bdch = 361715912', odch = 50352917', lcp = 8977199', #sols = 150
<DWph=0> <it= 18> <et=120.51> <Mt= 0.02> <Spt= 2.36> <nCl=  8> <al=0.26> <DB= 2788.9532> <Mlp= 2821.3353> <PB=1000000> 
    RCSP exact solver info for graph G_0 : TT = 2.39735, pt = 0.008059, dt = 2.22633, ct = 0.160715, ndl = 156995', bdl = 11868716', odl = 76688', odf = 2332849', bsi = 1836', cnt = 10516095', bdch = 366659731', odch = 50956667', lcp = 9039459', #sols = 150
    RCSP exact solver info for graph G_0 : TT = 2.0647, pt = 0.006516, dt = 1.90358, ct = 0.152429, ndl = 155874', bdl = 11782340', odl = 76483', odf = 2320811', bsi = 1883', cnt = 10289162', bdch = 361188408', odch = 50465075', lcp = 8920900', #sols = 150
<DWph=0> <it= 19> <et=125.03> <Mt= 0.02> <Spt= 4.49> <nCl= 26> <al=0.00> <DB= 2821.3352> <Mlp= 2821.3352> <PB=1000000> 
RCSP solver dynamic params and stats :  bidir.bord. = 375 aver.obdmd = 98.3607 aver.buck.num. = 101 nbR1C = 197 with avMem = 14.8528
@@ 1 11 2821.34 2.18788 2.38704 92.389 125.03
    Full reduced cost fixing is not called (gap ratio is 0.999946)
ColGenEvalAlg final dual bound: 2821.34 (rounded: 2822)
False gap improvement since the last cut separation : 0.00587253 (2819.68)
Cut generation tailing off counter increased to 2
Current active cuts : CAP(1,22.4649) R1C(16+181,423.584) 1rowPackR1C(16) 3rowPackR1C(115) 4rowPackR1C(49) 5rowPackR1C(17)
Shrinking heuristic shrunk 15 edges
15 Rank-1 1-rows pack. cuts added ,  max viol. = 0.124757, aver. viol. = 0.0422422
150 Rank-1 3-rows pack. cuts added ,  max viol. = 0.143046, aver. viol. = 0.074813
Building structures for heuristic rank-1 packing cut separation...done!
100 Rank-1 4-rows pack. cuts added ,  max viol. = 0.174089, aver. viol. = 0.0848307
100 Rank-1 5-rows pack. cuts added ,  max viol. = 0.190551, aver. viol. = 0.138945
----- Add fac. cuts : R1C(365), max.viol = 0.26456, aver.viol = 0.0997905, sep/add took 1.09589/1.31429 sec. -----
12359 columns (8935 active), 937 dyn. constrs. (563 active), 2521 art. vars. (805 active)
<DWph=2> <it=  1> <et=128.21> <Mt= 0.32> <Spt= 0.32> <nCl= 14> <al=0.00> <DB= 2609.2143> <Mlp= 2822.9577> <PB=1000000> 
<DWph=2> <it=  2> <et=128.44> <Mt= 0.05> <Spt= 0.19> <nCl= 30> <al=0.40> <DB= 1783.4526> <Mlp= 2822.9458> <PB=1000000> 
<DWph=2> <it=  3> <et=128.64> <Mt= 0.01> <Spt= 0.18> <nCl=  8> <al=0.46> <DB= 2725.9235> <Mlp= 2822.9458> <PB=1000000> 
<DWph=2> <it=  4> <et=128.91> <Mt= 0.11> <Spt= 0.17> <nCl=  3> <al=0.51> <DB= 2754.8487> <Mlp= 2822.9197> <PB=1000000> 
<DWph=2> <it=  5> <et=129.13> <Mt= 0.05> <Spt= 0.17> <nCl=  2> <al=0.56> <DB= 2804.9484> <Mlp= 2822.9126> <PB=1000000> 
<DWph=2> <it=  6> <et=129.56> <Mt= 0.06> <Spt= 0.35> <nCl=  8> <al=0.21> <DB= 2657.0296> <Mlp= 2822.8997> <PB=1000000> 
<DWph=2> <it=  7> <et=129.79> <Mt= 0.06> <Spt= 0.18> <nCl=  6> <al=0.51> <DB= 2757.3873> <Mlp= 2822.8875> <PB=1000000> 
<DWph=2> <it=  8> <et=130.14> <Mt= 0.03> <Spt= 0.33> <nCl=  6> <al=0.11> <DB= 2753.8264> <Mlp= 2822.8870> <PB=1000000> 
<DWph=2> <it=  9> <et=130.44> <Mt= 0.01> <Spt= 0.28> <nCl=  4> <al=0.00> <DB= 2821.5118> <Mlp= 2822.8870> <PB=1000000> 
<DWph=2> <it= 10> <et=130.75> <Mt= 0.01> <Spt= 0.30> <nCl=  3> <al=0.00> <DB= 2757.1644> <Mlp= 2822.8870> <PB=1000000> 
<DWph=2> <it= 11> <et=131.05> <Mt= 0.01> <Spt= 0.29> <nCl=  2> <al=0.00> <DB= 2817.2027> <Mlp= 2822.8870> <PB=1000000> 
<DWph=2> <it= 12> <et=131.34> <Mt= 0.01> <Spt= 0.28> <nCl=  0> <al=0.00> <DB= 2822.8870> <Mlp= 2822.8870> <PB=1000000> 
<DWph=1> <it= 13> <et=131.63> <Mt= 0.00> <Spt= 0.28> <nCl= 10> <al=0.06> <DB= 2686.8624> <Mlp= 2822.8870> <PB=1000000> 
<DWph=1> <it= 14> <et=131.97> <Mt= 0.07> <Spt= 0.27> <nCl=  9> <al=0.15> <DB= 2621.1384> <Mlp= 2822.8661> <PB=1000000> 
<DWph=1> <it= 15> <et=132.33> <Mt= 0.07> <Spt= 0.30> <nCl=  4> <al=0.24> <DB= 2738.8498> <Mlp= 2822.8543> <PB=1000000> 
<DWph=1> <it= 16> <et=132.67> <Mt= 0.03> <Spt= 0.30> <nCl=  5> <al=0.14> <DB= 2682.1765> <Mlp= 2822.8471> <PB=1000000> 
<DWph=1> <it= 17> <et=133.01> <Mt= 0.05> <Spt= 0.30> <nCl=  2> <al=0.22> <DB= 2804.2288> <Mlp= 2822.8424> <PB=1000000> 
<DWph=1> <it= 18> <et=133.61> <Mt= 0.00> <Spt= 0.59> <nCl=  1> <al=0.00> <DB= 2822.8424> <Mlp= 2822.8424> <PB=1000000> 
    RCSP exact solver info for graph G_0 : TT = 3.48455, pt = 0.005657, dt = 3.24841, ct = 0.228142, ndl = 215322', bdl = 15839110', odl = 93129', odf = 3357947', bsi = 1952', cnt = 16780628', bdch = 624129617', odch = 122496240', lcp = 19940801', #sols = 150
<DWph=0> <it= 19> <et=137.19> <Mt= 0.01> <Spt= 3.57> <nCl=150> <al=0.02> <DB= 2456.3793> <Mlp= 2822.8424> <PB=1000000> 
    RCSP exact solver info for graph G_0 : TT = 3.32166, pt = 0.00839, dt = 3.0768, ct = 0.234151, ndl = 216849', bdl = 16012517', odl = 95102', odf = 3352061', bsi = 1883', cnt = 17779002', bdch = 640269036', odch = 114466284', lcp = 19354670', #sols = 150
<DWph=0> <it= 20> <et=140.77> <Mt= 0.18> <Spt= 3.40> <nCl=146> <al=0.12> <DB= 2513.6367> <Mlp= 2822.7227> <PB=1000000> 
    RCSP exact solver info for graph G_0 : TT = 3.3309, pt = 0.008943, dt = 3.10305, ct = 0.21621, ndl = 210628', bdl = 15572395', odl = 92423', odf = 3224909', bsi = 1854', cnt = 15469265', bdch = 606860345', odch = 108919439', lcp = 18905209', #sols = 150
<DWph=0> <it= 21> <et=144.33> <Mt= 0.18> <Spt= 3.37> <nCl= 60> <al=0.21> <DB= 2770.0058> <Mlp= 2822.6571> <PB=1000000> 
    RCSP exact solver info for graph G_0 : TT = 3.33282, pt = 0.007272, dt = 3.0959, ct = 0.227408, ndl = 208767', bdl = 15451699', odl = 91855', odf = 3197978', bsi = 1827', cnt = 15248571', bdch = 597078679', odch = 108328491', lcp = 18678272', #sols = 150
<DWph=0> <it= 22> <et=147.77> <Mt= 0.08> <Spt= 3.36> <nCl= 29> <al=0.11> <DB= 2779.5053> <Mlp= 2822.6411> <PB=1000000> 
    RCSP exact solver info for graph G_0 : TT = 3.3784, pt = 0.007526, dt = 3.14297, ct = 0.225448, ndl = 209439', bdl = 15521195', odl = 92188', odf = 3211691', bsi = 1838', cnt = 15222928', bdch = 601313178', odch = 108639844', lcp = 18769951', #sols = 150
<DWph=0> <it= 23> <et=151.19> <Mt= 0.03> <Spt= 3.40> <nCl= 12> <al=0.20> <DB= 2814.1534> <Mlp= 2822.6404> <PB=1000000> 
    RCSP exact solver info for graph G_0 : TT = 3.38074, pt = 0.007864, dt = 3.15697, ct = 0.213651, ndl = 209996', bdl = 15541848', odl = 92310', odf = 3219264', bsi = 1808', cnt = 15360905', bdch = 603786587', odch = 109671798', lcp = 19077575', #sols = 150
<DWph=0> <it= 24> <et=154.60> <Mt= 0.01> <Spt= 3.39> <nCl=  9> <al=0.10> <DB= 2821.4814> <Mlp= 2822.6404> <PB=1000000> 
    RCSP exact solver info for graph G_0 : TT = 3.29771, pt = 0.007138, dt = 3.06812, ct = 0.220123, ndl = 209779', bdl = 15524539', odl = 91840', odf = 3212599', bsi = 1800', cnt = 15404668', bdch = 601618273', odch = 110116662', lcp = 18957944', #sols = 150
    RCSP exact solver info for graph G_0 : TT = 3.10014, pt = 0.006228, dt = 2.87563, ct = 0.215999, ndl = 207973', bdl = 15415039', odl = 91946', odf = 3184730', bsi = 1783', cnt = 15334021', bdch = 594063770', odch = 106342158', lcp = 18340249', #sols = 150
<DWph=0> <it= 25> <et=161.04> <Mt= 0.01> <Spt= 6.43> <nCl= 33> <al=0.00> <DB= 2822.6404> <Mlp= 2822.6404> <PB=1000000> 
RCSP solver dynamic params and stats :  bidir.bord. = 375 aver.obdmd = 98.3607 aver.buck.num. = 101 nbR1C = 214 with avMem = 15.0888
@@ 1 12 2822.64 3.31862 3.47655 92.389 161.04
    Full reduced cost fixing is not called (gap ratio is 0.999945)
ColGenEvalAlg final dual bound: 2822.64 (rounded: 2823)
False gap improvement since the last cut separation : 0.00462604 (2821.34)
----- Cut generation is stopped due to tailing off -----
Current active cuts : R1C(21+193,437.714) 1rowPackR1C(21) 3rowPackR1C(117) 4rowPackR1C(54) 5rowPackR1C(22)
**** Strong branching phase 1 is started *****
SB phase 1 cand.  1 branch on colGenSp (9.0442)                           : [ 2822.6404,  2825.3057], score = 0.00      <et=161.58>
SB phase 1 cand.  2 branch on omega[2] (lhs=26.7457)                      : [ 2822.6472,  2823.6427], score = 0.01      <et=161.84>
SB phase 1 cand.  3 branch on omega[1] (lhs=2.0458)                       : [ 2822.6599,  2827.1630], score = 0.09      <et=162.16>
SB phase 1 cand.  4 branch on Psi[2,7] (lhs=1.2846)                       : [ 2823.5172,  2826.9127], score = 3.75      <et=162.64>
SB phase 1 cand.  5 branch on Psi[4,7] (lhs=0.7154)                       : [ 2823.5172,  2826.9127], score = 3.75      <et=163.15>
SB phase 1 cand.  6 branch on Psi[2,4] (lhs=0.2617)                       : [ 2823.2657,  2826.9206], score = 2.68      <et=163.6>
SB phase 1 cand.  7 branch on Psi[2,8] (lhs=0.1551)                       : [ 2822.8849,  2826.2968], score = 0.89      <et=164.01>
SB phase 1 cand.  8 branch on Psi[6,8] (lhs=0.8449)                       : [ 2822.8849,  2827.5801], score = 1.21      <et=164.4>
SB phase 1 cand.  9 branch on Psi[6,9] (lhs=0.1111)                       : [ 2822.8236,  2829.4223], score = 1.24      <et=164.83>
SB phase 1 cand. 10 branch on Psi[2,9] (lhs=0.8889)                       : [ 2822.8087,  2829.5994], score = 1.17      <et=165.22>
SB phase 1 cand. 11 branch on Psi[2,6] (lhs=1.0440)                       : [ 2822.7266,  2840.3641], score = 1.53      <et=165.71>
SB phase 1 cand. 12 branch on Psi[1,4] (lhs=1.0229)                       : [ 2822.6599,  2846.0648], score = 0.46      <et=166.11>
SB phase 1 cand. 13 branch on Psi[1,2] (lhs=1.0229)                       : [ 2822.6599,  2842.3027], score = 0.38      <et=166.44>
SB phase 1 cand. 14 branch on var x[(67, 82)]_0_5790_0_OspV (lhs=0.4994)  : [ 2823.4966,  2823.7456], score = 0.95      <et=166.84>
SB phase 1 cand. 15 branch on var x[(0, 18)]_0_1904_0_OspV (lhs=0.4991)   : [ 2823.7726,  2823.9500], score = 1.48      <et=167.26>
SB phase 1 cand. 16 branch on var x[(33, 59)]_0_3370_0_OspV (lhs=0.4974)  : [ 2823.2027,  2824.1455], score = 0.85      <et=167.65>
SB phase 1 cand. 17 branch on var x[(16, 59)]_0_1738_0_OspV (lhs=0.4948)  : [ 2823.2530,  2823.7696], score = 0.69      <et=168.06>
SB phase 1 cand. 18 branch on var x[(70, 87)]_0_5951_0_OspV (lhs=0.4920)  : [ 2822.8049,  2822.9218], score = 0.05      <et=168.3>
SB phase 1 cand. 19 branch on var x[(67, 73)]_0_5781_0_OspV (lhs=0.4915)  : [ 2823.6121,  2823.6555], score = 0.99      <et=168.72>
SB phase 1 cand. 20 branch on var x[(16, 120)]_0_1799_0_OspV (lhs=0.4906) : [ 2823.2397,  2824.8640], score = 1.33      <et=169.16>
SB phase 1 cand. 21 branch on var x[(69, 83)]_0_5896_0_OspV (lhs=0.4855)  : [ 2823.5491,  2823.9505], score = 1.19      <et=169.58>
SB phase 1 cand. 22 branch on var x[(53, 87)]_0_4948_0_OspV (lhs=0.5170)  : [ 2822.8039,  2822.8913], score = 0.04      <et=169.86>
SB phase 1 cand. 23 branch on var x[(89, 93)]_0_6736_0_OspV (lhs=0.4825)  : [ 2822.7374,  2822.9171], score = 0.03      <et=170.08>
SB phase 1 cand. 24 branch on var x[(67, 81)]_0_5789_0_OspV (lhs=0.4824)  : [ 2823.4071,  2823.7485], score = 0.85      <et=170.54>
SB phase 1 cand. 25 branch on var x[(73, 82)]_0_6093_0_OspV (lhs=0.4807)  : [ 2823.2499,  2823.8172], score = 0.72      <et=170.95>
SB phase 1 cand. 26 branch on var x[(18, 96)]_0_1982_0_OspV (lhs=0.5254)  : [ 2823.3576,  2824.1553], score = 1.09      <et=171.38>
SB phase 1 cand. 27 branch on var x[(77, 105)]_0_6298_0_OspV (lhs=0.4733) : [ 2822.6902,  2823.1568], score = 0.03      <et=171.56>
SB phase 1 cand. 28 branch on var x[(0, 66)]_0_5720_0_OspV (lhs=0.5277)   : [ 2823.0192,  2824.2299], score = 0.60      <et=171.92>
SB phase 1 cand. 29 branch on var x[(28, 40)]_0_2901_0_OspV (lhs=0.4710)  : [ 2822.7772,  2823.1500], score = 0.07      <et=172.18>
SB phase 1 cand. 30 branch on var x[(53, 65)]_0_4926_0_OspV (lhs=0.4682)  : [ 2823.4050,  2824.3576], score = 1.31      <et=172.6>
SB phase 1 cand. 31 branch on var x[(3, 79)]_0_315_0_OspV (lhs=0.4677)    : [ 2823.3237,  2823.8758], score = 0.84      <et=172.99>
SB phase 1 cand. 32 branch on var x[(88, 102)]_0_6713_0_OspV (lhs=0.5347) : [ 2823.0155,  2823.5034], score = 0.32      <et=173.31>
SB phase 1 cand. 33 branch on var x[(0, 57)]_0_5180_0_OspV (lhs=0.4577)   : [ 2822.8657,  2824.4853], score = 0.42      <et=173.72>
SB phase 1 cand. 34 branch on var x[(0, 94)]_0_6882_0_OspV (lhs=0.4479)   : [ 2823.4754,  2823.7471], score = 0.92      <et=174.13>
SB phase 1 cand. 35 branch on var x[(28, 110)]_0_2971_0_OspV (lhs=0.5559) : [ 2823.3909,  2823.3942], score = 0.57      <et=174.48>
SB phase 1 cand. 36 branch on var x[(21, 23)]_0_2212_0_OspV (lhs=0.4426)  : [ 2823.0951,  2824.6401], score = 0.91      <et=174.85>
SB phase 1 cand. 37 branch on var x[(37, 117)]_0_3770_0_OspV (lhs=0.5591) : [ 2823.2846,  2825.7298], score = 1.99      <et=175.27>
SB phase 1 cand. 38 branch on var x[(0, 74)]_0_6132_0_OspV (lhs=0.5595)   : [ 2823.2451,  2823.5196], score = 0.53      <et=175.63>
SB phase 1 cand. 39 branch on var x[(6, 58)]_0_642_0_OspV (lhs=0.5603)    : [ 2823.0765,  2825.3966], score = 1.20      <et=176.06>
SB phase 1 cand. 40 branch on var x[(21, 89)]_0_2278_0_OspV (lhs=0.5621)  : [ 2822.6752,  2822.7589], score = 0.00      <et=176.21>
SB phase 1 cand. 41 branch on var x[(49, 91)]_0_4674_0_OspV (lhs=0.5654)  : [ 2822.9453,  2823.4620], score = 0.25      <et=176.51>
SB phase 1 cand. 42 branch on var x[(28, 105)]_0_2966_0_OspV (lhs=0.4326) : [ 2822.7546,  2823.1779], score = 0.06      <et=176.77>
SB phase 1 cand. 43 branch on var x[(22, 113)]_0_2401_0_OspV (lhs=0.5713) : [ 2824.0897,  2824.2344], score = 2.31      <et=177.21>
SB phase 1 cand. 44 branch on var x[(0, 90)]_0_6764_0_OspV (lhs=0.5748)   : [ 2823.4381,  2823.5336], score = 0.71      <et=177.58>
SB phase 1 cand. 45 branch on var x[(9, 49)]_0_972_0_OspV (lhs=0.5750)    : [ 2822.9688,  2823.4393], score = 0.26      <et=177.91>
SB phase 1 cand. 46 branch on var x[(5, 65)]_0_534_0_OspV (lhs=0.4229)    : [ 2823.1075,  2823.4902], score = 0.40      <et=178.26>
SB phase 1 cand. 47 branch on var x[(21, 56)]_0_2245_0_OspV (lhs=0.5793)  : [ 2822.6432,  2822.7371], score = 0.00      <et=178.38>
SB phase 1 cand. 48 branch on var x[(1, 85)]_0_84_0_OspV (lhs=0.5848)     : [ 2823.8959,  2824.4982], score = 2.33      <et=178.79>
SB phase 1 cand. 49 branch on var x[(95, 106)]_0_6920_0_OspV (lhs=0.4116) : [ 2822.8633,  2824.5618], score = 0.43      <et=179.17>
SB phase 1 cand. 50 branch on var x[(0, 43)]_0_4179_0_OspV (lhs=0.5894)   : [ 2823.4203,  2823.9715], score = 1.04      <et=179.55>
SB phase 1 cand. 51 branch on var x[(46, 47)]_0_4411_0_OspV (lhs=0.5898)  : [ 2823.2356,  2823.5753], score = 0.56      <et=179.95>
SB phase 1 cand. 52 branch on var x[(45, 69)]_0_4358_0_OspV (lhs=0.5936)  : [ 2823.8745,  2824.3558], score = 2.12      <et=180.44>
SB phase 1 cand. 53 branch on var x[(29, 117)]_0_3070_0_OspV (lhs=0.5978) : [ 2823.7256,  2824.3558], score = 1.86      <et=180.88>
SB phase 1 cand. 54 branch on var x[(34, 90)]_0_3488_0_OspV (lhs=0.6020)  : [ 2823.2932,  2823.7915], score = 0.75      <et=181.26>
SB phase 1 cand. 55 branch on var x[(29, 45)]_0_2998_0_OspV (lhs=0.6053)  : [ 2823.1838,  2826.8694], score = 2.30      <et=181.75>
SB phase 1 cand. 56 branch on var x[(73, 108)]_0_6119_0_OspV (lhs=0.6069) : [ 2823.4582,  2824.3798], score = 1.42      <et=182.15>
SB phase 1 cand. 57 branch on var x[(0, 53)]_0_4914_0_OspV (lhs=0.3910)   : [ 2822.8025,  2822.8918], score = 0.04      <et=182.37>
SB phase 1 cand. 58 branch on var x[(35, 96)]_0_3580_0_OspV (lhs=0.3888)  : [ 2823.0398,  2824.9486], score = 0.92      <et=182.77>
SB phase 1 cand. 59 branch on var x[(15, 106)]_0_1680_0_OspV (lhs=0.6119) : [ 2823.2090,  2824.4195], score = 1.01      <et=183.14>
SB phase 1 cand. 60 branch on var x[(15, 113)]_0_1687_0_OspV (lhs=0.3881) : [ 2823.2090,  2825.1375], score = 1.42      <et=183.56>
SB phase 1 cand. 61 branch on var x[(8, 61)]_0_872_0_OspV (lhs=0.3861)    : [ 2823.1708,  2824.6754], score = 1.08      <et=183.97>
SB phase 1 cand. 62 branch on var x[(0, 114)]_0_7232_0_OspV (lhs=0.6206)  : [ 2822.8994,  2823.5463], score = 0.23      <et=184.32>
SB phase 1 cand. 63 branch on var x[(18, 66)]_0_1952_0_OspV (lhs=0.3770)  : [ 2822.9696,  2825.2867], score = 0.87      <et=184.73>
SB phase 1 cand. 64 branch on var x[(5, 6)]_0_475_0_OspV (lhs=0.3770)     : [ 2822.8651,  2826.5374], score = 0.88      <et=185.17>
SB phase 1 cand. 65 branch on var x[(73, 81)]_0_6092_0_OspV (lhs=0.3751)  : [ 2823.3398,  2824.5487], score = 1.33      <et=185.58>
SB phase 1 cand. 66 branch on var x[(96, 110)]_0_6949_0_OspV (lhs=0.3674) : [ 2823.1948,  2824.5034], score = 1.03      <et=185.95>
SB phase 1 cand. 67 branch on var x[(0, 96)]_0_6935_0_OspV (lhs=0.3656)   : [ 2822.9344,  2824.5344], score = 0.56      <et=186.3>
SB phase 1 cand. 68 branch on var x[(77, 85)]_0_6278_0_OspV (lhs=0.3649)  : [ 2823.3086,  2825.1783], score = 1.70      <et=186.7>
SB phase 1 cand. 69 branch on var x[(77, 115)]_0_6308_0_OspV (lhs=0.6373) : [ 2823.7537,  2823.9354], score = 1.44      <et=187.08>
SB phase 1 cand. 70 branch on var x[(4, 85)]_0_438_0_OspV (lhs=0.6399)    : [ 2824.3319,  2824.8623], score = 3.76      <et=187.53>
SB phase 1 cand. 71 branch on var x[(10, 79)]_0_1113_0_OspV (lhs=0.3580)  : [ 2822.7582,  2825.3192], score = 0.32      <et=187.94>
SB phase 1 cand. 72 branch on var x[(20, 88)]_0_2177_0_OspV (lhs=0.6440)  : [ 2822.8672,  2823.0077], score = 0.08      <et=188.2>
SB phase 1 cand. 73 branch on var x[(0, 34)]_0_3432_0_OspV (lhs=0.3534)   : [ 2823.0387,  2823.5900], score = 0.38      <et=188.54>
SB phase 1 cand. 74 branch on var x[(71, 74)]_0_5988_0_OspV (lhs=0.6472)  : [ 2823.1585,  2823.2284], score = 0.30      <et=188.87>
SB phase 1 cand. 75 branch on var x[(0, 23)]_0_2409_0_OspV (lhs=0.3497)   : [ 2823.2424,  2825.5395], score = 1.75      <et=189.3>
SB phase 1 cand. 76 branch on var x[(93, 94)]_0_6855_0_OspV (lhs=0.3479)  : [ 2823.2562,  2825.5266], score = 1.78      <et=189.7>
SB phase 1 cand. 77 branch on var x[(22, 61)]_0_2349_0_OspV (lhs=0.3446)  : [ 2823.3548,  2825.2734], score = 1.88      <et=190.11>
SB phase 1 cand. 78 branch on var x[(43, 94)]_0_4230_0_OspV (lhs=0.3441)  : [ 2823.4194,  2824.6073], score = 1.53      <et=190.5>
SB phase 1 cand. 79 branch on var x[(0, 35)]_0_3519_0_OspV (lhs=0.3425)   : [ 2823.1415,  2824.1293], score = 0.75      <et=190.88>
SB phase 1 cand. 80 branch on var x[(0, 42)]_0_4100_0_OspV (lhs=0.6583)   : [ 2822.8771,  2823.1147], score = 0.11      <et=191.16>
SB phase 1 cand. 81 branch on var x[(92, 106)]_0_6839_0_OspV (lhs=0.3407) : [ 2823.4430,  2823.9419], score = 1.04      <et=191.57>
SB phase 1 cand. 82 branch on var x[(40, 77)]_0_3976_0_OspV (lhs=0.3388)  : [ 2822.7274,  2822.9620], score = 0.03      <et=191.81>
SB phase 1 cand. 83 branch on var x[(47, 82)]_0_4520_0_OspV (lhs=0.6661)  : [ 2823.1113,  2823.6810], score = 0.49      <et=192.21>
SB phase 1 cand. 84 branch on var x[(34, 98)]_0_3496_0_OspV (lhs=0.6698)  : [ 2822.9586,  2823.3547], score = 0.23      <et=192.52>
SB phase 1 cand. 85 branch on var x[(0, 65)]_0_5664_0_OspV (lhs=0.3268)   : [ 2823.4081,  2826.1602], score = 2.70      <et=193>
SB phase 1 cand. 86 branch on var x[(46, 82)]_0_4446_0_OspV (lhs=0.3264)  : [ 2823.0290,  2823.6533], score = 0.39      <et=193.42>
SB phase 1 cand. 87 branch on var x[(1, 4)]_0_3_0_OspV (lhs=0.3230)       : [ 2823.3366,  2825.2123], score = 1.79      <et=193.82>
SB phase 1 cand. 88 branch on var x[(46, 64)]_0_4428_0_OspV (lhs=0.6793)  : [ 2822.8899,  2824.0421], score = 0.35      <et=194.19>
SB phase 1 cand. 89 branch on var x[(56, 93)]_0_5152_0_OspV (lhs=0.3201)  : [ 2822.6437,  2823.0569], score = 0.00      <et=194.38>
SB phase 1 cand. 90 branch on var x[(20, 42)]_0_2131_0_OspV (lhs=0.3105)  : [ 2822.7940,  2823.2448], score = 0.09      <et=194.68>
SB phase 1 cand. 91 branch on var x[(71, 90)]_0_6004_0_OspV (lhs=0.3064)  : [ 2822.8521,  2824.0265], score = 0.29      <et=195.05>
SB phase 1 cand. 92 branch on var x[(94, 95)]_0_6883_0_OspV (lhs=0.6943)  : [ 2823.0487,  2823.7105], score = 0.44      <et=195.42>
SB phase 1 cand. 93 branch on var x[(111, 120)]_0_7214_0_OspV (lhs=0.2975): [ 2823.0780,  2824.4360], score = 0.79      <et=195.79>
SB phase 1 cand. 94 branch on var x[(16, 111)]_0_1790_0_OspV (lhs=0.7025) : [ 2823.0780,  2824.4360], score = 0.79      <et=196.19>
SB phase 1 cand. 95 branch on var x[(11, 32)]_0_1176_0_OspV (lhs=0.2953)  : [ 2823.4407,  2823.8071], score = 0.93      <et=196.59>
SB phase 1 cand. 96 branch on var x[(57, 95)]_0_5218_0_OspV (lhs=0.2939)  : [ 2823.3720,  2823.5126], score = 0.64      <et=196.96>
SB phase 1 cand. 97 branch on var x[(50, 83)]_0_4737_0_OspV (lhs=0.2920)  : [ 2822.9260,  2829.1217], score = 1.85      <et=197.43>
SB phase 1 cand. 98 branch on var x[(41, 50)]_0_4029_0_OspV (lhs=0.7110)  : [ 2822.9240,  2830.3618], score = 2.19      <et=197.93>
SB phase 1 cand. 99 branch on var x[(47, 67)]_0_4505_0_OspV (lhs=0.2874)  : [ 2822.9731,  2823.9191], score = 0.43      <et=198.32>
SB phase 1 cand. 100 branch on var x[(18, 53)]_0_1939_0_OspV (lhs=0.2864)  : [ 2822.9453,  2824.4473], score = 0.55      <et=198.69>
**** Strong branching phase 2 is started *****
<DWph=1> <it= 15> <et=203.08> <Mt= 0.20> <Spt= 4.17> <nCl= 63> <al=0.00> <DB= 2824.7123> <Mlp= 2824.7123> <PB=1000000> 
<DWph=1> <it= 24> <et=209.22> <Mt= 0.66> <Spt= 5.19> <nCl=136> <al=0.00> <DB= 2773.0110> <Mlp= 2823.6916> <PB=1000000> 
SB phase 2 cand.  1 branch on var x[(4, 85)]_0_438_0_OspV (lhs=0.6399): [ 2823.6916,  2824.7123], score = 2.18      <et=209.26>
<DWph=1> <it= 36> <et=218.69> <Mt= 1.38> <Spt= 7.82> <nCl=265> <al=0.00> <DB= 2826.2363> <Mlp= 2826.2363> <PB=1000000> 
<DWph=1> <it= 15> <et=223.98> <Mt= 0.78> <Spt= 4.27> <nCl= 75> <al=0.00> <DB= 2823.3585> <Mlp= 2823.3585> <PB=1000000> 
SB phase 2 cand.  2 branch on Psi[4,7] (lhs=0.7154)                   : [ 2823.3585,  2826.2363], score = 2.58      <et=224.01>
<DWph=1> <it= 42> <et=234.86> <Mt= 2.50> <Spt= 8.14> <nCl=402> <al=0.00> <DB= 2826.2451> <Mlp= 2826.2451> <PB=1000000> 
<DWph=1> <it= 11> <et=238.31> <Mt= 0.44> <Spt= 2.78> <nCl= 61> <al=0.00> <DB= 2823.3189> <Mlp= 2823.3189> <PB=1000000> 
SB phase 2 cand.  3 branch on Psi[2,7] (lhs=1.2846)                   : [ 2823.3189,  2826.2451], score = 2.45      <et=238.34>
**** Strong branching phase 3 is started *****
**** SB phase 3 evaluation of candidate 1, branch 1 ( Psi[4,7] <= 0 ), value = 2826.24
<DWph=2> <it=  1> <et=238.68> <Mt= 0.01> <Spt= 0.12> <nCl= 14> <al=0.50> <DB= 2581.9348> <Mlp= 2826.2363> <PB=1000000> 
<DWph=2> <it=  2> <et=238.96> <Mt= 0.03> <Spt= 0.25> <nCl= 12> <al=0.00> <DB= 2357.4190> <Mlp= 2826.2316> <PB=1000000> 
<DWph=2> <it=  3> <et=239.21> <Mt= 0.00> <Spt= 0.24> <nCl=  1> <al=0.00> <DB= 2826.2316> <Mlp= 2826.2316> <PB=1000000> 
<DWph=1> <it=  4> <et=239.45> <Mt= 0.01> <Spt= 0.24> <nCl=  4> <al=0.20> <DB= 2224.0687> <Mlp= 2826.2316> <PB=1000000> 
<DWph=1> <it=  5> <et=239.74> <Mt= 0.03> <Spt= 0.26> <nCl=  4> <al=0.10> <DB= 2674.5439> <Mlp= 2826.2226> <PB=1000000> 
<DWph=1> <it=  6> <et=240.03> <Mt= 0.04> <Spt= 0.24> <nCl=  7> <al=0.19> <DB= 2463.9389> <Mlp= 2826.2142> <PB=1000000> 
<DWph=1> <it=  7> <et=240.30> <Mt= 0.02> <Spt= 0.26> <nCl=  1> <al=0.27> <DB= 2757.1065> <Mlp= 2826.2113> <PB=1000000> 
<DWph=1> <it=  8> <et=240.56> <Mt= 0.01> <Spt= 0.25> <nCl=  2> <al=0.17> <DB= 2422.1257> <Mlp= 2826.2113> <PB=1000000> 
<DWph=1> <it=  9> <et=241.08> <Mt= 0.00> <Spt= 0.51> <nCl=  2> <al=0.00> <DB= 2826.2113> <Mlp= 2826.2113> <PB=1000000> 
    RCSP exact solver info for graph G_0 : TT = 2.17539, pt = 0.008005, dt = 2.02099, ct = 0.14449, ndl = 177384', bdl = 13378745', odl = 86982', odf = 2659905', bsi = 1858', cnt = 11121610', bdch = 445116862', odch = 67898270', lcp = 12687960', #sols = 150
<DWph=0> <it= 10> <et=243.29> <Mt= 0.01> <Spt= 2.21> <nCl=150> <al=0.15> <DB= 2111.1105> <Mlp= 2826.2113> <PB=1000000> 
    RCSP exact solver info for graph G_0 : TT = 2.07445, pt = 0.004802, dt = 1.9442, ct = 0.123376, ndl = 168240', bdl = 12765977', odl = 84589', odf = 2491931', bsi = 2089', cnt = 9263712', bdch = 403158649', odch = 58874457', lcp = 11714376', #sols = 150
<DWph=0> <it= 11> <et=245.50> <Mt= 0.10> <Spt= 2.10> <nCl=150> <al=0.05> <DB= 1112.0550> <Mlp= 2826.1312> <PB=1000000> 
    RCSP exact solver info for graph G_0 : TT = 2.22652, pt = 0.005832, dt = 2.06755, ct = 0.151122, ndl = 177407', bdl = 13337019', odl = 85996', odf = 2650840', bsi = 1858', cnt = 12037410', bdch = 442251416', odch = 68175837', lcp = 12962242', #sols = 150
<DWph=0> <it= 12> <et=247.82> <Mt= 0.00> <Spt= 2.27> <nCl=134> <al=0.15> <DB= 2610.0610> <Mlp= 2826.1312> <PB=1000000> 
    RCSP exact solver info for graph G_0 : TT = 2.1259, pt = 0.004748, dt = 1.97603, ct = 0.143114, ndl = 174526', bdl = 13077240', odl = 86613', odf = 2589913', bsi = 1837', cnt = 10750675', bdch = 430667505', odch = 64414869', lcp = 13123974', #sols = 150
<DWph=0> <it= 13> <et=250.09> <Mt= 0.13> <Spt= 2.15> <nCl=102> <al=0.23> <DB= 2573.2202> <Mlp= 2825.9612> <PB=1000000> 
    RCSP exact solver info for graph G_0 : TT = 2.19965, pt = 0.005156, dt = 2.04662, ct = 0.145729, ndl = 174305', bdl = 13088780', odl = 85496', odf = 2628982', bsi = 1777', cnt = 12087370', bdch = 431039265', odch = 63642620', lcp = 12249720', #sols = 150
<DWph=0> <it= 14> <et=252.41> <Mt= 0.09> <Spt= 2.22> <nCl= 68> <al=0.31> <DB= 2622.8561> <Mlp= 2825.9197> <PB=1000000> 
    RCSP exact solver info for graph G_0 : TT = 2.13944, pt = 0.005401, dt = 1.99628, ct = 0.135587, ndl = 172708', bdl = 13021195', odl = 85281', odf = 2577648', bsi = 1780', cnt = 10965357', bdch = 423737751', odch = 63404066', lcp = 12167273', #sols = 150
<DWph=0> <it= 15> <et=254.61> <Mt= 0.05> <Spt= 2.15> <nCl= 54> <al=0.38> <DB= 2493.3343> <Mlp= 2825.9055> <PB=1000000> 
    RCSP exact solver info for graph G_0 : TT = 2.16133, pt = 0.005354, dt = 2.00752, ct = 0.146137, ndl = 171619', bdl = 12938839', odl = 85244', odf = 2565146', bsi = 1778', cnt = 10906050', bdch = 420239894', odch = 61712461', lcp = 12019208', #sols = 150
<DWph=0> <it= 16> <et=256.85> <Mt= 0.07> <Spt= 2.17> <nCl= 27> <al=0.44> <DB= 2727.1745> <Mlp= 2825.9007> <PB=1000000> 
    RCSP exact solver info for graph G_0 : TT = 2.15306, pt = 0.00607, dt = 2.00549, ct = 0.138843, ndl = 171478', bdl = 12962902', odl = 86580', odf = 2563657', bsi = 1756', cnt = 10418675', bdch = 420774949', odch = 60880110', lcp = 11930346', #sols = 150
<DWph=0> <it= 17> <et=259.09> <Mt= 0.07> <Spt= 2.17> <nCl= 22> <al=0.50> <DB= 2630.1557> <Mlp= 2825.9007> <PB=1000000> 
    RCSP exact solver info for graph G_0 : TT = 2.124, pt = 0.005024, dt = 1.9857, ct = 0.131193, ndl = 170430', bdl = 12859704', odl = 85275', odf = 2539397', bsi = 1786', cnt = 10622512', bdch = 415223106', odch = 60081268', lcp = 11761217', #sols = 150
    RCSP exact solver info for graph G_0 : TT = 2.11797, pt = 0.005021, dt = 1.97686, ct = 0.134025, ndl = 166849', bdl = 12615408', odl = 84558', odf = 2478048', bsi = 1843', cnt = 9900549', bdch = 397768245', odch = 56487881', lcp = 11304070', #sols = 150
<DWph=0> <it= 18> <et=263.45> <Mt= 0.10> <Spt= 4.27> <nCl= 45> <al=0.09> <DB= 2700.9702> <Mlp= 2825.8994> <PB=1000000> 
    RCSP exact solver info for graph G_0 : TT = 2.10648, pt = 0.005249, dt = 1.96728, ct = 0.131845, ndl = 167642', bdl = 12680591', odl = 85111', odf = 2490964', bsi = 1764', cnt = 10080168', bdch = 402170543', odch = 57219562', lcp = 11397538', #sols = 150
<DWph=0> <it= 19> <et=265.58> <Mt= 0.01> <Spt= 2.11> <nCl= 12> <al=0.45> <DB= 2812.9395> <Mlp= 2825.8994> <PB=1000000> 
    RCSP exact solver info for graph G_0 : TT = 2.03461, pt = 0.00554, dt = 1.90122, ct = 0.12573, ndl = 166571', bdl = 12605061', odl = 84479', odf = 2469132', bsi = 1816', cnt = 9992103', bdch = 396569121', odch = 56243357', lcp = 11252273', #sols = 150
    RCSP exact solver info for graph G_0 : TT = 1.9923, pt = 0.006337, dt = 1.84593, ct = 0.138033, ndl = 166630', bdl = 12603357', odl = 84846', odf = 2476801', bsi = 1823', cnt = 10063019', bdch = 397369002', odch = 56118705', lcp = 11216229', #sols = 150
<DWph=0> <it= 20> <et=269.63> <Mt= 0.00> <Spt= 4.05> <nCl= 30> <al=0.00> <DB= 2818.5380> <Mlp= 2825.8994> <PB=1000000> 
    RCSP exact solver info for graph G_0 : TT = 2.08967, pt = 0.005893, dt = 1.94946, ct = 0.131954, ndl = 166370', bdl = 12587312', odl = 84078', odf = 2462162', bsi = 1789', cnt = 9978313', bdch = 394735974', odch = 56094573', lcp = 11264535', #sols = 150
    RCSP exact solver info for graph G_0 : TT = 2.00221, pt = 0.004727, dt = 1.86533, ct = 0.130104, ndl = 165950', bdl = 12551503', odl = 84522', odf = 2467227', bsi = 1823', cnt = 9912037', bdch = 393636025', odch = 55785689', lcp = 11147543', #sols = 150
<DWph=0> <it= 21> <et=273.74> <Mt= 0.01> <Spt= 4.10> <nCl=  9> <al=0.00> <DB= 2825.8994> <Mlp= 2825.8994> <PB=1000000> 
RCSP solver dynamic params and stats :  bidir.bord. = 375 aver.obdmd = 98.3607 aver.buck.num. = 101 nbR1C = 166 with avMem = 14.4337
@@ 208 0 2825.9 2.10718 2.21867 92.389 273.74
    Full reduced cost fixing is not called (gap ratio is 0.999941)
ColGenEvalAlg final dual bound: 2825.9 (rounded: 2826)
Current active cuts : R1C(15+151,385.064) 1rowPackR1C(15) 3rowPackR1C(99) 4rowPackR1C(37) 5rowPackR1C(15)
6 Rank-1 1-rows pack. cuts added ,  max viol. = 0.0694329, aver. viol. = 0.0404248
150 Rank-1 3-rows pack. cuts added ,  max viol. = 0.190225, aver. viol. = 0.0935136
Shrinking heuristic shrunk 29 edges
In total 3 RCC cut(s) are found by the Fractional capacity min-cut heuristic 
In total 1 RCC cut(s) are found by the greedy construction heuristic 
In total 6 RCC cut(s) are found by the global pool greedy search heuristic 
----- Add fac. cuts : CAP(10) R1C(156), max.viol = 0.196201, aver.viol = 0.0944266, sep/add took 0.053615/0.446756 sec. -----
10547 columns (7170 active), 382 dyn. constrs. (333 active), 628 art. vars. (575 active)
<DWph=2> <it=  1> <et=274.60> <Mt= 0.18> <Spt= 0.14> <nCl=  3> <al=0.50> <DB= 2821.1957> <Mlp= 2827.5572> <PB=1000000> 
<DWph=2> <it=  2> <et=274.87> <Mt= 0.01> <Spt= 0.26> <nCl=  9> <al=0.10> <DB= 2739.5115> <Mlp= 2827.5572> <PB=1000000> 
<DWph=2> <it=  3> <et=275.05> <Mt= 0.03> <Spt= 0.15> <nCl=  3> <al=0.45> <DB= 2766.5587> <Mlp= 2827.5495> <PB=1000000> 
<DWph=2> <it=  4> <et=275.24> <Mt= 0.05> <Spt= 0.13> <nCl=  2> <al=0.51> <DB= 2827.0793> <Mlp= 2827.5219> <PB=1000000> 
<DWph=2> <it=  5> <et=275.40> <Mt= 0.02> <Spt= 0.15> <nCl=  6> <al=0.41> <DB= 2553.6092> <Mlp= 2827.5217> <PB=1000000> 
<DWph=2> <it=  6> <et=275.59> <Mt= 0.05> <Spt= 0.14> <nCl=  7> <al=0.46> <DB= 2618.9030> <Mlp= 2827.4999> <PB=1000000> 
<DWph=2> <it=  7> <et=275.85> <Mt= 0.12> <Spt= 0.13> <nCl=  4> <al=0.52> <DB= 2756.7823> <Mlp= 2827.4898> <PB=1000000> 
<DWph=2> <it=  8> <et=276.11> <Mt= 0.12> <Spt= 0.15> <nCl=  2> <al=0.57> <DB= 2817.5589> <Mlp= 2827.4859> <PB=1000000> 
<DWph=2> <it=  9> <et=276.44> <Mt= 0.02> <Spt= 0.30> <nCl=  8> <al=0.22> <DB= 2818.2905> <Mlp= 2827.4842> <PB=1000000> 
<DWph=2> <it= 10> <et=276.61> <Mt= 0.02> <Spt= 0.15> <nCl=  2> <al=0.51> <DB= 2819.6025> <Mlp= 2827.4838> <PB=1000000> 
<DWph=2> <it= 11> <et=276.90> <Mt= 0.02> <Spt= 0.27> <nCl=  1> <al=0.00> <DB= 2827.4828> <Mlp= 2827.4828> <PB=1000000> 
<DWph=1> <it= 12> <et=277.17> <Mt= 0.00> <Spt= 0.27> <nCl= 13> <al=0.31> <DB= 2403.8200> <Mlp= 2827.4828> <PB=1000000> 
<DWph=1> <it= 13> <et=277.90> <Mt= 0.20> <Spt= 0.53> <nCl=  5> <al=0.00> <DB= 2827.4441> <Mlp= 2827.4441> <PB=1000000> 
    RCSP exact solver info for graph G_0 : TT = 2.69764, pt = 0.007073, dt = 2.51384, ct = 0.174705, ndl = 201111', bdl = 15066421', odl = 94805', odf = 3102065', bsi = 1920', cnt = 12381806', bdch = 559319435', odch = 102120134', lcp = 17899758', #sols = 150
<DWph=0> <it= 14> <et=280.65> <Mt= 0.00> <Spt= 2.74> <nCl=150> <al=0.11> <DB= 2409.5950> <Mlp= 2827.4441> <PB=1000000> 
    RCSP exact solver info for graph G_0 : TT = 2.77719, pt = 0.00639, dt = 2.59732, ct = 0.171361, ndl = 201298', bdl = 15058128', odl = 93585', odf = 3040399', bsi = 1941', cnt = 13191941', bdch = 561166191', odch = 95457230', lcp = 17319727', #sols = 150
<DWph=0> <it= 15> <et=283.87> <Mt= 0.40> <Spt= 2.83> <nCl=150> <al=0.01> <DB= 2471.1490> <Mlp= 2827.1719> <PB=1000000> 
    RCSP exact solver info for graph G_0 : TT = 2.81367, pt = 0.006964, dt = 2.62364, ct = 0.180358, ndl = 192108', bdl = 14477540', odl = 92075', odf = 2887352', bsi = 1870', cnt = 11978556', bdch = 515775363', odch = 80261165', lcp = 15168578', #sols = 150
<DWph=0> <it= 16> <et=286.81> <Mt= 0.10> <Spt= 2.84> <nCl= 52> <al=0.11> <DB= 2692.1145> <Mlp= 2827.1298> <PB=1000000> 
    RCSP exact solver info for graph G_0 : TT = 2.79908, pt = 0.007637, dt = 2.61982, ct = 0.169318, ndl = 190559', bdl = 14377693', odl = 91164', odf = 2849914', bsi = 1822', cnt = 11917610', bdch = 506756821', odch = 79065380', lcp = 14907328', #sols = 150
<DWph=0> <it= 17> <et=289.67> <Mt= 0.05> <Spt= 2.81> <nCl= 25> <al=0.20> <DB= 2770.2390> <Mlp= 2827.1111> <PB=1000000> 
    RCSP exact solver info for graph G_0 : TT = 2.78327, pt = 0.006395, dt = 2.6041, ct = 0.170613, ndl = 192034', bdl = 14462259', odl = 91289', odf = 2876072', bsi = 1821', cnt = 12228627', bdch = 514816538', odch = 81404650', lcp = 15383803', #sols = 150
<DWph=0> <it= 18> <et=292.50> <Mt= 0.03> <Spt= 2.80> <nCl= 28> <al=0.28> <DB= 2759.7079> <Mlp= 2827.1104> <PB=1000000> 
    RCSP exact solver info for graph G_0 : TT = 2.72994, pt = 0.006868, dt = 2.55355, ct = 0.167348, ndl = 191250', bdl = 14418952', odl = 91103', odf = 2861948', bsi = 1841', cnt = 12144621', bdch = 510302766', odch = 79847667', lcp = 15041619', #sols = 150
    RCSP exact solver info for graph G_0 : TT = 2.5289, pt = 0.005161, dt = 2.36108, ct = 0.160654, ndl = 191571', bdl = 14421801', odl = 91234', odf = 2870003', bsi = 1831', cnt = 12222117', bdch = 512202281', odch = 80922104', lcp = 15250251', #sols = 150
<DWph=0> <it= 19> <et=297.79> <Mt= 0.01> <Spt= 5.28> <nCl= 37> <al=0.00> <DB= 2786.4717> <Mlp= 2827.1104> <PB=1000000> 
    RCSP exact solver info for graph G_0 : TT = 2.65477, pt = 0.006656, dt = 2.48389, ct = 0.162166, ndl = 189787', bdl = 14318375', odl = 90757', odf = 2837644', bsi = 1828', cnt = 11934181', bdch = 503458285', odch = 78398865', lcp = 14841806', #sols = 150
    RCSP exact solver info for graph G_0 : TT = 2.49784, pt = 0.005086, dt = 2.32846, ct = 0.161997, ndl = 191233', bdl = 14403587', odl = 91202', odf = 2863995', bsi = 1812', cnt = 12306244', bdch = 511396768', odch = 80480701', lcp = 15217205', #sols = 150
<DWph=0> <it= 20> <et=302.98> <Mt= 0.01> <Spt= 5.17> <nCl= 26> <al=0.00> <DB= 2827.1104> <Mlp= 2827.1104> <PB=1000000> 
RCSP solver dynamic params and stats :  bidir.bord. = 375 aver.obdmd = 98.3607 aver.buck.num. = 101 nbR1C = 178 with avMem = 15.5225
@@ 208 1 2827.11 2.68936 2.804 92.389 302.98
    Full reduced cost fixing is not called (gap ratio is 0.99994)
ColGenEvalAlg final dual bound: 2827.11 (rounded: 2828)
False gap improvement since the last cut separation : 0.00428544 (2825.9)
Separator R1C not in maximum phase
Cut generation tailing off counter increased to 0
Current active cuts : CAP(2,15.8075) R1C(14+164,395.254) 1rowPackR1C(14) 3rowPackR1C(117) 4rowPackR1C(34) 5rowPackR1C(13)
3 Rank-1 1-rows pack. cuts added ,  max viol. = 0.0694877, aver. viol. = 0.0370713
150 Rank-1 3-rows pack. cuts added ,  max viol. = 0.132649, aver. viol. = 0.0712648
Building structures for heuristic rank-1 packing cut separation...done!
100 Rank-1 4-rows pack. cuts added ,  max viol. = 0.1652, aver. viol. = 0.0820249
Shrinking heuristic shrunk 14 edges
In total 2 RCC cut(s) are found by the Fractional capacity min-cut heuristic 
----- Add fac. cuts : CAP(2) R1C(253), max.viol = 0.178252, aver.viol = 0.0796442, sep/add took 0.16183/0.686148 sec. -----
11080 columns (7703 active), 637 dyn. constrs. (438 active), 883 art. vars. (680 active)
<DWph=2> <it=  1> <et=304.24> <Mt= 0.22> <Spt= 0.15> <nCl=  4> <al=0.50> <DB= 2818.4824> <Mlp= 2828.3108> <PB=1000000> 
<DWph=2> <it=  2> <et=304.60> <Mt= 0.03> <Spt= 0.32> <nCl= 11> <al=0.10> <DB= 2514.1285> <Mlp= 2828.3080> <PB=1000000> 
<DWph=2> <it=  3> <et=304.84> <Mt= 0.09> <Spt= 0.16> <nCl=  5> <al=0.45> <DB= 2827.9929> <Mlp= 2828.2740> <PB=1000000> 
<DWph=2> <it=  4> <et=305.02> <Mt= 0.02> <Spt= 0.16> <nCl=  7> <al=0.35> <DB= 2762.1207> <Mlp= 2828.2734> <PB=1000000> 
<DWph=2> <it=  5> <et=305.39> <Mt= 0.07> <Spt= 0.29> <nCl= 15> <al=0.00> <DB= 2698.5749> <Mlp= 2828.2522> <PB=1000000> 
<DWph=2> <it=  6> <et=305.74> <Mt= 0.06> <Spt= 0.30> <nCl= 10> <al=0.00> <DB= 2815.9269> <Mlp= 2828.2413> <PB=1000000> 
<DWph=2> <it=  7> <et=306.09> <Mt= 0.03> <Spt= 0.32> <nCl=  4> <al=0.00> <DB= 2776.6082> <Mlp= 2828.2401> <PB=1000000> 
<DWph=2> <it=  8> <et=306.28> <Mt= 0.03> <Spt= 0.15> <nCl=  3> <al=0.12> <DB= 2794.7825> <Mlp= 2828.2381> <PB=1000000> 
<DWph=2> <it=  9> <et=306.69> <Mt= 0.08> <Spt= 0.33> <nCl=  5> <al=0.00> <DB= 2828.2237> <Mlp= 2828.2237> <PB=1000000> 
<DWph=1> <it= 10> <et=306.98> <Mt= 0.01> <Spt= 0.28> <nCl= 12> <al=0.00> <DB= 2489.4264> <Mlp= 2828.2237> <PB=1000000> 
<DWph=1> <it= 11> <et=307.38> <Mt= 0.11> <Spt= 0.29> <nCl=  6> <al=0.00> <DB= 2583.9104> <Mlp= 2828.1891> <PB=1000000> 
<DWph=1> <it= 12> <et=307.70> <Mt= 0.02> <Spt= 0.30> <nCl=  3> <al=0.00> <DB= 2766.1623> <Mlp= 2828.1879> <PB=1000000> 
<DWph=1> <it= 13> <et=308.40> <Mt= 0.03> <Spt= 0.67> <nCl=  1> <al=0.00> <DB= 2828.1860> <Mlp= 2828.1860> <PB=1000000> 
    RCSP exact solver info for graph G_0 : TT = 2.93931, pt = 0.006435, dt = 2.73335, ct = 0.197402, ndl = 206155', bdl = 15407142', odl = 96108', odf = 3091230', bsi = 1925', cnt = 14739145', bdch = 592604877', odch = 98786883', lcp = 17369169', #sols = 150
<DWph=0> <it= 14> <et=311.40> <Mt= 0.00> <Spt= 2.99> <nCl=150> <al=0.00> <DB= 2446.3409> <Mlp= 2828.1860> <PB=1000000> 
    RCSP exact solver info for graph G_0 : TT = 2.93501, pt = 0.007272, dt = 2.74681, ct = 0.178889, ndl = 197388', bdl = 14790288', odl = 92284', odf = 2968553', bsi = 1903', cnt = 12911710', bdch = 543216883', odch = 95813376', lcp = 16698104', #sols = 150
<DWph=0> <it= 15> <et=314.88> <Mt= 0.50> <Spt= 2.99> <nCl=128> <al=0.05> <DB= 2631.0118> <Mlp= 2828.0555> <PB=1000000> 
    RCSP exact solver info for graph G_0 : TT = 3.05299, pt = 0.007631, dt = 2.85907, ct = 0.183486, ndl = 198481', bdl = 14891287', odl = 92953', odf = 2990032', bsi = 1895', cnt = 13432014', bdch = 548434344', odch = 94679335', lcp = 16776581', #sols = 150
<DWph=0> <it= 16> <et=318.20> <Mt= 0.24> <Spt= 3.07> <nCl= 37> <al=0.14> <DB= 2767.4801> <Mlp= 2828.0072> <PB=1000000> 
    RCSP exact solver info for graph G_0 : TT = 3.07546, pt = 0.007289, dt = 2.87991, ct = 0.186051, ndl = 198831', bdl = 14916563', odl = 92915', odf = 3006436', bsi = 1880', cnt = 13688675', bdch = 548917636', odch = 94975436', lcp = 16676790', #sols = 150
<DWph=0> <it= 17> <et=321.34> <Mt= 0.05> <Spt= 3.09> <nCl= 19> <al=0.23> <DB= 2774.0463> <Mlp= 2828.0056> <PB=1000000> 
    RCSP exact solver info for graph G_0 : TT = 3.08888, pt = 0.008318, dt = 2.88126, ct = 0.19611, ndl = 199269', bdl = 14936240', odl = 93253', odf = 3021840', bsi = 1917', cnt = 13763997', bdch = 551196319', odch = 94971635', lcp = 16660466', #sols = 150
<DWph=0> <it= 18> <et=324.46> <Mt= 0.02> <Spt= 3.11> <nCl= 29> <al=0.30> <DB= 2811.5678> <Mlp= 2828.0056> <PB=1000000> 
    RCSP exact solver info for graph G_0 : TT = 3.04968, pt = 0.008557, dt = 2.84891, ct = 0.189928, ndl = 199109', bdl = 14923691', odl = 93193', odf = 3018974', bsi = 1860', cnt = 13673465', bdch = 550020598', odch = 95477663', lcp = 16776739', #sols = 150
    RCSP exact solver info for graph G_0 : TT = 2.91131, pt = 0.006368, dt = 2.71745, ct = 0.185306, ndl = 199081', bdl = 14925732', odl = 93313', odf = 3019192', bsi = 1884', cnt = 13660831', bdch = 550222395', odch = 95566827', lcp = 16780264', #sols = 150
<DWph=0> <it= 19> <et=330.46> <Mt= 0.01> <Spt= 5.98> <nCl= 23> <al=0.00> <DB= 2824.8949> <Mlp= 2828.0056> <PB=1000000> 
    RCSP exact solver info for graph G_0 : TT = 2.71976, pt = 0.007064, dt = 2.52444, ct = 0.185999, ndl = 199053', bdl = 14923945', odl = 93309', odf = 3018700', bsi = 1885', cnt = 13646813', bdch = 550098368', odch = 95548620', lcp = 16774734', #sols = 150
    RCSP exact solver info for graph G_0 : TT = 2.9511, pt = 0.007707, dt = 2.7527, ct = 0.188451, ndl = 199083', bdl = 14925897', odl = 93316', odf = 3019053', bsi = 1883', cnt = 13658099', bdch = 550272008', odch = 95565794', lcp = 16781835', #sols = 150
<DWph=0> <it= 20> <et=336.15> <Mt= 0.01> <Spt= 5.68> <nCl=  0> <al=0.00> <DB= 2828.0056> <Mlp= 2828.0056> <PB=1000000> 
RCSP solver dynamic params and stats :  bidir.bord. = 375 aver.obdmd = 98.3607 aver.buck.num. = 101 nbR1C = 205 with avMem = 16.8488
@@ 208 2 2828.01 2.9595 3.07737 92.389 336.15
    Full reduced cost fixing is not called (gap ratio is 0.999939)
ColGenEvalAlg final dual bound: 2828.01 (rounded: 2829)
False gap improvement since the last cut separation : 0.00316633 (2827.11)
Separator R1C not in maximum phase
Cut generation tailing off counter increased to 0
Current active cuts : CAP(3,53.9041) R1C(13+192,406.536) 1rowPackR1C(13) 3rowPackR1C(127) 4rowPackR1C(56) 5rowPackR1C(9)
7 Rank-1 1-rows pack. cuts added ,  max viol. = 0.0430152, aver. viol. = 0.0282906
150 Rank-1 3-rows pack. cuts added ,  max viol. = 0.14001, aver. viol. = 0.0688408
Building structures for heuristic rank-1 packing cut separation...done!
100 Rank-1 4-rows pack. cuts added ,  max viol. = 0.0949699, aver. viol. = 0.0544918
100 Rank-1 5-rows pack. cuts added ,  max viol. = 0.134656, aver. viol. = 0.0998863
Shrinking heuristic shrunk 20 edges
In total 2 RCC cut(s) are found by the global pool greedy search heuristic 
----- Add fac. cuts : CAP(2) R1C(357), max.viol = 0.266114, aver.viol = 0.0882396, sep/add took 0.97802/1.11673 sec. -----
11552 columns (8175 active), 863 dyn. constrs. (569 active), 1242 art. vars. (811 active)
<DWph=2> <it=  1> <et=338.83> <Mt= 0.34> <Spt= 0.18> <nCl=  7> <al=0.50> <DB= 2801.6843> <Mlp= 2829.4248> <PB=1000000> 
<DWph=2> <it=  2> <et=339.07> <Mt= 0.06> <Spt= 0.17> <nCl=  2> <al=0.55> <DB= 2828.6345> <Mlp= 2829.4033> <PB=1000000> 
<DWph=2> <it=  3> <et=339.30> <Mt= 0.04> <Spt= 0.18> <nCl=  6> <al=0.45> <DB= 2829.0559> <Mlp= 2829.4007> <PB=1000000> 
<DWph=2> <it=  4> <et=339.54> <Mt= 0.05> <Spt= 0.20> <nCl=  9> <al=0.35> <DB= 2663.0677> <Mlp= 2829.3956> <PB=1000000> 
<DWph=2> <it=  5> <et=339.76> <Mt= 0.03> <Spt= 0.18> <nCl=  3> <al=0.42> <DB= 2793.0510> <Mlp= 2829.3919> <PB=1000000> 
<DWph=2> <it=  6> <et=340.10> <Mt= 0.01> <Spt= 0.33> <nCl= 10> <al=0.00> <DB= 2829.3919> <Mlp= 2829.3919> <PB=1000000> 
<DWph=1> <it=  7> <et=340.42> <Mt= 0.01> <Spt= 0.31> <nCl= 15> <al=0.37> <DB= 2470.2085> <Mlp= 2829.3919> <PB=1000000> 
<DWph=1> <it=  8> <et=340.82> <Mt= 0.07> <Spt= 0.32> <nCl=  4> <al=0.27> <DB= 2289.0240> <Mlp= 2829.3730> <PB=1000000> 
<DWph=1> <it=  9> <et=341.20> <Mt= 0.05> <Spt= 0.34> <nCl=  6> <al=0.17> <DB= 2666.4475> <Mlp= 2829.3617> <PB=1000000> 
<DWph=1> <it= 10> <et=341.71> <Mt= 0.15> <Spt= 0.35> <nCl=  6> <al=0.26> <DB= 2647.3649> <Mlp= 2829.2975> <PB=1000000> 
<DWph=1> <it= 11> <et=342.10> <Mt= 0.05> <Spt= 0.35> <nCl=  6> <al=0.33> <DB= 2780.1397> <Mlp= 2829.2937> <PB=1000000> 
<DWph=1> <it= 12> <et=342.47> <Mt= 0.03> <Spt= 0.33> <nCl=  3> <al=0.23> <DB= 2765.6037> <Mlp= 2829.2933> <PB=1000000> 
<DWph=1> <it= 13> <et=343.13> <Mt= 0.01> <Spt= 0.65> <nCl=  6> <al=0.00> <DB= 2754.6403> <Mlp= 2829.2933> <PB=1000000> 
<DWph=1> <it= 14> <et=343.79> <Mt= 0.01> <Spt= 0.66> <nCl=  1> <al=0.00> <DB= 2829.2933> <Mlp= 2829.2933> <PB=1000000> 
    RCSP exact solver info for graph G_0 : TT = 4.85492, pt = 0.006992, dt = 4.45871, ct = 0.387136, ndl = 278129', bdl = 19965549', odl = 116066', odf = 4401456', bsi = 1920', cnt = 27105726', bdch = 952769947', odch = 211991283', lcp = 36475240', #sols = 150
<DWph=0> <it= 15> <et=348.73> <Mt= 0.01> <Spt= 4.93> <nCl=150> <al=0.11> <DB= 2416.3313> <Mlp= 2829.2933> <PB=1000000> 
    RCSP exact solver info for graph G_0 : TT = 4.58789, pt = 0.007132, dt = 4.24438, ct = 0.334222, ndl = 264443', bdl = 19052983', odl = 113049', odf = 4206332', bsi = 1897', cnt = 23669224', bdch = 880079317', odch = 195154504', lcp = 33608674', #sols = 150
<DWph=0> <it= 16> <et=353.55> <Mt= 0.19> <Spt= 4.63> <nCl= 86> <al=0.20> <DB= 2713.3073> <Mlp= 2829.1764> <PB=1000000> 
    RCSP exact solver info for graph G_0 : TT = 4.51316, pt = 0.008436, dt = 4.18422, ct = 0.318223, ndl = 255195', bdl = 18463919', odl = 110208', odf = 4034076', bsi = 1851', cnt = 21731467', bdch = 820784383', odch = 174012088', lcp = 30300927', #sols = 150
<DWph=0> <it= 17> <et=358.30> <Mt= 0.20> <Spt= 4.54> <nCl= 45> <al=0.28> <DB= 2754.0252> <Mlp= 2829.1158> <PB=1000000> 
    RCSP exact solver info for graph G_0 : TT = 4.50411, pt = 0.008511, dt = 4.16892, ct = 0.324305, ndl = 253387', bdl = 18360347', odl = 109232', odf = 3983284', bsi = 1861', cnt = 21225702', bdch = 813442350', odch = 173835529', lcp = 30336159', #sols = 150
<DWph=0> <it= 18> <et=362.87> <Mt= 0.06> <Spt= 4.52> <nCl= 14> <al=0.35> <DB= 2802.8816> <Mlp= 2829.1142> <PB=1000000> 
    RCSP exact solver info for graph G_0 : TT = 4.44647, pt = 0.008759, dt = 4.11491, ct = 0.320385, ndl = 252071', bdl = 18249225', odl = 108526', odf = 3955584', bsi = 1836', cnt = 20653752', bdch = 803998694', odch = 170793095', lcp = 29933687', #sols = 150
<DWph=0> <it= 19> <et=367.36> <Mt= 0.02> <Spt= 4.46> <nCl= 16> <al=0.25> <DB= 2778.8862> <Mlp= 2829.1141> <PB=1000000> 
    RCSP exact solver info for graph G_0 : TT = 4.44674, pt = 0.009055, dt = 4.1163, ct = 0.319144, ndl = 251196', bdl = 18191564', odl = 108261', odf = 3943796', bsi = 1810', cnt = 20504844', bdch = 797401790', odch = 169331348', lcp = 29641893', #sols = 150
    RCSP exact solver info for graph G_0 : TT = 4.06094, pt = 0.007508, dt = 3.7667, ct = 0.284325, ndl = 249597', bdl = 18105658', odl = 107415', odf = 3911483', bsi = 1836', cnt = 20311896', bdch = 787936982', odch = 166835475', lcp = 29276700', #sols = 150
<DWph=0> <it= 20> <et=375.90> <Mt= 0.01> <Spt= 8.53> <nCl= 23> <al=0.00> <DB= 2827.1796> <Mlp= 2829.1141> <PB=1000000> 
    RCSP exact solver info for graph G_0 : TT = 4.10927, pt = 0.008123, dt = 3.8006, ct = 0.298231, ndl = 249619', bdl = 18106900', odl = 107379', odf = 3911472', bsi = 1839', cnt = 20359740', bdch = 788105353', odch = 167041176', lcp = 29314187', #sols = 150
    RCSP exact solver info for graph G_0 : TT = 4.15916, pt = 0.007354, dt = 3.84894, ct = 0.300671, ndl = 249690', bdl = 18112707', odl = 107413', odf = 3913326', bsi = 1852', cnt = 20309828', bdch = 788668625', odch = 167010445', lcp = 29301296', #sols = 150
<DWph=0> <it= 21> <et=384.20> <Mt= 0.02> <Spt= 8.28> <nCl=  3> <al=0.00> <DB= 2829.1141> <Mlp= 2829.1141> <PB=1000000> 
RCSP solver dynamic params and stats :  bidir.bord. = 375 aver.obdmd = 98.3607 aver.buck.num. = 101 nbR1C = 222 with avMem = 16.5586
@@ 208 3 2829.11 4.39892 4.84585 92.389 384.2
    Full reduced cost fixing is not called (gap ratio is 0.999938)
ColGenEvalAlg final dual bound: 2829.11 (rounded: 2830)
False gap improvement since the last cut separation : 0.00391969 (2828.01)
Cut generation tailing off counter increased to 1
Current active cuts : CAP(4,64.3609) R1C(15+207,419.391) 1rowPackR1C(15) 3rowPackR1C(115) 4rowPackR1C(65) 5rowPackR1C(27)
5 Rank-1 1-rows pack. cuts added ,  max viol. = 0.0821928, aver. viol. = 0.0452669
150 Rank-1 3-rows pack. cuts added ,  max viol. = 0.146981, aver. viol. = 0.0608667
Building structures for heuristic rank-1 packing cut separation...done!
100 Rank-1 4-rows pack. cuts added ,  max viol. = 0.173475, aver. viol. = 0.0597561
100 Rank-1 5-rows pack. cuts added ,  max viol. = 0.173475, aver. viol. = 0.108726
Shrinking heuristic shrunk 8 edges
In total 1 RCC cut(s) are found by the greedy construction heuristic 
In total 2 RCC cut(s) are found by the global pool greedy search heuristic 
----- Add fac. cuts : CAP(3) R1C(355), max.viol = 0.18026, aver.viol = 0.0852578, sep/add took 1.0996/1.20076 sec. -----
11973 columns (8596 active), 1011 dyn. constrs. (587 active), 1600 art. vars. (829 active)
<DWph=2> <it=  1> <et=387.30> <Mt= 0.34> <Spt= 0.36> <nCl= 11> <al=0.00> <DB= 2713.0756> <Mlp= 2829.8288> <PB=1000000> 
<DWph=2> <it=  2> <et=387.64> <Mt= 0.13> <Spt= 0.20> <nCl=  2> <al=0.40> <DB= 2799.6619> <Mlp= 2829.8236> <PB=1000000> 
<DWph=2> <it=  3> <et=387.89> <Mt= 0.06> <Spt= 0.20> <nCl=  3> <al=0.46> <DB= 2559.2858> <Mlp= 2829.8227> <PB=1000000> 
<DWph=2> <it=  4> <et=388.37> <Mt= 0.11> <Spt= 0.37> <nCl=  8> <al=0.03> <DB= 2823.5430> <Mlp= 2829.8205> <PB=1000000> 
<DWph=2> <it=  5> <et=388.77> <Mt= 0.03> <Spt= 0.36> <nCl=  8> <al=0.00> <DB= 2736.8128> <Mlp= 2829.8204> <PB=1000000> 
<DWph=2> <it=  6> <et=389.18> <Mt= 0.04> <Spt= 0.36> <nCl=  5> <al=0.00> <DB= 2788.6452> <Mlp= 2829.8189> <PB=1000000> 
<DWph=2> <it=  7> <et=389.38> <Mt= 0.02> <Spt= 0.19> <nCl=  2> <al=0.21> <DB= 2828.2613> <Mlp= 2829.8189> <PB=1000000> 
<DWph=2> <it=  8> <et=389.74> <Mt= 0.01> <Spt= 0.35> <nCl=  2> <al=0.00> <DB= 2829.8189> <Mlp= 2829.8189> <PB=1000000> 
<DWph=1> <it=  9> <et=390.10> <Mt= 0.01> <Spt= 0.35> <nCl=  7> <al=0.01> <DB= 2565.8775> <Mlp= 2829.8189> <PB=1000000> 
<DWph=1> <it= 10> <et=390.56> <Mt= 0.11> <Spt= 0.34> <nCl=  4> <al=0.11> <DB= 2689.2612> <Mlp= 2829.8115> <PB=1000000> 
<DWph=1> <it= 11> <et=390.97> <Mt= 0.05> <Spt= 0.37> <nCl=  4> <al=0.01> <DB= 2769.4757> <Mlp= 2829.8107> <PB=1000000> 
<DWph=1> <it= 12> <et=391.69> <Mt= 0.01> <Spt= 0.70> <nCl=  2> <al=0.00> <DB= 2829.8107> <Mlp= 2829.8107> <PB=1000000> 
1 bl.dch (4853)...    RCSP exact solver info for graph G_0 : TT = 5.73772, pt = 0.008094, dt = 5.30179, ct = 0.425685, ndl = 314139', bdl = 22329879', odl = 125051', odf = 4947881', bsi = 2027', cnt = 32019943', bdch = 1167340188', odch = 255708045', lcp = 44856265', #sols = 150
<DWph=0> <it= 13> <et=397.51> <Mt= 0.01> <Spt= 5.81> <nCl=150> <al=0.01> <DB= 2240.9322> <Mlp= 2829.8107> <PB=1000000> 
1 bl.dch (4825)...    RCSP exact solver info for graph G_0 : TT = 5.97242, pt = 0.008069, dt = 5.48339, ct = 0.478436, ndl = 311441', bdl = 22293615', odl = 126630', odf = 4900619', bsi = 1893', cnt = 31578483', bdch = 1180449741', odch = 255296952', lcp = 44296066', #sols = 150
<DWph=0> <it= 14> <et=404.11> <Mt= 0.56> <Spt= 6.04> <nCl=116> <al=0.11> <DB= 2655.4623> <Mlp= 2829.7041> <PB=1000000> 
1 bl.dch (4905)...    RCSP exact solver info for graph G_0 : TT = 6.03584, pt = 0.009008, dt = 5.59275, ct = 0.431572, ndl = 302382', bdl = 21624696', odl = 123777', odf = 4729226', bsi = 1875', cnt = 29150768', bdch = 1103693944', odch = 229657206', lcp = 42320623', #sols = 150
<DWph=0> <it= 15> <et=410.69> <Mt= 0.50> <Spt= 6.08> <nCl= 70> <al=0.20> <DB= 2576.5071> <Mlp= 2829.6190> <PB=1000000> 
1 bl.dch (4957)...    RCSP exact solver info for graph G_0 : TT = 5.79225, pt = 0.009393, dt = 5.36632, ct = 0.414141, ndl = 299517', bdl = 21473142', odl = 122164', odf = 4678386', bsi = 1857', cnt = 28962616', bdch = 1092194234', odch = 231561131', lcp = 41330660', #sols = 150
<DWph=0> <it= 16> <et=416.60> <Mt= 0.10> <Spt= 5.81> <nCl= 29> <al=0.28> <DB= 2780.9773> <Mlp= 2829.6114> <PB=1000000> 
1 bl.dch (5006)...    RCSP exact solver info for graph G_0 : TT = 5.81634, pt = 0.009561, dt = 5.37384, ct = 0.429936, ndl = 296222', bdl = 21207119', odl = 121290', odf = 4628904', bsi = 1860', cnt = 28270463', bdch = 1064283975', odch = 226187732', lcp = 40403503', #sols = 150
<DWph=0> <it= 17> <et=422.47> <Mt= 0.03> <Spt= 5.83> <nCl= 23> <al=0.18> <DB= 2784.8013> <Mlp= 2829.6113> <PB=1000000> 
1 bl.dch (5124)...    RCSP exact solver info for graph G_0 : TT = 5.72382, pt = 0.010188, dt = 5.30903, ct = 0.402054, ndl = 294085', bdl = 21063783', odl = 120160', odf = 4591531', bsi = 1846', cnt = 27610294', bdch = 1046278208', odch = 223452351', lcp = 39970506', #sols = 150
<DWph=0> <it= 18> <et=428.24> <Mt= 0.03> <Spt= 5.74> <nCl= 16> <al=0.26> <DB= 2818.4474> <Mlp= 2829.6113> <PB=1000000> 
1 bl.dch (5135)...    RCSP exact solver info for graph G_0 : TT = 5.75437, pt = 0.009023, dt = 5.33391, ct = 0.408958, ndl = 293790', bdl = 21036284', odl = 119681', odf = 4583154', bsi = 1846', cnt = 27555715', bdch = 1043498515', odch = 223814306', lcp = 39906988', #sols = 150
1 bl.dch (5194)...    RCSP exact solver info for graph G_0 : TT = 5.38988, pt = 0.008394, dt = 4.99976, ct = 0.379545, ndl = 291928', bdl = 20952282', odl = 119693', odf = 4559105', bsi = 1876', cnt = 27063532', bdch = 1035094872', odch = 217694269', lcp = 38900915', #sols = 150
<DWph=0> <it= 19> <et=439.44> <Mt= 0.02> <Spt=11.18> <nCl= 47> <al=0.00> <DB= 2829.6113> <Mlp= 2829.6113> <PB=1000000> 
RCSP solver dynamic params and stats :  bidir.bord. = 375 aver.obdmd = 98.3607 aver.buck.num. = 101 nbR1C = 230 with avMem = 16.6522
@@ 208 4 2829.61 5.76639 6.02432 92.389 439.44
    Full reduced cost fixing is not called (gap ratio is 0.999938)
ColGenEvalAlg final dual bound: 2829.61 (rounded: 2830)
False gap improvement since the last cut separation : 0.00175744 (2829.11)
Cut generation tailing off counter increased to 2
Current active cuts : CAP(2,88.1696) R1C(19+211,434.6) 1rowPackR1C(19) 3rowPackR1C(118) 4rowPackR1C(67) 5rowPackR1C(26)
6 Rank-1 1-rows pack. cuts added ,  max viol. = 0.0517739, aver. viol. = 0.0372289
150 Rank-1 3-rows pack. cuts added ,  max viol. = 0.131822, aver. viol. = 0.0589244
Building structures for heuristic rank-1 packing cut separation...done!
55 Rank-1 4-rows pack. cuts added ,  max viol. = 0.15528, aver. viol. = 0.0821186
100 Rank-1 5-rows pack. cuts added ,  max viol. = 0.2365, aver. viol. = 0.152946
Shrinking heuristic shrunk 10 edges
In total 1 RCC cut(s) are found by the Fractional capacity min-cut heuristic 
----- Add fac. cuts : CAP(1) R1C(311), max.viol = 0.278972, aver.viol = 0.108504, sep/add took 1.10523/1.24021 sec. -----
12482 columns (9105 active), 990 dyn. constrs. (546 active), 1912 art. vars. (788 active)
<DWph=2> <it=  1> <et=442.38> <Mt= 0.28> <Spt= 0.20> <nCl=  3> <al=0.50> <DB= 2829.7703> <Mlp= 2829.9293> <PB=1000000> 
<DWph=2> <it=  2> <et=442.81> <Mt= 0.04> <Spt= 0.39> <nCl=  5> <al=0.00> <DB= 2809.6486> <Mlp= 2829.9284> <PB=1000000> 
<DWph=2> <it=  3> <et=443.19> <Mt= 0.02> <Spt= 0.36> <nCl=  6> <al=0.00> <DB= 2829.9280> <Mlp= 2829.9280> <PB=1000000> 
<DWph=1> <it=  4> <et=443.56> <Mt= 0.01> <Spt= 0.37> <nCl=  6> <al=0.20> <DB= 2753.5207> <Mlp= 2829.9280> <PB=1000000> 
<DWph=1> <it=  5> <et=444.10> <Mt= 0.11> <Spt= 0.42> <nCl=  1> <al=0.10> <DB= 2824.0378> <Mlp= 2829.9026> <PB=1000000> 
<DWph=1> <it=  6> <et=444.95> <Mt= 0.01> <Spt= 0.83> <nCl=  1> <al=0.00> <DB= 2829.9026> <Mlp= 2829.9026> <PB=1000000> 
1 bl.dch (4848)...    RCSP exact solver info for graph G_0 : TT = 5.94841, pt = 0.00967, dt = 5.47377, ct = 0.462274, ndl = 311644', bdl = 22207855', odl = 126306', odf = 4928530', bsi = 1846', cnt = 32273161', bdch = 1163542896', odch = 253530211', lcp = 45514638', #sols = 150
<DWph=0> <it=  7> <et=450.96> <Mt= 0.01> <Spt= 6.00> <nCl= 66> <al=0.09> <DB= 2687.5807> <Mlp= 2829.9026> <PB=1000000> 
1 bl.dch (4869)...    RCSP exact solver info for graph G_0 : TT = 5.90935, pt = 0.008483, dt = 5.45153, ct = 0.446849, ndl = 306933', bdl = 21868330', odl = 124646', odf = 4852883', bsi = 1924', cnt = 30639970', bdch = 1130922731', odch = 246010966', lcp = 43006178', #sols = 150
<DWph=0> <it=  8> <et=457.02> <Mt= 0.12> <Spt= 5.94> <nCl= 46> <al=0.00> <DB= 2725.6848> <Mlp= 2829.8520> <PB=1000000> 
1 bl.dch (4837)...    RCSP exact solver info for graph G_0 : TT = 6.28712, pt = 0.009232, dt = 5.79073, ct = 0.484684, ndl = 311190', bdl = 22107509', odl = 126634', odf = 4945002', bsi = 1844', cnt = 32931782', bdch = 1168769340', odch = 257710459', lcp = 45444202', #sols = 150
<DWph=0> <it=  9> <et=463.38> <Mt= 0.05> <Spt= 6.31> <nCl= 26> <al=0.09> <DB= 2777.7796> <Mlp= 2829.8472> <PB=1000000> 
1 bl.dch (4866)...    RCSP exact solver info for graph G_0 : TT = 6.12119, pt = 0.009672, dt = 5.64203, ct = 0.466971, ndl = 307734', bdl = 21885053', odl = 125155', odf = 4885275', bsi = 1853', cnt = 31297559', bdch = 1139454431', odch = 253267885', lcp = 44150908', #sols = 150
<DWph=0> <it= 10> <et=469.55> <Mt= 0.03> <Spt= 6.14> <nCl= 22> <al=0.18> <DB= 2811.8987> <Mlp= 2829.8469> <PB=1000000> 
1 bl.dch (4865)...    RCSP exact solver info for graph G_0 : TT = 6.05218, pt = 0.009666, dt = 5.59075, ct = 0.44918, ndl = 308050', bdl = 21929704', odl = 125223', odf = 4889095', bsi = 1857', cnt = 31227679', bdch = 1143527492', odch = 253493332', lcp = 44110215', #sols = 150
1 bl.dch (4867)...    RCSP exact solver info for graph G_0 : TT = 5.97324, pt = 0.008441, dt = 5.48178, ct = 0.480256, ndl = 306796', bdl = 21850783', odl = 124710', odf = 4863626', bsi = 1817', cnt = 30857988', bdch = 1134800496', odch = 251116206', lcp = 43733404', #sols = 150
<DWph=0> <it= 11> <et=481.62> <Mt= 0.01> <Spt=12.06> <nCl= 27> <al=0.00> <DB= 2829.8469> <Mlp= 2829.8469> <PB=1000000> 
RCSP solver dynamic params and stats :  bidir.bord. = 375 aver.obdmd = 98.3607 aver.buck.num. = 101 nbR1C = 240 with avMem = 17.9417
@@ 208 5 2829.85 6.0368 6.27541 92.389 481.62
    Full reduced cost fixing is not called (gap ratio is 0.999937)
ColGenEvalAlg final dual bound: 2829.85 (rounded: 2830)
False gap improvement since the last cut separation : 0.000832871 (2829.61)
----- Cut generation is stopped due to tailing off -----
Current active cuts : CAP(2,82.9103) R1C(20+220,443.874) 1rowPackR1C(20) 3rowPackR1C(116) 4rowPackR1C(70) 5rowPackR1C(34)
**** SB phase 3 evaluation of candidate 1, branch 2 ( Psi[4,7] >= 1 ), value = 2823.36
<DWph=2> <it=  1> <et=482.42> <Mt= 0.01> <Spt= 0.18> <nCl=  5> <al=0.50> <DB= 2424.0395> <Mlp= 2823.3585> <PB=1000000> 
<DWph=2> <it=  2> <et=482.81> <Mt= 0.09> <Spt= 0.31> <nCl=  2> <al=0.00> <DB= 2823.3273> <Mlp= 2823.3273> <PB=1000000> 
<DWph=1> <it=  3> <et=483.44> <Mt= 0.00> <Spt= 0.63> <nCl=  1> <al=0.00> <DB= 2823.3273> <Mlp= 2823.3273> <PB=1000000> 
    RCSP exact solver info for graph G_0 : TT = 2.68137, pt = 0.006591, dt = 2.47811, ct = 0.193908, ndl = 186383', bdl = 13997259', odl = 88572', odf = 2827415', bsi = 1880', cnt = 13092990', bdch = 500605605', odch = 72981293', lcp = 12144027', #sols = 150
<DWph=0> <it=  4> <et=486.17> <Mt= 0.01> <Spt= 2.72> <nCl=150> <al=0.30> <DB= 2523.4650> <Mlp= 2823.3273> <PB=1000000> 
    RCSP exact solver info for graph G_0 : TT = 2.70753, pt = 0.006174, dt = 2.50309, ct = 0.195642, ndl = 189433', bdl = 14162578', odl = 88088', odf = 2883672', bsi = 1833', cnt = 14066661', bdch = 507502696', odch = 78557354', lcp = 13109681', #sols = 150
<DWph=0> <it=  5> <et=489.14> <Mt= 0.24> <Spt= 2.73> <nCl= 54> <al=0.20> <DB= 2656.1561> <Mlp= 2823.2710> <PB=1000000> 
    RCSP exact solver info for graph G_0 : TT = 2.75174, pt = 0.006374, dt = 2.54764, ct = 0.195314, ndl = 190970', bdl = 14228034', odl = 88170', odf = 2885263', bsi = 1868', cnt = 13986678', bdch = 517561301', odch = 79044351', lcp = 13134682', #sols = 150
<DWph=0> <it=  6> <et=491.98> <Mt= 0.07> <Spt= 2.77> <nCl= 31> <al=0.28> <DB= 2753.8569> <Mlp= 2823.2657> <PB=1000000> 
    RCSP exact solver info for graph G_0 : TT = 2.64746, pt = 0.007539, dt = 2.45028, ct = 0.187325, ndl = 191069', bdl = 14246984', odl = 87254', odf = 2874576', bsi = 1860', cnt = 13926736', bdch = 517194992', odch = 79168150', lcp = 13094680', #sols = 150
<DWph=0> <it=  7> <et=494.65> <Mt= 0.01> <Spt= 2.66> <nCl= 23> <al=0.35> <DB= 2792.6019> <Mlp= 2823.2655> <PB=1000000> 
    RCSP exact solver info for graph G_0 : TT = 2.67195, pt = 0.006498, dt = 2.45885, ct = 0.204195, ndl = 190521', bdl = 14196420', odl = 87790', odf = 2872680', bsi = 1843', cnt = 13844295', bdch = 516237703', odch = 78231303', lcp = 13015894', #sols = 150
    RCSP exact solver info for graph G_0 : TT = 2.61223, pt = 0.006043, dt = 2.41072, ct = 0.192952, ndl = 188953', bdl = 14069879', odl = 87212', odf = 2849512', bsi = 1859', cnt = 14229452', bdch = 507869486', odch = 76911582', lcp = 12647362', #sols = 150
<DWph=0> <it=  8> <et=499.97> <Mt= 0.01> <Spt= 5.30> <nCl= 28> <al=0.00> <DB= 2817.6089> <Mlp= 2823.2655> <PB=1000000> 
    RCSP exact solver info for graph G_0 : TT = 2.62764, pt = 0.006621, dt = 2.41064, ct = 0.20781, ndl = 189280', bdl = 14092905', odl = 87260', odf = 2852801', bsi = 1861', cnt = 14314005', bdch = 509851151', odch = 77097897', lcp = 12679661', #sols = 150
    RCSP exact solver info for graph G_0 : TT = 2.68519, pt = 0.006634, dt = 2.48261, ct = 0.193524, ndl = 189273', bdl = 14084091', odl = 87271', odf = 2852571', bsi = 1854', cnt = 14232161', bdch = 509167028', odch = 77185493', lcp = 12692325', #sols = 150
<DWph=0> <it=  9> <et=505.31> <Mt= 0.01> <Spt= 5.33> <nCl=  6> <al=0.00> <DB= 2823.2655> <Mlp= 2823.2655> <PB=1000000> 
RCSP solver dynamic params and stats :  bidir.bord. = 375 aver.obdmd = 98.3607 aver.buck.num. = 101 nbR1C = 192 with avMem = 14.7083
@@ 209 0 2823.27 2.66408 2.74296 92.389 505.31
    Full reduced cost fixing is not called (gap ratio is 0.999944)
ColGenEvalAlg final dual bound: 2823.27 (rounded: 2824)
Current active cuts : R1C(19+173,438.905) 1rowPackR1C(19) 3rowPackR1C(109) 4rowPackR1C(47) 5rowPackR1C(17)
4 Rank-1 1-rows pack. cuts added ,  max viol. = 0.0829572, aver. viol. = 0.0498023
150 Rank-1 3-rows pack. cuts added ,  max viol. = 0.138334, aver. viol. = 0.0830489
Shrinking heuristic shrunk 21 edges
----- Add fac. cuts : R1C(154), max.viol = 0.161899, aver.viol = 0.0882373, sep/add took 0.0687082/0.575799 sec. -----
12991 columns (9866 active), 504 dyn. constrs. (348 active), 746 art. vars. (590 active)
<DWph=2> <it=  1> <et=506.41> <Mt= 0.23> <Spt= 0.19> <nCl=  3> <al=0.50> <DB= 2823.7790> <Mlp= 2824.2925> <PB=1000000> 
<DWph=2> <it=  2> <et=506.63> <Mt= 0.03> <Spt= 0.19> <nCl=  6> <al=0.40> <DB= 2801.2067> <Mlp= 2824.2760> <PB=1000000> 
<DWph=2> <it=  3> <et=506.84> <Mt= 0.02> <Spt= 0.18> <nCl=  3> <al=0.46> <DB= 2622.1268> <Mlp= 2824.2724> <PB=1000000> 
<DWph=2> <it=  4> <et=507.24> <Mt= 0.02> <Spt= 0.39> <nCl=  5> <al=0.03> <DB= 2780.7552> <Mlp= 2824.2680> <PB=1000000> 
<DWph=2> <it=  5> <et=507.44> <Mt= 0.01> <Spt= 0.19> <nCl=  2> <al=0.41> <DB= 2733.5557> <Mlp= 2824.2675> <PB=1000000> 
<DWph=2> <it=  6> <et=507.66> <Mt= 0.03> <Spt= 0.19> <nCl=  1> <al=0.47> <DB= 2790.1764> <Mlp= 2824.2547> <PB=1000000> 
<DWph=2> <it=  7> <et=507.85> <Mt= 0.01> <Spt= 0.17> <nCl=  2> <al=0.37> <DB= 2797.3872> <Mlp= 2824.2547> <PB=1000000> 
<DWph=2> <it=  8> <et=508.22> <Mt= 0.02> <Spt= 0.35> <nCl=  3> <al=0.00> <DB= 2766.7745> <Mlp= 2824.2541> <PB=1000000> 
<DWph=2> <it=  9> <et=508.42> <Mt= 0.02> <Spt= 0.19> <nCl=  1> <al=0.17> <DB= 2821.1827> <Mlp= 2824.2537> <PB=1000000> 
<DWph=2> <it= 10> <et=508.79> <Mt= 0.01> <Spt= 0.36> <nCl=  0> <al=0.00> <DB= 2824.2536> <Mlp= 2824.2536> <PB=1000000> 
<DWph=1> <it= 11> <et=509.13> <Mt= 0.00> <Spt= 0.33> <nCl=  5> <al=0.16> <DB= 2490.3171> <Mlp= 2824.2536> <PB=1000000> 
<DWph=1> <it= 12> <et=509.48> <Mt= 0.02> <Spt= 0.33> <nCl=  2> <al=0.06> <DB= 2790.6668> <Mlp= 2824.2497> <PB=1000000> 
<DWph=1> <it= 13> <et=509.86> <Mt= 0.02> <Spt= 0.36> <nCl=  1> <al=0.15> <DB= 2769.6747> <Mlp= 2824.2441> <PB=1000000> 
<DWph=1> <it= 14> <et=510.54> <Mt= 0.02> <Spt= 0.66> <nCl=  1> <al=0.00> <DB= 2750.3060> <Mlp= 2824.2430> <PB=1000000> 
<DWph=1> <it= 15> <et=510.91> <Mt= 0.02> <Spt= 0.35> <nCl=  2> <al=0.00> <DB= 2824.2398> <Mlp= 2824.2398> <PB=1000000> 
    RCSP exact solver info for graph G_0 : TT = 3.45868, pt = 0.006996, dt = 3.21184, ct = 0.237557, ndl = 225771', bdl = 16688773', odl = 99700', odf = 3478297', bsi = 1997', cnt = 18777233', bdch = 703785680', odch = 116112763', lcp = 19130397', #sols = 150
<DWph=0> <it= 16> <et=514.43> <Mt= 0.01> <Spt= 3.51> <nCl=150> <al=0.00> <DB= 2195.3896> <Mlp= 2824.2398> <PB=1000000> 
    RCSP exact solver info for graph G_0 : TT = 3.03237, pt = 0.005918, dt = 2.81757, ct = 0.206296, ndl = 210130', bdl = 15628472', odl = 93026', odf = 3177946', bsi = 1872', cnt = 16316668', bdch = 610519348', odch = 99089592', lcp = 17351336', #sols = 150
<DWph=0> <it= 17> <et=517.60> <Mt= 0.05> <Spt= 3.08> <nCl=138> <al=0.00> <DB= 2556.3696> <Mlp= 2824.1338> <PB=1000000> 
    RCSP exact solver info for graph G_0 : TT = 3.26284, pt = 0.007085, dt = 3.01589, ct = 0.237511, ndl = 217172', bdl = 16065064', odl = 94886', odf = 3329358', bsi = 1803', cnt = 18286753', bdch = 648506759', odch = 107857969', lcp = 18421261', #sols = 150
<DWph=0> <it= 18> <et=520.96> <Mt= 0.08> <Spt= 3.29> <nCl= 36> <al=0.07> <DB= 2708.7242> <Mlp= 2824.0500> <PB=1000000> 
    RCSP exact solver info for graph G_0 : TT = 3.28588, pt = 0.006867, dt = 3.04613, ct = 0.230369, ndl = 214588', bdl = 15897609', odl = 94000', odf = 3285845', bsi = 1795', cnt = 17735404', bdch = 636044468', odch = 104989079', lcp = 18121600', #sols = 150
<DWph=0> <it= 19> <et=524.28> <Mt= 0.02> <Spt= 3.30> <nCl= 20> <al=0.16> <DB= 2805.4223> <Mlp= 2824.0481> <PB=1000000> 
    RCSP exact solver info for graph G_0 : TT = 3.27708, pt = 0.007149, dt = 3.03347, ct = 0.234185, ndl = 217455', bdl = 16067607', odl = 94563', odf = 3329011', bsi = 1794', cnt = 18621605', bdch = 651886508', odch = 108097391', lcp = 18556498', #sols = 150
    RCSP exact solver info for graph G_0 : TT = 3.14438, pt = 0.006186, dt = 2.90883, ct = 0.227085, ndl = 214027', bdl = 15869423', odl = 94221', odf = 3276732', bsi = 1801', cnt = 17703416', bdch = 633718385', odch = 103975584', lcp = 17751293', #sols = 150
<DWph=0> <it= 20> <et=530.73> <Mt= 0.01> <Spt= 6.44> <nCl= 22> <al=0.00> <DB= 2824.0481> <Mlp= 2824.0481> <PB=1000000> 
RCSP solver dynamic params and stats :  bidir.bord. = 375 aver.obdmd = 98.3607 aver.buck.num. = 101 nbR1C = 217 with avMem = 15.3318
@@ 209 1 2824.05 3.23446 3.4494 92.389 530.73
    Full reduced cost fixing is not called (gap ratio is 0.999943)
ColGenEvalAlg final dual bound: 2824.05 (rounded: 2825)
False gap improvement since the last cut separation : 0.00277186 (2823.27)
Separator R1C not in maximum phase
Cut generation tailing off counter increased to 0
Current active cuts : R1C(21+196,460.085) 1rowPackR1C(21) 3rowPackR1C(133) 4rowPackR1C(46) 5rowPackR1C(17)
3 Rank-1 1-rows pack. cuts added ,  max viol. = 0.0512659, aver. viol. = 0.0327163
150 Rank-1 3-rows pack. cuts added ,  max viol. = 0.116574, aver. viol. = 0.0519459
Building structures for heuristic rank-1 packing cut separation...done!
100 Rank-1 4-rows pack. cuts added ,  max viol. = 0.163509, aver. viol. = 0.0672461
Shrinking heuristic shrunk 13 edges
In total 1 RCC cut(s) are found by the Fractional capacity min-cut heuristic 
In total 6 RCC cut(s) are found by the global pool greedy search heuristic 
----- Add fac. cuts : CAP(7) R1C(253), max.viol = 0.163509, aver.viol = 0.0651385, sep/add took 0.190051/0.741164 sec. -----
13394 columns (6850 active), 764 dyn. constrs. (478 active), 1006 art. vars. (720 active)
<DWph=2> <it=  1> <et=532.22> <Mt= 0.31> <Spt= 0.21> <nCl=  5> <al=0.50> <DB= 2824.6708> <Mlp= 2825.2935> <PB=1000000> 
<DWph=2> <it=  2> <et=532.47> <Mt= 0.03> <Spt= 0.21> <nCl= 14> <al=0.40> <DB= 2713.3410> <Mlp= 2825.2895> <PB=1000000> 
<DWph=2> <it=  3> <et=532.81> <Mt= 0.12> <Spt= 0.22> <nCl=  6> <al=0.46> <DB= 2674.6643> <Mlp= 2825.2416> <PB=1000000> 
<DWph=2> <it=  4> <et=533.14> <Mt= 0.12> <Spt= 0.20> <nCl=  4> <al=0.51> <DB= 2819.8991> <Mlp= 2825.1867> <PB=1000000> 
<DWph=2> <it=  5> <et=533.59> <Mt= 0.04> <Spt= 0.42> <nCl= 24> <al=0.13> <DB= 1942.5955> <Mlp= 2825.1840> <PB=1000000> 
<DWph=2> <it=  6> <et=533.84> <Mt= 0.03> <Spt= 0.21> <nCl= 10> <al=0.46> <DB= 2705.5550> <Mlp= 2825.1829> <PB=1000000> 
<DWph=2> <it=  7> <et=534.33> <Mt= 0.08> <Spt= 0.41> <nCl=  6> <al=0.03> <DB= 2805.8688> <Mlp= 2825.1678> <PB=1000000> 
<DWph=2> <it=  8> <et=534.54> <Mt= 0.01> <Spt= 0.20> <nCl=  1> <al=0.42> <DB= 2771.5399> <Mlp= 2825.1678> <PB=1000000> 
<DWph=2> <it=  9> <et=534.91> <Mt= 0.01> <Spt= 0.36> <nCl=  3> <al=0.00> <DB= 2782.9100> <Mlp= 2825.1678> <PB=1000000> 
<DWph=2> <it= 10> <et=535.27> <Mt= 0.01> <Spt= 0.35> <nCl=  0> <al=0.00> <DB= 2825.1678> <Mlp= 2825.1678> <PB=1000000> 
<DWph=1> <it= 11> <et=535.61> <Mt= 0.00> <Spt= 0.34> <nCl= 11> <al=0.27> <DB= 2268.0983> <Mlp= 2825.1678> <PB=1000000> 
<DWph=1> <it= 12> <et=535.99> <Mt= 0.05> <Spt= 0.33> <nCl=  9> <al=0.35> <DB= 2198.1441> <Mlp= 2825.1638> <PB=1000000> 
<DWph=1> <it= 13> <et=536.68> <Mt= 0.01> <Spt= 0.69> <nCl=  8> <al=0.00> <DB= 2422.3373> <Mlp= 2825.1638> <PB=1000000> 
<DWph=1> <it= 14> <et=537.10> <Mt= 0.06> <Spt= 0.35> <nCl=  8> <al=0.31> <DB= 2678.5864> <Mlp= 2825.1498> <PB=1000000> 
<DWph=1> <it= 15> <et=537.46> <Mt= 0.01> <Spt= 0.35> <nCl=  2> <al=0.38> <DB= 2772.8763> <Mlp= 2825.1498> <PB=1000000> 
<DWph=1> <it= 16> <et=537.83> <Mt= 0.01> <Spt= 0.36> <nCl=  7> <al=0.28> <DB= 2810.6567> <Mlp= 2825.1498> <PB=1000000> 
<DWph=1> <it= 17> <et=538.23> <Mt= 0.01> <Spt= 0.39> <nCl=  5> <al=0.18> <DB= 2479.7889> <Mlp= 2825.1498> <PB=1000000> 
<DWph=1> <it= 18> <et=538.64> <Mt= 0.01> <Spt= 0.40> <nCl=  1> <al=0.08> <DB= 2799.9697> <Mlp= 2825.1498> <PB=1000000> 
<DWph=1> <it= 19> <et=539.45> <Mt= 0.01> <Spt= 0.80> <nCl=  0> <al=0.00> <DB= 2825.1498> <Mlp= 2825.1498> <PB=1000000> 
    RCSP exact solver info for graph G_0 : TT = 4.87869, pt = 0.008508, dt = 4.43263, ct = 0.435022, ndl = 276015', bdl = 20127678', odl = 114411', odf = 4315512', bsi = 1893', cnt = 28584376', bdch = 998262457', odch = 172543022', lcp = 29427511', #sols = 150
<DWph=0> <it= 20> <et=544.40> <Mt= 0.00> <Spt= 4.94> <nCl=150> <al=0.07> <DB= 2261.1127> <Mlp= 2825.1498> <PB=1000000> 
    RCSP exact solver info for graph G_0 : TT = 5.01382, pt = 0.009165, dt = 4.55786, ct = 0.443926, ndl = 274187', bdl = 20061996', odl = 114016', odf = 4281009', bsi = 1936', cnt = 28779828', bdch = 989534746', odch = 169004438', lcp = 29260840', #sols = 150
<DWph=0> <it= 21> <et=549.57> <Mt= 0.09> <Spt= 5.08> <nCl=127> <al=0.17> <DB= 2637.3926> <Mlp= 2825.1194> <PB=1000000> 
    RCSP exact solver info for graph G_0 : TT = 5.07988, pt = 0.009993, dt = 4.59274, ct = 0.474419, ndl = 267612', bdl = 19536708', odl = 111457', odf = 4201327', bsi = 1967', cnt = 28969057', bdch = 951024082', odch = 164947577', lcp = 27882950', #sols = 150
<DWph=0> <it= 22> <et=554.91> <Mt= 0.20> <Spt= 5.14> <nCl=132> <al=0.25> <DB= 2258.4578> <Mlp= 2825.0668> <PB=1000000> 
    RCSP exact solver info for graph G_0 : TT = 4.91388, pt = 0.010016, dt = 4.45931, ct = 0.442067, ndl = 267555', bdl = 19641175', odl = 112505', odf = 4191345', bsi = 1931', cnt = 28047881', bdch = 951141069', odch = 164217606', lcp = 28167936', #sols = 150
<DWph=0> <it= 23> <et=559.94> <Mt= 0.08> <Spt= 4.95> <nCl= 62> <al=0.32> <DB= 2747.8085> <Mlp= 2825.0554> <PB=1000000> 
    RCSP exact solver info for graph G_0 : TT = 5.06381, pt = 0.01032, dt = 4.61274, ct = 0.437571, ndl = 267807', bdl = 19638064', odl = 111130', odf = 4198818', bsi = 1960', cnt = 27986432', bdch = 949064071', odch = 166902322', lcp = 28117207', #sols = 150
<DWph=0> <it= 24> <et=565.07> <Mt= 0.05> <Spt= 5.08> <nCl= 21> <al=0.39> <DB= 2794.7816> <Mlp= 2825.0520> <PB=1000000> 
    RCSP exact solver info for graph G_0 : TT = 4.85591, pt = 0.009215, dt = 4.41207, ct = 0.43205, ndl = 265985', bdl = 19516774', odl = 110175', odf = 4166846', bsi = 1944', cnt = 27524355', bdch = 934474285', odch = 165543613', lcp = 27832099', #sols = 150
<DWph=0> <it= 25> <et=569.98> <Mt= 0.03> <Spt= 4.87> <nCl= 15> <al=0.29> <DB= 2801.8953> <Mlp= 2825.0515> <PB=1000000> 
    RCSP exact solver info for graph G_0 : TT = 4.91827, pt = 0.010902, dt = 4.47243, ct = 0.432556, ndl = 267416', bdl = 19541516', odl = 109901', odf = 4186118', bsi = 1946', cnt = 28515119', bdch = 942463162', odch = 168557144', lcp = 28369633', #sols = 150
<DWph=0> <it= 26> <et=574.92> <Mt= 0.02> <Spt= 4.93> <nCl= 14> <al=0.36> <DB= 2816.6528> <Mlp= 2825.0515> <PB=1000000> 
    RCSP exact solver info for graph G_0 : TT = 4.85454, pt = 0.009385, dt = 4.39897, ct = 0.443809, ndl = 266289', bdl = 19503101', odl = 109730', odf = 4169388', bsi = 1941', cnt = 27834516', bdch = 936554001', odch = 166581393', lcp = 27902655', #sols = 150
    RCSP exact solver info for graph G_0 : TT = 4.73563, pt = 0.008913, dt = 4.31579, ct = 0.408654, ndl = 265201', bdl = 19401214', odl = 109761', odf = 4159220', bsi = 1965', cnt = 27351574', bdch = 928457429', odch = 164922896', lcp = 27774365', #sols = 150
<DWph=0> <it= 27> <et=584.54> <Mt= 0.01> <Spt= 9.61> <nCl= 14> <al=0.00> <DB= 2825.0514> <Mlp= 2825.0514> <PB=1000000> 
RCSP solver dynamic params and stats :  bidir.bord. = 375 aver.obdmd = 98.3607 aver.buck.num. = 101 nbR1C = 258 with avMem = 15.8488
@@ 209 2 2825.05 4.91162 5.06716 92.389 584.54
    Full reduced cost fixing is not called (gap ratio is 0.999942)
ColGenEvalAlg final dual bound: 2825.05 (rounded: 2826)
False gap improvement since the last cut separation : 0.00355285 (2824.05)
Separator R1C not in maximum phase
Cut generation tailing off counter increased to 0
Current active cuts : R1C(22+236,496.884) 1rowPackR1C(22) 3rowPackR1C(157) 4rowPackR1C(66) 5rowPackR1C(13)
1 Rank-1 1-rows pack. cuts added ,  max viol. = 0.02227, aver. viol. = 0.02227
150 Rank-1 3-rows pack. cuts added ,  max viol. = 0.0806716, aver. viol. = 0.039809
Building structures for heuristic rank-1 packing cut separation...done!
100 Rank-1 4-rows pack. cuts added ,  max viol. = 0.0851043, aver. viol. = 0.0484302
100 Rank-1 5-rows pack. cuts added ,  max viol. = 0.111168, aver. viol. = 0.0814589
Shrinking heuristic shrunk 11 edges
In total 1 RCC cut(s) are found by the greedy construction heuristic 
----- Add fac. cuts : CAP(1) R1C(351), max.viol = 0.128474, aver.viol = 0.0607415, sep/add took 1.17431/1.5422 sec. -----
14053 columns (7509 active), 994 dyn. constrs. (614 active), 1358 art. vars. (856 active)
<DWph=2> <it=  1> <et=588.06> <Mt= 0.48> <Spt= 0.23> <nCl= 13> <al=0.50> <DB= 2749.7034> <Mlp= 2826.0678> <PB=1000000> 
<DWph=2> <it=  2> <et=588.73> <Mt= 0.45> <Spt= 0.22> <nCl=  4> <al=0.55> <DB= 2825.4906> <Mlp= 2826.0274> <PB=1000000> 
<DWph=2> <it=  3> <et=589.01> <Mt= 0.05> <Spt= 0.23> <nCl= 15> <al=0.45> <DB= 2551.3800> <Mlp= 2826.0256> <PB=1000000> 
<DWph=2> <it=  4> <et=589.29> <Mt= 0.05> <Spt= 0.23> <nCl=  4> <al=0.51> <DB= 2777.4014> <Mlp= 2826.0216> <PB=1000000> 
<DWph=2> <it=  5> <et=589.79> <Mt= 0.03> <Spt= 0.47> <nCl= 20> <al=0.11> <DB= 2422.9402> <Mlp= 2826.0210> <PB=1000000> 
<DWph=2> <it=  6> <et=590.09> <Mt= 0.05> <Spt= 0.25> <nCl= 30> <al=0.45> <DB= 1468.8951> <Mlp= 2826.0126> <PB=1000000> 
<DWph=2> <it=  7> <et=590.48> <Mt= 0.13> <Spt= 0.25> <nCl=  8> <al=0.51> <DB= 2795.0750> <Mlp= 2825.9761> <PB=1000000> 
<DWph=2> <it=  8> <et=590.77> <Mt= 0.05> <Spt= 0.25> <nCl=  5> <al=0.56> <DB= 2821.8355> <Mlp= 2825.9742> <PB=1000000> 
<DWph=2> <it=  9> <et=591.06> <Mt= 0.03> <Spt= 0.25> <nCl=  1> <al=0.46> <DB= 2824.8374> <Mlp= 2825.9740> <PB=1000000> 
<DWph=2> <it= 10> <et=591.58> <Mt= 0.02> <Spt= 0.50> <nCl= 12> <al=0.02> <DB= 2274.2891> <Mlp= 2825.9740> <PB=1000000> 
<DWph=2> <it= 11> <et=592.19> <Mt= 0.14> <Spt= 0.47> <nCl=  6> <al=0.00> <DB= 2771.7268> <Mlp= 2825.9517> <PB=1000000> 
<DWph=2> <it= 12> <et=592.48> <Mt= 0.04> <Spt= 0.25> <nCl=  5> <al=0.31> <DB= 2625.1525> <Mlp= 2825.9504> <PB=1000000> 
<DWph=2> <it= 13> <et=592.91> <Mt= 0.15> <Spt= 0.27> <nCl=  9> <al=0.38> <DB= 2605.8610> <Mlp= 2825.9319> <PB=1000000> 
<DWph=2> <it= 14> <et=593.19> <Mt= 0.03> <Spt= 0.25> <nCl=  4> <al=0.44> <DB= 2688.3347> <Mlp= 2825.9311> <PB=1000000> 
<DWph=2> <it= 15> <et=593.68> <Mt= 0.04> <Spt= 0.45> <nCl=  6> <al=0.00> <DB= 2814.4068> <Mlp= 2825.9309> <PB=1000000> 
<DWph=2> <it= 16> <et=593.94> <Mt= 0.02> <Spt= 0.24> <nCl=  2> <al=0.24> <DB= 2810.1811> <Mlp= 2825.9309> <PB=1000000> 
<DWph=2> <it= 17> <et=594.42> <Mt= 0.02> <Spt= 0.47> <nCl=  3> <al=0.00> <DB= 2744.2179> <Mlp= 2825.9309> <PB=1000000> 
<DWph=2> <it= 18> <et=594.71> <Mt= 0.01> <Spt= 0.27> <nCl=  1> <al=0.04> <DB= 2822.6617> <Mlp= 2825.9309> <PB=1000000> 
<DWph=2> <it= 19> <et=594.92> <Mt= 0.02> <Spt= 0.20> <nCl=  3> <al=0.00> <DB= 2825.9308> <Mlp= 2825.9308> <PB=1000000> 
<DWph=1> <it= 20> <et=595.32> <Mt= 0.00> <Spt= 0.38> <nCl=  6> <al=0.00> <DB= 2460.1994> <Mlp= 2825.9308> <PB=1000000> 
<DWph=1> <it= 21> <et=595.78> <Mt= 0.08> <Spt= 0.39> <nCl=  9> <al=0.00> <DB= 2748.0787> <Mlp= 2825.9258> <PB=1000000> 
<DWph=1> <it= 22> <et=596.25> <Mt= 0.08> <Spt= 0.38> <nCl=  3> <al=0.00> <DB= 2779.9639> <Mlp= 2825.9214> <PB=1000000> 
<DWph=1> <it= 23> <et=596.68> <Mt= 0.06> <Spt= 0.38> <nCl=  7> <al=0.06> <DB= 2766.6650> <Mlp= 2825.9199> <PB=1000000> 
<DWph=1> <it= 24> <et=597.12> <Mt= 0.05> <Spt= 0.38> <nCl=  3> <al=0.00> <DB= 2744.1719> <Mlp= 2825.9164> <PB=1000000> 
<DWph=1> <it= 25> <et=597.57> <Mt= 0.09> <Spt= 0.37> <nCl=  6> <al=0.00> <DB= 2723.8305> <Mlp= 2825.9097> <PB=1000000> 
<DWph=1> <it= 26> <et=598.00> <Mt= 0.03> <Spt= 0.39> <nCl=  4> <al=0.00> <DB= 2811.6965> <Mlp= 2825.9096> <PB=1000000> 
<DWph=1> <it= 27> <et=598.39> <Mt= 0.02> <Spt= 0.37> <nCl=  0> <al=0.00> <DB= 2825.9094> <Mlp= 2825.9094> <PB=1000000> 
1 bl.dch (4651)...    RCSP exact solver info for graph G_0 : TT = 6.45331, pt = 0.008793, dt = 5.84799, ct = 0.594366, ndl = 325185', bdl = 23589202', odl = 131274', odf = 5261664', bsi = 1914', cnt = 38657829', bdch = 1365425323', odch = 243357034', lcp = 39764482', #sols = 150
<DWph=0> <it= 28> <et=604.93> <Mt= 0.01> <Spt= 6.53> <nCl=150> <al=0.00> <DB= 2286.7156> <Mlp= 2825.9094> <PB=1000000> 
1 bl.dch (4797)...    RCSP exact solver info for graph G_0 : TT = 5.64558, pt = 0.008543, dt = 5.08849, ct = 0.545772, ndl = 303948', bdl = 22129078', odl = 125662', odf = 4796076', bsi = 1859', cnt = 33867090', bdch = 1208562961', odch = 206029769', lcp = 35660239', #sols = 150
<DWph=0> <it= 29> <et=611.97> <Mt= 1.29> <Spt= 5.75> <nCl=150> <al=0.00> <DB= 2482.8347> <Mlp= 2825.7847> <PB=1000000> 
1 bl.dch (4814)...    RCSP exact solver info for graph G_0 : TT = 5.99782, pt = 0.009092, dt = 5.42652, ct = 0.559879, ndl = 304168', bdl = 22217816', odl = 123035', odf = 4782809', bsi = 1936', cnt = 33893128', bdch = 1198670560', odch = 208478933', lcp = 35197987', #sols = 150
<DWph=0> <it= 30> <et=618.86> <Mt= 0.80> <Spt= 6.09> <nCl=150> <al=0.00> <DB= 2095.7500> <Mlp= 2825.7438> <PB=1000000> 
1 bl.dch (4785)...    RCSP exact solver info for graph G_0 : TT = 6.26321, pt = 0.011557, dt = 5.69527, ct = 0.553687, ndl = 305716', bdl = 22362367', odl = 123975', odf = 4814830', bsi = 1902', cnt = 33329239', bdch = 1215211510', odch = 208836215', lcp = 35451707', #sols = 150
<DWph=0> <it= 31> <et=625.24> <Mt= 0.06> <Spt= 6.32> <nCl=103> <al=0.01> <DB= 2690.5257> <Mlp= 2825.7433> <PB=1000000> 
1 bl.dch (4806)...    RCSP exact solver info for graph G_0 : TT = 6.02197, pt = 0.011159, dt = 5.46865, ct = 0.539416, ndl = 305491', bdl = 22298493', odl = 121764', odf = 4826251', bsi = 1879', cnt = 32657087', bdch = 1209777997', odch = 209110072', lcp = 35320197', #sols = 150
<DWph=0> <it= 32> <et=631.46> <Mt= 0.15> <Spt= 6.06> <nCl= 57> <al=0.11> <DB= 2251.9734> <Mlp= 2825.7363> <PB=1000000> 
1 bl.dch (4806)...    RCSP exact solver info for graph G_0 : TT = 6.15219, pt = 0.01039, dt = 5.60488, ct = 0.533972, ndl = 305008', bdl = 22259881', odl = 121953', odf = 4806794', bsi = 1888', cnt = 32467581', bdch = 1210355969', odch = 207939047', lcp = 35520693', #sols = 150
<DWph=0> <it= 33> <et=637.66> <Mt= 0.03> <Spt= 6.17> <nCl= 15> <al=0.20> <DB= 2732.1436> <Mlp= 2825.7362> <PB=1000000> 
1 bl.dch (4785)...    RCSP exact solver info for graph G_0 : TT = 6.08462, pt = 0.009839, dt = 5.5327, ct = 0.539612, ndl = 306503', bdl = 22349016', odl = 122066', odf = 4828299', bsi = 1837', cnt = 32678140', bdch = 1221894376', odch = 210210805', lcp = 35690177', #sols = 150
<DWph=0> <it= 34> <et=643.78> <Mt= 0.02> <Spt= 6.11> <nCl= 26> <al=0.28> <DB= 2781.6926> <Mlp= 2825.7362> <PB=1000000> 
1 bl.dch (4780)...    RCSP exact solver info for graph G_0 : TT = 6.17389, pt = 0.010351, dt = 5.59436, ct = 0.566623, ndl = 306778', bdl = 22420299', odl = 123140', odf = 4834876', bsi = 1879', cnt = 32809071', bdch = 1227801262', odch = 209680121', lcp = 35807400', #sols = 150
1 bl.dch (4796)...    RCSP exact solver info for graph G_0 : TT = 5.58057, pt = 0.007928, dt = 5.08386, ct = 0.486393, ndl = 305222', bdl = 22319773', odl = 122515', odf = 4800584', bsi = 1891', cnt = 32180588', bdch = 1213558471', odch = 207915843', lcp = 35520057', #sols = 150
<DWph=0> <it= 35> <et=655.58> <Mt= 0.01> <Spt=11.78> <nCl= 24> <al=0.00> <DB= 2818.2450> <Mlp= 2825.7362> <PB=1000000> 
1 bl.dch (4795)...