instance_file=/mnt/c/Users/porin/OneDrive/Documentos/Python-Mestrado/Modelagem Matemática/Programação Inteira - Uchoa/Problema VRPRDL/instancias_turco/VRPRDL-triangle/cvrp_padrao_convertidos/instance_30-triangle.vrp
instance_name=instance_30-triangle
n_customers=120
k_lb=8
k_ub=120
ub=1000000
timeout_s=3600
start_time=2026-04-22 10:52:34

  Activating project at `~/VRPSolver/VRPSolverDemos`
Application parameters:
  batch  =>  nothing
  instance  =>  "/mnt/c/Users/porin/OneDrive/Documentos/Python-Mestrado/Modelagem Matemática/Programação Inteira - Uchoa/Problema VRPRDL/instancias_turco/VRPRDL-triangle/cvrp_padrao_convertidos/instance_30-triangle.vrp"
  noround  =>  false
  cfg  =>  "/home/poringman/VRPSolver/VRPSolverDemos/src/../config/CVRP.cfg"
  edge_cuts  =>  false
  out  =>  nothing
  ub  =>  1.0e6
  cluster_branching  =>  1.0
  sol  =>  nothing
  single_resource  =>  false
  strong_kpath_cuts  =>  false
  tikz  =>  nothing
  maxr  =>  120
  update  =>  false
  show_complete_form  =>  false
  nosolve  =>  false
  minr  =>  8
  low_edge_priority  =>  false
~~~~~~~~~~~~~~~~~~~~~~~~~~~~~~~~~~~~~~~~~~~~~~~~~~~~~~~~~~~~~~~~~~~~~~~~~~~~~~~~~~~~~
GIT VERSION RCSP: 
GIT BRANCH: 
~~~~~~~~~~~~~~~~~~~~~~~~~~~~~~~~~~~~~~~~~~~~~~~~~~~~~~~~~~~~~~~~~~~~~~~~~~~~~~~~~~~~~
VRPSolver v0.6.16, 10/11/2025, © Inria Bordeaux, France, vrpsolver.math.u-bordeaux.fr
      Corresponds to the solver by Pessoa, Sadykov, Uchoa and Vanderbeck (2020)
                 Paper: dx.doi.org/10.1007/s10107-020-01523-z
~~~~~~~~~~~~~~~~~~~~~~~~~~~~~~~~~~~~~~~~~~~~~~~~~~~~~~~~~~~~~~~~~~~~~~~~~~~~~~~~~~~~~
GIT VERSION BAPCOD: a7cb21f19424236c9d0da5dcf94961797a519470
GIT BRANCH: main
~~~~~~~~~~~~~~~~~~~~~~~~~~~~~~~~~~~~~~~~~~~~~~~~~~~~~~~~~~~~~~~~~~~~~~~~~~~~~~~~~~~~~
   BaPCod v0.84, 10/11/2025, © Inria Bordeaux, France, bapcod.math.u-bordeaux.fr 
           THIS CODE IS PROVIDED AS IS, USE IT AT YOUR OWN RISK
~~~~~~~~~~~~~~~~~~~~~~~~~~~~~~~~~~~~~~~~~~~~~~~~~~~~~~~~~~~~~~~~~~~~~~~~~~~~~~~~~~~~~
--- MAIN PARAMETERS ---
GlobalTimeLimitInTick = 2147483645
GlobalTimeLimit = 21474836
ClockType = 0
MaxNbOfBBtreeNodeTreated = 100000
optimalityGapTolerance = 1e-06
relOptimalityGapTolerance = 1e-09
ApplyPreprocessing = false
PreprocessVariablesLocalBounds = false
treeSearchStrategy = 1
OpenNodesLimit = 1000
DEFAULTPRINTLEVEL = 0
--- MIP SOLVER PARAMETERS ---
solverName = CPLEX_SOLVER
MipSolverMaxBBNodes = 2000000
MipSolverMaxTime = 360000
MipSolverMultiThread = 1
--- COLUMN GENERATION PARAMETERS ---
SolverSelectForMast = a
  colGenSubProbSolMode = customSolver
mastInitMode = localArtCol
ArtVarPenaltyUpdateFactor = 2
ArtVarMaxNbOfPenaltyUpdates = 5
MaxNbOfStagesInColGenProcedure = 3
GenerateProperColumns = false
InsertAllGeneratedColumnsInFormRatherThanInPool = true
InsertNewNonNegColumnsDirectlyInFormRatherThanInPool = true
ColumnCleanupThreshold = 10000
ColumnCleanupRatio = 0.66
ReducedCostFixingThreshold = 0.9
--- CUT GENERATION PARAMETERS ---
MasterCuttingPlanesDepthLimit = 1000
MaxNbOfCutGeneratedAtEachIter = 1000
CutTailingOffThreshold = 0.015
CutTailingOffCounterThreshold = 3
CutCleanupThreshold = 1
CutCleanupRatio = 0.66
ColGenSpRelaxationImprovementPriority = 0
--- STABILIZATION PARAMETERS ---
colGenDualPriceSmoothingAlphaFactor = 1
colGenDualPriceSmoothingBetaFactor = 0
colGenStabilizationFunctionType = none
colGenProximalStabilizationRule = undefined
StabilFuncKappa = 1
colGenStabilizationMaxTreeDepth = 10000
StabilizationMinPhaseOfStage = 0
--- PRIMAL HEURISTIC PARAMETERS ---
UseInitialPrimalHeur = false
MaxTimeForRestrictedMasterIpHeur = -1
CallFrequencyOfRestrictedMasterIpHeur = 5
MIPemphasisInRestrictedMasterIpHeur = 1
PolishingAfterTimeInRestrictedMasterIpHeur = -1
DivingHeurUseDepthLimit = -1
CallFrequencyOfDivingHeur = 1
LeastFractional
Closest2RoundUp
LeastGreedyCost
LeastCost
FixIntValBeforeRoundingHeur = true
MaxNbOfCgIteDuringRh = 5000
MaxLDSbreadth = 0
MaxLDSdepth = 0
DivingHeurStopsWithFirstFeasSol = false
DivingHeurPreprocessBeforeChoosingVar = false
StrongDivingCandidatesNumber = 1
EvalAlgParamsInDiving = max#cand. = 1 max#cg.iters = 10000 min.lvl.sp.restr. = 1 min#cut.rounds = 0 max#cut.rounds = 0 red.cost.fix&enum. = false tree.size.ratio = 1
LocalSearchHeurUseDepthLimit = -1
LeastFractional
Closest2RoundUp
LeastGreedyCost
LeastCost
MaxFactorOfColFixedByLocalSearchHeur = 0.8
MaxLocalSearchIterationCounter = 3
--- STRONG BRANCHING PARAMETERS ---
SimplifiedStrongBranchingParameterisation = true
StrongBranchingPhaseOneCandidatesNumber = 100
StrongBranchingPhaseOneTreeSizeEstimRatio = 0.2
StrongBranchingPhaseTwoCandidatesNumber = 3
StrongBranchingPhaseTwoTreeSizeEstimRatio = 0.02
SafeDualBoundScaleFactor = -1
StrongBranchingPhaseOne = max#cand. = 100 max#cg.iters = 0 min.lvl.sp.restr. = 0 min#cut.rounds = 0 max#cut.rounds = 0 red.cost.fix&enum. = false tree.size.ratio = 0.2
StrongBranchingPhaseTwo = max#cand. = 3 max#cg.iters = 10000 min.lvl.sp.restr. = 1 min#cut.rounds = 0 max#cut.rounds = 0 red.cost.fix&enum. = false tree.size.ratio = 0.02
StrongBranchingPhaseThree = max#cand. = 1 max#cg.iters = 10000 min.lvl.sp.restr. = 0 min#cut.rounds = 0 max#cut.rounds = 10000 red.cost.fix&enum. = true tree.size.ratio = 1
StrongBranchingPhaseFour =not active
--- DEBUG OUTPUT PARAMETERS ---
printMasterPrimalSols = 0
--- VRPSOLVER PARAMETERS ---
RCSPstopCutGenTimeThresholdInPricing = 10
RCSPhardTimeThresholdInPricing = 25
RCSPredCostFixingTimeThreshold = 100
RCSPnumberOfBucketsPerVertex = 25
RCSPdynamicBucketSteps = 1
RCSPuseBidirectionalSearch = 2
RCSPapplyReducedCostFixing = 1
RCSPmaxNumOfColsPerIteration = 30
RCSPmaxNumOfColsPerExactIteration = 150
RCSPmaxNumOfLabelsInEnumeration = 500000
RCSPmaxNumOfLabelsInHeurEnumeration = 0
RCSPmaxNumOfEnumeratedSolutions = 5000000
RCSPmaxNumOfEnumSolutionsForMIP = 10000
RCSPmaxNumOfEnumSolsForEndOfNodeMIP = 10000
RCSPinitNGneighbourhoodSize = 8
RCSPmaxNGneighbourhoodSize = 8
RCSPrankOneCutsMaxNumRows = 5
RCSPrankOneCutsMaxNumPerRound = 100
RCSPrankOneCutsMemoryType = 0
RCSPrankOneCutsLSnumIterations = 1000
RCSPallowRoutesWithSameVerticesSet = true
RCSPredCostFixingFalseGap = 0
SafeDualBoundScaleFactor = -1
RCSPmaxNumOfLabelsInHeurEnumeration = 0
MaxNumEnumSolsInRestrictedMasterIpHeur = 5000

prName & bcTimeMain \\ 
New model incumbent solution 1e+06, TIME = 0h0m0s46t = 46
RCSP solver info : size of non-robust cut bitmask in a label is 640 bits
Bucket steps were recalculated for graph G_0 : [30]
RCSP solver info : symmetric case is detected for graph G_0! 
Bidirectional border value is initialised to 375
RCSP solver info : number of forw. reachable buckets / buck. strongly connected components is 3113( 98.14% ) / 1488( 47.7996% )
RCSP solver info: std. label size is 56, ext. label size is 136
Generating neighbourhoods for rank-1 cuts separation
Building structures for 4- and 5-row rank-1 packing cut separation...done!
Model is built TIME = 0h0m0s52t = 52
************************************************************************************************
**** BaB tree root node
**** Local DB = -1e+12, global bounds : [ -1e+12 , 1e+06 ], TIME = 0h0m0s52t = 52
**** 1 open nodes, 0 columns (0 active), 0 dyn. constrs. (0 active), 242 art. vars. (242 active)
************************************************************************************************
--------------------------------------------------------------------------
BaPCod info : first we run the root node with rank-1 cuts with node memory
--------------------------------------------------------------------------
#<DWph=2> <it=  1> <et=0.54> <Mt= 0.00> <Spt= 0.01> <nCl= 30> <al=0.00> <DB=-13535329080.0000> <Mlp=297600000.0000> <PB=1000000> 
#<DWph=2> <it=  2> <et=0.55> <Mt= 0.00> <Spt= 0.01> <nCl= 30> <al=0.55> <DB=-8872087192.2789> <Mlp=291979217.1579> <PB=1000000> 
#<DWph=2> <it=  3> <et=0.56> <Mt= 0.00> <Spt= 0.01> <nCl= 30> <al=0.45> <DB=-8244712804.0496> <Mlp=290175128.0150> <PB=1000000> 
#<DWph=2> <it=  4> <et=0.57> <Mt= 0.00> <Spt= 0.01> <nCl= 30> <al=0.35> <DB=-7402945545.4105> <Mlp=278893961.2778> <PB=1000000> 
#<DWph=2> <it=  5> <et=0.58> <Mt= 0.00> <Spt= 0.01> <nCl= 30> <al=0.42> <DB=-6911804727.7452> <Mlp=268793752.9045> <PB=1000000> 
#<DWph=2> <it=  6> <et=0.59> <Mt= 0.00> <Spt= 0.01> <nCl= 30> <al=0.47> <DB=-7870976151.6912> <Mlp=260787765.6680> <PB=1000000> 
#<DWph=2> <it=  7> <et=0.60> <Mt= 0.00> <Spt= 0.01> <nCl= 30> <al=0.53> <DB=-6755623296.1112> <Mlp=255577909.7488> <PB=1000000> 
#<DWph=2> <it=  8> <et=0.61> <Mt= 0.00> <Spt= 0.01> <nCl= 30> <al=0.57> <DB=-6983409323.7473> <Mlp=249600471.8189> <PB=1000000> 
#<DWph=2> <it=  9> <et=0.62> <Mt= 0.00> <Spt= 0.01> <nCl= 30> <al=0.62> <DB=-6022813145.6145> <Mlp=244121150.1371> <PB=1000000> 
#<DWph=2> <it= 10> <et=0.63> <Mt= 0.00> <Spt= 0.01> <nCl= 30> <al=0.52> <DB=-6297743081.3095> <Mlp=241301887.5064> <PB=1000000> 
#<DWph=2> <it= 11> <et=0.64> <Mt= 0.00> <Spt= 0.01> <nCl= 30> <al=0.56> <DB=-5181878854.5128> <Mlp=239415151.3343> <PB=1000000> 
#<DWph=2> <it= 12> <et=0.65> <Mt= 0.00> <Spt= 0.01> <nCl= 30> <al=0.61> <DB=-4919487887.2760> <Mlp=236375740.1867> <PB=1000000> 
#<DWph=2> <it= 13> <et=0.66> <Mt= 0.00> <Spt= 0.01> <nCl= 30> <al=0.65> <DB=-4911337436.9746> <Mlp=235722051.5072> <PB=1000000> 
#<DWph=2> <it= 14> <et=0.67> <Mt= 0.00> <Spt= 0.00> <nCl= 30> <al=0.68> <DB=-4836739235.1183> <Mlp=230097876.0718> <PB=1000000> 
#<DWph=2> <it= 15> <et=0.68> <Mt= 0.00> <Spt= 0.01> <nCl= 30> <al=0.71> <DB=-4987805523.5512> <Mlp=228291044.0186> <PB=1000000> 
#<DWph=2> <it= 16> <et=0.69> <Mt= 0.00> <Spt= 0.01> <nCl= 30> <al=0.74> <DB=-4896444438.0224> <Mlp=220926194.1539> <PB=1000000> 
#<DWph=2> <it= 17> <et=0.70> <Mt= 0.00> <Spt= 0.01> <nCl= 30> <al=0.77> <DB=-4767000317.9268> <Mlp=205409953.0642> <PB=1000000> 
#<DWph=2> <it= 18> <et=0.71> <Mt= 0.00> <Spt= 0.01> <nCl= 30> <al=0.79> <DB=-4611962455.4401> <Mlp=198920322.4617> <PB=1000000> 
#<DWph=2> <it= 19> <et=0.72> <Mt= 0.00> <Spt= 0.01> <nCl= 30> <al=0.81> <DB=-4667333090.6059> <Mlp=183800916.2850> <PB=1000000> 
#<DWph=2> <it= 20> <et=0.73> <Mt= 0.01> <Spt= 0.01> <nCl= 30> <al=0.83> <DB=-4304841830.5321> <Mlp=174772090.0262> <PB=1000000> 
#<DWph=2> <it= 21> <et=0.74> <Mt= 0.00> <Spt= 0.01> <nCl= 30> <al=0.73> <DB=-4329261217.4396> <Mlp=160919593.1097> <PB=1000000> 
#<DWph=2> <it= 22> <et=0.76> <Mt= 0.00> <Spt= 0.01> <nCl= 30> <al=0.76> <DB=-4417113321.8106> <Mlp=153090438.5842> <PB=1000000> 
#<DWph=2> <it= 23> <et=0.77> <Mt= 0.00> <Spt= 0.01> <nCl= 30> <al=0.78> <DB=-4183355587.2280> <Mlp=147911731.2713> <PB=1000000> 
#<DWph=2> <it= 24> <et=0.78> <Mt= 0.00> <Spt= 0.01> <nCl= 30> <al=0.68> <DB=-4239850191.0857> <Mlp=140247965.7248> <PB=1000000> 
#<DWph=2> <it= 25> <et=0.79> <Mt= 0.00> <Spt= 0.01> <nCl= 30> <al=0.58> <DB=-3982584206.0538> <Mlp=136356866.7612> <PB=1000000> 
#<DWph=2> <it= 26> <et=0.80> <Mt= 0.00> <Spt= 0.01> <nCl= 30> <al=0.62> <DB=-3912782316.1629> <Mlp=133075849.2638> <PB=1000000> 
#<DWph=2> <it= 27> <et=0.81> <Mt= 0.01> <Spt= 0.01> <nCl= 30> <al=0.66> <DB=-3700673112.5578> <Mlp=128897189.6661> <PB=1000000> 
#<DWph=2> <it= 28> <et=0.82> <Mt= 0.00> <Spt= 0.01> <nCl= 30> <al=0.70> <DB=-3894574893.0774> <Mlp=122819951.6625> <PB=1000000> 
#<DWph=2> <it= 29> <et=0.83> <Mt= 0.00> <Spt= 0.01> <nCl= 30> <al=0.73> <DB=-3778502719.7798> <Mlp=120903942.9187> <PB=1000000> 
#<DWph=2> <it= 30> <et=0.85> <Mt= 0.00> <Spt= 0.01> <nCl= 30> <al=0.75> <DB=-3472097393.3047> <Mlp=118602002.0202> <PB=1000000> 
#<DWph=2> <it= 31> <et=0.86> <Mt= 0.00> <Spt= 0.01> <nCl= 30> <al=0.78> <DB=-3438279579.5124> <Mlp=110142004.3221> <PB=1000000> 
#<DWph=2> <it= 32> <et=0.87> <Mt= 0.01> <Spt= 0.01> <nCl= 30> <al=0.80> <DB=-3482459204.4085> <Mlp=92369652.8125> <PB=1000000> 
#<DWph=2> <it= 33> <et=0.88> <Mt= 0.00> <Spt= 0.00> <nCl= 30> <al=0.82> <DB=-3437248420.9867> <Mlp=76460989.8879> <PB=1000000> 
#<DWph=2> <it= 34> <et=0.90> <Mt= 0.00> <Spt= 0.01> <nCl= 30> <al=0.84> <DB=-3437261625.3400> <Mlp=72520327.0916> <PB=1000000> 
#<DWph=2> <it= 35> <et=0.91> <Mt= 0.01> <Spt= 0.01> <nCl= 30> <al=0.85> <DB=-3346276279.1480> <Mlp=67776899.3166> <PB=1000000> 
#<DWph=2> <it= 36> <et=0.92> <Mt= 0.00> <Spt= 0.01> <nCl= 30> <al=0.75> <DB=-3360947758.4154> <Mlp=63362330.5099> <PB=1000000> 
#<DWph=2> <it= 37> <et=0.93> <Mt= 0.00> <Spt= 0.01> <nCl= 30> <al=0.78> <DB=-3311776237.6556> <Mlp=60976089.0804> <PB=1000000> 
#<DWph=2> <it= 38> <et=0.94> <Mt= 0.00> <Spt= 0.01> <nCl= 30> <al=0.80> <DB=-3228539393.3712> <Mlp=56288196.1975> <PB=1000000> 
#<DWph=2> <it= 39> <et=0.96> <Mt= 0.01> <Spt= 0.01> <nCl= 30> <al=0.82> <DB=-3087579541.3214> <Mlp=51967523.9422> <PB=1000000> 
#<DWph=2> <it= 40> <et=0.97> <Mt= 0.00> <Spt= 0.01> <nCl= 30> <al=0.72> <DB=-2928273905.5343> <Mlp=46284313.2045> <PB=1000000> 
#<DWph=2> <it= 41> <et=0.99> <Mt= 0.01> <Spt= 0.01> <nCl= 30> <al=0.62> <DB=-3192226677.4079> <Mlp=43485453.8821> <PB=1000000> 
#<DWph=2> <it= 42> <et=1.00> <Mt= 0.00> <Spt= 0.01> <nCl= 30> <al=0.66> <DB=-3011715771.8588> <Mlp=42925426.1541> <PB=1000000> 
#<DWph=2> <it= 43> <et=1.01> <Mt= 0.00> <Spt= 0.01> <nCl= 30> <al=0.69> <DB=-2854375885.0152> <Mlp=39405014.2573> <PB=1000000> 
#<DWph=2> <it= 44> <et=1.02> <Mt= 0.01> <Spt= 0.01> <nCl= 30> <al=0.59> <DB=-2986951051.5669> <Mlp=35087337.2406> <PB=1000000> 
#<DWph=2> <it= 45> <et=1.04> <Mt= 0.00> <Spt= 0.01> <nCl= 30> <al=0.63> <DB=-2837109469.9047> <Mlp=31818270.3472> <PB=1000000> 
#<DWph=2> <it= 46> <et=1.05> <Mt= 0.01> <Spt= 0.00> <nCl= 30> <al=0.67> <DB=-2797527339.7177> <Mlp=25698927.2115> <PB=1000000> 
#<DWph=2> <it= 47> <et=1.06> <Mt= 0.00> <Spt= 0.01> <nCl= 30> <al=0.57> <DB=-2546158661.7199> <Mlp=16751917.9532> <PB=1000000> 
#<DWph=2> <it= 48> <et=1.08> <Mt= 0.01> <Spt= 0.01> <nCl= 30> <al=0.61> <DB=-2333162015.9874> <Mlp=14730358.1070> <PB=1000000> 
#<DWph=2> <it= 49> <et=1.09> <Mt= 0.00> <Spt= 0.01> <nCl= 30> <al=0.65> <DB=-2184831030.6385> <Mlp=12121822.1331> <PB=1000000> 
#<DWph=2> <it= 50> <et=1.11> <Mt= 0.01> <Spt= 0.01> <nCl= 30> <al=0.69> <DB=-1989619105.1998> <Mlp=6858817.3179> <PB=1000000> 
#<DWph=2> <it= 51> <et=1.12> <Mt= 0.00> <Spt= 0.01> <nCl= 30> <al=0.59> <DB=-1785846616.4636> <Mlp=5070677.2577> <PB=1000000> 
#<DWph=2> <it= 52> <et=1.14> <Mt= 0.01> <Spt= 0.01> <nCl= 30> <al=0.63> <DB=-1691220953.2359> <Mlp=3292757.7990> <PB=1000000> 
#<DWph=2> <it= 53> <et=1.15> <Mt= 0.00> <Spt= 0.01> <nCl= 30> <al=0.53> <DB=-1704594001.0276> <Mlp=2549616.9279> <PB=1000000> 
#<DWph=2> <it= 54> <et=1.16> <Mt= 0.01> <Spt= 0.01> <nCl= 30> <al=0.58> <DB=-1527687828.7730> <Mlp=2309162.3506> <PB=1000000> 
#<DWph=2> <it= 55> <et=1.18> <Mt= 0.00> <Spt= 0.01> <nCl= 30> <al=0.62> <DB=-1114229394.5303> <Mlp=1087607.0304> <PB=1000000> 
#<DWph=2> <it= 56> <et=1.19> <Mt= 0.01> <Spt= 0.00> <nCl= 30> <al=0.52> <DB=-1294978876.6960> <Mlp=648823.2779> <PB=1000000> 
#<DWph=2> <it= 57> <et=1.20> <Mt= 0.00> <Spt= 0.01> <nCl= 30> <al=0.57> <DB=-915182982.0100> <Mlp=531635.3462> <PB=1000000> 
#<DWph=2> <it= 58> <et=1.22> <Mt= 0.00> <Spt= 0.01> <nCl= 30> <al=0.47> <DB=-843619194.4658> <Mlp=230568.0693> <PB=1000000> 
#<DWph=2> <it= 59> <et=1.23> <Mt= 0.01> <Spt= 0.01> <nCl= 30> <al=0.37> <DB=-246009007.2423> <Mlp=53878.4044> <PB=1000000> 
#<DWph=2> <it= 60> <et=1.24> <Mt= 0.00> <Spt= 0.01> <nCl= 30> <al=0.27> <DB=-9340267.6918> <Mlp=48763.3589> <PB=1000000> 
<DWph=2> <it= 61> <et=1.26> <Mt= 0.01> <Spt= 0.01> <nCl=  1> <al=0.17> <DB=-1542976.5025> <Mlp= 8613.5948> <PB=1000000> 
<DWph=2> <it= 62> <et=1.27> <Mt= 0.00> <Spt= 0.00> <nCl= 30> <al=0.07> <DB=-147696.2711> <Mlp= 8567.7427> <PB=1000000> 
<DWph=2> <it= 63> <et=1.28> <Mt= 0.01> <Spt= 0.01> <nCl= 30> <al=0.16> <DB=-208982.0351> <Mlp= 8272.4444> <PB=1000000> 
<DWph=2> <it= 64> <et=1.30> <Mt= 0.00> <Spt= 0.01> <nCl= 30> <al=0.24> <DB=-144732.6473> <Mlp= 8120.8715> <PB=1000000> 
<DWph=2> <it= 65> <et=1.31> <Mt= 0.00> <Spt= 0.01> <nCl= 30> <al=0.32> <DB=-244331.6878> <Mlp= 7956.6763> <PB=1000000> 
<DWph=2> <it= 66> <et=1.33> <Mt= 0.01> <Spt= 0.01> <nCl= 30> <al=0.39> <DB=-152203.7556> <Mlp= 7764.1911> <PB=1000000> 
<DWph=2> <it= 67> <et=1.34> <Mt= 0.00> <Spt= 0.02> <nCl= 30> <al=0.45> <DB=-108747.1475> <Mlp= 7627.3021> <PB=1000000> 
<DWph=2> <it= 68> <et=1.36> <Mt= 0.01> <Spt= 0.01> <nCl= 30> <al=0.50> <DB=-168280.8251> <Mlp= 7419.7790> <PB=1000000> 
<DWph=2> <it= 69> <et=1.37> <Mt= 0.00> <Spt= 0.01> <nCl= 30> <al=0.55> <DB=-123703.5573> <Mlp= 7298.4371> <PB=1000000> 
<DWph=2> <it= 70> <et=1.39> <Mt= 0.01> <Spt= 0.01> <nCl= 30> <al=0.60> <DB=-148137.3462> <Mlp= 7164.2753> <PB=1000000> 
<DWph=2> <it= 71> <et=1.40> <Mt= 0.00> <Spt= 0.01> <nCl= 30> <al=0.64> <DB=-95859.3787> <Mlp= 7106.0936> <PB=1000000> 
<DWph=2> <it= 72> <et=1.42> <Mt= 0.01> <Spt= 0.01> <nCl= 30> <al=0.67> <DB=-118413.8345> <Mlp= 7038.6313> <PB=1000000> 
<DWph=2> <it= 73> <et=1.44> <Mt= 0.00> <Spt= 0.01> <nCl= 30> <al=0.71> <DB=-86349.8927> <Mlp= 6936.2226> <PB=1000000> 
<DWph=2> <it= 74> <et=1.45> <Mt= 0.00> <Spt= 0.02> <nCl= 30> <al=0.74> <DB=-88539.9764> <Mlp= 6864.4838> <PB=1000000> 
<DWph=2> <it= 75> <et=1.47> <Mt= 0.01> <Spt= 0.01> <nCl= 30> <al=0.76> <DB=-78609.6769> <Mlp= 6609.6037> <PB=1000000> 
<DWph=2> <it= 76> <et=1.49> <Mt= 0.01> <Spt= 0.01> <nCl= 30> <al=0.79> <DB=-84653.5859> <Mlp= 6298.3455> <PB=1000000> 
<DWph=2> <it= 77> <et=1.50> <Mt= 0.00> <Spt= 0.01> <nCl= 30> <al=0.81> <DB=-75850.7354> <Mlp= 6130.0310> <PB=1000000> 
<DWph=2> <it= 78> <et=1.52> <Mt= 0.01> <Spt= 0.01> <nCl= 30> <al=0.83> <DB=-77700.7170> <Mlp= 6060.6914> <PB=1000000> 
<DWph=2> <it= 79> <et=1.54> <Mt= 0.00> <Spt= 0.01> <nCl= 30> <al=0.84> <DB=-69445.9815> <Mlp= 5807.6951> <PB=1000000> 
<DWph=2> <it= 80> <et=1.55> <Mt= 0.01> <Spt= 0.01> <nCl= 30> <al=0.86> <DB=-69731.4438> <Mlp= 5462.9062> <PB=1000000> 
<DWph=2> <it= 81> <et=1.57> <Mt= 0.01> <Spt= 0.01> <nCl= 30> <al=0.87> <DB=-66358.0901> <Mlp= 5174.1299> <PB=1000000> 
<DWph=2> <it= 82> <et=1.59> <Mt= 0.00> <Spt= 0.01> <nCl= 30> <al=0.89> <DB=-58443.5004> <Mlp= 5116.2397> <PB=1000000> 
<DWph=2> <it= 83> <et=1.61> <Mt= 0.01> <Spt= 0.01> <nCl= 30> <al=0.79> <DB=-67996.7373> <Mlp= 4996.8466> <PB=1000000> 
<DWph=2> <it= 84> <et=1.62> <Mt= 0.01> <Spt= 0.01> <nCl= 30> <al=0.81> <DB=-62416.4111> <Mlp= 4885.2293> <PB=1000000> 
<DWph=2> <it= 85> <et=1.64> <Mt= 0.00> <Spt= 0.01> <nCl= 30> <al=0.83> <DB=-60701.5623> <Mlp= 4783.9356> <PB=1000000> 
<DWph=2> <it= 86> <et=1.65> <Mt= 0.01> <Spt= 0.01> <nCl= 30> <al=0.84> <DB=-61928.5873> <Mlp= 4733.8410> <PB=1000000> 
<DWph=2> <it= 87> <et=1.67> <Mt= 0.00> <Spt= 0.01> <nCl= 30> <al=0.86> <DB=-57190.9417> <Mlp= 4676.7051> <PB=1000000> 
<DWph=2> <it= 88> <et=1.68> <Mt= 0.00> <Spt= 0.01> <nCl= 30> <al=0.87> <DB=-54703.5932> <Mlp= 4601.8469> <PB=1000000> 
<DWph=2> <it= 89> <et=1.70> <Mt= 0.01> <Spt= 0.01> <nCl= 30> <al=0.89> <DB=-51508.5360> <Mlp= 4471.6221> <PB=1000000> 
<DWph=2> <it= 90> <et=1.72> <Mt= 0.01> <Spt= 0.01> <nCl= 30> <al=0.90> <DB=-54183.9371> <Mlp= 4354.5268> <PB=1000000> 
<DWph=2> <it= 91> <et=1.73> <Mt= 0.00> <Spt= 0.01> <nCl= 30> <al=0.91> <DB=-48476.3494> <Mlp= 4286.2960> <PB=1000000> 
<DWph=2> <it= 92> <et=1.75> <Mt= 0.01> <Spt= 0.01> <nCl= 30> <al=0.92> <DB=-47181.8627> <Mlp= 4214.2550> <PB=1000000> 
<DWph=2> <it= 93> <et=1.76> <Mt= 0.00> <Spt= 0.01> <nCl= 30> <al=0.82> <DB=-42715.3668> <Mlp= 4053.0190> <PB=1000000> 
<DWph=2> <it= 94> <et=1.78> <Mt= 0.01> <Spt= 0.01> <nCl= 30> <al=0.84> <DB=-42246.5259> <Mlp= 3997.2054> <PB=1000000> 
<DWph=2> <it= 95> <et=1.80> <Mt= 0.00> <Spt= 0.02> <nCl= 30> <al=0.85> <DB=-43489.0377> <Mlp= 3955.7952> <PB=1000000> 
<DWph=2> <it= 96> <et=1.82> <Mt= 0.01> <Spt= 0.01> <nCl= 30> <al=0.87> <DB=-39356.1842> <Mlp= 3858.5996> <PB=1000000> 
<DWph=2> <it= 97> <et=1.84> <Mt= 0.01> <Spt= 0.01> <nCl= 30> <al=0.88> <DB=-35417.8841> <Mlp= 3756.3633> <PB=1000000> 
<DWph=2> <it= 98> <et=1.86> <Mt= 0.00> <Spt= 0.01> <nCl= 30> <al=0.78> <DB=-34602.0028> <Mlp= 3678.9401> <PB=1000000> 
<DWph=2> <it= 99> <et=1.87> <Mt= 0.01> <Spt= 0.02> <nCl= 30> <al=0.80> <DB=-32288.0615> <Mlp= 3615.9860> <PB=1000000> 
<DWph=2> <it=100> <et=1.90> <Mt= 0.01> <Spt= 0.01> <nCl= 30> <al=0.82> <DB=-35351.4656> <Mlp= 3519.5570> <PB=1000000> 
<DWph=2> <it=101> <et=1.91> <Mt= 0.00> <Spt= 0.01> <nCl= 30> <al=0.84> <DB=-29622.8487> <Mlp= 3488.7356> <PB=1000000> 
<DWph=2> <it=102> <et=1.93> <Mt= 0.01> <Spt= 0.01> <nCl= 30> <al=0.74> <DB=-30197.5197> <Mlp= 3461.5094> <PB=1000000> 
<DWph=2> <it=103> <et=1.94> <Mt= 0.00> <Spt= 0.01> <nCl= 30> <al=0.77> <DB=-27493.4582> <Mlp= 3411.5412> <PB=1000000> 
<DWph=2> <it=104> <et=1.96> <Mt= 0.01> <Spt= 0.01> <nCl= 30> <al=0.79> <DB=-27431.7374> <Mlp= 3337.4970> <PB=1000000> 
<DWph=2> <it=105> <et=1.98> <Mt= 0.01> <Spt= 0.01> <nCl= 30> <al=0.81> <DB=-27850.7289> <Mlp= 3262.1016> <PB=1000000> 
<DWph=2> <it=106> <et=2.00> <Mt= 0.01> <Spt= 0.01> <nCl= 30> <al=0.83> <DB=-22786.0801> <Mlp= 3231.8380> <PB=1000000> 
<DWph=2> <it=107> <et=2.02> <Mt= 0.00> <Spt= 0.01> <nCl= 30> <al=0.73> <DB=-21313.8832> <Mlp= 3157.1414> <PB=1000000> 
<DWph=2> <it=108> <et=2.04> <Mt= 0.01> <Spt= 0.02> <nCl= 30> <al=0.76> <DB=-19843.2748> <Mlp= 3100.4923> <PB=1000000> 
<DWph=2> <it=109> <et=2.06> <Mt= 0.01> <Spt= 0.01> <nCl= 30> <al=0.66> <DB=-24787.9641> <Mlp= 3048.6083> <PB=1000000> 
<DWph=2> <it=110> <et=2.07> <Mt= 0.00> <Spt= 0.01> <nCl= 30> <al=0.69> <DB=-16413.5340> <Mlp= 3027.0774> <PB=1000000> 
<DWph=2> <it=111> <et=2.09> <Mt= 0.01> <Spt= 0.01> <nCl= 30> <al=0.72> <DB=-17291.0230> <Mlp= 2983.7068> <PB=1000000> 
<DWph=2> <it=112> <et=2.11> <Mt= 0.01> <Spt= 0.01> <nCl= 30> <al=0.75> <DB=-15784.6698> <Mlp= 2980.0861> <PB=1000000> 
<DWph=2> <it=113> <et=2.12> <Mt= 0.00> <Spt= 0.01> <nCl= 30> <al=0.77> <DB=-13070.6600> <Mlp= 2958.6708> <PB=1000000> 
<DWph=2> <it=114> <et=2.14> <Mt= 0.01> <Spt= 0.01> <nCl= 30> <al=0.67> <DB=-17752.1782> <Mlp= 2913.1677> <PB=1000000> 
<DWph=2> <it=115> <et=2.16> <Mt= 0.01> <Spt= 0.01> <nCl= 30> <al=0.71> <DB=-13162.2362> <Mlp= 2905.8044> <PB=1000000> 
<DWph=2> <it=116> <et=2.17> <Mt= 0.00> <Spt= 0.01> <nCl= 30> <al=0.74> <DB=-15816.9995> <Mlp= 2879.9062> <PB=1000000> 
<DWph=2> <it=117> <et=2.19> <Mt= 0.01> <Spt= 0.01> <nCl= 30> <al=0.76> <DB=-10893.5735> <Mlp= 2871.2540> <PB=1000000> 
<DWph=2> <it=118> <et=2.21> <Mt= 0.00> <Spt= 0.01> <nCl= 30> <al=0.66> <DB=-10612.8187> <Mlp= 2855.7109> <PB=1000000> 
<DWph=2> <it=119> <et=2.23> <Mt= 0.01> <Spt= 0.02> <nCl= 30> <al=0.70> <DB=-13342.6435> <Mlp= 2809.2680> <PB=1000000> 
<DWph=2> <it=120> <et=2.25> <Mt= 0.01> <Spt= 0.01> <nCl= 30> <al=0.73> <DB=-8373.8734> <Mlp= 2792.5112> <PB=1000000> 
<DWph=2> <it=121> <et=2.27> <Mt= 0.01> <Spt= 0.01> <nCl= 30> <al=0.63> <DB=-10154.0257> <Mlp= 2768.3410> <PB=1000000> 
<DWph=2> <it=122> <et=2.28> <Mt= 0.00> <Spt= 0.01> <nCl= 30> <al=0.66> <DB=-6550.1882> <Mlp= 2767.4560> <PB=1000000> 
<DWph=2> <it=123> <et=2.30> <Mt= 0.00> <Spt= 0.01> <nCl= 30> <al=0.70> <DB=-6903.8318> <Mlp= 2747.7619> <PB=1000000> 
<DWph=2> <it=124> <et=2.31> <Mt= 0.01> <Spt= 0.01> <nCl= 30> <al=0.60> <DB=-5533.3019> <Mlp= 2738.9285> <PB=1000000> 
<DWph=2> <it=125> <et=2.33> <Mt= 0.01> <Spt= 0.01> <nCl= 30> <al=0.64> <DB=-4571.8154> <Mlp= 2726.3238> <PB=1000000> 
<DWph=2> <it=126> <et=2.35> <Mt= 0.00> <Spt= 0.01> <nCl= 30> <al=0.54> <DB=-7778.1388> <Mlp= 2710.7614> <PB=1000000> 
<DWph=2> <it=127> <et=2.37> <Mt= 0.01> <Spt= 0.01> <nCl= 30> <al=0.58> <DB=-4452.1255> <Mlp= 2704.0251> <PB=1000000> 
<DWph=2> <it=128> <et=2.39> <Mt= 0.01> <Spt= 0.01> <nCl= 30> <al=0.63> <DB=-4721.0275> <Mlp= 2696.6214> <PB=1000000> 
<DWph=2> <it=129> <et=2.40> <Mt= 0.00> <Spt= 0.01> <nCl= 30> <al=0.66> <DB=-4546.8545> <Mlp= 2692.1838> <PB=1000000> 
<DWph=2> <it=130> <et=2.42> <Mt= 0.01> <Spt= 0.02> <nCl= 30> <al=0.70> <DB=-4058.8247> <Mlp= 2668.3834> <PB=1000000> 
<DWph=2> <it=131> <et=2.44> <Mt= 0.01> <Spt= 0.01> <nCl= 30> <al=0.73> <DB=-2741.8055> <Mlp= 2638.8044> <PB=1000000> 
<DWph=2> <it=132> <et=2.47> <Mt= 0.01> <Spt= 0.01> <nCl= 30> <al=0.75> <DB=-2915.5221> <Mlp= 2617.0372> <PB=1000000> 
<DWph=2> <it=133> <et=2.49> <Mt= 0.01> <Spt= 0.01> <nCl= 30> <al=0.78> <DB=-1887.5928> <Mlp= 2605.0087> <PB=1000000> 
<DWph=2> <it=134> <et=2.51> <Mt= 0.02> <Spt= 0.01> <nCl= 30> <al=0.80> <DB=-1486.7859> <Mlp= 2595.5342> <PB=1000000> 
<DWph=2> <it=135> <et=2.53> <Mt= 0.01> <Spt= 0.01> <nCl= 30> <al=0.70> <DB=-1338.8191> <Mlp= 2587.7863> <PB=1000000> 
<DWph=2> <it=136> <et=2.56> <Mt= 0.01> <Spt= 0.01> <nCl= 30> <al=0.73> <DB=-2239.8820> <Mlp= 2577.4877> <PB=1000000> 
<DWph=2> <it=137> <et=2.58> <Mt= 0.00> <Spt= 0.01> <nCl= 30> <al=0.76> <DB= -437.1626> <Mlp= 2572.6951> <PB=1000000> 
<DWph=2> <it=138> <et=2.60> <Mt= 0.02> <Spt= 0.02> <nCl= 30> <al=0.78> <DB=-1787.9482> <Mlp= 2561.5187> <PB=1000000> 
<DWph=2> <it=139> <et=2.61> <Mt= 0.00> <Spt= 0.01> <nCl= 29> <al=0.80> <DB=-1464.8599> <Mlp= 2559.7454> <PB=1000000> 
<DWph=2> <it=140> <et=2.63> <Mt= 0.01> <Spt= 0.01> <nCl= 29> <al=0.82> <DB= -325.7119> <Mlp= 2556.3037> <PB=1000000> 
<DWph=2> <it=141> <et=2.66> <Mt= 0.01> <Spt= 0.01> <nCl= 30> <al=0.72> <DB=  -72.8214> <Mlp= 2549.1915> <PB=1000000> 
<DWph=2> <it=142> <et=2.69> <Mt= 0.02> <Spt= 0.01> <nCl= 28> <al=0.75> <DB=  162.4740> <Mlp= 2543.0548> <PB=1000000> 
<DWph=2> <it=143> <et=2.70> <Mt= 0.00> <Spt= 0.01> <nCl= 30> <al=0.65> <DB= -746.5690> <Mlp= 2540.4908> <PB=1000000> 
<DWph=2> <it=144> <et=2.73> <Mt= 0.01> <Spt= 0.01> <nCl= 30> <al=0.69> <DB=  788.7757> <Mlp= 2537.1140> <PB=1000000> 
<DWph=2> <it=145> <et=2.74> <Mt= 0.01> <Spt= 0.02> <nCl= 30> <al=0.72> <DB= -726.8446> <Mlp= 2536.1492> <PB=1000000> 
<DWph=2> <it=146> <et=2.76> <Mt= 0.00> <Spt= 0.01> <nCl= 30> <al=0.62> <DB=  288.1057> <Mlp= 2536.1492> <PB=1000000> 
<DWph=2> <it=147> <et=2.79> <Mt= 0.02> <Spt= 0.01> <nCl= 30> <al=0.52> <DB=-2200.3107> <Mlp= 2529.2623> <PB=1000000> 
<DWph=2> <it=148> <et=2.81> <Mt= 0.00> <Spt= 0.02> <nCl= 30> <al=0.57> <DB=  710.1031> <Mlp= 2529.2623> <PB=1000000> 
<DWph=2> <it=149> <et=2.83> <Mt= 0.01> <Spt= 0.02> <nCl= 30> <al=0.61> <DB= 1260.9883> <Mlp= 2525.6495> <PB=1000000> 
<DWph=2> <it=150> <et=2.85> <Mt= 0.00> <Spt= 0.01> <nCl= 30> <al=0.65> <DB= 1650.3252> <Mlp= 2522.4896> <PB=1000000> 
<DWph=2> <it=151> <et=2.87> <Mt= 0.01> <Spt= 0.01> <nCl= 30> <al=0.68> <DB=  888.9139> <Mlp= 2520.4393> <PB=1000000> 
<DWph=2> <it=152> <et=2.88> <Mt= 0.00> <Spt= 0.01> <nCl= 27> <al=0.72> <DB= 1286.9135> <Mlp= 2520.1429> <PB=1000000> 
<DWph=2> <it=153> <et=2.90> <Mt= 0.00> <Spt= 0.02> <nCl= 24> <al=0.62> <DB= 1730.9576> <Mlp= 2518.3208> <PB=1000000> 
<DWph=2> <it=154> <et=2.93> <Mt= 0.02> <Spt= 0.01> <nCl= 30> <al=0.52> <DB= 1916.3368> <Mlp= 2513.8023> <PB=1000000> 
<DWph=2> <it=155> <et=2.95> <Mt= 0.01> <Spt= 0.01> <nCl= 28> <al=0.56> <DB=  747.9137> <Mlp= 2511.6623> <PB=1000000> 
<DWph=2> <it=156> <et=2.97> <Mt= 0.01> <Spt= 0.01> <nCl= 28> <al=0.61> <DB=  -32.8434> <Mlp= 2510.1469> <PB=1000000> 
<DWph=2> <it=157> <et=2.98> <Mt= 0.00> <Spt= 0.01> <nCl= 15> <al=0.65> <DB= 1980.3207> <Mlp= 2509.8269> <PB=1000000> 
<DWph=2> <it=158> <et=3.00> <Mt= 0.00> <Spt= 0.01> <nCl= 20> <al=0.68> <DB= 1651.8959> <Mlp= 2509.1634> <PB=1000000> 
<DWph=2> <it=159> <et=3.01> <Mt= 0.01> <Spt= 0.01> <nCl= 10> <al=0.71> <DB= 1901.9007> <Mlp= 2508.1509> <PB=1000000> 
<DWph=2> <it=160> <et=3.03> <Mt= 0.00> <Spt= 0.01> <nCl= 16> <al=0.61> <DB= 1798.4798> <Mlp= 2507.5930> <PB=1000000> 
<DWph=2> <it=161> <et=3.04> <Mt= 0.01> <Spt= 0.01> <nCl= 19> <al=0.65> <DB=  951.6937> <Mlp= 2507.1844> <PB=1000000> 
<DWph=2> <it=162> <et=3.09> <Mt= 0.03> <Spt= 0.01> <nCl= 24> <al=0.55> <DB= 2174.2231> <Mlp= 2504.6116> <PB=1000000> 
<DWph=2> <it=163> <et=3.10> <Mt= 0.00> <Spt= 0.02> <nCl= 30> <al=0.45> <DB=  864.7657> <Mlp= 2504.2974> <PB=1000000> 
<DWph=2> <it=164> <et=3.11> <Mt= 0.00> <Spt= 0.01> <nCl= 27> <al=0.51> <DB= 1998.4737> <Mlp= 2504.2974> <PB=1000000> 
<DWph=2> <it=165> <et=3.13> <Mt= 0.01> <Spt= 0.01> <nCl= 24> <al=0.56> <DB= 1616.6261> <Mlp= 2503.9691> <PB=1000000> 
<DWph=2> <it=166> <et=3.14> <Mt= 0.00> <Spt= 0.01> <nCl= 19> <al=0.60> <DB= 2069.7979> <Mlp= 2503.0548> <PB=1000000> 
<DWph=2> <it=167> <et=3.17> <Mt= 0.02> <Spt= 0.01> <nCl= 16> <al=0.64> <DB= 1998.2693> <Mlp= 2502.2695> <PB=1000000> 
<DWph=2> <it=168> <et=3.18> <Mt= 0.00> <Spt= 0.01> <nCl= 12> <al=0.68> <DB= 2358.1560> <Mlp= 2501.9215> <PB=1000000> 
<DWph=2> <it=169> <et=3.19> <Mt= 0.00> <Spt= 0.01> <nCl= 21> <al=0.71> <DB= 1977.1128> <Mlp= 2501.7220> <PB=1000000> 
<DWph=2> <it=170> <et=3.21> <Mt= 0.01> <Spt= 0.01> <nCl= 16> <al=0.74> <DB= 1713.3694> <Mlp= 2500.7117> <PB=1000000> 
<DWph=2> <it=171> <et=3.23> <Mt= 0.00> <Spt= 0.01> <nCl= 14> <al=0.76> <DB= 2278.8654> <Mlp= 2500.3823> <PB=1000000> 
<DWph=2> <it=172> <et=3.25> <Mt= 0.00> <Spt= 0.02> <nCl= 20> <al=0.58> <DB= 1574.8161> <Mlp= 2500.2627> <PB=1000000> 
<DWph=2> <it=173> <et=3.26> <Mt= 0.01> <Spt= 0.02> <nCl=  5> <al=0.69> <DB= 2372.3976> <Mlp= 2500.1955> <PB=1000000> 
<DWph=2> <it=174> <et=3.28> <Mt= 0.00> <Spt= 0.01> <nCl= 20> <al=0.59> <DB= 1984.1098> <Mlp= 2500.0670> <PB=1000000> 
<DWph=2> <it=175> <et=3.29> <Mt= 0.00> <Spt= 0.01> <nCl= 19> <al=0.63> <DB= 2182.7074> <Mlp= 2499.0834> <PB=1000000> 
<DWph=2> <it=176> <et=3.31> <Mt= 0.01> <Spt= 0.01> <nCl= 10> <al=0.53> <DB= 2103.5767> <Mlp= 2498.5139> <PB=1000000> 
<DWph=2> <it=177> <et=3.32> <Mt= 0.00> <Spt= 0.01> <nCl= 10> <al=0.58> <DB= 2066.8974> <Mlp= 2498.4575> <PB=1000000> 
<DWph=2> <it=178> <et=3.34> <Mt= 0.00> <Spt= 0.01> <nCl= 15> <al=0.62> <DB= 2302.0694> <Mlp= 2498.3561> <PB=1000000> 
<DWph=2> <it=179> <et=3.35> <Mt= 0.00> <Spt= 0.01> <nCl=  3> <al=0.66> <DB= 2168.4817> <Mlp= 2498.1339> <PB=1000000> 
<DWph=2> <it=180> <et=3.36> <Mt= 0.00> <Spt= 0.01> <nCl=  8> <al=0.56> <DB= 2433.4768> <Mlp= 2498.1339> <PB=1000000> 
<DWph=2> <it=181> <et=3.38> <Mt= 0.01> <Spt= 0.01> <nCl= 23> <al=0.46> <DB= 1565.1016> <Mlp= 2498.1266> <PB=1000000> 
<DWph=2> <it=182> <et=3.39> <Mt= 0.00> <Spt= 0.01> <nCl= 13> <al=0.51> <DB= 2212.8227> <Mlp= 2498.1266> <PB=1000000> 
<DWph=2> <it=183> <et=3.40> <Mt= 0.00> <Spt= 0.01> <nCl= 12> <al=0.56> <DB= 2341.5508> <Mlp= 2497.8587> <PB=1000000> 
<DWph=2> <it=184> <et=3.42> <Mt= 0.00> <Spt= 0.01> <nCl= 13> <al=0.46> <DB= 2018.1644> <Mlp= 2497.7422> <PB=1000000> 
<DWph=2> <it=185> <et=3.43> <Mt= 0.01> <Spt= 0.02> <nCl=  7> <al=0.51> <DB= 2028.2182> <Mlp= 2497.7422> <PB=1000000> 
<DWph=2> <it=186> <et=3.44> <Mt= 0.00> <Spt= 0.01> <nCl=  6> <al=0.56> <DB= 2093.5363> <Mlp= 2497.7422> <PB=1000000> 
<DWph=2> <it=187> <et=3.46> <Mt= 0.00> <Spt= 0.01> <nCl=  9> <al=0.61> <DB= 1906.7613> <Mlp= 2497.1906> <PB=1000000> 
<DWph=2> <it=188> <et=3.47> <Mt= 0.00> <Spt= 0.01> <nCl=  4> <al=0.65> <DB= 2262.9709> <Mlp= 2497.1906> <PB=1000000> 
<DWph=2> <it=189> <et=3.48> <Mt= 0.00> <Spt= 0.01> <nCl=  9> <al=0.68> <DB= 2307.4778> <Mlp= 2497.0980> <PB=1000000> 
<DWph=2> <it=190> <et=3.51> <Mt= 0.00> <Spt= 0.02> <nCl= 25> <al=0.16> <DB= 1861.1463> <Mlp= 2497.0932> <PB=1000000> 
<DWph=2> <it=191> <et=3.52> <Mt= 0.01> <Spt= 0.01> <nCl= 11> <al=0.48> <DB= 2404.1460> <Mlp= 2496.7925> <PB=1000000> 
<DWph=2> <it=192> <et=3.53> <Mt= 0.00> <Spt= 0.01> <nCl=  5> <al=0.53> <DB= 2348.5580> <Mlp= 2496.7661> <PB=1000000> 
<DWph=2> <it=193> <et=3.54> <Mt= 0.00> <Spt= 0.01> <nCl=  6> <al=0.43> <DB= 2406.0339> <Mlp= 2496.7660> <PB=1000000> 
<DWph=2> <it=194> <et=3.56> <Mt= 0.00> <Spt= 0.02> <nCl= 18> <al=0.33> <DB= 2280.2625> <Mlp= 2496.7306> <PB=1000000> 
<DWph=2> <it=195> <et=3.57> <Mt= 0.01> <Spt= 0.01> <nCl=  8> <al=0.40> <DB= 2421.8619> <Mlp= 2496.4940> <PB=1000000> 
<DWph=2> <it=196> <et=3.59> <Mt= 0.00> <Spt= 0.01> <nCl=  8> <al=0.46> <DB= 1847.4156> <Mlp= 2496.4940> <PB=1000000> 
<DWph=2> <it=197> <et=3.60> <Mt= 0.00> <Spt= 0.01> <nCl= 11> <al=0.51> <DB= 2353.4121> <Mlp= 2495.7496> <PB=1000000> 
<DWph=2> <it=198> <et=3.62> <Mt= 0.00> <Spt= 0.01> <nCl= 13> <al=0.41> <DB= 1941.8811> <Mlp= 2495.2470> <PB=1000000> 
<DWph=2> <it=199> <et=3.64> <Mt= 0.01> <Spt= 0.02> <nCl= 21> <al=0.31> <DB= 1452.4851> <Mlp= 2494.9434> <PB=1000000> 
<DWph=2> <it=200> <et=3.65> <Mt= 0.00> <Spt= 0.01> <nCl= 10> <al=0.38> <DB= 2347.6959> <Mlp= 2494.4608> <PB=1000000> 
<DWph=2> <it=201> <et=3.68> <Mt= 0.00> <Spt= 0.02> <nCl= 25> <al=0.00> <DB= 1424.1983> <Mlp= 2494.4605> <PB=1000000> 
<DWph=2> <it=202> <et=3.69> <Mt= 0.01> <Spt= 0.01> <nCl= 13> <al=0.34> <DB= 2270.8942> <Mlp= 2494.4488> <PB=1000000> 
<DWph=2> <it=203> <et=3.71> <Mt= 0.00> <Spt= 0.02> <nCl= 11> <al=0.41> <DB= 1677.0846> <Mlp= 2494.3251> <PB=1000000> 
<DWph=2> <it=204> <et=3.72> <Mt= 0.00> <Spt= 0.01> <nCl=  9> <al=0.47> <DB= 2342.6371> <Mlp= 2494.0514> <PB=1000000> 
<DWph=2> <it=205> <et=3.73> <Mt= 0.00> <Spt= 0.01> <nCl=  5> <al=0.52> <DB= 2350.2598> <Mlp= 2493.8700> <PB=1000000> 
<DWph=2> <it=206> <et=3.75> <Mt= 0.01> <Spt= 0.02> <nCl= 21> <al=0.00> <DB= 2075.9858> <Mlp= 2493.8694> <PB=1000000> 
<DWph=2> <it=207> <et=3.77> <Mt= 0.00> <Spt= 0.01> <nCl=  7> <al=0.32> <DB= 2155.0818> <Mlp= 2493.8081> <PB=1000000> 
<DWph=2> <it=208> <et=3.78> <Mt= 0.00> <Spt= 0.01> <nCl=  9> <al=0.22> <DB= 2440.7009> <Mlp= 2493.6489> <PB=1000000> 
<DWph=2> <it=209> <et=3.80> <Mt= 0.00> <Spt= 0.01> <nCl= 15> <al=0.12> <DB= 2074.4777> <Mlp= 2493.6182> <PB=1000000> 
<DWph=2> <it=210> <et=3.81> <Mt= 0.01> <Spt= 0.02> <nCl= 11> <al=0.21> <DB= 2313.7927> <Mlp= 2493.3856> <PB=1000000> 
<DWph=2> <it=211> <et=3.83> <Mt= 0.00> <Spt= 0.01> <nCl=  9> <al=0.29> <DB= 2362.0307> <Mlp= 2493.3546> <PB=1000000> 
<DWph=2> <it=212> <et=3.84> <Mt= 0.00> <Spt= 0.01> <nCl=  7> <al=0.19> <DB= 2314.5547> <Mlp= 2493.2754> <PB=1000000> 
<DWph=2> <it=213> <et=3.85> <Mt= 0.00> <Spt= 0.01> <nCl=  7> <al=0.27> <DB= 2284.7415> <Mlp= 2493.2724> <PB=1000000> 
<DWph=2> <it=214> <et=3.88> <Mt= 0.00> <Spt= 0.02> <nCl= 16> <al=0.00> <DB= 2419.2910> <Mlp= 2493.2450> <PB=1000000> 
<DWph=2> <it=215> <et=3.89> <Mt= 0.01> <Spt= 0.01> <nCl=  1> <al=0.07> <DB= 2487.9330> <Mlp= 2493.2450> <PB=1000000> 
<DWph=2> <it=216> <et=3.91> <Mt= 0.00> <Spt= 0.02> <nCl=  6> <al=0.00> <DB= 2491.8486> <Mlp= 2493.2450> <PB=1000000> 
<DWph=2> <it=217> <et=3.94> <Mt= 0.00> <Spt= 0.03> <nCl=  2> <al=0.00> <DB= 2493.2450> <Mlp= 2493.2450> <PB=1000000> 
<DWph=1> <it=218> <et=3.98> <Mt= 0.00> <Spt= 0.03> <nCl= 30> <al=0.00> <DB= 1837.8847> <Mlp= 2493.2450> <PB=1000000> 
<DWph=1> <it=219> <et=4.03> <Mt= 0.01> <Spt= 0.05> <nCl= 30> <al=0.00> <DB=  731.2362> <Mlp= 2491.8295> <PB=1000000> 
<DWph=1> <it=220> <et=4.08> <Mt= 0.00> <Spt= 0.04> <nCl= 30> <al=0.07> <DB= 1758.7977> <Mlp= 2491.8295> <PB=1000000> 
<DWph=1> <it=221> <et=4.12> <Mt= 0.00> <Spt= 0.04> <nCl= 29> <al=0.00> <DB= 1470.9328> <Mlp= 2491.7704> <PB=1000000> 
<DWph=1> <it=222> <et=4.16> <Mt= 0.01> <Spt= 0.04> <nCl= 19> <al=0.07> <DB= 1536.3224> <Mlp= 2491.7563> <PB=1000000> 
<DWph=1> <it=223> <et=4.21> <Mt= 0.00> <Spt= 0.04> <nCl= 14> <al=0.16> <DB= 2147.2767> <Mlp= 2491.5851> <PB=1000000> 
<DWph=1> <it=224> <et=4.25> <Mt= 0.00> <Spt= 0.04> <nCl= 13> <al=0.25> <DB= 2247.9329> <Mlp= 2491.5851> <PB=1000000> 
<DWph=1> <it=225> <et=4.29> <Mt= 0.00> <Spt= 0.04> <nCl= 11> <al=0.32> <DB= 1275.6783> <Mlp= 2491.3476> <PB=1000000> 
<DWph=1> <it=226> <et=4.33> <Mt= 0.01> <Spt= 0.04> <nCl=  6> <al=0.22> <DB= 1671.5687> <Mlp= 2491.3476> <PB=1000000> 
<DWph=1> <it=227> <et=4.38> <Mt= 0.00> <Spt= 0.04> <nCl=  9> <al=0.12> <DB= 2374.6891> <Mlp= 2491.2657> <PB=1000000> 
<DWph=1> <it=228> <et=4.46> <Mt= 0.00> <Spt= 0.08> <nCl=  6> <al=0.00> <DB= 2490.1627> <Mlp= 2491.2356> <PB=1000000> 
<DWph=1> <it=229> <et=4.54> <Mt= 0.00> <Spt= 0.08> <nCl=  0> <al=0.00> <DB= 2491.2356> <Mlp= 2491.2356> <PB=1000000> 
    RCSP exact solver info for graph G_0 : TT = 0.24645, pt = 3.2e-05, dt = 0.238982, ct = 0.006794, ndl = 25845', bdl = 2302345', odl = 13174', odf = 120894', bsi = 2008', cnt = 295208', bdch = 43757232', odch = 867717', lcp = 558017', #sols = 150
<DWph=0> <it=230> <et=4.79> <Mt= 0.00> <Spt= 0.25> <nCl=150> <al=0.01> <DB=  373.9132> <Mlp= 2491.2356> <PB=1000000> 
    RCSP exact solver info for graph G_0 : TT = 0.219402, pt = 6.2e-05, dt = 0.211203, ct = 0.007387, ndl = 26654', bdl = 2368030', odl = 13067', odf = 123673', bsi = 1742', cnt = 414990', bdch = 46025093', odch = 980279', lcp = 603117', #sols = 150
<DWph=0> <it=231> <et=5.02> <Mt= 0.01> <Spt= 0.23> <nCl=145> <al=0.11> <DB= 1411.2270> <Mlp= 2491.2259> <PB=1000000> 
    RCSP exact solver info for graph G_0 : TT = 0.217188, pt = 8.2e-05, dt = 0.208908, ct = 0.007479, ndl = 26241', bdl = 2312367', odl = 13396', odf = 123353', bsi = 1790', cnt = 369232', bdch = 44559234', odch = 939747', lcp = 595479', #sols = 150
<DWph=0> <it=232> <et=5.26> <Mt= 0.01> <Spt= 0.22> <nCl=150> <al=0.20> <DB= 1240.8986> <Mlp= 2489.1793> <PB=1000000> 
    RCSP exact solver info for graph G_0 : TT = 0.227135, pt = 6.1e-05, dt = 0.2189, ct = 0.007407, ndl = 26931', bdl = 2379241', odl = 13429', odf = 125333', bsi = 1690', cnt = 368197', bdch = 47019919', odch = 960549', lcp = 623517', #sols = 150
<DWph=0> <it=233> <et=5.50> <Mt= 0.00> <Spt= 0.24> <nCl=112> <al=0.28> <DB= 2042.7702> <Mlp= 2489.1377> <PB=1000000> 
    RCSP exact solver info for graph G_0 : TT = 0.228907, pt = 8e-05, dt = 0.22034, ct = 0.007701, ndl = 27063', bdl = 2394647', odl = 13597', odf = 126972', bsi = 1703', cnt = 448920', bdch = 47497401', odch = 1074399', lcp = 672576', #sols = 150
<DWph=0> <it=234> <et=5.74> <Mt= 0.01> <Spt= 0.23> <nCl=136> <al=0.35> <DB= 2013.2507> <Mlp= 2488.2992> <PB=1000000> 
    RCSP exact solver info for graph G_0 : TT = 0.233545, pt = 6.4e-05, dt = 0.225256, ct = 0.007367, ndl = 27459', bdl = 2413394', odl = 13569', odf = 127770', bsi = 1667', cnt = 419872', bdch = 48346086', odch = 1032832', lcp = 662548', #sols = 150
<DWph=0> <it=235> <et=5.98> <Mt= 0.00> <Spt= 0.24> <nCl= 36> <al=0.42> <DB= 2262.9183> <Mlp= 2486.5775> <PB=1000000> 
    RCSP exact solver info for graph G_0 : TT = 0.228354, pt = 5.4e-05, dt = 0.21911, ct = 0.007749, ndl = 27193', bdl = 2380936', odl = 13572', odf = 127427', bsi = 1665', cnt = 413582', bdch = 47499619', odch = 1023296', lcp = 656082', #sols = 150
<DWph=0> <it=236> <et=6.22> <Mt= 0.01> <Spt= 0.23> <nCl= 29> <al=0.32> <DB= 2239.2204> <Mlp= 2486.5595> <PB=1000000> 
    RCSP exact solver info for graph G_0 : TT = 0.233074, pt = 5.3e-05, dt = 0.223899, ct = 0.008214, ndl = 27060', bdl = 2373015', odl = 13566', odf = 127125', bsi = 1665', cnt = 412712', bdch = 47077083', odch = 1016186', lcp = 650399', #sols = 150
    RCSP exact solver info for graph G_0 : TT = 0.221004, pt = 6.5e-05, dt = 0.212671, ct = 0.007457, ndl = 26803', bdl = 2345345', odl = 13494', odf = 126022', bsi = 1673', cnt = 442372', bdch = 46059148', odch = 1038794', lcp = 658931', #sols = 150
<DWph=0> <it=237> <et=6.68> <Mt= 0.00> <Spt= 0.47> <nCl= 61> <al=0.00> <DB= 2341.0596> <Mlp= 2486.5522> <PB=1000000> 
    RCSP exact solver info for graph G_0 : TT = 0.22547, pt = 5.4e-05, dt = 0.217032, ct = 0.007537, ndl = 26863', bdl = 2353415', odl = 13374', odf = 125919', bsi = 1666', cnt = 421599', bdch = 46177026', odch = 1014179', lcp = 647368', #sols = 150
    RCSP exact solver info for graph G_0 : TT = 0.224921, pt = 5e-05, dt = 0.215999, ct = 0.008005, ndl = 26946', bdl = 2357749', odl = 13492', odf = 126319', bsi = 1677', cnt = 438728', bdch = 46595452', odch = 1040478', lcp = 660312', #sols = 150
<DWph=0> <it=238> <et=7.14> <Mt= 0.00> <Spt= 0.46> <nCl= 23> <al=0.00> <DB= 2486.5491> <Mlp= 2486.5491> <PB=1000000> 
RCSP solver dynamic params and stats :  bidir.bord. = 375 aver.obdmd = 24.5246 aver.buck.num. = 26
@@ 1 0 2486.55 0.226854 0.245776 91.779 7.14
RCSP      solver labels distribution in 1446 buckets (bucket size) : largest - 143, top 0.1% - 141, top 0.5% - 128, top 2% - 78, top 10% - 42, top 50% - 13
Reduced cost fixing for graph G_0...  TT = 0.607782, pt = 0.051498, dt = 0.555722, ct = 0, ndl = 74068', bdl = 5537233', odl = 15053', odf = 288450', lpcb = 333753', cnt = 20368694', bdch = 128739611', odch = 5169389', lcp = 1771245'
335940 buck. arcs remain (98.8% from prev., 90.7% from max.) + 0 jump buck. arcs (0% from max.)
 TT = 0.83157, pt = 0.051498, dt = 0.555722, ct = 0.223669, ndl = 74068', bdl = 5537233', odl = 15053', odf = 288450', lpcb = 333753', cnt = 21081151', bdch = 128739611', odch = 5169389', lcp = 1771245'
RCSP      solver labels distribution in 2817 buckets (bucket size) : largest - 193, top 0.1% - 182, top 0.5% - 163, top 2% - 132, top 10% - 63, top 50% - 16
Run forward enumeration with border = 375... not succeeded (ratio 0.991598) lpt = 0.013491, ndl = 10117', dl = 0', lpcb = 0', dch = 3860'
 TT = 0.018145, pt = 0.001684, dt = 0.013491, ct = 0, ndl = 10117', bdl = 0', cnt = 53009', bdch = 3860', odch = 0', lcp = 0'
Bucket graph for G_0 is regenerated as bucket steps were adjusted for 122 vertices
RCSP solver info : number of forw. reachable buckets / buck. strongly connected components is 5998( 96.3999% ) / 5898( 98.3328% )
657880 forw. buck. arcs remain (92.1865% from max.) + 0 jump buck. arcs
ColGenEvalAlg final dual bound: 2486.55 (rounded: 2487)
In total 2 RCC cut(s) are found by the connected components heuristic 
Shrinking heuristic shrunk 37 edges
In total 24 RCC cut(s) are found by the Fractional capacity min-cut heuristic 
In total 67 RCC cut(s) are found by the greedy construction heuristic 
----- Add fac. cuts : CAP(93), max.viol = 0.525759, aver.viol = 0.0957395, sep/add took 0.0326972/0.42072 sec. -----
6472 columns (6472 active), 93 dyn. constrs. (93 active), 335 art. vars. (335 active)
<DWph=2> <it=  1> <et=8.65> <Mt= 0.04> <Spt= 0.02> <nCl= 30> <al=0.50> <DB=  954.0694> <Mlp= 2497.0300> <PB=1000000> 
<DWph=2> <it=  2> <et=8.69> <Mt= 0.02> <Spt= 0.02> <nCl= 18> <al=0.55> <DB= 2119.3439> <Mlp= 2496.1351> <PB=1000000> 
<DWph=2> <it=  3> <et=8.72> <Mt= 0.01> <Spt= 0.02> <nCl= 10> <al=0.60> <DB= 2364.1073> <Mlp= 2495.7522> <PB=1000000> 
<DWph=2> <it=  4> <et=8.76> <Mt= 0.02> <Spt= 0.02> <nCl= 10> <al=0.64> <DB= 2489.8361> <Mlp= 2495.5668> <PB=1000000> 
<DWph=2> <it=  5> <et=8.78> <Mt= 0.00> <Spt= 0.02> <nCl= 23> <al=0.54> <DB= 2223.7232> <Mlp= 2495.5597> <PB=1000000> 
<DWph=2> <it=  6> <et=8.82> <Mt= 0.02> <Spt= 0.02> <nCl= 15> <al=0.58> <DB= 2174.8732> <Mlp= 2495.0755> <PB=1000000> 
<DWph=2> <it=  7> <et=8.85> <Mt= 0.01> <Spt= 0.02> <nCl=  6> <al=0.62> <DB= 2477.8910> <Mlp= 2494.5370> <PB=1000000> 
<DWph=2> <it=  8> <et=8.87> <Mt= 0.01> <Spt= 0.02> <nCl=  6> <al=0.52> <DB= 2365.3879> <Mlp= 2494.5320> <PB=1000000> 
<DWph=2> <it=  9> <et=8.92> <Mt= 0.00> <Spt= 0.04> <nCl= 33> <al=0.14> <DB= 2058.9281> <Mlp= 2494.5159> <PB=1000000> 
<DWph=2> <it= 10> <et=8.95> <Mt= 0.01> <Spt= 0.02> <nCl= 22> <al=0.47> <DB= 2464.9022> <Mlp= 2494.4295> <PB=1000000> 
<DWph=2> <it= 11> <et=8.97> <Mt= 0.01> <Spt= 0.01> <nCl= 12> <al=0.52> <DB= 2488.5506> <Mlp= 2494.3340> <PB=1000000> 
<DWph=2> <it= 12> <et=9.01> <Mt= 0.01> <Spt= 0.03> <nCl= 13> <al=0.42> <DB= 2436.7915> <Mlp= 2494.2944> <PB=1000000> 
<DWph=2> <it= 13> <et=9.03> <Mt= 0.01> <Spt= 0.02> <nCl=  7> <al=0.48> <DB= 2493.0652> <Mlp= 2494.2027> <PB=1000000> 
<DWph=2> <it= 14> <et=9.05> <Mt= 0.00> <Spt= 0.01> <nCl= 17> <al=0.38> <DB= 2343.2772> <Mlp= 2494.2027> <PB=1000000> 
<DWph=2> <it= 15> <et=9.08> <Mt= 0.01> <Spt= 0.02> <nCl= 14> <al=0.44> <DB= 2401.7617> <Mlp= 2494.1478> <PB=1000000> 
<DWph=2> <it= 16> <et=9.11> <Mt= 0.00> <Spt= 0.02> <nCl= 10> <al=0.50> <DB= 2455.0155> <Mlp= 2494.1475> <PB=1000000> 
<DWph=2> <it= 17> <et=9.13> <Mt= 0.01> <Spt= 0.02> <nCl=  4> <al=0.55> <DB= 2460.7873> <Mlp= 2494.1322> <PB=1000000> 
<DWph=2> <it= 18> <et=9.17> <Mt= 0.00> <Spt= 0.04> <nCl= 18> <al=0.19> <DB= 2314.6560> <Mlp= 2494.1322> <PB=1000000> 
<DWph=2> <it= 19> <et=9.22> <Mt= 0.01> <Spt= 0.04> <nCl= 27> <al=0.00> <DB= 2322.0501> <Mlp= 2494.0874> <PB=1000000> 
<DWph=2> <it= 20> <et=9.24> <Mt= 0.01> <Spt= 0.01> <nCl=  3> <al=0.39> <DB= 2471.0393> <Mlp= 2494.0228> <PB=1000000> 
<DWph=2> <it= 21> <et=9.27> <Mt= 0.01> <Spt= 0.02> <nCl=  5> <al=0.45> <DB= 2480.2915> <Mlp= 2494.0001> <PB=1000000> 
<DWph=2> <it= 22> <et=9.31> <Mt= 0.00> <Spt= 0.04> <nCl= 14> <al=0.02> <DB= 2254.4290> <Mlp= 2494.0001> <PB=1000000> 
<DWph=2> <it= 23> <et=9.34> <Mt= 0.01> <Spt= 0.02> <nCl=  3> <al=0.41> <DB= 2404.9150> <Mlp= 2493.8609> <PB=1000000> 
<DWph=2> <it= 24> <et=9.36> <Mt= 0.00> <Spt= 0.02> <nCl=  4> <al=0.31> <DB= 2426.6370> <Mlp= 2493.8609> <PB=1000000> 
<DWph=2> <it= 25> <et=9.38> <Mt= 0.00> <Spt= 0.02> <nCl=  5> <al=0.21> <DB= 2453.7284> <Mlp= 2493.8597> <PB=1000000> 
<DWph=2> <it= 26> <et=9.42> <Mt= 0.01> <Spt= 0.03> <nCl= 11> <al=0.00> <DB= 2375.5192> <Mlp= 2493.8597> <PB=1000000> 
<DWph=2> <it= 27> <et=9.47> <Mt= 0.00> <Spt= 0.04> <nCl=  8> <al=0.00> <DB= 2485.8950> <Mlp= 2493.8253> <PB=1000000> 
<DWph=2> <it= 28> <et=9.49> <Mt= 0.01> <Spt= 0.02> <nCl=  0> <al=0.00> <DB= 2493.8253> <Mlp= 2493.8253> <PB=1000000> 
<DWph=1> <it= 29> <et=9.54> <Mt= 0.00> <Spt= 0.05> <nCl= 17> <al=0.00> <DB= 2181.9590> <Mlp= 2493.8253> <PB=1000000> 
<DWph=1> <it= 30> <et=9.61> <Mt= 0.01> <Spt= 0.06> <nCl= 23> <al=0.00> <DB= 2085.2277> <Mlp= 2493.6917> <PB=1000000> 
<DWph=1> <it= 31> <et=9.67> <Mt= 0.01> <Spt= 0.05> <nCl= 21> <al=0.00> <DB= 2187.1468> <Mlp= 2493.4407> <PB=1000000> 
<DWph=1> <it= 32> <et=9.74> <Mt= 0.01> <Spt= 0.05> <nCl= 15> <al=0.00> <DB= 2373.3692> <Mlp= 2493.3692> <PB=1000000> 
<DWph=1> <it= 33> <et=9.80> <Mt= 0.00> <Spt= 0.06> <nCl= 10> <al=0.00> <DB= 2452.8357> <Mlp= 2493.3650> <PB=1000000> 
<DWph=1> <it= 34> <et=9.85> <Mt= 0.01> <Spt= 0.05> <nCl=  4> <al=0.00> <DB= 2430.7446> <Mlp= 2493.3650> <PB=1000000> 
<DWph=1> <it= 35> <et=9.91> <Mt= 0.01> <Spt= 0.05> <nCl=  3> <al=0.00> <DB= 2489.2663> <Mlp= 2493.3650> <PB=1000000> 
<DWph=1> <it= 36> <et=9.98> <Mt= 0.00> <Spt= 0.06> <nCl=  1> <al=0.00> <DB= 2493.3650> <Mlp= 2493.3650> <PB=1000000> 
    RCSP exact solver info for graph G_0 : TT = 0.160393, pt = 8.4e-05, dt = 0.153093, ct = 0.006305, ndl = 22676', bdl = 2018697', odl = 21110', odf = 207659', bsi = 1455', cnt = 212073', bdch = 23137309', odch = 840804', lcp = 398110', #sols = 150
<DWph=0> <it= 37> <et=10.15> <Mt= 0.00> <Spt= 0.18> <nCl=116> <al=0.00> <DB= 2158.1794> <Mlp= 2493.3650> <PB=1000000> 
    RCSP exact solver info for graph G_0 : TT = 0.152296, pt = 0.000138, dt = 0.145691, ct = 0.005606, ndl = 22237', bdl = 1987976', odl = 21129', odf = 201690', bsi = 1356', cnt = 230874', bdch = 22374816', odch = 802100', lcp = 395503', #sols = 150
<DWph=0> <it= 38> <et=10.32> <Mt= 0.01> <Spt= 0.16> <nCl= 73> <al=0.00> <DB= 2378.9167> <Mlp= 2493.2891> <PB=1000000> 
    RCSP exact solver info for graph G_0 : TT = 0.164211, pt = 0.000123, dt = 0.157548, ct = 0.005618, ndl = 22882', bdl = 2048726', odl = 21046', odf = 207355', bsi = 1367', cnt = 279323', bdch = 23530216', odch = 880118', lcp = 423849', #sols = 150
<DWph=0> <it= 39> <et=10.50> <Mt= 0.01> <Spt= 0.17> <nCl= 44> <al=0.00> <DB= 2316.7140> <Mlp= 2493.1393> <PB=1000000> 
    RCSP exact solver info for graph G_0 : TT = 0.153604, pt = 0.000115, dt = 0.146669, ct = 0.005898, ndl = 21918', bdl = 1974019', odl = 20987', odf = 201220', bsi = 1358', cnt = 247835', bdch = 21918813', odch = 836939', lcp = 405994', #sols = 150
<DWph=0> <it= 40> <et=10.67> <Mt= 0.00> <Spt= 0.16> <nCl= 27> <al=0.00> <DB= 2463.2018> <Mlp= 2493.1388> <PB=1000000> 
    RCSP exact solver info for graph G_0 : TT = 0.149114, pt = 0.000129, dt = 0.142488, ct = 0.005269, ndl = 21958', bdl = 1978848', odl = 21065', odf = 201228', bsi = 1356', cnt = 249588', bdch = 22010337', odch = 837072', lcp = 407575', #sols = 150
    RCSP exact solver info for graph G_0 : TT = 0.154197, pt = 8.5e-05, dt = 0.143725, ct = 0.009289, ndl = 21977', bdl = 1980682', odl = 21074', odf = 201407', bsi = 1351', cnt = 249674', bdch = 22056521', odch = 837496', lcp = 408209', #sols = 150
<DWph=0> <it= 41> <et=10.99> <Mt= 0.01> <Spt= 0.32> <nCl=  7> <al=0.00> <DB= 2493.1388> <Mlp= 2493.1388> <PB=1000000> 
RCSP solver dynamic params and stats :  bidir.bord. = 375 aver.obdmd = 49.0492 aver.buck.num. = 51
@@ 1 1 2493.14 0.154533 0.163166 92.1865 10.99
    Full reduced cost fixing is not called (gap ratio is 0.999993)
Bucket graph for G_0 is regenerated as bucket steps were adjusted for 122 vertices
RCSP solver info : number of forw. reachable buckets / buck. strongly connected components is 11851( 96.1776% ) / 11851( 100% )
1303587 forw. buck. arcs remain (92.453% from max.) + 0 jump buck. arcs
ColGenEvalAlg final dual bound: 2493.14 (rounded: 2494)
False gap improvement since the last cut separation : 0.0265012 (2486.55)
Current active cuts : CAP(16,721.674)
In total 1 RCC cut(s) are found by the connected components heuristic 
Shrinking heuristic shrunk 33 edges
In total 5 RCC cut(s) are found by the Fractional capacity min-cut heuristic 
In total 3 RCC cut(s) are found by the greedy construction heuristic 
In total 3 RCC cut(s) are found by the global pool greedy search heuristic 
----- Add fac. cuts : CAP(12), max.viol = 0.155061, aver.viol = 0.129912, sep/add took 0.0328722/0.034334 sec. -----
7181 columns (7181 active), 105 dyn. constrs. (36 active), 347 art. vars. (278 active)
<DWph=2> <it=  1> <et=11.37> <Mt= 0.02> <Spt= 0.03> <nCl=  3> <al=0.50> <DB= 2493.5075> <Mlp= 2493.8762> <PB=1000000> 
<DWph=2> <it=  2> <et=11.41> <Mt= 0.00> <Spt= 0.03> <nCl=  6> <al=0.40> <DB= 2439.9933> <Mlp= 2493.8491> <PB=1000000> 
<DWph=2> <it=  3> <et=11.48> <Mt= 0.01> <Spt= 0.06> <nCl= 15> <al=0.00> <DB= 2436.8735> <Mlp= 2493.8214> <PB=1000000> 
<DWph=2> <it=  4> <et=11.54> <Mt= 0.00> <Spt= 0.06> <nCl=  5> <al=0.00> <DB= 2493.8213> <Mlp= 2493.8213> <PB=1000000> 
<DWph=1> <it=  5> <et=11.62> <Mt= 0.00> <Spt= 0.08> <nCl= 10> <al=0.26> <DB= 2313.7433> <Mlp= 2493.8213> <PB=1000000> 
<DWph=1> <it=  6> <et=11.71> <Mt= 0.01> <Spt= 0.08> <nCl=  6> <al=0.33> <DB= 2440.3764> <Mlp= 2493.7684> <PB=1000000> 
<DWph=1> <it=  7> <et=11.80> <Mt= 0.01> <Spt= 0.08> <nCl=  6> <al=0.23> <DB= 2462.3558> <Mlp= 2493.7570> <PB=1000000> 
<DWph=1> <it=  8> <et=11.88> <Mt= 0.00> <Spt= 0.08> <nCl=  3> <al=0.13> <DB= 2479.6767> <Mlp= 2493.7546> <PB=1000000> 
<DWph=1> <it=  9> <et=12.04> <Mt= 0.00> <Spt= 0.16> <nCl=  4> <al=0.00> <DB= 2493.7546> <Mlp= 2493.7546> <PB=1000000> 
    RCSP exact solver info for graph G_0 : TT = 0.143644, pt = 0.000244, dt = 0.137007, ct = 0.005342, ndl = 21776', bdl = 1947682', odl = 33543', odf = 415558', bsi = 1333', cnt = 188316', bdch = 14477801', odch = 889243', lcp = 301609', #sols = 150
<DWph=0> <it= 10> <et=12.19> <Mt= 0.01> <Spt= 0.15> <nCl= 50> <al=0.12> <DB= 2279.8434> <Mlp= 2493.7546> <PB=1000000> 
    RCSP exact solver info for graph G_0 : TT = 0.154777, pt = 0.000218, dt = 0.147954, ct = 0.005552, ndl = 21886', bdl = 1958369', odl = 33255', odf = 415974', bsi = 1368', cnt = 200984', bdch = 14460562', odch = 898724', lcp = 299553', #sols = 150
<DWph=0> <it= 11> <et=12.36> <Mt= 0.00> <Spt= 0.16> <nCl= 14> <al=0.21> <DB= 2449.0920> <Mlp= 2493.6869> <PB=1000000> 
    RCSP exact solver info for graph G_0 : TT = 0.146807, pt = 0.000218, dt = 0.13971, ct = 0.005758, ndl = 22240', bdl = 1979994', odl = 33201', odf = 419598', bsi = 1370', cnt = 214505', bdch = 14707299', odch = 925385', lcp = 304678', #sols = 150
    RCSP exact solver info for graph G_0 : TT = 0.14323, pt = 0.00016, dt = 0.136283, ct = 0.005746, ndl = 21679', bdl = 1938737', odl = 33339', odf = 409674', bsi = 1380', cnt = 199563', bdch = 14208928', odch = 885245', lcp = 297555', #sols = 150
<DWph=0> <it= 12> <et=12.67> <Mt= 0.01> <Spt= 0.30> <nCl=  8> <al=0.00> <DB= 2493.6859> <Mlp= 2493.6859> <PB=1000000> 
RCSP solver dynamic params and stats :  bidir.bord. = 375 aver.obdmd = 98.0984 aver.buck.num. = 101
@@ 1 2 2493.69 0.145838 0.153506 92.453 12.67
    Full reduced cost fixing is not called (gap ratio is 0.999993)
ColGenEvalAlg final dual bound: 2493.69 (rounded: 2494)
False gap improvement since the last cut separation : 0.00219442 (2493.14)
Cut generation tailing off counter increased to 1
Current active cuts : CAP(21,813.847)
In total 1 RCC cut(s) are found by the connected components heuristic 
Shrinking heuristic shrunk 35 edges
In total 3 RCC cut(s) are found by the Fractional capacity min-cut heuristic 
In total 1 RCC cut(s) are found by the greedy construction heuristic 
In total 4 RCC cut(s) are found by the global pool greedy search heuristic 
----- Add fac. cuts : CAP(9), max.viol = 0.065338, aver.viol = 0.0399603, sep/add took 0.0320768/0.0248718 sec. -----
7311 columns (7311 active), 45 dyn. constrs. (34 active), 356 art. vars. (276 active)
<DWph=2> <it=  1> <et=12.89> <Mt= 0.01> <Spt= 0.06> <nCl=  9> <al=0.00> <DB= 2488.5869> <Mlp= 2493.7774> <PB=1000000> 
<DWph=2> <it=  2> <et=12.96> <Mt= 0.00> <Spt= 0.07> <nCl=  6> <al=0.00> <DB= 2491.1821> <Mlp= 2493.7774> <PB=1000000> 
<DWph=2> <it=  3> <et=13.04> <Mt= 0.00> <Spt= 0.08> <nCl=  4> <al=0.00> <DB= 2493.7774> <Mlp= 2493.7774> <PB=1000000> 
<DWph=1> <it=  4> <et=13.12> <Mt= 0.01> <Spt= 0.08> <nCl=  4> <al=0.20> <DB= 2456.4854> <Mlp= 2493.7774> <PB=1000000> 
<DWph=1> <it=  5> <et=13.28> <Mt= 0.00> <Spt= 0.15> <nCl=  4> <al=0.00> <DB= 2493.7763> <Mlp= 2493.7763> <PB=1000000> 
    RCSP exact solver info for graph G_0 : TT = 0.150507, pt = 0.000168, dt = 0.143438, ct = 0.005779, ndl = 21320', bdl = 1910690', odl = 33239', odf = 417858', bsi = 1359', cnt = 196272', bdch = 13903845', odch = 880203', lcp = 295089', #sols = 150
<DWph=0> <it=  6> <et=13.44> <Mt= 0.00> <Spt= 0.16> <nCl= 11> <al=0.00> <DB= 2473.3856> <Mlp= 2493.7763> <PB=1000000> 
    RCSP exact solver info for graph G_0 : TT = 0.13788, pt = 0.000191, dt = 0.130989, ct = 0.005473, ndl = 21246', bdl = 1903048', odl = 33291', odf = 417131', bsi = 1390', cnt = 197109', bdch = 13861554', odch = 877600', lcp = 294533', #sols = 150
<DWph=0> <it=  7> <et=13.59> <Mt= 0.01> <Spt= 0.14> <nCl=  8> <al=0.10> <DB= 2477.8511> <Mlp= 2493.7749> <PB=1000000> 
    RCSP exact solver info for graph G_0 : TT = 0.140135, pt = 0.000174, dt = 0.133134, ct = 0.005614, ndl = 21482', bdl = 1923283', odl = 33331', odf = 419871', bsi = 1376', cnt = 207309', bdch = 14088076', odch = 898786', lcp = 298592', #sols = 150
    RCSP exact solver info for graph G_0 : TT = 0.14015, pt = 0.000198, dt = 0.13275, ct = 0.005979, ndl = 21582', bdl = 1929110', odl = 33185', odf = 420532', bsi = 1379', cnt = 208648', bdch = 14141769', odch = 903300', lcp = 297950', #sols = 150
<DWph=0> <it=  8> <et=13.88> <Mt= 0.00> <Spt= 0.29> <nCl=  6> <al=0.00> <DB= 2493.7749> <Mlp= 2493.7749> <PB=1000000> 
RCSP solver dynamic params and stats :  bidir.bord. = 375 aver.obdmd = 98.0984 aver.buck.num. = 101
@@ 1 3 2493.77 0.140789 0.149217 92.453 13.88
    Full reduced cost fixing is not called (gap ratio is 0.999993)
ColGenEvalAlg final dual bound: 2493.77 (rounded: 2494)
False gap improvement since the last cut separation : 0.000356883 (2493.69)
Cut generation tailing off counter increased to 2
Current active cuts : CAP(24,815.579)
Shrinking heuristic shrunk 35 edges
In total 5 RCC cut(s) are found by the global pool greedy search heuristic 
----- Add fac. cuts : CAP(5), max.viol = 0.029578, aver.viol = 0.00998295, sep/add took 0.0332728/0.0154156 sec. -----
7363 columns (7363 active), 39 dyn. constrs. (31 active), 361 art. vars. (273 active)
<DWph=2> <it=  1> <et=14.01> <Mt= 0.01> <Spt= 0.04> <nCl=  4> <al=0.50> <DB= 2455.2175> <Mlp= 2493.8166> <PB=1000000> 
<DWph=2> <it=  2> <et=14.08> <Mt= 0.00> <Spt= 0.06> <nCl=  4> <al=0.10> <DB= 2493.8124> <Mlp= 2493.8166> <PB=1000000> 
<DWph=2> <it=  3> <et=14.14> <Mt= 0.00> <Spt= 0.07> <nCl=  1> <al=0.00> <DB= 2493.8143> <Mlp= 2493.8143> <PB=1000000> 
<DWph=1> <it=  4> <et=14.29> <Mt= 0.00> <Spt= 0.14> <nCl=  3> <al=0.00> <DB= 2493.8143> <Mlp= 2493.8143> <PB=1000000> 
    RCSP exact solver info for graph G_0 : TT = 0.147839, pt = 0.00017, dt = 0.140837, ct = 0.005649, ndl = 21841', bdl = 1951302', odl = 33206', odf = 421368', bsi = 1399', cnt = 186993', bdch = 14443961', odch = 893087', lcp = 296172', #sols = 150
<DWph=0> <it=  5> <et=14.45> <Mt= 0.01> <Spt= 0.16> <nCl= 22> <al=0.25> <DB= 2407.0876> <Mlp= 2493.8143> <PB=1000000> 
    RCSP exact solver info for graph G_0 : TT = 0.15544, pt = 0.000189, dt = 0.146286, ct = 0.006697, ndl = 22134', bdl = 1976285', odl = 33521', odf = 427389', bsi = 1429', cnt = 189487', bdch = 14821103', odch = 915217', lcp = 300080', #sols = 150
    RCSP exact solver info for graph G_0 : TT = 0.15173, pt = 0.000203, dt = 0.144495, ct = 0.005858, ndl = 22096', bdl = 1971146', odl = 33516', odf = 427537', bsi = 1424', cnt = 189626', bdch = 14761353', odch = 913503', lcp = 299084', #sols = 150
<DWph=0> <it=  6> <et=14.77> <Mt= 0.00> <Spt= 0.32> <nCl=  5> <al=0.00> <DB= 2493.8062> <Mlp= 2493.8062> <PB=1000000> 
RCSP solver dynamic params and stats :  bidir.bord. = 375 aver.obdmd = 98.0984 aver.buck.num. = 101
@@ 1 4 2493.81 0.149941 0.152983 92.453 14.77
    Full reduced cost fixing is not called (gap ratio is 0.999993)
ColGenEvalAlg final dual bound: 2493.81 (rounded: 2494)
False gap improvement since the last cut separation : 0.000125758 (2493.77)
----- Cut separators priority level decreased to 1-----
Current active cuts : CAP(24,855.472)
Shrinking heuristic shrunk 37 edges
13 Rank-1 1-rows pack. cuts added ,  max viol. = 0.297893, aver. viol. = 0.135017
150 Rank-1 3-rows pack. cuts added ,  max viol. = 0.357061, aver. viol. = 0.333988
----- Add fac. cuts : R1C(163), max.viol = 0.423209, aver.viol = 0.328642, sep/add took 0.0349843/0.31905 sec. -----
7402 columns (7402 active), 194 dyn. constrs. (189 active), 524 art. vars. (431 active)
<DWph=2> <it=  1> <et=15.31> <Mt= 0.10> <Spt= 0.04> <nCl= 30> <al=0.50> <DB= -256.1554> <Mlp= 2519.0462> <PB=1000000> 
<DWph=2> <it=  2> <et=15.48> <Mt= 0.11> <Spt= 0.06> <nCl= 28> <al=0.55> <DB= 1964.4354> <Mlp= 2512.7453> <PB=1000000> 
<DWph=2> <it=  3> <et=15.58> <Mt= 0.06> <Spt= 0.04> <nCl= 30> <al=0.60> <DB=  732.7149> <Mlp= 2510.8441> <PB=1000000> 
<DWph=2> <it=  4> <et=15.64> <Mt= 0.02> <Spt= 0.04> <nCl= 19> <al=0.64> <DB= 2328.6346> <Mlp= 2509.9842> <PB=1000000> 
<DWph=2> <it=  5> <et=15.71> <Mt= 0.02> <Spt= 0.04> <nCl= 15> <al=0.67> <DB= 2494.8168> <Mlp= 2508.7351> <PB=1000000> 
<DWph=2> <it=  6> <et=15.77> <Mt= 0.02> <Spt= 0.04> <nCl= 20> <al=0.70> <DB= 2303.1441> <Mlp= 2508.4554> <PB=1000000> 
<DWph=2> <it=  7> <et=15.83> <Mt= 0.02> <Spt= 0.05> <nCl= 12> <al=0.73> <DB= 2497.9192> <Mlp= 2507.5145> <PB=1000000> 
<DWph=2> <it=  8> <et=15.88> <Mt= 0.00> <Spt= 0.04> <nCl= 14> <al=0.76> <DB= 2269.4419> <Mlp= 2507.4150> <PB=1000000> 
<DWph=2> <it=  9> <et=15.94> <Mt= 0.02> <Spt= 0.04> <nCl=  3> <al=0.78> <DB= 2502.2533> <Mlp= 2506.6595> <PB=1000000> 
<DWph=2> <it= 10> <et=15.99> <Mt= 0.01> <Spt= 0.04> <nCl= 10> <al=0.68> <DB= 2461.2233> <Mlp= 2506.6407> <PB=1000000> 
<DWph=2> <it= 11> <et=16.04> <Mt= 0.00> <Spt= 0.05> <nCl=  7> <al=0.72> <DB= 2434.6725> <Mlp= 2506.4093> <PB=1000000> 
<DWph=2> <it= 12> <et=16.10> <Mt= 0.01> <Spt= 0.05> <nCl=  4> <al=0.74> <DB= 2447.0919> <Mlp= 2506.3520> <PB=1000000> 
<DWph=2> <it= 13> <et=16.15> <Mt= 0.01> <Spt= 0.04> <nCl=  1> <al=0.77> <DB= 2503.1609> <Mlp= 2506.2027> <PB=1000000> 
<DWph=2> <it= 14> <et=16.20> <Mt= 0.01> <Spt= 0.05> <nCl=  8> <al=0.67> <DB= 2306.3140> <Mlp= 2506.2027> <PB=1000000> 
<DWph=2> <it= 15> <et=16.25> <Mt= 0.00> <Spt= 0.04> <nCl=  6> <al=0.70> <DB= 2368.4346> <Mlp= 2506.0140> <PB=1000000> 
<DWph=2> <it= 16> <et=16.36> <Mt= 0.01> <Spt= 0.10> <nCl= 12> <al=0.47> <DB= 1918.1375> <Mlp= 2505.9557> <PB=1000000> 
<DWph=2> <it= 17> <et=16.42> <Mt= 0.01> <Spt= 0.05> <nCl=  3> <al=0.63> <DB= 2392.0984> <Mlp= 2505.9436> <PB=1000000> 
<DWph=2> <it= 18> <et=16.51> <Mt= 0.01> <Spt= 0.09> <nCl= 23> <al=0.07> <DB= 2252.1140> <Mlp= 2505.9267> <PB=1000000> 
<DWph=2> <it= 19> <et=16.58> <Mt= 0.00> <Spt= 0.06> <nCl=  7> <al=0.43> <DB= 2384.9180> <Mlp= 2505.9079> <PB=1000000> 
<DWph=2> <it= 20> <et=16.68> <Mt= 0.01> <Spt= 0.09> <nCl= 13> <al=0.00> <DB= 2231.9513> <Mlp= 2505.8964> <PB=1000000> 
<DWph=2> <it= 21> <et=16.77> <Mt= 0.00> <Spt= 0.09> <nCl= 12> <al=0.00> <DB= 2233.6726> <Mlp= 2505.8934> <PB=1000000> 
<DWph=2> <it= 22> <et=16.86> <Mt= 0.01> <Spt= 0.08> <nCl=  4> <al=0.00> <DB= 2505.8934> <Mlp= 2505.8934> <PB=1000000> 
<DWph=1> <it= 23> <et=16.96> <Mt= 0.00> <Spt= 0.10> <nCl= 18> <al=0.03> <DB= 2146.9589> <Mlp= 2505.8934> <PB=1000000> 
<DWph=1> <it= 24> <et=17.08> <Mt= 0.02> <Spt= 0.10> <nCl= 30> <al=0.13> <DB= 2126.8113> <Mlp= 2505.7027> <PB=1000000> 
<DWph=1> <it= 25> <et=17.19> <Mt= 0.01> <Spt= 0.10> <nCl= 18> <al=0.22> <DB= 2035.5876> <Mlp= 2505.5934> <PB=1000000> 
<DWph=1> <it= 26> <et=17.31> <Mt= 0.01> <Spt= 0.10> <nCl= 13> <al=0.29> <DB= 2376.9148> <Mlp= 2505.5074> <PB=1000000> 
<DWph=1> <it= 27> <et=17.41> <Mt= 0.01> <Spt= 0.10> <nCl=  8> <al=0.19> <DB= 2352.2596> <Mlp= 2505.4908> <PB=1000000> 
<DWph=1> <it= 28> <et=17.60> <Mt= 0.00> <Spt= 0.19> <nCl= 11> <al=0.00> <DB= 2481.4897> <Mlp= 2505.4908> <PB=1000000> 
<DWph=1> <it= 29> <et=17.71> <Mt= 0.01> <Spt= 0.10> <nCl=  2> <al=0.18> <DB= 2443.6154> <Mlp= 2505.4891> <PB=1000000> 
<DWph=1> <it= 30> <et=17.91> <Mt= 0.01> <Spt= 0.19> <nCl=  7> <al=0.00> <DB= 2505.4832> <Mlp= 2505.4832> <PB=1000000> 
    RCSP exact solver info for graph G_0 : TT = 0.346147, pt = 0.000829, dt = 0.327426, ct = 0.01662, ndl = 35188', bdl = 2940164', odl = 40789', odf = 606533', bsi = 1478', cnt = 598198', bdch = 30228867', odch = 2675021', lcp = 743336', #sols = 150
<DWph=0> <it= 31> <et=18.29> <Mt= 0.00> <Spt= 0.37> <nCl=150> <al=0.16> <DB= 2112.1098> <Mlp= 2505.4832> <PB=1000000> 
    RCSP exact solver info for graph G_0 : TT = 0.231571, pt = 0.00125, dt = 0.214673, ct = 0.014124, ndl = 32626', bdl = 2768810', odl = 39051', odf = 573017', bsi = 1431', cnt = 493689', bdch = 27046754', odch = 2234303', lcp = 606269', #sols = 150
<DWph=0> <it= 32> <et=18.54> <Mt= 0.01> <Spt= 0.25> <nCl= 78> <al=0.06> <DB= 2233.0735> <Mlp= 2505.3162> <PB=1000000> 
    RCSP exact solver info for graph G_0 : TT = 0.224677, pt = 0.001116, dt = 0.208448, ct = 0.013723, ndl = 32798', bdl = 2779080', odl = 38751', odf = 572328', bsi = 1414', cnt = 478605', bdch = 27010955', odch = 2256951', lcp = 607555', #sols = 150
<DWph=0> <it= 33> <et=18.78> <Mt= 0.01> <Spt= 0.23> <nCl= 47> <al=0.15> <DB= 2379.5232> <Mlp= 2505.2789> <PB=1000000> 
    RCSP exact solver info for graph G_0 : TT = 0.22616, pt = 0.000943, dt = 0.209646, ct = 0.014139, ndl = 32817', bdl = 2776453', odl = 38840', odf = 568658', bsi = 1445', cnt = 505346', bdch = 27147926', odch = 2232138', lcp = 600412', #sols = 150
    RCSP exact solver info for graph G_0 : TT = 0.225533, pt = 0.000843, dt = 0.209208, ct = 0.014236, ndl = 32178', bdl = 2728940', odl = 38781', odf = 565017', bsi = 1430', cnt = 472426', bdch = 26274964', odch = 2175124', lcp = 592676', #sols = 150
<DWph=0> <it= 34> <et=19.26> <Mt= 0.00> <Spt= 0.47> <nCl= 66> <al=0.00> <DB= 2505.2700> <Mlp= 2505.2700> <PB=1000000> 
RCSP solver dynamic params and stats :  bidir.bord. = 375 aver.obdmd = 98.0984 aver.buck.num. = 101 nbR1C = 30 with avMem = 10.5333
@@ 1 5 2505.27 0.248449 0.344046 92.453 19.26
    Full reduced cost fixing is not called (gap ratio is 0.999981)
ColGenEvalAlg final dual bound: 2505.27 (rounded: 2506)
False gap improvement since the last cut separation : 0.045969 (2493.81)
Current active cuts : CAP(18,470.958) R1C(5+25,53.5333) 1rowPackR1C(5) 3rowPackR1C(25)
In total 1 RCC cut(s) are found by the connected components heuristic 
Shrinking heuristic shrunk 23 edges
In total 4 RCC cut(s) are found by the Fractional capacity min-cut heuristic 
In total 7 RCC cut(s) are found by the greedy construction heuristic 
In total 8 RCC cut(s) are found by the global pool greedy search heuristic 
40 Rank-1 1-rows pack. cuts added ,  max viol. = 0.258541, aver. viol. = 0.0723306
150 Rank-1 3-rows pack. cuts added ,  max viol. = 0.361963, aver. viol. = 0.260064
----- Add fac. cuts : CAP(20) R1C(190), max.viol = 0.361963, aver.viol = 0.216681, sep/add took 0.0508983/0.501654 sec. -----
8131 columns (8131 active), 399 dyn. constrs. (259 active), 734 art. vars. (501 active)
<DWph=2> <it=  1> <et=20.02> <Mt= 0.11> <Spt= 0.07> <nCl= 21> <al=0.50> <DB= 2136.9122> <Mlp= 2511.5716> <PB=1000000> 
<DWph=2> <it=  2> <et=20.10> <Mt= 0.02> <Spt= 0.06> <nCl= 14> <al=0.55> <DB= 2469.7373> <Mlp= 2511.4014> <PB=1000000> 
<DWph=2> <it=  3> <et=20.17> <Mt= 0.02> <Spt= 0.05> <nCl= 11> <al=0.60> <DB= 2460.2841> <Mlp= 2511.1585> <PB=1000000> 
<DWph=2> <it=  4> <et=20.30> <Mt= 0.01> <Spt= 0.12> <nCl= 33> <al=0.27> <DB= 2083.5166> <Mlp= 2511.1334> <PB=1000000> 
<DWph=2> <it=  5> <et=20.38> <Mt= 0.02> <Spt= 0.06> <nCl= 17> <al=0.54> <DB= 2487.9441> <Mlp= 2510.9812> <PB=1000000> 
<DWph=2> <it=  6> <et=20.44> <Mt= 0.01> <Spt= 0.05> <nCl= 11> <al=0.58> <DB= 2443.9219> <Mlp= 2510.9207> <PB=1000000> 
<DWph=2> <it=  7> <et=20.57> <Mt= 0.02> <Spt= 0.11> <nCl= 27> <al=0.25> <DB= 2327.1452> <Mlp= 2510.8645> <PB=1000000> 
<DWph=2> <it=  8> <et=20.64> <Mt= 0.01> <Spt= 0.05> <nCl= 12> <al=0.52> <DB= 2409.3201> <Mlp= 2510.7526> <PB=1000000> 
<DWph=2> <it=  9> <et=20.71> <Mt= 0.01> <Spt= 0.06> <nCl=  4> <al=0.57> <DB= 2506.8263> <Mlp= 2510.7395> <PB=1000000> 
<DWph=2> <it= 10> <et=20.77> <Mt= 0.01> <Spt= 0.06> <nCl=  5> <al=0.61> <DB= 2261.3493> <Mlp= 2510.7350> <PB=1000000> 
<DWph=2> <it= 11> <et=20.89> <Mt= 0.01> <Spt= 0.11> <nCl=  9> <al=0.31> <DB= 2494.4756> <Mlp= 2510.7350> <PB=1000000> 
<DWph=2> <it= 12> <et=20.96> <Mt= 0.00> <Spt= 0.07> <nCl=  3> <al=0.55> <DB= 2510.0019> <Mlp= 2510.7314> <PB=1000000> 
<DWph=2> <it= 13> <et=21.03> <Mt= 0.01> <Spt= 0.05> <nCl= 12> <al=0.45> <DB= 2426.9811> <Mlp= 2510.7303> <PB=1000000> 
<DWph=2> <it= 14> <et=21.10> <Mt= 0.01> <Spt= 0.06> <nCl=  8> <al=0.51> <DB= 2508.9751> <Mlp= 2510.7233> <PB=1000000> 
<DWph=2> <it= 15> <et=21.21> <Mt= 0.01> <Spt= 0.11> <nCl= 10> <al=0.11> <DB= 2393.0407> <Mlp= 2510.7218> <PB=1000000> 
<DWph=2> <it= 16> <et=21.33> <Mt= 0.01> <Spt= 0.10> <nCl= 12> <al=0.00> <DB= 2495.4140> <Mlp= 2510.6971> <PB=1000000> 
<DWph=2> <it= 17> <et=21.38> <Mt= 0.00> <Spt= 0.06> <nCl=  7> <al=0.36> <DB= 2465.4671> <Mlp= 2510.6942> <PB=1000000> 
<DWph=2> <it= 18> <et=21.49> <Mt= 0.01> <Spt= 0.10> <nCl= 14> <al=0.00> <DB= 2439.7732> <Mlp= 2510.6942> <PB=1000000> 
<DWph=2> <it= 19> <et=21.61> <Mt= 0.00> <Spt= 0.11> <nCl=  2> <al=0.00> <DB= 2510.6942> <Mlp= 2510.6942> <PB=1000000> 
<DWph=1> <it= 20> <et=21.72> <Mt= 0.01> <Spt= 0.11> <nCl= 19> <al=0.06> <DB= 2189.0301> <Mlp= 2510.6942> <PB=1000000> 
<DWph=1> <it= 21> <et=21.86> <Mt= 0.02> <Spt= 0.12> <nCl= 13> <al=0.15> <DB= 2302.3402> <Mlp= 2510.3715> <PB=1000000> 
<DWph=1> <it= 22> <et=22.00> <Mt= 0.01> <Spt= 0.12> <nCl= 10> <al=0.24> <DB= 2284.9298> <Mlp= 2510.3069> <PB=1000000> 
<DWph=1> <it= 23> <et=22.12> <Mt= 0.01> <Spt= 0.11> <nCl= 11> <al=0.31> <DB= 2295.2355> <Mlp= 2510.3061> <PB=1000000> 
<DWph=1> <it= 24> <et=22.24> <Mt= 0.00> <Spt= 0.12> <nCl=  8> <al=0.21> <DB= 2492.4961> <Mlp= 2510.3045> <PB=1000000> 
<DWph=1> <it= 25> <et=22.36> <Mt= 0.01> <Spt= 0.11> <nCl=  8> <al=0.11> <DB= 2508.3029> <Mlp= 2510.3045> <PB=1000000> 
<DWph=1> <it= 26> <et=22.58> <Mt= 0.00> <Spt= 0.22> <nCl=  9> <al=0.00> <DB= 2510.3045> <Mlp= 2510.3045> <PB=1000000> 
    RCSP exact solver info for graph G_0 : TT = 0.439141, pt = 0.002855, dt = 0.408159, ct = 0.026531, ndl = 50336', bdl = 4100832', odl = 46458', odf = 851140', bsi = 1328', cnt = 1315231', bdch = 53636780', odch = 7111928', lcp = 1503240', #sols = 150
<DWph=0> <it= 27> <et=23.06> <Mt= 0.01> <Spt= 0.47> <nCl=150> <al=0.00> <DB= 2222.4172> <Mlp= 2510.3045> <PB=1000000> 
    RCSP exact solver info for graph G_0 : TT = 0.40385, pt = 0.001395, dt = 0.374237, ct = 0.027013, ndl = 52512', bdl = 4299344', odl = 47395', odf = 872624', bsi = 1499', cnt = 1364967', bdch = 58465760', odch = 7403876', lcp = 1610164', #sols = 150
<DWph=0> <it= 28> <et=23.51> <Mt= 0.02> <Spt= 0.43> <nCl=133> <al=0.00> <DB= 2132.0821> <Mlp= 2509.9399> <PB=1000000> 
    RCSP exact solver info for graph G_0 : TT = 0.380345, pt = 0.00154, dt = 0.351589, ct = 0.025914, ndl = 49660', bdl = 4052241', odl = 45281', odf = 832563', bsi = 1394', cnt = 1148569', bdch = 52524151', odch = 6573855', lcp = 1421854', #sols = 150
<DWph=0> <it= 29> <et=23.92> <Mt= 0.02> <Spt= 0.39> <nCl= 49> <al=0.02> <DB= 2416.1610> <Mlp= 2509.9051> <PB=1000000> 
    RCSP exact solver info for graph G_0 : TT = 0.409677, pt = 0.001491, dt = 0.381641, ct = 0.025068, ndl = 50094', bdl = 4082017', odl = 45397', odf = 839684', bsi = 1477', cnt = 1169185', bdch = 53403665', odch = 6687562', lcp = 1438280', #sols = 150
<DWph=0> <it= 30> <et=24.35> <Mt= 0.01> <Spt= 0.42> <nCl= 24> <al=0.12> <DB= 2498.7459> <Mlp= 2509.9051> <PB=1000000> 
    RCSP exact solver info for graph G_0 : TT = 0.384486, pt = 0.001765, dt = 0.356355, ct = 0.024789, ndl = 49994', bdl = 4078113', odl = 45377', odf = 835578', bsi = 1474', cnt = 1177915', bdch = 53179273', odch = 6658789', lcp = 1434439', #sols = 150
    RCSP exact solver info for graph G_0 : TT = 0.366174, pt = 0.001367, dt = 0.339259, ct = 0.024175, ndl = 48682', bdl = 3978281', odl = 45229', odf = 816615', bsi = 1377', cnt = 1112101', bdch = 50930225', odch = 6441683', lcp = 1400645', #sols = 150
<DWph=0> <it= 31> <et=25.13> <Mt= 0.00> <Spt= 0.77> <nCl= 70> <al=0.00> <DB= 2509.9051> <Mlp= 2509.9051> <PB=1000000> 
RCSP solver dynamic params and stats :  bidir.bord. = 375 aver.obdmd = 98.0984 aver.buck.num. = 101 nbR1C = 52 with avMem = 11.9231
@@ 1 6 2509.91 0.394122 0.43469 92.453 25.13
    Full reduced cost fixing is not called (gap ratio is 0.999977)
ColGenEvalAlg final dual bound: 2509.91 (rounded: 2510)
False gap improvement since the last cut separation : 0.0185014 (2505.27)
Current active cuts : CAP(21,435.549) R1C(10+42,81.5428) 1rowPackR1C(10) 3rowPackR1C(42)
In total 1 RCC cut(s) are found by the connected components heuristic 
Shrinking heuristic shrunk 21 edges
In total 1 RCC cut(s) are found by the Fractional capacity min-cut heuristic 
In total 3 RCC cut(s) are found by the global pool greedy search heuristic 
22 Rank-1 1-rows pack. cuts added ,  max viol. = 0.182548, aver. viol. = 0.0925964
150 Rank-1 3-rows pack. cuts added ,  max viol. = 0.283851, aver. viol. = 0.192127
----- Add fac. cuts : CAP(5) R1C(172), max.viol = 0.339304, aver.viol = 0.183483, sep/add took 0.0566235/0.450392 sec. -----
8867 columns (8867 active), 444 dyn. constrs. (253 active), 911 art. vars. (495 active)
<DWph=2> <it=  1> <et=26.01> <Mt= 0.26> <Spt= 0.07> <nCl= 30> <al=0.50> <DB=-50034.7929> <Mlp= 2535.9180> <PB=1000000> 
<DWph=2> <it=  2> <et=26.17> <Mt= 0.09> <Spt= 0.07> <nCl= 30> <al=0.55> <DB=-4292.2774> <Mlp= 2531.3533> <PB=1000000> 
<DWph=2> <it=  3> <et=26.27> <Mt= 0.03> <Spt= 0.07> <nCl= 30> <al=0.60> <DB= -815.1248> <Mlp= 2530.2655> <PB=1000000> 
<DWph=2> <it=  4> <et=26.39> <Mt= 0.05> <Spt= 0.07> <nCl= 30> <al=0.64> <DB= 1115.3635> <Mlp= 2527.4246> <PB=1000000> 
<DWph=2> <it=  5> <et=26.49> <Mt= 0.03> <Spt= 0.07> <nCl= 19> <al=0.67> <DB= 2368.4125> <Mlp= 2526.6268> <PB=1000000> 
<DWph=2> <it=  6> <et=26.64> <Mt= 0.08> <Spt= 0.07> <nCl= 18> <al=0.70> <DB= 2471.7838> <Mlp= 2523.9103> <PB=1000000> 
<DWph=2> <it=  7> <et=26.74> <Mt= 0.04> <Spt= 0.07> <nCl= 11> <al=0.73> <DB= 2493.9498> <Mlp= 2522.5178> <PB=1000000> 
<DWph=2> <it=  8> <et=26.84> <Mt= 0.04> <Spt= 0.06> <nCl=  6> <al=0.76> <DB= 2507.2313> <Mlp= 2521.9763> <PB=1000000> 
<DWph=2> <it=  9> <et=26.97> <Mt= 0.00> <Spt= 0.12> <nCl= 25> <al=0.57> <DB= 2141.8804> <Mlp= 2521.9676> <PB=1000000> 
<DWph=2> <it= 10> <et=27.08> <Mt= 0.04> <Spt= 0.07> <nCl= 20> <al=0.68> <DB= 2445.4940> <Mlp= 2521.2647> <PB=1000000> 
<DWph=2> <it= 11> <et=27.18> <Mt= 0.02> <Spt= 0.07> <nCl= 12> <al=0.72> <DB= 2510.5439> <Mlp= 2521.0495> <PB=1000000> 
<DWph=2> <it= 12> <et=27.27> <Mt= 0.02> <Spt= 0.07> <nCl= 18> <al=0.62> <DB= 1768.1272> <Mlp= 2520.5904> <PB=1000000> 
<DWph=2> <it= 13> <et=27.36> <Mt= 0.02> <Spt= 0.07> <nCl=  6> <al=0.65> <DB= 2181.1101> <Mlp= 2520.3818> <PB=1000000> 
<DWph=2> <it= 14> <et=27.48> <Mt= 0.05> <Spt= 0.07> <nCl=  3> <al=0.69> <DB= 2500.1951> <Mlp= 2520.1740> <PB=1000000> 
<DWph=2> <it= 15> <et=27.56> <Mt= 0.01> <Spt= 0.07> <nCl=  4> <al=0.59> <DB= 2258.4169> <Mlp= 2520.1626> <PB=1000000> 
<DWph=2> <it= 16> <et=27.70> <Mt= 0.01> <Spt= 0.14> <nCl= 22> <al=0.26> <DB= 2161.7489> <Mlp= 2520.1286> <PB=1000000> 
<DWph=2> <it= 17> <et=27.80> <Mt= 0.03> <Spt= 0.07> <nCl=  3> <al=0.53> <DB= 2448.1181> <Mlp= 2519.8591> <PB=1000000> 
<DWph=2> <it= 18> <et=27.89> <Mt= 0.02> <Spt= 0.07> <nCl=  4> <al=0.58> <DB= 2513.0067> <Mlp= 2519.6745> <PB=1000000> 
<DWph=2> <it= 19> <et=27.97> <Mt= 0.00> <Spt= 0.07> <nCl= 12> <al=0.48> <DB= 1960.1486> <Mlp= 2519.6472> <PB=1000000> 
<DWph=2> <it= 20> <et=28.06> <Mt= 0.02> <Spt= 0.07> <nCl=  3> <al=0.53> <DB= 2517.3653> <Mlp= 2519.4265> <PB=1000000> 
<DWph=2> <it= 21> <et=28.13> <Mt= 0.01> <Spt= 0.07> <nCl= 16> <al=0.43> <DB= 2382.1868> <Mlp= 2519.4252> <PB=1000000> 
<DWph=2> <it= 22> <et=28.22> <Mt= 0.01> <Spt= 0.07> <nCl=  9> <al=0.49> <DB= 2345.7185> <Mlp= 2519.2744> <PB=1000000> 
<DWph=2> <it= 23> <et=28.30> <Mt= 0.01> <Spt= 0.06> <nCl=  4> <al=0.54> <DB= 2494.4642> <Mlp= 2519.2554> <PB=1000000> 
<DWph=2> <it= 24> <et=28.39> <Mt= 0.01> <Spt= 0.08> <nCl=  3> <al=0.58> <DB= 2398.6174> <Mlp= 2519.2468> <PB=1000000> 
<DWph=2> <it= 25> <et=28.48> <Mt= 0.02> <Spt= 0.09> <nCl=  2> <al=0.48> <DB= 2497.2630> <Mlp= 2519.1870> <PB=1000000> 
<DWph=2> <it= 26> <et=28.62> <Mt= 0.00> <Spt= 0.13> <nCl= 30> <al=0.07> <DB= 1240.1566> <Mlp= 2519.1761> <PB=1000000> 
<DWph=2> <it= 27> <et=28.71> <Mt= 0.01> <Spt= 0.08> <nCl=  1> <al=0.44> <DB= 2514.9325> <Mlp= 2519.1761> <PB=1000000> 
<DWph=2> <it= 28> <et=28.87> <Mt= 0.01> <Spt= 0.15> <nCl= 16> <al=0.00> <DB= 2193.3792> <Mlp= 2519.1733> <PB=1000000> 
<DWph=2> <it= 29> <et=28.96> <Mt= 0.01> <Spt= 0.08> <nCl=  9> <al=0.24> <DB= 2149.3740> <Mlp= 2519.1659> <PB=1000000> 
<DWph=2> <it= 30> <et=29.05> <Mt= 0.02> <Spt= 0.07> <nCl=  7> <al=0.31> <DB= 2489.7225> <Mlp= 2519.0303> <PB=1000000> 
<DWph=2> <it= 31> <et=29.12> <Mt= 0.00> <Spt= 0.07> <nCl=  7> <al=0.38> <DB= 2511.2781> <Mlp= 2519.0299> <PB=1000000> 
<DWph=2> <it= 32> <et=29.20> <Mt= 0.01> <Spt= 0.06> <nCl=  1> <al=0.44> <DB= 2514.7809> <Mlp= 2519.0287> <PB=1000000> 
<DWph=2> <it= 33> <et=29.28> <Mt= 0.01> <Spt= 0.08> <nCl=  1> <al=0.34> <DB= 2515.7402> <Mlp= 2519.0287> <PB=1000000> 
<DWph=2> <it= 34> <et=29.35> <Mt= 0.00> <Spt= 0.06> <nCl=  1> <al=0.24> <DB= 2516.6994> <Mlp= 2519.0287> <PB=1000000> 
<DWph=2> <it= 35> <et=29.43> <Mt= 0.01> <Spt= 0.08> <nCl=  2> <al=0.14> <DB= 2434.1322> <Mlp= 2519.0284> <PB=1000000> 
<DWph=2> <it= 36> <et=29.51> <Mt= 0.01> <Spt= 0.07> <nCl=  8> <al=0.04> <DB= 2335.7113> <Mlp= 2519.0231> <PB=1000000> 
<DWph=2> <it= 37> <et=29.59> <Mt= 0.01> <Spt= 0.06> <nCl=  4> <al=0.14> <DB= 2487.2066> <Mlp= 2518.9723> <PB=1000000> 
<DWph=2> <it= 38> <et=29.67> <Mt= 0.01> <Spt= 0.08> <nCl=  4> <al=0.22> <DB= 2518.6103> <Mlp= 2518.9712> <PB=1000000> 
<DWph=2> <it= 39> <et=29.76> <Mt= 0.00> <Spt= 0.07> <nCl=  8> <al=0.12> <DB= 2509.1955> <Mlp= 2518.9670> <PB=1000000> 
<DWph=2> <it= 40> <et=29.83> <Mt= 0.01> <Spt= 0.07> <nCl=  3> <al=0.21> <DB= 2518.3462> <Mlp= 2518.9650> <PB=1000000> 
<DWph=2> <it= 41> <et=29.97> <Mt= 0.01> <Spt= 0.13> <nCl=  7> <al=0.00> <DB= 2518.9647> <Mlp= 2518.9647> <PB=1000000> 
<DWph=1> <it= 42> <et=30.10> <Mt= 0.00> <Spt= 0.13> <nCl= 20> <al=0.19> <DB= 2066.6868> <Mlp= 2518.9647> <PB=1000000> 
<DWph=1> <it= 43> <et=30.26> <Mt= 0.02> <Spt= 0.14> <nCl= 18> <al=0.09> <DB= 2198.2977> <Mlp= 2518.8365> <PB=1000000> 
<DWph=1> <it= 44> <et=30.41> <Mt= 0.01> <Spt= 0.14> <nCl=  9> <al=0.18> <DB= 2354.1836> <Mlp= 2518.7814> <PB=1000000> 
<DWph=1> <it= 45> <et=30.56> <Mt= 0.02> <Spt= 0.14> <nCl= 12> <al=0.08> <DB= 2147.6633> <Mlp= 2518.7627> <PB=1000000> 
<DWph=1> <it= 46> <et=30.73> <Mt= 0.01> <Spt= 0.14> <nCl= 16> <al=0.17> <DB= 2223.8490> <Mlp= 2518.7337> <PB=1000000> 
<DWph=1> <it= 47> <et=30.89> <Mt= 0.02> <Spt= 0.14> <nCl= 12> <al=0.26> <DB= 1362.0414> <Mlp= 2518.6506> <PB=1000000> 
<DWph=1> <it= 48> <et=31.07> <Mt= 0.05> <Spt= 0.14> <nCl= 15> <al=0.16> <DB= 2177.2074> <Mlp= 2518.0050> <PB=1000000> 
<DWph=1> <it= 49> <et=31.24> <Mt= 0.03> <Spt= 0.14> <nCl=  6> <al=0.24> <DB= 2373.6298> <Mlp= 2517.7918> <PB=1000000> 
<DWph=1> <it= 50> <et=31.51> <Mt= 0.01> <Spt= 0.27> <nCl= 11> <al=0.00> <DB= 2280.2820> <Mlp= 2517.7278> <PB=1000000> 
<DWph=1> <it= 51> <et=31.67> <Mt= 0.00> <Spt= 0.14> <nCl=  6> <al=0.22> <DB= 2505.3988> <Mlp= 2517.7192> <PB=1000000> 
<DWph=1> <it= 52> <et=31.94> <Mt= 0.01> <Spt= 0.26> <nCl=  3> <al=0.00> <DB= 2517.7179> <Mlp= 2517.7179> <PB=1000000> 
    RCSP exact solver info for graph G_0 : TT = 0.594719, pt = 0.001675, dt = 0.551242, ct = 0.040553, ndl = 65243', bdl = 5167504', odl = 51858', odf = 1073181', bsi = 1528', cnt = 2617184', bdch = 83586227', odch = 10192741', lcp = 2116935', #sols = 150
<DWph=0> <it= 53> <et=32.57> <Mt= 0.01> <Spt= 0.63> <nCl=150> <al=0.19> <DB= 1791.4793> <Mlp= 2517.7179> <PB=1000000> 
    RCSP exact solver info for graph G_0 : TT = 0.710668, pt = 0.002166, dt = 0.651905, ct = 0.055162, ndl = 78194', bdl = 6146056', odl = 57172', odf = 1252391', bsi = 1476', cnt = 3350212', bdch = 113256024', odch = 16762013', lcp = 3364421', #sols = 150
<DWph=0> <it= 54> <et=33.41> <Mt= 0.10> <Spt= 0.74> <nCl=143> <al=0.09> <DB= 2088.1401> <Mlp= 2516.7037> <PB=1000000> 
    RCSP exact solver info for graph G_0 : TT = 0.700316, pt = 0.002579, dt = 0.637425, ct = 0.0588, ndl = 75038', bdl = 5824536', odl = 56727', odf = 1235831', bsi = 1468', cnt = 3448044', bdch = 105303713', odch = 14966574', lcp = 3044607', #sols = 150
<DWph=0> <it= 55> <et=34.26> <Mt= 0.12> <Spt= 0.72> <nCl=108> <al=0.19> <DB= 2286.5632> <Mlp= 2516.3016> <PB=1000000> 
    RCSP exact solver info for graph G_0 : TT = 0.68913, pt = 0.002775, dt = 0.627894, ct = 0.057125, ndl = 73995', bdl = 5765024', odl = 55273', odf = 1210515', bsi = 1404', cnt = 3071649', bdch = 102615792', odch = 14601655', lcp = 2957065', #sols = 150
<DWph=0> <it= 56> <et=34.99> <Mt= 0.01> <Spt= 0.72> <nCl=150> <al=0.27> <DB= 1864.5901> <Mlp= 2516.2707> <PB=1000000> 
    RCSP exact solver info for graph G_0 : TT = 0.695149, pt = 0.002694, dt = 0.626133, ct = 0.064815, ndl = 73189', bdl = 5704548', odl = 55551', odf = 1196544', bsi = 1439', cnt = 3269020', bdch = 100175364', odch = 14467032', lcp = 2968249', #sols = 150
<DWph=0> <it= 57> <et=35.71> <Mt= 0.01> <Spt= 0.71> <nCl= 71> <al=0.34> <DB= 2437.8816> <Mlp= 2516.2707> <PB=1000000> 
    RCSP exact solver info for graph G_0 : TT = 0.707366, pt = 0.002623, dt = 0.643688, ct = 0.059392, ndl = 74497', bdl = 5816512', odl = 55988', odf = 1209384', bsi = 1435', cnt = 3498803', bdch = 103718895', odch = 15466361', lcp = 3151885', #sols = 150
<DWph=0> <it= 58> <et=36.47> <Mt= 0.02> <Spt= 0.72> <nCl= 35> <al=0.41> <DB= 2474.4516> <Mlp= 2516.2626> <PB=1000000> 
    RCSP exact solver info for graph G_0 : TT = 0.718889, pt = 0.002599, dt = 0.652872, ct = 0.061839, ndl = 75298', bdl = 5884088', odl = 55990', odf = 1217567', bsi = 1453', cnt = 3636754', bdch = 105111028', odch = 15927487', lcp = 3226701', #sols = 150
<DWph=0> <it= 59> <et=37.21> <Mt= 0.01> <Spt= 0.73> <nCl= 14> <al=0.47> <DB= 2466.6482> <Mlp= 2516.2626> <PB=1000000> 
    RCSP exact solver info for graph G_0 : TT = 0.6939, pt = 0.002599, dt = 0.629708, ct = 0.059892, ndl = 73087', bdl = 5725563', odl = 55295', odf = 1188767', bsi = 1465', cnt = 3368865', bdch = 100159852', odch = 14570385', lcp = 2958348', #sols = 150
    RCSP exact solver info for graph G_0 : TT = 0.709185, pt = 0.002616, dt = 0.645129, ct = 0.059775, ndl = 74236', bdl = 5804041', odl = 55663', odf = 1201926', bsi = 1477', cnt = 3521306', bdch = 102293016', odch = 15307793', lcp = 3087508', #sols = 150
<DWph=0> <it= 60> <et=38.64> <Mt= 0.01> <Spt= 1.42> <nCl= 29> <al=0.04> <DB= 2491.3771> <Mlp= 2516.2624> <PB=1000000> 
    RCSP exact solver info for graph G_0 : TT = 0.702176, pt = 0.004062, dt = 0.636516, ct = 0.059874, ndl = 73667', bdl = 5775016', odl = 55479', odf = 1195687', bsi = 1444', cnt = 3444560', bdch = 101326069', odch = 14898105', lcp = 3030345', #sols = 150
    RCSP exact solver info for graph G_0 : TT = 0.693997, pt = 0.00209, dt = 0.628846, ct = 0.061329, ndl = 74437', bdl = 5815863', odl = 55750', odf = 1207389', bsi = 1523', cnt = 3559845', bdch = 102217157', odch = 15517324', lcp = 3161818', #sols = 150
<DWph=0> <it= 61> <et=40.06> <Mt= 0.01> <Spt= 1.42> <nCl= 35> <al=0.00> <DB= 2508.3638> <Mlp= 2516.2622> <PB=1000000> 
    RCSP exact solver info for graph G_0 : TT = 0.648767, pt = 0.002116, dt = 0.587679, ct = 0.057324, ndl = 74412', bdl = 5814596', odl = 55753', odf = 1207005', bsi = 1516', cnt = 3558237', bdch = 102166166', odch = 15510606', lcp = 3161317', #sols = 150
    RCSP exact solver info for graph G_0 : TT = 0.642937, pt = 0.002095, dt = 0.583054, ct = 0.056167, ndl = 74398', bdl = 5812863', odl = 55753', odf = 1207029', bsi = 1512', cnt = 3557458', bdch = 102119076', odch = 15508062', lcp = 3160819', #sols = 150
<DWph=0> <it= 62> <et=41.38> <Mt= 0.00> <Spt= 1.31> <nCl=  5> <al=0.00> <DB= 2516.2622> <Mlp= 2516.2622> <PB=1000000> 
RCSP solver dynamic params and stats :  bidir.bord. = 375 aver.obdmd = 98.0984 aver.buck.num. = 101 nbR1C = 83 with avMem = 11.8434
@@ 1 7 2516.26 0.681088 0.714711 92.453 41.38
    Full reduced cost fixing is not called (gap ratio is 0.99997)
ColGenEvalAlg final dual bound: 2516.26 (rounded: 2517)
False gap improvement since the last cut separation : 0.0253282 (2509.91)
Current active cuts : CAP(21,523.011) R1C(19+64,158.947) 1rowPackR1C(19) 3rowPackR1C(64)
In total 1 RCC cut(s) are found by the connected components heuristic 
Shrinking heuristic shrunk 23 edges
In total 2 RCC cut(s) are found by the Fractional capacity min-cut heuristic 
In total 16 RCC cut(s) are found by the greedy construction heuristic 
In total 20 RCC cut(s) are found by the global pool greedy search heuristic 
16 Rank-1 1-rows pack. cuts added ,  max viol. = 0.116909, aver. viol. = 0.0546157
150 Rank-1 3-rows pack. cuts added ,  max viol. = 0.241584, aver. viol. = 0.166348
----- Add fac. cuts : CAP(39) R1C(166), max.viol = 0.279084, aver.viol = 0.138974, sep/add took 0.0613952/0.506315 sec. -----
10096 columns (6761 active), 469 dyn. constrs. (310 active), 1116 art. vars. (552 active)
<DWph=2> <it=  1> <et=42.35> <Mt= 0.23> <Spt= 0.10> <nCl= 17> <al=0.50> <DB= 2399.4796> <Mlp= 2521.2914> <PB=1000000> 
<DWph=2> <it=  2> <et=42.53> <Mt= 0.10> <Spt= 0.08> <nCl= 11> <al=0.55> <DB= 2515.4266> <Mlp= 2520.6970> <PB=1000000> 
<DWph=2> <it=  3> <et=42.63> <Mt= 0.03> <Spt= 0.07> <nCl=  5> <al=0.60> <DB= 2506.0927> <Mlp= 2520.6856> <PB=1000000> 
<DWph=2> <it=  4> <et=42.82> <Mt= 0.02> <Spt= 0.16> <nCl= 18> <al=0.27> <DB= 2424.6177> <Mlp= 2520.6314> <PB=1000000> 
<DWph=2> <it=  5> <et=42.94> <Mt= 0.05> <Spt= 0.08> <nCl=  5> <al=0.54> <DB= 2471.0090> <Mlp= 2520.5571> <PB=1000000> 
<DWph=2> <it=  6> <et=43.05> <Mt= 0.03> <Spt= 0.08> <nCl=  3> <al=0.58> <DB= 2506.6505> <Mlp= 2520.5339> <PB=1000000> 
<DWph=2> <it=  7> <et=43.14> <Mt= 0.01> <Spt= 0.08> <nCl=  3> <al=0.48> <DB= 2509.0362> <Mlp= 2520.5339> <PB=1000000> 
<DWph=2> <it=  8> <et=43.31> <Mt= 0.00> <Spt= 0.16> <nCl= 22> <al=0.00> <DB= 2234.2189> <Mlp= 2520.5339> <PB=1000000> 
<DWph=2> <it=  9> <et=43.45> <Mt= 0.06> <Spt= 0.09> <nCl=  4> <al=0.28> <DB= 2474.7348> <Mlp= 2520.4187> <PB=1000000> 
<DWph=2> <it= 10> <et=43.63> <Mt= 0.02> <Spt= 0.15> <nCl= 23> <al=0.00> <DB= 1929.9569> <Mlp= 2520.4105> <PB=1000000> 
<DWph=2> <it= 11> <et=43.73> <Mt= 0.01> <Spt= 0.09> <nCl=  2> <al=0.25> <DB= 2423.3664> <Mlp= 2520.4105> <PB=1000000> 
<DWph=2> <it= 12> <et=43.84> <Mt= 0.02> <Spt= 0.09> <nCl=  1> <al=0.33> <DB= 2358.4633> <Mlp= 2520.4040> <PB=1000000> 
<DWph=2> <it= 13> <et=43.97> <Mt= 0.05> <Spt= 0.08> <nCl=  6> <al=0.40> <DB= 2454.2180> <Mlp= 2520.3392> <PB=1000000> 
<DWph=2> <it= 14> <et=44.07> <Mt= 0.01> <Spt= 0.08> <nCl=  3> <al=0.46> <DB= 2477.2359> <Mlp= 2520.3392> <PB=1000000> 
<DWph=2> <it= 15> <et=44.26> <Mt= 0.04> <Spt= 0.16> <nCl=  3> <al=0.02> <DB= 2454.6377> <Mlp= 2520.3052> <PB=1000000> 
<DWph=2> <it= 16> <et=44.41> <Mt= 0.01> <Spt= 0.15> <nCl=  2> <al=0.00> <DB= 2519.4929> <Mlp= 2520.3052> <PB=1000000> 
<DWph=2> <it= 17> <et=44.57> <Mt= 0.00> <Spt= 0.15> <nCl=  2> <al=0.00> <DB= 2520.3052> <Mlp= 2520.3052> <PB=1000000> 
<DWph=1> <it= 18> <et=44.74> <Mt= 0.01> <Spt= 0.16> <nCl= 16> <al=0.21> <DB= 2336.5456> <Mlp= 2520.3052> <PB=1000000> 
<DWph=1> <it= 19> <et=44.95> <Mt= 0.04> <Spt= 0.17> <nCl=  9> <al=0.11> <DB= 2416.2913> <Mlp= 2520.2509> <PB=1000000> 
<DWph=1> <it= 20> <et=45.14> <Mt= 0.02> <Spt= 0.17> <nCl=  5> <al=0.01> <DB= 2460.7810> <Mlp= 2520.2490> <PB=1000000> 
<DWph=1> <it= 21> <et=45.32> <Mt= 0.02> <Spt= 0.16> <nCl=  8> <al=0.11> <DB= 2339.3152> <Mlp= 2520.2470> <PB=1000000> 
<DWph=1> <it= 22> <et=45.54> <Mt= 0.04> <Spt= 0.18> <nCl= 14> <al=0.01> <DB= 2252.9963> <Mlp= 2520.1878> <PB=1000000> 
<DWph=1> <it= 23> <et=45.72> <Mt= 0.02> <Spt= 0.16> <nCl=  8> <al=0.11> <DB= 2486.1642> <Mlp= 2520.1869> <PB=1000000> 
<DWph=1> <it= 24> <et=45.89> <Mt= 0.00> <Spt= 0.17> <nCl=  3> <al=0.20> <DB= 2433.5500> <Mlp= 2520.1869> <PB=1000000> 
<DWph=1> <it= 25> <et=46.08> <Mt= 0.02> <Spt= 0.16> <nCl= 12> <al=0.10> <DB= 2382.7101> <Mlp= 2520.1805> <PB=1000000> 
<DWph=1> <it= 26> <et=46.25> <Mt= 0.01> <Spt= 0.16> <nCl=  1> <al=0.19> <DB= 2501.2002> <Mlp= 2520.1805> <PB=1000000> 
<DWph=1> <it= 27> <et=46.41> <Mt= 0.01> <Spt= 0.16> <nCl=  3> <al=0.09> <DB= 2499.4493> <Mlp= 2520.1805> <PB=1000000> 
<DWph=1> <it= 28> <et=46.74> <Mt= 0.00> <Spt= 0.32> <nCl=  6> <al=0.00> <DB= 2520.1805> <Mlp= 2520.1805> <PB=1000000> 
    RCSP exact solver info for graph G_0 : TT = 1.47703, pt = 0.002658, dt = 1.28269, ct = 0.189914, ndl = 112408', bdl = 8417164', odl = 71582', odf = 1866521', bsi = 1501', cnt = 13794244', bdch = 201349564', odch = 49903001', lcp = 8986898', #sols = 150
<DWph=0> <it= 29> <et=48.26> <Mt= 0.01> <Spt= 1.51> <nCl=150> <al=0.08> <DB= 2000.4996> <Mlp= 2520.1805> <PB=1000000> 
    RCSP exact solver info for graph G_0 : TT = 1.00603, pt = 0.002769, dt = 0.902184, ct = 0.099331, ndl = 96511', bdl = 7422497', odl = 65151', odf = 1573844', bsi = 1627', cnt = 6606582', bdch = 155158217', odch = 33368065', lcp = 6227277', #sols = 150
<DWph=0> <it= 30> <et=49.48> <Mt= 0.18> <Spt= 1.05> <nCl=150> <al=0.00> <DB= 1950.7200> <Mlp= 2519.4774> <PB=1000000> 
    RCSP exact solver info for graph G_0 : TT = 1.0194, pt = 0.003326, dt = 0.915277, ct = 0.099069, ndl = 92749', bdl = 7187539', odl = 65100', odf = 1520130', bsi = 1525', cnt = 6223089', bdch = 146126459', odch = 29916806', lcp = 5670172', #sols = 150
<DWph=0> <it= 31> <et=50.59> <Mt= 0.05> <Spt= 1.05> <nCl=128> <al=0.08> <DB= 2363.8721> <Mlp= 2519.3806> <PB=1000000> 
    RCSP exact solver info for graph G_0 : TT = 1.03577, pt = 0.003482, dt = 0.924509, ct = 0.105949, ndl = 92357', bdl = 7121662', odl = 63839', odf = 1519103', bsi = 1495', cnt = 6534006', bdch = 144104002', odch = 29372021', lcp = 5465270', #sols = 150
<DWph=0> <it= 32> <et=51.70> <Mt= 0.06> <Spt= 1.06> <nCl= 50> <al=0.17> <DB= 2436.5732> <Mlp= 2519.3096> <PB=1000000> 
    RCSP exact solver info for graph G_0 : TT = 1.02891, pt = 0.003497, dt = 0.916916, ct = 0.106731, ndl = 91829', bdl = 7091357', odl = 63719', odf = 1504332', bsi = 1479', cnt = 6630286', bdch = 142850077', odch = 29623315', lcp = 5564083', #sols = 150
<DWph=0> <it= 33> <et=52.77> <Mt= 0.03> <Spt= 1.04> <nCl= 16> <al=0.26> <DB= 2480.4127> <Mlp= 2519.3075> <PB=1000000> 
    RCSP exact solver info for graph G_0 : TT = 1.04316, pt = 0.00331, dt = 0.931193, ct = 0.106884, ndl = 91401', bdl = 7043664', odl = 63682', odf = 1498306', bsi = 1448', cnt = 6634950', bdch = 141418569', odch = 29281624', lcp = 5507634', #sols = 150
<DWph=0> <it= 34> <et=53.84> <Mt= 0.01> <Spt= 1.05> <nCl= 13> <al=0.33> <DB= 2502.1241> <Mlp= 2519.3074> <PB=1000000> 
    RCSP exact solver info for graph G_0 : TT = 1.04586, pt = 0.003818, dt = 0.933211, ct = 0.106859, ndl = 91330', bdl = 7048994', odl = 63758', odf = 1497817', bsi = 1451', cnt = 6646836', bdch = 141442925', odch = 29379490', lcp = 5536914', #sols = 150
<DWph=0> <it= 35> <et=54.90> <Mt= 0.01> <Spt= 1.06> <nCl=  9> <al=0.40> <DB= 2512.4834> <Mlp= 2519.3074> <PB=1000000> 
    RCSP exact solver info for graph G_0 : TT = 1.04626, pt = 0.003383, dt = 0.927985, ct = 0.113093, ndl = 91150', bdl = 7046472', odl = 63776', odf = 1496658', bsi = 1446', cnt = 6552407', bdch = 141143573', odch = 29387224', lcp = 5520057', #sols = 150
<DWph=0> <it= 36> <et=55.97> <Mt= 0.01> <Spt= 1.05> <nCl= 12> <al=0.30> <DB= 2517.2798> <Mlp= 2519.3074> <PB=1000000> 
    RCSP exact solver info for graph G_0 : TT = 1.02967, pt = 0.003747, dt = 0.918448, ct = 0.105513, ndl = 91258', bdl = 7047844', odl = 63669', odf = 1496593', bsi = 1443', cnt = 6716635', bdch = 141408791', odch = 29654077', lcp = 5558369', #sols = 150
    RCSP exact solver info for graph G_0 : TT = 0.949514, pt = 0.002657, dt = 0.841242, ct = 0.103658, ndl = 91401', bdl = 7041580', odl = 63782', odf = 1494748', bsi = 1432', cnt = 6789444', bdch = 140783511', odch = 30016698', lcp = 5664337', #sols = 150
<DWph=0> <it= 37> <et=57.99> <Mt= 0.01> <Spt= 2.01> <nCl= 43> <al=0.00> <DB= 2519.3074> <Mlp= 2519.3074> <PB=1000000> 
RCSP solver dynamic params and stats :  bidir.bord. = 375 aver.obdmd = 98.0984 aver.buck.num. = 101 nbR1C = 111 with avMem = 12.5766
@@ 1 8 2519.31 1.06307 1.4726 92.453 57.99
    Full reduced cost fixing is not called (gap ratio is 0.999967)
ColGenEvalAlg final dual bound: 2519.31 (rounded: 2520)
False gap improvement since the last cut separation : 0.012102 (2516.26)
Separator R1C not in maximum phase
Cut generation tailing off counter increased to 0
Current active cuts : CAP(19,456.887) R1C(18+93,187.351) 1rowPackR1C(18) 3rowPackR1C(93)
In total 1 RCC cut(s) are found by the connected components heuristic 
Shrinking heuristic shrunk 18 edges
In total 2 RCC cut(s) are found by the global pool greedy search heuristic 
11 Rank-1 1-rows pack. cuts added ,  max viol. = 0.0732363, aver. viol. = 0.0482492
150 Rank-1 3-rows pack. cuts added ,  max viol. = 0.222118, aver. viol. = 0.139617
Building structures for heuristic rank-1 packing cut separation...done!
100 Rank-1 4-rows pack. cuts added ,  max viol. = 0.294325, aver. viol. = 0.164039
----- Add fac. cuts : CAP(3) R1C(261), max.viol = 0.312071, aver.viol = 0.159488, sep/add took 0.145079/0.663703 sec. -----
10882 columns (7547 active), 586 dyn. constrs. (400 active), 1380 art. vars. (642 active)
<DWph=2> <it=  1> <et=59.27> <Mt= 0.29> <Spt= 0.11> <nCl= 28> <al=0.50> <DB= 1899.8368> <Mlp= 2525.5920> <PB=1000000> 
<DWph=2> <it=  2> <et=59.86> <Mt= 0.47> <Spt= 0.11> <nCl=  9> <al=0.55> <DB= 2183.6787> <Mlp= 2525.0267> <PB=1000000> 
<DWph=2> <it=  3> <et=60.20> <Mt= 0.24> <Spt= 0.10> <nCl=  9> <al=0.60> <DB= 2475.7159> <Mlp= 2524.4481> <PB=1000000> 
<DWph=2> <it=  4> <et=60.38> <Mt= 0.08> <Spt= 0.11> <nCl= 16> <al=0.64> <DB= 2475.1211> <Mlp= 2524.3818> <PB=1000000> 
<DWph=2> <it=  5> <et=60.50> <Mt= 0.03> <Spt= 0.09> <nCl=  7> <al=0.67> <DB= 2520.9617> <Mlp= 2524.3500> <PB=1000000> 
<DWph=2> <it=  6> <et=60.63> <Mt= 0.03> <Spt= 0.10> <nCl= 12> <al=0.57> <DB= 2471.8062> <Mlp= 2524.3494> <PB=1000000> 
<DWph=2> <it=  7> <et=60.77> <Mt= 0.04> <Spt= 0.09> <nCl=  6> <al=0.61> <DB= 2521.6129> <Mlp= 2524.2992> <PB=1000000> 
<DWph=2> <it=  8> <et=60.90> <Mt= 0.03> <Spt= 0.10> <nCl= 18> <al=0.65> <DB= 2398.2523> <Mlp= 2524.2886> <PB=1000000> 
<DWph=2> <it=  9> <et=61.08> <Mt= 0.08> <Spt= 0.10> <nCl= 13> <al=0.69> <DB= 2504.3099> <Mlp= 2524.0394> <PB=1000000> 
<DWph=2> <it= 10> <et=61.27> <Mt= 0.07> <Spt= 0.12> <nCl=  8> <al=0.72> <DB= 2516.8369> <Mlp= 2524.0122> <PB=1000000> 
<DWph=2> <it= 11> <et=61.46> <Mt= 0.08> <Spt= 0.11> <nCl=  5> <al=0.75> <DB= 2516.2041> <Mlp= 2523.9496> <PB=1000000> 
<DWph=2> <it= 12> <et=61.60> <Mt= 0.04> <Spt= 0.10> <nCl=  3> <al=0.77> <DB= 2522.1427> <Mlp= 2523.9418> <PB=1000000> 
<DWph=2> <it= 13> <et=61.73> <Mt= 0.02> <Spt= 0.12> <nCl=  9> <al=0.67> <DB= 2400.5259> <Mlp= 2523.9390> <PB=1000000> 
<DWph=2> <it= 14> <et=61.91> <Mt= 0.07> <Spt= 0.10> <nCl= 15> <al=0.71> <DB= 2478.8289> <Mlp= 2523.8805> <PB=1000000> 
<DWph=2> <it= 15> <et=62.05> <Mt= 0.04> <Spt= 0.10> <nCl=  7> <al=0.73> <DB= 2409.1647> <Mlp= 2523.8522> <PB=1000000> 
<DWph=2> <it= 16> <et=62.19> <Mt= 0.03> <Spt= 0.11> <nCl=  3> <al=0.76> <DB= 2452.8570> <Mlp= 2523.8403> <PB=1000000> 
<DWph=2> <it= 17> <et=62.30> <Mt= 0.01> <Spt= 0.10> <nCl=  3> <al=0.66> <DB= 2462.1814> <Mlp= 2523.8403> <PB=1000000> 
<DWph=2> <it= 18> <et=62.40> <Mt= 0.01> <Spt= 0.09> <nCl=  4> <al=0.56> <DB= 2444.8743> <Mlp= 2523.8403> <PB=1000000> 
<DWph=2> <it= 19> <et=62.63> <Mt= 0.03> <Spt= 0.20> <nCl= 21> <al=0.21> <DB= 2279.6491> <Mlp= 2523.8271> <PB=1000000> 
<DWph=2> <it= 20> <et=62.77> <Mt= 0.04> <Spt= 0.09> <nCl=  7> <al=0.51> <DB= 2476.7225> <Mlp= 2523.8066> <PB=1000000> 
<DWph=2> <it= 21> <et=62.99> <Mt= 0.03> <Spt= 0.20> <nCl= 27> <al=0.00> <DB= 2227.1121> <Mlp= 2523.8039> <PB=1000000> 
<DWph=2> <it= 22> <et=63.15> <Mt= 0.02> <Spt= 0.13> <nCl=  3> <al=0.31> <DB= 2483.3818> <Mlp= 2523.7976> <PB=1000000> 
<DWph=2> <it= 23> <et=63.28> <Mt= 0.01> <Spt= 0.12> <nCl=  4> <al=0.37> <DB= 2500.3352> <Mlp= 2523.7976> <PB=1000000> 
<DWph=2> <it= 24> <et=63.51> <Mt= 0.03> <Spt= 0.20> <nCl= 25> <al=0.00> <DB= 1593.6058> <Mlp= 2523.7950> <PB=1000000> 
<DWph=2> <it= 25> <et=63.68> <Mt= 0.05> <Spt= 0.12> <nCl= 10> <al=0.34> <DB= 2518.3221> <Mlp= 2523.7733> <PB=1000000> 
<DWph=2> <it= 26> <et=63.82> <Mt= 0.03> <Spt= 0.11> <nCl=  4> <al=0.40> <DB= 2520.2651> <Mlp= 2523.7704> <PB=1000000> 
<DWph=2> <it= 27> <et=63.94> <Mt= 0.03> <Spt= 0.10> <nCl=  7> <al=0.46> <DB= 2475.1023> <Mlp= 2523.7691> <PB=1000000> 
<DWph=2> <it= 28> <et=64.15> <Mt= 0.01> <Spt= 0.20> <nCl= 13> <al=0.03> <DB= 2334.0784> <Mlp= 2523.7691> <PB=1000000> 
<DWph=2> <it= 29> <et=64.28> <Mt= 0.02> <Spt= 0.10> <nCl=  4> <al=0.42> <DB= 2477.7285> <Mlp= 2523.7675> <PB=1000000> 
<DWph=2> <it= 30> <et=64.48> <Mt= 0.02> <Spt= 0.18> <nCl=  7> <al=0.00> <DB= 2493.0821> <Mlp= 2523.7653> <PB=1000000> 
<DWph=2> <it= 31> <et=64.70> <Mt= 0.02> <Spt= 0.20> <nCl=  3> <al=0.00> <DB= 2512.9218> <Mlp= 2523.7640> <PB=1000000> 
<DWph=2> <it= 32> <et=64.90> <Mt= 0.01> <Spt= 0.19> <nCl=  9> <al=0.00> <DB= 2420.6199> <Mlp= 2523.7640> <PB=1000000> 
<DWph=2> <it= 33> <et=65.01> <Mt= 0.00> <Spt= 0.11> <nCl=  4> <al=0.18> <DB= 2506.6048> <Mlp= 2523.7640> <PB=1000000> 
<DWph=2> <it= 34> <et=65.21> <Mt= 0.01> <Spt= 0.18> <nCl=  1> <al=0.00> <DB= 2523.7640> <Mlp= 2523.7640> <PB=1000000> 
<DWph=1> <it= 35> <et=65.39> <Mt= 0.01> <Spt= 0.19> <nCl= 21> <al=0.00> <DB= 2391.6405> <Mlp= 2523.7640> <PB=1000000> 
<DWph=1> <it= 36> <et=65.61> <Mt= 0.04> <Spt= 0.18> <nCl=  8> <al=0.00> <DB= 2376.5860> <Mlp= 2523.7507> <PB=1000000> 
<DWph=1> <it= 37> <et=65.82> <Mt= 0.02> <Spt= 0.18> <nCl=  9> <al=0.08> <DB= 2353.7525> <Mlp= 2523.7488> <PB=1000000> 
<DWph=1> <it= 38> <et=66.20> <Mt= 0.01> <Spt= 0.37> <nCl=  7> <al=0.00> <DB= 2511.7433> <Mlp= 2523.7488> <PB=1000000> 
<DWph=1> <it= 39> <et=66.42> <Mt= 0.02> <Spt= 0.20> <nCl=  5> <al=0.07> <DB= 2523.6176> <Mlp= 2523.7460> <PB=1000000> 
<DWph=1> <it= 40> <et=66.82> <Mt= 0.00> <Spt= 0.39> <nCl=  7> <al=0.00> <DB= 2523.7460> <Mlp= 2523.7460> <PB=1000000> 
    RCSP exact solver info for graph G_0 : TT = 1.59413, pt = 0.003319, dt = 1.43798, ct = 0.151219, ndl = 131625', bdl = 10097140', odl = 81165', odf = 2172607', bsi = 1665', cnt = 12322927', bdch = 287323982', odch = 47609419', lcp = 8508605', #sols = 150
<DWph=0> <it= 41> <et=68.47> <Mt= 0.01> <Spt= 1.64> <nCl=150> <al=0.06> <DB= 1875.9311> <Mlp= 2523.7460> <PB=1000000> 
    RCSP exact solver info for graph G_0 : TT = 1.69503, pt = 0.003956, dt = 1.51034, ct = 0.179065, ndl = 137879', bdl = 10518046', odl = 83582', odf = 2208196', bsi = 1688', cnt = 12849323', bdch = 317253251', odch = 51109669', lcp = 9457827', #sols = 150
<DWph=0> <it= 42> <et=70.40> <Mt= 0.17> <Spt= 1.76> <nCl=150> <al=0.00> <DB= 2230.0457> <Mlp= 2523.5246> <PB=1000000> 
    RCSP exact solver info for graph G_0 : TT = 1.70474, pt = 0.00403, dt = 1.50128, ct = 0.197746, ndl = 135033', bdl = 10211949', odl = 82193', odf = 2209868', bsi = 1656', cnt = 13344349', bdch = 294992361', odch = 55063131', lcp = 10176207', #sols = 150
<DWph=0> <it= 43> <et=72.29> <Mt= 0.14> <Spt= 1.75> <nCl=142> <al=0.07> <DB= 2152.7277> <Mlp= 2523.3186> <PB=1000000> 
    RCSP exact solver info for graph G_0 : TT = 1.6444, pt = 0.00386, dt = 1.45532, ct = 0.183456, ndl = 132459', bdl = 10056821', odl = 80323', odf = 2155099', bsi = 1627', cnt = 12728547', bdch = 289401541', odch = 50003814', lcp = 9262651', #sols = 150
<DWph=0> <it= 44> <et=74.03> <Mt= 0.07> <Spt= 1.67> <nCl= 52> <al=0.16> <DB= 2380.8375> <Mlp= 2523.2765> <PB=1000000> 
    RCSP exact solver info for graph G_0 : TT = 1.64787, pt = 0.004402, dt = 1.45631, ct = 0.185374, ndl = 131039', bdl = 9966659', odl = 79264', odf = 2131734', bsi = 1641', cnt = 12690572', bdch = 284413596', odch = 48750537', lcp = 8958306', #sols = 150
<DWph=0> <it= 45> <et=75.74> <Mt= 0.04> <Spt= 1.67> <nCl= 38> <al=0.24> <DB= 2448.4691> <Mlp= 2523.2681> <PB=1000000> 
    RCSP exact solver info for graph G_0 : TT = 1.62003, pt = 0.00424, dt = 1.42518, ct = 0.188769, ndl = 130369', bdl = 9903878', odl = 78790', odf = 2119901', bsi = 1631', cnt = 12418144', bdch = 280222953', odch = 47992493', lcp = 8788215', #sols = 150
<DWph=0> <it= 46> <et=77.39> <Mt= 0.02> <Spt= 1.63> <nCl=  6> <al=0.32> <DB= 2499.3666> <Mlp= 2523.2667> <PB=1000000> 
    RCSP exact solver info for graph G_0 : TT = 1.64675, pt = 0.004241, dt = 1.45529, ct = 0.185376, ndl = 131015', bdl = 9941940', odl = 78748', odf = 2133061', bsi = 1636', cnt = 12482405', bdch = 282833117', odch = 48567379', lcp = 8832778', #sols = 150
<DWph=0> <it= 47> <et=79.07> <Mt= 0.02> <Spt= 1.66> <nCl=  8> <al=0.22> <DB= 2511.9867> <Mlp= 2523.2667> <PB=1000000> 
    RCSP exact solver info for graph G_0 : TT = 1.61677, pt = 0.004503, dt = 1.43239, ct = 0.178121, ndl = 131439', bdl = 9964218', odl = 78753', odf = 2138331', bsi = 1645', cnt = 12748945', bdch = 283659942', odch = 49197934', lcp = 8906762', #sols = 150
<DWph=0> <it= 48> <et=80.70> <Mt= 0.01> <Spt= 1.63> <nCl= 15> <al=0.30> <DB= 2491.7631> <Mlp= 2523.2667> <PB=1000000> 
    RCSP exact solver info for graph G_0 : TT = 1.65399, pt = 0.004294, dt = 1.45651, ct = 0.191388, ndl = 131665', bdl = 9973762', odl = 79075', odf = 2144588', bsi = 1632', cnt = 12822448', bdch = 285138194', odch = 49428111', lcp = 8972364', #sols = 150
    RCSP exact solver info for graph G_0 : TT = 1.55939, pt = 0.003746, dt = 1.3781, ct = 0.17579, ndl = 129830', bdl = 9814720', odl = 78408', odf = 2109889', bsi = 1598', cnt = 12584473', bdch = 277503656', odch = 48415246', lcp = 8817936', #sols = 150
<DWph=0> <it= 49> <et=83.96> <Mt= 0.00> <Spt= 3.24> <nCl= 46> <al=0.00> <DB= 2523.2667> <Mlp= 2523.2667> <PB=1000000> 
RCSP solver dynamic params and stats :  bidir.bord. = 375 aver.obdmd = 98.0984 aver.buck.num. = 101 nbR1C = 138 with avMem = 13.442
@@ 1 9 2523.27 1.6325 1.69902 92.453 83.96
    Full reduced cost fixing is not called (gap ratio is 0.999963)
ColGenEvalAlg final dual bound: 2523.27 (rounded: 2524)
False gap improvement since the last cut separation : 0.0157157 (2519.31)
Current active cuts : CAP(17,333.634) R1C(17+121,253.941) 1rowPackR1C(17) 3rowPackR1C(96) 4rowPackR1C(25)
Shrinking heuristic shrunk 19 edges
In total 2 RCC cut(s) are found by the Fractional capacity min-cut heuristic 
In total 4 RCC cut(s) are found by the greedy construction heuristic 
In total 4 RCC cut(s) are found by the global pool greedy search heuristic 
7 Rank-1 1-rows pack. cuts added ,  max viol. = 0.155374, aver. viol. = 0.0703162
150 Rank-1 3-rows pack. cuts added ,  max viol. = 0.199214, aver. viol. = 0.122258
Building structures for heuristic rank-1 packing cut separation...done!
100 Rank-1 4-rows pack. cuts added ,  max viol. = 0.234252, aver. viol. = 0.123604
----- Add fac. cuts : CAP(10) R1C(257), max.viol = 0.269004, aver.viol = 0.13119, sep/add took 0.167524/1.13165 sec. -----
11870 columns (8535 active), 683 dyn. constrs. (423 active), 1647 art. vars. (665 active)
<DWph=2> <it=  1> <et=85.74> <Mt= 0.26> <Spt= 0.11> <nCl= 10> <al=0.50> <DB= 2465.6110> <Mlp= 2525.6360> <PB=1000000> 
<DWph=2> <it=  2> <et=86.13> <Mt= 0.07> <Spt= 0.32> <nCl= 20> <al=0.10> <DB= 2311.9989> <Mlp= 2525.5817> <PB=1000000> 
<DWph=2> <it=  3> <et=86.36> <Mt= 0.03> <Spt= 0.20> <nCl= 17> <al=0.00> <DB= 2400.6242> <Mlp= 2525.5776> <PB=1000000> 
<DWph=2> <it=  4> <et=86.63> <Mt= 0.05> <Spt= 0.22> <nCl= 11> <al=0.00> <DB= 2469.4076> <Mlp= 2525.5515> <PB=1000000> 
<DWph=2> <it=  5> <et=86.77> <Mt= 0.03> <Spt= 0.11> <nCl=  9> <al=0.25> <DB= 2432.8000> <Mlp= 2525.5488> <PB=1000000> 
<DWph=2> <it=  6> <et=87.03> <Mt= 0.05> <Spt= 0.22> <nCl=  8> <al=0.00> <DB= 2518.2322> <Mlp= 2525.5249> <PB=1000000> 
<DWph=2> <it=  7> <et=87.25> <Mt= 0.00> <Spt= 0.21> <nCl=  0> <al=0.00> <DB= 2525.5249> <Mlp= 2525.5249> <PB=1000000> 
<DWph=1> <it=  8> <et=87.48> <Mt= 0.01> <Spt= 0.22> <nCl= 15> <al=0.13> <DB= 2359.5572> <Mlp= 2525.5249> <PB=1000000> 
<DWph=1> <it=  9> <et=87.79> <Mt= 0.09> <Spt= 0.22> <nCl= 15> <al=0.21> <DB= 2405.4563> <Mlp= 2525.4378> <PB=1000000> 
<DWph=1> <it= 10> <et=88.10> <Mt= 0.03> <Spt= 0.27> <nCl= 11> <al=0.29> <DB= 2476.3280> <Mlp= 2525.4327> <PB=1000000> 
<DWph=1> <it= 11> <et=88.37> <Mt= 0.04> <Spt= 0.23> <nCl=  3> <al=0.36> <DB= 2508.8228> <Mlp= 2525.4244> <PB=1000000> 
<DWph=1> <it= 12> <et=88.61> <Mt= 0.01> <Spt= 0.23> <nCl=  1> <al=0.43> <DB= 2467.4779> <Mlp= 2525.4244> <PB=1000000> 
<DWph=1> <it= 13> <et=89.06> <Mt= 0.01> <Spt= 0.44> <nCl=  4> <al=0.00> <DB= 2523.1031> <Mlp= 2525.4244> <PB=1000000> 
<DWph=1> <it= 14> <et=89.48> <Mt= 0.01> <Spt= 0.42> <nCl=  9> <al=0.00> <DB= 2525.4243> <Mlp= 2525.4243> <PB=1000000> 
    RCSP exact solver info for graph G_0 : TT = 2.62756, pt = 0.003824, dt = 2.32171, ct = 0.300007, ndl = 176765', bdl = 12929347', odl = 96141', odf = 2932233', bsi = 1675', cnt = 22209916', bdch = 482316319', odch = 98111978', lcp = 17301031', #sols = 150
<DWph=0> <it= 15> <et=92.17> <Mt= 0.01> <Spt= 2.68> <nCl=150> <al=0.28> <DB= 2019.2900> <Mlp= 2525.4243> <PB=1000000> 
    RCSP exact solver info for graph G_0 : TT = 2.42877, pt = 0.004289, dt = 2.12081, ct = 0.301721, ndl = 171270', bdl = 12639270', odl = 94495', odf = 2824976', bsi = 1650', cnt = 20878549', bdch = 457254865', odch = 92642741', lcp = 16512520', #sols = 150
<DWph=0> <it= 16> <et=94.76> <Mt= 0.11> <Spt= 2.48> <nCl= 99> <al=0.35> <DB= 2282.5929> <Mlp= 2525.2482> <PB=1000000> 
    RCSP exact solver info for graph G_0 : TT = 2.41284, pt = 0.004872, dt = 2.10739, ct = 0.298458, ndl = 166985', bdl = 12346492', odl = 92684', odf = 2742722', bsi = 1608', cnt = 19917556', bdch = 436514602', odch = 85930544', lcp = 15386875', #sols = 150
<DWph=0> <it= 17> <et=97.33> <Mt= 0.13> <Spt= 2.43> <nCl= 44> <al=0.42> <DB= 2423.3827> <Mlp= 2525.1207> <PB=1000000> 
    RCSP exact solver info for graph G_0 : TT = 2.38537, pt = 0.005425, dt = 2.07493, ct = 0.302927, ndl = 165880', bdl = 12320040', odl = 91642', odf = 2704844', bsi = 1602', cnt = 20727751', bdch = 428984206', odch = 83715493', lcp = 14953197', #sols = 150
<DWph=0> <it= 18> <et=99.80> <Mt= 0.05> <Spt= 2.41> <nCl= 44> <al=0.32> <DB= 2359.3825> <Mlp= 2525.0997> <PB=1000000> 
    RCSP exact solver info for graph G_0 : TT = 2.34617, pt = 0.004884, dt = 2.04548, ct = 0.293661, ndl = 164115', bdl = 12179288', odl = 90892', odf = 2682110', bsi = 1603', cnt = 19781160', bdch = 420194958', odch = 82327781', lcp = 14721810', #sols = 150
<DWph=0> <it= 19> <et=102.19> <Mt= 0.04> <Spt= 2.36> <nCl= 13> <al=0.39> <DB= 2485.6783> <Mlp= 2525.0966> <PB=1000000> 
    RCSP exact solver info for graph G_0 : TT = 2.30841, pt = 0.005268, dt = 2.0131, ct = 0.287955, ndl = 162767', bdl = 12122837', odl = 90742', odf = 2656749', bsi = 1611', cnt = 19408823', bdch = 415038579', odch = 80519885', lcp = 14449920', #sols = 150
<DWph=0> <it= 20> <et=104.52> <Mt= 0.01> <Spt= 2.32> <nCl= 12> <al=0.29> <DB= 2513.7622> <Mlp= 2525.0966> <PB=1000000> 
    RCSP exact solver info for graph G_0 : TT = 2.30615, pt = 0.005528, dt = 2.01426, ct = 0.284264, ndl = 161168', bdl = 12036781', odl = 90082', odf = 2628583', bsi = 1615', cnt = 19106715', bdch = 408608230', odch = 78736287', lcp = 14208337', #sols = 150
<DWph=0> <it= 21> <et=106.85> <Mt= 0.00> <Spt= 2.32> <nCl= 16> <al=0.19> <DB= 2521.0510> <Mlp= 2525.0966> <PB=1000000> 
    RCSP exact solver info for graph G_0 : TT = 2.36026, pt = 0.004811, dt = 2.04506, ct = 0.308273, ndl = 162734', bdl = 12125618', odl = 90677', odf = 2656000', bsi = 1614', cnt = 19764674', bdch = 415466748', odch = 80910307', lcp = 14592569', #sols = 150
    RCSP exact solver info for graph G_0 : TT = 2.25448, pt = 0.004657, dt = 1.96416, ct = 0.283681, ndl = 160685', bdl = 11977672', odl = 90607', odf = 2620531', bsi = 1598', cnt = 19270702', bdch = 404852086', odch = 78708338', lcp = 14279493', #sols = 150
<DWph=0> <it= 22> <et=111.50> <Mt= 0.02> <Spt= 4.65> <nCl= 44> <al=0.00> <DB= 2525.0964> <Mlp= 2525.0964> <PB=1000000> 
RCSP solver dynamic params and stats :  bidir.bord. = 375 aver.obdmd = 98.0984 aver.buck.num. = 101 nbR1C = 150 with avMem = 14.54
@@ 1 10 2525.1 2.3742 2.62171 92.453 111.5
    Full reduced cost fixing is not called (gap ratio is 0.999961)
ColGenEvalAlg final dual bound: 2525.1 (rounded: 2526)
False gap improvement since the last cut separation : 0.00725141 (2523.27)
Separator R1C not in maximum phase
Cut generation tailing off counter increased to 0
Current active cuts : CAP(16,434.854) R1C(15+135,263.279) 1rowPackR1C(15) 3rowPackR1C(91) 4rowPackR1C(44)
Shrinking heuristic shrunk 17 edges
In total 2 RCC cut(s) are found by the greedy construction heuristic 
In total 12 RCC cut(s) are found by the global pool greedy search heuristic 
10 Rank-1 1-rows pack. cuts added ,  max viol. = 0.0981805, aver. viol. = 0.0617015
150 Rank-1 3-rows pack. cuts added ,  max viol. = 0.183665, aver. viol. = 0.0826825
Building structures for heuristic rank-1 packing cut separation...done!
100 Rank-1 4-rows pack. cuts added ,  max viol. = 0.284392, aver. viol. = 0.123174
100 Rank-1 5-rows pack. cuts added ,  max viol. = 0.302667, aver. viol. = 0.236335
----- Add fac. cuts : CAP(14) R1C(360), max.viol = 0.302667, aver.viol = 0.140258, sep/add took 0.885808/1.3086 sec. -----
12425 columns (9090 active), 814 dyn. constrs. (544 active), 2021 art. vars. (786 active)
<DWph=2> <it=  1> <et=114.26> <Mt= 0.33> <Spt= 0.13> <nCl=  9> <al=0.50> <DB= 2482.3152> <Mlp= 2526.8810> <PB=1000000> 
<DWph=2> <it=  2> <et=114.54> <Mt= 0.15> <Spt= 0.13> <nCl=  8> <al=0.55> <DB= 2495.1496> <Mlp= 2526.8443> <PB=1000000> 
<DWph=2> <it=  3> <et=115.10> <Mt= 0.42> <Spt= 0.14> <nCl=  9> <al=0.60> <DB= 2525.7932> <Mlp= 2526.8170> <PB=1000000> 
<DWph=2> <it=  4> <et=115.25> <Mt= 0.01> <Spt= 0.14> <nCl=  7> <al=0.50> <DB= 2505.9942> <Mlp= 2526.8170> <PB=1000000> 
<DWph=2> <it=  5> <et=115.53> <Mt= 0.14> <Spt= 0.14> <nCl= 22> <al=0.55> <DB= 1845.3797> <Mlp= 2526.7886> <PB=1000000> 
<DWph=2> <it=  6> <et=115.74> <Mt= 0.06> <Spt= 0.14> <nCl=  6> <al=0.59> <DB= 2524.2031> <Mlp= 2526.7780> <PB=1000000> 
<DWph=2> <it=  7> <et=115.89> <Mt= 0.01> <Spt= 0.14> <nCl=  3> <al=0.63> <DB= 2526.1557> <Mlp= 2526.7780> <PB=1000000> 
<DWph=2> <it=  8> <et=116.04> <Mt= 0.01> <Spt= 0.13> <nCl= 10> <al=0.53> <DB= 2495.8500> <Mlp= 2526.7780> <PB=1000000> 
<DWph=2> <it=  9> <et=116.32> <Mt= 0.14> <Spt= 0.14> <nCl=  9> <al=0.58> <DB= 2526.4070> <Mlp= 2526.7521> <PB=1000000> 
<DWph=2> <it= 10> <et=116.51> <Mt= 0.05> <Spt= 0.14> <nCl=  8> <al=0.48> <DB= 2452.2415> <Mlp= 2526.7513> <PB=1000000> 
<DWph=2> <it= 11> <et=117.11> <Mt= 0.34> <Spt= 0.27> <nCl=  7> <al=0.06> <DB= 2379.0489> <Mlp= 2526.7260> <PB=1000000> 
<DWph=2> <it= 12> <et=117.50> <Mt= 0.24> <Spt= 0.15> <nCl= 11> <al=0.43> <DB= 2345.2501> <Mlp= 2526.6580> <PB=1000000> 
<DWph=2> <it= 13> <et=117.81> <Mt= 0.17> <Spt= 0.13> <nCl=  7> <al=0.49> <DB= 2493.8343> <Mlp= 2526.6089> <PB=1000000> 
<DWph=2> <it= 14> <et=117.97> <Mt= 0.03> <Spt= 0.14> <nCl=  3> <al=0.39> <DB= 2500.5542> <Mlp= 2526.6088> <PB=1000000> 
<DWph=2> <it= 15> <et=118.13> <Mt= 0.01> <Spt= 0.14> <nCl=  5> <al=0.29> <DB= 2507.2741> <Mlp= 2526.6088> <PB=1000000> 
<DWph=2> <it= 16> <et=118.29> <Mt= 0.03> <Spt= 0.14> <nCl=  3> <al=0.19> <DB= 2483.0989> <Mlp= 2526.6072> <PB=1000000> 
<DWph=2> <it= 17> <et=118.50> <Mt= 0.07> <Spt= 0.14> <nCl=  7> <al=0.09> <DB= 2510.5494> <Mlp= 2526.5965> <PB=1000000> 
<DWph=2> <it= 18> <et=118.80> <Mt= 0.04> <Spt= 0.25> <nCl= 16> <al=0.00> <DB= 2442.5953> <Mlp= 2526.5949> <PB=1000000> 
<DWph=2> <it= 19> <et=118.95> <Mt= 0.01> <Spt= 0.14> <nCl=  3> <al=0.08> <DB= 2521.2906> <Mlp= 2526.5949> <PB=1000000> 
<DWph=2> <it= 20> <et=119.08> <Mt= 0.01> <Spt= 0.11> <nCl=  1> <al=0.00> <DB= 2526.5949> <Mlp= 2526.5949> <PB=1000000> 
<DWph=1> <it= 21> <et=119.32> <Mt= 0.01> <Spt= 0.24> <nCl= 13> <al=0.00> <DB= 2404.8227> <Mlp= 2526.5949> <PB=1000000> 
<DWph=1> <it= 22> <et=119.63> <Mt= 0.06> <Spt= 0.24> <nCl=  7> <al=0.00> <DB= 2441.3468> <Mlp= 2526.5893> <PB=1000000> 
<DWph=1> <it= 23> <et=119.93> <Mt= 0.09> <Spt= 0.22> <nCl=  5> <al=0.00> <DB= 2377.1708> <Mlp= 2526.5816> <PB=1000000> 
<DWph=1> <it= 24> <et=120.41> <Mt= 0.01> <Spt= 0.46> <nCl=  2> <al=0.00> <DB= 2526.5816> <Mlp= 2526.5816> <PB=1000000> 
    RCSP exact solver info for graph G_0 : TT = 3.10428, pt = 0.005818, dt = 2.6685, ct = 0.427673, ndl = 200704', bdl = 14825608', odl = 107797', odf = 3301896', bsi = 1780', cnt = 35337688', bdch = 601708163', odch = 112840940', lcp = 19789731', #sols = 150
<DWph=0> <it= 25> <et=123.60> <Mt= 0.01> <Spt= 3.19> <nCl=150> <al=0.00> <DB= 2081.8082> <Mlp= 2526.5816> <PB=1000000> 
    RCSP exact solver info for graph G_0 : TT = 3.67898, pt = 0.005143, dt = 3.02804, ct = 0.643731, ndl = 217470', bdl = 15887214', odl = 114570', odf = 3590022', bsi = 1670', cnt = 44504968', bdch = 694513868', odch = 136225716', lcp = 24623816', #sols = 150
<DWph=0> <it= 26> <et=127.89> <Mt= 0.53> <Spt= 3.75> <nCl=150> <al=0.00> <DB= 1862.1767> <Mlp= 2526.4515> <PB=1000000> 
    RCSP exact solver info for graph G_0 : TT = 4.17162, pt = 0.005922, dt = 3.38038, ct = 0.782828, ndl = 228373', bdl = 16504842', odl = 117604', odf = 3768907', bsi = 1677', cnt = 52182489', bdch = 766014554', odch = 149206280', lcp = 26684921', #sols = 150
<DWph=0> <it= 27> <et=132.37> <Mt= 0.23> <Spt= 4.26> <nCl=148> <al=0.09> <DB= 2349.7687> <Mlp= 2526.4314> <PB=1000000> 
    RCSP exact solver info for graph G_0 : TT = 4.01429, pt = 0.006536, dt = 3.31474, ct = 0.6908, ndl = 220105', bdl = 16082320', odl = 112518', odf = 3610198', bsi = 1672', cnt = 42728023', bdch = 716776289', odch = 134694052', lcp = 24444412', #sols = 150
<DWph=0> <it= 28> <et=136.60> <Mt= 0.16> <Spt= 4.06> <nCl= 94> <al=0.18> <DB= 2285.9926> <Mlp= 2526.4194> <PB=1000000> 
    RCSP exact solver info for graph G_0 : TT = 4.1199, pt = 0.00565, dt = 3.36369, ct = 0.748272, ndl = 227007', bdl = 16482267', odl = 112284', odf = 3730110', bsi = 1699', cnt = 47547384', bdch = 742019335', odch = 152441731', lcp = 26776984', #sols = 150
<DWph=0> <it= 29> <et=140.84> <Mt= 0.10> <Spt= 4.15> <nCl= 26> <al=0.27> <DB= 2469.7045> <Mlp= 2526.4074> <PB=1000000> 
    RCSP exact solver info for graph G_0 : TT = 4.10152, pt = 0.005974, dt = 3.37606, ct = 0.717331, ndl = 226738', bdl = 16369044', odl = 112269', odf = 3731431', bsi = 1699', cnt = 46921933', bdch = 733067221', odch = 155721344', lcp = 27204641', #sols = 150
<DWph=0> <it= 30> <et=145.00> <Mt= 0.03> <Spt= 4.12> <nCl= 33> <al=0.34> <DB= 2507.2067> <Mlp= 2526.4073> <PB=1000000> 
    RCSP exact solver info for graph G_0 : TT = 4.19394, pt = 0.005922, dt = 3.45353, ct = 0.731972, ndl = 223812', bdl = 16153330', odl = 111428', odf = 3683607', bsi = 1691', cnt = 45749015', bdch = 712818714', odch = 153974843', lcp = 26913088', #sols = 150
<DWph=0> <it= 31> <et=149.23> <Mt= 0.02> <Spt= 4.21> <nCl= 17> <al=0.24> <DB= 2496.2073> <Mlp= 2526.4072> <PB=1000000> 
    RCSP exact solver info for graph G_0 : TT = 4.05619, pt = 0.006743, dt = 3.33522, ct = 0.712036, ndl = 223818', bdl = 16183320', odl = 111383', odf = 3679482', bsi = 1698', cnt = 45643479', bdch = 714694786', odch = 153327983', lcp = 27013886', #sols = 150
    RCSP exact solver info for graph G_0 : TT = 3.68715, pt = 0.004839, dt = 3.05925, ct = 0.621005, ndl = 221288', bdl = 16032290', odl = 110891', odf = 3635781', bsi = 1703', cnt = 44376327', bdch = 701773140', odch = 147848928', lcp = 25977284', #sols = 150
<DWph=0> <it= 32> <et=157.03> <Mt= 0.02> <Spt= 7.77> <nCl= 29> <al=0.00> <DB= 2526.4072> <Mlp= 2526.4072> <PB=1000000> 
RCSP solver dynamic params and stats :  bidir.bord. = 375 aver.obdmd = 98.0984 aver.buck.num. = 101 nbR1C = 174 with avMem = 15.2931
@@ 1 11 2526.41 3.895 4.1855 92.453 157.03
    Full reduced cost fixing is not called (gap ratio is 0.99996)
ColGenEvalAlg final dual bound: 2526.41 (rounded: 2527)
False gap improvement since the last cut separation : 0.00519124 (2525.1)
Cut generation tailing off counter increased to 1
Current active cuts : CAP(16,293.459) R1C(18+156,279.233) 1rowPackR1C(18) 3rowPackR1C(106) 4rowPackR1C(47) 5rowPackR1C(3)
Shrinking heuristic shrunk 25 edges
In total 1 RCC cut(s) are found by the greedy construction heuristic 
In total 2 RCC cut(s) are found by the global pool greedy search heuristic 
4 Rank-1 1-rows pack. cuts added ,  max viol. = 0.0660913, aver. viol. = 0.0500617
150 Rank-1 3-rows pack. cuts added ,  max viol. = 0.131474, aver. viol. = 0.0729129
Building structures for heuristic rank-1 packing cut separation...done!
100 Rank-1 4-rows pack. cuts added ,  max viol. = 0.106283, aver. viol. = 0.0427972
100 Rank-1 5-rows pack. cuts added ,  max viol. = 0.177443, aver. viol. = 0.088765
----- Add fac. cuts : CAP(3) R1C(354), max.viol = 0.218253, aver.viol = 0.0861454, sep/add took 0.851033/1.26712 sec. -----
13253 columns (9918 active), 918 dyn. constrs. (548 active), 2378 art. vars. (790 active)
<DWph=2> <it=  1> <et=160.16> <Mt= 0.73> <Spt= 0.17> <nCl= 14> <al=0.50> <DB= 2410.6053> <Mlp= 2528.1783> <PB=1000000> 
<DWph=2> <it=  2> <et=160.54> <Mt= 0.24> <Spt= 0.15> <nCl=  6> <al=0.55> <DB= 2524.9659> <Mlp= 2528.0564> <PB=1000000> 
<DWph=2> <it=  3> <et=160.89> <Mt= 0.05> <Spt= 0.29> <nCl= 15> <al=0.19> <DB= 2477.2052> <Mlp= 2528.0549> <PB=1000000> 
<DWph=2> <it=  4> <et=161.10> <Mt= 0.05> <Spt= 0.15> <nCl=  6> <al=0.50> <DB= 2463.0805> <Mlp= 2528.0492> <PB=1000000> 
<DWph=2> <it=  5> <et=161.47> <Mt= 0.06> <Spt= 0.32> <nCl= 21> <al=0.09> <DB= 2293.3347> <Mlp= 2528.0328> <PB=1000000> 
<DWph=2> <it=  6> <et=161.72> <Mt= 0.08> <Spt= 0.17> <nCl=  6> <al=0.45> <DB= 2520.0582> <Mlp= 2528.0222> <PB=1000000> 
<DWph=2> <it=  7> <et=162.10> <Mt= 0.04> <Spt= 0.34> <nCl= 15> <al=0.00> <DB= 2420.3358> <Mlp= 2528.0221> <PB=1000000> 
<DWph=2> <it=  8> <et=162.51> <Mt= 0.07> <Spt= 0.31> <nCl= 12> <al=0.00> <DB= 2519.3117> <Mlp= 2528.0137> <PB=1000000> 
<DWph=2> <it=  9> <et=162.86> <Mt= 0.01> <Spt= 0.33> <nCl=  6> <al=0.00> <DB= 2528.0137> <Mlp= 2528.0137> <PB=1000000> 
<DWph=1> <it= 10> <et=163.19> <Mt= 0.01> <Spt= 0.32> <nCl= 21> <al=0.20> <DB= 2322.3885> <Mlp= 2528.0137> <PB=1000000> 
<DWph=1> <it= 11> <et=163.61> <Mt= 0.06> <Spt= 0.35> <nCl= 12> <al=0.10> <DB= 2350.8130> <Mlp= 2528.0044> <PB=1000000> 
<DWph=1> <it= 12> <et=164.02> <Mt= 0.08> <Spt= 0.34> <nCl= 19> <al=0.00> <DB= 2277.1881> <Mlp= 2527.9835> <PB=1000000> 
<DWph=1> <it= 13> <et=164.40> <Mt= 0.06> <Spt= 0.32> <nCl=  8> <al=0.10> <DB= 2491.1503> <Mlp= 2527.9757> <PB=1000000> 
<DWph=1> <it= 14> <et=164.73> <Mt= 0.01> <Spt= 0.32> <nCl=  5> <al=0.19> <DB= 2495.4712> <Mlp= 2527.9757> <PB=1000000> 
<DWph=1> <it= 15> <et=165.08> <Mt= 0.03> <Spt= 0.32> <nCl=  3> <al=0.09> <DB= 2518.3059> <Mlp= 2527.9752> <PB=1000000> 
<DWph=1> <it= 16> <et=165.43> <Mt= 0.01> <Spt= 0.33> <nCl=  3> <al=0.18> <DB= 2481.7168> <Mlp= 2527.9751> <PB=1000000> 
<DWph=1> <it= 17> <et=166.14> <Mt= 0.03> <Spt= 0.68> <nCl=  2> <al=0.00> <DB= 2522.7397> <Mlp= 2527.9738> <PB=1000000> 
<DWph=1> <it= 18> <et=166.46> <Mt= 0.01> <Spt= 0.31> <nCl=  2> <al=0.16> <DB= 2466.5064> <Mlp= 2527.9738> <PB=1000000> 
<DWph=1> <it= 19> <et=166.80> <Mt= 0.03> <Spt= 0.31> <nCl=  4> <al=0.25> <DB= 2516.1901> <Mlp= 2527.9732> <PB=1000000> 
<DWph=1> <it= 20> <et=167.14> <Mt= 0.03> <Spt= 0.30> <nCl=  4> <al=0.15> <DB= 2407.1553> <Mlp= 2527.9722> <PB=1000000> 
<DWph=1> <it= 21> <et=167.76> <Mt= 0.03> <Spt= 0.60> <nCl=  4> <al=0.00> <DB= 2527.9721> <Mlp= 2527.9721> <PB=1000000> 
1 bl.dch (4563)...    RCSP exact solver info for graph G_0 : TT = 9.55615, pt = 0.007054, dt = 8.12757, ct = 1.41939, ndl = 372439', bdl = 25742171', odl = 161645', odf = 6435501', bsi = 1931', cnt = 92428276', bdch = 1743110089', odch = 513667405', lcp = 89531303', #sols = 150
<DWph=0> <it= 22> <et=177.39> <Mt= 0.00> <Spt= 9.63> <nCl=150> <al=0.00> <DB= 1668.3317> <Mlp= 2527.9721> <PB=1000000> 
1 bl.dch (4640)...    RCSP exact solver info for graph G_0 : TT = 9.21316, pt = 0.007343, dt = 7.23043, ct = 1.97288, ndl = 358535', bdl = 24780981', odl = 157085', odf = 6157109', bsi = 1961', cnt = 112911135', bdch = 1625696647', odch = 473300041', lcp = 82214442', #sols = 150
<DWph=0> <it= 23> <et=186.76> <Mt= 0.07> <Spt= 9.29> <nCl=150> <al=0.05> <DB= 2040.7179> <Mlp= 2527.9670> <PB=1000000> 
1 bl.dch (4705)...    RCSP exact solver info for graph G_0 : TT = 8.84739, pt = 0.006738, dt = 6.92266, ct = 1.91552, ndl = 344814', bdl = 23965099', odl = 151866', odf = 5871746', bsi = 1921', cnt = 104846354', bdch = 1512764221', odch = 440509865', lcp = 77524259', #sols = 150
<DWph=0> <it= 24> <et=195.94> <Mt= 0.26> <Spt= 8.93> <nCl=138> <al=0.15> <DB= 2395.5060> <Mlp= 2527.8507> <PB=1000000> 
1 bl.dch (4946)...    RCSP exact solver info for graph G_0 : TT = 7.3642, pt = 0.008967, dt = 5.72012, ct = 1.63223, ndl = 298020', bdl = 20822146', odl = 137041', odf = 5049049', bsi = 1867', cnt = 86852673', bdch = 1193450585', odch = 297632991', lcp = 51319752', #sols = 150
<DWph=0> <it= 25> <et=204.44> <Mt= 1.06> <Spt= 7.44> <nCl=136> <al=0.23> <DB= 2344.6410> <Mlp= 2527.5000> <PB=1000000> 
1 bl.dch (4892)...    RCSP exact solver info for graph G_0 : TT = 7.96021, pt = 0.008089, dt = 6.07065, ct = 1.87894, ndl = 305290', bdl = 21242132', odl = 141086', odf = 5225262', bsi = 1886', cnt = 93471332', bdch = 1233687715', odch = 326252252', lcp = 56327783', #sols = 150
<DWph=0> <it= 26> <et=214.57> <Mt= 2.15> <Spt= 7.98> <nCl= 27> <al=0.31> <DB= 2427.2318> <Mlp= 2527.5000> <PB=1000000> 
1 bl.dch (4996)...    RCSP exact solver info for graph G_0 : TT = 7.54952, pt = 0.009666, dt = 5.81408, ct = 1.72331, ndl = 292293', bdl = 20475382', odl = 138431', odf = 4980236', bsi = 1890', cnt = 86289399', bdch = 1152289523', odch = 288028258', lcp = 50345700', #sols = 150
<DWph=0> <it= 27> <et=224.46> <Mt= 2.31> <Spt= 7.57> <nCl= 37> <al=0.38> <DB= 2491.1485> <Mlp= 2527.5000> <PB=1000000> 
1 bl.dch (4977)...    RCSP exact solver info for graph G_0 : TT = 7.69566, pt = 0.009096, dt = 5.88345, ct = 1.80053, ndl = 295055', bdl = 20619196', odl = 139166', odf = 5022643', bsi = 1885', cnt = 87829704', bdch = 1173646926', odch = 292466237', lcp = 50914361', #sols = 150
<DWph=0> <it= 28> <et=234.63> <Mt= 2.44> <Spt= 7.73> <nCl= 41> <al=0.44> <DB= 2511.4878> <Mlp= 2527.5000> <PB=1000000> 
1 bl.dch (4977)...    RCSP exact solver info for graph G_0 : TT = 8.39236, pt = 0.010475, dt = 6.36758, ct = 2.01161, ndl = 295475', bdl = 20550224', odl = 137862', odf = 5044111', bsi = 1903', cnt = 92016086', bdch = 1169642665', odch = 305628545', lcp = 53363753', #sols = 150
<DWph=0> <it= 29> <et=245.37> <Mt= 2.33> <Spt= 8.41> <nCl= 19> <al=0.34> <DB= 2480.9346> <Mlp= 2527.5000> <PB=1000000> 
1 bl.dch (4991)...    RCSP exact solver info for graph G_0 : TT = 7.76089, pt = 0.009278, dt = 5.94713, ct = 1.80188, ndl = 292861', bdl = 20466560', odl = 137799', odf = 4990052', bsi = 1887', cnt = 86913384', bdch = 1156470522', odch = 290208408', lcp = 50975237', #sols = 150
<DWph=0> <it= 30> <et=255.54> <Mt= 2.38> <Spt= 7.79> <nCl= 35> <al=0.41> <DB= 2506.6072> <Mlp= 2527.5000> <PB=1000000> 
1 bl.dch (4996)...    RCSP exact solver info for graph G_0 : TT = 7.64869, pt = 0.009074, dt = 5.90394, ct = 1.7331, ndl = 292860', bdl = 20469002', odl = 137795', odf = 4992161', bsi = 1882', cnt = 86476120', bdch = 1153163989', odch = 290689654', lcp = 50626584', #sols = 150
1 bl.dch (5054)...    RCSP exact solver info for graph G_0 : TT = 6.57874, pt = 0.006213, dt = 5.1482, ct = 1.42208, ndl = 290122', bdl = 20310281', odl = 136701', odf = 4938537', bsi = 1808', cnt = 87621950', bdch = 1130035577', odch = 288028629', lcp = 50309846', #sols = 150
<DWph=0> <it= 31> <et=271.88> <Mt= 2.07> <Spt=14.27> <nCl= 72> <al=0.00> <DB= 2512.4168> <Mlp= 2527.5000> <PB=1000000> 
1 bl.dch (5054)...    RCSP exact solver info for graph G_0 : TT = 7.66392, pt = 0.009175, dt = 5.89313, ct = 1.75927, ndl = 289242', bdl = 20285277', odl = 136462', odf = 4912908', bsi = 1872', cnt = 83534279', bdch = 1131989840', odch = 280787396', lcp = 48947399', #sols = 150
<DWph=0> <it= 32> <et=281.96> <Mt= 2.40> <Spt= 7.68> <nCl=  7> <al=0.37> <DB= 2524.7718> <Mlp= 2527.5000> <PB=1000000> 
1 bl.dch (4963)...    RCSP exact solver info for graph G_0 : TT = 7.87017, pt = 0.01016, dt = 6.0155, ct = 1.84205, ndl = 296453', bdl = 20659252', odl = 137702', odf = 5055600', bsi = 1877', cnt = 91826834', bdch = 1182791195', odch = 299428894', lcp = 51805469', #sols = 150
1 bl.dch (4977)...    RCSP exact solver info for graph G_0 : TT = 6.84442, pt = 0.007328, dt = 5.31173, ct = 1.52292, ndl = 295103', bdl = 20529919', odl = 137463', odf = 5031151', bsi = 1868', cnt = 93068216', bdch = 1166832972', odch = 298260599', lcp = 51718520', #sols = 150
<DWph=0> <it= 33> <et=299.05> <Mt= 2.34> <Spt=14.75> <nCl= 46> <al=0.00> <DB= 2527.5000> <Mlp= 2527.5000> <PB=1000000> 
RCSP solver dynamic params and stats :  bidir.bord. = 375 aver.obdmd = 98.0984 aver.buck.num. = 101 nbR1C = 212 with avMem = 16.8113
@@ 1 12 2527.5 7.91371 9.54696 92.453 299.05
    Full reduced cost fixing is not called (gap ratio is 0.999959)
ColGenEvalAlg final dual bound: 2527.5 (rounded: 2528)
False gap improvement since the last cut separation : 0.00432532 (2526.41)
Cut generation tailing off counter increased to 2
Current active cuts : CAP(18,401.983) R1C(19+193,286.839) 1rowPackR1C(19) 3rowPackR1C(96) 4rowPackR1C(61) 5rowPackR1C(36)
Shrinking heuristic shrunk 77 edges
21 Rank-1 3-rows pack. cuts added ,  max viol. = 0.5, aver. viol. = 0.5
Building structures for heuristic rank-1 packing cut separation...done!
22 Rank-1 4-rows pack. cuts added ,  max viol. = 0.5, aver. viol. = 0.5
100 Rank-1 5-rows pack. cuts added ,  max viol. = 0.5, aver. viol. = 0.4575
----- Add fac. cuts : R1C(143), max.viol = 0.5, aver.viol = 0.5, sep/add took 0.154647/0.370085 sec. -----
14250 columns (7563 active), 709 dyn. constrs. (379 active), 2521 art. vars. (621 active)
<DWph=2> <it=  1> <et=300.17> <Mt= 0.16> <Spt= 0.29> <nCl= 11> <al=0.00> <DB= 2511.3291> <Mlp= 2527.7427> <PB=1000000> 
<DWph=2> <it=  2> <et=300.48> <Mt= 0.01> <Spt= 0.30> <nCl=  3> <al=0.00> <DB= 2527.7420> <Mlp= 2527.7420> <PB=1000000> 
<DWph=1> <it=  3> <et=300.77> <Mt= 0.01> <Spt= 0.28> <nCl=  6> <al=0.30> <DB= 2517.0006> <Mlp= 2527.7420> <PB=1000000> 
<DWph=1> <it=  4> <et=301.37> <Mt= 0.00> <Spt= 0.59> <nCl=  0> <al=0.00> <DB= 2527.7420> <Mlp= 2527.7420> <PB=1000000> 
1 bl.dch (4819)...    RCSP exact solver info for graph G_0 : TT = 7.4061, pt = 0.006618, dt = 5.8235, ct = 1.57348, ndl = 320555', bdl = 22241559', odl = 141611', odf = 5392577', bsi = 1818', cnt = 97535929', bdch = 1329946405', odch = 372738696', lcp = 65360700', #sols = 150
<DWph=0> <it=  5> <et=308.83> <Mt= 0.01> <Spt= 7.45> <nCl= 91> <al=0.27> <DB= 2408.0039> <Mlp= 2527.7420> <PB=1000000> 
1 bl.dch (4823)...    RCSP exact solver info for graph G_0 : TT = 7.55019, pt = 0.006168, dt = 5.86913, ct = 1.6723, ndl = 319390', bdl = 22159606', odl = 141309', odf = 5378561', bsi = 1899', cnt = 97379951', bdch = 1316984364', odch = 374293658', lcp = 65535854', #sols = 150
<DWph=0> <it=  6> <et=316.43> <Mt= 0.04> <Spt= 7.57> <nCl= 21> <al=0.34> <DB= 2486.6680> <Mlp= 2527.7362> <PB=1000000> 
1 bl.dch (4868)...    RCSP exact solver info for graph G_0 : TT = 7.38467, pt = 0.006936, dt = 5.85133, ct = 1.52377, ndl = 313373', bdl = 21818273', odl = 141241', odf = 5279114', bsi = 1881', cnt = 93835811', bdch = 1282272283', odch = 355997659', lcp = 62508909', #sols = 150
<DWph=0> <it=  7> <et=323.86> <Mt= 0.01> <Spt= 7.40> <nCl= 26> <al=0.24> <DB= 2517.7564> <Mlp= 2527.7359> <PB=1000000> 
1 bl.dch (4879)...    RCSP exact solver info for graph G_0 : TT = 7.08716, pt = 0.006409, dt = 5.58557, ct = 1.49278, ndl = 310387', bdl = 21600778', odl = 140516', odf = 5224092', bsi = 1857', cnt = 91622951', bdch = 1258143706', odch = 351751279', lcp = 61507892', #sols = 150
<DWph=0> <it=  8> <et=330.97> <Mt= 0.02> <Spt= 7.10> <nCl=  6> <al=0.14> <DB= 2520.3445> <Mlp= 2527.7358> <PB=1000000> 
1 bl.dch (4887)...    RCSP exact solver info for graph G_0 : TT = 7.06617, pt = 0.006197, dt = 5.56048, ct = 1.49711, ndl = 309887', bdl = 21537073', odl = 140267', odf = 5218751', bsi = 1879', cnt = 91283420', bdch = 1251723564', odch = 350620309', lcp = 61196661', #sols = 150
1 bl.dch (4887)...    RCSP exact solver info for graph G_0 : TT = 7.01915, pt = 0.006812, dt = 5.55891, ct = 1.45116, ndl = 309688', bdl = 21554825', odl = 140607', odf = 5222004', bsi = 1902', cnt = 90155790', bdch = 1251653254', odch = 349642901', lcp = 61239857', #sols = 150
<DWph=0> <it=  9> <et=345.09> <Mt= 0.01> <Spt=14.12> <nCl= 30> <al=0.00> <DB= 2527.7358> <Mlp= 2527.7358> <PB=1000000> 
RCSP solver dynamic params and stats :  bidir.bord. = 375 aver.obdmd = 98.0984 aver.buck.num. = 101 nbR1C = 189 with avMem = 16.2487
@@ 1 13 2527.74 7.24325 7.54143 92.453 345.09
    Full reduced cost fixing is not called (gap ratio is 0.999959)
ColGenEvalAlg final dual bound: 2527.74 (rounded: 2528)
False gap improvement since the last cut separation : 0.000933072 (2527.5)
----- Cut generation is stopped due to tailing off -----
Current active cuts : CAP(17,407.563) R1C(19+170,287.214) 1rowPackR1C(19) 3rowPackR1C(89) 4rowPackR1C(55) 5rowPackR1C(26)
**** Strong branching phase 1 is started *****
SB phase 1 cand.  1 branch on colGenSp (8.6737)                           : [ 2527.7358,  2527.8231], score = 0.00      <et=345.42>
SB phase 1 cand.  2 branch on omega[1] (lhs=27.7769)                      : [ 2527.7358,  2527.7476], score = 0.00      <et=345.52>
SB phase 1 cand.  3 branch on omega[3] (lhs=2.1879)                       : [ 2527.9008,  2529.3318], score = 0.26      <et=345.85>
SB phase 1 cand.  4 branch on omega[5] (lhs=2.0982)                       : [ 2527.8520,  2532.4309], score = 0.55      <et=346.24>
SB phase 1 cand.  5 branch on Psi[4,11] (lhs=0.4712)                      : [ 2528.3019,  2529.3229], score = 0.90      <et=346.67>
SB phase 1 cand.  6 branch on Psi[1,9] (lhs=1.5734)                       : [ 2528.5262,  2529.6073], score = 1.48      <et=347.12>
SB phase 1 cand.  7 branch on Psi[7,9] (lhs=0.4266)                       : [ 2528.5262,  2529.5829], score = 1.46      <et=347.59>
SB phase 1 cand.  8 branch on Psi[1,7] (lhs=0.5734)                       : [ 2528.5262,  2529.5829], score = 1.46      <et=348.06>
SB phase 1 cand.  9 branch on Psi[4,6] (lhs=0.5995)                       : [ 2528.0804,  2531.2965], score = 1.23      <et=348.5>
SB phase 1 cand. 10 branch on Psi[6,11] (lhs=0.3686)                      : [ 2528.3249,  2529.9805], score = 1.32      <et=348.94>
SB phase 1 cand. 11 branch on Psi[1,3] (lhs=1.1879)                       : [ 2527.9008,  2529.3318], score = 0.26      <et=349.3>
SB phase 1 cand. 12 branch on Psi[1,11] (lhs=0.1602)                      : [ 2528.1872,  2534.9183], score = 3.24      <et=349.78>
SB phase 1 cand. 13 branch on Psi[1,4] (lhs=0.9293)                       : [ 2527.8096,  2534.6391], score = 0.51      <et=350.19>
SB phase 1 cand. 14 branch on Psi[5,8] (lhs=0.0491)                       : [ 2527.8520,  2538.8261], score = 1.29      <et=350.61>
SB phase 1 cand. 15 branch on Psi[1,8] (lhs=0.9509)                       : [ 2527.8520,  2540.4336], score = 1.48      <et=351.05>
SB phase 1 cand. 16 branch on Psi[1,5] (lhs=2.0358)                       : [ 2527.7483,  2553.6967], score = 0.32      <et=351.46>
SB phase 1 cand. 17 branch on Psi[1,6] (lhs=1.0319)                       : [ 2527.7368,  2532.1654], score = 0.00      <et=351.8>
SB phase 1 cand. 18 branch on var x[(97, 100)]_0_6963_0_OspV (lhs=0.5065) : [ 2528.4764,  2529.8493], score = 1.57      <et=352.23>
SB phase 1 cand. 19 branch on var x[(6, 56)]_0_640_0_OspV (lhs=0.5081)    : [ 2528.1963,  2529.1058], score = 0.63      <et=352.6>
SB phase 1 cand. 20 branch on var x[(0, 7)]_0_705_0_OspV (lhs=0.5088)     : [ 2528.2825,  2529.8858], score = 1.18      <et=353.02>
SB phase 1 cand. 21 branch on var x[(19, 81)]_0_2069_0_OspV (lhs=0.5151)  : [ 2527.9702,  2528.0291], score = 0.07      <et=353.29>
SB phase 1 cand. 22 branch on var x[(35, 92)]_0_3576_0_OspV (lhs=0.5162)  : [ 2528.3193,  2528.3823], score = 0.38      <et=353.66>
SB phase 1 cand. 23 branch on var x[(1, 23)]_0_22_0_OspV (lhs=0.5190)     : [ 2528.2352,  2528.3966], score = 0.33      <et=354>
SB phase 1 cand. 24 branch on var x[(60, 85)]_0_5394_0_OspV (lhs=0.4745)  : [ 2528.3177,  2531.0730], score = 1.94      <et=354.47>
SB phase 1 cand. 25 branch on var x[(14, 117)]_0_1585_0_OspV (lhs=0.4712) : [ 2528.3019,  2529.3229], score = 0.90      <et=354.92>
SB phase 1 cand. 26 branch on var x[(0, 70)]_0_5934_0_OspV (lhs=0.5289)   : [ 2528.6086,  2529.6731], score = 1.69      <et=355.35>
SB phase 1 cand. 27 branch on var x[(82, 84)]_0_6482_0_OspV (lhs=0.4684)  : [ 2528.2691,  2528.2811], score = 0.29      <et=355.7>
SB phase 1 cand. 28 branch on var x[(0, 62)]_0_5490_0_OspV (lhs=0.5356)   : [ 2528.5133,  2529.3149], score = 1.23      <et=356.11>
SB phase 1 cand. 29 branch on var x[(113, 116)]_0_7227_0_OspV (lhs=0.4642): [ 2527.9720,  2528.1651], score = 0.10      <et=356.43>
SB phase 1 cand. 30 branch on var x[(99, 106)]_0_7014_0_OspV (lhs=0.5388) : [ 2528.2925,  2528.6525], score = 0.51      <et=356.79>
SB phase 1 cand. 31 branch on var x[(47, 99)]_0_4537_0_OspV (lhs=0.5390)  : [ 2528.3779,  2528.5004], score = 0.49      <et=357.13>
SB phase 1 cand. 32 branch on var x[(10, 110)]_0_1144_0_OspV (lhs=0.5391) : [ 2528.8413,  2529.7093], score = 2.18      <et=357.6>
SB phase 1 cand. 33 branch on var x[(30, 106)]_0_3150_0_OspV (lhs=0.4592) : [ 2527.8041,  2528.2104], score = 0.03      <et=357.86>
SB phase 1 cand. 34 branch on var x[(30, 40)]_0_3084_0_OspV (lhs=0.4567)  : [ 2527.8707,  2527.9225], score = 0.03      <et=358.08>
SB phase 1 cand. 35 branch on var x[(0, 23)]_0_2409_0_OspV (lhs=0.4552)   : [ 2528.0864,  2529.6288], score = 0.66      <et=358.46>
SB phase 1 cand. 36 branch on var x[(38, 103)]_0_3839_0_OspV (lhs=0.5512) : [ 2528.3233,  2528.6207], score = 0.52      <et=358.87>
SB phase 1 cand. 37 branch on var x[(46, 63)]_0_4427_0_OspV (lhs=0.4482)  : [ 2528.2043,  2528.3003], score = 0.26      <et=359.19>
SB phase 1 cand. 38 branch on var x[(4, 63)]_0_416_0_OspV (lhs=0.5526)    : [ 2527.9776,  2528.1210], score = 0.09      <et=359.51>
SB phase 1 cand. 39 branch on var x[(26, 113)]_0_2787_0_OspV (lhs=0.5586) : [ 2528.0325,  2528.1820], score = 0.13      <et=359.82>
SB phase 1 cand. 40 branch on var x[(0, 17)]_0_1800_0_OspV (lhs=0.5590)   : [ 2528.0157,  2528.0815], score = 0.10      <et=360.08>
SB phase 1 cand. 41 branch on var x[(17, 55)]_0_1838_0_OspV (lhs=0.4410)  : [ 2528.0417,  2528.0833], score = 0.11      <et=360.39>
SB phase 1 cand. 42 branch on var x[(0, 112)]_0_7215_0_OspV (lhs=0.4394)  : [ 2528.2768,  2530.1653], score = 1.31      <et=360.81>
SB phase 1 cand. 43 branch on var x[(28, 69)]_0_2930_0_OspV (lhs=0.4386)  : [ 2528.1393,  2528.3133], score = 0.23      <et=361.16>
SB phase 1 cand. 44 branch on var x[(87, 116)]_0_6694_0_OspV (lhs=0.5654) : [ 2528.0395,  2528.1922], score = 0.14      <et=361.51>
SB phase 1 cand. 45 branch on var x[(25, 89)]_0_2668_0_OspV (lhs=0.5655)  : [ 2528.4562,  2528.7754], score = 0.75      <et=361.88>
SB phase 1 cand. 46 branch on var x[(35, 96)]_0_3580_0_OspV (lhs=0.4344)  : [ 2527.9308,  2528.4240], score = 0.13      <et=362.22>
SB phase 1 cand. 47 branch on var x[(17, 76)]_0_1859_0_OspV (lhs=0.4324)  : [ 2527.9336,  2528.6238], score = 0.18      <et=362.55>
SB phase 1 cand. 48 branch on var x[(4, 19)]_0_372_0_OspV (lhs=0.5679)    : [ 2527.9878,  2528.4072], score = 0.17      <et=362.88>
SB phase 1 cand. 49 branch on var x[(8, 42)]_0_853_0_OspV (lhs=0.5732)    : [ 2528.5274,  2529.4711], score = 1.37      <et=363.32>
SB phase 1 cand. 50 branch on var x[(38, 119)]_0_3855_0_OspV (lhs=0.4219) : [ 2528.3917,  2529.3092], score = 1.03      <et=363.76>
SB phase 1 cand. 51 branch on var x[(92, 96)]_0_6829_0_OspV (lhs=0.4219)  : [ 2527.9925,  2528.3859], score = 0.17      <et=364.1>
SB phase 1 cand. 52 branch on var x[(6, 32)]_0_616_0_OspV (lhs=0.4218)    : [ 2528.6059,  2528.8782], score = 0.99      <et=364.53>
SB phase 1 cand. 53 branch on var x[(46, 76)]_0_4440_0_OspV (lhs=0.5808)  : [ 2528.2718,  2528.4393], score = 0.38      <et=364.9>
SB phase 1 cand. 54 branch on var x[(25, 70)]_0_2649_0_OspV (lhs=0.4191)  : [ 2528.6541,  2529.1519], score = 1.30      <et=365.33>
SB phase 1 cand. 55 branch on var x[(38, 118)]_0_3854_0_OspV (lhs=0.5941) : [ 2528.2673,  2528.8478], score = 0.59      <et=365.7>
SB phase 1 cand. 56 branch on var x[(14, 80)]_0_1548_0_OspV (lhs=0.5995)  : [ 2528.0804,  2531.2965], score = 1.23      <et=366.15>
SB phase 1 cand. 57 branch on var x[(80, 100)]_0_6419_0_OspV (lhs=0.4005) : [ 2528.0084,  2532.4911], score = 1.30      <et=366.6>
SB phase 1 cand. 58 branch on var x[(27, 95)]_0_2863_0_OspV (lhs=0.3986)  : [ 2528.0463,  2528.9414], score = 0.37      <et=366.97>
SB phase 1 cand. 59 branch on var x[(44, 99)]_0_4312_0_OspV (lhs=0.3976)  : [ 2528.1710,  2528.7586], score = 0.45      <et=367.33>
SB phase 1 cand. 60 branch on var x[(62, 92)]_0_5520_0_OspV (lhs=0.3965)  : [ 2528.0130,  2529.9247], score = 0.61      <et=367.74>
SB phase 1 cand. 61 branch on var x[(11, 64)]_0_1208_0_OspV (lhs=0.6067)  : [ 2529.5545,  2529.7611], score = 3.68      <et=368.24>
SB phase 1 cand. 62 branch on var x[(3, 11)]_0_247_0_OspV (lhs=0.3933)    : [ 2529.5545,  2529.7611], score = 3.68      <et=368.75>
SB phase 1 cand. 63 branch on var x[(0, 108)]_0_7169_0_OspV (lhs=0.6070)  : [ 2527.9216,  2528.1974], score = 0.09      <et=369.03>
SB phase 1 cand. 64 branch on var x[(94, 101)]_0_6889_0_OspV (lhs=0.3878) : [ 2527.9715,  2528.2432], score = 0.12      <et=369.37>
SB phase 1 cand. 65 branch on var x[(7, 97)]_0_795_0_OspV (lhs=0.3864)    : [ 2529.2618,  2529.4626], score = 2.64      <et=369.82>
SB phase 1 cand. 66 branch on var x[(11, 104)]_0_1248_0_OspV (lhs=0.3863) : [ 2529.5545,  2529.7611], score = 3.68      <et=370.28>
SB phase 1 cand. 67 branch on var x[(11, 115)]_0_1259_0_OspV (lhs=0.6137) : [ 2529.5545,  2529.7611], score = 3.68      <et=370.76>
SB phase 1 cand. 68 branch on var x[(13, 115)]_0_1476_0_OspV (lhs=0.3863) : [ 2529.5545,  2529.9310], score = 3.99      <et=371.27>
SB phase 1 cand. 69 branch on var x[(3, 104)]_0_340_0_OspV (lhs=0.6137)   : [ 2529.5545,  2529.7611], score = 3.68      <et=371.76>
SB phase 1 cand. 70 branch on var x[(49, 53)]_0_4636_0_OspV (lhs=0.6137)  : [ 2529.4933,  2530.1476], score = 4.24      <et=372.27>
SB phase 1 cand. 71 branch on var x[(49, 64)]_0_4647_0_OspV (lhs=0.3863)  : [ 2529.4933,  2530.1476], score = 4.24      <et=372.77>
SB phase 1 cand. 72 branch on var x[(12, 79)]_0_1332_0_OspV (lhs=0.6158)  : [ 2528.5185,  2529.3521], score = 1.27      <et=373.21>
SB phase 1 cand. 73 branch on var x[(42, 53)]_0_4111_0_OspV (lhs=0.3835)  : [ 2528.4735,  2530.1498], score = 1.78      <et=373.7>
SB phase 1 cand. 74 branch on var x[(38, 100)]_0_3836_0_OspV (lhs=0.3823) : [ 2528.3075,  2528.7246], score = 0.57      <et=374.09>
SB phase 1 cand. 75 branch on var x[(69, 82)]_0_5895_0_OspV (lhs=0.6181)  : [ 2528.2695,  2528.2767], score = 0.29      <et=374.45>
SB phase 1 cand. 76 branch on var x[(16, 47)]_0_1726_0_OspV (lhs=0.3809)  : [ 2528.1870,  2528.6299], score = 0.40      <et=374.81>
SB phase 1 cand. 77 branch on var x[(0, 82)]_0_6480_0_OspV (lhs=0.3808)   : [ 2528.1008,  2528.2807], score = 0.20      <et=375.13>
SB phase 1 cand. 78 branch on var x[(36, 119)]_0_3688_0_OspV (lhs=0.6199) : [ 2528.7896,  2529.8860], score = 2.27      <et=375.63>
SB phase 1 cand. 79 branch on var x[(13, 50)]_0_1411_0_OspV (lhs=0.6208)  : [ 2529.1320,  2529.5504], score = 2.53      <et=376.11>
SB phase 1 cand. 80 branch on var x[(67, 75)]_0_5783_0_OspV (lhs=0.6208)  : [ 2528.4703,  2530.0009], score = 1.66      <et=376.57>
SB phase 1 cand. 81 branch on var x[(67, 89)]_0_5797_0_OspV (lhs=0.3792)  : [ 2528.4703,  2530.0009], score = 1.66      <et=377.01>
SB phase 1 cand. 82 branch on var x[(81, 108)]_0_6467_0_OspV (lhs=0.3769) : [ 2527.8853,  2528.2347], score = 0.07      <et=377.29>
SB phase 1 cand. 83 branch on var x[(0, 118)]_0_7254_0_OspV (lhs=0.6249)  : [ 2528.3408,  2528.7904], score = 0.64      <et=377.71>
SB phase 1 cand. 84 branch on var x[(29, 101)]_0_3054_0_OspV (lhs=0.3733) : [ 2527.9405,  2528.6790], score = 0.19      <et=378.06>
SB phase 1 cand. 85 branch on var x[(110, 112)]_0_7196_0_OspV (lhs=0.3726): [ 2527.9425,  2529.7722], score = 0.42      <et=378.42>
SB phase 1 cand. 86 branch on var x[(19, 63)]_0_2051_0_OspV (lhs=0.6299)  : [ 2527.9015,  2528.1175], score = 0.06      <et=378.7>
SB phase 1 cand. 87 branch on var x[(36, 80)]_0_3649_0_OspV (lhs=0.3686)  : [ 2528.1292,  2529.9812], score = 0.88      <et=379.16>
SB phase 1 cand. 88 branch on var x[(80, 93)]_0_6412_0_OspV (lhs=0.6314)  : [ 2528.1292,  2529.9812], score = 0.88      <et=379.58>
SB phase 1 cand. 89 branch on var x[(93, 117)]_0_6878_0_OspV (lhs=0.3686) : [ 2528.1292,  2529.9812], score = 0.88      <et=380.01>
SB phase 1 cand. 90 branch on var x[(16, 28)]_0_1707_0_OspV (lhs=0.6314)  : [ 2528.3540,  2528.7088], score = 0.60      <et=380.36>
SB phase 1 cand. 91 branch on var x[(17, 26)]_0_1809_0_OspV (lhs=0.3653)  : [ 2527.9777,  2528.1407], score = 0.10      <et=380.64>
SB phase 1 cand. 92 branch on var x[(0, 113)]_0_7224_0_OspV (lhs=0.3562)  : [ 2528.0155,  2529.3339], score = 0.45      <et=381.02>
SB phase 1 cand. 93 branch on var x[(0, 20)]_0_2109_0_OspV (lhs=0.6445)   : [ 2528.1755,  2528.9829], score = 0.55      <et=381.39>
SB phase 1 cand. 94 branch on var x[(92, 108)]_0_6841_0_OspV (lhs=0.3491) : [ 2528.0279,  2529.3234], score = 0.46      <et=381.74>
SB phase 1 cand. 95 branch on var x[(96, 108)]_0_6947_0_OspV (lhs=0.3481) : [ 2527.9676,  2528.2964], score = 0.13      <et=382.05>
SB phase 1 cand. 96 branch on var x[(0, 10)]_0_1044_0_OspV (lhs=0.3447)   : [ 2528.1980,  2529.5062], score = 0.82      <et=382.46>
SB phase 1 cand. 97 branch on var x[(50, 75)]_0_4729_0_OspV (lhs=0.3420)  : [ 2527.7358,  2530.0030], score = 0.00      <et=382.72>
SB phase 1 cand. 98 branch on var x[(1, 33)]_0_32_0_OspV (lhs=0.3394)     : [ 2527.9058,  2533.6639], score = 1.01      <et=383.14>
SB phase 1 cand. 99 branch on var x[(58, 71)]_0_5257_0_OspV (lhs=0.6608)  : [ 2528.2271,  2529.1360], score = 0.69      <et=383.52>
SB phase 1 cand. 100 branch on var x[(14, 15)]_0_1483_0_OspV (lhs=0.6608)  : [ 2528.4549,  2528.6905], score = 0.69      <et=383.98>
**** Strong branching phase 2 is started *****
<DWph=1> <it= 22> <et=389.70> <Mt= 0.45> <Spt= 5.23> <nCl=198> <al=0.00> <DB= 2529.7299> <Mlp= 2529.7299> <PB=1000000> 
<DWph=1> <it= 12> <et=393.80> <Mt= 0.14> <Spt= 3.57> <nCl=123> <al=0.00> <DB= 2529.4180> <Mlp= 2529.4180> <PB=1000000> 
SB phase 2 cand.  1 branch on var x[(49, 53)]_0_4636_0_OspV (lhs=0.6137) : [ 2529.4180,  2529.7299], score = 3.35      <et=393.83>
<DWph=1> <it= 38> <et=402.49> <Mt= 0.54> <Spt= 7.89> <nCl=464> <al=0.00> <DB= 2529.9716> <Mlp= 2529.9716> <PB=1000000> 
<DWph=1> <it= 11> <et=405.85> <Mt= 0.23> <Spt= 2.83> <nCl= 96> <al=0.00> <DB= 2529.2742> <Mlp= 2529.2742> <PB=1000000> 
SB phase 2 cand.  2 branch on var x[(49, 64)]_0_4647_0_OspV (lhs=0.3863) : [ 2529.2742,  2529.9716], score = 3.44      <et=405.89>
<DWph=1> <it= 25> <et=412.69> <Mt= 0.47> <Spt= 6.06> <nCl=206> <al=0.00> <DB= 2529.7554> <Mlp= 2529.7554> <PB=1000000> 
<DWph=1> <it= 15> <et=417.42> <Mt= 0.20> <Spt= 4.24> <nCl=137> <al=0.00> <DB= 2529.4656> <Mlp= 2529.4656> <PB=1000000> 
SB phase 2 cand.  3 branch on var x[(13, 115)]_0_1476_0_OspV (lhs=0.3863): [ 2529.4656,  2529.7554], score = 3.49      <et=417.46>
**** Strong branching phase 3 is started *****
**** SB phase 3 evaluation of candidate 1, branch 1 ( x[(13, 115)]_0_1476_0_OspV >= 1 ), value = 2529.76
<DWph=2> <it=  1> <et=417.89> <Mt= 0.00> <Spt= 0.14> <nCl=  5> <al=0.50> <DB= 2296.6797> <Mlp= 2529.7554> <PB=1000000> 
<DWph=2> <it=  2> <et=418.24> <Mt= 0.05> <Spt= 0.31> <nCl= 10> <al=0.10> <DB= 2505.1686> <Mlp= 2529.7303> <PB=1000000> 
<DWph=1> <it=  3> <et=418.54> <Mt= 0.01> <Spt= 0.28> <nCl= 12> <al=0.45> <DB= 1865.5280> <Mlp= 2529.7297> <PB=1000000> 
<DWph=1> <it=  4> <et=418.83> <Mt= 0.01> <Spt= 0.28> <nCl=  5> <al=0.51> <DB= 1981.5904> <Mlp= 2529.7277> <PB=1000000> 
<DWph=1> <it=  5> <et=419.15> <Mt= 0.01> <Spt= 0.31> <nCl=  5> <al=0.55> <DB= 2432.2686> <Mlp= 2529.7275> <PB=1000000> 
<DWph=1> <it=  6> <et=419.44> <Mt= 0.01> <Spt= 0.29> <nCl=  2> <al=0.60> <DB= 1954.7579> <Mlp= 2529.7275> <PB=1000000> 
<DWph=1> <it=  7> <et=420.28> <Mt= 0.01> <Spt= 0.83> <nCl=  2> <al=0.00> <DB= 2529.7275> <Mlp= 2529.7275> <PB=1000000> 
1 bl.dch (5245)...    RCSP exact solver info for graph G_0 : TT = 6.34358, pt = 0.004805, dt = 5.26909, ct = 1.06738, ndl = 288616', bdl = 20033887', odl = 128082', odf = 4754683', bsi = 2159', cnt = 72163241', bdch = 1032738387', odch = 376236558', lcp = 64666443', #sols = 150
<DWph=0> <it=  8> <et=426.66> <Mt= 0.00> <Spt= 6.37> <nCl=150> <al=0.54> <DB= 1616.9125> <Mlp= 2529.7275> <PB=1000000> 
1 bl.dch (5161)...    RCSP exact solver info for graph G_0 : TT = 6.5432, pt = 0.005182, dt = 5.36771, ct = 1.16784, ndl = 292087', bdl = 20356822', odl = 127432', odf = 4819756', bsi = 2165', cnt = 79858672', bdch = 1061748129', odch = 382898063', lcp = 64513138', #sols = 150
<DWph=0> <it=  9> <et=433.33> <Mt= 0.11> <Spt= 6.56> <nCl= 70> <al=0.59> <DB= 1995.4972> <Mlp= 2529.6716> <PB=1000000> 
1 bl.dch (5557)...    RCSP exact solver info for graph G_0 : TT = 6.32627, pt = 0.004544, dt = 5.11747, ct = 1.2018, ndl = 283023', bdl = 19746308', odl = 123191', odf = 4689718', bsi = 2169', cnt = 75922564', bdch = 1003314543', odch = 371981115', lcp = 61689034', #sols = 150
<DWph=0> <it= 10> <et=439.71> <Mt= 0.02> <Spt= 6.35> <nCl= 78> <al=0.49> <DB= 2270.4691> <Mlp= 2529.6624> <PB=1000000> 
1 bl.dch (5347)...    RCSP exact solver info for graph G_0 : TT = 6.44571, pt = 0.005126, dt = 5.27154, ct = 1.1665, ndl = 285386', bdl = 19847604', odl = 123947', odf = 4736789', bsi = 2170', cnt = 76906570', bdch = 1022222194', odch = 367570876', lcp = 61381043', #sols = 150
<DWph=0> <it= 11> <et=446.23> <Mt= 0.06> <Spt= 6.47> <nCl= 74> <al=0.39> <DB= 2350.7345> <Mlp= 2529.6220> <PB=1000000> 
1 bl.dch (5161)...    RCSP exact solver info for graph G_0 : TT = 6.49914, pt = 0.005223, dt = 5.26006, ct = 1.23146, ndl = 293183', bdl = 20263627', odl = 125122', odf = 4890863', bsi = 2162', cnt = 79681856', bdch = 1063399444', odch = 399524686', lcp = 66401952', #sols = 150
<DWph=0> <it= 12> <et=452.79> <Mt= 0.04> <Spt= 6.51> <nCl= 22> <al=0.45> <DB= 2439.9539> <Mlp= 2529.5961> <PB=1000000> 
1 bl.dch (5169)...    RCSP exact solver info for graph G_0 : TT = 6.54608, pt = 0.004834, dt = 5.33511, ct = 1.20345, ndl = 292647', bdl = 20238384', odl = 125163', odf = 4890506', bsi = 2154', cnt = 78427474', bdch = 1060449021', odch = 404148640', lcp = 66535916', #sols = 150
<DWph=0> <it= 13> <et=459.36> <Mt= 0.01> <Spt= 6.56> <nCl= 21> <al=0.50> <DB= 2452.4448> <Mlp= 2529.5940> <PB=1000000> 
1 bl.dch (5159)...    RCSP exact solver info for graph G_0 : TT = 6.71164, pt = 0.005336, dt = 5.46753, ct = 1.23613, ndl = 294031', bdl = 20250635', odl = 125206', odf = 4926220', bsi = 2134', cnt = 79625876', bdch = 1066562770', odch = 410020029', lcp = 67270557', #sols = 150
<DWph=0> <it= 14> <et=466.10> <Mt= 0.02> <Spt= 6.72> <nCl=  4> <al=0.55> <DB= 2487.0201> <Mlp= 2529.5930> <PB=1000000> 
1 bl.dch (5159)...    RCSP exact solver info for graph G_0 : TT = 7.14063, pt = 0.005519, dt = 5.89429, ct = 1.23845, ndl = 294811', bdl = 20326984', odl = 125624', odf = 4941052', bsi = 2170', cnt = 79275538', bdch = 1072790682', odch = 414433952', lcp = 67884280', #sols = 150
<DWph=0> <it= 15> <et=472.84> <Mt= 0.01> <Spt= 6.75> <nCl=  8> <al=0.45> <DB= 2510.3571> <Mlp= 2529.5929> <PB=1000000> 
1 bl.dch (5159)...    RCSP exact solver info for graph G_0 : TT = 6.47359, pt = 0.005047, dt = 5.23788, ct = 1.22791, ndl = 294447', bdl = 20336021', odl = 125324', odf = 4935490', bsi = 2173', cnt = 79497781', bdch = 1072598870', odch = 412060718', lcp = 67515330', #sols = 150
<DWph=0> <it= 16> <et=479.33> <Mt= 0.00> <Spt= 6.48> <nCl=  4> <al=0.35> <DB= 2522.8251> <Mlp= 2529.5928> <PB=1000000> 
1 bl.dch (5099)...    RCSP exact solver info for graph G_0 : TT = 6.65768, pt = 0.0056, dt = 5.37488, ct = 1.27448, ndl = 296561', bdl = 20448807', odl = 125812', odf = 4970336', bsi = 2165', cnt = 81650405', bdch = 1087379806', odch = 419071318', lcp = 68925552', #sols = 150
1 bl.dch (5159)...    RCSP exact solver info for graph G_0 : TT = 6.51062, pt = 0.005, dt = 5.32723, ct = 1.17609, ndl = 294295', bdl = 20292848', odl = 125347', odf = 4933820', bsi = 2210', cnt = 80095639', bdch = 1072082176', odch = 411088965', lcp = 67000913', #sols = 150
<DWph=0> <it= 17> <et=492.53> <Mt= 0.01> <Spt=13.19> <nCl= 36> <al=0.00> <DB= 2529.5928> <Mlp= 2529.5928> <PB=1000000> 
RCSP solver dynamic params and stats :  bidir.bord. = 375 aver.obdmd = 98.0984 aver.buck.num. = 101 nbR1C = 147 with avMem = 15.4082
@@ 208 0 2529.59 6.55584 7.13274 92.453 492.53
    Full reduced cost fixing is not called (gap ratio is 0.999957)
ColGenEvalAlg final dual bound: 2529.59 (rounded: 2530)
Current active cuts : CAP(5,469.709) R1C(15+132,274.113) 1rowPackR1C(15) 3rowPackR1C(72) 4rowPackR1C(41) 5rowPackR1C(19)
6 Rank-1 1-rows pack. cuts added ,  max viol. = 0.273612, aver. viol. = 0.0987443
150 Rank-1 3-rows pack. cuts added ,  max viol. = 0.237299, aver. viol. = 0.117478
In total 1 RCC cut(s) are found by the connected components heuristic 
Shrinking heuristic shrunk 22 edges
In total 1 RCC cut(s) are found by the Fractional capacity min-cut heuristic 
In total 6 RCC cut(s) are found by the global pool greedy search heuristic 
----- Add fac. cuts : CAP(8) R1C(156), max.viol = 0.273612, aver.viol = 0.124776, sep/add took 0.0769464/0.530141 sec. -----
9489 columns (8471 active), 373 dyn. constrs. (317 active), 619 art. vars. (559 active)
<DWph=2> <it=  1> <et=493.53> <Mt= 0.20> <Spt= 0.14> <nCl=  8> <al=0.50> <DB= 2529.1290> <Mlp= 2530.4795> <PB=1000000> 
<DWph=2> <it=  2> <et=493.81> <Mt= 0.01> <Spt= 0.26> <nCl= 19> <al=0.10> <DB= 2353.8019> <Mlp= 2530.4790> <PB=1000000> 
<DWph=2> <it=  3> <et=493.96> <Mt= 0.00> <Spt= 0.15> <nCl=  5> <al=0.45> <DB= 2495.2630> <Mlp= 2530.4789> <PB=1000000> 
<DWph=2> <it=  4> <et=494.29> <Mt= 0.01> <Spt= 0.32> <nCl= 15> <al=0.01> <DB= 2380.0260> <Mlp= 2530.4789> <PB=1000000> 
<DWph=2> <it=  5> <et=494.58> <Mt= 0.02> <Spt= 0.27> <nCl= 15> <al=0.00> <DB= 2384.9884> <Mlp= 2530.4738> <PB=1000000> 
<DWph=2> <it=  6> <et=494.87> <Mt= 0.02> <Spt= 0.27> <nCl=  8> <al=0.00> <DB= 2511.0273> <Mlp= 2530.4703> <PB=1000000> 
<DWph=2> <it=  7> <et=495.03> <Mt= 0.01> <Spt= 0.15> <nCl=  2> <al=0.21> <DB= 2520.9613> <Mlp= 2530.4702> <PB=1000000> 
<DWph=2> <it=  8> <et=495.31> <Mt= 0.00> <Spt= 0.27> <nCl=  5> <al=0.00> <DB= 2530.4702> <Mlp= 2530.4702> <PB=1000000> 
<DWph=1> <it=  9> <et=495.56> <Mt= 0.01> <Spt= 0.25> <nCl= 14> <al=0.18> <DB= 2404.3624> <Mlp= 2530.4702> <PB=1000000> 
<DWph=1> <it= 10> <et=495.85> <Mt= 0.01> <Spt= 0.27> <nCl=  5> <al=0.08> <DB= 2310.8644> <Mlp= 2530.4652> <PB=1000000> 
<DWph=1> <it= 11> <et=496.12> <Mt= 0.01> <Spt= 0.27> <nCl=  4> <al=0.18> <DB= 2436.0642> <Mlp= 2530.4645> <PB=1000000> 
<DWph=1> <it= 12> <et=496.38> <Mt= 0.01> <Spt= 0.25> <nCl=  4> <al=0.08> <DB= 2471.6480> <Mlp= 2530.4598> <PB=1000000> 
<DWph=1> <it= 13> <et=496.65> <Mt= 0.02> <Spt= 0.24> <nCl=  6> <al=0.00> <DB= 2504.6504> <Mlp= 2530.4559> <PB=1000000> 
<DWph=1> <it= 14> <et=497.14> <Mt= 0.01> <Spt= 0.48> <nCl=  7> <al=0.00> <DB= 2530.4543> <Mlp= 2530.4543> <PB=1000000> 
    RCSP exact solver info for graph G_0 : TT = 6.9698, pt = 0.004385, dt = 5.3771, ct = 1.58614, ndl = 281783', bdl = 19105356', odl = 126995', odf = 4810777', bsi = 2191', cnt = 93087892', bdch = 968739984', odch = 446001192', lcp = 73307942', #sols = 150
<DWph=0> <it= 15> <et=504.16> <Mt= 0.00> <Spt= 7.02> <nCl=150> <al=0.00> <DB= 2227.1290> <Mlp= 2530.4543> <PB=1000000> 
1 bl.dch (4879)...    RCSP exact solver info for graph G_0 : TT = 8.56119, pt = 0.006293, dt = 6.40764, ct = 2.14517, ndl = 322402', bdl = 21806699', odl = 138769', odf = 5407961', bsi = 2183', cnt = 117702437', bdch = 1295337140', odch = 482669607', lcp = 82095574', #sols = 150
<DWph=0> <it= 16> <et=513.50> <Mt= 0.73> <Spt= 8.61> <nCl=148> <al=0.08> <DB= 2312.8968> <Mlp= 2530.0000> <PB=1000000> 
1 bl.dch (4861)...    RCSP exact solver info for graph G_0 : TT = 8.6954, pt = 0.005329, dt = 6.39357, ct = 2.294, ndl = 325911', bdl = 21968889', odl = 136675', odf = 5476628', bsi = 2197', cnt = 117374513', bdch = 1307887196', odch = 475711932', lcp = 80471509', #sols = 150
<DWph=0> <it= 17> <et=522.82> <Mt= 0.61> <Spt= 8.72> <nCl= 66> <al=0.17> <DB= 2432.8518> <Mlp= 2530.0000> <PB=1000000> 
1 bl.dch (4822)...    RCSP exact solver info for graph G_0 : TT = 9.25909, pt = 0.006281, dt = 6.77813, ct = 2.472, ndl = 330991', bdl = 22362512', odl = 139316', odf = 5568530', bsi = 2203', cnt = 122178752', bdch = 1347892443', odch = 500136602', lcp = 84883089', #sols = 150
<DWph=0> <it= 18> <et=532.77> <Mt= 0.67> <Spt= 9.28> <nCl= 49> <al=0.26> <DB= 2502.6757> <Mlp= 2530.0000> <PB=1000000> 
1 bl.dch (4823)...    RCSP exact solver info for graph G_0 : TT = 9.67355, pt = 0.006559, dt = 7.09663, ct = 2.56774, ndl = 331277', bdl = 22390002', odl = 137034', odf = 5552246', bsi = 2182', cnt = 121919989', bdch = 1352102662', odch = 507041686', lcp = 85876790', #sols = 150
<DWph=0> <it= 19> <et=543.13> <Mt= 0.66> <Spt= 9.69> <nCl= 29> <al=0.33> <DB= 2494.1070> <Mlp= 2530.0000> <PB=1000000> 
1 bl.dch (4823)...    RCSP exact solver info for graph G_0 : TT = 9.6304, pt = 0.006699, dt = 7.05958, ct = 2.56148, ndl = 331869', bdl = 22336368', odl = 137520', odf = 5578074', bsi = 2159', cnt = 123032295', bdch = 1349800554', odch = 508871629', lcp = 86208587', #sols = 150
<DWph=0> <it= 20> <et=552.80> <Mt= 0.02> <Spt= 9.64> <nCl= 24> <al=0.40> <DB= 2511.3899> <Mlp= 2530.0000> <PB=1000000> 
1 bl.dch (4840)...    RCSP exact solver info for graph G_0 : TT = 9.65087, pt = 0.007247, dt = 7.09584, ct = 2.54502, ndl = 327965', bdl = 22136275', odl = 136910', odf = 5515926', bsi = 2167', cnt = 120797337', bdch = 1322828786', odch = 505900615', lcp = 86524213', #sols = 150
<DWph=0> <it= 21> <et=562.47> <Mt= 0.02> <Spt= 9.67> <nCl=  5> <al=0.46> <DB= 2521.4933> <Mlp= 2530.0000> <PB=1000000> 
1 bl.dch (4823)...    RCSP exact solver info for graph G_0 : TT = 9.62609, pt = 0.007183, dt = 7.04377, ct = 2.572, ndl = 328901', bdl = 22160978', odl = 136931', odf = 5528893', bsi = 2151', cnt = 120915588', bdch = 1330014780', odch = 507250838', lcp = 86418413', #sols = 150
<DWph=0> <it= 22> <et=572.12> <Mt= 0.01> <Spt= 9.63> <nCl= 13> <al=0.36> <DB= 2520.5227> <Mlp= 2530.0000> <PB=1000000> 
1 bl.dch (4823)...    RCSP exact solver info for graph G_0 : TT = 9.55686, pt = 0.007954, dt = 6.99902, ct = 2.54706, ndl = 329844', bdl = 22139404', odl = 136383', odf = 5540735', bsi = 2142', cnt = 123026173', bdch = 1333738213', odch = 510532379', lcp = 86473898', #sols = 150
<DWph=0> <it= 23> <et=581.70> <Mt= 0.01> <Spt= 9.57> <nCl=  7> <al=0.42> <DB= 2527.4916> <Mlp= 2530.0000> <PB=1000000> 
1 bl.dch (4823)...    RCSP exact solver info for graph G_0 : TT = 9.36527, pt = 0.006222, dt = 6.80443, ct = 2.55212, ndl = 328688', bdl = 22147385', odl = 135927', odf = 5508354', bsi = 2150', cnt = 121947955', bdch = 1329562553', odch = 503592662', lcp = 86048810', #sols = 150
1 bl.dch (4823)...    RCSP exact solver info for graph G_0 : TT = 8.72304, pt = 0.005854, dt = 6.55644, ct = 2.15814, ndl = 331555', bdl = 22360504', odl = 137591', odf = 5542011', bsi = 2214', cnt = 124843651', bdch = 1347618465', odch = 511016486', lcp = 87022180', #sols = 150
<DWph=0> <it= 24> <et=599.83> <Mt= 0.01> <Spt=18.12> <nCl= 56> <al=0.00> <DB= 2529.6953> <Mlp= 2530.0000> <PB=1000000> 
1 bl.dch (4823)...    RCSP exact solver info for graph G_0 : TT = 8.73845, pt = 0.005449, dt = 6.5011, ct = 2.22951, ndl = 332261', bdl = 22397532', odl = 138000', odf = 5548809', bsi = 2153', cnt = 127441787', bdch = 1355091732', odch = 512736869', lcp = 87283104', #sols = 150
1 bl.dch (4823)...    RCSP exact solver info for graph G_0 : TT = 8.86696, pt = 0.005373, dt = 6.63076, ct = 2.22842, ndl = 332551', bdl = 22375527', odl = 137670', odf = 5571099', bsi = 2163', cnt = 124520518', bdch = 1354138082', odch = 516674288', lcp = 87937938', #sols = 150
<DWph=0> <it= 25> <et=617.46> <Mt= 0.01> <Spt=17.63> <nCl= 28> <al=0.00> <DB= 2530.0000> <Mlp= 2530.0000> <PB=1000000> 
RCSP solver dynamic params and stats :  bidir.bord. = 375 aver.obdmd = 98.0984 aver.buck.num. = 101 nbR1C = 161 with avMem = 15.5776
@@ 208 1 2530 9.0156 9.66437 92.453 617.47
    Full reduced cost fixing is not called (gap ratio is 0.999956)
ColGenEvalAlg final dual bound: 2530 (rounded: 2530)
False gap improvement since the last cut separation : 0.00160959 (2529.59)
Separator R1C not in maximum phase
Cut generation tailing off counter increased to 0
Current active cuts : CAP(11,475.2) R1C(15+146,276.884) 1rowPackR1C(15) 3rowPackR1C(92) 4rowPackR1C(36) 5rowPackR1C(18)
Building structures for heuristic rank-1 packing cut separation...done!
11 Rank-1 5-rows pack. cuts added ,  max viol. = 0.25, aver. viol. = 0.25
In total 1 RCC cut(s) are found by the connected components heuristic 
Shrinking heuristic shrunk 90 edges
----- Add fac. cuts : CAP(1) R1C(11), max.viol = 0.5, aver.viol = 0.5, sep/add took 0.115454/0.0760716 sec. -----
10181 columns (9163 active), 385 dyn. constrs. (185 active), 631 art. vars. (427 active)
<DWph=2> <it=  1> <et=618.20> <Mt= 0.14> <Spt= 0.35> <nCl=  9> <al=0.00> <DB= 2530.2288> <Mlp= 2530.2288> <PB=1000000> 
<DWph=1> <it=  2> <et=618.75> <Mt= 0.00> <Spt= 0.54> <nCl=  2> <al=0.00> <DB= 2530.2288> <Mlp= 2530.2288> <PB=1000000> 
    RCSP exact solver info for graph G_0 : TT = 6.45645, pt = 0.004555, dt = 4.9607, ct = 1.48871, ndl = 268861', bdl = 18203433', odl = 120906', odf = 4530761', bsi = 2184', cnt = 82269197', bdch = 892609402', odch = 380465947', lcp = 64743660', #sols = 150
<DWph=0> <it=  3> <et=625.22> <Mt= 0.01> <Spt= 6.47> <nCl= 61> <al=0.30> <DB= 2438.6987> <Mlp= 2530.2288> <PB=1000000> 
    RCSP exact solver info for graph G_0 : TT = 6.39288, pt = 0.005023, dt = 4.9016, ct = 1.48385, ndl = 270665', bdl = 18366686', odl = 121566', odf = 4581375', bsi = 2176', cnt = 81617983', bdch = 895397135', odch = 387863002', lcp = 65156527', #sols = 150
<DWph=0> <it=  4> <et=631.65> <Mt= 0.02> <Spt= 6.41> <nCl= 30> <al=0.37> <DB= 2497.6607> <Mlp= 2530.2230> <PB=1000000> 
    RCSP exact solver info for graph G_0 : TT = 6.49654, pt = 0.004939, dt = 4.97833, ct = 1.51059, ndl = 266498', bdl = 18111972', odl = 120517', odf = 4516693', bsi = 2204', cnt = 79739987', bdch = 872563194', odch = 374964138', lcp = 63049827', #sols = 150
<DWph=0> <it=  5> <et=638.17> <Mt= 0.01> <Spt= 6.51> <nCl= 18> <al=0.27> <DB= 2515.8316> <Mlp= 2530.2229> <PB=1000000> 
    RCSP exact solver info for graph G_0 : TT = 6.96602, pt = 0.005351, dt = 5.35241, ct = 1.60548, ndl = 269960', bdl = 18279051', odl = 121531', odf = 4581066', bsi = 2231', cnt = 82855422', bdch = 891169013', odch = 388305988', lcp = 65334663', #sols = 150
<DWph=0> <it=  6> <et=645.16> <Mt= 0.01> <Spt= 6.97> <nCl= 11> <al=0.34> <DB= 2525.2866> <Mlp= 2530.2228> <PB=1000000> 
    RCSP exact solver info for graph G_0 : TT = 6.76464, pt = 0.005223, dt = 5.18328, ct = 1.57334, ndl = 267549', bdl = 18203705', odl = 120994', odf = 4535622', bsi = 2266', cnt = 80503506', bdch = 879945335', odch = 377910369', lcp = 63594173', #sols = 150
<DWph=0> <it=  7> <et=651.94> <Mt= 0.01> <Spt= 6.78> <nCl=  8> <al=0.24> <DB= 2521.6991> <Mlp= 2530.2228> <PB=1000000> 
    RCSP exact solver info for graph G_0 : TT = 6.69288, pt = 0.005846, dt = 5.14601, ct = 1.53863, ndl = 267539', bdl = 18202450', odl = 121357', odf = 4535488', bsi = 2260', cnt = 80410127', bdch = 880067464', odch = 379225086', lcp = 63806959', #sols = 150
    RCSP exact solver info for graph G_0 : TT = 6.43563, pt = 0.005002, dt = 4.94431, ct = 1.48386, ndl = 264511', bdl = 17997919', odl = 120245', odf = 4486446', bsi = 2241', cnt = 79329867', bdch = 860004216', odch = 374237567', lcp = 63324484', #sols = 150
<DWph=0> <it=  8> <et=665.10> <Mt= 0.00> <Spt=13.15> <nCl= 22> <al=0.00> <DB= 2530.0971> <Mlp= 2530.2228> <PB=1000000> 
    RCSP exact solver info for graph G_0 : TT = 6.40826, pt = 0.00472, dt = 4.935, ct = 1.46615, ndl = 264539', bdl = 17999662', odl = 120210', odf = 4486652', bsi = 2231', cnt = 79343870', bdch = 860231005', odch = 374246528', lcp = 63324338', #sols = 150
    RCSP exact solver info for graph G_0 : TT = 6.57297, pt = 0.004947, dt = 5.11678, ct = 1.44894, ndl = 264541', bdl = 17999993', odl = 120207', odf = 4486642', bsi = 2233', cnt = 79345020', bdch = 860165307', odch = 374245890', lcp = 63324305', #sols = 150
<DWph=0> <it=  9> <et=678.10> <Mt= 0.01> <Spt=12.99> <nCl=  1> <al=0.00> <DB= 2530.2228> <Mlp= 2530.2228> <PB=1000000> 
RCSP solver dynamic params and stats :  bidir.bord. = 375 aver.obdmd = 98.0984 aver.buck.num. = 101 nbR1C = 141 with avMem = 14.9929
@@ 208 2 2530.22 6.56866 6.95789 92.453 678.1
    Full reduced cost fixing is not called (gap ratio is 0.999956)
ColGenEvalAlg final dual bound: 2530.22 (rounded: 2531)
False gap improvement since the last cut separation : 0.00088061 (2530)
Cut generation tailing off counter increased to 1
Current active cuts : CAP(10,496.381) R1C(15+126,279.702) 1rowPackR1C(15) 3rowPackR1C(74) 4rowPackR1C(33) 5rowPackR1C(19)
1 Rank-1 1-rows pack. cuts added ,  max viol. = 0.0396188, aver. viol. = 0.0396188
68 Rank-1 3-rows pack. cuts added ,  max viol. = 0.0951526, aver. viol. = 0.0371138
Building structures for heuristic rank-1 packing cut separation...done!
14 Rank-1 4-rows pack. cuts added ,  max viol. = 0.120913, aver. viol. = 0.049803
100 Rank-1 5-rows pack. cuts added ,  max viol. = 0.111746, aver. viol. = 0.0396142
Shrinking heuristic shrunk 19 edges
In total 2 RCC cut(s) are found by the Fractional capacity min-cut heuristic 
In total 64 RCC cut(s) are found by the global pool greedy search heuristic 
----- Add fac. cuts : CAP(66) R1C(183), max.viol = 0.148054, aver.viol = 0.0373376, sep/add took 0.794343/1.3092 sec. -----
10343 columns (9325 active), 505 dyn. constrs. (401 active), 880 art. vars. (643 active)
<DWph=2> <it=  1> <et=680.64> <Mt= 0.21> <Spt= 0.16> <nCl=  6> <al=0.50> <DB= 2492.2286> <Mlp= 2530.4436> <PB=1000000> 
<DWph=2> <it=  2> <et=680.83> <Mt= 0.06> <Spt= 0.13> <nCl=  1> <al=0.55> <DB= 2520.9424> <Mlp= 2530.4391> <PB=1000000> 
<DWph=2> <it=  3> <et=681.34> <Mt= 0.07> <Spt= 0.43> <nCl= 10> <al=0.00> <DB= 2470.1358> <Mlp= 2530.4336> <PB=1000000> 
<DWph=2> <it=  4> <et=681.65> <Mt= 0.02> <Spt= 0.29> <nCl=  9> <al=0.00> <DB= 2439.9070> <Mlp= 2530.4333> <PB=1000000> 
<DWph=2> <it=  5> <et=681.82> <Mt= 0.04> <Spt= 0.13> <nCl=  3> <al=0.40> <DB= 2510.9973> <Mlp= 2530.4316> <PB=1000000> 
<DWph=2> <it=  6> <et=682.13> <Mt= 0.05> <Spt= 0.26> <nCl=  3> <al=0.00> <DB= 2530.4310> <Mlp= 2530.4310> <PB=1000000> 
<DWph=1> <it=  7> <et=682.40> <Mt= 0.00> <Spt= 0.26> <nCl=  8> <al=0.36> <DB= 2483.0973> <Mlp= 2530.4310> <PB=1000000> 
<DWph=1> <it=  8> <et=683.01> <Mt= 0.08> <Spt= 0.54> <nCl=  6> <al=0.00> <DB= 2530.4210> <Mlp= 2530.4210> <PB=1000000> 
1 bl.dch (4850)...    RCSP exact solver info for graph G_0 : TT = 10.395, pt = 0.004594, dt = 7.84106, ct = 2.54701, ndl = 342748', bdl = 22581530', odl = 134766', odf = 6026970', bsi = 2249', cnt = 132052900', bdch = 1328876393', odch = 722532926', lcp = 117514121', #sols = 150
<DWph=0> <it=  9> <et=693.46> <Mt= 0.00> <Spt=10.45> <nCl=104> <al=0.16> <DB= 2409.0186> <Mlp= 2530.4210> <PB=1000000> 
1 bl.dch (4887)...    RCSP exact solver info for graph G_0 : TT = 10.506, pt = 0.005078, dt = 7.84577, ct = 2.65271, ndl = 335685', bdl = 22232382', odl = 133723', odf = 5866420', bsi = 2235', cnt = 134590541', bdch = 1288630361', odch = 700930721', lcp = 115993010', #sols = 150
<DWph=0> <it= 10> <et=704.06> <Mt= 0.08> <Spt=10.52> <nCl= 25> <al=0.24> <DB= 2501.6204> <Mlp= 2530.4123> <PB=1000000> 
1 bl.dch (4887)...    RCSP exact solver info for graph G_0 : TT = 10.6051, pt = 0.005768, dt = 7.91017, ct = 2.68645, ndl = 334925', bdl = 22208425', odl = 133286', odf = 5837120', bsi = 2270', cnt = 134915786', bdch = 1285784281', odch = 696649628', lcp = 114056193', #sols = 150
<DWph=0> <it= 11> <et=714.73> <Mt= 0.05> <Spt=10.62> <nCl= 13> <al=0.14> <DB= 2494.1850> <Mlp= 2530.4119> <PB=1000000> 
1 bl.dch (4891)...    RCSP exact solver info for graph G_0 : TT = 10.2119, pt = 0.006908, dt = 7.70147, ct = 2.50101, ndl = 332393', bdl = 22074371', odl = 132755', odf = 5796082', bsi = 2233', cnt = 131542741', bdch = 1268504614', odch = 683016578', lcp = 113363928', #sols = 150
1 bl.dch (4890)...    RCSP exact solver info for graph G_0 : TT = 10.1713, pt = 0.004711, dt = 7.61089, ct = 2.55341, ndl = 333509', bdl = 22141092', odl = 133540', odf = 5815574', bsi = 2262', cnt = 132127705', bdch = 1273405431', odch = 691329536', lcp = 114512218', #sols = 150
<DWph=0> <it= 12> <et=735.15> <Mt= 0.01> <Spt=20.41> <nCl= 22> <al=0.00> <DB= 2530.4119> <Mlp= 2530.4119> <PB=1000000> 
RCSP solver dynamic params and stats :  bidir.bord. = 375 aver.obdmd = 98.0984 aver.buck.num. = 101 nbR1C = 157 with avMem = 15.4904
@@ 208 3 2530.41 10.37 10.5966 92.453 735.15
    Full reduced cost fixing is not called (gap ratio is 0.999956)
ColGenEvalAlg final dual bound: 2530.41 (rounded: 2531)
False gap improvement since the last cut separation : 0.000747262 (2530.22)
----- Cut generation stopped by the pricing solver
Current active cuts : CAP(12,479.159) R1C(14+143,286.474) 1rowPackR1C(14) 3rowPackR1C(79) 4rowPackR1C(36) 5rowPackR1C(28)
**** SB phase 3 evaluation of candidate 1, branch 2 ( x[(13, 115)]_0_1476_0_OspV <= 0 ), value = 2529.47
<DWph=2> <it=  1> <et=736.57> <Mt= 0.76> <Spt= 0.13> <nCl= 30> <al=0.50> <DB=-1871851201.8029> <Mlp= 2529.4656> <PB=1000000> 
<DWph=2> <it=  2> <et=736.74> <Mt= 0.03> <Spt= 0.13> <nCl= 30> <al=0.55> <DB=-2202935878.5657> <Mlp= 2529.4656> <PB=1000000> 
<DWph=2> <it=  3> <et=736.89> <Mt= 0.04> <Spt= 0.12> <nCl= 30> <al=0.60> <DB=-1749415541.1085> <Mlp= 2529.4656> <PB=1000000> 
<DWph=2> <it=  4> <et=737.06> <Mt= 0.04> <Spt= 0.13> <nCl= 30> <al=0.64> <DB=-29278.4641> <Mlp= 2529.4656> <PB=1000000> 
<DWph=2> <it=  5> <et=737.23> <Mt= 0.02> <Spt= 0.15> <nCl= 30> <al=0.67> <DB=-1983.8670> <Mlp= 2529.4656> <PB=1000000> 
<DWph=2> <it=  6> <et=737.41> <Mt= 0.04> <Spt= 0.14> <nCl= 30> <al=0.70> <DB=-4249.8863> <Mlp= 2529.4656> <PB=1000000> 
<DWph=2> <it=  7> <et=737.59> <Mt= 0.04> <Spt= 0.14> <nCl=  9> <al=0.73> <DB= 2421.0696> <Mlp= 2529.4656> <PB=1000000> 
<DWph=2> <it=  8> <et=737.76> <Mt= 0.03> <Spt= 0.14> <nCl= 11> <al=0.73> <DB= 2424.6691> <Mlp= 2529.4486> <PB=1000000> 
<DWph=2> <it=  9> <et=737.94> <Mt= 0.03> <Spt= 0.14> <nCl=  5> <al=0.63> <DB= 2459.5891> <Mlp= 2529.4328> <PB=1000000> 
<DWph=2> <it= 10> <et=738.23> <Mt= 0.01> <Spt= 0.28> <nCl= 29> <al=0.34> <DB=  828.0363> <Mlp= 2529.4328> <PB=1000000> 
<DWph=1> <it= 11> <et=738.52> <Mt= 0.01> <Spt= 0.28> <nCl=  6> <al=0.57> <DB= 2454.3927> <Mlp= 2529.4328> <PB=1000000> 
<DWph=1> <it= 12> <et=738.81> <Mt= 0.01> <Spt= 0.27> <nCl=  1> <al=0.61> <DB= 2483.3753> <Mlp= 2529.4317> <PB=1000000> 
<DWph=1> <it= 13> <et=739.09> <Mt= 0.01> <Spt= 0.28> <nCl=  5> <al=0.51> <DB= 2496.2493> <Mlp= 2529.4317> <PB=1000000> 
<DWph=1> <it= 14> <et=739.40> <Mt= 0.01> <Spt= 0.29> <nCl=  9> <al=0.56> <DB= 2260.5063> <Mlp= 2529.4311> <PB=1000000> 
<DWph=1> <it= 15> <et=739.70> <Mt= 0.01> <Spt= 0.30> <nCl=  5> <al=0.61> <DB= 2174.9132> <Mlp= 2529.4307> <PB=1000000> 
<DWph=1> <it= 16> <et=739.99> <Mt= 0.01> <Spt= 0.28> <nCl=  2> <al=0.51> <DB= 2512.6359> <Mlp= 2529.4307> <PB=1000000> 
<DWph=1> <it= 17> <et=740.29> <Mt= 0.00> <Spt= 0.29> <nCl=  6> <al=0.41> <DB= 2465.9216> <Mlp= 2529.4307> <PB=1000000> 
<DWph=1> <it= 18> <et=740.86> <Mt= 0.01> <Spt= 0.56> <nCl=  5> <al=0.00> <DB= 2366.6092> <Mlp= 2529.4300> <PB=1000000> 
<DWph=1> <it= 19> <et=741.42> <Mt= 0.01> <Spt= 0.56> <nCl=  0> <al=0.00> <DB= 2529.4300> <Mlp= 2529.4300> <PB=1000000> 
    RCSP exact solver info for graph G_0 : TT = 4.12407, pt = 0.004203, dt = 3.45033, ct = 0.667048, ndl = 239781', bdl = 17492366', odl = 125808', odf = 3986581', bsi = 1842', cnt = 39028611', bdch = 851544367', odch = 175836432', lcp = 32949679', #sols = 150
<DWph=0> <it= 20> <et=745.59> <Mt= 0.00> <Spt= 4.16> <nCl=150> <al=0.27> <DB= 1948.5409> <Mlp= 2529.4300> <PB=1000000> 
    RCSP exact solver info for graph G_0 : TT = 4.32903, pt = 0.004681, dt = 3.45316, ct = 0.868722, ndl = 243647', bdl = 17705559', odl = 131509', odf = 4072522', bsi = 1814', cnt = 49623850', bdch = 892476075', odch = 174289076', lcp = 32650150', #sols = 150
<DWph=0> <it= 21> <et=750.01> <Mt= 0.06> <Spt= 4.36> <nCl=122> <al=0.17> <DB= 2133.4475> <Mlp= 2529.3928> <PB=1000000> 
    RCSP exact solver info for graph G_0 : TT = 3.72453, pt = 0.004435, dt = 3.54487, ct = 0.173143, ndl = 241319', bdl = 17548478', odl = 125377', odf = 4024752', bsi = 2371', cnt = 7951752', bdch = 867186253', odch = 178935409', lcp = 33357428', #sols = 150
<DWph=0> <it= 22> <et=753.86> <Mt= 0.09> <Spt= 3.75> <nCl=150> <al=0.25> <DB= -591.0263> <Mlp= 2529.3234> <PB=1000000> 
    RCSP exact solver info for graph G_0 : TT = 4.43706, pt = 0.004316, dt = 3.61805, ct = 0.811843, ndl = 243259', bdl = 17668152', odl = 128068', odf = 4044771', bsi = 1881', cnt = 45656081', bdch = 884527983', odch = 179949074', lcp = 33637837', #sols = 150
<DWph=0> <it= 23> <et=758.33> <Mt= 0.01> <Spt= 4.47> <nCl= 90> <al=0.32> <DB= 2111.0744> <Mlp= 2529.3234> <PB=1000000> 
    RCSP exact solver info for graph G_0 : TT = 4.67629, pt = 0.004627, dt = 3.74372, ct = 0.925284, ndl = 248346', bdl = 18024252', odl = 132043', odf = 4113273', bsi = 1828', cnt = 49262442', bdch = 923036044', odch = 179641810', lcp = 33670791', #sols = 150
<DWph=0> <it= 24> <et=763.07> <Mt= 0.05> <Spt= 4.69> <nCl= 35> <al=0.39> <DB= 2419.3315> <Mlp= 2529.3127> <PB=1000000> 
    RCSP exact solver info for graph G_0 : TT = 4.55862, pt = 0.005915, dt = 3.70892, ct = 0.840892, ndl = 245520', bdl = 17821494', odl = 130564', odf = 4057088', bsi = 1798', cnt = 46666213', bdch = 909285831', odch = 170954049', lcp = 31772026', #sols = 150
<DWph=0> <it= 25> <et=767.66> <Mt= 0.02> <Spt= 4.57> <nCl= 19> <al=0.45> <DB= 2473.9861> <Mlp= 2529.3101> <PB=1000000> 
    RCSP exact solver info for graph G_0 : TT = 4.48118, pt = 0.004979, dt = 3.66279, ct = 0.810808, ndl = 244867', bdl = 17815734', odl = 129390', odf = 4037671', bsi = 1791', cnt = 45620617', bdch = 903358211', odch = 170521049', lcp = 31669077', #sols = 150
<DWph=0> <it= 26> <et=772.16> <Mt= 0.01> <Spt= 4.49> <nCl=  9> <al=0.51> <DB= 2504.0656> <Mlp= 2529.3096> <PB=1000000> 
    RCSP exact solver info for graph G_0 : TT = 4.48269, pt = 0.00491, dt = 3.68479, ct = 0.790424, ndl = 242915', bdl = 17676400', odl = 127857', odf = 4003133', bsi = 1793', cnt = 44606926', bdch = 888918343', odch = 167587531', lcp = 31035779', #sols = 150
<DWph=0> <it= 27> <et=776.67> <Mt= 0.00> <Spt= 4.50> <nCl= 13> <al=0.41> <DB= 2473.5361> <Mlp= 2529.3096> <PB=1000000> 
    RCSP exact solver info for graph G_0 : TT = 4.53914, pt = 0.004999, dt = 3.7447, ct = 0.786729, ndl = 242285', bdl = 17657141', odl = 127781', odf = 3994005', bsi = 1786', cnt = 44069868', bdch = 886974318', odch = 166201201', lcp = 31031918', #sols = 150
    RCSP exact solver info for graph G_0 : TT = 4.25681, pt = 0.004295, dt = 3.50236, ct = 0.747753, ndl = 239302', bdl = 17448226', odl = 127019', odf = 3938997', bsi = 1843', cnt = 43667421', bdch = 868494095', odch = 162647159', lcp = 30422790', #sols = 150
<DWph=0> <it= 28> <et=785.50> <Mt= 0.02> <Spt= 8.82> <nCl= 21> <al=0.00> <DB= 2456.9116> <Mlp= 2529.3093> <PB=1000000> 
    RCSP exact solver info for graph G_0 : TT = 4.24269, pt = 0.00485, dt = 3.46173, ct = 0.773715, ndl = 242690', bdl = 17628486', odl = 127293', odf = 4000467', bsi = 1807', cnt = 45126746', bdch = 888460671', odch = 168243062', lcp = 31166241', #sols = 150
    RCSP exact solver info for graph G_0 : TT = 4.13533, pt = 0.004186, dt = 3.39284, ct = 0.735905, ndl = 238957', bdl = 17402996', odl = 126839', odf = 3936157', bsi = 1837', cnt = 43724295', bdch = 865411312', odch = 162779418', lcp = 30418656', #sols = 150
<DWph=0> <it= 29> <et=793.91> <Mt= 0.01> <Spt= 8.39> <nCl= 14> <al=0.00> <DB= 2529.3093> <Mlp= 2529.3093> <PB=1000000> 
RCSP solver dynamic params and stats :  bidir.bord. = 375 aver.obdmd = 98.0984 aver.buck.num. = 101 nbR1C = 136 with avMem = 15.5368
@@ 209 0 2529.31 4.32504 4.669 92.453 793.91
    Full reduced cost fixing is not called (gap ratio is 0.999957)
ColGenEvalAlg final dual bound: 2529.31 (rounded: 2530)
Current active cuts : CAP(12,345.299) R1C(17+119,264.531) 1rowPackR1C(17) 3rowPackR1C(70) 4rowPackR1C(36) 5rowPackR1C(13)
11 Rank-1 1-rows pack. cuts added ,  max viol. = 0.187467, aver. viol. = 0.0656972
150 Rank-1 3-rows pack. cuts added ,  max viol. = 0.218381, aver. viol. = 0.0754764
Shrinking heuristic shrunk 33 edges
In total 5 RCC cut(s) are found by the Fractional capacity min-cut heuristic 
In total 8 RCC cut(s) are found by the greedy construction heuristic 
In total 23 RCC cut(s) are found by the global pool greedy search heuristic 
----- Add fac. cuts : CAP(36) R1C(161), max.viol = 0.291735, aver.viol = 0.103315, sep/add took 0.0612893/1.26261 sec. -----
10568 columns (8790 active), 458 dyn. constrs. (349 active), 700 art. vars. (591 active)
<DWph=2> <it=  1> <et=795.87> <Mt= 0.24> <Spt= 0.34> <nCl= 19> <al=0.00> <DB= 2457.5644> <Mlp= 2530.2665> <PB=1000000> 
<DWph=2> <it=  2> <et=796.07> <Mt= 0.05> <Spt= 0.16> <nCl=  6> <al=0.40> <DB= 2516.5402> <Mlp= 2530.2611> <PB=1000000> 
<DWph=2> <it=  3> <et=796.30> <Mt= 0.04> <Spt= 0.18> <nCl=  7> <al=0.46> <DB= 2530.0389> <Mlp= 2530.2527> <PB=1000000> 
<DWph=2> <it=  4> <et=796.48> <Mt= 0.02> <Spt= 0.17> <nCl=  7> <al=0.36> <DB= 2448.5714> <Mlp= 2530.2526> <PB=1000000> 
<DWph=2> <it=  5> <et=796.69> <Mt= 0.03> <Spt= 0.18> <nCl=  2> <al=0.42> <DB= 2527.6261> <Mlp= 2530.2431> <PB=1000000> 
<DWph=2> <it=  6> <et=797.04> <Mt= 0.01> <Spt= 0.33> <nCl= 13> <al=0.00> <DB= 2472.2200> <Mlp= 2530.2393> <PB=1000000> 
<DWph=2> <it=  7> <et=797.25> <Mt= 0.03> <Spt= 0.18> <nCl=  4> <al=0.38> <DB= 2519.0397> <Mlp= 2530.2331> <PB=1000000> 
<DWph=2> <it=  8> <et=797.47> <Mt= 0.02> <Spt= 0.20> <nCl=  7> <al=0.28> <DB= 2504.9397> <Mlp= 2530.2294> <PB=1000000> 
<DWph=2> <it=  9> <et=797.71> <Mt= 0.02> <Spt= 0.22> <nCl=  4> <al=0.18> <DB= 2526.3230> <Mlp= 2530.2273> <PB=1000000> 
<DWph=2> <it= 10> <et=798.12> <Mt= 0.01> <Spt= 0.40> <nCl=  0> <al=0.00> <DB= 2530.2272> <Mlp= 2530.2272> <PB=1000000> 
<DWph=1> <it= 11> <et=798.49> <Mt= 0.01> <Spt= 0.36> <nCl=  8> <al=0.16> <DB= 2460.5303> <Mlp= 2530.2272> <PB=1000000> 
<DWph=1> <it= 12> <et=798.90> <Mt= 0.04> <Spt= 0.37> <nCl=  9> <al=0.25> <DB= 2349.5826> <Mlp= 2530.2162> <PB=1000000> 
<DWph=1> <it= 13> <et=799.32> <Mt= 0.07> <Spt= 0.34> <nCl=  8> <al=0.15> <DB= 2485.5661> <Mlp= 2530.1848> <PB=1000000> 
<DWph=1> <it= 14> <et=799.93> <Mt= 0.02> <Spt= 0.60> <nCl=  3> <al=0.00> <DB= 2530.1829> <Mlp= 2530.1829> <PB=1000000> 
1 bl.dch (5211)...    RCSP exact solver info for graph G_0 : TT = 6.0507, pt = 0.005219, dt = 4.55596, ct = 1.48729, ndl = 269565', bdl = 19376107', odl = 138741', odf = 4624733', bsi = 1856', cnt = 69318258', bdch = 1053892692', odch = 233867655', lcp = 40540265', #sols = 150
<DWph=0> <it= 15> <et=806.04> <Mt= 0.00> <Spt= 6.10> <nCl=150> <al=0.13> <DB= 2206.3928> <Mlp= 2530.1829> <PB=1000000> 
Shrinking heuristic shrunk 112 edges
<DWph=0> <it= 16> <et=807.17> <Mt= 1.13> <Spt= 0.00> <nCl=  0> <al=0.22> <DB= 2529.3093> <Mlp= 2530.0000> <PB=2530> 
RCSP solver dynamic params and stats :  bidir.bord. = 375 aver.obdmd = 98.0984 aver.buck.num. = 101 nbR1C = 161 with avMem = 16.5528
@@ 209 1 2529.31 6.04324 6.04324 92.453 807.17
ColGenEvalAlg final dual bound: 2529.31 (rounded: 2530)
Gap improvement since the last cut separation : 1 (2529.31)
Current active cuts : CAP(1+20,460.909) R1C(20+146,269.264) 1rowPackR1C(20) 3rowPackR1C(99) 4rowPackR1C(36) 5rowPackR1C(11)
SB exact phase 3 branch on var x[(13, 115)]_0_1476_0_OspV (lhs=0.386269) : [2530.4119, 2530], tree depth = 1e+12, tree size = 1e+12, score = -0.4058
SB with phases chosed candidate var x[(13, 115)]_0_1476_0_OspV (lhs=0.386269)
New model incumbent solution 2530, TIME = 0h13m27s22t = 80722
************************************************************************************************
Search is finished, global bounds : [ 2530 , 2530 ], TIME = 0h13m27s22t = 80722
************************************************************************************************
[32mBaPCod : solution defined.[00m
statistics_cols: instance & :Optimal & cutoff & :bcRecRootDb & :bcTimeRootEval & :bcCountNodeProc & :bcRecBestDb & :bcRecBestInc & :bcTimeMain \\
statistics: instance_30-triangle & 1 & 1.0e6 & 2528.00 & 345.26 & 3 & 2530.00 & 2530 & 807.22 \\
########################################################
Route #1: 7 105 60 85 65 15 14 117 42 8 57 53 49 31 88 112 
Route #2: 19 4 63 46 71 58 120 74 35 92 96 108 81 
Route #3: 20 2 78 56 6 39 51 9 59 83 86 45 54 77 66 
Route #4: 22 95 94 29 101 91 102 43 73 12 79 33 1 18 116 87 
Route #5: 23 97 100 80 93 36 119 32 111 61 41 34 103 38 118 
Route #6: 55 17 76 26 113 27 40 30 16 28 69 68 107 
Route #7: 62 48 21 98 75 67 24 50 13 3 104 90 64 11 115 70 
Route #8: 82 84 114 52 72 109 89 25 37 5 10 110 44 47 99 106 
Cost 2530
########################################################

end_time=2026-04-22 11:06:13
exit_code=0
