instance_file=/mnt/c/Users/porin/OneDrive/Documentos/Python-Mestrado/Modelagem Matemática/Programação Inteira - Uchoa/Problema VRPRDL/instancias_turco/VRPRDL-triangle/cvrp_padrao_convertidos/instance_29-triangle.vrp
instance_name=instance_29-triangle
n_customers=60
k_lb=4
k_ub=60
ub=1000000
timeout_s=3600
start_time=2026-04-22 10:51:44

  Activating project at `~/VRPSolver/VRPSolverDemos`
Application parameters:
  batch  =>  nothing
  instance  =>  "/mnt/c/Users/porin/OneDrive/Documentos/Python-Mestrado/Modelagem Matemática/Programação Inteira - Uchoa/Problema VRPRDL/instancias_turco/VRPRDL-triangle/cvrp_padrao_convertidos/instance_29-triangle.vrp"
  noround  =>  false
  cfg  =>  "/home/poringman/VRPSolver/VRPSolverDemos/src/../config/CVRP.cfg"
  edge_cuts  =>  false
  out  =>  nothing
  ub  =>  1.0e6
  cluster_branching  =>  1.0
  sol  =>  nothing
  single_resource  =>  false
  strong_kpath_cuts  =>  false
  tikz  =>  nothing
  maxr  =>  60
  update  =>  false
  show_complete_form  =>  false
  nosolve  =>  false
  minr  =>  4
  low_edge_priority  =>  false
~~~~~~~~~~~~~~~~~~~~~~~~~~~~~~~~~~~~~~~~~~~~~~~~~~~~~~~~~~~~~~~~~~~~~~~~~~~~~~~~~~~~~
GIT VERSION RCSP: 
GIT BRANCH: 
~~~~~~~~~~~~~~~~~~~~~~~~~~~~~~~~~~~~~~~~~~~~~~~~~~~~~~~~~~~~~~~~~~~~~~~~~~~~~~~~~~~~~
VRPSolver v0.6.16, 10/11/2025, © Inria Bordeaux, France, vrpsolver.math.u-bordeaux.fr
      Corresponds to the solver by Pessoa, Sadykov, Uchoa and Vanderbeck (2020)
                 Paper: dx.doi.org/10.1007/s10107-020-01523-z
~~~~~~~~~~~~~~~~~~~~~~~~~~~~~~~~~~~~~~~~~~~~~~~~~~~~~~~~~~~~~~~~~~~~~~~~~~~~~~~~~~~~~
GIT VERSION BAPCOD: a7cb21f19424236c9d0da5dcf94961797a519470
GIT BRANCH: main
~~~~~~~~~~~~~~~~~~~~~~~~~~~~~~~~~~~~~~~~~~~~~~~~~~~~~~~~~~~~~~~~~~~~~~~~~~~~~~~~~~~~~
   BaPCod v0.84, 10/11/2025, © Inria Bordeaux, France, bapcod.math.u-bordeaux.fr 
           THIS CODE IS PROVIDED AS IS, USE IT AT YOUR OWN RISK
~~~~~~~~~~~~~~~~~~~~~~~~~~~~~~~~~~~~~~~~~~~~~~~~~~~~~~~~~~~~~~~~~~~~~~~~~~~~~~~~~~~~~
--- MAIN PARAMETERS ---
GlobalTimeLimitInTick = 2147483645
GlobalTimeLimit = 21474836
ClockType = 0
MaxNbOfBBtreeNodeTreated = 100000
optimalityGapTolerance = 1e-06
relOptimalityGapTolerance = 1e-09
ApplyPreprocessing = false
PreprocessVariablesLocalBounds = false
treeSearchStrategy = 1
OpenNodesLimit = 1000
DEFAULTPRINTLEVEL = 0
--- MIP SOLVER PARAMETERS ---
solverName = CPLEX_SOLVER
MipSolverMaxBBNodes = 2000000
MipSolverMaxTime = 360000
MipSolverMultiThread = 1
--- COLUMN GENERATION PARAMETERS ---
SolverSelectForMast = a
  colGenSubProbSolMode = customSolver
mastInitMode = localArtCol
ArtVarPenaltyUpdateFactor = 2
ArtVarMaxNbOfPenaltyUpdates = 5
MaxNbOfStagesInColGenProcedure = 3
GenerateProperColumns = false
InsertAllGeneratedColumnsInFormRatherThanInPool = true
InsertNewNonNegColumnsDirectlyInFormRatherThanInPool = true
ColumnCleanupThreshold = 10000
ColumnCleanupRatio = 0.66
ReducedCostFixingThreshold = 0.9
--- CUT GENERATION PARAMETERS ---
MasterCuttingPlanesDepthLimit = 1000
MaxNbOfCutGeneratedAtEachIter = 1000
CutTailingOffThreshold = 0.015
CutTailingOffCounterThreshold = 3
CutCleanupThreshold = 1
CutCleanupRatio = 0.66
ColGenSpRelaxationImprovementPriority = 0
--- STABILIZATION PARAMETERS ---
colGenDualPriceSmoothingAlphaFactor = 1
colGenDualPriceSmoothingBetaFactor = 0
colGenStabilizationFunctionType = none
colGenProximalStabilizationRule = undefined
StabilFuncKappa = 1
colGenStabilizationMaxTreeDepth = 10000
StabilizationMinPhaseOfStage = 0
--- PRIMAL HEURISTIC PARAMETERS ---
UseInitialPrimalHeur = false
MaxTimeForRestrictedMasterIpHeur = -1
CallFrequencyOfRestrictedMasterIpHeur = 5
MIPemphasisInRestrictedMasterIpHeur = 1
PolishingAfterTimeInRestrictedMasterIpHeur = -1
DivingHeurUseDepthLimit = -1
CallFrequencyOfDivingHeur = 1
LeastFractional
Closest2RoundUp
LeastGreedyCost
LeastCost
FixIntValBeforeRoundingHeur = true
MaxNbOfCgIteDuringRh = 5000
MaxLDSbreadth = 0
MaxLDSdepth = 0
DivingHeurStopsWithFirstFeasSol = false
DivingHeurPreprocessBeforeChoosingVar = false
StrongDivingCandidatesNumber = 1
EvalAlgParamsInDiving = max#cand. = 1 max#cg.iters = 10000 min.lvl.sp.restr. = 1 min#cut.rounds = 0 max#cut.rounds = 0 red.cost.fix&enum. = false tree.size.ratio = 1
LocalSearchHeurUseDepthLimit = -1
LeastFractional
Closest2RoundUp
LeastGreedyCost
LeastCost
MaxFactorOfColFixedByLocalSearchHeur = 0.8
MaxLocalSearchIterationCounter = 3
--- STRONG BRANCHING PARAMETERS ---
SimplifiedStrongBranchingParameterisation = true
StrongBranchingPhaseOneCandidatesNumber = 100
StrongBranchingPhaseOneTreeSizeEstimRatio = 0.2
StrongBranchingPhaseTwoCandidatesNumber = 3
StrongBranchingPhaseTwoTreeSizeEstimRatio = 0.02
SafeDualBoundScaleFactor = -1
StrongBranchingPhaseOne = max#cand. = 100 max#cg.iters = 0 min.lvl.sp.restr. = 0 min#cut.rounds = 0 max#cut.rounds = 0 red.cost.fix&enum. = false tree.size.ratio = 0.2
StrongBranchingPhaseTwo = max#cand. = 3 max#cg.iters = 10000 min.lvl.sp.restr. = 1 min#cut.rounds = 0 max#cut.rounds = 0 red.cost.fix&enum. = false tree.size.ratio = 0.02
StrongBranchingPhaseThree = max#cand. = 1 max#cg.iters = 10000 min.lvl.sp.restr. = 0 min#cut.rounds = 0 max#cut.rounds = 10000 red.cost.fix&enum. = true tree.size.ratio = 1
StrongBranchingPhaseFour =not active
--- DEBUG OUTPUT PARAMETERS ---
printMasterPrimalSols = 0
--- VRPSOLVER PARAMETERS ---
RCSPstopCutGenTimeThresholdInPricing = 10
RCSPhardTimeThresholdInPricing = 25
RCSPredCostFixingTimeThreshold = 100
RCSPnumberOfBucketsPerVertex = 25
RCSPdynamicBucketSteps = 1
RCSPuseBidirectionalSearch = 2
RCSPapplyReducedCostFixing = 1
RCSPmaxNumOfColsPerIteration = 30
RCSPmaxNumOfColsPerExactIteration = 150
RCSPmaxNumOfLabelsInEnumeration = 500000
RCSPmaxNumOfLabelsInHeurEnumeration = 0
RCSPmaxNumOfEnumeratedSolutions = 5000000
RCSPmaxNumOfEnumSolutionsForMIP = 10000
RCSPmaxNumOfEnumSolsForEndOfNodeMIP = 10000
RCSPinitNGneighbourhoodSize = 8
RCSPmaxNGneighbourhoodSize = 8
RCSPrankOneCutsMaxNumRows = 5
RCSPrankOneCutsMaxNumPerRound = 100
RCSPrankOneCutsMemoryType = 0
RCSPrankOneCutsLSnumIterations = 1000
RCSPallowRoutesWithSameVerticesSet = true
RCSPredCostFixingFalseGap = 0
SafeDualBoundScaleFactor = -1
RCSPmaxNumOfLabelsInHeurEnumeration = 0
MaxNumEnumSolsInRestrictedMasterIpHeur = 5000

prName & bcTimeMain \\ 
New model incumbent solution 1e+06, TIME = 0h0m0s46t = 46
RCSP solver info : size of non-robust cut bitmask in a label is 640 bits
Bucket steps were recalculated for graph G_0 : [30]
RCSP solver info : symmetric case is detected for graph G_0! 
Bidirectional border value is initialised to 375
RCSP solver info : number of forw. reachable buckets / buck. strongly connected components is 1575( 97.7047% ) / 1175( 74.6032% )
RCSP solver info: std. label size is 56, ext. label size is 136
Generating neighbourhoods for rank-1 cuts separation
Building structures for 4- and 5-row rank-1 packing cut separation...done!
Model is built TIME = 0h0m0s48t = 48
************************************************************************************************
**** BaB tree root node
**** Local DB = -1e+12, global bounds : [ -1e+12 , 1e+06 ], TIME = 0h0m0s48t = 48
**** 1 open nodes, 0 columns (0 active), 0 dyn. constrs. (0 active), 122 art. vars. (122 active)
************************************************************************************************
--------------------------------------------------------------------------
BaPCod info : first we run the root node with rank-1 cuts with node memory
--------------------------------------------------------------------------
#<DWph=2> <it=  1> <et=0.48> <Mt= 0.00> <Spt= 0.00> <nCl= 30> <al=0.00> <DB=-4031922180.0000> <Mlp=148800000.0000> <PB=1000000> 
#<DWph=2> <it=  2> <et=0.49> <Mt= 0.00> <Spt= 0.00> <nCl= 30> <al=0.55> <DB=-3336308159.4000> <Mlp=126600668.0000> <PB=1000000> 
#<DWph=2> <it=  3> <et=0.49> <Mt= 0.00> <Spt= 0.01> <nCl= 30> <al=0.45> <DB=-4014146389.5217> <Mlp=122900550.8333> <PB=1000000> 
#<DWph=2> <it=  4> <et=0.49> <Mt= 0.00> <Spt= 0.00> <nCl= 30> <al=0.51> <DB=-3553794932.3173> <Mlp=119817991.6762> <PB=1000000> 
#<DWph=2> <it=  5> <et=0.49> <Mt= 0.00> <Spt= 0.00> <nCl= 30> <al=0.55> <DB=-3331526593.0961> <Mlp=116870606.5572> <PB=1000000> 
#<DWph=2> <it=  6> <et=0.50> <Mt= 0.00> <Spt= 0.00> <nCl= 30> <al=0.60> <DB=-2777407160.9927> <Mlp=115976963.8724> <PB=1000000> 
#<DWph=2> <it=  7> <et=0.50> <Mt= 0.00> <Spt= 0.01> <nCl= 30> <al=0.64> <DB=-2627308421.5603> <Mlp=114980434.7454> <PB=1000000> 
#<DWph=2> <it=  8> <et=0.50> <Mt= 0.00> <Spt= 0.00> <nCl= 30> <al=0.68> <DB=-2511559383.8504> <Mlp=112440827.6327> <PB=1000000> 
#<DWph=2> <it=  9> <et=0.51> <Mt= 0.00> <Spt= 0.00> <nCl= 30> <al=0.71> <DB=-2315797161.2319> <Mlp=110293540.3453> <PB=1000000> 
#<DWph=2> <it= 10> <et=0.51> <Mt= 0.00> <Spt= 0.01> <nCl= 30> <al=0.74> <DB=-2214488004.5506> <Mlp=108971224.5536> <PB=1000000> 
#<DWph=2> <it= 11> <et=0.51> <Mt= 0.00> <Spt= 0.00> <nCl= 30> <al=0.64> <DB=-2092742994.8207> <Mlp=98416947.6564> <PB=1000000> 
#<DWph=2> <it= 12> <et=0.52> <Mt= 0.00> <Spt= 0.00> <nCl= 30> <al=0.67> <DB=-2091942216.9086> <Mlp=87909716.6224> <PB=1000000> 
#<DWph=2> <it= 13> <et=0.53> <Mt= 0.00> <Spt= 0.01> <nCl= 30> <al=0.71> <DB=-2081555070.1988> <Mlp=80941085.8888> <PB=1000000> 
#<DWph=2> <it= 14> <et=0.53> <Mt= 0.00> <Spt= 0.00> <nCl= 30> <al=0.74> <DB=-1890794916.3093> <Mlp=73151937.7909> <PB=1000000> 
#<DWph=2> <it= 15> <et=0.54> <Mt= 0.00> <Spt= 0.01> <nCl= 30> <al=0.76> <DB=-1869668799.9702> <Mlp=66508684.6352> <PB=1000000> 
#<DWph=2> <it= 16> <et=0.54> <Mt= 0.00> <Spt= 0.00> <nCl= 30> <al=0.79> <DB=-1917139603.9857> <Mlp=63021058.7930> <PB=1000000> 
#<DWph=2> <it= 17> <et=0.55> <Mt= 0.00> <Spt= 0.01> <nCl= 30> <al=0.81> <DB=-1767309202.8128> <Mlp=58670880.6292> <PB=1000000> 
#<DWph=2> <it= 18> <et=0.55> <Mt= 0.00> <Spt= 0.00> <nCl= 30> <al=0.71> <DB=-1819038243.9521> <Mlp=54359607.1096> <PB=1000000> 
#<DWph=2> <it= 19> <et=0.56> <Mt= 0.00> <Spt= 0.01> <nCl= 30> <al=0.74> <DB=-1765053361.5433> <Mlp=50553589.9711> <PB=1000000> 
#<DWph=2> <it= 20> <et=0.56> <Mt= 0.00> <Spt= 0.00> <nCl= 30> <al=0.76> <DB=-1784145175.8259> <Mlp=45162641.2433> <PB=1000000> 
#<DWph=2> <it= 21> <et=0.57> <Mt= 0.01> <Spt= 0.01> <nCl= 30> <al=0.79> <DB=-1744102986.2081> <Mlp=36943530.5914> <PB=1000000> 
#<DWph=2> <it= 22> <et=0.57> <Mt= 0.00> <Spt= 0.00> <nCl= 30> <al=0.81> <DB=-1737299562.7670> <Mlp=31104044.2550> <PB=1000000> 
#<DWph=2> <it= 23> <et=0.58> <Mt= 0.00> <Spt= 0.01> <nCl= 30> <al=0.83> <DB=-1669710632.4804> <Mlp=19278555.4730> <PB=1000000> 
#<DWph=2> <it= 24> <et=0.59> <Mt= 0.00> <Spt= 0.00> <nCl= 30> <al=0.73> <DB=-1629218361.3264> <Mlp=18206866.5546> <PB=1000000> 
#<DWph=2> <it= 25> <et=0.59> <Mt= 0.00> <Spt= 0.00> <nCl= 30> <al=0.75> <DB=-1560175316.1661> <Mlp=15025307.0761> <PB=1000000> 
#<DWph=2> <it= 26> <et=0.60> <Mt= 0.00> <Spt= 0.01> <nCl= 30> <al=0.65> <DB=-1468494132.5453> <Mlp=13167182.9113> <PB=1000000> 
#<DWph=2> <it= 27> <et=0.60> <Mt= 0.00> <Spt= 0.00> <nCl= 30> <al=0.69> <DB=-1445127654.4199> <Mlp=7768317.3448> <PB=1000000> 
#<DWph=2> <it= 28> <et=0.60> <Mt= 0.00> <Spt= 0.00> <nCl= 30> <al=0.72> <DB=-1319204860.6141> <Mlp=3596978.7907> <PB=1000000> 
#<DWph=2> <it= 29> <et=0.61> <Mt= 0.01> <Spt= 0.00> <nCl= 30> <al=0.75> <DB=-1257712083.3276> <Mlp=166052.7445> <PB=1000000> 
#<DWph=2> <it= 30> <et=0.62> <Mt= 0.00> <Spt= 0.01> <nCl=  7> <al=0.30> <DB=-322679101.5042> <Mlp=87839.6864> <PB=1000000> 
#<DWph=2> <it= 31> <et=0.62> <Mt= 0.00> <Spt= 0.00> <nCl= 27> <al=0.55> <DB=-144755981.1902> <Mlp=87318.7215> <PB=1000000> 
#<DWph=2> <it= 32> <et=0.62> <Mt= 0.00> <Spt= 0.00> <nCl= 30> <al=0.45> <DB=-26720649.2050> <Mlp=86976.1672> <PB=1000000> 
#<DWph=2> <it= 33> <et=0.62> <Mt= 0.00> <Spt= 0.01> <nCl= 30> <al=0.35> <DB=-4292464.4754> <Mlp=85046.0458> <PB=1000000> 
<DWph=2> <it= 34> <et=0.63> <Mt= 0.00> <Spt= 0.00> <nCl= 30> <al=0.00> <DB=-150026.6788> <Mlp= 4989.1874> <PB=1000000> 
<DWph=2> <it= 35> <et=0.63> <Mt= 0.00> <Spt= 0.00> <nCl= 30> <al=0.31> <DB=-127515.8004> <Mlp= 4786.3508> <PB=1000000> 
<DWph=2> <it= 36> <et=0.64> <Mt= 0.01> <Spt= 0.01> <nCl= 30> <al=0.38> <DB=-184274.0908> <Mlp= 4549.9879> <PB=1000000> 
<DWph=2> <it= 37> <et=0.64> <Mt= 0.00> <Spt= 0.00> <nCl= 30> <al=0.44> <DB=-125134.0435> <Mlp= 4389.3193> <PB=1000000> 
<DWph=2> <it= 38> <et=0.65> <Mt= 0.00> <Spt= 0.00> <nCl= 30> <al=0.50> <DB=-158353.8974> <Mlp= 4281.7970> <PB=1000000> 
<DWph=2> <it= 39> <et=0.65> <Mt= 0.00> <Spt= 0.00> <nCl= 30> <al=0.55> <DB=-100905.9092> <Mlp= 4172.9743> <PB=1000000> 
<DWph=2> <it= 40> <et=0.66> <Mt= 0.00> <Spt= 0.01> <nCl= 30> <al=0.59> <DB=-86087.3809> <Mlp= 4138.2403> <PB=1000000> 
<DWph=2> <it= 41> <et=0.66> <Mt= 0.00> <Spt= 0.00> <nCl= 30> <al=0.49> <DB=-67069.9359> <Mlp= 3922.0917> <PB=1000000> 
<DWph=2> <it= 42> <et=0.67> <Mt= 0.00> <Spt= 0.00> <nCl= 30> <al=0.39> <DB=-74338.1651> <Mlp= 3749.4784> <PB=1000000> 
<DWph=2> <it= 43> <et=0.67> <Mt= 0.00> <Spt= 0.01> <nCl= 30> <al=0.46> <DB=-56928.0313> <Mlp= 3721.8751> <PB=1000000> 
<DWph=2> <it= 44> <et=0.67> <Mt= 0.00> <Spt= 0.00> <nCl= 30> <al=0.51> <DB=-59737.0864> <Mlp= 3488.9183> <PB=1000000> 
<DWph=2> <it= 45> <et=0.68> <Mt= 0.01> <Spt= 0.00> <nCl= 30> <al=0.56> <DB=-45070.8714> <Mlp= 3407.6858> <PB=1000000> 
<DWph=2> <it= 46> <et=0.68> <Mt= 0.00> <Spt= 0.01> <nCl= 30> <al=0.60> <DB=-39524.2894> <Mlp= 3329.3902> <PB=1000000> 
<DWph=2> <it= 47> <et=0.69> <Mt= 0.00> <Spt= 0.00> <nCl= 30> <al=0.64> <DB=-37106.7371> <Mlp= 3236.7114> <PB=1000000> 
<DWph=2> <it= 48> <et=0.69> <Mt= 0.00> <Spt= 0.00> <nCl= 30> <al=0.68> <DB=-36257.4840> <Mlp= 3118.5653> <PB=1000000> 
<DWph=2> <it= 49> <et=0.70> <Mt= 0.00> <Spt= 0.01> <nCl= 30> <al=0.71> <DB=-37016.6242> <Mlp= 3054.1003> <PB=1000000> 
<DWph=2> <it= 50> <et=0.70> <Mt= 0.00> <Spt= 0.00> <nCl= 30> <al=0.74> <DB=-30189.3266> <Mlp= 2977.9720> <PB=1000000> 
<DWph=2> <it= 51> <et=0.71> <Mt= 0.00> <Spt= 0.00> <nCl= 30> <al=0.77> <DB=-24802.9393> <Mlp= 2833.1425> <PB=1000000> 
<DWph=2> <it= 52> <et=0.71> <Mt= 0.01> <Spt= 0.01> <nCl= 30> <al=0.67> <DB=-21215.8794> <Mlp= 2719.5072> <PB=1000000> 
<DWph=2> <it= 53> <et=0.72> <Mt= 0.00> <Spt= 0.00> <nCl= 30> <al=0.70> <DB=-19571.3150> <Mlp= 2599.2320> <PB=1000000> 
<DWph=2> <it= 54> <et=0.72> <Mt= 0.00> <Spt= 0.00> <nCl= 30> <al=0.73> <DB=-18812.8079> <Mlp= 2557.4365> <PB=1000000> 
<DWph=2> <it= 55> <et=0.73> <Mt= 0.00> <Spt= 0.01> <nCl= 30> <al=0.76> <DB=-15051.7239> <Mlp= 2470.3218> <PB=1000000> 
<DWph=2> <it= 56> <et=0.73> <Mt= 0.00> <Spt= 0.00> <nCl= 30> <al=0.78> <DB=-12991.9729> <Mlp= 2401.6076> <PB=1000000> 
<DWph=2> <it= 57> <et=0.74> <Mt= 0.00> <Spt= 0.00> <nCl= 30> <al=0.68> <DB=-11674.2240> <Mlp= 2334.7272> <PB=1000000> 
<DWph=2> <it= 58> <et=0.74> <Mt= 0.01> <Spt= 0.01> <nCl= 30> <al=0.71> <DB=-10103.4078> <Mlp= 2264.7072> <PB=1000000> 
<DWph=2> <it= 59> <et=0.75> <Mt= 0.00> <Spt= 0.00> <nCl= 30> <al=0.61> <DB=-9822.3953> <Mlp= 2220.1962> <PB=1000000> 
<DWph=2> <it= 60> <et=0.75> <Mt= 0.00> <Spt= 0.00> <nCl= 30> <al=0.65> <DB=-8087.7860> <Mlp= 2173.7280> <PB=1000000> 
<DWph=2> <it= 61> <et=0.76> <Mt= 0.00> <Spt= 0.01> <nCl= 30> <al=0.69> <DB=-7629.3640> <Mlp= 2158.3193> <PB=1000000> 
<DWph=2> <it= 62> <et=0.76> <Mt= 0.00> <Spt= 0.00> <nCl= 30> <al=0.72> <DB=-5843.8139> <Mlp= 2115.1252> <PB=1000000> 
<DWph=2> <it= 63> <et=0.77> <Mt= 0.01> <Spt= 0.00> <nCl= 30> <al=0.62> <DB=-4855.8654> <Mlp= 2098.3222> <PB=1000000> 
<DWph=2> <it= 64> <et=0.77> <Mt= 0.00> <Spt= 0.00> <nCl= 30> <al=0.66> <DB=-4477.8560> <Mlp= 2084.9282> <PB=1000000> 
<DWph=2> <it= 65> <et=0.78> <Mt= 0.00> <Spt= 0.01> <nCl= 30> <al=0.69> <DB=-3496.7493> <Mlp= 2067.2649> <PB=1000000> 
<DWph=2> <it= 66> <et=0.78> <Mt= 0.00> <Spt= 0.00> <nCl= 30> <al=0.72> <DB=-2541.2117> <Mlp= 2053.3738> <PB=1000000> 
<DWph=2> <it= 67> <et=0.79> <Mt= 0.00> <Spt= 0.00> <nCl= 30> <al=0.62> <DB=-2867.4462> <Mlp= 2044.7341> <PB=1000000> 
<DWph=2> <it= 68> <et=0.79> <Mt= 0.00> <Spt= 0.01> <nCl= 30> <al=0.66> <DB=-2357.2763> <Mlp= 2035.4401> <PB=1000000> 
<DWph=2> <it= 69> <et=0.80> <Mt= 0.00> <Spt= 0.00> <nCl= 30> <al=0.56> <DB=-1370.2256> <Mlp= 2025.0165> <PB=1000000> 
<DWph=2> <it= 70> <et=0.80> <Mt= 0.01> <Spt= 0.00> <nCl= 30> <al=0.46> <DB=-2861.3006> <Mlp= 2010.3737> <PB=1000000> 
<DWph=2> <it= 71> <et=0.81> <Mt= 0.00> <Spt= 0.01> <nCl= 30> <al=0.51> <DB=-1869.8542> <Mlp= 1998.0195> <PB=1000000> 
<DWph=2> <it= 72> <et=0.82> <Mt= 0.00> <Spt= 0.00> <nCl= 30> <al=0.56> <DB= -701.7317> <Mlp= 1994.3467> <PB=1000000> 
<DWph=2> <it= 73> <et=0.82> <Mt= 0.00> <Spt= 0.01> <nCl= 30> <al=0.61> <DB= -348.1743> <Mlp= 1982.7346> <PB=1000000> 
<DWph=2> <it= 74> <et=0.83> <Mt= 0.00> <Spt= 0.00> <nCl= 30> <al=0.65> <DB= -559.1040> <Mlp= 1976.2851> <PB=1000000> 
<DWph=2> <it= 75> <et=0.83> <Mt= 0.01> <Spt= 0.00> <nCl= 23> <al=0.68> <DB=   73.7418> <Mlp= 1968.5574> <PB=1000000> 
<DWph=2> <it= 76> <et=0.84> <Mt= 0.00> <Spt= 0.01> <nCl= 30> <al=0.71> <DB=  121.8926> <Mlp= 1963.3114> <PB=1000000> 
<DWph=2> <it= 77> <et=0.85> <Mt= 0.01> <Spt= 0.00> <nCl= 30> <al=0.61> <DB=  168.8620> <Mlp= 1960.0451> <PB=1000000> 
<DWph=2> <it= 78> <et=0.86> <Mt= 0.00> <Spt= 0.00> <nCl= 30> <al=0.65> <DB= -171.0756> <Mlp= 1951.7474> <PB=1000000> 
<DWph=2> <it= 79> <et=0.86> <Mt= 0.00> <Spt= 0.01> <nCl= 30> <al=0.69> <DB=  383.7922> <Mlp= 1951.7474> <PB=1000000> 
<DWph=2> <it= 80> <et=0.87> <Mt= 0.00> <Spt= 0.00> <nCl= 30> <al=0.59> <DB=  793.0769> <Mlp= 1948.8843> <PB=1000000> 
<DWph=2> <it= 81> <et=0.88> <Mt= 0.01> <Spt= 0.00> <nCl= 27> <al=0.63> <DB=  458.3668> <Mlp= 1943.2843> <PB=1000000> 
<DWph=2> <it= 82> <et=0.88> <Mt= 0.00> <Spt= 0.01> <nCl= 26> <al=0.66> <DB= 1135.0553> <Mlp= 1942.4912> <PB=1000000> 
<DWph=2> <it= 83> <et=0.88> <Mt= 0.00> <Spt= 0.00> <nCl= 30> <al=0.70> <DB= 1273.4755> <Mlp= 1939.4320> <PB=1000000> 
<DWph=2> <it= 84> <et=0.89> <Mt= 0.00> <Spt= 0.00> <nCl= 30> <al=0.60> <DB= 1117.7480> <Mlp= 1938.7884> <PB=1000000> 
<DWph=2> <it= 85> <et=0.90> <Mt= 0.00> <Spt= 0.01> <nCl= 30> <al=0.64> <DB= 1391.9264> <Mlp= 1937.5509> <PB=1000000> 
<DWph=2> <it= 86> <et=0.90> <Mt= 0.00> <Spt= 0.00> <nCl= 30> <al=0.67> <DB= 1233.0666> <Mlp= 1937.4364> <PB=1000000> 
<DWph=2> <it= 87> <et=0.91> <Mt= 0.01> <Spt= 0.01> <nCl= 26> <al=0.71> <DB= 1526.5326> <Mlp= 1936.5790> <PB=1000000> 
<DWph=2> <it= 88> <et=0.91> <Mt= 0.00> <Spt= 0.00> <nCl= 28> <al=0.74> <DB= 1204.3093> <Mlp= 1935.4388> <PB=1000000> 
<DWph=2> <it= 89> <et=0.92> <Mt= 0.00> <Spt= 0.00> <nCl= 18> <al=0.76> <DB= 1444.7909> <Mlp= 1935.3944> <PB=1000000> 
<DWph=2> <it= 90> <et=0.92> <Mt= 0.00> <Spt= 0.01> <nCl= 25> <al=0.66> <DB= 1355.5984> <Mlp= 1935.3700> <PB=1000000> 
<DWph=2> <it= 91> <et=0.93> <Mt= 0.00> <Spt= 0.00> <nCl= 26> <al=0.70> <DB= 1454.7507> <Mlp= 1933.4179> <PB=1000000> 
<DWph=2> <it= 92> <et=0.93> <Mt= 0.00> <Spt= 0.00> <nCl= 23> <al=0.73> <DB= 1444.7591> <Mlp= 1932.0604> <PB=1000000> 
<DWph=2> <it= 93> <et=0.94> <Mt= 0.01> <Spt= 0.00> <nCl= 28> <al=0.63> <DB=  907.3998> <Mlp= 1931.2617> <PB=1000000> 
<DWph=2> <it= 94> <et=0.94> <Mt= 0.00> <Spt= 0.01> <nCl= 16> <al=0.66> <DB= 1620.4829> <Mlp= 1931.2509> <PB=1000000> 
<DWph=2> <it= 95> <et=0.94> <Mt= 0.00> <Spt= 0.00> <nCl= 27> <al=0.56> <DB= 1509.4845> <Mlp= 1931.2509> <PB=1000000> 
<DWph=2> <it= 96> <et=0.95> <Mt= 0.00> <Spt= 0.00> <nCl= 26> <al=0.46> <DB= 1546.7070> <Mlp= 1930.4218> <PB=1000000> 
<DWph=2> <it= 97> <et=0.95> <Mt= 0.00> <Spt= 0.01> <nCl= 26> <al=0.52> <DB= 1556.5828> <Mlp= 1930.2115> <PB=1000000> 
<DWph=2> <it= 98> <et=0.96> <Mt= 0.00> <Spt= 0.00> <nCl= 17> <al=0.57> <DB= 1721.0759> <Mlp= 1930.0104> <PB=1000000> 
<DWph=2> <it= 99> <et=0.96> <Mt= 0.00> <Spt= 0.00> <nCl= 21> <al=0.47> <DB= 1647.7948> <Mlp= 1930.0083> <PB=1000000> 
<DWph=2> <it=100> <et=0.97> <Mt= 0.00> <Spt= 0.01> <nCl= 16> <al=0.37> <DB= 1740.9689> <Mlp= 1929.5419> <PB=1000000> 
<DWph=2> <it=101> <et=0.97> <Mt= 0.00> <Spt= 0.00> <nCl= 19> <al=0.43> <DB= 1748.8740> <Mlp= 1929.4112> <PB=1000000> 
<DWph=2> <it=102> <et=0.97> <Mt= 0.00> <Spt= 0.00> <nCl= 15> <al=0.49> <DB= 1715.8005> <Mlp= 1929.4112> <PB=1000000> 
<DWph=2> <it=103> <et=0.98> <Mt= 0.01> <Spt= 0.01> <nCl= 23> <al=0.54> <DB= 1765.4458> <Mlp= 1929.3279> <PB=1000000> 
<DWph=2> <it=104> <et=0.98> <Mt= 0.00> <Spt= 0.00> <nCl= 14> <al=0.58> <DB= 1857.7095> <Mlp= 1928.9986> <PB=1000000> 
<DWph=2> <it=105> <et=0.99> <Mt= 0.00> <Spt= 0.00> <nCl= 19> <al=0.48> <DB= 1678.6120> <Mlp= 1928.9986> <PB=1000000> 
<DWph=2> <it=106> <et=0.99> <Mt= 0.00> <Spt= 0.01> <nCl=  6> <al=0.54> <DB= 1898.2161> <Mlp= 1928.9986> <PB=1000000> 
<DWph=2> <it=107> <et=0.99> <Mt= 0.00> <Spt= 0.00> <nCl=  2> <al=0.44> <DB= 1853.4988> <Mlp= 1928.9977> <PB=1000000> 
<DWph=2> <it=108> <et=1.00> <Mt= 0.00> <Spt= 0.00> <nCl= 10> <al=0.49> <DB= 1913.8514> <Mlp= 1928.9977> <PB=1000000> 
<DWph=2> <it=109> <et=1.00> <Mt= 0.00> <Spt= 0.01> <nCl= 23> <al=0.00> <DB= 1879.0535> <Mlp= 1928.9977> <PB=1000000> 
<DWph=2> <it=110> <et=1.01> <Mt= 0.00> <Spt= 0.00> <nCl= 21> <al=0.00> <DB= 1883.4847> <Mlp= 1928.9977> <PB=1000000> 
<DWph=2> <it=111> <et=1.02> <Mt= 0.00> <Spt= 0.01> <nCl=  2> <al=0.00> <DB= 1928.9977> <Mlp= 1928.9977> <PB=1000000> 
<DWph=1> <it=112> <et=1.03> <Mt= 0.00> <Spt= 0.01> <nCl= 30> <al=0.09> <DB=  925.6686> <Mlp= 1928.9977> <PB=1000000> 
<DWph=1> <it=113> <et=1.04> <Mt= 0.00> <Spt= 0.01> <nCl= 29> <al=0.18> <DB= 1607.1719> <Mlp= 1928.6476> <PB=1000000> 
<DWph=1> <it=114> <et=1.05> <Mt= 0.00> <Spt= 0.01> <nCl= 28> <al=0.26> <DB= 1553.1529> <Mlp= 1928.6476> <PB=1000000> 
<DWph=1> <it=115> <et=1.06> <Mt= 0.01> <Spt= 0.01> <nCl= 28> <al=0.34> <DB= 1734.5531> <Mlp= 1928.6476> <PB=1000000> 
<DWph=1> <it=116> <et=1.07> <Mt= 0.00> <Spt= 0.01> <nCl= 21> <al=0.24> <DB= 1629.3234> <Mlp= 1928.6476> <PB=1000000> 
<DWph=1> <it=117> <et=1.08> <Mt= 0.00> <Spt= 0.01> <nCl= 23> <al=0.14> <DB= 1343.1516> <Mlp= 1928.4858> <PB=1000000> 
<DWph=1> <it=118> <et=1.10> <Mt= 0.00> <Spt= 0.01> <nCl= 11> <al=0.22> <DB= 1674.8786> <Mlp= 1928.4858> <PB=1000000> 
<DWph=1> <it=119> <et=1.11> <Mt= 0.00> <Spt= 0.01> <nCl= 19> <al=0.30> <DB= 1759.5325> <Mlp= 1928.1883> <PB=1000000> 
<DWph=1> <it=120> <et=1.12> <Mt= 0.00> <Spt= 0.01> <nCl= 11> <al=0.20> <DB= 1776.5887> <Mlp= 1928.1883> <PB=1000000> 
<DWph=1> <it=121> <et=1.13> <Mt= 0.00> <Spt= 0.01> <nCl=  9> <al=0.28> <DB= 1753.7827> <Mlp= 1928.0826> <PB=1000000> 
<DWph=1> <it=122> <et=1.14> <Mt= 0.00> <Spt= 0.01> <nCl=  3> <al=0.35> <DB= 1872.6274> <Mlp= 1928.0731> <PB=1000000> 
<DWph=1> <it=123> <et=1.15> <Mt= 0.00> <Spt= 0.01> <nCl=  9> <al=0.25> <DB= 1853.4807> <Mlp= 1928.0520> <PB=1000000> 
<DWph=1> <it=124> <et=1.16> <Mt= 0.00> <Spt= 0.01> <nCl=  2> <al=0.33> <DB= 1908.7813> <Mlp= 1928.0472> <PB=1000000> 
<DWph=1> <it=125> <et=1.17> <Mt= 0.01> <Spt= 0.01> <nCl= 13> <al=0.23> <DB= 1824.7106> <Mlp= 1928.0219> <PB=1000000> 
<DWph=1> <it=126> <et=1.18> <Mt= 0.00> <Spt= 0.01> <nCl=  6> <al=0.13> <DB= 1835.8106> <Mlp= 1927.9990> <PB=1000000> 
<DWph=1> <it=127> <et=1.19> <Mt= 0.00> <Spt= 0.01> <nCl=  3> <al=0.22> <DB= 1802.0946> <Mlp= 1927.9990> <PB=1000000> 
<DWph=1> <it=128> <et=1.20> <Mt= 0.00> <Spt= 0.01> <nCl=  2> <al=0.29> <DB= 1903.9838> <Mlp= 1927.9990> <PB=1000000> 
<DWph=1> <it=129> <et=1.23> <Mt= 0.00> <Spt= 0.02> <nCl=  8> <al=0.00> <DB= 1911.3361> <Mlp= 1927.9990> <PB=1000000> 
<DWph=1> <it=130> <et=1.25> <Mt= 0.00> <Spt= 0.02> <nCl=  3> <al=0.00> <DB= 1927.9990> <Mlp= 1927.9990> <PB=1000000> 
    RCSP exact solver info for graph G_0 : TT = 0.030574, pt = 1.4e-05, dt = 0.028972, ct = 0.001131, ndl = 8124', bdl = 352610', odl = 6562', odf = 45973', bsi = 1910', cnt = 37691', bdch = 4672092', odch = 194914', lcp = 175668', #sols = 150
<DWph=0> <it=131> <et=1.28> <Mt= 0.00> <Spt= 0.03> <nCl=150> <al=0.16> <DB= 1305.1451> <Mlp= 1927.9990> <PB=1000000> 
    RCSP exact solver info for graph G_0 : TT = 0.021055, pt = 5.2e-05, dt = 0.019693, ct = 0.000777, ndl = 5692', bdl = 258951', odl = 5876', odf = 35709', bsi = 2154', cnt = 4954', bdch = 2523674', odch = 94793', lcp = 121347', #sols = 150
<DWph=0> <it=132> <et=1.32> <Mt= 0.01> <Spt= 0.03> <nCl=150> <al=0.06> <DB=-1470.4989> <Mlp= 1920.9603> <PB=1000000> 
    RCSP exact solver info for graph G_0 : TT = 0.028904, pt = 6.7e-05, dt = 0.02718, ct = 0.001081, ndl = 7653', bdl = 340727', odl = 6289', odf = 43984', bsi = 1756', cnt = 22924', bdch = 4165532', odch = 187418', lcp = 167160', #sols = 150
<DWph=0> <it=133> <et=1.35> <Mt= 0.00> <Spt= 0.03> <nCl=150> <al=0.16> <DB=  789.3479> <Mlp= 1920.9603> <PB=1000000> 
    RCSP exact solver info for graph G_0 : TT = 0.030322, pt = 3.2e-05, dt = 0.028665, ct = 0.001101, ndl = 8186', bdl = 357820', odl = 6561', odf = 45529', bsi = 1650', cnt = 18130', bdch = 4726398', odch = 184355', lcp = 188145', #sols = 150
<DWph=0> <it=134> <et=1.39> <Mt= 0.00> <Spt= 0.04> <nCl=150> <al=0.24> <DB= 1212.6183> <Mlp= 1920.9603> <PB=1000000> 
    RCSP exact solver info for graph G_0 : TT = 0.034911, pt = 2.6e-05, dt = 0.033084, ct = 0.001225, ndl = 9058', bdl = 393057', odl = 6414', odf = 49821', bsi = 1682', cnt = 30140', bdch = 5421575', odch = 233767', lcp = 192421', #sols = 150
<DWph=0> <it=135> <et=1.43> <Mt= 0.01> <Spt= 0.04> <nCl=102> <al=0.32> <DB= 1723.5922> <Mlp= 1918.6765> <PB=1000000> 
    RCSP exact solver info for graph G_0 : TT = 0.028099, pt = 3.7e-05, dt = 0.026528, ct = 0.00105, ndl = 8086', bdl = 349499', odl = 6114', odf = 46063', bsi = 1851', cnt = 22807', bdch = 4407113', odch = 202572', lcp = 184660', #sols = 150
<DWph=0> <it=136> <et=1.47> <Mt= 0.00> <Spt= 0.03> <nCl=150> <al=0.22> <DB= 1209.6299> <Mlp= 1918.6417> <PB=1000000> 
    RCSP exact solver info for graph G_0 : TT = 0.032893, pt = 4.4e-05, dt = 0.030697, ct = 0.001508, ndl = 8870', bdl = 378875', odl = 6116', odf = 49009', bsi = 1750', cnt = 34672', bdch = 5069484', odch = 225898', lcp = 196983', #sols = 150
<DWph=0> <it=137> <et=1.50> <Mt= 0.00> <Spt= 0.04> <nCl=100> <al=0.30> <DB= 1754.5721> <Mlp= 1918.6417> <PB=1000000> 
    RCSP exact solver info for graph G_0 : TT = 0.031192, pt = 3.1e-05, dt = 0.029322, ct = 0.001232, ndl = 8345', bdl = 361234', odl = 6256', odf = 47449', bsi = 1723', cnt = 30518', bdch = 4650256', odch = 204772', lcp = 182825', #sols = 150
<DWph=0> <it=138> <et=1.54> <Mt= 0.00> <Spt= 0.03> <nCl= 51> <al=0.37> <DB= 1717.3586> <Mlp= 1918.6377> <PB=1000000> 
    RCSP exact solver info for graph G_0 : TT = 0.031085, pt = 3e-05, dt = 0.029185, ct = 0.001254, ndl = 8673', bdl = 374275', odl = 6364', odf = 48693', bsi = 1724', cnt = 32530', bdch = 5001067', odch = 227677', lcp = 197106', #sols = 150
<DWph=0> <it=139> <et=1.58> <Mt= 0.00> <Spt= 0.03> <nCl= 13> <al=0.43> <DB= 1856.5055> <Mlp= 1918.6377> <PB=1000000> 
    RCSP exact solver info for graph G_0 : TT = 0.032467, pt = 2.5e-05, dt = 0.030759, ct = 0.001109, ndl = 8496', bdl = 367769', odl = 6423', odf = 48050', bsi = 1721', cnt = 30911', bdch = 4849958', odch = 217825', lcp = 191396', #sols = 150
<DWph=0> <it=140> <et=1.61> <Mt= 0.00> <Spt= 0.04> <nCl= 16> <al=0.33> <DB= 1898.1403> <Mlp= 1918.6377> <PB=1000000> 
    RCSP exact solver info for graph G_0 : TT = 0.029696, pt = 3.4e-05, dt = 0.027514, ct = 0.001433, ndl = 8097', bdl = 350529', odl = 6389', odf = 46797', bsi = 1720', cnt = 28839', bdch = 4442665', odch = 200356', lcp = 177783', #sols = 150
<DWph=0> <it=141> <et=1.65> <Mt= 0.00> <Spt= 0.03> <nCl= 12> <al=0.23> <DB= 1910.1473> <Mlp= 1918.6377> <PB=1000000> 
    RCSP exact solver info for graph G_0 : TT = 0.030365, pt = 2.8e-05, dt = 0.028227, ct = 0.001383, ndl = 8103', bdl = 350631', odl = 6373', odf = 46814', bsi = 1732', cnt = 28776', bdch = 4439998', odch = 201517', lcp = 177446', #sols = 150
<DWph=0> <it=142> <et=1.68> <Mt= 0.01> <Spt= 0.03> <nCl=  2> <al=0.13> <DB= 1916.1991> <Mlp= 1918.6377> <PB=1000000> 
    RCSP exact solver info for graph G_0 : TT = 0.030852, pt = 3.4e-05, dt = 0.028891, ct = 0.001233, ndl = 8104', bdl = 350863', odl = 6368', odf = 46791', bsi = 1725', cnt = 28688', bdch = 4445130', odch = 201093', lcp = 177609', #sols = 150
    RCSP exact solver info for graph G_0 : TT = 0.030322, pt = 3e-05, dt = 0.02846, ct = 0.001205, ndl = 7992', bdl = 346029', odl = 6393', odf = 46506', bsi = 1715', cnt = 27204', bdch = 4345079', odch = 197787', lcp = 174338', #sols = 150
<DWph=0> <it=143> <et=1.75> <Mt= 0.00> <Spt= 0.07> <nCl= 14> <al=0.00> <DB= 1918.6377> <Mlp= 1918.6377> <PB=1000000> 
RCSP solver dynamic params and stats :  bidir.bord. = 375 aver.obdmd = 24.4194 aver.buck.num. = 26
@@ 1 0 1918.64 0.0295642 0.034309 92.0992 1.75
RCSP      solver labels distribution in 678 buckets (bucket size) : largest - 68, top 0.1% - 68, top 0.5% - 59, top 2% - 47, top 10% - 30, top 50% - 7
Reduced cost fixing for graph G_0...  TT = 0.088679, pt = 0.005249, dt = 0.08325, ct = 0, ndl = 24518', bdl = 862194', odl = 5169', odf = 96667', lpcb = 78710', cnt = 2610314', bdch = 14477785', odch = 831915', lcp = 458706'
84889 buck. arcs remain (99.2% from prev., 91.3% from max.) + 0 jump buck. arcs (0% from max.)
 TT = 0.137106, pt = 0.005249, dt = 0.08325, ct = 0.048324, ndl = 24518', bdl = 862194', odl = 5169', odf = 96667', lpcb = 78710', cnt = 2787307', bdch = 14477785', odch = 831915', lcp = 458706'
RCSP      solver labels distribution in 1316 buckets (bucket size) : largest - 123, top 0.1% - 123, top 0.5% - 90, top 2% - 65, top 10% - 44, top 50% - 14
Run forward enumeration with border = 375... not succeeded (ratio 0.982313) lpt = 0.017604, ndl = 20015', dl = 580', lpcb = 0', dch = 13556'
 TT = 0.02831, pt = 0.008121, dt = 0.017604, ct = 0, ndl = 20015', bdl = 580', cnt = 118125', bdch = 13556', odch = 0', lcp = 0'
Bucket graph for G_0 is regenerated as bucket steps were adjusted for 62 vertices
RCSP solver info : number of forw. reachable buckets / buck. strongly connected components is 3037( 96.0468% ) / 3037( 100% )
165735 forw. buck. arcs remain (92.5067% from max.) + 0 jump buck. arcs
ColGenEvalAlg final dual bound: 1918.64 (rounded: 1919)
In total 1 RCC cut(s) are found by the connected components heuristic 
Shrinking heuristic shrunk 31 edges
In total 4 RCC cut(s) are found by the Fractional capacity min-cut heuristic 
In total 14 RCC cut(s) are found by the greedy construction heuristic 
----- Add fac. cuts : CAP(19), max.viol = 0.5, aver.viol = 0.430823, sep/add took 0.00316021/0.0495376 sec. -----
4335 columns (4335 active), 19 dyn. constrs. (19 active), 141 art. vars. (141 active)
<DWph=2> <it=  1> <et=2.02> <Mt= 0.01> <Spt= 0.01> <nCl= 28> <al=0.50> <DB= 1569.1961> <Mlp= 1939.5890> <PB=1000000> 
<DWph=2> <it=  2> <et=2.03> <Mt= 0.00> <Spt= 0.00> <nCl= 28> <al=0.55> <DB= 1681.5911> <Mlp= 1934.8122> <PB=1000000> 
<DWph=2> <it=  3> <et=2.03> <Mt= 0.00> <Spt= 0.01> <nCl= 23> <al=0.60> <DB= 1867.5101> <Mlp= 1934.1620> <PB=1000000> 
<DWph=2> <it=  4> <et=2.04> <Mt= 0.00> <Spt= 0.00> <nCl= 18> <al=0.64> <DB= 1924.0822> <Mlp= 1933.5744> <PB=1000000> 
<DWph=2> <it=  5> <et=2.05> <Mt= 0.01> <Spt= 0.01> <nCl= 22> <al=0.54> <DB= 1783.2102> <Mlp= 1933.4961> <PB=1000000> 
<DWph=2> <it=  6> <et=2.06> <Mt= 0.00> <Spt= 0.01> <nCl= 18> <al=0.58> <DB= 1833.8143> <Mlp= 1931.3556> <PB=1000000> 
<DWph=2> <it=  7> <et=2.07> <Mt= 0.00> <Spt= 0.01> <nCl= 15> <al=0.62> <DB= 1793.9527> <Mlp= 1930.5048> <PB=1000000> 
<DWph=2> <it=  8> <et=2.08> <Mt= 0.00> <Spt= 0.00> <nCl= 11> <al=0.66> <DB= 1912.0392> <Mlp= 1930.2461> <PB=1000000> 
<DWph=2> <it=  9> <et=2.09> <Mt= 0.01> <Spt= 0.01> <nCl=  9> <al=0.70> <DB= 1926.3983> <Mlp= 1930.1541> <PB=1000000> 
<DWph=2> <it= 10> <et=2.10> <Mt= 0.00> <Spt= 0.01> <nCl= 13> <al=0.73> <DB= 1921.0009> <Mlp= 1930.1541> <PB=1000000> 
<DWph=2> <it= 11> <et=2.11> <Mt= 0.00> <Spt= 0.00> <nCl= 11> <al=0.75> <DB= 1926.9756> <Mlp= 1929.9462> <PB=1000000> 
<DWph=2> <it= 12> <et=2.11> <Mt= 0.00> <Spt= 0.01> <nCl= 20> <al=0.65> <DB= 1906.1541> <Mlp= 1929.8067> <PB=1000000> 
<DWph=2> <it= 13> <et=2.12> <Mt= 0.00> <Spt= 0.01> <nCl=  7> <al=0.69> <DB= 1927.7871> <Mlp= 1929.6901> <PB=1000000> 
<DWph=2> <it= 14> <et=2.13> <Mt= 0.00> <Spt= 0.00> <nCl= 17> <al=0.59> <DB= 1828.2582> <Mlp= 1929.6901> <PB=1000000> 
<DWph=2> <it= 15> <et=2.14> <Mt= 0.01> <Spt= 0.01> <nCl= 12> <al=0.63> <DB= 1928.4334> <Mlp= 1929.4686> <PB=1000000> 
<DWph=2> <it= 16> <et=2.14> <Mt= 0.00> <Spt= 0.00> <nCl=  7> <al=0.53> <DB= 1853.2525> <Mlp= 1929.4686> <PB=1000000> 
<DWph=2> <it= 17> <et=2.15> <Mt= 0.00> <Spt= 0.01> <nCl=  2> <al=0.58> <DB= 1923.4994> <Mlp= 1929.4686> <PB=1000000> 
<DWph=2> <it= 18> <et=2.17> <Mt= 0.00> <Spt= 0.01> <nCl= 16> <al=0.00> <DB= 1655.3802> <Mlp= 1929.4686> <PB=1000000> 
<DWph=2> <it= 19> <et=2.18> <Mt= 0.00> <Spt= 0.01> <nCl= 13> <al=0.04> <DB= 1777.3154> <Mlp= 1929.4683> <PB=1000000> 
<DWph=2> <it= 20> <et=2.19> <Mt= 0.00> <Spt= 0.02> <nCl= 20> <al=0.00> <DB= 1809.4630> <Mlp= 1929.4630> <PB=1000000> 
<DWph=2> <it= 21> <et=2.20> <Mt= 0.00> <Spt= 0.00> <nCl=  8> <al=0.32> <DB= 1883.1631> <Mlp= 1929.4630> <PB=1000000> 
<DWph=2> <it= 22> <et=2.21> <Mt= 0.00> <Spt= 0.01> <nCl=  4> <al=0.00> <DB= 1929.4630> <Mlp= 1929.4630> <PB=1000000> 
<DWph=1> <it= 23> <et=2.23> <Mt= 0.00> <Spt= 0.02> <nCl= 14> <al=0.29> <DB= 1766.6852> <Mlp= 1929.4630> <PB=1000000> 
<DWph=1> <it= 24> <et=2.24> <Mt= 0.01> <Spt= 0.01> <nCl= 12> <al=0.19> <DB= 1894.2368> <Mlp= 1929.4231> <PB=1000000> 
<DWph=1> <it= 25> <et=2.26> <Mt= 0.00> <Spt= 0.02> <nCl=  2> <al=0.27> <DB= 1852.5387> <Mlp= 1929.4231> <PB=1000000> 
<DWph=1> <it= 26> <et=2.29> <Mt= 0.00> <Spt= 0.02> <nCl=  8> <al=0.00> <DB= 1908.5889> <Mlp= 1929.4231> <PB=1000000> 
<DWph=1> <it= 27> <et=2.31> <Mt= 0.00> <Spt= 0.02> <nCl=  4> <al=0.24> <DB= 1913.8037> <Mlp= 1929.4191> <PB=1000000> 
<DWph=1> <it= 28> <et=2.32> <Mt= 0.00> <Spt= 0.01> <nCl=  4> <al=0.32> <DB= 1924.4676> <Mlp= 1929.4191> <PB=1000000> 
<DWph=1> <it= 29> <et=2.35> <Mt= 0.00> <Spt= 0.03> <nCl=  6> <al=0.00> <DB= 1929.4191> <Mlp= 1929.4191> <PB=1000000> 
    RCSP exact solver info for graph G_0 : TT = 0.026758, pt = 3.5e-05, dt = 0.025051, ct = 0.00121, ndl = 7852', bdl = 331657', odl = 10063', odf = 86654', bsi = 1662', cnt = 40029', bdch = 3048954', odch = 242204', lcp = 155374', #sols = 150
<DWph=0> <it= 30> <et=2.38> <Mt= 0.00> <Spt= 0.03> <nCl= 91> <al=0.12> <DB= 1768.3112> <Mlp= 1929.4191> <PB=1000000> 
    RCSP exact solver info for graph G_0 : TT = 0.026946, pt = 5.1e-05, dt = 0.025324, ct = 0.001056, ndl = 7921', bdl = 337436', odl = 10091', odf = 87499', bsi = 1639', cnt = 36149', bdch = 3118221', odch = 243207', lcp = 155745', #sols = 150
<DWph=0> <it= 31> <et=2.42> <Mt= 0.01> <Spt= 0.03> <nCl= 60> <al=0.02> <DB= 1871.9787> <Mlp= 1929.2418> <PB=1000000> 
    RCSP exact solver info for graph G_0 : TT = 0.027381, pt = 7.2e-05, dt = 0.025691, ct = 0.001093, ndl = 7741', bdl = 327976', odl = 10205', odf = 87265', bsi = 1612', cnt = 34986', bdch = 3003095', odch = 230977', lcp = 151270', #sols = 150
<DWph=0> <it= 32> <et=2.45> <Mt= 0.00> <Spt= 0.03> <nCl= 22> <al=0.12> <DB= 1924.1948> <Mlp= 1929.2319> <PB=1000000> 
    RCSP exact solver info for graph G_0 : TT = 0.028338, pt = 5.4e-05, dt = 0.025928, ct = 0.001747, ndl = 7752', bdl = 328939', odl = 10294', odf = 87538', bsi = 1502', cnt = 34465', bdch = 3035588', odch = 230031', lcp = 151355', #sols = 150
    RCSP exact solver info for graph G_0 : TT = 0.026329, pt = 5.2e-05, dt = 0.02476, ct = 0.001032, ndl = 7647', bdl = 325457', odl = 10070', odf = 86197', bsi = 1617', cnt = 30164', bdch = 2937874', odch = 224172', lcp = 147795', #sols = 150
<DWph=0> <it= 33> <et=2.51> <Mt= 0.00> <Spt= 0.07> <nCl= 12> <al=0.00> <DB= 1929.2319> <Mlp= 1929.2319> <PB=1000000> 
RCSP solver dynamic params and stats :  bidir.bord. = 375 aver.obdmd = 48.8387 aver.buck.num. = 51
@@ 1 1 1929.23 0.0265784 0.027675 92.5067 2.51
    Full reduced cost fixing is not called (gap ratio is 0.999989)
ColGenEvalAlg final dual bound: 1929.23 (rounded: 1930)
False gap improvement since the last cut separation : 0.0552174 (1918.64)
Current active cuts : CAP(5,376.222)
In total 3 RCC cut(s) are found by the connected components heuristic 
Shrinking heuristic shrunk 27 edges
In total 17 RCC cut(s) are found by the Fractional capacity min-cut heuristic 
In total 62 RCC cut(s) are found by the greedy construction heuristic 
----- Add fac. cuts : CAP(82), max.viol = 0.472955, aver.viol = 0.166864, sep/add took 0.00626067/0.25243 sec. -----
4892 columns (4892 active), 101 dyn. constrs. (87 active), 223 art. vars. (209 active)
<DWph=2> <it=  1> <et=2.81> <Mt= 0.02> <Spt= 0.00> <nCl= 28> <al=0.50> <DB= 1556.3914> <Mlp= 1952.9476> <PB=1000000> 
<DWph=2> <it=  2> <et=2.82> <Mt= 0.01> <Spt= 0.01> <nCl= 16> <al=0.55> <DB= 1884.0972> <Mlp= 1951.7570> <PB=1000000> 
<DWph=2> <it=  3> <et=2.84> <Mt= 0.01> <Spt= 0.01> <nCl= 12> <al=0.60> <DB= 1937.9498> <Mlp= 1950.7576> <PB=1000000> 
<DWph=2> <it=  4> <et=2.85> <Mt= 0.00> <Spt= 0.01> <nCl= 30> <al=0.50> <DB=  409.4904> <Mlp= 1950.7576> <PB=1000000> 
<DWph=2> <it=  5> <et=2.87> <Mt= 0.01> <Spt= 0.01> <nCl= 21> <al=0.55> <DB= 1790.3088> <Mlp= 1946.3340> <PB=1000000> 
<DWph=2> <it=  6> <et=2.89> <Mt= 0.01> <Spt= 0.01> <nCl= 14> <al=0.59> <DB= 1940.1928> <Mlp= 1945.9041> <PB=1000000> 
<DWph=2> <it=  7> <et=2.90> <Mt= 0.00> <Spt= 0.01> <nCl= 24> <al=0.63> <DB= 1938.8345> <Mlp= 1945.8504> <PB=1000000> 
<DWph=2> <it=  8> <et=2.91> <Mt= 0.01> <Spt= 0.00> <nCl= 18> <al=0.67> <DB= 1942.2156> <Mlp= 1945.4569> <PB=1000000> 
<DWph=2> <it=  9> <et=2.93> <Mt= 0.00> <Spt= 0.01> <nCl= 25> <al=0.57> <DB= 1931.2186> <Mlp= 1945.2952> <PB=1000000> 
<DWph=2> <it= 10> <et=2.94> <Mt= 0.01> <Spt= 0.01> <nCl= 22> <al=0.61> <DB= 1906.8363> <Mlp= 1944.6189> <PB=1000000> 
<DWph=2> <it= 11> <et=2.96> <Mt= 0.00> <Spt= 0.01> <nCl=  9> <al=0.65> <DB= 1943.0855> <Mlp= 1944.5616> <PB=1000000> 
<DWph=2> <it= 12> <et=2.97> <Mt= 0.01> <Spt= 0.00> <nCl= 10> <al=0.69> <DB= 1942.8859> <Mlp= 1944.5553> <PB=1000000> 
<DWph=2> <it= 13> <et=2.98> <Mt= 0.00> <Spt= 0.01> <nCl=  6> <al=0.72> <DB= 1942.9503> <Mlp= 1944.5277> <PB=1000000> 
<DWph=2> <it= 14> <et=2.99> <Mt= 0.01> <Spt= 0.01> <nCl=  4> <al=0.75> <DB= 1943.4188> <Mlp= 1944.5277> <PB=1000000> 
<DWph=2> <it= 15> <et=3.00> <Mt= 0.00> <Spt= 0.01> <nCl= 15> <al=0.65> <DB= 1864.4907> <Mlp= 1944.5072> <PB=1000000> 
<DWph=2> <it= 16> <et=3.01> <Mt= 0.00> <Spt= 0.00> <nCl=  5> <al=0.68> <DB= 1943.5547> <Mlp= 1944.5044> <PB=1000000> 
<DWph=2> <it= 17> <et=3.02> <Mt= 0.01> <Spt= 0.01> <nCl= 15> <al=0.71> <DB= 1940.1184> <Mlp= 1944.4896> <PB=1000000> 
<DWph=2> <it= 18> <et=3.03> <Mt= 0.00> <Spt= 0.01> <nCl=  3> <al=0.61> <DB= 1942.4781> <Mlp= 1944.2996> <PB=1000000> 
<DWph=2> <it= 19> <et=3.05> <Mt= 0.00> <Spt= 0.01> <nCl=  2> <al=0.65> <DB= 1943.5147> <Mlp= 1944.2923> <PB=1000000> 
<DWph=2> <it= 20> <et=3.06> <Mt= 0.01> <Spt= 0.01> <nCl=  4> <al=0.37> <DB= 1944.1294> <Mlp= 1944.2923> <PB=1000000> 
<DWph=2> <it= 21> <et=3.07> <Mt= 0.00> <Spt= 0.01> <nCl= 15> <al=0.59> <DB= 1942.2288> <Mlp= 1944.2923> <PB=1000000> 
<DWph=2> <it= 22> <et=3.08> <Mt= 0.00> <Spt= 0.00> <nCl= 10> <al=0.63> <DB= 1939.7819> <Mlp= 1944.2876> <PB=1000000> 
<DWph=2> <it= 23> <et=3.10> <Mt= 0.01> <Spt= 0.01> <nCl=  3> <al=0.66> <DB= 1943.3610> <Mlp= 1944.2875> <PB=1000000> 
<DWph=2> <it= 24> <et=3.11> <Mt= 0.00> <Spt= 0.01> <nCl=  2> <al=0.56> <DB= 1944.0797> <Mlp= 1944.2875> <PB=1000000> 
<DWph=2> <it= 25> <et=3.12> <Mt= 0.00> <Spt= 0.01> <nCl=  8> <al=0.22> <DB= 1943.0550> <Mlp= 1944.2866> <PB=1000000> 
<DWph=2> <it= 26> <et=3.13> <Mt= 0.01> <Spt= 0.01> <nCl=  2> <al=0.51> <DB= 1943.5431> <Mlp= 1944.2865> <PB=1000000> 
<DWph=2> <it= 27> <et=3.15> <Mt= 0.00> <Spt= 0.01> <nCl=  9> <al=0.00> <DB= 1937.6195> <Mlp= 1944.2865> <PB=1000000> 
<DWph=2> <it= 28> <et=3.17> <Mt= 0.00> <Spt= 0.01> <nCl=  4> <al=0.00> <DB= 1944.1232> <Mlp= 1944.2865> <PB=1000000> 
<DWph=2> <it= 29> <et=3.18> <Mt= 0.01> <Spt= 0.01> <nCl=  1> <al=0.00> <DB= 1944.2865> <Mlp= 1944.2865> <PB=1000000> 
<DWph=1> <it= 30> <et=3.20> <Mt= 0.00> <Spt= 0.02> <nCl= 16> <al=0.11> <DB= 1887.9302> <Mlp= 1944.2865> <PB=1000000> 
<DWph=1> <it= 31> <et=3.22> <Mt= 0.00> <Spt= 0.02> <nCl= 21> <al=0.01> <DB= 1904.1111> <Mlp= 1944.2351> <PB=1000000> 
<DWph=1> <it= 32> <et=3.24> <Mt= 0.01> <Spt= 0.01> <nCl= 15> <al=0.11> <DB= 1937.8029> <Mlp= 1944.1216> <PB=1000000> 
<DWph=1> <it= 33> <et=3.26> <Mt= 0.00> <Spt= 0.02> <nCl=  7> <al=0.20> <DB= 1940.2971> <Mlp= 1944.1216> <PB=1000000> 
<DWph=1> <it= 34> <et=3.28> <Mt= 0.01> <Spt= 0.01> <nCl=  7> <al=0.28> <DB= 1942.6342> <Mlp= 1944.1192> <PB=1000000> 
<DWph=1> <it= 35> <et=3.30> <Mt= 0.00> <Spt= 0.02> <nCl= 11> <al=0.35> <DB= 1943.4951> <Mlp= 1944.1190> <PB=1000000> 
<DWph=1> <it= 36> <et=3.33> <Mt= 0.00> <Spt= 0.02> <nCl= 13> <al=0.00> <DB= 1944.1188> <Mlp= 1944.1188> <PB=1000000> 
    RCSP exact solver info for graph G_0 : TT = 0.025291, pt = 4.9e-05, dt = 0.022671, ct = 0.001984, ndl = 6986', bdl = 291160', odl = 9341', odf = 81370', bsi = 1530', cnt = 43222', bdch = 2435935', odch = 203667', lcp = 120575', #sols = 150
<DWph=0> <it= 37> <et=3.37> <Mt= 0.01> <Spt= 0.04> <nCl=108> <al=0.31> <DB= 1939.2513> <Mlp= 1944.1188> <PB=1000000> 
    RCSP exact solver info for graph G_0 : TT = 0.023724, pt = 7.7e-05, dt = 0.021915, ct = 0.001143, ndl = 6895', bdl = 288548', odl = 9558', odf = 81306', bsi = 1417', cnt = 41235', bdch = 2424383', odch = 191734', lcp = 121182', #sols = 150
<DWph=0> <it= 38> <et=3.40> <Mt= 0.00> <Spt= 0.03> <nCl= 50> <al=0.21> <DB= 1942.5231> <Mlp= 1944.1058> <PB=1000000> 
    RCSP exact solver info for graph G_0 : TT = 0.024198, pt = 7.8e-05, dt = 0.022414, ct = 0.001115, ndl = 7021', bdl = 293666', odl = 9491', odf = 82163', bsi = 1441', cnt = 40986', bdch = 2480828', odch = 197691', lcp = 124618', #sols = 150
<DWph=0> <it= 39> <et=3.44> <Mt= 0.00> <Spt= 0.03> <nCl= 16> <al=0.29> <DB= 1942.5509> <Mlp= 1944.1058> <PB=1000000> 
    RCSP exact solver info for graph G_0 : TT = 0.023655, pt = 7.9e-05, dt = 0.021672, ct = 0.001307, ndl = 6940', bdl = 290822', odl = 9480', odf = 81748', bsi = 1439', cnt = 40682', bdch = 2444928', odch = 195063', lcp = 122463', #sols = 150
    RCSP exact solver info for graph G_0 : TT = 0.025057, pt = 6.4e-05, dt = 0.023314, ct = 0.001118, ndl = 7023', bdl = 294033', odl = 9510', odf = 82375', bsi = 1443', cnt = 40728', bdch = 2499678', odch = 199394', lcp = 123271', #sols = 150
<DWph=0> <it= 40> <et=3.50> <Mt= 0.01> <Spt= 0.06> <nCl= 14> <al=0.00> <DB= 1944.1058> <Mlp= 1944.1058> <PB=1000000> 
RCSP solver dynamic params and stats :  bidir.bord. = 375 aver.obdmd = 48.8387 aver.buck.num. = 51
@@ 1 2 1944.11 0.0237306 0.024655 92.5067 3.5
    Full reduced cost fixing is not called (gap ratio is 0.999974)
ColGenEvalAlg final dual bound: 1944.11 (rounded: 1945)
False gap improvement since the last cut separation : 0.0770971 (1929.23)
Current active cuts : CAP(12,1058.27)
In total 3 RCC cut(s) are found by the connected components heuristic 
Shrinking heuristic shrunk 18 edges
In total 7 RCC cut(s) are found by the Fractional capacity min-cut heuristic 
In total 54 RCC cut(s) are found by the greedy construction heuristic 
In total 20 RCC cut(s) are found by the global pool greedy search heuristic 
----- Add fac. cuts : CAP(84), max.viol = 0.293191, aver.viol = 0.130634, sep/add took 0.0086117/0.386188 sec. -----
5507 columns (5507 active), 171 dyn. constrs. (96 active), 307 art. vars. (218 active)
<DWph=2> <it=  1> <et=3.95> <Mt= 0.03> <Spt= 0.01> <nCl= 30> <al=0.50> <DB= 1174.6232> <Mlp= 1954.0267> <PB=1000000> 
<DWph=2> <it=  2> <et=3.97> <Mt= 0.01> <Spt= 0.01> <nCl= 26> <al=0.55> <DB= 1914.5821> <Mlp= 1952.0266> <PB=1000000> 
<DWph=2> <it=  3> <et=3.99> <Mt= 0.01> <Spt= 0.01> <nCl=  4> <al=0.60> <DB= 1947.0004> <Mlp= 1951.2531> <PB=1000000> 
<DWph=2> <it=  4> <et=4.00> <Mt= 0.00> <Spt= 0.01> <nCl= 20> <al=0.64> <DB= 1920.4587> <Mlp= 1951.2433> <PB=1000000> 
<DWph=2> <it=  5> <et=4.02> <Mt= 0.01> <Spt= 0.00> <nCl= 13> <al=0.67> <DB= 1947.1713> <Mlp= 1950.8530> <PB=1000000> 
<DWph=2> <it=  6> <et=4.03> <Mt= 0.00> <Spt= 0.01> <nCl= 13> <al=0.70> <DB= 1899.6900> <Mlp= 1950.7362> <PB=1000000> 
<DWph=2> <it=  7> <et=4.05> <Mt= 0.01> <Spt= 0.01> <nCl= 19> <al=0.73> <DB= 1922.0281> <Mlp= 1950.4200> <PB=1000000> 
<DWph=2> <it=  8> <et=4.07> <Mt= 0.01> <Spt= 0.01> <nCl= 13> <al=0.76> <DB= 1948.5983> <Mlp= 1950.1944> <PB=1000000> 
<DWph=2> <it=  9> <et=4.09> <Mt= 0.01> <Spt= 0.01> <nCl= 17> <al=0.66> <DB= 1945.9899> <Mlp= 1950.1841> <PB=1000000> 
<DWph=2> <it= 10> <et=4.10> <Mt= 0.00> <Spt= 0.01> <nCl=  7> <al=0.69> <DB= 1947.1282> <Mlp= 1950.1828> <PB=1000000> 
<DWph=2> <it= 11> <et=4.12> <Mt= 0.00> <Spt= 0.02> <nCl= 27> <al=0.45> <DB= 1943.5927> <Mlp= 1950.1828> <PB=1000000> 
<DWph=2> <it= 12> <et=4.14> <Mt= 0.01> <Spt= 0.01> <nCl= 17> <al=0.63> <DB= 1947.9597> <Mlp= 1949.9337> <PB=1000000> 
<DWph=2> <it= 13> <et=4.15> <Mt= 0.01> <Spt= 0.00> <nCl=  5> <al=0.66> <DB= 1949.4020> <Mlp= 1949.8792> <PB=1000000> 
<DWph=2> <it= 14> <et=4.16> <Mt= 0.00> <Spt= 0.01> <nCl=  7> <al=0.70> <DB= 1949.6553> <Mlp= 1949.8396> <PB=1000000> 
<DWph=2> <it= 15> <et=4.18> <Mt= 0.01> <Spt= 0.01> <nCl= 24> <al=0.60> <DB= 1945.0520> <Mlp= 1949.8306> <PB=1000000> 
<DWph=2> <it= 16> <et=4.19> <Mt= 0.00> <Spt= 0.01> <nCl= 16> <al=0.64> <DB= 1947.5305> <Mlp= 1949.8298> <PB=1000000> 
<DWph=2> <it= 17> <et=4.21> <Mt= 0.01> <Spt= 0.01> <nCl=  9> <al=0.67> <DB= 1949.2479> <Mlp= 1949.8181> <PB=1000000> 
<DWph=2> <it= 18> <et=4.22> <Mt= 0.00> <Spt= 0.01> <nCl=  6> <al=0.71> <DB= 1948.3356> <Mlp= 1949.7931> <PB=1000000> 
<DWph=2> <it= 19> <et=4.23> <Mt= 0.00> <Spt= 0.01> <nCl=  9> <al=0.74> <DB= 1949.5909> <Mlp= 1949.7890> <PB=1000000> 
<DWph=2> <it= 20> <et=4.25> <Mt= 0.01> <Spt= 0.01> <nCl= 25> <al=0.27> <DB= 1942.9391> <Mlp= 1949.7890> <PB=1000000> 
<DWph=2> <it= 21> <et=4.27> <Mt= 0.00> <Spt= 0.01> <nCl=  8> <al=0.54> <DB= 1948.6852> <Mlp= 1949.7132> <PB=1000000> 
<DWph=2> <it= 22> <et=4.28> <Mt= 0.01> <Spt= 0.01> <nCl=  4> <al=0.58> <DB= 1945.8738> <Mlp= 1949.7132> <PB=1000000> 
<DWph=2> <it= 23> <et=4.31> <Mt= 0.00> <Spt= 0.03> <nCl= 28> <al=0.00> <DB= 1943.6159> <Mlp= 1949.6894> <PB=1000000> 
<DWph=2> <it= 24> <et=4.33> <Mt= 0.01> <Spt= 0.02> <nCl= 14> <al=0.00> <DB= 1949.6894> <Mlp= 1949.6894> <PB=1000000> 
<DWph=1> <it= 25> <et=4.35> <Mt= 0.00> <Spt= 0.01> <nCl= 25> <al=0.42> <DB= 1930.7098> <Mlp= 1949.6894> <PB=1000000> 
<DWph=1> <it= 26> <et=4.38> <Mt= 0.00> <Spt= 0.02> <nCl= 19> <al=0.32> <DB= 1941.0230> <Mlp= 1949.6266> <PB=1000000> 
<DWph=1> <it= 27> <et=4.40> <Mt= 0.01> <Spt= 0.02> <nCl= 15> <al=0.39> <DB= 1945.6702> <Mlp= 1949.6183> <PB=1000000> 
<DWph=1> <it= 28> <et=4.42> <Mt= 0.00> <Spt= 0.01> <nCl=  8> <al=0.45> <DB= 1947.4040> <Mlp= 1949.6183> <PB=1000000> 
<DWph=1> <it= 29> <et=4.44> <Mt= 0.01> <Spt= 0.02> <nCl=  5> <al=0.51> <DB= 1948.4926> <Mlp= 1949.6115> <PB=1000000> 
<DWph=1> <it= 30> <et=4.46> <Mt= 0.00> <Spt= 0.01> <nCl=  1> <al=0.41> <DB= 1948.8475> <Mlp= 1949.6115> <PB=1000000> 
<DWph=1> <it= 31> <et=4.49> <Mt= 0.00> <Spt= 0.04> <nCl=  6> <al=0.00> <DB= 1949.4871> <Mlp= 1949.6075> <PB=1000000> 
<DWph=1> <it= 32> <et=4.52> <Mt= 0.01> <Spt= 0.02> <nCl=  1> <al=0.00> <DB= 1949.6075> <Mlp= 1949.6075> <PB=1000000> 
    RCSP exact solver info for graph G_0 : TT = 0.021145, pt = 4.7e-05, dt = 0.0196, ct = 0.00095, ndl = 6086', bdl = 254175', odl = 9434', odf = 81010', bsi = 1236', cnt = 37603', bdch = 1980084', odch = 182252', lcp = 103692', #sols = 150
<DWph=0> <it= 33> <et=4.56> <Mt= 0.00> <Spt= 0.04> <nCl= 84> <al=0.27> <DB= 1945.0329> <Mlp= 1949.6075> <PB=1000000> 
    RCSP exact solver info for graph G_0 : TT = 0.020227, pt = 0.000122, dt = 0.018542, ct = 0.000935, ndl = 5758', bdl = 240755', odl = 9402', odf = 81395', bsi = 1245', cnt = 31534', bdch = 1804832', odch = 172315', lcp = 95950', #sols = 150
<DWph=0> <it= 34> <et=4.60> <Mt= 0.01> <Spt= 0.03> <nCl= 57> <al=0.17> <DB= 1946.5507> <Mlp= 1949.5109> <PB=1000000> 
    RCSP exact solver info for graph G_0 : TT = 0.020066, pt = 8e-05, dt = 0.018497, ct = 0.000898, ndl = 5819', bdl = 243786', odl = 9147', odf = 78055', bsi = 1258', cnt = 32176', bdch = 1795393', odch = 172037', lcp = 94342', #sols = 150
<DWph=0> <it= 35> <et=4.63> <Mt= 0.00> <Spt= 0.03> <nCl= 34> <al=0.25> <DB= 1947.9759> <Mlp= 1949.5097> <PB=1000000> 
    RCSP exact solver info for graph G_0 : TT = 0.021184, pt = 0.0001, dt = 0.019511, ct = 0.000956, ndl = 5821', bdl = 243142', odl = 9214', odf = 80994', bsi = 1202', cnt = 34782', bdch = 1795143', odch = 176715', lcp = 93714', #sols = 150
<DWph=0> <it= 36> <et=4.66> <Mt= 0.01> <Spt= 0.02> <nCl= 10> <al=0.32> <DB= 1948.9167> <Mlp= 1949.5064> <PB=1000000> 
    RCSP exact solver info for graph G_0 : TT = 0.021081, pt = 0.000103, dt = 0.019372, ct = 0.000957, ndl = 5888', bdl = 246216', odl = 9247', odf = 79664', bsi = 1200', cnt = 34333', bdch = 1838281', odch = 177406', lcp = 95324', #sols = 150
<DWph=0> <it= 37> <et=4.69> <Mt= 0.00> <Spt= 0.03> <nCl=  9> <al=0.39> <DB= 1949.2720> <Mlp= 1949.5012> <PB=1000000> 
    RCSP exact solver info for graph G_0 : TT = 0.021194, pt = 9.1e-05, dt = 0.019455, ct = 0.001023, ndl = 5954', bdl = 249669', odl = 9168', odf = 79146', bsi = 1246', cnt = 38936', bdch = 1870498', odch = 182066', lcp = 98098', #sols = 150
    RCSP exact solver info for graph G_0 : TT = 0.019412, pt = 5.6e-05, dt = 0.017792, ct = 0.000972, ndl = 5658', bdl = 236181', odl = 9221', odf = 78863', bsi = 1192', cnt = 30132', bdch = 1738823', odch = 168880', lcp = 92854', #sols = 150
<DWph=0> <it= 38> <et=4.75> <Mt= 0.00> <Spt= 0.05> <nCl= 12> <al=0.00> <DB= 1949.5012> <Mlp= 1949.5012> <PB=1000000> 
RCSP solver dynamic params and stats :  bidir.bord. = 375 aver.obdmd = 48.8387 aver.buck.num. = 51
@@ 1 3 1949.5 0.0199229 0.02055 92.5067 4.75
    Full reduced cost fixing is not called (gap ratio is 0.999969)
ColGenEvalAlg final dual bound: 1949.5 (rounded: 1950)
False gap improvement since the last cut separation : 0.0277528 (1944.11)
Current active cuts : CAP(20,1265.43)
In total 4 RCC cut(s) are found by the connected components heuristic 
Shrinking heuristic shrunk 20 edges
In total 2 RCC cut(s) are found by the Fractional capacity min-cut heuristic 
In total 22 RCC cut(s) are found by the greedy construction heuristic 
In total 24 RCC cut(s) are found by the global pool greedy search heuristic 
----- Add fac. cuts : CAP(52), max.viol = 0.192774, aver.viol = 0.0612171, sep/add took 0.00822281/0.200271 sec. -----
6154 columns (6154 active), 148 dyn. constrs. (72 active), 359 art. vars. (194 active)
<DWph=2> <it=  1> <et=5.08> <Mt= 0.04> <Spt= 0.01> <nCl= 29> <al=0.50> <DB=  732.4479> <Mlp= 1953.5178> <PB=1000000> 
<DWph=2> <it=  2> <et=5.10> <Mt= 0.01> <Spt= 0.01> <nCl= 19> <al=0.55> <DB= 1943.6528> <Mlp= 1951.9704> <PB=1000000> 
<DWph=2> <it=  3> <et=5.12> <Mt= 0.01> <Spt= 0.01> <nCl= 12> <al=0.60> <DB= 1948.6980> <Mlp= 1951.9696> <PB=1000000> 
<DWph=2> <it=  4> <et=5.15> <Mt= 0.00> <Spt= 0.02> <nCl= 34> <al=0.27> <DB= 1765.5682> <Mlp= 1951.8920> <PB=1000000> 
<DWph=2> <it=  5> <et=5.16> <Mt= 0.01> <Spt= 0.01> <nCl= 15> <al=0.54> <DB= 1951.0784> <Mlp= 1951.8920> <PB=1000000> 
<DWph=2> <it=  6> <et=5.18> <Mt= 0.01> <Spt= 0.01> <nCl= 22> <al=0.58> <DB= 1942.8657> <Mlp= 1951.8444> <PB=1000000> 
<DWph=2> <it=  7> <et=5.19> <Mt= 0.00> <Spt= 0.01> <nCl= 20> <al=0.62> <DB= 1949.1521> <Mlp= 1951.8097> <PB=1000000> 
<DWph=2> <it=  8> <et=5.21> <Mt= 0.01> <Spt= 0.01> <nCl=  9> <al=0.66> <DB= 1950.3710> <Mlp= 1951.8008> <PB=1000000> 
<DWph=2> <it=  9> <et=5.22> <Mt= 0.00> <Spt= 0.01> <nCl=  6> <al=0.70> <DB= 1951.2986> <Mlp= 1951.8008> <PB=1000000> 
<DWph=2> <it= 10> <et=5.24> <Mt= 0.01> <Spt= 0.01> <nCl= 14> <al=0.60> <DB= 1949.3481> <Mlp= 1951.7646> <PB=1000000> 
<DWph=2> <it= 11> <et=5.25> <Mt= 0.00> <Spt= 0.01> <nCl= 11> <al=0.64> <DB= 1951.0308> <Mlp= 1951.7112> <PB=1000000> 
<DWph=2> <it= 12> <et=5.26> <Mt= 0.01> <Spt= 0.00> <nCl=  4> <al=0.67> <DB= 1951.1856> <Mlp= 1951.7058> <PB=1000000> 
<DWph=2> <it= 13> <et=5.28> <Mt= 0.00> <Spt= 0.02> <nCl= 12> <al=0.41> <DB= 1951.0684> <Mlp= 1951.7023> <PB=1000000> 
<DWph=2> <it= 14> <et=5.31> <Mt= 0.01> <Spt= 0.02> <nCl= 27> <al=0.21> <DB= 1935.1603> <Mlp= 1951.6689> <PB=1000000> 
<DWph=2> <it= 15> <et=5.32> <Mt= 0.00> <Spt= 0.01> <nCl=  8> <al=0.50> <DB= 1950.6871> <Mlp= 1951.6283> <PB=1000000> 
<DWph=2> <it= 16> <et=5.35> <Mt= 0.01> <Spt= 0.02> <nCl= 18> <al=0.11> <DB= 1950.7808> <Mlp= 1951.6283> <PB=1000000> 
<DWph=2> <it= 17> <et=5.36> <Mt= 0.00> <Spt= 0.01> <nCl=  9> <al=0.45> <DB= 1951.2404> <Mlp= 1951.6275> <PB=1000000> 
<DWph=2> <it= 18> <et=5.38> <Mt= 0.00> <Spt= 0.01> <nCl= 30> <al=0.02> <DB= 1947.2514> <Mlp= 1951.6275> <PB=1000000> 
<DWph=2> <it= 19> <et=5.40> <Mt= 0.01> <Spt= 0.01> <nCl= 13> <al=0.41> <DB= 1950.5136> <Mlp= 1951.6275> <PB=1000000> 
<DWph=2> <it= 20> <et=5.42> <Mt= 0.00> <Spt= 0.02> <nCl= 21> <al=0.00> <DB= 1948.0651> <Mlp= 1951.6275> <PB=1000000> 
<DWph=2> <it= 21> <et=5.43> <Mt= 0.00> <Spt= 0.01> <nCl=  5> <al=0.37> <DB= 1951.3525> <Mlp= 1951.6275> <PB=1000000> 
<DWph=2> <it= 22> <et=5.44> <Mt= 0.01> <Spt= 0.01> <nCl=  2> <al=0.43> <DB= 1951.5549> <Mlp= 1951.6268> <PB=1000000> 
<DWph=2> <it= 23> <et=5.46> <Mt= 0.00> <Spt= 0.02> <nCl= 12> <al=0.00> <DB= 1950.0976> <Mlp= 1951.6268> <PB=1000000> 
<DWph=2> <it= 24> <et=5.48> <Mt= 0.00> <Spt= 0.01> <nCl=  8> <al=0.39> <DB= 1951.4070> <Mlp= 1951.6262> <PB=1000000> 
<DWph=2> <it= 25> <et=5.49> <Mt= 0.01> <Spt= 0.00> <nCl=  1> <al=0.45> <DB= 1951.5121> <Mlp= 1951.6261> <PB=1000000> 
<DWph=2> <it= 26> <et=5.52> <Mt= 0.00> <Spt= 0.03> <nCl= 11> <al=0.00> <DB= 1948.5586> <Mlp= 1951.6261> <PB=1000000> 
<DWph=2> <it= 27> <et=5.54> <Mt= 0.00> <Spt= 0.01> <nCl=  1> <al=0.00> <DB= 1951.6261> <Mlp= 1951.6261> <PB=1000000> 
<DWph=1> <it= 28> <et=5.55> <Mt= 0.01> <Spt= 0.02> <nCl= 26> <al=0.30> <DB= 1947.0275> <Mlp= 1951.6261> <PB=1000000> 
<DWph=1> <it= 29> <et=5.58> <Mt= 0.00> <Spt= 0.02> <nCl= 14> <al=0.37> <DB= 1948.4689> <Mlp= 1951.5164> <PB=1000000> 
<DWph=1> <it= 30> <et=5.60> <Mt= 0.01> <Spt= 0.02> <nCl= 10> <al=0.44> <DB= 1949.6999> <Mlp= 1951.5135> <PB=1000000> 
<DWph=1> <it= 31> <et=5.62> <Mt= 0.00> <Spt= 0.01> <nCl= 14> <al=0.49> <DB= 1938.2804> <Mlp= 1951.5135> <PB=1000000> 
<DWph=1> <it= 32> <et=5.64> <Mt= 0.01> <Spt= 0.02> <nCl= 11> <al=0.54> <DB= 1948.8908> <Mlp= 1951.5135> <PB=1000000> 
<DWph=1> <it= 33> <et=5.66> <Mt= 0.00> <Spt= 0.01> <nCl=  3> <al=0.59> <DB= 1950.0129> <Mlp= 1951.5135> <PB=1000000> 
<DWph=1> <it= 34> <et=5.68> <Mt= 0.00> <Spt= 0.02> <nCl=  6> <al=0.63> <DB= 1950.1181> <Mlp= 1951.5135> <PB=1000000> 
<DWph=1> <it= 35> <et=5.70> <Mt= 0.01> <Spt= 0.01> <nCl=  2> <al=0.53> <DB= 1950.0752> <Mlp= 1951.5134> <PB=1000000> 
<DWph=1> <it= 36> <et=5.72> <Mt= 0.00> <Spt= 0.02> <nCl=  5> <al=0.43> <DB= 1948.9881> <Mlp= 1951.5118> <PB=1000000> 
<DWph=1> <it= 37> <et=5.74> <Mt= 0.01> <Spt= 0.01> <nCl=  4> <al=0.33> <DB= 1950.7632> <Mlp= 1951.5101> <PB=1000000> 
<DWph=1> <it= 38> <et=5.76> <Mt= 0.00> <Spt= 0.02> <nCl=  4> <al=0.23> <DB= 1950.8534> <Mlp= 1951.5101> <PB=1000000> 
<DWph=1> <it= 39> <et=5.78> <Mt= 0.00> <Spt= 0.01> <nCl=  1> <al=0.31> <DB= 1951.3083> <Mlp= 1951.5101> <PB=1000000> 
<DWph=1> <it= 40> <et=5.80> <Mt= 0.01> <Spt= 0.02> <nCl=  6> <al=0.21> <DB= 1950.9508> <Mlp= 1951.5095> <PB=1000000> 
<DWph=1> <it= 41> <et=5.81> <Mt= 0.00> <Spt= 0.01> <nCl=  4> <al=0.29> <DB= 1950.9027> <Mlp= 1951.5095> <PB=1000000> 
<DWph=1> <it= 42> <et=5.85> <Mt= 0.00> <Spt= 0.03> <nCl=  2> <al=0.00> <DB= 1951.5095> <Mlp= 1951.5095> <PB=1000000> 
    RCSP exact solver info for graph G_0 : TT = 0.018988, pt = 4e-05, dt = 0.017533, ct = 0.00084, ndl = 5613', bdl = 240756', odl = 9581', odf = 77433', bsi = 1199', cnt = 19015', bdch = 1793779', odch = 160623', lcp = 94330', #sols = 150
<DWph=0> <it= 43> <et=5.88> <Mt= 0.01> <Spt= 0.03> <nCl= 80> <al=0.26> <DB= 1924.1791> <Mlp= 1951.5095> <PB=1000000> 
    RCSP exact solver info for graph G_0 : TT = 0.020651, pt = 8.1e-05, dt = 0.019102, ct = 0.000879, ndl = 5979', bdl = 253602', odl = 9556', odf = 80342', bsi = 1144', cnt = 21575', bdch = 1973256', odch = 167139', lcp = 98144', #sols = 150
<DWph=0> <it= 44> <et=5.92> <Mt= 0.00> <Spt= 0.03> <nCl=125> <al=0.16> <DB= 1946.7050> <Mlp= 1951.4965> <PB=1000000> 
    RCSP exact solver info for graph G_0 : TT = 0.019991, pt = 7.1e-05, dt = 0.018612, ct = 0.000755, ndl = 5605', bdl = 238320', odl = 9239', odf = 78506', bsi = 1139', cnt = 19587', bdch = 1757200', odch = 153514', lcp = 89545', #sols = 150
<DWph=0> <it= 45> <et=5.95> <Mt= 0.01> <Spt= 0.03> <nCl=  9> <al=0.24> <DB= 1950.3286> <Mlp= 1951.4862> <PB=1000000> 
    RCSP exact solver info for graph G_0 : TT = 0.019348, pt = 6e-05, dt = 0.017752, ct = 0.000916, ndl = 5619', bdl = 239306', odl = 9294', odf = 77331', bsi = 1136', cnt = 19126', bdch = 1775352', odch = 152740', lcp = 91304', #sols = 150
<DWph=0> <it= 46> <et=5.97> <Mt= 0.00> <Spt= 0.02> <nCl= 23> <al=0.14> <DB= 1951.1367> <Mlp= 1951.4862> <PB=1000000> 
    RCSP exact solver info for graph G_0 : TT = 0.021452, pt = 7.3e-05, dt = 0.019798, ct = 0.000926, ndl = 5572', bdl = 237350', odl = 9229', odf = 76889', bsi = 1135', cnt = 19150', bdch = 1741449', odch = 151409', lcp = 89627', #sols = 150
    RCSP exact solver info for graph G_0 : TT = 0.018662, pt = 6.4e-05, dt = 0.017256, ct = 0.000725, ndl = 5323', bdl = 228444', odl = 9294', odf = 74909', bsi = 1177', cnt = 17584', bdch = 1636472', odch = 143184', lcp = 88391', #sols = 150
<DWph=0> <it= 47> <et=6.03> <Mt= 0.00> <Spt= 0.06> <nCl= 20> <al=0.00> <DB= 1951.4862> <Mlp= 1951.4862> <PB=1000000> 
RCSP solver dynamic params and stats :  bidir.bord. = 375 aver.obdmd = 48.8387 aver.buck.num. = 51
@@ 1 4 1951.49 0.0191823 0.020724 92.5067 6.03
    Full reduced cost fixing is not called (gap ratio is 0.999967)
ColGenEvalAlg final dual bound: 1951.49 (rounded: 1952)
False gap improvement since the last cut separation : 0.0101821 (1949.5)
Cut generation tailing off counter increased to 1
Current active cuts : CAP(22,1506.18)
In total 2 RCC cut(s) are found by the connected components heuristic 
Shrinking heuristic shrunk 21 edges
In total 3 RCC cut(s) are found by the Fractional capacity min-cut heuristic 
In total 44 RCC cut(s) are found by the greedy construction heuristic 
In total 20 RCC cut(s) are found by the global pool greedy search heuristic 
----- Add fac. cuts : CAP(69), max.viol = 0.168943, aver.viol = 0.0383218, sep/add took 0.00796363/0.317213 sec. -----
6896 columns (6896 active), 141 dyn. constrs. (91 active), 428 art. vars. (213 active)
<DWph=2> <it=  1> <et=6.49> <Mt= 0.04> <Spt= 0.01> <nCl= 14> <al=0.50> <DB= 1948.4254> <Mlp= 1952.2605> <PB=1000000> 
<DWph=2> <it=  2> <et=6.51> <Mt= 0.00> <Spt= 0.01> <nCl= 15> <al=0.55> <DB= 1950.1894> <Mlp= 1952.2129> <PB=1000000> 
<DWph=2> <it=  3> <et=6.52> <Mt= 0.01> <Spt= 0.01> <nCl=  4> <al=0.60> <DB= 1951.3316> <Mlp= 1952.2059> <PB=1000000> 
<DWph=2> <it=  4> <et=6.54> <Mt= 0.01> <Spt= 0.01> <nCl= 12> <al=0.27> <DB= 1949.4658> <Mlp= 1952.2039> <PB=1000000> 
<DWph=2> <it=  5> <et=6.56> <Mt= 0.00> <Spt= 0.01> <nCl=  7> <al=0.54> <DB= 1950.8004> <Mlp= 1952.1824> <PB=1000000> 
<DWph=2> <it=  6> <et=6.58> <Mt= 0.01> <Spt= 0.02> <nCl= 17> <al=0.16> <DB= 1951.8182> <Mlp= 1952.1813> <PB=1000000> 
<DWph=2> <it=  7> <et=6.61> <Mt= 0.00> <Spt= 0.02> <nCl= 18> <al=0.00> <DB= 1950.1919> <Mlp= 1952.1800> <PB=1000000> 
<DWph=2> <it=  8> <et=6.63> <Mt= 0.01> <Spt= 0.01> <nCl= 15> <al=0.00> <DB= 1951.8881> <Mlp= 1952.1763> <PB=1000000> 
<DWph=2> <it=  9> <et=6.64> <Mt= 0.00> <Spt= 0.01> <nCl=  3> <al=0.28> <DB= 1952.0474> <Mlp= 1952.1760> <PB=1000000> 
<DWph=2> <it= 10> <et=6.66> <Mt= 0.01> <Spt= 0.02> <nCl= 21> <al=0.00> <DB= 1952.1760> <Mlp= 1952.1760> <PB=1000000> 
<DWph=1> <it= 11> <et=6.68> <Mt= 0.00> <Spt= 0.01> <nCl= 14> <al=0.25> <DB= 1950.1818> <Mlp= 1952.1760> <PB=1000000> 
<DWph=1> <it= 12> <et=6.70> <Mt= 0.01> <Spt= 0.02> <nCl= 13> <al=0.15> <DB= 1951.8647> <Mlp= 1952.1705> <PB=1000000> 
<DWph=1> <it= 13> <et=6.72> <Mt= 0.00> <Spt= 0.01> <nCl=  5> <al=0.05> <DB= 1951.9959> <Mlp= 1952.1705> <PB=1000000> 
<DWph=1> <it= 14> <et=6.75> <Mt= 0.00> <Spt= 0.03> <nCl=  4> <al=0.00> <DB= 1952.1705> <Mlp= 1952.1705> <PB=1000000> 
    RCSP exact solver info for graph G_0 : TT = 0.017155, pt = 5.4e-05, dt = 0.015625, ct = 0.000681, ndl = 4836', bdl = 207262', odl = 9294', odf = 75157', bsi = 1147', cnt = 14912', bdch = 1394156', odch = 137297', lcp = 83135', #sols = 150
<DWph=0> <it= 15> <et=6.78> <Mt= 0.01> <Spt= 0.03> <nCl= 43> <al=0.05> <DB= 1949.4390> <Mlp= 1952.1705> <PB=1000000> 
    RCSP exact solver info for graph G_0 : TT = 0.016836, pt = 7.6e-05, dt = 0.015188, ct = 0.000691, ndl = 4940', bdl = 212564', odl = 9350', odf = 76357', bsi = 1187', cnt = 15548', bdch = 1458177', odch = 140230', lcp = 86432', #sols = 150
<DWph=0> <it= 16> <et=6.81> <Mt= 0.00> <Spt= 0.02> <nCl= 17> <al=0.14> <DB= 1951.7769> <Mlp= 1952.1688> <PB=1000000> 
    RCSP exact solver info for graph G_0 : TT = 0.017995, pt = 7.8e-05, dt = 0.016506, ct = 0.000681, ndl = 5081', bdl = 217861', odl = 9392', odf = 77112', bsi = 1185', cnt = 15672', bdch = 1515406', odch = 146352', lcp = 88573', #sols = 150
    RCSP exact solver info for graph G_0 : TT = 0.017223, pt = 8.2e-05, dt = 0.015673, ct = 0.000666, ndl = 4918', bdl = 209910', odl = 9390', odf = 76871', bsi = 1161', cnt = 15219', bdch = 1438998', odch = 138766', lcp = 84580', #sols = 150
<DWph=0> <it= 17> <et=6.87> <Mt= 0.01> <Spt= 0.05> <nCl= 37> <al=0.00> <DB= 1952.1688> <Mlp= 1952.1688> <PB=1000000> 
RCSP solver dynamic params and stats :  bidir.bord. = 375 aver.obdmd = 48.8387 aver.buck.num. = 51
@@ 1 5 1952.17 0.0164277 0.017187 92.5067 6.87
    Full reduced cost fixing is not called (gap ratio is 0.999966)
ColGenEvalAlg final dual bound: 1952.17 (rounded: 1953)
False gap improvement since the last cut separation : 0.00349762 (1951.49)
Cut generation tailing off counter increased to 2
Current active cuts : CAP(1+26,1537)
Shrinking heuristic shrunk 19 edges
In total 4 RCC cut(s) are found by the Fractional capacity min-cut heuristic 
In total 9 RCC cut(s) are found by the greedy construction heuristic 
In total 44 RCC cut(s) are found by the global pool greedy search heuristic 
----- Add fac. cuts : CAP(57), max.viol = 0.116463, aver.viol = 0.0469757, sep/add took 0.0112738/0.27525 sec. -----
7155 columns (7155 active), 148 dyn. constrs. (86 active), 485 art. vars. (208 active)
<DWph=2> <it=  1> <et=7.29> <Mt= 0.05> <Spt= 0.01> <nCl= 20> <al=0.50> <DB= 1869.6963> <Mlp= 1953.2241> <PB=1000000> 
<DWph=2> <it=  2> <et=7.31> <Mt= 0.01> <Spt= 0.01> <nCl= 17> <al=0.55> <DB= 1950.0484> <Mlp= 1952.9830> <PB=1000000> 
<DWph=2> <it=  3> <et=7.33> <Mt= 0.01> <Spt= 0.01> <nCl= 13> <al=0.60> <DB= 1952.4832> <Mlp= 1952.9452> <PB=1000000> 
<DWph=2> <it=  4> <et=7.34> <Mt= 0.00> <Spt= 0.01> <nCl= 24> <al=0.64> <DB= 1948.3365> <Mlp= 1952.9452> <PB=1000000> 
<DWph=2> <it=  5> <et=7.36> <Mt= 0.01> <Spt= 0.01> <nCl= 14> <al=0.67> <DB= 1951.3245> <Mlp= 1952.9443> <PB=1000000> 
<DWph=2> <it=  6> <et=7.39> <Mt= 0.01> <Spt= 0.02> <nCl= 24> <al=0.41> <DB= 1951.7768> <Mlp= 1952.9366> <PB=1000000> 
<DWph=2> <it=  7> <et=7.40> <Mt= 0.00> <Spt= 0.01> <nCl= 15> <al=0.60> <DB= 1952.6166> <Mlp= 1952.9292> <PB=1000000> 
<DWph=2> <it=  8> <et=7.42> <Mt= 0.01> <Spt= 0.01> <nCl= 10> <al=0.64> <DB= 1952.7263> <Mlp= 1952.9242> <PB=1000000> 
<DWph=2> <it=  9> <et=7.44> <Mt= 0.01> <Spt= 0.01> <nCl= 17> <al=0.68> <DB= 1950.7040> <Mlp= 1952.9242> <PB=1000000> 
<DWph=2> <it= 10> <et=7.46> <Mt= 0.00> <Spt= 0.02> <nCl= 18> <al=0.42> <DB= 1951.9057> <Mlp= 1952.9242> <PB=1000000> 
<DWph=2> <it= 11> <et=7.47> <Mt= 0.00> <Spt= 0.00> <nCl=  8> <al=0.61> <DB= 1951.8400> <Mlp= 1952.9242> <PB=1000000> 
<DWph=2> <it= 12> <et=7.49> <Mt= 0.01> <Spt= 0.01> <nCl=  5> <al=0.51> <DB= 1952.8217> <Mlp= 1952.9217> <PB=1000000> 
<DWph=2> <it= 13> <et=7.50> <Mt= 0.01> <Spt= 0.02> <nCl= 19> <al=0.41> <DB= 1951.5366> <Mlp= 1952.9213> <PB=1000000> 
<DWph=2> <it= 14> <et=7.52> <Mt= 0.00> <Spt= 0.00> <nCl=  6> <al=0.47> <DB= 1952.0761> <Mlp= 1952.9213> <PB=1000000> 
<DWph=2> <it= 15> <et=7.54> <Mt= 0.01> <Spt= 0.02> <nCl= 20> <al=0.05> <DB= 1950.5074> <Mlp= 1952.9213> <PB=1000000> 
<DWph=2> <it= 16> <et=7.55> <Mt= 0.00> <Spt= 0.01> <nCl= 10> <al=0.42> <DB= 1952.5309> <Mlp= 1952.9213> <PB=1000000> 
<DWph=2> <it= 17> <et=7.56> <Mt= 0.00> <Spt= 0.01> <nCl=  2> <al=0.48> <DB= 1952.6305> <Mlp= 1952.9212> <PB=1000000> 
<DWph=2> <it= 18> <et=7.58> <Mt= 0.01> <Spt= 0.01> <nCl= 10> <al=0.07> <DB= 1950.7932> <Mlp= 1952.9212> <PB=1000000> 
<DWph=2> <it= 19> <et=7.60> <Mt= 0.00> <Spt= 0.01> <nCl=  1> <al=0.43> <DB= 1952.0464> <Mlp= 1952.9212> <PB=1000000> 
<DWph=2> <it= 20> <et=7.61> <Mt= 0.01> <Spt= 0.01> <nCl=  1> <al=0.49> <DB= 1952.7991> <Mlp= 1952.9212> <PB=1000000> 
<DWph=2> <it= 21> <et=7.64> <Mt= 0.00> <Spt= 0.02> <nCl= 14> <al=0.08> <DB= 1951.5766> <Mlp= 1952.9188> <PB=1000000> 
<DWph=2> <it= 22> <et=7.65> <Mt= 0.01> <Spt= 0.01> <nCl=  7> <al=0.44> <DB= 1949.2489> <Mlp= 1952.9188> <PB=1000000> 
<DWph=2> <it= 23> <et=7.66> <Mt= 0.00> <Spt= 0.01> <nCl=  7> <al=0.34> <DB= 1952.5824> <Mlp= 1952.9188> <PB=1000000> 
<DWph=2> <it= 24> <et=7.68> <Mt= 0.01> <Spt= 0.01> <nCl= 19> <al=0.00> <DB= 1950.9446> <Mlp= 1952.9188> <PB=1000000> 
<DWph=2> <it= 25> <et=7.70> <Mt= 0.00> <Spt= 0.02> <nCl=  8> <al=0.00> <DB= 1949.6031> <Mlp= 1952.9188> <PB=1000000> 
<DWph=2> <it= 26> <et=7.72> <Mt= 0.00> <Spt= 0.01> <nCl=  9> <al=0.00> <DB= 1951.8036> <Mlp= 1952.9188> <PB=1000000> 
<DWph=2> <it= 27> <et=7.74> <Mt= 0.01> <Spt= 0.02> <nCl=  2> <al=0.00> <DB= 1952.9188> <Mlp= 1952.9188> <PB=1000000> 
<DWph=1> <it= 28> <et=7.76> <Mt= 0.00> <Spt= 0.01> <nCl= 14> <al=0.01> <DB= 1949.9235> <Mlp= 1952.9188> <PB=1000000> 
<DWph=1> <it= 29> <et=7.78> <Mt= 0.01> <Spt= 0.02> <nCl= 14> <al=0.11> <DB= 1951.5980> <Mlp= 1952.9187> <PB=1000000> 
<DWph=1> <it= 30> <et=7.80> <Mt= 0.00> <Spt= 0.01> <nCl=  7> <al=0.20> <DB= 1951.5333> <Mlp= 1952.9187> <PB=1000000> 
<DWph=1> <it= 31> <et=7.82> <Mt= 0.01> <Spt= 0.02> <nCl=  8> <al=0.10> <DB= 1951.5120> <Mlp= 1952.9092> <PB=1000000> 
<DWph=1> <it= 32> <et=7.84> <Mt= 0.00> <Spt= 0.01> <nCl=  4> <al=0.19> <DB= 1950.5222> <Mlp= 1952.9092> <PB=1000000> 
<DWph=1> <it= 33> <et=7.87> <Mt= 0.01> <Spt= 0.03> <nCl=  5> <al=0.00> <DB= 1952.9092> <Mlp= 1952.9092> <PB=1000000> 
    RCSP exact solver info for graph G_0 : TT = 0.015361, pt = 5.5e-05, dt = 0.013964, ct = 0.000563, ndl = 4087', bdl = 179228', odl = 8900', odf = 70020', bsi = 1082', cnt = 9797', bdch = 1079494', odch = 108631', lcp = 67732', #sols = 150
<DWph=0> <it= 34> <et=7.90> <Mt= 0.00> <Spt= 0.03> <nCl= 63> <al=0.00> <DB= 1949.0706> <Mlp= 1952.9092> <PB=1000000> 
    RCSP exact solver info for graph G_0 : TT = 0.01524, pt = 9e-05, dt = 0.013784, ct = 0.000596, ndl = 4145', bdl = 181828', odl = 9266', odf = 70817', bsi = 1117', cnt = 9289', bdch = 1135330', odch = 111473', lcp = 72661', #sols = 150
<DWph=0> <it= 35> <et=7.94> <Mt= 0.01> <Spt= 0.02> <nCl=110> <al=0.09> <DB= 1948.6892> <Mlp= 1952.8821> <PB=1000000> 
    RCSP exact solver info for graph G_0 : TT = 0.015946, pt = 7.8e-05, dt = 0.0142, ct = 0.000685, ndl = 4393', bdl = 191311', odl = 9229', odf = 73640', bsi = 1092', cnt = 12312', bdch = 1213391', odch = 122150', lcp = 73907', #sols = 150
<DWph=0> <it= 36> <et=7.97> <Mt= 0.01> <Spt= 0.03> <nCl= 33> <al=0.18> <DB= 1951.5611> <Mlp= 1952.8802> <PB=1000000> 
    RCSP exact solver info for graph G_0 : TT = 0.017183, pt = 7.6e-05, dt = 0.01553, ct = 0.00073, ndl = 4628', bdl = 200456', odl = 9113', odf = 75038', bsi = 1161', cnt = 14369', bdch = 1290963', odch = 130431', lcp = 77043', #sols = 150
<DWph=0> <it= 37> <et=8.00> <Mt= 0.00> <Spt= 0.02> <nCl= 23> <al=0.26> <DB= 1950.3338> <Mlp= 1952.8802> <PB=1000000> 
    RCSP exact solver info for graph G_0 : TT = 0.017969, pt = 7.5e-05, dt = 0.01636, ct = 0.000668, ndl = 4627', bdl = 200083', odl = 9092', odf = 74301', bsi = 1127', cnt = 14341', bdch = 1282922', odch = 128382', lcp = 75799', #sols = 150
<DWph=0> <it= 38> <et=8.03> <Mt= 0.01> <Spt= 0.03> <nCl= 19> <al=0.33> <DB= 1952.4387> <Mlp= 1952.8802> <PB=1000000> 
    RCSP exact solver info for graph G_0 : TT = 0.018085, pt = 8.5e-05, dt = 0.016373, ct = 0.000716, ndl = 4593', bdl = 199184', odl = 9171', odf = 74745', bsi = 1170', cnt = 14066', bdch = 1286070', odch = 128708', lcp = 76785', #sols = 150
    RCSP exact solver info for graph G_0 : TT = 0.016378, pt = 7.7e-05, dt = 0.014796, ct = 0.000719, ndl = 4694', bdl = 203403', odl = 9192', odf = 75488', bsi = 1111', cnt = 13704', bdch = 1326624', odch = 133227', lcp = 77566', #sols = 150
<DWph=0> <it= 39> <et=8.08> <Mt= 0.00> <Spt= 0.05> <nCl= 16> <al=0.00> <DB= 1952.8802> <Mlp= 1952.8802> <PB=1000000> 
RCSP solver dynamic params and stats :  bidir.bord. = 375 aver.obdmd = 48.8387 aver.buck.num. = 51
@@ 1 6 1952.88 0.0156691 0.017089 92.5067 8.08
    Full reduced cost fixing is not called (gap ratio is 0.999966)
ColGenEvalAlg final dual bound: 1952.88 (rounded: 1953)
False gap improvement since the last cut separation : 0.00364425 (1952.17)
----- Cut separators priority level decreased to 1-----
Current active cuts : CAP(29,1582.12)
In total 1 RCC cut(s) are found by the connected components heuristic 
Shrinking heuristic shrunk 23 edges
In total 2 RCC cut(s) are found by the greedy construction heuristic 
In total 12 RCC cut(s) are found by the global pool greedy search heuristic 
27 Rank-1 1-rows pack. cuts added ,  max viol. = 0.442396, aver. viol. = 0.167605
150 Rank-1 3-rows pack. cuts added ,  max viol. = 0.294931, aver. viol. = 0.171838
----- Add fac. cuts : CAP(15) R1C(177), max.viol = 0.442396, aver.viol = 0.205357, sep/add took 0.00724612/0.551963 sec. -----
7791 columns (7791 active), 278 dyn. constrs. (223 active), 677 art. vars. (345 active)
<DWph=2> <it=  1> <et=8.89> <Mt= 0.14> <Spt= 0.01> <nCl= 30> <al=0.50> <DB=  518.1141> <Mlp= 1965.8167> <PB=1000000> 
<DWph=2> <it=  2> <et=8.93> <Mt= 0.03> <Spt= 0.02> <nCl= 30> <al=0.55> <DB= -153.9529> <Mlp= 1965.3328> <PB=1000000> 
<DWph=2> <it=  3> <et=8.97> <Mt= 0.02> <Spt= 0.02> <nCl= 29> <al=0.60> <DB= 1517.1232> <Mlp= 1965.1253> <PB=1000000> 
<DWph=2> <it=  4> <et=9.02> <Mt= 0.02> <Spt= 0.02> <nCl= 27> <al=0.64> <DB= 1853.1567> <Mlp= 1964.0854> <PB=1000000> 
<DWph=2> <it=  5> <et=9.06> <Mt= 0.03> <Spt= 0.01> <nCl= 25> <al=0.67> <DB= 1948.7762> <Mlp= 1962.5000> <PB=1000000> 
<DWph=2> <it=  6> <et=9.48> <Mt= 0.41> <Spt= 0.02> <nCl= 23> <al=0.70> <DB= 1950.9762> <Mlp= 1962.5000> <PB=1000000> 
<DWph=2> <it=  7> <et=9.88> <Mt= 0.37> <Spt= 0.02> <nCl= 20> <al=0.73> <DB= 1949.1945> <Mlp= 1962.5000> <PB=1000000> 
<DWph=2> <it=  8> <et=10.47> <Mt= 0.58> <Spt= 0.01> <nCl= 23> <al=0.76> <DB= 1949.4659> <Mlp= 1960.4981> <PB=1000000> 
<DWph=2> <it=  9> <et=10.51> <Mt= 0.02> <Spt= 0.02> <nCl= 23> <al=0.78> <DB= 1844.9077> <Mlp= 1960.2574> <PB=1000000> 
<DWph=2> <it= 10> <et=10.53> <Mt= 0.00> <Spt= 0.01> <nCl= 12> <al=0.81> <DB= 1954.3069> <Mlp= 1960.2454> <PB=1000000> 
<DWph=2> <it= 11> <et=10.55> <Mt= 0.01> <Spt= 0.02> <nCl= 24> <al=0.83> <DB= 1954.0315> <Mlp= 1960.2451> <PB=1000000> 
<DWph=2> <it= 12> <et=10.58> <Mt= 0.02> <Spt= 0.02> <nCl= 15> <al=0.84> <DB= 1954.3573> <Mlp= 1959.8606> <PB=1000000> 
<DWph=2> <it= 13> <et=10.61> <Mt= 0.00> <Spt= 0.01> <nCl= 22> <al=0.86> <DB= 1948.8902> <Mlp= 1959.8606> <PB=1000000> 
<DWph=2> <it= 14> <et=10.64> <Mt= 0.02> <Spt= 0.02> <nCl= 12> <al=0.87> <DB= 1952.2215> <Mlp= 1959.7392> <PB=1000000> 
<DWph=2> <it= 15> <et=10.67> <Mt= 0.02> <Spt= 0.01> <nCl=  5> <al=0.89> <DB= 1952.7512> <Mlp= 1959.6652> <PB=1000000> 
<DWph=2> <it= 16> <et=10.70> <Mt= 0.00> <Spt= 0.02> <nCl= 19> <al=0.79> <DB= 1954.8089> <Mlp= 1959.6565> <PB=1000000> 
<DWph=2> <it= 17> <et=10.72> <Mt= 0.01> <Spt= 0.02> <nCl= 23> <al=0.69> <DB= 1947.3089> <Mlp= 1959.6351> <PB=1000000> 
<DWph=2> <it= 18> <et=10.76> <Mt= 0.02> <Spt= 0.02> <nCl= 21> <al=0.72> <DB= 1815.9180> <Mlp= 1959.5095> <PB=1000000> 
<DWph=2> <it= 19> <et=10.82> <Mt= 0.03> <Spt= 0.02> <nCl= 22> <al=0.75> <DB= 1949.9384> <Mlp= 1959.1039> <PB=1000000> 
<DWph=2> <it= 20> <et=10.86> <Mt= 0.03> <Spt= 0.02> <nCl= 17> <al=0.77> <DB= 1955.6854> <Mlp= 1959.0697> <PB=1000000> 
<DWph=2> <it= 21> <et=10.89> <Mt= 0.01> <Spt= 0.02> <nCl= 21> <al=0.67> <DB= 1953.6773> <Mlp= 1959.0415> <PB=1000000> 
<DWph=2> <it= 22> <et=10.93> <Mt= 0.02> <Spt= 0.02> <nCl= 20> <al=0.70> <DB= 1953.4495> <Mlp= 1958.9493> <PB=1000000> 
<DWph=2> <it= 23> <et=11.03> <Mt= 0.08> <Spt= 0.01> <nCl=  9> <al=0.73> <DB= 1951.5089> <Mlp= 1958.7954> <PB=1000000> 
<DWph=2> <it= 24> <et=11.13> <Mt= 0.09> <Spt= 0.02> <nCl= 15> <al=0.76> <DB= 1955.0758> <Mlp= 1958.7257> <PB=1000000> 
<DWph=2> <it= 25> <et=11.17> <Mt= 0.01> <Spt= 0.03> <nCl= 18> <al=0.57> <DB= 1951.0063> <Mlp= 1958.7257> <PB=1000000> 
<DWph=2> <it= 26> <et=11.23> <Mt= 0.03> <Spt= 0.02> <nCl=  3> <al=0.68> <DB= 1955.4276> <Mlp= 1958.6839> <PB=1000000> 
<DWph=2> <it= 27> <et=11.25> <Mt= 0.01> <Spt= 0.01> <nCl= 11> <al=0.58> <DB= 1955.1839> <Mlp= 1958.6787> <PB=1000000> 
<DWph=2> <it= 28> <et=11.28> <Mt= 0.01> <Spt= 0.02> <nCl=  6> <al=0.63> <DB= 1955.6936> <Mlp= 1958.6517> <PB=1000000> 
<DWph=2> <it= 29> <et=11.30> <Mt= 0.01> <Spt= 0.02> <nCl= 16> <al=0.53> <DB= 1948.2461> <Mlp= 1958.6455> <PB=1000000> 
<DWph=2> <it= 30> <et=11.52> <Mt= 0.19> <Spt= 0.02> <nCl= 20> <al=0.43> <DB= 1952.8565> <Mlp= 1958.5862> <PB=1000000> 
<DWph=2> <it= 31> <et=11.68> <Mt= 0.14> <Spt= 0.02> <nCl=  5> <al=0.48> <DB= 1953.6819> <Mlp= 1958.5862> <PB=1000000> 
<DWph=2> <it= 32> <et=11.86> <Mt= 0.17> <Spt= 0.02> <nCl= 10> <al=0.53> <DB= 1955.8441> <Mlp= 1958.5862> <PB=1000000> 
<DWph=2> <it= 33> <et=11.89> <Mt= 0.01> <Spt= 0.02> <nCl= 10> <al=0.58> <DB= 1928.5022> <Mlp= 1958.5862> <PB=1000000> 
<DWph=2> <it= 34> <et=11.92> <Mt= 0.00> <Spt= 0.02> <nCl=  6> <al=0.62> <DB= 1956.6954> <Mlp= 1958.5862> <PB=1000000> 
<DWph=2> <it= 35> <et=11.95> <Mt= 0.01> <Spt= 0.02> <nCl= 10> <al=0.66> <DB= 1956.6134> <Mlp= 1958.5862> <PB=1000000> 
<DWph=2> <it= 36> <et=11.98> <Mt= 0.01> <Spt= 0.02> <nCl=  3> <al=0.69> <DB= 1956.6599> <Mlp= 1958.5862> <PB=1000000> 
<DWph=2> <it= 37> <et=12.01> <Mt= 0.01> <Spt= 0.01> <nCl=  3> <al=0.73> <DB= 1956.7074> <Mlp= 1958.5862> <PB=1000000> 
<DWph=2> <it= 38> <et=12.03> <Mt= 0.00> <Spt= 0.02> <nCl= 11> <al=0.75> <DB= 1922.8561> <Mlp= 1958.5862> <PB=1000000> 
<DWph=2> <it= 39> <et=12.05> <Mt= 0.01> <Spt= 0.02> <nCl=  5> <al=0.78> <DB= 1946.6372> <Mlp= 1958.5862> <PB=1000000> 
<DWph=2> <it= 40> <et=12.08> <Mt= 0.01> <Spt= 0.02> <nCl=  1> <al=0.68> <DB= 1948.1741> <Mlp= 1958.5862> <PB=1000000> 
<DWph=2> <it= 41> <et=12.10> <Mt= 0.00> <Spt= 0.02> <nCl=  8> <al=0.58> <DB= 1957.4358> <Mlp= 1958.5862> <PB=1000000> 
<DWph=2> <it= 42> <et=12.13> <Mt= 0.01> <Spt= 0.02> <nCl= 14> <al=0.62> <DB= 1933.3203> <Mlp= 1958.5862> <PB=1000000> 
<DWph=2> <it= 43> <et=12.16> <Mt= 0.01> <Spt= 0.02> <nCl=  9> <al=0.66> <DB= 1953.2172> <Mlp= 1958.5862> <PB=1000000> 
<DWph=2> <it= 44> <et=12.20> <Mt= 0.00> <Spt= 0.03> <nCl= 14> <al=0.38> <DB= 1912.3838> <Mlp= 1958.5862> <PB=1000000> 
<DWph=2> <it= 45> <et=12.40> <Mt= 0.19> <Spt= 0.02> <nCl= 11> <al=0.59> <DB= 1863.1370> <Mlp= 1958.5862> <PB=1000000> 
<DWph=2> <it= 46> <et=12.44> <Mt= 0.02> <Spt= 0.02> <nCl=  7> <al=0.63> <DB= 1914.3919> <Mlp= 1958.5862> <PB=1000000> 
<DWph=2> <it= 47> <et=12.49> <Mt= 0.01> <Spt= 0.04> <nCl= 12> <al=0.34> <DB= 1913.2078> <Mlp= 1958.5862> <PB=1000000> 
<DWph=2> <it= 48> <et=12.54> <Mt= 0.01> <Spt= 0.04> <nCl= 16> <al=0.14> <DB= 1848.4241> <Mlp= 1958.5862> <PB=1000000> 
<DWph=2> <it= 49> <et=12.56> <Mt= 0.00> <Spt= 0.02> <nCl=  2> <al=0.47> <DB= 1945.3436> <Mlp= 1958.5862> <PB=1000000> 
<DWph=2> <it= 50> <et=12.60> <Mt= 0.01> <Spt= 0.03> <nCl=  7> <al=0.05> <DB= 1958.3189> <Mlp= 1958.5862> <PB=1000000> 
<DWph=2> <it= 51> <et=12.63> <Mt= 0.00> <Spt= 0.02> <nCl= 14> <al=0.42> <DB= 1852.8574> <Mlp= 1958.5862> <PB=1000000> 
<DWph=2> <it= 52> <et=12.66> <Mt= 0.01> <Spt= 0.03> <nCl=  9> <al=0.00> <DB= 1841.9713> <Mlp= 1958.5862> <PB=1000000> 
<DWph=2> <it= 53> <et=12.69> <Mt= 0.01> <Spt= 0.02> <nCl=  6> <al=0.38> <DB= 1911.7954> <Mlp= 1958.5862> <PB=1000000> 
<DWph=2> <it= 54> <et=12.72> <Mt= 0.01> <Spt= 0.02> <nCl=  7> <al=0.44> <DB= 1935.3358> <Mlp= 1958.5862> <PB=1000000> 
<DWph=2> <it= 55> <et=12.75> <Mt= 0.01> <Spt= 0.01> <nCl=  5> <al=0.50> <DB= 1957.6987> <Mlp= 1958.5862> <PB=1000000> 
<DWph=2> <it= 56> <et=12.77> <Mt= 0.00> <Spt= 0.02> <nCl=  3> <al=0.55> <DB= 1958.1298> <Mlp= 1958.5862> <PB=1000000> 
<DWph=2> <it= 57> <et=12.82> <Mt= 0.01> <Spt= 0.05> <nCl=  6> <al=0.00> <DB= 1938.5389> <Mlp= 1958.5862> <PB=1000000> 
<DWph=2> <it= 58> <et=12.85> <Mt= 0.00> <Spt= 0.03> <nCl=  7> <al=0.00> <DB= 1837.2180> <Mlp= 1958.5862> <PB=1000000> 
<DWph=2> <it= 59> <et=12.88> <Mt= 0.01> <Spt= 0.01> <nCl=  2> <al=0.39> <DB= 1951.4770> <Mlp= 1958.5862> <PB=1000000> 
<DWph=2> <it= 60> <et=12.91> <Mt= 0.00> <Spt= 0.03> <nCl=  6> <al=0.00> <DB= 1945.4946> <Mlp= 1958.5862> <PB=1000000> 
<DWph=2> <it= 61> <et=12.95> <Mt= 0.01> <Spt= 0.03> <nCl=  1> <al=0.00> <DB= 1958.5862> <Mlp= 1958.5862> <PB=1000000> 
<DWph=1> <it= 62> <et=12.98> <Mt= 0.00> <Spt= 0.03> <nCl= 13> <al=0.25> <DB= 1898.5862> <Mlp= 1958.5862> <PB=1000000> 
<DWph=1> <it= 63> <et=13.16> <Mt= 0.16> <Spt= 0.03> <nCl=  9> <al=0.15> <DB= 1952.9549> <Mlp= 1958.5625> <PB=1000000> 
<DWph=1> <it= 64> <et=13.34> <Mt= 0.14> <Spt= 0.03> <nCl= 14> <al=0.05> <DB= 1875.5051> <Mlp= 1958.5625> <PB=1000000> 
<DWph=1> <it= 65> <et=13.50> <Mt= 0.13> <Spt= 0.03> <nCl=  8> <al=0.15> <DB= 1953.9658> <Mlp= 1958.5625> <PB=1000000> 
<DWph=1> <it= 66> <et=13.54> <Mt= 0.01> <Spt= 0.03> <nCl=  7> <al=0.23> <DB= 1865.6681> <Mlp= 1958.5625> <PB=1000000> 
<DWph=1> <it= 67> <et=13.57> <Mt= 0.01> <Spt= 0.03> <nCl=  5> <al=0.31> <DB= 1956.2411> <Mlp= 1958.5625> <PB=1000000> 
<DWph=1> <it= 68> <et=13.60> <Mt= 0.00> <Spt= 0.02> <nCl=  4> <al=0.21> <DB= 1946.6702> <Mlp= 1958.5625> <PB=1000000> 
<DWph=1> <it= 69> <et=13.64> <Mt= 0.01> <Spt= 0.03> <nCl=  5> <al=0.11> <DB= 1955.7316> <Mlp= 1958.5625> <PB=1000000> 
<DWph=1> <it= 70> <et=13.68> <Mt= 0.01> <Spt= 0.03> <nCl=  5> <al=0.20> <DB= 1955.8919> <Mlp= 1958.5625> <PB=1000000> 
<DWph=1> <it= 71> <et=13.71> <Mt= 0.01> <Spt= 0.03> <nCl=  9> <al=0.28> <DB= 1955.7897> <Mlp= 1958.5480> <PB=1000000> 
<DWph=1> <it= 72> <et=13.75> <Mt= 0.00> <Spt= 0.02> <nCl=  8> <al=0.18> <DB= 1952.7808> <Mlp= 1958.5416> <PB=1000000> 
<DWph=1> <it= 73> <et=13.78> <Mt= 0.01> <Spt= 0.03> <nCl=  9> <al=0.08> <DB= 1955.7724> <Mlp= 1958.5416> <PB=1000000> 
<DWph=1> <it= 74> <et=13.81> <Mt= 0.01> <Spt= 0.02> <nCl= 15> <al=0.00> <DB= 1954.3301> <Mlp= 1958.5416> <PB=1000000> 
<DWph=1> <it= 75> <et=13.85> <Mt= 0.00> <Spt= 0.03> <nCl=  7> <al=0.08> <DB= 1956.2759> <Mlp= 1958.5416> <PB=1000000> 
<DWph=1> <it= 76> <et=13.87> <Mt= 0.01> <Spt= 0.02> <nCl=  8> <al=0.00> <DB= 1954.6814> <Mlp= 1958.5416> <PB=1000000> 
<DWph=1> <it= 77> <et=13.91> <Mt= 0.01> <Spt= 0.03> <nCl=  4> <al=0.08> <DB= 1957.2883> <Mlp= 1958.5416> <PB=1000000> 
<DWph=1> <it= 78> <et=13.93> <Mt= 0.00> <Spt= 0.02> <nCl=  2> <al=0.00> <DB= 1958.5416> <Mlp= 1958.5416> <PB=1000000> 
    RCSP exact solver info for graph G_0 : TT = 0.045726, pt = 0.00035, dt = 0.042514, ct = 0.002171, ndl = 8461', bdl = 342376', odl = 11624', odf = 126732', bsi = 1252', cnt = 55132', bdch = 3379615', odch = 380498', lcp = 180791', #sols = 150
<DWph=0> <it= 79> <et=14.01> <Mt= 0.01> <Spt= 0.07> <nCl=150> <al=0.00> <DB= 1945.9495> <Mlp= 1958.5416> <PB=1000000> 
    RCSP exact solver info for graph G_0 : TT = 0.039832, pt = 0.00063, dt = 0.036793, ct = 0.001804, ndl = 7747', bdl = 312609', odl = 11159', odf = 109464', bsi = 1184', cnt = 34453', bdch = 2880537', odch = 286502', lcp = 157966', #sols = 150
<DWph=0> <it= 80> <et=14.28> <Mt= 0.20> <Spt= 0.07> <nCl=150> <al=0.00> <DB= 1902.2522> <Mlp= 1958.5013> <PB=1000000> 
    RCSP exact solver info for graph G_0 : TT = 0.040646, pt = 0.00044, dt = 0.03776, ct = 0.001816, ndl = 8435', bdl = 347121', odl = 11111', odf = 114354', bsi = 1361', cnt = 32250', bdch = 3341742', odch = 337024', lcp = 166307', #sols = 150
<DWph=0> <it= 81> <et=14.36> <Mt= 0.01> <Spt= 0.07> <nCl=150> <al=0.00> <DB= 1948.0385> <Mlp= 1958.5013> <PB=1000000> 
    RCSP exact solver info for graph G_0 : TT = 0.036669, pt = 0.00044, dt = 0.034027, ct = 0.001623, ndl = 7760', bdl = 322047', odl = 10783', odf = 108739', bsi = 1225', cnt = 31425', bdch = 2923310', odch = 284496', lcp = 153734', #sols = 150
<DWph=0> <it= 82> <et=14.44> <Mt= 0.02> <Spt= 0.06> <nCl=150> <al=0.01> <DB= 1949.7673> <Mlp= 1958.5013> <PB=1000000> 
    RCSP exact solver info for graph G_0 : TT = 0.039565, pt = 0.000613, dt = 0.036638, ct = 0.001622, ndl = 7569', bdl = 313592', odl = 10684', odf = 106324', bsi = 1198', cnt = 33574', bdch = 2795791', odch = 274474', lcp = 146658', #sols = 150
<DWph=0> <it= 83> <et=14.50> <Mt= 0.01> <Spt= 0.05> <nCl= 76> <al=0.11> <DB= 1956.5352> <Mlp= 1958.5013> <PB=1000000> 
    RCSP exact solver info for graph G_0 : TT = 0.038619, pt = 0.000503, dt = 0.035469, ct = 0.001829, ndl = 7835', bdl = 322510', odl = 10582', odf = 108077', bsi = 1201', cnt = 36679', bdch = 2911005', odch = 302270', lcp = 150439', #sols = 150
<DWph=0> <it= 84> <et=14.57> <Mt= 0.00> <Spt= 0.06> <nCl= 42> <al=0.20> <DB= 1957.6804> <Mlp= 1958.5013> <PB=1000000> 
    RCSP exact solver info for graph G_0 : TT = 0.036877, pt = 0.000517, dt = 0.034031, ct = 0.001553, ndl = 7439', bdl = 307005', odl = 10617', odf = 104672', bsi = 1176', cnt = 33113', bdch = 2688875', odch = 280061', lcp = 143189', #sols = 150
    RCSP exact solver info for graph G_0 : TT = 0.032524, pt = 0.000322, dt = 0.030025, ct = 0.001445, ndl = 6999', bdl = 290877', odl = 10479', odf = 101225', bsi = 1167', cnt = 27479', bdch = 2450536', odch = 245955', lcp = 132861', #sols = 150
<DWph=0> <it= 85> <et=14.66> <Mt= 0.01> <Spt= 0.08> <nCl= 40> <al=0.00> <DB= 1958.5013> <Mlp= 1958.5013> <PB=1000000> 
RCSP solver dynamic params and stats :  bidir.bord. = 375 aver.obdmd = 48.8387 aver.buck.num. = 51 nbR1C = 30 with avMem = 12.9667
@@ 1 7 1958.5 0.03764 0.044685 92.5067 14.66
    Full reduced cost fixing is not called (gap ratio is 0.99996)
ColGenEvalAlg final dual bound: 1958.5 (rounded: 1959)
False gap improvement since the last cut separation : 0.0287835 (1952.88)
Current active cuts : CAP(20,1314.33) R1C(10+20,31.6805) 1rowPackR1C(10) 3rowPackR1C(20)
Shrinking heuristic shrunk 20 edges
In total 2 RCC cut(s) are found by the greedy construction heuristic 
11 Rank-1 1-rows pack. cuts added ,  max viol. = 0.202619, aver. viol. = 0.0780026
150 Rank-1 3-rows pack. cuts added ,  max viol. = 0.45348, aver. viol. = 0.166511
----- Add fac. cuts : CAP(2) R1C(161), max.viol = 0.45348, aver.viol = 0.171608, sep/add took 0.00829031/0.520799 sec. -----
9472 columns (9472 active), 386 dyn. constrs. (214 active), 840 art. vars. (336 active)
<DWph=2> <it=  1> <et=15.41> <Mt= 0.11> <Spt= 0.02> <nCl= 18> <al=0.50> <DB= 1954.1435> <Mlp= 1964.7978> <PB=1000000> 
<DWph=2> <it=  2> <et=15.57> <Mt= 0.14> <Spt= 0.02> <nCl= 17> <al=0.55> <DB= 1959.3088> <Mlp= 1963.6667> <PB=1000000> 
<DWph=2> <it=  3> <et=15.97> <Mt= 0.39> <Spt= 0.02> <nCl= 20> <al=0.60> <DB= 1947.6617> <Mlp= 1963.6667> <PB=1000000> 
<DWph=2> <it=  4> <et=16.39> <Mt= 0.40> <Spt= 0.01> <nCl= 18> <al=0.64> <DB= 1956.4615> <Mlp= 1963.6098> <PB=1000000> 
<DWph=2> <it=  5> <et=16.42> <Mt= 0.01> <Spt= 0.02> <nCl= 14> <al=0.67> <DB= 1950.7772> <Mlp= 1963.5340> <PB=1000000> 
<DWph=2> <it=  6> <et=16.47> <Mt= 0.03> <Spt= 0.02> <nCl=  9> <al=0.70> <DB= 1961.5843> <Mlp= 1963.3952> <PB=1000000> 
<DWph=2> <it=  7> <et=16.53> <Mt= 0.04> <Spt= 0.02> <nCl= 20> <al=0.73> <DB= 1951.3412> <Mlp= 1963.3595> <PB=1000000> 
<DWph=2> <it=  8> <et=16.56> <Mt= 0.01> <Spt= 0.02> <nCl=  3> <al=0.76> <DB= 1961.5130> <Mlp= 1963.3265> <PB=1000000> 
<DWph=2> <it=  9> <et=16.58> <Mt= 0.01> <Spt= 0.01> <nCl=  9> <al=0.78> <DB= 1959.3494> <Mlp= 1963.3129> <PB=1000000> 
<DWph=2> <it= 10> <et=16.61> <Mt= 0.01> <Spt= 0.02> <nCl=  6> <al=0.81> <DB= 1961.9192> <Mlp= 1963.3129> <PB=1000000> 
<DWph=2> <it= 11> <et=16.63> <Mt= 0.00> <Spt= 0.02> <nCl=  7> <al=0.83> <DB= 1961.9007> <Mlp= 1963.3129> <PB=1000000> 
<DWph=2> <it= 12> <et=16.65> <Mt= 0.01> <Spt= 0.01> <nCl=  4> <al=0.84> <DB= 1962.1367> <Mlp= 1963.3053> <PB=1000000> 
<DWph=2> <it= 13> <et=16.68> <Mt= 0.01> <Spt= 0.02> <nCl=  4> <al=0.86> <DB= 1962.0504> <Mlp= 1963.3053> <PB=1000000> 
<DWph=2> <it= 14> <et=16.72> <Mt= 0.01> <Spt= 0.03> <nCl= 11> <al=0.75> <DB= 1954.5222> <Mlp= 1963.3053> <PB=1000000> 
<DWph=2> <it= 15> <et=16.75> <Mt= 0.01> <Spt= 0.02> <nCl=  6> <al=0.77> <DB= 1962.3455> <Mlp= 1963.2999> <PB=1000000> 
<DWph=2> <it= 16> <et=16.77> <Mt= 0.00> <Spt= 0.01> <nCl=  3> <al=0.80> <DB= 1962.5374> <Mlp= 1963.2843> <PB=1000000> 
<DWph=2> <it= 17> <et=16.79> <Mt= 0.01> <Spt= 0.02> <nCl= 18> <al=0.70> <DB= 1955.5709> <Mlp= 1963.2824> <PB=1000000> 
<DWph=2> <it= 18> <et=16.82> <Mt= 0.01> <Spt= 0.02> <nCl=  7> <al=0.73> <DB= 1958.3767> <Mlp= 1963.2619> <PB=1000000> 
<DWph=2> <it= 19> <et=16.85> <Mt= 0.01> <Spt= 0.02> <nCl= 15> <al=0.75> <DB= 1952.6867> <Mlp= 1963.2532> <PB=1000000> 
<DWph=2> <it= 20> <et=16.88> <Mt= 0.02> <Spt= 0.01> <nCl=  5> <al=0.78> <DB= 1962.7943> <Mlp= 1963.2208> <PB=1000000> 
<DWph=2> <it= 21> <et=16.91> <Mt= 0.00> <Spt= 0.02> <nCl= 10> <al=0.68> <DB= 1954.3760> <Mlp= 1963.2206> <PB=1000000> 
<DWph=2> <it= 22> <et=16.93> <Mt= 0.01> <Spt= 0.02> <nCl= 12> <al=0.71> <DB= 1952.0021> <Mlp= 1963.2206> <PB=1000000> 
<DWph=2> <it= 23> <et=16.98> <Mt= 0.01> <Spt= 0.03> <nCl= 17> <al=0.48> <DB= 1956.8899> <Mlp= 1963.1588> <PB=1000000> 
<DWph=2> <it= 24> <et=17.01> <Mt= 0.01> <Spt= 0.02> <nCl=  4> <al=0.64> <DB= 1962.9321> <Mlp= 1963.1458> <PB=1000000> 
<DWph=2> <it= 25> <et=17.03> <Mt= 0.01> <Spt= 0.02> <nCl=  8> <al=0.68> <DB= 1962.9257> <Mlp= 1963.1458> <PB=1000000> 
<DWph=2> <it= 26> <et=17.05> <Mt= 0.00> <Spt= 0.01> <nCl= 12> <al=0.71> <DB= 1657.9428> <Mlp= 1963.1458> <PB=1000000> 
<DWph=2> <it= 27> <et=17.09> <Mt= 0.01> <Spt= 0.04> <nCl= 10> <al=0.22> <DB= 1954.8664> <Mlp= 1963.1458> <PB=1000000> 
<DWph=2> <it= 28> <et=17.13> <Mt= 0.00> <Spt= 0.03> <nCl= 14> <al=0.02> <DB= 1959.2756> <Mlp= 1963.1458> <PB=1000000> 
<DWph=2> <it= 29> <et=17.15> <Mt= 0.01> <Spt= 0.01> <nCl=  1> <al=0.41> <DB= 1962.2286> <Mlp= 1963.1458> <PB=1000000> 
<DWph=2> <it= 30> <et=17.18> <Mt= 0.00> <Spt= 0.03> <nCl=  5> <al=0.00> <DB= 1962.2809> <Mlp= 1963.1458> <PB=1000000> 
<DWph=2> <it= 31> <et=17.22> <Mt= 0.01> <Spt= 0.03> <nCl=  7> <al=0.00> <DB= 1961.6462> <Mlp= 1963.1458> <PB=1000000> 
<DWph=2> <it= 32> <et=17.25> <Mt= 0.00> <Spt= 0.03> <nCl=  5> <al=0.00> <DB= 1963.0275> <Mlp= 1963.1458> <PB=1000000> 
<DWph=2> <it= 33> <et=17.28> <Mt= 0.00> <Spt= 0.03> <nCl=  1> <al=0.00> <DB= 1963.1458> <Mlp= 1963.1458> <PB=1000000> 
<DWph=1> <it= 34> <et=17.31> <Mt= 0.01> <Spt= 0.03> <nCl= 13> <al=0.07> <DB= 1955.2878> <Mlp= 1963.1458> <PB=1000000> 
<DWph=1> <it= 35> <et=17.35> <Mt= 0.00> <Spt= 0.03> <nCl=  8> <al=0.16> <DB= 1958.9326> <Mlp= 1963.1373> <PB=1000000> 
<DWph=1> <it= 36> <et=17.40> <Mt= 0.03> <Spt= 0.02> <nCl= 13> <al=0.06> <DB= 1917.2273> <Mlp= 1963.0000> <PB=1000000> 
<DWph=1> <it= 37> <et=17.76> <Mt= 0.33> <Spt= 0.03> <nCl= 13> <al=0.15> <DB= 1955.3018> <Mlp= 1963.0000> <PB=1000000> 
<DWph=1> <it= 38> <et=17.81> <Mt= 0.01> <Spt= 0.03> <nCl=  6> <al=0.24> <DB= 1960.6628> <Mlp= 1963.0000> <PB=1000000> 
<DWph=1> <it= 39> <et=17.84> <Mt= 0.01> <Spt= 0.03> <nCl=  5> <al=0.14> <DB= 1959.0862> <Mlp= 1963.0000> <PB=1000000> 
<DWph=1> <it= 40> <et=17.88> <Mt= 0.01> <Spt= 0.03> <nCl= 10> <al=0.22> <DB= 1961.7495> <Mlp= 1963.0000> <PB=1000000> 
<DWph=1> <it= 41> <et=17.92> <Mt= 0.01> <Spt= 0.02> <nCl=  5> <al=0.30> <DB= 1962.2025> <Mlp= 1963.0000> <PB=1000000> 
<DWph=1> <it= 42> <et=17.95> <Mt= 0.01> <Spt= 0.03> <nCl=  2> <al=0.20> <DB= 1962.6907> <Mlp= 1963.0000> <PB=1000000> 
<DWph=1> <it= 43> <et=17.99> <Mt= 0.00> <Spt= 0.03> <nCl=  1> <al=0.10> <DB= 1962.8488> <Mlp= 1963.0000> <PB=1000000> 
<DWph=1> <it= 44> <et=18.04> <Mt= 0.01> <Spt= 0.05> <nCl=  0> <al=0.00> <DB= 1963.0000> <Mlp= 1963.0000> <PB=1000000> 
    RCSP exact solver info for graph G_0 : TT = 0.079479, pt = 0.000542, dt = 0.073356, ct = 0.004814, ndl = 14806', bdl = 589556', odl = 13462', odf = 175613', bsi = 1502', cnt = 173431', bdch = 8440114', odch = 1077997', lcp = 412468', #sols = 150
<DWph=0> <it= 45> <et=18.16> <Mt= 0.00> <Spt= 0.12> <nCl=150> <al=0.00> <DB= 1874.4922> <Mlp= 1963.0000> <PB=1000000> 
    RCSP exact solver info for graph G_0 : TT = 0.07889, pt = 0.000592, dt = 0.073492, ct = 0.004136, ndl = 14590', bdl = 579452', odl = 14083', odf = 182589', bsi = 1606', cnt = 130263', bdch = 8581873', odch = 1124068', lcp = 407032', #sols = 150
<DWph=0> <it= 46> <et=18.62> <Mt= 0.32> <Spt= 0.11> <nCl=150> <al=0.00> <DB= 1757.9688> <Mlp= 1962.8372> <PB=1000000> 
    RCSP exact solver info for graph G_0 : TT = 0.080487, pt = 0.000633, dt = 0.074824, ct = 0.004207, ndl = 14522', bdl = 575744', odl = 13733', odf = 185013', bsi = 1374', cnt = 141103', bdch = 8483220', odch = 1092933', lcp = 405157', #sols = 150
<DWph=0> <it= 47> <et=18.74> <Mt= 0.01> <Spt= 0.11> <nCl=131> <al=0.01> <DB= 1955.5155> <Mlp= 1962.8160> <PB=1000000> 
    RCSP exact solver info for graph G_0 : TT = 0.085015, pt = 0.000717, dt = 0.079456, ct = 0.003958, ndl = 13953', bdl = 554215', odl = 13358', odf = 176675', bsi = 1249', cnt = 118769', bdch = 7790416', odch = 947333', lcp = 360752', #sols = 150
<DWph=0> <it= 48> <et=18.86> <Mt= 0.02> <Spt= 0.10> <nCl= 83> <al=0.11> <DB= 1951.2699> <Mlp= 1962.6545> <PB=1000000> 
    RCSP exact solver info for graph G_0 : TT = 0.088162, pt = 0.00078, dt = 0.081483, ct = 0.004888, ndl = 14341', bdl = 568772', odl = 13562', odf = 182742', bsi = 1228', cnt = 123612', bdch = 8279557', odch = 1027685', lcp = 379831', #sols = 150
<DWph=0> <it= 49> <et=18.97> <Mt= 0.01> <Spt= 0.10> <nCl= 15> <al=0.20> <DB= 1960.8364> <Mlp= 1962.6471> <PB=1000000> 
    RCSP exact solver info for graph G_0 : TT = 0.084116, pt = 0.000927, dt = 0.07828, ct = 0.003963, ndl = 13906', bdl = 550319', odl = 13471', odf = 178846', bsi = 1189', cnt = 114234', bdch = 7821179', odch = 949426', lcp = 357593', #sols = 150
<DWph=0> <it= 50> <et=19.07> <Mt= 0.01> <Spt= 0.09> <nCl= 13> <al=0.28> <DB= 1962.1396> <Mlp= 1962.6461> <PB=1000000> 
    RCSP exact solver info for graph G_0 : TT = 0.081104, pt = 0.000683, dt = 0.075166, ct = 0.004158, ndl = 13821', bdl = 546165', odl = 13460', odf = 178504', bsi = 1198', cnt = 114183', bdch = 7763590', odch = 935445', lcp = 356090', #sols = 150
    RCSP exact solver info for graph G_0 : TT = 0.068095, pt = 0.000546, dt = 0.063319, ct = 0.003437, ndl = 13344', bdl = 532033', odl = 13211', odf = 170667', bsi = 1233', cnt = 112460', bdch = 7243279', odch = 876526', lcp = 337535', #sols = 150
<DWph=0> <it= 51> <et=19.24> <Mt= 0.00> <Spt= 0.17> <nCl= 27> <al=0.00> <DB= 1962.6461> <Mlp= 1962.6461> <PB=1000000> 
RCSP solver dynamic params and stats :  bidir.bord. = 375 aver.obdmd = 48.8387 aver.buck.num. = 51 nbR1C = 48 with avMem = 12.6667
@@ 1 8 1962.65 0.0791171 0.086371 92.5067 19.24
    Full reduced cost fixing is not called (gap ratio is 0.999956)
Bucket graph for G_0 is regenerated as bucket steps were adjusted for 62 vertices
RCSP solver info : number of forw. reachable buckets / buck. strongly connected components is 5970( 95.337% ) / 5970( 100% )
326977 forw. buck. arcs remain (92.8226% from max.) + 0 jump buck. arcs
ColGenEvalAlg final dual bound: 1962.65 (rounded: 1963)
False gap improvement since the last cut separation : 0.0211634 (1958.5)
Current active cuts : CAP(19,1184.3) R1C(14+34,65.815) 1rowPackR1C(14) 3rowPackR1C(34)
Shrinking heuristic shrunk 14 edges
In total 20 RCC cut(s) are found by the global pool greedy search heuristic 
8 Rank-1 1-rows pack. cuts added ,  max viol. = 0.160266, aver. viol. = 0.112289
150 Rank-1 3-rows pack. cuts added ,  max viol. = 0.317421, aver. viol. = 0.177863
----- Add fac. cuts : CAP(20) R1C(158), max.viol = 0.317421, aver.viol = 0.158779, sep/add took 0.01297/0.523216 sec. -----
10431 columns (7030 active), 407 dyn. constrs. (246 active), 1018 art. vars. (368 active)
<DWph=2> <it=  1> <et=19.99> <Mt= 0.03> <Spt= 0.06> <nCl= 18> <al=0.00> <DB= 1955.0094> <Mlp= 1963.5000> <PB=1000000> 
<DWph=2> <it=  2> <et=20.24> <Mt= 0.22> <Spt= 0.03> <nCl=  5> <al=0.40> <DB= 1961.0543> <Mlp= 1963.5000> <PB=1000000> 
<DWph=2> <it=  3> <et=20.49> <Mt= 0.22> <Spt= 0.03> <nCl=  7> <al=0.46> <DB= 1959.9254> <Mlp= 1963.5000> <PB=1000000> 
<DWph=2> <it=  4> <et=20.54> <Mt= 0.02> <Spt= 0.04> <nCl=  5> <al=0.51> <DB= 1962.3844> <Mlp= 1963.5000> <PB=1000000> 
<DWph=2> <it=  5> <et=20.62> <Mt= 0.00> <Spt= 0.07> <nCl= 25> <al=0.13> <DB= 1904.4732> <Mlp= 1963.5000> <PB=1000000> 
<DWph=2> <it=  6> <et=20.91> <Mt= 0.23> <Spt= 0.06> <nCl= 22> <al=0.00> <DB= 1907.2667> <Mlp= 1963.5000> <PB=1000000> 
<DWph=2> <it=  7> <et=21.15> <Mt= 0.21> <Spt= 0.03> <nCl= 11> <al=0.36> <DB= 1961.8332> <Mlp= 1963.5000> <PB=1000000> 
<DWph=2> <it=  8> <et=21.19> <Mt= 0.01> <Spt= 0.03> <nCl=  5> <al=0.43> <DB= 1962.0462> <Mlp= 1963.5000> <PB=1000000> 
<DWph=2> <it=  9> <et=21.23> <Mt= 0.01> <Spt= 0.03> <nCl=  5> <al=0.48> <DB= 1962.2765> <Mlp= 1963.5000> <PB=1000000> 
<DWph=2> <it= 10> <et=21.28> <Mt= 0.01> <Spt= 0.04> <nCl=  6> <al=0.54> <DB= 1963.3943> <Mlp= 1963.5000> <PB=1000000> 
<DWph=2> <it= 11> <et=21.32> <Mt= 0.01> <Spt= 0.03> <nCl=  3> <al=0.58> <DB= 1961.7866> <Mlp= 1963.5000> <PB=1000000> 
<DWph=2> <it= 12> <et=21.36> <Mt= 0.01> <Spt= 0.03> <nCl= 10> <al=0.62> <DB= 1960.7621> <Mlp= 1963.5000> <PB=1000000> 
<DWph=2> <it= 13> <et=21.40> <Mt= 0.01> <Spt= 0.03> <nCl=  5> <al=0.66> <DB= 1961.0788> <Mlp= 1963.5000> <PB=1000000> 
<DWph=2> <it= 14> <et=21.69> <Mt= 0.22> <Spt= 0.07> <nCl=  5> <al=0.39> <DB= 1963.4257> <Mlp= 1963.5000> <PB=1000000> 
<DWph=2> <it= 15> <et=21.77> <Mt= 0.01> <Spt= 0.06> <nCl=  7> <al=0.19> <DB= 1960.3577> <Mlp= 1963.5000> <PB=1000000> 
<DWph=2> <it= 16> <et=21.81> <Mt= 0.01> <Spt= 0.04> <nCl=  6> <al=0.50> <DB= 1960.4131> <Mlp= 1963.5000> <PB=1000000> 
<DWph=2> <it= 17> <et=21.85> <Mt= 0.01> <Spt= 0.03> <nCl=  6> <al=0.55> <DB= 1963.0300> <Mlp= 1963.5000> <PB=1000000> 
<DWph=2> <it= 18> <et=21.89> <Mt= 0.00> <Spt= 0.03> <nCl=  2> <al=0.59> <DB= 1963.1648> <Mlp= 1963.5000> <PB=1000000> 
<DWph=2> <it= 19> <et=21.93> <Mt= 0.01> <Spt= 0.03> <nCl=  1> <al=0.63> <DB= 1963.3231> <Mlp= 1963.5000> <PB=1000000> 
<DWph=2> <it= 20> <et=22.00> <Mt= 0.01> <Spt= 0.07> <nCl=  3> <al=0.34> <DB= 1963.0500> <Mlp= 1963.5000> <PB=1000000> 
<DWph=2> <it= 21> <et=22.04> <Mt= 0.00> <Spt= 0.03> <nCl=  5> <al=0.57> <DB= 1963.4834> <Mlp= 1963.5000> <PB=1000000> 
<DWph=2> <it= 22> <et=22.08> <Mt= 0.01> <Spt= 0.04> <nCl= 11> <al=0.47> <DB= 1962.5601> <Mlp= 1963.5000> <PB=1000000> 
<DWph=2> <it= 23> <et=22.12> <Mt= 0.00> <Spt= 0.03> <nCl=  6> <al=0.52> <DB= 1963.2557> <Mlp= 1963.5000> <PB=1000000> 
<DWph=2> <it= 24> <et=22.16> <Mt= 0.01> <Spt= 0.04> <nCl=  5> <al=0.42> <DB= 1962.7546> <Mlp= 1963.5000> <PB=1000000> 
<DWph=2> <it= 25> <et=22.23> <Mt= 0.00> <Spt= 0.06> <nCl=  9> <al=0.00> <DB= 1962.3672> <Mlp= 1963.5000> <PB=1000000> 
<DWph=2> <it= 26> <et=22.27> <Mt= 0.01> <Spt= 0.03> <nCl=  6> <al=0.38> <DB= 1962.4912> <Mlp= 1963.5000> <PB=1000000> 
<DWph=2> <it= 27> <et=22.31> <Mt= 0.01> <Spt= 0.04> <nCl=  2> <al=0.44> <DB= 1962.6542> <Mlp= 1963.5000> <PB=1000000> 
<DWph=2> <it= 28> <et=22.35> <Mt= 0.00> <Spt= 0.03> <nCl=  2> <al=0.50> <DB= 1962.3591> <Mlp= 1963.5000> <PB=1000000> 
<DWph=2> <it= 29> <et=22.40> <Mt= 0.01> <Spt= 0.04> <nCl=  3> <al=0.55> <DB= 1962.5235> <Mlp= 1963.5000> <PB=1000000> 
<DWph=2> <it= 30> <et=22.47> <Mt= 0.01> <Spt= 0.06> <nCl= 10> <al=0.00> <DB= 1961.3398> <Mlp= 1963.5000> <PB=1000000> 
<DWph=2> <it= 31> <et=22.53> <Mt= 0.00> <Spt= 0.06> <nCl= 11> <al=0.00> <DB= 1962.8212> <Mlp= 1963.5000> <PB=1000000> 
<DWph=2> <it= 32> <et=22.57> <Mt= 0.01> <Spt= 0.03> <nCl=  4> <al=0.25> <DB= 1958.8847> <Mlp= 1963.5000> <PB=1000000> 
<DWph=2> <it= 33> <et=22.61> <Mt= 0.01> <Spt= 0.04> <nCl=  3> <al=0.32> <DB= 1962.4451> <Mlp= 1963.5000> <PB=1000000> 
<DWph=2> <it= 34> <et=22.67> <Mt= 0.00> <Spt= 0.05> <nCl=  4> <al=0.00> <DB= 1957.3759> <Mlp= 1963.5000> <PB=1000000> 
<DWph=2> <it= 35> <et=22.71> <Mt= 0.01> <Spt= 0.03> <nCl=  6> <al=0.29> <DB= 1963.1898> <Mlp= 1963.5000> <PB=1000000> 
<DWph=2> <it= 36> <et=22.75> <Mt= 0.00> <Spt= 0.04> <nCl=  3> <al=0.19> <DB= 1962.4844> <Mlp= 1963.5000> <PB=1000000> 
<DWph=2> <it= 37> <et=22.81> <Mt= 0.01> <Spt= 0.05> <nCl=  8> <al=0.00> <DB= 1963.2690> <Mlp= 1963.5000> <PB=1000000> 
<DWph=2> <it= 38> <et=22.88> <Mt= 0.01> <Spt= 0.06> <nCl=  3> <al=0.00> <DB= 1963.0978> <Mlp= 1963.5000> <PB=1000000> 
<DWph=2> <it= 39> <et=22.92> <Mt= 0.01> <Spt= 0.03> <nCl=  1> <al=0.07> <DB= 1963.3295> <Mlp= 1963.5000> <PB=1000000> 
<DWph=2> <it= 40> <et=22.98> <Mt= 0.00> <Spt= 0.06> <nCl=  4> <al=0.00> <DB= 1963.2425> <Mlp= 1963.5000> <PB=1000000> 
<DWph=2> <it= 41> <et=23.05> <Mt= 0.01> <Spt= 0.06> <nCl=  2> <al=0.00> <DB= 1963.2169> <Mlp= 1963.5000> <PB=1000000> 
<DWph=2> <it= 42> <et=23.08> <Mt= 0.00> <Spt= 0.02> <nCl=  2> <al=0.00> <DB= 1963.4089> <Mlp= 1963.5000> <PB=1000000> 
<DWph=2> <it= 43> <et=23.14> <Mt= 0.01> <Spt= 0.06> <nCl=  1> <al=0.00> <DB= 1963.5000> <Mlp= 1963.5000> <PB=1000000> 
<DWph=1> <it= 44> <et=23.20> <Mt= 0.00> <Spt= 0.05> <nCl= 13> <al=0.00> <DB= 1960.2871> <Mlp= 1963.5000> <PB=1000000> 
<DWph=1> <it= 45> <et=23.25> <Mt= 0.01> <Spt= 0.05> <nCl= 11> <al=0.00> <DB= 1960.4842> <Mlp= 1963.5000> <PB=1000000> 
<DWph=1> <it= 46> <et=23.31> <Mt= 0.01> <Spt= 0.05> <nCl=  8> <al=0.00> <DB= 1963.1083> <Mlp= 1963.5000> <PB=1000000> 
<DWph=1> <it= 47> <et=23.36> <Mt= 0.00> <Spt= 0.04> <nCl=  7> <al=0.00> <DB= 1947.0372> <Mlp= 1963.5000> <PB=1000000> 
<DWph=1> <it= 48> <et=23.41> <Mt= 0.01> <Spt= 0.05> <nCl= 11> <al=0.00> <DB= 1960.0690> <Mlp= 1963.5000> <PB=1000000> 
<DWph=1> <it= 49> <et=23.47> <Mt= 0.01> <Spt= 0.05> <nCl=  8> <al=0.00> <DB= 1960.5012> <Mlp= 1963.5000> <PB=1000000> 
<DWph=1> <it= 50> <et=23.52> <Mt= 0.01> <Spt= 0.04> <nCl=  4> <al=0.00> <DB= 1963.0147> <Mlp= 1963.5000> <PB=1000000> 
<DWph=1> <it= 51> <et=23.58> <Mt= 0.00> <Spt= 0.05> <nCl=  8> <al=0.00> <DB= 1963.4377> <Mlp= 1963.5000> <PB=1000000> 
<DWph=1> <it= 52> <et=23.64> <Mt= 0.01> <Spt= 0.05> <nCl=  2> <al=0.00> <DB= 1963.5000> <Mlp= 1963.5000> <PB=1000000> 
    RCSP exact solver info for graph G_0 : TT = 0.102951, pt = 0.000786, dt = 0.096241, ct = 0.005032, ndl = 16492', bdl = 633231', odl = 21371', odf = 393450', bsi = 1342', cnt = 167557', bdch = 6892824', odch = 1455070', lcp = 356806', #sols = 150
<DWph=0> <it= 53> <et=23.77> <Mt= 0.00> <Spt= 0.13> <nCl=103> <al=0.00> <DB= 1959.5756> <Mlp= 1963.5000> <PB=1000000> 
    RCSP exact solver info for graph G_0 : TT = 0.11413, pt = 0.001091, dt = 0.106484, ct = 0.005624, ndl = 17098', bdl = 662369', odl = 21948', odf = 403479', bsi = 1399', cnt = 156386', bdch = 7419321', odch = 1545790', lcp = 382464', #sols = 150
<DWph=0> <it= 54> <et=24.18> <Mt= 0.26> <Spt= 0.15> <nCl=150> <al=0.00> <DB= 1958.9595> <Mlp= 1963.5000> <PB=1000000> 
    RCSP exact solver info for graph G_0 : TT = 0.115457, pt = 0.000989, dt = 0.107709, ct = 0.00587, ndl = 17428', bdl = 671897', odl = 22426', odf = 424586', bsi = 1389', cnt = 171788', bdch = 7623955', odch = 1625432', lcp = 385710', #sols = 150
<DWph=0> <it= 55> <et=24.55> <Mt= 0.24> <Spt= 0.14> <nCl= 80> <al=0.00> <DB= 1961.4570> <Mlp= 1963.5000> <PB=1000000> 
    RCSP exact solver info for graph G_0 : TT = 0.110386, pt = 0.001006, dt = 0.103644, ct = 0.004672, ndl = 17375', bdl = 671242', odl = 22293', odf = 421377', bsi = 1401', cnt = 166170', bdch = 7581239', odch = 1559932', lcp = 378752', #sols = 150
<DWph=0> <it= 56> <et=24.69> <Mt= 0.01> <Spt= 0.12> <nCl= 40> <al=0.00> <DB= 1963.2026> <Mlp= 1963.5000> <PB=1000000> 
    RCSP exact solver info for graph G_0 : TT = 0.112807, pt = 0.000894, dt = 0.105969, ct = 0.005037, ndl = 17554', bdl = 677694', odl = 22397', odf = 423533', bsi = 1401', cnt = 166374', bdch = 7713113', odch = 1568621', lcp = 380419', #sols = 150
<DWph=0> <it= 57> <et=24.82> <Mt= 0.01> <Spt= 0.12> <nCl= 48> <al=0.00> <DB= 1963.4022> <Mlp= 1963.5000> <PB=1000000> 
    RCSP exact solver info for graph G_0 : TT = 0.10589, pt = 0.000859, dt = 0.099143, ct = 0.005004, ndl = 17107', bdl = 659998', odl = 22219', odf = 415443', bsi = 1371', cnt = 163959', bdch = 7391139', odch = 1529515', lcp = 374209', #sols = 150
<DWph=0> <it= 58> <et=24.94> <Mt= 0.00> <Spt= 0.12> <nCl= 27> <al=0.00> <DB= 1963.5000> <Mlp= 1963.5000> <PB=1000000> 
RCSP solver dynamic params and stats :  bidir.bord. = 375 aver.obdmd = 97.6774 aver.buck.num. = 101 nbR1C = 68 with avMem = 14.1765
@@ 1 9 1963.5 0.108405 0.113579 92.8226 24.94
    Full reduced cost fixing is not called (gap ratio is 0.999955)
ColGenEvalAlg final dual bound: 1963.5 (rounded: 1964)
False gap improvement since the last cut separation : 0.00435064 (1962.65)
Separator R1C not in maximum phase
Cut generation tailing off counter increased to 0
Current active cuts : CAP(23,1198.73) R1C(21+47,70.5015) 1rowPackR1C(21) 3rowPackR1C(47)
Shrinking heuristic shrunk 52 edges
In total 1 RCC cut(s) are found by the greedy construction heuristic 
15 Rank-1 3-rows pack. cuts added ,  max viol. = 0.5, aver. viol. = 0.5
Building structures for heuristic rank-1 packing cut separation...done!
40 Rank-1 4-rows pack. cuts added ,  max viol. = 0.5, aver. viol. = 0.5
100 Rank-1 5-rows pack. cuts added ,  max viol. = 0.5, aver. viol. = 0.5
----- Add fac. cuts : CAP(1) R1C(155), max.viol = 0.5, aver.viol = 0.5, sep/add took 0.111268/0.579823 sec. -----
11219 columns (7818 active), 418 dyn. constrs. (248 active), 1174 art. vars. (370 active)
<DWph=2> <it=  1> <et=25.80> <Mt= 0.08> <Spt= 0.03> <nCl= 11> <al=0.50> <DB= 1963.0787> <Mlp= 1964.0529> <PB=1000000> 
<DWph=2> <it=  2> <et=25.86> <Mt= 0.01> <Spt= 0.06> <nCl=  5> <al=0.10> <DB= 1958.0243> <Mlp= 1964.0521> <PB=1000000> 
<DWph=2> <it=  3> <et=25.92> <Mt= 0.00> <Spt= 0.05> <nCl=  7> <al=0.00> <DB= 1956.9658> <Mlp= 1964.0521> <PB=1000000> 
<DWph=2> <it=  4> <et=25.99> <Mt= 0.01> <Spt= 0.06> <nCl=  4> <al=0.00> <DB= 1964.0521> <Mlp= 1964.0521> <PB=1000000> 
<DWph=1> <it=  5> <et=26.04> <Mt= 0.00> <Spt= 0.05> <nCl= 12> <al=0.25> <DB= 1958.2219> <Mlp= 1964.0521> <PB=1000000> 
<DWph=1> <it=  6> <et=26.10> <Mt= 0.01> <Spt= 0.05> <nCl=  5> <al=0.33> <DB= 1962.4458> <Mlp= 1964.0521> <PB=1000000> 
<DWph=1> <it=  7> <et=26.14> <Mt= 0.00> <Spt= 0.04> <nCl=  1> <al=0.23> <DB= 1963.6247> <Mlp= 1964.0521> <PB=1000000> 
<DWph=1> <it=  8> <et=26.24> <Mt= 0.01> <Spt= 0.09> <nCl= 10> <al=0.00> <DB= 1963.9830> <Mlp= 1964.0511> <PB=1000000> 
<DWph=1> <it=  9> <et=26.29> <Mt= 0.00> <Spt= 0.05> <nCl=  4> <al=0.13> <DB= 1961.2292> <Mlp= 1964.0511> <PB=1000000> 
<DWph=1> <it= 10> <et=26.38> <Mt= 0.01> <Spt= 0.08> <nCl=  4> <al=0.00> <DB= 1964.0511> <Mlp= 1964.0511> <PB=1000000> 
    RCSP exact solver info for graph G_0 : TT = 0.117367, pt = 0.000694, dt = 0.108353, ct = 0.006714, ndl = 20219', bdl = 800877', odl = 24995', odf = 483906', bsi = 1404', cnt = 279062', bdch = 10317938', odch = 2109138', lcp = 532349', #sols = 150
<DWph=0> <it= 11> <et=26.53> <Mt= 0.00> <Spt= 0.15> <nCl=127> <al=0.00> <DB= 1917.3052> <Mlp= 1964.0511> <PB=1000000> 
    RCSP exact solver info for graph G_0 : TT = 0.120035, pt = 0.000805, dt = 0.111116, ct = 0.006802, ndl = 20039', bdl = 787055', odl = 24965', odf = 475577', bsi = 1334', cnt = 294516', bdch = 10051552', odch = 2091247', lcp = 532875', #sols = 150
<DWph=0> <it= 12> <et=26.70> <Mt= 0.02> <Spt= 0.15> <nCl= 95> <al=0.00> <DB= 1957.8919> <Mlp= 1964.0246> <PB=1000000> 
    RCSP exact solver info for graph G_0 : TT = 0.126977, pt = 0.000881, dt = 0.117854, ct = 0.006987, ndl = 20440', bdl = 793179', odl = 24587', odf = 484888', bsi = 1330', cnt = 288584', bdch = 10149616', odch = 2273859', lcp = 527843', #sols = 150
<DWph=0> <it= 13> <et=26.88> <Mt= 0.03> <Spt= 0.14> <nCl= 52> <al=0.03> <DB= 1961.4793> <Mlp= 1964.0237> <PB=1000000> 
    RCSP exact solver info for graph G_0 : TT = 0.130728, pt = 0.000977, dt = 0.121526, ct = 0.00703, ndl = 20335', bdl = 790067', odl = 24350', odf = 481118', bsi = 1326', cnt = 289578', bdch = 10026503', odch = 2261474', lcp = 523901', #sols = 150
<DWph=0> <it= 14> <et=27.03> <Mt= 0.01> <Spt= 0.14> <nCl=  8> <al=0.13> <DB= 1963.6948> <Mlp= 1964.0237> <PB=1000000> 
    RCSP exact solver info for graph G_0 : TT = 0.12552, pt = 0.000825, dt = 0.116838, ct = 0.006664, ndl = 20383', bdl = 790760', odl = 24507', odf = 484806', bsi = 1340', cnt = 291181', bdch = 10089698', odch = 2276518', lcp = 527838', #sols = 150
    RCSP exact solver info for graph G_0 : TT = 0.123279, pt = 0.000717, dt = 0.11413, ct = 0.006994, ndl = 19933', bdl = 775389', odl = 24321', odf = 475311', bsi = 1303', cnt = 275308', bdch = 9753284', odch = 2195862', lcp = 514062', #sols = 150
<DWph=0> <it= 15> <et=27.29> <Mt= 0.01> <Spt= 0.26> <nCl= 11> <al=0.00> <DB= 1964.0237> <Mlp= 1964.0237> <PB=1000000> 
RCSP solver dynamic params and stats :  bidir.bord. = 375 aver.obdmd = 97.6774 aver.buck.num. = 101 nbR1C = 59 with avMem = 13.9661
@@ 1 10 1964.02 0.121835 0.128556 92.8226 27.29
    Full reduced cost fixing is not called (gap ratio is 0.999955)
ColGenEvalAlg final dual bound: 1964.02 (rounded: 1965)
False gap improvement since the last cut separation : 0.00266717 (1963.5)
Cut generation tailing off counter increased to 1
Current active cuts : CAP(18,1042.93) R1C(20+39,85.9029) 1rowPackR1C(20) 3rowPackR1C(37) 4rowPackR1C(2)
Shrinking heuristic shrunk 27 edges
In total 2 RCC cut(s) are found by the Fractional capacity min-cut heuristic 
In total 6 RCC cut(s) are found by the global pool greedy search heuristic 
2 Rank-1 1-rows pack. cuts added ,  max viol. = 0.064915, aver. viol. = 0.0579598
150 Rank-1 3-rows pack. cuts added ,  max viol. = 0.155075, aver. viol. = 0.0781041
Building structures for heuristic rank-1 packing cut separation...done!
100 Rank-1 4-rows pack. cuts added ,  max viol. = 0.1051, aver. viol. = 0.0672437
100 Rank-1 5-rows pack. cuts added ,  max viol. = 0.114374, aver. viol. = 0.1044
----- Add fac. cuts : CAP(8) R1C(352), max.viol = 0.22102, aver.viol = 0.115384, sep/add took 0.318183/1.36859 sec. -----
11575 columns (8174 active), 625 dyn. constrs. (437 active), 1534 art. vars. (559 active)
Shrinking heuristic shrunk 56 edges
<DWph=2> <it=  1> <et=29.12> <Mt= 0.06> <Spt= 0.00> <nCl=  0> <al=0.50> <DB= 1964.0237> <Mlp= 1965.0000> <PB=1965> 
ColGenEvalAlg final dual bound: 1964.02 (rounded: 1965)
Gap improvement since the last cut separation : 1 (1964.02)
Current active cuts : CAP(19,1061.68) R1C(18+65,99.8712) 1rowPackR1C(18) 3rowPackR1C(49) 4rowPackR1C(7) 5rowPackR1C(9)
New model incumbent solution 1965, TIME = 0h0m29s18t = 2918
************************************************************************************************
Search is finished, global bounds : [ 1965 , 1965 ], TIME = 0h0m29s19t = 2919
************************************************************************************************
[32mBaPCod : solution defined.[00m
statistics_cols: instance & :Optimal & cutoff & :bcRecRootDb & :bcTimeRootEval & :bcCountNodeProc & :bcRecBestDb & :bcRecBestInc & :bcTimeMain \\
statistics: instance_29-triangle & 1 & 1.0e6 & 1965.00 & 29.18 & 1 & 1965.00 & 1965 & 29.19 \\
########################################################
Route #1: 2 15 18 59 49 52 29 35 13 39 25 1 30 46 7 
Route #2: 9 47 16 57 55 48 4 45 5 51 36 11 42 20 43 17 
Route #3: 24 58 6 50 31 19 38 34 21 26 53 33 3 28 32 
Route #4: 27 60 22 44 23 12 37 8 14 41 40 10 56 54 
Cost 1965
########################################################

end_time=2026-04-22 10:52:24
exit_code=0
